batch_id,gas_name,concentration_ppm,predicted_gas,predicted_ppm,absolute_error_ppm
7,Acetone,100.0,Acetone,94.93826081543551,5.0617391845644875
7,Acetone,10.0,Acetone,0.0,10.0
7,Acetaldehyde,100.0,Acetaldehyde,141.5254476389669,41.52544763896691
7,Acetaldehyde,10.0,Acetaldehyde,34.55579414285123,24.555794142851227
7,Acetone,200.0,Acetone,228.94736758555365,28.94736758555365
7,Acetone,20.0,Acetone,2.2878960399788753,17.712103960021125
7,Acetaldehyde,250.0,Acetaldehyde,401.2314538611033,151.23145386110332
7,Acetaldehyde,110.0,Acetaldehyde,99.8359207714925,10.164079228507504
7,Acetone,150.0,Acetone,197.09925448528477,47.099254485284774
7,Acetone,50.0,Acetone,34.8138402014566,15.1861597985434
7,Acetaldehyde,30.0,Acetaldehyde,45.84127282997596,15.841272829975964
7,Acetaldehyde,80.0,Acetaldehyde,80.89092595465914,0.8909259546591386
7,Acetone,180.0,Acetone,193.99310101127418,13.993101011274177
7,Acetone,80.0,Acetone,58.32568509742509,21.674314902574913
7,Acetaldehyde,20.0,Acetaldehyde,46.284478967542995,26.284478967542995
7,Acetaldehyde,70.0,Acetaldehyde,55.522038985666484,14.477961014333516
7,Acetone,250.0,Acetone,262.95792282218986,12.957922822189857
7,Acetone,210.0,Acetone,224.19483162672645,14.194831626726454
7,Acetaldehyde,150.0,Acetaldehyde,139.13082864335695,10.86917135664305
7,Acetaldehyde,50.0,Acetaldehyde,44.366944573380835,5.6330554266191655
7,Acetone,230.0,Acetone,215.81039058221467,14.189609417785334
7,Acetone,120.0,Acetone,112.09026275525446,7.909737244745543
7,Acetaldehyde,210.0,Acetaldehyde,112.8178852892443,97.1821147107557
7,Acetaldehyde,190.0,Acetaldehyde,175.65187492513013,14.34812507486987
7,Acetone,90.0,Acetone,73.54844272257239,16.45155727742761
7,Acetone,170.0,Acetone,158.60939973878007,11.39060026121993
7,Acetaldehyde,80.0,Acetaldehyde,45.60641228099901,34.39358771900099
7,Acetaldehyde,230.0,Acetaldehyde,211.4978480477327,18.502151952267297
7,Acetone,240.0,Acetone,219.3511096627207,20.648890337279312
7,Acetone,60.0,Acetone,32.54997025508909,27.450029744910907
7,Acetaldehyde,130.0,Acetaldehyde,130.48766979418212,0.48766979418212486
7,Acetaldehyde,90.0,Acetaldehyde,58.897611709123694,31.102388290876306
7,Acetone,190.0,Acetone,172.3380678306929,17.661932169307107
7,Acetone,30.0,Acetone,8.810794585620911,21.18920541437909
7,Acetaldehyde,160.0,Acetaldehyde,165.1638186068933,5.163818606893301
7,Acetaldehyde,240.0,Acetaldehyde,234.11334973420526,5.886650265794742
7,Acetone,220.0,Acetone,195.50874348364334,24.491256516356657
7,Acetone,110.0,Acetone,91.71518112345728,18.284818876542715
7,Acetaldehyde,220.0,Acetaldehyde,225.62628193986572,5.62628193986572
7,Acetaldehyde,60.0,Acetaldehyde,48.91874196100862,11.081258038991379
7,Acetone,130.0,Acetone,107.61003826643302,22.389961733566977
7,Acetone,40.0,Acetone,15.763850328113392,24.236149671886608
7,Acetaldehyde,200.0,Acetaldehyde,221.36302848590267,21.363028485902674
7,Acetaldehyde,85.0,Acetaldehyde,116.94696905073893,31.94696905073893
7,Acetone,70.0,Acetone,32.074364843346956,37.925635156653044
7,Acetaldehyde,210.0,Acetaldehyde,207.27554149924507,2.7244585007549347
7,Acetaldehyde,170.0,Acetaldehyde,149.69078798786845,20.309212012131553
7,Acetone,140.0,Acetone,133.83297081332955,6.167029186670447
7,Acetone,160.0,Acetone,145.64712020319251,14.352879796807485
7,Acetaldehyde,180.0,Acetaldehyde,175.35081934458205,4.6491806554179504
7,Acetone,100.0,Acetone,93.16663992292567,6.833360077074332
7,Acetone,10.0,Acetone,0.0,10.0
7,Acetaldehyde,10.0,Acetaldehyde,86.1196429642392,76.1196429642392
7,Acetone,200.0,Acetone,183.17797147954596,16.82202852045404
7,Acetone,20.0,Acetone,0.9976382916187987,19.0023617083812
7,Acetaldehyde,250.0,Acetaldehyde,224.2697127545565,25.730287245443492
7,Acetaldehyde,110.0,Acetaldehyde,73.29798980381386,36.70201019618614
7,Acetone,150.0,Acetone,139.72215589847693,10.277844101523073
7,Acetone,50.0,Acetone,23.3421189915002,26.6578810084998
7,Acetaldehyde,30.0,Acetaldehyde,38.65505663322439,8.65505663322439
7,Acetaldehyde,110.0,Acetaldehyde,58.907230875774424,51.092769124225576
7,Acetone,180.0,Acetone,170.53288041684414,9.467119583155863
7,Acetone,80.0,Acetone,46.933337072166495,33.066662927833505
7,Acetaldehyde,20.0,Acetaldehyde,27.503179785363542,7.5031797853635425
7,Acetaldehyde,70.0,Acetaldehyde,54.15262738047702,15.847372619522979
7,Acetone,250.0,Acetone,220.27887260504275,29.72112739495725
7,Acetone,210.0,Acetone,185.63612243590433,24.363877564095674
7,Acetaldehyde,150.0,Acetaldehyde,132.29779333592623,17.70220666407377
7,Acetaldehyde,50.0,Acetaldehyde,46.03991739685023,3.960082603149772
7,Acetone,230.0,Acetone,207.8301570981775,22.169842901822506
7,Acetone,120.0,Acetone,105.27200572519229,14.727994274807713
7,Acetaldehyde,120.0,Acetaldehyde,100.9322809658958,19.0677190341042
7,Acetaldehyde,180.0,Acetaldehyde,162.5374692381411,17.462530761858886
7,Acetone,90.0,Acetone,66.31525818187669,23.684741818123314
7,Acetone,170.0,Acetone,154.50036669366006,15.499633306339945
7,Acetaldehyde,40.0,Acetaldehyde,45.18376986716885,5.183769867168849
7,Acetaldehyde,230.0,Acetaldehyde,192.02786377995764,37.97213622004236
7,Acetone,240.0,Acetone,213.36593977263806,26.634060227361942
7,Acetone,60.0,Acetone,33.635625416130694,26.364374583869306
7,Acetaldehyde,10.0,Acetaldehyde,111.28204899901463,101.28204899901463
7,Acetaldehyde,90.0,Acetaldehyde,64.22284779871984,25.77715220128016
7,Acetone,190.0,Acetone,176.43350891980083,13.566491080199171
7,Acetone,30.0,Acetone,17.50154622518346,12.49845377481654
7,Acetaldehyde,160.0,Acetaldehyde,146.96058898525487,13.039411014745127
7,Acetaldehyde,70.0,Acetaldehyde,208.30738057970638,138.30738057970638
7,Acetone,220.0,Acetone,196.42309505282932,23.576904947170675
7,Acetone,110.0,Acetone,98.16858985404261,11.831410145957392
7,Acetaldehyde,220.0,Acetaldehyde,208.55759362731627,11.442406372683735
7,Acetaldehyde,60.0,Acetaldehyde,50.269657112277194,9.730342887722806
7,Acetone,130.0,Acetone,121.40056079372147,8.599439206278532
7,Acetone,40.0,Acetone,19.420153736142737,20.579846263857263
7,Acetaldehyde,200.0,Acetaldehyde,186.10787172216885,13.892128277831148
7,Acetaldehyde,140.0,Acetaldehyde,114.94985033386916,25.050149666130835
7,Acetone,70.0,Acetone,31.175729491259148,38.82427050874085
7,Acetaldehyde,210.0,Acetaldehyde,190.5198009138338,19.48019908616621
7,Acetaldehyde,170.0,Acetaldehyde,141.91453470031297,28.08546529968703
7,Acetone,140.0,Acetone,129.42498296644186,10.57501703355814
7,Acetone,160.0,Acetone,136.9186046623905,23.081395337609507
7,Acetaldehyde,180.0,Acetaldehyde,162.91214378505637,17.087856214943628
7,Acetone,100.0,Acetone,90.50972540108695,9.490274598913047
7,Acetone,10.0,Acetone,4.6626189706158385,5.3373810293841615
7,Acetaldehyde,100.0,Acetaldehyde,79.29890936627507,20.70109063372493
7,Acetone,200.0,Acetone,179.88669248727226,20.113307512727744
7,Acetone,20.0,Acetone,9.416824773220057,10.583175226779943
7,Acetaldehyde,250.0,Acetaldehyde,210.2730331745604,39.726966825439604
7,Acetaldehyde,110.0,Acetaldehyde,66.52273337703778,43.47726662296222
7,Acetone,150.0,Acetone,135.67826985172633,14.321730148273673
7,Acetone,50.0,Acetone,29.01277836272115,20.98722163727885
7,Acetaldehyde,30.0,Acetaldehyde,35.584247126336706,5.584247126336706
7,Acetaldehyde,80.0,Acetaldehyde,56.2210267777174,23.778973222282602
7,Acetone,180.0,Acetone,162.62002807609787,17.379971923902133
7,Acetone,80.0,Acetone,68.95127156590266,11.048728434097342
7,Acetaldehyde,20.0,Acetaldehyde,27.61921008166148,7.619210081661478
7,Acetaldehyde,70.0,Acetaldehyde,49.014540681048246,20.985459318951754
7,Acetone,250.0,Acetone,255.0619752175111,5.061975217511105
7,Acetone,210.0,Acetone,219.28023049494684,9.280230494946835
7,Acetaldehyde,150.0,Acetaldehyde,150.03441641839723,0.0344164183972282
7,Acetaldehyde,50.0,Acetaldehyde,40.69735962950641,9.302640370493592
7,Acetone,230.0,Acetone,238.24485558175243,8.244855581752432
7,Acetone,120.0,Acetone,113.69815960654853,6.301840393451471
7,Acetaldehyde,120.0,Acetaldehyde,95.40710048851673,24.592899511483267
7,Acetaldehyde,190.0,Acetaldehyde,161.3264989335931,28.673501066406914
7,Acetone,90.0,Acetone,69.17806755904573,20.82193244095427
7,Acetone,170.0,Acetone,159.3431831910931,10.65681680890691
7,Acetaldehyde,50.0,Acetaldehyde,42.722113475110774,7.277886524889226
7,Acetaldehyde,40.0,Acetaldehyde,195.0403313052479,155.0403313052479
7,Acetone,240.0,Acetone,217.87747743635487,22.122522563645134
7,Acetone,60.0,Acetone,32.3007390193999,27.6992609806001
7,Acetaldehyde,130.0,Acetaldehyde,105.47951837748988,24.52048162251012
7,Acetaldehyde,90.0,Acetaldehyde,54.08780404366073,35.91219595633927
7,Acetone,190.0,Acetone,176.55407313471414,13.445926865285855
7,Acetone,30.0,Acetone,20.268870936748385,9.731129063251615
7,Acetaldehyde,160.0,Acetaldehyde,142.5402326908621,17.459767309137902
7,Acetaldehyde,240.0,Acetaldehyde,204.1269920286465,35.8730079713535
7,Acetone,220.0,Acetone,199.88876134940233,20.11123865059767
7,Acetone,110.0,Acetone,98.50983466743833,11.490165332561673
7,Acetaldehyde,220.0,Acetaldehyde,206.21997012692492,13.78002987307508
7,Acetaldehyde,60.0,Acetaldehyde,53.776772102896444,6.2232278971035555
7,Acetone,130.0,Acetone,124.28394416650849,5.7160558334915095
7,Acetone,40.0,Acetone,23.18627019936889,16.81372980063111
7,Acetaldehyde,200.0,Acetaldehyde,186.51684694305538,13.483153056944616
7,Acetaldehyde,140.0,Acetaldehyde,111.33505000445733,28.66494999554267
7,Acetone,70.0,Acetone,35.051559216207025,34.948440783792975
7,Acetaldehyde,210.0,Acetaldehyde,189.5858711082686,20.414128891731394
7,Acetaldehyde,170.0,Acetaldehyde,142.6643877188512,27.335612281148798
7,Acetone,140.0,Acetone,129.99030540879872,10.009694591201281
7,Acetone,160.0,Acetone,139.91199745054203,20.08800254945797
7,Acetaldehyde,100.0,Acetaldehyde,158.82562720385025,58.825627203850246
7,Acetone,100.0,Acetone,93.64337812649418,6.356621873505816
7,Acetone,10.0,Acetone,10.567330381244318,0.567330381244318
7,Acetaldehyde,100.0,Acetaldehyde,64.15918877495352,35.84081122504648
7,Acetone,200.0,Acetone,208.76096050976224,8.760960509762242
7,Acetone,20.0,Acetone,15.263185637909928,4.7368143620900724
7,Acetaldehyde,250.0,Acetaldehyde,220.5356236234339,29.464376376566094
7,Acetaldehyde,110.0,Acetaldehyde,66.90603252034202,43.09396747965798
7,Acetone,150.0,Acetone,172.7802571254232,22.78025712542319
7,Acetone,50.0,Acetone,38.30903002921664,11.690969970783357
7,Acetaldehyde,55.0,Acetaldehyde,42.83931436749363,12.160685632506372
7,Acetaldehyde,80.0,Acetaldehyde,57.898734551666024,22.101265448333976
7,Acetone,180.0,Acetone,198.19950102602866,18.199501026028656
7,Acetone,80.0,Acetone,64.2714617779859,15.728538222014095
7,Acetaldehyde,20.0,Acetaldehyde,24.658650648035945,4.658650648035945
7,Acetaldehyde,70.0,Acetaldehyde,55.92389646889678,14.076103531103222
7,Acetone,250.0,Acetone,255.06020259526014,5.060202595260137
7,Acetone,210.0,Acetone,215.7663906344411,5.766390634441109
7,Acetaldehyde,150.0,Acetaldehyde,148.02069674791247,1.9793032520875329
7,Acetaldehyde,50.0,Acetaldehyde,47.81720654011471,2.182793459885289
7,Acetone,230.0,Acetone,235.84261473885806,5.84261473885806
7,Acetone,120.0,Acetone,141.6003251412808,21.60032514128079
7,Acetaldehyde,120.0,Acetaldehyde,95.58061616905655,24.419383830943445
7,Acetaldehyde,190.0,Acetaldehyde,163.60091432807067,26.399085671929328
7,Acetone,90.0,Acetone,73.96492040827175,16.03507959172825
7,Acetone,170.0,Acetone,192.704127250525,22.704127250525005
7,Acetaldehyde,40.0,Acetaldehyde,63.218507642937034,23.218507642937034
7,Acetaldehyde,230.0,Acetaldehyde,194.5962941554434,35.40370584455661
7,Acetone,240.0,Acetone,220.92710472277685,19.072895277223154
7,Acetone,60.0,Acetone,35.19906322476186,24.800936775238142
7,Acetaldehyde,130.0,Acetaldehyde,109.16511925740238,20.83488074259762
7,Acetaldehyde,10.0,Acetaldehyde,59.53846775437481,49.53846775437481
7,Acetone,190.0,Acetone,178.6272340533759,11.3727659466241
7,Acetone,30.0,Acetone,27.89773963619089,2.1022603638091084
7,Acetaldehyde,160.0,Acetaldehyde,139.79554513735383,20.204454862646173
7,Acetaldehyde,170.0,Acetaldehyde,201.65892690049932,31.658926900499324
7,Acetone,220.0,Acetone,198.35571586135188,21.644284138648118
7,Acetone,110.0,Acetone,97.03570529339729,12.964294706602715
7,Acetaldehyde,220.0,Acetaldehyde,203.8307240898159,16.169275910184098
7,Acetaldehyde,60.0,Acetaldehyde,49.29665307677082,10.703346923229176
7,Acetone,130.0,Acetone,112.31296144739314,17.687038552606865
7,Acetone,40.0,Acetone,33.15323683546434,6.846763164535659
7,Acetaldehyde,30.0,Acetaldehyde,173.5291815921945,143.5291815921945
7,Acetaldehyde,140.0,Acetaldehyde,110.97271306116951,29.027286938830485
7,Acetone,70.0,Acetone,44.14704583574962,25.852954164250377
7,Acetaldehyde,210.0,Acetaldehyde,202.11919584958554,7.880804150414463
7,Acetaldehyde,170.0,Acetaldehyde,141.32011450738372,28.67988549261628
7,Acetone,140.0,Acetone,134.65185127958208,5.3481487204179246
7,Acetone,160.0,Acetone,144.04961986567136,15.95038013432864
7,Acetaldehyde,180.0,Acetaldehyde,162.99091910206465,17.00908089793535
7,Acetone,100.0,Acetone,93.78316881599235,6.216831184007646
7,Acetone,10.0,Acetone,7.282289172610561,2.717710827389439
7,Acetaldehyde,100.0,Acetaldehyde,70.84667573268152,29.15332426731848
7,Acetone,200.0,Acetone,214.25716891722897,14.257168917228967
7,Acetone,20.0,Acetone,20.427237208192707,0.4272372081927074
7,Acetaldehyde,250.0,Acetaldehyde,228.5223263599675,21.477673640032492
7,Acetaldehyde,110.0,Acetaldehyde,65.97867988031982,44.02132011968018
7,Acetone,150.0,Acetone,169.91594201275626,19.91594201275626
7,Acetone,50.0,Acetone,36.1562393745842,13.843760625415797
7,Acetaldehyde,30.0,Acetaldehyde,39.72567242600677,9.725672426006767
7,Acetaldehyde,80.0,Acetaldehyde,53.55740866950232,26.442591330497677
7,Acetone,180.0,Acetone,192.91074372133312,12.91074372133312
7,Acetone,80.0,Acetone,64.06599950482916,15.934000495170835
7,Acetaldehyde,70.0,Acetaldehyde,51.19897192434041,18.801028075659588
7,Acetone,250.0,Acetone,255.3400633404261,5.340063340426099
7,Acetone,210.0,Acetone,213.13142601870322,3.1314260187032232
7,Acetaldehyde,150.0,Acetaldehyde,140.74764899618967,9.252351003810332
7,Acetaldehyde,50.0,Acetaldehyde,47.554399135622134,2.445600864377866
7,Acetone,230.0,Acetone,231.16035231417902,1.160352314179022
7,Acetone,120.0,Acetone,142.96753204325373,22.967532043253726
7,Acetaldehyde,120.0,Acetaldehyde,93.51436299401965,26.48563700598035
7,Acetaldehyde,190.0,Acetaldehyde,166.09988078694954,23.90011921305046
7,Acetone,90.0,Acetone,78.96911611357413,11.030883886425869
7,Acetone,170.0,Acetone,191.4099040912093,21.409904091209313
7,Acetaldehyde,40.0,Acetaldehyde,48.6861734593726,8.686173459372597
7,Acetaldehyde,230.0,Acetaldehyde,199.86589775133385,30.134102248666153
7,Acetone,240.0,Acetone,248.14809989966895,8.14809989966895
7,Acetone,60.0,Acetone,47.30412976757829,12.695870232421711
7,Acetaldehyde,130.0,Acetaldehyde,110.42637837157322,19.57362162842678
7,Acetaldehyde,90.0,Acetaldehyde,67.59862016288133,22.401379837118668
7,Acetone,190.0,Acetone,202.716385044998,12.716385044997992
7,Acetone,30.0,Acetone,32.33659758193967,2.336597581939671
7,Acetaldehyde,160.0,Acetaldehyde,167.69375867264387,7.693758672643867
7,Acetaldehyde,240.0,Acetaldehyde,218.89511791013143,21.104882089868568
7,Acetone,220.0,Acetone,230.93118556247413,10.931185562474127
7,Acetone,110.0,Acetone,119.32118768963852,9.32118768963852
7,Acetaldehyde,220.0,Acetaldehyde,210.22486621217558,9.775133787824416
7,Acetaldehyde,60.0,Acetaldehyde,46.98853702042322,13.011462979576777
7,Acetone,130.0,Acetone,151.30723870269742,21.30723870269742
7,Acetone,40.0,Acetone,35.48308981770904,4.516910182290957
7,Acetaldehyde,200.0,Acetaldehyde,190.27631415175523,9.72368584824477
7,Acetaldehyde,140.0,Acetaldehyde,114.92664185539499,25.07335814460501
7,Acetone,70.0,Acetone,54.69411120246718,15.305888797532823
7,Acetaldehyde,210.0,Acetaldehyde,210.69421597609903,0.6942159760990307
7,Acetaldehyde,170.0,Acetaldehyde,156.0746407256134,13.925359274386608
7,Acetone,140.0,Acetone,169.7446471702017,29.744647170201688
7,Acetone,160.0,Acetone,184.8483111558824,24.848311155882413
7,Acetaldehyde,180.0,Acetaldehyde,179.43091168271283,0.5690883172871679
7,Acetone,100.0,Acetone,97.18428904616218,2.815710953837822
7,Acetone,10.0,Acetone,22.350029175911146,12.350029175911146
7,Acetaldehyde,100.0,Acetaldehyde,71.30230120085872,28.69769879914128
7,Acetone,200.0,Acetone,216.0114791976676,16.011479197667597
7,Acetone,20.0,Acetone,18.717525411429875,1.2824745885701248
7,Acetaldehyde,250.0,Acetaldehyde,223.66097928825377,26.33902071174623
7,Acetaldehyde,110.0,Acetaldehyde,123.95115740708881,13.951157407088814
7,Acetone,150.0,Acetone,190.43991645549966,40.439916455499656
7,Acetone,50.0,Acetone,38.73631505448583,11.263684945514171
7,Acetaldehyde,30.0,Acetaldehyde,41.56067390811437,11.560673908114367
7,Acetaldehyde,80.0,Acetaldehyde,48.35265833043513,31.647341669564867
7,Acetone,180.0,Acetone,196.2813408075437,16.2813408075437
7,Acetone,80.0,Acetone,67.5075785213745,12.492421478625502
7,Acetaldehyde,70.0,Acetaldehyde,48.495232925565446,21.504767074434554
7,Acetone,250.0,Acetone,253.1928002036452,3.1928002036451915
7,Acetone,210.0,Acetone,227.98999076351248,17.98999076351248
7,Acetaldehyde,150.0,Acetaldehyde,146.92364756258547,3.0763524374145277
7,Acetaldehyde,50.0,Acetaldehyde,43.07000213732003,6.9299978626799685
7,Acetone,230.0,Acetone,232.50121007599745,2.5012100759974487
7,Acetone,120.0,Acetone,136.7377762962863,16.737776296286313
7,Acetaldehyde,120.0,Acetaldehyde,104.94156848458513,15.058431515414867
7,Acetaldehyde,190.0,Acetaldehyde,195.7488399268958,5.748839926895812
7,Acetone,90.0,Acetone,80.11192599114511,9.888074008854886
7,Acetone,170.0,Acetone,170.71082402664314,0.710824026643138
7,Acetaldehyde,10.0,Acetaldehyde,46.01946079836692,36.01946079836692
7,Acetaldehyde,230.0,Acetaldehyde,197.66980652826572,32.330193471734276
7,Acetone,240.0,Acetone,229.2284013338529,10.7715986661471
7,Acetone,60.0,Acetone,41.44391921654753,18.556080783452472
7,Acetaldehyde,130.0,Acetaldehyde,112.60946697682748,17.390533023172523
7,Acetaldehyde,90.0,Acetaldehyde,61.683179450113414,28.316820549886586
7,Acetone,190.0,Acetone,187.91476428751554,2.0852357124844616
7,Acetone,30.0,Acetone,20.93656296547401,9.06343703452599
7,Acetaldehyde,160.0,Acetaldehyde,142.1382787231402,17.86172127685981
7,Acetaldehyde,240.0,Acetaldehyde,209.28316153213964,30.716838467860356
7,Acetone,220.0,Acetone,219.10288175056183,0.8971182494381651
7,Acetone,110.0,Acetone,109.99828243947469,0.001717560525307249
7,Acetaldehyde,220.0,Acetaldehyde,205.4295639990524,14.570436000947609
7,Acetaldehyde,60.0,Acetaldehyde,53.916306591994015,6.083693408005985
7,Acetone,130.0,Acetone,133.88595641355585,3.8859564135558458
7,Acetone,40.0,Acetone,33.24327035557363,6.756729644426372
7,Acetaldehyde,200.0,Acetaldehyde,187.19150936725185,12.808490632748146
7,Acetaldehyde,140.0,Acetaldehyde,111.21745595302552,28.78254404697448
7,Acetone,70.0,Acetone,40.489328770823036,29.510671229176964
7,Acetaldehyde,210.0,Acetaldehyde,191.1661222972062,18.833877702793814
7,Acetaldehyde,170.0,Acetaldehyde,135.95684369372532,34.04315630627468
7,Acetone,140.0,Acetone,141.34038557732487,1.3403855773248665
7,Acetone,160.0,Acetone,161.75873248600132,1.7587324860013211
7,Acetaldehyde,180.0,Acetaldehyde,161.68188520879468,18.318114791205318
7,Acetone,100.0,Acetone,84.8079372240118,15.192062775988205
7,Acetone,10.0,Acetone,7.534701215891289,2.465298784108711
7,Acetaldehyde,100.0,Acetaldehyde,82.04576584116145,17.954234158838545
7,Acetone,200.0,Acetone,197.90834096740346,2.0916590325965387
7,Acetone,20.0,Acetone,11.633544483924666,8.366455516075334
7,Acetaldehyde,250.0,Acetaldehyde,211.0640616816297,38.93593831837029
7,Acetaldehyde,110.0,Acetaldehyde,68.6249561606848,41.3750438393152
7,Acetone,150.0,Acetone,146.40560759463938,3.5943924053606224
7,Acetone,50.0,Acetone,27.541689463405135,22.458310536594865
7,Acetaldehyde,30.0,Acetaldehyde,34.01280935875708,4.012809358757082
7,Acetaldehyde,80.0,Acetaldehyde,54.50874993355399,25.491250066446007
7,Acetone,180.0,Acetone,170.92843332872064,9.071566671279356
7,Acetone,80.0,Acetone,51.246082947508086,28.753917052491914
7,Acetaldehyde,70.0,Acetaldehyde,55.01403661428311,14.985963385716893
7,Acetone,250.0,Acetone,224.0912978554669,25.908702144533095
7,Acetone,210.0,Acetone,185.33004464018396,24.669955359816043
7,Acetaldehyde,150.0,Acetaldehyde,117.82403768406981,32.17596231593019
7,Acetaldehyde,50.0,Acetaldehyde,45.51131528672717,4.488684713272832
7,Acetone,230.0,Acetone,208.12083371592308,21.879166284076916
7,Acetone,120.0,Acetone,110.83988531807468,9.160114681925322
7,Acetaldehyde,120.0,Acetaldehyde,94.34715238747509,25.65284761252491
7,Acetaldehyde,190.0,Acetaldehyde,166.6404165928056,23.359583407194407
7,Acetone,90.0,Acetone,68.25661783846205,21.74338216153795
7,Acetone,170.0,Acetone,158.43073531781124,11.56926468218876
7,Acetaldehyde,40.0,Acetaldehyde,45.663640857720296,5.663640857720296
7,Acetaldehyde,230.0,Acetaldehyde,215.87305992611599,14.126940073884015
7,Acetone,240.0,Acetone,215.6577557882041,24.3422442117959
7,Acetone,60.0,Acetone,31.819613342066447,28.180386657933553
7,Acetaldehyde,130.0,Acetaldehyde,105.96813407502971,24.03186592497029
7,Acetaldehyde,90.0,Acetaldehyde,55.13018037431268,34.86981962568732
7,Acetone,190.0,Acetone,182.3536719699644,7.6463280300355905
7,Acetone,30.0,Acetone,13.801502628527132,16.198497371472868
7,Acetaldehyde,160.0,Acetaldehyde,141.2790462161158,18.720953783884198
7,Acetaldehyde,240.0,Acetaldehyde,203.65815316795732,36.34184683204268
7,Acetone,220.0,Acetone,199.29816397802034,20.70183602197966
7,Acetone,110.0,Acetone,98.41697839048385,11.583021609516152
7,Acetaldehyde,220.0,Acetaldehyde,197.60292001536806,22.397079984631944
7,Acetaldehyde,60.0,Acetaldehyde,45.59164537001756,14.40835462998244
7,Acetone,130.0,Acetone,121.20275377147779,8.797246228522212
7,Acetone,40.0,Acetone,18.33651747245348,21.66348252754652
7,Acetaldehyde,200.0,Acetaldehyde,176.2024472557815,23.797552744218507
7,Acetaldehyde,140.0,Acetaldehyde,111.64767175761071,28.35232824238929
7,Acetone,70.0,Acetone,35.872121848542136,34.127878151457864
7,Acetaldehyde,210.0,Acetaldehyde,179.91054776130272,30.089452238697277
7,Acetaldehyde,170.0,Acetaldehyde,131.15191138279954,38.84808861720046
7,Acetone,140.0,Acetone,132.87138578861396,7.1286142113860365
7,Acetone,160.0,Acetone,148.97074703442843,11.029252965571573
7,Acetaldehyde,180.0,Acetaldehyde,154.49945691910705,25.500543080892953
7,Acetone,100.0,Acetone,102.24315523807235,2.2431552380723474
7,Acetone,10.0,Acetone,2.116817753265451,7.883182246734549
7,Acetaldehyde,100.0,Acetaldehyde,67.97958846968928,32.020411530310724
7,Acetone,200.0,Acetone,199.79671189955178,0.2032881004482192
7,Acetone,20.0,Acetone,7.42021134625891,12.57978865374109
7,Acetaldehyde,250.0,Acetaldehyde,208.39955822236527,41.60044177763473
7,Acetaldehyde,110.0,Acetaldehyde,68.78074289944963,41.219257100550365
7,Acetone,150.0,Acetone,156.1064781795845,6.1064781795845136
7,Acetone,50.0,Acetone,26.037442119015665,23.962557880984335
7,Acetaldehyde,30.0,Acetaldehyde,37.65206235033864,7.652062350338639
7,Acetaldehyde,80.0,Acetaldehyde,61.76818063866915,18.23181936133085
7,Acetone,180.0,Acetone,181.50692231928755,1.506922319287554
7,Acetone,80.0,Acetone,58.99207454955459,21.007925450445413
7,Acetaldehyde,280.0,Acetaldehyde,57.62751295363844,222.37248704636156
7,Acetone,250.0,Acetone,232.96329903561121,17.036700964388785
7,Acetone,210.0,Acetone,202.7471303032945,7.252869696705488
7,Acetaldehyde,150.0,Acetaldehyde,121.98646789262858,28.013532107371418
7,Acetaldehyde,50.0,Acetaldehyde,45.280108059613326,4.719891940386674
7,Acetone,230.0,Acetone,222.8936147398337,7.106385260166292
7,Acetone,120.0,Acetone,121.34396805363764,1.3439680536376386
7,Acetaldehyde,120.0,Acetaldehyde,94.10073273681107,25.899267263188932
7,Acetaldehyde,190.0,Acetaldehyde,148.21985689914555,41.780143100854445
7,Acetone,90.0,Acetone,85.75834939470619,4.241650605293813
7,Acetone,170.0,Acetone,166.16592647145,3.834073528549993
7,Acetaldehyde,40.0,Acetaldehyde,43.1860701206686,3.186070120668603
7,Acetaldehyde,230.0,Acetaldehyde,178.94553568024975,51.05446431975025
7,Acetone,240.0,Acetone,223.79143309834353,16.208566901656468
7,Acetone,60.0,Acetone,39.268365701563425,20.731634298436575
7,Acetaldehyde,130.0,Acetaldehyde,105.89376838498747,24.106231615012533
7,Acetaldehyde,90.0,Acetaldehyde,58.40826616571842,31.591733834281577
7,Acetone,190.0,Acetone,189.1552845083933,0.8447154916067063
7,Acetone,30.0,Acetone,21.297573490463265,8.702426509536735
7,Acetaldehyde,160.0,Acetaldehyde,130.38593612869278,29.614063871307224
7,Acetaldehyde,240.0,Acetaldehyde,194.07097583322866,45.92902416677134
7,Acetone,220.0,Acetone,212.96844642112842,7.031553578871581
7,Acetone,110.0,Acetone,118.10936818475578,8.10936818475578
7,Acetaldehyde,220.0,Acetaldehyde,211.26480688851558,8.73519311148442
7,Acetaldehyde,60.0,Acetaldehyde,56.03233446909312,3.967665530906878
7,Acetone,130.0,Acetone,142.77505809359192,12.775058093591923
7,Acetone,40.0,Acetone,51.83672369799419,11.836723697994188
7,Acetaldehyde,200.0,Acetaldehyde,206.27204569172835,6.272045691728351
7,Acetaldehyde,140.0,Acetaldehyde,115.79529277473259,24.204707225267413
7,Acetone,70.0,Acetone,50.52087764787327,19.47912235212673
7,Acetaldehyde,210.0,Acetaldehyde,193.3361422164773,16.6638577835227
7,Acetaldehyde,170.0,Acetaldehyde,142.97750750596705,27.022492494032946
7,Acetone,140.0,Acetone,163.47925282401485,23.47925282401485
7,Acetone,160.0,Acetone,181.89564825887174,21.895648258871745
7,Acetaldehyde,180.0,Acetaldehyde,166.96219751543967,13.03780248456033
7,Acetone,100.0,Acetone,100.1191360431915,0.11913604319150295
7,Acetone,10.0,Acetone,0.09233484807646164,9.907665151923538
7,Acetaldehyde,100.0,Acetaldehyde,67.31035015927912,32.689649840720875
7,Acetone,200.0,Acetone,209.9702763574694,9.970276357469402
7,Acetone,20.0,Acetone,10.09292416567476,9.90707583432524
7,Acetaldehyde,250.0,Acetaldehyde,213.90590472847845,36.09409527152155
7,Acetaldehyde,110.0,Acetaldehyde,67.01389129662704,42.98610870337296
7,Acetone,150.0,Acetone,172.3912622714182,22.391262271418213
7,Acetone,50.0,Acetone,34.15193974820443,15.848060251795573
7,Acetaldehyde,30.0,Acetaldehyde,41.36319827706366,11.36319827706366
7,Acetaldehyde,80.0,Acetaldehyde,52.34436284867505,27.655637151324953
7,Acetone,180.0,Acetone,178.0923710389227,1.9076289610773074
7,Acetone,80.0,Acetone,55.820188176795604,24.179811823204396
7,Acetaldehyde,70.0,Acetaldehyde,31.954324449695463,38.04567555030454
7,Acetone,250.0,Acetone,236.71416305428085,13.285836945719154
7,Acetone,210.0,Acetone,202.66054221449178,7.339457785508216
7,Acetaldehyde,50.0,Acetaldehyde,62.698497604866475,12.698497604866475
7,Acetone,230.0,Acetone,226.37170872895345,3.6282912710465496
7,Acetone,120.0,Acetone,127.92147337034099,7.9214733703409905
7,Acetaldehyde,120.0,Acetaldehyde,92.4865632427104,27.513436757289597
7,Acetaldehyde,190.0,Acetaldehyde,149.03030905255042,40.96969094744958
7,Acetone,90.0,Acetone,79.20914715654857,10.790852843451432
7,Acetone,170.0,Acetone,180.41561222646743,10.415612226467431
7,Acetaldehyde,40.0,Acetaldehyde,46.106211197397926,6.106211197397926
7,Acetaldehyde,230.0,Acetaldehyde,181.51442228714862,48.48557771285138
7,Acetone,240.0,Acetone,236.21321016062979,3.786789839370215
7,Acetaldehyde,130.0,Acetaldehyde,92.92335262500342,37.07664737499658
7,Acetaldehyde,90.0,Acetaldehyde,66.82815580704266,23.171844192957337
7,Acetone,190.0,Acetone,179.4475259297535,10.55247407024649
7,Acetone,30.0,Acetone,20.374113477375758,9.625886522624242
7,Acetaldehyde,160.0,Acetaldehyde,136.53137546455292,23.468624535447077
7,Acetaldehyde,240.0,Acetaldehyde,198.16433502658737,41.835664973412634
7,Acetone,220.0,Acetone,216.44637850527667,3.5536214947233304
7,Acetone,110.0,Acetone,105.88080011931234,4.11919988068766
7,Acetaldehyde,220.0,Acetaldehyde,189.3063220521765,30.69367794782349
7,Acetaldehyde,60.0,Acetaldehyde,52.02658337576985,7.973416624230147
7,Acetone,130.0,Acetone,128.06895808676174,1.9310419132382606
7,Acetone,40.0,Acetone,23.940177992552222,16.059822007447778
7,Acetaldehyde,200.0,Acetaldehyde,168.64592865657193,31.354071343428075
7,Acetaldehyde,140.0,Acetaldehyde,109.57512305224016,30.42487694775984
7,Acetone,70.0,Acetone,55.72352551085926,14.276474489140739
7,Acetaldehyde,210.0,Acetaldehyde,195.94276225513005,14.057237744869951
7,Acetaldehyde,170.0,Acetaldehyde,148.20432384628293,21.795676153717068
7,Acetone,140.0,Acetone,170.3296656996987,30.329665699698694
7,Acetone,160.0,Acetone,182.7380963758152,22.73809637581519
7,Acetaldehyde,180.0,Acetaldehyde,166.0473287054145,13.952671294585514
7,Acetone,100.0,Acetone,102.41515402007524,2.415154020075235
7,Acetone,10.0,Acetone,10.59304783978179,0.5930478397817893
7,Acetaldehyde,100.0,Acetaldehyde,72.06250248646796,27.937497513532037
7,Acetone,200.0,Acetone,213.1154333830097,13.115433383009702
7,Acetone,20.0,Acetone,17.130391812514716,2.8696081874852837
7,Acetaldehyde,250.0,Acetaldehyde,212.27997228047826,37.72002771952174
7,Acetaldehyde,110.0,Acetaldehyde,73.48468546272508,36.51531453727492
7,Acetone,150.0,Acetone,193.47838829583873,43.47838829583873
7,Acetone,50.0,Acetone,37.245910913878234,12.754089086121766
7,Acetaldehyde,30.0,Acetaldehyde,37.50612045301435,7.506120453014347
7,Acetaldehyde,80.0,Acetaldehyde,60.03807374465217,19.961926255347826
7,Acetone,180.0,Acetone,196.49375770802607,16.493757708026067
7,Acetone,80.0,Acetone,67.95041174543763,12.049588254562366
7,Acetaldehyde,70.0,Acetaldehyde,63.80519870020418,6.19480129979582
7,Acetone,250.0,Acetone,255.42014613937985,5.4201461393798525
7,Acetone,210.0,Acetone,225.13955116463427,15.13955116463427
7,Acetaldehyde,150.0,Acetaldehyde,135.07511901690356,14.924880983096443
7,Acetaldehyde,50.0,Acetaldehyde,48.48243188870261,1.5175681112973933
7,Acetone,230.0,Acetone,239.1596089027649,9.159608902764887
7,Acetone,120.0,Acetone,141.78426315093728,21.784263150937278
7,Acetaldehyde,120.0,Acetaldehyde,102.65572181243769,17.34427818756231
7,Acetaldehyde,190.0,Acetaldehyde,153.5992773043112,36.40072269568881
7,Acetone,90.0,Acetone,74.74367494848406,15.256325051515944
7,Acetone,170.0,Acetone,189.6429617026733,19.64296170267329
7,Acetaldehyde,40.0,Acetaldehyde,48.40205919908952,8.402059199089521
7,Acetaldehyde,230.0,Acetaldehyde,187.82193975008227,42.178060249917735
7,Acetone,240.0,Acetone,249.8175128752589,9.817512875258899
7,Acetone,60.0,Acetone,42.4725079018404,17.5274920981596
7,Acetaldehyde,130.0,Acetaldehyde,111.45817517497582,18.54182482502418
7,Acetaldehyde,90.0,Acetaldehyde,65.80588141683494,24.194118583165064
7,Acetone,190.0,Acetone,205.64134888355633,15.641348883556333
7,Acetone,30.0,Acetone,25.993663774793177,4.006336225206823
7,Acetaldehyde,160.0,Acetaldehyde,159.3482819218932,0.6517180781067964
7,Acetaldehyde,240.0,Acetaldehyde,209.14221862774582,30.85778137225418
7,Acetone,220.0,Acetone,235.21474561214995,15.214745612149954
7,Acetone,110.0,Acetone,125.67156186812355,15.671561868123547
7,Acetaldehyde,220.0,Acetaldehyde,207.82949070216057,12.17050929783943
7,Acetaldehyde,60.0,Acetaldehyde,52.223263653681116,7.776736346318884
7,Acetone,130.0,Acetone,155.0955459884913,25.095545988491295
7,Acetone,40.0,Acetone,31.37392149373322,8.62607850626678
7,Acetaldehyde,200.0,Acetaldehyde,193.08507139938501,6.914928600614985
7,Acetaldehyde,140.0,Acetaldehyde,112.80260831673768,27.197391683262325
7,Acetone,70.0,Acetone,59.78280403215453,10.21719596784547
7,Acetaldehyde,210.0,Acetaldehyde,191.42266458443675,18.577335415563255
7,Acetaldehyde,170.0,Acetaldehyde,142.56370004585065,27.436299954149348
7,Acetone,140.0,Acetone,166.31806199166368,26.318061991663683
7,Acetone,160.0,Acetone,183.59155693592277,23.591556935922767
7,Acetaldehyde,180.0,Acetaldehyde,165.0986067138265,14.901393286173487
7,Acetone,100.0,Acetone,105.19956367687686,5.199563676876863
7,Acetone,10.0,Acetone,8.143854770873645,1.856145229126355
7,Acetaldehyde,100.0,Acetaldehyde,70.52988508138168,29.47011491861832
7,Acetone,200.0,Acetone,218.1462084513034,18.14620845130341
7,Acetone,20.0,Acetone,16.547148143301456,3.452851856698544
7,Acetaldehyde,250.0,Acetaldehyde,217.08873003238045,32.911269967619546
7,Acetaldehyde,110.0,Acetaldehyde,70.60175735360005,39.39824264639995
7,Acetone,150.0,Acetone,170.42577470267395,20.425774702673948
7,Acetone,50.0,Acetone,51.67734994008272,1.6773499400827205
7,Acetaldehyde,30.0,Acetaldehyde,41.53908983345258,11.539089833452579
7,Acetaldehyde,80.0,Acetaldehyde,63.09963648953359,16.900363510466413
7,Acetone,180.0,Acetone,199.29520630275675,19.295206302756753
7,Acetone,80.0,Acetone,66.37603861094823,13.623961389051772
7,Acetaldehyde,70.0,Acetaldehyde,59.345048080319714,10.654951919680286
7,Acetone,250.0,Acetone,259.6039892624001,9.603989262400091
7,Acetone,210.0,Acetone,220.01717081032925,10.017170810329247
7,Acetaldehyde,150.0,Acetaldehyde,139.5808186066735,10.419181393326511
7,Acetaldehyde,50.0,Acetaldehyde,48.39344260504441,1.606557394955587
7,Acetone,230.0,Acetone,241.105234314747,11.105234314747008
7,Acetone,120.0,Acetone,141.8821130214144,21.882113021414398
7,Acetaldehyde,120.0,Acetaldehyde,118.42766792384508,1.5723320761549218
7,Acetaldehyde,190.0,Acetaldehyde,163.63890049704725,26.361099502952754
7,Acetone,90.0,Acetone,96.12101719927787,6.121017199277873
7,Acetone,170.0,Acetone,193.54098236236808,23.540982362368084
7,Acetaldehyde,10.0,Acetaldehyde,47.4947477272773,37.4947477272773
7,Acetaldehyde,230.0,Acetaldehyde,199.7542254862721,30.245774513727895
7,Acetone,240.0,Acetone,259.68527235667716,19.68527235667716
7,Acetone,60.0,Acetone,47.87841290978385,12.121587090216153
7,Acetaldehyde,130.0,Acetaldehyde,132.68450396396275,2.6845039639627544
7,Acetaldehyde,90.0,Acetaldehyde,67.81958926474398,22.180410735256018
7,Acetone,190.0,Acetone,221.44116775137132,31.441167751371324
7,Acetone,30.0,Acetone,26.97747556485365,3.0225244351463516
7,Acetaldehyde,160.0,Acetaldehyde,157.9175956761695,2.0824043238305023
7,Acetaldehyde,240.0,Acetaldehyde,216.05518662661547,23.944813373384534
7,Acetone,220.0,Acetone,244.52797034407513,24.52797034407513
7,Acetone,110.0,Acetone,134.35747513008945,24.357475130089455
7,Acetaldehyde,220.0,Acetaldehyde,209.45368207238133,10.546317927618674
7,Acetaldehyde,60.0,Acetaldehyde,69.36659339101423,9.366593391014234
7,Acetone,130.0,Acetone,154.1789764386106,24.17897643861059
7,Acetone,40.0,Acetone,29.4393302068097,10.5606697931903
7,Acetaldehyde,200.0,Acetaldehyde,188.72849421339077,11.271505786609225
7,Acetaldehyde,140.0,Acetaldehyde,133.86803765346758,6.1319623465324185
7,Acetone,70.0,Acetone,59.17344515618886,10.826554843811138
7,Acetaldehyde,210.0,Acetaldehyde,195.36780957047762,14.632190429522382
7,Acetaldehyde,170.0,Acetaldehyde,155.03198759104976,14.968012408950244
7,Acetone,140.0,Acetone,168.7502983297873,28.750298329787313
7,Acetone,160.0,Acetone,185.1400664729808,25.140066472980806
7,Acetaldehyde,180.0,Acetaldehyde,182.09563571954118,2.0956357195411783
7,Acetone,100.0,Acetone,113.3108359223835,13.310835922383504
7,Acetone,10.0,Acetone,5.723996852748556,4.276003147251444
7,Acetaldehyde,100.0,Acetaldehyde,68.97813403000822,31.02186596999178
7,Acetone,200.0,Acetone,215.81545380801276,15.815453808012762
7,Acetone,20.0,Acetone,10.671182478091097,9.328817521908903
7,Acetaldehyde,250.0,Acetaldehyde,213.33978672033112,36.66021327966888
7,Acetaldehyde,110.0,Acetaldehyde,74.9250804449153,35.074919555084705
7,Acetone,150.0,Acetone,166.83092390416806,16.83092390416806
7,Acetone,50.0,Acetone,33.4266654252925,16.573334574707502
7,Acetaldehyde,30.0,Acetaldehyde,51.3995793977244,21.399579397724402
7,Acetaldehyde,80.0,Acetaldehyde,60.745273576808216,19.254726423191784
7,Acetone,180.0,Acetone,196.59334708611897,16.593347086118968
7,Acetone,80.0,Acetone,64.02072830010388,15.979271699896117
7,Acetaldehyde,70.0,Acetaldehyde,64.25094584657558,5.749054153424424
7,Acetone,250.0,Acetone,261.74729557118485,11.74729557118485
7,Acetone,210.0,Acetone,226.3164527112641,16.316452711264105
7,Acetaldehyde,150.0,Acetaldehyde,137.04788441200887,12.95211558799113
7,Acetaldehyde,50.0,Acetaldehyde,48.797474514590945,1.2025254854090548
7,Acetone,230.0,Acetone,238.5198995890052,8.519899589005206
7,Acetone,120.0,Acetone,143.4988253246484,23.498825324648408
7,Acetaldehyde,120.0,Acetaldehyde,108.63945885155405,11.360541148445947
7,Acetaldehyde,190.0,Acetaldehyde,168.6835446503707,21.316455349629308
7,Acetone,90.0,Acetone,78.71256604138401,11.287433958615992
7,Acetone,170.0,Acetone,189.03089100833233,19.030891008332333
7,Acetaldehyde,230.0,Acetaldehyde,182.3364032601276,47.66359673987239
7,Acetone,240.0,Acetone,263.6071786219877,23.607178621987714
7,Acetone,60.0,Acetone,39.881412278956645,20.118587721043355
7,Acetaldehyde,130.0,Acetaldehyde,133.60257994120875,3.602579941208745
7,Acetaldehyde,90.0,Acetaldehyde,95.48768097104016,5.487680971040163
7,Acetone,190.0,Acetone,206.78077260885632,16.780772608856324
7,Acetone,30.0,Acetone,16.546959811070522,13.453040188929478
7,Acetaldehyde,160.0,Acetaldehyde,151.60310551733838,8.396894482661622
7,Acetaldehyde,240.0,Acetaldehyde,205.15807511164041,34.841924888359586
7,Acetone,220.0,Acetone,232.88682250906294,12.886822509062938
7,Acetone,110.0,Acetone,128.22396736198007,18.223967361980073
7,Acetaldehyde,210.0,Acetaldehyde,195.51752829566314,14.48247170433686
7,Acetaldehyde,60.0,Acetaldehyde,52.07391536801083,7.92608463198917
7,Acetone,130.0,Acetone,154.25773249344934,24.25773249344934
7,Acetone,40.0,Acetone,25.318146093070723,14.681853906929277
7,Acetaldehyde,200.0,Acetaldehyde,195.53024224361428,4.469757756385718
7,Acetaldehyde,140.0,Acetaldehyde,115.87215243923114,24.127847560768856
7,Acetone,70.0,Acetone,48.43854112614663,21.56145887385337
7,Acetaldehyde,210.0,Acetaldehyde,192.49878730061573,17.50121269938427
7,Acetaldehyde,170.0,Acetaldehyde,148.7291508918431,21.27084910815691
7,Acetone,140.0,Acetone,162.34733250558932,22.34733250558932
7,Acetone,160.0,Acetone,181.81547663995696,21.815476639956955
7,Acetaldehyde,180.0,Acetaldehyde,178.56688977135912,1.433110228640885
7,Ethylene,100.0,Ammonia,144.95165227879306,44.95165227879306
7,Ethylene,10.0,Acetaldehyde,20.98486018348885,10.984860183488848
7,Ammonia,300.0,Ammonia,287.7220615907699,12.277938409230103
7,Ammonia,50.0,Ammonia,64.59762526338679,14.597625263386789
7,Ethylene,200.0,Ammonia,244.47672745290998,44.476727452909984
7,Ethylene,20.0,Acetaldehyde,8.875159890774043,11.124840109225957
7,Ammonia,110.0,Ammonia,139.7384986926206,29.738498692620595
7,Ammonia,220.0,Ammonia,228.46495998336368,8.464959983363684
7,Ethylene,150.0,Ammonia,187.88248987778837,37.88248987778837
7,Ethylene,50.0,Acetone,130.75363835709135,80.75363835709135
7,Ammonia,120.0,Ammonia,153.70580778432083,33.705807784320825
7,Ammonia,280.0,Ammonia,241.013386924642,38.98661307535801
7,Ethylene,180.0,Ammonia,225.72755827357958,45.727558273579575
7,Ethylene,80.0,Ammonia,185.04449613413567,105.04449613413567
7,Ammonia,80.0,Ammonia,130.4577920179021,50.45779201790211
7,Ammonia,290.0,Ammonia,248.19632540388903,41.803674596110966
7,Ethylene,250.0,Ammonia,271.76514712964547,21.76514712964547
7,Ethylene,210.0,Ethanol,344.3752781660046,134.3752781660046
7,Ammonia,150.0,Ammonia,204.72072680746476,54.72072680746476
7,Ammonia,200.0,Ammonia,225.12589052163355,25.12589052163355
7,Ethylene,230.0,Ammonia,268.00872627138983,38.00872627138983
7,Ethylene,120.0,Ethanol,237.88244045615625,117.88244045615625
7,Ammonia,250.0,Ammonia,261.343400199809,11.343400199809025
7,Ammonia,60.0,Ammonia,70.67450954455191,10.67450954455191
7,Ethylene,90.0,Ammonia,155.84853103274548,65.84853103274548
7,Ethylene,170.0,Ethanol,306.8820516009743,136.8820516009743
7,Ammonia,160.0,Ammonia,222.62013640494746,62.62013640494746
7,Ammonia,240.0,Ammonia,235.13930016005025,4.860699839949746
7,Ethylene,240.0,Ammonia,272.1748299312529,32.17482993125287
7,Ethylene,60.0,Ammonia,163.5448815257962,103.5448815257962
7,Ammonia,260.0,Ammonia,266.33553292840213,6.335532928402131
7,Ammonia,130.0,Ammonia,173.04684309756573,43.04684309756573
7,Ethylene,190.0,Ammonia,245.91257030635774,55.912570306357736
7,Ethylene,30.0,Acetone,143.84933823509465,113.84933823509465
7,Ammonia,170.0,Ammonia,233.2479646305061,63.24796463050609
7,Ammonia,230.0,Ammonia,234.56114396663062,4.561143966630624
7,Ethylene,220.0,Ammonia,269.5950780597065,49.59507805970651
7,Ethylene,110.0,Ammonia,219.76608413385725,109.76608413385725
7,Ammonia,270.0,Ammonia,268.4619333802215,1.5380666197784763
7,Ammonia,180.0,Ammonia,227.48639364330376,47.48639364330376
7,Ethylene,130.0,Ammonia,177.54570114516738,47.545701145167385
7,Ethylene,40.0,Acetone,127.69618703033844,87.69618703033844
7,Ammonia,190.0,Ammonia,242.00001129917598,52.00001129917598
7,Ammonia,90.0,Ammonia,129.16842445570353,39.16842445570353
7,Ammonia,140.0,Ammonia,192.99932165366081,52.999321653660814
7,Ethylene,70.0,Ammonia,124.89400231931084,54.89400231931084
7,Ammonia,70.0,Ammonia,94.00033955467653,24.00033955467653
7,Ammonia,100.0,Ammonia,147.40691922821514,47.406919228215145
7,Ethylene,140.0,Ammonia,191.81567482140804,51.81567482140804
7,Ethylene,160.0,Ammonia,246.52939205069254,86.52939205069254
7,Ammonia,210.0,Ammonia,248.4592494211332,38.459249421133194
7,Ethylene,100.0,Ammonia,161.1881640524266,61.1881640524266
7,Ethylene,10.0,Acetaldehyde,4.433989321190509,5.566010678809491
7,Ammonia,300.0,Ammonia,284.9037508400918,15.096249159908211
7,Ammonia,50.0,Ammonia,59.269720281071514,9.269720281071514
7,Ethylene,200.0,Ammonia,257.3419132154728,57.3419132154728
7,Ethylene,20.0,Acetaldehyde,5.562925648343864,14.437074351656136
7,Ammonia,110.0,Ammonia,145.0045122211227,35.004512221122695
7,Ammonia,220.0,Ammonia,233.06942053198276,13.069420531982757
7,Ethylene,150.0,Ammonia,204.6657183038259,54.66571830382591
7,Ethylene,50.0,Acetone,121.96008629121012,71.96008629121012
7,Ammonia,120.0,Ammonia,153.16951171593323,33.169511715933226
7,Ammonia,280.0,Ammonia,247.40771515897393,32.59228484102607
7,Ethylene,180.0,Ammonia,229.8246256051711,49.82462560517109
7,Ethylene,80.0,Ammonia,193.04379630162416,113.04379630162416
7,Ammonia,80.0,Ammonia,132.17020899155403,52.170208991554034
7,Ammonia,290.0,Ammonia,251.00211566080048,38.997884339199516
7,Ethylene,250.0,Ammonia,269.2295366103388,19.229536610338812
7,Ethylene,210.0,Ethanol,323.4896570482901,113.4896570482901
7,Ammonia,150.0,Ammonia,200.05935287637269,50.059352876372685
7,Ammonia,200.0,Ammonia,224.80614121667793,24.80614121667793
7,Ethylene,230.0,Ammonia,264.99799044992074,34.997990449920735
7,Ethylene,120.0,Ammonia,216.2434613808576,96.24346138085761
7,Ammonia,250.0,Ammonia,258.1422341809759,8.14223418097589
7,Ammonia,60.0,Ammonia,78.0668123314977,18.0668123314977
7,Ethylene,90.0,Ethanol,160.87929653638508,70.87929653638508
7,Ethylene,170.0,Ethanol,323.67378462079864,153.67378462079864
7,Ammonia,160.0,Ammonia,232.56517465364715,72.56517465364715
7,Ammonia,240.0,Ammonia,237.36697953664859,2.6330204633514143
7,Ethylene,240.0,Ammonia,275.3928535589982,35.39285355899818
7,Ethylene,60.0,Ammonia,157.04806468234972,97.04806468234972
7,Ammonia,260.0,Ammonia,254.18051767111092,5.81948232888908
7,Ammonia,130.0,Ammonia,166.68885774444408,36.68885774444408
7,Ethylene,190.0,Ethanol,214.21892537995478,24.218925379954783
7,Ethylene,30.0,Acetaldehyde,0.0,30.0
7,Ammonia,170.0,Ammonia,220.07735007965863,50.07735007965863
7,Ammonia,230.0,Ammonia,235.5415549712107,5.541554971210701
7,Ethylene,220.0,Ammonia,265.38139708049783,45.381397080497834
7,Ethylene,110.0,Ammonia,214.6919360733462,104.6919360733462
7,Ammonia,270.0,Ammonia,267.55932565376116,2.4406743462388363
7,Ammonia,180.0,Ammonia,223.19763531559823,43.197635315598234
7,Ethylene,130.0,Ammonia,184.5754483385115,54.57544833851151
7,Ethylene,40.0,Acetone,130.48610090951752,90.48610090951752
7,Ammonia,190.0,Ammonia,248.23375030457288,58.23375030457288
7,Ammonia,90.0,Ammonia,125.0429839062181,35.0429839062181
7,Ammonia,140.0,Ammonia,188.8310234066386,48.83102340663859
7,Ethylene,70.0,Ammonia,126.94897460411133,56.94897460411133
7,Ammonia,70.0,Ammonia,87.27430247609894,17.27430247609894
7,Ammonia,100.0,Ammonia,146.75199592139978,46.75199592139978
7,Ethylene,140.0,Ammonia,203.83005635109993,63.83005635109993
7,Ethylene,160.0,Ethanol,298.61048712892597,138.61048712892597
7,Ammonia,210.0,Ammonia,249.69777217308496,39.69777217308496
7,Ethylene,100.0,Ammonia,156.9293815092391,56.92938150923911
7,Ethylene,10.0,Acetone,161.895984758766,151.895984758766
7,Ammonia,300.0,Ammonia,288.6117810465809,11.388218953419084
7,Ammonia,50.0,Ammonia,60.20854901236568,10.20854901236568
7,Ethylene,200.0,Ammonia,262.734488272043,62.734488272042995
7,Ethylene,20.0,Acetone,152.14037327653418,132.14037327653418
7,Ammonia,110.0,Ammonia,143.79112578256627,33.79112578256627
7,Ammonia,220.0,Ammonia,225.88829923104106,5.88829923104106
7,Ethylene,150.0,Ammonia,205.06977713427443,55.06977713427443
7,Ethylene,50.0,Acetone,119.13978436943032,69.13978436943032
7,Ammonia,120.0,Ammonia,144.76578049881087,24.76578049881087
7,Ammonia,280.0,Ammonia,244.98904988021872,35.010950119781285
7,Ethylene,180.0,Ammonia,232.37757322268834,52.37757322268834
7,Ethylene,80.0,Ammonia,191.43332930703173,111.43332930703173
7,Ammonia,80.0,Ammonia,121.23445842845925,41.23445842845925
7,Ammonia,290.0,Ammonia,248.2499051481952,41.75009485180479
7,Ethylene,250.0,Ammonia,270.8979861134729,20.897986113472882
7,Ethylene,210.0,Ethanol,339.1305730594482,129.13057305944818
7,Ammonia,150.0,Ammonia,201.97516683832293,51.975166838322934
7,Ammonia,200.0,Ammonia,222.5289602625789,22.52896026257889
7,Ethylene,230.0,Ammonia,270.6184107256807,40.61841072568069
7,Ethylene,120.0,Ammonia,213.82169969802004,93.82169969802004
7,Ammonia,250.0,Ammonia,265.170577620348,15.170577620348013
7,Ammonia,60.0,Ammonia,73.46538842542174,13.465388425421736
7,Ethylene,90.0,Ammonia,161.9682148810784,71.96821488107841
7,Ethylene,170.0,Ethanol,321.86680011119927,151.86680011119927
7,Ammonia,160.0,Ammonia,216.17569529927675,56.175695299276754
7,Ammonia,240.0,Ammonia,234.08577553138298,5.914224468617022
7,Ethylene,240.0,Ammonia,267.7963751310543,27.796375131054276
7,Ethylene,60.0,Ammonia,156.44053886083077,96.44053886083077
7,Ammonia,260.0,Ammonia,264.50940565122744,4.509405651227439
7,Ammonia,130.0,Ammonia,166.89350521669004,36.893505216690045
7,Ethylene,190.0,Ammonia,254.60856389261176,64.60856389261176
7,Ethylene,30.0,Acetone,135.90671297806142,105.90671297806142
7,Ammonia,170.0,Ammonia,232.1501523789292,62.15015237892919
7,Ammonia,230.0,Ammonia,229.76175335764546,0.23824664235453952
7,Ethylene,220.0,Ammonia,270.9759881851917,50.97598818519168
7,Ethylene,110.0,Ethanol,218.01912029887876,108.01912029887876
7,Ammonia,270.0,Ammonia,272.5228759615342,2.5228759615342256
7,Ammonia,180.0,Ammonia,226.35461086175144,46.35461086175144
7,Ethylene,130.0,Ammonia,189.33798423009742,59.33798423009742
7,Ethylene,40.0,Acetone,129.24223846679465,89.24223846679465
7,Ammonia,190.0,Ammonia,240.84147715569844,50.84147715569844
7,Ammonia,90.0,Ammonia,124.64063679085393,34.64063679085393
7,Ammonia,140.0,Ammonia,188.20754705501338,48.20754705501338
7,Ethylene,70.0,Ammonia,123.88475090670036,53.88475090670036
7,Ammonia,70.0,Ammonia,91.22249842871953,21.222498428719533
7,Ammonia,100.0,Ammonia,145.4279721769136,45.42797217691361
7,Ethylene,140.0,Ammonia,195.0539410759549,55.053941075954896
7,Ethylene,160.0,Ethanol,289.80288225664884,129.80288225664884
7,Ammonia,210.0,Ammonia,250.34347978480028,40.34347978480028
7,Ethylene,100.0,Ethanol,162.2149962463979,62.2149962463979
7,Ethylene,15.0,Acetaldehyde,3.024831853102839,11.975168146897161
7,Ammonia,300.0,Ammonia,269.4094512015678,30.590548798432224
7,Ammonia,50.0,Ammonia,65.29754070769035,15.297540707690345
7,Ethylene,200.0,Ammonia,271.2111683903648,71.21116839036478
7,Ethylene,20.0,Acetone,142.77139039210556,122.77139039210556
7,Ammonia,110.0,Ammonia,148.75595780976445,38.75595780976445
7,Ammonia,220.0,Ammonia,228.3658361932662,8.365836193266205
7,Ethylene,150.0,Ammonia,215.673470901867,65.673470901867
7,Ethylene,50.0,Acetone,130.4977193585243,80.49771935852431
7,Ammonia,120.0,Ammonia,156.45132716896927,36.45132716896927
7,Ammonia,280.0,Ammonia,234.89845087450283,45.10154912549717
7,Ethylene,180.0,Ammonia,230.82487965068933,50.824879650689326
7,Ethylene,80.0,Ammonia,189.07099754527943,109.07099754527943
7,Ammonia,80.0,Ammonia,129.1738906167849,49.17389061678489
7,Ammonia,290.0,Ammonia,245.8957208787563,44.10427912124371
7,Ethylene,250.0,Ammonia,277.6209284261957,27.62092842619569
7,Ethylene,210.0,Ethanol,362.09961592263534,152.09961592263534
7,Ammonia,150.0,Ammonia,204.6267737799191,54.62677377991909
7,Ammonia,200.0,Ammonia,226.31018772599992,26.310187725999924
7,Ethylene,230.0,Ethanol,361.2185845641405,131.21858456414049
7,Ethylene,120.0,Ammonia,217.98945920731904,97.98945920731904
7,Ammonia,250.0,Ammonia,265.9173153206412,15.917315320641194
7,Ammonia,60.0,Ammonia,75.63309920958794,15.63309920958794
7,Ethylene,90.0,Ammonia,160.9468662209495,70.94686622094949
7,Ethylene,170.0,Ethanol,315.5097277228283,145.5097277228283
7,Ammonia,160.0,Ammonia,231.60010823259086,71.60010823259086
7,Ammonia,240.0,Ammonia,237.88070590721486,2.1192940927851396
7,Ethylene,240.0,Ammonia,275.33694854055494,35.33694854055494
7,Ethylene,60.0,Acetone,126.66810508493658,66.66810508493658
7,Ammonia,260.0,Ammonia,268.6493891609402,8.649389160940189
7,Ammonia,130.0,Ammonia,168.9377823179338,38.937782317933795
7,Ethylene,190.0,Ethanol,320.8221531880324,130.82215318803242
7,Ethylene,30.0,Acetone,143.95396194281346,113.95396194281346
7,Ammonia,170.0,Ammonia,242.7065716705994,72.7065716705994
7,Ammonia,230.0,Ammonia,233.40803805107464,3.408038051074641
7,Ethylene,220.0,Ammonia,268.3583809472961,48.3583809472961
7,Ethylene,110.0,Ethanol,232.31326406499807,122.31326406499807
7,Ammonia,270.0,Ammonia,269.5086056397585,0.4913943602414861
7,Ammonia,180.0,Ammonia,224.2848737713621,44.2848737713621
7,Ethylene,130.0,Ammonia,187.53470321108648,57.53470321108648
7,Ethylene,40.0,Acetone,134.01073963338044,94.01073963338044
7,Ammonia,190.0,Ammonia,243.2657443694821,53.26574436948209
7,Ammonia,90.0,Ammonia,128.54687543665347,38.546875436653465
7,Ammonia,140.0,Ammonia,209.84460599084179,69.84460599084179
7,Ethylene,70.0,Ammonia,129.8534684327243,59.8534684327243
7,Ammonia,70.0,Ammonia,105.51738635599446,35.51738635599446
7,Ammonia,100.0,Ammonia,148.04421068055132,48.044210680551316
7,Ethylene,140.0,Ammonia,188.16240602686173,48.16240602686173
7,Ethylene,160.0,Ammonia,259.9994176794081,99.99941767940811
7,Ammonia,210.0,Ammonia,257.97418010059033,47.97418010059033
7,Ethylene,100.0,Ammonia,152.937369178424,52.93736917842401
7,Ethylene,10.0,Acetaldehyde,16.301449476440467,6.301449476440467
7,Ammonia,300.0,Ammonia,290.0392637558992,9.960736244100815
7,Ammonia,50.0,Ammonia,68.29093578822793,18.290935788227927
7,Ethylene,200.0,Ethanol,276.67538917450304,76.67538917450304
7,Ethylene,20.0,Acetaldehyde,0.874254541407339,19.12574545859266
7,Ammonia,110.0,Ammonia,138.96752331523737,28.967523315237372
7,Ammonia,220.0,Ammonia,230.95471276519578,10.95471276519578
7,Ethylene,150.0,Ammonia,206.9746803063398,56.97468030633979
7,Ethylene,50.0,Ammonia,152.13058693654872,102.13058693654872
7,Ammonia,120.0,Ammonia,177.34756624770384,57.34756624770384
7,Ammonia,280.0,Ammonia,241.9250236509925,38.0749763490075
7,Ethylene,180.0,Ammonia,248.26140095696184,68.26140095696184
7,Ethylene,80.0,Ammonia,196.10939705868512,116.10939705868512
7,Ammonia,80.0,Ammonia,134.68645762046745,54.68645762046745
7,Ammonia,290.0,Ammonia,245.14905375049182,44.85094624950818
7,Ethylene,250.0,Ethanol,335.3895955739964,85.38959557399642
7,Ethylene,210.0,Ethanol,327.9381281348693,117.93812813486932
7,Ammonia,150.0,Ammonia,199.52128796640943,49.52128796640943
7,Ammonia,200.0,Ammonia,224.90534977145566,24.90534977145566
7,Ethylene,230.0,Ammonia,266.59349757689847,36.59349757689847
7,Ethylene,120.0,Ethanol,232.23426911688358,112.23426911688358
7,Ammonia,250.0,Ammonia,254.6863970761296,4.6863970761295946
7,Ammonia,60.0,Ammonia,78.88923455439924,18.889234554399238
7,Ethylene,90.0,Ammonia,157.3813080106713,67.38130801067129
7,Ethylene,170.0,Ethanol,306.3255385646076,136.3255385646076
7,Ammonia,160.0,Ammonia,219.39523561579358,59.39523561579358
7,Ammonia,240.0,Ammonia,230.1064289864958,9.893571013504186
7,Ethylene,240.0,Ammonia,268.8918381397,28.891838139699985
7,Ethylene,60.0,Ammonia,154.79963442810117,94.79963442810117
7,Ammonia,260.0,Ammonia,273.1817958845909,13.181795884590883
7,Ammonia,130.0,Ammonia,182.94019020810353,52.94019020810353
7,Ethylene,190.0,Ammonia,249.99676708810784,59.996767088107845
7,Ethylene,30.0,Acetone,138.51911227558017,108.51911227558017
7,Ammonia,170.0,Ammonia,231.09103252150163,61.09103252150163
7,Ammonia,230.0,Ammonia,235.66151956778543,5.661519567785433
7,Ethylene,220.0,Ammonia,262.0579425644116,42.057942564411576
7,Ethylene,110.0,Ammonia,218.7502514211683,108.75025142116829
7,Ammonia,270.0,Ammonia,268.329788371067,1.6702116289329751
7,Ammonia,180.0,Ammonia,213.23849414131547,33.23849414131547
7,Ethylene,130.0,Ammonia,184.26844832746977,54.26844832746977
7,Ethylene,40.0,Acetone,130.58207528138723,90.58207528138723
7,Ammonia,190.0,Ammonia,239.61041221190203,49.61041221190203
7,Ammonia,90.0,Ammonia,135.02254801940015,45.02254801940015
7,Ammonia,140.0,Ammonia,187.55417484617163,47.554174846171634
7,Ethylene,70.0,Ammonia,121.98065536784378,51.98065536784378
7,Ammonia,70.0,Ammonia,91.85473420950659,21.85473420950659
7,Ammonia,100.0,Ammonia,141.33097558982178,41.330975589821776
7,Ethylene,140.0,Ammonia,198.0704442067439,58.0704442067439
7,Ethylene,160.0,Ammonia,249.17786181303308,89.17786181303308
7,Ammonia,210.0,Ammonia,238.3569106996285,28.356910699628486
7,Ethylene,100.0,Ammonia,158.43232080623784,58.43232080623784
7,Ethylene,10.0,Acetone,148.68274360298884,138.68274360298884
7,Ammonia,300.0,Ammonia,289.28988439775134,10.710115602248663
7,Ammonia,50.0,Ammonia,63.67221402960854,13.67221402960854
7,Ethylene,200.0,Ammonia,262.0291717457327,62.0291717457327
7,Ethylene,20.0,Acetone,141.87874939993452,121.87874939993452
7,Ammonia,110.0,Ammonia,137.86373743516296,27.86373743516296
7,Ammonia,220.0,Ammonia,230.72111803921558,10.721118039215582
7,Ethylene,150.0,Ethanol,210.96215464419708,60.962154644197085
7,Ethylene,50.0,Acetone,119.82233469967348,69.82233469967348
7,Ammonia,120.0,Ammonia,138.7354617282082,18.735461728208207
7,Ammonia,280.0,Ammonia,239.7343852399803,40.2656147600197
7,Ethylene,180.0,Ethanol,248.8063963911698,68.80639639116981
7,Ethylene,80.0,Ethanol,148.862229461963,68.86222946196301
7,Ammonia,80.0,Ammonia,124.29339577894372,44.29339577894372
7,Ammonia,290.0,Ammonia,244.66244969386247,45.33755030613753
7,Ethylene,250.0,Ethanol,269.9262956832684,19.926295683268393
7,Ethylene,210.0,Ethanol,254.96123728821146,44.961237288211464
7,Ammonia,150.0,Ammonia,172.37302699316336,22.373026993163364
7,Ammonia,200.0,Ammonia,212.1066303108164,12.1066303108164
7,Ethylene,230.0,Ethanol,273.450414843355,43.45041484335502
7,Ethylene,120.0,Ethanol,215.5115830850421,95.5115830850421
7,Ammonia,250.0,Ammonia,248.65551081220127,1.3444891877987288
7,Ammonia,60.0,Ammonia,79.16293621716744,19.16293621716744
7,Ethylene,90.0,Ammonia,154.5626284076313,64.56262840763131
7,Ethylene,170.0,Ethanol,223.00691098573384,53.00691098573384
7,Ammonia,160.0,Ammonia,205.19080387762781,45.190803877627815
7,Ammonia,240.0,Ammonia,228.5712096202899,11.428790379710108
7,Ethylene,240.0,Ethanol,269.9909634707003,29.990963470700308
7,Ethylene,60.0,Acetone,118.60233583514788,58.60233583514788
7,Ammonia,260.0,Ammonia,258.8773330738701,1.1226669261299094
7,Ammonia,130.0,Ammonia,178.22615435441378,48.22615435441378
7,Ethylene,190.0,Ethanol,256.6352137488516,66.63521374885158
7,Ethylene,30.0,Acetone,137.22024421628777,107.22024421628777
7,Ammonia,170.0,Ammonia,201.65457410383772,31.654574103837717
7,Ammonia,230.0,Ammonia,218.86365823919135,11.136341760808648
7,Ethylene,220.0,Ethanol,281.50498096169656,61.50498096169656
7,Ethylene,110.0,Ethanol,188.32915535672964,78.32915535672964
7,Ammonia,270.0,Ammonia,260.2306562684382,9.769343731561776
7,Ammonia,180.0,Ammonia,208.03343234835813,28.033432348358133
7,Ethylene,130.0,Ammonia,193.65745595909524,63.657455959095245
7,Ethylene,40.0,Acetone,125.57222703679226,85.57222703679226
7,Ammonia,190.0,Ammonia,222.10789554090275,32.107895540902746
7,Ammonia,90.0,Ammonia,125.23832480695859,35.23832480695859
7,Ammonia,140.0,Ammonia,189.75142605428815,49.751426054288146
7,Ethylene,70.0,Ammonia,116.60047339445815,46.60047339445815
7,Ammonia,70.0,Ammonia,92.02131577281435,22.021315772814347
7,Ammonia,100.0,Ammonia,136.51566558970356,36.51566558970356
7,Ethylene,140.0,Ethanol,197.30541703433155,57.305417034331555
7,Ethylene,160.0,Ethanol,228.342077324652,68.342077324652
7,Ammonia,210.0,Ammonia,236.42770311848778,26.427703118487784
7,Ethylene,100.0,Ammonia,147.93768405084904,47.93768405084904
7,Ethylene,10.0,Acetone,153.99716768628892,143.99716768628892
7,Ammonia,300.0,Ammonia,285.5099380933209,14.490061906679102
7,Ammonia,50.0,Ammonia,54.8875810833799,4.887581083379899
7,Ethylene,200.0,Ethanol,208.69840586149363,8.698405861493626
7,Ethylene,20.0,Acetone,141.06635270384587,121.06635270384587
7,Ammonia,110.0,Ammonia,125.23829498566039,15.238294985660389
7,Ammonia,220.0,Ammonia,217.99997670518877,2.0000232948112284
7,Ethylene,150.0,Ethanol,185.16714845297128,35.167148452971276
7,Ethylene,50.0,Acetone,111.65445705436073,61.65445705436073
7,Ammonia,120.0,Ammonia,124.01008832127047,4.010088321270473
7,Ammonia,280.0,Ammonia,239.00804990064137,40.99195009935863
7,Ethylene,180.0,Ethanol,232.78770235555268,52.78770235555268
7,Ethylene,80.0,Acetone,90.79611854522724,10.796118545227245
7,Ammonia,80.0,Ammonia,117.5935602665625,37.593560266562505
7,Ammonia,290.0,Ammonia,235.94999990467642,54.05000009532358
7,Ethylene,250.0,Ethanol,256.2439601331525,6.243960133152484
7,Ethylene,210.0,Ethanol,228.72478758946815,18.72478758946815
7,Ammonia,150.0,Ammonia,161.44193254210495,11.44193254210495
7,Ammonia,200.0,Ammonia,211.75253032345853,11.75253032345853
7,Ethylene,230.0,Ethanol,245.60673545121244,15.606735451212444
7,Ethylene,120.0,Ethanol,177.0904031382575,57.0904031382575
7,Ammonia,250.0,Ammonia,246.09534835935375,3.90465164064625
7,Ammonia,60.0,Ammonia,71.58958908360107,11.58958908360107
7,Ethylene,90.0,Ammonia,138.60650135572914,48.60650135572914
7,Ethylene,170.0,Ethanol,229.73341891642727,59.73341891642727
7,Ammonia,160.0,Ammonia,187.64188884738476,27.641888847384763
7,Ammonia,240.0,Ammonia,232.45843549639233,7.541564503607674
7,Ethylene,240.0,Ethanol,232.0275765220045,7.972423477995505
7,Ethylene,60.0,Acetone,102.75001551220704,42.75001551220704
7,Ammonia,260.0,Ammonia,259.8446106338062,0.15538936619378774
7,Ammonia,130.0,Ammonia,163.96713058206626,33.96713058206626
7,Ethylene,190.0,Ethanol,218.71160245849052,28.711602458490518
7,Ethylene,30.0,Acetone,127.174363586885,97.174363586885
7,Ammonia,170.0,Ammonia,199.17651403244167,29.176514032441673
7,Ammonia,230.0,Ammonia,224.37219480062242,5.627805199377576
7,Ethylene,220.0,Ethanol,211.14575517718134,8.854244822818657
7,Ethylene,110.0,Ethanol,162.07521369873777,52.07521369873777
7,Ammonia,270.0,Ammonia,271.86688951190706,1.8668895119070612
7,Ammonia,180.0,Ammonia,205.482632065546,25.482632065546
7,Ethylene,130.0,Ammonia,188.5311029368764,58.53110293687641
7,Ethylene,50.0,Acetone,128.37457249052974,78.37457249052974
7,Ammonia,190.0,Ammonia,221.46094801182844,31.460948011828435
7,Ammonia,90.0,Ammonia,125.3861896938648,35.38618969386479
7,Ammonia,140.0,Ammonia,180.53474646614438,40.534746466144384
7,Ethylene,70.0,Ammonia,116.74088097352077,46.740880973520774
7,Ammonia,70.0,Ammonia,91.57072928940588,21.570729289405875
7,Ammonia,100.0,Ammonia,138.83104599911772,38.83104599911772
7,Ethylene,140.0,Ethanol,222.56073652723188,82.56073652723188
7,Ethylene,160.0,Ethanol,234.62659965201865,74.62659965201865
7,Ammonia,210.0,Ammonia,245.89050049918907,35.89050049918907
7,Ethylene,100.0,Ethanol,133.231523846588,33.231523846588004
7,Ethylene,10.0,Acetaldehyde,7.773831586286377,2.226168413713623
7,Ammonia,300.0,Ammonia,291.2331368432926,8.766863156707416
7,Ammonia,50.0,Ammonia,60.62939699326492,10.629396993264919
7,Ethylene,200.0,Ethanol,230.20471071959489,30.204710719594885
7,Ethylene,20.0,Acetaldehyde,0.0,20.0
7,Ammonia,110.0,Ammonia,126.55970820508085,16.559708205080852
7,Ammonia,220.0,Ammonia,226.11185433402693,6.11185433402693
7,Ethylene,150.0,Ethanol,213.21552079460773,63.21552079460773
7,Ethylene,50.0,Acetone,128.64923148737532,78.64923148737532
7,Ammonia,120.0,Ammonia,136.97172452079337,16.971724520793373
7,Ammonia,280.0,Ammonia,246.08465426892545,33.91534573107455
7,Ethylene,180.0,Ethanol,239.6895930731659,59.689593073165895
7,Ethylene,80.0,Ethanol,147.41769749495614,67.41769749495614
7,Ammonia,80.0,Ammonia,123.48315767554936,43.483157675549364
7,Ammonia,290.0,Ammonia,242.51051579217872,47.48948420782128
7,Ethylene,250.0,Ethanol,288.09497456982467,38.09497456982467
7,Ethylene,210.0,Ethanol,257.9939515977824,47.99395159778243
7,Ammonia,150.0,Ammonia,177.88077840526265,27.880778405262646
7,Ammonia,200.0,Ammonia,215.83527824725013,15.83527824725013
7,Ethylene,230.0,Ethanol,257.1755983049417,27.175598304941673
7,Ethylene,120.0,Ethanol,201.8607598239136,81.86075982391361
7,Ammonia,250.0,Ammonia,252.7289916038532,2.7289916038531885
7,Ammonia,60.0,Ammonia,71.80433658659321,11.804336586593209
7,Ethylene,90.0,Ethanol,111.6400023237951,21.640002323795102
7,Ethylene,170.0,Ethanol,233.96214520973717,63.96214520973717
7,Ammonia,160.0,Ammonia,187.3239287609629,27.3239287609629
7,Ammonia,240.0,Ammonia,228.6772935995637,11.322706400436289
7,Ethylene,240.0,Ethanol,255.23253483941605,15.232534839416047
7,Ethylene,60.0,Acetone,104.78724423369559,44.78724423369559
7,Ammonia,260.0,Ammonia,248.14962114158664,11.850378858413364
7,Ammonia,130.0,Ammonia,164.92323547668295,34.92323547668295
7,Ethylene,190.0,Ethanol,203.49231432987114,13.492314329871135
7,Ethylene,30.0,Acetone,133.4371468304461,103.4371468304461
7,Ammonia,170.0,Ammonia,186.73824669358774,16.73824669358774
7,Ammonia,230.0,Ammonia,222.62333675048632,7.376663249513683
7,Ethylene,220.0,Ethanol,211.95896098247,8.04103901753001
7,Ethylene,110.0,Ammonia,202.9442019862476,92.9442019862476
7,Ammonia,270.0,Ammonia,257.8613327350833,12.138667264916705
7,Ammonia,180.0,Ammonia,193.34467604030417,13.344676040304165
7,Ethylene,130.0,Ammonia,186.38460185483657,56.384601854836575
7,Ethylene,40.0,Acetone,110.37787093522446,70.37787093522446
7,Ammonia,190.0,Ammonia,205.86823941120528,15.86823941120528
7,Ammonia,90.0,Ammonia,113.88231415313416,23.88231415313416
7,Ammonia,140.0,Ammonia,174.12371691238204,34.12371691238204
7,Ethylene,70.0,Ammonia,114.91391118844548,44.91391118844548
7,Ammonia,70.0,Ammonia,92.23574979310422,22.23574979310422
7,Ammonia,100.0,Ammonia,131.8129001233295,31.812900123329513
7,Ethylene,140.0,Ammonia,191.90826197244982,51.90826197244982
7,Ethylene,160.0,Ethanol,204.4821642096733,44.4821642096733
7,Ammonia,210.0,Ammonia,202.59802222005771,7.4019777799422855
7,Ethylene,100.0,Ammonia,152.06567916206103,52.06567916206103
7,Ethylene,10.0,Acetone,154.50764593983422,144.50764593983422
7,Ammonia,300.0,Ammonia,284.0898249589266,15.910175041073387
7,Ammonia,50.0,Ammonia,54.33886451121788,4.338864511217878
7,Ethylene,200.0,Ammonia,227.48631162245306,27.48631162245306
7,Ethylene,20.0,Acetone,139.61906530284074,119.61906530284074
7,Ammonia,110.0,Ammonia,124.76892232755472,14.76892232755472
7,Ammonia,220.0,Ammonia,214.40387891068502,5.596121089314977
7,Ethylene,150.0,Ammonia,191.3425302396685,41.34253023966849
7,Ethylene,50.0,Acetone,89.48368586820689,39.48368586820689
7,Ammonia,120.0,Ammonia,121.17737620152454,1.1773762015245381
7,Ammonia,280.0,Ammonia,236.75486460921724,43.245135390782764
7,Ethylene,180.0,Ammonia,209.03528805754252,29.035288057542516
7,Ethylene,80.0,Acetone,69.94218740576476,10.057812594235244
7,Ammonia,80.0,Ammonia,127.21287751938009,47.212877519380086
7,Ammonia,290.0,Ammonia,242.8066180425285,47.1933819574715
7,Ethylene,250.0,Ethanol,243.32076795234738,6.679232047652619
7,Ethylene,210.0,Ethanol,207.05668736842415,2.94331263157585
7,Ammonia,150.0,Ammonia,146.1720386809351,3.8279613190649115
7,Ammonia,200.0,Ammonia,199.94321323140724,0.05678676859275811
7,Ethylene,230.0,Ammonia,252.96431717995773,22.96431717995773
7,Ethylene,120.0,Acetone,73.87554269300446,46.12445730699554
7,Ammonia,250.0,Ammonia,244.36137841557672,5.6386215844232765
7,Ammonia,60.0,Ammonia,68.40876923252718,8.408769232527177
7,Ethylene,90.0,Ammonia,141.37640905130124,51.37640905130124
7,Ethylene,170.0,Ethanol,206.75391511680436,36.753915116804365
7,Ammonia,160.0,Ammonia,169.61835596796905,9.618355967969052
7,Ammonia,240.0,Ammonia,225.86895628742127,14.13104371257873
7,Ethylene,240.0,Ethanol,218.89426387312633,21.105736126873666
7,Ethylene,60.0,Acetone,90.81470903353778,30.81470903353778
7,Ammonia,260.0,Ammonia,249.57585768522512,10.424142314774883
7,Ammonia,130.0,Ammonia,167.36027113080195,37.36027113080195
7,Ethylene,190.0,Ammonia,220.93308534921644,30.93308534921644
7,Ethylene,30.0,Acetone,126.9854012373395,96.9854012373395
7,Ammonia,170.0,Ammonia,182.14473763301964,12.144737633019645
7,Ammonia,230.0,Ammonia,214.72868048662153,15.271319513378472
7,Ethylene,220.0,Ammonia,235.7711111764711,15.771111176471095
7,Ethylene,110.0,Ammonia,194.32158639957208,84.32158639957208
7,Ammonia,270.0,Ammonia,249.45309366690725,20.54690633309275
7,Ammonia,180.0,Ammonia,199.97618674839103,19.97618674839103
7,Ethylene,130.0,Ammonia,178.82413100325567,48.82413100325567
7,Ethylene,40.0,Acetone,115.51437521039405,75.51437521039405
7,Ammonia,190.0,Ammonia,216.10740010690304,26.107400106903043
7,Ammonia,90.0,Ammonia,119.78135566103887,29.781355661038873
7,Ammonia,140.0,Ammonia,193.04202547284697,53.04202547284697
7,Ethylene,70.0,Ammonia,108.59562762100646,38.59562762100646
7,Ammonia,70.0,Ammonia,90.4359358275518,20.435935827551802
7,Ammonia,100.0,Ammonia,140.94168120294523,40.94168120294523
7,Ethylene,140.0,Ammonia,189.985033947421,49.98503394742099
7,Ethylene,160.0,Ethanol,218.5315019825308,58.53150198253081
7,Ammonia,210.0,Ammonia,227.6104528046368,17.610452804636793
7,Ethylene,100.0,Ammonia,152.05045279011426,52.050452790114264
7,Ethylene,10.0,Acetaldehyde,4.46804785874248,5.53195214125752
7,Ammonia,300.0,Ammonia,273.2876393021078,26.712360697892223
7,Ammonia,50.0,Ammonia,58.233652423175,8.233652423175002
7,Ethylene,200.0,Ethanol,226.87775781779806,26.877757817798056
7,Ethylene,20.0,Acetone,141.94272331530746,121.94272331530746
7,Ammonia,110.0,Ammonia,135.42012014992252,25.420120149922525
7,Ammonia,220.0,Ammonia,223.57622665814586,3.576226658145856
7,Ethylene,150.0,Ethanol,186.73956534543976,36.73956534543976
7,Ethylene,50.0,Acetone,117.57882233413177,67.57882233413177
7,Ammonia,120.0,Ammonia,134.55744467022572,14.55744467022572
7,Ammonia,280.0,Ammonia,241.01829671665783,38.98170328334217
7,Ethylene,180.0,Ethanol,237.6932732146996,57.69327321469959
7,Ethylene,80.0,Ethanol,142.32559115803699,62.325591158036985
7,Ammonia,80.0,Ammonia,131.6511555024245,51.6511555024245
7,Ammonia,290.0,Ammonia,248.2176744151127,41.7823255848873
7,Ethylene,250.0,Ethanol,291.5754505542836,41.57545055428358
7,Ethylene,210.0,Ethanol,284.31302139262425,74.31302139262425
7,Ammonia,150.0,Ammonia,190.82365202327372,40.82365202327372
7,Ammonia,200.0,Ammonia,210.10861029833228,10.10861029833228
7,Ethylene,230.0,Ethanol,268.22630943329034,38.22630943329034
7,Ethylene,120.0,Ethanol,230.79666310120763,110.79666310120763
7,Ammonia,250.0,Ammonia,248.16486533911456,1.8351346608854442
7,Ammonia,60.0,Ammonia,79.37902389325886,19.37902389325886
7,Ethylene,90.0,Ethanol,129.8087732738363,39.808773273836294
7,Ethylene,170.0,Ethanol,257.9980545746845,87.99805457468449
7,Ammonia,160.0,Ammonia,217.32413722053445,57.32413722053445
7,Ammonia,240.0,Ammonia,232.38015461387246,7.619845386127537
7,Ethylene,240.0,Ethanol,262.8061260374383,22.806126037438275
7,Ethylene,60.0,Acetone,126.51929845570815,66.51929845570815
7,Ammonia,260.0,Ammonia,260.7740360159972,0.7740360159971829
7,Ammonia,130.0,Ammonia,177.38769236676583,47.38769236676583
7,Ethylene,190.0,Ethanol,280.63270895888945,90.63270895888945
7,Ethylene,30.0,Acetaldehyde,0.0,30.0
7,Ammonia,170.0,Ammonia,227.53276961156132,57.53276961156132
7,Ammonia,230.0,Ammonia,227.86610935685832,2.133890643141683
7,Ethylene,220.0,Ethanol,262.8312570360524,42.83125703605242
7,Ethylene,30.0,Ethanol,203.85812533234727,173.85812533234727
7,Ammonia,270.0,Ammonia,264.53086996548416,5.4691300345158425
7,Ammonia,180.0,Ammonia,204.36339065713614,24.363390657136136
7,Ethylene,130.0,Ethanol,222.01257706622454,92.01257706622454
7,Ethylene,40.0,Acetaldehyde,0.0,40.0
7,Ammonia,190.0,Ammonia,237.63266440533388,47.632664405333884
7,Ammonia,90.0,Ammonia,129.34316566300677,39.34316566300677
7,Ammonia,140.0,Ammonia,190.38189079365233,50.38189079365233
7,Ethylene,70.0,Ethanol,151.90247506698597,81.90247506698597
7,Ammonia,70.0,Ammonia,89.94630092103317,19.94630092103317
7,Ammonia,100.0,Ammonia,140.11880383844033,40.11880383844033
7,Ethylene,140.0,Ethanol,204.06949314236104,64.06949314236104
7,Ethylene,160.0,Ethanol,238.93955333571057,78.93955333571057
7,Ammonia,210.0,Ammonia,237.1648693885063,27.164869388506304
7,Ethylene,100.0,Ethanol,155.4259364243673,55.42593642436731
7,Ethylene,10.0,Acetaldehyde,4.4037272633671165,5.5962727366328835
7,Ammonia,300.0,Ammonia,280.33088881710285,19.669111182897154
7,Ammonia,50.0,Ammonia,63.85936588792444,13.85936588792444
7,Ethylene,200.0,Ethanol,249.77003304707662,49.77003304707662
7,Ethylene,10.0,Acetaldehyde,0.0,10.0
7,Ammonia,110.0,Ammonia,130.4422317361398,20.442231736139803
7,Ammonia,220.0,Ammonia,230.42810144233192,10.428101442331922
7,Ethylene,150.0,Ethanol,235.07622774817543,85.07622774817543
7,Ethylene,50.0,Acetone,128.24048531796575,78.24048531796575
7,Ammonia,120.0,Ammonia,144.06617366986367,24.066173669863673
7,Ammonia,280.0,Ammonia,250.98485774327474,29.015142256725255
7,Ethylene,180.0,Ethanol,246.6313218153195,66.6313218153195
7,Ethylene,80.0,Ethanol,144.6237103237163,64.6237103237163
7,Ammonia,80.0,Ammonia,128.01057767506157,48.01057767506157
7,Ammonia,290.0,Ammonia,250.80776050526586,39.19223949473414
7,Ethylene,250.0,Ethanol,294.21917368940206,44.219173689402055
7,Ethylene,210.0,Ethanol,269.42757185144063,59.42757185144063
7,Ammonia,150.0,Ammonia,190.82761157447553,40.827611574475526
7,Ammonia,200.0,Ammonia,215.43207992896734,15.43207992896734
7,Ethylene,230.0,Ethanol,297.85893318520505,67.85893318520505
7,Ethylene,120.0,Ethanol,227.8673279009399,107.8673279009399
7,Ammonia,250.0,Ammonia,251.43948717313708,1.4394871731370813
7,Ammonia,60.0,Ammonia,80.5949105672183,20.594910567218307
7,Ethylene,90.0,Ethanol,141.10437647961012,51.104376479610124
7,Ethylene,170.0,Ethanol,248.51202868173652,78.51202868173652
7,Ammonia,160.0,Ammonia,211.6353386113014,51.63533861130139
7,Ammonia,240.0,Ammonia,230.33908503496318,9.660914965036824
7,Ethylene,240.0,Ethanol,274.85646744076337,34.85646744076337
7,Ethylene,60.0,Ethanol,200.0553504887192,140.0553504887192
7,Ammonia,260.0,Ammonia,253.15894593568407,6.8410540643159266
7,Ammonia,130.0,Ammonia,171.08969239414483,41.08969239414483
7,Ethylene,190.0,Ethanol,276.14163018337194,86.14163018337194
7,Ethylene,30.0,Acetaldehyde,0.0,30.0
7,Ammonia,170.0,Ammonia,227.08205307918996,57.08205307918996
7,Ammonia,230.0,Ammonia,228.46163467100916,1.5383653289908352
7,Ethylene,220.0,Ethanol,263.7542620480923,43.7542620480923
7,Ethylene,110.0,Ethanol,225.76448578583222,115.76448578583222
7,Ammonia,270.0,Ammonia,257.03125661596283,12.968743384037168
7,Ammonia,180.0,Ammonia,217.0682927038284,37.068292703828405
7,Ethylene,130.0,Ethanol,217.44064315170888,87.44064315170888
7,Ethylene,40.0,Acetaldehyde,0.0,40.0
7,Ammonia,190.0,Ammonia,241.22552182344617,51.22552182344617
7,Ammonia,90.0,Ammonia,134.97691227320888,44.97691227320888
7,Ammonia,140.0,Ammonia,193.40703019216284,53.407030192162836
7,Ethylene,70.0,Ethanol,177.05335869569694,107.05335869569694
7,Ammonia,70.0,Ammonia,98.21831165363035,28.21831165363035
7,Ammonia,100.0,Ammonia,152.2095336439109,52.2095336439109
7,Ethylene,140.0,Ethanol,212.41865266266657,72.41865266266657
7,Ethylene,160.0,Ethanol,267.1941352325516,107.19413523255162
7,Ammonia,210.0,Ammonia,247.04232454143133,37.04232454143133
7,Ethylene,100.0,Ethanol,147.8080730449273,47.80807304492731
7,Ethylene,10.0,Acetaldehyde,7.493050466489905,2.5069495335100953
7,Ammonia,300.0,Ammonia,291.0786260436168,8.921373956383206
7,Ammonia,50.0,Ammonia,67.83909837464965,17.83909837464965
7,Ethylene,200.0,Ethanol,270.0328657203192,70.0328657203192
7,Ethylene,20.0,Acetaldehyde,0.0,20.0
7,Ammonia,110.0,Ammonia,133.61066283978167,23.610662839781668
7,Ammonia,220.0,Ammonia,229.17802531117582,9.178025311175816
7,Ethylene,150.0,Ethanol,235.24165680573174,85.24165680573174
7,Ethylene,50.0,Acetaldehyde,0.0,50.0
7,Ammonia,120.0,Ammonia,147.14188970721236,27.141889707212357
7,Ammonia,280.0,Ammonia,248.1657499876763,31.834250012323707
7,Ethylene,180.0,Ethanol,255.84026076072843,75.84026076072843
7,Ethylene,80.0,Ethanol,149.07710606650406,69.07710606650406
7,Ammonia,80.0,Ammonia,123.81219619051326,43.81219619051326
7,Ammonia,290.0,Ammonia,257.3374289824266,32.662571017573384
7,Ethylene,250.0,Ethanol,304.92894167842314,54.92894167842314
7,Ethylene,210.0,Ethanol,274.858105645341,64.85810564534103
7,Ammonia,150.0,Ammonia,197.78708470002238,47.787084700022376
7,Ammonia,200.0,Ammonia,223.6867008986154,23.686700898615413
7,Ethylene,230.0,Ethanol,289.8412849143743,59.841284914374285
7,Ethylene,120.0,Ethanol,226.09042604434575,106.09042604434575
7,Ammonia,250.0,Ammonia,254.4935083682438,4.493508368243795
7,Ammonia,60.0,Ammonia,78.5825330310685,18.582533031068493
7,Ethylene,90.0,Ethanol,147.86435058949513,57.86435058949513
7,Ethylene,170.0,Ethanol,245.61236756066938,75.61236756066938
7,Ammonia,160.0,Ammonia,209.05529206217102,49.05529206217102
7,Ammonia,240.0,Ammonia,227.53479414534215,12.465205854657853
7,Ethylene,240.0,Ethanol,277.9600515089354,37.96005150893541
7,Ethylene,60.0,Acetaldehyde,0.0,60.0
7,Ammonia,260.0,Ammonia,258.45946406508216,1.5405359349178411
7,Ammonia,130.0,Ammonia,172.91938607801077,42.919386078010774
7,Ethylene,190.0,Ethanol,257.43362507488985,67.43362507488985
7,Ethylene,30.0,Acetaldehyde,0.0,30.0
7,Ammonia,170.0,Ammonia,222.0062355086864,52.00623550868639
7,Ammonia,230.0,Ammonia,232.7979714484443,2.7979714484442866
7,Ethylene,220.0,Ethanol,280.9873960376562,60.9873960376562
7,Ethylene,110.0,Ethanol,209.15518890417434,99.15518890417434
7,Ammonia,270.0,Ammonia,255.60352768490262,14.396472315097384
7,Ammonia,180.0,Ammonia,214.4463059862135,34.4463059862135
7,Ethylene,130.0,Ethanol,230.19894881023856,100.19894881023856
7,Ethylene,40.0,Acetaldehyde,0.0,40.0
7,Ammonia,190.0,Ammonia,239.81926543277018,49.81926543277018
7,Ammonia,90.0,Ammonia,127.26091137856668,37.260911378566675
7,Ammonia,140.0,Ammonia,192.82283354786824,52.82283354786824
7,Ethylene,70.0,Ethanol,165.27979055885356,95.27979055885356
7,Ammonia,70.0,Ammonia,93.48189170071676,23.48189170071676
7,Ammonia,100.0,Ammonia,147.42268794069548,47.42268794069548
7,Ethylene,140.0,Ethanol,225.87472825798673,85.87472825798673
7,Ethylene,160.0,Ethanol,270.3068497082247,110.30684970822472
7,Ammonia,210.0,Ammonia,238.996538269071,28.99653826907101
7,Toluene,100.0,Ethylene,155.97214057404045,55.97214057404045
7,Toluene,1.0,Acetone,135.02640591068982,134.02640591068982
7,Ethanol,50.0,Ethanol,279.74038879094417,229.74038879094417
7,Ethanol,100.0,Acetaldehyde,17.947781874349218,82.05221812565078
7,Toluene,5.0,Acetone,130.4745587736702,125.4745587736702
7,Toluene,10.0,Toluene,9.001691432944057,0.9983085670559433
7,Ethanol,110.0,Ethanol,214.91122551802206,104.91122551802206
7,Ethanol,220.0,Ethanol,310.7372216169555,90.73722161695548
7,Toluene,60.0,Toluene,63.56278654117155,3.5627865411715476
7,Toluene,20.0,Toluene,25.334372986577026,5.334372986577026
7,Ethanol,120.0,Ethanol,223.21196409238374,103.21196409238374
7,Ethanol,280.0,Ethanol,315.8575021850774,35.85750218507741
7,Toluene,70.0,Toluene,79.27704386766959,9.27704386766959
7,Toluene,30.0,Toluene,42.79264278565502,12.792642785655019
7,Ethanol,130.0,Ethanol,321.8525293806061,191.8525293806061
7,Toluene,95.0,Ethylene,150.95430503440724,55.95430503440724
7,Toluene,85.0,Toluene,102.10203480964631,17.102034809646312
7,Ethanol,200.0,Ethanol,311.2513430721663,111.25134307216632
7,Toluene,45.0,Toluene,40.070668903692116,4.929331096307884
7,Toluene,65.0,Toluene,79.20204329105722,14.202043291057223
7,Ethanol,250.0,Ethanol,267.62786448960895,17.627864489608953
7,Ethanol,60.0,Acetaldehyde,20.731583813326523,39.26841618667348
7,Toluene,15.0,Acetone,102.8404587760071,87.8404587760071
7,Toluene,50.0,Toluene,64.00405400666929,14.004054006669293
7,Ethanol,10.0,Ethanol,247.52742262014385,237.52742262014385
7,Ethanol,240.0,Ethanol,330.65543562365,90.65543562365002
7,Toluene,40.0,Toluene,39.06177309887324,0.938226901126761
7,Toluene,35.0,Toluene,41.84699770909181,6.846997709091809
7,Ethanol,10.0,Ethanol,274.5614599281797,264.5614599281797
7,Ethanol,130.0,Ethanol,302.7621797614236,172.76217976142362
7,Toluene,75.0,Toluene,85.38340974774985,10.383409747749852
7,Toluene,90.0,Toluene,111.95687311471883,21.95687311471883
7,Ethanol,230.0,Ethanol,313.8872640830092,83.8872640830092
7,Toluene,80.0,Toluene,83.46739725602012,3.4673972560201207
7,Toluene,55.0,Toluene,60.802949829512414,5.802949829512414
7,Ethanol,180.0,Ethanol,302.40962002087934,122.40962002087934
7,Toluene,25.0,Toluene,28.796515265839147,3.7965152658391474
7,Toluene,2.5,Acetone,116.50898813522159,114.00898813522159
7,Ethanol,190.0,Ethanol,257.42952237637104,67.42952237637104
7,Ethanol,180.0,Ethanol,243.92393324227217,63.92393324227217
7,Ethanol,140.0,Ethanol,275.0961173119107,135.0961173119107
7,Ethanol,70.0,Acetaldehyde,17.83066649181336,52.16933350818664
7,Ethanol,280.0,Ethanol,258.29680141213163,21.70319858786837
7,Ethanol,210.0,Ethanol,311.5689682190299,101.5689682190299
7,Toluene,100.0,Ethylene,159.76558129037963,59.76558129037963
7,Toluene,1.0,Acetone,139.35461337110672,138.35461337110672
7,Ethanol,300.0,Ethanol,272.40376324414956,27.59623675585044
7,Ethanol,60.0,Acetaldehyde,12.134215889989008,47.86578411001099
7,Toluene,5.0,Acetone,130.17347571620698,125.17347571620698
7,Toluene,10.0,Toluene,8.663470421221568,1.336529578778432
7,Ethanol,220.0,Ethanol,329.56614530984444,109.56614530984444
7,Toluene,60.0,Toluene,69.17694355048276,9.176943550482761
7,Toluene,20.0,Toluene,26.986652514609894,6.986652514609894
7,Ethanol,280.0,Ethanol,327.38677525082136,47.38677525082136
7,Toluene,70.0,Toluene,83.24872072021226,13.248720720212262
7,Toluene,30.0,Toluene,37.40987907944195,7.40987907944195
7,Ethanol,290.0,Ethanol,315.665020889347,25.665020889346977
7,Toluene,95.0,Toluene,103.9814077231801,8.981407723180098
7,Toluene,85.0,Toluene,101.27157964861539,16.271579648615386
7,Ethanol,200.0,Ethanol,321.5902717642959,121.59027176429589
7,Toluene,45.0,Toluene,45.538858345176955,0.5388583451769549
7,Toluene,65.0,Toluene,82.20090958316345,17.20090958316345
7,Ethanol,100.0,Acetaldehyde,15.458278217302805,84.5417217826972
7,Toluene,15.0,Acetone,101.08953969619432,86.08953969619432
7,Toluene,50.0,Toluene,59.902878596505815,9.902878596505815
7,Ethanol,240.0,Ethanol,320.8917068315953,80.89170683159529
7,Toluene,40.0,Toluene,38.245841761155404,1.754158238844596
7,Toluene,35.0,Toluene,40.731192971152495,5.731192971152495
7,Ethanol,10.0,Ethanol,278.48775717725186,268.48775717725186
7,Ethanol,130.0,Ethanol,296.5376495914552,166.5376495914552
7,Toluene,75.0,Toluene,82.96131994188632,7.961319941886316
7,Toluene,90.0,Toluene,106.87380310383276,16.873803103832756
7,Ethanol,230.0,Ethanol,313.8269976585016,83.82699765850163
7,Toluene,80.0,Toluene,80.27809805942063,0.2780980594206284
7,Toluene,55.0,Toluene,61.436509940085756,6.436509940085756
7,Ethanol,270.0,Ethanol,272.3616395950005,2.361639595000497
7,Ethanol,180.0,Ethanol,319.5136134859213,139.51361348592133
7,Toluene,25.0,Toluene,29.061768201555257,4.061768201555257
7,Toluene,10.0,Acetone,122.1803043969058,112.1803043969058
7,Ethanol,190.0,Ethanol,218.3383415524529,28.338341552452903
7,Ethanol,90.0,Ethanol,230.57698484690943,140.57698484690943
7,Ethanol,10.0,Ethanol,301.7996733598423,291.7996733598423
7,Ethanol,70.0,Acetaldehyde,20.017948699485217,49.98205130051478
7,Ethanol,100.0,Ethanol,257.39902477987715,157.39902477987715
7,Ethanol,210.0,Ethanol,317.51435025542264,107.51435025542264
7,Toluene,100.0,Toluene,109.24896484110737,9.248964841107366
7,Toluene,1.0,Acetone,138.1344172841702,137.1344172841702
7,Ethanol,300.0,Ethanol,278.50501216010605,21.494987839893952
7,Ethanol,10.0,Acetaldehyde,15.410459544159082,5.410459544159082
7,Toluene,5.0,Acetone,131.2094124856503,126.20941248565029
7,Toluene,10.0,Toluene,10.91631808782165,0.9163180878216508
7,Ethanol,130.0,Ethanol,228.60890864508343,98.60890864508343
7,Ethanol,220.0,Ethanol,322.47626056207866,102.47626056207866
7,Toluene,60.0,Toluene,66.7120444173657,6.7120444173657035
7,Toluene,20.0,Toluene,23.902959023494635,3.9029590234946347
7,Ethanol,280.0,Ethanol,323.6117350741601,43.611735074160094
7,Toluene,70.0,Toluene,76.17723319388746,6.17723319388746
7,Toluene,130.0,Toluene,38.01856464635237,91.98143535364764
7,Ethanol,290.0,Ethanol,327.1441347916753,37.1441347916753
7,Toluene,95.0,Toluene,97.0766710523844,2.0766710523843983
7,Toluene,85.0,Toluene,96.03867330957172,11.03867330957172
7,Ethanol,200.0,Ethanol,327.2489884916978,127.24898849169779
7,Toluene,45.0,Toluene,39.64587084334299,5.3541291566570095
7,Toluene,65.0,Toluene,79.69342728359058,14.69342728359058
7,Ethanol,100.0,Acetaldehyde,13.528053721479566,86.47194627852043
7,Toluene,15.0,Acetone,103.46061011617459,88.46061011617459
7,Toluene,50.0,Toluene,60.50892359771632,10.508923597716318
7,Ethanol,240.0,Ethanol,303.1991712756379,63.19917127563792
7,Toluene,40.0,Toluene,40.01625973070935,0.016259730709350606
7,Toluene,35.0,Toluene,43.41635180402917,8.41635180402917
7,Ethanol,260.0,Ethanol,256.2614080232091,3.7385919767908717
7,Ethanol,130.0,Ethanol,295.53875882498005,165.53875882498005
7,Toluene,75.0,Toluene,80.13984843197281,5.139848431972808
7,Toluene,90.0,Toluene,105.67346045048265,15.67346045048265
7,Ethanol,230.0,Ethanol,323.2609384712678,93.26093847126782
7,Toluene,80.0,Toluene,82.11437701801853,2.11437701801853
7,Toluene,55.0,Toluene,63.11835713144335,8.118357131443346
7,Ethanol,270.0,Ethanol,271.082533110797,1.0825331107969873
7,Ethanol,180.0,Ethanol,290.14362047821123,110.14362047821123
7,Toluene,25.0,Toluene,28.04489398459253,3.0448939845925302
7,Toluene,2.5,Acetone,117.31673090161958,114.81673090161958
7,Ethanol,190.0,Ethanol,221.3691287137704,31.369128713770408
7,Ethanol,90.0,Ethanol,256.0905594031198,166.0905594031198
7,Ethanol,140.0,Ethanol,294.93154001041734,154.93154001041734
7,Ethanol,70.0,Ethanol,203.4231838198248,133.4231838198248
7,Ethanol,2.5,Ethanol,255.6003602447962,253.1003602447962
7,Ethanol,10.0,Ethanol,324.438383385897,314.438383385897
7,Toluene,100.0,Ethylene,169.03384602663095,69.03384602663095
7,Toluene,1.0,Acetone,142.67475427288701,141.67475427288701
7,Ethanol,300.0,Ethanol,276.0138495923205,23.986150407679474
7,Ethanol,50.0,Acetaldehyde,12.332535843770813,37.66746415622919
7,Toluene,5.0,Acetone,131.8797963291606,126.8797963291606
7,Toluene,10.0,Toluene,10.199781767291555,0.1997817672915545
7,Ethanol,10.0,Ethanol,341.63653353287873,331.63653353287873
7,Toluene,60.0,Toluene,65.2087827036454,5.208782703645397
7,Toluene,20.0,Toluene,23.63495863873561,3.634958638735611
7,Ethanol,280.0,Ethanol,348.5357984267813,68.5357984267813
7,Toluene,70.0,Toluene,76.75179502401357,6.751795024013575
7,Toluene,30.0,Toluene,38.98265546255364,8.982655462553637
7,Ethanol,5.0,Ethanol,334.1659738100848,329.1659738100848
7,Toluene,95.0,Ethylene,144.46856744004265,49.46856744004265
7,Toluene,85.0,Toluene,101.34947795156121,16.349477951561212
7,Ethanol,200.0,Ethanol,332.93863894909765,132.93863894909765
7,Toluene,45.0,Toluene,40.7294130319001,4.270586968099899
7,Toluene,65.0,Toluene,78.61711568874746,13.617115688747461
7,Ethanol,60.0,Acetaldehyde,14.223289659807492,45.77671034019251
7,Toluene,15.0,Acetone,108.45753983423347,93.45753983423347
7,Toluene,50.0,Toluene,56.03944260796183,6.039442607961831
7,Ethanol,240.0,Ethanol,310.3187148269026,70.31871482690258
7,Toluene,40.0,Toluene,35.8421075137612,4.157892486238801
7,Toluene,35.0,Toluene,40.758557462757466,5.758557462757466
7,Ethanol,260.0,Ethanol,265.54602828163945,5.546028281639451
7,Ethanol,130.0,Ethanol,290.39406960834833,160.39406960834833
7,Toluene,75.0,Toluene,82.33560172646264,7.335601726462642
7,Toluene,90.0,Toluene,112.75679949531691,22.756799495316912
7,Ethanol,70.0,Ethanol,323.0479457200959,253.04794572009592
7,Toluene,80.0,Toluene,87.75936960428555,7.759369604285553
7,Toluene,55.0,Toluene,68.0655109581263,13.065510958126296
7,Ethanol,180.0,Ethanol,335.34619349730724,155.34619349730724
7,Toluene,25.0,Toluene,29.415407120907407,4.415407120907407
7,Toluene,10.0,Acetone,116.5073523438384,106.5073523438384
7,Ethanol,10.0,Ethanol,250.0135123736761,240.0135123736761
7,Ethanol,90.0,Ethanol,247.355995030263,157.355995030263
7,Ethanol,140.0,Ethanol,311.6839289576038,171.68392895760383
7,Ethanol,70.0,Ethanol,215.94898813142538,145.94898813142538
7,Ethanol,100.0,Ethanol,249.64774724994444,149.64774724994444
7,Ethanol,210.0,Ethanol,317.01779605373486,107.01779605373486
7,Toluene,100.0,Ethylene,163.085663326037,63.08566332603701
7,Toluene,1.0,Acetone,131.2574153796155,130.2574153796155
7,Ethanol,300.0,Ethanol,271.71240805231633,28.287591947683666
7,Ethanol,50.0,Acetaldehyde,13.990483254119937,36.00951674588006
7,Toluene,5.0,Acetone,125.98451164143682,120.98451164143682
7,Toluene,10.0,Toluene,8.366372321065889,1.6336276789341113
7,Ethanol,220.0,Ethanol,335.1626656630627,115.16266566306268
7,Toluene,60.0,Toluene,69.35064840300208,9.350648403002083
7,Toluene,230.0,Toluene,24.567592787334707,205.43240721266528
7,Ethanol,280.0,Ethanol,331.7573863009078,51.7573863009078
7,Toluene,70.0,Toluene,77.10293979510455,7.102939795104547
7,Toluene,30.0,Toluene,34.88709431425572,4.8870943142557195
7,Ethanol,290.0,Ethanol,338.2284696400422,48.22846964004219
7,Toluene,95.0,Ethylene,148.7579999890387,53.757999989038694
7,Toluene,85.0,Toluene,101.7521098598724,16.752109859872405
7,Ethanol,200.0,Ethanol,332.12360340164463,132.12360340164463
7,Toluene,45.0,Toluene,41.02637989538458,3.9736201046154207
7,Toluene,65.0,Toluene,81.66766889224841,16.667668892248415
7,Toluene,15.0,Acetone,106.74345450960945,91.74345450960945
7,Toluene,50.0,Toluene,63.140343349016945,13.140343349016945
7,Ethanol,240.0,Ethanol,318.1885751810586,78.18857518105858
7,Toluene,40.0,Toluene,40.08671766437848,0.08671766437848305
7,Toluene,35.0,Toluene,43.64594675499663,8.64594675499663
7,Ethanol,300.0,Ethanol,305.39831295884073,5.398312958840734
7,Toluene,75.0,Ethylene,134.19898510191473,59.19898510191473
7,Toluene,90.0,Toluene,114.61877370733048,24.618773707330476
7,Ethanol,10.0,Ethanol,330.64937575700753,320.64937575700753
7,Toluene,80.0,Ethylene,145.17031482290707,65.17031482290707
7,Toluene,55.0,Toluene,68.41892306505989,13.418923065059886
7,Ethanol,180.0,Ethanol,324.54810238387637,144.54810238387637
7,Toluene,25.0,Toluene,32.93443569711256,7.934435697112562
7,Toluene,2.5,Acetone,111.20150534654336,108.70150534654336
7,Ethanol,190.0,Ethanol,232.9612228005933,42.961222800593305
7,Ethanol,90.0,Ethanol,258.7661918674189,168.7661918674189
7,Ethanol,140.0,Ethanol,289.78934216157177,149.78934216157177
7,Ethanol,70.0,Acetaldehyde,13.738026948197415,56.261973051802585
7,Ethanol,100.0,Ethanol,248.48337593432828,148.48337593432828
7,Ethanol,210.0,Ethanol,315.4770966321131,105.4770966321131
7,Toluene,100.0,Ethylene,161.0267884199613,61.02678841996129
7,Toluene,1.0,Acetone,123.7234078221135,122.7234078221135
7,Ethanol,10.0,Ethanol,267.0708824318681,257.0708824318681
7,Toluene,5.0,Acetone,122.85535730027789,117.85535730027789
7,Toluene,10.0,Toluene,8.032109034454109,1.967890965545891
7,Ethanol,40.0,Ethanol,335.70316331181004,295.70316331181004
7,Toluene,60.0,Toluene,70.19480773816996,10.194807738169956
7,Toluene,160.0,Toluene,24.4780135563547,135.5219864436453
7,Ethanol,290.0,Ethanol,329.11659349056947,39.11659349056947
7,Toluene,70.0,Ethylene,131.22244792136337,61.22244792136337
7,Toluene,30.0,Toluene,40.505367716477764,10.505367716477764
7,Ethanol,290.0,Ethanol,325.42459253922493,35.42459253922493
7,Toluene,95.0,Ethylene,145.53160174387742,50.53160174387742
7,Toluene,85.0,Toluene,107.41652951427473,22.41652951427473
7,Ethanol,200.0,Ethanol,334.5602476814352,134.56024768143521
7,Toluene,45.0,Toluene,45.604801493300684,0.604801493300684
7,Toluene,65.0,Toluene,81.02889090355436,16.028890903554355
7,Toluene,15.0,Acetone,108.06512804397134,93.06512804397134
7,Toluene,50.0,Toluene,63.25411937232897,13.254119372328972
7,Ethanol,240.0,Ethanol,321.6277029204675,81.62770292046753
7,Toluene,40.0,Toluene,44.75579132556795,4.755791325567948
7,Toluene,35.0,Toluene,37.9715034138283,2.9715034138283016
7,Ethanol,130.0,Ethanol,292.0575710325399,162.0575710325399
7,Toluene,75.0,Ethylene,130.5867240200972,55.58672402009719
7,Toluene,90.0,Toluene,115.43853509949611,25.438535099496107
7,Ethanol,230.0,Ethanol,314.5481071429812,84.54810714298122
7,Toluene,80.0,Ethylene,142.59425847984704,62.59425847984704
7,Toluene,55.0,Toluene,65.20086713932669,10.20086713932669
7,Ethanol,180.0,Ethanol,323.6768523236743,143.67685232367432
7,Toluene,25.0,Toluene,27.817852031155123,2.817852031155123
7,Toluene,2.5,Acetone,110.7754084222666,108.2754084222666
7,Ethanol,190.0,Ethanol,239.36877373704883,49.368773737048826
7,Ethanol,140.0,Ethanol,239.1006117230267,99.1006117230267
7,Ethanol,140.0,Ethanol,287.5960258924592,147.59602589245918
7,Ethanol,10.0,Acetaldehyde,11.681737235751996,1.6817372357519957
7,Ethanol,10.0,Ethanol,232.796966359368,222.796966359368
7,Ethanol,210.0,Ethanol,320.2283572175925,110.22835721759247
7,Toluene,100.0,Ethylene,143.79663383287598,43.79663383287598
7,Toluene,10.0,Acetone,136.32995001508814,126.32995001508814
7,Ethanol,300.0,Ethanol,272.88401321251905,27.11598678748095
7,Toluene,5.0,Acetone,129.95751023815222,124.95751023815222
7,Toluene,10.0,Toluene,10.340578086947481,0.34057808694748104
7,Ethanol,220.0,Ethanol,306.5484584647858,86.54845846478582
7,Toluene,60.0,Toluene,65.45610217991648,5.456102179916485
7,Toluene,20.0,Toluene,24.306230460421116,4.306230460421116
7,Ethanol,280.0,Ethanol,322.4719049585418,42.47190495854181
7,Toluene,70.0,Ethylene,126.15197573529261,56.15197573529261
7,Toluene,30.0,Toluene,38.70984602375954,8.709846023759539
7,Ethanol,290.0,Ethanol,317.381962744063,27.381962744063003
7,Toluene,95.0,Ethylene,148.224600235137,53.22460023513699
7,Toluene,85.0,Toluene,101.12169268995066,16.121692689950663
7,Ethanol,200.0,Ethanol,330.63500724004484,130.63500724004484
7,Toluene,45.0,Toluene,38.262378414606815,6.737621585393185
7,Toluene,65.0,Toluene,80.32303523447123,15.323035234471234
7,Toluene,15.0,Acetone,107.29362342209475,92.29362342209475
7,Toluene,50.0,Toluene,62.21998507037206,12.219985070372061
7,Ethanol,240.0,Ethanol,323.2543550897167,83.25435508971668
7,Toluene,40.0,Toluene,33.320246116463174,6.679753883536826
7,Toluene,35.0,Toluene,38.06893989450687,3.068939894506869
7,Ethanol,130.0,Ethanol,294.4295656877439,164.4295656877439
7,Toluene,75.0,Toluene,81.50523358357677,6.505233583576768
7,Toluene,90.0,Toluene,112.77247286924506,22.772472869245064
7,Ethanol,230.0,Ethanol,343.25275475243114,113.25275475243114
7,Toluene,80.0,Ethylene,131.47258925932982,51.47258925932982
7,Toluene,160.0,Toluene,63.46233642879777,96.53766357120223
7,Ethanol,180.0,Ethanol,322.6121411788452,142.6121411788452
7,Toluene,25.0,Toluene,28.880336033643882,3.880336033643882
7,Toluene,220.0,Acetone,119.88134152668263,100.11865847331737
7,Ethanol,90.0,Ethanol,226.1608762788214,136.1608762788214
7,Ethanol,140.0,Ethanol,286.8632383381104,146.86323833811042
7,Ethanol,70.0,Acetaldehyde,10.16776755903581,59.83223244096419
7,Ethanol,100.0,Ethanol,237.4083158387931,137.4083158387931
7,Ethanol,210.0,Ethanol,317.55197253414906,107.55197253414906
7,Toluene,100.0,Ethylene,158.11959700391625,58.119597003916255
7,Toluene,10.0,Acetone,138.3851358259646,128.3851358259646
7,Ethanol,10.0,Ethanol,262.74575659256305,252.74575659256305
7,Toluene,5.0,Acetone,126.11731822824254,121.11731822824254
7,Toluene,10.0,Toluene,9.277697386504506,0.7223026134954935
7,Ethanol,220.0,Ethanol,305.4531062229377,85.45310622293772
7,Toluene,60.0,Toluene,65.93629638053207,5.93629638053207
7,Toluene,20.0,Toluene,20.398556892876105,0.39855689287610474
7,Ethanol,280.0,Ethanol,337.551181199361,57.551181199361
7,Toluene,70.0,Toluene,75.18680484648621,5.186804846486211
7,Toluene,30.0,Toluene,35.232783601701456,5.232783601701456
7,Ethanol,290.0,Ethanol,330.64033847204394,40.640338472043936
7,Toluene,95.0,Ethylene,142.6611291371414,47.66112913714139
7,Toluene,85.0,Toluene,99.82140327709001,14.821403277090013
7,Ethanol,200.0,Ethanol,318.0594333942633,118.0594333942633
7,Toluene,45.0,Toluene,43.45086610332456,1.5491338966754427
7,Toluene,65.0,Toluene,80.06352842298584,15.06352842298584
7,Toluene,15.0,Acetone,105.45449155933957,90.45449155933957
7,Toluene,50.0,Toluene,63.83584723794896,13.835847237948961
7,Ethanol,240.0,Ethanol,319.6386725901804,79.63867259018042
7,Toluene,40.0,Toluene,38.95766473885324,1.0423352611467607
7,Toluene,35.0,Toluene,36.12954123187155,1.1295412318715492
7,Ethanol,130.0,Ethanol,287.4713049142483,157.47130491424832
7,Toluene,75.0,Toluene,83.25653525252847,8.256535252528465
7,Toluene,90.0,Toluene,107.00898496726651,17.008984967266514
7,Ethanol,230.0,Ethanol,326.91536416499036,96.91536416499036
7,Toluene,80.0,Toluene,84.16643708037975,4.166437080379751
7,Toluene,55.0,Toluene,62.674625589024096,7.674625589024096
7,Ethanol,180.0,Ethanol,329.90274210393784,149.90274210393784
7,Toluene,25.0,Toluene,27.642639927202847,2.642639927202847
7,Toluene,30.0,Acetone,114.30536480999547,84.30536480999547
7,Ethanol,190.0,Ethanol,225.00139024374855,35.001390243748546
7,Ethanol,90.0,Ethanol,222.63855742035184,132.63855742035184
7,Ethanol,140.0,Ethanol,291.3899694982508,151.38996949825082
7,Ethanol,70.0,Acetaldehyde,10.620632177131952,59.37936782286805
7,Ethanol,100.0,Ethanol,233.43926618518472,133.43926618518472
7,Ethanol,220.0,Ethanol,328.26048076915686,108.26048076915686
7,Toluene,100.0,Ethylene,161.28238853759382,61.28238853759382
7,Toluene,120.0,Acetone,138.2348641312886,18.23486413128859
7,Ethanol,300.0,Ethanol,238.14074218008676,61.85925781991324
7,Toluene,5.0,Acetone,127.87381560736621,122.87381560736621
7,Toluene,10.0,Toluene,11.969144391329706,1.9691443913297064
7,Ethanol,220.0,Ethanol,324.827777269164,104.82777726916402
7,Toluene,60.0,Toluene,64.59928520747641,4.599285207476413
7,Toluene,20.0,Toluene,19.965192249579765,0.034807750420235095
7,Ethanol,140.0,Ethanol,310.12438283280153,170.12438283280153
7,Toluene,70.0,Toluene,74.67802664407091,4.678026644070911
7,Toluene,30.0,Toluene,36.324300661908225,6.324300661908225
7,Ethanol,290.0,Ethanol,335.4470971162454,45.4470971162454
7,Toluene,95.0,Ethylene,146.9694101196438,51.96941011964381
7,Toluene,85.0,Toluene,102.35503683307118,17.355036833071182
7,Ethanol,200.0,Ethanol,317.6646652212584,117.66466522125842
7,Toluene,45.0,Toluene,45.72889296115268,0.7288929611526811
7,Toluene,65.0,Toluene,76.80253492360949,11.802534923609485
7,Toluene,15.0,Acetone,98.73497729046183,83.73497729046183
7,Toluene,50.0,Toluene,57.65129352230652,7.651293522306517
7,Ethanol,220.0,Ethanol,325.0033934107038,105.00339341070378
7,Toluene,40.0,Toluene,40.31496941238153,0.3149694123815294
7,Toluene,35.0,Toluene,39.56766211558637,4.567662115586373
7,Ethanol,130.0,Ethanol,293.1463906089595,163.1463906089595
7,Toluene,75.0,Ethylene,131.37111537433344,56.37111537433344
7,Toluene,90.0,Toluene,112.28957578794858,22.28957578794858
7,Ethanol,230.0,Ethanol,330.89658149140877,100.89658149140877
7,Toluene,80.0,Ethylene,131.05039799328503,51.05039799328503
7,Toluene,55.0,Toluene,64.18765422601548,9.187654226015482
7,Ethanol,180.0,Ethanol,327.9865105531905,147.9865105531905
7,Toluene,25.0,Toluene,27.41802159444559,2.418021594445591
7,Toluene,220.0,Acetone,113.85604747111486,106.14395252888514
7,Ethanol,10.0,Ethanol,246.15725899660904,236.15725899660904
7,Ethanol,90.0,Ethanol,237.6935840808434,147.6935840808434
7,Ethanol,140.0,Ethanol,307.44989218584993,167.44989218584993
7,Ethanol,20.0,Acetaldehyde,8.91039075094612,11.08960924905388
7,Ethanol,70.0,Ethanol,225.04509727766086,155.04509727766086
7,Ethanol,50.0,Ethanol,320.5422046032264,270.5422046032264
7,Toluene,100.0,Ethylene,152.6686762420537,52.66867624205369
7,Toluene,1.0,Acetone,131.74746839822333,130.74746839822333
7,Ethanol,120.0,Ethanol,259.68107050063304,139.68107050063304
7,Toluene,5.0,Acetone,125.99332144924306,120.99332144924306
7,Toluene,10.0,Toluene,6.710407786057857,3.289592213942143
7,Ethanol,220.0,Ethanol,326.0518653153302,106.05186531533019
7,Toluene,60.0,Toluene,67.39405803550592,7.394058035505921
7,Toluene,20.0,Toluene,22.950056045664944,2.950056045664944
7,Ethanol,280.0,Ethanol,327.92478299792526,47.92478299792526
7,Toluene,70.0,Ethylene,126.90503953110398,56.90503953110398
7,Toluene,30.0,Toluene,36.46420564143468,6.464205641434681
7,Ethanol,290.0,Ethanol,327.10688458499374,37.106884584993736
7,Toluene,95.0,Ethylene,144.72112541119103,49.721125411191025
7,Toluene,85.0,Toluene,105.54402892725196,20.544028927251958
7,Ethanol,200.0,Ethanol,314.00685814171044,114.00685814171044
7,Toluene,45.0,Toluene,39.28910882814445,5.71089117185555
7,Toluene,65.0,Toluene,85.47543047169478,20.47543047169478
7,Toluene,15.0,Acetone,102.68040770063938,87.68040770063938
7,Toluene,50.0,Toluene,58.585713362890274,8.585713362890274
7,Ethanol,240.0,Ethanol,332.5676361431242,92.56763614312422
7,Toluene,40.0,Toluene,40.73297362534134,0.7329736253413373
7,Toluene,35.0,Toluene,39.26868100907575,4.268681009075749
7,Ethanol,70.0,Ethanol,292.82912913945205,222.82912913945205
7,Toluene,75.0,Ethylene,133.83977627336657,58.83977627336657
7,Toluene,90.0,Toluene,114.17811257576679,24.17811257576679
7,Ethanol,120.0,Ethanol,319.9371404185419,199.9371404185419
7,Toluene,80.0,Ethylene,139.18852179624463,59.18852179624463
7,Toluene,55.0,Toluene,66.27062242611628,11.270622426116276
7,Ethanol,180.0,Ethanol,323.99618832002295,143.99618832002295
7,Toluene,25.0,Toluene,30.82192090040751,5.821920900407509
7,Toluene,2.5,Acetone,109.35947901168126,106.85947901168126
7,Ethanol,90.0,Ethanol,237.06705165883844,147.06705165883844
7,Ethanol,120.0,Ethanol,285.3818380157213,165.3818380157213
7,Ethanol,70.0,Acetaldehyde,7.823453959141432,62.17654604085857
7,Ethanol,100.0,Ethanol,232.08522016327728,132.08522016327728
7,Ethanol,210.0,Ethanol,331.61584651253224,121.61584651253224
7,Toluene,100.0,Ethylene,149.46920479791956,49.46920479791956
7,Toluene,1.0,Acetone,131.2306621058651,130.2306621058651
7,Ethanol,300.0,Ethanol,266.7278524844381,33.272147515561926
7,Toluene,5.0,Acetone,124.9872159128317,119.9872159128317
7,Toluene,10.0,Toluene,8.76356218230913,1.2364378176908701
7,Ethanol,220.0,Ethanol,324.0318565161561,104.0318565161561
7,Toluene,60.0,Toluene,65.39714475295098,5.397144752950979
7,Toluene,20.0,Toluene,24.247121692849294,4.247121692849294
7,Ethanol,280.0,Ethanol,354.2763198812839,74.27631988128388
7,Toluene,70.0,Toluene,73.95459810867662,3.9545981086766204
7,Toluene,30.0,Toluene,32.819632019055675,2.8196320190556747
7,Ethanol,240.0,Ethanol,338.04566016833513,98.04566016833513
7,Toluene,95.0,Ethylene,135.916375692719,40.91637569271899
7,Toluene,85.0,Toluene,107.03636353383183,22.03636353383183
7,Ethanol,200.0,Ethanol,322.10235157071907,122.10235157071907
7,Toluene,45.0,Toluene,46.18871243291096,1.188712432910961
7,Toluene,65.0,Toluene,81.39720057282193,16.39720057282193
7,Toluene,15.0,Toluene,16.750586823847094,1.7505868238470939
7,Toluene,50.0,Toluene,60.8306760587086,10.830676058708598
7,Ethanol,240.0,Ethanol,326.16625248174796,86.16625248174796
7,Toluene,40.0,Toluene,41.520343459956905,1.520343459956905
7,Toluene,35.0,Toluene,40.888724680626595,5.888724680626595
7,Ethanol,130.0,Ethanol,287.15840680453175,157.15840680453175
7,Toluene,75.0,Toluene,80.79619889713558,5.796198897135582
7,Toluene,90.0,Toluene,114.29089478941711,24.29089478941711
7,Ethanol,230.0,Ethanol,324.730351986241,94.73035198624098
7,Toluene,80.0,Toluene,82.44249877142819,2.442498771428191
7,Toluene,55.0,Toluene,66.75136661968341,11.75136661968341
7,Ethanol,180.0,Ethanol,327.9107627184421,147.91076271844207
7,Toluene,25.0,Toluene,29.60564741253221,4.60564741253221
7,Toluene,2.5,Acetone,114.43476406983154,111.93476406983154
7,Ethanol,100.0,Ethanol,222.64273482889175,122.64273482889175
7,Ethanol,140.0,Ethanol,294.7232409102638,154.72324091026383
7,Ethanol,70.0,Acetaldehyde,6.708926732645992,63.29107326735401
7,Ethanol,180.0,Ethanol,249.13772957503758,69.13772957503758
7,Ethanol,200.0,Ethanol,333.00838595127766,133.00838595127766
7,Toluene,100.0,Ethylene,154.54482520278947,54.54482520278947
7,Toluene,1.0,Acetone,134.6597295093416,133.6597295093416
7,Ethanol,50.0,Ethanol,264.11138690340846,214.11138690340846
7,Toluene,5.0,Acetone,129.52198723414364,124.52198723414364
7,Toluene,10.0,Toluene,12.272370360551136,2.272370360551136
7,Ethanol,220.0,Ethanol,324.128834816546,104.12883481654598
7,Toluene,60.0,Toluene,66.0305127401378,6.0305127401377945
7,Toluene,20.0,Toluene,24.303813506421914,4.303813506421914
7,Ethanol,200.0,Ethanol,345.02962755864786,145.02962755864786
7,Toluene,70.0,Toluene,75.87767959705602,5.877679597056016
7,Toluene,30.0,Toluene,38.01831987914832,8.018319879148322
7,Ethanol,290.0,Ethanol,321.1971922087134,31.197192208713375
7,Toluene,95.0,Ethylene,141.38325778497304,46.38325778497304
7,Toluene,85.0,Toluene,104.78466125444234,19.78466125444234
7,Ethanol,140.0,Ethanol,330.29312850926505,190.29312850926505
7,Toluene,45.0,Toluene,45.40148368446283,0.401483684462832
7,Toluene,65.0,Toluene,79.70663409695076,14.706634096950765
7,Toluene,15.0,Acetone,100.50959596750202,85.50959596750202
7,Toluene,50.0,Toluene,60.53658099503465,10.536580995034647
7,Ethanol,240.0,Ethanol,333.0391013335373,93.0391013335373
7,Toluene,40.0,Toluene,40.53408959014892,0.5340895901489233
7,Toluene,35.0,Toluene,36.551323217848385,1.5513232178483847
7,Ethanol,130.0,Ethanol,282.9256245174315,152.92562451743152
7,Toluene,75.0,Toluene,83.4591602979803,8.459160297980304
7,Toluene,90.0,Toluene,111.14046265849599,21.14046265849599
7,Ethanol,230.0,Ethanol,327.63191007097,97.63191007096998
7,Toluene,80.0,Toluene,84.1015427897984,4.101542789798401
7,Toluene,55.0,Toluene,64.9343096882645,9.934309688264506
7,Ethanol,180.0,Ethanol,332.49435001281734,152.49435001281734
7,Toluene,25.0,Toluene,25.483709353336753,0.4837093533367529
7,Toluene,2.5,Acetone,115.87175722269153,113.37175722269153
7,Ethanol,90.0,Ethanol,232.08995363474838,142.08995363474838
7,Ethanol,140.0,Ethanol,306.0892862928337,166.08928629283372
7,Ethanol,70.0,Acetaldehyde,11.049140188597406,58.950859811402594
7,Ethanol,100.0,Ethanol,241.87357852746624,141.87357852746624
7,Ethanol,210.0,Ethanol,321.84111887328527,111.84111887328527
7,Toluene,10.0,Toluene,17.1694686221279,7.169468622127901
7,Toluene,10.0,Toluene,14.505621144015294,4.505621144015294
7,Toluene,10.0,Toluene,13.912534799440571,3.9125347994405715
7,Toluene,10.0,Toluene,12.702982877641809,2.7029828776418086
7,Toluene,10.0,Toluene,13.627338331490442,3.627338331490442
7,Toluene,10.0,Toluene,12.78513816253998,2.7851381625399796
7,Toluene,110.0,Toluene,14.196284177288135,95.80371582271187
7,Toluene,10.0,Toluene,9.271421404038541,0.7285785959614586
7,Toluene,10.0,Toluene,12.135833924410825,2.135833924410825
7,Toluene,10.0,Toluene,10.38343234470608,0.3834323447060797
7,Toluene,10.0,Toluene,10.642424220497752,0.6424242204977517
7,Toluene,10.0,Toluene,14.021063451467015,4.021063451467015
7,Toluene,10.0,Toluene,12.754306125056338,2.7543061250563383
7,Toluene,10.0,Toluene,12.774921725095986,2.774921725095986
7,Toluene,10.0,Toluene,14.828859098444148,4.828859098444148
7,Toluene,10.0,Toluene,10.16185499011565,0.16185499011564985
7,Toluene,10.0,Toluene,10.976342846285227,0.9763428462852275
7,Toluene,10.0,Toluene,12.032216167484592,2.0322161674845916
7,Toluene,10.0,Toluene,10.761605257821437,0.7616052578214365
7,Toluene,10.0,Toluene,13.136250956764421,3.136250956764421
7,Toluene,10.0,Toluene,13.613010785318401,3.6130107853184015
7,Toluene,10.0,Toluene,10.718989234648916,0.718989234648916
7,Toluene,10.0,Toluene,15.047016449970293,5.047016449970293
7,Toluene,80.0,Toluene,12.302709732041343,67.69729026795866
7,Toluene,10.0,Toluene,11.268645176289269,1.2686451762892688
7,Toluene,10.0,Toluene,9.130585960105371,0.8694140398946288
7,Toluene,10.0,Toluene,12.943305291003071,2.943305291003071
7,Toluene,10.0,Toluene,12.284613769029306,2.2846137690293062
7,Toluene,10.0,Toluene,11.108446880247577,1.1084468802475769
7,Toluene,10.0,Toluene,11.746063117758524,1.7460631177585242
7,Toluene,150.0,Toluene,11.06605959588233,138.93394040411766
7,Toluene,10.0,Toluene,11.012729617927477,1.0127296179274765
7,Toluene,10.0,Toluene,11.642188827840293,1.6421888278402932
7,Toluene,10.0,Toluene,11.769749045720275,1.7697490457202747
7,Toluene,10.0,Toluene,11.627956161983143,1.6279561619831426
7,Toluene,10.0,Toluene,11.785864937483382,1.7858649374833817
7,Toluene,10.0,Toluene,10.42386137738518,0.4238613773851796
7,Toluene,10.0,Toluene,10.479586630384937,0.47958663038493654
7,Toluene,10.0,Toluene,10.715405003133334,0.7154050031333341
7,Toluene,10.0,Toluene,11.281802967463186,1.281802967463186
7,Toluene,10.0,Toluene,11.050374369004075,1.050374369004075
7,Toluene,100.0,Toluene,12.718609574066285,87.28139042593372
7,Toluene,10.0,Toluene,11.806764017908712,1.806764017908712
7,Toluene,10.0,Toluene,12.030614756861937,2.0306147568619366
7,Toluene,10.0,Toluene,13.576833138601536,3.576833138601536
7,Toluene,10.0,Toluene,9.348444374954184,0.6515556250458161
7,Toluene,10.0,Toluene,12.883495699013991,2.8834956990139915
7,Toluene,10.0,Toluene,11.543855565262874,1.5438555652628736
7,Toluene,10.0,Toluene,11.82255244026156,1.8225524402615605
7,Toluene,10.0,Toluene,12.773671629543095,2.773671629543095
7,Toluene,10.0,Toluene,10.104883821573914,0.10488382157391385
7,Toluene,10.0,Toluene,12.54319131920802,2.54319131920802
7,Toluene,10.0,Toluene,10.590242982920493,0.5902429829204934
7,Acetone,100.0,Acetone,51.94656975544472,48.05343024455528
7,Acetone,10.0,Acetone,5.913138501516229,4.086861498483771
7,Ethanol,300.0,Ethanol,277.27120555894163,22.72879444105837
7,Ethanol,50.0,Acetaldehyde,7.432289066075384,42.567710933924616
7,Acetone,200.0,Acetone,170.3400278928999,29.65997210710009
7,Acetone,20.0,Acetone,3.5618673545827733,16.438132645417227
7,Ethanol,220.0,Ethanol,322.60989550829504,102.60989550829504
7,Acetone,150.0,Acetone,115.01179103749041,34.98820896250959
7,Acetone,50.0,Acetone,6.496888785510464,43.503111214489536
7,Ethanol,280.0,Ethanol,319.9116051013129,39.91160510131289
7,Acetone,180.0,Acetone,150.08656854465025,29.913431455349752
7,Acetone,80.0,Acetone,20.567311764823216,59.432688235176784
7,Ethanol,290.0,Ethanol,316.60807534282804,26.608075342828045
7,Acetone,250.0,Acetone,203.7267272351164,46.273272764883586
7,Acetone,210.0,Acetone,163.53020349185243,46.46979650814757
7,Ethanol,200.0,Ethanol,325.8771569694084,125.87715696940842
7,Acetone,230.0,Acetone,186.50814261603142,43.49185738396858
7,Acetone,120.0,Acetone,66.14513966785772,53.85486033214228
7,Ethanol,10.0,Acetaldehyde,9.30281279479145,0.6971872052085502
7,Acetone,90.0,Acetone,41.776935787846085,48.223064212153915
7,Acetone,170.0,Acetone,134.87163092857833,35.12836907142167
7,Ethanol,240.0,Ethanol,320.35260613949833,80.35260613949833
7,Acetone,240.0,Acetone,199.85142727466246,40.148572725337544
7,Acetone,60.0,Acetone,7.967497735616718,52.03250226438328
7,Ethanol,10.0,Ethanol,263.7042654921472,253.70426549214721
7,Acetone,190.0,Acetone,162.81647265615973,27.183527343840268
7,Acetone,30.0,Acetone,5.396904269971259,24.60309573002874
7,Ethanol,230.0,Ethanol,317.8531331370799,87.85313313707991
7,Acetone,220.0,Acetone,187.79267321170772,32.20732678829228
7,Acetone,110.0,Acetone,56.98654473819386,53.01345526180614
7,Ethanol,10.0,Ethanol,303.99005136636276,293.99005136636276
7,Acetone,130.0,Acetone,93.59959271232393,36.400407287676074
7,Acetone,40.0,Acetone,9.654243394583446,30.345756605416554
7,Ethanol,90.0,Ethanol,199.8928825045689,109.89288250456889
7,Ethanol,140.0,Ethanol,277.80212644252356,137.80212644252356
7,Acetone,70.0,Acetone,33.72751113784213,36.27248886215787
7,Ethanol,100.0,Ethanol,210.95667579193162,110.95667579193162
7,Acetone,140.0,Acetone,111.11499871877028,28.88500128122972
7,Acetone,160.0,Acetone,128.86365768434723,31.13634231565277
7,Acetone,100.0,Acetone,63.41628900652326,36.58371099347674
7,Acetone,10.0,Acetone,9.652163380772919,0.3478366192270812
7,Ethanol,300.0,Ethanol,290.3967237497969,9.603276250203123
7,Ethanol,60.0,Acetaldehyde,8.154372793509864,51.845627206490136
7,Acetone,200.0,Acetone,177.1762787529657,22.823721247034314
7,Acetone,20.0,Acetone,8.933787039628342,11.066212960371658
7,Ethanol,220.0,Ethanol,303.1281639534131,83.1281639534131
7,Acetone,150.0,Acetone,120.90046473063798,29.099535269362022
7,Acetone,50.0,Acetone,11.665732788768267,38.33426721123173
7,Ethanol,210.0,Ethanol,324.10648493678053,114.10648493678053
7,Acetone,180.0,Acetone,155.3411384003307,24.658861599669308
7,Acetone,80.0,Acetone,25.934884535768546,54.065115464231454
7,Ethanol,290.0,Ethanol,310.75464497808895,20.754644978088947
7,Acetone,250.0,Acetone,211.92784998420666,38.07215001579334
7,Acetone,210.0,Acetone,168.3132957617891,41.68670423821089
7,Ethanol,200.0,Ethanol,321.763106804266,121.76310680426599
7,Acetone,230.0,Acetone,193.58692382191762,36.41307617808238
7,Acetone,120.0,Acetone,70.64914164910603,49.35085835089397
7,Ethanol,60.0,Acetaldehyde,5.990135367433169,54.00986463256683
7,Acetone,90.0,Acetone,42.432170945096104,47.567829054903896
7,Acetone,170.0,Acetone,140.12978542960323,29.87021457039677
7,Ethanol,240.0,Ethanol,321.46959683006816,81.46959683006816
7,Acetone,240.0,Acetone,203.86011606628497,36.139883933715026
7,Acetone,60.0,Acetone,9.629452000762981,50.37054799923702
7,Ethanol,130.0,Ethanol,237.94026038531905,107.94026038531905
7,Acetone,190.0,Acetone,166.98917020192314,23.010829798076855
7,Acetone,30.0,Acetone,12.5790990205913,17.4209009794087
7,Ethanol,230.0,Ethanol,337.4322433360321,107.43224333603212
7,Acetone,220.0,Acetone,185.71314854372145,34.286851456278555
7,Acetone,110.0,Acetone,58.02404167733806,51.97595832266194
7,Ethanol,160.0,Ethanol,311.59326585289296,151.59326585289296
7,Acetone,130.0,Acetone,92.4447046797469,37.555295320253094
7,Acetone,40.0,Acetone,16.034897998002478,23.965102001997522
7,Ethanol,90.0,Ethanol,223.7013663281117,133.7013663281117
7,Ethanol,240.0,Ethanol,280.85261176157917,40.85261176157917
7,Acetone,70.0,Acetone,29.272415467515458,40.72758453248454
7,Ethanol,230.0,Ethanol,213.40903025970582,16.590969740294184
7,Acetone,140.0,Acetone,113.66796713622722,26.33203286377278
7,Acetone,160.0,Acetone,130.22278305408125,29.777216945918752
7,Acetone,100.0,Acetone,64.88200233022249,35.11799766977751
7,Acetone,10.0,Acetone,11.221759045042845,1.2217590450428446
7,Ethanol,300.0,Ethanol,273.22744280533584,26.77255719466416
7,Ethanol,50.0,Acetaldehyde,8.84323025752964,41.15676974247036
7,Acetone,200.0,Acetone,175.91282816289169,24.087171837108315
7,Acetone,20.0,Acetone,11.7892639047881,8.2107360952119
7,Ethanol,240.0,Ethanol,309.6863946354567,69.68639463545668
7,Acetone,150.0,Acetone,122.79834934544752,27.20165065455248
7,Acetone,50.0,Acetone,9.840538884879209,40.15946111512079
7,Ethanol,280.0,Ethanol,334.88072712569857,54.88072712569857
7,Acetone,180.0,Acetone,155.8861324275086,24.113867572491387
7,Acetone,80.0,Acetone,22.996793222750753,57.00320677724925
7,Ethanol,290.0,Ethanol,329.8011909332851,39.80119093328511
7,Acetone,250.0,Acetone,211.59390270328873,38.406097296711266
7,Acetone,210.0,Acetone,170.6770548712767,39.32294512872329
7,Ethanol,200.0,Ethanol,325.57807423798187,125.57807423798187
7,Acetone,230.0,Acetone,193.84859507109212,36.15140492890788
7,Acetone,120.0,Acetone,75.92170233938043,44.07829766061957
7,Ethanol,60.0,Acetaldehyde,7.666453620340917,52.33354637965908
7,Acetone,90.0,Acetone,43.48620392072817,46.51379607927183
7,Acetone,170.0,Acetone,142.44981593528018,27.550184064719815
7,Ethanol,240.0,Ethanol,323.13383678546074,83.13383678546074
7,Acetone,240.0,Acetone,202.86097749810216,37.13902250189784
7,Acetone,60.0,Acetone,10.91047468372777,49.08952531627223
7,Ethanol,200.0,Ethanol,261.1635515761398,61.16355157613981
7,Acetone,190.0,Acetone,166.26711416769868,23.73288583230132
7,Acetone,30.0,Acetone,11.331095257376575,18.668904742623425
7,Ethanol,230.0,Ethanol,337.64911587580724,107.64911587580724
7,Acetone,220.0,Acetone,189.01195544793865,30.988044552061353
7,Acetone,110.0,Acetone,57.14584272859218,52.85415727140782
7,Ethanol,180.0,Ethanol,312.2918243836525,132.2918243836525
7,Acetone,130.0,Acetone,91.49708532752537,38.50291467247463
7,Acetone,40.0,Acetone,11.856113001791172,28.143886998208828
7,Ethanol,90.0,Ethanol,209.81276371524493,119.81276371524493
7,Ethanol,140.0,Ethanol,271.4212884914804,131.42128849148042
7,Acetone,70.0,Acetone,30.40140233004209,39.59859766995791
7,Ethanol,100.0,Ethanol,211.75349450045266,111.75349450045266
7,Acetone,140.0,Acetone,114.63751660736231,25.362483392637685
7,Acetone,160.0,Acetone,129.28251809188245,30.71748190811755
7,Acetone,100.0,Acetone,62.67281163659546,37.32718836340454
7,Acetone,10.0,Acetone,13.152388851558783,3.152388851558783
7,Ethanol,300.0,Ethanol,281.2968101889345,18.7031898110655
7,Ethanol,50.0,Acetaldehyde,6.991106386950705,43.008893613049295
7,Acetone,200.0,Acetone,173.26485608126148,26.735143918738515
7,Acetone,20.0,Acetone,9.868557953234173,10.131442046765827
7,Ethanol,220.0,Ethanol,344.4636864425701,124.46368644257012
7,Acetone,150.0,Acetone,113.59323908373909,36.40676091626091
7,Acetone,50.0,Acetone,6.108946920431393,43.89105307956861
7,Ethanol,280.0,Ethanol,330.3889673708253,50.3889673708253
7,Acetone,180.0,Acetone,155.50012460752484,24.49987539247516
7,Acetone,80.0,Acetone,17.395143747873988,62.60485625212601
7,Ethanol,290.0,Ethanol,337.34672366765363,47.346723667653634
7,Acetone,250.0,Acetone,209.66415551164135,40.335844488358646
7,Acetone,210.0,Acetone,162.2250856909273,47.7749143090727
7,Ethanol,200.0,Ethanol,319.6476420280137,119.6476420280137
7,Acetone,230.0,Acetone,195.30807656094836,34.691923439051635
7,Acetone,120.0,Acetone,69.62970324343317,50.37029675656683
7,Ethanol,60.0,Acetaldehyde,8.167682281170201,51.8323177188298
7,Acetone,90.0,Acetone,39.10495719723228,50.89504280276772
7,Acetone,170.0,Acetone,131.94372848434813,38.05627151565187
7,Ethanol,240.0,Ethanol,314.23686538666783,74.23686538666783
7,Acetone,240.0,Acetone,199.0183314890965,40.98166851090349
7,Acetone,60.0,Acetone,8.203115819918906,51.79688418008109
7,Ethanol,130.0,Ethanol,277.1798684866904,147.1798684866904
7,Acetone,190.0,Acetone,161.44385221531246,28.55614778468754
7,Acetone,30.0,Acetone,10.233850626063926,19.766149373936074
7,Ethanol,230.0,Ethanol,312.0779894231662,82.07798942316617
7,Acetone,220.0,Acetone,183.64812866875042,36.35187133124958
7,Acetone,110.0,Acetone,56.8209135907523,53.1790864092477
7,Ethanol,180.0,Ethanol,319.0279562993515,139.0279562993515
7,Acetone,130.0,Acetone,95.53163536299164,34.468364637008364
7,Acetone,40.0,Acetone,8.77085866729719,31.22914133270281
7,Ethanol,140.0,Ethanol,210.2245388455866,70.22453884558661
7,Ethanol,140.0,Ethanol,270.2700649647948,130.2700649647948
7,Acetone,70.0,Acetone,30.975901517378773,39.02409848262123
7,Ethanol,100.0,Ethanol,228.47414606743547,128.47414606743547
7,Acetone,140.0,Acetone,103.7246343409514,36.2753656590486
7,Acetone,160.0,Acetone,122.75392622855013,37.24607377144987
7,Acetone,100.0,Acetone,53.018559337545746,46.981440662454254
7,Acetone,10.0,Acetone,8.0794057812776,1.9205942187223997
7,Ethanol,300.0,Ethanol,275.3178579925289,24.6821420074711
7,Acetone,200.0,Acetone,173.48302608500916,26.516973914990842
7,Acetone,20.0,Acetone,6.610699244418299,13.3893007555817
7,Ethanol,220.0,Ethanol,311.67344792610766,91.67344792610766
7,Acetone,150.0,Acetone,117.5589034994834,32.44109650051659
7,Acetone,50.0,Acetone,3.098093333910839,46.90190666608916
7,Ethanol,280.0,Ethanol,313.8987650823683,33.8987650823683
7,Acetone,180.0,Acetone,154.96207255612083,25.03792744387917
7,Acetone,80.0,Acetone,20.209919554504424,59.790080445495576
7,Ethanol,290.0,Ethanol,334.4742068514188,44.474206851418785
7,Acetone,250.0,Acetone,207.56193318807772,42.43806681192228
7,Acetone,210.0,Acetone,165.00843179066996,44.99156820933004
7,Ethanol,200.0,Ethanol,312.0439474431229,112.04394744312287
7,Acetone,230.0,Acetone,193.19936026295858,36.80063973704142
7,Acetone,120.0,Acetone,73.6033412190504,46.39665878094959
7,Ethanol,50.0,Acetaldehyde,7.983197810375046,42.016802189624954
7,Acetone,90.0,Acetone,41.29359258907982,48.70640741092018
7,Acetone,170.0,Acetone,138.53349438684867,31.466505613151327
7,Ethanol,240.0,Ethanol,316.6098464053443,76.60984640534429
7,Acetone,240.0,Acetone,199.84738510487364,40.15261489512636
7,Acetone,60.0,Acetone,9.176302699144316,50.823697300855684
7,Ethanol,130.0,Ethanol,265.07287373351016,135.07287373351016
7,Acetone,190.0,Acetone,164.09915272602063,25.900847273979366
7,Acetone,30.0,Acetone,12.853730016969635,17.146269983030365
7,Ethanol,230.0,Ethanol,342.50461851695746,112.50461851695746
7,Acetone,220.0,Acetone,245.6929835217791,25.692983521779098
7,Acetone,110.0,Acetone,55.36516746887199,54.63483253112801
7,Ethanol,180.0,Ethanol,321.7172649998415,141.71726499984152
7,Acetone,130.0,Acetone,89.18332191737773,40.816678082622275
7,Acetone,40.0,Acetone,8.343557549650384,31.656442450349616
7,Ethanol,90.0,Ethanol,206.92920313333602,116.92920313333602
7,Ethanol,100.0,Ethanol,278.64037428591314,178.64037428591314
7,Acetone,70.0,Acetone,29.870948407902873,40.12905159209713
7,Ethanol,100.0,Ethanol,214.75517403972663,114.75517403972663
7,Acetone,140.0,Acetone,103.44543121327536,36.554568786724644
7,Acetone,160.0,Acetone,123.66149085508535,36.33850914491465
7,Acetone,100.0,Acetone,62.57928535213676,37.42071464786324
7,Acetone,10.0,Acetone,6.14726060513442,3.85273939486558
7,Ethanol,10.0,Ethanol,267.8263570065038,257.8263570065038
7,Acetone,200.0,Acetone,172.70476782591857,27.295232174081434
7,Acetone,20.0,Acetone,9.702666352034825,10.297333647965175
7,Ethanol,220.0,Ethanol,317.7569554439991,97.75695544399912
7,Acetone,150.0,Acetone,119.36745445751906,30.63254554248094
7,Acetone,50.0,Acetone,5.775699276039006,44.224300723960994
7,Ethanol,280.0,Ethanol,327.8581738340223,47.858173834022296
7,Acetone,180.0,Acetone,153.56519706165665,26.434802938343353
7,Acetone,80.0,Acetone,18.00141983888541,61.99858016111459
7,Ethanol,240.0,Ethanol,333.13053854329587,93.13053854329587
7,Acetone,250.0,Acetone,206.62159616576622,43.37840383423378
7,Acetone,210.0,Acetone,166.61798642959434,43.38201357040566
7,Ethanol,200.0,Ethanol,309.7273485086926,109.72734850869261
7,Acetone,230.0,Acetone,194.97727560296192,35.022724397038075
7,Acetone,120.0,Acetone,64.27977925289815,55.72022074710185
7,Acetone,90.0,Acetone,37.14065844696465,52.85934155303535
7,Acetone,170.0,Acetone,135.0641266877865,34.93587331221349
7,Ethanol,240.0,Ethanol,317.9054021669617,77.90540216696172
7,Acetone,240.0,Acetone,205.15194105409708,34.84805894590292
7,Acetone,60.0,Acetone,8.54608082719929,51.45391917280071
7,Ethanol,130.0,Ethanol,267.2130025266317,137.21300252663173
7,Acetone,190.0,Acetone,168.18105836487018,21.818941635129818
7,Acetone,30.0,Acetone,12.493751090897192,17.50624890910281
7,Ethanol,230.0,Ethanol,321.5059749927804,91.50597499278041
7,Acetone,220.0,Acetone,186.8850711944549,33.114928805545105
7,Acetone,110.0,Acetone,58.484500057286276,51.515499942713724
7,Ethanol,260.0,Ethanol,310.687835091082,50.68783509108198
7,Acetone,130.0,Acetone,92.67296569782286,37.32703430217714
7,Acetone,40.0,Acetone,8.812040092232351,31.18795990776765
7,Ethanol,90.0,Ethanol,212.83351716530422,122.83351716530422
7,Ethanol,140.0,Ethanol,267.38499896243246,127.38499896243246
7,Acetone,70.0,Acetone,33.95787318664874,36.04212681335126
7,Ethanol,100.0,Ethanol,212.1700148009105,112.17001480091051
7,Acetone,140.0,Acetone,104.65397980375985,35.34602019624015
7,Acetone,160.0,Acetone,126.73127578564436,33.26872421435564
7,Acetone,100.0,Acetone,37.18823796799563,62.81176203200437
7,Acetone,10.0,Acetone,0.7447917020664931,9.255208297933507
7,Ethanol,300.0,Ethanol,269.40339727363755,30.59660272636245
7,Ethanol,50.0,Acetaldehyde,7.731545690069012,42.26845430993099
7,Acetone,200.0,Acetone,176.68885456487928,23.31114543512072
7,Acetone,20.0,Acetone,5.743367318762495,14.256632681237505
7,Ethanol,220.0,Ethanol,326.36305540501235,106.36305540501235
7,Acetone,150.0,Acetone,120.03752896791096,29.96247103208904
7,Acetone,50.0,Acetone,5.648409353944601,44.3515906460554
7,Ethanol,200.0,Ethanol,330.33813305108094,130.33813305108094
7,Acetone,180.0,Acetone,157.29874970347117,22.701250296528826
7,Acetone,80.0,Acetone,17.58599328320952,62.41400671679048
7,Ethanol,290.0,Ethanol,325.4177625151435,35.41776251514352
7,Acetone,250.0,Acetone,212.93556572409807,37.06443427590193
7,Acetone,210.0,Acetone,168.71011416136815,41.28988583863185
7,Ethanol,200.0,Ethanol,329.7510773386666,129.75107733866662
7,Acetone,230.0,Acetone,196.77158429372543,33.228415706274575
7,Acetone,120.0,Acetone,70.94867311446598,49.051326885534024
7,Ethanol,60.0,Acetaldehyde,7.180160995949748,52.81983900405025
7,Acetone,90.0,Acetone,43.16213013252754,46.83786986747246
7,Acetone,170.0,Acetone,137.29157208624693,32.70842791375307
7,Ethanol,240.0,Ethanol,322.39126083788136,82.39126083788136
7,Acetone,240.0,Acetone,201.84733193808387,38.15266806191613
7,Acetone,60.0,Acetone,7.622216462729412,52.37778353727059
7,Ethanol,120.0,Ethanol,254.89643214332406,134.89643214332406
7,Acetone,190.0,Acetone,163.43495514202766,26.56504485797234
7,Acetone,30.0,Acetone,12.200580864158496,17.799419135841504
7,Ethanol,230.0,Ethanol,318.7134816028488,88.71348160284879
7,Acetone,220.0,Acetone,191.57219535119808,28.427804648801924
7,Acetone,110.0,Acetone,60.01181851070331,49.98818148929669
7,Ethanol,180.0,Ethanol,282.94980810968406,102.94980810968406
7,Acetone,130.0,Acetone,91.87230257870775,38.127697421292254
7,Acetone,40.0,Acetone,10.649913718281212,29.350086281718788
7,Ethanol,90.0,Ethanol,211.32128001799933,121.32128001799933
7,Ethanol,140.0,Ethanol,263.3760418241227,123.3760418241227
7,Acetone,70.0,Acetone,31.831885471916337,38.16811452808366
7,Ethanol,100.0,Ethanol,204.8096592529821,104.8096592529821
7,Acetone,140.0,Acetone,105.28609184858921,34.71390815141079
7,Acetone,160.0,Acetone,126.563181285454,33.43681871454601
7,Acetone,100.0,Acetone,69.1546561468725,30.845343853127503
7,Acetone,10.0,Acetone,7.523886900627076,2.476113099372924
7,Ethanol,10.0,Ethanol,285.61879717875337,275.61879717875337
7,Acetone,200.0,Acetone,177.80786246321583,22.192137536784173
7,Acetone,20.0,Acetone,8.280034030305941,11.719965969694059
7,Ethanol,220.0,Ethanol,320.37922434726664,100.37922434726664
7,Acetone,150.0,Acetone,118.56822763270426,31.431772367295736
7,Acetone,50.0,Acetone,3.550437668852254,46.449562331147746
7,Ethanol,280.0,Ethanol,332.8056056013863,52.805605601386276
7,Acetone,180.0,Acetone,155.48816553364986,24.511834466350138
7,Acetone,80.0,Acetone,16.904825285874807,63.09517471412519
7,Ethanol,290.0,Ethanol,341.72128355250743,51.72128355250743
7,Acetone,250.0,Acetone,211.9815626383961,38.0184373616039
7,Acetone,210.0,Acetone,170.35790166586696,39.64209833413304
7,Ethanol,200.0,Ethanol,333.36775438960524,133.36775438960524
7,Acetone,230.0,Acetone,197.91295194448682,32.08704805551318
7,Acetone,120.0,Acetone,72.08004421299222,47.91995578700778
7,Ethanol,60.0,Acetaldehyde,7.973880287776581,52.02611971222342
7,Acetone,90.0,Acetone,40.7117941834444,49.2882058165556
7,Acetone,170.0,Acetone,138.84461242153262,31.155387578467383
7,Ethanol,240.0,Ethanol,330.12748034225075,90.12748034225075
7,Acetone,240.0,Acetone,204.55280683352396,35.44719316647604
7,Acetone,60.0,Acetone,9.50383245580899,50.49616754419101
7,Ethanol,130.0,Ethanol,254.4445895618996,124.44458956189959
7,Acetone,190.0,Acetone,163.88054663416005,26.119453365839945
7,Acetone,30.0,Acetone,11.303097530776583,18.696902469223417
7,Ethanol,230.0,Ethanol,325.0195281076679,95.0195281076679
7,Acetone,220.0,Acetone,187.88761345533754,32.112386544662456
7,Acetone,110.0,Acetone,61.75948048855216,48.24051951144784
7,Ethanol,20.0,Ethanol,314.7761655109533,294.7761655109533
7,Acetone,130.0,Acetone,95.98785545644762,34.01214454355238
7,Acetone,40.0,Acetone,8.768776148256293,31.231223851743707
7,Ethanol,10.0,Ethanol,205.1547784178356,195.1547784178356
7,Ethanol,140.0,Ethanol,263.6064811859128,123.6064811859128
7,Acetone,70.0,Acetone,30.925333563212135,39.074666436787865
7,Ethanol,130.0,Ethanol,226.48415982412416,96.48415982412416
7,Acetone,140.0,Acetone,103.4963538298574,36.5036461701426
7,Acetone,160.0,Acetone,126.36673565245731,33.63326434754269
7,Acetone,100.0,Acetone,62.97083958853559,37.02916041146441
7,Acetone,10.0,Acetone,12.671051635313972,2.6710516353139724
7,Ethanol,100.0,Ethanol,261.9041947053672,161.90419470536722
7,Ethanol,50.0,Acetaldehyde,7.491570860522444,42.508429139477556
7,Acetone,200.0,Acetone,171.97391909600213,28.026080903997865
7,Acetone,20.0,Acetone,14.317642919292382,5.682357080707618
7,Ethanol,220.0,Ethanol,326.1037172316653,106.10371723166531
7,Acetone,150.0,Acetone,116.61413196020011,33.38586803979989
7,Acetone,50.0,Acetone,5.518063330328502,44.4819366696715
7,Ethanol,280.0,Ethanol,336.6291612192534,56.629161219253376
7,Acetone,180.0,Acetone,154.73256912097276,25.267430879027245
7,Acetone,80.0,Acetone,16.276058038868214,63.723941961131786
7,Ethanol,290.0,Ethanol,312.1192461712094,22.119246171209397
7,Acetone,250.0,Acetone,208.22590510454614,41.77409489545386
7,Acetone,210.0,Acetone,167.9448293406285,42.0551706593715
7,Ethanol,200.0,Ethanol,318.864981522263,118.86498152226301
7,Acetone,230.0,Acetone,195.21821661861196,34.78178338138804
7,Acetone,120.0,Acetone,67.81982524980677,52.18017475019323
7,Ethanol,60.0,Acetaldehyde,8.722798914407988,51.27720108559201
7,Acetone,90.0,Acetone,42.16603744459566,47.83396255540434
7,Acetone,170.0,Acetone,129.54297617693192,40.457023823068084
7,Ethanol,240.0,Ethanol,332.059257782477,92.059257782477
7,Acetone,240.0,Acetone,203.8238015870555,36.1761984129445
7,Acetone,60.0,Acetone,9.654574437459473,50.34542556254053
7,Ethanol,130.0,Ethanol,256.9361006925854,126.9361006925854
7,Acetone,190.0,Acetone,164.44929892847844,25.55070107152156
7,Acetone,30.0,Acetone,14.691888769703056,15.308111230296944
7,Ethanol,230.0,Ethanol,325.3887566444296,95.38875664442958
7,Acetone,220.0,Acetone,188.64694923563187,31.353050764368135
7,Acetone,110.0,Acetone,55.05692539291914,54.94307460708086
7,Ethanol,180.0,Ethanol,296.60620136717824,116.60620136717824
7,Acetone,130.0,Acetone,94.4202130316121,35.57978696838789
7,Acetone,40.0,Acetone,9.016207924607372,30.98379207539263
7,Ethanol,90.0,Ethanol,208.40905835472182,118.40905835472182
7,Ethanol,140.0,Ethanol,261.645749958542,121.64574995854201
7,Acetone,70.0,Acetone,33.63454891490012,36.36545108509988
7,Ethanol,5.0,Ethanol,220.4558034731757,215.4558034731757
7,Acetone,140.0,Acetone,102.14572024644275,37.85427975355725
7,Acetone,160.0,Acetone,121.36201022150516,38.63798977849484
7,Acetone,100.0,Acetone,63.415616559948454,36.584383440051546
7,Acetone,10.0,Acetone,6.591386129416108,3.408613870583892
7,Ethanol,2.5,Ethanol,274.35110744165445,271.85110744165445
7,Acetone,200.0,Acetone,177.2497249152965,22.750275084703503
7,Acetone,20.0,Acetone,7.206181134639863,12.793818865360137
7,Ethanol,220.0,Ethanol,317.96490060776813,97.96490060776813
7,Acetone,150.0,Acetone,119.74207466572724,30.257925334272755
7,Acetone,50.0,Acetone,4.312103376159996,45.687896623840004
7,Ethanol,280.0,Ethanol,327.78417566947326,47.78417566947326
7,Acetone,180.0,Acetone,154.81474585126125,25.18525414873875
7,Acetone,80.0,Acetone,14.172148289352265,65.82785171064774
7,Ethanol,290.0,Ethanol,324.8897574164018,34.88975741640178
7,Acetone,250.0,Acetone,209.04047118559203,40.959528814407975
7,Acetone,210.0,Acetone,166.1601193884648,43.83988061153519
7,Ethanol,200.0,Ethanol,316.00292236429203,116.00292236429203
7,Acetone,230.0,Acetone,198.1386262815522,31.861373718447794
7,Acetone,120.0,Acetone,67.32055776355024,52.67944223644976
7,Ethanol,100.0,Acetaldehyde,7.043409126146628,92.95659087385337
7,Acetone,90.0,Acetone,38.587287613025296,51.412712386974704
7,Acetone,170.0,Acetone,133.32391469059831,36.676085309401685
7,Ethanol,240.0,Ethanol,324.90981898446836,84.90981898446836
7,Acetone,240.0,Acetone,205.67851563718813,34.32148436281187
7,Acetone,60.0,Acetone,4.3106491135368685,55.68935088646313
7,Ethanol,50.0,Ethanol,258.99759385173655,208.99759385173655
7,Acetone,190.0,Acetone,165.84817147650344,24.15182852349656
7,Acetone,30.0,Acetone,11.208048346548495,18.791951653451505
7,Ethanol,230.0,Ethanol,323.94835858736076,93.94835858736076
7,Acetone,220.0,Acetone,192.46493046454555,27.535069535454454
7,Acetone,110.0,Acetone,60.43153667942147,49.56846332057853
7,Ethanol,180.0,Ethanol,314.3361307667234,134.3361307667234
7,Acetone,130.0,Acetone,89.05794576491013,40.94205423508987
7,Acetone,40.0,Acetone,11.408762601311906,28.591237398688094
7,Ethanol,90.0,Ethanol,205.03921980313703,115.03921980313703
7,Ethanol,140.0,Ethanol,257.5360772943191,117.53607729431911
7,Acetone,70.0,Acetone,30.97536103329088,39.02463896670912
7,Ethanol,90.0,Ethanol,220.94441388627115,130.94441388627115
7,Acetone,140.0,Acetone,104.92415238451122,35.07584761548878
7,Acetone,160.0,Acetone,124.48724507411627,35.512754925883726
7,Acetone,100.0,Acetone,64.41760444186852,35.58239555813148
7,Acetone,10.0,Acetone,14.58750656102589,4.58750656102589
7,Acetone,200.0,Acetone,175.36518272869645,24.634817271303547
7,Acetone,20.0,Acetone,10.658739793040056,9.341260206959944
7,Ethanol,220.0,Ethanol,290.1717756474127,70.17177564741269
7,Acetone,150.0,Acetone,114.7318417594481,35.2681582405519
7,Acetone,50.0,Acetone,5.446324499968725,44.553675500031275
7,Ethanol,230.0,Ethanol,326.75330060413137,96.75330060413137
7,Acetone,180.0,Acetone,153.76392489089204,26.236075109107958
7,Acetone,80.0,Acetone,9.964624937415664,70.03537506258434
7,Ethanol,290.0,Ethanol,321.51695386540314,31.51695386540314
7,Acetone,250.0,Acetone,205.89636546625906,44.103634533740944
7,Acetone,210.0,Acetone,166.51026904887732,43.48973095112268
7,Ethanol,200.0,Ethanol,324.07592706304797,124.07592706304797
7,Acetone,230.0,Acetone,194.12600095580243,35.873999044197575
7,Acetone,120.0,Acetone,65.11524985463616,54.88475014536384
7,Acetone,90.0,Acetone,33.56175783178119,56.43824216821881
7,Acetone,170.0,Acetone,130.68032848080495,39.319671519195055
7,Ethanol,240.0,Ethanol,328.0100739556691,88.0100739556691
7,Acetone,240.0,Acetone,198.63790663084552,41.36209336915448
7,Acetone,25.0,Acetone,4.268886685044436,20.731113314955564
7,Ethanol,130.0,Ethanol,262.2176305357576,132.21763053575762
7,Acetone,190.0,Acetone,161.9405624682039,28.059437531796107
7,Acetone,30.0,Acetone,10.777166957636027,19.222833042363973
7,Ethanol,230.0,Ethanol,320.0867603551709,90.0867603551709
7,Acetone,220.0,Acetone,187.59585302800633,32.40414697199367
7,Acetone,110.0,Acetone,53.224248959525575,56.775751040474425
7,Ethanol,180.0,Ethanol,302.40683195784834,122.40683195784834
7,Acetone,130.0,Acetone,86.43780614939494,43.562193850605055
7,Acetone,40.0,Acetone,8.48445066648597,31.51554933351403
7,Ethanol,90.0,Ethanol,212.58091365626404,122.58091365626404
7,Ethanol,140.0,Ethanol,260.8806820239003,120.8806820239003
7,Acetone,70.0,Acetone,33.91125649980658,36.08874350019342
7,Ethanol,100.0,Ethanol,215.97732679199325,115.97732679199325
7,Acetone,140.0,Acetone,102.8891768498666,37.1108231501334
7,Acetone,160.0,Acetone,115.54054276932565,44.459457230674346
7,Acetone,100.0,Acetone,63.78174387246555,36.21825612753445
7,Acetone,10.0,Acetone,9.337088917469416,0.6629110825305844
7,Ethanol,50.0,Ethanol,278.47636300149964,228.47636300149964
7,Acetone,200.0,Acetone,173.68452565532473,26.315474344675266
7,Acetone,20.0,Acetone,9.691130170913965,10.308869829086035
7,Ethanol,220.0,Ethanol,314.60537105181663,94.60537105181663
7,Acetone,150.0,Acetone,114.01335447091569,35.98664552908431
7,Acetone,50.0,Acetone,3.1175925261676554,46.882407473832345
7,Ethanol,280.0,Ethanol,319.969296907205,39.96929690720498
7,Acetone,180.0,Acetone,150.93031909778364,29.069680902216362
7,Acetone,80.0,Acetone,12.033952630527182,67.96604736947282
7,Ethanol,290.0,Ethanol,320.5817657977899,30.5817657977899
7,Acetone,250.0,Acetone,211.71843030094362,38.28156969905638
7,Acetone,210.0,Acetone,165.82421786450288,44.175782135497116
7,Ethanol,200.0,Ethanol,318.1871675422526,118.18716754225261
7,Acetone,230.0,Acetone,192.57964670537766,37.420353294622345
7,Acetone,120.0,Acetone,70.02692320023132,49.97307679976868
7,Ethanol,2.5,Acetaldehyde,5.021890481888633,2.521890481888633
7,Acetone,90.0,Acetone,50.72757240484385,39.27242759515615
7,Acetone,170.0,Acetone,134.31267460503585,35.68732539496415
7,Ethanol,240.0,Ethanol,328.407608319413,88.40760831941299
7,Acetone,240.0,Acetone,205.65895214933147,34.34104785066853
7,Acetone,60.0,Acetone,5.175204960595195,54.824795039404805
7,Ethanol,100.0,Ethanol,269.00834736768746,169.00834736768746
7,Acetone,190.0,Acetone,162.82883535271603,27.171164647283973
7,Acetone,30.0,Acetone,12.56073767759807,17.43926232240193
7,Ethanol,230.0,Ethanol,320.1454684316145,90.14546843161452
7,Acetone,220.0,Acetone,190.82934918539218,29.170650814607825
7,Acetone,110.0,Acetone,60.18517651154725,49.81482348845275
7,Ethanol,180.0,Ethanol,304.6478114557214,124.64781145572141
7,Acetone,130.0,Acetone,91.30353053264072,38.69646946735928
7,Acetone,40.0,Acetone,8.459223559422924,31.540776440577076
7,Ethanol,90.0,Ethanol,210.02405447140052,120.02405447140052
7,Ethanol,140.0,Ethanol,278.3898292861149,138.3898292861149
7,Acetone,70.0,Acetone,34.45904569337523,35.54095430662477
7,Ethanol,100.0,Ethanol,221.32952633215714,121.32952633215714
7,Acetone,140.0,Acetone,103.01572222927125,36.98427777072875
7,Acetone,160.0,Acetone,117.48600772948163,42.51399227051837
7,Acetone,10.0,Acetone,0.0,10.0
7,Acetone,10.0,Acetone,0.0,10.0
7,Acetone,10.0,Acetone,1.557123595054918,8.442876404945082
7,Acetone,10.0,Acetone,0.0,10.0
7,Acetone,50.0,Acetone,8.229464670968014,41.770535329031986
7,Acetone,10.0,Acetone,6.7938085131225705,3.2061914868774295
7,Acetone,10.0,Acetone,4.718559239360005,5.281440760639995
7,Acetone,10.0,Acetone,12.258664512811166,2.2586645128111655
7,Acetone,10.0,Acetone,8.70127262572285,1.2987273742771492
7,Acetone,10.0,Acetone,8.070935240905328,1.929064759094672
7,Acetone,10.0,Acetone,0.0,10.0
7,Acetone,10.0,Acetone,12.561195189151661,2.561195189151661
7,Acetone,10.0,Acetone,6.70500566184576,3.2949943381542397
7,Acetone,10.0,Acetone,0.0,10.0
7,Acetone,10.0,Acetone,5.564449480314366,4.435550519685634
7,Acetone,10.0,Acetone,10.9198813980057,0.9198813980056997
7,Acetone,10.0,Acetone,8.401541093424072,1.598458906575928
7,Acetone,10.0,Acetone,10.845719201778707,0.8457192017787065
7,Acetone,5.0,Acetone,3.139882462043346,1.8601175379566541
7,Acetone,10.0,Acetone,6.221019223422445,3.778980776577555
7,Acetone,10.0,Acetone,6.892250705301365,3.1077492946986354
7,Acetone,10.0,Acetone,8.337572107289034,1.6624278927109657
7,Acetone,10.0,Acetone,6.6934737454928666,3.3065262545071334
7,Acetone,10.0,Acetone,7.069025128186453,2.9309748718135467
7,Acetone,10.0,Acetone,11.444106445309586,1.4441064453095862
7,Acetone,10.0,Acetone,9.219370646913703,0.7806293530862973
7,Acetone,10.0,Acetone,8.299896231771598,1.7001037682284021
7,Acetone,90.0,Acetone,8.996694207342244,81.00330579265776
7,Acetone,10.0,Acetone,8.549615742195058,1.4503842578049415
7,Acetone,10.0,Acetone,10.10395726278854,0.10395726278854056
7,Acetone,10.0,Acetone,13.212936340751298,3.2129363407512983
7,Acetone,10.0,Acetone,9.981466377383612,0.018533622616388357
7,Acetone,10.0,Acetone,8.23413917949766,1.7658608205023398
7,Acetone,10.0,Acetone,7.107080867851749,2.8929191321482506
7,Acetone,10.0,Acetone,4.833924202111547,5.166075797888453
7,Acetone,10.0,Acetone,7.660332591651425,2.339667408348575
7,Acetone,10.0,Acetone,5.7874311997755115,4.2125688002244885
7,Acetone,20.0,Acetone,13.381572859245821,6.618427140754179
7,Acetone,10.0,Acetone,15.926014233501334,5.926014233501334
7,Acetone,10.0,Acetone,7.046165219610884,2.9538347803891156
7,Acetone,10.0,Acetone,15.108342562177896,5.108342562177896
7,Acetone,10.0,Acetone,6.843315793163114,3.1566842068368857
7,Acetone,10.0,Acetone,10.696625382164513,0.6966253821645125
7,Acetone,2.5,Acetone,12.170824668847146,9.670824668847146
7,Acetone,30.0,Acetone,14.932375541608323,15.067624458391677
7,Acetone,10.0,Acetone,12.30240717849395,2.302407178493951
7,Acetone,240.0,Acetone,13.086789800496973,226.91321019950303
7,Acetone,10.0,Acetone,18.342982544554914,8.342982544554914
7,Acetone,40.0,Acetone,15.416732059519958,24.58326794048004
7,Acetone,10.0,Acetone,11.281624855083919,1.281624855083919
7,Ethylene,50.0,Acetone,137.19869447562763,87.19869447562763
7,Ethylene,10.0,Acetone,127.47793425685816,117.47793425685816
7,Ethylene,10.0,Acetone,117.27758218517843,107.27758218517843
7,Ethylene,2.5,Acetone,115.54781457989091,113.04781457989091
7,Ethylene,10.0,Acetone,114.44745112947113,104.44745112947113
7,Ethylene,90.0,Acetone,110.98306152053426,20.983061520534264
7,Ethylene,300.0,Acetone,113.70252456722517,186.29747543277483
7,Ethylene,70.0,Acetone,115.58290273942215,45.58290273942215
7,Ethylene,140.0,Acetone,111.55756456691653,28.442435433083475
7,Ethylene,100.0,Acetone,114.9369293159181,14.936929315918107
7,Ethylene,70.0,Acetone,113.58683498460137,43.58683498460137
7,Ethylene,10.0,Acetone,114.72487546369534,104.72487546369534
7,Ethylene,10.0,Acetone,114.21414326612683,104.21414326612683
7,Ethylene,10.0,Acetone,114.34490793166607,104.34490793166607
7,Ethylene,10.0,Acetone,114.70823805088287,104.70823805088287
7,Ethylene,10.0,Acetone,113.44564740117085,103.44564740117085
7,Ethylene,10.0,Acetone,111.02817146955826,101.02817146955826
7,Ethylene,5.0,Acetone,114.84676132929543,109.84676132929543
7,Ethylene,10.0,Acetone,119.08330358828402,109.08330358828402
7,Ethylene,10.0,Acetone,112.33696558408299,102.33696558408299
7,Ethylene,100.0,Acetone,115.78035450748668,15.780354507486678
7,Ethylene,70.0,Acetone,113.86786700897537,43.86786700897537
7,Ethylene,10.0,Acetone,116.17613892641452,106.17613892641452
7,Ethylene,10.0,Acetone,111.52153115603029,101.52153115603029
7,Ethylene,140.0,Acetone,109.50509927260845,30.494900727391553
7,Ethylene,300.0,Acetone,115.79015575386629,184.2098442461337
7,Ethylene,10.0,Acetone,114.3435082367241,104.3435082367241
7,Ethylene,10.0,Acetone,121.5892190026874,111.5892190026874
7,Ethylene,10.0,Acetone,118.81210607825274,108.81210607825274
7,Ethylene,10.0,Acetone,120.91175533062899,110.91175533062899
7,Ethylene,50.0,Acetone,118.72821585467756,68.72821585467756
7,Ethylene,10.0,Acetone,115.2400803326624,105.2400803326624
7,Ethylene,10.0,Acetone,120.92142082764673,110.92142082764673
7,Ethylene,10.0,Acetone,118.51966288521706,108.51966288521706
7,Ethylene,10.0,Acetone,119.17167736452569,109.17167736452569
7,Ethylene,10.0,Acetone,117.32292627814049,107.32292627814049
7,Ethylene,10.0,Acetone,116.27950402716708,106.27950402716708
7,Ethylene,90.0,Acetone,115.00098645688257,25.000986456882572
7,Ethylene,90.0,Acetone,116.06008616959015,26.06008616959015
7,Ethylene,10.0,Acetone,117.0158767389013,107.0158767389013
7,Ethylene,10.0,Acetone,112.84021321842081,102.84021321842081
7,Ethylene,10.0,Acetone,113.36412845436172,103.36412845436172
7,Ethylene,10.0,Acetone,113.41258950290842,103.41258950290842
7,Ethylene,10.0,Acetone,115.57645649140758,105.57645649140758
7,Ethylene,10.0,Acetone,118.51761964472409,108.51761964472409
7,Ethylene,30.0,Acetone,113.64010323480636,83.64010323480636
7,Ethylene,70.0,Acetone,113.66084292827786,43.66084292827786
7,Ethylene,10.0,Acetone,111.34673955574024,101.34673955574024
7,Ethylene,90.0,Acetone,115.40954878458977,25.409548784589774
7,Ethylene,10.0,Acetone,110.09977978153343,100.09977978153343
7,Toluene,100.0,Ethanol,139.58331845548057,39.583318455480565
7,Ammonia,300.0,Ammonia,288.15660915037324,11.843390849626758
7,Ammonia,40.0,Ammonia,53.38375550302352,13.383755503023522
7,Toluene,10.0,Acetone,149.65780698136092,139.65780698136092
7,Toluene,10.0,Acetone,105.56805780893129,95.56805780893129
7,Ammonia,110.0,Ammonia,140.35095525695152,30.350955256951522
7,Ammonia,220.0,Ammonia,229.58587765177674,9.585877651776741
7,Toluene,60.0,Ammonia,164.50928123886928,104.50928123886928
7,Toluene,20.0,Acetone,82.03407089048923,62.03407089048923
7,Ammonia,120.0,Ammonia,141.61139915195716,21.61139915195716
7,Ammonia,280.0,Ammonia,257.4762022032019,22.52379779679808
7,Toluene,70.0,Ammonia,179.21188349064786,109.21188349064786
7,Toluene,30.0,Toluene,38.99768417704658,8.99768417704658
7,Ammonia,120.0,Ammonia,140.50421579739285,20.504215797392845
7,Ammonia,290.0,Ammonia,257.9264702710195,32.073529728980475
7,Toluene,95.0,Ethanol,142.52203580915977,47.522035809159775
7,Toluene,85.0,Ethanol,145.4645886152693,60.46458861526929
7,Ammonia,150.0,Ammonia,164.50941358676053,14.50941358676053
7,Ammonia,200.0,Ammonia,207.79674111314566,7.796741113145657
7,Toluene,45.0,Ammonia,133.4318024775671,88.43180247756709
7,Toluene,50.0,Ethanol,114.81876693857518,64.81876693857518
7,Ammonia,250.0,Ammonia,278.78121761551586,28.781217615515857
7,Ammonia,60.0,Ammonia,75.24737437714371,15.247374377143714
7,Toluene,15.0,Acetone,110.68803428952695,95.68803428952695
7,Toluene,50.0,Toluene,52.61590328015385,2.6159032801538515
7,Ammonia,160.0,Ammonia,184.91778785034185,24.917787850341853
7,Ammonia,240.0,Ammonia,242.95742158467272,2.9574215846727157
7,Toluene,40.0,Ammonia,129.77952455168213,89.77952455168213
7,Toluene,35.0,Toluene,44.24181074757832,9.24181074757832
7,Ammonia,260.0,Ammonia,270.9802831232204,10.980283123220374
7,Ammonia,130.0,Ammonia,178.05063715450555,48.05063715450555
7,Toluene,75.0,Ethanol,109.25308929630219,34.25308929630219
7,Toluene,90.0,Ethanol,145.48470896357682,55.48470896357682
7,Ammonia,170.0,Ammonia,199.9814313694575,29.98143136945751
7,Ammonia,230.0,Ammonia,247.42872666615114,17.428726666151135
7,Toluene,80.0,Ethanol,126.36422279488707,46.36422279488707
7,Toluene,55.0,Toluene,52.09250952008697,2.9074904799130294
7,Ammonia,270.0,Ammonia,277.32830903328204,7.328309033282039
7,Ammonia,180.0,Ammonia,212.50695814745006,32.506958147450064
7,Toluene,25.0,Ammonia,82.42058848300017,57.420588483000174
7,Toluene,2.5,Acetone,150.725686905816,148.225686905816
7,Ammonia,190.0,Ammonia,230.07156903600242,40.071569036002415
7,Ammonia,90.0,Ammonia,129.5410388025684,39.54103880256841
7,Ammonia,140.0,Ammonia,191.5887719335405,51.5887719335405
7,Ammonia,60.0,Ammonia,91.58515103734086,31.585151037340864
7,Ammonia,100.0,Ammonia,150.08931524438808,50.089315244388075
7,Ammonia,210.0,Ammonia,226.8354014125366,16.835401412536612
7,Toluene,100.0,Ethanol,157.0806757977315,57.08067579773149
7,Ammonia,300.0,Ammonia,284.9796926961024,15.020307303897596
7,Ammonia,50.0,Ammonia,62.37728879302742,12.377288793027418
7,Toluene,70.0,Acetone,151.48002357455383,81.48002357455383
7,Toluene,10.0,Acetone,103.87601747940663,93.87601747940663
7,Ammonia,110.0,Ammonia,143.52739238789576,33.52739238789576
7,Ammonia,220.0,Ammonia,238.44860953995402,18.44860953995402
7,Toluene,60.0,Ammonia,157.85336879666175,97.85336879666175
7,Toluene,20.0,Acetone,81.58374158819173,61.58374158819173
7,Ammonia,120.0,Ammonia,143.56375652729608,23.56375652729608
7,Ammonia,280.0,Ammonia,243.24142901312473,36.75857098687527
7,Toluene,70.0,Ammonia,175.31624759451114,105.31624759451114
7,Toluene,30.0,Toluene,33.95455763199759,3.954557631997588
7,Ammonia,80.0,Ammonia,134.9622328431415,54.96223284314149
7,Ammonia,290.0,Ammonia,252.86330191516362,37.13669808483638
7,Toluene,95.0,Ethanol,135.60399641492387,40.60399641492387
7,Toluene,85.0,Ethanol,112.18050424776663,27.180504247766635
7,Ammonia,150.0,Ammonia,178.53740578936092,28.537405789360918
7,Ammonia,200.0,Ammonia,221.87638298046946,21.876382980469458
7,Toluene,45.0,Ammonia,127.31612130748924,82.31612130748924
7,Toluene,65.0,Toluene,61.014578304247344,3.985421695752656
7,Ammonia,250.0,Ammonia,261.54938094402473,11.549380944024733
7,Ammonia,60.0,Ammonia,76.75188824550585,16.751888245505853
7,Toluene,100.0,Acetone,112.64387898954041,12.643878989540411
7,Toluene,50.0,Toluene,53.219421585085456,3.219421585085456
7,Ammonia,160.0,Ammonia,193.26717149915788,33.26717149915788
7,Ammonia,140.0,Ammonia,238.09663697792328,98.09663697792328
7,Toluene,40.0,Ammonia,114.073554561635,74.073554561635
7,Toluene,45.0,Toluene,40.875614533444676,4.124385466555324
7,Ammonia,260.0,Ammonia,267.45772437908124,7.457724379081242
7,Ammonia,130.0,Ammonia,184.10213037420564,54.10213037420564
7,Toluene,75.0,Ammonia,176.66053945700236,101.66053945700236
7,Toluene,90.0,Toluene,82.32114250838836,7.678857491611637
7,Ammonia,170.0,Ammonia,210.07131476111635,40.071314761116355
7,Ammonia,230.0,Ammonia,243.82726399115367,13.827263991153671
7,Toluene,80.0,Ethanol,85.66248627386449,5.662486273864488
7,Toluene,55.0,Toluene,54.22539359142208,0.7746064085779167
7,Ammonia,270.0,Ammonia,267.96812366999575,2.031876330004252
7,Ammonia,180.0,Ammonia,200.01559234903738,20.015592349037377
7,Toluene,25.0,Acetone,95.54468457811922,70.54468457811922
7,Toluene,2.5,Acetone,153.80162337923556,151.30162337923556
7,Ammonia,190.0,Ammonia,239.04236021358224,49.04236021358224
7,Ammonia,90.0,Ammonia,128.03809869300386,38.03809869300386
7,Ammonia,140.0,Ammonia,182.97250302419673,42.972503024196726
7,Ammonia,70.0,Ammonia,104.78624607806904,34.78624607806904
7,Ammonia,100.0,Ammonia,145.05424531048243,45.05424531048243
7,Ammonia,210.0,Ammonia,233.6235199612966,23.62351996129661
7,Toluene,100.0,Ethanol,121.66566655941855,21.665666559418554
7,Ammonia,300.0,Ammonia,294.7369317723982,5.263068227601821
7,Ammonia,50.0,Ammonia,63.71991181309292,13.71991181309292
7,Toluene,10.0,Acetone,151.18618694230707,141.18618694230707
7,Toluene,10.0,Acetone,106.50916499390559,96.50916499390559
7,Ammonia,110.0,Ammonia,137.54982891556966,27.549828915569663
7,Ammonia,220.0,Ammonia,239.08963674360177,19.089636743601773
7,Toluene,60.0,Ammonia,152.8828541553612,92.8828541553612
7,Toluene,100.0,Acetone,77.0649551123114,22.935044887688605
7,Ammonia,120.0,Ammonia,134.33226113319745,14.332261133197449
7,Ammonia,280.0,Ammonia,245.93138344598108,34.06861655401892
7,Toluene,70.0,Ethanol,58.79630845152508,11.203691548474922
7,Toluene,30.0,Toluene,28.319435425934437,1.6805645740655635
7,Ammonia,80.0,Ammonia,136.75581290754133,56.755812907541326
7,Ammonia,290.0,Ammonia,251.520680177859,38.47931982214101
7,Toluene,95.0,Ethanol,97.59971001609875,2.5997100160987543
7,Toluene,10.0,Toluene,72.75599870233133,62.755998702331325
7,Ammonia,150.0,Ammonia,182.30123422860873,32.301234228608735
7,Ammonia,200.0,Ammonia,224.9969129618962,24.996912961896186
7,Toluene,45.0,Ammonia,119.28634027914435,74.28634027914435
7,Toluene,65.0,Toluene,63.942966575214705,1.0570334247852955
7,Ammonia,250.0,Ammonia,258.8394705189409,8.839470518940914
7,Ammonia,60.0,Ammonia,80.06249235932714,20.062492359327138
7,Toluene,15.0,Acetone,110.88546207598375,95.88546207598375
7,Toluene,50.0,Toluene,51.5909227640082,1.590922764008198
7,Ammonia,160.0,Ammonia,200.68724954910593,40.68724954910593
7,Ammonia,240.0,Ammonia,234.7891129474491,5.210887052550902
7,Toluene,40.0,Ammonia,105.77376128046805,65.77376128046805
7,Toluene,35.0,Toluene,37.41249512877988,2.412495128779881
7,Ammonia,260.0,Ammonia,266.32234739876947,6.322347398769466
7,Ammonia,140.0,Ammonia,185.8999434883637,45.899943488363704
7,Toluene,85.0,Ethanol,56.68239570235528,28.31760429764472
7,Toluene,90.0,Toluene,80.82655409464247,9.173445905357525
7,Ammonia,170.0,Ammonia,207.38837830948734,37.38837830948734
7,Ammonia,230.0,Ammonia,233.37148248722454,3.37148248722454
7,Toluene,80.0,Ammonia,170.75563698935824,90.75563698935824
7,Toluene,55.0,Toluene,49.66682171494984,5.33317828505016
7,Ammonia,270.0,Ammonia,273.7196507218954,3.719650721895391
7,Ammonia,180.0,Ammonia,202.7075032195698,22.707503219569787
7,Toluene,25.0,Acetone,89.37815011307245,64.37815011307245
7,Toluene,10.0,Acetone,153.52013021410562,143.52013021410562
7,Ammonia,190.0,Ammonia,237.14541786566855,47.14541786566855
7,Ammonia,90.0,Ammonia,135.8904039357103,45.89040393571031
7,Ammonia,140.0,Ammonia,188.39495530581925,48.39495530581925
7,Ammonia,70.0,Ammonia,98.62039216135851,28.62039216135851
7,Ammonia,100.0,Ammonia,149.55132625051175,49.55132625051175
7,Ammonia,210.0,Ammonia,236.52660050679663,26.526600506796626
7,Toluene,100.0,Ethanol,100.22370522883764,0.22370522883764465
7,Ammonia,300.0,Ammonia,293.73751456341654,6.262485436583461
7,Ammonia,50.0,Ammonia,61.43135852578733,11.431358525787331
7,Toluene,5.0,Acetone,152.17883076464724,147.17883076464724
7,Toluene,10.0,Acetone,109.54658914160815,99.54658914160815
7,Ammonia,110.0,Ammonia,132.82307879657435,22.82307879657435
7,Ammonia,220.0,Ammonia,231.85429158907084,11.85429158907084
7,Toluene,60.0,Ammonia,138.30881014101666,78.30881014101666
7,Toluene,20.0,Toluene,19.337435622251274,0.6625643777487262
7,Ammonia,120.0,Ammonia,135.02424750593806,15.024247505938064
7,Ammonia,280.0,Ammonia,244.7536411704687,35.24635882953129
7,Toluene,70.0,Ammonia,151.5939309789896,81.59393097898959
7,Toluene,30.0,Toluene,27.09125921171892,2.9087407882810794
7,Ammonia,80.0,Ammonia,139.48645366193205,59.486453661932046
7,Ammonia,290.0,Ammonia,246.35471906324713,43.64528093675287
7,Toluene,95.0,Ethanol,89.56468736565247,5.435312634347525
7,Toluene,85.0,Toluene,69.43293998234918,15.567060017650817
7,Ammonia,150.0,Ammonia,169.73234533575356,19.732345335753564
7,Ammonia,200.0,Ammonia,216.1165901766203,16.116590176620292
7,Toluene,45.0,Toluene,30.743228617062414,14.256771382937586
7,Toluene,65.0,Toluene,55.31374535957239,9.686254640427613
7,Ammonia,250.0,Ammonia,256.8681605949927,6.868160594992673
7,Ammonia,60.0,Ammonia,81.78028115148659,21.78028115148659
7,Toluene,15.0,Acetone,110.12173727726075,95.12173727726075
7,Toluene,50.0,Toluene,44.81310210337544,5.186897896624558
7,Ammonia,100.0,Ammonia,185.84148172282053,85.84148172282053
7,Ammonia,240.0,Ammonia,231.03499868748318,8.965001312516819
7,Toluene,40.0,Toluene,28.021193188366194,11.978806811633806
7,Toluene,35.0,Toluene,26.334476743916948,8.665523256083052
7,Ammonia,260.0,Ammonia,257.4160433994256,2.5839566005744246
7,Ammonia,130.0,Ammonia,174.13924850547133,44.13924850547133
7,Toluene,75.0,Toluene,48.39935358288133,26.600646417118668
7,Toluene,90.0,Toluene,65.50775740323218,24.492242596767824
7,Ammonia,170.0,Ammonia,181.23494090885043,11.234940908850433
7,Ammonia,230.0,Ammonia,227.26048474852922,2.7395152514707775
7,Toluene,80.0,Toluene,50.72583416834061,29.27416583165939
7,Toluene,55.0,Toluene,42.735546814550595,12.264453185449405
7,Ammonia,270.0,Ammonia,267.7148095385176,2.2851904614823866
7,Ammonia,180.0,Ammonia,200.45529073636837,20.45529073636837
7,Toluene,25.0,Ammonia,69.50038013829216,44.50038013829216
7,Ammonia,190.0,Ammonia,228.25224313316915,38.252243133169145
7,Ammonia,90.0,Ammonia,124.21040453583834,34.210404535838336
7,Ammonia,140.0,Ammonia,191.46054672906772,51.460546729067715
7,Ammonia,70.0,Ammonia,99.2784216428155,29.278421642815502
7,Ammonia,100.0,Ammonia,147.11818069413917,47.11818069413917
7,Ammonia,210.0,Ammonia,231.66829853308332,21.668298533083316
7,Toluene,100.0,Ethanol,91.22095543627483,8.779044563725165
7,Ammonia,300.0,Ammonia,302.10403119152795,2.1040311915279517
7,Ammonia,50.0,Ammonia,64.22755166693214,14.227551666932143
7,Toluene,5.0,Acetone,146.98560341754828,141.98560341754828
7,Toluene,10.0,Acetone,108.635646324248,98.635646324248
7,Ammonia,110.0,Ammonia,127.51099726882131,17.510997268821313
7,Ammonia,220.0,Ammonia,227.89392973032545,7.893929730325453
7,Toluene,60.0,Ammonia,129.26630382445637,69.26630382445637
7,Toluene,20.0,Acetone,75.66374022964806,55.663740229648056
7,Ammonia,120.0,Ammonia,134.31363539869798,14.313635398697983
7,Ammonia,280.0,Ammonia,251.61297592695792,28.387024073042085
7,Toluene,30.0,Toluene,47.05797099255071,17.057970992550707
7,Toluene,30.0,Toluene,24.200988437509057,5.799011562490943
7,Ammonia,55.0,Ammonia,134.50481454003506,79.50481454003506
7,Ammonia,290.0,Ammonia,252.83633162271116,37.16366837728884
7,Toluene,95.0,Ethanol,65.92464016157172,29.075359838428284
7,Toluene,85.0,Toluene,69.59120952671542,15.408790473284583
7,Ammonia,150.0,Ammonia,172.24890520867314,22.248905208673136
7,Ammonia,200.0,Ammonia,223.2512024364635,23.2512024364635
7,Toluene,45.0,Toluene,32.36028643682083,12.639713563179171
7,Toluene,65.0,Toluene,57.65567437546137,7.344325624538627
7,Ammonia,250.0,Ammonia,262.55728990251134,12.557289902511343
7,Ammonia,60.0,Ammonia,70.6970685061567,10.697068506156697
7,Toluene,15.0,Acetone,106.70709194039803,91.70709194039803
7,Toluene,50.0,Toluene,47.706900975447674,2.293099024552326
7,Ammonia,160.0,Ammonia,196.49940153871592,36.499401538715915
7,Ammonia,240.0,Ammonia,234.4342194036593,5.565780596340687
7,Toluene,40.0,Ammonia,104.5540775380918,64.5540775380918
7,Toluene,35.0,Toluene,32.359777464541715,2.6402225354582853
7,Ammonia,260.0,Ammonia,270.812629754566,10.81262975456599
7,Ammonia,130.0,Ammonia,180.3533966878892,50.35339668788919
7,Toluene,75.0,Toluene,51.06934446785598,23.930655532144023
7,Toluene,90.0,Toluene,73.99166480967352,16.008335190326477
7,Ammonia,170.0,Ammonia,217.96870495888828,47.96870495888828
7,Ammonia,230.0,Ammonia,228.23679845601532,1.7632015439846782
7,Toluene,80.0,Ammonia,170.69189019050643,90.69189019050643
7,Toluene,55.0,Toluene,50.12347039859253,4.876529601407469
7,Ammonia,270.0,Ammonia,277.95887984495,7.9588798449499905
7,Ammonia,180.0,Ammonia,204.20616453829754,24.206164538297543
7,Toluene,25.0,Ammonia,74.11688963183022,49.11688963183022
7,Toluene,2.5,Acetone,151.3577930688417,148.8577930688417
7,Ammonia,190.0,Ammonia,238.10606532379947,48.10606532379947
7,Ammonia,90.0,Ammonia,139.0227087271899,49.022708727189894
7,Ammonia,140.0,Ammonia,190.62180914517467,50.621809145174666
7,Ammonia,70.0,Ammonia,98.08482374535217,28.084823745352168
7,Ammonia,100.0,Ammonia,150.90606216110564,50.90606216110564
7,Ammonia,210.0,Ammonia,226.90251757951214,16.902517579512136
7,Toluene,100.0,Ethanol,97.05901569602617,2.940984303973835
7,Ammonia,300.0,Ammonia,299.1855739364148,0.8144260635851879
7,Ammonia,50.0,Ammonia,64.74627584742494,14.74627584742494
7,Toluene,10.0,Acetone,153.13569706252417,143.13569706252417
7,Toluene,160.0,Acetone,109.14880565764106,50.85119434235894
7,Ammonia,110.0,Ammonia,134.86072575804172,24.860725758041724
7,Ammonia,220.0,Ammonia,239.4802206369273,19.4802206369273
7,Toluene,60.0,Ammonia,130.72269911835085,70.72269911835085
7,Toluene,20.0,Acetone,82.09498754270709,62.09498754270709
7,Ammonia,120.0,Ammonia,133.66113030896196,13.661130308961958
7,Ammonia,280.0,Ammonia,259.2795482029354,20.720451797064584
7,Toluene,50.0,Ammonia,154.66261627992938,104.66261627992938
7,Toluene,30.0,Toluene,28.755622856088618,1.2443771439113824
7,Ammonia,80.0,Ammonia,136.70716862145616,56.70716862145616
7,Ammonia,290.0,Ammonia,255.75397830934497,34.24602169065503
7,Toluene,95.0,Ethanol,87.56221025939914,7.437789740600863
7,Toluene,85.0,Toluene,67.37900072998428,17.620999270015716
7,Ammonia,150.0,Ammonia,180.01791665501435,30.017916655014346
7,Ammonia,200.0,Ammonia,233.65932025215795,33.659320252157954
7,Toluene,45.0,Ammonia,104.82161153396368,59.821611533963676
7,Toluene,65.0,Toluene,55.80096265787545,9.199037342124548
7,Ammonia,250.0,Ammonia,268.8714975218144,18.871497521814376
7,Ammonia,60.0,Ammonia,79.69145274064954,19.691452740649538
7,Toluene,15.0,Acetone,110.77896005050495,95.77896005050495
7,Toluene,50.0,Toluene,47.619906447137716,2.3800935528622844
7,Ammonia,160.0,Ammonia,202.2947609636654,42.2947609636654
7,Ammonia,240.0,Ammonia,234.24292024824982,5.757079751750183
7,Toluene,40.0,Ammonia,102.88867701403166,62.88867701403166
7,Toluene,35.0,Toluene,31.66762833473662,3.3323716652633806
7,Ammonia,260.0,Ammonia,276.99395731867304,16.99395731867304
7,Ammonia,130.0,Ammonia,187.47231492421952,57.47231492421952
7,Toluene,70.0,Ammonia,166.5808639212017,96.58086392120171
7,Toluene,90.0,Ethanol,104.26663715027368,14.26663715027368
7,Ammonia,170.0,Ammonia,256.16854550561516,86.16854550561516
7,Ammonia,230.0,Ammonia,258.64903300060706,28.649033000607062
7,Toluene,80.0,Ammonia,160.45752465957318,80.45752465957318
7,Toluene,55.0,Toluene,54.09192723026748,0.9080727697325202
7,Ammonia,270.0,Ammonia,310.24798296623976,40.24798296623976
7,Ammonia,180.0,Ammonia,232.81989549276716,52.81989549276716
7,Toluene,10.0,Ammonia,69.1539093908767,59.153909390876706
7,Toluene,2.5,Acetone,159.08554350949544,156.58554350949544
7,Ammonia,190.0,Ammonia,268.14461945260433,78.14461945260433
7,Ammonia,90.0,Ammonia,156.3571046674856,66.3571046674856
7,Ammonia,140.0,Ammonia,196.11533245415166,56.115332454151655
7,Ammonia,70.0,Ammonia,104.07530090525097,34.07530090525097
7,Ammonia,100.0,Ammonia,160.3703961649868,60.3703961649868
7,Ammonia,210.0,Ammonia,251.372077711541,41.37207771154101
7,Toluene,180.0,Ammonia,175.66080002873753,4.339199971262474
7,Ammonia,300.0,Ammonia,325.6961130782994,25.69611307829939
7,Ammonia,50.0,Ammonia,68.86603954061242,18.86603954061242
7,Toluene,10.0,Acetaldehyde,11.90788896727129,1.9078889672712904
7,Toluene,10.0,Acetone,125.21149488353554,115.21149488353554
7,Ammonia,110.0,Ammonia,143.78795139005157,33.787951390051575
7,Ammonia,220.0,Ammonia,259.21861860983233,39.21861860983233
7,Toluene,60.0,Ammonia,126.68800678496328,66.68800678496328
7,Toluene,140.0,Acetone,98.73676129632284,41.26323870367716
7,Ammonia,120.0,Ammonia,159.07321244040557,39.07321244040557
7,Ammonia,280.0,Ammonia,273.7275149427262,6.272485057273798
7,Toluene,70.0,Ammonia,149.56893699329694,79.56893699329694
7,Toluene,30.0,Toluene,29.626406309388802,0.37359369061119807
7,Ammonia,80.0,Ammonia,148.6167087717464,68.6167087717464
7,Ammonia,290.0,Ammonia,273.32842426946877,16.67157573053123
7,Toluene,95.0,Ammonia,187.54344307246075,92.54344307246075
7,Toluene,85.0,Toluene,68.51960876516485,16.480391234835153
7,Ammonia,150.0,Ammonia,213.84527530985628,63.84527530985628
7,Ammonia,200.0,Ammonia,245.3730961950252,45.3730961950252
7,Toluene,10.0,Ammonia,110.0358212237049,100.0358212237049
7,Toluene,50.0,Toluene,58.162841457269415,8.162841457269415
7,Ammonia,250.0,Ammonia,290.9289397556645,40.92893975566449
7,Ammonia,60.0,Ammonia,83.78923814685015,23.789238146850153
7,Toluene,15.0,Ammonia,52.208250904289386,37.208250904289386
7,Toluene,50.0,Toluene,55.279362667418475,5.279362667418475
7,Ammonia,160.0,Ammonia,237.35226710665958,77.35226710665958
7,Ammonia,240.0,Ammonia,259.3189463752419,19.31894637524192
7,Toluene,40.0,Ammonia,106.74625716917949,66.74625716917949
7,Toluene,35.0,Toluene,40.85026584571675,5.8502658457167485
7,Ammonia,260.0,Ammonia,290.00238965636186,30.002389656361856
7,Ammonia,130.0,Ammonia,187.41633956620328,57.41633956620328
7,Toluene,60.0,Ammonia,155.94089008399686,95.94089008399686
7,Toluene,90.0,Toluene,75.01534635816299,14.984653641837014
7,Ammonia,170.0,Ammonia,245.73534609842363,75.73534609842363
7,Ammonia,230.0,Ammonia,253.9825887641968,23.982588764196805
7,Toluene,80.0,Ammonia,158.66806952735584,78.66806952735584
7,Toluene,55.0,Toluene,54.32524164561921,0.674758354380792
7,Ammonia,55.0,Ammonia,298.910613823453,243.910613823453
7,Ammonia,180.0,Ammonia,227.72391725566567,47.72391725566567
7,Toluene,25.0,Ammonia,66.56302720088036,41.563027200880356
7,Toluene,50.0,Acetaldehyde,18.067513167226238,31.932486832773762
7,Ammonia,190.0,Ammonia,251.40716104984375,61.40716104984375
7,Ammonia,30.0,Ammonia,149.70892578729152,119.70892578729152
7,Ammonia,140.0,Ammonia,201.622322360588,61.62232236058799
7,Ammonia,70.0,Ammonia,106.02652687753863,36.02652687753863
7,Ammonia,100.0,Ammonia,157.64122279545282,57.64122279545282
7,Ammonia,210.0,Ammonia,246.4212747322273,36.42127473222729
7,Toluene,100.0,Ammonia,185.10391699416945,85.10391699416945
7,Ammonia,300.0,Ammonia,324.81783565570777,24.817835655707768
7,Ammonia,50.0,Ammonia,72.16718866540586,22.16718866540586
7,Toluene,5.0,Acetaldehyde,10.551079151615482,5.5510791516154825
7,Toluene,10.0,Acetone,122.82696177512094,112.82696177512094
7,Ammonia,110.0,Ammonia,144.80542411696578,34.80542411696578
7,Ammonia,220.0,Ammonia,248.14344532426185,28.143445324261847
7,Toluene,60.0,Ammonia,135.39840253636402,75.39840253636402
7,Toluene,20.0,Acetone,93.46131742867512,73.46131742867512
7,Ammonia,120.0,Ammonia,148.10727192759256,28.107271927592564
7,Ammonia,280.0,Ammonia,278.5804984758985,1.4195015241015199
7,Toluene,70.0,Ammonia,144.78568512953493,74.78568512953493
7,Toluene,30.0,Toluene,29.92682163671182,0.07317836328817862
7,Ammonia,80.0,Ammonia,141.999706512685,61.99970651268501
7,Ammonia,290.0,Ammonia,272.12166670315906,17.878333296840935
7,Toluene,10.0,Ammonia,180.07715730364296,170.07715730364296
7,Toluene,85.0,Toluene,71.36968350730386,13.630316492696139
7,Ammonia,150.0,Ammonia,212.01075933321303,62.01075933321303
7,Ammonia,110.0,Ammonia,249.6364715446703,139.6364715446703
7,Toluene,45.0,Ammonia,107.51683354627461,62.51683354627461
7,Toluene,230.0,Toluene,54.75385043391544,175.24614956608457
7,Ammonia,250.0,Ammonia,283.720121776715,33.72012177671502
7,Ammonia,60.0,Ammonia,83.80886309464277,23.808863094642774
7,Toluene,10.0,Ammonia,45.01853455463694,35.01853455463694
7,Toluene,50.0,Toluene,51.2822366599732,1.2822366599732007
7,Ammonia,40.0,Ammonia,240.1088334895726,200.1088334895726
7,Ammonia,240.0,Ammonia,257.6384498325392,17.63844983253921
7,Toluene,40.0,Ammonia,98.22604499774282,58.22604499774282
7,Toluene,35.0,Toluene,32.14411457189833,2.855885428101672
7,Ammonia,260.0,Ammonia,290.6660380316,30.66603803160001
7,Ammonia,130.0,Ammonia,188.01197140405358,58.01197140405358
7,Toluene,75.0,Ammonia,153.74201356584302,78.74201356584302
7,Toluene,90.0,Toluene,72.8224622607384,17.177537739261595
7,Ammonia,170.0,Ammonia,244.22810029003534,74.22810029003534
7,Ammonia,230.0,Ammonia,252.25393328577582,22.253933285775815
7,Toluene,80.0,Ammonia,156.43255428154794,76.43255428154794
7,Toluene,55.0,Toluene,49.98030437203778,5.019695627962221
7,Ammonia,270.0,Ammonia,303.74398897692197,33.74398897692197
7,Ammonia,180.0,Ammonia,236.884383562485,56.884383562485
7,Toluene,25.0,Ammonia,65.11435125683028,40.114351256830275
7,Toluene,2.5,Acetone,161.13140586284226,158.63140586284226
7,Ammonia,190.0,Ammonia,255.91443081733726,65.91443081733726
7,Ammonia,90.0,Ammonia,142.9018158298747,52.90181582987469
7,Ammonia,140.0,Ammonia,190.05746652252927,50.05746652252927
7,Ammonia,70.0,Ammonia,109.27942734361021,39.27942734361021
7,Ammonia,100.0,Ammonia,158.72571947416168,58.72571947416168
7,Ammonia,210.0,Ammonia,242.086214679739,32.08621467973899
7,Toluene,100.0,Ammonia,184.7448141855424,84.7448141855424
7,Ammonia,300.0,Ammonia,316.4758043882347,16.47580438823468
7,Ammonia,50.0,Ammonia,68.17317834943141,18.17317834943141
7,Toluene,190.0,Acetaldehyde,7.90944233799965,182.09055766200035
7,Toluene,10.0,Acetone,121.38165250460747,111.38165250460747
7,Ammonia,10.0,Ammonia,139.70670155344737,129.70670155344737
7,Ammonia,220.0,Ammonia,245.61810512091807,25.618105120918074
7,Toluene,60.0,Ammonia,132.77789862192276,72.77789862192276
7,Toluene,20.0,Acetone,93.00305152274589,73.00305152274589
7,Ammonia,120.0,Ammonia,159.04790543634675,39.04790543634675
7,Ammonia,280.0,Ammonia,263.9510045848054,16.04899541519461
7,Toluene,70.0,Ammonia,140.4581593249717,70.45815932497169
7,Toluene,30.0,Toluene,27.373803170774426,2.6261968292255737
7,Ammonia,80.0,Ammonia,151.77888245989396,71.77888245989396
7,Ammonia,290.0,Ammonia,272.4843490381863,17.51565096181372
7,Toluene,95.0,Ammonia,182.06729654442591,87.06729654442591
7,Toluene,85.0,Toluene,65.4712568614199,19.528743138580097
7,Ammonia,150.0,Ammonia,198.1186252833906,48.1186252833906
7,Ammonia,200.0,Ammonia,240.63368698320255,40.63368698320255
7,Toluene,45.0,Ammonia,104.75320565968279,59.75320565968279
7,Toluene,65.0,Toluene,58.15737195058784,6.842628049412163
7,Ammonia,250.0,Ammonia,284.78930434024136,34.78930434024136
7,Ammonia,60.0,Ammonia,88.14008353080501,28.140083530805015
7,Toluene,10.0,Acetone,120.37871049409361,110.37871049409361
7,Toluene,50.0,Toluene,49.81246059591453,0.1875394040854701
7,Ammonia,160.0,Ammonia,227.7360176882073,67.73601768820731
7,Ammonia,240.0,Ammonia,254.38745750142988,14.387457501429878
7,Toluene,40.0,Ammonia,90.00952792290089,50.00952792290089
7,Toluene,35.0,Toluene,35.211382229300156,0.21138222930015615
7,Ammonia,260.0,Ammonia,293.47935686968407,33.47935686968407
7,Ammonia,130.0,Ammonia,180.80005266570546,50.800052665705465
7,Toluene,75.0,Ammonia,147.97076222297264,72.97076222297264
7,Toluene,90.0,Toluene,72.4400999605561,17.559900039443903
7,Ammonia,170.0,Ammonia,238.21810389066184,68.21810389066184
7,Ammonia,230.0,Ammonia,248.86320325301122,18.86320325301122
7,Toluene,80.0,Ammonia,146.50199290452068,66.50199290452068
7,Toluene,55.0,Toluene,50.7797284631376,4.220271536862398
7,Ammonia,270.0,Ammonia,299.34800502904034,29.348005029040337
7,Ammonia,180.0,Ammonia,215.9337477787966,35.9337477787966
7,Toluene,25.0,Ammonia,66.20136113297953,41.20136113297953
7,Toluene,160.0,Acetone,160.55323836634946,0.5532383663494613
7,Ammonia,190.0,Ammonia,260.81194664732885,70.81194664732885
7,Ammonia,90.0,Ammonia,146.57495515608846,56.574955156088464
7,Ammonia,140.0,Ammonia,199.41813090031982,59.418130900319824
7,Ammonia,70.0,Ammonia,107.35479329871968,37.354793298719684
7,Ammonia,100.0,Ammonia,152.71223894807144,52.712238948071445
7,Ammonia,210.0,Ammonia,253.28772535302983,43.28772535302983
7,Toluene,100.0,Ammonia,185.63399142969087,85.63399142969087
7,Ammonia,300.0,Ammonia,324.7757977694732,24.775797769473172
7,Ammonia,50.0,Ammonia,67.4207462197074,17.420746219707397
7,Toluene,50.0,Acetone,155.96319195730769,105.96319195730769
7,Toluene,10.0,Acetone,114.72311115992235,104.72311115992235
7,Ammonia,110.0,Ammonia,146.21891058036908,36.218910580369084
7,Ammonia,220.0,Ammonia,244.63660094800142,24.636600948001416
7,Toluene,60.0,Ammonia,129.49507568639126,69.49507568639126
7,Toluene,20.0,Acetone,90.5873182670162,70.5873182670162
7,Ammonia,120.0,Ammonia,155.29606466118025,35.29606466118025
7,Ammonia,280.0,Ammonia,274.1463337871296,5.853666212870394
7,Toluene,70.0,Ammonia,137.0013462940662,67.0013462940662
7,Toluene,30.0,Toluene,27.030012728391263,2.969987271608737
7,Ammonia,10.0,Ammonia,149.00667743666023,139.00667743666023
7,Ammonia,290.0,Ammonia,271.8209324361249,18.179067563875094
7,Toluene,80.0,Ammonia,177.2961994648271,97.29619946482711
7,Toluene,85.0,Toluene,67.64996767890784,17.350032321092158
7,Ammonia,150.0,Ammonia,212.20906612358232,62.20906612358232
7,Ammonia,200.0,Ammonia,245.00571638116793,45.00571638116793
7,Toluene,45.0,Ammonia,99.50155222032454,54.50155222032454
7,Toluene,65.0,Toluene,54.833455095303094,10.166544904696906
7,Ammonia,250.0,Ammonia,283.85322843286855,33.85322843286855
7,Ammonia,60.0,Ammonia,86.12121823486734,26.121218234867342
7,Toluene,15.0,Ammonia,47.5271823766235,32.5271823766235
7,Toluene,45.0,Toluene,48.879782101361144,3.879782101361144
7,Ammonia,160.0,Ammonia,235.1561079862362,75.15610798623621
7,Ammonia,240.0,Ammonia,258.87252926945933,18.872529269459335
7,Toluene,40.0,Ammonia,96.04837540168013,56.04837540168013
7,Toluene,35.0,Toluene,33.63451351467288,1.3654864853271178
7,Ammonia,260.0,Ammonia,289.70599204318444,29.705992043184438
7,Ammonia,130.0,Ammonia,189.86454064054618,59.86454064054618
7,Toluene,75.0,Ammonia,143.38506428620553,68.38506428620553
7,Toluene,90.0,Toluene,77.54285807792087,12.457141922079131
7,Ammonia,170.0,Ammonia,241.76916869884425,71.76916869884425
7,Ammonia,230.0,Ammonia,249.97201987530278,19.972019875302777
7,Toluene,80.0,Ammonia,160.73280106804748,80.73280106804748
7,Toluene,55.0,Toluene,49.563279166968684,5.436720833031316
7,Ammonia,270.0,Ammonia,295.49817410736944,25.498174107369437
7,Ammonia,180.0,Ammonia,220.50914316167655,40.50914316167655
7,Toluene,25.0,Ammonia,67.09892351340217,42.09892351340217
7,Toluene,2.5,Acetone,157.96343385584902,155.46343385584902
7,Ammonia,190.0,Ammonia,259.8921780725397,69.8921780725397
7,Ammonia,90.0,Ammonia,144.31331748103165,54.313317481031646
7,Ammonia,140.0,Ammonia,199.54747680662726,59.54747680662726
7,Ammonia,90.0,Ammonia,105.2354390323798,15.235439032379801
7,Ammonia,100.0,Ammonia,162.09215115562282,62.092151155622815
7,Ammonia,120.0,Ammonia,246.84091304815823,126.84091304815823
7,Toluene,100.0,Ammonia,179.14402128853027,79.14402128853027
7,Ammonia,300.0,Ammonia,326.77513650074064,26.775136500740643
7,Ammonia,50.0,Ammonia,71.30371672660662,21.303716726606623
7,Toluene,50.0,Acetone,150.964236679554,100.964236679554
7,Toluene,10.0,Acetone,117.71164551665169,107.71164551665169
7,Ammonia,110.0,Ammonia,151.2879892347722,41.2879892347722
7,Ammonia,220.0,Ammonia,247.93855086776625,27.938550867766253
7,Toluene,60.0,Ammonia,124.60908286932816,64.60908286932816
7,Toluene,20.0,Toluene,19.12267714644035,0.8773228535596509
7,Ammonia,120.0,Ammonia,162.464674889898,42.46467488989799
7,Ammonia,280.0,Ammonia,271.99229071252853,8.00770928747147
7,Toluene,70.0,Ammonia,140.5378193858238,70.53781938582381
7,Toluene,30.0,Toluene,28.49704739924534,1.5029526007546608
7,Ammonia,80.0,Ammonia,142.91288698787454,62.91288698787454
7,Ammonia,290.0,Ammonia,282.3011990738187,7.69880092618132
7,Toluene,95.0,Ammonia,173.1693364898229,78.16933648982291
7,Toluene,85.0,Toluene,67.79888235888987,17.20111764111013
7,Ammonia,150.0,Ammonia,213.97753245353704,63.97753245353704
7,Ammonia,200.0,Ammonia,239.11426985382406,39.114269853824055
7,Toluene,45.0,Ammonia,104.6771073074029,59.677107307402906
7,Toluene,65.0,Toluene,58.2426919778855,6.7573080221145005
7,Ammonia,250.0,Ammonia,293.79097895997154,43.79097895997154
7,Ammonia,60.0,Ammonia,96.83837978795323,36.83837978795323
7,Toluene,15.0,Ammonia,45.71006289969263,30.71006289969263
7,Toluene,50.0,Toluene,52.14641676684873,2.1464167668487306
7,Ammonia,160.0,Ammonia,229.5620189638056,69.5620189638056
7,Ammonia,240.0,Ammonia,251.0441436985155,11.044143698515512
7,Toluene,40.0,Ammonia,98.48658593382287,58.486585933822866
7,Toluene,35.0,Toluene,34.65006346491994,0.3499365350800616
7,Ammonia,260.0,Ammonia,292.84759673167537,32.84759673167537
7,Ammonia,130.0,Ammonia,195.44820425850884,65.44820425850884
7,Toluene,75.0,Ammonia,142.18975201495016,67.18975201495016
7,Toluene,90.0,Toluene,76.99744480297208,13.002555197027917
7,Ammonia,170.0,Ammonia,243.79242745683717,73.79242745683717
7,Ammonia,230.0,Ammonia,248.61124591429498,18.611245914294983
7,Toluene,80.0,Ammonia,153.3662109912591,73.3662109912591
7,Toluene,55.0,Toluene,46.27241596500454,8.72758403499546
7,Ammonia,270.0,Ammonia,298.6960233632826,28.69602336328262
7,Ammonia,180.0,Ammonia,233.6205622669724,53.6205622669724
7,Toluene,25.0,Ammonia,66.3291625950595,41.3291625950595
7,Toluene,2.5,Acetone,155.87955007611927,153.37955007611927
7,Ammonia,190.0,Ammonia,259.92638430624163,69.92638430624163
7,Ammonia,90.0,Ammonia,145.6410261735874,55.64102617358739
7,Ammonia,140.0,Ammonia,204.89577168878998,64.89577168878998
7,Ammonia,70.0,Ammonia,113.79069109011547,43.79069109011547
7,Ammonia,100.0,Ammonia,162.3973859207389,62.39738592073891
7,Ammonia,210.0,Ammonia,242.23348720844314,32.23348720844314
7,Toluene,100.0,Ammonia,177.7189684997344,77.71896849973439
7,Ammonia,300.0,Ammonia,324.88772397903216,24.88772397903216
7,Ammonia,50.0,Ammonia,71.44418123629559,21.44418123629559
7,Toluene,5.0,Acetaldehyde,13.654850109587443,8.654850109587443
7,Toluene,10.0,Acetone,115.2568654117048,105.2568654117048
7,Ammonia,110.0,Ammonia,152.792917884861,42.792917884861
7,Ammonia,220.0,Ammonia,246.71947819368813,26.719478193688133
7,Toluene,60.0,Ammonia,132.40665213695075,72.40665213695075
7,Toluene,20.0,Toluene,21.37024249639688,1.3702424963968802
7,Ammonia,120.0,Ammonia,160.74183167392863,40.74183167392863
7,Ammonia,280.0,Ammonia,267.52526025077816,12.47473974922184
7,Toluene,70.0,Ammonia,137.31312582102558,67.31312582102558
7,Toluene,30.0,Toluene,27.891507705835764,2.108492294164236
7,Ammonia,80.0,Ammonia,149.33320831902688,69.33320831902688
7,Ammonia,290.0,Ammonia,272.7127737295018,17.287226270498195
7,Toluene,95.0,Ammonia,180.24280650951772,85.24280650951772
7,Toluene,85.0,Toluene,71.27263760100813,13.727362398991872
7,Ammonia,150.0,Ammonia,218.4336996024136,68.43369960241361
7,Ammonia,200.0,Ammonia,236.29307989678225,36.293079896782245
7,Toluene,45.0,Ammonia,106.74014458040736,61.74014458040736
7,Toluene,65.0,Toluene,56.656555616646465,8.343444383353535
7,Ammonia,250.0,Ammonia,286.46433781414834,36.46433781414834
7,Ammonia,60.0,Ammonia,92.74817361436796,32.74817361436796
7,Toluene,15.0,Ammonia,42.361314871096496,27.361314871096496
7,Toluene,50.0,Toluene,49.18309161568216,0.8169083843178413
7,Ammonia,160.0,Ammonia,234.3311067686114,74.33110676861139
7,Ammonia,240.0,Ammonia,254.33112564937,14.331125649369994
7,Toluene,40.0,Ammonia,99.05434354290527,59.05434354290527
7,Toluene,35.0,Toluene,33.62925544020145,1.3707445597985526
7,Ammonia,260.0,Ammonia,297.4965797805502,37.49657978055018
7,Ammonia,130.0,Ammonia,196.8691004440169,66.86910044401691
7,Toluene,75.0,Ammonia,152.7657762807823,77.76577628078229
7,Toluene,90.0,Toluene,73.30334087723526,16.696659122764743
7,Ammonia,170.0,Ammonia,237.40541449725788,67.40541449725788
7,Ammonia,230.0,Ammonia,246.0021084076134,16.002108407613406
7,Toluene,80.0,Ammonia,157.09274540805532,77.09274540805532
7,Toluene,55.0,Toluene,48.25429152522871,6.745708474771291
7,Ammonia,270.0,Ammonia,292.7801896840258,22.7801896840258
7,Ammonia,180.0,Ammonia,228.73073347295866,48.73073347295866
7,Toluene,25.0,Ammonia,66.29772223050863,41.297722230508626
7,Toluene,2.5,Acetone,159.57377989286363,157.07377989286363
7,Ammonia,190.0,Ammonia,257.0966804875021,67.09668048750211
7,Ammonia,90.0,Ammonia,154.89679242497698,64.89679242497698
7,Ammonia,140.0,Ammonia,211.18724857928274,71.18724857928274
7,Ammonia,70.0,Ammonia,110.70729885607115,40.70729885607115
7,Ammonia,100.0,Ammonia,168.00635051665174,68.00635051665174
7,Ammonia,210.0,Ammonia,244.4540647926167,34.45406479261669
7,Ethylene,100.0,Ethanol,172.2973051728784,72.2973051728784
7,Ethylene,100.0,Ethanol,186.23256106533324,86.23256106533324
7,Acetaldehyde,125.0,Acetaldehyde,193.93995482083898,68.93995482083898
7,Acetaldehyde,100.0,Acetaldehyde,141.60160416810155,41.601604168101545
7,Acetaldehyde,10.0,Ammonia,59.16098192178673,49.16098192178673
7,Acetaldehyde,125.0,Acetaldehyde,143.2180343012597,18.218034301259706
7,Acetaldehyde,125.0,Acetaldehyde,127.29481962672712,2.2948196267271186
7,Ethylene,100.0,Ethanol,174.7555475260001,74.7555475260001
7,Ethylene,100.0,Ethanol,162.5530912561848,62.553091256184814
7,Ethylene,100.0,Ethanol,201.01213208091545,101.01213208091545
7,Ethylene,10.0,Acetone,143.04174977540373,133.04174977540373
7,Acetaldehyde,100.0,Acetaldehyde,158.52693838611268,58.526938386112676
7,Acetaldehyde,10.0,Acetaldehyde,21.054059840567703,11.054059840567703
7,Ethylene,100.0,Ethanol,190.94519285556086,90.94519285556086
7,Ethylene,10.0,Acetone,149.55574492823735,139.55574492823735
7,Acetaldehyde,100.0,Acetaldehyde,146.4231859553087,46.423185955308696
7,Acetaldehyde,10.0,Acetaldehyde,22.497059623066235,12.497059623066235
7,Ethylene,100.0,Ethanol,191.98857878691803,91.98857878691803
7,Ethylene,10.0,Acetone,143.9495282237895,133.9495282237895
7,Acetaldehyde,100.0,Acetaldehyde,161.8162837082344,61.81628370823441
7,Acetaldehyde,10.0,Acetaldehyde,22.682148096478002,12.682148096478002
7,Ethylene,100.0,Ethanol,162.8316423818967,62.8316423818967
7,Ethylene,10.0,Acetaldehyde,21.758652397035092,11.758652397035092
7,Acetaldehyde,100.0,Acetaldehyde,164.2293616318555,64.22936163185551
7,Acetaldehyde,60.0,Acetaldehyde,21.852821375638996,38.147178624361004
7,Ethylene,100.0,Ethanol,165.22377911138753,65.22377911138753
7,Ethylene,10.0,Acetaldehyde,20.577346620217412,10.577346620217412
7,Acetaldehyde,100.0,Acetaldehyde,155.90889844897723,55.908898448977226
7,Acetaldehyde,10.0,Acetaldehyde,20.94982705825963,10.949827058259629
7,Ethylene,100.0,Ethanol,184.00083668441584,84.00083668441584
7,Ethylene,10.0,Acetone,143.94667894019574,133.94667894019574
7,Acetaldehyde,100.0,Acetaldehyde,140.17395948030077,40.173959480300766
7,Acetaldehyde,10.0,Acetaldehyde,21.998165625608948,11.998165625608948
7,Ethylene,100.0,Ethanol,177.93634793474172,77.93634793474172
7,Ethylene,10.0,Acetone,142.9175541654321,132.9175541654321
7,Acetaldehyde,100.0,Acetaldehyde,139.9288466738704,39.928846673870396
7,Acetaldehyde,10.0,Acetaldehyde,20.538820896419665,10.538820896419665
7,Ethylene,100.0,Ethanol,184.85015306571913,84.85015306571913
7,Ethylene,10.0,Acetone,145.85636546202636,135.85636546202636
7,Acetaldehyde,100.0,Acetaldehyde,136.17229887840892,36.172298878408924
7,Acetaldehyde,10.0,Acetaldehyde,21.97481755742443,11.97481755742443
7,Ethylene,100.0,Ethanol,177.8382791524353,77.83827915243529
7,Ethylene,10.0,Acetone,140.85150451767078,130.85150451767078
7,Acetaldehyde,100.0,Acetaldehyde,134.08311242136983,34.08311242136983
7,Acetaldehyde,20.0,Acetaldehyde,20.877182588948756,0.8771825889487559
7,Ethylene,100.0,Ethanol,193.69953112715405,93.69953112715405
7,Ethylene,10.0,Acetone,143.57572603407107,133.57572603407107
7,Acetaldehyde,100.0,Acetaldehyde,128.54480898386544,28.544808983865437
7,Acetaldehyde,10.0,Acetaldehyde,20.280387682209934,10.280387682209934
7,Ethylene,100.0,Ethanol,193.6296301454771,93.62963014547711
7,Ethylene,10.0,Acetone,145.07708357310574,135.07708357310574
7,Acetaldehyde,100.0,Acetaldehyde,126.06734856436552,26.067348564365517
7,Acetaldehyde,10.0,Acetaldehyde,23.255478521138116,13.255478521138116
7,Ethylene,100.0,Ethylene,114.144039991482,14.144039991482003
7,Ethylene,10.0,Acetone,142.02373393323106,132.02373393323106
7,Acetaldehyde,100.0,Acetaldehyde,133.51346541745536,33.513465417455365
7,Acetaldehyde,10.0,Acetaldehyde,21.406198758056874,11.406198758056874
7,Ethylene,100.0,Ethanol,186.9229854902961,86.9229854902961
7,Ethylene,10.0,Acetone,141.40363056778563,131.40363056778563
7,Acetaldehyde,100.0,Acetaldehyde,148.42373419247713,48.42373419247713
7,Acetaldehyde,10.0,Acetaldehyde,22.902716169504586,12.902716169504586
7,Ethylene,100.0,Ethanol,170.17894792677703,70.17894792677703
7,Ethylene,10.0,Acetone,143.87629147523614,133.87629147523614
7,Acetaldehyde,100.0,Acetaldehyde,154.58881351884878,54.58881351884878
7,Acetaldehyde,10.0,Acetaldehyde,25.699076407748947,15.699076407748947
7,Ethylene,100.0,Ethanol,176.79340679523415,76.79340679523415
7,Ethylene,10.0,Acetone,144.42158010013196,134.42158010013196
7,Acetaldehyde,100.0,Acetaldehyde,158.46250745291437,58.462507452914366
7,Acetaldehyde,10.0,Acetaldehyde,24.02601479287317,14.02601479287317
7,Ethylene,100.0,Ethanol,183.25125792921034,83.25125792921034
7,Ethylene,10.0,Acetone,144.0988454628349,134.0988454628349
7,Acetaldehyde,100.0,Acetaldehyde,158.0367347626027,58.03673476260269
7,Acetaldehyde,10.0,Acetaldehyde,23.13665414425074,13.136654144250741
7,Ethylene,100.0,Ethanol,166.7951546483868,66.79515464838681
7,Ethylene,10.0,Acetone,144.07416070493164,134.07416070493164
7,Acetaldehyde,100.0,Acetaldehyde,155.3911746625114,55.39117466251139
7,Acetaldehyde,10.0,Acetaldehyde,24.94936727484037,14.94936727484037
7,Ethylene,100.0,Ethanol,181.85790813389426,81.85790813389426
7,Ethylene,10.0,Acetone,143.92274406536916,133.92274406536916
7,Acetaldehyde,100.0,Acetaldehyde,153.52170437272787,53.52170437272787
7,Acetaldehyde,10.0,Acetaldehyde,23.53836402547236,13.538364025472362
7,Ethylene,100.0,Ethanol,178.3081656648544,78.30816566485441
7,Ethylene,35.0,Acetone,142.50121712529145,107.50121712529145
7,Acetaldehyde,100.0,Acetaldehyde,149.7330133556,49.73301335560001
7,Acetaldehyde,10.0,Acetaldehyde,22.36607469760621,12.366074697606209
7,Ethylene,100.0,Ethanol,179.95608849163594,79.95608849163594
7,Ethylene,10.0,Acetone,141.48951154542254,131.48951154542254
7,Acetaldehyde,100.0,Acetaldehyde,146.19352467847364,46.193524678473636
7,Acetaldehyde,10.0,Acetaldehyde,21.47852621065833,11.47852621065833
7,Ethylene,100.0,Ethanol,168.00753525000442,68.00753525000442
7,Ethylene,10.0,Acetone,142.3685559392052,132.3685559392052
7,Acetaldehyde,100.0,Acetaldehyde,147.06650119714175,47.06650119714175
7,Acetaldehyde,10.0,Acetaldehyde,22.732620650187727,12.732620650187727
7,Ethylene,100.0,Ethanol,197.81339437649635,97.81339437649635
7,Ethylene,10.0,Acetone,144.3148879455624,134.3148879455624
7,Acetaldehyde,100.0,Acetaldehyde,138.84264944427025,38.84264944427025
7,Acetaldehyde,10.0,Acetaldehyde,23.51557702034863,13.51557702034863
7,Ethylene,100.0,Ethanol,180.3371871492987,80.3371871492987
7,Ethylene,10.0,Acetone,143.00119310099225,133.00119310099225
7,Acetaldehyde,100.0,Acetaldehyde,139.73618655982466,39.73618655982466
7,Acetaldehyde,10.0,Acetaldehyde,22.604421945969776,12.604421945969776
7,Ethylene,100.0,Ethylene,118.14521079537457,18.145210795374567
7,Ethylene,10.0,Acetone,137.91349941713682,127.91349941713682
7,Acetaldehyde,100.0,Acetaldehyde,141.32532574462138,41.32532574462138
7,Acetaldehyde,200.0,Acetaldehyde,20.74420044476436,179.25579955523563
7,Ethylene,100.0,Ethanol,178.1494108969274,78.1494108969274
7,Ethylene,10.0,Acetone,142.2884132863689,132.2884132863689
7,Acetaldehyde,100.0,Acetaldehyde,136.229553836635,36.229553836635006
7,Acetaldehyde,10.0,Acetaldehyde,19.922485045114044,9.922485045114044
7,Ethylene,100.0,Ethanol,179.1903995314496,79.1903995314496
7,Ethylene,10.0,Acetone,139.91968220372394,129.91968220372394
7,Acetaldehyde,100.0,Acetaldehyde,135.07553530893935,35.07553530893935
7,Acetaldehyde,10.0,Acetaldehyde,20.90548374508785,10.90548374508785
7,Ethylene,100.0,Ethanol,205.18931373534406,105.18931373534406
7,Ethylene,10.0,Acetone,139.2641916829133,129.2641916829133
7,Acetaldehyde,100.0,Acetaldehyde,131.36883173120367,31.36883173120367
7,Acetaldehyde,10.0,Acetaldehyde,20.882981197055244,10.882981197055244
7,Ethylene,100.0,Ethanol,181.6034857475092,81.60348574750921
7,Ethylene,10.0,Acetone,142.7983024514175,132.7983024514175
7,Acetaldehyde,100.0,Acetaldehyde,134.55465774231996,34.55465774231996
7,Acetaldehyde,10.0,Acetaldehyde,21.884031239473714,11.884031239473714
7,Ethylene,100.0,Ethylene,111.01432396919941,11.01432396919941
7,Ethylene,10.0,Acetone,141.09643244021487,131.09643244021487
7,Acetaldehyde,100.0,Acetaldehyde,131.33346875939233,31.333468759392332
7,Acetaldehyde,10.0,Acetaldehyde,21.471711976898376,11.471711976898376
7,Ethylene,100.0,Ethylene,111.33845873649727,11.338458736497273
7,Ethylene,10.0,Acetone,142.8019422836104,132.8019422836104
7,Acetaldehyde,100.0,Acetaldehyde,131.06568690772139,31.065686907721386
7,Acetaldehyde,10.0,Acetaldehyde,21.319704878010597,11.319704878010597
7,Ethylene,100.0,Ethylene,109.17417394660436,9.174173946604355
7,Ethylene,10.0,Acetone,139.10844671716043,129.10844671716043
7,Acetaldehyde,100.0,Acetaldehyde,125.51722295142736,25.517222951427357
7,Acetaldehyde,10.0,Acetaldehyde,19.608328504360756,9.608328504360756
7,Ethylene,100.0,Ethylene,116.43893911901611,16.438939119016112
7,Ethylene,10.0,Acetone,139.84925448718732,129.84925448718732
7,Acetaldehyde,100.0,Acetaldehyde,127.923936569951,27.923936569950996
7,Acetaldehyde,10.0,Acetaldehyde,18.447326959594406,8.447326959594406
7,Ethylene,100.0,Ethylene,119.64691370196512,19.64691370196512
7,Ethylene,10.0,Acetone,136.8413052406195,126.8413052406195
7,Acetaldehyde,100.0,Acetaldehyde,127.72202305865267,27.722023058652667
7,Acetaldehyde,10.0,Acetaldehyde,21.35024946193795,11.350249461937949
7,Ethylene,100.0,Ethylene,118.13387439084306,18.13387439084306
7,Ethylene,10.0,Acetone,138.84854678074618,128.84854678074618
7,Acetaldehyde,100.0,Acetaldehyde,122.12029009928472,22.120290099284716
7,Acetaldehyde,10.0,Acetaldehyde,19.016177912064293,9.016177912064293
7,Ethylene,100.0,Ethylene,115.62202049061105,15.62202049061105
7,Ethylene,10.0,Acetone,138.7610563115913,128.7610563115913
7,Acetaldehyde,100.0,Acetaldehyde,124.33612252491196,24.336122524911957
7,Acetaldehyde,10.0,Acetaldehyde,19.94255123603523,9.942551236035229
7,Ethylene,100.0,Acetone,80.00869610906936,19.991303890930638
7,Ethylene,10.0,Acetone,142.9575007964431,132.9575007964431
7,Acetaldehyde,100.0,Acetaldehyde,121.7729234323671,21.772923432367094
7,Acetaldehyde,10.0,Acetaldehyde,20.81541598800598,10.81541598800598
7,Ethylene,100.0,Ethylene,119.41868383309415,19.41868383309415
7,Ethylene,10.0,Acetone,140.16222380932507,130.16222380932507
7,Acetaldehyde,100.0,Acetaldehyde,120.73218677824937,20.73218677824937
7,Acetaldehyde,10.0,Acetaldehyde,22.165818226860893,12.165818226860893
7,Ethylene,100.0,Ethylene,111.14414186449781,11.144141864497811
7,Ethylene,10.0,Acetone,138.58704719499445,128.58704719499445
7,Acetaldehyde,100.0,Acetaldehyde,122.52076347529622,22.52076347529622
7,Acetaldehyde,10.0,Acetaldehyde,19.887946291412916,9.887946291412916
7,Ethylene,100.0,Acetone,82.92897228283945,17.071027717160547
7,Ethylene,10.0,Acetone,139.38595607255485,129.38595607255485
7,Acetaldehyde,100.0,Acetaldehyde,120.3009814737311,20.3009814737311
7,Acetaldehyde,120.0,Acetaldehyde,18.60758018972676,101.39241981027324
7,Ethylene,100.0,Ethylene,98.81896571388303,1.1810342861169687
7,Ethylene,10.0,Acetone,136.6455242593427,126.6455242593427
7,Acetaldehyde,100.0,Acetaldehyde,113.45187741912183,13.451877419121828
7,Acetaldehyde,10.0,Acetaldehyde,20.17927168085501,10.17927168085501
7,Ethylene,100.0,Ethylene,102.3381870945942,2.338187094594204
7,Ethylene,10.0,Acetone,138.51018025122366,128.51018025122366
7,Acetaldehyde,100.0,Acetaldehyde,115.39640224814885,15.396402248148846
7,Acetaldehyde,10.0,Acetaldehyde,20.283265611319194,10.283265611319194
7,Ethylene,100.0,Ethylene,116.67787640886883,16.677876408868826
7,Ethylene,10.0,Acetone,139.5553381148226,129.5553381148226
7,Acetaldehyde,100.0,Acetaldehyde,112.23074074077968,12.23074074077968
7,Acetaldehyde,10.0,Acetaldehyde,18.930066996035563,8.930066996035563
7,Ethylene,100.0,Ethanol,178.31906276293472,78.31906276293472
7,Ethylene,10.0,Acetone,141.4314632246544,131.4314632246544
7,Acetaldehyde,100.0,Acetaldehyde,110.90630829077024,10.90630829077024
7,Acetaldehyde,10.0,Acetaldehyde,18.823071178346197,8.823071178346197
7,Ethylene,100.0,Ethylene,114.50474943363915,14.504749433639148
7,Ethylene,10.0,Acetone,138.97245832173618,128.97245832173618
7,Acetaldehyde,100.0,Acetaldehyde,112.56159216049801,12.561592160498009
7,Acetaldehyde,10.0,Acetaldehyde,18.849904495297295,8.849904495297295
7,Ethylene,100.0,Ethylene,110.1260179535823,10.126017953582306
7,Ethylene,10.0,Acetone,141.05521522778392,131.05521522778392
7,Acetaldehyde,100.0,Acetaldehyde,108.74278927409003,8.742789274090029
7,Acetaldehyde,10.0,Acetaldehyde,16.733564135132752,6.733564135132752
7,Ethylene,100.0,Ethylene,113.93910042129082,13.939100421290817
7,Ethylene,10.0,Acetone,139.8287329258803,129.8287329258803
7,Acetaldehyde,100.0,Acetaldehyde,108.49747583787733,8.497475837877332
7,Acetaldehyde,200.0,Acetaldehyde,19.896374697452075,180.10362530254793
7,Ethylene,100.0,Acetone,75.52285845330174,24.477141546698263
7,Ethylene,10.0,Acetone,141.07969894736596,131.07969894736596
7,Acetaldehyde,100.0,Acetaldehyde,106.65856771970266,6.65856771970266
7,Acetaldehyde,10.0,Acetaldehyde,19.30024402222797,9.300244022227972
7,Ethylene,100.0,Ethylene,106.94567941946796,6.9456794194679645
7,Ethylene,10.0,Acetone,136.73197563344604,126.73197563344604
7,Acetaldehyde,100.0,Acetaldehyde,103.241048193661,3.241048193661001
7,Acetaldehyde,10.0,Acetaldehyde,19.092690060909916,9.092690060909916
7,Ethylene,100.0,Ethylene,109.27745137571966,9.277451375719664
7,Ethylene,50.0,Acetone,139.08284125865092,89.08284125865092
7,Acetaldehyde,100.0,Acetaldehyde,102.5606091555318,2.560609155531793
7,Acetaldehyde,100.0,Acetaldehyde,19.077164250059965,80.92283574994003
7,Ethylene,100.0,Ethylene,110.9492986941537,10.949298694153697
7,Ethylene,10.0,Acetone,138.77626640953082,128.77626640953082
7,Acetaldehyde,100.0,Acetaldehyde,100.23845997659501,0.23845997659500995
7,Acetaldehyde,180.0,Acetaldehyde,18.418654521762875,161.58134547823713
7,Ethylene,100.0,Ethylene,117.61850614119088,17.618506141190878
7,Ethylene,10.0,Acetone,137.38662176188078,127.38662176188078
7,Acetaldehyde,100.0,Acetaldehyde,95.8424972042421,4.157502795757907
7,Acetaldehyde,10.0,Acetaldehyde,19.151616634626876,9.151616634626876
7,Ethylene,200.0,Ethylene,183.70852505343606,16.291474946563937
7,Ethylene,20.0,Acetone,125.30475832555351,105.30475832555351
7,Acetaldehyde,250.0,Acetaldehyde,262.6724053439472,12.672405343947219
7,Acetaldehyde,110.0,Acetaldehyde,69.64275076080119,40.35724923919881
7,Ethylene,150.0,Ethylene,142.97034636968888,7.029653630311117
7,Ethylene,50.0,Acetone,83.93307210805926,33.933072108059264
7,Acetaldehyde,30.0,Acetaldehyde,49.06774153336622,19.067741533366217
7,Acetaldehyde,80.0,Acetaldehyde,51.97293400151053,28.02706599848947
7,Ethylene,180.0,Ethylene,164.02871976552044,15.971280234479565
7,Ethylene,80.0,Acetone,73.01155823608731,6.9884417639126895
7,Acetaldehyde,20.0,Acetaldehyde,33.41468967749692,13.414689677496924
7,Acetaldehyde,70.0,Acetaldehyde,50.241012017904204,19.758987982095796
7,Ethylene,250.0,Ethylene,205.4767416138168,44.52325838618319
7,Ethylene,210.0,Ethylene,197.69895348078325,12.301046519216754
7,Acetaldehyde,150.0,Acetaldehyde,142.0148628799817,7.985137120018294
7,Acetaldehyde,50.0,Acetaldehyde,46.506114404941016,3.493885595058984
7,Ethylene,230.0,Ethylene,196.24621560951527,33.753784390484725
7,Ethylene,120.0,Ethylene,124.72187848639761,4.721878486397614
7,Acetaldehyde,120.0,Acetaldehyde,107.36215372841949,12.637846271580514
7,Acetaldehyde,190.0,Acetaldehyde,185.01140265768765,4.988597342312346
7,Ethylene,90.0,Ethylene,103.45724527177714,13.45724527177714
7,Ethylene,170.0,Ethylene,155.63118403826246,14.368815961737539
7,Acetaldehyde,40.0,Acetaldehyde,51.08458849112651,11.08458849112651
7,Acetaldehyde,230.0,Acetaldehyde,209.80698845583387,20.193011544166126
7,Ethylene,240.0,Ethylene,200.15884887751056,39.841151122489435
7,Ethylene,60.0,Acetone,86.28247143208046,26.282471432080456
7,Acetaldehyde,130.0,Acetaldehyde,99.80254716992188,30.19745283007812
7,Acetaldehyde,90.0,Acetaldehyde,57.079406864850945,32.920593135149055
7,Ethylene,190.0,Ethylene,176.80397226468236,13.196027735317642
7,Ethylene,30.0,Acetone,114.37540252066702,84.37540252066702
7,Acetaldehyde,160.0,Acetaldehyde,144.16820913536543,15.83179086463457
7,Acetaldehyde,240.0,Acetaldehyde,212.85442698879677,27.145573011203226
7,Ethylene,220.0,Ethylene,199.54703245990316,20.452967540096836
7,Ethylene,70.0,Ethylene,124.52448374266146,54.52448374266146
7,Acetaldehyde,220.0,Acetaldehyde,203.10601009938046,16.893989900619545
7,Acetaldehyde,60.0,Acetaldehyde,57.81847585468961,2.181524145310391
7,Ethylene,130.0,Ethylene,135.89033427859184,5.890334278591837
7,Ethylene,40.0,Acetone,97.20103632690476,57.201036326904756
7,Acetaldehyde,200.0,Acetaldehyde,180.37829591864323,19.621704081356768
7,Acetaldehyde,70.0,Acetaldehyde,80.63808858326585,10.638088583265855
7,Ethylene,110.0,Ethylene,117.63068498449903,7.630684984499027
7,Ethylene,70.0,Acetone,68.06032631797345,1.9396736820265517
7,Acetaldehyde,210.0,Acetaldehyde,191.28712792978288,18.712872070217117
7,Acetaldehyde,170.0,Acetaldehyde,126.40186065327974,43.59813934672026
7,Ethylene,140.0,Ethylene,141.0934320516488,1.09343205164879
7,Ethylene,160.0,Ethylene,144.64631119417953,15.353688805820468
7,Acetaldehyde,180.0,Acetaldehyde,144.69563206511083,35.30436793488917
7,Ethylene,100.0,Ethylene,99.37079076674942,0.6292092332505774
7,Ethylene,10.0,Acetone,142.92584198213706,132.92584198213706
7,Acetaldehyde,100.0,Acetaldehyde,60.06516203958642,39.93483796041358
7,Ethylene,200.0,Ethylene,173.56146161390504,26.43853838609496
7,Ethylene,20.0,Acetone,128.3833742075828,108.38337420758279
7,Acetaldehyde,250.0,Acetaldehyde,214.7349509260656,35.26504907393439
7,Acetaldehyde,110.0,Acetaldehyde,59.88347128481788,50.11652871518212
7,Ethylene,150.0,Ethylene,149.34397670931475,0.6560232906852548
7,Ethylene,50.0,Acetone,84.4179796952211,34.417979695221106
7,Acetaldehyde,30.0,Acetaldehyde,42.164513714113156,12.164513714113156
7,Acetaldehyde,80.0,Acetaldehyde,51.14285934870619,28.85714065129381
7,Ethylene,180.0,Ethylene,163.831433165863,16.16856683413701
7,Ethylene,50.0,Acetone,73.40378386672374,23.403783866723742
7,Acetaldehyde,20.0,Acetaldehyde,30.94522748359796,10.94522748359796
7,Acetaldehyde,70.0,Acetaldehyde,53.67006743459809,16.32993256540191
7,Ethylene,250.0,Ethylene,195.8112383882793,54.18876161172071
7,Ethylene,210.0,Ethylene,194.30884482610523,15.69115517389477
7,Acetaldehyde,150.0,Acetaldehyde,111.68417777753184,38.31582222246816
7,Acetaldehyde,50.0,Acetaldehyde,52.83346639757784,2.833466397577837
7,Ethylene,230.0,Ethylene,192.06466179092376,37.935338209076235
7,Ethylene,120.0,Ethylene,127.42893129265053,7.428931292650532
7,Acetaldehyde,120.0,Acetaldehyde,82.0893654707244,37.9106345292756
7,Acetaldehyde,190.0,Acetaldehyde,144.40830212305414,45.59169787694586
7,Ethylene,90.0,Ethylene,104.39284637960347,14.39284637960347
7,Ethylene,170.0,Ethylene,155.67557969323306,14.324420306766939
7,Acetaldehyde,5.0,Acetaldehyde,49.078031113874886,44.078031113874886
7,Acetaldehyde,230.0,Acetaldehyde,190.65265393964756,39.347346060352436
7,Ethylene,240.0,Ethylene,195.21281092352592,44.78718907647408
7,Ethylene,100.0,Acetone,87.43930240228497,12.560697597715034
7,Acetaldehyde,130.0,Acetaldehyde,94.7431275988227,35.256872401177304
7,Acetaldehyde,90.0,Acetaldehyde,57.43374539482105,32.56625460517895
7,Ethylene,190.0,Ethylene,182.5412435769792,7.4587564230207875
7,Ethylene,30.0,Acetone,112.34678608889163,82.34678608889163
7,Acetaldehyde,160.0,Acetaldehyde,137.3375290921802,22.662470907819795
7,Acetaldehyde,240.0,Acetaldehyde,203.39519832205633,36.60480167794367
7,Ethylene,220.0,Ethylene,192.50166919707019,27.498330802929814
7,Ethylene,110.0,Ethylene,112.46628776907279,2.4662877690727925
7,Acetaldehyde,220.0,Acetaldehyde,193.41487595621905,26.58512404378095
7,Acetaldehyde,60.0,Acetaldehyde,54.24008127306156,5.759918726938437
7,Ethylene,130.0,Ethylene,137.84261741106937,7.842617411069369
7,Ethylene,65.0,Acetone,100.0300907303543,35.0300907303543
7,Acetaldehyde,200.0,Acetaldehyde,168.91289337959685,31.087106620403148
7,Acetaldehyde,140.0,Acetaldehyde,84.94056647673033,55.059433523269675
7,Ethylene,110.0,Ethylene,122.43576974040897,12.435769740408972
7,Ethylene,90.0,Acetone,72.31091485078899,17.68908514921101
7,Acetaldehyde,210.0,Acetaldehyde,182.48991192108258,27.51008807891742
7,Acetaldehyde,170.0,Acetaldehyde,122.34104860238321,47.65895139761679
7,Ethylene,140.0,Ethylene,140.0444236073328,0.044423607332788606
7,Ethylene,160.0,Ethylene,139.30710349349732,20.692896506502677
7,Acetaldehyde,180.0,Acetaldehyde,136.8352224703007,43.16477752969931
7,Ethylene,100.0,Ethylene,110.88565375453916,10.885653754539163
7,Ethylene,10.0,Acetone,143.44322259641586,133.44322259641586
7,Acetaldehyde,100.0,Acetaldehyde,64.14858262886278,35.85141737113722
7,Ethylene,200.0,Ethylene,172.08280737230245,27.917192627697546
7,Ethylene,20.0,Acetone,129.98629566081763,109.98629566081763
7,Acetaldehyde,250.0,Acetaldehyde,213.88506387019703,36.11493612980297
7,Acetaldehyde,110.0,Acetaldehyde,58.105242270079984,51.894757729920016
7,Ethylene,150.0,Ethylene,144.52109064359493,5.478909356405069
7,Ethylene,50.0,Acetone,87.52836572096032,37.52836572096032
7,Acetaldehyde,40.0,Acetaldehyde,41.464122224488435,1.4641222244884347
7,Acetaldehyde,100.0,Acetaldehyde,53.85326225844628,46.14673774155372
7,Ethylene,180.0,Ethylene,167.2545804730523,12.7454195269477
7,Ethylene,80.0,Acetone,74.64864853758428,5.351351462415721
7,Acetaldehyde,20.0,Acetaldehyde,29.88225002979567,9.88225002979567
7,Acetaldehyde,70.0,Acetaldehyde,53.85670164432809,16.14329835567191
7,Ethylene,250.0,Ethylene,195.24023080657287,54.75976919342713
7,Ethylene,210.0,Ethylene,194.59056400774887,15.409435992251133
7,Acetaldehyde,150.0,Acetaldehyde,108.70669314223639,41.29330685776361
7,Acetaldehyde,50.0,Acetaldehyde,49.98508225356418,0.014917746435820334
7,Ethylene,230.0,Ethylene,192.14886427281007,37.85113572718993
7,Ethylene,120.0,Ethanol,176.6244189244411,56.6244189244411
7,Acetaldehyde,120.0,Acetaldehyde,75.11518740705625,44.884812592943746
7,Acetaldehyde,190.0,Acetaldehyde,134.90723962453214,55.09276037546786
7,Ethylene,90.0,Acetone,75.16831827263515,14.831681727364852
7,Ethylene,170.0,Ethylene,154.23308007301858,15.766919926981416
7,Acetaldehyde,40.0,Acetaldehyde,52.40761753086405,12.407617530864052
7,Acetaldehyde,230.0,Acetaldehyde,177.5138668271033,52.4861331728967
7,Ethylene,70.0,Ethylene,194.98721632466498,124.98721632466498
7,Ethylene,60.0,Acetone,87.59713455891995,27.597134558919947
7,Acetaldehyde,130.0,Acetaldehyde,92.52537910986486,37.47462089013514
7,Acetaldehyde,90.0,Acetaldehyde,57.71200887801378,32.28799112198622
7,Ethylene,190.0,Ethylene,174.1099235296188,15.890076470381189
7,Ethylene,30.0,Acetone,115.36372932996444,85.36372932996444
7,Acetaldehyde,160.0,Acetaldehyde,134.49765095038023,25.502349049619767
7,Acetaldehyde,10.0,Acetaldehyde,194.32921699851488,184.32921699851488
7,Acetaldehyde,220.0,Acetaldehyde,181.89965472915955,38.10034527084045
7,Acetaldehyde,60.0,Acetaldehyde,51.0597881693687,8.940211830631299
7,Ethylene,130.0,Ethylene,131.36992975210265,1.3699297521026494
7,Ethylene,40.0,Acetone,101.49566925934803,61.495669259348034
7,Acetaldehyde,200.0,Acetaldehyde,158.99548675036914,41.00451324963086
7,Acetaldehyde,280.0,Acetaldehyde,84.91177683115212,195.0882231688479
7,Ethylene,70.0,Acetone,74.29532439682886,4.29532439682886
7,Acetaldehyde,210.0,Acetaldehyde,169.23039199870692,40.76960800129308
7,Acetaldehyde,170.0,Acetaldehyde,112.62950325449692,57.370496745503075
7,Ethylene,140.0,Ethylene,141.21804901711062,1.2180490171106158
7,Ethylene,160.0,Ethylene,147.62673081067422,12.373269189325782
7,Acetaldehyde,300.0,Acetaldehyde,127.60160029973103,172.39839970026895
7,Acetaldehyde,100.0,Acetaldehyde,58.138183898416166,41.861816101583834
7,Ethylene,200.0,Ethylene,176.9407306444599,23.059269355540096
7,Ethylene,20.0,Acetone,126.47872726103085,106.47872726103085
7,Acetaldehyde,250.0,Acetaldehyde,204.1247704039034,45.8752295960966
7,Acetaldehyde,110.0,Acetaldehyde,59.23746157153514,50.76253842846486
7,Ethylene,100.0,Ethylene,145.90774676612625,45.90774676612625
7,Ethylene,50.0,Acetone,91.19031175678805,41.19031175678805
7,Acetaldehyde,10.0,Acetaldehyde,37.62488270194753,27.624882701947527
7,Acetaldehyde,80.0,Acetaldehyde,52.70387479929423,27.296125200705767
7,Acetaldehyde,90.0,Acetaldehyde,22.919257797343278,67.08074220265672
7,Acetaldehyde,90.0,Acetaldehyde,48.912519383017326,41.087480616982674
7,Ethylene,250.0,Ethylene,201.8404488833463,48.15955111665369
7,Ethylene,210.0,Ethylene,200.43612922139184,9.563870778608162
7,Acetaldehyde,50.0,Acetaldehyde,54.23199159085507,4.231991590855067
7,Ethylene,230.0,Ethylene,192.4404646893994,37.55953531060061
7,Acetaldehyde,120.0,Acetaldehyde,80.31491616132165,39.68508383867835
7,Acetaldehyde,190.0,Acetaldehyde,138.96266846336573,51.03733153663427
7,Acetaldehyde,40.0,Acetaldehyde,52.698254542273574,12.698254542273574
7,Acetaldehyde,230.0,Acetaldehyde,192.03591084791896,37.964089152081044
7,Ethylene,240.0,Ethylene,204.650640552555,35.34935944744501
7,Acetaldehyde,130.0,Acetaldehyde,89.85943192134116,40.140568078658845
7,Acetaldehyde,90.0,Acetaldehyde,61.5209755705093,28.4790244294907
7,Acetaldehyde,160.0,Acetaldehyde,125.62150964036016,34.37849035963984
7,Acetaldehyde,240.0,Acetaldehyde,189.77678186120198,50.22321813879802
7,Ethylene,110.0,Ethanol,162.35265642813044,52.352656428130445
7,Acetaldehyde,220.0,Acetaldehyde,181.47406241867236,38.52593758132764
7,Acetaldehyde,60.0,Acetaldehyde,53.67753571441131,6.322464285588687
7,Ethylene,130.0,Ethylene,133.07196859408984,3.0719685940898387
7,Ethylene,40.0,Acetone,95.96657462145285,55.96657462145285
7,Acetaldehyde,200.0,Acetaldehyde,159.72789373142666,40.27210626857334
7,Acetaldehyde,10.0,Acetaldehyde,75.13212545338415,65.13212545338415
7,Ethylene,110.0,Ethylene,123.46864371367786,13.468643713677864
7,Ethylene,70.0,Acetone,69.86122055170894,0.1387794482910607
7,Acetaldehyde,210.0,Acetaldehyde,177.22910696339918,32.770893036600825
7,Acetaldehyde,170.0,Acetaldehyde,114.99294441871179,55.00705558128821
7,Ethylene,140.0,Ethylene,150.14982260379645,10.149822603796451
7,Ethylene,160.0,Ethylene,153.73311393230412,6.266886067695879
7,Acetaldehyde,180.0,Acetaldehyde,137.23711505620284,42.76288494379716
7,Ethylene,100.0,Ethylene,109.8259556119202,9.825955611920193
7,Ethylene,10.0,Acetone,141.7649648766223,131.7649648766223
7,Acetaldehyde,100.0,Acetaldehyde,51.488243697601476,48.511756302398524
7,Ethylene,200.0,Ethylene,180.1162123260078,19.883787673992202
7,Ethylene,20.0,Acetone,129.2541966225969,109.25419662259691
7,Acetaldehyde,250.0,Acetaldehyde,212.32957422115814,37.67042577884186
7,Acetaldehyde,110.0,Acetaldehyde,64.33678975187482,45.66321024812518
7,Ethylene,150.0,Ethylene,150.430224287148,0.43022428714800753
7,Ethylene,50.0,Acetone,88.18988164815555,38.18988164815555
7,Acetaldehyde,30.0,Acetaldehyde,37.13299826099758,7.1329982609975815
7,Acetaldehyde,80.0,Acetaldehyde,62.581750658816475,17.418249341183525
7,Ethylene,180.0,Ethylene,169.58485938618773,10.41514061381227
7,Ethylene,110.0,Ethylene,97.74856855508051,12.25143144491949
7,Acetaldehyde,70.0,Acetaldehyde,57.591284825248884,12.408715174751116
7,Ethylene,250.0,Ethylene,206.75457263152538,43.24542736847462
7,Ethylene,210.0,Ethylene,202.62198356269846,7.3780164373015396
7,Acetaldehyde,150.0,Acetaldehyde,107.94885409403217,42.05114590596783
7,Acetaldehyde,50.0,Acetaldehyde,49.39707076361965,0.6029292363803478
7,Ethylene,230.0,Ethylene,197.55766428152768,32.44233571847232
7,Ethylene,120.0,Ethanol,219.4819107268762,99.48191072687621
7,Acetaldehyde,120.0,Acetaldehyde,74.69276873246125,45.307231267538754
7,Acetaldehyde,190.0,Acetaldehyde,148.73154423267283,41.26845576732717
7,Ethylene,90.0,Ethylene,108.51439363698174,18.514393636981737
7,Ethylene,170.0,Ethylene,170.95849253563426,0.9584925356342637
7,Acetaldehyde,40.0,Acetaldehyde,48.80498408328933,8.804984083289327
7,Acetaldehyde,230.0,Acetaldehyde,190.13003621859963,39.86996378140037
7,Ethylene,240.0,Ethylene,213.82356178775538,26.17643821224462
7,Ethylene,60.0,Acetone,95.05567324755619,35.055673247556186
7,Acetaldehyde,130.0,Acetaldehyde,97.51177313946052,32.488226860539484
7,Acetaldehyde,90.0,Acetaldehyde,61.75187834331914,28.24812165668086
7,Ethylene,190.0,Ethylene,192.65163162236055,2.6516316223605543
7,Ethylene,30.0,Acetone,117.450124358111,87.450124358111
7,Acetaldehyde,160.0,Acetaldehyde,141.55567446826095,18.444325531739054
7,Acetaldehyde,240.0,Acetaldehyde,204.5969048803252,35.40309511967479
7,Ethylene,220.0,Ethylene,197.84293845872077,22.157061541279234
7,Ethylene,110.0,Ethanol,204.2384623501474,94.23846235014739
7,Acetaldehyde,220.0,Acetaldehyde,193.15878170977447,26.841218290225527
7,Acetaldehyde,60.0,Acetaldehyde,54.39141290523693,5.608587094763067
7,Ethylene,130.0,Ethylene,144.04188952165424,14.041889521654241
7,Ethylene,20.0,Acetone,102.90409354093052,82.90409354093052
7,Acetaldehyde,200.0,Acetaldehyde,169.37650394075305,30.623496059246946
7,Acetaldehyde,140.0,Acetaldehyde,85.33410190099411,54.66589809900589
7,Ethylene,110.0,Ethylene,118.70580723274814,8.705807232748143
7,Ethylene,70.0,Acetone,80.70024311438584,10.700243114385842
7,Acetaldehyde,210.0,Acetaldehyde,185.59361112250525,24.40638887749475
7,Acetaldehyde,170.0,Acetaldehyde,123.63463159258175,46.365368407418245
7,Ethylene,140.0,Ethylene,144.00739423835796,4.007394238357961
7,Ethylene,160.0,Ethylene,156.6635092698134,3.336490730186597
7,Acetaldehyde,50.0,Acetaldehyde,146.41096466815125,96.41096466815125
7,Ethylene,100.0,Ethylene,109.9700421812511,9.970042181251102
7,Ethylene,10.0,Acetone,143.426697013666,133.426697013666
7,Acetaldehyde,100.0,Acetaldehyde,59.097750575703394,40.902249424296606
7,Ethylene,200.0,Ethylene,180.20459975038796,19.795400249612044
7,Ethylene,20.0,Acetone,131.06200538162503,111.06200538162503
7,Acetaldehyde,250.0,Acetaldehyde,208.43098956370807,41.56901043629193
7,Acetaldehyde,110.0,Acetaldehyde,59.873935311795854,50.126064688204146
7,Ethylene,150.0,Ethylene,153.04630199227807,3.0463019922780745
7,Ethylene,50.0,Acetone,95.08717204094646,45.087172040946456
7,Acetaldehyde,80.0,Acetaldehyde,56.505899391571965,23.494100608428035
7,Ethylene,180.0,Ethylene,179.54839728032908,0.45160271967091603
7,Ethylene,80.0,Ethanol,181.3668999689187,101.36689996891869
7,Acetaldehyde,70.0,Acetaldehyde,58.89258112033959,11.107418879660408
7,Ethylene,250.0,Ethylene,210.78132328888134,39.21867671111866
7,Ethylene,210.0,Ethylene,202.36130848672434,7.63869151327566
7,Acetaldehyde,150.0,Acetaldehyde,112.49057901605485,37.50942098394515
7,Acetaldehyde,50.0,Acetaldehyde,46.84037958908918,3.1596204109108186
7,Ethylene,230.0,Ethylene,206.25045730531048,23.749542694689524
7,Ethylene,120.0,Ethanol,241.06969307545052,121.06969307545052
7,Acetaldehyde,120.0,Acetaldehyde,77.16806588823981,42.83193411176019
7,Acetaldehyde,190.0,Acetaldehyde,142.1849117807417,47.815088219258314
7,Ethylene,90.0,Ethylene,98.04412755974477,8.044127559744766
7,Ethylene,170.0,Ethylene,173.6415369798477,3.6415369798477
7,Acetaldehyde,300.0,Acetaldehyde,45.95510119023561,254.0448988097644
7,Acetaldehyde,230.0,Acetaldehyde,186.47536497221063,43.52463502778937
7,Ethylene,240.0,Ethylene,212.3820974924448,27.617902507555186
7,Ethylene,60.0,Acetone,97.07728517285501,37.077285172855014
7,Acetaldehyde,130.0,Acetaldehyde,88.7852013051064,41.2147986948936
7,Acetaldehyde,90.0,Acetaldehyde,65.31562486359195,24.68437513640805
7,Ethylene,190.0,Ethylene,191.77570622367892,1.7757062236789238
7,Ethylene,30.0,Acetone,120.58130386311099,90.58130386311099
7,Acetaldehyde,160.0,Acetaldehyde,140.98337998538153,19.016620014618468
7,Acetaldehyde,240.0,Acetaldehyde,198.97874035271383,41.02125964728617
7,Ethylene,220.0,Ethylene,197.95615619642572,22.043843803574276
7,Ethylene,30.0,Ethanol,218.9265260586527,188.9265260586527
7,Acetaldehyde,220.0,Acetaldehyde,192.70400452516492,27.29599547483508
7,Acetaldehyde,60.0,Acetaldehyde,57.792334712562656,2.2076652874373437
7,Ethylene,130.0,Ethylene,134.28560026201538,4.285600262015379
7,Ethylene,40.0,Acetone,102.5194164895324,62.519416489532404
7,Acetaldehyde,200.0,Acetaldehyde,174.4292004321704,25.570799567829596
7,Acetaldehyde,140.0,Acetaldehyde,88.97788239862359,51.02211760137641
7,Ethylene,110.0,Ethylene,131.86501922750523,21.86501922750523
7,Ethylene,70.0,Acetone,79.35531025796251,9.355310257962515
7,Acetaldehyde,210.0,Acetaldehyde,184.93731500564232,25.06268499435768
7,Acetaldehyde,170.0,Acetaldehyde,124.41628848502742,45.58371151497258
7,Ethylene,140.0,Ethylene,146.63374159809567,6.633741598095668
7,Ethylene,160.0,Ethylene,153.6841591792728,6.315840820727203
7,Acetaldehyde,180.0,Acetaldehyde,146.42002519815384,33.57997480184616
7,Ethylene,100.0,Ethylene,110.93595960390417,10.935959603904166
7,Ethylene,10.0,Acetone,136.0204768333782,126.02047683337821
7,Acetaldehyde,100.0,Acetaldehyde,60.02767088258919,39.97232911741081
7,Ethylene,200.0,Ethylene,183.62480220252831,16.375197797471685
7,Ethylene,60.0,Acetone,127.32920839856037,67.32920839856037
7,Acetaldehyde,250.0,Acetaldehyde,208.04769641945188,41.95230358054812
7,Acetaldehyde,110.0,Acetaldehyde,69.0231334300206,40.97686656997941
7,Ethylene,150.0,Ethylene,150.84620146707408,0.8462014670740814
7,Ethylene,50.0,Acetone,93.26373925283971,43.26373925283971
7,Acetaldehyde,30.0,Acetaldehyde,38.06467710783451,8.064677107834513
7,Acetaldehyde,80.0,Acetaldehyde,60.60758030446747,19.39241969553253
7,Ethylene,180.0,Ethylene,184.8884881871566,4.888488187156611
7,Ethylene,80.0,Ethanol,171.47676748203986,91.47676748203986
7,Acetaldehyde,70.0,Acetaldehyde,58.60435829255833,11.39564170744167
7,Ethylene,250.0,Ethylene,207.98261447213434,42.017385527865656
7,Ethylene,210.0,Ethylene,208.34843859193893,1.6515614080610703
7,Acetaldehyde,130.0,Acetaldehyde,101.06517074202434,28.934829257975665
7,Acetaldehyde,50.0,Acetaldehyde,57.28329468833893,7.283294688338927
7,Acetaldehyde,120.0,Acetaldehyde,79.10237073207144,40.897629267928565
7,Acetaldehyde,190.0,Acetaldehyde,140.42462026322838,49.57537973677162
7,Ethylene,90.0,Ethylene,103.27528555555475,13.275285555554746
7,Ethylene,170.0,Ethylene,170.07874504300761,0.07874504300761487
7,Acetaldehyde,40.0,Acetaldehyde,48.17729242622913,8.17729242622913
7,Acetaldehyde,230.0,Acetaldehyde,188.54619845390405,41.453801546095946
7,Ethylene,240.0,Ethylene,203.34587444555734,36.65412555444266
7,Ethylene,210.0,Acetone,92.59327567196411,117.40672432803589
7,Acetaldehyde,130.0,Acetaldehyde,90.65206187663117,39.347938123368834
7,Acetaldehyde,90.0,Acetaldehyde,62.79804191631967,27.20195808368033
7,Ethylene,190.0,Ethylene,187.53589065038392,2.4641093496160806
7,Ethylene,30.0,Acetone,117.70580136100595,87.70580136100595
7,Acetaldehyde,160.0,Acetaldehyde,137.43439975612753,22.565600243872467
7,Acetaldehyde,240.0,Acetaldehyde,193.7475786754247,46.252421324575295
7,Ethylene,220.0,Ethylene,193.9898502973619,26.010149702638103
7,Ethylene,110.0,Ethylene,115.86372210437693,5.863722104376933
7,Acetaldehyde,220.0,Acetaldehyde,192.81825447345216,27.181745526547843
7,Acetaldehyde,60.0,Acetaldehyde,54.11448767713091,5.88551232286909
7,Ethylene,130.0,Ethylene,140.80762146493467,10.80762146493467
7,Ethylene,40.0,Acetone,105.49082682474146,65.49082682474146
7,Acetaldehyde,200.0,Acetaldehyde,168.74221384627734,31.257786153722662
7,Acetaldehyde,140.0,Acetaldehyde,81.96805466200796,58.03194533799204
7,Ethylene,70.0,Acetone,79.9058305199222,9.905830519922205
7,Acetaldehyde,210.0,Acetaldehyde,182.1961730034156,27.803826996584405
7,Acetaldehyde,170.0,Acetaldehyde,120.51242650930236,49.48757349069764
7,Ethylene,140.0,Ethylene,146.80368965822072,6.803689658220719
7,Ethylene,160.0,Ethylene,158.1928918896218,1.8071081103782092
7,Acetaldehyde,180.0,Acetaldehyde,145.13077075138943,34.869229248610566
7,Ethylene,100.0,Ethylene,116.43857186873781,16.43857186873781
7,Ethylene,10.0,Acetone,143.80790700437484,133.80790700437484
7,Acetaldehyde,100.0,Acetaldehyde,55.78961860698067,44.21038139301933
7,Ethylene,200.0,Ethylene,185.64755693345802,14.35244306654198
7,Ethylene,20.0,Acetone,128.6614660714674,108.6614660714674
7,Acetaldehyde,250.0,Acetaldehyde,208.96396141762688,41.03603858237312
7,Acetaldehyde,110.0,Acetaldehyde,64.63983785078081,45.36016214921919
7,Ethylene,150.0,Ethylene,154.2224421341727,4.222442134172695
7,Ethylene,50.0,Acetone,91.24799618528422,41.24799618528422
7,Acetaldehyde,280.0,Acetaldehyde,40.530602607690824,239.4693973923092
7,Acetaldehyde,80.0,Acetaldehyde,60.61334391025863,19.386656089741372
7,Ethylene,180.0,Ethylene,182.11451775164204,2.1145177516420404
7,Ethylene,80.0,Ethylene,97.53378179356537,17.533781793565367
7,Acetaldehyde,70.0,Acetaldehyde,55.34324787998928,14.656752120010722
7,Ethylene,250.0,Ethylene,208.33339636348353,41.66660363651647
7,Ethylene,210.0,Ethylene,200.365841307386,9.634158692613994
7,Acetaldehyde,150.0,Acetaldehyde,106.78812137387321,43.21187862612679
7,Acetaldehyde,50.0,Acetaldehyde,48.2850696460482,1.7149303539518002
7,Ethylene,230.0,Ethylene,199.758643434644,30.241356565356
7,Ethylene,120.0,Ethanol,226.60235882137874,106.60235882137874
7,Acetaldehyde,120.0,Acetaldehyde,73.24478784298381,46.75521215701619
7,Acetaldehyde,190.0,Acetaldehyde,140.7068871308186,49.293112869181414
7,Ethylene,90.0,Ethylene,98.29011063143108,8.290110631431077
7,Ethylene,170.0,Ethylene,166.52012179484885,3.4798782051511523
7,Acetaldehyde,40.0,Acetaldehyde,46.86770602417951,6.867706024179512
7,Acetaldehyde,230.0,Acetaldehyde,181.87656927657116,48.12343072342884
7,Ethylene,240.0,Ethylene,207.55339835349702,32.446601646502984
7,Ethylene,60.0,Acetone,91.42853810492926,31.42853810492926
7,Acetaldehyde,130.0,Acetaldehyde,90.43105921049288,39.568940789507124
7,Acetaldehyde,90.0,Acetaldehyde,64.28321866735564,25.71678133264436
7,Ethylene,190.0,Ethylene,187.65775574611988,2.342244253880125
7,Ethylene,30.0,Acetone,115.26784224595112,85.26784224595112
7,Acetaldehyde,160.0,Acetaldehyde,137.65670987257604,22.343290127423955
7,Acetaldehyde,240.0,Acetaldehyde,192.2755914843408,47.724408515659206
7,Ethylene,220.0,Ethylene,195.60067802330443,24.399321976695575
7,Ethylene,110.0,Ethanol,197.91092628077183,87.91092628077183
7,Acetaldehyde,220.0,Acetaldehyde,188.70604170950577,31.29395829049423
7,Acetaldehyde,60.0,Acetaldehyde,51.40552327120884,8.594476728791157
7,Ethylene,130.0,Ethylene,138.63278074590548,8.632780745905478
7,Ethylene,20.0,Acetone,100.0483141655632,80.0483141655632
7,Acetaldehyde,200.0,Acetaldehyde,168.2642596546349,31.735740345365087
7,Acetaldehyde,140.0,Acetaldehyde,81.99837235204481,58.00162764795519
7,Ethylene,110.0,Ethylene,118.27414611871701,8.274146118717013
7,Ethylene,70.0,Acetone,79.01467239411625,9.014672394116246
7,Acetaldehyde,200.0,Acetaldehyde,183.85959374306515,16.140406256934853
7,Acetaldehyde,170.0,Acetaldehyde,121.36181507787762,48.63818492212238
7,Ethylene,140.0,Ethylene,146.67060354415906,6.670603544159064
7,Ethylene,160.0,Ethylene,158.42941870057064,1.5705812994293638
7,Acetaldehyde,180.0,Acetaldehyde,136.96000810416342,43.03999189583658
7,Ethylene,100.0,Ethylene,111.02034329390406,11.020343293904062
7,Ethylene,10.0,Acetone,143.81248698018177,133.81248698018177
7,Acetaldehyde,100.0,Acetaldehyde,54.59052863089076,45.40947136910924
7,Ethylene,200.0,Ethylene,181.1281740065189,18.87182599348111
7,Ethylene,20.0,Acetone,128.16734410647018,108.16734410647018
7,Acetaldehyde,250.0,Acetaldehyde,205.11030612511274,44.88969387488726
7,Acetaldehyde,110.0,Acetaldehyde,68.03242163312669,41.96757836687331
7,Ethylene,150.0,Ethylene,151.76529513384182,1.7652951338418177
7,Ethylene,50.0,Acetone,93.38644945913663,43.38644945913663
7,Acetaldehyde,2.5,Acetaldehyde,35.75956652926966,33.25956652926966
7,Acetaldehyde,80.0,Acetaldehyde,59.751931094628326,20.248068905371674
7,Ethylene,100.0,Ethylene,171.72781047370228,71.72781047370228
7,Ethylene,80.0,Acetone,75.62798286441729,4.372017135582709
7,Acetaldehyde,70.0,Acetaldehyde,60.334562435038734,9.665437564961266
7,Ethylene,250.0,Ethylene,205.89257511777475,44.107424882225246
7,Ethylene,210.0,Ethylene,202.87049396706647,7.129506032933534
7,Acetaldehyde,290.0,Acetaldehyde,102.15477131822384,187.84522868177618
7,Acetaldehyde,40.0,Acetaldehyde,49.77745810952388,9.777458109523877
7,Ethylene,230.0,Ethylene,198.42406062544012,31.57593937455988
7,Ethylene,120.0,Ethylene,134.46876874207595,14.468768742075952
7,Acetaldehyde,120.0,Acetaldehyde,70.69158069517785,49.30841930482215
7,Acetaldehyde,190.0,Acetaldehyde,138.52315200867827,51.47684799132173
7,Ethylene,90.0,Ethylene,104.94709741407232,14.947097414072317
7,Ethylene,170.0,Ethylene,162.8168943488792,7.183105651120798
7,Acetaldehyde,40.0,Acetaldehyde,43.54115228375552,3.5411522837555225
7,Acetaldehyde,230.0,Acetaldehyde,185.3567511227758,44.64324887722421
7,Ethylene,240.0,Ethylene,200.83372167996893,39.16627832003107
7,Ethylene,60.0,Acetone,89.78660740321122,29.78660740321122
7,Acetaldehyde,130.0,Acetaldehyde,84.44785506804831,45.55214493195169
7,Acetaldehyde,90.0,Acetaldehyde,66.53405155872838,23.46594844127162
7,Ethylene,190.0,Ethylene,183.99027666882566,6.009723331174342
7,Ethylene,30.0,Acetone,118.8711685611268,88.8711685611268
7,Acetaldehyde,160.0,Acetaldehyde,127.46915816285504,32.53084183714496
7,Acetaldehyde,240.0,Acetaldehyde,194.87349646596113,45.126503534038875
7,Ethylene,220.0,Ethylene,195.43827285694454,24.561727143055464
7,Ethylene,110.0,Ethanol,221.321347576721,111.321347576721
7,Acetaldehyde,220.0,Acetaldehyde,180.2041498234976,39.7958501765024
7,Acetaldehyde,60.0,Acetaldehyde,55.046878912808324,4.9531210871916755
7,Ethylene,130.0,Ethylene,140.27854212494714,10.278542124947137
7,Ethylene,40.0,Acetone,103.58107850165409,63.58107850165409
7,Acetaldehyde,200.0,Acetaldehyde,165.76323645266112,34.23676354733888
7,Acetaldehyde,140.0,Acetaldehyde,77.87646643812215,62.12353356187785
7,Ethylene,110.0,Ethylene,129.7995622710258,19.799562271025792
7,Ethylene,70.0,Acetone,77.13269903699381,7.132699036993813
7,Acetaldehyde,210.0,Acetaldehyde,179.7443686948047,30.255631305195294
7,Acetaldehyde,170.0,Acetaldehyde,120.34596226781557,49.654037732184435
7,Ethylene,140.0,Ethylene,147.04888005330162,7.048880053301616
7,Ethylene,160.0,Ethylene,154.007243820384,5.992756179616009
7,Acetaldehyde,180.0,Acetaldehyde,136.11796359606734,43.88203640393266
7,Ethylene,100.0,Ethylene,114.39593445673415,14.395934456734153
7,Ethylene,10.0,Acetone,142.4235889791792,132.4235889791792
7,Acetaldehyde,100.0,Acetaldehyde,61.56343974796676,38.43656025203324
7,Ethylene,200.0,Ethylene,186.34026697317722,13.659733026822778
7,Ethylene,20.0,Acetone,128.77622449766113,108.77622449766113
7,Acetaldehyde,250.0,Acetaldehyde,203.68469624282977,46.31530375717023
7,Acetaldehyde,110.0,Acetaldehyde,67.82025614056661,42.17974385943339
7,Ethylene,150.0,Ethylene,156.044885063603,6.0448850636030045
7,Ethylene,50.0,Acetone,93.71077528266059,43.71077528266059
7,Acetaldehyde,30.0,Acetaldehyde,36.5258600170566,6.525860017056601
7,Acetaldehyde,80.0,Acetaldehyde,59.86367459673419,20.136325403265808
7,Ethylene,180.0,Ethylene,182.42580885616363,2.425808856163627
7,Ethylene,80.0,Acetone,76.44688473177705,3.553115268222953
7,Acetaldehyde,70.0,Acetaldehyde,52.527415083501694,17.472584916498306
7,Ethylene,250.0,Ethylene,209.6132118470888,40.38678815291121
7,Ethylene,210.0,Ethylene,204.45510620299285,5.544893797007148
7,Acetaldehyde,150.0,Acetaldehyde,108.6032947889241,41.3967052110759
7,Acetaldehyde,50.0,Acetaldehyde,50.39170633658131,0.3917063365813078
7,Ethylene,230.0,Ethylene,206.11723998311066,23.882760016889335
7,Ethylene,120.0,Ethanol,240.7851672358314,120.78516723583141
7,Acetaldehyde,120.0,Acetaldehyde,69.54502845586526,50.454971544134736
7,Acetaldehyde,190.0,Acetaldehyde,143.00388226360775,46.99611773639225
7,Ethylene,110.0,Ethylene,103.76422568794015,6.235774312059846
7,Ethylene,170.0,Ethylene,166.36773848452168,3.6322615154783193
7,Acetaldehyde,40.0,Acetaldehyde,44.8602763464002,4.860276346400198
7,Acetaldehyde,230.0,Acetaldehyde,183.10952119847337,46.890478801526626
7,Ethylene,240.0,Ethylene,207.35703582454133,32.64296417545867
7,Ethylene,60.0,Acetone,93.08739717626919,33.08739717626919
7,Acetaldehyde,130.0,Acetaldehyde,84.00792698026991,45.992073019730086
7,Acetaldehyde,90.0,Acetaldehyde,64.43390975587354,25.566090244126457
7,Ethylene,190.0,Ethylene,189.47633683110143,0.5236631688985653
7,Ethylene,30.0,Acetone,116.67800656489942,86.67800656489942
7,Acetaldehyde,160.0,Acetaldehyde,131.11899128054048,28.881008719459516
7,Acetaldehyde,240.0,Acetaldehyde,192.3929323025896,47.6070676974104
7,Ethylene,220.0,Ethylene,205.13008857242266,14.869911427577335
7,Ethylene,110.0,Ethanol,208.55847766801872,98.55847766801872
7,Acetaldehyde,220.0,Acetaldehyde,188.5350915052609,31.464908494739092
7,Acetaldehyde,60.0,Acetaldehyde,58.10991263871154,1.8900873612884581
7,Ethylene,130.0,Ethylene,135.79655865769797,5.796558657697972
7,Ethylene,40.0,Acetone,101.76993376304983,61.769933763049835
7,Acetaldehyde,200.0,Acetaldehyde,169.63575367486564,30.36424632513436
7,Acetaldehyde,140.0,Acetaldehyde,76.41715132466746,63.58284867533254
7,Ethylene,110.0,Ethylene,127.11990885175162,17.119908851751617
7,Ethylene,60.0,Acetone,75.92438517536525,15.924385175365245
7,Acetaldehyde,210.0,Acetaldehyde,181.9882812191872,28.0117187808128
7,Acetaldehyde,170.0,Acetaldehyde,124.01412167154926,45.98587832845074
7,Ethylene,140.0,Ethylene,141.56746268987462,1.567462689874617
7,Ethylene,160.0,Ethylene,152.7580451915914,7.241954808408593
7,Acetaldehyde,180.0,Acetaldehyde,144.1331073081931,35.866892691806896
7,Ethylene,100.0,Ethylene,112.34337735654807,12.343377356548075
7,Ethylene,10.0,Acetone,134.42608977988237,124.42608977988237
7,Acetaldehyde,100.0,Acetaldehyde,54.4467683929655,45.5532316070345
7,Ethylene,200.0,Ethylene,176.32992134150626,23.670078658493736
7,Ethylene,20.0,Acetone,126.1824108770123,106.1824108770123
7,Acetaldehyde,250.0,Acetaldehyde,205.2442187225272,44.755781277472806
7,Acetaldehyde,110.0,Acetaldehyde,61.44914694133387,48.55085305866613
7,Ethylene,150.0,Ethylene,149.69464050441906,0.30535949558094444
7,Ethylene,50.0,Acetone,89.73893773422523,39.73893773422523
7,Acetaldehyde,30.0,Acetaldehyde,37.974266914697324,7.974266914697324
7,Acetaldehyde,110.0,Acetaldehyde,54.321991768621466,55.678008231378534
7,Ethylene,180.0,Ethylene,174.88131293344085,5.118687066559147
7,Ethylene,80.0,Acetone,73.95607796868849,6.04392203131151
7,Acetaldehyde,70.0,Acetaldehyde,53.76621356495661,16.233786435043392
7,Ethylene,250.0,Ethylene,207.37286963278447,42.62713036721553
7,Ethylene,210.0,Ethylene,198.0995863834064,11.900413616593596
7,Acetaldehyde,150.0,Acetaldehyde,105.7836311549094,44.2163688450906
7,Acetaldehyde,50.0,Acetaldehyde,51.0605339521832,1.0605339521831993
7,Ethylene,230.0,Ethylene,195.5157734193144,34.4842265806856
7,Ethylene,120.0,Ethylene,130.87089173744417,10.870891737444168
7,Acetaldehyde,100.0,Acetaldehyde,75.37290754843838,24.627092451561623
7,Acetaldehyde,190.0,Acetaldehyde,149.46415149753688,40.535848502463125
7,Ethylene,90.0,Ethylene,99.08037825165546,9.08037825165546
7,Ethylene,170.0,Ethylene,158.15758844069362,11.842411559306385
7,Acetaldehyde,40.0,Acetaldehyde,45.225395506588754,5.225395506588754
7,Acetaldehyde,230.0,Acetaldehyde,180.77395022022887,49.22604977977113
7,Ethylene,240.0,Ethylene,201.34676508202568,38.653234917974316
7,Ethylene,60.0,Acetone,90.01320702557682,30.01320702557682
7,Acetaldehyde,130.0,Acetaldehyde,86.27584637836894,43.72415362163106
7,Ethylene,190.0,Ethylene,175.77669649730012,14.223303502699878
7,Ethylene,30.0,Acetone,114.38739974932214,84.38739974932214
7,Acetaldehyde,160.0,Acetaldehyde,124.66952965025115,35.33047034974885
7,Acetaldehyde,240.0,Acetaldehyde,190.4192258281379,49.58077417186209
7,Ethylene,220.0,Ethylene,191.98664492611738,28.01335507388262
7,Ethylene,110.0,Ethylene,124.92206761692513,14.922067616925133
7,Acetaldehyde,220.0,Acetaldehyde,182.58310461850868,37.416895381491315
7,Acetaldehyde,60.0,Acetaldehyde,56.01753107642045,3.982468923579553
7,Ethylene,130.0,Ethylene,135.76013286964226,5.760132869642263
7,Ethylene,40.0,Acetone,98.13035435161774,58.13035435161774
7,Acetaldehyde,200.0,Acetaldehyde,165.56528938741687,34.43471061258313
7,Acetaldehyde,140.0,Acetaldehyde,77.64817349594186,62.35182650405814
7,Ethylene,110.0,Ethylene,122.45191931239297,12.451919312392974
7,Ethylene,70.0,Acetone,73.45357808318639,3.453578083186386
7,Acetaldehyde,210.0,Acetaldehyde,172.6037266169779,37.396273383022105
7,Acetaldehyde,170.0,Acetaldehyde,114.74357910901836,55.256420890981644
7,Ethylene,140.0,Ethylene,143.19602312870936,3.1960231287093563
7,Ethylene,160.0,Ethylene,152.413850512743,7.586149487256989
7,Acetaldehyde,180.0,Acetaldehyde,136.46891536565744,43.53108463434256
7,Ethylene,100.0,Ethylene,112.53346012483199,12.53346012483199
7,Ethylene,10.0,Acetone,135.62573036220178,125.62573036220178
7,Acetaldehyde,100.0,Acetaldehyde,63.31102212709836,36.68897787290164
7,Ethylene,200.0,Ethylene,175.82985991230854,24.170140087691465
7,Ethylene,20.0,Acetone,125.06431613695347,105.06431613695347
7,Acetaldehyde,250.0,Acetaldehyde,203.36213327059642,46.637866729403584
7,Acetaldehyde,110.0,Acetaldehyde,65.87440026985306,44.125599730146945
7,Ethylene,150.0,Ethylene,149.74405123283168,0.25594876716832005
7,Ethylene,50.0,Acetone,88.5143574609184,38.514357460918404
7,Acetaldehyde,30.0,Acetaldehyde,35.50805402255919,5.508054022559193
7,Acetaldehyde,120.0,Acetaldehyde,57.285546405603455,62.714453594396545
7,Ethylene,180.0,Ethylene,180.7517592963859,0.7517592963858988
7,Ethylene,80.0,Acetone,72.4912754963039,7.508724503696101
7,Acetaldehyde,70.0,Acetaldehyde,61.82267047953024,8.177329520469762
7,Ethylene,250.0,Ethylene,204.3520649671634,45.647935032836614
7,Ethylene,210.0,Ethylene,204.04478390631164,5.955216093688364
7,Acetaldehyde,150.0,Acetaldehyde,105.90001959903746,44.09998040096254
7,Acetaldehyde,50.0,Acetaldehyde,52.86688178733503,2.866881787335032
7,Ethylene,230.0,Ethylene,194.89699446015766,35.10300553984234
7,Ethylene,120.0,Ethylene,129.89592610346122,9.895926103461221
7,Acetaldehyde,120.0,Acetaldehyde,71.284396486762,48.715603513237994
7,Acetaldehyde,190.0,Acetaldehyde,136.95416034776528,53.04583965223472
7,Ethylene,90.0,Ethylene,105.0742004195979,15.0742004195979
7,Ethylene,170.0,Ethylene,168.56398885449542,1.4360111455045796
7,Acetaldehyde,10.0,Acetaldehyde,44.215308755221315,34.215308755221315
7,Acetaldehyde,230.0,Acetaldehyde,177.00690854760455,52.99309145239545
7,Ethylene,240.0,Ethylene,207.51323697795104,32.48676302204896
7,Ethylene,60.0,Acetone,92.051091578524,32.051091578523994
7,Acetaldehyde,130.0,Acetaldehyde,83.58515156082348,46.414848439176524
7,Acetaldehyde,90.0,Acetaldehyde,58.03777303694817,31.962226963051833
7,Ethylene,190.0,Ethylene,200.75338990934986,10.753389909349863
7,Acetaldehyde,160.0,Acetaldehyde,115.92819061798615,44.07180938201385
7,Acetaldehyde,240.0,Acetaldehyde,178.90789104899977,61.09210895100023
7,Acetaldehyde,220.0,Acetaldehyde,175.2955379056935,44.70446209430651
7,Acetaldehyde,60.0,Acetaldehyde,53.321827136267345,6.678172863732655
7,Acetaldehyde,200.0,Acetaldehyde,155.28504174327253,44.71495825672747
7,Acetaldehyde,140.0,Acetaldehyde,82.59023002480627,57.409769975193726
7,Acetaldehyde,210.0,Acetaldehyde,168.96635675402786,41.033643245972144
7,Acetaldehyde,300.0,Acetaldehyde,110.71052712886448,189.2894728711355
7,Acetaldehyde,180.0,Acetaldehyde,131.3434236201934,48.65657637980661
7,Ammonia,100.0,Acetaldehyde,34.37797065902018,65.62202934097982
7,Ammonia,100.0,Ammonia,142.66293118343984,42.66293118343984
7,Ethylene,100.0,Ethanol,136.0928181281022,36.09281812810221
7,Ethylene,100.0,Ethanol,137.35867165259623,37.35867165259623
7,Ammonia,100.0,Ammonia,137.30092991466793,37.30092991466793
7,Ethylene,100.0,Acetone,55.736603570649734,44.263396429350266
7,Ammonia,100.0,Ammonia,129.34666869205518,29.346668692055175
7,Ammonia,100.0,Ammonia,129.27465502487436,29.274655024874363
7,Ethylene,100.0,Ethanol,167.46359227085412,67.46359227085412
7,Ammonia,100.0,Ammonia,127.6166285690177,27.616628569017706
7,Ethanol,120.0,Ammonia,147.4878410212278,27.48784102122781
7,Ethanol,120.0,Ammonia,165.15473368533938,45.15473368533938
7,Ethanol,120.0,Ethanol,304.48293110486037,184.48293110486037
7,Ethanol,120.0,Ethanol,258.2436461925337,138.24364619253367
7,Ethanol,120.0,Ethanol,253.21443068548456,133.21443068548456
