batch_id,gas_name,concentration_ppm,predicted_gas,predicted_ppm,absolute_error_ppm
10,Ethylene,10.0,Toluene,4.8830795,5.116920471191406
10,Ethanol,50.0,Acetaldehyde,19.288147,30.71185302734375
10,Ethylene,250.0,Ethylene,122.52202,127.47798156738281
10,Ethanol,600.0,Acetaldehyde,24.50483,575.4951705932617
10,Ethylene,150.0,Ethylene,72.92226,77.07774353027344
10,Ethanol,1000.0,Acetaldehyde,58.414337,941.5856628417969
10,Ethylene,50.0,Toluene,39.591324,10.408676147460938
10,Ethanol,200.0,Acetaldehyde,17.001205,182.99879455566406
10,Ethylene,100.0,Ethylene,53.327415,46.672584533691406
10,Ethanol,800.0,Ethanol,430.1616,369.8384094238281
10,Ethylene,200.0,Ethylene,88.97907,111.02092742919922
10,Ethanol,400.0,Ethanol,266.53967,133.4603271484375
10,Ethylene,150.0,Ethylene,74.2467,75.75330352783203
10,Ethanol,1000.0,Ethanol,961.98035,38.0196533203125
10,Ethylene,50.0,Toluene,43.681145,6.318855285644531
10,Ethanol,200.0,Ethanol,150.15967,49.84033203125
10,Ethylene,100.0,Ethylene,59.868706,40.13129425048828
10,Ethanol,800.0,Ethanol,760.5252,39.47479248046875
10,Ethylene,200.0,Ethylene,95.11351,104.88648986816406
10,Ethanol,400.0,Ethanol,310.35754,89.6424560546875
10,Ethylene,10.0,Toluene,10.409866,0.4098663330078125
10,Ethanol,50.0,Acetaldehyde,19.824036,30.17596435546875
10,Ethylene,250.0,Toluene,110.182144,139.81785583496094
10,Ethanol,600.0,Ethanol,460.55026,139.44973754882812
10,Ethylene,50.0,Toluene,39.88188,10.118118286132812
10,Ethanol,200.0,Ethanol,131.79068,68.20932006835938
10,Ethylene,100.0,Toluene,51.177727,48.82227325439453
10,Ethanol,800.0,Ethanol,646.6682,153.331787109375
10,Ethylene,200.0,Toluene,87.65921,112.34078979492188
10,Ethanol,400.0,Ethanol,279.25882,120.74118041992188
10,Ethylene,10.0,Toluene,9.016823,0.9831771850585938
10,Ethanol,50.0,Acetaldehyde,13.306984,36.693016052246094
10,Ethylene,250.0,Toluene,105.507515,144.49248504638672
10,Ethanol,600.0,Ethanol,461.06274,138.937255859375
10,Ethylene,150.0,Toluene,64.83931,85.16069030761719
10,Ethanol,1000.0,Ethanol,895.75446,104.24554443359375
10,Ethylene,10.0,Toluene,8.891159,1.1088409423828125
10,Ethanol,50.0,Acetaldehyde,10.633842,39.36615753173828
10,Ethylene,50.0,Toluene,39.547066,10.452934265136719
10,Ethanol,200.0,Ethanol,138.37402,61.6259765625
10,Ethylene,100.0,Toluene,51.20604,48.79396057128906
10,Ethanol,800.0,Ethanol,701.44183,98.55816650390625
10,Ethylene,200.0,Toluene,77.47775,122.52224731445312
10,Ethanol,400.0,Ethanol,297.0733,102.92669677734375
10,Ethylene,250.0,Toluene,101.12848,148.87152099609375
10,Ethanol,600.0,Ethanol,487.25458,112.74542236328125
10,Ethylene,150.0,Toluene,68.12535,81.87464904785156
10,Ethanol,1000.0,Ethanol,934.1284,65.87158203125
10,Ethylene,200.0,Toluene,82.68205,117.31794738769531
10,Ethanol,400.0,Ethanol,300.66864,99.33135986328125
10,Ethylene,10.0,Toluene,9.657166,0.34283447265625
10,Ethanol,50.0,Acetaldehyde,19.612465,30.387535095214844
10,Ethylene,250.0,Toluene,104.852325,145.14767456054688
10,Ethanol,600.0,Ethanol,485.28867,114.71133422851562
10,Ethylene,150.0,Toluene,71.035675,78.96432495117188
10,Ethanol,1000.0,Ethanol,963.519,36.48101806640625
10,Ethylene,50.0,Toluene,41.16619,8.833808898925781
10,Ethanol,200.0,Ethanol,171.90594,28.09405517578125
10,Ethylene,100.0,Toluene,53.32032,46.67967987060547
10,Ethanol,800.0,Ethanol,749.7822,50.2177734375
10,Ethylene,50.0,Toluene,41.489616,8.510383605957031
10,Ethanol,200.0,Ethanol,151.85176,48.14823913574219
10,Ethylene,100.0,Toluene,55.549995,44.45000457763672
10,Ethanol,800.0,Ethanol,745.4663,54.53369140625
10,Ethylene,200.0,Toluene,82.95918,117.04081726074219
10,Ethanol,400.0,Ethanol,306.6097,93.39028930664062
10,Ethylene,10.0,Toluene,9.783447,0.216552734375
10,Ethanol,50.0,Acetaldehyde,20.582657,29.417343139648438
10,Ethylene,250.0,Toluene,100.495316,149.5046844482422
10,Ethanol,600.0,Ethanol,511.65332,88.3466796875
10,Ethylene,150.0,Toluene,67.18616,82.8138427734375
10,Ethanol,1000.0,Ethanol,986.8042,13.19580078125
10,Ethylene,150.0,Toluene,70.23111,79.76889038085938
10,Ethanol,1000.0,Ethanol,960.9875,39.01251220703125
10,Ethylene,50.0,Toluene,41.0347,8.965301513671875
10,Ethanol,200.0,Ethanol,147.62473,52.375274658203125
10,Ethylene,100.0,Toluene,49.16844,50.83155822753906
10,Ethanol,800.0,Ethanol,755.14,44.8599853515625
10,Ethylene,200.0,Toluene,75.343475,124.65652465820312
10,Ethanol,400.0,Ethanol,312.07474,87.92526245117188
10,Ethylene,10.0,Toluene,7.890709,2.1092910766601562
10,Ethanol,50.0,Acetaldehyde,13.169052,36.83094787597656
10,Ethylene,250.0,Toluene,93.27585,156.72415161132812
10,Ethanol,600.0,Ethanol,516.3909,83.60906982421875
10,Ethylene,250.0,Toluene,88.27426,161.72573852539062
10,Ethanol,600.0,Ethanol,512.54224,87.457763671875
10,Ethylene,150.0,Toluene,61.37249,88.62751007080078
10,Ethanol,1000.0,Ethanol,982.9298,17.0701904296875
10,Ethylene,10.0,Toluene,7.6364594,2.3635406494140625
10,Ethanol,50.0,Acetaldehyde,13.84877,36.15122985839844
10,Ethylene,50.0,Toluene,36.375206,13.624794006347656
10,Ethanol,200.0,Ethanol,156.50365,43.49635314941406
10,Ethylene,100.0,Toluene,47.402534,52.59746551513672
10,Ethanol,800.0,Ethanol,737.7902,62.20977783203125
10,Ethylene,200.0,Toluene,76.69584,123.30416107177734
10,Ethanol,400.0,Ethanol,316.32986,83.67013549804688
10,Ethylene,10.0,Toluene,8.772293,1.2277069091796875
10,Ethanol,50.0,Acetaldehyde,13.202972,36.797027587890625
10,Ethylene,250.0,Toluene,88.79429,161.2057113647461
10,Ethanol,600.0,Ethanol,521.9284,78.07159423828125
10,Ethylene,150.0,Toluene,60.153015,89.84698486328125
10,Ethanol,1000.0,Ethanol,969.6661,30.33392333984375
10,Ethylene,50.0,Toluene,35.29959,14.700408935546875
10,Ethanol,200.0,Ethanol,156.071,43.92900085449219
10,Ethylene,100.0,Toluene,47.39035,52.609649658203125
10,Ethanol,800.0,Ethanol,751.74115,48.25885009765625
10,Ethylene,200.0,Toluene,72.69707,127.30293273925781
10,Ethanol,400.0,Ethanol,321.33246,78.66754150390625
10,Ethylene,50.0,Toluene,36.434402,13.565597534179688
10,Ethanol,200.0,Ethanol,155.15367,44.84632873535156
10,Ethylene,100.0,Toluene,49.747665,50.25233459472656
10,Ethanol,800.0,Ethanol,751.1657,48.83428955078125
10,Ethylene,200.0,Toluene,72.516525,127.48347473144531
10,Ethanol,400.0,Ethanol,319.91943,80.08056640625
10,Ethylene,10.0,Toluene,9.401733,0.5982666015625
10,Ethanol,50.0,Acetaldehyde,18.576569,31.423431396484375
10,Ethylene,250.0,Toluene,97.42872,152.57128143310547
10,Ethanol,600.0,Ethanol,524.20447,75.7955322265625
10,Ethylene,150.0,Toluene,60.15802,89.84197998046875
10,Ethanol,1000.0,Ethanol,977.1945,22.80548095703125
10,Toluene,1.0,Toluene,5.032913,4.0329132080078125
10,Acetaldehyde,10.0,Ammonia,97.89294,87.89293670654297
10,Toluene,100.0,Ethylene,83.04312,16.956878662109375
10,Acetaldehyde,150.0,Ammonia,628.85596,478.85595703125
10,Toluene,60.0,Ethylene,61.282265,1.2822647094726562
10,Acetaldehyde,250.0,Ammonia,796.9421,546.9420776367188
10,Toluene,20.0,Toluene,35.61776,15.617759704589844
10,Acetaldehyde,50.0,Ammonia,186.91046,136.91046142578125
10,Toluene,40.0,Toluene,48.504738,8.504737854003906
10,Acetaldehyde,200.0,Ethylene,333.90607,133.90606689453125
10,Toluene,80.0,Toluene,46.743065,33.256935119628906
10,Acetaldehyde,100.0,Ethylene,222.20815,122.20814514160156
10,Toluene,60.0,Toluene,48.984634,11.015365600585938
10,Acetaldehyde,250.0,Acetone,363.60693,113.60693359375
10,Toluene,20.0,Toluene,38.450424,18.450424194335938
10,Acetaldehyde,50.0,Ammonia,139.30313,89.30313110351562
10,Toluene,40.0,Toluene,50.53044,10.530441284179688
10,Acetaldehyde,200.0,Ammonia,372.86694,172.866943359375
10,Toluene,80.0,Toluene,49.919006,30.08099365234375
10,Acetaldehyde,100.0,Ammonia,289.6532,189.6531982421875
10,Toluene,1.0,Toluene,12.760941,11.760940551757812
10,Acetaldehyde,10.0,Ammonia,58.35746,48.357460021972656
10,Toluene,100.0,Toluene,53.299965,46.700035095214844
10,Acetaldehyde,150.0,Ammonia,348.2578,198.2578125
10,Toluene,20.0,Toluene,40.62107,20.621070861816406
10,Acetaldehyde,50.0,Ammonia,170.94308,120.94308471679688
10,Toluene,40.0,Toluene,54.375916,14.37591552734375
10,Acetaldehyde,200.0,Ethylene,332.76688,132.76687622070312
10,Toluene,80.0,Toluene,51.50531,28.49468994140625
10,Acetaldehyde,100.0,Ethylene,228.14003,128.14002990722656
10,Toluene,1.0,Toluene,11.166115,10.166114807128906
10,Acetaldehyde,10.0,Acetaldehyde,24.038261,14.038261413574219
10,Toluene,100.0,Toluene,52.799316,47.20068359375
10,Acetaldehyde,150.0,Ethylene,258.29648,108.29647827148438
10,Toluene,60.0,Toluene,51.716423,8.283576965332031
10,Acetaldehyde,250.0,Acetone,364.45203,114.4520263671875
10,Toluene,1.0,Toluene,10.992485,9.992485046386719
10,Acetaldehyde,10.0,Acetaldehyde,15.645889,5.6458892822265625
10,Toluene,20.0,Toluene,38.279915,18.27991485595703
10,Acetaldehyde,50.0,Ammonia,140.93985,90.93984985351562
10,Toluene,40.0,Toluene,50.47573,10.475730895996094
10,Acetaldehyde,200.0,Acetone,295.97983,95.97982788085938
10,Toluene,80.0,Toluene,49.13224,30.867759704589844
10,Acetaldehyde,100.0,Ethylene,202.86562,102.86561584472656
10,Toluene,100.0,Toluene,50.990524,49.00947570800781
10,Acetaldehyde,150.0,Ethylene,246.78296,96.782958984375
10,Toluene,60.0,Toluene,50.305992,9.694007873535156
10,Acetaldehyde,250.0,Acetone,348.6717,98.67169189453125
10,Toluene,80.0,Toluene,51.10575,28.894248962402344
10,Acetaldehyde,100.0,Ethylene,195.32843,95.32843017578125
10,Toluene,1.0,Toluene,9.288399,8.288398742675781
10,Acetaldehyde,10.0,Acetaldehyde,13.413193,3.4131927490234375
10,Toluene,100.0,Toluene,53.448555,46.55144500732422
10,Acetaldehyde,150.0,Ethylene,245.24585,95.245849609375
10,Toluene,60.0,Toluene,51.38817,8.611831665039062
10,Acetaldehyde,250.0,Acetone,340.38092,90.38092041015625
10,Toluene,20.0,Toluene,37.819466,17.81946563720703
10,Acetaldehyde,50.0,Ammonia,101.82113,51.821128845214844
10,Toluene,40.0,Toluene,50.066612,10.066612243652344
10,Acetaldehyde,200.0,Acetone,294.65964,94.65963745117188
10,Toluene,20.0,Toluene,40.024445,20.024444580078125
10,Acetaldehyde,50.0,Ammonia,99.65482,49.654823303222656
10,Toluene,40.0,Toluene,50.932007,10.9320068359375
10,Acetaldehyde,200.0,Acetone,295.9581,95.95809936523438
10,Toluene,80.0,Toluene,54.175354,25.82464599609375
10,Acetaldehyde,100.0,Ethylene,180.78116,80.78115844726562
10,Toluene,1.0,Toluene,9.548248,8.548248291015625
10,Acetaldehyde,10.0,Acetaldehyde,9.060303,0.939697265625
10,Toluene,100.0,Toluene,58.50515,41.494850158691406
10,Acetaldehyde,150.0,Acetone,239.02414,89.02413940429688
10,Toluene,60.0,Toluene,54.97281,5.027191162109375
10,Acetaldehyde,250.0,Ammonia,346.7765,96.7764892578125
10,Toluene,60.0,Toluene,55.34864,4.651359558105469
10,Acetaldehyde,250.0,Acetone,328.52844,78.5284423828125
10,Toluene,20.0,Toluene,39.453537,19.453536987304688
10,Acetaldehyde,50.0,Ammonia,74.13316,24.133163452148438
10,Toluene,40.0,Toluene,53.79135,13.791351318359375
10,Acetaldehyde,200.0,Acetone,287.04056,87.04055786132812
10,Toluene,80.0,Toluene,56.578835,23.421165466308594
10,Acetaldehyde,100.0,Ammonia,159.98242,59.982421875
10,Toluene,1.0,Toluene,10.325325,9.325325012207031
10,Acetaldehyde,10.0,Acetaldehyde,5.998291,4.001708984375
10,Toluene,100.0,Toluene,61.380577,38.619422912597656
10,Acetaldehyde,150.0,Acetone,237.19106,87.19105529785156
10,Toluene,100.0,Toluene,60.23768,39.76232147216797
10,Acetaldehyde,150.0,Ammonia,236.19687,86.19686889648438
10,Toluene,60.0,Toluene,55.302277,4.697723388671875
10,Acetaldehyde,250.0,Acetone,339.31586,89.31585693359375
10,Toluene,1.0,Toluene,11.369308,10.369308471679688
10,Acetaldehyde,10.0,Acetaldehyde,6.480011,3.519989013671875
10,Toluene,20.0,Toluene,38.827866,18.827865600585938
10,Acetaldehyde,50.0,Ammonia,78.466736,28.46673583984375
10,Toluene,40.0,Toluene,52.581734,12.581733703613281
10,Acetaldehyde,200.0,Acetone,270.53372,70.53372192382812
10,Toluene,80.0,Toluene,61.95833,18.041671752929688
10,Acetaldehyde,100.0,Ammonia,144.6334,44.63340759277344
10,Toluene,1.0,Toluene,7.7114487,6.711448669433594
10,Acetaldehyde,10.0,Acetaldehyde,8.921448,1.07855224609375
10,Toluene,100.0,Toluene,65.08638,34.91361999511719
10,Acetaldehyde,150.0,Ammonia,230.41974,80.41973876953125
10,Toluene,60.0,Toluene,56.08531,3.9146881103515625
10,Acetaldehyde,250.0,Acetone,331.49875,81.49874877929688
10,Toluene,20.0,Toluene,39.684456,19.68445587158203
10,Acetaldehyde,50.0,Acetaldehyde,67.94882,17.948822021484375
10,Toluene,40.0,Toluene,51.778732,11.778732299804688
10,Acetaldehyde,200.0,Acetone,280.5837,80.58370971679688
10,Toluene,80.0,Toluene,62.305664,17.6943359375
10,Acetaldehyde,100.0,Ethylene,156.38512,56.38511657714844
10,Toluene,20.0,Toluene,37.633522,17.633522033691406
10,Acetaldehyde,50.0,Ammonia,74.24106,24.241058349609375
10,Toluene,40.0,Toluene,48.853218,8.853218078613281
10,Acetaldehyde,200.0,Acetone,267.13388,67.13388061523438
10,Toluene,80.0,Toluene,52.17665,27.823348999023438
10,Acetaldehyde,100.0,Ethylene,164.83289,64.8328857421875
10,Toluene,1.0,Toluene,10.497467,9.497467041015625
10,Acetaldehyde,10.0,Acetaldehyde,10.120743,0.1207427978515625
10,Toluene,100.0,Toluene,56.84739,43.152610778808594
10,Acetaldehyde,150.0,Acetone,211.03474,61.03474426269531
10,Toluene,60.0,Toluene,49.19368,10.806320190429688
10,Acetaldehyde,250.0,Acetone,335.7951,85.79510498046875
10,Ethylene,10.0,Toluene,9.771889,0.22811126708984375
10,Ethanol,50.0,Acetaldehyde,11.592461,38.40753936767578
10,Ethylene,250.0,Toluene,72.6875,177.3125
10,Ethanol,600.0,Ethanol,530.0633,69.93670654296875
10,Ethylene,150.0,Toluene,39.952255,110.04774475097656
10,Ethanol,1000.0,Ethanol,961.7533,38.2467041015625
10,Ethylene,50.0,Toluene,25.702461,24.29753875732422
10,Ethanol,200.0,Ethanol,156.80492,43.19508361816406
10,Ethylene,100.0,Toluene,38.34044,61.65956115722656
10,Ethanol,800.0,Ethanol,755.3307,44.6693115234375
10,Ethylene,200.0,Toluene,57.838104,142.16189575195312
10,Ethanol,400.0,Ethanol,324.18594,75.81405639648438
10,Ethylene,150.0,Toluene,42.11638,107.88362121582031
10,Ethanol,1000.0,Ethanol,983.70605,16.2939453125
10,Ethylene,50.0,Toluene,28.118828,21.88117218017578
10,Ethanol,200.0,Ethanol,166.0878,33.912200927734375
10,Ethylene,100.0,Toluene,37.01272,62.987281799316406
10,Ethanol,800.0,Ethanol,758.956,41.04400634765625
10,Ethylene,200.0,Toluene,61.142426,138.85757446289062
10,Ethanol,400.0,Ethanol,328.4144,71.58560180664062
10,Ethylene,10.0,Toluene,8.906342,1.093658447265625
10,Ethanol,50.0,Acetaldehyde,9.501366,40.498634338378906
10,Ethylene,250.0,Toluene,86.30873,163.69126892089844
10,Ethanol,600.0,Ethanol,540.2426,59.75738525390625
10,Ethylene,50.0,Toluene,28.63755,21.362449645996094
10,Ethanol,200.0,Ethanol,170.68298,29.3170166015625
10,Ethylene,100.0,Toluene,37.9634,62.036598205566406
10,Ethanol,800.0,Ethanol,759.55096,40.44903564453125
10,Ethylene,200.0,Toluene,65.17375,134.8262481689453
10,Ethanol,400.0,Ethanol,334.25568,65.74432373046875
10,Ethylene,10.0,Toluene,7.3832626,2.6167373657226562
10,Ethanol,50.0,Acetaldehyde,18.316757,31.683242797851562
10,Ethylene,250.0,Toluene,88.27316,161.72683715820312
10,Ethanol,600.0,Ethanol,551.98895,48.01104736328125
10,Ethylene,150.0,Toluene,46.04866,103.95133972167969
10,Ethanol,1000.0,Ethanol,994.25793,5.7420654296875
10,Ethylene,10.0,Toluene,8.613174,1.3868255615234375
10,Ethanol,50.0,Acetaldehyde,23.599945,26.400054931640625
10,Ethylene,50.0,Toluene,28.88993,21.110069274902344
10,Ethanol,200.0,Ethanol,173.42126,26.5787353515625
10,Ethylene,100.0,Toluene,37.21582,62.7841796875
10,Ethanol,800.0,Ethanol,773.573,26.427001953125
10,Ethylene,200.0,Toluene,62.479683,137.52031707763672
10,Ethanol,400.0,Ethanol,348.4461,51.55389404296875
10,Ethylene,250.0,Toluene,84.73278,165.26721954345703
10,Ethanol,600.0,Ethanol,561.38605,38.61395263671875
10,Ethylene,150.0,Toluene,57.433838,92.566162109375
10,Ethanol,1000.0,Ethanol,1024.4617,24.461669921875
10,Ethylene,200.0,Toluene,69.2392,130.76080322265625
10,Ethanol,400.0,Ethanol,351.72604,48.273956298828125
10,Ethylene,10.0,Toluene,11.728455,1.72845458984375
10,Ethanol,50.0,Acetaldehyde,25.924355,24.075645446777344
10,Ethylene,250.0,Toluene,98.08182,151.91818237304688
10,Ethanol,600.0,Ethanol,547.67633,52.32366943359375
10,Ethylene,150.0,Toluene,55.75332,94.2466812133789
10,Ethanol,1000.0,Ethanol,1030.8724,30.8724365234375
10,Ethylene,50.0,Toluene,34.591263,15.408737182617188
10,Ethanol,200.0,Ethanol,175.08614,24.913864135742188
10,Ethylene,100.0,Toluene,49.891304,50.10869598388672
10,Ethanol,800.0,Ethanol,799.291,0.708984375
10,Ethylene,50.0,Toluene,34.54323,15.456771850585938
10,Ethanol,200.0,Ethanol,178.04085,21.959152221679688
10,Ethylene,100.0,Toluene,47.364906,52.635093688964844
10,Ethanol,800.0,Ethanol,800.585,0.58502197265625
10,Ethylene,200.0,Toluene,73.40068,126.59931945800781
10,Ethanol,400.0,Ethanol,354.97464,45.025360107421875
10,Ethylene,10.0,Toluene,10.785263,0.7852630615234375
10,Ethanol,50.0,Acetaldehyde,26.000366,23.9996337890625
10,Ethylene,250.0,Toluene,103.144745,146.85525512695312
10,Ethanol,600.0,Ethanol,572.8991,27.10089111328125
10,Ethylene,150.0,Toluene,57.568367,92.43163299560547
10,Ethanol,1000.0,Ethanol,1029.5033,29.5032958984375
10,Ethylene,150.0,Toluene,57.54883,92.451171875
10,Ethanol,1000.0,Ethanol,1009.24005,9.24005126953125
10,Ethylene,50.0,Toluene,34.352562,15.647438049316406
10,Ethanol,200.0,Ethanol,176.79465,23.205352783203125
10,Ethylene,100.0,Toluene,49.117348,50.882652282714844
10,Ethanol,800.0,Ethanol,785.69836,14.3016357421875
10,Ethylene,200.0,Toluene,69.77002,130.22998046875
10,Ethanol,400.0,Ethanol,358.61816,41.3818359375
10,Ethylene,10.0,Toluene,13.148926,3.14892578125
10,Ethanol,50.0,Acetaldehyde,26.500458,23.499542236328125
10,Ethylene,250.0,Toluene,103.60066,146.3993377685547
10,Ethanol,600.0,Ethanol,564.97345,35.02655029296875
10,Ethylene,250.0,Toluene,91.752304,158.24769592285156
10,Ethanol,600.0,Ethanol,578.9195,21.08050537109375
10,Ethylene,150.0,Toluene,58.021347,91.97865295410156
10,Ethanol,1000.0,Ethanol,1030.0017,30.001708984375
10,Ethylene,10.0,Toluene,13.185646,3.1856460571289062
10,Ethanol,50.0,Acetaldehyde,19.822372,30.177627563476562
10,Ethylene,50.0,Toluene,36.355553,13.644447326660156
10,Ethanol,200.0,Ethanol,180.39944,19.600555419921875
10,Ethylene,100.0,Toluene,51.311417,48.68858337402344
10,Ethanol,800.0,Ethanol,832.7504,32.75042724609375
10,Ethylene,200.0,Toluene,69.760635,130.23936462402344
10,Ethanol,400.0,Ethanol,354.74606,45.253936767578125
10,Ethylene,10.0,Toluene,13.251595,3.2515945434570312
10,Ethanol,50.0,Acetaldehyde,20.401344,29.598655700683594
10,Ethylene,250.0,Toluene,102.863266,147.13673400878906
10,Ethanol,600.0,Ethanol,576.35254,23.6474609375
10,Ethylene,150.0,Toluene,50.867928,99.13207244873047
10,Ethanol,1000.0,Ethanol,1037.2058,37.205810546875
10,Ethylene,50.0,Toluene,34.20021,15.799789428710938
10,Ethanol,200.0,Ethanol,188.57745,11.42254638671875
10,Ethylene,100.0,Toluene,42.789146,57.210853576660156
10,Ethanol,800.0,Ethanol,797.2762,2.72381591796875
10,Ethylene,200.0,Toluene,70.50241,129.49758911132812
10,Ethanol,400.0,Ethanol,353.6239,46.3760986328125
10,Ethylene,50.0,Toluene,32.676697,17.32330322265625
10,Ethanol,200.0,Ethanol,191.32857,8.671432495117188
10,Ethylene,100.0,Toluene,41.837326,58.16267395019531
10,Ethanol,800.0,Ethanol,823.3095,23.30950927734375
10,Ethylene,200.0,Toluene,69.96846,130.0315399169922
10,Ethanol,400.0,Ethanol,358.15024,41.849761962890625
10,Ethylene,10.0,Toluene,12.986954,2.9869537353515625
10,Ethanol,50.0,Ethanol,38.349945,11.650054931640625
10,Ethylene,250.0,Toluene,104.9699,145.03009796142578
10,Ethanol,600.0,Ethanol,587.1101,12.889892578125
10,Ethylene,150.0,Toluene,54.885338,95.11466217041016
10,Ethanol,1000.0,Ethanol,1059.6979,59.6978759765625
10,Ethylene,10.0,Toluene,12.795944,2.7959442138671875
10,Ethanol,50.0,Acetaldehyde,32.761,17.238998413085938
10,Ethylene,250.0,Toluene,110.491844,139.5081558227539
10,Ethanol,600.0,Ethanol,586.86273,13.13726806640625
10,Ethylene,150.0,Toluene,52.081787,97.918212890625
10,Ethanol,1000.0,Ethanol,1187.1229,187.1229248046875
10,Ethylene,50.0,Toluene,31.592873,18.407127380371094
10,Ethanol,200.0,Ethanol,190.18033,9.819671630859375
10,Ethylene,100.0,Toluene,44.159477,55.84052276611328
10,Ethanol,800.0,Ethanol,820.8218,20.82177734375
10,Ethylene,200.0,Toluene,73.11518,126.88481903076172
10,Ethanol,400.0,Ethanol,367.31104,32.68896484375
10,Ethylene,150.0,Toluene,54.485115,95.51488494873047
10,Ethanol,1000.0,Ethanol,1042.004,42.0040283203125
10,Ethylene,50.0,Toluene,34.744347,15.255653381347656
10,Ethanol,200.0,Ethanol,191.13336,8.86663818359375
10,Ethylene,100.0,Toluene,43.11126,56.88874053955078
10,Ethanol,800.0,Ethanol,824.24817,24.2481689453125
10,Ethylene,200.0,Toluene,76.56256,123.43743896484375
10,Ethanol,400.0,Ethanol,369.73724,30.26275634765625
10,Ethylene,10.0,Toluene,11.039024,1.0390243530273438
10,Ethanol,50.0,Ethanol,38.699883,11.300117492675781
10,Ethylene,250.0,Toluene,104.63927,145.36073303222656
10,Ethanol,600.0,Ethanol,585.0489,14.95111083984375
10,Ethylene,50.0,Toluene,33.18782,16.812179565429688
10,Ethanol,200.0,Ethanol,191.81903,8.18096923828125
10,Ethylene,100.0,Toluene,35.728004,64.2719955444336
10,Ethanol,800.0,Ethanol,823.1286,23.12860107421875
10,Ethylene,200.0,Toluene,68.0289,131.97109985351562
10,Ethanol,400.0,Ethanol,367.35297,32.64703369140625
10,Ethylene,10.0,Toluene,8.563583,1.4364166259765625
10,Ethanol,50.0,Ethanol,44.139282,5.8607177734375
10,Ethylene,250.0,Toluene,101.97276,148.02723693847656
10,Ethanol,600.0,Ethanol,583.24835,16.75164794921875
10,Ethylene,150.0,Toluene,47.77311,102.22689056396484
10,Ethanol,1000.0,Ethanol,1041.9476,41.9476318359375
10,Ethylene,10.0,Toluene,8.708267,1.2917327880859375
10,Ethanol,50.0,Ethanol,45.30253,4.697471618652344
10,Ethylene,50.0,Toluene,29.803505,20.196495056152344
10,Ethanol,200.0,Ethanol,192.63013,7.369873046875
10,Ethylene,100.0,Toluene,36.127876,63.87212371826172
10,Ethanol,800.0,Ethanol,809.232,9.23199462890625
10,Ethylene,200.0,Toluene,68.49794,131.50205993652344
10,Ethanol,400.0,Ethanol,361.5203,38.479705810546875
10,Ethylene,250.0,Toluene,90.652405,159.34759521484375
10,Ethanol,600.0,Ethanol,570.2267,29.7733154296875
10,Ethylene,150.0,Toluene,48.538605,101.46139526367188
10,Ethanol,1000.0,Ethanol,1021.68164,21.681640625
10,Ethylene,200.0,Toluene,67.38808,132.61192321777344
10,Ethanol,400.0,Ethanol,351.8478,48.152191162109375
10,Ethylene,10.0,Toluene,8.24704,1.752960205078125
10,Ethanol,50.0,Ethanol,46.855827,3.1441726684570312
10,Ethylene,250.0,Toluene,98.7186,151.28140258789062
10,Ethanol,600.0,Ethanol,577.24554,22.75445556640625
10,Ethylene,150.0,Toluene,46.42833,103.57167053222656
10,Ethanol,1000.0,Ethanol,1037.0359,37.035888671875
10,Ethylene,50.0,Toluene,28.354332,21.645668029785156
10,Ethanol,200.0,Ethanol,189.9697,10.030303955078125
10,Ethylene,100.0,Toluene,36.668823,63.3311767578125
10,Ethanol,800.0,Ethanol,819.0341,19.03411865234375
10,Ethylene,50.0,Toluene,28.277527,21.72247314453125
10,Ethanol,200.0,Ethanol,192.23569,7.764312744140625
10,Ethylene,100.0,Toluene,39.096092,60.903907775878906
10,Ethanol,800.0,Ethanol,833.35974,33.3597412109375
10,Ethylene,200.0,Toluene,64.74045,135.25955200195312
10,Ethanol,400.0,Ethanol,367.11716,32.882843017578125
10,Ethylene,10.0,Toluene,8.985977,1.0140228271484375
10,Ethanol,50.0,Ethanol,33.382927,16.61707305908203
10,Ethylene,250.0,Toluene,94.39906,155.60093688964844
10,Ethanol,600.0,Ethanol,589.20123,10.79876708984375
10,Ethylene,150.0,Toluene,45.665833,104.33416748046875
10,Ethanol,1000.0,Ethanol,1069.629,69.6290283203125
10,Ethylene,150.0,Toluene,45.74688,104.25312042236328
10,Ethanol,1000.0,Ethanol,1073.6947,73.6947021484375
10,Ethylene,50.0,Toluene,25.812355,24.187644958496094
10,Ethanol,200.0,Ethanol,182.92732,17.072677612304688
10,Ethylene,100.0,Toluene,39.444397,60.55560302734375
10,Ethanol,800.0,Ethanol,830.60803,30.6080322265625
10,Ethylene,200.0,Toluene,60.69684,139.30316162109375
10,Ethanol,400.0,Ethanol,361.15457,38.845428466796875
10,Ethylene,10.0,Toluene,10.183434,0.18343353271484375
10,Ethanol,50.0,Acetaldehyde,11.296074,38.70392608642578
10,Ethylene,250.0,Toluene,89.11366,160.88633728027344
10,Ethanol,600.0,Ethanol,575.0422,24.95782470703125
10,Ethylene,250.0,Toluene,81.82501,168.17498779296875
10,Ethanol,600.0,Ethanol,567.8711,32.12890625
10,Ethylene,150.0,Toluene,45.4768,104.52320098876953
10,Ethanol,1000.0,Ethanol,1048.3147,48.314697265625
10,Ethylene,10.0,Toluene,10.296692,0.29669189453125
10,Ethanol,50.0,Acetaldehyde,12.817314,37.18268585205078
10,Ethylene,50.0,Toluene,25.888802,24.11119842529297
10,Ethanol,200.0,Ethanol,174.27893,25.7210693359375
10,Ethylene,100.0,Toluene,38.114777,61.885223388671875
10,Ethanol,800.0,Ethanol,802.6806,2.68060302734375
10,Ethylene,200.0,Toluene,59.17269,140.82730865478516
10,Ethanol,400.0,Ethanol,354.69608,45.303924560546875
10,Ethylene,10.0,Toluene,9.684387,0.31561279296875
10,Ethanol,50.0,Acetaldehyde,11.132393,38.86760711669922
10,Ethylene,250.0,Toluene,84.235794,165.7642059326172
10,Ethanol,600.0,Ethanol,562.1707,37.82928466796875
10,Ethylene,150.0,Toluene,44.308624,105.69137573242188
10,Ethanol,1000.0,Ethanol,1027.8634,27.8634033203125
10,Ethylene,50.0,Toluene,25.898903,24.101097106933594
10,Ethanol,200.0,Ethanol,164.04196,35.958038330078125
10,Ethylene,100.0,Toluene,37.04802,62.95198059082031
10,Ethanol,800.0,Ethanol,788.1344,11.8656005859375
10,Ethylene,200.0,Toluene,61.51696,138.48303985595703
10,Ethanol,400.0,Ethanol,350.72614,49.27386474609375
10,Ethylene,50.0,Toluene,22.945847,27.054153442382812
10,Ethanol,200.0,Ethanol,165.4794,34.520599365234375
10,Ethylene,100.0,Toluene,37.402916,62.597084045410156
10,Ethanol,800.0,Ethanol,789.03796,10.9620361328125
10,Ethylene,200.0,Toluene,58.868088,141.1319122314453
10,Ethanol,400.0,Ethanol,345.4887,54.51129150390625
10,Ethylene,10.0,Toluene,9.711601,0.28839874267578125
10,Ethanol,50.0,Acetaldehyde,15.552223,34.447776794433594
10,Ethylene,250.0,Toluene,83.207184,166.79281616210938
10,Ethanol,600.0,Ethanol,553.4192,46.580810546875
10,Ethylene,150.0,Toluene,46.915688,103.08431243896484
10,Ethanol,1000.0,Ethanol,1005.277,5.2769775390625
10,Toluene,1.0,Toluene,9.262581,8.262580871582031
10,Acetaldehyde,10.0,Ethanol,31.587288,21.58728790283203
10,Toluene,100.0,Toluene,67.69772,32.302276611328125
10,Acetaldehyde,150.0,Ethanol,346.27304,196.27304077148438
10,Toluene,60.0,Toluene,54.892006,5.107994079589844
10,Acetaldehyde,250.0,Acetaldehyde,307.26724,57.267242431640625
10,Toluene,20.0,Toluene,32.09449,12.094490051269531
10,Acetaldehyde,50.0,Acetaldehyde,66.62709,16.627090454101562
10,Toluene,40.0,Toluene,50.350716,10.350715637207031
10,Acetaldehyde,200.0,Acetaldehyde,231.75696,31.7569580078125
10,Toluene,80.0,Toluene,48.97912,31.02088165283203
10,Acetaldehyde,100.0,Acetaldehyde,147.06366,47.06365966796875
10,Toluene,60.0,Toluene,50.47719,9.522811889648438
10,Acetaldehyde,250.0,Acetaldehyde,262.7509,12.750885009765625
10,Toluene,20.0,Toluene,33.639595,13.639595031738281
10,Acetaldehyde,50.0,Acetaldehyde,52.571495,2.5714950561523438
10,Toluene,40.0,Toluene,51.78061,11.780609130859375
10,Acetaldehyde,200.0,Acetaldehyde,255.90872,55.908721923828125
10,Toluene,80.0,Toluene,53.683083,26.316917419433594
10,Acetaldehyde,100.0,Acetaldehyde,162.21977,62.21977233886719
10,Toluene,1.0,Toluene,9.875862,8.875862121582031
10,Acetaldehyde,10.0,Acetaldehyde,10.539124,0.53912353515625
10,Toluene,100.0,Toluene,53.316742,46.683258056640625
10,Acetaldehyde,150.0,Acetaldehyde,205.09363,55.0936279296875
10,Toluene,20.0,Toluene,31.472328,11.472328186035156
10,Acetaldehyde,50.0,Acetaldehyde,68.3972,18.397201538085938
10,Toluene,40.0,Toluene,52.067863,12.067863464355469
10,Acetaldehyde,200.0,Acetaldehyde,230.66782,30.667816162109375
10,Toluene,80.0,Toluene,52.99154,27.008460998535156
10,Acetaldehyde,100.0,Acetaldehyde,154.33803,54.33802795410156
10,Toluene,1.0,Toluene,8.8508835,7.850883483886719
10,Acetaldehyde,10.0,Acetaldehyde,6.8117065,3.18829345703125
10,Toluene,100.0,Toluene,53.6222,46.37779998779297
10,Acetaldehyde,150.0,Acetaldehyde,188.94821,38.948211669921875
10,Toluene,60.0,Toluene,53.36512,6.634880065917969
10,Acetaldehyde,250.0,Acetaldehyde,258.9484,8.948394775390625
10,Toluene,1.0,Toluene,10.355759,9.355758666992188
10,Acetaldehyde,10.0,Acetaldehyde,6.8310013,3.1689987182617188
10,Toluene,20.0,Toluene,32.00123,12.001228332519531
10,Acetaldehyde,50.0,Acetaldehyde,50.70099,0.70098876953125
10,Toluene,40.0,Toluene,51.17389,11.17388916015625
10,Acetaldehyde,200.0,Acetaldehyde,220.78215,20.782150268554688
10,Toluene,80.0,Toluene,54.900696,25.09930419921875
10,Acetaldehyde,100.0,Acetaldehyde,140.99988,40.9998779296875
10,Toluene,100.0,Toluene,58.725418,41.27458190917969
10,Acetaldehyde,150.0,Acetaldehyde,182.97577,32.97576904296875
10,Toluene,60.0,Toluene,55.027237,4.9727630615234375
10,Acetaldehyde,250.0,Acetaldehyde,267.0198,17.019805908203125
10,Toluene,80.0,Toluene,55.972466,24.02753448486328
10,Acetaldehyde,100.0,Acetaldehyde,137.59636,37.59635925292969
10,Toluene,1.0,Toluene,12.42321,11.423210144042969
10,Acetaldehyde,10.0,Acetaldehyde,6.2591476,3.7408523559570312
10,Toluene,100.0,Toluene,54.155403,45.84459686279297
10,Acetaldehyde,150.0,Acetaldehyde,189.19771,39.19770812988281
10,Toluene,60.0,Toluene,53.184586,6.8154144287109375
10,Acetaldehyde,250.0,Acetaldehyde,263.4683,13.468292236328125
10,Toluene,20.0,Toluene,31.09835,11.098350524902344
10,Acetaldehyde,50.0,Acetaldehyde,55.448914,5.44891357421875
10,Toluene,40.0,Toluene,46.83924,6.839241027832031
10,Acetaldehyde,200.0,Acetaldehyde,227.60759,27.607589721679688
10,Toluene,20.0,Toluene,33.43493,13.434928894042969
10,Acetaldehyde,50.0,Acetaldehyde,57.14081,7.14080810546875
10,Toluene,40.0,Toluene,48.077538,8.077537536621094
10,Acetaldehyde,200.0,Acetaldehyde,225.35498,25.35498046875
10,Toluene,80.0,Toluene,58.269585,21.73041534423828
10,Acetaldehyde,100.0,Acetaldehyde,132.61775,32.61775207519531
10,Toluene,1.0,Toluene,13.627029,12.627029418945312
10,Acetaldehyde,10.0,Acetaldehyde,5.840996,4.159004211425781
10,Toluene,100.0,Toluene,61.180122,38.81987762451172
10,Acetaldehyde,150.0,Acetaldehyde,167.49118,17.491180419921875
10,Toluene,60.0,Toluene,52.376915,7.623085021972656
10,Acetaldehyde,250.0,Acetaldehyde,247.30765,2.692352294921875
10,Toluene,60.0,Toluene,53.92054,6.079460144042969
10,Acetaldehyde,250.0,Acetaldehyde,256.19754,6.197540283203125
10,Toluene,20.0,Toluene,31.0672,11.06719970703125
10,Acetaldehyde,50.0,Acetaldehyde,55.378166,5.378166198730469
10,Toluene,40.0,Toluene,45.28215,5.2821502685546875
10,Acetaldehyde,200.0,Acetaldehyde,205.99124,5.991241455078125
10,Toluene,80.0,Toluene,54.637787,25.362213134765625
10,Acetaldehyde,100.0,Acetaldehyde,133.16158,33.16157531738281
10,Toluene,1.0,Toluene,13.648796,12.648796081542969
10,Acetaldehyde,10.0,Acetaldehyde,2.689476,7.310523986816406
10,Toluene,100.0,Toluene,59.095245,40.904754638671875
10,Acetaldehyde,150.0,Acetaldehyde,167.25293,17.2529296875
10,Toluene,100.0,Toluene,60.24733,39.75267028808594
10,Acetaldehyde,150.0,Acetaldehyde,167.73114,17.73114013671875
10,Toluene,60.0,Toluene,54.564423,5.435577392578125
10,Acetaldehyde,250.0,Acetaldehyde,249.63736,0.362640380859375
10,Toluene,1.0,Toluene,13.500664,12.500663757324219
10,Acetaldehyde,10.0,Acetaldehyde,2.3074799,7.6925201416015625
10,Toluene,20.0,Toluene,26.32547,6.325469970703125
10,Acetaldehyde,50.0,Acetaldehyde,59.16304,9.163040161132812
10,Toluene,40.0,Toluene,46.006264,6.006263732910156
10,Acetaldehyde,200.0,Acetaldehyde,209.38223,9.382232666015625
10,Toluene,80.0,Toluene,57.47679,22.523208618164062
10,Acetaldehyde,100.0,Acetaldehyde,125.15831,25.158309936523438
10,Toluene,1.0,Toluene,14.113464,13.11346435546875
10,Acetaldehyde,10.0,Acetaldehyde,4.239975,5.7600250244140625
10,Toluene,100.0,Toluene,58.153847,41.846153259277344
10,Acetaldehyde,150.0,Acetaldehyde,162.04967,12.049667358398438
10,Toluene,60.0,Toluene,52.583153,7.416847229003906
10,Acetaldehyde,250.0,Acetaldehyde,240.03616,9.963836669921875
10,Toluene,20.0,Toluene,29.971817,9.971817016601562
10,Acetaldehyde,50.0,Acetaldehyde,58.58944,8.589439392089844
10,Toluene,40.0,Toluene,52.077072,12.077072143554688
10,Acetaldehyde,200.0,Acetaldehyde,213.28047,13.280471801757812
10,Toluene,80.0,Toluene,58.08249,21.917510986328125
10,Acetaldehyde,100.0,Acetaldehyde,129.59222,29.59222412109375
10,Toluene,20.0,Toluene,34.47284,14.47283935546875
10,Acetaldehyde,50.0,Acetaldehyde,62.95188,12.951881408691406
10,Toluene,40.0,Toluene,50.11122,10.111221313476562
10,Acetaldehyde,200.0,Acetaldehyde,196.56332,3.436676025390625
10,Toluene,80.0,Toluene,60.642654,19.357345581054688
10,Acetaldehyde,100.0,Acetaldehyde,126.192764,26.192764282226562
10,Toluene,1.0,Toluene,11.940834,10.940834045410156
10,Acetaldehyde,10.0,Acetaldehyde,4.108803,5.891197204589844
10,Toluene,100.0,Toluene,55.719467,44.28053283691406
10,Acetaldehyde,150.0,Acetaldehyde,178.69392,28.693923950195312
10,Toluene,60.0,Toluene,53.44332,6.556678771972656
10,Acetaldehyde,250.0,Acetaldehyde,251.30948,1.309478759765625
10,Toluene,1.0,Toluene,10.904999,9.904998779296875
10,Acetaldehyde,10.0,Acetaldehyde,2.369835,7.630165100097656
10,Toluene,100.0,Toluene,56.946304,43.05369567871094
10,Acetaldehyde,150.0,Acetaldehyde,171.54086,21.540863037109375
10,Toluene,60.0,Toluene,53.70363,6.2963714599609375
10,Acetaldehyde,250.0,Acetaldehyde,245.90903,4.090972900390625
10,Toluene,20.0,Toluene,34.15703,14.157028198242188
10,Acetaldehyde,50.0,Acetaldehyde,58.44995,8.449951171875
10,Toluene,40.0,Toluene,52.321518,12.321517944335938
10,Acetaldehyde,200.0,Acetaldehyde,198.15208,1.8479156494140625
10,Toluene,80.0,Toluene,58.75525,21.2447509765625
10,Acetaldehyde,100.0,Acetaldehyde,127.53484,27.53484344482422
10,Toluene,60.0,Toluene,53.085983,6.9140167236328125
10,Acetaldehyde,250.0,Acetaldehyde,236.9064,13.093597412109375
10,Toluene,20.0,Toluene,34.766747,14.766746520996094
10,Acetaldehyde,50.0,Acetaldehyde,60.393944,10.393943786621094
10,Toluene,40.0,Toluene,52.38938,12.389381408691406
10,Acetaldehyde,200.0,Acetaldehyde,207.23224,7.23223876953125
10,Toluene,80.0,Toluene,57.4581,22.541900634765625
10,Acetaldehyde,100.0,Acetaldehyde,128.1507,28.15069580078125
10,Toluene,1.0,Toluene,12.061615,11.061614990234375
10,Acetaldehyde,10.0,Acetaldehyde,4.8326874,5.1673126220703125
10,Toluene,100.0,Toluene,56.51426,43.485740661621094
10,Acetaldehyde,150.0,Acetaldehyde,163.36446,13.364456176757812
10,Toluene,20.0,Toluene,35.014442,15.014442443847656
10,Acetaldehyde,50.0,Acetaldehyde,63.524178,13.524177551269531
10,Toluene,40.0,Toluene,50.348625,10.348625183105469
10,Acetaldehyde,200.0,Acetaldehyde,205.89407,5.894073486328125
10,Toluene,80.0,Toluene,59.155502,20.844497680664062
10,Acetaldehyde,100.0,Acetaldehyde,123.690056,23.69005584716797
10,Toluene,1.0,Toluene,11.134125,10.134124755859375
10,Acetaldehyde,10.0,Acetaldehyde,3.753563,6.246437072753906
10,Toluene,100.0,Toluene,57.880936,42.11906433105469
10,Acetaldehyde,150.0,Acetaldehyde,165.1087,15.10870361328125
10,Toluene,60.0,Toluene,54.952553,5.047447204589844
10,Acetaldehyde,250.0,Acetaldehyde,236.2189,13.781097412109375
10,Toluene,1.0,Toluene,10.904976,9.904975891113281
10,Acetaldehyde,10.0,Acetaldehyde,3.3793793,6.6206207275390625
10,Toluene,20.0,Toluene,31.804253,11.804252624511719
10,Acetaldehyde,50.0,Acetaldehyde,63.67919,13.679191589355469
10,Toluene,40.0,Toluene,51.122513,11.122512817382812
10,Acetaldehyde,200.0,Acetaldehyde,197.62923,2.3707733154296875
10,Toluene,80.0,Toluene,58.279778,21.72022247314453
10,Acetaldehyde,100.0,Acetaldehyde,121.86095,21.860946655273438
10,Toluene,100.0,Toluene,63.58223,36.41777038574219
10,Acetaldehyde,150.0,Acetaldehyde,165.2955,15.295501708984375
10,Toluene,60.0,Toluene,53.876884,6.123115539550781
10,Acetaldehyde,250.0,Acetaldehyde,240.16441,9.835586547851562
10,Toluene,80.0,Toluene,58.70198,21.298019409179688
10,Acetaldehyde,100.0,Acetaldehyde,123.803314,23.803314208984375
10,Toluene,1.0,Toluene,11.173363,10.173362731933594
10,Acetaldehyde,10.0,Acetaldehyde,4.981758,5.018241882324219
10,Toluene,100.0,Toluene,57.243073,42.756927490234375
10,Acetaldehyde,150.0,Acetaldehyde,161.77046,11.770462036132812
10,Toluene,60.0,Toluene,54.202766,5.797233581542969
10,Acetaldehyde,250.0,Acetaldehyde,241.25609,8.743911743164062
10,Toluene,20.0,Toluene,34.061157,14.0611572265625
10,Acetaldehyde,50.0,Acetaldehyde,62.40928,12.409278869628906
10,Toluene,40.0,Toluene,51.689903,11.689903259277344
10,Acetaldehyde,200.0,Acetaldehyde,195.87576,4.124237060546875
10,Toluene,20.0,Toluene,33.57422,13.57421875
10,Acetaldehyde,50.0,Acetaldehyde,64.01624,14.016242980957031
10,Toluene,40.0,Toluene,51.20244,11.202438354492188
10,Acetaldehyde,200.0,Acetaldehyde,192.02022,7.9797821044921875
10,Toluene,80.0,Toluene,57.20665,22.793350219726562
10,Acetaldehyde,100.0,Acetaldehyde,123.05197,23.051971435546875
10,Toluene,1.0,Toluene,11.152451,10.152450561523438
10,Acetaldehyde,10.0,Acetaldehyde,2.1527557,7.8472442626953125
10,Toluene,100.0,Toluene,62.39711,37.60289001464844
10,Acetaldehyde,150.0,Acetaldehyde,154.65782,4.6578216552734375
10,Toluene,60.0,Toluene,52.732018,7.267982482910156
10,Acetaldehyde,250.0,Acetaldehyde,233.83704,16.1629638671875
10,Toluene,60.0,Toluene,53.971275,6.028724670410156
10,Acetaldehyde,250.0,Acetaldehyde,237.65756,12.342437744140625
10,Toluene,20.0,Toluene,33.274902,13.27490234375
10,Acetaldehyde,50.0,Acetaldehyde,58.077682,8.077682495117188
10,Toluene,40.0,Toluene,49.29799,9.297988891601562
10,Acetaldehyde,200.0,Acetaldehyde,196.35188,3.6481170654296875
10,Toluene,80.0,Toluene,59.525253,20.474746704101562
10,Acetaldehyde,100.0,Acetaldehyde,125.55883,25.55883026123047
10,Toluene,1.0,Toluene,13.319351,12.319351196289062
10,Acetaldehyde,10.0,Acetaldehyde,3.2106247,6.789375305175781
10,Toluene,100.0,Toluene,58.71836,41.281639099121094
10,Acetaldehyde,150.0,Acetaldehyde,164.86655,14.866546630859375
10,Toluene,100.0,Toluene,64.857635,35.142364501953125
10,Acetaldehyde,150.0,Acetaldehyde,162.06093,12.060928344726562
10,Toluene,60.0,Toluene,53.75432,6.2456817626953125
10,Acetaldehyde,250.0,Acetaldehyde,233.37529,16.624710083007812
10,Toluene,1.0,Toluene,12.877243,11.877243041992188
10,Acetaldehyde,10.0,Acetaldehyde,1.7024231,8.297576904296875
10,Toluene,20.0,Toluene,31.440506,11.440505981445312
10,Acetaldehyde,50.0,Acetaldehyde,64.38944,14.389442443847656
10,Toluene,40.0,Toluene,49.55945,9.5594482421875
10,Acetaldehyde,200.0,Acetaldehyde,200.82938,0.829376220703125
10,Toluene,80.0,Toluene,58.53634,21.463661193847656
10,Acetaldehyde,100.0,Acetaldehyde,129.59729,29.5972900390625
10,Toluene,1.0,Toluene,12.901779,11.901779174804688
10,Acetaldehyde,10.0,Acetaldehyde,4.195404,5.804595947265625
10,Toluene,100.0,Toluene,57.909775,42.09022521972656
10,Acetaldehyde,150.0,Acetaldehyde,163.81834,13.818344116210938
10,Toluene,60.0,Toluene,52.981277,7.0187225341796875
10,Acetaldehyde,250.0,Acetaldehyde,236.00943,13.990570068359375
10,Toluene,20.0,Toluene,32.181732,12.181732177734375
10,Acetaldehyde,50.0,Acetaldehyde,63.767166,13.767166137695312
10,Toluene,40.0,Toluene,46.46306,6.4630584716796875
10,Acetaldehyde,200.0,Acetaldehyde,200.70221,0.70220947265625
10,Toluene,80.0,Toluene,57.512848,22.487152099609375
10,Acetaldehyde,100.0,Acetaldehyde,122.6453,22.645301818847656
10,Toluene,20.0,Toluene,31.632607,11.632606506347656
10,Acetaldehyde,50.0,Acetaldehyde,59.26716,9.267158508300781
10,Toluene,40.0,Toluene,44.36489,4.364891052246094
10,Acetaldehyde,200.0,Acetaldehyde,208.8045,8.80450439453125
10,Toluene,80.0,Toluene,56.805016,23.194984436035156
10,Acetaldehyde,100.0,Acetaldehyde,126.70001,26.70001220703125
10,Toluene,1.0,Toluene,13.267937,12.267936706542969
10,Acetaldehyde,10.0,Acetaldehyde,2.1659927,7.834007263183594
10,Toluene,100.0,Toluene,57.13092,42.86907958984375
10,Acetaldehyde,150.0,Acetaldehyde,163.30887,13.308868408203125
10,Toluene,60.0,Toluene,53.051643,6.948356628417969
10,Acetaldehyde,250.0,Acetaldehyde,243.46233,6.5376739501953125
10,Toluene,1.0,Toluene,8.501923,7.501922607421875
10,Acetaldehyde,10.0,Acetaldehyde,11.499039,1.4990386962890625
10,Toluene,100.0,Toluene,61.85199,38.14801025390625
10,Acetaldehyde,150.0,Acetaldehyde,199.12817,49.128173828125
10,Toluene,60.0,Toluene,53.43174,6.568260192871094
10,Acetaldehyde,250.0,Acetaldehyde,267.23413,17.234130859375
10,Toluene,20.0,Toluene,28.20343,8.20343017578125
10,Acetaldehyde,50.0,Acetaldehyde,79.580025,29.58002471923828
10,Toluene,40.0,Toluene,49.618256,9.618255615234375
10,Acetaldehyde,200.0,Acetaldehyde,225.16443,25.1644287109375
10,Toluene,80.0,Toluene,53.738045,26.26195526123047
10,Acetaldehyde,100.0,Acetaldehyde,146.30666,46.30665588378906
10,Toluene,60.0,Toluene,55.2892,4.7108001708984375
10,Acetaldehyde,250.0,Acetaldehyde,270.21188,20.211883544921875
10,Toluene,20.0,Toluene,29.254555,9.254554748535156
10,Acetaldehyde,50.0,Acetaldehyde,84.52882,34.52881622314453
10,Toluene,40.0,Toluene,49.368317,9.368316650390625
10,Acetaldehyde,200.0,Acetaldehyde,219.14035,19.140350341796875
10,Toluene,80.0,Toluene,58.911995,21.08800506591797
10,Acetaldehyde,100.0,Acetaldehyde,144.15488,44.154876708984375
10,Toluene,1.0,Toluene,10.126579,9.126579284667969
10,Acetaldehyde,10.0,Acetaldehyde,6.232559,3.7674407958984375
10,Toluene,100.0,Toluene,57.052773,42.947227478027344
10,Acetaldehyde,150.0,Acetaldehyde,187.87291,37.87290954589844
10,Toluene,20.0,Toluene,27.436005,7.436004638671875
10,Acetaldehyde,50.0,Acetaldehyde,87.1545,37.154502868652344
10,Toluene,40.0,Toluene,45.629425,5.629425048828125
10,Acetaldehyde,200.0,Acetaldehyde,227.17633,27.17633056640625
10,Toluene,80.0,Toluene,59.537437,20.462562561035156
10,Acetaldehyde,100.0,Acetaldehyde,146.68411,46.684112548828125
10,Toluene,1.0,Toluene,11.253792,10.253791809082031
10,Acetaldehyde,10.0,Acetaldehyde,3.7805328,6.2194671630859375
10,Toluene,100.0,Toluene,59.327484,40.672515869140625
10,Acetaldehyde,150.0,Acetaldehyde,172.5391,22.539093017578125
10,Toluene,60.0,Toluene,51.821266,8.178733825683594
10,Acetaldehyde,250.0,Acetaldehyde,250.69539,0.6953887939453125
10,Toluene,1.0,Toluene,14.280525,13.280525207519531
10,Acetaldehyde,10.0,Acetaldehyde,3.7058868,6.2941131591796875
10,Toluene,20.0,Toluene,26.854866,6.854866027832031
10,Acetaldehyde,50.0,Acetaldehyde,74.52591,24.525909423828125
10,Toluene,40.0,Toluene,47.00235,7.002349853515625
10,Acetaldehyde,200.0,Acetaldehyde,212.00845,12.008453369140625
10,Toluene,80.0,Toluene,59.15661,20.84339141845703
10,Acetaldehyde,100.0,Acetaldehyde,132.9791,32.979095458984375
10,Toluene,100.0,Toluene,62.20125,37.79875183105469
10,Acetaldehyde,150.0,Acetaldehyde,176.40178,26.401779174804688
10,Toluene,60.0,Toluene,47.398483,12.601516723632812
10,Acetaldehyde,250.0,Acetaldehyde,257.50488,7.5048828125
10,Toluene,80.0,Toluene,56.381927,23.618072509765625
10,Acetaldehyde,100.0,Acetaldehyde,138.32906,38.32905578613281
10,Toluene,1.0,Toluene,12.7656555,11.765655517578125
10,Acetaldehyde,10.0,Acetaldehyde,3.7855835,6.21441650390625
10,Toluene,100.0,Toluene,57.144447,42.855552673339844
10,Acetaldehyde,150.0,Acetaldehyde,174.82022,24.820220947265625
10,Toluene,60.0,Toluene,55.53843,4.461570739746094
10,Acetaldehyde,250.0,Acetaldehyde,236.13672,13.86328125
10,Toluene,20.0,Toluene,30.722885,10.722885131835938
10,Acetaldehyde,50.0,Acetaldehyde,67.9165,17.91649627685547
10,Toluene,40.0,Toluene,46.047607,6.047607421875
10,Acetaldehyde,200.0,Acetaldehyde,207.57028,7.570281982421875
10,Toluene,20.0,Toluene,28.476555,8.476554870605469
10,Acetaldehyde,50.0,Acetaldehyde,70.25487,20.254867553710938
10,Toluene,40.0,Toluene,46.973274,6.973274230957031
10,Acetaldehyde,200.0,Acetaldehyde,206.77567,6.775665283203125
10,Toluene,80.0,Toluene,59.009605,20.990394592285156
10,Acetaldehyde,100.0,Acetaldehyde,128.16583,28.16583251953125
10,Toluene,1.0,Toluene,11.791725,10.791725158691406
10,Acetaldehyde,10.0,Acetaldehyde,5.1626053,4.837394714355469
10,Toluene,100.0,Toluene,61.476616,38.52338409423828
10,Acetaldehyde,150.0,Acetaldehyde,163.05344,13.053436279296875
10,Toluene,60.0,Toluene,48.520454,11.479545593261719
10,Acetaldehyde,250.0,Acetaldehyde,240.32144,9.678558349609375
10,Toluene,60.0,Toluene,51.925957,8.074043273925781
10,Acetaldehyde,250.0,Acetaldehyde,232.00385,17.99615478515625
10,Toluene,20.0,Toluene,28.458939,8.458938598632812
10,Acetaldehyde,50.0,Acetaldehyde,65.17709,15.177093505859375
10,Toluene,40.0,Toluene,48.983955,8.983955383300781
10,Acetaldehyde,200.0,Acetaldehyde,190.34422,9.655776977539062
10,Toluene,80.0,Toluene,59.747665,20.252334594726562
10,Acetaldehyde,100.0,Acetaldehyde,123.70204,23.702041625976562
10,Toluene,1.0,Toluene,12.731766,11.731765747070312
10,Acetaldehyde,10.0,Acetaldehyde,3.1394882,6.860511779785156
10,Toluene,100.0,Toluene,60.693398,39.306602478027344
10,Acetaldehyde,150.0,Acetaldehyde,171.44823,21.448226928710938
10,Toluene,100.0,Toluene,64.40728,35.59272003173828
10,Acetaldehyde,150.0,Acetaldehyde,156.29874,6.298736572265625
10,Toluene,60.0,Toluene,53.97426,6.0257415771484375
10,Acetaldehyde,250.0,Acetaldehyde,237.5746,12.425399780273438
10,Toluene,1.0,Toluene,13.62072,12.620719909667969
10,Acetaldehyde,10.0,Acetaldehyde,3.4756012,6.5243988037109375
10,Toluene,20.0,Toluene,29.119987,9.119987487792969
10,Acetaldehyde,50.0,Acetaldehyde,71.47989,21.479888916015625
10,Toluene,40.0,Toluene,47.868614,7.868614196777344
10,Acetaldehyde,200.0,Acetaldehyde,181.90984,18.090164184570312
10,Toluene,80.0,Toluene,58.93116,21.06884002685547
10,Acetaldehyde,100.0,Acetaldehyde,123.81345,23.813453674316406
10,Toluene,1.0,Toluene,12.201256,11.201255798339844
10,Acetaldehyde,10.0,Acetaldehyde,3.3315353,6.668464660644531
10,Toluene,100.0,Toluene,62.09771,37.90229034423828
10,Acetaldehyde,150.0,Acetaldehyde,157.07664,7.0766448974609375
10,Toluene,60.0,Toluene,54.500755,5.499244689941406
10,Acetaldehyde,250.0,Acetaldehyde,230.20462,19.795379638671875
10,Toluene,20.0,Toluene,28.75763,8.75762939453125
10,Acetaldehyde,50.0,Acetaldehyde,73.021866,23.021865844726562
10,Toluene,40.0,Toluene,44.44763,4.4476318359375
10,Acetaldehyde,200.0,Acetaldehyde,193.50351,6.496490478515625
10,Toluene,80.0,Toluene,58.194298,21.805702209472656
10,Acetaldehyde,100.0,Acetaldehyde,125.869156,25.869155883789062
10,Toluene,20.0,Toluene,29.369286,9.369285583496094
10,Acetaldehyde,50.0,Acetaldehyde,71.95125,21.951248168945312
10,Toluene,40.0,Toluene,45.02157,5.021568298339844
10,Acetaldehyde,200.0,Acetaldehyde,188.99503,11.004974365234375
10,Toluene,80.0,Toluene,59.131157,20.86884307861328
10,Acetaldehyde,100.0,Acetaldehyde,129.69077,29.690765380859375
10,Toluene,1.0,Toluene,13.273216,12.273216247558594
10,Acetaldehyde,10.0,Acetaldehyde,4.158226,5.841773986816406
10,Toluene,100.0,Toluene,60.42449,39.57550811767578
10,Acetaldehyde,150.0,Acetaldehyde,160.61148,10.611480712890625
10,Toluene,60.0,Toluene,55.0288,4.971199035644531
10,Acetaldehyde,250.0,Acetaldehyde,233.10793,16.892074584960938
10,Acetone,2.5,Acetone,0.0,2.5
10,Acetaldehyde,10.0,Acetaldehyde,8.321144,1.6788558959960938
10,Acetone,250.0,Acetone,216.52301,33.47698974609375
10,Acetaldehyde,150.0,Acetaldehyde,181.08975,31.089752197265625
10,Acetone,150.0,Acetone,113.05306,36.946937561035156
10,Acetaldehyde,250.0,Acetaldehyde,254.71924,4.71923828125
10,Acetone,50.0,Acetone,40.297874,9.702125549316406
10,Acetaldehyde,50.0,Acetaldehyde,53.305305,3.3053054809570312
10,Acetone,100.0,Acetone,75.86175,24.13825225830078
10,Acetaldehyde,200.0,Acetaldehyde,212.75497,12.754974365234375
10,Acetone,200.0,Acetone,172.96692,27.0330810546875
10,Acetaldehyde,100.0,Acetaldehyde,125.11785,25.11785125732422
10,Acetone,150.0,Acetone,120.404915,29.59508514404297
10,Acetaldehyde,250.0,Acetaldehyde,268.10208,18.102081298828125
10,Acetone,50.0,Acetone,39.572205,10.42779541015625
10,Acetaldehyde,50.0,Acetaldehyde,56.42424,6.4242401123046875
10,Acetone,100.0,Acetone,76.93523,23.064773559570312
10,Acetaldehyde,200.0,Acetaldehyde,225.87646,25.87646484375
10,Acetone,200.0,Acetone,174.33557,25.6644287109375
10,Acetaldehyde,100.0,Acetaldehyde,138.37749,38.37748718261719
10,Acetone,2.5,Acetone,0.0,2.5
10,Acetaldehyde,10.0,Acetaldehyde,6.5292892,3.4707107543945312
10,Acetone,250.0,Acetone,222.45737,27.542633056640625
10,Acetaldehyde,150.0,Acetaldehyde,193.80167,43.801666259765625
10,Acetone,50.0,Acetone,39.310844,10.689155578613281
10,Acetaldehyde,50.0,Acetaldehyde,74.35678,24.356781005859375
10,Acetone,100.0,Acetone,74.94923,25.05077362060547
10,Acetaldehyde,200.0,Acetaldehyde,223.2285,23.228500366210938
10,Acetone,200.0,Acetone,171.07086,28.92913818359375
10,Acetaldehyde,100.0,Acetaldehyde,126.74177,26.74176788330078
10,Acetone,2.5,Acetone,0.0,2.5
10,Acetaldehyde,10.0,Acetaldehyde,4.167259,5.832740783691406
10,Acetone,250.0,Acetone,227.1832,22.816802978515625
10,Acetaldehyde,150.0,Acetaldehyde,168.03073,18.030731201171875
10,Acetone,150.0,Acetone,118.93211,31.067886352539062
10,Acetaldehyde,250.0,Acetaldehyde,250.0414,0.0413970947265625
10,Acetone,2.5,Acetone,0.0,2.5
10,Acetaldehyde,10.0,Acetaldehyde,3.3971252,6.602874755859375
10,Acetone,50.0,Acetone,39.485428,10.514572143554688
10,Acetaldehyde,50.0,Acetaldehyde,54.12326,4.123260498046875
10,Acetone,100.0,Acetone,76.61003,23.389968872070312
10,Acetaldehyde,200.0,Acetaldehyde,209.54977,9.549774169921875
10,Acetone,200.0,Acetone,172.22815,27.7718505859375
10,Acetaldehyde,100.0,Acetaldehyde,113.101295,13.101295471191406
10,Acetone,250.0,Acetone,223.7572,26.2427978515625
10,Acetaldehyde,150.0,Acetaldehyde,147.46223,2.5377655029296875
10,Acetone,150.0,Acetone,121.29974,28.70025634765625
10,Acetaldehyde,250.0,Acetaldehyde,234.69913,15.300872802734375
10,Acetone,200.0,Acetone,172.0329,27.96710205078125
10,Acetaldehyde,100.0,Acetaldehyde,112.4462,12.446197509765625
10,Acetone,2.5,Acetone,0.0,2.5
10,Acetaldehyde,10.0,Acetaldehyde,3.664734,6.33526611328125
10,Acetone,250.0,Acetone,225.40125,24.5987548828125
10,Acetaldehyde,150.0,Acetaldehyde,153.52599,3.5259857177734375
10,Acetone,150.0,Acetone,122.43158,27.56842041015625
10,Acetaldehyde,250.0,Acetaldehyde,225.78839,24.21160888671875
10,Acetone,50.0,Acetone,41.05156,8.948440551757812
10,Acetaldehyde,50.0,Acetaldehyde,45.780716,4.2192840576171875
10,Acetone,100.0,Acetone,77.748604,22.25139617919922
10,Acetaldehyde,200.0,Acetaldehyde,188.73428,11.265716552734375
10,Acetone,50.0,Acetone,42.36441,7.635589599609375
10,Acetaldehyde,50.0,Acetaldehyde,48.405678,1.5943222045898438
10,Acetone,100.0,Acetone,76.7867,23.213302612304688
10,Acetaldehyde,200.0,Acetaldehyde,187.53024,12.469757080078125
10,Acetone,200.0,Acetone,173.9085,26.091506958007812
10,Acetaldehyde,100.0,Acetaldehyde,112.957535,12.957534790039062
10,Acetone,2.5,Acetone,0.0,2.5
10,Acetaldehyde,10.0,Acetaldehyde,3.232315,6.7676849365234375
10,Acetone,250.0,Acetone,224.2205,25.779495239257812
10,Acetaldehyde,150.0,Acetaldehyde,145.32672,4.67327880859375
10,Acetone,150.0,Acetone,124.23423,25.765769958496094
10,Acetaldehyde,250.0,Acetaldehyde,218.57172,31.42828369140625
10,Acetone,150.0,Acetone,121.938896,28.06110382080078
10,Acetaldehyde,250.0,Acetaldehyde,218.832,31.167999267578125
10,Acetone,50.0,Acetone,42.81378,7.18621826171875
10,Acetaldehyde,50.0,Acetaldehyde,43.229095,6.770904541015625
10,Acetone,100.0,Acetone,78.8382,21.16179656982422
10,Acetaldehyde,200.0,Acetaldehyde,182.20413,17.795867919921875
10,Acetone,200.0,Acetone,173.29184,26.708160400390625
10,Acetaldehyde,100.0,Acetaldehyde,112.958374,12.9583740234375
10,Acetone,2.5,Acetone,0.0,2.5
10,Acetaldehyde,10.0,Acetaldehyde,2.4548264,7.545173645019531
10,Acetone,250.0,Acetone,224.58606,25.4139404296875
10,Acetaldehyde,150.0,Acetaldehyde,138.12134,11.878662109375
10,Acetone,250.0,Acetone,221.10818,28.891815185546875
10,Acetaldehyde,150.0,Acetaldehyde,138.14592,11.854080200195312
10,Acetone,150.0,Acetone,122.559265,27.44073486328125
10,Acetaldehyde,250.0,Acetaldehyde,216.03192,33.96807861328125
10,Acetone,2.5,Acetone,0.0,2.5
10,Acetaldehyde,10.0,Acetaldehyde,3.6036377,6.3963623046875
10,Acetone,50.0,Acetone,43.05275,6.9472503662109375
10,Acetaldehyde,50.0,Acetaldehyde,49.252594,0.747406005859375
10,Acetone,100.0,Acetone,79.47507,20.524932861328125
10,Acetaldehyde,200.0,Acetaldehyde,176.71422,23.285781860351562
10,Acetone,200.0,Acetone,180.38025,19.6197509765625
10,Acetaldehyde,100.0,Acetaldehyde,112.96019,12.960189819335938
10,Acetone,2.5,Acetone,0.0,2.5
10,Acetaldehyde,10.0,Acetaldehyde,3.5115814,6.4884185791015625
10,Acetone,250.0,Acetone,220.79121,29.208786010742188
10,Acetaldehyde,150.0,Acetaldehyde,136.0673,13.932693481445312
10,Acetone,150.0,Acetone,123.974205,26.025794982910156
10,Acetaldehyde,250.0,Acetaldehyde,215.19829,34.80171203613281
10,Acetone,50.0,Acetone,42.397163,7.602836608886719
10,Acetaldehyde,50.0,Acetaldehyde,44.515205,5.484794616699219
10,Acetone,100.0,Acetone,80.40724,19.592758178710938
10,Acetaldehyde,200.0,Acetaldehyde,175.53941,24.460586547851562
10,Acetone,200.0,Acetone,174.17468,25.8253173828125
10,Acetaldehyde,100.0,Acetaldehyde,109.165794,9.165794372558594
10,Acetone,50.0,Acetone,46.362846,3.6371536254882812
10,Acetaldehyde,50.0,Acetaldehyde,46.971504,3.0284957885742188
10,Acetone,100.0,Acetone,83.83803,16.161972045898438
10,Acetaldehyde,200.0,Acetaldehyde,178.03108,21.968917846679688
10,Acetone,200.0,Acetone,172.16402,27.835983276367188
10,Acetaldehyde,100.0,Acetaldehyde,110.64742,10.647422790527344
10,Acetone,2.5,Acetone,0.035446167,2.4645538330078125
10,Acetaldehyde,10.0,Acetaldehyde,2.5134048,7.486595153808594
10,Acetone,250.0,Acetone,223.60287,26.397125244140625
10,Acetaldehyde,150.0,Acetaldehyde,137.41736,12.5826416015625
10,Acetone,150.0,Acetone,123.97188,26.028121948242188
10,Acetaldehyde,250.0,Acetaldehyde,212.61298,37.38702392578125
10,Acetone,2.5,Acetone,0.0,2.5
10,Acetaldehyde,10.0,Acetaldehyde,1.9450302,8.054969787597656
10,Acetone,250.0,Acetone,221.11282,28.887176513671875
10,Acetaldehyde,150.0,Acetaldehyde,136.22038,13.779617309570312
10,Acetone,150.0,Acetone,124.56091,25.4390869140625
10,Acetaldehyde,250.0,Acetaldehyde,214.85355,35.146453857421875
10,Acetone,50.0,Acetone,43.86593,6.134071350097656
10,Acetaldehyde,50.0,Acetaldehyde,46.50833,3.491668701171875
10,Acetone,100.0,Acetone,81.367676,18.63232421875
10,Acetaldehyde,200.0,Acetaldehyde,175.23401,24.7659912109375
10,Acetone,200.0,Acetone,174.95805,25.041946411132812
10,Acetaldehyde,100.0,Acetaldehyde,112.118675,12.118675231933594
10,Acetone,150.0,Acetone,125.28251,24.717491149902344
10,Acetaldehyde,250.0,Acetaldehyde,212.10544,37.894561767578125
10,Acetone,50.0,Acetone,46.793373,3.2066268920898438
10,Acetaldehyde,50.0,Acetaldehyde,49.639244,0.36075592041015625
10,Acetone,100.0,Acetone,80.9294,19.070602416992188
10,Acetaldehyde,200.0,Acetaldehyde,176.77347,23.226531982421875
10,Acetone,200.0,Acetone,173.79698,26.203018188476562
10,Acetaldehyde,100.0,Acetaldehyde,110.798416,10.798416137695312
10,Acetone,2.5,Acetone,0.0,2.5
10,Acetaldehyde,10.0,Acetaldehyde,2.03936,7.960639953613281
10,Acetone,250.0,Acetone,223.94548,26.054519653320312
10,Acetaldehyde,150.0,Acetaldehyde,127.450806,22.5491943359375
10,Acetone,50.0,Acetone,47.26626,2.7337417602539062
10,Acetaldehyde,50.0,Acetaldehyde,46.26661,3.7333908081054688
10,Acetone,100.0,Acetone,84.747734,15.252265930175781
10,Acetaldehyde,200.0,Acetaldehyde,175.99805,24.001953125
10,Acetone,200.0,Acetone,176.62817,23.371826171875
10,Acetaldehyde,100.0,Acetaldehyde,109.07837,9.078369140625
10,Acetone,2.5,Acetone,0.15705872,2.3429412841796875
10,Acetaldehyde,10.0,Acetaldehyde,3.6025162,6.397483825683594
10,Acetone,250.0,Acetone,225.40903,24.590972900390625
10,Acetaldehyde,150.0,Acetaldehyde,136.47525,13.524749755859375
10,Acetone,150.0,Acetone,123.17125,26.828750610351562
10,Acetaldehyde,250.0,Acetaldehyde,211.29002,38.70997619628906
10,Acetone,2.5,Acetone,0.0,2.5
10,Acetaldehyde,10.0,Acetaldehyde,3.003273,6.996726989746094
10,Acetone,50.0,Acetone,47.208153,2.7918472290039062
10,Acetaldehyde,50.0,Acetaldehyde,48.84394,1.1560592651367188
10,Acetone,100.0,Acetone,82.4761,17.523902893066406
10,Acetaldehyde,200.0,Acetaldehyde,171.75491,28.245086669921875
10,Acetone,200.0,Acetone,176.30164,23.6983642578125
10,Acetaldehyde,100.0,Acetaldehyde,106.23985,6.2398529052734375
10,Acetone,250.0,Acetone,222.54672,27.453277587890625
10,Acetaldehyde,150.0,Acetaldehyde,133.22313,16.776870727539062
10,Acetone,150.0,Acetone,124.6476,25.352401733398438
10,Acetaldehyde,250.0,Acetaldehyde,209.4213,40.578704833984375
10,Acetone,200.0,Acetone,169.96933,30.030670166015625
10,Acetaldehyde,100.0,Acetaldehyde,109.10597,9.105972290039062
10,Acetone,2.5,Acetone,0.286438,2.21356201171875
10,Acetaldehyde,10.0,Acetaldehyde,1.995636,8.004364013671875
10,Acetone,250.0,Acetone,220.41077,29.5892333984375
10,Acetaldehyde,150.0,Acetaldehyde,134.61555,15.384445190429688
10,Acetone,150.0,Acetone,123.31338,26.686622619628906
10,Acetaldehyde,250.0,Acetaldehyde,207.04854,42.95146179199219
10,Acetone,50.0,Acetone,46.633537,3.3664627075195312
10,Acetaldehyde,50.0,Acetaldehyde,44.849144,5.150856018066406
10,Acetone,100.0,Acetone,82.36447,17.635528564453125
10,Acetaldehyde,200.0,Acetaldehyde,177.38103,22.618972778320312
10,Acetone,50.0,Acetone,49.295876,0.7041244506835938
10,Acetaldehyde,50.0,Acetaldehyde,47.238525,2.761474609375
10,Acetone,100.0,Acetone,83.54489,16.455108642578125
10,Acetaldehyde,200.0,Acetaldehyde,172.51294,27.487060546875
10,Acetone,200.0,Acetone,174.13884,25.861160278320312
10,Acetaldehyde,100.0,Acetaldehyde,105.930984,5.9309844970703125
10,Acetone,2.5,Acetone,0.09113312,2.4088668823242188
10,Acetaldehyde,10.0,Acetaldehyde,2.3965988,7.603401184082031
10,Acetone,250.0,Acetone,216.23106,33.76893615722656
10,Acetaldehyde,150.0,Acetaldehyde,134.2912,15.70880126953125
10,Acetone,150.0,Acetone,126.39379,23.60620880126953
10,Acetaldehyde,250.0,Acetaldehyde,207.9011,42.098907470703125
10,Acetone,150.0,Acetone,124.873535,25.12646484375
10,Acetaldehyde,250.0,Acetaldehyde,212.39769,37.60231018066406
10,Acetone,50.0,Acetone,46.208916,3.7910842895507812
10,Acetaldehyde,50.0,Acetaldehyde,41.807472,8.192527770996094
10,Acetone,100.0,Acetone,82.76502,17.23497772216797
10,Acetaldehyde,200.0,Acetaldehyde,170.68022,29.319778442382812
10,Acetone,200.0,Acetone,173.0776,26.922393798828125
10,Acetaldehyde,100.0,Acetaldehyde,106.711105,6.7111053466796875
10,Acetone,2.5,Acetone,1.2202377,1.2797622680664062
10,Acetaldehyde,10.0,Acetaldehyde,1.6701355,8.329864501953125
10,Acetone,250.0,Acetone,217.54715,32.452850341796875
10,Acetaldehyde,150.0,Acetaldehyde,129.69527,20.304733276367188
10,Acetone,250.0,Acetone,215.03687,34.963134765625
10,Acetaldehyde,150.0,Acetaldehyde,134.52115,15.478851318359375
10,Acetone,150.0,Acetone,122.959076,27.040924072265625
10,Acetaldehyde,250.0,Acetaldehyde,208.87912,41.120880126953125
10,Acetone,2.5,Acetone,0.0,2.5
10,Acetaldehyde,10.0,Acetaldehyde,1.2763596,8.723640441894531
10,Acetone,50.0,Acetone,47.322212,2.6777877807617188
10,Acetaldehyde,50.0,Acetaldehyde,46.49848,3.5015182495117188
10,Acetone,100.0,Acetone,81.52774,18.472259521484375
10,Acetaldehyde,200.0,Acetaldehyde,178.75435,21.245651245117188
10,Acetone,200.0,Acetone,171.9191,28.080902099609375
10,Acetaldehyde,100.0,Acetaldehyde,109.72961,9.729606628417969
10,Acetone,2.5,Acetone,0.0,2.5
10,Acetaldehyde,10.0,Acetaldehyde,1.4006195,8.599380493164062
10,Acetone,250.0,Acetone,214.98685,35.013153076171875
10,Acetaldehyde,150.0,Acetaldehyde,132.6724,17.327606201171875
10,Acetone,150.0,Acetone,127.49944,22.50055694580078
10,Acetaldehyde,250.0,Acetaldehyde,204.09473,45.9052734375
10,Acetone,50.0,Acetone,48.181396,1.818603515625
10,Acetaldehyde,50.0,Acetaldehyde,40.521027,9.478973388671875
10,Acetone,100.0,Acetone,83.041504,16.95849609375
10,Acetaldehyde,200.0,Acetaldehyde,175.93845,24.061553955078125
10,Acetone,200.0,Acetone,164.41098,35.589019775390625
10,Acetaldehyde,100.0,Acetaldehyde,110.69688,10.696876525878906
10,Acetone,50.0,Acetone,47.35244,2.6475601196289062
10,Acetaldehyde,50.0,Acetaldehyde,39.01046,10.989540100097656
10,Acetone,100.0,Acetone,83.36332,16.636680603027344
10,Acetaldehyde,200.0,Acetaldehyde,174.70735,25.292648315429688
10,Acetone,200.0,Acetone,169.0131,30.986892700195312
10,Acetaldehyde,100.0,Acetaldehyde,103.406166,3.4061660766601562
10,Acetone,2.5,Acetone,0.67935944,1.8206405639648438
10,Acetaldehyde,10.0,Acetaldehyde,2.0544434,7.945556640625
10,Acetone,250.0,Acetone,222.88249,27.117507934570312
10,Acetaldehyde,150.0,Acetaldehyde,131.14319,18.8568115234375
10,Acetone,150.0,Acetone,125.68999,24.310012817382812
10,Acetaldehyde,250.0,Acetaldehyde,210.95288,39.047119140625
10,Acetone,2.5,Acetone,0.0,2.5
10,Acetaldehyde,10.0,Ammonia,32.523064,22.52306365966797
10,Acetone,250.0,Acetone,221.0119,28.98809814453125
10,Acetaldehyde,150.0,Ethylene,243.72633,93.72633361816406
10,Acetone,150.0,Acetone,135.69305,14.30694580078125
10,Acetaldehyde,250.0,Acetone,324.82977,74.82977294921875
10,Acetone,50.0,Acetone,46.148643,3.8513565063476562
10,Acetaldehyde,50.0,Ammonia,93.22488,43.224876403808594
10,Acetone,100.0,Acetone,82.15547,17.844528198242188
10,Acetaldehyde,200.0,Acetone,257.5605,57.56048583984375
10,Acetone,200.0,Acetone,188.89069,11.10931396484375
10,Acetaldehyde,100.0,Ethylene,183.48677,83.48677062988281
10,Acetone,150.0,Acetone,131.3083,18.691696166992188
10,Acetaldehyde,250.0,Acetone,341.30182,91.30181884765625
10,Acetone,50.0,Acetone,46.297768,3.7022323608398438
10,Acetaldehyde,50.0,Ammonia,103.08589,53.08589172363281
10,Acetone,100.0,Acetone,80.39386,19.60614013671875
10,Acetaldehyde,200.0,Acetone,294.93677,94.936767578125
10,Acetone,200.0,Acetone,182.43488,17.56512451171875
10,Acetaldehyde,100.0,Ethylene,216.09857,116.09857177734375
10,Acetone,2.5,Acetone,2.703682,0.20368194580078125
10,Acetaldehyde,10.0,Acetaldehyde,23.067673,13.067672729492188
10,Acetone,250.0,Acetone,219.70024,30.299758911132812
10,Acetaldehyde,150.0,Ethylene,284.06656,134.06655883789062
10,Acetone,50.0,Acetone,49.664368,0.33563232421875
10,Acetaldehyde,50.0,Ammonia,137.62749,87.62748718261719
10,Acetone,100.0,Acetone,77.63904,22.3609619140625
10,Acetaldehyde,200.0,Acetone,307.46603,107.46603393554688
10,Acetone,200.0,Acetone,180.03703,19.962966918945312
10,Acetaldehyde,100.0,Ethylene,187.80002,87.80001831054688
10,Acetone,2.5,Acetone,1.221489,1.2785110473632812
10,Acetaldehyde,10.0,Acetaldehyde,12.99379,2.9937896728515625
10,Acetone,250.0,Acetone,219.77835,30.221649169921875
10,Acetaldehyde,150.0,Acetone,231.66798,81.66798400878906
10,Acetone,150.0,Acetone,128.74753,21.252471923828125
10,Acetaldehyde,250.0,Acetone,317.1885,67.18850708007812
10,Acetone,2.5,Acetone,1.7243805,0.7756195068359375
10,Acetaldehyde,10.0,Acetaldehyde,6.2237473,3.7762527465820312
10,Acetone,50.0,Acetone,50.730995,0.7309951782226562
10,Acetaldehyde,50.0,Ammonia,73.30425,23.30425262451172
10,Acetone,100.0,Acetone,74.457535,25.542465209960938
10,Acetaldehyde,200.0,Acetone,257.29483,57.294830322265625
10,Acetone,200.0,Acetone,178.69041,21.309585571289062
10,Acetaldehyde,100.0,Ethylene,139.77673,39.7767333984375
10,Acetone,250.0,Acetone,223.82735,26.172653198242188
10,Acetaldehyde,150.0,Ethylene,199.62445,49.62445068359375
10,Acetone,150.0,Acetone,125.80774,24.1922607421875
10,Acetaldehyde,250.0,Acetone,296.6202,46.620208740234375
10,Acetone,200.0,Acetone,174.5827,25.41729736328125
10,Acetaldehyde,100.0,Ethylene,131.01825,31.01824951171875
10,Acetone,2.5,Acetone,0.73028564,1.76971435546875
10,Acetaldehyde,10.0,Acetaldehyde,6.0229645,3.9770355224609375
10,Acetone,250.0,Acetone,218.94409,31.055908203125
10,Acetaldehyde,150.0,Ethylene,185.48602,35.48602294921875
10,Acetone,150.0,Acetone,124.86151,25.13848876953125
10,Acetaldehyde,250.0,Acetone,261.1215,11.121490478515625
10,Acetone,50.0,Acetone,49.450226,0.549774169921875
10,Acetaldehyde,50.0,Acetaldehyde,58.179726,8.179725646972656
10,Acetone,100.0,Acetone,77.443115,22.556884765625
10,Acetaldehyde,200.0,Acetone,215.04285,15.0428466796875
10,Acetone,50.0,Acetone,49.45323,0.5467681884765625
10,Acetaldehyde,50.0,Acetaldehyde,57.923935,7.9239349365234375
10,Acetone,100.0,Acetone,76.85406,23.14594268798828
10,Acetaldehyde,200.0,Acetone,212.46605,12.466049194335938
10,Acetone,200.0,Acetone,179.38368,20.616317749023438
10,Acetaldehyde,100.0,Acetaldehyde,105.10838,5.1083831787109375
10,Acetone,2.5,Acetone,0.7493286,1.75067138671875
10,Acetaldehyde,10.0,Acetaldehyde,5.8049316,4.195068359375
10,Acetone,250.0,Acetone,222.35414,27.645858764648438
10,Acetaldehyde,150.0,Acetaldehyde,156.72635,6.726348876953125
10,Acetone,150.0,Acetone,122.353836,27.646163940429688
10,Acetaldehyde,250.0,Acetaldehyde,228.7834,21.216598510742188
10,Acetone,150.0,Acetone,125.83546,24.16454315185547
10,Acetaldehyde,250.0,Acetaldehyde,223.11716,26.882843017578125
10,Acetone,50.0,Acetone,49.780334,0.21966552734375
10,Acetaldehyde,50.0,Acetaldehyde,53.413124,3.4131240844726562
10,Acetone,100.0,Acetone,79.34825,20.651748657226562
10,Acetaldehyde,200.0,Acetaldehyde,177.5036,22.49639892578125
10,Acetone,200.0,Acetone,180.65706,19.342941284179688
10,Acetaldehyde,100.0,Acetaldehyde,100.21424,0.21424102783203125
10,Acetone,2.5,Acetone,0.0,2.5
10,Acetaldehyde,10.0,Acetaldehyde,6.668602,3.3313980102539062
10,Acetone,250.0,Acetone,222.4086,27.591400146484375
10,Acetaldehyde,150.0,Acetaldehyde,156.9225,6.9225006103515625
10,Acetone,250.0,Acetone,223.72208,26.277923583984375
10,Acetaldehyde,150.0,Acetaldehyde,146.12628,3.87371826171875
10,Acetone,150.0,Acetone,123.506325,26.493675231933594
10,Acetaldehyde,250.0,Acetaldehyde,225.56131,24.438690185546875
10,Acetone,2.5,Acetone,0.0,2.5
10,Acetaldehyde,10.0,Acetaldehyde,3.953949,6.046051025390625
10,Acetone,50.0,Acetone,47.64862,2.35137939453125
10,Acetaldehyde,50.0,Acetaldehyde,56.72785,6.727851867675781
10,Acetone,100.0,Acetone,79.42517,20.5748291015625
10,Acetaldehyde,200.0,Acetaldehyde,181.54633,18.45367431640625
10,Acetone,200.0,Acetone,178.66129,21.338714599609375
10,Acetaldehyde,100.0,Acetaldehyde,105.53667,5.5366668701171875
10,Acetone,2.5,Acetone,0.19776917,2.3022308349609375
10,Acetaldehyde,10.0,Acetaldehyde,4.887619,5.1123809814453125
10,Acetone,250.0,Acetone,225.7099,24.29010009765625
10,Acetaldehyde,150.0,Acetaldehyde,145.88611,4.1138916015625
10,Acetone,150.0,Acetone,128.03026,21.969741821289062
10,Acetaldehyde,250.0,Acetaldehyde,211.14584,38.854156494140625
10,Acetone,50.0,Acetone,47.72666,2.2733383178710938
10,Acetaldehyde,50.0,Acetaldehyde,51.726738,1.7267379760742188
10,Acetone,100.0,Acetone,82.29689,17.703109741210938
10,Acetaldehyde,200.0,Acetaldehyde,187.41971,12.580291748046875
10,Acetone,200.0,Acetone,178.7972,21.202804565429688
10,Acetaldehyde,100.0,Acetaldehyde,109.22745,9.227447509765625
10,Acetone,50.0,Acetone,47.504585,2.4954147338867188
10,Acetaldehyde,50.0,Acetaldehyde,53.847137,3.847137451171875
10,Acetone,100.0,Acetone,79.56414,20.43585968017578
10,Acetaldehyde,200.0,Acetaldehyde,183.99828,16.001724243164062
10,Acetone,200.0,Acetone,182.01167,17.988327026367188
10,Acetaldehyde,100.0,Acetaldehyde,100.71604,0.7160415649414062
10,Acetone,2.5,Acetone,0.0,2.5
10,Acetaldehyde,10.0,Acetaldehyde,6.870392,3.129608154296875
10,Acetone,250.0,Acetone,225.83072,24.169281005859375
10,Acetaldehyde,150.0,Acetaldehyde,152.85657,2.8565673828125
10,Acetone,150.0,Acetone,126.07138,23.928619384765625
10,Acetaldehyde,250.0,Acetaldehyde,224.12712,25.872879028320312
10,Acetone,2.5,Acetone,0.26631165,2.2336883544921875
10,Acetaldehyde,10.0,Acetaldehyde,7.628998,2.371002197265625
10,Acetone,250.0,Acetone,223.35101,26.64898681640625
10,Acetaldehyde,150.0,Acetaldehyde,149.7567,0.2433013916015625
10,Acetone,150.0,Acetone,128.08357,21.916427612304688
10,Acetaldehyde,250.0,Acetaldehyde,211.34296,38.65704345703125
10,Acetone,50.0,Acetone,46.852226,3.1477737426757812
10,Acetaldehyde,50.0,Acetaldehyde,52.489647,2.4896469116210938
10,Acetone,100.0,Acetone,81.685715,18.314285278320312
10,Acetaldehyde,200.0,Acetaldehyde,181.28354,18.716461181640625
10,Acetone,200.0,Acetone,181.02647,18.973526000976562
10,Acetaldehyde,100.0,Acetaldehyde,102.7525,2.75250244140625
10,Acetone,150.0,Acetone,128.36264,21.637359619140625
10,Acetaldehyde,250.0,Acetaldehyde,219.16722,30.832778930664062
10,Acetone,50.0,Acetone,47.16456,2.8354415893554688
10,Acetaldehyde,50.0,Acetaldehyde,51.796318,1.7963180541992188
10,Acetone,100.0,Acetone,81.022026,18.97797393798828
10,Acetaldehyde,200.0,Acetaldehyde,187.84547,12.154525756835938
10,Acetone,200.0,Acetone,182.61334,17.38665771484375
10,Acetaldehyde,100.0,Acetaldehyde,100.72577,0.72576904296875
10,Acetone,2.5,Acetone,0.4502411,2.0497589111328125
10,Acetaldehyde,10.0,Acetaldehyde,5.571266,4.428733825683594
10,Acetone,250.0,Acetone,227.66257,22.337432861328125
10,Acetaldehyde,150.0,Acetaldehyde,146.9674,3.0325927734375
10,Acetone,50.0,Acetone,45.526024,4.473976135253906
10,Acetaldehyde,50.0,Acetaldehyde,51.818047,1.8180465698242188
10,Acetone,100.0,Acetone,83.55903,16.44097137451172
10,Acetaldehyde,200.0,Acetaldehyde,171.67097,28.329025268554688
10,Acetone,200.0,Acetone,181.78476,18.215240478515625
10,Acetaldehyde,100.0,Acetaldehyde,102.49882,2.4988174438476562
10,Acetone,2.5,Acetone,0.30589294,2.1941070556640625
10,Acetaldehyde,10.0,Acetaldehyde,6.287834,3.7121658325195312
10,Acetone,250.0,Acetone,232.14949,17.850509643554688
10,Acetaldehyde,150.0,Acetaldehyde,141.71935,8.280654907226562
10,Acetone,150.0,Acetone,129.29915,20.700851440429688
10,Acetaldehyde,250.0,Acetaldehyde,205.49841,44.5015869140625
10,Acetone,2.5,Acetone,0.64056396,1.85943603515625
10,Acetaldehyde,10.0,Acetaldehyde,7.857498,2.1425018310546875
10,Acetone,50.0,Acetone,48.4345,1.5654983520507812
10,Acetaldehyde,50.0,Acetaldehyde,55.56771,5.567710876464844
10,Acetone,100.0,Acetone,81.882675,18.117324829101562
10,Acetaldehyde,200.0,Acetaldehyde,174.66443,25.3355712890625
10,Acetone,200.0,Acetone,183.41264,16.587356567382812
10,Acetaldehyde,100.0,Acetaldehyde,99.10348,0.8965225219726562
10,Acetone,250.0,Acetone,226.95427,23.045730590820312
10,Acetaldehyde,150.0,Acetaldehyde,135.15225,14.847747802734375
10,Acetone,150.0,Acetone,128.1776,21.822402954101562
10,Acetaldehyde,250.0,Acetaldehyde,212.25455,37.745452880859375
10,Acetone,200.0,Acetone,184.62225,15.37774658203125
10,Acetaldehyde,100.0,Acetaldehyde,96.37603,3.6239700317382812
10,Acetone,2.5,Acetone,2.0608597,0.43914031982421875
10,Acetaldehyde,10.0,Acetaldehyde,6.247322,3.7526779174804688
10,Acetone,250.0,Acetone,231.54219,18.457809448242188
10,Acetaldehyde,150.0,Acetaldehyde,148.65135,1.3486480712890625
10,Acetone,150.0,Acetone,130.23544,19.764556884765625
10,Acetaldehyde,250.0,Acetaldehyde,211.23312,38.766876220703125
10,Acetone,50.0,Acetone,45.66932,4.330680847167969
10,Acetaldehyde,50.0,Acetaldehyde,51.332,1.332000732421875
10,Acetone,100.0,Acetone,82.4594,17.540603637695312
10,Acetaldehyde,200.0,Acetaldehyde,177.4352,22.564804077148438
10,Acetone,50.0,Acetone,48.79355,1.206451416015625
10,Acetaldehyde,50.0,Acetaldehyde,51.657913,1.6579132080078125
10,Acetone,100.0,Acetone,83.94754,16.052459716796875
10,Acetaldehyde,200.0,Acetaldehyde,181.86041,18.13958740234375
10,Acetone,200.0,Acetone,188.18709,11.812911987304688
10,Acetaldehyde,100.0,Acetaldehyde,97.47489,2.5251083374023438
10,Acetone,2.5,Acetone,2.0211258,0.47887420654296875
10,Acetaldehyde,10.0,Acetaldehyde,7.545349,2.45465087890625
10,Acetone,250.0,Acetone,239.5719,10.4281005859375
10,Acetaldehyde,150.0,Acetaldehyde,139.00694,10.993057250976562
10,Acetone,150.0,Acetone,134.38066,15.619338989257812
10,Acetaldehyde,250.0,Acetaldehyde,208.16272,41.8372802734375
10,Acetone,150.0,Acetone,131.57283,18.427169799804688
10,Acetaldehyde,250.0,Acetaldehyde,211.5462,38.45379638671875
10,Acetone,50.0,Acetone,47.08924,2.9107589721679688
10,Acetaldehyde,50.0,Acetaldehyde,49.4879,0.5121002197265625
10,Acetone,100.0,Acetone,83.207634,16.79236602783203
10,Acetaldehyde,200.0,Acetaldehyde,169.04865,30.95135498046875
10,Acetone,200.0,Acetone,184.8302,15.1697998046875
10,Acetaldehyde,100.0,Acetaldehyde,96.497894,3.502105712890625
10,Acetone,2.5,Acetone,1.1151581,1.3848419189453125
10,Acetaldehyde,10.0,Acetaldehyde,6.911377,3.088623046875
10,Acetone,250.0,Acetone,233.8454,16.15460205078125
10,Acetaldehyde,150.0,Acetaldehyde,136.30008,13.699920654296875
10,Acetone,250.0,Acetone,230.53403,19.465972900390625
10,Acetaldehyde,150.0,Acetaldehyde,129.52405,20.4759521484375
10,Acetone,150.0,Acetone,129.94327,20.056732177734375
10,Acetaldehyde,250.0,Acetaldehyde,201.45781,48.54219055175781
10,Acetone,2.5,Acetone,1.6246948,0.87530517578125
10,Acetaldehyde,10.0,Acetaldehyde,5.450943,4.5490570068359375
10,Acetone,50.0,Acetone,47.95623,2.0437698364257812
10,Acetaldehyde,50.0,Acetaldehyde,54.68637,4.686370849609375
10,Acetone,100.0,Acetone,83.77414,16.225860595703125
10,Acetaldehyde,200.0,Acetaldehyde,167.22693,32.7730712890625
10,Acetone,200.0,Acetone,187.7798,12.220199584960938
10,Acetaldehyde,100.0,Acetaldehyde,97.46381,2.5361862182617188
10,Acetone,2.5,Acetone,0.75904083,1.7409591674804688
10,Acetaldehyde,10.0,Acetaldehyde,6.826683,3.1733169555664062
10,Acetone,250.0,Acetone,232.44388,17.556121826171875
10,Acetaldehyde,150.0,Acetaldehyde,133.06874,16.931259155273438
10,Acetone,150.0,Acetone,127.65196,22.348037719726562
10,Acetaldehyde,250.0,Acetaldehyde,199.8707,50.129302978515625
10,Acetone,50.0,Acetone,46.341415,3.6585845947265625
10,Acetaldehyde,50.0,Acetaldehyde,48.982895,1.0171051025390625
10,Acetone,100.0,Acetone,84.97111,15.028892517089844
10,Acetaldehyde,200.0,Acetaldehyde,166.82808,33.17192077636719
10,Acetone,200.0,Acetone,187.79614,12.203857421875
10,Acetaldehyde,100.0,Acetaldehyde,97.06513,2.9348678588867188
10,Acetone,50.0,Acetone,46.277863,3.722137451171875
10,Acetaldehyde,50.0,Acetaldehyde,48.525124,1.4748764038085938
10,Acetone,100.0,Acetone,84.454956,15.5450439453125
10,Acetaldehyde,200.0,Acetaldehyde,165.5007,34.499298095703125
10,Acetone,200.0,Acetone,182.8216,17.17840576171875
10,Acetaldehyde,100.0,Acetaldehyde,95.959656,4.04034423828125
10,Acetone,2.5,Acetone,0.09261322,2.4073867797851562
10,Acetaldehyde,10.0,Acetaldehyde,5.3380966,4.661903381347656
10,Acetone,250.0,Acetone,233.17616,16.823837280273438
10,Acetaldehyde,150.0,Acetaldehyde,142.11385,7.8861541748046875
10,Acetone,150.0,Acetone,128.04004,21.9599609375
10,Acetaldehyde,250.0,Acetaldehyde,207.33484,42.6651611328125
10,Acetone,10.0,Toluene,10.817833,0.8178329467773438
10,Ammonia,50.0,Toluene,31.48436,18.515640258789062
10,Acetone,250.0,Ethylene,205.30856,44.691436767578125
10,Ammonia,600.0,Ammonia,495.71848,104.28152465820312
10,Acetone,150.0,Ethylene,120.35595,29.64405059814453
10,Ammonia,1000.0,Ammonia,856.2652,143.73480224609375
10,Acetone,50.0,Ethylene,58.64897,8.648971557617188
10,Ammonia,200.0,Toluene,145.81659,54.18341064453125
10,Acetone,100.0,Ethylene,87.79894,12.201057434082031
10,Ammonia,800.0,Ammonia,678.6156,121.3843994140625
10,Acetone,200.0,Ethylene,163.88501,36.114990234375
10,Ammonia,400.0,Ammonia,356.94846,43.051544189453125
10,Acetone,150.0,Ethylene,114.12522,35.874778747558594
10,Ammonia,1000.0,Ammonia,754.40845,245.591552734375
10,Acetone,50.0,Ethylene,55.17759,5.177589416503906
10,Ammonia,200.0,Toluene,124.400696,75.59930419921875
10,Acetone,100.0,Ethylene,81.43281,18.56719207763672
10,Ammonia,800.0,Ammonia,613.40265,186.59735107421875
10,Acetone,200.0,Ethylene,153.9303,46.0697021484375
10,Ammonia,400.0,Ammonia,310.2438,89.75619506835938
10,Acetone,10.0,Toluene,7.2086716,2.7913284301757812
10,Ammonia,50.0,Toluene,35.23111,14.768890380859375
10,Acetone,250.0,Ethylene,220.85309,29.14691162109375
10,Ammonia,600.0,Ammonia,499.11945,100.88055419921875
10,Acetone,50.0,Toluene,75.930176,25.93017578125
10,Ammonia,200.0,Ammonia,176.16757,23.832427978515625
10,Acetone,100.0,Ethylene,105.80446,5.8044586181640625
10,Ammonia,800.0,Ammonia,674.92834,125.0716552734375
10,Acetone,200.0,Ammonia,180.41885,19.581146240234375
10,Ammonia,400.0,Ammonia,386.46167,13.538330078125
10,Acetone,10.0,Toluene,17.76725,7.767250061035156
10,Ammonia,50.0,Toluene,48.411324,1.5886764526367188
10,Acetone,250.0,Ammonia,238.83807,11.16192626953125
10,Ammonia,600.0,Ammonia,568.1577,31.84228515625
10,Acetone,150.0,Ethylene,138.95894,11.041061401367188
10,Ammonia,1000.0,Ammonia,867.38477,132.615234375
10,Acetone,10.0,Toluene,19.163055,9.163055419921875
10,Ammonia,50.0,Toluene,48.35215,1.6478500366210938
10,Acetone,50.0,Ethylene,75.52437,25.524368286132812
10,Ammonia,200.0,Ammonia,187.98647,12.013534545898438
10,Acetone,100.0,Ethylene,107.84128,7.841278076171875
10,Ammonia,800.0,Ammonia,678.10876,121.8912353515625
10,Acetone,200.0,Ammonia,179.12842,20.87158203125
10,Ammonia,400.0,Ammonia,379.07822,20.921783447265625
10,Acetone,250.0,Ammonia,230.07507,19.9249267578125
10,Ammonia,600.0,Ammonia,540.29114,59.7088623046875
10,Acetone,150.0,Ethylene,140.78079,9.219207763671875
10,Ammonia,1000.0,Ammonia,810.67926,189.32073974609375
10,Acetone,200.0,Ethylene,174.8316,25.16839599609375
10,Ammonia,400.0,Ammonia,384.1436,15.856414794921875
10,Acetone,10.0,Toluene,15.755768,5.755767822265625
10,Ammonia,50.0,Toluene,53.011124,3.0111236572265625
10,Acetone,250.0,Ammonia,233.09155,16.908447265625
10,Ammonia,600.0,Ammonia,563.6478,36.3521728515625
10,Acetone,150.0,Ethylene,140.96538,9.034622192382812
10,Ammonia,1000.0,Ammonia,901.77795,98.2220458984375
10,Acetone,50.0,Ethylene,72.63721,22.63720703125
10,Ammonia,200.0,Ammonia,187.66948,12.330520629882812
10,Acetone,100.0,Ethylene,91.91198,8.088020324707031
10,Ammonia,800.0,Ammonia,675.92896,124.071044921875
10,Acetone,50.0,Ethylene,66.852554,16.852554321289062
10,Ammonia,200.0,Ammonia,187.41898,12.581024169921875
10,Acetone,100.0,Ethylene,98.78386,1.2161407470703125
10,Ammonia,800.0,Ammonia,706.7407,93.25927734375
10,Acetone,200.0,Ethylene,166.31273,33.68727111816406
10,Ammonia,400.0,Ammonia,383.46292,16.537078857421875
10,Acetone,10.0,Toluene,14.186798,4.186798095703125
10,Ammonia,50.0,Toluene,56.81127,6.811271667480469
10,Acetone,250.0,Ammonia,230.32094,19.679061889648438
10,Ammonia,600.0,Ammonia,565.8428,34.1572265625
10,Acetone,150.0,Ethylene,132.32826,17.671737670898438
10,Ammonia,1000.0,Ammonia,892.5344,107.465576171875
10,Acetone,150.0,Ethylene,129.6377,20.3623046875
10,Ammonia,1000.0,Ammonia,885.4742,114.52581787109375
10,Acetone,50.0,Ethylene,69.538826,19.53882598876953
10,Ammonia,200.0,Ammonia,176.9517,23.048294067382812
10,Acetone,100.0,Ethylene,80.31242,19.687576293945312
10,Ammonia,800.0,Ammonia,704.8472,95.15277099609375
10,Acetone,200.0,Ethylene,152.21706,47.78294372558594
10,Ammonia,400.0,Ammonia,383.6494,16.3505859375
10,Acetone,10.0,Toluene,10.809586,0.8095855712890625
10,Ammonia,50.0,Toluene,55.704796,5.704795837402344
10,Acetone,250.0,Ethylene,229.64503,20.354965209960938
10,Ammonia,600.0,Ammonia,536.38806,63.6119384765625
10,Acetone,250.0,Ethylene,204.46988,45.530120849609375
10,Ammonia,600.0,Ammonia,541.76373,58.23626708984375
10,Acetone,150.0,Ethylene,108.130844,41.86915588378906
10,Ammonia,1000.0,Ammonia,845.2483,154.751708984375
10,Acetone,10.0,Toluene,6.8410263,3.1589736938476562
10,Ammonia,50.0,Toluene,49.343315,0.6566848754882812
10,Acetone,50.0,Ethylene,58.594788,8.59478759765625
10,Ammonia,200.0,Ammonia,164.85622,35.14378356933594
10,Acetone,100.0,Ethylene,83.08997,16.91002655029297
10,Ammonia,800.0,Ammonia,695.0579,104.94207763671875
10,Acetone,200.0,Ethylene,150.45004,49.549957275390625
10,Ammonia,400.0,Ammonia,396.42184,3.578155517578125
10,Acetone,10.0,Toluene,5.9967575,4.003242492675781
10,Ammonia,50.0,Toluene,49.19098,0.80902099609375
10,Acetone,250.0,Ethylene,211.96405,38.03594970703125
10,Ammonia,600.0,Ammonia,543.14496,56.85504150390625
10,Acetone,150.0,Ethylene,109.74465,40.255348205566406
10,Ammonia,1000.0,Ammonia,823.0898,176.91021728515625
10,Acetone,50.0,Ethylene,58.76657,8.766571044921875
10,Ammonia,200.0,Ammonia,177.1774,22.822601318359375
10,Acetone,100.0,Ethylene,82.831726,17.16827392578125
10,Ammonia,800.0,Ammonia,712.19464,87.80535888671875
10,Acetone,200.0,Ethylene,157.17863,42.82136535644531
10,Ammonia,400.0,Ammonia,408.83307,8.83306884765625
10,Acetone,50.0,Ethylene,61.93666,11.936660766601562
10,Ammonia,200.0,Ammonia,180.64287,19.357131958007812
10,Acetone,100.0,Ethylene,83.18367,16.816329956054688
10,Ammonia,800.0,Ammonia,687.1093,112.89068603515625
10,Acetone,200.0,Ethylene,152.01294,47.987060546875
10,Ammonia,400.0,Ammonia,400.43265,0.432647705078125
10,Acetone,10.0,Toluene,7.74115,2.25885009765625
10,Ammonia,50.0,Toluene,47.9703,2.0297012329101562
10,Acetone,250.0,Ethylene,216.88785,33.112152099609375
10,Ammonia,600.0,Ammonia,555.2638,44.7362060546875
10,Acetone,150.0,Ethylene,112.707214,37.29278564453125
10,Ammonia,1000.0,Ammonia,847.00055,152.99945068359375
10,Toluene,1.0,Toluene,7.3395386,6.33953857421875
10,Acetaldehyde,10.0,Acetaldehyde,18.653442,8.6534423828125
10,Toluene,100.0,Toluene,60.587822,39.41217803955078
10,Acetaldehyde,150.0,Ethylene,189.0299,39.0299072265625
10,Toluene,60.0,Toluene,52.403458,7.5965423583984375
10,Acetaldehyde,250.0,Acetone,251.47455,1.47454833984375
10,Toluene,20.0,Toluene,34.90555,14.905548095703125
10,Acetaldehyde,50.0,Acetaldehyde,51.351715,1.351715087890625
10,Toluene,40.0,Toluene,49.14302,9.143020629882812
10,Acetaldehyde,200.0,Acetone,213.00201,13.00201416015625
10,Toluene,80.0,Toluene,55.847595,24.15240478515625
10,Acetaldehyde,100.0,Acetaldehyde,115.99643,15.996429443359375
10,Toluene,60.0,Toluene,51.444168,8.555831909179688
10,Acetaldehyde,250.0,Acetaldehyde,240.6358,9.36419677734375
10,Toluene,20.0,Toluene,34.407288,14.40728759765625
10,Acetaldehyde,50.0,Acetaldehyde,46.895203,3.10479736328125
10,Toluene,40.0,Toluene,48.569824,8.56982421875
10,Acetaldehyde,200.0,Acetaldehyde,204.108,4.108001708984375
10,Toluene,80.0,Toluene,56.302147,23.697853088378906
10,Acetaldehyde,100.0,Ethylene,131.6229,31.622894287109375
10,Toluene,1.0,Toluene,7.8829956,6.88299560546875
10,Acetaldehyde,10.0,Acetaldehyde,12.429131,2.4291305541992188
10,Toluene,100.0,Toluene,58.091736,41.90826416015625
10,Acetaldehyde,150.0,Ethylene,187.83961,37.83961486816406
10,Toluene,20.0,Toluene,35.51098,15.510978698730469
10,Acetaldehyde,50.0,Acetaldehyde,48.14776,1.8522415161132812
10,Toluene,40.0,Toluene,51.83126,11.831260681152344
10,Acetaldehyde,200.0,Acetaldehyde,203.41905,3.4190521240234375
10,Toluene,80.0,Toluene,54.018272,25.981727600097656
10,Acetaldehyde,100.0,Acetaldehyde,117.27198,17.27198028564453
10,Toluene,1.0,Toluene,7.7952194,6.795219421386719
10,Acetaldehyde,10.0,Acetaldehyde,7.2863464,2.713653564453125
10,Toluene,100.0,Toluene,59.107513,40.892486572265625
10,Acetaldehyde,150.0,Acetaldehyde,166.0968,16.0968017578125
10,Toluene,60.0,Toluene,51.35473,8.645271301269531
10,Acetaldehyde,250.0,Acetaldehyde,241.36295,8.637054443359375
10,Toluene,1.0,Toluene,9.004898,8.004898071289062
10,Acetaldehyde,10.0,Acetaldehyde,7.457222,2.5427780151367188
10,Toluene,20.0,Toluene,33.663742,13.663742065429688
10,Acetaldehyde,50.0,Acetaldehyde,44.33435,5.6656494140625
10,Toluene,40.0,Toluene,47.7604,7.760398864746094
10,Acetaldehyde,200.0,Acetone,207.83853,7.838531494140625
10,Toluene,80.0,Toluene,54.941795,25.058204650878906
10,Acetaldehyde,100.0,Acetaldehyde,124.67812,24.678123474121094
10,Toluene,100.0,Toluene,59.437813,40.56218719482422
10,Acetaldehyde,150.0,Acetone,170.34315,20.343154907226562
10,Toluene,60.0,Toluene,52.01747,7.9825286865234375
10,Acetaldehyde,250.0,Acetone,251.00378,1.0037841796875
10,Toluene,80.0,Toluene,53.71589,26.28411102294922
10,Acetaldehyde,100.0,Acetaldehyde,119.6906,19.690597534179688
10,Toluene,1.0,Toluene,7.174309,6.174308776855469
10,Acetaldehyde,10.0,Acetaldehyde,15.623978,5.6239776611328125
10,Toluene,100.0,Toluene,61.39582,38.60417938232422
10,Acetaldehyde,150.0,Acetone,193.91647,43.916473388671875
10,Toluene,60.0,Toluene,51.076668,8.923332214355469
10,Acetaldehyde,250.0,Acetone,270.03952,20.039520263671875
10,Toluene,20.0,Toluene,33.473,13.472999572753906
10,Acetaldehyde,50.0,Acetaldehyde,52.03852,2.0385208129882812
10,Toluene,40.0,Toluene,48.0783,8.078300476074219
10,Acetaldehyde,200.0,Acetone,227.18799,27.18798828125
10,Toluene,20.0,Toluene,34.321884,14.321884155273438
10,Acetaldehyde,50.0,Acetaldehyde,51.82528,1.8252792358398438
10,Toluene,40.0,Toluene,48.60826,8.608261108398438
10,Acetaldehyde,200.0,Acetone,236.40027,36.4002685546875
10,Toluene,80.0,Toluene,55.501495,24.498504638671875
10,Acetaldehyde,100.0,Acetaldehyde,121.8415,21.84149932861328
10,Toluene,1.0,Toluene,8.125847,7.125846862792969
10,Acetaldehyde,10.0,Acetaldehyde,13.9585495,3.9585494995117188
10,Toluene,100.0,Toluene,66.94651,33.053489685058594
10,Acetaldehyde,150.0,Acetone,178.7353,28.735305786132812
10,Toluene,60.0,Toluene,51.27382,8.726181030273438
10,Acetaldehyde,250.0,Acetone,274.476,24.47601318359375
10,Toluene,60.0,Toluene,51.303757,8.696243286132812
10,Acetaldehyde,250.0,Acetone,277.38242,27.382415771484375
10,Toluene,20.0,Toluene,36.808502,16.808502197265625
10,Acetaldehyde,50.0,Acetaldehyde,48.54708,1.4529190063476562
10,Toluene,40.0,Toluene,50.29593,10.295928955078125
10,Acetaldehyde,200.0,Acetone,220.23242,20.232421875
10,Toluene,80.0,Toluene,59.07074,20.92926025390625
10,Acetaldehyde,100.0,Acetaldehyde,126.4087,26.40869903564453
10,Toluene,1.0,Toluene,7.0083237,6.008323669433594
10,Acetaldehyde,10.0,Acetaldehyde,3.7241516,6.275848388671875
10,Toluene,100.0,Toluene,64.79054,35.20945739746094
10,Acetaldehyde,150.0,Acetone,181.62265,31.622650146484375
10,Toluene,100.0,Toluene,66.07396,33.92604064941406
10,Acetaldehyde,150.0,Acetone,183.13687,33.136871337890625
10,Toluene,60.0,Toluene,53.71473,6.285270690917969
10,Acetaldehyde,250.0,Acetone,273.25668,23.256683349609375
10,Toluene,1.0,Toluene,9.53537,8.535369873046875
10,Acetaldehyde,10.0,Acetaldehyde,4.6191635,5.380836486816406
10,Toluene,20.0,Toluene,34.76294,14.762939453125
10,Acetaldehyde,50.0,Acetaldehyde,57.06526,7.0652618408203125
10,Toluene,40.0,Toluene,47.881737,7.881736755371094
10,Acetaldehyde,200.0,Acetone,226.1918,26.191802978515625
10,Toluene,80.0,Toluene,58.422348,21.577651977539062
10,Acetaldehyde,100.0,Acetaldehyde,126.68204,26.682037353515625
10,Toluene,1.0,Toluene,7.2704086,6.270408630371094
10,Acetaldehyde,10.0,Acetaldehyde,6.9213333,3.0786666870117188
10,Toluene,100.0,Toluene,63.215187,36.784812927246094
10,Acetaldehyde,150.0,Acetone,186.07373,36.07373046875
10,Toluene,60.0,Toluene,52.28707,7.712928771972656
10,Acetaldehyde,250.0,Acetone,279.24628,29.24627685546875
10,Toluene,20.0,Toluene,35.47608,15.476081848144531
10,Acetaldehyde,50.0,Acetaldehyde,56.402946,6.402946472167969
10,Toluene,40.0,Toluene,47.83831,7.838310241699219
10,Acetaldehyde,200.0,Acetone,232.13785,32.137847900390625
10,Toluene,80.0,Toluene,58.29145,21.70854949951172
10,Acetaldehyde,100.0,Acetaldehyde,125.49223,25.492233276367188
10,Toluene,20.0,Toluene,37.512863,17.512863159179688
10,Acetaldehyde,50.0,Acetaldehyde,54.583527,4.583526611328125
10,Toluene,40.0,Toluene,47.35997,7.3599700927734375
10,Acetaldehyde,200.0,Acetone,241.39362,41.39361572265625
10,Toluene,80.0,Toluene,56.751305,23.248695373535156
10,Acetaldehyde,100.0,Acetone,132.49524,32.4952392578125
10,Toluene,1.0,Toluene,6.956154,5.956153869628906
10,Acetaldehyde,10.0,Acetaldehyde,14.926697,4.92669677734375
10,Toluene,100.0,Toluene,62.29306,37.706939697265625
10,Acetaldehyde,150.0,Acetone,200.07724,50.077239990234375
10,Toluene,60.0,Toluene,50.5942,9.405799865722656
10,Acetaldehyde,250.0,Acetone,289.98743,39.9874267578125
10,Acetone,10.0,Acetone,7.3155975,2.6844024658203125
10,Ammonia,50.0,Ethylene,11.075134,38.92486572265625
10,Acetone,250.0,Ethylene,211.85248,38.14752197265625
10,Ammonia,600.0,Ammonia,397.61237,202.38763427734375
10,Acetone,150.0,Ethylene,108.20675,41.793251037597656
10,Ammonia,1000.0,Ammonia,785.27344,214.7265625
10,Acetone,50.0,Ethylene,63.738297,13.738296508789062
10,Ammonia,200.0,Ammonia,160.54778,39.45222473144531
10,Acetone,100.0,Ethylene,82.52269,17.477310180664062
10,Ammonia,800.0,Ammonia,671.85535,128.1446533203125
10,Acetone,200.0,Ethylene,141.7168,58.283203125
10,Ammonia,400.0,Ammonia,390.45752,9.54248046875
10,Acetone,150.0,Ethylene,108.41165,41.588348388671875
10,Ammonia,1000.0,Ammonia,879.147,120.85302734375
10,Acetone,50.0,Ethylene,60.462914,10.462913513183594
10,Ammonia,200.0,Ammonia,175.95625,24.043746948242188
10,Acetone,100.0,Ethylene,81.90564,18.0943603515625
10,Ammonia,800.0,Ammonia,664.56415,135.43585205078125
10,Acetone,200.0,Ethylene,160.00128,39.99871826171875
10,Ammonia,400.0,Ammonia,338.445,61.55499267578125
10,Acetone,10.0,Toluene,6.1481934,3.851806640625
10,Ammonia,50.0,Toluene,48.038063,1.9619369506835938
10,Acetone,250.0,Ethylene,215.67703,34.322967529296875
10,Ammonia,600.0,Ammonia,517.8774,82.12261962890625
10,Acetone,50.0,Ethylene,58.19776,8.197761535644531
10,Ammonia,200.0,Ammonia,140.65233,59.34767150878906
10,Acetone,100.0,Ethylene,85.02527,14.9747314453125
10,Ammonia,800.0,Ammonia,646.8101,153.18988037109375
10,Acetone,200.0,Ethylene,159.68184,40.31816101074219
10,Ammonia,400.0,Ammonia,374.2121,25.78790283203125
10,Acetone,10.0,Toluene,10.153183,0.1531829833984375
10,Ammonia,50.0,Toluene,54.069702,4.0697021484375
10,Acetone,250.0,Ethylene,225.3804,24.619598388671875
10,Ammonia,600.0,Ammonia,548.2607,51.73931884765625
10,Acetone,150.0,Ethylene,110.1857,39.814300537109375
10,Ammonia,1000.0,Ammonia,875.37213,124.62786865234375
10,Acetone,10.0,Toluene,7.7866364,2.2133636474609375
10,Ammonia,50.0,Toluene,52.323265,2.3232650756835938
10,Acetone,50.0,Ethylene,62.84453,12.844528198242188
10,Ammonia,200.0,Ammonia,188.33032,11.669677734375
10,Acetone,100.0,Ethylene,89.92233,10.077667236328125
10,Ammonia,800.0,Ammonia,750.71985,49.2801513671875
10,Acetone,200.0,Ethylene,167.38283,32.61717224121094
10,Ammonia,400.0,Ammonia,409.5518,9.551788330078125
10,Acetone,250.0,Ethylene,230.6389,19.361099243164062
10,Ammonia,600.0,Ammonia,546.39264,53.60736083984375
10,Acetone,150.0,Ethylene,117.03319,32.96681213378906
10,Ammonia,1000.0,Ammonia,881.23047,118.76953125
10,Acetone,200.0,Ethylene,175.46541,24.534591674804688
10,Ammonia,400.0,Ammonia,424.49353,24.4935302734375
10,Acetone,10.0,Toluene,8.569588,1.4304122924804688
10,Ammonia,50.0,Toluene,62.361496,12.361495971679688
10,Acetone,250.0,Ethylene,221.44386,28.556137084960938
10,Ammonia,600.0,Ammonia,566.0429,33.95709228515625
10,Acetone,150.0,Ethylene,116.96444,33.035560607910156
10,Ammonia,1000.0,Ammonia,871.7868,128.21319580078125
10,Acetone,50.0,Ethylene,66.44321,16.443206787109375
10,Ammonia,200.0,Ammonia,214.3865,14.386505126953125
10,Acetone,100.0,Ethylene,89.824936,10.175064086914062
10,Ammonia,800.0,Ammonia,732.05585,67.94415283203125
10,Acetone,50.0,Ethylene,63.539032,13.539031982421875
10,Ammonia,200.0,Ammonia,216.95706,16.957061767578125
10,Acetone,100.0,Ethylene,91.8784,8.121597290039062
10,Ammonia,800.0,Ammonia,740.41437,59.58563232421875
10,Acetone,200.0,Ethylene,165.12411,34.875885009765625
10,Ammonia,400.0,Ammonia,421.84808,21.84808349609375
10,Acetone,10.0,Toluene,7.521614,2.4783859252929688
10,Ammonia,50.0,Toluene,65.68765,15.687652587890625
10,Acetone,250.0,Ethylene,226.72723,23.27276611328125
10,Ammonia,600.0,Ammonia,560.2492,39.75079345703125
10,Acetone,150.0,Ethylene,108.45927,41.540733337402344
10,Ammonia,1000.0,Ammonia,877.1195,122.8804931640625
10,Acetone,150.0,Ethylene,108.45783,41.54216766357422
10,Ammonia,1000.0,Ammonia,931.312,68.68798828125
10,Acetone,50.0,Ethylene,57.833244,7.833244323730469
10,Ammonia,200.0,Ammonia,195.19006,4.8099365234375
10,Acetone,100.0,Ethylene,83.49507,16.504928588867188
10,Ammonia,800.0,Ammonia,762.5355,37.4644775390625
10,Acetone,200.0,Ethylene,158.42867,41.57133483886719
10,Ammonia,400.0,Ammonia,430.79898,30.798980712890625
10,Acetone,10.0,Toluene,8.3917465,1.6082534790039062
10,Ammonia,50.0,Ammonia,69.94197,19.941970825195312
10,Acetone,250.0,Ethylene,226.73413,23.265869140625
10,Ammonia,600.0,Ammonia,567.46387,32.5361328125
10,Acetone,250.0,Ethylene,217.47076,32.52923583984375
10,Ammonia,600.0,Ammonia,626.62286,26.62286376953125
10,Acetone,150.0,Ethylene,119.13646,30.863540649414062
10,Ammonia,1000.0,Ammonia,923.3258,76.6741943359375
10,Acetone,10.0,Toluene,8.711082,1.2889175415039062
10,Ammonia,50.0,Ammonia,77.253174,27.253173828125
10,Acetone,50.0,Ethylene,62.736526,12.736526489257812
10,Ammonia,200.0,Ammonia,217.7756,17.775604248046875
10,Acetone,100.0,Ethylene,87.6496,12.35040283203125
10,Ammonia,800.0,Ammonia,725.7173,74.28271484375
10,Acetone,200.0,Ethylene,165.43457,34.5654296875
10,Ammonia,400.0,Ammonia,441.72586,41.725860595703125
10,Acetone,10.0,Toluene,8.0080185,1.9919815063476562
10,Ammonia,50.0,Ammonia,98.55589,48.55589294433594
10,Acetone,250.0,Ethylene,234.10826,15.891738891601562
10,Ammonia,600.0,Ammonia,599.39886,0.60113525390625
10,Acetone,150.0,Ethylene,119.318405,30.681594848632812
10,Ammonia,1000.0,Ammonia,948.31586,51.68414306640625
10,Acetone,50.0,Ethylene,61.311172,11.311172485351562
10,Ammonia,200.0,Ammonia,225.18451,25.18450927734375
10,Acetone,100.0,Ethylene,87.92798,12.072021484375
10,Ammonia,800.0,Ammonia,781.5433,18.45672607421875
10,Acetone,200.0,Ethylene,170.11845,29.881546020507812
10,Ammonia,400.0,Ammonia,442.92734,42.927337646484375
10,Acetone,50.0,Ethylene,63.14959,13.149589538574219
10,Ammonia,200.0,Ammonia,231.35785,31.35784912109375
10,Acetone,100.0,Ethylene,87.00392,12.996078491210938
10,Ammonia,800.0,Ammonia,789.5613,10.438720703125
10,Acetone,200.0,Ethylene,166.42178,33.578216552734375
10,Ammonia,400.0,Ammonia,435.65204,35.65203857421875
10,Acetone,10.0,Toluene,9.341515,0.6584854125976562
10,Ammonia,50.0,Ammonia,93.396065,43.39606475830078
10,Acetone,250.0,Ethylene,236.21594,13.7840576171875
10,Ammonia,600.0,Ammonia,622.2876,22.28759765625
10,Acetone,150.0,Ethylene,122.85481,27.145187377929688
10,Ammonia,1000.0,Ammonia,934.5039,65.49609375
10,Acetone,10.0,Toluene,9.077393,0.922607421875
10,Ammonia,50.0,Ammonia,89.1776,39.17759704589844
10,Acetone,250.0,Ethylene,226.87914,23.120864868164062
10,Ammonia,600.0,Ammonia,624.1115,24.11151123046875
10,Acetone,150.0,Ethylene,120.33669,29.663307189941406
10,Ammonia,1000.0,Ammonia,948.6956,51.30438232421875
10,Acetone,50.0,Ethylene,62.29461,12.294609069824219
10,Ammonia,200.0,Ammonia,227.769,27.768997192382812
10,Acetone,100.0,Ethylene,84.73768,15.262321472167969
10,Ammonia,800.0,Ammonia,818.8581,18.85809326171875
10,Acetone,200.0,Ethylene,178.19194,21.808059692382812
10,Ammonia,400.0,Ammonia,451.21756,51.217559814453125
10,Acetone,150.0,Ethylene,118.37762,31.62238311767578
10,Ammonia,1000.0,Ammonia,991.0732,8.92681884765625
10,Acetone,50.0,Ethylene,53.56591,3.5659103393554688
10,Ammonia,200.0,Ammonia,217.31204,17.312042236328125
10,Acetone,100.0,Ethylene,81.290565,18.709434509277344
10,Ammonia,800.0,Ammonia,789.2753,10.72467041015625
10,Acetone,200.0,Ethylene,159.35617,40.643829345703125
10,Ammonia,400.0,Ammonia,458.94528,58.945281982421875
10,Acetone,10.0,Toluene,7.4406967,2.5593032836914062
10,Ammonia,50.0,Ammonia,75.963745,25.9637451171875
10,Acetone,250.0,Ethylene,219.55048,30.44952392578125
10,Ammonia,600.0,Ammonia,632.5566,32.55657958984375
10,Acetone,50.0,Ethylene,55.400383,5.400382995605469
10,Ammonia,200.0,Ammonia,219.61792,19.617919921875
10,Acetone,100.0,Ethylene,82.48151,17.51849365234375
10,Ammonia,800.0,Ammonia,791.763,8.23699951171875
10,Acetone,200.0,Ethylene,160.56947,39.43052673339844
10,Ammonia,400.0,Ammonia,460.51733,60.517333984375
10,Acetone,10.0,Toluene,6.141403,3.8585968017578125
10,Ammonia,50.0,Ammonia,87.52635,37.52635192871094
10,Acetone,250.0,Ethylene,226.46545,23.5345458984375
10,Ammonia,600.0,Ammonia,640.9997,40.99969482421875
10,Acetone,150.0,Ethylene,117.540855,32.459144592285156
10,Ammonia,1000.0,Ammonia,936.87537,63.1246337890625
10,Acetone,10.0,Toluene,6.76709,3.23291015625
10,Ammonia,50.0,Ammonia,82.23065,32.23065185546875
10,Acetone,50.0,Ethylene,58.534782,8.534782409667969
10,Ammonia,200.0,Ammonia,221.25504,21.255035400390625
10,Acetone,100.0,Ethylene,81.58771,18.41229248046875
10,Ammonia,800.0,Ammonia,782.6036,17.39642333984375
10,Acetone,200.0,Ethylene,167.59268,32.407318115234375
10,Ammonia,400.0,Ammonia,466.70523,66.70523071289062
10,Acetone,250.0,Ethylene,225.2652,24.73480224609375
10,Ammonia,600.0,Ammonia,632.88135,32.88134765625
10,Acetone,150.0,Ethylene,117.8462,32.15380096435547
10,Ammonia,1000.0,Ammonia,936.423,63.5770263671875
10,Acetone,200.0,Ethylene,166.1345,33.86549377441406
10,Ammonia,400.0,Ammonia,467.0528,67.05279541015625
10,Acetone,10.0,Toluene,9.093819,0.9061813354492188
10,Ammonia,50.0,Ammonia,75.6767,25.67669677734375
10,Acetone,250.0,Ethylene,225.39912,24.600875854492188
10,Ammonia,600.0,Ammonia,636.2855,36.2855224609375
10,Acetone,150.0,Ethylene,119.703445,30.296554565429688
10,Ammonia,1000.0,Ammonia,961.8565,38.14349365234375
10,Acetone,50.0,Ethylene,55.153748,5.15374755859375
10,Ammonia,200.0,Ammonia,233.21829,33.218292236328125
10,Acetone,100.0,Ethylene,84.279724,15.72027587890625
10,Ammonia,800.0,Ammonia,802.4135,2.41351318359375
10,Acetone,50.0,Ethylene,58.459152,8.459152221679688
10,Ammonia,200.0,Ammonia,235.5097,35.50970458984375
10,Acetone,100.0,Ethylene,85.71768,14.282318115234375
10,Ammonia,800.0,Ammonia,804.19366,4.19366455078125
10,Acetone,200.0,Ethylene,178.38187,21.618133544921875
10,Ammonia,400.0,Ammonia,469.81595,69.81594848632812
10,Acetone,10.0,Toluene,9.661804,0.33819580078125
10,Ammonia,50.0,Ammonia,90.66215,40.662147521972656
10,Acetone,250.0,Ethylene,236.04242,13.95758056640625
10,Ammonia,600.0,Ammonia,643.5214,43.52142333984375
10,Acetone,150.0,Ethylene,126.41922,23.580780029296875
10,Ammonia,1000.0,Ammonia,942.3999,57.60009765625
10,Acetone,150.0,Ethylene,122.257065,27.742935180664062
10,Ammonia,1000.0,Ammonia,970.7797,29.22027587890625
10,Acetone,50.0,Ethylene,58.107735,8.107734680175781
10,Ammonia,200.0,Ammonia,226.84518,26.845184326171875
10,Acetone,100.0,Ethylene,85.065186,14.934814453125
10,Ammonia,800.0,Ammonia,779.29956,20.700439453125
10,Acetone,200.0,Ethylene,169.43413,30.565872192382812
10,Ammonia,400.0,Ammonia,454.31274,54.312744140625
10,Acetone,10.0,Toluene,7.980377,2.019622802734375
10,Ammonia,50.0,Ammonia,89.510544,39.51054382324219
10,Acetone,250.0,Ethylene,239.1623,10.83770751953125
10,Ammonia,600.0,Ammonia,599.556,0.4439697265625
10,Acetone,250.0,Ethylene,232.72162,17.27838134765625
10,Ammonia,600.0,Ammonia,619.5908,19.5908203125
10,Acetone,150.0,Ethylene,119.37475,30.62525177001953
10,Ammonia,1000.0,Ammonia,925.29285,74.7071533203125
10,Acetone,10.0,Toluene,4.8038635,5.196136474609375
10,Ammonia,50.0,Ammonia,67.45323,17.453231811523438
10,Acetone,50.0,Ethylene,58.452377,8.452377319335938
10,Ammonia,200.0,Ammonia,227.5806,27.580596923828125
10,Acetone,100.0,Ethylene,83.97281,16.027191162109375
10,Ammonia,800.0,Ammonia,796.9509,3.049072265625
10,Acetone,200.0,Ethylene,177.73438,22.265625
10,Ammonia,400.0,Ammonia,442.28653,42.286529541015625
10,Acetone,10.0,Toluene,7.2095413,2.7904586791992188
10,Ammonia,50.0,Toluene,62.018433,12.0184326171875
10,Acetone,250.0,Ethylene,231.59335,18.406646728515625
10,Ammonia,600.0,Ammonia,590.8889,9.111083984375
10,Acetone,150.0,Ethylene,121.62286,28.37713623046875
10,Ammonia,1000.0,Ammonia,897.1667,102.83331298828125
10,Acetone,50.0,Ethylene,56.55021,6.550209045410156
10,Ammonia,200.0,Ammonia,221.57486,21.574859619140625
10,Acetone,100.0,Ethylene,85.159744,14.840255737304688
10,Ammonia,800.0,Ammonia,757.6721,42.327880859375
10,Acetone,200.0,Ethylene,176.51852,23.481475830078125
10,Ammonia,400.0,Ammonia,435.51477,35.5147705078125
10,Acetone,50.0,Ethylene,57.00727,7.007270812988281
10,Ammonia,200.0,Ammonia,226.84595,26.845947265625
10,Acetone,100.0,Ethylene,79.90743,20.092567443847656
10,Ammonia,800.0,Ammonia,786.0191,13.98089599609375
10,Acetone,200.0,Ethylene,176.48471,23.515289306640625
10,Ammonia,400.0,Ammonia,442.13535,42.135345458984375
10,Acetone,10.0,Toluene,8.39917,1.600830078125
10,Ammonia,50.0,Toluene,59.034775,9.034774780273438
10,Acetone,250.0,Ethylene,234.68239,15.317611694335938
10,Ammonia,600.0,Ammonia,576.0372,23.96282958984375
10,Acetone,150.0,Ethylene,120.58885,29.411148071289062
10,Ammonia,1000.0,Ammonia,906.8193,93.18072509765625
10,Acetone,10.0,Toluene,2.1022491,7.8977508544921875
10,Ammonia,50.0,Toluene,48.094864,1.9051361083984375
10,Acetone,250.0,Ethylene,208.72281,41.277191162109375
10,Ammonia,600.0,Ammonia,526.2566,73.743408203125
10,Acetone,150.0,Ethylene,107.697784,42.302215576171875
10,Ammonia,1000.0,Ammonia,776.74744,223.2525634765625
10,Acetone,50.0,Ethylene,56.35067,6.350669860839844
10,Ammonia,200.0,Ammonia,173.94794,26.05206298828125
10,Acetone,100.0,Ethylene,76.39264,23.60736083984375
10,Ammonia,800.0,Ammonia,664.5942,135.40582275390625
10,Acetone,200.0,Ethylene,156.36082,43.63917541503906
10,Ammonia,400.0,Ammonia,396.66324,3.336761474609375
10,Acetone,150.0,Ethylene,106.10339,43.8966064453125
10,Ammonia,1000.0,Ammonia,818.68335,181.316650390625
10,Acetone,50.0,Ethylene,53.19758,3.1975784301757812
10,Ammonia,200.0,Ammonia,185.73636,14.263641357421875
10,Acetone,100.0,Ethylene,79.90978,20.09021759033203
10,Ammonia,800.0,Ammonia,686.4649,113.53509521484375
10,Acetone,200.0,Ethylene,156.60672,43.393280029296875
10,Ammonia,400.0,Ammonia,403.04138,3.0413818359375
10,Acetone,10.0,Toluene,1.3743744,8.625625610351562
10,Ammonia,50.0,Toluene,49.35005,0.6499481201171875
10,Acetone,250.0,Ethylene,206.81187,43.18812561035156
10,Ammonia,600.0,Ammonia,526.3586,73.64141845703125
10,Acetone,50.0,Ethylene,58.742706,8.742706298828125
10,Ammonia,200.0,Ammonia,169.69371,30.306289672851562
10,Acetone,100.0,Ethylene,80.36309,19.63690948486328
10,Ammonia,800.0,Ammonia,627.5158,172.48419189453125
10,Acetone,200.0,Ethylene,162.90372,37.096282958984375
10,Ammonia,400.0,Ammonia,378.29636,21.703643798828125
10,Acetone,10.0,Toluene,2.824852,7.175148010253906
10,Ammonia,50.0,Toluene,46.878403,3.1215972900390625
10,Acetone,250.0,Ethylene,209.76889,40.231109619140625
10,Ammonia,600.0,Ammonia,525.19604,74.803955078125
10,Acetone,150.0,Ethylene,111.85066,38.14933776855469
10,Ammonia,1000.0,Ammonia,789.90106,210.09893798828125
10,Acetone,10.0,Toluene,0.94633484,9.053665161132812
10,Ammonia,50.0,Toluene,46.047302,3.95269775390625
10,Acetone,50.0,Ethylene,58.925453,8.925453186035156
10,Ammonia,200.0,Ammonia,177.33745,22.662551879882812
10,Acetone,100.0,Ethylene,80.82681,19.173187255859375
10,Ammonia,800.0,Ammonia,674.73254,125.2674560546875
10,Acetone,200.0,Ethylene,163.63849,36.36151123046875
10,Ammonia,400.0,Ammonia,399.67987,0.32012939453125
10,Acetone,250.0,Ethylene,210.40169,39.59831237792969
10,Ammonia,600.0,Ammonia,537.32074,62.67926025390625
10,Acetone,150.0,Ethylene,116.315796,33.6842041015625
10,Ammonia,1000.0,Ammonia,812.14246,187.8575439453125
10,Acetone,200.0,Ethylene,162.80254,37.19746398925781
10,Ammonia,400.0,Ammonia,398.9328,1.06719970703125
10,Acetone,10.0,Toluene,3.0982437,6.901756286621094
10,Ammonia,50.0,Toluene,49.8171,0.18289947509765625
10,Acetone,250.0,Ethylene,209.1374,40.86259460449219
10,Ammonia,600.0,Ammonia,538.4384,61.56158447265625
10,Acetone,150.0,Ethylene,117.8222,32.17780303955078
10,Ammonia,1000.0,Ammonia,804.6857,195.31427001953125
10,Acetone,50.0,Ethylene,56.288986,6.2889862060546875
10,Ammonia,200.0,Ammonia,186.00377,13.996231079101562
10,Acetone,100.0,Ethylene,80.19702,19.802978515625
10,Ammonia,800.0,Ammonia,685.07806,114.92193603515625
10,Acetone,50.0,Ethylene,59.58378,9.583778381347656
10,Ammonia,200.0,Ammonia,208.73969,8.73968505859375
10,Acetone,100.0,Ethylene,83.4686,16.531402587890625
10,Ammonia,800.0,Ammonia,692.76044,107.23956298828125
10,Acetone,200.0,Ethylene,155.54402,44.45597839355469
10,Ammonia,400.0,Ammonia,393.7772,6.222808837890625
10,Acetone,10.0,Toluene,4.156868,5.843132019042969
10,Ammonia,50.0,Toluene,65.15823,15.158233642578125
10,Acetone,250.0,Ethylene,210.86612,39.133880615234375
10,Ammonia,600.0,Ammonia,552.88293,47.1170654296875
10,Acetone,150.0,Ethylene,107.083725,42.91627502441406
10,Ammonia,1000.0,Ammonia,843.40234,156.59765625
10,Acetone,150.0,Ethylene,104.29075,45.709251403808594
10,Ammonia,1000.0,Ammonia,846.896,153.10400390625
10,Acetone,50.0,Ethylene,55.71054,5.710540771484375
10,Ammonia,200.0,Ammonia,204.7299,4.7299041748046875
10,Acetone,100.0,Ethylene,82.10693,17.89306640625
10,Ammonia,800.0,Ammonia,702.2656,97.734375
10,Acetone,200.0,Ethylene,150.36795,49.632049560546875
10,Ammonia,400.0,Ammonia,409.85175,9.85174560546875
10,Acetone,10.0,Toluene,0.92087555,9.079124450683594
10,Ammonia,50.0,Ammonia,77.226074,27.22607421875
10,Acetone,250.0,Ethylene,209.00574,40.9942626953125
10,Ammonia,600.0,Ammonia,564.7277,35.27227783203125
10,Acetone,250.0,Ethylene,209.0603,40.939697265625
10,Ammonia,600.0,Ammonia,573.4246,26.57537841796875
10,Acetone,150.0,Ethylene,104.471794,45.52820587158203
10,Ammonia,1000.0,Ammonia,860.26465,139.7353515625
10,Acetone,10.0,Toluene,0.0,10.0
10,Ammonia,50.0,Ammonia,74.98695,24.986953735351562
10,Acetone,50.0,Ethylene,58.335487,8.335487365722656
10,Ammonia,200.0,Ammonia,211.35773,11.35772705078125
10,Acetone,100.0,Ethylene,82.24305,17.75695037841797
10,Ammonia,800.0,Ammonia,715.3268,84.6732177734375
10,Acetone,200.0,Ethylene,149.71017,50.289825439453125
10,Ammonia,400.0,Ammonia,421.21667,21.2166748046875
10,Acetone,10.0,Toluene,1.5162659,8.483734130859375
10,Ammonia,50.0,Ammonia,87.39436,37.39436340332031
10,Acetone,250.0,Ethylene,209.61093,40.389068603515625
10,Ammonia,600.0,Ammonia,577.2919,22.7081298828125
10,Acetone,150.0,Ethylene,106.15807,43.84192657470703
10,Ammonia,1000.0,Ammonia,856.0339,143.96612548828125
10,Acetone,50.0,Ethylene,55.909073,5.9090728759765625
10,Ammonia,200.0,Ammonia,209.73448,9.734481811523438
10,Acetone,100.0,Ethylene,83.72919,16.27081298828125
10,Ammonia,800.0,Ammonia,715.9526,84.04742431640625
10,Acetone,200.0,Ethylene,148.35684,51.643157958984375
10,Ammonia,400.0,Ammonia,424.93933,24.9393310546875
10,Acetone,50.0,Ethylene,58.78945,8.789451599121094
10,Ammonia,200.0,Ammonia,213.65384,13.653839111328125
10,Acetone,100.0,Ethylene,83.6556,16.344398498535156
10,Ammonia,800.0,Ammonia,715.7647,84.23529052734375
10,Acetone,200.0,Ethylene,149.4671,50.53289794921875
10,Ammonia,400.0,Ammonia,428.18948,28.189483642578125
10,Acetone,10.0,Toluene,2.331955,7.6680450439453125
10,Ammonia,50.0,Ammonia,85.65924,35.65924072265625
10,Acetone,250.0,Ethylene,211.73595,38.26405334472656
10,Ammonia,600.0,Ammonia,577.3117,22.68829345703125
10,Acetone,150.0,Ethylene,108.52407,41.475929260253906
10,Ammonia,1000.0,Ammonia,853.0262,146.97381591796875
10,Acetone,10.0,Toluene,0.82993317,9.170066833496094
10,Ammonia,50.0,Ammonia,80.6188,30.618797302246094
10,Acetone,250.0,Ethylene,208.2067,41.793304443359375
10,Ammonia,600.0,Ammonia,572.1997,27.80029296875
10,Acetone,150.0,Ethylene,105.84294,44.15705871582031
10,Ammonia,1000.0,Ammonia,862.51746,137.4825439453125
10,Acetone,50.0,Ethylene,58.13009,8.130088806152344
10,Ammonia,200.0,Ammonia,211.6963,11.696304321289062
10,Acetone,100.0,Ethylene,81.87747,18.122528076171875
10,Ammonia,800.0,Ammonia,731.1453,68.85467529296875
10,Acetone,200.0,Ethylene,149.91565,50.0843505859375
10,Ammonia,400.0,Ammonia,424.38348,24.38348388671875
10,Acetone,150.0,Ethylene,107.775276,42.22472381591797
10,Ammonia,1000.0,Ammonia,885.0063,114.99371337890625
10,Acetone,50.0,Ethylene,56.328766,6.328765869140625
10,Ammonia,200.0,Ammonia,207.3836,7.38360595703125
10,Acetone,100.0,Ethylene,86.044304,13.955696105957031
10,Ammonia,800.0,Ammonia,739.4803,60.51971435546875
10,Acetone,200.0,Ethylene,155.83481,44.165191650390625
10,Ammonia,400.0,Ammonia,418.0119,18.01190185546875
10,Acetone,10.0,Toluene,2.0027466,7.99725341796875
10,Ammonia,50.0,Ammonia,85.288,35.288002014160156
10,Acetone,250.0,Ethylene,209.39981,40.600189208984375
10,Ammonia,600.0,Ammonia,581.3723,18.627685546875
10,Acetone,50.0,Ethylene,59.789062,9.7890625
10,Ammonia,200.0,Ammonia,219.93823,19.938232421875
10,Acetone,100.0,Ethylene,89.90943,10.090568542480469
10,Ammonia,800.0,Ammonia,725.50256,74.4974365234375
10,Acetone,200.0,Ethylene,154.4298,45.57020568847656
10,Ammonia,400.0,Ammonia,409.71094,9.7109375
10,Acetone,10.0,Toluene,3.1135864,6.88641357421875
10,Ammonia,50.0,Ammonia,79.76941,29.7694091796875
10,Acetone,250.0,Ethylene,213.59662,36.40338134765625
10,Ammonia,600.0,Ammonia,583.8415,16.15850830078125
10,Acetone,150.0,Ethylene,108.833664,41.16633605957031
10,Ammonia,1000.0,Ammonia,903.7787,96.2213134765625
10,Acetone,10.0,Toluene,3.0784912,6.9215087890625
10,Ammonia,50.0,Ammonia,84.754456,34.75445556640625
10,Acetone,50.0,Ethylene,61.79648,11.796478271484375
10,Ammonia,200.0,Ammonia,228.34906,28.34906005859375
10,Acetone,100.0,Ethylene,89.30446,10.695541381835938
10,Ammonia,800.0,Ammonia,752.2732,47.726806640625
10,Acetone,200.0,Ethylene,164.71873,35.28126525878906
10,Ammonia,400.0,Ammonia,410.1846,10.184600830078125
10,Acetone,250.0,Ethylene,215.41858,34.5814208984375
10,Ammonia,600.0,Ammonia,584.8925,15.10748291015625
10,Acetone,150.0,Ethylene,109.00154,40.99845886230469
10,Ammonia,1000.0,Ammonia,873.9591,126.0408935546875
10,Acetone,200.0,Ethylene,153.42024,46.57975769042969
10,Ammonia,400.0,Ammonia,431.8542,31.85418701171875
10,Acetone,10.0,Toluene,2.4857025,7.5142974853515625
10,Ammonia,50.0,Ammonia,77.17348,27.173477172851562
10,Acetone,250.0,Ethylene,209.41199,40.5880126953125
10,Ammonia,600.0,Ammonia,576.18585,23.81414794921875
10,Acetone,150.0,Ethylene,111.89016,38.109840393066406
10,Ammonia,1000.0,Ammonia,871.8777,128.122314453125
10,Acetone,50.0,Ethylene,59.90529,9.905288696289062
10,Ammonia,200.0,Ammonia,217.79031,17.790313720703125
10,Acetone,100.0,Ethylene,82.29274,17.707260131835938
10,Ammonia,800.0,Ammonia,723.34125,76.65875244140625
10,Acetone,50.0,Ethylene,58.1566,8.156600952148438
10,Ammonia,200.0,Ammonia,225.02426,25.024261474609375
10,Acetone,100.0,Ethylene,81.50865,18.491348266601562
10,Ammonia,800.0,Ammonia,726.45465,73.54534912109375
10,Acetone,200.0,Ethylene,162.58708,37.41291809082031
10,Ammonia,400.0,Ammonia,433.8439,33.843902587890625
10,Acetone,10.0,Toluene,4.0183716,5.98162841796875
10,Ammonia,50.0,Ammonia,74.167786,24.16778564453125
10,Acetone,250.0,Ethylene,211.4437,38.556304931640625
10,Ammonia,600.0,Ammonia,578.5856,21.4144287109375
10,Acetone,150.0,Ethylene,116.36075,33.639251708984375
10,Ammonia,1000.0,Ammonia,867.02795,132.9720458984375
10,Acetone,150.0,Ethylene,115.74252,34.257476806640625
10,Ammonia,1000.0,Ammonia,870.3868,129.61322021484375
10,Acetone,50.0,Ethylene,54.82601,4.826011657714844
10,Ammonia,200.0,Ammonia,234.40334,34.40333557128906
10,Acetone,100.0,Ethylene,82.58203,17.41796875
10,Ammonia,800.0,Ammonia,725.8987,74.101318359375
10,Acetone,200.0,Ethylene,166.0715,33.928497314453125
10,Ammonia,400.0,Ammonia,421.29745,21.297454833984375
10,Acetone,10.0,Toluene,2.0080185,7.991981506347656
10,Ammonia,50.0,Ammonia,73.40384,23.403839111328125
10,Acetone,250.0,Ethylene,211.34921,38.650787353515625
10,Ammonia,600.0,Ammonia,575.3602,24.6397705078125
10,Acetone,250.0,Ethylene,211.98764,38.012359619140625
10,Ammonia,600.0,Ammonia,580.65955,19.3404541015625
10,Acetone,150.0,Ethylene,126.08461,23.915390014648438
10,Ammonia,1000.0,Ammonia,872.1273,127.8726806640625
10,Acetone,10.0,Toluene,3.6370544,6.362945556640625
10,Ammonia,50.0,Ammonia,75.445435,25.4454345703125
10,Acetone,50.0,Ethylene,59.894615,9.894615173339844
10,Ammonia,200.0,Ammonia,219.97562,19.975616455078125
10,Acetone,100.0,Ethylene,81.98861,18.011390686035156
10,Ammonia,800.0,Ammonia,727.2901,72.70989990234375
10,Acetone,200.0,Ethylene,150.08992,49.91007995605469
10,Ammonia,400.0,Ammonia,440.16483,40.164825439453125
10,Acetone,10.0,Toluene,4.7143173,5.285682678222656
10,Ammonia,50.0,Ammonia,75.326126,25.326126098632812
10,Acetone,250.0,Ethylene,201.56836,48.431640625
10,Ammonia,600.0,Ammonia,597.1766,2.82342529296875
10,Acetone,150.0,Ethylene,107.5505,42.449501037597656
10,Ammonia,1000.0,Ammonia,868.0809,131.91912841796875
10,Acetone,50.0,Ethylene,58.2769,8.276901245117188
10,Ammonia,200.0,Ammonia,212.93575,12.935745239257812
10,Acetone,100.0,Ethylene,81.40532,18.594680786132812
10,Ammonia,800.0,Ammonia,741.0994,58.90057373046875
10,Acetone,200.0,Ethylene,145.7921,54.20790100097656
10,Ammonia,400.0,Ammonia,433.8757,33.875701904296875
10,Acetone,50.0,Ethylene,58.99859,8.998588562011719
10,Ammonia,200.0,Ammonia,221.38104,21.38104248046875
10,Acetone,100.0,Ethylene,81.52756,18.472442626953125
10,Ammonia,800.0,Ammonia,744.5772,55.42279052734375
10,Acetone,200.0,Ethylene,144.9894,55.01060485839844
10,Ammonia,400.0,Ammonia,440.1225,40.12249755859375
10,Acetone,10.0,Toluene,3.2433243,6.756675720214844
10,Ammonia,50.0,Ammonia,78.20392,28.20391845703125
10,Acetone,250.0,Ethylene,205.09229,44.90771484375
10,Ammonia,600.0,Ammonia,600.02875,0.02874755859375
10,Acetone,150.0,Ethylene,108.31072,41.68927764892578
10,Ammonia,1000.0,Ammonia,871.2402,128.75982666015625
10,Ethylene,10.0,Toluene,14.094612,4.094612121582031
10,Ammonia,50.0,Ammonia,76.28261,26.282608032226562
10,Ethylene,250.0,Ethylene,143.15587,106.84413146972656
10,Ammonia,600.0,Ammonia,569.7056,30.29437255859375
10,Ethylene,150.0,Ethylene,90.738014,59.261985778808594
10,Ammonia,1000.0,Ammonia,843.43616,156.5638427734375
10,Ethylene,50.0,Ethylene,30.166183,19.833816528320312
10,Ammonia,200.0,Ammonia,221.07718,21.077178955078125
10,Ethylene,100.0,Ethylene,75.78964,24.210357666015625
10,Ammonia,800.0,Ammonia,709.87555,90.12445068359375
10,Ethylene,200.0,Ethylene,111.782585,88.21741485595703
10,Ammonia,400.0,Ammonia,428.62305,28.623046875
10,Ethylene,150.0,Ethylene,92.19814,57.801856994628906
10,Ammonia,1000.0,Ammonia,848.4178,151.58221435546875
10,Ethylene,50.0,Ethylene,31.234818,18.765182495117188
10,Ammonia,200.0,Ammonia,222.9021,22.902099609375
10,Ethylene,100.0,Ethylene,71.28465,28.715347290039062
10,Ammonia,800.0,Ammonia,685.1485,114.85150146484375
10,Ethylene,200.0,Ethylene,117.86856,82.13143920898438
10,Ammonia,400.0,Ammonia,389.96872,10.031280517578125
10,Ethylene,10.0,Toluene,13.612709,3.6127090454101562
10,Ammonia,50.0,Ammonia,76.28847,26.288467407226562
10,Ethylene,250.0,Ethylene,177.78778,72.21221923828125
10,Ammonia,600.0,Ammonia,601.8614,1.86138916015625
10,Ethylene,50.0,Ethylene,44.164497,5.835502624511719
10,Ammonia,200.0,Ammonia,215.73624,15.736236572265625
10,Ethylene,100.0,Ethylene,85.893555,14.1064453125
10,Ammonia,800.0,Ammonia,720.62885,79.37115478515625
10,Ethylene,200.0,Ethylene,129.5042,70.49580383300781
10,Ammonia,400.0,Ammonia,404.58395,4.583953857421875
10,Ethylene,10.0,Toluene,13.268509,3.2685089111328125
10,Ammonia,50.0,Ammonia,84.39093,34.39093017578125
10,Ethylene,250.0,Ethylene,167.5907,82.4093017578125
10,Ammonia,600.0,Ammonia,572.61804,27.3819580078125
10,Ethylene,150.0,Ethylene,102.77942,47.2205810546875
10,Ammonia,1000.0,Ammonia,885.3645,114.635498046875
10,Ethylene,10.0,Toluene,12.801216,2.8012161254882812
10,Ammonia,50.0,Ammonia,81.52815,31.528152465820312
10,Ethylene,50.0,Ethylene,40.70581,9.294189453125
10,Ammonia,200.0,Ammonia,219.96686,19.96685791015625
10,Ethylene,100.0,Ethylene,84.81875,15.181251525878906
10,Ammonia,800.0,Ammonia,746.284,53.71600341796875
10,Ethylene,200.0,Ethylene,132.02397,67.97602844238281
10,Ammonia,400.0,Ammonia,418.58185,18.58184814453125
10,Ethylene,250.0,Ethylene,171.12729,78.87271118164062
10,Ammonia,600.0,Ammonia,597.3847,2.61529541015625
10,Ethylene,150.0,Ethylene,107.032166,42.96783447265625
10,Ammonia,1000.0,Ammonia,903.41614,96.5838623046875
10,Ethylene,200.0,Ethylene,133.57028,66.42971801757812
10,Ammonia,400.0,Ammonia,411.70642,11.7064208984375
10,Ethylene,10.0,Toluene,13.004547,3.004547119140625
10,Ammonia,50.0,Ammonia,81.20244,31.202438354492188
10,Ethylene,250.0,Ethylene,179.30124,70.69876098632812
10,Ammonia,600.0,Ammonia,585.42487,14.57513427734375
10,Ethylene,150.0,Ethylene,106.37362,43.626380920410156
10,Ammonia,1000.0,Ammonia,903.2957,96.70428466796875
10,Ethylene,50.0,Toluene,40.821808,9.178192138671875
10,Ammonia,200.0,Ammonia,227.95529,27.955291748046875
10,Ethylene,100.0,Ethylene,79.96911,20.03089141845703
10,Ammonia,800.0,Ammonia,754.5127,45.4873046875
10,Ethylene,50.0,Ethylene,48.47786,1.5221405029296875
10,Ammonia,200.0,Ammonia,217.04187,17.0418701171875
10,Ethylene,100.0,Ethylene,83.78095,16.21904754638672
10,Ammonia,800.0,Ammonia,754.5484,45.45159912109375
10,Ethylene,200.0,Ethylene,127.72895,72.27104949951172
10,Ammonia,400.0,Ammonia,399.9437,0.056304931640625
10,Ethylene,10.0,Toluene,12.855362,2.8553619384765625
10,Ammonia,50.0,Ammonia,83.24074,33.24073791503906
10,Ethylene,250.0,Ethylene,165.55043,84.44956970214844
10,Ammonia,600.0,Ammonia,581.93585,18.06414794921875
10,Ethylene,150.0,Ethylene,105.41839,44.58161163330078
10,Ammonia,1000.0,Ammonia,900.4542,99.5457763671875
10,Ethylene,150.0,Ethylene,105.97238,44.027618408203125
10,Ammonia,1000.0,Ammonia,925.9519,74.048095703125
10,Ethylene,50.0,Ethylene,42.83133,7.168670654296875
10,Ammonia,200.0,Ammonia,215.97455,15.97454833984375
10,Ethylene,100.0,Ethylene,89.33796,10.662040710449219
10,Ammonia,800.0,Ammonia,757.6018,42.398193359375
10,Ethylene,200.0,Ethylene,127.787674,72.21232604980469
10,Ammonia,400.0,Ammonia,409.77798,9.777984619140625
10,Ethylene,10.0,Toluene,13.516609,3.5166091918945312
10,Ammonia,50.0,Ammonia,81.924515,31.924514770507812
10,Ethylene,250.0,Ethylene,149.42784,100.57215881347656
10,Ammonia,600.0,Ammonia,599.8808,0.11920166015625
10,Ethylene,250.0,Ethylene,148.5661,101.43389892578125
10,Ammonia,600.0,Ammonia,593.21405,6.78594970703125
10,Ethylene,150.0,Ethylene,93.65471,56.34529113769531
10,Ammonia,1000.0,Ammonia,876.76746,123.2325439453125
10,Ethylene,10.0,Toluene,13.9517975,3.9517974853515625
10,Ammonia,50.0,Ammonia,76.62258,26.622581481933594
10,Ethylene,50.0,Ethylene,47.260643,2.7393569946289062
10,Ammonia,200.0,Ammonia,225.70615,25.706146240234375
10,Ethylene,100.0,Ethylene,79.95857,20.041427612304688
10,Ammonia,800.0,Ammonia,728.3427,71.65728759765625
10,Ethylene,200.0,Ethylene,121.06709,78.93290710449219
10,Ammonia,400.0,Ammonia,438.381,38.381011962890625
10,Ethylene,10.0,Toluene,13.686165,3.6861648559570312
10,Ammonia,50.0,Ammonia,75.43466,25.434661865234375
10,Ethylene,250.0,Ethylene,163.8089,86.19110107421875
10,Ammonia,600.0,Ammonia,584.46606,15.533935546875
10,Ethylene,150.0,Ethylene,99.69887,50.30113220214844
10,Ammonia,1000.0,Ammonia,873.3805,126.6195068359375
10,Ethylene,50.0,Ethylene,43.773155,6.226844787597656
10,Ammonia,200.0,Ammonia,221.47946,21.479461669921875
10,Ethylene,100.0,Ethylene,78.91843,21.081573486328125
10,Ammonia,800.0,Ammonia,735.1418,64.85821533203125
10,Ethylene,200.0,Ethylene,122.2791,77.72090148925781
10,Ammonia,400.0,Ammonia,434.3717,34.3717041015625
10,Ethylene,50.0,Ethylene,43.208824,6.791175842285156
10,Ammonia,200.0,Ammonia,230.62737,30.627365112304688
10,Ethylene,100.0,Ethylene,78.33894,21.661056518554688
10,Ammonia,800.0,Ammonia,724.93384,75.066162109375
10,Ethylene,200.0,Ethylene,123.86423,76.13577270507812
10,Ammonia,400.0,Ammonia,433.83804,33.838043212890625
10,Ethylene,10.0,Toluene,14.330559,4.330558776855469
10,Ammonia,50.0,Ammonia,74.79439,24.794387817382812
10,Ethylene,250.0,Ethylene,165.37413,84.62586975097656
10,Ammonia,600.0,Ammonia,582.04724,17.9527587890625
10,Ethylene,150.0,Ethylene,95.46947,54.53053283691406
10,Ammonia,1000.0,Ammonia,874.74005,125.25994873046875
10,Toluene,1.0,Toluene,8.800133,7.800132751464844
10,Ethanol,50.0,Ammonia,56.37461,6.374610900878906
10,Toluene,100.0,Ethylene,121.697586,21.697586059570312
10,Ethanol,600.0,Acetone,408.57373,191.42626953125
10,Toluene,60.0,Toluene,61.640854,1.6408538818359375
10,Ethanol,1000.0,Ammonia,744.98663,255.01336669921875
10,Toluene,20.0,Toluene,29.340767,9.340766906738281
10,Ethanol,200.0,Acetone,151.43582,48.564178466796875
10,Toluene,40.0,Toluene,45.724678,5.724678039550781
10,Ethanol,800.0,Ammonia,590.6021,209.39788818359375
10,Toluene,80.0,Ethylene,92.56045,12.560447692871094
10,Ethanol,400.0,Acetone,269.10446,130.89553833007812
10,Toluene,60.0,Toluene,63.99695,3.9969482421875
10,Ethanol,1000.0,Ammonia,779.2778,220.72222900390625
10,Toluene,20.0,Toluene,28.796677,8.796676635742188
10,Ethanol,200.0,Acetone,158.0689,41.93110656738281
10,Toluene,40.0,Toluene,47.507965,7.507965087890625
10,Ethanol,800.0,Acetone,576.4151,223.58489990234375
10,Toluene,80.0,Ethylene,96.36145,16.3614501953125
10,Ethanol,400.0,Acetone,270.41998,129.58001708984375
10,Toluene,1.0,Toluene,10.309196,9.309196472167969
10,Ethanol,50.0,Ammonia,54.52385,4.5238494873046875
10,Toluene,100.0,Ethylene,124.94569,24.94568634033203
10,Ethanol,600.0,Acetone,421.2,178.79998779296875
10,Toluene,20.0,Toluene,32.675285,12.675285339355469
10,Ethanol,200.0,Acetone,159.57727,40.4227294921875
10,Toluene,40.0,Toluene,50.01454,10.014541625976562
10,Ethanol,800.0,Ammonia,585.42865,214.57135009765625
10,Toluene,80.0,Ethylene,93.19831,13.198310852050781
10,Ethanol,400.0,Acetone,251.40097,148.59902954101562
10,Toluene,1.0,Toluene,8.6695175,7.669517517089844
10,Ethanol,50.0,Ammonia,61.482788,11.4827880859375
10,Toluene,100.0,Ethylene,126.371,26.371002197265625
10,Ethanol,600.0,Ammonia,445.7778,154.22219848632812
10,Toluene,60.0,Toluene,67.65402,7.654022216796875
10,Ethanol,1000.0,Ammonia,747.1023,252.897705078125
10,Toluene,1.0,Toluene,10.571144,9.571144104003906
10,Ethanol,50.0,Ammonia,57.218544,7.218544006347656
10,Toluene,20.0,Toluene,31.095222,11.095222473144531
10,Ethanol,200.0,Acetone,156.8923,43.107696533203125
10,Toluene,40.0,Toluene,51.028694,11.028694152832031
10,Ethanol,800.0,Acetone,582.9713,217.0286865234375
10,Toluene,80.0,Ethylene,93.90129,13.901290893554688
10,Ethanol,400.0,Acetone,245.61404,154.38595581054688
10,Toluene,100.0,Ethylene,122.65692,22.65692138671875
10,Ethanol,600.0,Acetone,414.388,185.61199951171875
10,Toluene,60.0,Ethylene,69.09836,9.098358154296875
10,Ethanol,1000.0,Acetone,728.6317,271.3682861328125
10,Toluene,80.0,Ethylene,95.92617,15.926170349121094
10,Ethanol,400.0,Acetone,253.70511,146.29489135742188
10,Toluene,1.0,Toluene,10.534866,9.534866333007812
10,Ethanol,50.0,Ammonia,57.047005,7.047004699707031
10,Toluene,100.0,Ethylene,129.31512,29.31512451171875
10,Ethanol,600.0,Acetone,410.45856,189.54144287109375
10,Toluene,60.0,Ethylene,69.091736,9.09173583984375
10,Ethanol,1000.0,Acetone,741.764,258.23602294921875
10,Toluene,20.0,Toluene,30.052635,10.052635192871094
10,Ethanol,200.0,Acetone,153.64677,46.35322570800781
10,Toluene,40.0,Toluene,48.812584,8.812583923339844
10,Ethanol,800.0,Acetone,578.7144,221.28558349609375
10,Toluene,20.0,Toluene,30.40709,10.407089233398438
10,Ethanol,200.0,Ethylene,181.35516,18.64483642578125
10,Toluene,40.0,Toluene,48.504868,8.504867553710938
10,Ethanol,800.0,Acetone,570.873,229.12701416015625
10,Toluene,80.0,Ethylene,93.769905,13.769905090332031
10,Ethanol,400.0,Acetone,245.51913,154.48086547851562
10,Toluene,1.0,Toluene,8.929047,7.929046630859375
10,Ethanol,50.0,Ammonia,56.364944,6.3649444580078125
10,Toluene,100.0,Ethylene,126.82251,26.822509765625
10,Ethanol,600.0,Acetone,413.47528,186.52471923828125
10,Toluene,60.0,Toluene,67.54275,7.542747497558594
10,Ethanol,1000.0,Acetone,744.24664,255.75335693359375
10,Toluene,60.0,Toluene,63.49247,3.4924697875976562
10,Ethanol,1000.0,Acetone,734.73865,265.2613525390625
10,Toluene,20.0,Toluene,30.733269,10.733268737792969
10,Ethanol,200.0,Acetone,152.44029,47.55970764160156
10,Toluene,40.0,Toluene,49.972694,9.972694396972656
10,Ethanol,800.0,Acetone,575.8361,224.16387939453125
10,Toluene,80.0,Ethylene,95.65098,15.650978088378906
10,Ethanol,400.0,Acetone,240.85962,159.140380859375
10,Toluene,1.0,Toluene,10.191292,9.191291809082031
10,Ethanol,50.0,Ammonia,56.717567,6.717567443847656
10,Toluene,100.0,Ethylene,125.19974,25.199737548828125
10,Ethanol,600.0,Acetone,412.51526,187.4847412109375
10,Toluene,100.0,Ethylene,120.85539,20.855392456054688
10,Ethanol,600.0,Acetone,416.37375,183.62625122070312
10,Toluene,60.0,Ethylene,69.38881,9.388809204101562
10,Ethanol,1000.0,Acetone,734.02655,265.97344970703125
10,Toluene,1.0,Toluene,10.442787,9.442787170410156
10,Ethanol,50.0,Ammonia,54.04593,4.045928955078125
10,Toluene,20.0,Toluene,31.084938,11.084938049316406
10,Ethanol,200.0,Acetone,152.75562,47.244384765625
10,Toluene,40.0,Toluene,49.364075,9.36407470703125
10,Ethanol,800.0,Acetone,575.5246,224.47540283203125
10,Toluene,80.0,Ethylene,94.87316,14.873161315917969
10,Ethanol,400.0,Acetone,235.0516,164.94839477539062
10,Toluene,1.0,Toluene,9.942833,8.942832946777344
10,Ethanol,50.0,Ammonia,52.112305,2.1123046875
10,Toluene,100.0,Ethylene,126.72034,26.7203369140625
10,Ethanol,600.0,Acetone,413.68945,186.310546875
10,Toluene,60.0,Ethylene,70.21344,10.21343994140625
10,Ethanol,1000.0,Acetone,741.20856,258.79144287109375
10,Toluene,20.0,Toluene,31.628372,11.628372192382812
10,Ethanol,200.0,Acetone,150.93005,49.0699462890625
10,Toluene,40.0,Toluene,47.26741,7.2674102783203125
10,Ethanol,800.0,Acetone,585.6533,214.3466796875
10,Toluene,80.0,Ethylene,94.51027,14.510269165039062
10,Ethanol,400.0,Acetone,239.99712,160.0028839111328
10,Toluene,20.0,Toluene,32.58815,12.588150024414062
10,Ethanol,200.0,Acetone,157.2965,42.70350646972656
10,Toluene,40.0,Toluene,49.25312,9.253120422363281
10,Ethanol,800.0,Acetone,588.231,211.76898193359375
10,Toluene,80.0,Ethylene,95.08585,15.085853576660156
10,Ethanol,400.0,Acetone,239.17119,160.8288116455078
10,Toluene,1.0,Toluene,11.627632,10.627632141113281
10,Ethanol,50.0,Ammonia,53.460686,3.4606857299804688
10,Toluene,100.0,Ethylene,127.4181,27.41809844970703
10,Ethanol,600.0,Acetone,408.83234,191.16766357421875
10,Toluene,60.0,Toluene,65.34545,5.345451354980469
10,Ethanol,1000.0,Acetone,750.73987,249.2601318359375
10,Toluene,1.0,Toluene,12.623108,11.62310791015625
10,Ethanol,50.0,Ethanol,60.344345,10.344345092773438
10,Toluene,100.0,Toluene,76.807236,23.192764282226562
10,Ethanol,600.0,Ethanol,590.36334,9.63665771484375
10,Toluene,60.0,Toluene,47.936256,12.063743591308594
10,Ethanol,1000.0,Ethanol,1061.3623,61.3623046875
10,Toluene,20.0,Toluene,21.282219,1.2822189331054688
10,Ethanol,200.0,Ethanol,183.95769,16.042312622070312
10,Toluene,40.0,Toluene,33.738113,6.2618865966796875
10,Ethanol,800.0,Ethanol,818.5886,18.588623046875
10,Toluene,80.0,Toluene,61.68573,18.31427001953125
10,Ethanol,400.0,Ethanol,401.8755,1.87548828125
10,Toluene,60.0,Toluene,45.656013,14.343986511230469
10,Ethanol,1000.0,Ethanol,1060.8086,60.80859375
10,Toluene,20.0,Toluene,19.634857,0.365142822265625
10,Ethanol,200.0,Ethanol,180.6974,19.302597045898438
10,Toluene,40.0,Toluene,36.29078,3.7092208862304688
10,Ethanol,800.0,Ethanol,823.16437,23.16436767578125
10,Toluene,80.0,Toluene,51.4308,28.569198608398438
10,Ethanol,400.0,Ethanol,373.35178,26.648223876953125
10,Toluene,1.0,Toluene,14.0429,13.042900085449219
10,Ethanol,50.0,Ethanol,61.977325,11.977325439453125
10,Toluene,100.0,Toluene,58.573845,41.42615509033203
10,Ethanol,600.0,Ethanol,597.65204,2.34796142578125
10,Toluene,20.0,Toluene,21.845459,1.845458984375
10,Ethanol,200.0,Ethanol,187.24886,12.751144409179688
10,Toluene,40.0,Toluene,33.97075,6.0292510986328125
10,Ethanol,800.0,Ethanol,837.2873,37.28729248046875
10,Toluene,80.0,Toluene,51.388268,28.611732482910156
10,Ethanol,400.0,Ethanol,376.1949,23.80511474609375
10,Toluene,1.0,Toluene,14.172211,13.172210693359375
10,Ethanol,50.0,Ethanol,63.326477,13.32647705078125
10,Toluene,100.0,Toluene,56.291115,43.708885192871094
10,Ethanol,600.0,Ethanol,603.13074,3.1307373046875
10,Toluene,60.0,Toluene,41.777138,18.222862243652344
10,Ethanol,1000.0,Ethanol,1075.0579,75.057861328125
10,Toluene,1.0,Toluene,12.803726,11.803726196289062
10,Ethanol,50.0,Ethanol,56.470894,6.470893859863281
10,Toluene,20.0,Toluene,22.439995,2.4399948120117188
10,Ethanol,200.0,Ethanol,194.08365,5.916351318359375
10,Toluene,40.0,Toluene,33.043007,6.956993103027344
10,Ethanol,800.0,Ethanol,855.464,55.4639892578125
10,Toluene,80.0,Toluene,48.73787,31.262130737304688
10,Ethanol,400.0,Ethanol,390.68082,9.319183349609375
10,Toluene,100.0,Toluene,53.395866,46.60413360595703
10,Ethanol,600.0,Ethanol,614.0572,14.05718994140625
10,Toluene,60.0,Toluene,40.710457,19.28954315185547
10,Ethanol,1000.0,Ethanol,1212.3351,212.3350830078125
10,Toluene,80.0,Toluene,47.535957,32.46404266357422
10,Ethanol,400.0,Ethanol,380.307,19.6929931640625
10,Toluene,1.0,Toluene,14.510757,13.510757446289062
10,Ethanol,50.0,Ethanol,57.023582,7.023582458496094
10,Toluene,100.0,Toluene,55.027557,44.972442626953125
10,Ethanol,600.0,Ethanol,608.19995,8.199951171875
10,Toluene,60.0,Toluene,40.752495,19.24750518798828
10,Ethanol,1000.0,Ethanol,1083.2141,83.214111328125
10,Toluene,20.0,Toluene,19.528358,0.47164154052734375
10,Ethanol,200.0,Ethanol,189.31573,10.68426513671875
10,Toluene,40.0,Toluene,34.62571,5.374290466308594
10,Ethanol,800.0,Ethanol,870.64996,70.64996337890625
10,Toluene,20.0,Toluene,21.82621,1.8262100219726562
10,Ethanol,200.0,Ethanol,190.14584,9.854156494140625
10,Toluene,40.0,Toluene,36.21998,3.7800216674804688
10,Ethanol,800.0,Ethanol,874.40405,74.404052734375
10,Toluene,80.0,Toluene,50.436996,29.563003540039062
10,Ethanol,400.0,Ethanol,385.66086,14.339141845703125
10,Toluene,1.0,Toluene,11.675697,10.675697326660156
10,Ethanol,50.0,Ethanol,61.770515,11.770515441894531
10,Toluene,100.0,Toluene,56.763138,43.23686218261719
10,Ethanol,600.0,Ethanol,609.5777,9.57769775390625
10,Toluene,60.0,Toluene,45.186577,14.813423156738281
10,Ethanol,1000.0,Ethanol,1102.8112,102.8111572265625
10,Toluene,60.0,Toluene,44.973778,15.026222229003906
10,Ethanol,1000.0,Ethanol,1093.2246,93.224609375
10,Toluene,20.0,Toluene,21.52729,1.5272903442382812
10,Ethanol,200.0,Ethanol,188.16565,11.8343505859375
10,Toluene,40.0,Toluene,34.054047,5.945953369140625
10,Ethanol,800.0,Ethanol,866.3488,66.34881591796875
10,Toluene,80.0,Toluene,48.93313,31.066871643066406
10,Ethanol,400.0,Ethanol,393.44785,6.552154541015625
10,Toluene,1.0,Toluene,13.657455,12.657455444335938
10,Ethanol,50.0,Ethanol,60.26169,10.261688232421875
10,Toluene,100.0,Toluene,55.69764,44.30236053466797
10,Ethanol,600.0,Ethanol,616.9112,16.91119384765625
10,Toluene,100.0,Toluene,55.05435,44.945648193359375
10,Ethanol,600.0,Ethanol,610.34143,10.3414306640625
10,Toluene,60.0,Toluene,45.240852,14.759147644042969
10,Ethanol,1000.0,Ethanol,1110.5953,110.5953369140625
10,Toluene,1.0,Toluene,15.433868,14.433868408203125
10,Ethanol,50.0,Ethanol,57.98472,7.984718322753906
10,Toluene,20.0,Toluene,23.326744,3.3267440795898438
10,Ethanol,200.0,Ethanol,194.36539,5.634613037109375
10,Toluene,40.0,Toluene,37.755745,2.2442550659179688
10,Ethanol,800.0,Ethanol,858.42523,58.42523193359375
10,Toluene,80.0,Toluene,52.66539,27.334609985351562
10,Ethanol,400.0,Ethanol,393.37543,6.62457275390625
10,Toluene,1.0,Toluene,15.10659,14.106590270996094
10,Ethanol,50.0,Ethanol,62.346703,12.346702575683594
10,Toluene,100.0,Toluene,57.16372,42.836280822753906
10,Ethanol,600.0,Ethanol,614.93805,14.93804931640625
10,Toluene,60.0,Toluene,46.718117,13.281883239746094
10,Ethanol,1000.0,Ethanol,1093.3065,93.3065185546875
10,Toluene,20.0,Toluene,22.011253,2.0112533569335938
10,Ethanol,200.0,Ethanol,188.23114,11.76885986328125
10,Toluene,40.0,Toluene,36.03195,3.968048095703125
10,Ethanol,800.0,Ethanol,858.3222,58.32220458984375
10,Toluene,80.0,Toluene,50.49093,29.509071350097656
10,Ethanol,400.0,Ethanol,389.84067,10.159332275390625
10,Toluene,20.0,Toluene,22.30922,2.3092193603515625
10,Ethanol,200.0,Ethanol,194.02594,5.97406005859375
10,Toluene,40.0,Toluene,35.19722,4.8027801513671875
10,Ethanol,800.0,Ethanol,865.8575,65.85748291015625
10,Toluene,80.0,Toluene,51.199196,28.800804138183594
10,Ethanol,400.0,Ethanol,391.8602,8.139801025390625
10,Toluene,1.0,Toluene,13.174988,12.17498779296875
10,Ethanol,50.0,Ethanol,52.82395,2.8239517211914062
10,Toluene,100.0,Toluene,56.598434,43.40156555175781
10,Ethanol,600.0,Ethanol,623.24585,23.245849609375
10,Toluene,60.0,Toluene,46.13408,13.865921020507812
10,Ethanol,1000.0,Ethanol,1089.6569,89.6568603515625
10,Acetone,10.0,Toluene,0.81954193,9.180458068847656
10,Ammonia,50.0,Toluene,31.55349,18.446510314941406
10,Acetone,250.0,Toluene,116.77636,133.22364044189453
10,Ammonia,600.0,Ammonia,361.03183,238.96817016601562
10,Acetone,150.0,Toluene,62.381226,87.6187744140625
10,Ammonia,1000.0,Ammonia,667.47217,332.52783203125
10,Acetone,50.0,Toluene,34.630615,15.369384765625
10,Ammonia,200.0,Toluene,89.461426,110.53857421875
10,Acetone,100.0,Toluene,53.731346,46.268653869628906
10,Ammonia,800.0,Ammonia,498.08588,301.91412353515625
10,Acetone,200.0,Toluene,90.12439,109.8756103515625
10,Ammonia,400.0,Toluene,195.57095,204.42904663085938
10,Acetone,150.0,Toluene,67.5762,82.42379760742188
10,Ammonia,1000.0,Ammonia,692.4368,307.56317138671875
10,Acetone,50.0,Toluene,34.455597,15.544403076171875
10,Ammonia,200.0,Toluene,86.718735,113.28126525878906
10,Acetone,100.0,Toluene,57.809364,42.190635681152344
10,Ammonia,800.0,Ammonia,528.0152,271.98480224609375
10,Acetone,200.0,Toluene,99.69528,100.30471801757812
10,Ammonia,400.0,Toluene,188.52878,211.47122192382812
10,Acetone,10.0,Toluene,2.9470139,7.052986145019531
10,Ammonia,50.0,Toluene,27.750015,22.249984741210938
10,Acetone,250.0,Toluene,117.345085,132.65491485595703
10,Ammonia,600.0,Ammonia,340.81946,259.1805419921875
10,Acetone,50.0,Toluene,33.79914,16.20085906982422
10,Ammonia,200.0,Toluene,81.01909,118.98091125488281
10,Acetone,100.0,Toluene,55.674355,44.325645446777344
10,Ammonia,800.0,Ammonia,546.4243,253.57568359375
10,Acetone,200.0,Toluene,94.73224,105.26776123046875
10,Ammonia,400.0,Toluene,177.08008,222.919921875
10,Acetone,10.0,Toluene,0.0,10.0
10,Ammonia,50.0,Toluene,25.458641,24.541358947753906
10,Acetone,250.0,Toluene,122.98805,127.01194763183594
10,Ammonia,600.0,Ammonia,343.5041,256.49591064453125
10,Acetone,150.0,Toluene,66.258545,83.741455078125
10,Ammonia,1000.0,Ammonia,636.7427,363.25732421875
10,Acetone,10.0,Toluene,0.8446121,9.155387878417969
10,Ammonia,50.0,Toluene,27.063728,22.93627166748047
10,Acetone,50.0,Toluene,29.954422,20.045578002929688
10,Ammonia,200.0,Toluene,84.25949,115.74050903320312
10,Acetone,100.0,Toluene,53.536232,46.463768005371094
10,Ammonia,800.0,Ammonia,500.1967,299.8033142089844
10,Acetone,200.0,Toluene,88.22306,111.77693939208984
10,Ammonia,400.0,Toluene,182.99391,217.00608825683594
10,Acetone,250.0,Toluene,115.77288,134.22711944580078
10,Ammonia,600.0,Ammonia,349.1341,250.86590576171875
10,Acetone,150.0,Toluene,65.33362,84.6663818359375
10,Ammonia,1000.0,Ammonia,624.4775,375.52252197265625
10,Acetone,200.0,Toluene,85.26744,114.73255920410156
10,Ammonia,400.0,Toluene,179.5466,220.45339965820312
10,Acetone,10.0,Toluene,0.0,10.0
10,Ammonia,50.0,Toluene,27.244637,22.75536346435547
10,Acetone,250.0,Toluene,116.80843,133.19156646728516
10,Ammonia,600.0,Ammonia,360.63394,239.36605834960938
10,Acetone,150.0,Toluene,71.360916,78.63908386230469
10,Ammonia,1000.0,Ammonia,637.2779,362.72210693359375
10,Acetone,50.0,Toluene,32.06092,17.93907928466797
10,Ammonia,200.0,Toluene,82.37001,117.62998962402344
10,Acetone,100.0,Toluene,54.296883,45.70311737060547
10,Ammonia,800.0,Ammonia,505.98828,294.01171875
10,Acetone,50.0,Toluene,32.175735,17.824264526367188
10,Ammonia,200.0,Toluene,83.01483,116.98516845703125
10,Acetone,100.0,Toluene,52.228706,47.77129364013672
10,Ammonia,800.0,Ammonia,519.16876,280.83123779296875
10,Acetone,200.0,Toluene,93.56548,106.43451690673828
10,Ammonia,400.0,Toluene,194.46216,205.537841796875
10,Acetone,10.0,Toluene,2.202179,7.797821044921875
10,Ammonia,50.0,Toluene,28.268631,21.731369018554688
10,Acetone,250.0,Toluene,120.38055,129.61945343017578
10,Ammonia,600.0,Ammonia,359.09418,240.90582275390625
10,Acetone,150.0,Toluene,65.3105,84.68949890136719
10,Ammonia,1000.0,Ammonia,642.3745,357.62548828125
10,Acetone,150.0,Toluene,64.10863,85.89137268066406
10,Ammonia,1000.0,Ammonia,651.1727,348.8272705078125
10,Acetone,50.0,Toluene,34.610054,15.389945983886719
10,Ammonia,200.0,Toluene,83.51228,116.48771667480469
10,Acetone,100.0,Toluene,55.58126,44.418739318847656
10,Ammonia,800.0,Ammonia,482.15726,317.8427429199219
10,Acetone,200.0,Toluene,93.99281,106.00718688964844
10,Ammonia,400.0,Toluene,198.94812,201.0518798828125
10,Acetone,10.0,Toluene,0.7839813,9.216018676757812
10,Ammonia,50.0,Toluene,26.809685,23.19031524658203
10,Acetone,250.0,Toluene,121.973045,128.0269546508789
10,Ammonia,600.0,Ammonia,371.30878,228.69122314453125
10,Acetone,250.0,Toluene,119.59163,130.4083709716797
10,Ammonia,600.0,Ammonia,371.6775,228.322509765625
10,Acetone,150.0,Toluene,72.1468,77.85320281982422
10,Ammonia,1000.0,Ammonia,623.9026,376.097412109375
10,Acetone,10.0,Toluene,3.116066,6.883934020996094
10,Ammonia,50.0,Toluene,27.65155,22.34844970703125
10,Acetone,50.0,Toluene,32.673492,17.326507568359375
10,Ammonia,200.0,Toluene,83.69998,116.30001831054688
10,Acetone,100.0,Toluene,56.472137,43.527862548828125
10,Ammonia,800.0,Ammonia,473.5757,326.4242858886719
10,Acetone,200.0,Toluene,112.58234,87.41766357421875
10,Ammonia,400.0,Toluene,202.54103,197.45896911621094
10,Acetone,10.0,Toluene,2.4494705,7.550529479980469
10,Ammonia,50.0,Toluene,26.63691,23.36309051513672
10,Acetone,250.0,Ammonia,130.64534,119.35466003417969
10,Ammonia,600.0,Ammonia,374.73312,225.26687622070312
10,Acetone,150.0,Toluene,82.8454,67.15460205078125
10,Ammonia,1000.0,Ammonia,641.03394,358.966064453125
10,Acetone,50.0,Toluene,31.55935,18.440650939941406
10,Ammonia,200.0,Toluene,86.5453,113.45469665527344
10,Acetone,100.0,Toluene,59.37471,40.62528991699219
10,Ammonia,800.0,Ammonia,516.6208,283.37921142578125
10,Acetone,200.0,Toluene,106.541435,93.45856475830078
10,Ammonia,400.0,Ammonia,198.82803,201.17196655273438
10,Acetone,50.0,Toluene,30.149536,19.8504638671875
10,Ammonia,200.0,Toluene,86.96864,113.03135681152344
10,Acetone,100.0,Toluene,56.08911,43.910888671875
10,Ammonia,800.0,Ammonia,503.6945,296.3055114746094
10,Acetone,200.0,Toluene,95.75751,104.24249267578125
10,Ammonia,400.0,Toluene,195.5813,204.418701171875
10,Acetone,10.0,Toluene,1.569664,8.430335998535156
10,Ammonia,50.0,Toluene,29.598701,20.40129852294922
10,Acetone,250.0,Ammonia,125.13409,124.86591339111328
10,Ammonia,600.0,Ammonia,372.80014,227.19985961914062
10,Acetone,150.0,Toluene,74.802475,75.19752502441406
10,Ammonia,1000.0,Ammonia,681.02106,318.97894287109375
10,Toluene,1.0,Toluene,13.826019,12.826019287109375
10,Acetaldehyde,10.0,Ethylene,54.38588,44.38587951660156
10,Toluene,100.0,Ethylene,210.40392,110.40391540527344
10,Acetaldehyde,150.0,Ammonia,448.726,298.72601318359375
10,Toluene,60.0,Ethylene,118.90623,58.906227111816406
10,Acetaldehyde,250.0,Ammonia,807.8629,557.8629150390625
10,Toluene,20.0,Ethylene,58.083046,38.083045959472656
10,Acetaldehyde,50.0,Ammonia,170.85487,120.85487365722656
10,Toluene,40.0,Ethylene,79.95627,39.956268310546875
10,Acetaldehyde,200.0,Ammonia,627.6154,427.61541748046875
10,Toluene,80.0,Ethylene,158.49002,78.49002075195312
10,Acetaldehyde,100.0,Ammonia,309.32678,209.3267822265625
10,Toluene,60.0,Ethylene,115.25685,55.25685119628906
10,Acetaldehyde,250.0,Ammonia,771.77594,521.7759399414062
10,Toluene,20.0,Ethylene,54.7575,34.75749969482422
10,Acetaldehyde,50.0,Ethylene,152.40826,102.40826416015625
10,Toluene,40.0,Ethylene,79.30848,39.30847930908203
10,Acetaldehyde,200.0,Ammonia,632.16327,432.16326904296875
10,Toluene,80.0,Ethylene,158.19673,78.19673156738281
10,Acetaldehyde,100.0,Ammonia,319.60403,219.60403442382812
10,Toluene,1.0,Toluene,13.964249,12.964248657226562
10,Acetaldehyde,10.0,Ammonia,55.139374,45.139373779296875
10,Toluene,100.0,Ethylene,198.6977,98.69769287109375
10,Acetaldehyde,150.0,Ammonia,455.7108,305.7107849121094
10,Toluene,20.0,Ethylene,53.87288,33.87287902832031
10,Acetaldehyde,50.0,Ethylene,159.52744,109.52743530273438
10,Toluene,40.0,Ethylene,77.10619,37.10619354248047
10,Acetaldehyde,200.0,Ammonia,601.39197,401.3919677734375
10,Toluene,80.0,Ethylene,154.97832,74.97831726074219
10,Acetaldehyde,100.0,Ethylene,278.61017,178.61016845703125
10,Toluene,1.0,Toluene,14.741013,13.741012573242188
10,Acetaldehyde,10.0,Ammonia,50.006332,40.00633239746094
10,Toluene,100.0,Ethylene,204.44308,104.44308471679688
10,Acetaldehyde,150.0,Ammonia,457.9036,307.9035949707031
10,Toluene,60.0,Ethylene,117.03713,57.037132263183594
10,Acetaldehyde,250.0,Ammonia,768.6476,518.6475830078125
10,Toluene,1.0,Toluene,12.306305,11.306304931640625
10,Acetaldehyde,10.0,Ammonia,48.05124,38.051239013671875
10,Toluene,20.0,Ethylene,50.88227,30.88227081298828
10,Acetaldehyde,50.0,Ethylene,160.1689,110.16889953613281
10,Toluene,40.0,Ethylene,73.32532,33.3253173828125
10,Acetaldehyde,200.0,Ammonia,597.82263,397.8226318359375
10,Toluene,80.0,Ethylene,163.22743,83.22743225097656
10,Acetaldehyde,100.0,Ethylene,285.4489,185.44891357421875
10,Toluene,100.0,Ethylene,197.45795,97.45794677734375
10,Acetaldehyde,150.0,Ammonia,455.40015,305.400146484375
10,Toluene,60.0,Ethylene,112.89284,52.89283752441406
10,Acetaldehyde,250.0,Ammonia,766.739,516.739013671875
10,Toluene,80.0,Ethylene,156.72316,76.72315979003906
10,Acetaldehyde,100.0,Ethylene,291.1694,191.16940307617188
10,Toluene,1.0,Toluene,13.884956,12.884956359863281
10,Acetaldehyde,10.0,Ammonia,49.375023,39.375022888183594
10,Toluene,100.0,Ethylene,207.92995,107.92994689941406
10,Acetaldehyde,150.0,Ammonia,465.82394,315.8239440917969
10,Toluene,60.0,Ethylene,117.50728,57.50727844238281
10,Acetaldehyde,250.0,Ammonia,763.828,513.8280029296875
10,Toluene,20.0,Ethylene,54.51641,34.51641082763672
10,Acetaldehyde,50.0,Ethylene,159.29701,109.29701232910156
10,Toluene,40.0,Ethylene,80.15915,40.159149169921875
10,Acetaldehyde,200.0,Ammonia,615.9132,415.9132080078125
10,Toluene,20.0,Ethylene,51.808884,31.808883666992188
10,Acetaldehyde,50.0,Ethylene,157.0555,107.05549621582031
10,Toluene,40.0,Ethylene,77.493866,37.493865966796875
10,Acetaldehyde,200.0,Ammonia,627.10925,427.1092529296875
10,Toluene,80.0,Ethylene,166.1119,86.11189270019531
10,Acetaldehyde,100.0,Ammonia,308.2216,208.22158813476562
10,Toluene,1.0,Toluene,13.93026,12.930259704589844
10,Acetaldehyde,10.0,Ammonia,48.544823,38.544822692871094
10,Toluene,100.0,Ethylene,208.98293,108.98292541503906
10,Acetaldehyde,150.0,Ammonia,446.1943,296.1943054199219
10,Toluene,60.0,Ethylene,114.05313,54.053131103515625
10,Acetaldehyde,250.0,Ammonia,771.4816,521.4816284179688
10,Toluene,60.0,Ethylene,110.163345,50.16334533691406
10,Acetaldehyde,250.0,Ammonia,767.8478,517.8477783203125
10,Toluene,20.0,Ethylene,52.71691,32.71691131591797
10,Acetaldehyde,50.0,Ethylene,151.81808,101.81808471679688
10,Toluene,40.0,Ethylene,74.72108,34.72107696533203
10,Acetaldehyde,200.0,Ammonia,602.6007,402.6007080078125
10,Toluene,80.0,Ethylene,159.31279,79.31278991699219
10,Acetaldehyde,100.0,Ethylene,289.83658,189.83657836914062
10,Toluene,1.0,Toluene,11.560272,10.560272216796875
10,Acetaldehyde,10.0,Ammonia,51.081886,41.081886291503906
10,Toluene,100.0,Ethylene,204.51794,104.5179443359375
10,Acetaldehyde,150.0,Ammonia,462.44946,312.449462890625
10,Toluene,100.0,Ethylene,201.64069,101.64068603515625
10,Acetaldehyde,150.0,Ammonia,424.02258,274.0225830078125
10,Toluene,60.0,Ethylene,116.84472,56.84471893310547
10,Acetaldehyde,250.0,Ammonia,780.62177,530.6217651367188
10,Toluene,1.0,Toluene,13.790665,12.790664672851562
10,Acetaldehyde,10.0,Ammonia,52.907562,42.907562255859375
10,Toluene,20.0,Ethylene,54.839195,34.839195251464844
10,Acetaldehyde,50.0,Ethylene,164.87796,114.87796020507812
10,Toluene,40.0,Ethylene,80.40449,40.40448760986328
10,Acetaldehyde,200.0,Ammonia,650.75,450.75
10,Toluene,80.0,Ethylene,168.45506,88.45506286621094
10,Acetaldehyde,100.0,Ammonia,308.37506,208.37506103515625
10,Toluene,1.0,Toluene,13.318932,12.318931579589844
10,Acetaldehyde,10.0,Ammonia,53.695145,43.69514465332031
10,Toluene,100.0,Ethylene,211.0192,111.01919555664062
10,Acetaldehyde,150.0,Ammonia,473.62173,323.6217346191406
10,Toluene,60.0,Ethylene,116.54286,56.54286193847656
10,Acetaldehyde,250.0,Ammonia,765.46814,515.4681396484375
10,Toluene,20.0,Ethylene,58.191505,38.191505432128906
10,Acetaldehyde,50.0,Ethylene,157.01503,107.01502990722656
10,Toluene,40.0,Ethylene,80.845,40.845001220703125
10,Acetaldehyde,200.0,Ammonia,619.2748,419.2747802734375
10,Toluene,80.0,Ethylene,155.7814,75.78140258789062
10,Acetaldehyde,100.0,Ethylene,287.26743,187.26742553710938
10,Toluene,20.0,Ethylene,56.042023,36.042022705078125
10,Acetaldehyde,50.0,Ethylene,147.27097,97.27096557617188
10,Toluene,40.0,Ethylene,77.569275,37.56927490234375
10,Acetaldehyde,200.0,Ammonia,593.7533,393.7532958984375
10,Toluene,80.0,Ethylene,157.94305,77.94305419921875
10,Acetaldehyde,100.0,Ethylene,287.53027,187.5302734375
10,Toluene,1.0,Toluene,12.818169,11.818168640136719
10,Acetaldehyde,10.0,Ethylene,48.36953,38.369529724121094
10,Toluene,100.0,Ethylene,197.1283,97.1282958984375
10,Acetaldehyde,150.0,Ammonia,438.68048,288.68048095703125
10,Toluene,60.0,Ethylene,111.75761,51.757606506347656
10,Acetaldehyde,250.0,Ammonia,745.0296,495.02960205078125
10,Ethylene,10.0,Toluene,11.324425,1.3244247436523438
10,Ethanol,50.0,Ammonia,20.98574,29.014259338378906
10,Ethylene,250.0,Toluene,52.16233,197.8376693725586
10,Ethanol,600.0,Ethanol,254.87347,345.12652587890625
10,Ethylene,150.0,Toluene,45.95539,104.04460906982422
10,Ethanol,1000.0,Ethanol,429.66144,570.3385620117188
10,Ethylene,50.0,Toluene,24.640419,25.359580993652344
10,Ethanol,200.0,Ethanol,122.43193,77.56806945800781
10,Ethylene,100.0,Toluene,38.14747,61.85253143310547
10,Ethanol,800.0,Ethanol,372.30463,427.69537353515625
10,Ethylene,200.0,Toluene,46.381577,153.61842346191406
10,Ethanol,400.0,Ethanol,198.26712,201.73287963867188
10,Ethylene,150.0,Toluene,42.53295,107.46704864501953
10,Ethanol,1000.0,Ethanol,432.8875,567.1124877929688
10,Ethylene,50.0,Toluene,26.091011,23.90898895263672
10,Ethanol,200.0,Ethanol,123.12304,76.87696075439453
10,Ethylene,100.0,Toluene,39.46116,60.538841247558594
10,Ethanol,800.0,Ethanol,369.4082,430.591796875
10,Ethylene,200.0,Toluene,47.857826,152.14217376708984
10,Ethanol,400.0,Ethanol,199.87845,200.12155151367188
10,Ethylene,10.0,Toluene,10.265816,0.26581573486328125
10,Ethanol,50.0,Acetaldehyde,21.550064,28.449935913085938
10,Ethylene,250.0,Toluene,51.23728,198.7627182006836
10,Ethanol,600.0,Ethanol,240.6581,359.34190368652344
10,Ethylene,50.0,Toluene,26.603897,23.396102905273438
10,Ethanol,200.0,Ethanol,112.61325,87.38674926757812
10,Ethylene,100.0,Toluene,45.22429,54.77571105957031
10,Ethanol,800.0,Ethanol,258.38956,541.6104431152344
10,Ethylene,200.0,Toluene,53.21325,146.78675079345703
10,Ethanol,400.0,Ethanol,153.53865,246.4613494873047
10,Ethylene,10.0,Toluene,10.026405,0.02640533447265625
10,Ethanol,50.0,Ethanol,28.320152,21.679847717285156
10,Ethylene,250.0,Toluene,56.883797,193.11620330810547
10,Ethanol,600.0,Ethanol,235.80386,364.1961364746094
10,Ethylene,150.0,Toluene,43.351723,106.64827728271484
10,Ethanol,1000.0,Ethanol,365.19626,634.8037414550781
10,Ethylene,10.0,Toluene,9.129089,0.87091064453125
10,Ethanol,50.0,Acetaldehyde,20.9869,29.013099670410156
10,Ethylene,50.0,Toluene,25.699593,24.30040740966797
10,Ethanol,200.0,Ethanol,114.376205,85.62379455566406
10,Ethylene,100.0,Toluene,37.70169,62.298309326171875
10,Ethanol,800.0,Ethanol,319.32568,480.67431640625
10,Ethylene,200.0,Toluene,47.91469,152.08531188964844
10,Ethanol,400.0,Ethanol,171.1637,228.8363037109375
10,Ethylene,250.0,Toluene,50.993515,199.00648498535156
10,Ethanol,600.0,Ethanol,242.73549,357.26451110839844
10,Ethylene,150.0,Toluene,43.49498,106.50502014160156
10,Ethanol,1000.0,Ethanol,374.58148,625.4185180664062
10,Ethylene,200.0,Toluene,51.55799,148.44200897216797
10,Ethanol,400.0,Ethanol,167.51797,232.48202514648438
10,Ethylene,10.0,Toluene,8.532944,1.4670562744140625
10,Ethanol,50.0,Acetaldehyde,17.69017,32.30982971191406
10,Ethylene,250.0,Toluene,52.20552,197.7944793701172
10,Ethanol,600.0,Ethanol,242.64085,357.35914611816406
10,Ethylene,150.0,Toluene,46.60592,103.39408111572266
10,Ethanol,1000.0,Ethanol,378.8483,621.1517028808594
10,Ethylene,50.0,Toluene,21.382286,28.617713928222656
10,Ethanol,200.0,Ethanol,110.6814,89.318603515625
10,Ethylene,100.0,Toluene,37.115532,62.88446807861328
10,Ethanol,800.0,Ethanol,326.47906,473.52093505859375
10,Ethylene,50.0,Toluene,23.397049,26.602951049804688
10,Ethanol,200.0,Ethanol,115.53692,84.46308135986328
10,Ethylene,100.0,Toluene,39.748352,60.25164794921875
10,Ethanol,800.0,Ethanol,325.78452,474.2154846191406
10,Ethylene,200.0,Toluene,49.46897,150.5310287475586
10,Ethanol,400.0,Ethanol,181.68588,218.31411743164062
10,Ethylene,10.0,Toluene,6.6378174,3.3621826171875
10,Ethanol,50.0,Acetaldehyde,26.6306,23.369400024414062
10,Ethylene,250.0,Toluene,52.42434,197.5756607055664
10,Ethanol,600.0,Ethanol,258.38858,341.6114196777344
10,Ethylene,150.0,Toluene,43.553078,106.4469223022461
10,Ethanol,1000.0,Ethanol,414.79712,585.202880859375
10,Ethylene,150.0,Toluene,44.20214,105.79785919189453
10,Ethanol,1000.0,Ethanol,425.08218,574.9178161621094
10,Ethylene,50.0,Toluene,22.958351,27.041648864746094
10,Ethanol,200.0,Ethanol,117.293434,82.7065658569336
10,Ethylene,100.0,Toluene,37.285408,62.71459197998047
10,Ethanol,800.0,Ethanol,359.02576,440.9742431640625
10,Ethylene,200.0,Toluene,48.584175,151.41582489013672
10,Ethanol,400.0,Ethanol,184.83525,215.1647491455078
10,Ethylene,10.0,Toluene,7.0781784,2.9218215942382812
10,Ethanol,50.0,Acetaldehyde,24.985725,25.01427459716797
10,Ethylene,250.0,Toluene,49.767433,200.2325668334961
10,Ethanol,600.0,Ethanol,260.27835,339.7216491699219
10,Ethylene,250.0,Toluene,51.053154,198.94684600830078
10,Ethanol,600.0,Ethanol,267.5667,332.43328857421875
10,Ethylene,150.0,Toluene,41.989822,108.01017761230469
10,Ethanol,1000.0,Ethanol,426.28192,573.7180786132812
10,Ethylene,10.0,Toluene,5.898796,4.101203918457031
10,Ethanol,50.0,Acetaldehyde,30.246712,19.75328826904297
10,Ethylene,50.0,Toluene,22.516006,27.483993530273438
10,Ethanol,200.0,Ethanol,119.04818,80.95182037353516
10,Ethylene,100.0,Toluene,38.830765,61.16923522949219
10,Ethanol,800.0,Ethanol,365.85306,434.1469421386719
10,Ethylene,200.0,Toluene,48.378365,151.62163543701172
10,Ethanol,400.0,Ethanol,199.04408,200.95591735839844
10,Ethylene,10.0,Toluene,7.271698,2.728302001953125
10,Ethanol,50.0,Acetaldehyde,30.176392,19.8236083984375
10,Ethylene,250.0,Toluene,50.864784,199.13521575927734
10,Ethanol,600.0,Ethanol,294.28915,305.7108459472656
10,Ethylene,150.0,Toluene,45.546165,104.4538345336914
10,Ethanol,1000.0,Ethanol,469.81427,530.1857299804688
10,Ethylene,50.0,Toluene,24.17508,25.824920654296875
10,Ethanol,200.0,Ethanol,122.86609,77.1339111328125
10,Ethylene,100.0,Toluene,41.82924,58.17076110839844
10,Ethanol,800.0,Ethanol,399.93936,400.0606384277344
10,Ethylene,200.0,Toluene,48.85276,151.1472396850586
10,Ethanol,400.0,Ethanol,217.40668,182.59332275390625
10,Ethylene,50.0,Toluene,23.463478,26.536521911621094
10,Ethanol,200.0,Ethanol,125.836,74.16400146484375
10,Ethylene,100.0,Toluene,40.882874,59.11712646484375
10,Ethanol,800.0,Ethanol,399.12543,400.87457275390625
10,Ethylene,200.0,Toluene,50.019478,149.98052215576172
10,Ethanol,400.0,Ethanol,215.91885,184.08114624023438
10,Ethylene,10.0,Toluene,8.939804,1.0601959228515625
10,Ethanol,50.0,Ethanol,36.20372,13.796279907226562
10,Ethylene,250.0,Toluene,52.012817,197.9871826171875
10,Ethanol,600.0,Ethanol,308.19244,291.80755615234375
10,Ethylene,150.0,Toluene,45.412224,104.58777618408203
10,Ethanol,1000.0,Ethanol,483.72775,516.2722473144531
10,Ethylene,10.0,Toluene,8.979454,1.0205459594726562
10,Ethanol,50.0,Ethanol,50.633614,0.6336135864257812
10,Ethylene,250.0,Toluene,97.027145,152.9728546142578
10,Ethanol,600.0,Ethanol,683.12714,83.12713623046875
10,Ethylene,150.0,Toluene,42.402252,107.59774780273438
10,Ethanol,1000.0,Ethanol,1067.6964,67.6964111328125
10,Ethylene,50.0,Toluene,21.82061,28.17938995361328
10,Ethanol,200.0,Ethanol,202.48529,2.48529052734375
10,Ethylene,100.0,Toluene,37.81418,62.185821533203125
10,Ethanol,800.0,Ethanol,861.0545,61.05450439453125
10,Ethylene,200.0,Toluene,54.073128,145.92687225341797
10,Ethanol,400.0,Ethanol,414.1938,14.19378662109375
10,Ethylene,150.0,Toluene,45.50107,104.49893188476562
10,Ethanol,1000.0,Ethanol,1093.3374,93.33740234375
10,Ethylene,50.0,Toluene,22.71753,27.282470703125
10,Ethanol,200.0,Ethanol,201.90306,1.9030609130859375
10,Ethylene,100.0,Toluene,38.38018,61.61981964111328
10,Ethanol,800.0,Ethanol,867.2057,67.2056884765625
10,Ethylene,200.0,Toluene,55.612175,144.38782501220703
10,Ethanol,400.0,Ethanol,403.19885,3.1988525390625
10,Ethylene,10.0,Toluene,11.6512985,1.6512985229492188
10,Ethanol,50.0,Ethanol,51.43345,1.4334487915039062
10,Ethylene,250.0,Toluene,99.83568,150.16432189941406
10,Ethanol,600.0,Ethanol,678.1802,78.18017578125
10,Ethylene,50.0,Toluene,21.820198,28.17980194091797
10,Ethanol,200.0,Ethanol,229.04929,29.049285888671875
10,Ethylene,100.0,Toluene,37.68744,62.31256103515625
10,Ethanol,800.0,Ethanol,924.0549,124.05487060546875
10,Ethylene,200.0,Toluene,62.989876,137.01012420654297
10,Ethanol,400.0,Ethanol,464.8879,64.88790893554688
10,Ethylene,10.0,Toluene,11.934288,1.9342880249023438
10,Ethanol,50.0,Ethanol,53.02182,3.021820068359375
10,Ethylene,250.0,Toluene,98.253174,151.746826171875
10,Ethanol,600.0,Ethanol,671.24414,71.244140625
10,Ethylene,150.0,Toluene,44.651215,105.34878540039062
10,Ethanol,1000.0,Ethanol,1152.4314,152.431396484375
10,Ethylene,10.0,Toluene,12.368927,2.368927001953125
10,Ethanol,50.0,Ethanol,51.932022,1.9320220947265625
10,Ethylene,50.0,Toluene,25.549538,24.450462341308594
10,Ethanol,200.0,Ethanol,221.95958,21.959579467773438
10,Ethylene,100.0,Toluene,43.319557,56.680442810058594
10,Ethanol,800.0,Ethanol,898.40186,98.40185546875
10,Ethylene,200.0,Toluene,59.67601,140.32398986816406
10,Ethanol,400.0,Ethanol,418.86746,18.867462158203125
10,Ethylene,250.0,Toluene,88.25493,161.7450714111328
10,Ethanol,600.0,Ethanol,647.2507,47.25067138671875
10,Ethylene,150.0,Toluene,47.811943,102.18805694580078
10,Ethanol,1000.0,Ethanol,1130.5084,130.5084228515625
10,Ethylene,200.0,Toluene,62.644516,137.35548400878906
10,Ethanol,400.0,Ethanol,407.78488,7.784881591796875
10,Ethylene,10.0,Toluene,12.5466385,2.5466384887695312
10,Ethanol,50.0,Ethanol,48.133034,1.8669662475585938
10,Ethylene,250.0,Toluene,98.53902,151.4609832763672
10,Ethanol,600.0,Ethanol,642.68353,42.68353271484375
10,Ethylene,150.0,Toluene,45.481064,104.51893615722656
10,Ethanol,1000.0,Ethanol,1121.0386,121.03857421875
10,Ethylene,50.0,Toluene,25.112358,24.88764190673828
10,Ethanol,200.0,Ethanol,201.2084,1.208404541015625
10,Ethylene,100.0,Toluene,42.21518,57.784820556640625
10,Ethanol,800.0,Ethanol,881.259,81.25897216796875
10,Ethylene,50.0,Toluene,26.829414,23.17058563232422
10,Ethanol,200.0,Ethanol,201.9997,1.99969482421875
10,Ethylene,100.0,Toluene,38.55207,61.44792938232422
10,Ethanol,800.0,Ethanol,871.1575,71.157470703125
10,Ethylene,200.0,Toluene,68.713974,131.28602600097656
10,Ethanol,400.0,Ethanol,402.90094,2.90093994140625
10,Ethylene,10.0,Toluene,12.431885,2.431884765625
10,Ethanol,50.0,Ethanol,55.90457,5.904571533203125
10,Ethylene,250.0,Ethylene,107.220894,142.77910614013672
10,Ethanol,600.0,Ethanol,642.85284,42.85284423828125
10,Ethylene,150.0,Toluene,47.78813,102.21186828613281
10,Ethanol,1000.0,Ethanol,1127.813,127.81298828125
10,Ethylene,150.0,Toluene,46.23725,103.76274871826172
10,Ethanol,1000.0,Ethanol,1118.0775,118.0775146484375
10,Ethylene,50.0,Toluene,26.65741,23.34259033203125
10,Ethanol,200.0,Ethanol,205.72626,5.72625732421875
10,Ethylene,100.0,Toluene,41.74214,58.25785827636719
10,Ethanol,800.0,Ethanol,881.3724,81.37237548828125
10,Ethylene,200.0,Toluene,69.78137,130.2186279296875
10,Ethanol,400.0,Ethanol,406.09222,6.09222412109375
10,Ethylene,10.0,Toluene,9.864731,0.1352691650390625
10,Ethanol,50.0,Ethanol,53.566772,3.5667724609375
10,Ethylene,250.0,Ethylene,105.81637,144.18363189697266
10,Ethanol,600.0,Ethanol,642.5395,42.53948974609375
10,Ethylene,250.0,Toluene,93.63306,156.366943359375
10,Ethanol,600.0,Ethanol,630.00964,30.0096435546875
10,Ethylene,150.0,Toluene,47.009827,102.99017333984375
10,Ethanol,1000.0,Ethanol,1108.011,108.010986328125
10,Ethylene,10.0,Toluene,12.881142,2.8811416625976562
10,Ethanol,50.0,Ethanol,42.59555,7.404449462890625
10,Ethylene,50.0,Toluene,22.095528,27.90447235107422
10,Ethanol,200.0,Ethanol,193.73111,6.268890380859375
10,Ethylene,100.0,Toluene,34.49285,65.50714874267578
10,Ethanol,800.0,Ethanol,866.4181,66.4180908203125
10,Ethylene,200.0,Toluene,68.51843,131.4815673828125
10,Ethanol,400.0,Ethanol,397.29517,2.704833984375
10,Ethylene,10.0,Toluene,10.855606,0.8556060791015625
10,Ethanol,50.0,Ethanol,37.0643,12.935699462890625
10,Ethylene,250.0,Ethylene,98.51117,151.48883056640625
10,Ethanol,600.0,Ethanol,604.0655,4.06549072265625
10,Ethylene,150.0,Toluene,46.58161,103.41838836669922
10,Ethanol,1000.0,Ethanol,1055.3109,55.3109130859375
10,Ethylene,50.0,Toluene,22.711075,27.288925170898438
10,Ethanol,200.0,Ethanol,186.68,13.32000732421875
10,Ethylene,100.0,Toluene,34.34308,65.65692138671875
10,Ethanol,800.0,Ethanol,833.7898,33.789794921875
10,Ethylene,200.0,Toluene,72.21327,127.78672790527344
10,Ethanol,400.0,Ethanol,387.11176,12.88824462890625
10,Ethylene,50.0,Toluene,22.321526,27.67847442626953
10,Ethanol,200.0,Ethanol,185.9049,14.0950927734375
10,Ethylene,100.0,Toluene,39.336884,60.663116455078125
10,Ethanol,800.0,Ethanol,824.5889,24.58892822265625
10,Ethylene,200.0,Toluene,71.987465,128.01253509521484
10,Ethanol,400.0,Ethanol,378.75894,21.241058349609375
10,Ethylene,10.0,Toluene,9.407173,0.5928268432617188
10,Ethanol,50.0,Acetaldehyde,25.592148,24.407852172851562
10,Ethylene,250.0,Ethylene,92.47008,157.52992248535156
10,Ethanol,600.0,Ethanol,587.90796,12.092041015625
10,Ethylene,150.0,Toluene,51.97319,98.02680969238281
10,Ethanol,1000.0,Ethanol,1033.242,33.241943359375
10,Ethylene,10.0,Toluene,17.006805,7.006805419921875
10,Ethanol,50.0,Ammonia,36.647423,13.352577209472656
10,Ethylene,250.0,Ethylene,98.649155,151.35084533691406
10,Ethanol,600.0,Ethanol,566.3988,33.6011962890625
10,Ethylene,150.0,Ethylene,62.927025,87.0729751586914
10,Ethanol,1000.0,Ethanol,982.009,17.99102783203125
10,Ethylene,50.0,Toluene,23.940262,26.059738159179688
10,Ethanol,200.0,Ethanol,163.29321,36.706787109375
10,Ethylene,100.0,Ethylene,49.6232,50.376800537109375
10,Ethanol,800.0,Ethanol,815.82935,15.829345703125
10,Ethylene,200.0,Ethylene,73.43253,126.56746673583984
10,Ethanol,400.0,Ethanol,356.0564,43.943603515625
10,Ethylene,150.0,Ethylene,62.35887,87.64112854003906
10,Ethanol,1000.0,Ethanol,1000.7558,0.75579833984375
10,Ethylene,50.0,Toluene,24.751137,25.248863220214844
10,Ethanol,200.0,Ethanol,160.98727,39.012725830078125
10,Ethylene,100.0,Ethylene,51.585938,48.4140625
10,Ethanol,800.0,Ethanol,726.11017,73.88983154296875
10,Ethylene,200.0,Ethylene,76.46779,123.53221130371094
10,Ethanol,400.0,Ethanol,329.81845,70.18154907226562
10,Ethylene,10.0,Toluene,11.873619,1.8736190795898438
10,Ethanol,50.0,Ethanol,45.302437,4.697563171386719
10,Ethylene,250.0,Ethylene,99.824005,150.17599487304688
10,Ethanol,600.0,Ethanol,547.56055,52.439453125
10,Ethylene,50.0,Toluene,21.269043,28.73095703125
10,Ethanol,200.0,Ethanol,156.54245,43.457550048828125
10,Ethylene,100.0,Toluene,44.86212,55.13787841796875
10,Ethanol,800.0,Ethanol,698.2792,101.7208251953125
10,Ethylene,200.0,Ethylene,80.14583,119.85417175292969
10,Ethanol,400.0,Ethanol,308.37213,91.62786865234375
10,Ethylene,10.0,Toluene,9.514679,0.485321044921875
10,Ethanol,50.0,Ethanol,48.312874,1.6871261596679688
10,Ethylene,250.0,Ethylene,96.429596,153.57040405273438
10,Ethanol,600.0,Ethanol,535.3947,64.60528564453125
10,Ethylene,150.0,Ethylene,59.96855,90.03144836425781
10,Ethanol,1000.0,Ethanol,963.78894,36.2110595703125
10,Ethylene,10.0,Toluene,8.539902,1.4600982666015625
10,Ethanol,50.0,Ethanol,37.08349,12.916511535644531
10,Ethylene,50.0,Toluene,23.32933,26.670669555664062
10,Ethanol,200.0,Ethanol,166.19078,33.80921936035156
10,Ethylene,100.0,Toluene,47.562668,52.43733215332031
10,Ethanol,800.0,Ethanol,777.5019,22.49810791015625
10,Ethylene,200.0,Ethylene,70.91261,129.08738708496094
10,Ethanol,400.0,Ethanol,338.33377,61.666229248046875
10,Ethylene,250.0,Ethylene,90.80944,159.19055938720703
10,Ethanol,600.0,Ethanol,548.9249,51.0750732421875
10,Ethylene,150.0,Toluene,54.775085,95.22491455078125
10,Ethanol,1000.0,Ethanol,980.4563,19.543701171875
10,Ethylene,200.0,Ethylene,72.50586,127.494140625
10,Ethanol,400.0,Ethanol,338.47754,61.5224609375
10,Ethylene,10.0,Toluene,6.5095673,3.4904327392578125
10,Ethanol,50.0,Ethanol,37.588272,12.411727905273438
10,Ethylene,250.0,Ethylene,95.227554,154.77244567871094
10,Ethanol,600.0,Ethanol,556.3982,43.601806640625
10,Ethylene,150.0,Toluene,54.33687,95.66313171386719
10,Ethanol,1000.0,Ethanol,985.0738,14.92620849609375
10,Ethylene,50.0,Toluene,17.531326,32.46867370605469
10,Ethanol,200.0,Ethanol,170.47467,29.52532958984375
10,Ethylene,100.0,Toluene,39.953888,60.046112060546875
10,Ethanol,800.0,Ethanol,771.41174,28.5882568359375
10,Ethylene,50.0,Toluene,15.942688,34.05731201171875
10,Ethanol,200.0,Ethanol,168.80783,31.192169189453125
10,Ethylene,100.0,Toluene,37.411194,62.58880615234375
10,Ethanol,800.0,Ethanol,773.67163,26.328369140625
10,Ethylene,200.0,Toluene,70.56154,129.43846130371094
10,Ethanol,400.0,Ethanol,344.3323,55.667694091796875
10,Ethylene,10.0,Toluene,7.627449,2.3725509643554688
10,Ethanol,50.0,Ethanol,36.855865,13.144134521484375
10,Ethylene,250.0,Ethylene,90.85463,159.14537048339844
10,Ethanol,600.0,Ethanol,559.6239,40.3760986328125
10,Ethylene,150.0,Toluene,50.89965,99.10034942626953
10,Ethanol,1000.0,Ethanol,994.4053,5.5947265625
10,Ethylene,150.0,Toluene,54.805824,95.19417572021484
10,Ethanol,1000.0,Ethanol,991.5619,8.4381103515625
10,Ethylene,50.0,Toluene,16.151146,33.848854064941406
10,Ethanol,200.0,Ethanol,169.65028,30.349716186523438
10,Ethylene,100.0,Toluene,36.919495,63.08050537109375
10,Ethanol,800.0,Ethanol,785.53546,14.46453857421875
10,Ethylene,200.0,Ethylene,68.18006,131.81993865966797
10,Ethanol,400.0,Ethanol,351.30563,48.694366455078125
10,Ethylene,10.0,Toluene,9.349144,0.6508560180664062
10,Ethanol,50.0,Ethanol,39.009453,10.990547180175781
10,Ethylene,250.0,Ethylene,84.44986,165.55014038085938
10,Ethanol,600.0,Ethanol,562.9471,37.05291748046875
10,Ethylene,250.0,Ethylene,87.381454,162.61854553222656
10,Ethanol,600.0,Ethanol,566.14435,33.85565185546875
10,Ethylene,150.0,Toluene,40.59108,109.40892028808594
10,Ethanol,1000.0,Ethanol,1027.736,27.7359619140625
10,Ethylene,10.0,Toluene,7.552223,2.4477767944335938
10,Ethanol,50.0,Ethanol,38.77652,11.223480224609375
10,Ethylene,50.0,Toluene,18.607368,31.39263153076172
10,Ethanol,200.0,Ethanol,173.07542,26.924575805664062
10,Ethylene,100.0,Toluene,28.621109,71.37889099121094
10,Ethanol,800.0,Ethanol,790.4682,9.53179931640625
10,Ethylene,200.0,Toluene,61.34192,138.6580810546875
10,Ethanol,400.0,Ethanol,345.63885,54.36114501953125
10,Ethylene,10.0,Toluene,7.748268,2.2517318725585938
10,Ethanol,50.0,Ethanol,39.799225,10.200775146484375
10,Ethylene,250.0,Ethylene,90.82364,159.17636108398438
10,Ethanol,600.0,Ethanol,561.92645,38.07354736328125
10,Ethylene,150.0,Toluene,37.908752,112.09124755859375
10,Ethanol,1000.0,Ethanol,1032.2942,32.294189453125
10,Ethylene,50.0,Toluene,17.173256,32.826744079589844
10,Ethanol,200.0,Ethanol,170.70319,29.29681396484375
10,Ethylene,100.0,Toluene,31.587013,68.4129867553711
10,Ethanol,800.0,Ethanol,803.52905,3.529052734375
10,Ethylene,200.0,Toluene,67.13159,132.868408203125
10,Ethanol,400.0,Ethanol,348.4082,51.591796875
10,Ethylene,50.0,Toluene,17.169487,32.83051300048828
10,Ethanol,200.0,Ethanol,172.19594,27.804061889648438
10,Ethylene,100.0,Toluene,30.870728,69.1292724609375
10,Ethanol,800.0,Ethanol,801.41583,1.41583251953125
10,Ethylene,200.0,Toluene,63.146904,136.85309600830078
10,Ethanol,400.0,Ethanol,347.7792,52.220794677734375
10,Ethylene,10.0,Toluene,8.227989,1.7720108032226562
10,Ethanol,50.0,Ethanol,48.069008,1.9309921264648438
10,Ethylene,250.0,Ethylene,91.04344,158.95655822753906
10,Ethanol,600.0,Ethanol,525.4164,74.5836181640625
10,Ethylene,150.0,Toluene,41.57756,108.42243957519531
10,Ethanol,1000.0,Ethanol,1019.4898,19.48980712890625
10,Toluene,1.0,Toluene,19.43074,18.430740356445312
10,Ethanol,50.0,Ethanol,65.32576,15.325759887695312
10,Toluene,100.0,Ethylene,101.07893,1.0789337158203125
10,Ethanol,600.0,Ethanol,682.28986,82.28985595703125
10,Toluene,60.0,Toluene,64.54196,4.541961669921875
10,Ethanol,1000.0,Ethanol,1088.6265,88.62646484375
10,Toluene,20.0,Toluene,30.307854,10.307853698730469
10,Ethanol,200.0,Ethanol,217.84625,17.84625244140625
10,Toluene,40.0,Toluene,56.18985,16.189849853515625
10,Ethanol,800.0,Ethanol,981.1527,181.1527099609375
10,Toluene,80.0,Toluene,68.66849,11.331512451171875
10,Ethanol,400.0,Ethanol,441.8586,41.858612060546875
10,Toluene,60.0,Toluene,66.79343,6.793426513671875
10,Ethanol,1000.0,Ethanol,1149.9009,149.90087890625
10,Toluene,20.0,Toluene,33.837624,13.837623596191406
10,Ethanol,200.0,Ethanol,225.15628,25.156280517578125
10,Toluene,40.0,Toluene,50.52664,10.526641845703125
10,Ethanol,800.0,Ethanol,908.823,108.822998046875
10,Toluene,80.0,Toluene,75.34363,4.6563720703125
10,Ethanol,400.0,Ethanol,457.9947,57.99468994140625
10,Toluene,1.0,Toluene,20.421898,19.421897888183594
10,Ethanol,50.0,Ethanol,70.06937,20.069366455078125
10,Toluene,100.0,Toluene,95.87957,4.120429992675781
10,Ethanol,600.0,Ethanol,701.008,101.00799560546875
10,Toluene,20.0,Toluene,32.83403,12.834030151367188
10,Ethanol,200.0,Ethanol,226.83856,26.83856201171875
10,Toluene,40.0,Toluene,59.00544,19.00543975830078
10,Ethanol,800.0,Ethanol,872.50433,72.50433349609375
10,Toluene,80.0,Toluene,80.15755,0.1575469970703125
10,Ethanol,400.0,Ethanol,450.4313,50.431304931640625
10,Toluene,1.0,Toluene,20.93837,19.938369750976562
10,Ethanol,50.0,Ethanol,70.47043,20.470428466796875
10,Toluene,100.0,Toluene,96.49116,3.5088424682617188
10,Ethanol,600.0,Ethanol,675.17236,75.17236328125
10,Toluene,60.0,Toluene,72.68407,12.684066772460938
10,Ethanol,1000.0,Ethanol,1129.5616,129.5616455078125
10,Toluene,1.0,Toluene,22.022202,21.022201538085938
10,Ethanol,50.0,Ethanol,70.63541,20.635406494140625
10,Toluene,20.0,Toluene,33.44819,13.448188781738281
10,Ethanol,200.0,Ethanol,222.77515,22.775146484375
10,Toluene,40.0,Toluene,58.724197,18.724197387695312
10,Ethanol,800.0,Ethanol,926.39355,126.3935546875
10,Toluene,80.0,Toluene,84.39148,4.3914794921875
10,Ethanol,400.0,Ethanol,448.6552,48.65521240234375
10,Toluene,100.0,Toluene,108.03645,8.036453247070312
10,Ethanol,600.0,Ethanol,694.09674,94.09674072265625
10,Toluene,60.0,Toluene,71.92169,11.92169189453125
10,Ethanol,1000.0,Ethanol,1170.4014,170.4013671875
10,Toluene,80.0,Toluene,87.85549,7.855491638183594
10,Ethanol,400.0,Ethanol,450.304,50.303985595703125
10,Toluene,1.0,Toluene,21.35936,20.359359741210938
10,Ethanol,50.0,Ethanol,62.31732,12.31732177734375
10,Toluene,100.0,Ethylene,107.28796,7.287956237792969
10,Ethanol,600.0,Ethanol,678.791,78.791015625
10,Toluene,60.0,Toluene,70.89978,10.8997802734375
10,Ethanol,1000.0,Ethanol,1156.7096,156.7095947265625
10,Toluene,20.0,Toluene,33.227173,13.2271728515625
10,Ethanol,200.0,Ethanol,206.67813,6.678131103515625
10,Toluene,40.0,Toluene,58.52581,18.52581024169922
10,Ethanol,800.0,Ethanol,921.4877,121.4876708984375
10,Toluene,20.0,Toluene,32.169495,12.16949462890625
10,Ethanol,200.0,Ethanol,209.09665,9.096649169921875
10,Toluene,40.0,Toluene,57.102028,17.102027893066406
10,Ethanol,800.0,Ethanol,931.5743,131.57427978515625
10,Toluene,80.0,Toluene,86.99541,6.9954071044921875
10,Ethanol,400.0,Ethanol,440.95407,40.954071044921875
10,Toluene,1.0,Toluene,20.002815,19.00281524658203
10,Ethanol,50.0,Ethanol,65.28541,15.285408020019531
10,Toluene,100.0,Toluene,106.908905,6.908905029296875
10,Ethanol,600.0,Ethanol,672.831,72.83099365234375
10,Toluene,60.0,Toluene,71.383224,11.383224487304688
10,Ethanol,1000.0,Ethanol,1149.1016,149.1015625
10,Toluene,60.0,Toluene,71.33816,11.338157653808594
10,Ethanol,1000.0,Ethanol,1158.583,158.5830078125
10,Toluene,20.0,Toluene,32.368774,12.3687744140625
10,Ethanol,200.0,Ethanol,205.52112,5.5211181640625
10,Toluene,40.0,Toluene,58.115204,18.115203857421875
10,Ethanol,800.0,Ethanol,917.9312,117.93121337890625
10,Toluene,80.0,Toluene,80.79528,0.7952804565429688
10,Ethanol,400.0,Ethanol,428.66837,28.668365478515625
10,Toluene,1.0,Toluene,17.493034,16.49303436279297
10,Ethanol,50.0,Ethanol,62.341553,12.341552734375
10,Toluene,100.0,Toluene,116.2869,16.286903381347656
10,Ethanol,600.0,Ethanol,671.65814,71.65814208984375
10,Toluene,100.0,Toluene,111.58681,11.586807250976562
10,Ethanol,600.0,Ethanol,690.37897,90.37896728515625
10,Toluene,60.0,Toluene,73.9626,13.962600708007812
10,Ethanol,1000.0,Ethanol,1175.2397,175.23974609375
10,Toluene,1.0,Toluene,19.914673,18.9146728515625
10,Ethanol,50.0,Ethanol,56.023384,6.023384094238281
10,Toluene,20.0,Toluene,32.85755,12.857551574707031
10,Ethanol,200.0,Ethanol,209.12032,9.120315551757812
10,Toluene,40.0,Toluene,61.611168,21.611167907714844
10,Ethanol,800.0,Ethanol,918.3748,118.37481689453125
10,Toluene,80.0,Toluene,87.68366,7.683662414550781
10,Ethanol,400.0,Ethanol,428.99884,28.99884033203125
10,Toluene,1.0,Toluene,19.994255,18.99425506591797
10,Ethanol,50.0,Ethanol,63.99821,13.998210906982422
10,Toluene,100.0,Toluene,116.02218,16.022178649902344
10,Ethanol,600.0,Ethanol,671.2143,71.21429443359375
10,Toluene,60.0,Toluene,66.01032,6.010322570800781
10,Ethanol,1000.0,Ethanol,1167.4342,167.4342041015625
10,Toluene,20.0,Toluene,28.56025,8.560249328613281
10,Ethanol,200.0,Ethanol,202.464,2.4640045166015625
10,Toluene,40.0,Toluene,51.689095,11.689094543457031
10,Ethanol,800.0,Ethanol,905.94415,105.94415283203125
10,Toluene,80.0,Toluene,82.560715,2.5607147216796875
10,Ethanol,400.0,Ethanol,419.15607,19.15606689453125
10,Toluene,20.0,Toluene,28.470604,8.470603942871094
10,Ethanol,200.0,Ethanol,200.04611,0.046112060546875
10,Toluene,40.0,Toluene,49.15026,9.150260925292969
10,Ethanol,800.0,Ethanol,900.60504,100.60504150390625
10,Toluene,80.0,Toluene,83.52893,3.5289306640625
10,Ethanol,400.0,Ethanol,418.17496,18.174957275390625
10,Toluene,1.0,Toluene,20.419334,19.419334411621094
10,Ethanol,50.0,Ethanol,64.27249,14.272491455078125
10,Toluene,100.0,Ethylene,122.46852,22.468521118164062
10,Ethanol,600.0,Ethanol,672.30646,72.30645751953125
10,Toluene,60.0,Toluene,70.109436,10.10943603515625
10,Ethanol,1000.0,Ethanol,1162.5166,162.5166015625
10,Toluene,1.0,Toluene,13.699608,12.699607849121094
10,Ethanol,50.0,Ethanol,59.44702,9.447021484375
10,Toluene,100.0,Toluene,64.70389,35.296112060546875
10,Ethanol,600.0,Ethanol,703.04736,103.04736328125
10,Toluene,60.0,Toluene,46.36515,13.634849548339844
10,Ethanol,1000.0,Ethanol,1147.347,147.3470458984375
10,Toluene,20.0,Toluene,22.983055,2.9830551147460938
10,Ethanol,200.0,Ethanol,205.83301,5.8330078125
10,Toluene,40.0,Toluene,37.29219,2.7078094482421875
10,Ethanol,800.0,Ethanol,908.24963,108.2496337890625
10,Toluene,80.0,Toluene,52.029892,27.970108032226562
10,Ethanol,400.0,Ethanol,440.13214,40.13214111328125
10,Toluene,60.0,Toluene,45.408287,14.591712951660156
10,Ethanol,1000.0,Ethanol,1145.0957,145.095703125
10,Toluene,20.0,Toluene,21.205559,1.2055587768554688
10,Ethanol,200.0,Ethanol,211.06921,11.0692138671875
10,Toluene,40.0,Toluene,35.532837,4.4671630859375
10,Ethanol,800.0,Ethanol,959.24786,159.24786376953125
10,Toluene,80.0,Toluene,50.85363,29.14636993408203
10,Ethanol,400.0,Ethanol,462.47827,62.478271484375
10,Toluene,1.0,Toluene,15.973595,14.973594665527344
10,Ethanol,50.0,Ethanol,54.71573,4.715728759765625
10,Toluene,100.0,Toluene,57.774788,42.22521209716797
10,Ethanol,600.0,Ethanol,690.25916,90.2591552734375
10,Toluene,20.0,Toluene,21.402657,1.4026565551757812
10,Ethanol,200.0,Ethanol,219.74017,19.74017333984375
10,Toluene,40.0,Toluene,32.312958,7.687042236328125
10,Ethanol,800.0,Ethanol,962.71924,162.71923828125
10,Toluene,80.0,Toluene,51.221123,28.77887725830078
10,Ethanol,400.0,Ethanol,477.0783,77.07830810546875
10,Toluene,1.0,Toluene,12.107193,11.107192993164062
10,Ethanol,50.0,Ethanol,65.170296,15.170295715332031
10,Toluene,100.0,Toluene,56.027626,43.972373962402344
10,Ethanol,600.0,Ethanol,710.55554,110.5555419921875
10,Toluene,60.0,Toluene,37.75032,22.249679565429688
10,Ethanol,1000.0,Ethanol,1205.2432,205.2431640625
10,Toluene,1.0,Toluene,15.328484,14.328483581542969
10,Ethanol,50.0,Ethanol,63.783863,13.783863067626953
10,Toluene,20.0,Toluene,19.63089,0.369110107421875
10,Ethanol,200.0,Ethanol,220.5917,20.591705322265625
10,Toluene,40.0,Toluene,27.57621,12.423789978027344
10,Ethanol,800.0,Ethanol,928.1369,128.13690185546875
10,Toluene,80.0,Toluene,46.489365,33.51063537597656
10,Ethanol,400.0,Ethanol,429.2534,29.253387451171875
10,Toluene,100.0,Toluene,50.0878,49.912200927734375
10,Ethanol,600.0,Ethanol,661.2338,61.23382568359375
10,Toluene,60.0,Toluene,32.516296,27.48370361328125
10,Ethanol,1000.0,Ethanol,1147.0996,147.099609375
10,Toluene,80.0,Toluene,41.518066,38.48193359375
10,Ethanol,400.0,Ethanol,423.27475,23.274749755859375
10,Toluene,1.0,Toluene,15.512329,14.5123291015625
10,Ethanol,50.0,Ethanol,63.263626,13.263626098632812
10,Toluene,100.0,Toluene,54.895164,45.104835510253906
10,Ethanol,600.0,Ethanol,672.13947,72.13946533203125
10,Toluene,60.0,Toluene,33.7415,26.258499145507812
10,Ethanol,1000.0,Ethanol,1163.2526,163.2525634765625
10,Toluene,20.0,Toluene,18.241272,1.75872802734375
10,Ethanol,200.0,Ethanol,205.62166,5.6216583251953125
10,Toluene,40.0,Toluene,26.154266,13.845733642578125
10,Ethanol,800.0,Ethanol,910.79944,110.7994384765625
10,Toluene,20.0,Toluene,17.38227,2.6177291870117188
10,Ethanol,200.0,Ethanol,201.66449,1.66448974609375
10,Toluene,40.0,Toluene,26.804749,13.19525146484375
10,Ethanol,800.0,Ethanol,889.0405,89.04052734375
10,Toluene,80.0,Toluene,44.180542,35.8194580078125
10,Ethanol,400.0,Ethanol,416.41736,16.4173583984375
10,Toluene,1.0,Toluene,17.235077,16.235076904296875
10,Ethanol,50.0,Ethanol,53.785652,3.7856521606445312
10,Toluene,100.0,Toluene,56.941185,43.058815002441406
10,Ethanol,600.0,Ethanol,670.8702,70.87017822265625
10,Toluene,60.0,Toluene,36.456215,23.543785095214844
10,Ethanol,1000.0,Ethanol,1131.8204,131.8204345703125
10,Toluene,60.0,Toluene,34.4861,25.513900756835938
10,Ethanol,1000.0,Ethanol,1131.5348,131.5347900390625
10,Toluene,20.0,Toluene,19.323296,0.6767044067382812
10,Ethanol,200.0,Ethanol,201.10918,1.1091766357421875
10,Toluene,40.0,Toluene,26.508514,13.491485595703125
10,Ethanol,800.0,Ethanol,910.43274,110.4327392578125
10,Toluene,80.0,Toluene,48.139427,31.860572814941406
10,Ethanol,400.0,Ethanol,429.97076,29.97076416015625
10,Toluene,1.0,Toluene,15.753792,14.753791809082031
10,Ethanol,50.0,Ethanol,61.471115,11.471115112304688
10,Toluene,100.0,Toluene,56.924362,43.07563781738281
10,Ethanol,600.0,Ethanol,646.06555,46.0655517578125
10,Toluene,100.0,Toluene,54.435646,45.564353942871094
10,Ethanol,600.0,Ethanol,646.96423,46.9642333984375
10,Toluene,60.0,Toluene,45.236565,14.763435363769531
10,Ethanol,1000.0,Ethanol,1132.0082,132.0081787109375
10,Toluene,1.0,Toluene,16.262474,15.262474060058594
10,Ethanol,50.0,Ethanol,62.9588,12.95880126953125
10,Toluene,20.0,Toluene,25.057747,5.057746887207031
10,Ethanol,200.0,Ethanol,204.6611,4.661102294921875
10,Toluene,40.0,Toluene,35.85077,4.14923095703125
10,Ethanol,800.0,Ethanol,907.35046,107.3504638671875
10,Toluene,80.0,Toluene,53.326195,26.673805236816406
10,Ethanol,400.0,Ethanol,426.40573,26.405731201171875
10,Toluene,1.0,Toluene,13.629211,12.62921142578125
10,Ethanol,50.0,Ethanol,60.858826,10.85882568359375
10,Toluene,100.0,Toluene,55.137062,44.862937927246094
10,Ethanol,600.0,Ethanol,655.8522,55.8521728515625
10,Toluene,60.0,Toluene,45.48568,14.514320373535156
10,Ethanol,1000.0,Ethanol,1127.7445,127.7445068359375
10,Toluene,20.0,Toluene,22.126556,2.126556396484375
10,Ethanol,200.0,Ethanol,197.42593,2.574066162109375
10,Toluene,40.0,Toluene,35.246834,4.753166198730469
10,Ethanol,800.0,Ethanol,907.8985,107.89849853515625
10,Toluene,80.0,Toluene,50.270912,29.729087829589844
10,Ethanol,400.0,Ethanol,413.83807,13.83807373046875
10,Toluene,20.0,Toluene,23.28125,3.28125
10,Ethanol,200.0,Ethanol,203.3479,3.347900390625
10,Toluene,40.0,Toluene,34.077087,5.92291259765625
10,Ethanol,800.0,Ethanol,893.9631,93.96307373046875
10,Toluene,80.0,Toluene,51.505203,28.494796752929688
10,Ethanol,400.0,Ethanol,421.40918,21.4091796875
10,Toluene,1.0,Toluene,14.813461,13.813461303710938
10,Ethanol,50.0,Ethanol,57.40844,7.408439636230469
10,Toluene,100.0,Toluene,55.786224,44.213775634765625
10,Ethanol,600.0,Ethanol,654.4313,54.4312744140625
10,Toluene,60.0,Toluene,40.666397,19.333602905273438
10,Ethanol,1000.0,Ethanol,1138.8,138.800048828125
10,Ethylene,10.0,Toluene,18.433098,8.433097839355469
10,Ammonia,50.0,Ammonia,43.37368,6.626319885253906
10,Ethylene,250.0,Ethylene,70.19001,179.80998992919922
10,Ammonia,600.0,Ammonia,380.37494,219.62506103515625
10,Ethylene,150.0,Toluene,58.509224,91.49077606201172
10,Ammonia,1000.0,Ammonia,705.0736,294.9263916015625
10,Ethylene,50.0,Toluene,26.332191,23.667808532714844
10,Ammonia,200.0,Toluene,69.00377,130.99623107910156
10,Ethylene,100.0,Toluene,43.886993,56.113006591796875
10,Ammonia,800.0,Ammonia,537.56915,262.43084716796875
10,Ethylene,200.0,Ethylene,67.22373,132.7762680053711
10,Ammonia,400.0,Toluene,191.7697,208.2303009033203
10,Ethylene,150.0,Toluene,56.657585,93.34241485595703
10,Ammonia,1000.0,Ammonia,716.9364,283.0635986328125
10,Ethylene,50.0,Toluene,28.303848,21.696151733398438
10,Ammonia,200.0,Toluene,72.00765,127.99234771728516
10,Ethylene,100.0,Toluene,43.27533,56.72467041015625
10,Ammonia,800.0,Ammonia,554.52496,245.47503662109375
10,Ethylene,200.0,Ethylene,67.351715,132.64828491210938
10,Ammonia,400.0,Toluene,201.47073,198.52926635742188
10,Ethylene,10.0,Toluene,16.445381,6.445381164550781
10,Ammonia,50.0,Ammonia,40.341057,9.658943176269531
10,Ethylene,250.0,Ethylene,94.60029,155.39971160888672
10,Ammonia,600.0,Ammonia,416.47134,183.52865600585938
10,Ethylene,50.0,Toluene,22.284744,27.715255737304688
10,Ammonia,200.0,Toluene,71.223045,128.7769546508789
10,Ethylene,100.0,Toluene,43.434387,56.56561279296875
10,Ammonia,800.0,Ammonia,537.57227,262.427734375
10,Ethylene,200.0,Ethylene,70.263,129.73699951171875
10,Ammonia,400.0,Toluene,198.32043,201.6795654296875
10,Ethylene,10.0,Toluene,13.070885,3.0708847045898438
10,Ammonia,50.0,Ammonia,44.714706,5.2852935791015625
10,Ethylene,250.0,Ethylene,91.459305,158.5406951904297
10,Ammonia,600.0,Ammonia,381.08786,218.91213989257812
10,Ethylene,150.0,Toluene,57.235634,92.76436614990234
10,Ammonia,1000.0,Ammonia,701.1335,298.86651611328125
10,Ethylene,10.0,Toluene,15.634804,5.634803771972656
10,Ammonia,50.0,Ammonia,40.496933,9.503067016601562
10,Ethylene,50.0,Toluene,24.521461,25.478538513183594
10,Ammonia,200.0,Toluene,70.451675,129.54832458496094
10,Ethylene,100.0,Toluene,39.75196,60.24803924560547
10,Ammonia,800.0,Ammonia,526.0698,273.93017578125
10,Ethylene,200.0,Ethylene,75.34534,124.6546630859375
10,Ammonia,400.0,Toluene,201.94427,198.05572509765625
10,Ethylene,250.0,Ethylene,103.227516,146.7724838256836
10,Ammonia,600.0,Ammonia,408.63156,191.36843872070312
10,Ethylene,150.0,Toluene,62.612053,87.38794708251953
10,Ammonia,1000.0,Ammonia,713.7472,286.2528076171875
10,Ethylene,200.0,Ethylene,71.25819,128.74181365966797
10,Ammonia,400.0,Toluene,207.48065,192.51934814453125
10,Ethylene,10.0,Toluene,15.129349,5.1293487548828125
10,Ammonia,50.0,Ammonia,41.409966,8.590034484863281
10,Ethylene,250.0,Ethylene,102.23386,147.76614379882812
10,Ammonia,600.0,Ammonia,407.7184,192.28158569335938
10,Ethylene,150.0,Toluene,57.15339,92.84661102294922
10,Ammonia,1000.0,Ammonia,709.52734,290.47265625
10,Ethylene,50.0,Toluene,27.207436,22.792564392089844
10,Ammonia,200.0,Toluene,67.49187,132.5081329345703
10,Ethylene,100.0,Toluene,40.026657,59.97334289550781
10,Ammonia,800.0,Ammonia,546.0187,253.9813232421875
10,Ethylene,50.0,Toluene,26.486084,23.513916015625
10,Ammonia,200.0,Toluene,75.09701,124.90299224853516
10,Ethylene,100.0,Toluene,39.721153,60.278846740722656
10,Ammonia,800.0,Ammonia,557.6601,242.33990478515625
10,Ethylene,200.0,Ethylene,81.82029,118.1797103881836
10,Ammonia,400.0,Ammonia,230.60368,169.3963165283203
10,Ethylene,10.0,Toluene,13.57724,3.577239990234375
10,Ammonia,50.0,Ammonia,48.5934,1.4066009521484375
10,Ethylene,250.0,Ethylene,109.45038,140.54962158203125
10,Ammonia,600.0,Ammonia,414.01724,185.98275756835938
10,Ethylene,150.0,Toluene,59.06549,90.93450927734375
10,Ammonia,1000.0,Ammonia,705.6713,294.32867431640625
10,Ethylene,150.0,Toluene,54.48239,95.51760864257812
10,Ammonia,1000.0,Ammonia,699.77747,300.2225341796875
10,Ethylene,50.0,Toluene,23.671577,26.32842254638672
10,Ammonia,200.0,Toluene,70.5811,129.4188995361328
10,Ethylene,100.0,Toluene,36.850197,63.149803161621094
10,Ammonia,800.0,Ammonia,556.82874,243.1712646484375
10,Ethylene,200.0,Ethylene,78.94371,121.05628967285156
10,Ammonia,400.0,Ammonia,228.15842,171.84158325195312
10,Ethylene,10.0,Toluene,13.280182,3.280181884765625
10,Ammonia,50.0,Ammonia,46.195152,3.8048477172851562
10,Ethylene,250.0,Ethylene,96.13829,153.86170959472656
10,Ammonia,600.0,Ammonia,419.72482,180.27517700195312
10,Ethylene,250.0,Ethylene,101.75787,148.24212646484375
10,Ammonia,600.0,Ammonia,419.57156,180.42843627929688
10,Ethylene,150.0,Ethylene,67.90633,82.09367370605469
10,Ammonia,1000.0,Ammonia,691.08545,308.91455078125
10,Ethylene,10.0,Toluene,14.805153,4.805152893066406
10,Ammonia,50.0,Ammonia,46.2874,3.7126007080078125
10,Ethylene,50.0,Toluene,24.40818,25.591819763183594
10,Ammonia,200.0,Toluene,80.329056,119.67094421386719
10,Ethylene,100.0,Ethylene,46.41532,53.584678649902344
10,Ammonia,800.0,Ammonia,561.0541,238.9459228515625
10,Ethylene,200.0,Ethylene,83.798004,116.20199584960938
10,Ammonia,400.0,Ammonia,230.41681,169.58319091796875
10,Ethylene,10.0,Toluene,15.075874,5.075874328613281
10,Ammonia,50.0,Ammonia,44.1565,5.843498229980469
10,Ethylene,250.0,Ethylene,106.77646,143.22354125976562
10,Ammonia,600.0,Ammonia,423.67578,176.32421875
10,Ethylene,150.0,Ethylene,65.09042,84.90957641601562
10,Ammonia,1000.0,Ammonia,674.1383,325.8616943359375
10,Ethylene,50.0,Toluene,26.09851,23.9014892578125
10,Ammonia,200.0,Toluene,79.284805,120.71519470214844
10,Ethylene,100.0,Toluene,46.94567,53.05432891845703
10,Ammonia,800.0,Ammonia,557.882,242.11798095703125
10,Ethylene,200.0,Ethylene,87.604546,112.39545440673828
10,Ammonia,400.0,Ammonia,248.97656,151.0234375
10,Ethylene,50.0,Toluene,25.195229,24.804771423339844
10,Ammonia,200.0,Toluene,83.3817,116.61830139160156
10,Ethylene,100.0,Ethylene,51.293564,48.70643615722656
10,Ammonia,800.0,Ammonia,574.98236,225.01763916015625
10,Ethylene,200.0,Ethylene,85.94008,114.05992126464844
10,Ammonia,400.0,Ammonia,246.10431,153.89569091796875
10,Ethylene,10.0,Toluene,14.39209,4.39208984375
10,Ammonia,50.0,Ammonia,47.66549,2.3345108032226562
10,Ethylene,250.0,Ethylene,106.70146,143.2985382080078
10,Ammonia,600.0,Ammonia,427.2383,172.76168823242188
10,Ethylene,150.0,Ethylene,68.54105,81.45894622802734
10,Ammonia,1000.0,Ammonia,676.3824,323.61761474609375
10,Ethylene,10.0,Toluene,14.407753,4.407752990722656
10,Ammonia,50.0,Ammonia,64.8575,14.857498168945312
10,Ethylene,250.0,Ethylene,130.88213,119.11787414550781
10,Ammonia,600.0,Ammonia,558.1877,41.81231689453125
10,Ethylene,150.0,Ethylene,74.69432,75.30567932128906
10,Ammonia,1000.0,Ammonia,824.71423,175.2857666015625
10,Ethylene,50.0,Ethylene,27.043915,22.956085205078125
10,Ammonia,200.0,Ammonia,216.46759,16.46759033203125
10,Ethylene,100.0,Ethylene,58.78244,41.217559814453125
10,Ammonia,800.0,Ammonia,690.38635,109.6136474609375
10,Ethylene,200.0,Ethylene,101.93003,98.0699691772461
10,Ammonia,400.0,Ammonia,386.34506,13.654937744140625
10,Ethylene,150.0,Ethylene,82.220276,67.77972412109375
10,Ammonia,1000.0,Ammonia,837.61456,162.38543701171875
10,Ethylene,50.0,Ethylene,28.516197,21.483802795410156
10,Ammonia,200.0,Ammonia,222.86472,22.864715576171875
10,Ethylene,100.0,Ethylene,62.067238,37.932762145996094
10,Ammonia,800.0,Ammonia,685.9288,114.07122802734375
10,Ethylene,200.0,Ethylene,109.01071,90.98928833007812
10,Ammonia,400.0,Ammonia,382.3792,17.62078857421875
10,Ethylene,10.0,Toluene,16.427864,6.427864074707031
10,Ammonia,50.0,Ammonia,61.381943,11.381942749023438
10,Ethylene,250.0,Ethylene,157.06343,92.93656921386719
10,Ammonia,600.0,Ammonia,553.46014,46.53985595703125
10,Ethylene,50.0,Ethylene,32.471092,17.528907775878906
10,Ammonia,200.0,Ammonia,203.75266,3.752655029296875
10,Ethylene,100.0,Ethylene,70.49119,29.508811950683594
10,Ammonia,800.0,Ammonia,714.15894,85.841064453125
10,Ethylene,200.0,Ethylene,94.77386,105.22614288330078
10,Ammonia,400.0,Ammonia,399.6311,0.368896484375
10,Ethylene,10.0,Toluene,13.087624,3.0876235961914062
10,Ammonia,50.0,Ammonia,73.22092,23.220916748046875
10,Ethylene,250.0,Ethylene,132.82721,117.17279052734375
10,Ammonia,600.0,Ammonia,570.27563,29.724365234375
10,Ethylene,150.0,Ethylene,79.147934,70.85206604003906
10,Ammonia,1000.0,Ammonia,833.81433,166.1856689453125
10,Ethylene,10.0,Toluene,14.310318,4.3103179931640625
10,Ammonia,50.0,Ammonia,72.464005,22.464004516601562
10,Ethylene,50.0,Ethylene,41.180573,8.819427490234375
10,Ammonia,200.0,Ammonia,211.5123,11.512298583984375
10,Ethylene,100.0,Ethylene,69.71283,30.28717041015625
10,Ammonia,800.0,Ammonia,709.11035,90.8896484375
10,Ethylene,200.0,Ethylene,98.82481,101.1751937866211
10,Ammonia,400.0,Ammonia,407.8773,7.877288818359375
10,Ethylene,250.0,Ethylene,138.11948,111.88052368164062
10,Ammonia,600.0,Ammonia,579.64594,20.35406494140625
10,Ethylene,150.0,Ethylene,81.8786,68.12139892578125
10,Ammonia,1000.0,Ammonia,855.9794,144.0206298828125
10,Ethylene,200.0,Ethylene,102.34552,97.65447998046875
10,Ammonia,400.0,Ammonia,402.64026,2.6402587890625
10,Ethylene,10.0,Toluene,14.080643,4.0806427001953125
10,Ammonia,50.0,Ammonia,71.160904,21.160903930664062
10,Ethylene,250.0,Ethylene,156.11473,93.88526916503906
10,Ammonia,600.0,Ammonia,579.1758,20.82421875
10,Ethylene,150.0,Ethylene,86.067345,63.932655334472656
10,Ammonia,1000.0,Ammonia,861.5039,138.49609375
10,Ethylene,50.0,Ethylene,32.22116,17.778839111328125
10,Ammonia,200.0,Ammonia,221.3175,21.3175048828125
10,Ethylene,100.0,Ethylene,70.177376,29.82262420654297
10,Ammonia,800.0,Ammonia,705.67035,94.32965087890625
10,Ethylene,50.0,Ethylene,32.689674,17.310325622558594
10,Ammonia,200.0,Ammonia,218.6871,18.687103271484375
10,Ethylene,100.0,Ethylene,71.08061,28.919387817382812
10,Ammonia,800.0,Ammonia,725.9347,74.0653076171875
10,Ethylene,200.0,Ethylene,106.45205,93.5479507446289
10,Ammonia,400.0,Ammonia,412.03894,12.0389404296875
10,Ethylene,10.0,Toluene,14.025757,4.0257568359375
10,Ammonia,50.0,Ammonia,70.8029,20.802902221679688
10,Ethylene,250.0,Ethylene,154.57225,95.42774963378906
10,Ammonia,600.0,Ammonia,573.46295,26.53704833984375
10,Ethylene,150.0,Ethylene,87.873276,62.12672424316406
10,Ammonia,1000.0,Ammonia,865.05115,134.9488525390625
10,Ethylene,150.0,Ethylene,82.53465,67.46534729003906
10,Ammonia,1000.0,Ammonia,861.9109,138.089111328125
10,Ethylene,50.0,Ethylene,32.676727,17.323272705078125
10,Ammonia,200.0,Ammonia,226.93495,26.934951782226562
10,Ethylene,100.0,Ethylene,77.39902,22.600982666015625
10,Ammonia,800.0,Ammonia,715.2216,84.77838134765625
10,Ethylene,200.0,Ethylene,116.23384,83.76615905761719
10,Ammonia,400.0,Ammonia,411.23117,11.231170654296875
10,Ethylene,10.0,Toluene,16.110573,6.110572814941406
10,Ammonia,50.0,Ammonia,69.29137,19.291366577148438
10,Ethylene,250.0,Ethylene,163.96965,86.03034973144531
10,Ammonia,600.0,Ammonia,578.3381,21.66192626953125
10,Ethylene,250.0,Ethylene,162.02345,87.97654724121094
10,Ammonia,600.0,Ammonia,570.85516,29.14483642578125
10,Ethylene,150.0,Ethylene,91.30594,58.694061279296875
10,Ammonia,1000.0,Ammonia,859.70514,140.29486083984375
10,Ethylene,10.0,Toluene,14.210999,4.21099853515625
10,Ammonia,50.0,Ammonia,71.275024,21.2750244140625
10,Ethylene,50.0,Ethylene,41.071304,8.928695678710938
10,Ammonia,200.0,Ammonia,232.56453,32.56452941894531
10,Ethylene,100.0,Ethylene,70.77102,29.228981018066406
10,Ammonia,800.0,Ammonia,719.663,80.33697509765625
10,Ethylene,200.0,Ethylene,117.8657,82.1343002319336
10,Ammonia,400.0,Ammonia,411.59378,11.593780517578125
10,Ethylene,10.0,Toluene,16.86248,6.862480163574219
10,Ammonia,50.0,Ammonia,66.14156,16.141563415527344
10,Ethylene,250.0,Ethylene,173.36298,76.63702392578125
10,Ammonia,600.0,Ammonia,572.5184,27.48162841796875
10,Ethylene,150.0,Ethylene,90.906425,59.09357452392578
10,Ammonia,1000.0,Ammonia,890.3134,109.68658447265625
10,Ethylene,50.0,Ethylene,30.600494,19.399505615234375
10,Ammonia,200.0,Ammonia,227.76709,27.76708984375
10,Ethylene,100.0,Ethylene,73.24945,26.75054931640625
10,Ammonia,800.0,Ammonia,739.59326,60.40673828125
10,Ethylene,200.0,Ethylene,106.989075,93.01092529296875
10,Ammonia,400.0,Ammonia,414.7242,14.724212646484375
10,Ethylene,50.0,Ethylene,37.560593,12.439407348632812
10,Ammonia,200.0,Ammonia,243.26279,43.262786865234375
10,Ethylene,100.0,Ethylene,68.77034,31.229660034179688
10,Ammonia,800.0,Ammonia,734.1922,65.80780029296875
10,Ethylene,200.0,Ethylene,117.57307,82.42693328857422
10,Ammonia,400.0,Ammonia,422.80627,22.8062744140625
10,Ethylene,10.0,Toluene,13.717789,3.7177886962890625
10,Ammonia,50.0,Ammonia,70.51711,20.517112731933594
10,Ethylene,250.0,Ethylene,166.73143,83.26856994628906
10,Ammonia,600.0,Ammonia,597.3769,2.62310791015625
10,Ethylene,150.0,Ethylene,89.5391,60.460899353027344
10,Ammonia,1000.0,Ammonia,892.8403,107.15972900390625
10,Ethylene,10.0,Ethylene,18.324074,8.324073791503906
10,Ammonia,50.0,Ammonia,75.49388,25.493881225585938
10,Ethylene,250.0,Ethylene,133.44403,116.55596923828125
10,Ammonia,600.0,Ammonia,543.07104,56.928955078125
10,Ethylene,150.0,Ethylene,89.964325,60.035675048828125
10,Ammonia,1000.0,Ammonia,821.8168,178.1832275390625
10,Ethylene,50.0,Ethylene,32.252426,17.747573852539062
10,Ammonia,200.0,Ammonia,208.75385,8.75384521484375
10,Ethylene,100.0,Ethylene,70.770546,29.229454040527344
10,Ammonia,800.0,Ammonia,680.23193,119.76806640625
10,Ethylene,200.0,Ethylene,113.380356,86.61964416503906
10,Ammonia,400.0,Ammonia,403.47437,3.474365234375
10,Ethylene,150.0,Ethylene,95.44313,54.55686950683594
10,Ammonia,1000.0,Ammonia,816.64575,183.354248046875
10,Ethylene,50.0,Ethylene,35.498047,14.501953125
10,Ammonia,200.0,Ammonia,210.83408,10.834075927734375
10,Ethylene,100.0,Ethylene,73.65915,26.340850830078125
10,Ammonia,800.0,Ammonia,667.4608,132.5391845703125
10,Ethylene,200.0,Ethylene,119.168785,80.83121490478516
10,Ammonia,400.0,Ammonia,374.10156,25.8984375
10,Ethylene,10.0,Toluene,14.241173,4.241172790527344
10,Ammonia,50.0,Ammonia,84.65468,34.65467834472656
10,Ethylene,250.0,Ethylene,170.77478,79.2252197265625
10,Ammonia,600.0,Ammonia,540.7105,59.28948974609375
10,Ethylene,50.0,Ethylene,41.525215,8.474784851074219
10,Ammonia,200.0,Ammonia,208.32248,8.322479248046875
10,Ethylene,100.0,Ethylene,81.725105,18.27489471435547
10,Ammonia,800.0,Ammonia,683.687,116.31298828125
10,Ethylene,200.0,Ethylene,129.09839,70.901611328125
10,Ammonia,400.0,Ammonia,363.70108,36.298919677734375
10,Ethylene,10.0,Toluene,14.589432,4.5894317626953125
10,Ammonia,50.0,Ammonia,93.04466,43.04466247558594
10,Ethylene,250.0,Ethylene,172.23166,77.76834106445312
10,Ammonia,600.0,Ammonia,523.6551,76.34490966796875
10,Ethylene,150.0,Ethylene,101.82124,48.17875671386719
10,Ammonia,1000.0,Ammonia,832.49963,167.5003662109375
10,Ethylene,10.0,Toluene,13.714775,3.7147750854492188
10,Ammonia,50.0,Ammonia,91.90999,41.90998840332031
10,Ethylene,50.0,Toluene,38.90551,11.094490051269531
10,Ammonia,200.0,Ammonia,210.5322,10.532196044921875
10,Ethylene,100.0,Ethylene,78.61398,21.386016845703125
10,Ammonia,800.0,Ammonia,696.0679,103.93212890625
10,Ethylene,200.0,Ethylene,129.71991,70.28009033203125
10,Ammonia,400.0,Ammonia,386.9243,13.075714111328125
10,Ethylene,250.0,Ethylene,176.16219,73.83781433105469
10,Ammonia,600.0,Ammonia,560.18665,39.8133544921875
10,Ethylene,150.0,Ethylene,104.13674,45.863258361816406
10,Ammonia,1000.0,Ammonia,936.8464,63.15362548828125
10,Ethylene,200.0,Ethylene,133.9062,66.09379577636719
10,Ammonia,400.0,Ammonia,380.2127,19.78729248046875
10,Ethylene,10.0,Toluene,12.973228,2.9732284545898438
10,Ammonia,50.0,Ammonia,92.86653,42.86653137207031
10,Ethylene,250.0,Ethylene,179.22742,70.7725830078125
10,Ammonia,600.0,Ammonia,549.30554,50.6944580078125
10,Ethylene,150.0,Ethylene,107.12246,42.877540588378906
10,Ammonia,1000.0,Ammonia,872.73535,127.2646484375
10,Ethylene,50.0,Toluene,35.025833,14.974166870117188
10,Ammonia,200.0,Ammonia,219.34137,19.34136962890625
10,Ethylene,100.0,Ethylene,81.90981,18.090187072753906
10,Ammonia,800.0,Ammonia,723.64105,76.35894775390625
10,Ethylene,50.0,Ethylene,47.38034,2.619659423828125
10,Ammonia,200.0,Ammonia,222.37073,22.3707275390625
10,Ethylene,100.0,Ethylene,87.75254,12.247459411621094
10,Ammonia,800.0,Ammonia,730.15173,69.8482666015625
10,Ethylene,200.0,Ethylene,126.1675,73.8324966430664
10,Ammonia,400.0,Ammonia,375.13333,24.866668701171875
10,Ethylene,10.0,Toluene,12.121231,2.1212310791015625
10,Ammonia,50.0,Ammonia,102.10363,52.10363006591797
10,Ethylene,250.0,Ethylene,162.53136,87.46864318847656
10,Ammonia,600.0,Ammonia,565.92816,34.07183837890625
10,Ethylene,150.0,Ethylene,108.13013,41.869873046875
10,Ammonia,1000.0,Ammonia,861.264,138.73602294921875
10,Ethylene,150.0,Ethylene,109.293655,40.70634460449219
10,Ammonia,1000.0,Ammonia,872.37946,127.62054443359375
10,Ethylene,50.0,Ethylene,43.516495,6.4835052490234375
10,Ammonia,200.0,Ammonia,217.80765,17.807647705078125
10,Ethylene,100.0,Ethylene,93.77833,6.221672058105469
10,Ammonia,800.0,Ammonia,747.4105,52.5894775390625
10,Ethylene,200.0,Ethylene,124.57846,75.42153930664062
10,Ammonia,400.0,Ammonia,397.0955,2.904510498046875
10,Ethylene,10.0,Toluene,11.249329,1.24932861328125
10,Ammonia,50.0,Ammonia,96.51897,46.51896667480469
10,Ethylene,250.0,Ethylene,152.08922,97.91078186035156
10,Ammonia,600.0,Ammonia,570.0402,29.95977783203125
10,Ethylene,250.0,Ethylene,152.20576,97.79423522949219
10,Ammonia,600.0,Ammonia,565.14844,34.8515625
10,Ethylene,150.0,Ethylene,102.33983,47.66017150878906
10,Ammonia,1000.0,Ammonia,853.9887,146.01129150390625
10,Ethylene,10.0,Toluene,15.494881,5.494880676269531
10,Ammonia,50.0,Ammonia,80.11879,30.118789672851562
10,Ethylene,50.0,Ethylene,48.404243,1.5957565307617188
10,Ammonia,200.0,Ammonia,213.69653,13.696533203125
10,Ethylene,100.0,Ethylene,81.15555,18.844451904296875
10,Ammonia,800.0,Ammonia,720.885,79.114990234375
10,Ethylene,200.0,Ethylene,123.94274,76.05725860595703
10,Ammonia,400.0,Ammonia,431.2052,31.2052001953125
10,Ethylene,10.0,Toluene,14.546669,4.546669006347656
10,Ammonia,50.0,Ammonia,79.088425,29.088424682617188
10,Ethylene,250.0,Ethylene,156.33537,93.66462707519531
10,Ammonia,600.0,Ammonia,583.69476,16.30523681640625
10,Ethylene,150.0,Ethylene,100.725464,49.2745361328125
10,Ammonia,1000.0,Ammonia,861.7178,138.2822265625
10,Ethylene,50.0,Ethylene,41.970985,8.029014587402344
10,Ammonia,200.0,Ammonia,212.32877,12.328765869140625
10,Ethylene,100.0,Ethylene,79.69461,20.305389404296875
10,Ammonia,800.0,Ammonia,721.0177,78.9822998046875
10,Ethylene,200.0,Ethylene,127.87112,72.1288833618164
10,Ammonia,400.0,Ammonia,426.1795,26.17950439453125
10,Ethylene,50.0,Ethylene,48.31308,1.686920166015625
10,Ammonia,200.0,Ammonia,214.06958,14.069580078125
10,Ethylene,100.0,Ethylene,76.74858,23.251419067382812
10,Ammonia,800.0,Ammonia,715.6439,84.3560791015625
10,Ethylene,200.0,Ethylene,125.91766,74.08233642578125
10,Ammonia,400.0,Ammonia,430.34467,30.34466552734375
10,Ethylene,10.0,Toluene,13.59996,3.5999603271484375
10,Ammonia,50.0,Ammonia,76.76442,26.764419555664062
10,Ethylene,250.0,Ethylene,156.66737,93.33262634277344
10,Ammonia,600.0,Ammonia,588.558,11.4420166015625
10,Ethylene,150.0,Ethylene,93.70506,56.29493713378906
10,Ammonia,1000.0,Ammonia,871.60016,128.39984130859375
