batch_id,gas_name,concentration_ppm,predicted_ppm,absolute_error_ppm
7,Acetone,100.0,85.90639357954996,14.093606420450044
7,Acetone,10.0,0.0,10.0
7,Acetaldehyde,100.0,144.07063158369348,44.07063158369348
7,Acetaldehyde,10.0,19.477672768675987,9.477672768675987
7,Acetone,200.0,208.88041061061858,8.880410610618583
7,Acetone,20.0,0.47078148526350105,19.5292185147365
7,Acetaldehyde,250.0,257.2134955747643,7.213495574764295
7,Acetaldehyde,110.0,102.97031208144577,7.029687918554231
7,Acetone,150.0,158.6531590367777,8.653159036777708
7,Acetone,50.0,38.9151342663082,11.0848657336918
7,Acetaldehyde,30.0,42.14725843819164,12.147258438191642
7,Acetaldehyde,80.0,83.83785845923185,3.837858459231853
7,Acetone,180.0,175.9624196493447,4.037580350655304
7,Acetone,80.0,66.95739461206833,13.042605387931673
7,Acetaldehyde,20.0,32.59235121374087,12.59235121374087
7,Acetaldehyde,70.0,75.92050341632807,5.920503416328074
7,Acetone,250.0,219.7845803253005,30.21541967469949
7,Acetone,210.0,205.12376142806852,4.876238571931481
7,Acetaldehyde,150.0,116.20046396632551,33.799536033674485
7,Acetaldehyde,50.0,57.07205768209043,7.072057682090431
7,Acetone,230.0,201.659342698171,28.340657301828998
7,Acetone,120.0,116.01039848324442,3.9896015167555845
7,Acetaldehyde,210.0,94.63218799133506,115.36781200866494
7,Acetaldehyde,190.0,131.9469097634515,58.05309023654851
7,Acetone,90.0,65.48677969451631,24.513220305483685
7,Acetone,170.0,165.13583831634944,4.864161683650565
7,Acetaldehyde,80.0,48.96166880545134,31.03833119454866
7,Acetaldehyde,230.0,164.64879504226496,65.35120495773504
7,Acetone,240.0,207.14642861472362,32.85357138527638
7,Acetone,60.0,42.108856479341824,17.891143520658176
7,Acetaldehyde,130.0,105.31307786831368,24.686922131686316
7,Acetaldehyde,90.0,71.10046139595018,18.899538604049823
7,Acetone,190.0,166.41396998480286,23.58603001519714
7,Acetone,30.0,10.453488322982878,19.546511677017122
7,Acetaldehyde,160.0,119.47181200950942,40.52818799049058
7,Acetaldehyde,240.0,179.95724115951649,60.042758840483515
7,Acetone,220.0,191.1618198183731,28.83818018162691
7,Acetone,110.0,100.57218000991935,9.42781999008065
7,Acetaldehyde,220.0,166.31004084907664,53.68995915092336
7,Acetaldehyde,60.0,59.387154109079816,0.6128458909201839
7,Acetone,130.0,113.56589324195977,16.43410675804023
7,Acetone,40.0,36.90261005679913,3.0973899432008665
7,Acetaldehyde,200.0,151.13925674329872,48.860743256701284
7,Acetaldehyde,85.0,95.16840582198083,10.168405821980826
7,Acetone,70.0,54.2963454039604,15.703654596039598
7,Acetaldehyde,210.0,155.23840696603833,54.761593033961674
7,Acetaldehyde,170.0,112.14665279441603,57.85334720558397
7,Acetone,140.0,117.66169646227245,22.338303537727555
7,Acetone,160.0,160.39699217587815,0.39699217587815383
7,Acetaldehyde,180.0,127.50874169505195,52.49125830494805
7,Acetone,100.0,73.4303873755542,26.569612624445796
7,Acetone,10.0,0.0,10.0
7,Acetaldehyde,10.0,80.72232607362702,70.72232607362702
7,Acetone,200.0,173.3020014302746,26.6979985697254
7,Acetone,20.0,0.0,20.0
7,Acetaldehyde,250.0,176.71118308228736,73.28881691771264
7,Acetaldehyde,110.0,76.3386107448647,33.661389255135305
7,Acetone,150.0,128.12524580533042,21.874754194669578
7,Acetone,50.0,33.440950982327166,16.559049017672834
7,Acetaldehyde,30.0,39.312241002288204,9.312241002288204
7,Acetaldehyde,110.0,70.5070603157594,39.492939684240596
7,Acetone,180.0,159.6937605771486,20.306239422851405
7,Acetone,80.0,64.29900685454699,15.700993145453012
7,Acetaldehyde,20.0,34.32477105721205,14.324771057212047
7,Acetaldehyde,70.0,67.64224838703187,2.35775161296813
7,Acetone,250.0,213.79988158905329,36.200118410946715
7,Acetone,210.0,199.1942360725127,10.805763927487305
7,Acetaldehyde,150.0,104.34780054229182,45.65219945770818
7,Acetaldehyde,50.0,59.25878955400513,9.258789554005133
7,Acetone,230.0,196.42421901585726,33.57578098414274
7,Acetone,120.0,116.84657645886958,3.1534235411304223
7,Acetaldehyde,120.0,90.34238065035885,29.657619349641152
7,Acetaldehyde,180.0,125.29372440016355,54.706275599836445
7,Acetone,90.0,63.48799888362359,26.51200111637641
7,Acetone,170.0,167.78995247254713,2.210047527452872
7,Acetaldehyde,40.0,51.798592434013315,11.798592434013315
7,Acetaldehyde,230.0,158.2325156921064,71.7674843078936
7,Acetone,240.0,207.94096006657304,32.05903993342696
7,Acetone,60.0,46.80371201507782,13.19628798492218
7,Acetaldehyde,10.0,94.90994269269754,84.90994269269754
7,Acetaldehyde,90.0,72.01250465368638,17.987495346313622
7,Acetone,190.0,175.85328623415938,14.146713765840616
7,Acetone,30.0,13.90135529933589,16.09864470066411
7,Acetaldehyde,160.0,110.60754821276207,49.39245178723793
7,Acetaldehyde,70.0,166.65073406621573,96.65073406621573
7,Acetone,220.0,190.38759697390793,29.612403026092068
7,Acetone,110.0,107.2896049708086,2.710395029191403
7,Acetaldehyde,220.0,157.66296537306607,62.33703462693393
7,Acetaldehyde,60.0,62.567314686785764,2.567314686785764
7,Acetone,130.0,111.84962985539526,18.150370144604736
7,Acetone,40.0,27.001006350620656,12.998993649379344
7,Acetaldehyde,200.0,139.80493205209046,60.195067947909536
7,Acetaldehyde,140.0,94.32563811745561,45.67436188254439
7,Acetone,70.0,51.1814309843259,18.8185690156741
7,Acetaldehyde,210.0,146.3341511157439,63.66584888425609
7,Acetaldehyde,170.0,107.18176994495082,62.818230055049185
7,Acetone,140.0,118.01570595035521,21.984294049644788
7,Acetone,160.0,153.93726902040922,6.062730979590782
7,Acetaldehyde,180.0,119.23717447052786,60.76282552947214
7,Acetone,100.0,81.67545293800968,18.324547061990316
7,Acetone,10.0,0.0,10.0
7,Acetaldehyde,100.0,79.33731101009609,20.662688989903913
7,Acetone,200.0,175.97374656349123,24.026253436508767
7,Acetone,20.0,0.33093828581633034,19.66906171418367
7,Acetaldehyde,250.0,168.4711522128401,81.52884778715989
7,Acetaldehyde,110.0,78.96082226098758,31.039177739012416
7,Acetone,150.0,130.90096702510195,19.09903297489805
7,Acetone,50.0,37.289898564864885,12.710101435135115
7,Acetaldehyde,30.0,40.586293669977465,10.586293669977465
7,Acetaldehyde,80.0,70.99296021546022,9.007039784539785
7,Acetone,180.0,161.73530029754258,18.26469970245742
7,Acetone,80.0,78.85870659368001,1.1412934063199884
7,Acetaldehyde,20.0,32.71870549439893,12.718705494398932
7,Acetaldehyde,70.0,66.73208518691735,3.2679148130826547
7,Acetone,250.0,218.81912474081702,31.180875259182983
7,Acetone,210.0,201.95484572240605,8.045154277593952
7,Acetaldehyde,150.0,102.91662959666817,47.08337040333183
7,Acetaldehyde,50.0,55.78804249085104,5.788042490851041
7,Acetone,230.0,208.59259168367697,21.40740831632303
7,Acetone,120.0,113.40459273281365,6.595407267186346
7,Acetaldehyde,120.0,90.70288306222545,29.297116937774547
7,Acetaldehyde,190.0,123.83269220210069,66.16730779789931
7,Acetone,90.0,62.253484434031975,27.746515565968025
7,Acetone,170.0,170.61735080897614,0.6173508089761413
7,Acetaldehyde,50.0,47.40929751868178,2.5907024813182176
7,Acetaldehyde,40.0,154.58551352756294,114.58551352756294
7,Acetone,240.0,205.64283738257586,34.35716261742414
7,Acetone,60.0,49.15704786269583,10.842952137304167
7,Acetaldehyde,130.0,93.51975389345317,36.48024610654683
7,Acetaldehyde,90.0,73.64234865213248,16.357651347867517
7,Acetone,190.0,167.45594312353606,22.54405687646394
7,Acetone,30.0,14.09917082497482,15.90082917502518
7,Acetaldehyde,160.0,110.05509127454498,49.94490872545502
7,Acetaldehyde,240.0,164.52400434878334,75.47599565121666
7,Acetone,220.0,193.9330974234631,26.066902576536904
7,Acetone,110.0,104.34385799925036,5.6561420007496395
7,Acetaldehyde,220.0,159.03283119069778,60.96716880930222
7,Acetaldehyde,60.0,65.01580920263127,5.015809202631274
7,Acetone,130.0,108.23659544604064,21.76340455395936
7,Acetone,40.0,28.453848940963184,11.546151059036816
7,Acetaldehyde,200.0,139.20674315899933,60.79325684100067
7,Acetaldehyde,140.0,92.44449053390193,47.55550946609807
7,Acetone,70.0,54.89135111770322,15.108648882296777
7,Acetaldehyde,210.0,144.48707455311697,65.51292544688303
7,Acetaldehyde,170.0,106.7346455458802,63.2653544541198
7,Acetone,140.0,118.67202612646197,21.327973873538028
7,Acetone,160.0,158.23365777583163,1.766342224168369
7,Acetaldehyde,100.0,119.08815012081816,19.088150120818156
7,Acetone,100.0,79.06689773493972,20.933102265060285
7,Acetone,10.0,0.0,10.0
7,Acetaldehyde,100.0,73.02532443541946,26.974675564580537
7,Acetone,200.0,187.04017982673784,12.959820173262159
7,Acetone,20.0,6.325282174840055,13.674717825159945
7,Acetaldehyde,250.0,173.5604207763286,76.43957922367139
7,Acetaldehyde,110.0,83.7139875512924,26.286012448707595
7,Acetone,150.0,147.12783185572752,2.8721681442724787
7,Acetone,50.0,42.57315185187247,7.426848148127533
7,Acetaldehyde,55.0,40.965083739999116,14.034916260000884
7,Acetaldehyde,80.0,70.5063619640473,9.4936380359527
7,Acetone,180.0,178.7286449106403,1.2713550893597017
7,Acetone,80.0,74.9544441011776,5.0455558988224
7,Acetaldehyde,20.0,29.654907767626497,9.654907767626497
7,Acetaldehyde,70.0,67.51358272242113,2.486417277578866
7,Acetone,250.0,219.17662036832633,30.823379631673674
7,Acetone,210.0,206.1997501501121,3.800249849887905
7,Acetaldehyde,150.0,105.50798822307752,44.49201177692248
7,Acetaldehyde,50.0,63.15223980996679,13.152239809966787
7,Acetone,230.0,207.72857370020338,22.271426299796616
7,Acetone,120.0,132.39430547406593,12.39430547406593
7,Acetaldehyde,120.0,88.76731418008256,31.232685819917435
7,Acetaldehyde,190.0,122.61624192067117,67.38375807932883
7,Acetone,90.0,72.06019619278665,17.93980380721335
7,Acetone,170.0,180.05746300843475,10.057463008434752
7,Acetaldehyde,40.0,50.59599455150256,10.595994551502557
7,Acetaldehyde,230.0,154.39631004543324,75.60368995456676
7,Acetone,240.0,202.3979432051699,37.602056794830105
7,Acetone,60.0,52.77546861513066,7.224531384869337
7,Acetaldehyde,130.0,95.98925538184236,34.010744618157645
7,Acetaldehyde,10.0,73.0452930576807,63.045293057680695
7,Acetone,190.0,173.56220514354322,16.437794856456776
7,Acetone,30.0,18.692447280461167,11.307552719538833
7,Acetaldehyde,160.0,107.7261246256902,52.273875374309796
7,Acetaldehyde,170.0,163.5621388423222,6.437861157677787
7,Acetone,220.0,195.1638320999034,24.836167900096598
7,Acetone,110.0,110.23012693948161,0.23012693948160745
7,Acetaldehyde,220.0,156.04039161580144,63.95960838419856
7,Acetaldehyde,60.0,67.78572092365553,7.785720923655532
7,Acetone,130.0,106.15424994297379,23.84575005702621
7,Acetone,40.0,35.687297732142355,4.312702267857645
7,Acetaldehyde,30.0,134.5703520919121,104.5703520919121
7,Acetaldehyde,140.0,92.58414038219675,47.41585961780325
7,Acetone,70.0,59.42095692285143,10.579043077148569
7,Acetaldehyde,210.0,151.96252225477812,58.03747774522188
7,Acetaldehyde,170.0,107.11930506062451,62.88069493937549
7,Acetone,140.0,121.43929920034218,18.560700799657823
7,Acetone,160.0,159.01392389242105,0.9860761075789526
7,Acetaldehyde,180.0,116.43421228410384,63.565787715896164
7,Acetone,100.0,79.50112811536829,20.49887188463171
7,Acetone,10.0,0.0,10.0
7,Acetaldehyde,100.0,79.7435973526483,20.256402647351706
7,Acetone,200.0,186.84427441941406,13.155725580585937
7,Acetone,20.0,12.293595116020782,7.706404883979218
7,Acetaldehyde,250.0,174.54157919236127,75.45842080763873
7,Acetaldehyde,110.0,80.00636894371536,29.99363105628464
7,Acetone,150.0,142.27955861012475,7.720441389875248
7,Acetone,50.0,41.455982410175864,8.544017589824136
7,Acetaldehyde,30.0,41.12668060940388,11.126680609403877
7,Acetaldehyde,80.0,71.59083867638532,8.409161323614683
7,Acetone,180.0,175.5101675264703,4.489832473529702
7,Acetone,80.0,73.03704006480241,6.962959935197588
7,Acetaldehyde,70.0,72.22817629208161,2.2281762920816135
7,Acetone,250.0,219.57646147201763,30.423538527982373
7,Acetone,210.0,205.3712325543243,4.628767445675692
7,Acetaldehyde,150.0,101.25477625889538,48.745223741104624
7,Acetaldehyde,50.0,60.972449759909196,10.972449759909196
7,Acetone,230.0,213.52406045633904,16.475939543660957
7,Acetone,120.0,133.10379227741987,13.10379227741987
7,Acetaldehyde,120.0,89.60339853036393,30.396601469636067
7,Acetaldehyde,190.0,120.91982409996405,69.08017590003595
7,Acetone,90.0,71.22486251132668,18.775137488673323
7,Acetone,170.0,179.23540357386875,9.235403573868751
7,Acetaldehyde,40.0,47.33865813878781,7.338658138787807
7,Acetaldehyde,230.0,158.70310873051952,71.29689126948048
7,Acetone,240.0,213.59567783703153,26.40432216296847
7,Acetone,60.0,55.26462868243523,4.73537131756477
7,Acetaldehyde,130.0,90.1975388790672,39.802461120932804
7,Acetaldehyde,90.0,68.24847548938108,21.75152451061892
7,Acetone,190.0,178.63377820201342,11.366221797986583
7,Acetone,30.0,21.248066234088725,8.751933765911275
7,Acetaldehyde,160.0,108.15183769118774,51.84816230881226
7,Acetaldehyde,240.0,170.6389571888282,69.36104281117181
7,Acetone,220.0,200.60574684248155,19.39425315751845
7,Acetone,110.0,115.9885722363999,5.988572236399904
7,Acetaldehyde,220.0,161.31786339548756,58.682136604512436
7,Acetaldehyde,60.0,63.25351731253775,3.2535173125377526
7,Acetone,130.0,121.71415141364993,8.28584858635007
7,Acetone,40.0,35.33195699235547,4.668043007644528
7,Acetaldehyde,200.0,137.376438483951,62.623561516048994
7,Acetaldehyde,140.0,89.97817427452122,50.02182572547878
7,Acetone,70.0,66.73370272314361,3.266297276856392
7,Acetaldehyde,210.0,146.3109154774601,63.6890845225399
7,Acetaldehyde,170.0,105.61828954254509,64.38171045745491
7,Acetone,140.0,138.3111629646693,1.6888370353306925
7,Acetone,160.0,172.54338910893622,12.543389108936225
7,Acetaldehyde,180.0,120.53540879847922,59.464591201520776
7,Acetone,100.0,81.37141919186135,18.62858080813865
7,Acetone,10.0,0.0,10.0
7,Acetaldehyde,100.0,80.08811472996928,19.911885270030723
7,Acetone,200.0,192.13466702205568,7.86533297794432
7,Acetone,20.0,7.4076155148501925,12.592384485149807
7,Acetaldehyde,250.0,172.39943103190117,77.60056896809883
7,Acetaldehyde,110.0,72.75679056366927,37.24320943633073
7,Acetone,150.0,142.10741061342677,7.892589386573235
7,Acetone,50.0,41.43894486972263,8.561055130277367
7,Acetaldehyde,30.0,43.439783744802156,13.439783744802156
7,Acetaldehyde,80.0,68.81410444603421,11.185895553965793
7,Acetone,180.0,175.08342896129403,4.916571038705968
7,Acetone,80.0,79.42928721826247,0.5707127817375266
7,Acetaldehyde,70.0,64.56405252825525,5.435947471744754
7,Acetone,250.0,220.65543087960953,29.344569120390474
7,Acetone,210.0,201.46897053818432,8.531029461815677
7,Acetaldehyde,150.0,105.77006628204708,44.22993371795292
7,Acetaldehyde,50.0,58.5039911610005,8.5039911610005
7,Acetone,230.0,203.8894174282187,26.110582571781293
7,Acetone,120.0,130.8177965443546,10.817796544354593
7,Acetaldehyde,120.0,87.21001694355316,32.78998305644684
7,Acetaldehyde,190.0,125.88149201441855,64.11850798558145
7,Acetone,90.0,69.04882888309729,20.951171116902714
7,Acetone,170.0,177.2929829568613,7.2929829568612945
7,Acetaldehyde,10.0,48.45141055828668,38.45141055828668
7,Acetaldehyde,230.0,152.03688853627702,77.96311146372298
7,Acetone,240.0,210.76912360227072,29.230876397729276
7,Acetone,60.0,54.39985340494867,5.600146595051328
7,Acetaldehyde,130.0,92.90516137253329,37.094838627466714
7,Acetaldehyde,90.0,69.19825133840766,20.80174866159234
7,Acetone,190.0,173.96316593333907,16.03683406666093
7,Acetone,30.0,17.017745038429823,12.982254961570177
7,Acetaldehyde,160.0,103.89947818471514,56.100521815284864
7,Acetaldehyde,240.0,163.60394544167946,76.39605455832054
7,Acetone,220.0,199.09003655641172,20.909963443588282
7,Acetone,110.0,107.16180516631803,2.8381948336819676
7,Acetaldehyde,220.0,153.59845266380586,66.40154733619414
7,Acetaldehyde,60.0,64.06919936955327,4.069199369553274
7,Acetone,130.0,110.18334305275343,19.81665694724657
7,Acetone,40.0,40.63987544638768,0.639875446387677
7,Acetaldehyde,200.0,137.2884116584562,62.7115883415438
7,Acetaldehyde,140.0,89.76027677510227,50.23972322489773
7,Acetone,70.0,57.2711663282339,12.728833671766097
7,Acetaldehyde,210.0,142.94477746051953,67.05522253948047
7,Acetaldehyde,170.0,102.16548703925795,67.83451296074205
7,Acetone,140.0,124.06227559085676,15.937724409143243
7,Acetone,160.0,168.35226837417832,8.352268374178323
7,Acetaldehyde,180.0,118.63915431885493,61.360845681145065
7,Acetone,100.0,71.92462886162478,28.075371138375218
7,Acetone,10.0,0.0,10.0
7,Acetaldehyde,100.0,81.98038588527223,18.019614114727773
7,Acetone,200.0,199.01751967423874,0.9824803257612587
7,Acetone,20.0,2.254481283269797,17.745518716730203
7,Acetaldehyde,250.0,166.84674948873095,83.15325051126905
7,Acetaldehyde,110.0,79.74015459388096,30.25984540611904
7,Acetone,150.0,128.53804133757626,21.46195866242374
7,Acetone,50.0,34.96270469808738,15.037295301912621
7,Acetaldehyde,30.0,40.73485890591205,10.734858905912048
7,Acetaldehyde,80.0,72.01372610381293,7.986273896187072
7,Acetone,180.0,160.0701948289361,19.92980517106389
7,Acetone,80.0,67.01825081770657,12.981749182293427
7,Acetaldehyde,70.0,70.19216382895851,0.19216382895851325
7,Acetone,250.0,209.0195272833526,40.9804727166474
7,Acetone,210.0,198.47778060156432,11.52221939843568
7,Acetaldehyde,150.0,97.95391585400384,52.04608414599616
7,Acetaldehyde,50.0,59.657971527436146,9.657971527436146
7,Acetone,230.0,196.29514854867986,33.70485145132014
7,Acetone,120.0,116.5330658214676,3.466934178532398
7,Acetaldehyde,120.0,88.42163070308348,31.57836929691652
7,Acetaldehyde,190.0,126.75097168519939,63.24902831480061
7,Acetone,90.0,64.83452376677607,25.165476233223927
7,Acetone,170.0,171.27423409436867,1.2742340943686656
7,Acetaldehyde,40.0,48.45413136398956,8.45413136398956
7,Acetaldehyde,230.0,163.9900515887128,66.00994841128721
7,Acetone,240.0,207.6170371508432,32.3829628491568
7,Acetone,60.0,48.68973698159499,11.31026301840501
7,Acetaldehyde,130.0,94.6032208325087,35.3967791674913
7,Acetaldehyde,90.0,71.32931855237761,18.670681447622385
7,Acetone,190.0,170.03675995490806,19.963240045091936
7,Acetone,30.0,12.530658920812911,17.46934107918709
7,Acetaldehyde,160.0,107.54329630946486,52.456703690535136
7,Acetaldehyde,240.0,163.75796399318835,76.24203600681165
7,Acetone,220.0,192.29722342848055,27.70277657151945
7,Acetone,110.0,99.54584268685669,10.454157313143313
7,Acetaldehyde,220.0,151.15998781660318,68.84001218339682
7,Acetaldehyde,60.0,63.79326006471874,3.793260064718737
7,Acetone,130.0,106.3125572039483,23.6874427960517
7,Acetone,40.0,24.22612026258399,15.77387973741601
7,Acetaldehyde,200.0,133.78419764438567,66.21580235561433
7,Acetaldehyde,140.0,87.09781341409331,52.90218658590669
7,Acetone,70.0,56.512755251819016,13.487244748180984
7,Acetaldehyde,210.0,136.11049332586063,73.88950667413937
7,Acetaldehyde,170.0,104.13111610438597,65.86888389561403
7,Acetone,140.0,117.94849514273778,22.051504857262216
7,Acetone,160.0,164.61307817864605,4.613078178646049
7,Acetaldehyde,180.0,117.89214544467559,62.10785455532441
7,Acetone,100.0,80.95149100359794,19.048508996402063
7,Acetone,10.0,0.0,10.0
7,Acetaldehyde,100.0,74.9001014849906,25.0998985150094
7,Acetone,200.0,179.69093994509393,20.30906005490607
7,Acetone,20.0,0.0,20.0
7,Acetaldehyde,250.0,167.27169886940328,82.72830113059672
7,Acetaldehyde,110.0,75.65005776742575,34.34994223257425
7,Acetone,150.0,139.48649576745646,10.51350423254354
7,Acetone,50.0,35.899284392960794,14.100715607039206
7,Acetaldehyde,30.0,40.7623705329292,10.762370532929197
7,Acetaldehyde,80.0,67.88341940653028,12.11658059346972
7,Acetone,180.0,167.23298229305405,12.76701770694595
7,Acetone,80.0,71.74138396596817,8.258616034031832
7,Acetaldehyde,280.0,69.47078236084161,210.5292176391584
7,Acetone,250.0,210.9169430805643,39.083056919435705
7,Acetone,210.0,208.503095491147,1.4969045088529924
7,Acetaldehyde,150.0,97.06795331489096,52.93204668510904
7,Acetaldehyde,50.0,62.75194262701885,12.751942627018849
7,Acetone,230.0,200.98933444815594,29.010665551844056
7,Acetone,120.0,123.91688241301323,3.9168824130132265
7,Acetaldehyde,120.0,88.36438197467785,31.635618025322145
7,Acetaldehyde,190.0,114.38501349057196,75.61498650942804
7,Acetone,90.0,67.98060293860456,22.019397061395438
7,Acetone,170.0,176.5713880105033,6.571388010503313
7,Acetaldehyde,40.0,48.78947771749634,8.78947771749634
7,Acetaldehyde,230.0,149.46335305217616,80.53664694782384
7,Acetone,240.0,208.58328826824032,31.416711731759676
7,Acetone,60.0,52.516031399136594,7.483968600863406
7,Acetaldehyde,130.0,91.11935494720251,38.88064505279749
7,Acetaldehyde,90.0,70.95950130233257,19.04049869766743
7,Acetone,190.0,173.31351400737015,16.686485992629855
7,Acetone,30.0,15.806852842265812,14.193147157734188
7,Acetaldehyde,160.0,104.46483182975632,55.53516817024368
7,Acetaldehyde,240.0,161.32139715103125,78.67860284896875
7,Acetone,220.0,194.29405057221595,25.70594942778405
7,Acetone,110.0,112.23292155114484,2.232921551144841
7,Acetaldehyde,220.0,143.2972282066621,76.70277179333789
7,Acetaldehyde,60.0,57.541832273500205,2.458167726499795
7,Acetone,130.0,109.90838203693684,20.091617963063158
7,Acetone,40.0,31.414589354694712,8.585410645305288
7,Acetaldehyde,200.0,127.7998791157511,72.2001208842489
7,Acetaldehyde,140.0,88.13453679039213,51.86546320960787
7,Acetone,70.0,59.19417616956922,10.805823830430782
7,Acetaldehyde,210.0,141.0212667366482,68.97873326335181
7,Acetaldehyde,170.0,100.50396900629751,69.49603099370249
7,Acetone,140.0,130.633163751242,9.366836248758005
7,Acetone,160.0,171.1355420196852,11.135542019685204
7,Acetaldehyde,180.0,114.3585207843035,65.6414792156965
7,Acetone,100.0,75.93978956787973,24.06021043212027
7,Acetone,10.0,0.0,10.0
7,Acetaldehyde,100.0,74.98755775784409,25.012442242155913
7,Acetone,200.0,189.08747467641038,10.91252532358962
7,Acetone,20.0,1.5549515771998585,18.44504842280014
7,Acetaldehyde,250.0,164.8216705292054,85.17832947079461
7,Acetaldehyde,110.0,78.88659751209084,31.113402487909156
7,Acetone,150.0,149.94178017083854,0.05821982916145885
7,Acetone,50.0,38.37621283518871,11.62378716481129
7,Acetaldehyde,30.0,41.04189866175727,11.041898661757273
7,Acetaldehyde,80.0,67.26064459414481,12.739355405855193
7,Acetone,180.0,162.79242239698652,17.207577603013476
7,Acetone,80.0,74.59430490782843,5.40569509217157
7,Acetaldehyde,70.0,67.5423755402576,2.457624459742405
7,Acetone,250.0,215.5193966325164,34.48060336748361
7,Acetone,210.0,203.8267452260685,6.17325477393149
7,Acetaldehyde,50.0,64.57558409211897,14.575584092118973
7,Acetone,230.0,204.08253187087269,25.917468129127315
7,Acetone,120.0,125.33621540971605,5.336215409716047
7,Acetaldehyde,120.0,87.50297691066541,32.49702308933459
7,Acetaldehyde,190.0,116.08459483955117,73.91540516044883
7,Acetone,90.0,64.55265594968193,25.447344050318065
7,Acetone,170.0,178.30256627652378,8.302566276523777
7,Acetaldehyde,40.0,49.26757973251816,9.267579732518158
7,Acetaldehyde,230.0,145.2753205045384,84.7246794954616
7,Acetone,240.0,220.2258656632037,19.774134336796294
7,Acetaldehyde,130.0,91.34481373743054,38.65518626256946
7,Acetaldehyde,90.0,71.66905181350681,18.33094818649319
7,Acetone,190.0,166.1566461345071,23.8433538654929
7,Acetone,30.0,17.127254327163016,12.872745672836984
7,Acetaldehyde,160.0,104.56154652756322,55.43845347243678
7,Acetaldehyde,240.0,159.9588528733808,80.0411471266192
7,Acetone,220.0,199.31849643500797,20.681503564992028
7,Acetone,110.0,103.6417415320395,6.358258467960496
7,Acetaldehyde,220.0,145.35538407021386,74.64461592978614
7,Acetaldehyde,60.0,64.62157667640842,4.621576676408424
7,Acetone,130.0,110.95160833299693,19.048391667003074
7,Acetone,40.0,29.035846533619647,10.964153466380353
7,Acetaldehyde,200.0,132.2432594127911,67.7567405872089
7,Acetaldehyde,140.0,85.4948793490229,54.505120650977105
7,Acetone,70.0,62.605179257458445,7.394820742541555
7,Acetaldehyde,210.0,139.27586232850504,70.72413767149496
7,Acetaldehyde,170.0,97.93757249508887,72.06242750491113
7,Acetone,140.0,138.63707504436042,1.3629249556395848
7,Acetone,160.0,173.3961685061348,13.396168506134813
7,Acetaldehyde,180.0,111.63459430721367,68.36540569278633
7,Acetone,100.0,79.94725031459845,20.05274968540155
7,Acetone,10.0,0.0,10.0
7,Acetaldehyde,100.0,77.220673116059,22.779326883940996
7,Acetone,200.0,190.69006930906113,9.30993069093887
7,Acetone,20.0,6.858997763502657,13.141002236497343
7,Acetaldehyde,250.0,167.14704903140432,82.85295096859568
7,Acetaldehyde,110.0,76.4051295293402,33.5948704706598
7,Acetone,150.0,150.32174977735846,0.32174977735846255
7,Acetone,50.0,41.50730578998184,8.492694210018158
7,Acetaldehyde,30.0,42.18892498191552,12.18892498191552
7,Acetaldehyde,80.0,71.11686814043294,8.883131859567058
7,Acetone,180.0,174.35169940461603,5.648300595383972
7,Acetone,80.0,81.20957915795202,1.209579157952021
7,Acetaldehyde,70.0,69.46967047372516,0.5303295262748406
7,Acetone,250.0,218.77717580575398,31.222824194246016
7,Acetone,210.0,207.02877593974313,2.9712240602568727
7,Acetaldehyde,150.0,95.51986089249613,54.480139107503874
7,Acetaldehyde,50.0,66.8032905597425,16.803290559742507
7,Acetone,230.0,209.0219339654971,20.978066034502888
7,Acetone,120.0,128.63420551862518,8.63420551862518
7,Acetaldehyde,120.0,90.57736221976592,29.422637780234083
7,Acetaldehyde,190.0,114.9966446892044,75.0033553107956
7,Acetone,90.0,69.08175556856047,20.918244431439533
7,Acetone,170.0,181.26985462137358,11.269854621373582
7,Acetaldehyde,40.0,47.245392777106915,7.245392777106915
7,Acetaldehyde,230.0,147.5328990841225,82.4671009158775
7,Acetone,240.0,211.29778105141415,28.702218948585852
7,Acetone,60.0,53.80594993704385,6.194050062956151
7,Acetaldehyde,130.0,92.26228399785488,37.73771600214512
7,Acetaldehyde,90.0,71.96363076612056,18.03636923387944
7,Acetone,190.0,182.3045935035455,7.6954064964544955
7,Acetone,30.0,15.846989250546883,14.153010749453117
7,Acetaldehyde,160.0,106.03264482786815,53.967355172131846
7,Acetaldehyde,240.0,158.38471964739927,81.61528035260073
7,Acetone,220.0,202.58027323441246,17.41972676558754
7,Acetone,110.0,118.03098412361513,8.030984123615127
7,Acetaldehyde,220.0,149.63634161670333,70.36365838329667
7,Acetaldehyde,60.0,69.57130665885421,9.571306658854212
7,Acetone,130.0,129.03364554669054,0.9663544533094637
7,Acetone,40.0,31.96024131359283,8.039758686407168
7,Acetaldehyde,200.0,128.82421229936986,71.17578770063014
7,Acetaldehyde,140.0,90.68759788160668,49.31240211839332
7,Acetone,70.0,67.94091509619635,2.059084903803651
7,Acetaldehyde,210.0,137.2406462206005,72.7593537793995
7,Acetaldehyde,170.0,103.43265784199905,66.56734215800095
7,Acetone,140.0,138.2888569775375,1.711143022462494
7,Acetone,160.0,179.42239510355364,19.42239510355364
7,Acetaldehyde,180.0,112.73638316717421,67.26361683282579
7,Acetone,100.0,86.46636204490324,13.533637955096765
7,Acetone,10.0,0.0,10.0
7,Acetaldehyde,100.0,77.83394324280819,22.16605675719181
7,Acetone,200.0,192.69318926743847,7.30681073256153
7,Acetone,20.0,5.811475251949531,14.188524748050469
7,Acetaldehyde,250.0,168.83121623042143,81.16878376957857
7,Acetaldehyde,110.0,79.93748093094251,30.062519069057487
7,Acetone,150.0,150.4401420920188,0.44014209201878884
7,Acetone,50.0,62.66052707929708,12.660527079297083
7,Acetaldehyde,30.0,41.97640636778809,11.976406367788087
7,Acetaldehyde,80.0,69.79664403940511,10.203355960594891
7,Acetone,180.0,179.2143084953217,0.7856915046783115
7,Acetone,80.0,76.22036378924203,3.779636210757971
7,Acetaldehyde,70.0,73.24772307442828,3.2477230744282792
7,Acetone,250.0,219.15364672115481,30.846353278845186
7,Acetone,210.0,208.743924799178,1.2560752008220106
7,Acetaldehyde,150.0,100.32153891466535,49.678461085334646
7,Acetaldehyde,50.0,68.6036399566817,18.603639956681704
7,Acetone,230.0,213.51582479715424,16.484175202845762
7,Acetone,120.0,138.45876207271772,18.458762072717718
7,Acetaldehyde,120.0,92.69780886129531,27.302191138704686
7,Acetaldehyde,190.0,121.96384764478404,68.03615235521596
7,Acetone,90.0,78.52263860688562,11.477361393114379
7,Acetone,170.0,188.539898498343,18.539898498343007
7,Acetaldehyde,10.0,52.308906086376254,42.308906086376254
7,Acetaldehyde,230.0,157.40119184028825,72.59880815971175
7,Acetone,240.0,220.9511286804776,19.04887131952239
7,Acetone,60.0,61.96013317278209,1.9601331727820934
7,Acetaldehyde,130.0,94.27623503920736,35.723764960792636
7,Acetaldehyde,90.0,75.72149882870214,14.278501171297862
7,Acetone,190.0,184.95904183525084,5.040958164749156
7,Acetone,30.0,18.838418290040394,11.161581709959606
7,Acetaldehyde,160.0,111.98374288672366,48.01625711327634
7,Acetaldehyde,240.0,167.6411730376393,72.3588269623607
7,Acetone,220.0,211.79493644756855,8.205063552431454
7,Acetone,110.0,130.48632000046246,20.486320000462456
7,Acetaldehyde,220.0,157.59645963500517,62.403540364994825
7,Acetaldehyde,60.0,67.25136284359071,7.251362843590712
7,Acetone,130.0,131.09832145382416,1.0983214538241555
7,Acetone,40.0,31.55638213183238,8.443617868167621
7,Acetaldehyde,200.0,140.42381008134302,59.57618991865698
7,Acetaldehyde,140.0,91.83379355583,48.16620644417
7,Acetone,70.0,72.51595936968238,2.5159593696823777
7,Acetaldehyde,210.0,147.35513156562612,62.644868434373876
7,Acetaldehyde,170.0,110.09906294773711,59.90093705226289
7,Acetone,140.0,148.85090054379395,8.850900543793955
7,Acetone,160.0,184.99372930720287,24.99372930720287
7,Acetaldehyde,180.0,118.6906962678726,61.309303732127404
7,Acetone,100.0,94.50183251947485,5.498167480525154
7,Acetone,10.0,0.0,10.0
7,Acetaldehyde,100.0,73.72812754238932,26.271872457610684
7,Acetone,200.0,190.51657504853586,9.483424951464144
7,Acetone,20.0,3.8265914813227084,16.17340851867729
7,Acetaldehyde,250.0,166.75187169186248,83.24812830813752
7,Acetaldehyde,110.0,79.5458782627569,30.4541217372431
7,Acetone,150.0,151.51684924053788,1.51684924053788
7,Acetone,50.0,40.47671660087022,9.523283399129781
7,Acetaldehyde,30.0,42.951037979837864,12.951037979837864
7,Acetaldehyde,80.0,67.87354182979851,12.126458170201488
7,Acetone,180.0,178.57723100641678,1.4227689935832188
7,Acetone,80.0,76.35470636554444,3.6452936344555553
7,Acetaldehyde,70.0,68.44637554422411,1.5536244557758891
7,Acetone,250.0,223.95511551457122,26.04488448542878
7,Acetone,210.0,214.06625622557772,4.0662562255777175
7,Acetaldehyde,150.0,99.81801083654662,50.18198916345338
7,Acetaldehyde,50.0,61.588794298185974,11.588794298185974
7,Acetone,230.0,206.98080743351323,23.019192566486765
7,Acetone,120.0,131.82939574661236,11.829395746612363
7,Acetaldehyde,120.0,86.74142353238892,33.25857646761108
7,Acetaldehyde,190.0,110.29120538074136,79.70879461925864
7,Acetone,90.0,76.29074173906952,13.709258260930483
7,Acetone,170.0,180.59249718437772,10.59249718437772
7,Acetaldehyde,230.0,148.53396643926445,81.46603356073555
7,Acetone,240.0,222.51938043987343,17.48061956012657
7,Acetone,60.0,54.33065883537259,5.6693411646274114
7,Acetaldehyde,130.0,87.57080517196496,42.42919482803504
7,Acetaldehyde,90.0,61.28521190263376,28.714788097366238
7,Acetone,190.0,182.45732455172498,7.54267544827502
7,Acetone,30.0,14.355416547166044,15.644583452833956
7,Acetaldehyde,160.0,105.87437479314264,54.125625206857364
7,Acetaldehyde,240.0,159.9664728445068,80.0335271554932
7,Acetone,220.0,204.08207612937775,15.917923870622246
7,Acetone,110.0,120.87939308901446,10.879393089014457
7,Acetaldehyde,210.0,150.69457470538876,59.30542529461124
7,Acetaldehyde,60.0,57.481415028719624,2.518584971280376
7,Acetone,130.0,124.09573323973129,5.904266760268712
7,Acetone,40.0,27.614659194936493,12.385340805063507
7,Acetaldehyde,200.0,132.26740889502432,67.73259110497568
7,Acetaldehyde,140.0,88.12556732243974,51.874432677560264
7,Acetone,70.0,65.2211223790053,4.778877620994706
7,Acetaldehyde,210.0,133.41161326872088,76.58838673127912
7,Acetaldehyde,170.0,98.6447598145187,71.3552401854813
7,Acetone,140.0,143.01167635265645,3.011676352656451
7,Acetone,160.0,178.0210741014683,18.021074101468287
7,Acetaldehyde,180.0,113.765975088553,66.234024911447
7,Ethylene,100.0,82.02009090855054,17.979909091449457
7,Ethylene,10.0,12.067005550661932,2.067005550661932
7,Ammonia,300.0,249.34097204466227,50.659027955337734
7,Ammonia,50.0,34.72486995986108,15.275130040138919
7,Ethylene,200.0,130.24221502589353,69.75778497410647
7,Ethylene,20.0,22.019976402950036,2.0199764029500358
7,Ammonia,110.0,82.66729804984081,27.33270195015919
7,Ammonia,220.0,185.36840756669986,34.63159243330014
7,Ethylene,150.0,110.68774737279637,39.312252627203634
7,Ethylene,50.0,47.76538533563364,2.2346146643663616
7,Ammonia,120.0,95.20040174457876,24.799598255421245
7,Ammonia,280.0,214.74828667688735,65.25171332311265
7,Ethylene,180.0,125.14942627506049,54.85057372493951
7,Ethylene,80.0,66.35869557587837,13.641304424121628
7,Ammonia,80.0,50.18785381889846,29.81214618110154
7,Ammonia,290.0,217.92881566927954,72.07118433072046
7,Ethylene,250.0,158.05301436975327,91.94698563024673
7,Ethylene,210.0,146.0332207898117,63.96677921018829
7,Ammonia,150.0,128.50169895162762,21.498301048372383
7,Ammonia,200.0,166.815092374728,33.18490762527199
7,Ethylene,230.0,142.60485187243543,87.39514812756457
7,Ethylene,120.0,95.53285966188108,24.467140338118924
7,Ammonia,250.0,217.72906314432646,32.27093685567354
7,Ammonia,60.0,39.49290167548827,20.50709832451173
7,Ethylene,90.0,81.13743548168986,8.862564518310137
7,Ethylene,170.0,121.12871122283097,48.87128877716903
7,Ammonia,160.0,141.74456573558493,18.255434264415072
7,Ammonia,240.0,194.92328785812612,45.076712141873884
7,Ethylene,240.0,153.6291498274122,86.37085017258781
7,Ethylene,60.0,58.058995662663236,1.9410043373367643
7,Ammonia,260.0,226.33882095740893,33.66117904259107
7,Ammonia,130.0,107.20723259541538,22.792767404584623
7,Ethylene,190.0,131.8967900249376,58.10320997506241
7,Ethylene,30.0,33.59695190369054,3.596951903690538
7,Ammonia,170.0,161.90781563764952,8.09218436235048
7,Ammonia,230.0,193.51815696884609,36.481843031153915
7,Ethylene,220.0,142.94174704177348,77.05825295822652
7,Ethylene,110.0,91.43542007120521,18.564579928794785
7,Ammonia,270.0,232.99231388096365,37.00768611903635
7,Ammonia,180.0,153.6773481349194,26.322651865080587
7,Ethylene,130.0,101.55155563107405,28.448444368925948
7,Ethylene,40.0,37.26011362955809,2.7398863704419085
7,Ammonia,190.0,187.52493693646664,2.475063063533355
7,Ammonia,90.0,70.81552343238603,19.18447656761397
7,Ammonia,140.0,121.6304275220012,18.3695724779988
7,Ethylene,70.0,65.62283062708765,4.377169372912348
7,Ammonia,70.0,47.34294158651345,22.657058413486553
7,Ammonia,100.0,78.65987807183696,21.340121928163043
7,Ethylene,140.0,109.34214419742625,30.65785580257375
7,Ethylene,160.0,121.89451892982783,38.105481070172175
7,Ammonia,210.0,199.83566834729118,10.164331652708825
7,Ethylene,100.0,85.78408732777699,14.215912672223013
7,Ethylene,10.0,10.346706452538825,0.34670645253882526
7,Ammonia,300.0,246.5092140417472,53.490785958252786
7,Ammonia,50.0,31.723087494072047,18.276912505927953
7,Ethylene,200.0,125.25743577056251,74.74256422943749
7,Ethylene,20.0,23.757482840227397,3.7574828402273965
7,Ammonia,110.0,84.29917985985708,25.700820140142923
7,Ammonia,220.0,184.89063066180026,35.10936933819974
7,Ethylene,150.0,114.86702536149252,35.13297463850748
7,Ethylene,50.0,48.34383990629716,1.6561600937028373
7,Ammonia,120.0,95.11198486634277,24.888015133657234
7,Ammonia,280.0,222.23927055957637,57.76072944042363
7,Ethylene,180.0,127.20301205788307,52.79698794211693
7,Ethylene,80.0,67.25185200507521,12.748147994924793
7,Ammonia,80.0,49.62781753745122,30.37218246254878
7,Ammonia,290.0,226.09781598171168,63.902184018288324
7,Ethylene,250.0,158.16950530204406,91.83049469795594
7,Ethylene,210.0,142.56664356690007,67.43335643309993
7,Ammonia,150.0,135.4677626963768,14.53223730362319
7,Ammonia,200.0,176.81283014663586,23.18716985336414
7,Ethylene,230.0,147.24098515016345,82.75901484983655
7,Ethylene,120.0,96.59730413385876,23.402695866141244
7,Ammonia,250.0,225.16595938013586,24.83404061986414
7,Ammonia,60.0,40.16217567828565,19.83782432171435
7,Ethylene,90.0,81.46180485290444,8.538195147095564
7,Ethylene,170.0,126.88570997965888,43.114290020341116
7,Ammonia,160.0,172.40057991833123,12.400579918331232
7,Ammonia,240.0,201.96709275743055,38.03290724256945
7,Ethylene,240.0,160.0020345766577,79.9979654233423
7,Ethylene,60.0,56.20365556336348,3.7963444366365167
7,Ammonia,260.0,223.21164835863448,36.78835164136552
7,Ammonia,130.0,115.09234630049951,14.907653699500486
7,Ethylene,190.0,139.89625594426923,50.10374405573077
7,Ethylene,30.0,33.32782478592519,3.3278247859251877
7,Ammonia,170.0,158.36380819829094,11.63619180170906
7,Ammonia,230.0,194.78902662451114,35.21097337548886
7,Ethylene,220.0,142.41817773053168,77.58182226946832
7,Ethylene,110.0,95.595644282162,14.404355717838001
7,Ammonia,270.0,233.2248571326866,36.775142867313406
7,Ammonia,180.0,157.83980591840245,22.160194081597552
7,Ethylene,130.0,105.14632621660134,24.853673783398662
7,Ethylene,40.0,41.88826460883267,1.8882646088326709
7,Ammonia,190.0,188.50438911498196,1.4956108850180385
7,Ammonia,90.0,69.12315530696097,20.876844693039033
7,Ammonia,140.0,118.7902260832291,21.2097739167709
7,Ethylene,70.0,67.4860127232141,2.5139872767858975
7,Ammonia,70.0,41.12211435491977,28.877885645080227
7,Ammonia,100.0,77.59362072665512,22.406379273344882
7,Ethylene,140.0,111.0420585308934,28.9579414691066
7,Ethylene,160.0,122.16369375385153,37.83630624614847
7,Ammonia,210.0,196.13349813690664,13.866501863093362
7,Ethylene,100.0,87.62071896858703,12.379281031412972
7,Ethylene,10.0,11.568383192287797,1.568383192287797
7,Ammonia,300.0,242.54292813214948,57.457071867850516
7,Ammonia,50.0,32.297436585926604,17.702563414073396
7,Ethylene,200.0,130.2951523954702,69.70484760452979
7,Ethylene,20.0,24.542664410701818,4.542664410701818
7,Ammonia,110.0,82.24689189358881,27.75310810641119
7,Ammonia,220.0,182.4894709215943,37.51052907840571
7,Ethylene,150.0,120.83305585889194,29.16694414110806
7,Ethylene,50.0,47.29413484351724,2.7058651564827585
7,Ammonia,120.0,93.05355303241308,26.946446967586922
7,Ammonia,280.0,218.515342213952,61.48465778604799
7,Ethylene,180.0,131.70184261037,48.298157389630006
7,Ethylene,80.0,71.45352876938627,8.546471230613733
7,Ammonia,80.0,48.549149656761145,31.450850343238855
7,Ammonia,290.0,222.09150715583468,67.90849284416532
7,Ethylene,250.0,166.16476106562428,83.83523893437572
7,Ethylene,210.0,143.08411616606693,66.91588383393307
7,Ammonia,150.0,129.96620548586415,20.03379451413585
7,Ammonia,200.0,178.84848771461753,21.151512285382466
7,Ethylene,230.0,151.83627203609822,78.16372796390178
7,Ethylene,120.0,96.99749760042758,23.00250239957242
7,Ammonia,250.0,220.36370228778716,29.636297712212837
7,Ammonia,60.0,40.38007186128907,19.619928138710932
7,Ethylene,90.0,81.59300821319661,8.406991786803388
7,Ethylene,170.0,126.24537306037168,43.754626939628324
7,Ammonia,160.0,145.96931538199405,14.03068461800595
7,Ammonia,240.0,200.22320531229045,39.776794687709554
7,Ethylene,240.0,156.0998327906459,83.9001672093541
7,Ethylene,60.0,55.45404538978961,4.545954610210387
7,Ammonia,260.0,228.94960268430694,31.05039731569306
7,Ammonia,130.0,110.55449431810473,19.44550568189527
7,Ethylene,190.0,130.1836164824854,59.816383517514595
7,Ethylene,30.0,33.10876485097748,3.1087648509774795
7,Ammonia,170.0,163.13721939267927,6.86278060732073
7,Ammonia,230.0,193.30266055450429,36.697339445495714
7,Ethylene,220.0,144.17255394834052,75.82744605165948
7,Ethylene,110.0,89.2222027723143,20.777797227685696
7,Ammonia,270.0,232.77760136418067,37.22239863581933
7,Ammonia,180.0,157.8576470976342,22.142352902365786
7,Ethylene,130.0,102.76687766400619,27.233122335993812
7,Ethylene,40.0,41.970282900242154,1.9702829002421538
7,Ammonia,190.0,189.4196743770665,0.5803256229334863
7,Ammonia,90.0,69.01805524948031,20.981944750519688
7,Ammonia,140.0,126.7280003751342,13.2719996248658
7,Ethylene,70.0,68.85157506872191,1.148424931278086
7,Ammonia,70.0,43.41939092619205,26.58060907380795
7,Ammonia,100.0,77.38155562933069,22.61844437066931
7,Ethylene,140.0,116.18044919210534,23.819550807894657
7,Ethylene,160.0,120.35677102062948,39.64322897937052
7,Ammonia,210.0,199.2054103833919,10.794589616608107
7,Ethylene,100.0,95.8187149951456,4.181285004854402
7,Ethylene,15.0,10.815297575488273,4.184702424511727
7,Ammonia,300.0,242.9364584223802,57.06354157761979
7,Ammonia,50.0,32.06188782489896,17.93811217510104
7,Ethylene,200.0,127.70664137084586,72.29335862915414
7,Ethylene,20.0,23.137865872667305,3.137865872667305
7,Ammonia,110.0,83.9438831006324,26.056116899367595
7,Ammonia,220.0,190.8418822716319,29.158117728368097
7,Ethylene,150.0,113.8887881151744,36.11121188482559
7,Ethylene,50.0,51.48290301950509,1.4829030195050876
7,Ammonia,120.0,100.55680424275198,19.44319575724802
7,Ammonia,280.0,217.95582051090526,62.044179489094745
7,Ethylene,180.0,127.98974915969427,52.01025084030573
7,Ethylene,80.0,69.3520745307548,10.647925469245195
7,Ammonia,80.0,53.11920682595307,26.88079317404693
7,Ammonia,290.0,224.91131452061927,65.08868547938073
7,Ethylene,250.0,170.58802873681282,79.41197126318718
7,Ethylene,210.0,145.30454028572612,64.69545971427388
7,Ammonia,150.0,137.732317347587,12.267682652412986
7,Ammonia,200.0,180.33150559198202,19.668494408017978
7,Ethylene,230.0,150.58795863393976,79.41204136606024
7,Ethylene,120.0,100.61083079401939,19.389169205980608
7,Ammonia,250.0,240.66113635549146,9.338863644508535
7,Ammonia,60.0,39.990840134434876,20.009159865565124
7,Ethylene,90.0,80.38867775575638,9.611322244243624
7,Ethylene,170.0,120.05276892756667,49.947231072433325
7,Ammonia,160.0,149.1016420688043,10.898357931195704
7,Ammonia,240.0,206.00523192158647,33.99476807841353
7,Ethylene,240.0,157.33217095482905,82.66782904517095
7,Ethylene,60.0,55.63635599628765,4.363644003712352
7,Ammonia,260.0,234.30032871235647,25.699671287643525
7,Ammonia,130.0,115.66523091849385,14.334769081506153
7,Ethylene,190.0,129.87247718010704,60.12752281989296
7,Ethylene,30.0,30.639167199493016,0.6391671994930164
7,Ammonia,170.0,177.12931214062525,7.129312140625245
7,Ammonia,230.0,192.44942573868607,37.550574261313926
7,Ethylene,220.0,150.80206103315544,69.19793896684456
7,Ethylene,110.0,93.73818308466069,16.26181691533931
7,Ammonia,270.0,238.53429387406058,31.46570612593942
7,Ammonia,180.0,159.1998657481091,20.80013425189091
7,Ethylene,130.0,106.37611981715594,23.62388018284406
7,Ethylene,40.0,39.4521026526014,0.5478973473986031
7,Ammonia,190.0,194.7008141386219,4.700814138621894
7,Ammonia,90.0,72.12621532066453,17.873784679335472
7,Ammonia,140.0,124.72555452254367,15.274445477456325
7,Ethylene,70.0,64.58135196263821,5.418648037361791
7,Ammonia,70.0,44.44613780197841,25.55386219802159
7,Ammonia,100.0,82.49382898956804,17.506171010431956
7,Ethylene,140.0,107.91378776410997,32.08621223589003
7,Ethylene,160.0,124.67427657046197,35.32572342953803
7,Ammonia,210.0,211.21810235100295,1.2181023510029547
7,Ethylene,100.0,88.47896122205962,11.521038777940376
7,Ethylene,10.0,11.63777556110604,1.6377755611060394
7,Ammonia,300.0,256.3477289875573,43.652271012442725
7,Ammonia,50.0,32.5157812338974,17.4842187661026
7,Ethylene,200.0,146.2924432348516,53.70755676514841
7,Ethylene,20.0,20.630922521420175,0.6309225214201746
7,Ammonia,110.0,102.001985109034,7.9980148909660045
7,Ammonia,220.0,198.43191010634956,21.568089893650438
7,Ethylene,150.0,119.67208729367216,30.327912706327837
7,Ethylene,50.0,48.03984895629945,1.9601510437005487
7,Ammonia,120.0,107.5102396175981,12.489760382401897
7,Ammonia,280.0,231.81501511938848,48.18498488061152
7,Ethylene,180.0,122.78685989686356,57.21314010313644
7,Ethylene,80.0,72.92631565802272,7.073684341977284
7,Ammonia,80.0,55.43796393334512,24.562036066654883
7,Ammonia,290.0,232.8304276699456,57.16957233005439
7,Ethylene,250.0,168.89650982277138,81.10349017722862
7,Ethylene,210.0,154.77658300928238,55.223416990717624
7,Ammonia,150.0,148.63068099082932,1.369319009170681
7,Ammonia,200.0,188.51955886345547,11.480441136544528
7,Ethylene,230.0,160.10140604174165,69.89859395825835
7,Ethylene,120.0,101.98153810856925,18.018461891430746
7,Ammonia,250.0,235.252489167972,14.747510832028013
7,Ammonia,60.0,39.962258534391665,20.037741465608335
7,Ethylene,90.0,81.08587730348445,8.914122696515548
7,Ethylene,170.0,127.7992952410478,42.2007047589522
7,Ammonia,160.0,166.0313013526527,6.03130135265269
7,Ammonia,240.0,205.20907847024336,34.790921529756645
7,Ethylene,240.0,181.35784488411383,58.64215511588617
7,Ethylene,60.0,58.85979707124237,1.1402029287576312
7,Ammonia,260.0,239.8070554155853,20.192944584414704
7,Ammonia,130.0,119.72789799012199,10.272102009878012
7,Ethylene,190.0,134.3217381358577,55.678261864142314
7,Ethylene,30.0,31.93975012060288,1.9397501206028807
7,Ammonia,170.0,178.4427171031037,8.44271710310369
7,Ammonia,230.0,205.42040364188745,24.579596358112553
7,Ethylene,220.0,150.98420974444048,69.01579025555952
7,Ethylene,110.0,91.18042254916429,18.81957745083571
7,Ammonia,270.0,244.21192106857615,25.788078931423854
7,Ammonia,180.0,165.43330723811636,14.566692761883644
7,Ethylene,130.0,106.49400684154188,23.505993158458125
7,Ethylene,40.0,41.377786733749474,1.377786733749474
7,Ammonia,190.0,191.59732968635697,1.5973296863569715
7,Ammonia,90.0,71.81567132636773,18.184328673632265
7,Ammonia,140.0,129.79638514818734,10.20361485181266
7,Ethylene,70.0,61.511157028682135,8.488842971317865
7,Ammonia,70.0,43.64193480942298,26.358065190577022
7,Ammonia,100.0,82.66703318120659,17.33296681879341
7,Ethylene,140.0,113.32023527014542,26.679764729854583
7,Ethylene,160.0,113.1259364078186,46.8740635921814
7,Ammonia,210.0,201.69166536033623,8.30833463966377
7,Ethylene,100.0,80.5328545811731,19.467145418826902
7,Ethylene,10.0,9.758390726423784,0.2416092735762163
7,Ammonia,300.0,245.68342731959305,54.31657268040695
7,Ammonia,50.0,30.004761376453615,19.995238623546385
7,Ethylene,200.0,135.1054329671336,64.8945670328664
7,Ethylene,20.0,17.339319126488448,2.660680873511552
7,Ammonia,110.0,86.0640370631539,23.935962936846096
7,Ammonia,220.0,190.8999302885977,29.100069711402313
7,Ethylene,150.0,114.18879059347292,35.811209406527084
7,Ethylene,50.0,43.762151110407245,6.237848889592755
7,Ammonia,120.0,105.28960422138766,14.710395778612337
7,Ammonia,280.0,219.58671287131176,60.41328712868824
7,Ethylene,180.0,131.55963246144168,48.44036753855832
7,Ethylene,80.0,70.10672464476501,9.89327535523499
7,Ammonia,80.0,51.76705405541303,28.232945944586973
7,Ammonia,290.0,223.60713437234128,66.39286562765872
7,Ethylene,250.0,166.5623391163013,83.4376608836987
7,Ethylene,210.0,154.12864787932858,55.87135212067142
7,Ammonia,150.0,141.76374831828792,8.236251681712076
7,Ammonia,200.0,178.28909147697553,21.71090852302447
7,Ethylene,230.0,153.84402073195673,76.15597926804327
7,Ethylene,120.0,97.85134668704958,22.148653312950415
7,Ammonia,250.0,216.67221117274218,33.32778882725782
7,Ammonia,60.0,38.68327597474453,21.316724025255468
7,Ethylene,90.0,73.57465417539852,16.42534582460148
7,Ethylene,170.0,120.40577719071658,49.59422280928342
7,Ammonia,160.0,152.44520774682655,7.554792253173446
7,Ammonia,240.0,200.8912901509247,39.1087098490753
7,Ethylene,240.0,159.9619086115383,80.03809138846171
7,Ethylene,60.0,53.90994660848857,6.090053391511432
7,Ammonia,260.0,223.87219791659743,36.12780208340257
7,Ammonia,130.0,107.32065551454153,22.679344485458472
7,Ethylene,190.0,135.3267368183075,54.673263181692505
7,Ethylene,30.0,29.793705693898033,0.20629430610196664
7,Ammonia,170.0,160.922305228151,9.077694771848996
7,Ammonia,230.0,191.78521099855342,38.214789001446576
7,Ethylene,220.0,148.07999088950007,71.92000911049993
7,Ethylene,110.0,88.48116135769843,21.518838642301574
7,Ammonia,270.0,225.30336610509625,44.696633894903755
7,Ammonia,180.0,163.5942525660583,16.405747433941713
7,Ethylene,130.0,103.91204184353231,26.087958156467693
7,Ethylene,40.0,36.00063367787561,3.999366322124388
7,Ammonia,190.0,181.0193690194277,8.9806309805723
7,Ammonia,90.0,62.0409811046913,27.959018895308702
7,Ammonia,140.0,116.42852727780965,23.57147272219035
7,Ethylene,70.0,61.795359714551054,8.204640285448946
7,Ammonia,70.0,37.45218677327915,32.54781322672085
7,Ammonia,100.0,71.31888302711607,28.681116972883927
7,Ethylene,140.0,104.70729718317126,35.292702816828736
7,Ethylene,160.0,111.79238531227412,48.20761468772588
7,Ammonia,210.0,189.65022317819972,20.349776821800276
7,Ethylene,100.0,73.34095943249545,26.659040567504547
7,Ethylene,10.0,6.100575955666585,3.899424044333415
7,Ammonia,300.0,235.46893989717648,64.53106010282352
7,Ammonia,50.0,23.726335349271935,26.273664650728065
7,Ethylene,200.0,129.5957882785708,70.40421172142919
7,Ethylene,20.0,15.760905252566786,4.239094747433214
7,Ammonia,110.0,70.63180048163044,39.368199518369565
7,Ammonia,220.0,179.15441400984537,40.84558599015463
7,Ethylene,150.0,108.31708899686681,41.682911003133185
7,Ethylene,50.0,40.23424336633775,9.76575663366225
7,Ammonia,120.0,89.81981771741975,30.180182282580247
7,Ammonia,280.0,212.43372965484173,67.56627034515827
7,Ethylene,180.0,122.7169240810174,57.283075918982604
7,Ethylene,80.0,60.864440192541835,19.135559807458165
7,Ammonia,80.0,40.33788153713229,39.66211846286771
7,Ammonia,290.0,215.70493851017852,74.29506148982148
7,Ethylene,250.0,149.89612647303315,100.10387352696685
7,Ethylene,210.0,139.06762204866536,70.93237795133464
7,Ammonia,150.0,129.71509860486054,20.284901395139457
7,Ammonia,200.0,170.87631396844864,29.123686031551358
7,Ethylene,230.0,141.45794416684356,88.54205583315644
7,Ethylene,120.0,84.82067143990844,35.17932856009156
7,Ammonia,250.0,205.215818789206,44.784181210794
7,Ammonia,60.0,36.39153802954908,23.608461970450918
7,Ethylene,90.0,69.46097110186437,20.539028898135626
7,Ethylene,170.0,111.14765735639338,58.85234264360662
7,Ammonia,160.0,139.2317895954061,20.7682104045939
7,Ammonia,240.0,188.7884830955756,51.2115169044244
7,Ethylene,240.0,142.81158303527687,97.18841696472313
7,Ethylene,60.0,47.55227831707346,12.447721682926542
7,Ammonia,260.0,208.96790404010613,51.032095959893866
7,Ammonia,130.0,96.75526706194525,33.24473293805475
7,Ethylene,190.0,119.29803942848048,70.70196057151952
7,Ethylene,30.0,25.649621695898418,4.350378304101582
7,Ammonia,170.0,143.89726867544073,26.102731324559272
7,Ammonia,230.0,180.9137577393933,49.086242260606696
7,Ethylene,220.0,135.87342860434916,84.12657139565084
7,Ethylene,110.0,76.32810733770233,33.671892662297665
7,Ammonia,270.0,219.09932759639815,50.900672403601845
7,Ammonia,180.0,153.61078054315513,26.38921945684487
7,Ethylene,130.0,100.70320877898907,29.296791221010935
7,Ethylene,50.0,37.883678846995025,12.116321153004975
7,Ammonia,190.0,179.98696156269366,10.013038437306335
7,Ammonia,90.0,61.99024519816044,28.009754801839563
7,Ammonia,140.0,115.98492432469126,24.015075675308736
7,Ethylene,70.0,60.78847520863697,9.211524791363033
7,Ammonia,70.0,37.53900868867801,32.46099131132199
7,Ammonia,100.0,70.75340900956785,29.246590990432153
7,Ethylene,140.0,109.82201763357354,30.177982366426463
7,Ethylene,160.0,117.1379398529047,42.862060147095306
7,Ammonia,210.0,196.92273858747478,13.077261412525218
7,Ethylene,100.0,89.13411449172071,10.865885508279291
7,Ethylene,10.0,10.636260853748695,0.6362608537486949
7,Ammonia,300.0,241.2101609943382,58.789839005661804
7,Ammonia,50.0,30.26170048163378,19.73829951836622
7,Ethylene,200.0,138.8260631648801,61.17393683511989
7,Ethylene,20.0,18.81642889517468,1.1835711048253188
7,Ammonia,110.0,84.63290820977501,25.36709179022499
7,Ammonia,220.0,186.42908990683392,33.57091009316608
7,Ethylene,150.0,115.327697593896,34.672302406103995
7,Ethylene,50.0,44.612487953385596,5.387512046614404
7,Ammonia,120.0,103.30883120751362,16.69116879248638
7,Ammonia,280.0,215.10496930405554,64.89503069594446
7,Ethylene,180.0,129.64836967117148,50.35163032882852
7,Ethylene,80.0,64.85818397610332,15.14181602389668
7,Ammonia,80.0,48.53442214824064,31.465577851759363
7,Ammonia,290.0,220.63109506001524,69.36890493998476
7,Ethylene,250.0,161.8148302585527,88.18516974144731
7,Ethylene,210.0,146.34648324412757,63.65351675587243
7,Ammonia,150.0,141.35921493633248,8.640785063667522
7,Ammonia,200.0,168.33576930075805,31.664230699241955
7,Ethylene,230.0,145.1124782618224,84.88752173817761
7,Ethylene,120.0,99.15334978727887,20.84665021272113
7,Ammonia,250.0,217.24733849515945,32.752661504840546
7,Ammonia,60.0,37.678031641147115,22.321968358852885
7,Ethylene,90.0,75.0935099702045,14.906490029795506
7,Ethylene,170.0,117.57502875166635,52.42497124833365
7,Ammonia,160.0,145.4222986194903,14.577701380509694
7,Ammonia,240.0,194.6473999244864,45.35260007551361
7,Ethylene,240.0,152.54459466496232,87.45540533503768
7,Ethylene,60.0,51.28457916030311,8.71542083969689
7,Ammonia,260.0,215.58225991428597,44.41774008571403
7,Ammonia,130.0,103.76146990136942,26.238530098630577
7,Ethylene,190.0,129.4255271305961,60.574472869403905
7,Ethylene,30.0,28.671791213355746,1.3282087866442538
7,Ammonia,170.0,151.65848560517222,18.341514394827783
7,Ammonia,230.0,188.05042480350855,41.94957519649145
7,Ethylene,220.0,144.365149892337,75.634850107663
7,Ethylene,110.0,78.54385708365234,31.45614291634766
7,Ammonia,270.0,219.82176185880633,50.178238141193674
7,Ammonia,180.0,155.73748518330376,24.26251481669624
7,Ethylene,130.0,93.82911921179299,36.170880788207015
7,Ethylene,40.0,30.868106476882957,9.131893523117043
7,Ammonia,190.0,168.24441832276395,21.75558167723605
7,Ammonia,90.0,54.71245052910194,35.28754947089806
7,Ammonia,140.0,111.9399432351838,28.060056764816196
7,Ethylene,70.0,56.41898815347308,13.58101184652692
7,Ammonia,70.0,30.634997966907406,39.365002033092594
7,Ammonia,100.0,63.89540569023802,36.10459430976198
7,Ethylene,140.0,94.58757575371985,45.41242424628015
7,Ethylene,160.0,102.80993093977028,57.19006906022972
7,Ammonia,210.0,178.263629916059,31.73637008394101
7,Ethylene,100.0,74.92110853616651,25.078891463833486
7,Ethylene,10.0,9.822061527462637,0.17793847253736317
7,Ammonia,300.0,233.2431227054117,66.75687729458829
7,Ammonia,50.0,23.58076418994814,26.41923581005186
7,Ethylene,200.0,125.53228660342565,74.46771339657435
7,Ethylene,20.0,19.36561697757854,0.6343830224214599
7,Ammonia,110.0,68.89945217466749,41.10054782533251
7,Ammonia,220.0,179.37901083941915,40.62098916058085
7,Ethylene,150.0,104.92420335618718,45.07579664381282
7,Ethylene,50.0,35.556043961309896,14.443956038690104
7,Ammonia,120.0,81.73176621571383,38.26823378428617
7,Ammonia,280.0,208.11884967393632,71.88115032606368
7,Ethylene,180.0,114.00940731112989,65.99059268887011
7,Ethylene,80.0,52.57489800584574,27.42510199415426
7,Ammonia,80.0,34.38055569357377,45.61944430642623
7,Ammonia,290.0,215.7707603103077,74.22923968969229
7,Ethylene,250.0,145.54327774309618,104.45672225690382
7,Ethylene,210.0,130.86402544184452,79.13597455815548
7,Ammonia,150.0,127.02280586790933,22.977194132090673
7,Ammonia,200.0,170.42025636637968,29.579743633620325
7,Ethylene,230.0,137.33178286112653,92.66821713887347
7,Ethylene,120.0,77.84863942041787,42.15136057958213
7,Ammonia,250.0,202.77562080297002,47.224379197029975
7,Ammonia,60.0,29.675723150243627,30.324276849756373
7,Ethylene,90.0,67.97873243722594,22.021267562774057
7,Ethylene,170.0,104.30876000313319,65.69123999686681
7,Ammonia,160.0,135.0256140908239,24.974385909176107
7,Ammonia,240.0,187.2855530894963,52.71444691050371
7,Ethylene,240.0,136.14742736133326,103.85257263866674
7,Ethylene,60.0,42.47061285515278,17.52938714484722
7,Ammonia,260.0,207.48833930301646,52.51166069698354
7,Ammonia,130.0,95.01205008058747,34.98794991941253
7,Ethylene,190.0,115.79390171965699,74.20609828034301
7,Ethylene,30.0,24.58092675307759,5.419073246922409
7,Ammonia,170.0,142.74060238659223,27.25939761340777
7,Ammonia,230.0,182.7440699466755,47.255930053324505
7,Ethylene,220.0,129.54031826330774,90.45968173669226
7,Ethylene,110.0,68.88465822243235,41.11534177756765
7,Ammonia,270.0,211.71204552232916,58.28795447767084
7,Ammonia,180.0,146.82795502486832,33.17204497513168
7,Ethylene,130.0,87.72323376664886,42.27676623335114
7,Ethylene,40.0,32.50030757389915,7.49969242610085
7,Ammonia,190.0,175.12626639140345,14.873733608596552
7,Ammonia,90.0,58.82128324530781,31.17871675469219
7,Ammonia,140.0,116.93156172765549,23.06843827234451
7,Ethylene,70.0,60.18327985664496,9.816720143355042
7,Ammonia,70.0,31.349504831899566,38.650495168100434
7,Ammonia,100.0,65.99036038774526,34.009639612254745
7,Ethylene,140.0,96.84903661566707,43.150963384332925
7,Ethylene,160.0,112.63073116292098,47.36926883707902
7,Ammonia,210.0,186.5625440388709,23.437455961129103
7,Ethylene,100.0,73.22111579013608,26.778884209863918
7,Ethylene,10.0,8.02365873842001,1.9763412615799894
7,Ammonia,300.0,234.28067044606564,65.71932955393436
7,Ammonia,50.0,26.193034863689547,23.806965136310453
7,Ethylene,200.0,132.46441628851792,67.53558371148208
7,Ethylene,20.0,16.500964108304572,3.499035891695428
7,Ammonia,110.0,79.64820720763325,30.35179279236675
7,Ammonia,220.0,188.45153164412056,31.548468355879436
7,Ethylene,150.0,111.04449586127139,38.955504138728614
7,Ethylene,50.0,41.44063891815219,8.559361081847811
7,Ammonia,120.0,103.27302222476303,16.726977775236975
7,Ammonia,280.0,221.64110195360172,58.35889804639828
7,Ethylene,180.0,131.47247881421484,48.52752118578516
7,Ethylene,80.0,67.1559199495982,12.8440800504018
7,Ammonia,80.0,52.45497814448582,27.54502185551418
7,Ammonia,290.0,226.85119830512127,63.14880169487873
7,Ethylene,250.0,170.2394162952199,79.76058370478009
7,Ethylene,210.0,148.9656974148258,61.0343025851742
7,Ammonia,150.0,148.93717434919273,1.0628256508072695
7,Ammonia,200.0,183.74321709880752,16.25678290119248
7,Ethylene,230.0,159.0198095074573,70.9801904925427
7,Ethylene,120.0,103.03476382269838,16.96523617730162
7,Ammonia,250.0,227.15013567758513,22.849864322414874
7,Ammonia,60.0,41.34112748963196,18.65887251036804
7,Ethylene,90.0,81.98716245715413,8.012837542845872
7,Ethylene,170.0,136.427141837772,33.57285816222799
7,Ammonia,160.0,165.03877412388508,5.0387741238850765
7,Ammonia,240.0,208.44977525890016,31.55022474109984
7,Ethylene,240.0,172.40047861775912,67.59952138224088
7,Ethylene,60.0,57.10410110303904,2.895898896960958
7,Ammonia,260.0,236.25393692322814,23.74606307677186
7,Ammonia,130.0,125.77564915105447,4.224350848945534
7,Ethylene,190.0,139.1499770399255,50.85002296007451
7,Ethylene,30.0,33.41511753667767,3.41511753667767
7,Ammonia,170.0,182.69634011172906,12.696340111729057
7,Ammonia,230.0,204.5004040133594,25.4995959866406
7,Ethylene,220.0,158.4665865862221,61.53341341377791
7,Ethylene,30.0,99.13102857313646,69.13102857313646
7,Ammonia,270.0,240.3709531043752,29.62904689562481
7,Ammonia,180.0,177.4818989457177,2.5181010542823117
7,Ethylene,130.0,115.27266293610552,14.727337063894481
7,Ethylene,40.0,39.86931221505969,0.13068778494030653
7,Ammonia,190.0,198.43868408962618,8.438684089626179
7,Ammonia,90.0,70.74616943746449,19.253830562535512
7,Ammonia,140.0,135.2362702152114,4.763729784788609
7,Ethylene,70.0,66.31849194144854,3.681508058551458
7,Ammonia,70.0,45.97681560903045,24.023184390969547
7,Ammonia,100.0,89.81266622483817,10.187333775161832
7,Ethylene,140.0,116.06352822775182,23.936471772248183
7,Ethylene,160.0,127.15289736478246,32.84710263521754
7,Ammonia,210.0,210.63079004593368,0.6307900459336793
7,Ethylene,100.0,97.26966378478579,2.7303362152142086
7,Ethylene,10.0,10.204688554343647,0.2046885543436474
7,Ammonia,300.0,255.5500093246285,44.44999067537151
7,Ammonia,50.0,36.20415911583868,13.795840884161322
7,Ethylene,200.0,146.68652141895342,53.31347858104658
7,Ethylene,10.0,16.410667424742343,6.410667424742343
7,Ammonia,110.0,97.62666754155683,12.373332458443173
7,Ammonia,220.0,201.34868747591523,18.651312524084773
7,Ethylene,150.0,125.03661485727648,24.963385142723524
7,Ethylene,50.0,51.954601492626324,1.954601492626324
7,Ammonia,120.0,115.95023257083223,4.0497674291677725
7,Ammonia,280.0,227.6322134821421,52.367786517857894
7,Ethylene,180.0,139.54647760619832,40.45352239380168
7,Ethylene,80.0,73.83321495803527,6.166785041964729
7,Ammonia,80.0,54.81406044903437,25.185939550965628
7,Ammonia,290.0,231.93062617258357,58.06937382741643
7,Ethylene,250.0,173.62573696777972,76.37426303222028
7,Ethylene,210.0,157.51134774902022,52.48865225097978
7,Ammonia,150.0,152.94122391533804,2.9412239153380426
7,Ammonia,200.0,184.45501045567713,15.544989544322874
7,Ethylene,230.0,160.0074098064206,69.99259019357939
7,Ethylene,120.0,108.24463225992805,11.755367740071947
7,Ammonia,250.0,225.51739170664956,24.482608293350438
7,Ammonia,60.0,41.347596814986574,18.652403185013426
7,Ethylene,90.0,89.92990083787802,0.07009916212197709
7,Ethylene,170.0,133.5464502477246,36.45354975227539
7,Ammonia,160.0,162.75801573317983,2.758015733179832
7,Ammonia,240.0,210.149964780467,29.850035219532998
7,Ethylene,240.0,173.7984875812432,66.2015124187568
7,Ethylene,60.0,58.293102963121825,1.7068970368781748
7,Ammonia,260.0,236.50250102914308,23.497498970856924
7,Ammonia,130.0,121.86311255064263,8.136887449357374
7,Ethylene,190.0,146.2158088675095,43.78419113249049
7,Ethylene,30.0,32.558762930947864,2.5587629309478643
7,Ammonia,170.0,182.2104635422366,12.210463542236596
7,Ammonia,230.0,206.68135863540175,23.31864136459825
7,Ethylene,220.0,156.5840168156245,63.415983184375506
7,Ethylene,110.0,104.14676957156107,5.853230428438934
7,Ammonia,270.0,240.8715029393489,29.128497060651114
7,Ammonia,180.0,174.22404303005368,5.775956969946321
7,Ethylene,130.0,113.74313177584531,16.256868224154687
7,Ethylene,40.0,41.54383230241878,1.5438323024187781
7,Ammonia,190.0,198.20712770921176,8.207127709211761
7,Ammonia,90.0,74.24767832366297,15.752321676337033
7,Ammonia,140.0,137.0962431205434,2.9037568794566084
7,Ethylene,70.0,67.91295755134546,2.087042448654543
7,Ammonia,70.0,45.996692774579955,24.003307225420045
7,Ammonia,100.0,84.89222726921624,15.107772730783765
7,Ethylene,140.0,118.91127965782134,21.08872034217866
7,Ethylene,160.0,134.31733158111115,25.682668418888852
7,Ammonia,210.0,209.82476601875527,0.17523398124473033
7,Ethylene,100.0,92.35328763161323,7.646712368386773
7,Ethylene,10.0,8.99962280767815,1.0003771923218494
7,Ammonia,300.0,254.72959200199764,45.270407998002355
7,Ammonia,50.0,35.24434504157034,14.755654958429659
7,Ethylene,200.0,150.17833013879337,49.82166986120663
7,Ethylene,20.0,23.04335574947217,3.0433557494721697
7,Ammonia,110.0,100.77379787611179,9.226202123888214
7,Ammonia,220.0,197.649409924027,22.350590075973003
7,Ethylene,150.0,127.24698846269786,22.753011537302143
7,Ethylene,50.0,50.30896961951362,0.30896961951361845
7,Ammonia,120.0,116.70702414538538,3.2929758546146246
7,Ammonia,280.0,225.0912098025505,54.90879019744949
7,Ethylene,180.0,141.3918757139496,38.60812428605041
7,Ethylene,80.0,73.29805222948274,6.701947770517265
7,Ammonia,80.0,58.84518302357168,21.15481697642832
7,Ammonia,290.0,232.2087107611107,57.791289238889306
7,Ethylene,250.0,175.30261717686238,74.69738282313762
7,Ethylene,210.0,159.52388112037556,50.47611887962444
7,Ammonia,150.0,151.58052457057272,1.5805245705727202
7,Ammonia,200.0,187.57460655587187,12.425393444128133
7,Ethylene,230.0,165.45120868084084,64.54879131915916
7,Ethylene,120.0,106.8446552075811,13.155344792418902
7,Ammonia,250.0,228.94803252313702,21.051967476862984
7,Ammonia,60.0,41.07332553700989,18.926674462990107
7,Ethylene,90.0,83.09889983505514,6.9011001649448644
7,Ethylene,170.0,136.41383770049688,33.586162299503115
7,Ammonia,160.0,164.7118836729784,4.711883672978388
7,Ammonia,240.0,207.19383228755552,32.80616771244448
7,Ethylene,240.0,171.23585232366338,68.76414767633662
7,Ethylene,60.0,57.704536240140186,2.295463759859814
7,Ammonia,260.0,237.60702087446148,22.392979125538517
7,Ammonia,130.0,123.69738960802306,6.302610391976941
7,Ethylene,190.0,145.4731070531022,44.52689294689779
7,Ethylene,30.0,31.60448781069192,1.6044878106919214
7,Ammonia,170.0,183.49940003571675,13.499400035716747
7,Ammonia,230.0,206.481827062682,23.518172937318013
7,Ethylene,220.0,157.77367617055623,62.22632382944377
7,Ethylene,110.0,99.59252165078145,10.40747834921855
7,Ammonia,270.0,239.16033186751974,30.839668132480256
7,Ammonia,180.0,174.5407047326346,5.459295267365405
7,Ethylene,130.0,120.33915355792905,9.660846442070948
7,Ethylene,40.0,44.53584520474152,4.53584520474152
7,Ammonia,190.0,200.3598755290676,10.359875529067608
7,Ammonia,90.0,75.43121605738334,14.568783942616662
7,Ammonia,140.0,139.97427554775035,0.02572445224964781
7,Ethylene,70.0,71.44401129764135,1.444011297641353
7,Ammonia,70.0,45.75526157962658,24.244738420373423
7,Ammonia,100.0,87.37958314200455,12.620416857995451
7,Ethylene,140.0,119.81729711092373,20.182702889076268
7,Ethylene,160.0,132.59514797774662,27.40485202225338
7,Ammonia,210.0,209.954778346031,0.04522165396900846
7,Toluene,100.0,126.09960833041943,26.09960833041943
7,Toluene,1.0,0.0,1.0
7,Ethanol,50.0,242.2258138919495,192.2258138919495
7,Ethanol,100.0,16.145915194298865,83.85408480570113
7,Toluene,5.0,9.56424255094521,4.56424255094521
7,Toluene,10.0,9.01359484952988,0.9864051504701195
7,Ethanol,110.0,64.05812410226667,45.941875897733325
7,Ethanol,220.0,209.97177029699563,10.02822970300437
7,Toluene,60.0,87.3632705448066,27.363270544806596
7,Toluene,20.0,25.749748242663813,5.749748242663813
7,Ethanol,120.0,81.98882395926009,38.01117604073991
7,Ethanol,280.0,241.8411990727825,38.1588009272175
7,Toluene,70.0,98.04483371632455,28.044833716324547
7,Toluene,30.0,39.26086750105037,9.26086750105037
7,Ethanol,130.0,250.3310231651601,120.3310231651601
7,Toluene,95.0,119.07097986593065,24.070979865930653
7,Toluene,85.0,111.87205273131802,26.87205273131802
7,Ethanol,200.0,174.85960019462715,25.14039980537285
7,Toluene,45.0,68.43866951666796,23.438669516667957
7,Toluene,65.0,82.26231186838989,17.262311868389887
7,Ethanol,250.0,223.42696884091959,26.573031159080415
7,Ethanol,60.0,23.76610305665716,36.23389694334284
7,Toluene,15.0,24.045255973059938,9.045255973059938
7,Toluene,50.0,62.070815429898474,12.070815429898474
7,Ethanol,10.0,147.73818703865393,137.73818703865393
7,Ethanol,240.0,221.14172553241883,18.858274467581168
7,Toluene,40.0,63.15454626228228,23.15454626228228
7,Toluene,35.0,49.45325260744505,14.453252607445052
7,Ethanol,10.0,224.2974424952778,214.2974424952778
7,Ethanol,130.0,82.48535985037097,47.51464014962903
7,Toluene,75.0,98.9559140166377,23.955914016637706
7,Toluene,90.0,110.9578541683581,20.957854168358097
7,Ethanol,230.0,199.87714396692473,30.122856033075266
7,Toluene,80.0,102.305024951798,22.305024951798003
7,Toluene,55.0,70.1430569594192,15.143056959419198
7,Ethanol,180.0,143.27924043273993,36.720759567260075
7,Toluene,25.0,37.42164353401773,12.421643534017733
7,Toluene,2.5,0.0,2.5
7,Ethanol,190.0,171.52576432045367,18.474235679546325
7,Ethanol,180.0,42.16093429911349,137.83906570088652
7,Ethanol,140.0,88.72502874152407,51.27497125847593
7,Ethanol,70.0,27.873827047377503,42.1261729526225
7,Ethanol,280.0,53.69038208521059,226.3096179147894
7,Ethanol,210.0,186.26892865200625,23.731071347993748
7,Toluene,100.0,125.57271956429621,25.572719564296207
7,Toluene,1.0,0.0,1.0
7,Ethanol,300.0,236.23798630825775,63.762013691742254
7,Ethanol,60.0,16.660420518369833,43.33957948163017
7,Toluene,5.0,8.656375142933683,3.6563751429336833
7,Toluene,10.0,8.511666982533512,1.4883330174664877
7,Ethanol,220.0,194.95978029754423,25.040219702455772
7,Toluene,60.0,89.83884986168792,29.83884986168792
7,Toluene,20.0,28.9879687970991,8.9879687970991
7,Ethanol,280.0,235.05023971603072,44.94976028396928
7,Toluene,70.0,94.97449852504585,24.974498525045846
7,Toluene,30.0,38.48031461434981,8.480314614349808
7,Ethanol,290.0,250.52511244043785,39.47488755956215
7,Toluene,95.0,116.20372073306572,21.203720733065722
7,Toluene,85.0,113.52686530519081,28.52686530519081
7,Ethanol,200.0,172.98763227167115,27.012367728328854
7,Toluene,45.0,71.87202818545556,26.872028185455562
7,Toluene,65.0,80.2454390267507,15.245439026750702
7,Ethanol,100.0,21.262530447740275,78.73746955225972
7,Toluene,15.0,22.294315689741197,7.294315689741197
7,Toluene,50.0,61.426245142280436,11.426245142280436
7,Ethanol,240.0,219.7587432258223,20.241256774177714
7,Toluene,40.0,66.39889868500073,26.39889868500073
7,Toluene,35.0,45.86435279203931,10.864352792039313
7,Ethanol,10.0,225.42624333250626,215.42624333250626
7,Ethanol,130.0,79.98140562317398,50.018594376826016
7,Toluene,75.0,97.61659761317259,22.616597613172587
7,Toluene,90.0,116.6254680504918,26.625468050491804
7,Ethanol,230.0,210.77341735543845,19.226582644561546
7,Toluene,80.0,103.85514253674862,23.855142536748616
7,Toluene,55.0,64.3992577273504,9.399257727350403
7,Ethanol,270.0,236.84035876549186,33.15964123450814
7,Ethanol,180.0,152.84934814985107,27.150651850148932
7,Toluene,25.0,38.20364980326808,13.203649803268078
7,Toluene,10.0,0.5647110320556976,9.435288967944302
7,Ethanol,190.0,171.52652118886056,18.473478811139444
7,Ethanol,90.0,47.87463983310765,42.12536016689235
7,Ethanol,10.0,99.18500132506274,89.18500132506274
7,Ethanol,70.0,28.612975818958574,41.387024181041426
7,Ethanol,100.0,57.49298542483322,42.50701457516678
7,Ethanol,210.0,192.59358930057908,17.406410699420917
7,Toluene,100.0,123.23258504716301,23.232585047163013
7,Toluene,1.0,0.0,1.0
7,Ethanol,300.0,242.85457276971474,57.145427230285264
7,Ethanol,10.0,16.063359153649046,6.063359153649046
7,Toluene,5.0,11.969016815488374,6.969016815488374
7,Toluene,10.0,9.747086124882458,0.2529138751175424
7,Ethanol,130.0,57.35011157688227,72.64988842311773
7,Ethanol,220.0,206.05042853267958,13.949571467320425
7,Toluene,60.0,92.37090499598526,32.370904995985256
7,Toluene,20.0,23.793502541390154,3.793502541390154
7,Ethanol,280.0,246.08472012961778,33.91527987038222
7,Toluene,70.0,100.15501015303352,30.155010153033516
7,Toluene,130.0,38.05954691246137,91.94045308753863
7,Ethanol,290.0,261.97816073579565,28.021839264204345
7,Toluene,95.0,117.6335896581534,22.633589658153397
7,Toluene,85.0,106.70552225692549,21.70552225692549
7,Ethanol,200.0,176.8972821106063,23.102717889393688
7,Toluene,45.0,68.63209571965862,23.632095719658622
7,Toluene,65.0,82.61821021758153,17.618210217581534
7,Ethanol,100.0,21.894776482176553,78.10522351782345
7,Toluene,15.0,26.878138623858362,11.878138623858362
7,Toluene,50.0,63.513389316190924,13.513389316190924
7,Ethanol,240.0,227.44004344463167,12.55995655536833
7,Toluene,40.0,66.20987692832922,26.209876928329223
7,Toluene,35.0,44.15536473919538,9.155364739195377
7,Ethanol,260.0,226.00528826713946,33.99471173286054
7,Ethanol,130.0,84.08831621542512,45.911683784574876
7,Toluene,75.0,96.65269368920531,21.652693689205307
7,Toluene,90.0,111.97660429160325,21.976604291603252
7,Ethanol,230.0,221.03946624628657,8.960533753713435
7,Toluene,80.0,106.79975129365098,26.799751293650985
7,Toluene,55.0,67.11816124678168,12.118161246781682
7,Ethanol,270.0,233.13030787369524,36.869692126304756
7,Ethanol,180.0,150.59537887976768,29.40462112023232
7,Toluene,25.0,38.68164974261151,13.681649742611512
7,Toluene,2.5,0.9076287412679847,1.5923712587320153
7,Ethanol,190.0,172.7556591798879,17.244340820112086
7,Ethanol,90.0,48.609888726218884,41.390111273781116
7,Ethanol,140.0,93.66279521713373,46.337204782866266
7,Ethanol,70.0,31.01337195065949,38.98662804934051
7,Ethanol,2.5,55.953670468724695,53.453670468724695
7,Ethanol,10.0,198.29649826184854,188.29649826184854
7,Toluene,100.0,140.36125485148523,40.36125485148523
7,Toluene,1.0,0.0,1.0
7,Ethanol,300.0,245.8954817032698,54.10451829673019
7,Ethanol,50.0,15.781039953960473,34.21896004603953
7,Toluene,5.0,13.422555060771458,8.422555060771458
7,Toluene,10.0,12.434189935160617,2.4341899351606173
7,Ethanol,10.0,204.0970847010779,194.0970847010779
7,Toluene,60.0,88.12518696845927,28.125186968459275
7,Toluene,20.0,28.729074122568463,8.729074122568463
7,Ethanol,280.0,247.49043188192883,32.50956811807117
7,Toluene,70.0,97.41474318019883,27.414743180198826
7,Toluene,30.0,41.99072451096434,11.990724510964341
7,Ethanol,5.0,254.7399611343058,249.7399611343058
7,Toluene,95.0,114.79717211946033,19.797172119460328
7,Toluene,85.0,110.3598061190594,25.3598061190594
7,Ethanol,200.0,174.9019750988207,25.098024901179286
7,Toluene,45.0,62.14567963767534,17.145679637675343
7,Toluene,65.0,78.95485230958658,13.954852309586585
7,Ethanol,60.0,21.59962537501646,38.40037462498354
7,Toluene,15.0,24.950081174286808,9.950081174286808
7,Toluene,50.0,56.16621707231215,6.1662170723121505
7,Ethanol,240.0,218.02701229280578,21.97298770719422
7,Toluene,40.0,61.92366542490764,21.92366542490764
7,Toluene,35.0,46.95535680138984,11.95535680138984
7,Ethanol,260.0,225.95732029949488,34.04267970050512
7,Ethanol,130.0,83.14005312293015,46.859946877069845
7,Toluene,75.0,100.14425697006135,25.14425697006135
7,Toluene,90.0,121.5103937099872,31.5103937099872
7,Ethanol,70.0,207.10757369397237,137.10757369397237
7,Toluene,80.0,103.88131241527485,23.88131241527485
7,Toluene,55.0,74.85082580403957,19.850825804039573
7,Ethanol,180.0,156.20444697319238,23.795553026807625
7,Toluene,25.0,37.98650167785097,12.986501677850967
7,Toluene,10.0,0.0,10.0
7,Ethanol,10.0,170.62268581007814,160.62268581007814
7,Ethanol,90.0,45.07602642317394,44.92397357682606
7,Ethanol,140.0,94.72884699881749,45.27115300118251
7,Ethanol,70.0,31.080874562931882,38.91912543706812
7,Ethanol,100.0,55.934290925910744,44.065709074089256
7,Ethanol,210.0,195.6014505549498,14.398549445050207
7,Toluene,100.0,125.68330077057297,25.68330077057297
7,Toluene,1.0,0.0,1.0
7,Ethanol,300.0,239.8492224270189,60.1507775729811
7,Ethanol,50.0,16.79749801844534,33.20250198155466
7,Toluene,5.0,8.181538676854217,3.181538676854217
7,Toluene,10.0,6.623312002189664,3.376687997810336
7,Ethanol,220.0,197.6461903208082,22.353809679191812
7,Toluene,60.0,86.41662003954721,26.41662003954721
7,Toluene,230.0,25.45358109722065,204.54641890277935
7,Ethanol,280.0,246.13783156927732,33.862168430722676
7,Toluene,70.0,93.60834888377696,23.608348883776955
7,Toluene,30.0,39.04893141102252,9.048931411022522
7,Ethanol,290.0,254.54810941016984,35.45189058983016
7,Toluene,95.0,117.1257432481103,22.125743248110297
7,Toluene,85.0,114.30619646341788,29.306196463417876
7,Ethanol,200.0,175.12155588901126,24.878444110988738
7,Toluene,45.0,67.31892755235447,22.318927552354467
7,Toluene,65.0,84.53390793584902,19.533907935849015
7,Toluene,15.0,24.197195394566563,9.197195394566563
7,Toluene,50.0,59.7453587109827,9.7453587109827
7,Ethanol,240.0,214.6084734578928,25.391526542107187
7,Toluene,40.0,64.19358257306546,24.193582573065456
7,Toluene,35.0,41.70701032366142,6.707010323661422
7,Ethanol,300.0,81.5133340579998,218.4866659420002
7,Toluene,75.0,97.21682443052427,22.21682443052427
7,Toluene,90.0,121.61903468808546,31.619034688085463
7,Ethanol,10.0,197.10364869856414,187.10364869856414
7,Toluene,80.0,108.33631609446515,28.336316094465147
7,Toluene,55.0,75.02257531768403,20.02257531768403
7,Ethanol,180.0,145.47032938834394,34.52967061165606
7,Toluene,25.0,34.626211962667,9.626211962667
7,Toluene,2.5,0.0,2.5
7,Ethanol,190.0,168.68099231696038,21.319007683039615
7,Ethanol,90.0,46.29057466844563,43.70942533155437
7,Ethanol,140.0,88.57869771486321,51.42130228513679
7,Ethanol,70.0,26.94881436906539,43.05118563093461
7,Ethanol,100.0,53.064960256617056,46.935039743382944
7,Ethanol,210.0,181.35994324342636,28.640056756573642
7,Toluene,100.0,126.53679916756631,26.536799167566315
7,Toluene,1.0,0.0,1.0
7,Ethanol,10.0,243.28248212265026,233.28248212265026
7,Toluene,5.0,6.508286878639865,1.5082868786398649
7,Toluene,10.0,8.568017447956976,1.4319825520430243
7,Ethanol,40.0,187.62720466476455,147.62720466476455
7,Toluene,60.0,84.98620663486946,24.98620663486946
7,Toluene,160.0,25.016565373295663,134.98343462670434
7,Ethanol,290.0,237.3959957913993,52.60400420860071
7,Toluene,70.0,93.19322481871693,23.193224818716928
7,Toluene,30.0,40.52953814568892,10.529538145688917
7,Ethanol,290.0,243.32173449296386,46.678265507036144
7,Toluene,95.0,112.96060423304428,17.96060423304428
7,Toluene,85.0,113.77016952880876,28.770169528808765
7,Ethanol,200.0,164.99664221457283,35.00335778542717
7,Toluene,45.0,63.8099167569342,18.8099167569342
7,Toluene,65.0,86.24610630283615,21.246106302836154
7,Toluene,15.0,24.794395770434917,9.794395770434917
7,Toluene,50.0,59.19187280069258,9.191872800692579
7,Ethanol,240.0,214.73754340584117,25.262456594158834
7,Toluene,40.0,65.17957661697191,25.179576616971914
7,Toluene,35.0,44.3903013155861,9.3903013155861
7,Ethanol,130.0,75.1469567345102,54.8530432654898
7,Toluene,75.0,101.24797439006139,26.247974390061387
7,Toluene,90.0,123.077407156591,33.07740715659099
7,Ethanol,230.0,206.15497870094686,23.845021299053144
7,Toluene,80.0,101.00386269881747,21.00386269881747
7,Toluene,55.0,69.73502444733133,14.735024447331327
7,Ethanol,180.0,138.5370278634367,41.46297213656331
7,Toluene,25.0,39.54530847608248,14.545308476082482
7,Toluene,2.5,0.0,2.5
7,Ethanol,190.0,162.03218246331943,27.96781753668057
7,Ethanol,140.0,42.08702225031011,97.91297774968989
7,Ethanol,140.0,89.90494237190481,50.09505762809519
7,Ethanol,10.0,25.51189354024875,15.51189354024875
7,Ethanol,10.0,52.11069562532161,42.11069562532161
7,Ethanol,210.0,179.9000522102686,30.099947789731402
7,Toluene,100.0,131.27118499932052,31.271184999320525
7,Toluene,10.0,0.0,10.0
7,Ethanol,300.0,238.76820899110965,61.231791008890355
7,Toluene,5.0,8.905095936688667,3.9050959366886673
7,Toluene,10.0,9.018780694088179,0.9812193059118215
7,Ethanol,220.0,183.56702877133463,36.432971228665366
7,Toluene,60.0,85.84182261902677,25.84182261902677
7,Toluene,20.0,22.348477536824078,2.3484775368240776
7,Ethanol,280.0,232.14551746119903,47.854482538800966
7,Toluene,70.0,99.63887379219048,29.63887379219048
7,Toluene,30.0,40.09518504197047,10.095185041970467
7,Ethanol,290.0,241.7493186244762,48.25068137552381
7,Toluene,95.0,122.34975743354154,27.34975743354154
7,Toluene,85.0,108.77331613686384,23.77331613686384
7,Ethanol,200.0,169.14029643625315,30.859703563746848
7,Toluene,45.0,67.33435631849241,22.33435631849241
7,Toluene,65.0,82.94503806289684,17.945038062896842
7,Toluene,15.0,27.46161693579961,12.461616935799611
7,Toluene,50.0,59.933951096744664,9.933951096744664
7,Ethanol,240.0,217.1908613094356,22.809138690564396
7,Toluene,40.0,58.11010545402429,18.110105454024293
7,Toluene,35.0,44.914628002478906,9.914628002478906
7,Ethanol,130.0,77.67550410089979,52.324495899100214
7,Toluene,75.0,93.64760513946473,18.64760513946473
7,Toluene,90.0,115.59712798663482,25.597127986634817
7,Ethanol,230.0,203.93191227958047,26.068087720419527
7,Toluene,80.0,100.07403428999578,20.07403428999578
7,Toluene,160.0,69.82210853263307,90.17789146736693
7,Ethanol,180.0,137.02995439901497,42.97004560098503
7,Toluene,25.0,37.70056301290957,12.70056301290957
7,Toluene,220.0,1.5296939931265854,218.47030600687341
7,Ethanol,90.0,43.04049360442133,46.95950639557867
7,Ethanol,140.0,87.42233832746876,52.577661672531235
7,Ethanol,70.0,29.8719325088976,40.1280674911024
7,Ethanol,100.0,54.192463302536865,45.807536697463135
7,Ethanol,210.0,176.89081906950238,33.109180930497615
7,Toluene,100.0,130.53314518887103,30.533145188871032
7,Toluene,10.0,0.0,10.0
7,Ethanol,10.0,239.07187688709553,229.07187688709553
7,Toluene,5.0,7.675580834595365,2.6755808345953653
7,Toluene,10.0,7.982804516151219,2.0171954838487807
7,Ethanol,220.0,178.27431002483007,41.72568997516993
7,Toluene,60.0,79.1865983022788,19.186598302278796
7,Toluene,20.0,25.926027967868038,5.926027967868038
7,Ethanol,280.0,236.1740811094485,43.82591889055149
7,Toluene,70.0,89.37852899775058,19.37852899775058
7,Toluene,30.0,38.74989146057045,8.749891460570453
7,Ethanol,290.0,239.384044998717,50.615955001283
7,Toluene,95.0,122.95721394560174,27.957213945601737
7,Toluene,85.0,110.44873110094683,25.44873110094683
7,Ethanol,200.0,157.40660730694128,42.59339269305872
7,Toluene,45.0,63.284802949703916,18.284802949703916
7,Toluene,65.0,87.05228557403767,22.05228557403767
7,Toluene,15.0,26.31282605542627,11.312826055426271
7,Toluene,50.0,66.7676768012231,16.767676801223104
7,Ethanol,240.0,202.97356469247433,37.026435307525674
7,Toluene,40.0,59.991175277999645,19.991175277999645
7,Toluene,35.0,43.109075402427976,8.109075402427976
7,Ethanol,130.0,79.95944718423777,50.040552815762226
7,Toluene,75.0,96.6719831795262,21.671983179526194
7,Toluene,90.0,117.84495095718738,27.84495095718738
7,Ethanol,230.0,196.74923143261492,33.25076856738508
7,Toluene,80.0,102.9339036629444,22.933903662944402
7,Toluene,55.0,66.81767297302827,11.817672973028266
7,Ethanol,180.0,141.15323252299504,38.84676747700496
7,Toluene,25.0,38.64741246503765,13.647412465037647
7,Toluene,30.0,0.0,30.0
7,Ethanol,190.0,157.22958032952423,32.770419670475775
7,Ethanol,90.0,43.25613795933573,46.74386204066427
7,Ethanol,140.0,89.8806371358985,50.119362864101504
7,Ethanol,70.0,28.784556661655643,41.21544333834436
7,Ethanol,100.0,54.38588659162403,45.61411340837597
7,Ethanol,220.0,185.9397493910249,34.06025060897511
7,Toluene,100.0,125.80911978955518,25.809119789555183
7,Toluene,120.0,0.0,120.0
7,Ethanol,300.0,239.938634823499,60.061365176501
7,Toluene,5.0,9.663675089082602,4.663675089082602
7,Toluene,10.0,9.50688704255117,0.49311295744882955
7,Ethanol,220.0,189.00827251296374,30.991727487036258
7,Toluene,60.0,84.37786735872807,24.377867358728068
7,Toluene,20.0,24.486759690135415,4.486759690135415
7,Ethanol,140.0,241.99301151203557,101.99301151203557
7,Toluene,70.0,89.5287700396138,19.528770039613804
7,Toluene,30.0,40.3145877407498,10.3145877407498
7,Ethanol,290.0,250.2987732717084,39.7012267282916
7,Toluene,95.0,114.83002097210124,19.830020972101238
7,Toluene,85.0,115.77210634797717,30.77210634797717
7,Ethanol,200.0,168.91783169852303,31.08216830147697
7,Toluene,45.0,68.52390736771844,23.523907367718436
7,Toluene,65.0,80.2888677984509,15.288867798450894
7,Toluene,15.0,22.257045369966775,7.257045369966775
7,Toluene,50.0,57.74038870109054,7.740388701090538
7,Ethanol,220.0,207.44271631041758,12.55728368958242
7,Toluene,40.0,60.77962176352328,20.77962176352328
7,Toluene,35.0,42.90008080164847,7.900080801648471
7,Ethanol,130.0,77.29601212460298,52.70398787539702
7,Toluene,75.0,96.99576395626372,21.995763956263715
7,Toluene,90.0,115.68094991518623,25.680949915186233
7,Ethanol,230.0,193.1346534530454,36.86534654695461
7,Toluene,80.0,98.53101953561335,18.531019535613353
7,Toluene,55.0,69.21276964818253,14.21276964818253
7,Ethanol,180.0,138.35093808247242,41.649061917527575
7,Toluene,25.0,36.22600956356146,11.226009563561462
7,Toluene,220.0,0.749124077151265,219.25087592284873
7,Ethanol,10.0,165.62764568336505,155.62764568336505
7,Ethanol,90.0,44.45749865736005,45.54250134263995
7,Ethanol,140.0,87.76150120520424,52.23849879479576
7,Ethanol,20.0,28.701988569795134,8.701988569795134
7,Ethanol,70.0,54.22691102455349,15.773088975446512
7,Ethanol,50.0,180.51192964786264,130.51192964786264
7,Toluene,100.0,116.113577821723,16.113577821723
7,Toluene,1.0,0.0,1.0
7,Ethanol,120.0,237.49464953123294,117.49464953123294
7,Toluene,5.0,10.176769975836862,5.176769975836862
7,Toluene,10.0,9.32443785738343,0.6755621426165703
7,Ethanol,220.0,188.6252086264965,31.374791373503513
7,Toluene,60.0,81.59586483639305,21.595864836393048
7,Toluene,20.0,24.282316284331515,4.282316284331515
7,Ethanol,280.0,237.98002749893632,42.01997250106368
7,Toluene,70.0,90.81818755713715,20.81818755713715
7,Toluene,30.0,39.57001190385763,9.570011903857633
7,Ethanol,290.0,243.1855748096471,46.81442519035289
7,Toluene,95.0,116.49490205713923,21.494902057139228
7,Toluene,85.0,113.40534018090858,28.40534018090858
7,Ethanol,200.0,170.76979824474657,29.230201755253432
7,Toluene,45.0,58.63408565823785,13.63408565823785
7,Toluene,65.0,86.53333413572872,21.533334135728722
7,Toluene,15.0,23.90296100588641,8.90296100588641
7,Toluene,50.0,54.24351506433297,4.243515064332968
7,Ethanol,240.0,205.37064971335383,34.62935028664617
7,Toluene,40.0,58.116219303397514,18.116219303397514
7,Toluene,35.0,42.00566666571011,7.005666665710109
7,Ethanol,70.0,78.8031409593826,8.803140959382603
7,Toluene,75.0,97.92453155499288,22.924531554992882
7,Toluene,90.0,118.48364011198869,28.48364011198869
7,Ethanol,120.0,193.57941739352384,73.57941739352384
7,Toluene,80.0,99.76868711390256,19.76868711390256
7,Toluene,55.0,70.84170338178961,15.841703381789614
7,Ethanol,180.0,141.5323213119904,38.46767868800961
7,Toluene,25.0,35.40841329228914,10.40841329228914
7,Toluene,2.5,0.0,2.5
7,Ethanol,90.0,43.81122055049528,46.18877944950472
7,Ethanol,120.0,86.62610209473121,33.37389790526879
7,Ethanol,70.0,27.621827847095688,42.37817215290431
7,Ethanol,100.0,48.61946226928568,51.38053773071432
7,Ethanol,210.0,179.15015756322805,30.84984243677195
7,Toluene,100.0,114.95735765347195,14.957357653471945
7,Toluene,1.0,0.0,1.0
7,Ethanol,300.0,241.61338023156077,58.38661976843923
7,Toluene,5.0,7.3656566812158815,2.3656566812158815
7,Toluene,10.0,8.007943314355742,1.9920566856442576
7,Ethanol,220.0,178.4154687580546,41.5845312419454
7,Toluene,60.0,81.65919933062243,21.659199330622428
7,Toluene,20.0,25.776443720878206,5.776443720878206
7,Ethanol,280.0,237.19662354612817,42.803376453871834
7,Toluene,70.0,85.33853997444189,15.338539974441886
7,Toluene,30.0,38.2914366492616,8.291436649261598
7,Ethanol,240.0,246.2535869943344,6.253586994334398
7,Toluene,95.0,108.49739782828473,13.497397828284733
7,Toluene,85.0,104.37381602686843,19.373816026868425
7,Ethanol,200.0,163.08476113380422,36.91523886619578
7,Toluene,45.0,64.18502861417095,19.185028614170946
7,Toluene,65.0,81.49054113543302,16.49054113543302
7,Toluene,15.0,22.213495126276328,7.213495126276328
7,Toluene,50.0,59.63768445551774,9.637684455517743
7,Ethanol,240.0,205.25964457265871,34.740355427341285
7,Toluene,40.0,57.18596274907138,17.18596274907138
7,Toluene,35.0,42.02368233927963,7.023682339279631
7,Ethanol,130.0,75.38727430265692,54.61272569734308
7,Toluene,75.0,91.16228278501256,16.162282785012565
7,Toluene,90.0,114.98270498488749,24.98270498488749
7,Ethanol,230.0,194.9092861685427,35.09071383145729
7,Toluene,80.0,98.12005216966587,18.12005216966587
7,Toluene,55.0,68.08051097682618,13.080510976826176
7,Ethanol,180.0,138.51384277333705,41.486157226662954
7,Toluene,25.0,35.50258198858647,10.50258198858647
7,Toluene,2.5,0.0,2.5
7,Ethanol,100.0,43.39352669124685,56.60647330875315
7,Ethanol,140.0,89.26013720679049,50.73986279320951
7,Ethanol,70.0,28.126671244353034,41.873328755646966
7,Ethanol,180.0,53.1022509460237,126.8977490539763
7,Ethanol,200.0,173.80560889140364,26.194391108596363
7,Toluene,100.0,119.64702472971878,19.64702472971878
7,Toluene,1.0,0.0,1.0
7,Ethanol,50.0,235.31189881105982,185.31189881105982
7,Toluene,5.0,9.558911846559369,4.5589118465593685
7,Toluene,10.0,9.798359165434363,0.2016408345656373
7,Ethanol,220.0,186.16748905812543,33.832510941874574
7,Toluene,60.0,80.37097462775586,20.370974627755857
7,Toluene,20.0,29.086926385009278,9.086926385009278
7,Ethanol,200.0,239.09717795611743,39.097177956117434
7,Toluene,70.0,88.65466517438678,18.65466517438678
7,Toluene,30.0,37.709538564272236,7.709538564272236
7,Ethanol,290.0,248.99863196979487,41.00136803020513
7,Toluene,95.0,110.86954012957976,15.869540129579761
7,Toluene,85.0,116.09714964034289,31.09714964034289
7,Ethanol,140.0,159.97502322071202,19.975023220712018
7,Toluene,45.0,61.12702320038058,16.127023200380577
7,Toluene,65.0,76.53307231392183,11.533072313921835
7,Toluene,15.0,25.72395485594086,10.72395485594086
7,Toluene,50.0,53.932681036527526,3.9326810365275264
7,Ethanol,240.0,204.38135104892103,35.61864895107897
7,Toluene,40.0,56.43111529143442,16.431115291434423
7,Toluene,35.0,41.50369556650854,6.50369556650854
7,Ethanol,130.0,77.22384985836351,52.77615014163649
7,Toluene,75.0,95.62081296101141,20.62081296101141
7,Toluene,90.0,116.09989649983905,26.099896499839048
7,Ethanol,230.0,198.08263720099043,31.917362799009567
7,Toluene,80.0,92.75850070943888,12.758500709438877
7,Toluene,55.0,65.29544785959595,10.295447859595953
7,Ethanol,180.0,137.55496913340525,42.44503086659475
7,Toluene,25.0,35.896435072280894,10.896435072280894
7,Toluene,2.5,0.0,2.5
7,Ethanol,90.0,41.22812253739562,48.77187746260438
7,Ethanol,140.0,86.72306957522609,53.27693042477391
7,Ethanol,70.0,28.097320109472108,41.90267989052789
7,Ethanol,100.0,51.473725800924356,48.526274199075644
7,Ethanol,210.0,184.69566710005773,25.304332899942267
7,Toluene,10.0,0.0,10.0
7,Toluene,10.0,3.939620227365907,6.060379772634093
7,Toluene,10.0,4.551420098836502,5.448579901163498
7,Toluene,10.0,3.902521977296857,6.097478022703143
7,Toluene,10.0,3.595752857213739,6.404247142786261
7,Toluene,10.0,5.499992264775329,4.500007735224671
7,Toluene,110.0,3.774143268962632,106.22585673103737
7,Toluene,10.0,4.904172370655687,5.095827629344313
7,Toluene,10.0,3.6583700426404846,6.341629957359515
7,Toluene,10.0,3.714246454445913,6.285753545554087
7,Toluene,10.0,3.7453430337216105,6.2546569662783895
7,Toluene,10.0,5.400950002337339,4.599049997662661
7,Toluene,10.0,5.467651651867584,4.532348348132416
7,Toluene,10.0,6.518805549451429,3.4811944505485712
7,Toluene,10.0,4.119346247469991,5.880653752530009
7,Toluene,10.0,3.8052198430322903,6.19478015696771
7,Toluene,10.0,5.671058118263346,4.328941881736654
7,Toluene,10.0,5.164021343895797,4.835978656104203
7,Toluene,10.0,4.079964733141679,5.920035266858321
7,Toluene,10.0,5.879130627988417,4.120869372011583
7,Toluene,10.0,3.32694765432592,6.67305234567408
7,Toluene,10.0,4.282317334741407,5.717682665258593
7,Toluene,10.0,5.564156660105823,4.435843339894177
7,Toluene,80.0,4.919612889999996,75.08038711
7,Toluene,10.0,3.8441820995342084,6.155817900465792
7,Toluene,10.0,1.9240994172681667,8.075900582731833
7,Toluene,10.0,4.752919280208147,5.247080719791853
7,Toluene,10.0,4.087381644006911,5.912618355993089
7,Toluene,10.0,1.5241266513458527,8.475873348654147
7,Toluene,10.0,2.6030744992237373,7.396925500776263
7,Toluene,150.0,2.333838310734933,147.66616168926507
7,Toluene,10.0,4.694406973869491,5.305593026130509
7,Toluene,10.0,2.0685814601069126,7.931418539893087
7,Toluene,10.0,1.1728845964292702,8.82711540357073
7,Toluene,10.0,1.6150246207391774,8.384975379260823
7,Toluene,10.0,4.032954680845933,5.967045319154067
7,Toluene,10.0,2.7032435928793745,7.2967564071206255
7,Toluene,10.0,1.8280313432115065,8.171968656788493
7,Toluene,10.0,3.7824370041430484,6.217562995856952
7,Toluene,10.0,2.046886586971141,7.953113413028859
7,Toluene,10.0,2.4615384333210955,7.5384615666789045
7,Toluene,100.0,1.7455271961590029,98.254472803841
7,Toluene,10.0,1.375322996302316,8.624677003697684
7,Toluene,10.0,2.5063976877051175,7.4936023122948825
7,Toluene,10.0,2.591925252099969,7.408074747900031
7,Toluene,10.0,2.0976039057852063,7.902396094214794
7,Toluene,10.0,2.6646195962155446,7.335380403784455
7,Toluene,10.0,1.421749813406933,8.578250186593067
7,Toluene,10.0,5.206758685018201,4.793241314981799
7,Toluene,10.0,4.257071056127444,5.742928943872556
7,Toluene,10.0,3.369413890278679,6.630586109721321
7,Toluene,10.0,1.962620443247232,8.037379556752768
7,Toluene,10.0,3.5885155791043246,6.411484420895675
7,Acetone,100.0,65.92376280601333,34.07623719398667
7,Acetone,10.0,0.0,10.0
7,Ethanol,300.0,226.17641795380803,73.82358204619197
7,Ethanol,50.0,14.823907835792525,35.176092164207475
7,Acetone,200.0,140.08108076778558,59.91891923221442
7,Acetone,20.0,2.0505396218615886,17.94946037813841
7,Ethanol,220.0,169.00981680022724,50.99018319977276
7,Acetone,150.0,93.12831978843886,56.87168021156114
7,Acetone,50.0,38.2665028089568,11.733497191043199
7,Ethanol,280.0,218.57551304402432,61.42448695597568
7,Acetone,180.0,114.78755046484979,65.21244953515021
7,Acetone,80.0,63.24259970677912,16.757400293220883
7,Ethanol,290.0,225.03635904089396,64.96364095910604
7,Acetone,250.0,172.87338348324084,77.12661651675916
7,Acetone,210.0,176.02961001173276,33.97038998826724
7,Ethanol,200.0,141.1432560025382,58.85674399746179
7,Acetone,230.0,156.96005517433613,73.03994482566387
7,Acetone,120.0,101.51585582288368,18.48414417711632
7,Ethanol,10.0,17.476059776513438,7.476059776513438
7,Acetone,90.0,55.37215347457996,34.62784652542004
7,Acetone,170.0,134.1577236438693,35.8422763561307
7,Ethanol,240.0,177.4411758436858,62.55882415631419
7,Acetone,240.0,173.83830044077445,66.16169955922555
7,Acetone,60.0,49.28409638608302,10.715903613916979
7,Ethanol,10.0,65.43992327191232,55.43992327191232
7,Acetone,190.0,124.75707300064394,65.24292699935606
7,Acetone,30.0,16.165127461338784,13.834872538661216
7,Ethanol,230.0,169.06528464936784,60.93471535063216
7,Acetone,220.0,153.24189768827674,66.75810231172326
7,Acetone,110.0,88.94850763431592,21.051492365684084
7,Ethanol,10.0,109.6904977493845,99.6904977493845
7,Acetone,130.0,83.30913169707611,46.69086830292389
7,Acetone,40.0,29.159843185016328,10.840156814983672
7,Ethanol,90.0,39.885172060910975,50.114827939089025
7,Ethanol,140.0,75.12372902107606,64.87627097892394
7,Acetone,70.0,46.722387412523645,23.277612587476355
7,Ethanol,100.0,44.73726981470523,55.26273018529477
7,Acetone,140.0,90.5490073918653,49.4509926081347
7,Acetone,160.0,137.25809660231738,22.74190339768262
7,Acetone,100.0,63.84962215914916,36.15037784085084
7,Acetone,10.0,0.0,10.0
7,Ethanol,300.0,221.16175554698256,78.83824445301744
7,Ethanol,60.0,15.624066349241858,44.37593365075814
7,Acetone,200.0,133.22580547442988,66.77419452557012
7,Acetone,20.0,2.432852762450949,17.56714723754905
7,Ethanol,220.0,155.4095210544795,64.59047894552049
7,Acetone,150.0,95.88015406582413,54.11984593417587
7,Acetone,50.0,45.725483259384845,4.274516740615155
7,Ethanol,210.0,211.85287282701907,1.8528728270190697
7,Acetone,180.0,118.02954997727686,61.97045002272314
7,Acetone,80.0,67.50324072316063,12.49675927683937
7,Ethanol,290.0,218.47957060086608,71.52042939913392
7,Acetone,250.0,178.95386495142571,71.04613504857429
7,Acetone,210.0,175.39905868430287,34.60094131569713
7,Ethanol,200.0,143.5825410633404,56.417458936659614
7,Acetone,230.0,161.30765973554864,68.69234026445136
7,Acetone,120.0,97.05424225738838,22.94575774261162
7,Ethanol,60.0,18.4554896817791,41.5445103182209
7,Acetone,90.0,56.57155343542597,33.42844656457403
7,Acetone,170.0,140.53815857900298,29.46184142099702
7,Ethanol,240.0,179.72526524764598,60.27473475235402
7,Acetone,240.0,175.1427808006668,64.8572191993332
7,Acetone,60.0,53.67867466482167,6.321325335178329
7,Ethanol,130.0,64.88444751104258,65.11555248895742
7,Acetone,190.0,132.1747653557441,57.825234644255886
7,Acetone,30.0,17.521964060859105,12.478035939140895
7,Ethanol,230.0,172.13704498034264,57.86295501965736
7,Acetone,220.0,151.56034071700773,68.43965928299227
7,Acetone,110.0,92.83093632223895,17.169063677761045
7,Ethanol,160.0,117.31841283394722,42.68158716605278
7,Acetone,130.0,87.83130196671036,42.168698033289644
7,Acetone,40.0,32.656878914329624,7.343121085670376
7,Ethanol,90.0,39.444889417646294,50.555110582353706
7,Ethanol,240.0,76.07257344605577,163.92742655394423
7,Acetone,70.0,42.80262622082634,27.19737377917366
7,Ethanol,230.0,47.24880590179107,182.75119409820894
7,Acetone,140.0,98.94393014276716,41.05606985723284
7,Acetone,160.0,136.63840847853788,23.361591521462117
7,Acetone,100.0,66.34108800907255,33.65891199092745
7,Acetone,10.0,0.0,10.0
7,Ethanol,300.0,225.06417457939256,74.93582542060744
7,Ethanol,50.0,14.072754152523487,35.92724584747651
7,Acetone,200.0,143.58649459771584,56.41350540228416
7,Acetone,20.0,5.916188096181656,14.083811903818344
7,Ethanol,240.0,160.53993058223566,79.46006941776434
7,Acetone,150.0,99.92791461945623,50.07208538054377
7,Acetone,50.0,45.69259775682221,4.3074022431777905
7,Ethanol,280.0,222.6196655159287,57.38033448407131
7,Acetone,180.0,123.0703424973531,56.929657502646904
7,Acetone,80.0,67.82521538260806,12.174784617391936
7,Ethanol,290.0,228.30681197408973,61.693188025910274
7,Acetone,250.0,179.9909760712556,70.0090239287444
7,Acetone,210.0,179.23477088132773,30.765229118672266
7,Ethanol,200.0,147.98357304641553,52.01642695358447
7,Acetone,230.0,168.87852891738027,61.121471082619735
7,Acetone,120.0,104.59170624084686,15.408293759153139
7,Ethanol,60.0,21.11890772079387,38.88109227920613
7,Acetone,90.0,61.53780775794871,28.462192242051287
7,Acetone,170.0,139.0653111738304,30.934688826169605
7,Ethanol,240.0,187.81369347783107,52.186306522168934
7,Acetone,240.0,178.0887748303307,61.91122516966931
7,Acetone,60.0,54.15727977032569,5.842720229674313
7,Ethanol,200.0,72.62202278831332,127.37797721168668
7,Acetone,190.0,132.25631034123688,57.74368965876312
7,Acetone,30.0,17.40756017013436,12.59243982986564
7,Ethanol,230.0,176.3062356251096,53.69376437489041
7,Acetone,220.0,155.15965798033955,64.84034201966045
7,Acetone,110.0,85.7448517490109,24.255148250989095
7,Ethanol,180.0,123.11357237074095,56.886427629259046
7,Acetone,130.0,83.89097329493052,46.10902670506948
7,Acetone,40.0,29.577135250489306,10.422864749510694
7,Ethanol,90.0,42.4594947586487,47.5405052413513
7,Ethanol,140.0,79.16046238877303,60.83953761122697
7,Acetone,70.0,46.48340027031756,23.51659972968244
7,Ethanol,100.0,50.988890031839816,49.011109968160184
7,Acetone,140.0,96.0673274461576,43.932672553842394
7,Acetone,160.0,132.35253918397336,27.647460816026637
7,Acetone,100.0,65.85270266163253,34.147297338367466
7,Acetone,10.0,0.0,10.0
7,Ethanol,300.0,226.81939979748208,73.18060020251792
7,Ethanol,50.0,14.889014959715354,35.110985040284646
7,Acetone,200.0,136.23940063510764,63.76059936489236
7,Acetone,20.0,6.447710048636424,13.552289951363576
7,Ethanol,220.0,166.2486533915412,53.75134660845879
7,Acetone,150.0,95.2767076110758,54.72329238892419
7,Acetone,50.0,40.97095124229163,9.029048757708367
7,Ethanol,280.0,219.34431144444335,60.65568855555665
7,Acetone,180.0,126.74663927262543,53.25336072737457
7,Acetone,80.0,64.22854523028829,15.77145476971171
7,Ethanol,290.0,226.84054331730917,63.15945668269083
7,Acetone,250.0,182.3660973962184,67.63390260378159
7,Acetone,210.0,174.8712340344057,35.12876596559431
7,Ethanol,200.0,144.2629000572082,55.73709994279179
7,Acetone,230.0,166.6672809912892,63.3327190087108
7,Acetone,120.0,99.5865367876423,20.413463212357698
7,Ethanol,60.0,19.86767431568778,40.13232568431222
7,Acetone,90.0,58.07735027305279,31.922649726947213
7,Acetone,170.0,138.12772002895704,31.872279971042957
7,Ethanol,240.0,185.9444417123339,54.05555828766609
7,Acetone,240.0,172.27834367132547,67.72165632867453
7,Acetone,60.0,53.43258566508608,6.56741433491392
7,Ethanol,130.0,70.45034398944651,59.54965601055349
7,Acetone,190.0,124.87367320148634,65.12632679851366
7,Acetone,30.0,19.577053534015178,10.422946465984822
7,Ethanol,230.0,171.6961067053722,58.30389329462781
7,Acetone,220.0,155.6510407011828,64.34895929881719
7,Acetone,110.0,91.45677282703991,18.543227172960087
7,Ethanol,180.0,119.46567141633174,60.534328583668255
7,Acetone,130.0,89.34901882956876,40.65098117043124
7,Acetone,40.0,31.978355538478496,8.021644461521504
7,Ethanol,140.0,40.56564311306029,99.43435688693971
7,Ethanol,140.0,77.38002552253928,62.619974477460715
7,Acetone,70.0,41.82002380646246,28.17997619353754
7,Ethanol,100.0,46.9116605042465,53.0883394957535
7,Acetone,140.0,88.14304395279956,51.85695604720044
7,Acetone,160.0,131.31516765425374,28.68483234574626
7,Acetone,100.0,61.01808538506533,38.98191461493467
7,Acetone,10.0,0.0,10.0
7,Ethanol,300.0,225.93936941703157,74.06063058296843
7,Acetone,200.0,135.0538993847037,64.9461006152963
7,Acetone,20.0,3.021052819063499,16.9789471809365
7,Ethanol,220.0,164.63076187715942,55.369238122840585
7,Acetone,150.0,101.71821356836335,48.28178643163665
7,Acetone,50.0,38.79855342609439,11.201446573905613
7,Ethanol,280.0,220.9928490209271,59.00715097907289
7,Acetone,180.0,119.56378723389196,60.43621276610804
7,Acetone,80.0,69.16435945659028,10.835640543409724
7,Ethanol,290.0,228.5338194096834,61.46618059031661
7,Acetone,250.0,179.1818116243325,70.81818837566749
7,Acetone,210.0,175.35606149980615,34.643938500193855
7,Ethanol,200.0,146.77761628813954,53.22238371186046
7,Acetone,230.0,160.45351654028295,69.54648345971705
7,Acetone,120.0,107.43541218283146,12.564587817168544
7,Ethanol,50.0,20.278291014537118,29.721708985462882
7,Acetone,90.0,58.85983856789123,31.14016143210877
7,Acetone,170.0,143.95644263426396,26.043557365736035
7,Ethanol,240.0,186.3570993985959,53.64290060140411
7,Acetone,240.0,172.92815676547582,67.07184323452418
7,Acetone,60.0,56.283006239431714,3.716993760568286
7,Ethanol,130.0,68.92733032080854,61.07266967919146
7,Acetone,190.0,121.27666724049814,68.72333275950186
7,Acetone,30.0,18.544279979271863,11.455720020728137
7,Ethanol,230.0,179.2048525840587,50.7951474159413
7,Acetone,220.0,158.40437664207371,61.595623357926286
7,Acetone,110.0,93.33835519957167,16.661644800428334
7,Ethanol,180.0,119.31745352740346,60.68254647259654
7,Acetone,130.0,82.28545323717131,47.71454676282869
7,Acetone,40.0,32.26551011694299,7.734489883057009
7,Ethanol,90.0,39.411147602255454,50.588852397744546
7,Ethanol,100.0,78.83163347479942,21.168366525200582
7,Acetone,70.0,44.97774593448348,25.02225406551652
7,Ethanol,100.0,45.93237808482692,54.06762191517308
7,Acetone,140.0,94.81094973044614,45.18905026955386
7,Acetone,160.0,137.82537397847986,22.17462602152014
7,Acetone,100.0,68.52500604118623,31.47499395881377
7,Acetone,10.0,0.0,10.0
7,Ethanol,10.0,223.7774078476025,213.7774078476025
7,Acetone,200.0,134.40647920302732,65.59352079697268
7,Acetone,20.0,5.509731480416718,14.490268519583282
7,Ethanol,220.0,163.62512111018373,56.37487888981627
7,Acetone,150.0,101.2152692769395,48.784730723060505
7,Acetone,50.0,43.69840556782445,6.301594432175548
7,Ethanol,280.0,218.8642378575633,61.135762142436704
7,Acetone,180.0,116.44823693917525,63.551763060824754
7,Acetone,80.0,69.01087816921476,10.989121830785237
7,Ethanol,240.0,228.47007594940288,11.529924050597117
7,Acetone,250.0,175.85984579221144,74.14015420778856
7,Acetone,210.0,175.77800837709728,34.22199162290272
7,Ethanol,200.0,141.92726566185834,58.07273433814166
7,Acetone,230.0,161.96128615107742,68.03871384892258
7,Acetone,120.0,93.94930741867549,26.050692581324512
7,Acetone,90.0,55.34364587311545,34.65635412688455
7,Acetone,170.0,138.66095762268142,31.339042377318577
7,Ethanol,240.0,182.61156733673832,57.38843266326168
7,Acetone,240.0,170.69657017664218,69.30342982335782
7,Acetone,60.0,57.460676170938925,2.5393238290610753
7,Ethanol,130.0,70.25352498564199,59.74647501435801
7,Acetone,190.0,125.81037180148677,64.18962819851323
7,Acetone,30.0,20.085767150973325,9.914232849026675
7,Ethanol,230.0,175.94843088723536,54.05156911276464
7,Acetone,220.0,157.59005588325343,62.40994411674657
7,Acetone,110.0,93.139936004899,16.860063995101
7,Ethanol,260.0,125.29879117043912,134.70120882956087
7,Acetone,130.0,85.06609383470307,44.93390616529693
7,Acetone,40.0,29.945522186007494,10.054477813992506
7,Ethanol,90.0,41.627997283401484,48.372002716598516
7,Ethanol,140.0,77.23708280123634,62.76291719876366
7,Acetone,70.0,48.8795841513857,21.1204158486143
7,Ethanol,100.0,48.72549464961632,51.27450535038368
7,Acetone,140.0,98.48520427190974,41.51479572809026
7,Acetone,160.0,137.39001681052483,22.609983189475173
7,Acetone,100.0,69.86079888336263,30.139201116637366
7,Acetone,10.0,0.0,10.0
7,Ethanol,300.0,221.11096295203083,78.88903704796917
7,Ethanol,50.0,15.555079199256753,34.44492080074325
7,Acetone,200.0,146.40216022885593,53.597839771144066
7,Acetone,20.0,3.019401924771529,16.98059807522847
7,Ethanol,220.0,166.68019395184035,53.31980604815965
7,Acetone,150.0,104.42349657814225,45.57650342185775
7,Acetone,50.0,44.326309613846774,5.6736903861532255
7,Ethanol,200.0,217.94837003092584,17.948370030925844
7,Acetone,180.0,126.81099989634218,53.18900010365782
7,Acetone,80.0,69.18409101154502,10.815908988454979
7,Ethanol,290.0,228.94053598569167,61.05946401430833
7,Acetone,250.0,182.81677427712907,67.18322572287093
7,Acetone,210.0,179.727328916263,30.27267108373701
7,Ethanol,200.0,144.84484171576935,55.15515828423065
7,Acetone,230.0,170.32810306712094,59.671896932879065
7,Acetone,120.0,104.84117114140611,15.158828858593893
7,Ethanol,60.0,21.20962484677692,38.79037515322308
7,Acetone,90.0,64.00647726631777,25.993522733682227
7,Acetone,170.0,142.36479531343525,27.635204686564748
7,Ethanol,240.0,187.4193468669021,52.58065313309791
7,Acetone,240.0,174.69378957699803,65.30621042300197
7,Acetone,60.0,58.28947314115676,1.710526858843238
7,Ethanol,120.0,70.14549862073804,49.85450137926196
7,Acetone,190.0,129.33934920187463,60.660650798125374
7,Acetone,30.0,19.43902392384777,10.56097607615223
7,Ethanol,230.0,174.6376088099172,55.3623911900828
7,Acetone,220.0,160.17870571713635,59.82129428286365
7,Acetone,110.0,96.53658171925291,13.463418280747092
7,Ethanol,180.0,118.45360380310741,61.54639619689259
7,Acetone,130.0,86.20080177203387,43.79919822796613
7,Acetone,40.0,30.611640468372286,9.388359531627714
7,Ethanol,90.0,40.12022675328991,49.87977324671009
7,Ethanol,140.0,82.78176512702242,57.218234872977575
7,Acetone,70.0,49.36419650193996,20.635803498060042
7,Ethanol,100.0,50.01918739215418,49.98081260784582
7,Acetone,140.0,96.48592609546498,43.514073904535024
7,Acetone,160.0,136.85014247110132,23.14985752889868
7,Acetone,100.0,73.48271541243767,26.51728458756233
7,Acetone,10.0,0.0,10.0
7,Ethanol,10.0,231.69907659315348,221.69907659315348
7,Acetone,200.0,138.6139365632166,61.38606343678339
7,Acetone,20.0,5.6007610392071,14.3992389607929
7,Ethanol,220.0,166.5457670803828,53.4542329196172
7,Acetone,150.0,103.49429072454011,46.50570927545989
7,Acetone,50.0,46.74835344364067,3.251646556359333
7,Ethanol,280.0,224.52305486036613,55.47694513963387
7,Acetone,180.0,124.66022909440673,55.33977090559327
7,Acetone,80.0,69.47312056706099,10.526879432939012
7,Ethanol,290.0,231.8523522476186,58.1476477523814
7,Acetone,250.0,179.0231613070019,70.97683869299809
7,Acetone,210.0,177.93905786761476,32.060942132385236
7,Ethanol,200.0,145.07218616359245,54.92781383640755
7,Acetone,230.0,166.7156121288159,63.284387871184094
7,Acetone,120.0,101.21595711851054,18.784042881489455
7,Ethanol,60.0,20.41177597511016,39.58822402488984
7,Acetone,90.0,59.69594089884188,30.304059101158117
7,Acetone,170.0,146.0668605595759,23.9331394404241
7,Ethanol,240.0,187.5826154369554,52.41738456304461
7,Acetone,240.0,171.95817662217027,68.04182337782973
7,Acetone,60.0,56.63670749834182,3.3632925016581794
7,Ethanol,130.0,68.50647926736691,61.49352073263309
7,Acetone,190.0,129.98101840043864,60.01898159956136
7,Acetone,30.0,18.646763354186376,11.353236645813624
7,Ethanol,230.0,179.21481320032382,50.78518679967618
7,Acetone,220.0,157.43061191067585,62.56938808932415
7,Acetone,110.0,94.7567679891242,15.2432320108758
7,Ethanol,20.0,119.67179432745796,99.67179432745796
7,Acetone,130.0,90.55707862521973,39.44292137478027
7,Acetone,40.0,32.69042885365981,7.30957114634019
7,Ethanol,10.0,39.68885349226862,29.68885349226862
7,Ethanol,140.0,78.80426425772242,61.19573574227758
7,Acetone,70.0,45.630907888452995,24.369092111547005
7,Ethanol,130.0,48.4717327512917,81.5282672487083
7,Acetone,140.0,94.55371438539103,45.44628561460897
7,Acetone,160.0,138.75430774481535,21.24569225518465
7,Acetone,100.0,68.38084784214716,31.619152157852838
7,Acetone,10.0,0.0,10.0
7,Ethanol,100.0,225.5542966130471,125.55429661304709
7,Ethanol,50.0,15.644120500295145,34.355879499704855
7,Acetone,200.0,138.19164156053466,61.80835843946534
7,Acetone,20.0,8.01027731725813,11.98972268274187
7,Ethanol,220.0,169.3692056573757,50.63079434262431
7,Acetone,150.0,105.44118979942101,44.55881020057899
7,Acetone,50.0,46.50506767823282,3.4949323217671804
7,Ethanol,280.0,221.6577662278841,58.34223377211589
7,Acetone,180.0,126.80109912612446,53.198900873875544
7,Acetone,80.0,71.70927484215325,8.290725157846751
7,Ethanol,290.0,229.34060157353395,60.659398426466055
7,Acetone,250.0,183.21758768952265,66.78241231047735
7,Acetone,210.0,176.53835495004438,33.46164504995562
7,Ethanol,200.0,144.9634244799305,55.036575520069505
7,Acetone,230.0,164.5483289742967,65.45167102570329
7,Acetone,120.0,104.94670631344104,15.053293686558959
7,Ethanol,60.0,18.971770742481752,41.02822925751825
7,Acetone,90.0,62.229188737120694,27.770811262879306
7,Acetone,170.0,140.02384113230474,29.97615886769526
7,Ethanol,240.0,185.36254541333528,54.63745458666472
7,Acetone,240.0,177.8858328462262,62.11416715377379
7,Acetone,60.0,57.28580837462479,2.714191625375207
7,Ethanol,130.0,67.55078016777874,62.44921983222126
7,Acetone,190.0,131.45744104682922,58.54255895317078
7,Acetone,30.0,20.718415193393312,9.281584806606688
7,Ethanol,230.0,176.05065775917683,53.94934224082317
7,Acetone,220.0,161.06067035859502,58.93932964140498
7,Acetone,110.0,93.7956139436441,16.2043860563559
7,Ethanol,180.0,118.60133455172428,61.39866544827572
7,Acetone,130.0,89.57973029259622,40.420269707403776
7,Acetone,40.0,30.93992259515224,9.06007740484776
7,Ethanol,90.0,40.28659339906294,49.71340660093706
7,Ethanol,140.0,79.19801249755696,60.80198750244304
7,Acetone,70.0,43.75173757973627,26.24826242026373
7,Ethanol,5.0,51.41385004563769,46.41385004563769
7,Acetone,140.0,95.24255756828799,44.75744243171201
7,Acetone,160.0,133.36131396326724,26.638686036732764
7,Acetone,100.0,68.152432214216,31.847567785783994
7,Acetone,10.0,0.0,10.0
7,Ethanol,2.5,225.85397888796427,223.35397888796427
7,Acetone,200.0,145.44072574236029,54.559274257639714
7,Acetone,20.0,5.80823575711392,14.19176424288608
7,Ethanol,220.0,170.0569283281315,49.943071671868495
7,Acetone,150.0,101.30863857559189,48.691361424408115
7,Acetone,50.0,38.11049176717977,11.889508232820234
7,Ethanol,280.0,219.5703755911492,60.4296244088508
7,Acetone,180.0,126.18798580952696,53.812014190473036
7,Acetone,80.0,64.12828991926581,15.87171008073419
7,Ethanol,290.0,228.18940029345552,61.81059970654448
7,Acetone,250.0,180.4218244203044,69.5781755796956
7,Acetone,210.0,177.44260296138222,32.55739703861778
7,Ethanol,200.0,139.0489235283432,60.95107647165679
7,Acetone,230.0,171.28655437087366,58.71344562912634
7,Acetone,120.0,101.43441482701205,18.56558517298795
7,Ethanol,100.0,19.437964869772898,80.5620351302271
7,Acetone,90.0,60.67374531197322,29.32625468802678
7,Acetone,170.0,141.6410366135684,28.35896338643161
7,Ethanol,240.0,188.30741575233384,51.69258424766616
7,Acetone,240.0,172.7097729422998,67.2902270577002
7,Acetone,60.0,50.87381048489789,9.126189515102112
7,Ethanol,50.0,69.35345332194342,19.35345332194342
7,Acetone,190.0,128.38784287702225,61.61215712297775
7,Acetone,30.0,16.37558715289775,13.62441284710225
7,Ethanol,230.0,171.88135020171933,58.11864979828067
7,Acetone,220.0,159.04992893330012,60.95007106669988
7,Acetone,110.0,103.3303530186017,6.6696469813983015
7,Ethanol,180.0,115.07398584042114,64.92601415957886
7,Acetone,130.0,87.27693539642635,42.72306460357365
7,Acetone,40.0,34.78934941399777,5.210650586002231
7,Ethanol,90.0,39.46603371427753,50.53396628572247
7,Ethanol,140.0,75.9568572529889,64.0431427470111
7,Acetone,70.0,48.03524928183103,21.964750718168972
7,Ethanol,90.0,45.4551395884114,44.5448604115886
7,Acetone,140.0,97.72972828537496,42.27027171462504
7,Acetone,160.0,137.87611867028505,22.123881329714948
7,Acetone,100.0,72.71199238510526,27.288007614894738
7,Acetone,10.0,0.0,10.0
7,Acetone,200.0,137.59352965668492,62.40647034331508
7,Acetone,20.0,6.344038622781994,13.655961377218006
7,Ethanol,220.0,147.71950608063557,72.28049391936443
7,Acetone,150.0,104.28353224411697,45.71646775588303
7,Acetone,50.0,46.3893249738576,3.6106750261424025
7,Ethanol,230.0,218.63741640300844,11.362583596991556
7,Acetone,180.0,115.36777106737867,64.63222893262133
7,Acetone,80.0,65.59516916425136,14.40483083574864
7,Ethanol,290.0,229.87563816325365,60.124361836746345
7,Acetone,250.0,174.5505721241571,75.4494278758429
7,Acetone,210.0,163.33903888340438,46.660961116595615
7,Ethanol,200.0,138.4990688906292,61.50093110937081
7,Acetone,230.0,160.8901343378693,69.10986566213069
7,Acetone,120.0,101.91006888571584,18.089931114284155
7,Acetone,90.0,59.868096510025296,30.131903489974704
7,Acetone,170.0,144.4635048477562,25.536495152243788
7,Ethanol,240.0,174.31628553056478,65.68371446943522
7,Acetone,240.0,165.3352860440193,74.66471395598069
7,Acetone,25.0,52.99502061125028,27.995020611250283
7,Ethanol,130.0,69.05994496349307,60.940055036506934
7,Acetone,190.0,127.05358894537667,62.946411054623326
7,Acetone,30.0,17.709889015484137,12.290110984515863
7,Ethanol,230.0,171.89443742701374,58.10556257298626
7,Acetone,220.0,156.27785246562257,63.72214753437743
7,Acetone,110.0,95.94851769691998,14.051482303080022
7,Ethanol,180.0,114.95725070046015,65.04274929953985
7,Acetone,130.0,87.99063717204682,42.00936282795318
7,Acetone,40.0,30.61491767007216,9.38508232992784
7,Ethanol,90.0,39.187463467571476,50.812536532428524
7,Ethanol,140.0,75.30367286027999,64.69632713972001
7,Acetone,70.0,50.52571038942881,19.47428961057119
7,Ethanol,100.0,49.25167057880168,50.74832942119832
7,Acetone,140.0,94.7082039863034,45.2917960136966
7,Acetone,160.0,138.60820425251413,21.391795747485872
7,Acetone,100.0,68.95620701556746,31.043792984432542
7,Acetone,10.0,0.0,10.0
7,Ethanol,50.0,232.72602845197474,182.72602845197474
7,Acetone,200.0,137.78774330193562,62.21225669806438
7,Acetone,20.0,2.883107984236176,17.116892015763824
7,Ethanol,220.0,164.255182957678,55.74481704232201
7,Acetone,150.0,102.63975822195435,47.36024177804565
7,Acetone,50.0,45.58587017308308,4.41412982691692
7,Ethanol,280.0,221.73688593387408,58.26311406612592
7,Acetone,180.0,124.68790116618788,55.312098833812115
7,Acetone,80.0,70.45052541993323,9.549474580066772
7,Ethanol,290.0,228.59566927332855,61.404330726671446
7,Acetone,250.0,181.72096659104724,68.27903340895276
7,Acetone,210.0,176.09521930508058,33.904780694919424
7,Ethanol,200.0,146.66938441770895,53.330615582291045
7,Acetone,230.0,166.83918748219574,63.16081251780426
7,Acetone,120.0,106.68792292463061,13.312077075369388
7,Ethanol,2.5,19.29235187946938,16.79235187946938
7,Acetone,90.0,67.34741451686476,22.65258548313524
7,Acetone,170.0,144.3660265988825,25.633973401117487
7,Ethanol,240.0,184.8634603270206,55.13653967297941
7,Acetone,240.0,174.29708411778813,65.70291588221187
7,Acetone,60.0,54.63006766227268,5.36993233772732
7,Ethanol,100.0,68.70297773228508,31.297022267714922
7,Acetone,190.0,136.4783792004158,53.52162079958421
7,Acetone,30.0,20.10236370411981,9.89763629588019
7,Ethanol,230.0,178.73172474191142,51.26827525808858
7,Acetone,220.0,160.3462588987754,59.6537411012246
7,Acetone,110.0,102.60701007043988,7.392989929560116
7,Ethanol,180.0,117.65381960842775,62.34618039157225
7,Acetone,130.0,89.37624899597245,40.623751004027554
7,Acetone,40.0,32.01599103529445,7.984008964705552
7,Ethanol,90.0,39.366886890570086,50.633113109429914
7,Ethanol,140.0,80.28802843830923,59.711971561690774
7,Acetone,70.0,47.87652553661151,22.12347446338849
7,Ethanol,100.0,47.466271478110485,52.533728521889515
7,Acetone,140.0,97.02642311031798,42.97357688968202
7,Acetone,160.0,138.183738132538,21.816261867462003
7,Acetone,10.0,0.0,10.0
7,Acetone,10.0,0.0,10.0
7,Acetone,10.0,0.0,10.0
7,Acetone,10.0,0.0,10.0
7,Acetone,50.0,0.0,50.0
7,Acetone,10.0,0.0,10.0
7,Acetone,10.0,0.0,10.0
7,Acetone,10.0,0.0,10.0
7,Acetone,10.0,0.0,10.0
7,Acetone,10.0,0.0,10.0
7,Acetone,10.0,0.0,10.0
7,Acetone,10.0,0.0,10.0
7,Acetone,10.0,0.0,10.0
7,Acetone,10.0,0.0,10.0
7,Acetone,10.0,0.0,10.0
7,Acetone,10.0,0.0,10.0
7,Acetone,10.0,0.0,10.0
7,Acetone,10.0,0.0,10.0
7,Acetone,5.0,0.0,5.0
7,Acetone,10.0,0.0,10.0
7,Acetone,10.0,0.0,10.0
7,Acetone,10.0,0.0,10.0
7,Acetone,10.0,0.0,10.0
7,Acetone,10.0,0.0,10.0
7,Acetone,10.0,0.0,10.0
7,Acetone,10.0,0.0,10.0
7,Acetone,10.0,0.0,10.0
7,Acetone,90.0,0.0,90.0
7,Acetone,10.0,0.0,10.0
7,Acetone,10.0,0.0,10.0
7,Acetone,10.0,0.0,10.0
7,Acetone,10.0,0.0,10.0
7,Acetone,10.0,0.0,10.0
7,Acetone,10.0,0.0,10.0
7,Acetone,10.0,0.0,10.0
7,Acetone,10.0,0.0,10.0
7,Acetone,10.0,0.0,10.0
7,Acetone,20.0,0.0,20.0
7,Acetone,10.0,0.0,10.0
7,Acetone,10.0,0.0,10.0
7,Acetone,10.0,0.0,10.0
7,Acetone,10.0,0.0,10.0
7,Acetone,10.0,0.0,10.0
7,Acetone,2.5,0.0,2.5
7,Acetone,30.0,0.0,30.0
7,Acetone,10.0,0.0,10.0
7,Acetone,240.0,0.0,240.0
7,Acetone,10.0,0.0,10.0
7,Acetone,40.0,0.0,40.0
7,Acetone,10.0,0.0,10.0
7,Ethylene,50.0,3.138866854716582,46.86113314528342
7,Ethylene,10.0,2.6391889093533507,7.360811090646649
7,Ethylene,10.0,0.17357219055688233,9.826427809443118
7,Ethylene,2.5,0.9487433823875335,1.5512566176124665
7,Ethylene,10.0,2.4253660453603345,7.5746339546396655
7,Ethylene,90.0,0.9005805841428298,89.09941941585717
7,Ethylene,300.0,0.8561146234770263,299.143885376523
7,Ethylene,70.0,2.146747513674512,67.85325248632549
7,Ethylene,140.0,0.6099392936024799,139.39006070639752
7,Ethylene,100.0,0.4110985069037554,99.58890149309624
7,Ethylene,70.0,0.12329558071965607,69.87670441928034
7,Ethylene,10.0,1.7516500660051975,8.248349933994803
7,Ethylene,10.0,0.7747131129694651,9.225286887030535
7,Ethylene,10.0,1.5982151787872567,8.401784821212743
7,Ethylene,10.0,0.7057311965386077,9.294268803461392
7,Ethylene,10.0,1.178275264082373,8.821724735917627
7,Ethylene,10.0,0.0,10.0
7,Ethylene,5.0,1.0433675045190967,3.9566324954809033
7,Ethylene,10.0,1.7504229162916545,8.249577083708346
7,Ethylene,10.0,0.0,10.0
7,Ethylene,100.0,0.9159954204322389,99.08400457956776
7,Ethylene,70.0,1.3670710552967478,68.63292894470325
7,Ethylene,10.0,2.185696263400928,7.814303736599072
7,Ethylene,10.0,0.0,10.0
7,Ethylene,140.0,0.0,140.0
7,Ethylene,300.0,1.0801814995290329,298.91981850047097
7,Ethylene,10.0,1.4553435129402317,8.544656487059768
7,Ethylene,10.0,3.901782842498875,6.098217157501125
7,Ethylene,10.0,5.13262282459678,4.86737717540322
7,Ethylene,10.0,4.885123480161951,5.114876519838049
7,Ethylene,50.0,5.321610023669564,44.678389976330436
7,Ethylene,10.0,2.9172980830323922,7.082701916967608
7,Ethylene,10.0,3.346885272346981,6.653114727653019
7,Ethylene,10.0,3.981835529050244,6.018164470949756
7,Ethylene,10.0,4.486959140905924,5.513040859094076
7,Ethylene,10.0,3.2785601992437705,6.7214398007562295
7,Ethylene,10.0,3.773441874309583,6.226558125690417
7,Ethylene,90.0,2.6687356731589773,87.33126432684102
7,Ethylene,90.0,1.6165394952131464,88.38346050478685
7,Ethylene,10.0,2.946449396244219,7.053550603755781
7,Ethylene,10.0,2.545215502934326,7.454784497065674
7,Ethylene,10.0,1.441259458768826,8.558740541231174
7,Ethylene,10.0,1.3243690411677846,8.675630958832215
7,Ethylene,10.0,2.5099538740573735,7.4900461259426265
7,Ethylene,10.0,4.131377557086381,5.868622442913619
7,Ethylene,30.0,1.720252610136498,28.279747389863502
7,Ethylene,70.0,1.744519007130549,68.25548099286945
7,Ethylene,10.0,2.9590803187246593,7.040919681275341
7,Ethylene,90.0,2.4354156349185985,87.5645843650814
7,Ethylene,10.0,0.9532506752534289,9.046749324746571
7,Toluene,100.0,115.83782925289279,15.837829252892789
7,Ammonia,300.0,229.9274820115487,70.0725179884513
7,Ammonia,40.0,25.650221942059076,14.349778057940924
7,Toluene,10.0,12.162191120454409,2.162191120454409
7,Toluene,10.0,13.428412880470418,3.428412880470418
7,Ammonia,110.0,71.9649073882101,38.035092611789906
7,Ammonia,220.0,174.3697218136923,45.63027818630769
7,Toluene,60.0,83.90240831650812,23.902408316508115
7,Toluene,20.0,27.7655892462719,7.765589246271901
7,Ammonia,120.0,89.0428037192512,30.957196280748803
7,Ammonia,280.0,213.03565600675728,66.96434399324272
7,Toluene,70.0,91.0516420022714,21.051642002271393
7,Toluene,30.0,40.06082103092557,10.060821030925567
7,Ammonia,120.0,42.98310960775683,77.01689039224317
7,Ammonia,290.0,220.51086225632034,69.48913774367966
7,Toluene,95.0,111.4953660078706,16.4953660078706
7,Toluene,85.0,95.83543902419427,10.835439024194272
7,Ammonia,150.0,128.95758956445016,21.04241043554984
7,Ammonia,200.0,163.37474707321695,36.62525292678305
7,Toluene,45.0,61.42555982073485,16.425559820734847
7,Toluene,50.0,80.39784253083893,30.39784253083893
7,Ammonia,250.0,208.16457671401218,41.835423285987815
7,Ammonia,60.0,38.18955445260049,21.81044554739951
7,Toluene,15.0,24.991317237503182,9.991317237503182
7,Toluene,50.0,57.67932266130522,7.679322661305221
7,Ammonia,160.0,146.7001459951139,13.2998540048861
7,Ammonia,240.0,194.22094980312244,45.77905019687756
7,Toluene,40.0,58.451494619692966,18.451494619692966
7,Toluene,35.0,44.220290450063345,9.220290450063345
7,Ammonia,260.0,220.51525632081902,39.48474367918098
7,Ammonia,130.0,102.32778639872734,27.67221360127266
7,Toluene,75.0,97.01176009693694,22.01176009693694
7,Toluene,90.0,106.48070732920684,16.480707329206837
7,Ammonia,170.0,157.9995160913543,12.000483908645691
7,Ammonia,230.0,188.3156735696639,41.684326430336114
7,Toluene,80.0,90.94345232812252,10.943452328122518
7,Toluene,55.0,61.345031151632114,6.345031151632114
7,Ammonia,270.0,220.33249827000918,49.66750172999082
7,Ammonia,180.0,145.5001799083656,34.499820091634405
7,Toluene,25.0,32.80863630857121,7.808636308571209
7,Toluene,2.5,4.1134096112794225,1.6134096112794225
7,Ammonia,190.0,175.0739193308588,14.926080669141186
7,Ammonia,90.0,61.34887901454165,28.65112098545835
7,Ammonia,140.0,112.79275526857919,27.207244731420815
7,Ammonia,60.0,43.05610326137854,16.94389673862146
7,Ammonia,100.0,71.71332705754624,28.286672942453762
7,Ammonia,210.0,173.13030839654442,36.86969160345558
7,Toluene,100.0,115.9106377562396,15.910637756239595
7,Ammonia,300.0,236.58736356527896,63.41263643472104
7,Ammonia,50.0,30.154739262140197,19.845260737859803
7,Toluene,70.0,9.71125087443474,60.28874912556526
7,Toluene,10.0,13.154632185245106,3.154632185245106
7,Ammonia,110.0,87.0937758636224,22.906224136377602
7,Ammonia,220.0,183.86295162051596,36.13704837948404
7,Toluene,60.0,77.32608373831141,17.32608373831141
7,Toluene,20.0,28.217110508997138,8.217110508997138
7,Ammonia,120.0,98.0329587695723,21.967041230427697
7,Ammonia,280.0,220.78686223638223,59.213137763617766
7,Toluene,70.0,86.58493455688986,16.584934556889863
7,Toluene,30.0,37.68580026439328,7.685800264393279
7,Ammonia,80.0,51.19353190792681,28.80646809207319
7,Ammonia,290.0,229.8207435288175,60.1792564711825
7,Toluene,95.0,114.52489076890527,19.524890768905266
7,Toluene,85.0,94.67269455383374,9.672694553833736
7,Ammonia,150.0,150.24993409820956,0.24993409820956458
7,Ammonia,200.0,175.34990096604855,24.65009903395145
7,Toluene,45.0,58.75758745471997,13.757587454719967
7,Toluene,65.0,70.94711788671653,5.947117886716526
7,Ammonia,250.0,219.48756781725393,30.512432182746068
7,Ammonia,60.0,37.56359062887992,22.436409371120078
7,Toluene,100.0,24.7335139602543,75.2664860397457
7,Toluene,50.0,58.964331681171586,8.964331681171586
7,Ammonia,160.0,156.29213162263312,3.7078683773668786
7,Ammonia,140.0,207.19696755765278,67.19696755765278
7,Toluene,40.0,50.0963122373128,10.096312237312802
7,Toluene,45.0,44.711404741139916,0.2885952588600844
7,Ammonia,260.0,227.05026366390223,32.94973633609777
7,Ammonia,130.0,113.7601679776594,16.239832022340593
7,Toluene,75.0,89.99896412736595,14.998964127365952
7,Toluene,90.0,95.28853861656091,5.288538616560913
7,Ammonia,170.0,163.42047231532158,6.579527684678425
7,Ammonia,230.0,195.78873526811498,34.211264731885024
7,Toluene,80.0,90.02542778438689,10.025427784386892
7,Toluene,55.0,59.90625182265674,4.906251822656742
7,Ammonia,270.0,231.73875596362151,38.261244036378486
7,Ammonia,180.0,161.87250751403306,18.12749248596694
7,Toluene,25.0,36.201221493968816,11.201221493968816
7,Toluene,2.5,7.143860259746418,4.643860259746418
7,Ammonia,190.0,191.4332248898719,1.4332248898718944
7,Ammonia,90.0,67.28705954566392,22.712940454336078
7,Ammonia,140.0,125.18196596837373,14.818034031626269
7,Ammonia,70.0,48.43913953523884,21.560860464761163
7,Ammonia,100.0,83.88948521434142,16.11051478565858
7,Ammonia,210.0,187.33180453420542,22.668195465794582
7,Toluene,100.0,111.66341717134634,11.663417171346339
7,Ammonia,300.0,242.95799845964675,57.042001540353255
7,Ammonia,50.0,33.96369368491415,16.036306315085852
7,Toluene,10.0,12.303021648400929,2.3030216484009287
7,Toluene,10.0,13.605957890658601,3.605957890658601
7,Ammonia,110.0,92.68103286687129,17.31896713312871
7,Ammonia,220.0,189.3371341235084,30.662865876491594
7,Toluene,60.0,75.22801403454406,15.22801403454406
7,Toluene,100.0,26.401649552866118,73.59835044713388
7,Ammonia,120.0,108.39104944901568,11.608950550984318
7,Ammonia,280.0,225.49494537301183,54.50505462698817
7,Toluene,70.0,83.3592289137151,13.3592289137151
7,Toluene,30.0,35.84360764408197,5.84360764408197
7,Ammonia,80.0,56.07145801174454,23.92854198825546
7,Ammonia,290.0,228.46955945637015,61.53044054362985
7,Toluene,95.0,99.47831485998198,4.478314859981978
7,Toluene,10.0,90.40382358712509,80.40382358712509
7,Ammonia,150.0,149.0154687005113,0.9845312994887081
7,Ammonia,200.0,178.89816778430264,21.101832215697357
7,Toluene,45.0,53.24758699437818,8.247586994378182
7,Toluene,65.0,75.22302138129274,10.223021381292739
7,Ammonia,250.0,217.522242261542,32.477757738457996
7,Ammonia,60.0,35.31845287777287,24.68154712222713
7,Toluene,15.0,21.760160820933237,6.760160820933237
7,Toluene,50.0,54.39166062379199,4.391660623791992
7,Ammonia,160.0,161.75516727544334,1.7551672754433412
7,Ammonia,240.0,202.65956150462802,37.340438495371984
7,Toluene,40.0,48.44757946046843,8.447579460468432
7,Toluene,35.0,43.2425873644102,8.242587364410198
7,Ammonia,260.0,224.62827765575403,35.37172234424597
7,Ammonia,140.0,117.29965851575611,22.700341484243893
7,Toluene,85.0,85.47400521088318,0.4740052108831776
7,Toluene,90.0,93.02679614012035,3.0267961401203536
7,Ammonia,170.0,164.96037688471034,5.039623115289658
7,Ammonia,230.0,195.467533864934,34.53246613506599
7,Toluene,80.0,82.1872453827242,2.1872453827241998
7,Toluene,55.0,54.77252588983569,0.22747411016430874
7,Ammonia,270.0,228.4670872263136,41.532912773686405
7,Ammonia,180.0,162.61120619405898,17.38879380594102
7,Toluene,25.0,34.731894745236644,9.731894745236644
7,Toluene,10.0,5.211497946912999,4.788502053087001
7,Ammonia,190.0,190.77396574208626,0.7739657420862613
7,Ammonia,90.0,68.12850871713113,21.871491282868874
7,Ammonia,140.0,124.58920762462999,15.410792375370008
7,Ammonia,70.0,48.47378391507377,21.526216084926233
7,Ammonia,100.0,80.3022609356865,19.697739064313495
7,Ammonia,210.0,185.83281515363947,24.167184846360527
7,Toluene,100.0,105.83932886234788,5.839328862347884
7,Ammonia,300.0,243.7370399957632,56.26296000423679
7,Ammonia,50.0,29.949191787895458,20.050808212104542
7,Toluene,5.0,12.023774006834884,7.023774006834884
7,Toluene,10.0,16.939832988408696,6.939832988408696
7,Ammonia,110.0,92.91219191017066,17.087808089829338
7,Ammonia,220.0,192.33865673319553,27.661343266804465
7,Toluene,60.0,65.22044384791312,5.220443847913117
7,Toluene,20.0,24.31343013127575,4.3134301312757515
7,Ammonia,120.0,109.74428587481107,10.25571412518893
7,Ammonia,280.0,224.72010599492287,55.279894005077125
7,Toluene,70.0,73.30171037398398,3.3017103739839797
7,Toluene,30.0,35.97599876944527,5.975998769445269
7,Ammonia,80.0,57.26026385756887,22.739736142431127
7,Ammonia,290.0,228.88131431034782,61.11868568965218
7,Toluene,95.0,93.97365758846642,1.0263424115335766
7,Toluene,85.0,78.26377726621345,6.736222733786548
7,Ammonia,150.0,147.62799543464203,2.372004565357969
7,Ammonia,200.0,175.31394194381687,24.68605805618313
7,Toluene,45.0,44.26140711443358,0.738592885566419
7,Toluene,65.0,63.35476735975054,1.6452326402494606
7,Ammonia,250.0,214.6148708257304,35.38512917426959
7,Ammonia,60.0,36.16810750749302,23.83189249250698
7,Toluene,15.0,21.281762894516234,6.281762894516234
7,Toluene,50.0,45.06338598581539,4.936614014184613
7,Ammonia,100.0,156.43996268095412,56.439962680954125
7,Ammonia,240.0,196.50423259518448,43.495767404815524
7,Toluene,40.0,40.06564493760419,0.06564493760419055
7,Toluene,35.0,33.751447468462956,1.2485525315370438
7,Ammonia,260.0,213.09026334009968,46.90973665990032
7,Ammonia,130.0,105.91163601607897,24.088363983921028
7,Toluene,75.0,70.5608878308921,4.439112169107901
7,Toluene,90.0,70.32477001495565,19.675229985044353
7,Ammonia,170.0,157.3189565584692,12.68104344153079
7,Ammonia,230.0,189.1473074334144,40.8526925665856
7,Toluene,80.0,69.60878864451426,10.391211355485737
7,Toluene,55.0,50.500253976510734,4.499746023489266
7,Ammonia,270.0,222.6967802009955,47.303219799004495
7,Ammonia,180.0,159.00415070536152,20.995849294638475
7,Toluene,25.0,32.88677999938032,7.886779999380323
7,Ammonia,190.0,189.84353504196966,0.156464958030341
7,Ammonia,90.0,66.23122715698322,23.768772843016777
7,Ammonia,140.0,129.6967911092088,10.303208890791211
7,Ammonia,70.0,50.327136986171425,19.672863013828575
7,Ammonia,100.0,79.14119589100713,20.85880410899287
7,Ammonia,210.0,188.23666500820414,21.76333499179586
7,Toluene,100.0,93.84851187709671,6.151488122903288
7,Ammonia,300.0,243.56714400688537,56.43285599311463
7,Ammonia,50.0,28.004579752644574,21.995420247355426
7,Toluene,5.0,9.251492155062323,4.251492155062323
7,Toluene,10.0,12.193198711175711,2.193198711175711
7,Ammonia,110.0,94.16130279122285,15.838697208777148
7,Ammonia,220.0,187.70208115035945,32.29791884964055
7,Toluene,60.0,65.18875978633706,5.188759786337059
7,Toluene,20.0,18.838741845508167,1.1612581544918328
7,Ammonia,120.0,108.83166853369937,11.168331466300629
7,Ammonia,280.0,226.30909648335225,53.69090351664775
7,Toluene,30.0,72.95633063671684,42.95633063671684
7,Toluene,30.0,32.64523589446614,2.64523589446614
7,Ammonia,55.0,50.97953436051236,4.0204656394876395
7,Ammonia,290.0,224.9796216692629,65.02037833073709
7,Toluene,95.0,89.74356344449646,5.256436555503541
7,Toluene,85.0,79.51219476735562,5.4878052326443765
7,Ammonia,150.0,146.98724131279795,3.0127586872020515
7,Ammonia,200.0,176.94921000244028,23.05078999755972
7,Toluene,45.0,45.421727362358524,0.42172736235852426
7,Toluene,65.0,63.70826346191588,1.2917365380841233
7,Ammonia,250.0,222.22666330338697,27.77333669661303
7,Ammonia,60.0,36.75121639598582,23.24878360401418
7,Toluene,15.0,21.124981723225872,6.124981723225872
7,Toluene,50.0,46.72225531353348,3.2777446864665194
7,Ammonia,160.0,159.85977631397793,0.14022368602206825
7,Ammonia,240.0,202.86630010005396,37.13369989994604
7,Toluene,40.0,44.78144044789056,4.78144044789056
7,Toluene,35.0,36.18134104756574,1.1813410475657378
7,Ammonia,260.0,224.77932357761873,35.220676422381274
7,Ammonia,130.0,110.32485891196933,19.67514108803067
7,Toluene,75.0,73.0412317695115,1.9587682304885021
7,Toluene,90.0,85.8715882465869,4.128411753413104
7,Ammonia,170.0,173.77565254287174,3.7756525428717396
7,Ammonia,230.0,201.02877369340706,28.97122630659294
7,Toluene,80.0,83.27112243883369,3.271122438833686
7,Toluene,55.0,54.92486118956221,0.07513881043779236
7,Ammonia,270.0,232.77838286458206,37.221617135417944
7,Ammonia,180.0,168.65494428622256,11.345055713777441
7,Toluene,25.0,31.038647704280834,6.038647704280834
7,Toluene,2.5,3.1357567440345804,0.6357567440345804
7,Ammonia,190.0,193.8322019710488,3.8322019710487893
7,Ammonia,90.0,67.20795624706672,22.79204375293328
7,Ammonia,140.0,126.9868659394169,13.013134060583099
7,Ammonia,70.0,51.6483312875221,18.351668712477903
7,Ammonia,100.0,82.83859546572603,17.16140453427397
7,Ammonia,210.0,191.73454005958604,18.26545994041396
7,Toluene,100.0,100.26423994369438,0.26423994369437764
7,Ammonia,300.0,244.9436922714333,55.05630772856671
7,Ammonia,50.0,29.525676877125676,20.474323122874324
7,Toluene,10.0,11.732972924067795,1.732972924067795
7,Toluene,160.0,13.45137263774501,146.548627362255
7,Ammonia,110.0,94.36984142079655,15.630158579203453
7,Ammonia,220.0,198.00464452533157,21.99535547466843
7,Toluene,60.0,64.03604356636674,4.036043566366743
7,Toluene,20.0,22.312724293782026,2.3127242937820256
7,Ammonia,120.0,108.5723625044169,11.427637495583099
7,Ammonia,280.0,225.8772950214327,54.1227049785673
7,Toluene,50.0,72.84136013800493,22.84136013800493
7,Toluene,30.0,33.12437945242999,3.1243794524299915
7,Ammonia,80.0,55.58093555698511,24.41906444301489
7,Ammonia,290.0,229.19547717604513,60.80452282395487
7,Toluene,95.0,93.8140836502626,1.185916349737397
7,Toluene,85.0,80.73335531101168,4.266644688988322
7,Ammonia,150.0,150.98737856646522,0.9873785664652246
7,Ammonia,200.0,185.90695457409151,14.093045425908485
7,Toluene,45.0,45.62376986825211,0.6237698682521113
7,Toluene,65.0,59.39303157911223,5.6069684208877675
7,Ammonia,250.0,225.32729691437294,24.672703085627063
7,Ammonia,60.0,37.97635570904578,22.023644290954223
7,Toluene,15.0,20.161397527574337,5.161397527574337
7,Toluene,50.0,46.9388357518165,3.061164248183502
7,Ammonia,160.0,163.20843803395246,3.2084380339524614
7,Ammonia,240.0,211.2302318137459,28.76976818625411
7,Toluene,40.0,43.761992414396715,3.7619924143967154
7,Toluene,35.0,35.186782338618215,0.18678233861821525
7,Ammonia,260.0,231.7490986635462,28.250901336453808
7,Ammonia,130.0,120.49717055358137,9.50282944641863
7,Toluene,70.0,73.07328758577579,3.0732875857757875
7,Toluene,90.0,79.52813421755593,10.47186578244407
7,Ammonia,170.0,178.25048286340984,8.250482863409843
7,Ammonia,230.0,213.6915964693468,16.30840353065321
7,Toluene,80.0,76.82068050918832,3.179319490811679
7,Toluene,55.0,52.459622576889345,2.5403774231106553
7,Ammonia,270.0,241.81397348636443,28.186026513635568
7,Ammonia,180.0,174.53466281880102,5.465337181198976
7,Toluene,10.0,29.91530225937005,19.91530225937005
7,Toluene,2.5,4.232322196374184,1.7323221963741844
7,Ammonia,190.0,204.2286109890171,14.228610989017113
7,Ammonia,90.0,72.125385158642,17.874614841357996
7,Ammonia,140.0,133.7956133232725,6.204386676727495
7,Ammonia,70.0,49.495119380303635,20.504880619696365
7,Ammonia,100.0,81.69049252654676,18.309507473453237
7,Ammonia,210.0,200.8350129799532,9.164987020046794
7,Toluene,180.0,94.04259380928002,85.95740619071998
7,Ammonia,300.0,255.1991969323098,44.8008030676902
7,Ammonia,50.0,28.971146966142086,21.028853033857914
7,Toluene,10.0,9.870020981979621,0.1299790180203786
7,Toluene,10.0,12.147519380408923,2.147519380408923
7,Ammonia,110.0,89.28043309885393,20.719566901146067
7,Ammonia,220.0,209.144725604314,10.855274395685996
7,Toluene,60.0,58.91661998360186,1.083380016398138
7,Toluene,140.0,23.425192272549353,116.57480772745065
7,Ammonia,120.0,109.37331356061264,10.626686439387356
7,Ammonia,280.0,231.297272244851,48.702727755149
7,Toluene,70.0,68.52488560484609,1.4751143951539092
7,Toluene,30.0,32.47686545479874,2.476865454798741
7,Ammonia,80.0,54.16085625706805,25.839143742931952
7,Ammonia,290.0,232.4861911872965,57.5138088127035
7,Toluene,95.0,91.52007360363189,3.479926396368114
7,Toluene,85.0,81.44653325733509,3.5534667426649094
7,Ammonia,150.0,160.80088003818926,10.800880038189263
7,Ammonia,200.0,189.58860792627482,10.411392073725182
7,Toluene,10.0,45.945244801304185,35.945244801304185
7,Toluene,50.0,64.75413237465838,14.754132374658383
7,Ammonia,250.0,230.76697112166204,19.23302887833796
7,Ammonia,60.0,37.532817388589734,22.467182611410266
7,Toluene,15.0,22.0496855826692,7.049685582669198
7,Toluene,50.0,46.02957949961325,3.9704205003867514
7,Ammonia,160.0,172.77491767207374,12.774917672073741
7,Ammonia,240.0,220.9073898373599,19.092610162640113
7,Toluene,40.0,45.05405081861787,5.054050818617867
7,Toluene,35.0,36.583571791802754,1.583571791802754
7,Ammonia,260.0,235.26554734995557,24.73445265004443
7,Ammonia,130.0,122.12906531743346,7.870934682566542
7,Toluene,60.0,68.82643676555472,8.826436765554718
7,Toluene,90.0,83.02957382650038,6.970426173499618
7,Ammonia,170.0,176.8542524275623,6.854252427562301
7,Ammonia,230.0,216.33596056793567,13.664039432064328
7,Toluene,80.0,77.6732969623408,2.3267030376592004
7,Toluene,55.0,50.594871732714026,4.405128267285974
7,Ammonia,55.0,239.17698184612956,184.17698184612956
7,Ammonia,180.0,179.4632475623766,0.5367524376233916
7,Toluene,25.0,29.310026216356945,4.310026216356945
7,Toluene,50.0,3.4232096782216956,46.576790321778304
7,Ammonia,190.0,200.0426075655833,10.042607565583296
7,Ammonia,30.0,69.05666357348119,39.05666357348119
7,Ammonia,140.0,134.3029009605933,5.697099039406709
7,Ammonia,70.0,50.58529937800181,19.414700621998193
7,Ammonia,100.0,85.27803615890639,14.721963841093611
7,Ammonia,210.0,204.7256778659779,5.2743221340221
7,Toluene,100.0,92.74464088674013,7.255359113259871
7,Ammonia,300.0,255.40177249988687,44.598227500113126
7,Ammonia,50.0,31.65453802853422,18.34546197146578
7,Toluene,5.0,9.145469728589774,4.145469728589774
7,Toluene,10.0,12.362267125104495,2.362267125104495
7,Ammonia,110.0,94.36378102180481,15.636218978195188
7,Ammonia,220.0,207.29910540295356,12.700894597046442
7,Toluene,60.0,58.547191391642045,1.4528086083579552
7,Toluene,20.0,23.003105776405306,3.003105776405306
7,Ammonia,120.0,111.89056535741817,8.109434642581832
7,Ammonia,280.0,230.43082831078473,49.56917168921527
7,Toluene,70.0,64.57865292710406,5.421347072895941
7,Toluene,30.0,32.97061587003037,2.9706158700303718
7,Ammonia,80.0,58.494633322764514,21.505366677235486
7,Ammonia,290.0,238.0610150212201,51.9389849787799
7,Toluene,10.0,88.74387719983903,78.74387719983903
7,Toluene,85.0,79.70897510973245,5.2910248902675505
7,Ammonia,150.0,155.32262385936107,5.322623859361073
7,Ammonia,110.0,192.43658700188126,82.43658700188126
7,Toluene,45.0,46.59121955620455,1.5912195562045497
7,Toluene,230.0,61.473814597251575,168.5261854027484
7,Ammonia,250.0,231.56330011375218,18.436699886247823
7,Ammonia,60.0,39.73352883153319,20.266471168466808
7,Toluene,10.0,20.867636915381865,10.867636915381865
7,Toluene,50.0,44.63883761369162,5.361162386308379
7,Ammonia,40.0,173.6765641196782,133.6765641196782
7,Ammonia,240.0,219.36697794908775,20.633022050912246
7,Toluene,40.0,44.227490211102165,4.227490211102165
7,Toluene,35.0,34.106797318301645,0.8932026816983551
7,Ammonia,260.0,238.32598332913543,21.674016670864575
7,Ammonia,130.0,119.61256949982271,10.387430500177288
7,Toluene,75.0,69.64306916723007,5.356930832769933
7,Toluene,90.0,80.40534718163448,9.594652818365518
7,Ammonia,170.0,181.78331672183674,11.78331672183674
7,Ammonia,230.0,214.32389669930245,15.676103300697548
7,Toluene,80.0,75.31745744207466,4.682542557925345
7,Toluene,55.0,54.90093342840591,0.09906657159409349
7,Ammonia,270.0,240.58329628006828,29.416703719931718
7,Ammonia,180.0,174.14657345380377,5.853426546196232
7,Toluene,25.0,29.562508218466675,4.562508218466675
7,Toluene,2.5,4.820607695069441,2.320607695069441
7,Ammonia,190.0,199.54267812882057,9.542678128820569
7,Ammonia,90.0,72.13867510917794,17.86132489082206
7,Ammonia,140.0,134.9070811273323,5.0929188726676955
7,Ammonia,70.0,48.71451794462402,21.28548205537598
7,Ammonia,100.0,82.9109379824921,17.0890620175079
7,Ammonia,210.0,200.5399587749406,9.460041225059399
7,Toluene,100.0,95.33203758260498,4.667962417395017
7,Ammonia,300.0,255.69992846106527,44.30007153893473
7,Ammonia,50.0,30.03319174807251,19.96680825192749
7,Toluene,190.0,10.495592952012174,179.50440704798783
7,Toluene,10.0,12.088104589033037,2.088104589033037
7,Ammonia,10.0,96.27795748473508,86.27795748473508
7,Ammonia,220.0,206.73706922297706,13.262930777022945
7,Toluene,60.0,64.15646551867154,4.1564655186715385
7,Toluene,20.0,23.973052452986607,3.9730524529866074
7,Ammonia,120.0,114.06677727965372,5.933222720346279
7,Ammonia,280.0,232.39160414351835,47.60839585648165
7,Toluene,70.0,66.45512138284431,3.544878617155689
7,Toluene,30.0,31.21682067460695,1.21682067460695
7,Ammonia,80.0,56.06135229296959,23.938647707030412
7,Ammonia,290.0,236.27684629557427,53.72315370442573
7,Toluene,95.0,89.08268294937807,5.917317050621932
7,Toluene,85.0,78.41695333023833,6.583046669761671
7,Ammonia,150.0,156.97121468453412,6.971214684534118
7,Ammonia,200.0,194.49850313144793,5.501496868552067
7,Toluene,45.0,46.68600378820081,1.6860037882008072
7,Toluene,65.0,55.72308314965231,9.276916850347689
7,Ammonia,250.0,234.61159110299093,15.388408897009072
7,Ammonia,60.0,39.13776966943058,20.862230330569417
7,Toluene,10.0,20.982126507943576,10.982126507943576
7,Toluene,50.0,45.305955119497256,4.694044880502744
7,Ammonia,160.0,169.64823319661195,9.648233196611955
7,Ammonia,240.0,217.03169084581327,22.968309154186727
7,Toluene,40.0,41.94408983699175,1.9440898369917505
7,Toluene,35.0,36.090429228463734,1.0904292284637336
7,Ammonia,260.0,237.97279587959343,22.027204120406566
7,Ammonia,130.0,119.28677222551971,10.713227774480288
7,Toluene,75.0,70.75821058595827,4.241789414041733
7,Toluene,90.0,82.85933479701836,7.140665202981637
7,Ammonia,170.0,177.17452615480886,7.174526154808859
7,Ammonia,230.0,212.98628892288264,17.013711077117364
7,Toluene,80.0,75.08219769871047,4.917802301289527
7,Toluene,55.0,53.25584920716396,1.744150792836038
7,Ammonia,270.0,240.71017215819563,29.289827841804367
7,Ammonia,180.0,173.35044547381435,6.6495545261856535
7,Toluene,25.0,29.238161731781062,4.238161731781062
7,Toluene,160.0,6.402640935468639,153.59735906453136
7,Ammonia,190.0,200.2431300910427,10.243130091042701
7,Ammonia,90.0,69.50422406576308,20.495775934236917
7,Ammonia,140.0,134.63915562530542,5.3608443746945795
7,Ammonia,70.0,50.13403151365681,19.865968486343192
7,Ammonia,100.0,82.17711591433027,17.822884085669727
7,Ammonia,210.0,207.88221698731928,2.117783012680718
7,Toluene,100.0,87.9523763056496,12.047623694350406
7,Ammonia,300.0,254.3427621853163,45.6572378146837
7,Ammonia,50.0,30.06585415033267,19.93414584966733
7,Toluene,50.0,10.740687304170052,39.25931269582995
7,Toluene,10.0,12.308555128776149,2.308555128776149
7,Ammonia,110.0,95.7884224379118,14.211577562088195
7,Ammonia,220.0,211.12816578959786,8.871834210402142
7,Toluene,60.0,62.08836817195582,2.088368171955821
7,Toluene,20.0,22.1773995756747,2.1773995756746984
7,Ammonia,120.0,113.23938446527441,6.760615534725588
7,Ammonia,280.0,236.80788492559856,43.19211507440144
7,Toluene,70.0,66.19139969810715,3.8086003018928523
7,Toluene,30.0,27.90087642043372,2.0991235795662817
7,Ammonia,10.0,55.56410347481726,45.56410347481726
7,Ammonia,290.0,233.95061579871256,56.04938420128744
7,Toluene,80.0,85.38644211467367,5.38644211467367
7,Toluene,85.0,73.74896286052888,11.251037139471123
7,Ammonia,150.0,155.83546220827844,5.835462208278443
7,Ammonia,200.0,197.037275397142,2.962724602858003
7,Toluene,45.0,44.61701205158785,0.38298794841215056
7,Toluene,65.0,55.574217251733614,9.425782748266386
7,Ammonia,250.0,234.84009190807222,15.159908091927775
7,Ammonia,60.0,40.02675956969475,19.973240430305253
7,Toluene,15.0,19.6239305833914,4.623930583391399
7,Toluene,45.0,42.571615491232265,2.428384508767735
7,Ammonia,160.0,172.64648889612698,12.646488896126982
7,Ammonia,240.0,216.59044077971984,23.40955922028016
7,Toluene,40.0,39.065009958104014,0.9349900418959862
7,Toluene,35.0,34.54392324856396,0.45607675143604354
7,Ammonia,260.0,239.8995532298067,20.100446770193287
7,Ammonia,130.0,121.8789024732815,8.1210975267185
7,Toluene,75.0,69.7723974993048,5.227602500695198
7,Toluene,90.0,79.9127081446048,10.087291855395193
7,Ammonia,170.0,179.9838396817188,9.983839681718791
7,Ammonia,230.0,212.78857521238263,17.211424787617375
7,Toluene,80.0,73.08899742494684,6.9110025750531605
7,Toluene,55.0,51.515682319635104,3.484317680364896
7,Ammonia,270.0,241.2740244247736,28.725975575226414
7,Ammonia,180.0,177.70394380409365,2.2960561959063455
7,Toluene,25.0,25.897053993888193,0.8970539938881927
7,Toluene,2.5,4.618093468120776,2.118093468120776
7,Ammonia,190.0,198.64030076715022,8.640300767150222
7,Ammonia,90.0,68.34871629318664,21.65128370681336
7,Ammonia,140.0,136.54029979006415,3.4597002099358463
7,Ammonia,90.0,54.187034046876576,35.812965953123424
7,Ammonia,100.0,82.9776464083701,17.022353591629894
7,Ammonia,120.0,205.35489881051294,85.35489881051294
7,Toluene,100.0,87.65651512249028,12.343484877509724
7,Ammonia,300.0,257.0064915544718,42.99350844552822
7,Ammonia,50.0,31.033906279390607,18.966093720609393
7,Toluene,50.0,8.699238943981015,41.300761056018985
7,Toluene,10.0,10.925357957086035,0.9253579570860353
7,Ammonia,110.0,97.13963253621975,12.86036746378025
7,Ammonia,220.0,213.0626834650887,6.937316534911304
7,Toluene,60.0,55.048610549161495,4.951389450838505
7,Toluene,20.0,18.73925988826575,1.2607401117342505
7,Ammonia,120.0,111.1146566041358,8.885343395864197
7,Ammonia,280.0,232.53135421124577,47.46864578875423
7,Toluene,70.0,63.00074830006547,6.999251699934533
7,Toluene,30.0,32.1926364216711,2.1926364216710965
7,Ammonia,80.0,56.56698966273942,23.433010337260583
7,Ammonia,290.0,235.90674160285914,54.09325839714086
7,Toluene,95.0,82.1767820552335,12.823217944766498
7,Toluene,85.0,68.07908150523062,16.92091849476938
7,Ammonia,150.0,151.82780295811048,1.8278029581104818
7,Ammonia,200.0,192.60859171818697,7.391408281813028
7,Toluene,45.0,42.981476481508,2.018523518492003
7,Toluene,65.0,55.83487683972976,9.165123160270241
7,Ammonia,250.0,231.5325188089061,18.467481191093896
7,Ammonia,60.0,40.595742375795396,19.404257624204604
7,Toluene,15.0,20.576620757838583,5.576620757838583
7,Toluene,50.0,40.330292645209454,9.669707354790546
7,Ammonia,160.0,166.8618928787706,6.86189287877059
7,Ammonia,240.0,212.77821391596754,27.22178608403246
7,Toluene,40.0,39.43944580591365,0.5605541940863503
7,Toluene,35.0,30.97168248654991,4.028317513450091
7,Ammonia,260.0,236.07694022595092,23.92305977404908
7,Ammonia,130.0,111.00551217800489,18.994487821995108
7,Toluene,75.0,60.84060536105841,14.159394638941592
7,Toluene,90.0,73.57178447918551,16.42821552081449
7,Ammonia,170.0,177.7525335836929,7.752533583692895
7,Ammonia,230.0,208.5812023506246,21.418797649375392
7,Toluene,80.0,70.70926706904142,9.290732930958583
7,Toluene,55.0,42.51287350737077,12.48712649262923
7,Ammonia,270.0,238.31135564999647,31.68864435000353
7,Ammonia,180.0,179.42374780134,0.5762521986600007
7,Toluene,25.0,26.292154470424535,1.292154470424535
7,Toluene,2.5,4.6042446284249365,2.1042446284249365
7,Ammonia,190.0,201.24241906712274,11.24241906712274
7,Ammonia,90.0,70.09161462591415,19.908385374085853
7,Ammonia,140.0,130.3236304810812,9.67636951891879
7,Ammonia,70.0,51.65301438366191,18.346985616338088
7,Ammonia,100.0,80.17634131965983,19.823658680340174
7,Ammonia,210.0,201.3017850062472,8.6982149937528
7,Toluene,100.0,85.89172441855735,14.108275581442655
7,Ammonia,300.0,259.6030510382828,40.396948961717214
7,Ammonia,50.0,30.47393169110873,19.52606830889127
7,Toluene,5.0,9.245103166471893,4.245103166471893
7,Toluene,10.0,13.017514322225963,3.0175143222259635
7,Ammonia,110.0,89.46180845467907,20.538191545320927
7,Ammonia,220.0,206.00798134782474,13.992018652175261
7,Toluene,60.0,53.008390690694085,6.991609309305915
7,Toluene,20.0,23.07009622350479,3.070096223504791
7,Ammonia,120.0,107.58825278013887,12.411747219861127
7,Ammonia,280.0,230.06420630314716,49.93579369685284
7,Toluene,70.0,60.06848803742939,9.93151196257061
7,Toluene,30.0,27.939358883542937,2.060641116457063
7,Ammonia,80.0,53.25507081389213,26.744929186107868
7,Ammonia,290.0,234.9178003885026,55.0821996114974
7,Toluene,95.0,83.08438375674322,11.915616243256778
7,Toluene,85.0,73.38848329997933,11.611516700020672
7,Ammonia,150.0,150.2785369407276,0.27853694072760504
7,Ammonia,200.0,194.28442569013964,5.715574309860358
7,Toluene,45.0,42.103456972146645,2.8965430278533546
7,Toluene,65.0,54.109430455217904,10.890569544782096
7,Ammonia,250.0,230.92601379959422,19.073986200405784
7,Ammonia,60.0,38.81084768432517,21.189152315674832
7,Toluene,15.0,19.48163165890577,4.481631658905769
7,Toluene,50.0,38.92977565941142,11.070224340588581
7,Ammonia,160.0,170.64775921245473,10.64775921245473
7,Ammonia,240.0,214.54972330629064,25.450276693709355
7,Toluene,40.0,40.14110724022747,0.1411072402274698
7,Toluene,35.0,30.2535876517548,4.746412348245201
7,Ammonia,260.0,236.7286582664756,23.271341733524395
7,Ammonia,130.0,116.91196582068767,13.08803417931233
7,Toluene,75.0,63.30867760506921,11.691322394930793
7,Toluene,90.0,75.27580266449257,14.724197335507426
7,Ammonia,170.0,180.12562144469715,10.125621444697146
7,Ammonia,230.0,209.8065166721183,20.193483327881694
7,Toluene,80.0,67.16440497673759,12.835595023262414
7,Toluene,55.0,43.08824471268353,11.911755287316467
7,Ammonia,270.0,237.9142576062115,32.08574239378851
7,Ammonia,180.0,178.45078384991731,1.5492161500826853
7,Toluene,25.0,28.537457926940093,3.5374579269400925
7,Toluene,2.5,5.236544442418989,2.736544442418989
7,Ammonia,190.0,202.83378815903305,12.833788159033048
7,Ammonia,90.0,67.79006775739181,22.20993224260819
7,Ammonia,140.0,129.55008550169018,10.449914498309823
7,Ammonia,70.0,49.04344248084432,20.95655751915568
7,Ammonia,100.0,78.0346489290776,21.965351070922395
7,Ammonia,210.0,197.82783421896752,12.172165781032476
7,Ethylene,100.0,55.57969121043428,44.42030878956572
7,Ethylene,100.0,59.49076139393749,40.50923860606251
7,Acetaldehyde,125.0,191.54801802617501,66.54801802617501
7,Acetaldehyde,100.0,146.52109852005103,46.52109852005103
7,Acetaldehyde,10.0,23.338195900203814,13.338195900203814
7,Acetaldehyde,125.0,153.6460452454907,28.64604524549071
7,Acetaldehyde,125.0,128.55846097819648,3.5584609781964787
7,Ethylene,100.0,67.3993653142695,32.6006346857305
7,Ethylene,100.0,59.71469647736838,40.28530352263162
7,Ethylene,100.0,58.343382611079036,41.656617388920964
7,Ethylene,10.0,7.704132202120661,2.295867797879339
7,Acetaldehyde,100.0,142.4931801207949,42.493180120794904
7,Acetaldehyde,10.0,18.325486154588404,8.325486154588404
7,Ethylene,100.0,72.15733604832555,27.842663951674453
7,Ethylene,10.0,8.494158126187017,1.505841873812983
7,Acetaldehyde,100.0,126.45193107750123,26.45193107750123
7,Acetaldehyde,10.0,19.767751067010153,9.767751067010153
7,Ethylene,100.0,67.99281936766363,32.00718063233637
7,Ethylene,10.0,7.441174846988957,2.5588251530110426
7,Acetaldehyde,100.0,145.84729486444954,45.84729486444954
7,Acetaldehyde,10.0,17.615640433208227,7.6156404332082275
7,Ethylene,100.0,67.77664738589085,32.223352614109146
7,Ethylene,10.0,6.9860961498169445,3.0139038501830555
7,Acetaldehyde,100.0,146.3713476905507,46.37134769055069
7,Acetaldehyde,60.0,18.29561889542903,41.70438110457097
7,Ethylene,100.0,70.97711072448676,29.022889275513236
7,Ethylene,10.0,8.361621454199422,1.6383785458005775
7,Acetaldehyde,100.0,134.11374590090742,34.11374590090742
7,Acetaldehyde,10.0,17.14596501335177,7.14596501335177
7,Ethylene,100.0,65.46333194944253,34.536668050557466
7,Ethylene,10.0,6.248478030491867,3.7515219695081328
7,Acetaldehyde,100.0,116.49212935821824,16.492129358218236
7,Acetaldehyde,10.0,18.33283480345247,8.33283480345247
7,Ethylene,100.0,66.59827524083421,33.40172475916579
7,Ethylene,10.0,6.8724322459372615,3.1275677540627385
7,Acetaldehyde,100.0,116.44230985503337,16.442309855033372
7,Acetaldehyde,10.0,15.717316001606846,5.7173160016068465
7,Ethylene,100.0,69.19813712422389,30.80186287577611
7,Ethylene,10.0,8.593184803697824,1.4068151963021762
7,Acetaldehyde,100.0,111.97571140194384,11.97571140194384
7,Acetaldehyde,10.0,16.729670609974434,6.729670609974434
7,Ethylene,100.0,68.61565281133495,31.384347188665046
7,Ethylene,10.0,6.740068750287918,3.259931249712082
7,Acetaldehyde,100.0,110.97126352758713,10.971263527587126
7,Acetaldehyde,20.0,18.50319442829732,1.49680557170268
7,Ethylene,100.0,66.48996959694898,33.51003040305102
7,Ethylene,10.0,6.306235759076628,3.6937642409233717
7,Acetaldehyde,100.0,107.14451181434274,7.144511814342735
7,Acetaldehyde,10.0,17.45250967627493,7.4525096762749286
7,Ethylene,100.0,62.76796756686579,37.23203243313421
7,Ethylene,10.0,8.083954939786452,1.9160450602135484
7,Acetaldehyde,100.0,106.21352840623761,6.213528406237614
7,Acetaldehyde,10.0,17.781564939982374,7.781564939982374
7,Ethylene,100.0,65.208392847949,34.791607152051
7,Ethylene,10.0,5.820090498843143,4.179909501156857
7,Acetaldehyde,100.0,109.90176323844737,9.901763238447373
7,Acetaldehyde,10.0,18.716286290412185,8.716286290412185
7,Ethylene,100.0,66.26063736779965,33.739362632200354
7,Ethylene,10.0,7.027058353309087,2.972941646690913
7,Acetaldehyde,100.0,126.76541654229193,26.76541654229193
7,Acetaldehyde,10.0,16.53071759481216,6.53071759481216
7,Ethylene,100.0,66.82750716893094,33.172492831069064
7,Ethylene,10.0,6.97266957693671,3.0273304230632903
7,Acetaldehyde,100.0,136.4690157906997,36.4690157906997
7,Acetaldehyde,10.0,17.493244732248243,7.493244732248243
7,Ethylene,100.0,67.58322080460985,32.41677919539015
7,Ethylene,10.0,7.80799376216865,2.1920062378313503
7,Acetaldehyde,100.0,139.48989751935073,39.489897519350734
7,Acetaldehyde,10.0,17.108853366217218,7.108853366217218
7,Ethylene,100.0,72.95432888932415,27.045671110675855
7,Ethylene,10.0,6.7806718479995425,3.2193281520004575
7,Acetaldehyde,100.0,141.1416639766263,41.14166397662629
7,Acetaldehyde,10.0,17.97965726887189,7.97965726887189
7,Ethylene,100.0,66.84413397240013,33.15586602759987
7,Ethylene,10.0,6.428913358211673,3.5710866417883267
7,Acetaldehyde,100.0,138.66339873615826,38.66339873615826
7,Acetaldehyde,10.0,17.633175613285417,7.633175613285417
7,Ethylene,100.0,69.0440884667028,30.955911533297197
7,Ethylene,10.0,7.001256932713062,2.998743067286938
7,Acetaldehyde,100.0,133.8521954877009,33.8521954877009
7,Acetaldehyde,10.0,18.341175505846707,8.341175505846707
7,Ethylene,100.0,69.06462421748675,30.935375782513248
7,Ethylene,35.0,7.620416959136065,27.379583040863935
7,Acetaldehyde,100.0,129.01637046361267,29.016370463612674
7,Acetaldehyde,10.0,16.39268881582565,6.39268881582565
7,Ethylene,100.0,67.83943525976034,32.160564740239664
7,Ethylene,10.0,5.777385671549837,4.222614328450163
7,Acetaldehyde,100.0,126.3871688716278,26.387168871627793
7,Acetaldehyde,10.0,17.808944152064697,7.808944152064697
7,Ethylene,100.0,69.24731872502684,30.752681274973156
7,Ethylene,10.0,7.509842347481708,2.490157652518292
7,Acetaldehyde,100.0,122.58974637689485,22.58974637689485
7,Acetaldehyde,10.0,16.378470810835893,6.378470810835893
7,Ethylene,100.0,68.64418690461953,31.35581309538047
7,Ethylene,10.0,6.131599726920911,3.8684002730790894
7,Acetaldehyde,100.0,118.26791740246865,18.267917402468655
7,Acetaldehyde,10.0,16.201805963500377,6.201805963500377
7,Ethylene,100.0,67.09024217069198,32.90975782930802
7,Ethylene,10.0,6.1304151733463925,3.8695848266536075
7,Acetaldehyde,100.0,117.2102450278827,17.210245027882706
7,Acetaldehyde,10.0,18.724765471417555,8.724765471417555
7,Ethylene,100.0,65.26075240805697,34.73924759194303
7,Ethylene,10.0,6.1616580848539115,3.8383419151460885
7,Acetaldehyde,100.0,119.42241423915385,19.422414239153852
7,Acetaldehyde,200.0,16.011478003038732,183.98852199696125
7,Ethylene,100.0,67.20408191732076,32.795918082679236
7,Ethylene,10.0,5.570220701195069,4.429779298804931
7,Acetaldehyde,100.0,113.53047629719367,13.530476297193673
7,Acetaldehyde,10.0,18.592399890326803,8.592399890326803
7,Ethylene,100.0,65.81850036226736,34.18149963773264
7,Ethylene,10.0,5.176682805682333,4.823317194317667
7,Acetaldehyde,100.0,112.81882659368301,12.818826593683013
7,Acetaldehyde,10.0,15.452801666318749,5.452801666318749
7,Ethylene,100.0,65.50033279384017,34.49966720615983
7,Ethylene,10.0,8.39943278883112,1.6005672111688796
7,Acetaldehyde,100.0,110.48202719562478,10.48202719562478
7,Acetaldehyde,10.0,17.797434041959306,7.797434041959306
7,Ethylene,100.0,67.62404385845339,32.37595614154661
7,Ethylene,10.0,7.388725513964829,2.611274486035171
7,Acetaldehyde,100.0,111.8938670638035,11.893867063803498
7,Acetaldehyde,10.0,17.205815819246823,7.205815819246823
7,Ethylene,100.0,66.22721442213624,33.77278557786376
7,Ethylene,10.0,7.652263097266314,2.3477369027336863
7,Acetaldehyde,100.0,108.62266008756295,8.622660087562949
7,Acetaldehyde,10.0,18.164569855561297,8.164569855561297
7,Ethylene,100.0,64.35118558239967,35.648814417600335
7,Ethylene,10.0,6.834517986127764,3.1654820138722357
7,Acetaldehyde,100.0,110.01346508408781,10.013465084087812
7,Acetaldehyde,10.0,17.692036614594983,7.692036614594983
7,Ethylene,100.0,64.81866406742726,35.181335932572736
7,Ethylene,10.0,5.82060329558476,4.17939670441524
7,Acetaldehyde,100.0,106.76588437989203,6.765884379892029
7,Acetaldehyde,10.0,16.08744661748692,6.087446617486918
7,Ethylene,100.0,65.12768860832321,34.87231139167679
7,Ethylene,10.0,8.96286503512141,1.0371349648785895
7,Acetaldehyde,100.0,109.49905315735953,9.499053157359526
7,Acetaldehyde,10.0,17.57301772869866,7.573017728698659
7,Ethylene,100.0,65.06406596510836,34.935934034891645
7,Ethylene,10.0,5.832897127575848,4.167102872424152
7,Acetaldehyde,100.0,108.65227062413953,8.652270624139533
7,Acetaldehyde,10.0,17.525439747573955,7.525439747573955
7,Ethylene,100.0,66.75781333367257,33.24218666632743
7,Ethylene,10.0,5.191390923529099,4.808609076470901
7,Acetaldehyde,100.0,106.89203533301549,6.892035333015485
7,Acetaldehyde,10.0,17.095296159260116,7.095296159260116
7,Ethylene,100.0,65.94773697513368,34.05226302486632
7,Ethylene,10.0,4.51368064424193,5.48631935575807
7,Acetaldehyde,100.0,107.53206490262406,7.532064902624057
7,Acetaldehyde,10.0,17.055790369530243,7.055790369530243
7,Ethylene,100.0,65.51503985729646,34.48496014270354
7,Ethylene,10.0,8.853965928693356,1.1460340713066444
7,Acetaldehyde,100.0,106.19793075524075,6.197930755240748
7,Acetaldehyde,10.0,16.284404805938763,6.284404805938763
7,Ethylene,100.0,64.76980174932088,35.23019825067912
7,Ethylene,10.0,7.851697885421402,2.1483021145785983
7,Acetaldehyde,100.0,108.13286357313018,8.13286357313018
7,Acetaldehyde,10.0,17.459842255511333,7.459842255511333
7,Ethylene,100.0,65.8685546451819,34.1314453548181
7,Ethylene,10.0,4.239763376517686,5.760236623482314
7,Acetaldehyde,100.0,106.78260128998794,6.782601289987937
7,Acetaldehyde,10.0,17.611731173816196,7.611731173816196
7,Ethylene,100.0,64.82283165248163,35.177168347518375
7,Ethylene,10.0,5.6346714044806845,4.3653285955193155
7,Acetaldehyde,100.0,103.83437941007054,3.8343794100705395
7,Acetaldehyde,120.0,17.208753754158522,102.79124624584148
7,Ethylene,100.0,63.83263846960084,36.16736153039916
7,Ethylene,10.0,5.515840554653806,4.484159445346194
7,Acetaldehyde,100.0,104.06624938159376,4.066249381593764
7,Acetaldehyde,10.0,17.157442598648274,7.157442598648274
7,Ethylene,100.0,65.83924382943773,34.160756170562266
7,Ethylene,10.0,6.737955994640515,3.262044005359485
7,Acetaldehyde,100.0,102.37367070682681,2.3736707068268146
7,Acetaldehyde,10.0,17.3516941557496,7.351694155749598
7,Ethylene,100.0,65.3392300144267,34.660769985573296
7,Ethylene,10.0,5.198241411901677,4.801758588098323
7,Acetaldehyde,100.0,102.74290909009142,2.742909090091416
7,Acetaldehyde,10.0,17.667396907765138,7.667396907765138
7,Ethylene,100.0,65.67777529817548,34.322224701824524
7,Ethylene,10.0,6.0726888830984365,3.9273111169015635
7,Acetaldehyde,100.0,98.71312553593741,1.286874464062592
7,Acetaldehyde,10.0,16.09609386637615,6.096093866376151
7,Ethylene,100.0,62.5248743645941,37.4751256354059
7,Ethylene,10.0,6.904217842848652,3.0957821571513477
7,Acetaldehyde,100.0,101.41884254617979,1.418842546179789
7,Acetaldehyde,10.0,16.86670967717734,6.86670967717734
7,Ethylene,100.0,64.8956175142363,35.10438248576369
7,Ethylene,10.0,5.499886208362341,4.500113791637659
7,Acetaldehyde,100.0,97.23747054069032,2.7625294593096754
7,Acetaldehyde,10.0,17.115576412949835,7.115576412949835
7,Ethylene,100.0,60.775700694803376,39.224299305196624
7,Ethylene,10.0,7.415576599727558,2.584423400272442
7,Acetaldehyde,100.0,97.50802090848066,2.4919790915193403
7,Acetaldehyde,200.0,16.870890147542426,183.1291098524576
7,Ethylene,100.0,62.281725651250625,37.718274348749375
7,Ethylene,10.0,6.7605188771431415,3.2394811228568585
7,Acetaldehyde,100.0,97.13610326889926,2.8638967311007377
7,Acetaldehyde,10.0,17.189665904221684,7.189665904221684
7,Ethylene,100.0,64.83207436038103,35.16792563961897
7,Ethylene,10.0,4.70310081717389,5.29689918282611
7,Acetaldehyde,100.0,97.81679847661736,2.1832015233826354
7,Acetaldehyde,10.0,16.995061480628465,6.995061480628465
7,Ethylene,100.0,61.81978127173525,38.18021872826475
7,Ethylene,50.0,5.758742857673553,44.24125714232645
7,Acetaldehyde,100.0,94.25614156735296,5.743858432647045
7,Acetaldehyde,100.0,16.475061248461145,83.52493875153885
7,Ethylene,100.0,65.21001824481603,34.78998175518397
7,Ethylene,10.0,6.855855168200975,3.144144831799025
7,Acetaldehyde,100.0,94.11555258913735,5.8844474108626486
7,Acetaldehyde,180.0,16.275830921257707,163.7241690787423
7,Ethylene,100.0,67.69745550994782,32.302544490052185
7,Ethylene,10.0,4.7139160983340105,5.2860839016659895
7,Acetaldehyde,100.0,90.99072972045613,9.00927027954387
7,Acetaldehyde,10.0,16.159901635755247,6.159901635755247
7,Ethylene,200.0,134.45733066400723,65.54266933599277
7,Ethylene,20.0,10.568568287485817,9.431431712514183
7,Acetaldehyde,250.0,204.83204515345386,45.16795484654614
7,Acetaldehyde,110.0,89.0817753286012,20.918224671398804
7,Ethylene,150.0,90.87314946765461,59.12685053234539
7,Ethylene,50.0,30.857862729393077,19.142137270606923
7,Acetaldehyde,30.0,37.15576562164878,7.155765621648783
7,Acetaldehyde,80.0,76.21512800337143,3.784871996628567
7,Ethylene,180.0,114.99149932512623,65.00850067487377
7,Ethylene,80.0,51.242481825701006,28.757518174298994
7,Acetaldehyde,20.0,26.661216773695102,6.661216773695102
7,Acetaldehyde,70.0,76.83540560063635,6.835405600636349
7,Ethylene,250.0,173.86873176277516,76.13126823722484
7,Ethylene,210.0,143.0268566940233,66.97314330597669
7,Acetaldehyde,150.0,116.83271571878578,33.16728428121422
7,Acetaldehyde,50.0,61.25613392882619,11.256133928826188
7,Ethylene,230.0,162.10808713487708,67.89191286512292
7,Ethylene,120.0,79.51231187055566,40.48768812944434
7,Acetaldehyde,120.0,102.25254769870034,17.74745230129966
7,Acetaldehyde,190.0,145.94801415743456,44.05198584256544
7,Ethylene,90.0,60.21291966094287,29.787080339057127
7,Ethylene,170.0,110.2837581674248,59.71624183257519
7,Acetaldehyde,40.0,48.42075777618007,8.420757776180068
7,Acetaldehyde,230.0,165.80494746080396,64.19505253919604
7,Ethylene,240.0,169.20907711431886,70.79092288568114
7,Ethylene,60.0,38.99753234242161,21.002467657578393
7,Acetaldehyde,130.0,95.9375200361773,34.062479963822696
7,Acetaldehyde,90.0,73.7913001863209,16.208699813679104
7,Ethylene,190.0,128.97819365604522,61.02180634395478
7,Ethylene,30.0,18.33129593217592,11.66870406782408
7,Acetaldehyde,160.0,110.08450617385841,49.915493826141585
7,Acetaldehyde,240.0,169.44750043937466,70.55249956062534
7,Ethylene,220.0,154.91478937696246,65.08521062303754
7,Ethylene,70.0,70.941022743406,0.9410227434059948
7,Acetaldehyde,220.0,155.87165455303796,64.12834544696204
7,Acetaldehyde,60.0,64.83747432376124,4.837474323761242
7,Ethylene,130.0,85.3620523801113,44.637947619888706
7,Ethylene,40.0,24.40982605877649,15.590173941223512
7,Acetaldehyde,200.0,139.1272758612636,60.8727241387364
7,Acetaldehyde,70.0,85.87089330276874,15.870893302768735
7,Ethylene,110.0,71.58961889810126,38.410381101898736
7,Ethylene,70.0,39.8895392268101,30.1104607731899
7,Acetaldehyde,210.0,144.73892407917154,65.26107592082846
7,Acetaldehyde,170.0,103.86267281150731,66.13732718849269
7,Ethylene,140.0,89.68183647488871,50.31816352511129
7,Ethylene,160.0,102.70581723447498,57.29418276552502
7,Acetaldehyde,180.0,112.59706116534262,67.40293883465738
7,Ethylene,100.0,60.62121648349721,39.37878351650279
7,Ethylene,10.0,7.515476544464292,2.484523455535708
7,Acetaldehyde,100.0,65.19802335991525,34.801976640084746
7,Ethylene,200.0,135.3098285428317,64.6901714571683
7,Ethylene,20.0,12.908516520970778,7.091483479029222
7,Acetaldehyde,250.0,173.7965429633178,76.20345703668221
7,Acetaldehyde,110.0,76.47518713944268,33.52481286055732
7,Ethylene,150.0,94.49955790829307,55.50044209170693
7,Ethylene,50.0,31.367242736452724,18.632757263547276
7,Acetaldehyde,30.0,35.13641639059567,5.13641639059567
7,Acetaldehyde,80.0,74.86289267976576,5.137107320234236
7,Ethylene,180.0,117.6967763355888,62.303223664411206
7,Ethylene,50.0,48.825188026680806,1.1748119733191942
7,Acetaldehyde,20.0,24.775812080208098,4.775812080208098
7,Acetaldehyde,70.0,73.81116650691385,3.8111665069138496
7,Ethylene,250.0,175.15129717402414,74.84870282597586
7,Ethylene,210.0,140.89990275883835,69.10009724116165
7,Acetaldehyde,150.0,98.27761034745699,51.722389652543015
7,Acetaldehyde,50.0,56.51654991573416,6.51654991573416
7,Ethylene,230.0,169.22463849089124,60.77536150910876
7,Ethylene,120.0,79.63414284965228,40.36585715034772
7,Acetaldehyde,120.0,81.75489375213468,38.24510624786532
7,Acetaldehyde,190.0,115.89196298658992,74.10803701341008
7,Ethylene,90.0,61.757716371760495,28.242283628239505
7,Ethylene,170.0,115.29525811517183,54.70474188482817
7,Acetaldehyde,5.0,43.73698930085159,38.73698930085159
7,Acetaldehyde,230.0,155.5613506474804,74.4386493525196
7,Ethylene,240.0,173.41728331804208,66.58271668195792
7,Ethylene,100.0,37.993203663161324,62.006796336838676
7,Acetaldehyde,130.0,90.93457253699698,39.06542746300302
7,Acetaldehyde,90.0,74.1205686632819,15.879431336718099
7,Ethylene,190.0,132.52608544870012,57.473914551299885
7,Ethylene,30.0,21.21272836316936,8.787271636830638
7,Acetaldehyde,160.0,107.67867408814453,52.32132591185547
7,Acetaldehyde,240.0,163.47435388966616,76.52564611033384
7,Ethylene,220.0,159.21570974090127,60.784290259098725
7,Ethylene,110.0,72.41862458855454,37.581375411445464
7,Acetaldehyde,220.0,150.65325533394432,69.34674466605568
7,Acetaldehyde,60.0,62.74562307589467,2.7456230758946703
7,Ethylene,130.0,85.59429583297573,44.40570416702427
7,Ethylene,65.0,27.503917251365763,37.49608274863424
7,Acetaldehyde,200.0,131.10238825778154,68.89761174221846
7,Acetaldehyde,140.0,89.35211115297693,50.64788884702307
7,Ethylene,110.0,71.99075936293019,38.00924063706981
7,Ethylene,90.0,42.89808463727725,47.10191536272275
7,Acetaldehyde,210.0,139.76133098709175,70.23866901290825
7,Acetaldehyde,170.0,102.04527853367199,67.95472146632801
7,Ethylene,140.0,89.85596617175491,50.144033828245085
7,Ethylene,160.0,104.70704947854276,55.29295052145724
7,Acetaldehyde,180.0,108.78033770256287,71.21966229743713
7,Ethylene,100.0,69.05607186693402,30.94392813306598
7,Ethylene,10.0,7.102948158553943,2.897051841446057
7,Acetaldehyde,100.0,65.0264869599341,34.973513040065896
7,Ethylene,200.0,136.69257689612138,63.30742310387862
7,Ethylene,20.0,13.548601642078992,6.451398357921008
7,Acetaldehyde,250.0,173.82099479514665,76.17900520485335
7,Acetaldehyde,110.0,74.76217956953816,35.23782043046184
7,Ethylene,150.0,98.65016468085213,51.34983531914787
7,Ethylene,50.0,31.10957420565346,18.89042579434654
7,Acetaldehyde,40.0,35.828931300729366,4.171068699270634
7,Acetaldehyde,100.0,70.32004246274782,29.67995753725218
7,Ethylene,180.0,117.62619656844203,62.373803431557974
7,Ethylene,80.0,50.36226964089805,29.63773035910195
7,Acetaldehyde,20.0,25.717168779435994,5.717168779435994
7,Acetaldehyde,70.0,71.75029771648512,1.7502977164851217
7,Ethylene,250.0,175.13364421832767,74.86635578167233
7,Ethylene,210.0,144.5269156430124,65.47308435698761
7,Acetaldehyde,150.0,97.76477840507482,52.23522159492518
7,Acetaldehyde,50.0,55.918923628574234,5.918923628574234
7,Ethylene,230.0,166.81643578915606,63.18356421084394
7,Ethylene,120.0,79.9505403300972,40.0494596699028
7,Acetaldehyde,120.0,81.29982674349765,38.70017325650235
7,Acetaldehyde,190.0,112.53197261072395,77.46802738927605
7,Ethylene,90.0,60.93295456131547,29.06704543868453
7,Ethylene,170.0,109.8602303026445,60.139769697355504
7,Acetaldehyde,40.0,42.84739501601524,2.8473950160152413
7,Acetaldehyde,230.0,148.95020268383624,81.04979731616376
7,Ethylene,70.0,173.8265439762468,103.8265439762468
7,Ethylene,60.0,40.175242678287916,19.824757321712084
7,Acetaldehyde,130.0,86.83989986210923,43.160100137890765
7,Acetaldehyde,90.0,73.68208925722952,16.31791074277048
7,Ethylene,190.0,122.80721116317335,67.19278883682665
7,Ethylene,30.0,21.411774979493458,8.588225020506542
7,Acetaldehyde,160.0,106.21688595954734,53.78311404045266
7,Acetaldehyde,10.0,159.3036761515495,149.3036761515495
7,Acetaldehyde,220.0,144.73715019742383,75.26284980257617
7,Acetaldehyde,60.0,62.49433683359628,2.494336833596279
7,Ethylene,130.0,88.62657970739424,41.37342029260576
7,Ethylene,40.0,28.333279793876002,11.666720206123998
7,Acetaldehyde,200.0,130.20495671761216,69.79504328238784
7,Acetaldehyde,280.0,86.46354276391679,193.5364572360832
7,Ethylene,70.0,44.033820897117124,25.966179102882876
7,Acetaldehyde,210.0,139.62869551443504,70.37130448556496
7,Acetaldehyde,170.0,101.59011786576076,68.40988213423924
7,Ethylene,140.0,91.59583831490893,48.40416168509107
7,Ethylene,160.0,105.00277940884993,54.99722059115007
7,Acetaldehyde,300.0,106.87707369676765,193.12292630323236
7,Acetaldehyde,100.0,61.57277397135198,38.42722602864802
7,Ethylene,200.0,141.16987620361584,58.83012379638416
7,Ethylene,20.0,12.593825376893633,7.4061746231063665
7,Acetaldehyde,250.0,170.0164462236964,79.98355377630361
7,Acetaldehyde,110.0,76.48970102424667,33.51029897575333
7,Ethylene,100.0,96.78010926803698,3.2198907319630194
7,Ethylene,50.0,31.2109691819568,18.7890308180432
7,Acetaldehyde,10.0,35.984833715733146,25.984833715733146
7,Acetaldehyde,80.0,70.17659232740188,9.823407672598123
7,Acetaldehyde,90.0,24.038270345442413,65.96172965455759
7,Acetaldehyde,90.0,71.05537678827697,18.944623211723027
7,Ethylene,250.0,178.12343373003134,71.87656626996866
7,Ethylene,210.0,165.94955978991027,44.05044021008973
7,Acetaldehyde,50.0,58.41747220264634,8.417472202646337
7,Ethylene,230.0,166.27484937405876,63.72515062594124
7,Acetaldehyde,120.0,80.4818028504921,39.5181971495079
7,Acetaldehyde,190.0,110.52184114842612,79.47815885157388
7,Acetaldehyde,40.0,45.10807119379447,5.108071193794473
7,Acetaldehyde,230.0,151.14693103671337,78.85306896328663
7,Ethylene,240.0,172.32212036356518,67.67787963643482
7,Acetaldehyde,130.0,86.4805979814441,43.519402018555894
7,Acetaldehyde,90.0,73.48625306743612,16.513746932563876
7,Acetaldehyde,160.0,106.71077193892867,53.28922806107133
7,Acetaldehyde,240.0,157.87256653740613,82.12743346259387
7,Ethylene,110.0,73.51543623972297,36.48456376027703
7,Acetaldehyde,220.0,143.97136442316196,76.02863557683804
7,Acetaldehyde,60.0,65.52390938164193,5.5239093816419285
7,Ethylene,130.0,87.26947340538862,42.730526594611376
7,Ethylene,40.0,24.200743900591405,15.799256099408595
7,Acetaldehyde,200.0,124.73199957464718,75.26800042535282
7,Acetaldehyde,10.0,82.59103332254136,72.59103332254136
7,Ethylene,110.0,72.05711594790138,37.94288405209862
7,Ethylene,70.0,39.985235585951415,30.014764414048585
7,Acetaldehyde,210.0,134.29556234793375,75.70443765206625
7,Acetaldehyde,170.0,97.17309030667965,72.82690969332035
7,Ethylene,140.0,81.79138239848118,58.208617601518824
7,Ethylene,160.0,106.63740280226206,53.36259719773794
7,Acetaldehyde,180.0,105.62702594502971,74.37297405497029
7,Ethylene,100.0,64.4856193630432,35.5143806369568
7,Ethylene,10.0,5.6710409227498815,4.3289590772501185
7,Acetaldehyde,100.0,68.76256459828659,31.237435401713412
7,Ethylene,200.0,142.41514398950457,57.58485601049543
7,Ethylene,20.0,13.803601264677582,6.196398735322418
7,Acetaldehyde,250.0,171.18235601460174,78.81764398539826
7,Acetaldehyde,110.0,74.79541555797009,35.20458444202991
7,Ethylene,150.0,101.47798139070223,48.522018609297774
7,Ethylene,50.0,31.947690618358322,18.052309381641678
7,Acetaldehyde,30.0,34.094955691212334,4.094955691212334
7,Acetaldehyde,80.0,72.77280557028082,7.227194429719177
7,Ethylene,180.0,119.1964924342742,60.803507565725795
7,Ethylene,110.0,50.46462663791169,59.53537336208831
7,Acetaldehyde,70.0,71.6940110220154,1.6940110220154025
7,Ethylene,250.0,179.53988561628182,70.46011438371818
7,Ethylene,210.0,149.0839383173453,60.916061682654714
7,Acetaldehyde,150.0,96.16744661822358,53.83255338177642
7,Acetaldehyde,50.0,60.201514071259325,10.201514071259325
7,Ethylene,230.0,168.59132441339983,61.40867558660017
7,Ethylene,120.0,81.031422527073,38.968577472926995
7,Acetaldehyde,120.0,79.7271194866967,40.272880513303306
7,Acetaldehyde,190.0,112.07213495307386,77.92786504692614
7,Ethylene,90.0,62.62020229222935,27.37979770777065
7,Ethylene,170.0,122.0078295500113,47.992170449988706
7,Acetaldehyde,40.0,45.63736276108348,5.63736276108348
7,Acetaldehyde,230.0,148.46775684328338,81.53224315671662
7,Ethylene,240.0,177.68157066222125,62.31842933777875
7,Ethylene,60.0,42.91834353025456,17.08165646974544
7,Acetaldehyde,130.0,90.70594135891466,39.29405864108534
7,Acetaldehyde,90.0,72.0685708824544,17.931429117545605
7,Ethylene,190.0,137.00197251999248,52.99802748000752
7,Ethylene,30.0,22.761132302087518,7.238867697912482
7,Acetaldehyde,160.0,105.53344351026271,54.466556489737286
7,Acetaldehyde,240.0,160.28253513800686,79.71746486199314
7,Ethylene,220.0,168.0914869274042,51.90851307259581
7,Ethylene,110.0,75.9950216473635,34.0049783526365
7,Acetaldehyde,220.0,149.35415241075756,70.64584758924244
7,Acetaldehyde,60.0,61.933866390876474,1.9338663908764744
7,Ethylene,130.0,90.18533456179553,39.81466543820447
7,Ethylene,20.0,27.477440344850578,7.477440344850578
7,Acetaldehyde,200.0,130.81677377058494,69.18322622941506
7,Acetaldehyde,140.0,85.0192393156803,54.980760684319705
7,Ethylene,110.0,72.70578401734893,37.29421598265107
7,Ethylene,70.0,45.65180894305455,24.348191056945453
7,Acetaldehyde,210.0,138.02730308998093,71.97269691001907
7,Acetaldehyde,170.0,101.18487711504322,68.81512288495678
7,Ethylene,140.0,92.75642951433434,47.24357048566566
7,Ethylene,160.0,110.79297931618993,49.20702068381007
7,Acetaldehyde,50.0,107.86785167912275,57.86785167912275
7,Ethylene,100.0,71.00001336766019,28.999986632339812
7,Ethylene,10.0,7.296756897184281,2.703243102815719
7,Acetaldehyde,100.0,65.41312605729168,34.58687394270832
7,Ethylene,200.0,145.28202288272593,54.717977117274074
7,Ethylene,20.0,15.59723075279139,4.40276924720861
7,Acetaldehyde,250.0,169.1918864554012,80.8081135445988
7,Acetaldehyde,110.0,72.82263165687034,37.17736834312966
7,Ethylene,150.0,100.38283111486119,49.61716888513881
7,Ethylene,50.0,33.013004500953045,16.986995499046955
7,Acetaldehyde,80.0,55.91834271500905,24.081657284990953
7,Ethylene,180.0,123.08501867865378,56.91498132134622
7,Ethylene,80.0,54.200162260237164,25.799837739762836
7,Acetaldehyde,70.0,72.0434033016908,2.0434033016908018
7,Ethylene,250.0,181.93500987918713,68.06499012081287
7,Ethylene,210.0,158.1100514394944,51.88994856050559
7,Acetaldehyde,150.0,96.224883784703,53.775116215297004
7,Acetaldehyde,50.0,62.349656218300765,12.349656218300765
7,Ethylene,230.0,170.3342035552908,59.6657964447092
7,Ethylene,120.0,83.53347017225653,36.46652982774347
7,Acetaldehyde,120.0,81.38819594210335,38.61180405789665
7,Acetaldehyde,190.0,109.02674481631107,80.97325518368893
7,Ethylene,90.0,65.07731725013898,24.922682749861025
7,Ethylene,170.0,122.01763318619477,47.98236681380523
7,Acetaldehyde,300.0,49.644602278470146,250.35539772152987
7,Acetaldehyde,230.0,146.59310863319087,83.40689136680913
7,Ethylene,240.0,178.10992918587652,61.890070814123476
7,Ethylene,60.0,41.27606449005857,18.723935509941427
7,Acetaldehyde,130.0,88.904857620206,41.095142379794
7,Acetaldehyde,90.0,71.18694055321453,18.813059446785473
7,Ethylene,190.0,143.07883396668063,46.921166033319366
7,Ethylene,30.0,23.784838008498497,6.215161991501503
7,Acetaldehyde,160.0,107.85770310261452,52.14229689738548
7,Acetaldehyde,240.0,160.12241872001923,79.87758127998077
7,Ethylene,220.0,164.97923229529684,55.02076770470316
7,Ethylene,30.0,76.57944947169706,46.57944947169706
7,Acetaldehyde,220.0,143.62526747341883,76.37473252658117
7,Acetaldehyde,60.0,65.72254177083306,5.722541770833061
7,Ethylene,130.0,88.79487894674884,41.20512105325116
7,Ethylene,40.0,28.43335802277548,11.56664197722452
7,Acetaldehyde,200.0,128.44191472500523,71.55808527499477
7,Acetaldehyde,140.0,85.52531998222113,54.474680017778866
7,Ethylene,110.0,77.25901716090132,32.74098283909868
7,Ethylene,70.0,42.13528558555063,27.864714414449367
7,Acetaldehyde,210.0,136.19391134562258,73.80608865437742
7,Acetaldehyde,170.0,97.95519640111974,72.04480359888026
7,Ethylene,140.0,99.00263989872435,40.997360101275646
7,Ethylene,160.0,112.48960932572574,47.51039067427426
7,Acetaldehyde,180.0,107.38062080440218,72.61937919559782
7,Ethylene,100.0,71.57890770645169,28.421092293548313
7,Ethylene,10.0,4.6140565586295565,5.3859434413704435
7,Acetaldehyde,100.0,66.49934205051079,33.50065794948921
7,Ethylene,200.0,155.45042503349,44.549574966509994
7,Ethylene,60.0,14.424525502913724,45.575474497086276
7,Acetaldehyde,250.0,166.97523795060022,83.02476204939978
7,Acetaldehyde,110.0,77.95431953302997,32.045680466970026
7,Ethylene,150.0,102.8469548365529,47.1530451634471
7,Ethylene,50.0,37.448814837441745,12.551185162558255
7,Acetaldehyde,30.0,37.7276832749599,7.727683274959901
7,Acetaldehyde,80.0,69.47674918592773,10.52325081407227
7,Ethylene,180.0,131.4126218698958,48.58737813010421
7,Ethylene,80.0,58.486280257074355,21.513719742925645
7,Acetaldehyde,70.0,71.33880365451749,1.3388036545174913
7,Ethylene,250.0,180.35798837499408,69.64201162500592
7,Ethylene,210.0,157.44807833902837,52.55192166097163
7,Acetaldehyde,130.0,94.02302102690315,35.97697897309685
7,Acetaldehyde,50.0,60.61646637588275,10.616466375882752
7,Acetaldehyde,120.0,80.22786192713343,39.77213807286657
7,Acetaldehyde,190.0,112.18044928067214,77.81955071932786
7,Ethylene,90.0,64.458311413025,25.541688586975
7,Ethylene,170.0,121.15292993824843,48.847070061751566
7,Acetaldehyde,40.0,45.82495739726667,5.824957397266672
7,Acetaldehyde,230.0,149.65062870124265,80.34937129875735
7,Ethylene,240.0,175.81070144817846,64.18929855182154
7,Ethylene,210.0,44.783590093188295,165.2164099068117
7,Acetaldehyde,130.0,86.61402505857183,43.385974941428174
7,Acetaldehyde,90.0,73.75172587172298,16.248274128277018
7,Ethylene,190.0,141.02866874161964,48.97133125838036
7,Ethylene,30.0,23.06928605547452,6.930713944525479
7,Acetaldehyde,160.0,105.91145886730419,54.08854113269581
7,Acetaldehyde,240.0,157.685319425012,82.31468057498799
7,Ethylene,220.0,166.8290466205586,53.170953379441414
7,Ethylene,110.0,74.52021346419568,35.47978653580432
7,Acetaldehyde,220.0,144.35838212662946,75.64161787337054
7,Acetaldehyde,60.0,65.44147476187966,5.441474761879661
7,Ethylene,130.0,86.77739148544953,43.22260851455047
7,Ethylene,40.0,29.530386202160358,10.469613797839642
7,Acetaldehyde,200.0,127.93794981172053,72.06205018827947
7,Acetaldehyde,140.0,81.06785616883872,58.932143831161284
7,Ethylene,70.0,46.96750996546892,23.03249003453108
7,Acetaldehyde,210.0,133.43819950009765,76.56180049990235
7,Acetaldehyde,170.0,100.52058646915734,69.47941353084266
7,Ethylene,140.0,100.2875776725154,39.7124223274846
7,Ethylene,160.0,117.93698135115193,42.06301864884807
7,Acetaldehyde,180.0,107.67155879073485,72.32844120926515
7,Ethylene,100.0,74.03448427908488,25.96551572091512
7,Ethylene,10.0,9.309213055464085,0.6907869445359154
7,Acetaldehyde,100.0,65.50066895906272,34.49933104093728
7,Ethylene,200.0,153.72398073190178,46.276019268098224
7,Ethylene,20.0,15.469461225805219,4.530538774194781
7,Acetaldehyde,250.0,166.18595546941023,83.81404453058977
7,Acetaldehyde,110.0,75.10587354756458,34.894126452435415
7,Ethylene,150.0,105.35885492226299,44.64114507773701
7,Ethylene,50.0,35.07362939826605,14.92637060173395
7,Acetaldehyde,280.0,37.03770288394233,242.96229711605767
7,Acetaldehyde,80.0,74.88146165604348,5.118538343956516
7,Ethylene,180.0,128.45811972803625,51.54188027196375
7,Ethylene,80.0,57.01453941238648,22.985460587613517
7,Acetaldehyde,70.0,73.62410676050112,3.624106760501121
7,Ethylene,250.0,182.54725348903992,67.45274651096008
7,Ethylene,210.0,159.20233824632354,50.797661753676465
7,Acetaldehyde,150.0,94.7297834915786,55.2702165084214
7,Acetaldehyde,50.0,63.24041542346011,13.240415423460107
7,Ethylene,230.0,171.28408732126763,58.715912678732366
7,Ethylene,120.0,86.42316953277232,33.57683046722768
7,Acetaldehyde,120.0,79.89036354161698,40.10963645838302
7,Acetaldehyde,190.0,109.97789083128944,80.02210916871056
7,Ethylene,90.0,64.63779158949052,25.36220841050948
7,Ethylene,170.0,122.8717925773193,47.1282074226807
7,Acetaldehyde,40.0,49.23917505887164,9.239175058871638
7,Acetaldehyde,230.0,145.97306642968783,84.02693357031217
7,Ethylene,240.0,177.46871495583787,62.53128504416213
7,Ethylene,60.0,43.38493979645301,16.61506020354699
7,Acetaldehyde,130.0,89.77793158194976,40.22206841805024
7,Acetaldehyde,90.0,72.22948810707237,17.77051189292763
7,Ethylene,190.0,138.2354279576801,51.76457204231991
7,Ethylene,30.0,23.167436387764553,6.832563612235447
7,Acetaldehyde,160.0,105.0689546429397,54.9310453570603
7,Acetaldehyde,240.0,156.44242739189417,83.55757260810583
7,Ethylene,220.0,168.60009127313054,51.399908726869455
7,Ethylene,110.0,75.22375944930553,34.77624055069447
7,Acetaldehyde,220.0,142.78462896956117,77.21537103043883
7,Acetaldehyde,60.0,64.50879083649639,4.508790836496388
7,Ethylene,130.0,91.22657071335985,38.77342928664015
7,Ethylene,20.0,28.265160025700098,8.265160025700098
7,Acetaldehyde,200.0,124.98682645306054,75.01317354693946
7,Acetaldehyde,140.0,84.39986195614875,55.600138043851246
7,Ethylene,110.0,79.20224228874662,30.797757711253382
7,Ethylene,70.0,46.58389621295534,23.416103787044662
7,Acetaldehyde,200.0,136.2556458743961,63.744354125603905
7,Acetaldehyde,170.0,98.39987431952578,71.60012568047422
7,Ethylene,140.0,97.85773087065053,42.14226912934947
7,Ethylene,160.0,113.2732325986799,46.7267674013201
7,Acetaldehyde,180.0,104.35641593478485,75.64358406521515
7,Ethylene,100.0,70.0983541052627,29.9016458947373
7,Ethylene,10.0,5.893438685732519,4.106561314267481
7,Acetaldehyde,100.0,63.76864782706859,36.23135217293141
7,Ethylene,200.0,151.65740037213936,48.342599627860636
7,Ethylene,20.0,17.287925815417154,2.712074184582846
7,Acetaldehyde,250.0,163.045574804937,86.95442519506301
7,Acetaldehyde,110.0,77.86710566410298,32.13289433589702
7,Ethylene,150.0,102.6893392181704,47.3106607818296
7,Ethylene,50.0,36.38093041012618,13.619069589873817
7,Acetaldehyde,2.5,37.57288437747448,35.07288437747448
7,Acetaldehyde,80.0,73.58652220745769,6.413477792542309
7,Ethylene,100.0,119.89453770900417,19.89453770900417
7,Ethylene,80.0,56.593568962944914,23.406431037055086
7,Acetaldehyde,70.0,69.70125443075595,0.2987455692440477
7,Ethylene,250.0,176.8663883627774,73.1336116372226
7,Ethylene,210.0,152.5418401462795,57.4581598537205
7,Acetaldehyde,290.0,93.18901589208866,196.81098410791134
7,Acetaldehyde,40.0,61.2925238610175,21.2925238610175
7,Ethylene,230.0,167.60306884040563,62.396931159594374
7,Ethylene,120.0,83.22898368760778,36.77101631239222
7,Acetaldehyde,120.0,78.53208063979531,41.46791936020469
7,Acetaldehyde,190.0,113.00212974660558,76.99787025339442
7,Ethylene,90.0,64.18572299530389,25.81427700469611
7,Ethylene,170.0,116.09902387833885,53.900976121661145
7,Acetaldehyde,40.0,47.51783775129206,7.517837751292063
7,Acetaldehyde,230.0,147.1900352840694,82.80996471593059
7,Ethylene,240.0,173.0384510159119,66.9615489840881
7,Ethylene,60.0,41.45402442265481,18.54597557734519
7,Acetaldehyde,130.0,86.02484763524095,43.975152364759055
7,Acetaldehyde,90.0,74.53165946209074,15.468340537909256
7,Ethylene,190.0,135.27894480120003,54.721055198799974
7,Ethylene,30.0,22.819648616096572,7.180351383903428
7,Acetaldehyde,160.0,101.80032581728378,58.19967418271622
7,Acetaldehyde,240.0,154.9707486710861,85.02925132891389
7,Ethylene,220.0,164.33195209289372,55.668047907106285
7,Ethylene,110.0,75.9394881513551,34.06051184864489
7,Acetaldehyde,220.0,139.46408654903325,80.53591345096675
7,Acetaldehyde,60.0,63.474937889777436,3.4749378897774363
7,Ethylene,130.0,91.13288584457908,38.86711415542092
7,Ethylene,40.0,29.59296100770311,10.40703899229689
7,Acetaldehyde,200.0,124.64783764305388,75.35216235694612
7,Acetaldehyde,140.0,80.99325102729514,59.006748972704855
7,Ethylene,110.0,78.47182883039926,31.52817116960074
7,Ethylene,70.0,46.324192168843894,23.675807831156106
7,Acetaldehyde,210.0,131.98676911005896,78.01323088994104
7,Acetaldehyde,170.0,98.43886345480257,71.56113654519743
7,Ethylene,140.0,93.03473794966916,46.965262050330836
7,Ethylene,160.0,113.096980148407,46.903019851593
7,Acetaldehyde,180.0,103.29866102995916,76.70133897004084
7,Ethylene,100.0,71.7624026342117,28.237597365788304
7,Ethylene,10.0,6.4840618064068565,3.5159381935931435
7,Acetaldehyde,100.0,64.97424497875947,35.02575502124053
7,Ethylene,200.0,151.21487585038184,48.785124149618156
7,Ethylene,20.0,12.850805825087562,7.149194174912438
7,Acetaldehyde,250.0,163.5264967213354,86.4735032786646
7,Acetaldehyde,110.0,73.00731224362958,36.992687756370415
7,Ethylene,150.0,101.85309344289482,48.14690655710518
7,Ethylene,50.0,32.35564602157184,17.644353978428157
7,Acetaldehyde,30.0,37.10068691554092,7.100686915540919
7,Acetaldehyde,80.0,72.7302583458345,7.2697416541655
7,Ethylene,180.0,135.2812232073286,44.718776792671406
7,Ethylene,80.0,55.07070029728328,24.92929970271672
7,Acetaldehyde,70.0,70.59468857491892,0.5946885749189192
7,Ethylene,250.0,178.58614038590457,71.41385961409543
7,Ethylene,210.0,157.09329786201755,52.90670213798245
7,Acetaldehyde,150.0,95.17858895285474,54.82141104714526
7,Acetaldehyde,50.0,63.094393448649654,13.094393448649654
7,Ethylene,230.0,174.60158543289333,55.39841456710667
7,Ethylene,120.0,85.42648719492573,34.57351280507427
7,Acetaldehyde,120.0,80.55679086738814,39.443209132611855
7,Acetaldehyde,190.0,114.70697683981857,75.29302316018143
7,Ethylene,110.0,63.72824757818272,46.27175242181728
7,Ethylene,170.0,120.4407110328297,49.5592889671703
7,Acetaldehyde,40.0,48.99384771150005,8.993847711500052
7,Acetaldehyde,230.0,146.3022588923621,83.69774110763791
7,Ethylene,240.0,175.89919478587527,64.10080521412473
7,Ethylene,60.0,41.92916153735581,18.07083846264419
7,Acetaldehyde,130.0,86.53783260042364,43.46216739957636
7,Acetaldehyde,90.0,73.85856276521172,16.141437234788285
7,Ethylene,190.0,139.28932268482842,50.71067731517158
7,Ethylene,30.0,25.968831684744615,4.031168315255385
7,Acetaldehyde,160.0,104.42410882607192,55.575891173928085
7,Acetaldehyde,240.0,155.3716893277263,84.6283106722737
7,Ethylene,220.0,172.3597370033343,47.64026299666571
7,Ethylene,110.0,80.32122472558531,29.67877527441469
7,Acetaldehyde,220.0,141.12733330430999,78.87266669569001
7,Acetaldehyde,60.0,66.37173842102327,6.371738421023267
7,Ethylene,130.0,93.87747258840191,36.122527411598085
7,Ethylene,40.0,27.65933528240656,12.340664717593441
7,Acetaldehyde,200.0,125.52452550019152,74.47547449980848
7,Acetaldehyde,140.0,82.66060860788487,57.33939139211513
7,Ethylene,110.0,77.37169504522078,32.628304954779225
7,Ethylene,60.0,41.753246469756135,18.246753530243865
7,Acetaldehyde,210.0,130.74057610423333,79.25942389576667
7,Acetaldehyde,170.0,98.2012153243017,71.7987846756983
7,Ethylene,140.0,95.77412865932007,44.22587134067993
7,Ethylene,160.0,112.63986279542252,47.360137204577484
7,Acetaldehyde,180.0,103.78305742317528,76.21694257682472
7,Ethylene,100.0,70.26435445657232,29.73564554342768
7,Ethylene,10.0,6.1985003098657785,3.8014996901342215
7,Acetaldehyde,100.0,62.37232598835044,37.62767401164956
7,Ethylene,200.0,144.7296204721757,55.2703795278243
7,Ethylene,20.0,14.359426191190337,5.640573808809663
7,Acetaldehyde,250.0,167.62960925020863,82.37039074979137
7,Acetaldehyde,110.0,71.96532933077377,38.03467066922623
7,Ethylene,150.0,102.86461383217352,47.13538616782648
7,Ethylene,50.0,33.495508012108175,16.504491987891825
7,Acetaldehyde,30.0,37.554579616839916,7.554579616839916
7,Acetaldehyde,110.0,72.56843637719888,37.43156362280112
7,Ethylene,180.0,127.33185446613642,52.66814553386358
7,Ethylene,80.0,55.82333726396023,24.176662736039773
7,Acetaldehyde,70.0,69.48767135099295,0.5123286490070456
7,Ethylene,250.0,182.2194608650949,67.7805391349051
7,Ethylene,210.0,152.67600319407657,57.32399680592343
7,Acetaldehyde,150.0,95.26433414230837,54.73566585769163
7,Acetaldehyde,50.0,63.83257036142068,13.832570361420679
7,Ethylene,230.0,170.2683817687667,59.73161823123331
7,Ethylene,120.0,86.23553510419073,33.76446489580927
7,Acetaldehyde,100.0,78.90626878260686,21.09373121739314
7,Acetaldehyde,190.0,115.33708360771989,74.66291639228011
7,Ethylene,90.0,63.81279480605403,26.18720519394597
7,Ethylene,170.0,123.29297888930988,46.70702111069012
7,Acetaldehyde,40.0,46.808313208908274,6.808313208908274
7,Acetaldehyde,230.0,147.71866940148314,82.28133059851686
7,Ethylene,240.0,176.45629809816387,63.54370190183613
7,Ethylene,60.0,44.55374675552828,15.44625324447172
7,Acetaldehyde,130.0,85.74904227303776,44.25095772696224
7,Ethylene,190.0,137.56436858738593,52.43563141261407
7,Ethylene,30.0,22.65951936637208,7.340480633627919
7,Acetaldehyde,160.0,100.8520163485737,59.1479836514263
7,Acetaldehyde,240.0,152.51478540993102,87.48521459006898
7,Ethylene,220.0,162.67576153041685,57.32423846958315
7,Ethylene,110.0,78.2105949743499,31.789405025650098
7,Acetaldehyde,220.0,137.41341558023225,82.58658441976775
7,Acetaldehyde,60.0,65.99446195494318,5.994461954943176
7,Ethylene,130.0,93.9476329410391,36.0523670589609
7,Ethylene,40.0,27.888690382225306,12.111309617774694
7,Acetaldehyde,200.0,124.28005554311834,75.71994445688166
7,Acetaldehyde,140.0,78.10790273057131,61.89209726942869
7,Ethylene,110.0,75.93947418896857,34.060525811031425
7,Ethylene,70.0,47.82058654079822,22.179413459201783
7,Acetaldehyde,210.0,129.92236764481862,80.07763235518138
7,Acetaldehyde,170.0,96.43532022448576,73.56467977551424
7,Ethylene,140.0,90.7793068723396,49.2206931276604
7,Ethylene,160.0,115.53335991769681,44.466640082303186
7,Acetaldehyde,180.0,101.95660053656508,78.04339946343492
7,Ethylene,100.0,73.05947166773792,26.940528332262076
7,Ethylene,10.0,7.183889414583149,2.816110585416851
7,Acetaldehyde,100.0,62.07884353069046,37.92115646930954
7,Ethylene,200.0,152.4136214056161,47.58637859438389
7,Ethylene,20.0,16.33244453170306,3.667555468296939
7,Acetaldehyde,250.0,165.19122579165298,84.80877420834702
7,Acetaldehyde,110.0,73.88726414044017,36.112735859559834
7,Ethylene,150.0,103.93456562733599,46.065434372664015
7,Ethylene,50.0,34.862507464979075,15.137492535020925
7,Acetaldehyde,30.0,39.48663120596545,9.486631205965452
7,Acetaldehyde,120.0,73.44008415797734,46.55991584202266
7,Ethylene,180.0,129.44197477354385,50.55802522645615
7,Ethylene,80.0,55.5908773847585,24.4091226152415
7,Acetaldehyde,70.0,71.08346389559475,1.0834638955947469
7,Ethylene,250.0,180.37301445694922,69.62698554305078
7,Ethylene,210.0,163.39567062312253,46.60432937687747
7,Acetaldehyde,150.0,93.37654117987633,56.62345882012367
7,Acetaldehyde,50.0,62.43818140747966,12.43818140747966
7,Ethylene,230.0,173.22489215106756,56.775107848932436
7,Ethylene,120.0,83.46252667744409,36.53747332255591
7,Acetaldehyde,120.0,80.34768238315651,39.65231761684349
7,Acetaldehyde,190.0,107.81408297429688,82.18591702570312
7,Ethylene,90.0,67.79223129437158,22.207768705628425
7,Ethylene,170.0,123.10408836963435,46.895911630365646
7,Acetaldehyde,10.0,46.92007772556154,36.92007772556154
7,Acetaldehyde,230.0,140.87277189959713,89.12722810040287
7,Ethylene,240.0,175.5956787349539,64.4043212650461
7,Ethylene,60.0,45.01073894139641,14.989261058603589
7,Acetaldehyde,130.0,83.35035396413704,46.64964603586296
7,Acetaldehyde,90.0,71.95403771857468,18.045962281425318
7,Ethylene,190.0,130.78661515757335,59.21338484242665
7,Acetaldehyde,160.0,101.60318099875249,58.39681900124751
7,Acetaldehyde,240.0,148.71544590884943,91.28455409115057
7,Acetaldehyde,220.0,135.9169544928143,84.08304550718569
7,Acetaldehyde,60.0,63.870301228669405,3.8703012286694047
7,Acetaldehyde,200.0,121.09827211496884,78.90172788503116
7,Acetaldehyde,140.0,79.39569334521033,60.60430665478967
7,Acetaldehyde,210.0,133.98396795492974,76.01603204507026
7,Acetaldehyde,300.0,95.13006443190372,204.86993556809628
7,Acetaldehyde,180.0,104.51219607674462,75.48780392325538
7,Ammonia,100.0,32.76054558211425,67.23945441788575
7,Ammonia,100.0,55.01494969163096,44.98505030836904
7,Ethylene,100.0,77.56314736814892,22.43685263185108
7,Ethylene,100.0,75.03202810925839,24.96797189074161
7,Ammonia,100.0,59.62454941877189,40.37545058122811
7,Ethylene,100.0,76.23694024313582,23.76305975686418
7,Ammonia,100.0,61.22675570441041,38.77324429558959
7,Ammonia,100.0,59.10137976099223,40.89862023900777
7,Ethylene,100.0,74.00073765274033,25.999262347259673
7,Ammonia,100.0,62.95507708222108,37.04492291777892
7,Ethanol,120.0,96.32690923753789,23.67309076246211
7,Ethanol,120.0,97.01803013597002,22.981969864029978
7,Ethanol,120.0,80.90748888683481,39.09251111316519
7,Ethanol,120.0,69.0512285551633,50.948771444836694
7,Ethanol,120.0,80.08137135400105,39.91862864599895
