batch_id,gas_name,concentration_ppm,predicted_ppm,absolute_error_ppm
10,Ethylene,10.0,51.11593612856498,41.11593612856498
10,Ethanol,50.0,55.883148678775626,5.883148678775626
10,Ethylene,250.0,138.96951516080728,111.03048483919272
10,Ethanol,600.0,31.028459127709795,568.9715408722902
10,Ethylene,150.0,99.06183391948623,50.93816608051377
10,Ethanol,1000.0,62.84838840596014,937.1516115940399
10,Ethylene,50.0,45.94932642252904,4.05067357747096
10,Ethanol,200.0,35.84199478219047,164.15800521780955
10,Ethylene,100.0,88.57742022915619,11.42257977084381
10,Ethanol,800.0,372.9065749523399,427.0934250476601
10,Ethylene,200.0,127.32126462726028,72.67873537273972
10,Ethanol,400.0,248.97522833500489,151.02477166499511
10,Ethylene,150.0,107.52067296010728,42.47932703989272
10,Ethanol,1000.0,845.956255045899,154.04374495410104
10,Ethylene,50.0,63.362433674000684,13.362433674000684
10,Ethanol,200.0,137.79617579100272,62.203824208997275
10,Ethylene,100.0,93.75652855950636,6.243471440493636
10,Ethanol,800.0,657.8929022855301,142.1070977144699
10,Ethylene,200.0,132.11581655725865,67.88418344274135
10,Ethanol,400.0,277.27928788707743,122.72071211292257
10,Ethylene,10.0,55.37232782019828,45.37232782019828
10,Ethanol,50.0,36.96173315125087,13.038266848749132
10,Ethylene,250.0,159.35764250496524,90.64235749503476
10,Ethanol,600.0,395.09605782249565,204.90394217750435
10,Ethylene,50.0,60.27149445641841,10.27149445641841
10,Ethanol,200.0,120.634594105254,79.365405894746
10,Ethylene,100.0,88.85593431614134,11.144065683858656
10,Ethanol,800.0,554.5890660389065,245.41093396109352
10,Ethylene,200.0,133.08425473512426,66.91574526487574
10,Ethanol,400.0,252.19031104741842,147.80968895258158
10,Ethylene,10.0,55.38684090156001,45.38684090156001
10,Ethanol,50.0,33.35423561994661,16.645764380053393
10,Ethylene,250.0,159.98742473662276,90.01257526337724
10,Ethanol,600.0,391.1090948005711,208.89090519942891
10,Ethylene,150.0,109.60967183647587,40.39032816352413
10,Ethanol,1000.0,788.0575019033336,211.94249809666644
10,Ethylene,10.0,63.56293167936872,53.56293167936872
10,Ethanol,50.0,40.51596910940316,9.484030890596841
10,Ethylene,50.0,53.94057080276835,3.940570802768349
10,Ethanol,200.0,120.569384008233,79.430615991767
10,Ethylene,100.0,87.7159150384131,12.284084961586899
10,Ethanol,800.0,607.0019577928939,192.9980422071061
10,Ethylene,200.0,133.00548356090724,66.99451643909276
10,Ethanol,400.0,267.73482572599426,132.26517427400574
10,Ethylene,250.0,162.15445794111426,87.84554205888574
10,Ethanol,600.0,421.3680365367938,178.6319634632062
10,Ethylene,150.0,105.9495622213273,44.0504377786727
10,Ethanol,1000.0,816.9351550055768,183.0648449944232
10,Ethylene,200.0,136.64415124488062,63.35584875511938
10,Ethanol,400.0,260.4420879184335,139.55791208156649
10,Ethylene,10.0,49.99462828544772,39.99462828544772
10,Ethanol,50.0,34.00580518154092,15.994194818459079
10,Ethylene,250.0,161.41997102673164,88.58002897326836
10,Ethanol,600.0,412.8003179659664,187.19968203403357
10,Ethylene,150.0,103.27322428958041,46.72677571041959
10,Ethanol,1000.0,827.183353492969,172.816646507031
10,Ethylene,50.0,57.974416587710195,7.974416587710195
10,Ethanol,200.0,139.8797525889287,60.12024741107129
10,Ethylene,100.0,85.64746659627176,14.352533403728245
10,Ethanol,800.0,618.8062301782916,181.19376982170843
10,Ethylene,50.0,55.69811441168183,5.6981144116818285
10,Ethanol,200.0,130.30798034353626,69.69201965646374
10,Ethylene,100.0,78.61906783292422,21.380932167075784
10,Ethanol,800.0,625.020956715324,174.97904328467598
10,Ethylene,200.0,138.80609432961253,61.193905670387466
10,Ethanol,400.0,259.1943186017845,140.80568139821548
10,Ethylene,10.0,40.90026338769701,30.90026338769701
10,Ethanol,50.0,32.37470018377098,17.625299816229017
10,Ethylene,250.0,156.82507911338396,93.17492088661604
10,Ethanol,600.0,434.1215159069352,165.8784840930648
10,Ethylene,150.0,101.88110103646423,48.11889896353577
10,Ethanol,1000.0,843.0862503202939,156.91374967970614
10,Ethylene,150.0,99.9324402445463,50.0675597554537
10,Ethanol,1000.0,798.8242691510112,201.1757308489888
10,Ethylene,50.0,55.27848207881475,5.278482078814747
10,Ethanol,200.0,122.3000384974951,77.6999615025049
10,Ethylene,100.0,84.18837287788976,15.811627122110238
10,Ethanol,800.0,651.3821813821661,148.6178186178339
10,Ethylene,200.0,133.62014093126885,66.37985906873115
10,Ethanol,400.0,275.43646964431014,124.56353035568986
10,Ethylene,10.0,59.03442076536693,49.03442076536693
10,Ethanol,50.0,38.03841001472401,11.961589985275992
10,Ethylene,250.0,160.02280608823008,89.97719391176992
10,Ethanol,600.0,437.41552155739913,162.58447844260087
10,Ethylene,250.0,159.69743648558546,90.30256351441454
10,Ethanol,600.0,442.5066222784636,157.49337772153638
10,Ethylene,150.0,108.7833072600746,41.216692739925406
10,Ethanol,1000.0,848.3661209501128,151.63387904988724
10,Ethylene,10.0,58.33968700460079,48.33968700460079
10,Ethanol,50.0,39.61812456509382,10.381875434906178
10,Ethylene,50.0,48.241298220828014,1.758701779171986
10,Ethanol,200.0,122.30734630528171,77.69265369471829
10,Ethylene,100.0,85.8832881537509,14.116711846249103
10,Ethanol,800.0,624.1365099629687,175.86349003703128
10,Ethylene,200.0,128.299851896303,71.70014810369699
10,Ethanol,400.0,269.60053965311505,130.39946034688495
10,Ethylene,10.0,58.665887183373144,48.665887183373144
10,Ethanol,50.0,39.751872159837276,10.248127840162724
10,Ethylene,250.0,157.55862905940427,92.44137094059573
10,Ethanol,600.0,430.3759418945654,169.62405810543459
10,Ethylene,150.0,108.50762854872713,41.492371451272874
10,Ethanol,1000.0,831.8407050741836,168.15929492581643
10,Ethylene,50.0,50.299642023504404,0.29964202350440416
10,Ethanol,200.0,122.4153286312537,77.5846713687463
10,Ethylene,100.0,85.06284171827436,14.937158281725644
10,Ethanol,800.0,635.1220555241388,164.87794447586123
10,Ethylene,200.0,133.17670510670837,66.82329489329163
10,Ethanol,400.0,273.31961938109487,126.68038061890513
10,Ethylene,50.0,47.609599425437196,2.390400574562804
10,Ethanol,200.0,119.25846144067633,80.74153855932367
10,Ethylene,100.0,83.35382979801633,16.646170201983665
10,Ethanol,800.0,629.088626823126,170.911373176874
10,Ethylene,200.0,129.29012104802845,70.70987895197155
10,Ethanol,400.0,269.4751608868121,130.5248391131879
10,Ethylene,10.0,56.26671732715465,46.26671732715465
10,Ethanol,50.0,35.461479536961846,14.538520463038154
10,Ethylene,250.0,158.26282988163342,91.73717011836658
10,Ethanol,600.0,423.39882996101585,176.60117003898415
10,Ethylene,150.0,108.6836228587059,41.3163771412941
10,Ethanol,1000.0,837.4417268311191,162.55827316888087
10,Toluene,1.0,39.76907068215935,38.76907068215935
10,Acetaldehyde,10.0,58.66616672734621,48.66616672734621
10,Toluene,100.0,110.17319438029034,10.17319438029034
10,Acetaldehyde,150.0,779.7608813252293,629.7608813252293
10,Toluene,60.0,75.38658678385086,15.38658678385086
10,Acetaldehyde,250.0,871.1134453675371,621.1134453675371
10,Toluene,20.0,53.63265287972678,33.63265287972678
10,Acetaldehyde,50.0,140.68470602668722,90.68470602668722
10,Toluene,40.0,56.679143228684154,16.679143228684154
10,Acetaldehyde,200.0,297.8680030170121,97.86800301701209
10,Toluene,80.0,81.64494171788756,1.644941717887562
10,Acetaldehyde,100.0,153.47773756187033,53.47773756187033
10,Toluene,60.0,59.78298765622894,0.21701234377106005
10,Acetaldehyde,250.0,283.5849498219211,33.5849498219211
10,Toluene,20.0,47.752327705382456,27.752327705382456
10,Acetaldehyde,50.0,121.7311782803148,71.7311782803148
10,Toluene,40.0,48.278797933734324,8.278797933734324
10,Acetaldehyde,200.0,318.61324956101475,118.61324956101475
10,Toluene,80.0,81.74043415882667,1.7404341588266732
10,Acetaldehyde,100.0,225.59579047891106,125.59579047891106
10,Toluene,1.0,43.39088954697242,42.39088954697242
10,Acetaldehyde,10.0,48.333262273697216,38.333262273697216
10,Toluene,100.0,97.39970453062628,2.6002954693737195
10,Acetaldehyde,150.0,329.3594217436139,179.3594217436139
10,Toluene,20.0,49.79092785699687,29.790927856996873
10,Acetaldehyde,50.0,123.42602758442729,73.42602758442729
10,Toluene,40.0,49.118653284596334,9.118653284596334
10,Acetaldehyde,200.0,300.3878103727545,100.38781037275447
10,Toluene,80.0,74.34113784604439,5.65886215395561
10,Acetaldehyde,100.0,161.41817487713786,61.41817487713786
10,Toluene,1.0,56.0901107377488,55.0901107377488
10,Acetaldehyde,10.0,33.54694801962813,23.546948019628132
10,Toluene,100.0,90.76664556215363,9.233354437846373
10,Acetaldehyde,150.0,208.17771851574634,58.177718515746335
10,Toluene,60.0,57.06043724639645,2.9395627536035533
10,Acetaldehyde,250.0,278.97067803099236,28.97067803099236
10,Toluene,1.0,62.038292069133036,61.038292069133036
10,Acetaldehyde,10.0,32.54627051716156,22.54627051716156
10,Toluene,20.0,42.36138539560295,22.36138539560295
10,Acetaldehyde,50.0,127.68184030643883,77.68184030643883
10,Toluene,40.0,47.6004649162427,7.6004649162427
10,Acetaldehyde,200.0,227.61447610903497,27.614476109034968
10,Toluene,80.0,69.30375069970438,10.69624930029562
10,Acetaldehyde,100.0,150.6066880724487,50.60668807244869
10,Toluene,100.0,82.97699697646894,17.02300302353106
10,Acetaldehyde,150.0,191.52402471962648,41.52402471962648
10,Toluene,60.0,56.17120828818889,3.828791711811107
10,Acetaldehyde,250.0,272.582230367484,22.582230367483987
10,Toluene,80.0,66.05574364348948,13.944256356510522
10,Acetaldehyde,100.0,148.55342861906763,48.55342861906763
10,Toluene,1.0,66.4148908842148,65.4148908842148
10,Acetaldehyde,10.0,23.39678434043752,13.39678434043752
10,Toluene,100.0,84.99549503725314,15.004504962746864
10,Acetaldehyde,150.0,190.61012075872065,40.610120758720655
10,Toluene,60.0,52.80215223613432,7.197847763865681
10,Acetaldehyde,250.0,250.39911091382822,0.39911091382822406
10,Toluene,20.0,45.82297529764455,25.822975297644547
10,Acetaldehyde,50.0,110.20462504891766,60.20462504891766
10,Toluene,40.0,42.225293943354,2.2252939433540035
10,Acetaldehyde,200.0,225.0654035911507,25.065403591150698
10,Toluene,20.0,43.902355428528566,23.902355428528566
10,Acetaldehyde,50.0,108.58416944622637,58.58416944622637
10,Toluene,40.0,44.468714501285206,4.468714501285206
10,Acetaldehyde,200.0,218.51391084116455,18.513910841164545
10,Toluene,80.0,68.54617113314892,11.453828866851083
10,Acetaldehyde,100.0,140.2664757802824,40.266475780282406
10,Toluene,1.0,40.3670440552341,39.3670440552341
10,Acetaldehyde,10.0,18.92203044082173,8.922030440821729
10,Toluene,100.0,89.79150226803844,10.208497731961558
10,Acetaldehyde,150.0,172.71476312803836,22.714763128038356
10,Toluene,60.0,52.90546684240988,7.094533157590121
10,Acetaldehyde,250.0,250.5771107783566,0.5771107783565981
10,Toluene,60.0,53.34482534701365,6.6551746529863465
10,Acetaldehyde,250.0,234.5189074417098,15.481092558290186
10,Toluene,20.0,41.65005469248632,21.65005469248632
10,Acetaldehyde,50.0,94.03778021760806,44.03778021760806
10,Toluene,40.0,44.275734404634235,4.275734404634235
10,Acetaldehyde,200.0,205.8929820853274,5.8929820853273895
10,Toluene,80.0,71.55177064042365,8.448229359576345
10,Acetaldehyde,100.0,132.34216196112334,32.34216196112334
10,Toluene,1.0,25.837262985355267,24.837262985355267
10,Acetaldehyde,10.0,12.261057193628247,2.261057193628247
10,Toluene,100.0,93.86611194773226,6.133888052267736
10,Acetaldehyde,150.0,172.21221264395345,22.21221264395345
10,Toluene,100.0,83.88558411166147,16.114415888338527
10,Acetaldehyde,150.0,167.39735739211287,17.397357392112866
10,Toluene,60.0,48.800513886812496,11.199486113187504
10,Acetaldehyde,250.0,239.27784650948956,10.722153490510436
10,Toluene,1.0,30.47190743664963,29.47190743664963
10,Acetaldehyde,10.0,17.949027336201766,7.949027336201766
10,Toluene,20.0,40.4058145294765,20.4058145294765
10,Acetaldehyde,50.0,96.84113304116724,46.84113304116724
10,Toluene,40.0,44.814137272446914,4.814137272446914
10,Acetaldehyde,200.0,191.5232032136299,8.476796786370102
10,Toluene,80.0,72.03817369862597,7.961826301374032
10,Acetaldehyde,100.0,127.71154637681997,27.711546376819967
10,Toluene,1.0,40.44812597186883,39.44812597186883
10,Acetaldehyde,10.0,12.531985606190858,2.531985606190858
10,Toluene,100.0,93.56547755918453,6.434522440815471
10,Acetaldehyde,150.0,159.27012023440128,9.270120234401276
10,Toluene,60.0,52.31606278659605,7.683937213403951
10,Acetaldehyde,250.0,232.7383989676227,17.261601032377314
10,Toluene,20.0,37.53976889018104,17.539768890181037
10,Acetaldehyde,50.0,89.26786020736945,39.26786020736945
10,Toluene,40.0,47.546100778543234,7.546100778543234
10,Acetaldehyde,200.0,206.38964454740864,6.389644547408636
10,Toluene,80.0,70.3219081027861,9.678091897213903
10,Acetaldehyde,100.0,141.79443470744803,41.79443470744803
10,Toluene,20.0,39.738992263927884,19.738992263927884
10,Acetaldehyde,50.0,89.67340007113114,39.67340007113114
10,Toluene,40.0,41.18133715931863,1.1813371593186304
10,Acetaldehyde,200.0,215.04584478239303,15.045844782393033
10,Toluene,80.0,67.2633000687822,12.7366999312178
10,Acetaldehyde,100.0,147.43499672679295,47.434996726792946
10,Toluene,1.0,59.98757995604345,58.98757995604345
10,Acetaldehyde,10.0,20.600344410452863,10.600344410452863
10,Toluene,100.0,85.23716317438254,14.762836825617455
10,Acetaldehyde,150.0,182.0415742245472,32.04157422454719
10,Toluene,60.0,52.66153325311231,7.33846674688769
10,Acetaldehyde,250.0,257.12929037412357,7.1292903741235705
10,Ethylene,10.0,54.8152890359557,44.8152890359557
10,Ethanol,50.0,23.247640102081817,26.752359897918183
10,Ethylene,250.0,102.66506739899987,147.33493260100013
10,Ethanol,600.0,412.88371921244584,187.11628078755416
10,Ethylene,150.0,56.09438580260628,93.90561419739372
10,Ethanol,1000.0,807.1853602202189,192.81463977978115
10,Ethylene,50.0,42.59606310821361,7.403936891786387
10,Ethanol,200.0,96.16004023157691,103.83995976842309
10,Ethylene,100.0,39.05695788354009,60.94304211645991
10,Ethanol,800.0,590.2806098537463,209.71939014625366
10,Ethylene,200.0,88.87439799675695,111.12560200324305
10,Ethanol,400.0,234.52260244041605,165.47739755958395
10,Ethylene,150.0,64.72063247576233,85.27936752423767
10,Ethanol,1000.0,803.3460278257022,196.6539721742978
10,Ethylene,50.0,42.27298730150328,7.727012698496722
10,Ethanol,200.0,94.3532463446004,105.6467536553996
10,Ethylene,100.0,39.91419747486921,60.08580252513079
10,Ethanol,800.0,583.485074765328,216.51492523467198
10,Ethylene,200.0,94.656963402799,105.343036597201
10,Ethanol,400.0,235.84373131711484,164.15626868288516
10,Ethylene,10.0,53.80305278274284,43.80305278274284
10,Ethanol,50.0,11.725069522675824,38.274930477324176
10,Ethylene,250.0,122.57238390395771,127.42761609604229
10,Ethanol,600.0,389.4194782800344,210.5805217199656
10,Ethylene,50.0,39.087527337580156,10.912472662419844
10,Ethanol,200.0,94.40529014643408,105.59470985356592
10,Ethylene,100.0,36.22617516577313,63.77382483422687
10,Ethanol,800.0,581.5496795804927,218.4503204195073
10,Ethylene,200.0,91.24024364401878,108.75975635598122
10,Ethanol,400.0,240.96914697578063,159.03085302421937
10,Ethylene,10.0,51.07789714644653,41.07789714644653
10,Ethanol,50.0,19.56423263382024,30.43576736617976
10,Ethylene,250.0,123.95961079148094,126.04038920851906
10,Ethanol,600.0,399.51711935136683,200.48288064863317
10,Ethylene,150.0,62.54318001038871,87.45681998961129
10,Ethanol,1000.0,805.2738343128643,194.72616568713568
10,Ethylene,10.0,46.55770194517174,36.55770194517174
10,Ethanol,50.0,22.407618417743862,27.592381582256138
10,Ethylene,50.0,37.97883817019233,12.021161829807667
10,Ethanol,200.0,92.87241519057321,107.12758480942679
10,Ethylene,100.0,41.197051486487666,58.802948513512334
10,Ethanol,800.0,584.1339160252851,215.8660839747149
10,Ethylene,200.0,96.00254252870215,103.99745747129785
10,Ethanol,400.0,248.27624778749384,151.72375221250616
10,Ethylene,250.0,125.5545039169025,124.4454960830975
10,Ethanol,600.0,392.903258883001,207.096741116999
10,Ethylene,150.0,76.30560906210354,73.69439093789646
10,Ethanol,1000.0,796.7510587923562,203.24894120764384
10,Ethylene,200.0,96.28025018680017,103.71974981319983
10,Ethanol,400.0,233.88273520525473,166.11726479474527
10,Ethylene,10.0,25.87734515614852,15.877345156148522
10,Ethanol,50.0,15.678074742264101,34.3219252577359
10,Ethylene,250.0,123.67855985690909,126.32144014309091
10,Ethanol,600.0,375.7607387439894,224.2392612560106
10,Ethylene,150.0,76.78210232370559,73.21789767629441
10,Ethanol,1000.0,798.1747858415457,201.8252141584543
10,Ethylene,50.0,38.17285528464549,11.827144715354507
10,Ethanol,200.0,103.91117415068916,96.08882584931084
10,Ethylene,100.0,49.20049276414038,50.79950723585962
10,Ethanol,800.0,583.3273271123294,216.67267288767061
10,Ethylene,50.0,35.31182771551373,14.68817228448627
10,Ethanol,200.0,99.80270212348927,100.19729787651073
10,Ethylene,100.0,52.72948195805469,47.27051804194531
10,Ethanol,800.0,586.426546828071,213.57345317192903
10,Ethylene,200.0,93.34340423887826,106.65659576112174
10,Ethanol,400.0,239.33549936879666,160.66450063120334
10,Ethylene,10.0,19.839691424299403,9.839691424299403
10,Ethanol,50.0,15.69963130228183,34.30036869771817
10,Ethylene,250.0,128.6563724867088,121.34362751329121
10,Ethanol,600.0,399.28213935272714,200.71786064727286
10,Ethylene,150.0,79.4501300637344,70.5498699362656
10,Ethanol,1000.0,798.6654300477462,201.3345699522538
10,Ethylene,150.0,77.13569054256266,72.86430945743734
10,Ethanol,1000.0,787.8676088108621,212.13239118913793
10,Ethylene,50.0,37.31839033936902,12.681609660630983
10,Ethanol,200.0,97.51146202100733,102.48853797899267
10,Ethylene,100.0,51.4100831764692,48.5899168235308
10,Ethanol,800.0,568.7044508101512,231.29554918984877
10,Ethylene,200.0,99.15243686882656,100.84756313117344
10,Ethanol,400.0,242.2251217066521,157.7748782933479
10,Ethylene,10.0,29.464736888697203,19.464736888697203
10,Ethanol,50.0,14.152681875341386,35.847318124658614
10,Ethylene,250.0,127.84596653453497,122.15403346546503
10,Ethanol,600.0,392.3425074132028,207.65749258679722
10,Ethylene,250.0,124.26601779198548,125.73398220801452
10,Ethanol,600.0,406.3756256272754,193.62437437272462
10,Ethylene,150.0,83.75405079981877,66.24594920018123
10,Ethanol,1000.0,795.3609633949684,204.6390366050316
10,Ethylene,10.0,24.402862534830774,14.402862534830774
10,Ethanol,50.0,10.124656805754313,39.87534319424569
10,Ethylene,50.0,39.01696514514292,10.983034854857081
10,Ethanol,200.0,99.26642994179835,100.73357005820165
10,Ethylene,100.0,48.58870124455403,51.41129875544597
10,Ethanol,800.0,596.9975073612588,203.00249263874116
10,Ethylene,200.0,101.83744594361792,98.16255405638208
10,Ethanol,400.0,240.5789890921032,159.4210109078968
10,Ethylene,10.0,41.30679993474298,31.306799934742983
10,Ethanol,50.0,12.269858063848517,37.73014193615148
10,Ethylene,250.0,130.8821142558527,119.11788574414729
10,Ethanol,600.0,398.3485767724925,201.6514232275075
10,Ethylene,150.0,83.05933297614622,66.94066702385378
10,Ethanol,1000.0,807.41689283766,192.58310716233996
10,Ethylene,50.0,37.69612907221433,12.303870927785667
10,Ethanol,200.0,99.03002906349712,100.96997093650288
10,Ethylene,100.0,45.37547508191,54.62452491809
10,Ethanol,800.0,579.1595434051883,220.8404565948117
10,Ethylene,200.0,108.21474850687956,91.78525149312044
10,Ethanol,400.0,243.38377679594703,156.61622320405297
10,Ethylene,50.0,38.370904457802524,11.629095542197476
10,Ethanol,200.0,101.10925228638997,98.89074771361003
10,Ethylene,100.0,46.79618880603239,53.20381119396761
10,Ethanol,800.0,609.3154376518976,190.68456234810242
10,Ethylene,200.0,105.74192567656351,94.25807432343649
10,Ethanol,400.0,243.67929988763973,156.32070011236027
10,Ethylene,10.0,37.06012336329739,27.060123363297393
10,Ethanol,50.0,16.016230333407762,33.98376966659224
10,Ethylene,250.0,135.27332435114022,114.72667564885978
10,Ethanol,600.0,399.2330997503905,200.76690024960948
10,Ethylene,150.0,83.23239194161022,66.76760805838978
10,Ethanol,1000.0,814.560112376133,185.43988762386698
10,Ethylene,10.0,39.8466569467043,29.8466569467043
10,Ethanol,50.0,13.906160501764518,36.09383949823548
10,Ethylene,250.0,137.17880808634231,112.82119191365769
10,Ethanol,600.0,402.25905466200174,197.74094533799826
10,Ethylene,150.0,85.03351253302496,64.96648746697504
10,Ethanol,1000.0,892.1710867575114,107.82891324248862
10,Ethylene,50.0,37.67285228741373,12.327147712586267
10,Ethanol,200.0,101.35626319559326,98.64373680440674
10,Ethylene,100.0,44.76255665016649,55.23744334983351
10,Ethanol,800.0,602.4279584059118,197.5720415940882
10,Ethylene,200.0,105.01612438525639,94.98387561474361
10,Ethanol,400.0,244.18860731038131,155.81139268961869
10,Ethylene,150.0,82.857960320635,67.142039679365
10,Ethanol,1000.0,790.8149385020685,209.18506149793154
10,Ethylene,50.0,39.70790307178329,10.292096928216708
10,Ethanol,200.0,103.31610985721649,96.68389014278351
10,Ethylene,100.0,43.575095589685915,56.424904410314085
10,Ethanol,800.0,599.2190735075961,200.78092649240386
10,Ethylene,200.0,103.2939857172754,96.7060142827246
10,Ethanol,400.0,248.30619586643041,151.69380413356959
10,Ethylene,10.0,45.97772210174631,35.97772210174631
10,Ethanol,50.0,16.878727618075175,33.121272381924825
10,Ethylene,250.0,134.9206554024131,115.0793445975869
10,Ethanol,600.0,395.95394218720605,204.04605781279395
10,Ethylene,50.0,37.11857031013528,12.881429689864717
10,Ethanol,200.0,105.27678512352547,94.72321487647453
10,Ethylene,100.0,45.801763734420774,54.198236265579226
10,Ethanol,800.0,608.2243680890374,191.7756319109626
10,Ethylene,200.0,105.17080824746458,94.82919175253542
10,Ethanol,400.0,248.05774517282117,151.94225482717883
10,Ethylene,10.0,56.86704998509143,46.86704998509143
10,Ethanol,50.0,24.445594822993755,25.554405177006245
10,Ethylene,250.0,134.91235615852727,115.08764384147273
10,Ethanol,600.0,402.85044401590653,197.14955598409347
10,Ethylene,150.0,79.33522892606392,70.66477107393608
10,Ethanol,1000.0,808.6420141753874,191.35798582461257
10,Ethylene,10.0,56.76981829342287,46.76981829342287
10,Ethanol,50.0,26.35340700329695,23.64659299670305
10,Ethylene,50.0,34.03997846202658,15.960021537973418
10,Ethanol,200.0,106.97496064030392,93.02503935969608
10,Ethylene,100.0,46.27270671045193,53.72729328954807
10,Ethanol,800.0,601.7011954894125,198.2988045105875
10,Ethylene,200.0,104.54408518988676,95.45591481011324
10,Ethanol,400.0,246.18809175733494,153.81190824266506
10,Ethylene,250.0,136.4258376265536,113.5741623734464
10,Ethanol,600.0,401.8049225883821,198.1950774116179
10,Ethylene,150.0,78.27511630776601,71.72488369223399
10,Ethanol,1000.0,789.7299939240659,210.27000607593413
10,Ethylene,200.0,103.21356350993054,96.78643649006946
10,Ethanol,400.0,244.77872466503794,155.22127533496206
10,Ethylene,10.0,53.562979861570426,43.562979861570426
10,Ethanol,50.0,28.619776273951615,21.380223726048385
10,Ethylene,250.0,132.57645448620437,117.42354551379563
10,Ethanol,600.0,400.9443963355824,199.05560366441762
10,Ethylene,150.0,77.41499898170414,72.58500101829586
10,Ethanol,1000.0,808.6346964165863,191.36530358341372
10,Ethylene,50.0,39.207638445622024,10.792361554377976
10,Ethanol,200.0,103.15910645571998,96.84089354428002
10,Ethylene,100.0,40.12547876116578,59.87452123883422
10,Ethanol,800.0,600.2023085635709,199.7976914364291
10,Ethylene,50.0,40.38494018504363,9.615059814956368
10,Ethanol,200.0,102.88258358406358,97.11741641593642
10,Ethylene,100.0,37.519096865888315,62.480903134111685
10,Ethanol,800.0,620.6820450850433,179.31795491495666
10,Ethylene,200.0,92.66106344884577,107.33893655115423
10,Ethanol,400.0,256.8490013403974,143.15099865960258
10,Ethylene,10.0,29.51769111318076,19.51769111318076
10,Ethanol,50.0,14.840779087567512,35.15922091243249
10,Ethylene,250.0,116.53115286915252,133.46884713084748
10,Ethanol,600.0,425.63933052447067,174.36066947552933
10,Ethylene,150.0,61.52707024357174,88.47292975642826
10,Ethanol,1000.0,862.4568342310455,137.5431657689545
10,Ethylene,150.0,57.270571246206046,92.72942875379395
10,Ethanol,1000.0,874.5664274291838,125.43357257081618
10,Ethylene,50.0,37.30181158215204,12.698188417847959
10,Ethanol,200.0,110.83219193066805,89.16780806933195
10,Ethylene,100.0,37.9278814447284,62.0721185552716
10,Ethanol,800.0,644.1494167381038,155.8505832618962
10,Ethylene,200.0,86.37817308107373,113.62182691892627
10,Ethanol,400.0,267.28801792762096,132.71198207237904
10,Ethylene,10.0,48.004540395930476,38.004540395930476
10,Ethanol,50.0,14.723954207133701,35.2760457928663
10,Ethylene,250.0,120.21930613100359,129.78069386899642
10,Ethanol,600.0,432.78072735029605,167.21927264970395
10,Ethylene,250.0,114.95817266220786,135.04182733779214
10,Ethanol,600.0,431.44108582057964,168.55891417942036
10,Ethylene,150.0,64.77985946325776,85.22014053674224
10,Ethanol,1000.0,870.7266452423273,129.27335475767268
10,Ethylene,10.0,37.15840848789078,27.15840848789078
10,Ethanol,50.0,20.574529547833237,29.425470452166763
10,Ethylene,50.0,38.24985070375408,11.750149296245922
10,Ethanol,200.0,107.79849505604757,92.20150494395243
10,Ethylene,100.0,38.883967523177205,61.116032476822795
10,Ethanol,800.0,643.0132278222674,156.98677217773263
10,Ethylene,200.0,95.23938571699294,104.76061428300706
10,Ethanol,400.0,268.0348412366703,131.96515876332973
10,Ethylene,10.0,46.54353524838632,36.54353524838632
10,Ethanol,50.0,14.99345446686992,35.00654553313008
10,Ethylene,250.0,118.29253983551212,131.70746016448788
10,Ethanol,600.0,427.2743525141361,172.72564748586387
10,Ethylene,150.0,63.124041502530545,86.87595849746945
10,Ethanol,1000.0,866.8459124802893,133.15408751971074
10,Ethylene,50.0,41.7167636680479,8.283236331952097
10,Ethanol,200.0,109.26818748866549,90.73181251133451
10,Ethylene,100.0,41.0732918380521,58.9267081619479
10,Ethanol,800.0,644.7652495652527,155.2347504347473
10,Ethylene,200.0,92.69270886255583,107.30729113744417
10,Ethanol,400.0,269.58670386559623,130.41329613440377
10,Ethylene,50.0,40.127879758317206,9.872120241682794
10,Ethanol,200.0,110.92135822685592,89.07864177314408
10,Ethylene,100.0,40.093079503185535,59.906920496814465
10,Ethanol,800.0,650.2425301680759,149.75746983192414
10,Ethylene,200.0,94.48530186335744,105.51469813664256
10,Ethanol,400.0,268.2615739457613,131.7384260542387
10,Ethylene,10.0,47.10480329034307,37.10480329034307
10,Ethanol,50.0,28.205652275629987,21.794347724370013
10,Ethylene,250.0,117.20107801325706,132.79892198674293
10,Ethanol,600.0,441.9370243801681,158.0629756198319
10,Ethylene,150.0,63.44181816433168,86.55818183566832
10,Ethanol,1000.0,857.6020949905113,142.39790500948868
10,Toluene,1.0,60.065515541149466,59.065515541149466
10,Acetaldehyde,10.0,29.8580736991411,19.8580736991411
10,Toluene,100.0,100.35600720911134,0.35600720911133976
10,Acetaldehyde,150.0,257.33440899272006,107.33440899272006
10,Toluene,60.0,62.16392595413865,2.163925954138648
10,Acetaldehyde,250.0,278.27009975599964,28.270099755999638
10,Toluene,20.0,42.57382822847619,22.573828228476188
10,Acetaldehyde,50.0,61.158887770693624,11.158887770693624
10,Toluene,40.0,49.78029455628281,9.780294556282811
10,Acetaldehyde,200.0,193.56410005646717,6.4358999435328315
10,Toluene,80.0,88.36273935289955,8.362739352899553
10,Acetaldehyde,100.0,104.67456863015661,4.674568630156614
10,Toluene,60.0,60.61470816857853,0.614708168578531
10,Acetaldehyde,250.0,232.9641041929488,17.03589580705119
10,Toluene,20.0,41.21179757794057,21.211797577940573
10,Acetaldehyde,50.0,58.30256255835236,8.302562558352363
10,Toluene,40.0,50.10328502143608,10.10328502143608
10,Acetaldehyde,200.0,213.2652776371366,13.265277637136592
10,Toluene,80.0,78.49535871184816,1.504641288151845
10,Acetaldehyde,100.0,122.52418585406834,22.524185854068335
10,Toluene,1.0,57.75687598195353,56.75687598195353
10,Acetaldehyde,10.0,34.30118983063136,24.30118983063136
10,Toluene,100.0,91.87151199996647,8.128488000033528
10,Acetaldehyde,150.0,167.21052559917308,17.21052559917308
10,Toluene,20.0,39.34581689898212,19.34581689898212
10,Acetaldehyde,50.0,62.70607774497549,12.706077744975488
10,Toluene,40.0,48.028117243108596,8.028117243108596
10,Acetaldehyde,200.0,204.77587926895347,4.775879268953474
10,Toluene,80.0,72.17029763034594,7.829702369654058
10,Acetaldehyde,100.0,111.0717384111251,11.071738411125096
10,Toluene,1.0,55.34548576608407,54.34548576608407
10,Acetaldehyde,10.0,29.64447139421773,19.64447139421773
10,Toluene,100.0,87.56888778040022,12.431112219599783
10,Acetaldehyde,150.0,155.75325233823236,5.7532523382323575
10,Toluene,60.0,54.60122219999063,5.39877780000937
10,Acetaldehyde,250.0,239.57508643323985,10.424913566760154
10,Toluene,1.0,57.48079648091645,56.48079648091645
10,Acetaldehyde,10.0,27.685154050404904,17.685154050404904
10,Toluene,20.0,39.68598623868469,19.68598623868469
10,Acetaldehyde,50.0,52.7547946138218,2.754794613821801
10,Toluene,40.0,46.78141095751616,6.781410957516158
10,Acetaldehyde,200.0,196.73944145757827,3.260558542421734
10,Toluene,80.0,68.47905125114178,11.520948748858217
10,Acetaldehyde,100.0,109.05509481919367,9.05509481919367
10,Toluene,100.0,80.6223775188924,19.377622481107593
10,Acetaldehyde,150.0,154.88963300666933,4.889633006669328
10,Toluene,60.0,51.34423717584039,8.65576282415961
10,Acetaldehyde,250.0,242.43495179601186,7.565048203988141
10,Toluene,80.0,65.37096625067934,14.629033749320655
10,Acetaldehyde,100.0,114.01275837343432,14.012758373434323
10,Toluene,1.0,62.072158545768715,61.072158545768715
10,Acetaldehyde,10.0,24.062131599373643,14.062131599373643
10,Toluene,100.0,80.00293560822712,19.99706439177288
10,Acetaldehyde,150.0,160.17104309317966,10.171043093179662
10,Toluene,60.0,51.12980781079136,8.870192189208638
10,Acetaldehyde,250.0,239.47569993836015,10.524300061639849
10,Toluene,20.0,40.424126371347015,20.424126371347015
10,Acetaldehyde,50.0,50.79954713236643,0.7995471323664276
10,Toluene,40.0,43.02086324787416,3.0208632478741606
10,Acetaldehyde,200.0,199.8481126316952,0.15188736830481275
10,Toluene,20.0,35.965628973477465,15.965628973477465
10,Acetaldehyde,50.0,49.1774354103801,0.8225645896199012
10,Toluene,40.0,44.7312298952407,4.731229895240702
10,Acetaldehyde,200.0,198.6571315190942,1.3428684809057927
10,Toluene,80.0,61.24907899335379,18.75092100664621
10,Acetaldehyde,100.0,113.37039015486923,13.370390154869227
10,Toluene,1.0,39.803773561452175,38.803773561452175
10,Acetaldehyde,10.0,21.846600765260078,11.846600765260078
10,Toluene,100.0,73.55990465419313,26.440095345806867
10,Acetaldehyde,150.0,152.85316870347106,2.853168703471056
10,Toluene,60.0,46.05191285301676,13.94808714698324
10,Acetaldehyde,250.0,236.1955129168063,13.804487083193692
10,Toluene,60.0,45.803179234791884,14.196820765208116
10,Acetaldehyde,250.0,239.81556840967562,10.18443159032438
10,Toluene,20.0,36.72216844657966,16.72216844657966
10,Acetaldehyde,50.0,49.02730527229325,0.9726947277067524
10,Toluene,40.0,45.39004767340981,5.390047673409811
10,Acetaldehyde,200.0,190.39280490310964,9.607195096890365
10,Toluene,80.0,55.3231672985431,24.676832701456902
10,Acetaldehyde,100.0,111.97997074899726,11.97997074899726
10,Toluene,1.0,28.918660755492468,27.918660755492468
10,Acetaldehyde,10.0,15.719048442034804,5.719048442034804
10,Toluene,100.0,72.05983201198846,27.940167988011538
10,Acetaldehyde,150.0,156.91724406913485,6.917244069134853
10,Toluene,100.0,62.605963377447964,37.394036622552036
10,Acetaldehyde,150.0,156.92066392395972,6.920663923959722
10,Toluene,60.0,46.9785609476389,13.021439052361103
10,Acetaldehyde,250.0,233.8886412213763,16.111358778623696
10,Toluene,1.0,42.86798621353432,41.86798621353432
10,Acetaldehyde,10.0,19.522398100243564,9.522398100243564
10,Toluene,20.0,32.5739557404798,12.573955740479803
10,Acetaldehyde,50.0,56.1636504973593,6.163650497359299
10,Toluene,40.0,39.934999088779676,0.06500091122032359
10,Acetaldehyde,200.0,188.57788533840076,11.422114661599238
10,Toluene,80.0,55.146835063526055,24.853164936473945
10,Acetaldehyde,100.0,109.70505923072889,9.705059230728892
10,Toluene,1.0,36.53501338148865,35.53501338148865
10,Acetaldehyde,10.0,12.722996986496213,2.722996986496213
10,Toluene,100.0,73.89381324812953,26.106186751870467
10,Acetaldehyde,150.0,153.2798471920643,3.2798471920642953
10,Toluene,60.0,45.01155580428771,14.98844419571229
10,Acetaldehyde,250.0,235.57009740119273,14.429902598807274
10,Toluene,20.0,38.038283181307975,18.038283181307975
10,Acetaldehyde,50.0,53.457197336129724,3.457197336129724
10,Toluene,40.0,39.38964307577014,0.6103569242298619
10,Acetaldehyde,200.0,188.1047487167894,11.895251283210598
10,Toluene,80.0,65.42634816621931,14.573651833780687
10,Acetaldehyde,100.0,109.48532564197541,9.485325641975408
10,Toluene,20.0,41.5447905463232,21.5447905463232
10,Acetaldehyde,50.0,55.47062549574028,5.470625495740279
10,Toluene,40.0,42.43682260245065,2.436822602450647
10,Acetaldehyde,200.0,185.725037585379,14.274962414621001
10,Toluene,80.0,63.701554510792434,16.298445489207566
10,Acetaldehyde,100.0,116.0581307251641,16.058130725164105
10,Toluene,1.0,56.908438030447186,55.908438030447186
10,Acetaldehyde,10.0,21.171730284215712,11.171730284215712
10,Toluene,100.0,84.38655711684201,15.613442883157987
10,Acetaldehyde,150.0,158.61347940426975,8.613479404269754
10,Toluene,60.0,50.41156722198632,9.588432778013683
10,Acetaldehyde,250.0,231.73293035627455,18.26706964372545
10,Toluene,1.0,51.967524883019934,50.967524883019934
10,Acetaldehyde,10.0,13.040825989543762,3.0408259895437624
10,Toluene,100.0,84.57252221440835,15.427477785591648
10,Acetaldehyde,150.0,156.43524329674,6.435243296739998
10,Toluene,60.0,52.71710804293251,7.282891957067491
10,Acetaldehyde,250.0,228.35154674947316,21.648453250526842
10,Toluene,20.0,39.61062606163392,19.610626061633923
10,Acetaldehyde,50.0,57.0885088534267,7.088508853426703
10,Toluene,40.0,45.569175220295065,5.569175220295065
10,Acetaldehyde,200.0,182.46289321024852,17.537106789751476
10,Toluene,80.0,72.44523420587349,7.55476579412651
10,Acetaldehyde,100.0,108.30776897157907,8.307768971579065
10,Toluene,60.0,53.98422111157298,6.015778888427022
10,Acetaldehyde,250.0,221.82368604856225,28.17631395143775
10,Toluene,20.0,39.155582341505905,19.155582341505905
10,Acetaldehyde,50.0,59.491810986278665,9.491810986278665
10,Toluene,40.0,44.590969431603924,4.590969431603924
10,Acetaldehyde,200.0,184.1100860310625,15.889913968937492
10,Toluene,80.0,71.57953711609886,8.420462883901138
10,Acetaldehyde,100.0,109.31782034990204,9.317820349902036
10,Toluene,1.0,53.901137805685025,52.901137805685025
10,Acetaldehyde,10.0,23.706047586162896,13.706047586162896
10,Toluene,100.0,85.17971227078581,14.820287729214186
10,Acetaldehyde,150.0,152.4450676204103,2.445067620410299
10,Toluene,20.0,38.04328962532621,18.04328962532621
10,Acetaldehyde,50.0,60.73983896598003,10.739838965980027
10,Toluene,40.0,44.33337465356283,4.333374653562828
10,Acetaldehyde,200.0,184.58279477237645,15.417205227623555
10,Toluene,80.0,69.76552169819824,10.234478301801758
10,Acetaldehyde,100.0,108.70067602718751,8.700676027187512
10,Toluene,1.0,55.29607947578252,54.29607947578252
10,Acetaldehyde,10.0,20.468802631846913,10.468802631846913
10,Toluene,100.0,80.95310621969267,19.04689378030733
10,Acetaldehyde,150.0,155.47944071549998,5.479440715499976
10,Toluene,60.0,48.63663220667995,11.363367793320052
10,Acetaldehyde,250.0,221.7981376796149,28.20186232038509
10,Toluene,1.0,59.54702473471666,58.54702473471666
10,Acetaldehyde,10.0,17.401917007617442,7.401917007617442
10,Toluene,20.0,32.238077982952134,12.238077982952134
10,Acetaldehyde,50.0,58.701322701829525,8.701322701829525
10,Toluene,40.0,43.5878118724811,3.5878118724810975
10,Acetaldehyde,200.0,180.55707160882204,19.442928391177958
10,Toluene,80.0,69.06436136045704,10.935638639542958
10,Acetaldehyde,100.0,110.71173495902678,10.711734959026785
10,Toluene,100.0,78.09257164608715,21.90742835391285
10,Acetaldehyde,150.0,152.64188238890875,2.641882388908755
10,Toluene,60.0,50.12191886928494,9.87808113071506
10,Acetaldehyde,250.0,225.26636629451963,24.733633705480372
10,Toluene,80.0,65.36290729805887,14.637092701941128
10,Acetaldehyde,100.0,112.62141741964217,12.621417419642171
10,Toluene,1.0,49.61334658544526,48.61334658544526
10,Acetaldehyde,10.0,21.76801419791815,11.768014197918149
10,Toluene,100.0,81.01727077677423,18.982729223225775
10,Acetaldehyde,150.0,155.13973255464253,5.139732554642535
10,Toluene,60.0,48.648548794042824,11.351451205957176
10,Acetaldehyde,250.0,224.62310795880066,25.37689204119934
10,Toluene,20.0,37.91762422028782,17.91762422028782
10,Acetaldehyde,50.0,59.27349747271414,9.27349747271414
10,Toluene,40.0,42.16188065364403,2.161880653644033
10,Acetaldehyde,200.0,185.88009735629498,14.119902643705018
10,Toluene,20.0,34.986863802945294,14.986863802945294
10,Acetaldehyde,50.0,61.28494680313615,11.284946803136151
10,Toluene,40.0,43.58116805848839,3.5811680584883874
10,Acetaldehyde,200.0,184.16223047236053,15.837769527639466
10,Toluene,80.0,65.19263591959738,14.807364080402621
10,Acetaldehyde,100.0,107.47430005485491,7.474300054854908
10,Toluene,1.0,49.40963520837481,48.40963520837481
10,Acetaldehyde,10.0,11.430304785418258,1.430304785418258
10,Toluene,100.0,81.34554483894416,18.654455161055836
10,Acetaldehyde,150.0,146.80841779254436,3.191582207455639
10,Toluene,60.0,49.132872308989164,10.867127691010836
10,Acetaldehyde,250.0,220.35799027348475,29.642009726515255
10,Toluene,60.0,48.74221818801652,11.257781811983477
10,Acetaldehyde,250.0,222.38659926671707,27.61340073328293
10,Toluene,20.0,38.06506196452048,18.06506196452048
10,Acetaldehyde,50.0,56.704961842460534,6.704961842460534
10,Toluene,40.0,43.980798383134996,3.980798383134996
10,Acetaldehyde,200.0,185.89391737127863,14.106082628721367
10,Toluene,80.0,59.89231714133203,20.10768285866797
10,Acetaldehyde,100.0,110.68699582958487,10.686995829584873
10,Toluene,1.0,38.08339261489256,37.08339261489256
10,Acetaldehyde,10.0,14.584090368519512,4.584090368519512
10,Toluene,100.0,79.01846660204511,20.98153339795489
10,Acetaldehyde,150.0,155.69073158621185,5.690731586211854
10,Toluene,100.0,73.4585580571772,26.5414419428228
10,Acetaldehyde,150.0,154.8069091030738,4.806909103073792
10,Toluene,60.0,47.52469783896058,12.475302161039423
10,Acetaldehyde,250.0,226.56011577623656,23.439884223763443
10,Toluene,1.0,55.91749654653853,54.91749654653853
10,Acetaldehyde,10.0,11.426975648075967,1.4269756480759668
10,Toluene,20.0,31.48504235048162,11.48504235048162
10,Acetaldehyde,50.0,60.179944573751115,10.179944573751115
10,Toluene,40.0,40.35518667135857,0.35518667135856674
10,Acetaldehyde,200.0,181.3820731169866,18.61792688301341
10,Toluene,80.0,63.96194157147096,16.03805842852904
10,Acetaldehyde,100.0,109.74785793910263,9.74785793910263
10,Toluene,1.0,55.41044577331431,54.41044577331431
10,Acetaldehyde,10.0,17.736746515599208,7.736746515599208
10,Toluene,100.0,76.17235571345398,23.82764428654602
10,Acetaldehyde,150.0,155.33036498357802,5.330364983578022
10,Toluene,60.0,48.108614607931344,11.891385392068656
10,Acetaldehyde,250.0,219.92968339114697,30.070316608853034
10,Toluene,20.0,38.91986424620359,18.919864246203588
10,Acetaldehyde,50.0,59.310992146409845,9.310992146409845
10,Toluene,40.0,40.5197626043107,0.5197626043106993
10,Acetaldehyde,200.0,180.79533673498466,19.20466326501534
10,Toluene,80.0,57.575664370077234,22.424335629922766
10,Acetaldehyde,100.0,110.34976680422396,10.349766804223961
10,Toluene,20.0,34.57773125647563,14.57773125647563
10,Acetaldehyde,50.0,57.63385917118916,7.633859171189158
10,Toluene,40.0,39.06003707067498,0.93996292932502
10,Acetaldehyde,200.0,188.64737201034495,11.352627989655048
10,Toluene,80.0,55.56182163833088,24.438178361669117
10,Acetaldehyde,100.0,112.17278277140394,12.172782771403945
10,Toluene,1.0,51.45417252023205,50.45417252023205
10,Acetaldehyde,10.0,19.14002341981832,9.14002341981832
10,Toluene,100.0,70.36217670485598,29.637823295144017
10,Acetaldehyde,150.0,153.2261423953188,3.2261423953187887
10,Toluene,60.0,45.32695680709442,14.673043192905581
10,Acetaldehyde,250.0,221.96555334930167,28.034446650698328
10,Toluene,1.0,50.972167547602595,49.972167547602595
10,Acetaldehyde,10.0,26.921153153825685,16.921153153825685
10,Toluene,100.0,94.89114342883113,5.108856571168872
10,Acetaldehyde,150.0,163.65426542971832,13.654265429718322
10,Toluene,60.0,54.90453353550963,5.0954664644903715
10,Acetaldehyde,250.0,248.8918998008213,1.1081001991786934
10,Toluene,20.0,37.43459888362811,17.434598883628112
10,Acetaldehyde,50.0,65.01733562408126,15.017335624081255
10,Toluene,40.0,47.68115049995491,7.68115049995491
10,Acetaldehyde,200.0,200.80183434204818,0.8018343420481813
10,Toluene,80.0,75.7331237602476,4.266876239752406
10,Acetaldehyde,100.0,115.2368060041001,15.236806004100103
10,Toluene,60.0,52.869669380176404,7.130330619823596
10,Acetaldehyde,250.0,255.83006723846842,5.830067238468416
10,Toluene,20.0,37.428007712463454,17.428007712463454
10,Acetaldehyde,50.0,69.98646104613778,19.986461046137777
10,Toluene,40.0,48.138606881914484,8.138606881914484
10,Acetaldehyde,200.0,209.42624635118344,9.426246351183437
10,Toluene,80.0,66.82667846801104,13.173321531988961
10,Acetaldehyde,100.0,122.11616467581861,22.11616467581861
10,Toluene,1.0,57.99466282410407,56.99466282410407
10,Acetaldehyde,10.0,24.02799433019895,14.02799433019895
10,Toluene,100.0,80.65923741250182,19.340762587498176
10,Acetaldehyde,150.0,174.16934825003796,24.169348250037956
10,Toluene,20.0,33.35752998765132,13.357529987651318
10,Acetaldehyde,50.0,70.6420713682634,20.6420713682634
10,Toluene,40.0,42.629493296304275,2.6294932963042754
10,Acetaldehyde,200.0,205.8667977647034,5.866797764703392
10,Toluene,80.0,57.023055997608125,22.976944002391875
10,Acetaldehyde,100.0,120.2528736506412,20.252873650641206
10,Toluene,1.0,47.346972366283254,46.346972366283254
10,Acetaldehyde,10.0,18.146664875114567,8.146664875114567
10,Toluene,100.0,74.71407904872558,25.28592095127442
10,Acetaldehyde,150.0,165.98229117461426,15.98229117461426
10,Toluene,60.0,46.8856531432379,13.114346856762097
10,Acetaldehyde,250.0,238.3246337901117,11.675366209888296
10,Toluene,1.0,45.3550787949503,44.3550787949503
10,Acetaldehyde,10.0,21.199537767810497,11.199537767810497
10,Toluene,20.0,34.96498641702409,14.964986417024093
10,Acetaldehyde,50.0,69.99498253577443,19.994982535774426
10,Toluene,40.0,46.129305713170154,6.1293057131701545
10,Acetaldehyde,200.0,190.7936421145181,9.206357885481907
10,Toluene,80.0,60.01698190913467,19.98301809086533
10,Acetaldehyde,100.0,121.17095312913102,21.17095312913102
10,Toluene,100.0,65.91053599893925,34.08946400106075
10,Acetaldehyde,150.0,169.34051684230405,19.340516842304055
10,Toluene,60.0,44.33579075015359,15.664209249846408
10,Acetaldehyde,250.0,241.36062408157517,8.639375918424832
10,Toluene,80.0,51.12425146851814,28.87574853148186
10,Acetaldehyde,100.0,122.07668549164498,22.07668549164498
10,Toluene,1.0,46.276432339010455,45.276432339010455
10,Acetaldehyde,10.0,18.595782228925046,8.595782228925046
10,Toluene,100.0,77.90744510483523,22.092554895164767
10,Acetaldehyde,150.0,159.18112053041625,9.181120530416251
10,Toluene,60.0,50.1693925468369,9.830607453163097
10,Acetaldehyde,250.0,227.44944261579388,22.550557384206115
10,Toluene,20.0,39.370314973999854,19.370314973999854
10,Acetaldehyde,50.0,66.7445697625231,16.7445697625231
10,Toluene,40.0,42.578647838090944,2.5786478380909443
10,Acetaldehyde,200.0,189.73202352165163,10.267976478348373
10,Toluene,20.0,37.45397730226611,17.45397730226611
10,Acetaldehyde,50.0,69.44610502964106,19.44610502964106
10,Toluene,40.0,43.66367582129244,3.6636758212924434
10,Acetaldehyde,200.0,186.46896013005758,13.531039869942418
10,Toluene,80.0,58.16538382154948,21.834616178450517
10,Acetaldehyde,100.0,117.90025451629128,17.900254516291284
10,Toluene,1.0,50.915650879868764,49.915650879868764
10,Acetaldehyde,10.0,21.73898287963189,11.738982879631891
10,Toluene,100.0,70.76643725708166,29.233562742918338
10,Acetaldehyde,150.0,154.23730374576652,4.237303745766525
10,Toluene,60.0,42.438773515244776,17.561226484755224
10,Acetaldehyde,250.0,227.81549239085712,22.184507609142884
10,Toluene,60.0,44.69959456981101,15.300405430188988
10,Acetaldehyde,250.0,225.53844828599534,24.461551714004656
10,Toluene,20.0,37.84725617364353,17.84725617364353
10,Acetaldehyde,50.0,64.67856694032889,14.678566940328892
10,Toluene,40.0,44.11035457703515,4.110354577035153
10,Acetaldehyde,200.0,183.97061926019984,16.02938073980016
10,Toluene,80.0,61.18519650380851,18.814803496191487
10,Acetaldehyde,100.0,113.96610278379995,13.966102783799954
10,Toluene,1.0,53.196407861749506,52.196407861749506
10,Acetaldehyde,10.0,16.63022892243214,6.6302289224321385
10,Toluene,100.0,74.92310342905603,25.076896570943973
10,Acetaldehyde,150.0,157.056159525935,7.056159525934987
10,Toluene,100.0,67.57479389841082,32.42520610158918
10,Acetaldehyde,150.0,156.11576289346047,6.11576289346047
10,Toluene,60.0,45.68701646735708,14.312983532642917
10,Acetaldehyde,250.0,223.7736834080099,26.2263165919901
10,Toluene,1.0,49.45413562205647,48.45413562205647
10,Acetaldehyde,10.0,16.51631645456864,6.5163164545686385
10,Toluene,20.0,33.52736979244062,13.527369792440624
10,Acetaldehyde,50.0,68.1628645294576,18.162864529457593
10,Toluene,40.0,41.29515782570516,1.2951578257051608
10,Acetaldehyde,200.0,182.4591958377949,17.54080416220509
10,Toluene,80.0,56.617933930240966,23.382066069759034
10,Acetaldehyde,100.0,116.18823349682661,16.188233496826612
10,Toluene,1.0,42.26089872137619,41.26089872137619
10,Acetaldehyde,10.0,15.597832178095203,5.597832178095203
10,Toluene,100.0,75.77188375325892,24.22811624674108
10,Acetaldehyde,150.0,154.4184011690614,4.418401169061411
10,Toluene,60.0,46.702016793350836,13.297983206649164
10,Acetaldehyde,250.0,220.70350237695288,29.296497623047117
10,Toluene,20.0,38.1271934066617,18.127193406661704
10,Acetaldehyde,50.0,67.68012758710125,17.680127587101254
10,Toluene,40.0,41.955041361132515,1.9550413611325155
10,Acetaldehyde,200.0,183.9060352177933,16.09396478220671
10,Toluene,80.0,59.02969023867449,20.97030976132551
10,Acetaldehyde,100.0,116.7479758246509,16.747975824650894
10,Toluene,20.0,37.098024809111166,17.098024809111166
10,Acetaldehyde,50.0,64.63029310765477,14.630293107654765
10,Toluene,40.0,41.975781263157444,1.9757812631574438
10,Acetaldehyde,200.0,182.59924474850013,17.400755251499874
10,Toluene,80.0,56.087301607319745,23.912698392680255
10,Acetaldehyde,100.0,118.2113915563727,18.211391556372703
10,Toluene,1.0,51.01101584070554,50.01101584070554
10,Acetaldehyde,10.0,20.86592253453587,10.86592253453587
10,Toluene,100.0,74.91865370724062,25.081346292759378
10,Acetaldehyde,150.0,152.94704070197622,2.9470407019762206
10,Toluene,60.0,43.66962045276409,16.330379547235907
10,Acetaldehyde,250.0,224.70663278065916,25.293367219340837
10,Acetone,2.5,30.794203155389695,28.294203155389695
10,Acetaldehyde,10.0,19.58449081525265,9.58449081525265
10,Acetone,250.0,218.39980595256503,31.600194047434968
10,Acetaldehyde,150.0,156.7317332312022,6.731733231202213
10,Acetone,150.0,137.2921422785145,12.70785772148551
10,Acetaldehyde,250.0,239.0128917273035,10.987108272696503
10,Acetone,50.0,40.65731059204434,9.34268940795566
10,Acetaldehyde,50.0,52.05755524385174,2.0575552438517377
10,Acetone,100.0,87.18017874441597,12.819821255584031
10,Acetaldehyde,200.0,182.8464325514355,17.1535674485645
10,Acetone,200.0,178.6229961797183,21.377003820281686
10,Acetaldehyde,100.0,96.53299528678455,3.467004713215445
10,Acetone,150.0,137.71785388682036,12.282146113179635
10,Acetaldehyde,250.0,246.04758285026898,3.952417149731019
10,Acetone,50.0,40.91274658321612,9.08725341678388
10,Acetaldehyde,50.0,53.5534453945929,3.5534453945928988
10,Acetone,100.0,86.9997336211635,13.0002663788365
10,Acetaldehyde,200.0,195.9152482939486,4.0847517060514065
10,Acetone,200.0,183.548173788707,16.451826211292996
10,Acetaldehyde,100.0,108.99818688326053,8.99818688326053
10,Acetone,2.5,41.17980092408065,38.67980092408065
10,Acetaldehyde,10.0,16.259121289521516,6.2591212895215165
10,Acetone,250.0,217.38019721940205,32.61980278059795
10,Acetaldehyde,150.0,178.4215988521817,28.42159885218169
10,Acetone,50.0,42.87721418130779,7.122785818692208
10,Acetaldehyde,50.0,62.90358608742807,12.903586087428067
10,Acetone,100.0,94.45946631640135,5.540533683598653
10,Acetaldehyde,200.0,210.47523113207026,10.475231132070263
10,Acetone,200.0,186.78512667900145,13.21487332099855
10,Acetaldehyde,100.0,102.28150221131163,2.2815022113116328
10,Acetone,2.5,39.322294052748575,36.822294052748575
10,Acetaldehyde,10.0,15.163381834105806,5.163381834105806
10,Acetone,250.0,218.99426409618764,31.005735903812365
10,Acetaldehyde,150.0,152.73886587238127,2.738865872381268
10,Acetone,150.0,146.04724890034848,3.952751099651522
10,Acetaldehyde,250.0,233.94528059035775,16.054719409642246
10,Acetone,2.5,37.01873051562859,34.51873051562859
10,Acetaldehyde,10.0,17.856195395514476,7.856195395514476
10,Acetone,50.0,48.08090587181316,1.9190941281868419
10,Acetaldehyde,50.0,56.7243964896781,6.724396489678099
10,Acetone,100.0,90.35397578852815,9.646024211471854
10,Acetaldehyde,200.0,183.34251611902383,16.657483880976173
10,Acetone,200.0,185.31535130253968,14.684648697460318
10,Acetaldehyde,100.0,95.01551562768127,4.984484372318732
10,Acetone,250.0,224.90351079438813,25.096489205611874
10,Acetaldehyde,150.0,136.5672234233336,13.432776576666413
10,Acetone,150.0,143.7791658524706,6.220834147529388
10,Acetaldehyde,250.0,223.42907963621738,26.57092036378262
10,Acetone,200.0,183.60158326516088,16.398416734839117
10,Acetaldehyde,100.0,93.28688941605087,6.713110583949131
10,Acetone,2.5,37.512912061791525,35.012912061791525
10,Acetaldehyde,10.0,19.713994413262768,9.713994413262768
10,Acetone,250.0,214.1769550356149,35.823044964385105
10,Acetaldehyde,150.0,136.76504230110524,13.23495769889476
10,Acetone,150.0,146.96532545034842,3.0346745496515837
10,Acetaldehyde,250.0,215.4665869078818,34.533413092118195
10,Acetone,50.0,47.32371787684248,2.6762821231575202
10,Acetaldehyde,50.0,53.682113732832576,3.682113732832576
10,Acetone,100.0,93.91591894602104,6.084081053978963
10,Acetaldehyde,200.0,175.35630615686435,24.64369384313565
10,Acetone,50.0,48.32883623429082,1.6711637657091813
10,Acetaldehyde,50.0,54.789814249272354,4.789814249272354
10,Acetone,100.0,93.59893848346591,6.401061516534085
10,Acetaldehyde,200.0,172.00744367972848,27.992556320271518
10,Acetone,200.0,185.82294597984855,14.177054020151445
10,Acetaldehyde,100.0,93.31729950844647,6.682700491553533
10,Acetone,2.5,36.989896681505925,34.489896681505925
10,Acetaldehyde,10.0,19.85941902991283,9.859419029912829
10,Acetone,250.0,216.35142169914667,33.64857830085333
10,Acetaldehyde,150.0,124.67555756494771,25.32444243505229
10,Acetone,150.0,148.26761181670037,1.7323881832996335
10,Acetaldehyde,250.0,205.65832921915793,44.341670780842065
10,Acetone,150.0,149.32899092804917,0.6710090719508344
10,Acetaldehyde,250.0,205.42395411507994,44.57604588492006
10,Acetone,50.0,46.922680446835386,3.077319553164614
10,Acetaldehyde,50.0,53.47325317122703,3.4732531712270287
10,Acetone,100.0,95.11208151045238,4.887918489547616
10,Acetaldehyde,200.0,168.4040580486324,31.595941951367593
10,Acetone,200.0,186.56056033785316,13.439439662146839
10,Acetaldehyde,100.0,92.8541525274116,7.1458474725884
10,Acetone,2.5,35.689570361363266,33.189570361363266
10,Acetaldehyde,10.0,16.240754465433312,6.240754465433312
10,Acetone,250.0,213.27377663655088,36.72622336344912
10,Acetaldehyde,150.0,123.52214054189544,26.47785945810456
10,Acetone,250.0,227.32102321288073,22.678976787119268
10,Acetaldehyde,150.0,122.62567603699414,27.374323963005864
10,Acetone,150.0,144.8846993375733,5.115300662426705
10,Acetaldehyde,250.0,204.23014798716568,45.76985201283432
10,Acetone,2.5,36.01200572472209,33.51200572472209
10,Acetaldehyde,10.0,22.777913717287134,12.777913717287134
10,Acetone,50.0,52.889462613438354,2.8894626134383543
10,Acetaldehyde,50.0,59.7596937455795,9.759693745579497
10,Acetone,100.0,95.61345934532588,4.386540654674121
10,Acetaldehyde,200.0,162.93898820105866,37.06101179894134
10,Acetone,200.0,189.60817750866875,10.391822491331254
10,Acetaldehyde,100.0,89.19734651986296,10.802653480137039
10,Acetone,2.5,34.63224636205591,32.13224636205591
10,Acetaldehyde,10.0,16.501495713359986,6.501495713359986
10,Acetone,250.0,213.9384466383758,36.06155336162419
10,Acetaldehyde,150.0,120.26467546264114,29.735324537358863
10,Acetone,150.0,148.28294234118118,1.717057658818817
10,Acetaldehyde,250.0,203.00101806845237,46.99898193154763
10,Acetone,50.0,54.81873742070189,4.818737420701893
10,Acetaldehyde,50.0,55.91525618410019,5.915256184100187
10,Acetone,100.0,98.3905541518644,1.609445848135607
10,Acetaldehyde,200.0,165.3284063176743,34.67159368232569
10,Acetone,200.0,192.57536370119007,7.424636298809929
10,Acetaldehyde,100.0,87.66617934536045,12.333820654639553
10,Acetone,50.0,55.2454128224242,5.2454128224242
10,Acetaldehyde,50.0,57.478115384880724,7.478115384880724
10,Acetone,100.0,100.32979923716255,0.3297992371625469
10,Acetaldehyde,200.0,166.08082034774156,33.919179652258435
10,Acetone,200.0,193.56445219503127,6.435547804968735
10,Acetaldehyde,100.0,88.05267793427416,11.947322065725842
10,Acetone,2.5,34.97016444034314,32.47016444034314
10,Acetaldehyde,10.0,15.63827846842969,5.638278468429689
10,Acetone,250.0,223.6207004807779,26.379299519222087
10,Acetaldehyde,150.0,128.4740483525067,21.525951647493287
10,Acetone,150.0,151.84635744689123,1.8463574468912327
10,Acetaldehyde,250.0,209.37488534884457,40.62511465115543
10,Acetone,2.5,36.60807455931257,34.10807455931257
10,Acetaldehyde,10.0,17.21093388455617,7.2109338845561695
10,Acetone,250.0,221.79535702663048,28.204642973369516
10,Acetaldehyde,150.0,128.01767313477944,21.982326865220557
10,Acetone,150.0,149.56657053970642,0.4334294602935813
10,Acetaldehyde,250.0,205.8874915564129,44.1125084435871
10,Acetone,50.0,53.313542332739445,3.313542332739445
10,Acetaldehyde,50.0,59.760047747934465,9.760047747934465
10,Acetone,100.0,97.89693840187627,2.1030615981237304
10,Acetaldehyde,200.0,168.58281727310043,31.41718272689957
10,Acetone,200.0,191.4718090856122,8.528190914387807
10,Acetaldehyde,100.0,86.47755273730024,13.522447262699757
10,Acetone,150.0,153.69933030482977,3.699330304829772
10,Acetaldehyde,250.0,210.94929651660874,39.05070348339126
10,Acetone,50.0,54.00030514106328,4.000305141063279
10,Acetaldehyde,50.0,59.117423706390085,9.117423706390085
10,Acetone,100.0,97.22797862045142,2.772021379548576
10,Acetaldehyde,200.0,168.4001196593599,31.599880340640112
10,Acetone,200.0,190.3839467759484,9.616053224051598
10,Acetaldehyde,100.0,87.03779124055416,12.962208759445843
10,Acetone,2.5,32.65948148256483,30.15948148256483
10,Acetaldehyde,10.0,16.94226268905257,6.942262689052569
10,Acetone,250.0,227.61380742117467,22.38619257882533
10,Acetaldehyde,150.0,128.00946879538608,21.990531204613916
10,Acetone,50.0,52.68377497894103,2.683774978941031
10,Acetaldehyde,50.0,59.55785382764975,9.557853827649751
10,Acetone,100.0,101.1837510235576,1.1837510235576048
10,Acetaldehyde,200.0,164.1943964026745,35.8056035973255
10,Acetone,200.0,197.3879085752793,2.6120914247206883
10,Acetaldehyde,100.0,85.19768675579357,14.802313244206431
10,Acetone,2.5,32.190256006005825,29.690256006005825
10,Acetaldehyde,10.0,19.438304108870682,9.438304108870682
10,Acetone,250.0,225.05210839563455,24.947891604365452
10,Acetaldehyde,150.0,125.89728008400172,24.10271991599828
10,Acetone,150.0,151.972019709309,1.972019709308995
10,Acetaldehyde,250.0,205.52587866501977,44.474121334980225
10,Acetone,2.5,32.996296007802,30.496296007802002
10,Acetaldehyde,10.0,19.770893012662228,9.770893012662228
10,Acetone,50.0,56.70842409179704,6.708424091797042
10,Acetaldehyde,50.0,60.89265860213686,10.892658602136862
10,Acetone,100.0,100.68179445930663,0.6817944593066301
10,Acetaldehyde,200.0,163.83547806111497,36.16452193888503
10,Acetone,200.0,196.21556279160959,3.7844372083904148
10,Acetaldehyde,100.0,86.97151771209693,13.028482287903074
10,Acetone,250.0,236.9785240826932,13.021475917306788
10,Acetaldehyde,150.0,122.63589715024027,27.364102849759732
10,Acetone,150.0,150.35087058829475,0.3508705882947538
10,Acetaldehyde,250.0,200.68110345097426,49.31889654902574
10,Acetone,200.0,195.1260163234311,4.873983676568912
10,Acetaldehyde,100.0,83.1641962112408,16.835803788759193
10,Acetone,2.5,33.29650650922514,30.79650650922514
10,Acetaldehyde,10.0,18.23100654445342,8.231006544453422
10,Acetone,250.0,221.94968730491053,28.050312695089474
10,Acetaldehyde,150.0,125.91518700180654,24.084812998193456
10,Acetone,150.0,151.8993295452263,1.8993295452262942
10,Acetaldehyde,250.0,202.88920995469252,47.11079004530748
10,Acetone,50.0,53.63780563179371,3.637805631793711
10,Acetaldehyde,50.0,59.111026831599546,9.111026831599546
10,Acetone,100.0,99.07055158553695,0.929448414463053
10,Acetaldehyde,200.0,167.6576759245103,32.3423240754897
10,Acetone,50.0,54.67608215812665,4.676082158126647
10,Acetaldehyde,50.0,61.12575986026266,11.125759860262662
10,Acetone,100.0,101.55136643789898,1.5513664378989773
10,Acetaldehyde,200.0,162.7844840810119,37.2155159189881
10,Acetone,200.0,192.81261448191702,7.187385518082976
10,Acetaldehyde,100.0,85.04569995090588,14.954300049094115
10,Acetone,2.5,32.75882759800295,30.258827598002952
10,Acetaldehyde,10.0,19.42696637955416,9.426966379554159
10,Acetone,250.0,216.69325020311754,33.30674979688246
10,Acetaldehyde,150.0,126.54090027371372,23.459099726286283
10,Acetone,150.0,153.77069365900712,3.7706936590071223
10,Acetaldehyde,250.0,198.97538163008358,51.024618369916425
10,Acetone,150.0,150.98498363844948,0.9849836384494779
10,Acetaldehyde,250.0,203.00268059295968,46.99731940704032
10,Acetone,50.0,53.80030765005955,3.800307650059551
10,Acetaldehyde,50.0,58.49281501790135,8.49281501790135
10,Acetone,100.0,99.43725040478405,0.5627495952159478
10,Acetaldehyde,200.0,157.37303091196762,42.62696908803238
10,Acetone,200.0,189.12917079952888,10.870829200471121
10,Acetaldehyde,100.0,84.70414789241681,15.295852107583187
10,Acetone,2.5,31.544545614086772,29.044545614086772
10,Acetaldehyde,10.0,15.703018053889139,5.703018053889139
10,Acetone,250.0,209.2901012690097,40.70989873099029
10,Acetaldehyde,150.0,121.29226281401989,28.707737185980108
10,Acetone,250.0,226.4845434562618,23.515456543738196
10,Acetaldehyde,150.0,121.71552923354739,28.284470766452614
10,Acetone,150.0,149.01788876142714,0.9821112385728554
10,Acetaldehyde,250.0,200.29466987318185,49.705330126818154
10,Acetone,2.5,29.996958182511406,27.496958182511406
10,Acetaldehyde,10.0,15.087153319148925,5.087153319148925
10,Acetone,50.0,51.66798210729715,1.6679821072971492
10,Acetaldehyde,50.0,59.75041067639836,9.75041067639836
10,Acetone,100.0,95.78843512992441,4.211564870075591
10,Acetaldehyde,200.0,158.4951028487079,41.50489715129211
10,Acetone,200.0,183.9360408722422,16.063959127757812
10,Acetaldehyde,100.0,87.04855703057888,12.951442969421123
10,Acetone,2.5,28.923172447496697,26.423172447496697
10,Acetaldehyde,10.0,13.919428657963309,3.9194286579633086
10,Acetone,250.0,206.4426610273651,43.55733897263491
10,Acetaldehyde,150.0,120.18360860412392,29.81639139587608
10,Acetone,150.0,141.89804372437195,8.101956275628055
10,Acetaldehyde,250.0,196.14635568926127,53.85364431073873
10,Acetone,50.0,45.90248734906727,4.097512650932728
10,Acetaldehyde,50.0,59.03003287141122,9.030032871411223
10,Acetone,100.0,91.81000983176551,8.189990168234488
10,Acetaldehyde,200.0,159.38205982024252,40.61794017975748
10,Acetone,200.0,174.15612230558554,25.84387769441446
10,Acetaldehyde,100.0,88.83452437781695,11.165475622183052
10,Acetone,50.0,44.74914923111221,5.250850768887787
10,Acetaldehyde,50.0,57.20566014067849,7.205660140678489
10,Acetone,100.0,87.9634163902987,12.036583609701296
10,Acetaldehyde,200.0,155.84575626046612,44.15424373953388
10,Acetone,200.0,173.49501879880836,26.50498120119164
10,Acetaldehyde,100.0,85.14741898224665,14.852581017753351
10,Acetone,2.5,33.04790956567959,30.54790956567959
10,Acetaldehyde,10.0,17.449145635887078,7.449145635887078
10,Acetone,250.0,223.67411412930258,26.32588587069742
10,Acetaldehyde,150.0,125.01549871105726,24.984501288942738
10,Acetone,150.0,150.90796035045247,0.9079603504524698
10,Acetaldehyde,250.0,202.43812634985608,47.56187365014392
10,Acetone,2.5,51.38036477432232,48.88036477432232
10,Acetaldehyde,10.0,34.19903175824972,24.199031758249717
10,Acetone,250.0,241.68305417656492,8.316945823435077
10,Acetaldehyde,150.0,198.2970042396503,48.297004239650306
10,Acetone,150.0,167.22165586588326,17.221655865883264
10,Acetaldehyde,250.0,266.57446883683673,16.57446883683673
10,Acetone,50.0,57.51008153026633,7.5100815302663335
10,Acetaldehyde,50.0,108.47395812569215,58.47395812569215
10,Acetone,100.0,116.42969495059721,16.42969495059721
10,Acetaldehyde,200.0,209.9362273366455,9.936227336645487
10,Acetone,200.0,205.86202379856127,5.8620237985612675
10,Acetaldehyde,100.0,158.091942456948,58.091942456948004
10,Acetone,150.0,164.56568121250206,14.565681212502056
10,Acetaldehyde,250.0,290.7640334307813,40.764033430781296
10,Acetone,50.0,56.08095291311571,6.080952913115709
10,Acetaldehyde,50.0,117.42321812470496,67.42321812470496
10,Acetone,100.0,115.21754727650246,15.217547276502458
10,Acetaldehyde,200.0,239.7469070714654,39.74690707146539
10,Acetone,200.0,206.323591832125,6.323591832125004
10,Acetaldehyde,100.0,182.03890084089858,82.03890084089858
10,Acetone,2.5,49.593441325767955,47.093441325767955
10,Acetaldehyde,10.0,29.123522680103207,19.123522680103207
10,Acetone,250.0,236.16897342702111,13.831026572978885
10,Acetaldehyde,150.0,232.78947890258965,82.78947890258965
10,Acetone,50.0,51.22956454432206,1.2295645443220593
10,Acetaldehyde,50.0,132.16216717681957,82.16216717681957
10,Acetone,100.0,109.06196878419303,9.061968784193027
10,Acetaldehyde,200.0,256.79433932277595,56.794339322775954
10,Acetone,200.0,202.9052466042914,2.905246604291392
10,Acetaldehyde,100.0,156.60580841234994,56.605808412349944
10,Acetone,2.5,39.3263243285044,36.8263243285044
10,Acetaldehyde,10.0,26.403223796276663,16.403223796276663
10,Acetone,250.0,231.7720633316256,18.22793666837441
10,Acetaldehyde,150.0,184.01052399423554,34.01052399423554
10,Acetone,150.0,157.0251870421942,7.025187042194204
10,Acetaldehyde,250.0,228.0891178030881,21.9108821969119
10,Acetone,2.5,40.28866185252309,37.78866185252309
10,Acetaldehyde,10.0,18.437960545871405,8.437960545871405
10,Acetone,50.0,48.43186638373565,1.5681336162643476
10,Acetaldehyde,50.0,95.78225787111826,45.78225787111826
10,Acetone,100.0,101.68312292094527,1.6831229209452658
10,Acetaldehyde,200.0,190.98725396256933,9.012746037430674
10,Acetone,200.0,194.95244758985842,5.047552410141577
10,Acetaldehyde,100.0,124.66780892617521,24.667808926175212
10,Acetone,250.0,242.34640714745228,7.6535928525477175
10,Acetaldehyde,150.0,157.61000077633074,7.610000776330736
10,Acetone,150.0,160.15915241526343,10.159152415263435
10,Acetaldehyde,250.0,216.94929005521178,33.050709944788224
10,Acetone,200.0,194.71850236659287,5.2814976334071275
10,Acetaldehyde,100.0,120.26926316068675,20.269263160686748
10,Acetone,2.5,36.88209663389132,34.38209663389132
10,Acetaldehyde,10.0,17.838253439788303,7.8382534397883035
10,Acetone,250.0,223.65477692493053,26.34522307506947
10,Acetaldehyde,150.0,147.67266120047145,2.3273387995285475
10,Acetone,150.0,157.64156090362974,7.641560903629738
10,Acetaldehyde,250.0,203.65741490232634,46.34258509767366
10,Acetone,50.0,49.181705287361495,0.8182947126385045
10,Acetaldehyde,50.0,70.04538492750092,20.04538492750092
10,Acetone,100.0,107.01465369718397,7.014653697183974
10,Acetaldehyde,200.0,177.5770240426586,22.422975957341407
10,Acetone,50.0,49.22280171420839,0.7771982857916129
10,Acetaldehyde,50.0,72.24340091401038,22.24340091401038
10,Acetone,100.0,100.93094183241912,0.9309418324191228
10,Acetaldehyde,200.0,182.61957253044943,17.38042746955057
10,Acetone,200.0,197.78812877652265,2.2118712234773454
10,Acetaldehyde,100.0,108.91391611797917,8.91391611797917
10,Acetone,2.5,38.827408847068355,36.327408847068355
10,Acetaldehyde,10.0,17.108203195503208,7.108203195503208
10,Acetone,250.0,228.4374554083476,21.562544591652397
10,Acetaldehyde,150.0,134.01813689125345,15.981863108746552
10,Acetone,150.0,154.48610976276146,4.486109762761458
10,Acetaldehyde,250.0,201.71280959765488,48.28719040234512
10,Acetone,150.0,155.68909737813647,5.689097378136466
10,Acetaldehyde,250.0,198.5397208809162,51.46027911908379
10,Acetone,50.0,48.270021967901414,1.729978032098586
10,Acetaldehyde,50.0,61.09708184234614,11.097081842346142
10,Acetone,100.0,99.50264803650747,0.49735196349253386
10,Acetaldehyde,200.0,163.2839844388413,36.71601556115871
10,Acetone,200.0,192.64021103302332,7.35978896697668
10,Acetaldehyde,100.0,100.75065274125555,0.7506527412555499
10,Acetone,2.5,35.126337968661275,32.626337968661275
10,Acetaldehyde,10.0,19.407387281585883,9.407387281585883
10,Acetone,250.0,226.82368277224384,23.176317227756158
10,Acetaldehyde,150.0,136.03603940225025,13.963960597749747
10,Acetone,250.0,234.04416722547603,15.95583277452397
10,Acetaldehyde,150.0,128.21074506330288,21.78925493669712
10,Acetone,150.0,155.72934201030276,5.729342010302759
10,Acetaldehyde,250.0,203.36101252804184,46.63898747195816
10,Acetone,2.5,37.40129528890594,34.90129528890594
10,Acetaldehyde,10.0,16.769471625784206,6.769471625784206
10,Acetone,50.0,48.52690992034863,1.4730900796513708
10,Acetaldehyde,50.0,69.50691273627868,19.50691273627868
10,Acetone,100.0,101.33040012592534,1.3304001259253369
10,Acetaldehyde,200.0,166.4516321374025,33.5483678625975
10,Acetone,200.0,192.02476943624183,7.975230563758174
10,Acetaldehyde,100.0,99.90041340795821,0.09958659204178844
10,Acetone,2.5,35.705251043063186,33.205251043063186
10,Acetaldehyde,10.0,18.14817426665499,8.14817426665499
10,Acetone,250.0,222.0115065468247,27.988493453175295
10,Acetaldehyde,150.0,126.77638294438756,23.223617055612436
10,Acetone,150.0,153.74667235331827,3.7466723533182744
10,Acetaldehyde,250.0,200.79759049721832,49.20240950278168
10,Acetone,50.0,46.38893714463404,3.611062855365958
10,Acetaldehyde,50.0,61.291177429713315,11.291177429713315
10,Acetone,100.0,96.55161416536404,3.448385834635957
10,Acetaldehyde,200.0,173.61775768667886,26.382242313321143
10,Acetone,200.0,190.17310689650617,9.82689310349383
10,Acetaldehyde,100.0,105.55183364867497,5.551833648674972
10,Acetone,50.0,50.155397724142134,0.1553977241421336
10,Acetaldehyde,50.0,61.73428975165058,11.734289751650579
10,Acetone,100.0,104.98720050941472,4.98720050941472
10,Acetaldehyde,200.0,170.68595731785223,29.31404268214777
10,Acetone,200.0,195.93385697341085,4.066143026589145
10,Acetaldehyde,100.0,103.61352522999874,3.613525229998743
10,Acetone,2.5,34.13187026196559,31.631870261965588
10,Acetaldehyde,10.0,18.29858603646946,8.298586036469459
10,Acetone,250.0,223.2204880665675,26.779511933432502
10,Acetaldehyde,150.0,136.1589390103667,13.841060989633291
10,Acetone,150.0,155.18155241256102,5.181552412561018
10,Acetaldehyde,250.0,204.8802262685777,45.1197737314223
10,Acetone,2.5,32.731137347602086,30.231137347602086
10,Acetaldehyde,10.0,20.005575328316183,10.005575328316183
10,Acetone,250.0,224.1124178609124,25.887582139087613
10,Acetaldehyde,150.0,129.88187456360902,20.118125436390983
10,Acetone,150.0,155.67927412992913,5.6792741299291265
10,Acetaldehyde,250.0,199.18121792535283,50.818782074647174
10,Acetone,50.0,50.94550764208027,0.9455076420802726
10,Acetaldehyde,50.0,59.8025282989382,9.8025282989382
10,Acetone,100.0,103.79801602599532,3.7980160259953237
10,Acetaldehyde,200.0,167.02663615186808,32.973363848131925
10,Acetone,200.0,196.23311826601434,3.766881733985656
10,Acetaldehyde,100.0,98.66681921392627,1.3331807860737257
10,Acetone,150.0,158.469400714418,8.469400714417986
10,Acetaldehyde,250.0,202.5936919421407,47.40630805785929
10,Acetone,50.0,53.286836153310674,3.2868361533106736
10,Acetaldehyde,50.0,60.1872051699424,10.187205169942402
10,Acetone,100.0,103.16453917165259,3.164539171652592
10,Acetaldehyde,200.0,168.27531897810093,31.724681021899073
10,Acetone,200.0,196.78053652803277,3.219463471967231
10,Acetaldehyde,100.0,97.52131563277354,2.478684367226464
10,Acetone,2.5,38.74471061507754,36.24471061507754
10,Acetaldehyde,10.0,20.0706093237024,10.0706093237024
10,Acetone,250.0,226.12561894136957,23.874381058630433
10,Acetaldehyde,150.0,127.33828490723846,22.66171509276154
10,Acetone,50.0,50.759911357898304,0.7599113578983037
10,Acetaldehyde,50.0,59.5666252234936,9.566625223493602
10,Acetone,100.0,99.95493965440428,0.045060345595715035
10,Acetaldehyde,200.0,163.66069290767618,36.33930709232382
10,Acetone,200.0,189.30223651786505,10.697763482134945
10,Acetaldehyde,100.0,97.69485423102287,2.305145768977127
10,Acetone,2.5,36.64014330689555,34.14014330689555
10,Acetaldehyde,10.0,19.039924853340366,9.039924853340366
10,Acetone,250.0,228.39472687647643,21.605273123523574
10,Acetaldehyde,150.0,124.67977015702527,25.320229842974726
10,Acetone,150.0,157.83835751237214,7.838357512372141
10,Acetaldehyde,250.0,196.2980966189396,53.70190338106039
10,Acetone,2.5,38.48182313813335,35.98182313813335
10,Acetaldehyde,10.0,23.88708273013576,13.88708273013576
10,Acetone,50.0,58.92431366255421,8.924313662554212
10,Acetaldehyde,50.0,63.25656928116756,13.256569281167558
10,Acetone,100.0,100.69702078994963,0.697020789949633
10,Acetaldehyde,200.0,162.77616009083013,37.22383990916987
10,Acetone,200.0,198.8779323850654,1.1220676149345934
10,Acetaldehyde,100.0,97.36029203882492,2.639707961175077
10,Acetone,250.0,238.3075520596673,11.692447940332698
10,Acetaldehyde,150.0,123.80290625226614,26.19709374773386
10,Acetone,150.0,159.8045979023265,9.804597902326492
10,Acetaldehyde,250.0,197.16924900630647,52.83075099369353
10,Acetone,200.0,197.95369654869637,2.046303451303629
10,Acetaldehyde,100.0,96.51157687362925,3.4884231263707477
10,Acetone,2.5,41.255378313959,38.755378313959
10,Acetaldehyde,10.0,21.66961261774611,11.669612617746111
10,Acetone,250.0,226.02221435912531,23.977785640874686
10,Acetaldehyde,150.0,131.38253730248599,18.617462697514014
10,Acetone,150.0,158.37609055485868,8.376090554858678
10,Acetaldehyde,250.0,196.8834868741505,53.11651312584951
10,Acetone,50.0,51.41985136047677,1.4198513604767697
10,Acetaldehyde,50.0,58.16844283909282,8.168442839092819
10,Acetone,100.0,99.8179661989696,0.1820338010303999
10,Acetaldehyde,200.0,172.33226146863802,27.667738531361977
10,Acetone,50.0,55.810043138444655,5.810043138444655
10,Acetaldehyde,50.0,59.48114687914716,9.481146879147161
10,Acetone,100.0,105.13722188754691,5.1372218875469144
10,Acetaldehyde,200.0,169.98416781346032,30.015832186539683
10,Acetone,200.0,200.9069688202441,0.9069688202440886
10,Acetaldehyde,100.0,96.88208445368959,3.117915546310414
10,Acetone,2.5,39.92771272831645,37.42771272831645
10,Acetaldehyde,10.0,21.52449131549575,11.524491315495752
10,Acetone,250.0,230.9945545046578,19.0054454953422
10,Acetaldehyde,150.0,122.80420411016286,27.195795889837143
10,Acetone,150.0,157.33230486327201,7.3323048632720145
10,Acetaldehyde,250.0,198.74088404778593,51.259115952214074
10,Acetone,150.0,161.04086869827412,11.040868698274124
10,Acetaldehyde,250.0,197.22300885970122,52.776991140298776
10,Acetone,50.0,53.8070795597031,3.807079559703098
10,Acetaldehyde,50.0,55.98245861980348,5.982458619803481
10,Acetone,100.0,103.07123060791623,3.0712306079162346
10,Acetaldehyde,200.0,168.38606067766665,31.61393932233335
10,Acetone,200.0,201.76417934154404,1.764179341544036
10,Acetaldehyde,100.0,95.73468074027,4.265319259730006
10,Acetone,2.5,38.345177021706206,35.845177021706206
10,Acetaldehyde,10.0,21.576997457765103,11.576997457765103
10,Acetone,250.0,229.85936594448486,20.140634055515136
10,Acetaldehyde,150.0,124.90067054434553,25.09932945565447
10,Acetone,250.0,235.78982515122968,14.210174848770322
10,Acetaldehyde,150.0,127.46075361192722,22.539246388072783
10,Acetone,150.0,156.55796283718638,6.5579628371863805
10,Acetaldehyde,250.0,198.0042569015681,51.99574309843189
10,Acetone,2.5,38.25768716291766,35.75768716291766
10,Acetaldehyde,10.0,20.35141274364871,10.351412743648709
10,Acetone,50.0,57.70076664930497,7.700766649304967
10,Acetaldehyde,50.0,62.188573623855035,12.188573623855035
10,Acetone,100.0,105.73296300153929,5.732963001539289
10,Acetaldehyde,200.0,164.55655506045827,35.443444939541735
10,Acetone,200.0,199.55157328365377,0.44842671634623343
10,Acetaldehyde,100.0,92.66046154560485,7.339538454395154
10,Acetone,2.5,37.04192065833267,34.54192065833267
10,Acetaldehyde,10.0,19.455017899229958,9.455017899229958
10,Acetone,250.0,225.16709582928894,24.83290417071106
10,Acetaldehyde,150.0,124.56133606391846,25.43866393608154
10,Acetone,150.0,156.92542912656987,6.925429126569867
10,Acetaldehyde,250.0,195.81104162658698,54.188958373413016
10,Acetone,50.0,55.23289754262302,5.2328975426230215
10,Acetaldehyde,50.0,55.982443164889276,5.9824431648892755
10,Acetone,100.0,101.04283678112347,1.0428367811234693
10,Acetaldehyde,200.0,163.90896637576992,36.09103362423008
10,Acetone,200.0,199.46699515768137,0.5330048423186327
10,Acetaldehyde,100.0,94.4799792002191,5.5200207997808945
10,Acetone,50.0,55.06772237002538,5.067722370025379
10,Acetaldehyde,50.0,54.54738974036202,4.547389740362021
10,Acetone,100.0,104.72722687596236,4.727226875962359
10,Acetaldehyde,200.0,165.58111163963127,34.418888360368726
10,Acetone,200.0,196.27167961238013,3.728320387619874
10,Acetaldehyde,100.0,95.33437227366159,4.665627726338414
10,Acetone,2.5,33.8940987513253,31.394098751325302
10,Acetaldehyde,10.0,18.18249162120607,8.182491621206069
10,Acetone,250.0,226.6051164144232,23.394883585576792
10,Acetaldehyde,150.0,130.87462469771674,19.12537530228326
10,Acetone,150.0,154.4614313457754,4.461431345775395
10,Acetaldehyde,250.0,195.7585162967465,54.24148370325349
10,Acetone,10.0,61.8584639391256,51.8584639391256
10,Ammonia,50.0,72.53482505430833,22.534825054308328
10,Acetone,250.0,256.76343104966224,6.763431049662245
10,Ammonia,600.0,611.93529011846,11.935290118459989
10,Acetone,150.0,148.3117725082002,1.6882274917998075
10,Ammonia,1000.0,956.1243296196579,43.87567038034206
10,Acetone,50.0,84.47566084252605,34.475660842526054
10,Ammonia,200.0,211.5188394211777,11.518839421177688
10,Acetone,100.0,113.00200650962607,13.00200650962607
10,Ammonia,800.0,772.7318187400874,27.26818125991258
10,Acetone,200.0,212.99953369772044,12.999533697720437
10,Ammonia,400.0,425.14860048719237,25.14860048719237
10,Acetone,150.0,155.41947847739272,5.419478477392715
10,Ammonia,1000.0,834.9170917358579,165.08290826414213
10,Acetone,50.0,90.71990844024941,40.71990844024941
10,Ammonia,200.0,182.65081091226003,17.349189087739973
10,Acetone,100.0,116.08213140549125,16.082131405491253
10,Ammonia,800.0,666.0296468083982,133.97035319160182
10,Acetone,200.0,218.94703177912703,18.94703177912703
10,Ammonia,400.0,371.8788422126601,28.121157787339882
10,Acetone,10.0,72.70643265924598,62.706432659245976
10,Ammonia,50.0,67.79814410482047,17.798144104820466
10,Acetone,250.0,271.40209532023516,21.402095320235162
10,Ammonia,600.0,568.1125666130256,31.887433386974408
10,Acetone,50.0,61.44237913974291,11.442379139742911
10,Ammonia,200.0,217.05351347608524,17.053513476085243
10,Acetone,100.0,107.40667471342618,7.4066747134261846
10,Ammonia,800.0,788.1048584021729,11.895141597827092
10,Acetone,200.0,233.88856162938123,33.88856162938123
10,Ammonia,400.0,445.5125560161728,45.51255601617282
10,Acetone,10.0,43.287020172329946,33.287020172329946
10,Ammonia,50.0,72.2237922955646,22.223792295564607
10,Acetone,250.0,274.8294491206356,24.829449120635616
10,Ammonia,600.0,647.4800244710678,47.48002447106785
10,Acetone,150.0,168.14959337939337,18.149593379393366
10,Ammonia,1000.0,980.4373366039837,19.56266339601632
10,Acetone,10.0,37.52657179691755,27.52657179691755
10,Ammonia,50.0,72.9776355813089,22.977635581308903
10,Acetone,50.0,61.32456632966334,11.324566329663341
10,Ammonia,200.0,229.4737903553584,29.473790355358403
10,Acetone,100.0,113.99099656710192,13.990996567101917
10,Ammonia,800.0,838.0848473882169,38.08484738821687
10,Acetone,200.0,240.32228708702414,40.32228708702414
10,Ammonia,400.0,456.57150940586257,56.57150940586257
10,Acetone,250.0,307.8225317335078,57.82253173350779
10,Ammonia,600.0,633.7193552700165,33.719355270016536
10,Acetone,150.0,167.51243999615366,17.51243999615366
10,Ammonia,1000.0,957.6228925504703,42.37710744952972
10,Acetone,200.0,230.61750129369736,30.61750129369736
10,Ammonia,400.0,473.91875109336405,73.91875109336405
10,Acetone,10.0,50.93930676277553,40.93930676277553
10,Ammonia,50.0,71.33675860536464,21.336758605364636
10,Acetone,250.0,296.4655893349393,46.465589334939295
10,Ammonia,600.0,686.7300064581893,86.73000645818934
10,Acetone,150.0,177.26263896462171,27.262638964621715
10,Ammonia,1000.0,1003.2599832947433,3.2599832947432787
10,Acetone,50.0,68.36283587451233,18.362835874512328
10,Ammonia,200.0,231.39322067469323,31.393220674693225
10,Acetone,100.0,117.78214863297212,17.782148632972124
10,Ammonia,800.0,821.2639208130577,21.263920813057666
10,Acetone,50.0,82.41201445574922,32.412014455749215
10,Ammonia,200.0,240.36634238025903,40.36634238025903
10,Acetone,100.0,114.14638001421878,14.146380014218778
10,Ammonia,800.0,843.1951638679667,43.1951638679667
10,Acetone,200.0,233.92893114945502,33.928931149455025
10,Ammonia,400.0,449.5926508660151,49.592650866015106
10,Acetone,10.0,47.224791454962,37.224791454962
10,Ammonia,50.0,75.54894859095805,25.548948590958048
10,Acetone,250.0,297.6802349892032,47.6802349892032
10,Ammonia,600.0,670.8211205825208,70.82112058252085
10,Acetone,150.0,178.28213767318914,28.28213767318914
10,Ammonia,1000.0,1028.972817880767,28.972817880767025
10,Acetone,150.0,175.70203228459502,25.70203228459502
10,Ammonia,1000.0,983.8267202295197,16.17327977048035
10,Acetone,50.0,71.70442218828354,21.704422188283544
10,Ammonia,200.0,232.02841944821859,32.028419448218585
10,Acetone,100.0,112.4687551947496,12.468755194749605
10,Ammonia,800.0,771.0605195006513,28.939480499348747
10,Acetone,200.0,224.14480167577474,24.144801675774744
10,Ammonia,400.0,421.43004290951234,21.430042909512338
10,Acetone,10.0,49.1636326157261,39.1636326157261
10,Ammonia,50.0,74.01063674940181,24.01063674940181
10,Acetone,250.0,288.87408178253435,38.87408178253435
10,Ammonia,600.0,619.9447427832594,19.944742783259358
10,Acetone,250.0,272.44058749066966,22.440587490669657
10,Ammonia,600.0,614.6287786436466,14.62877864364657
10,Acetone,150.0,161.28190588178575,11.281905881785747
10,Ammonia,1000.0,925.2109956893325,74.78900431066745
10,Acetone,10.0,62.58546745860835,52.58546745860835
10,Ammonia,50.0,74.93763288128733,24.93763288128733
10,Acetone,50.0,83.00602412529646,33.00602412529646
10,Ammonia,200.0,218.13090186801895,18.130901868018952
10,Acetone,100.0,114.7453518936259,14.745351893625894
10,Ammonia,800.0,773.9298928956143,26.07010710438567
10,Acetone,200.0,225.3614135227442,25.361413522744186
10,Ammonia,400.0,412.585420387141,12.585420387141028
10,Acetone,10.0,61.945220549008454,51.945220549008454
10,Ammonia,50.0,76.28574382672267,26.285743826722666
10,Acetone,250.0,268.12401207826815,18.12401207826815
10,Ammonia,600.0,607.0131203041872,7.013120304187169
10,Acetone,150.0,165.55933601111474,15.559336011114738
10,Ammonia,1000.0,946.2708722413445,53.72912775865552
10,Acetone,50.0,83.73976840285434,33.73976840285434
10,Ammonia,200.0,213.60683366532328,13.606833665323279
10,Acetone,100.0,112.87073467615105,12.870734676151045
10,Ammonia,800.0,779.8732490031953,20.12675099680473
10,Acetone,200.0,226.27758154583069,26.277581545830685
10,Ammonia,400.0,420.33654327816146,20.336543278161457
10,Acetone,50.0,84.01737131429505,34.01737131429505
10,Ammonia,200.0,217.9247676991727,17.92476769917269
10,Acetone,100.0,115.63849591281846,15.638495912818456
10,Ammonia,800.0,793.6561787072454,6.343821292754569
10,Acetone,200.0,225.84127078606434,25.841270786064342
10,Ammonia,400.0,421.286407816321,21.286407816321002
10,Acetone,10.0,59.957829874064004,49.957829874064004
10,Ammonia,50.0,75.88963522991907,25.889635229919065
10,Acetone,250.0,277.25823922558425,27.258239225584248
10,Ammonia,600.0,626.4968746596039,26.496874659603918
10,Acetone,150.0,162.8963311436989,12.896331143698887
10,Ammonia,1000.0,935.2212629201058,64.7787370798942
10,Toluene,1.0,68.11805463690202,67.11805463690202
10,Acetaldehyde,10.0,36.97159754573761,26.97159754573761
10,Toluene,100.0,75.90603472798517,24.093965272014827
10,Acetaldehyde,150.0,135.74618554399294,14.253814456007063
10,Toluene,60.0,47.99219609262052,12.007803907379483
10,Acetaldehyde,250.0,207.73294982235964,42.26705017764036
10,Toluene,20.0,38.310361033037026,18.310361033037026
10,Acetaldehyde,50.0,51.769645984482906,1.7696459844829064
10,Toluene,40.0,38.538202095946374,1.4617979040536255
10,Acetaldehyde,200.0,171.54963637552726,28.450363624472743
10,Toluene,80.0,59.87434109826086,20.125658901739143
10,Acetaldehyde,100.0,110.75250896483993,10.752508964839933
10,Toluene,60.0,48.83512001747857,11.164879982521427
10,Acetaldehyde,250.0,205.87260305105258,44.12739694894742
10,Toluene,20.0,37.2453072769307,17.245307276930703
10,Acetaldehyde,50.0,40.594846834498796,9.405153165501204
10,Toluene,40.0,33.988599054384096,6.011400945615904
10,Acetaldehyde,200.0,170.1945400730157,29.805459926984298
10,Toluene,80.0,60.70351920502051,19.296480794979487
10,Acetaldehyde,100.0,118.57645276864781,18.576452768647812
10,Toluene,1.0,72.28566711050064,71.28566711050064
10,Acetaldehyde,10.0,28.08098943918246,18.08098943918246
10,Toluene,100.0,74.22424297299042,25.775757027009575
10,Acetaldehyde,150.0,135.0125033274567,14.987496672543301
10,Toluene,20.0,39.60971466528325,19.60971466528325
10,Acetaldehyde,50.0,49.0217839346344,0.9782160653656007
10,Toluene,40.0,37.16871537068347,2.831284629316528
10,Acetaldehyde,200.0,167.59257632054533,32.407423679454666
10,Toluene,80.0,61.49486512227756,18.50513487772244
10,Acetaldehyde,100.0,108.26309339354981,8.26309339354981
10,Toluene,1.0,54.855224387509566,53.855224387509566
10,Acetaldehyde,10.0,27.872494432993193,17.872494432993193
10,Toluene,100.0,69.99354726296039,30.00645273703961
10,Acetaldehyde,150.0,142.62898231031448,7.371017689685516
10,Toluene,60.0,47.885055434844176,12.114944565155824
10,Acetaldehyde,250.0,209.82068126035725,40.17931873964275
10,Toluene,1.0,43.247798423273565,42.247798423273565
10,Acetaldehyde,10.0,16.75340397093052,6.7534039709305205
10,Toluene,20.0,34.85997929606752,14.859979296067522
10,Acetaldehyde,50.0,43.97143207264041,6.028567927359589
10,Toluene,40.0,39.759112276492914,0.2408877235070861
10,Acetaldehyde,200.0,167.43222607099173,32.56777392900827
10,Toluene,80.0,61.221405818281724,18.778594181718276
10,Acetaldehyde,100.0,109.36773732541346,9.367737325413458
10,Toluene,100.0,69.75058887898912,30.24941112101088
10,Acetaldehyde,150.0,147.99783427336956,2.0021657266304373
10,Toluene,60.0,47.003738446043414,12.996261553956586
10,Acetaldehyde,250.0,212.69238764829015,37.30761235170985
10,Toluene,80.0,59.12113443042351,20.87886556957649
10,Acetaldehyde,100.0,109.32423641368544,9.32423641368544
10,Toluene,1.0,61.42312782776759,60.42312782776759
10,Acetaldehyde,10.0,27.851488492538962,17.851488492538962
10,Toluene,100.0,71.71139912733517,28.28860087266483
10,Acetaldehyde,150.0,156.92484940279172,6.924849402791722
10,Toluene,60.0,48.841002301837946,11.158997698162054
10,Acetaldehyde,250.0,229.40285958163167,20.597140418368326
10,Toluene,20.0,37.99717832073567,17.99717832073567
10,Acetaldehyde,50.0,48.40932389295857,1.590676107041432
10,Toluene,40.0,36.03517801163893,3.9648219883610665
10,Acetaldehyde,200.0,185.29154177103175,14.708458228968254
10,Toluene,20.0,37.516561847428065,17.516561847428065
10,Acetaldehyde,50.0,50.57537559060104,0.5753755906010412
10,Toluene,40.0,37.55660256199107,2.4433974380089296
10,Acetaldehyde,200.0,192.83396971930912,7.166030280690876
10,Toluene,80.0,59.57952422560567,20.420475774394333
10,Acetaldehyde,100.0,106.13801579376747,6.138015793767465
10,Toluene,1.0,73.09740261247669,72.09740261247669
10,Acetaldehyde,10.0,22.23685387386884,12.236853873868839
10,Toluene,100.0,75.32674124283193,24.67325875716807
10,Acetaldehyde,150.0,160.66095972158172,10.660959721581719
10,Toluene,60.0,47.358206492197894,12.641793507802106
10,Acetaldehyde,250.0,234.30846058121114,15.691539418788864
10,Toluene,60.0,47.002878923896034,12.997121076103966
10,Acetaldehyde,250.0,231.6736742934241,18.326325706575886
10,Toluene,20.0,36.79577397613551,16.795773976135507
10,Acetaldehyde,50.0,40.421990984795215,9.578009015204785
10,Toluene,40.0,35.86305990760512,4.13694009239488
10,Acetaldehyde,200.0,190.04738652345893,9.952613476541075
10,Toluene,80.0,55.850463903356996,24.149536096643004
10,Acetaldehyde,100.0,115.186483853541,15.186483853541006
10,Toluene,1.0,34.84923068092287,33.84923068092287
10,Acetaldehyde,10.0,8.426190288395475,1.5738097116045253
10,Toluene,100.0,74.67534339663602,25.324656603363977
10,Acetaldehyde,150.0,161.3833972645106,11.383397264510592
10,Toluene,100.0,71.13575715372934,28.864242846270656
10,Acetaldehyde,150.0,163.97146283414565,13.971462834145655
10,Toluene,60.0,48.53397782020065,11.466022179799353
10,Acetaldehyde,250.0,230.7266016462542,19.27339835374579
10,Toluene,1.0,51.90490284503328,50.90490284503328
10,Acetaldehyde,10.0,13.4820856756386,3.4820856756386007
10,Toluene,20.0,33.72476736220281,13.724767362202812
10,Acetaldehyde,50.0,53.95643410503824,3.956434105038241
10,Toluene,40.0,36.53036324609589,3.469636753904112
10,Acetaldehyde,200.0,188.66120063688558,11.338799363114418
10,Toluene,80.0,59.32927612287389,20.670723877126107
10,Acetaldehyde,100.0,112.06295162452818,12.062951624528182
10,Toluene,1.0,44.73283724326147,43.73283724326147
10,Acetaldehyde,10.0,13.136359402825803,3.1363594028258035
10,Toluene,100.0,78.21428682703593,21.785713172964066
10,Acetaldehyde,150.0,162.337460715786,12.337460715785994
10,Toluene,60.0,51.04202207269813,8.957977927301869
10,Acetaldehyde,250.0,242.33234215404423,7.667657845955773
10,Toluene,20.0,34.640350098819596,14.640350098819596
10,Acetaldehyde,50.0,54.121740156294265,4.1217401562942655
10,Toluene,40.0,37.615749077155044,2.3842509228449558
10,Acetaldehyde,200.0,200.5172639356947,0.5172639356947002
10,Toluene,80.0,56.66095472865085,23.33904527134915
10,Acetaldehyde,100.0,114.20556782796297,14.205567827962966
10,Toluene,20.0,31.357687357895983,11.357687357895983
10,Acetaldehyde,50.0,46.52089361646651,3.479106383533491
10,Toluene,40.0,39.7300993765289,0.2699006234711021
10,Acetaldehyde,200.0,202.41614899904897,2.4161489990489713
10,Toluene,80.0,61.05291777521583,18.947082224784168
10,Acetaldehyde,100.0,119.24719162768662,19.247191627686618
10,Toluene,1.0,63.650082273244095,62.650082273244095
10,Acetaldehyde,10.0,20.636181734926822,10.636181734926822
10,Toluene,100.0,78.91845299108148,21.08154700891852
10,Acetaldehyde,150.0,172.0313968618266,22.031396861826607
10,Toluene,60.0,50.99744424143317,9.002555758566828
10,Acetaldehyde,250.0,237.463030825109,12.536969174890999
10,Acetone,10.0,29.01475227127561,19.01475227127561
10,Ammonia,50.0,27.502670194690026,22.497329805309974
10,Acetone,250.0,270.79312364261074,20.793123642610738
10,Ammonia,600.0,318.29818442276627,281.70181557723373
10,Acetone,150.0,154.77157892971726,4.771578929717265
10,Ammonia,1000.0,766.3419393259196,233.6580606740804
10,Acetone,50.0,63.39064773162994,13.39064773162994
10,Ammonia,200.0,204.9301770311469,4.930177031146911
10,Acetone,100.0,107.78117932142175,7.781179321421746
10,Ammonia,800.0,817.4467292332342,17.446729233234237
10,Acetone,200.0,200.5127902599002,0.5127902599002141
10,Ammonia,400.0,428.68842902206154,28.68842902206154
10,Acetone,150.0,151.19801934224483,1.1980193422448338
10,Ammonia,1000.0,1028.0597388919907,28.05973889199072
10,Acetone,50.0,68.52475007504584,18.524750075045844
10,Ammonia,200.0,227.521616354637,27.52161635463699
10,Acetone,100.0,103.22474117214416,3.2247411721441637
10,Ammonia,800.0,790.7762257736409,9.223774226359069
10,Acetone,200.0,213.79595392086514,13.795953920865145
10,Ammonia,400.0,373.2507830312948,26.749216968705184
10,Acetone,10.0,47.16621199066647,37.16621199066647
10,Ammonia,50.0,71.25026305205134,21.250263052051338
10,Acetone,250.0,261.8978367234349,11.89783672343492
10,Ammonia,600.0,499.0561558374691,100.94384416253092
10,Acetone,50.0,74.94538497636896,24.945384976368956
10,Ammonia,200.0,185.50074260394666,14.499257396053338
10,Acetone,100.0,105.96977911829993,5.969779118299925
10,Ammonia,800.0,706.5608220834222,93.43917791657782
10,Acetone,200.0,212.75633244104415,12.756332441044151
10,Ammonia,400.0,407.0155927698806,7.015592769880584
10,Acetone,10.0,31.114491448817006,21.114491448817006
10,Ammonia,50.0,67.9301272512231,17.930127251223098
10,Acetone,250.0,267.71235020315737,17.71235020315737
10,Ammonia,600.0,619.2445806971639,19.244580697163883
10,Acetone,150.0,156.94686395393208,6.9468639539320804
10,Ammonia,1000.0,960.1919486713126,39.808051328687384
10,Acetone,10.0,29.827569016863634,19.827569016863634
10,Ammonia,50.0,72.64558970246725,22.645589702467248
10,Acetone,50.0,70.72216560956088,20.722165609560875
10,Ammonia,200.0,225.96759181379593,25.967591813795934
10,Acetone,100.0,113.34813966616336,13.348139666163362
10,Ammonia,800.0,846.4494834902391,46.44948349023912
10,Acetone,200.0,221.88759392681038,21.887593926810382
10,Ammonia,400.0,451.84810615531427,51.84810615531427
10,Acetone,250.0,282.07690953227916,32.07690953227916
10,Ammonia,600.0,689.8098238447276,89.80982384472759
10,Acetone,150.0,162.27946771496426,12.279467714964255
10,Ammonia,1000.0,1017.5255976977695,17.525597697769513
10,Acetone,200.0,222.16208564391826,22.16208564391826
10,Ammonia,400.0,454.3114417318837,54.31144173188369
10,Acetone,10.0,36.28100610143011,26.28100610143011
10,Ammonia,50.0,66.89241012290594,16.892410122905943
10,Acetone,250.0,276.1708695397967,26.170869539796684
10,Ammonia,600.0,655.0695810943246,55.069581094324576
10,Acetone,150.0,161.0340895516958,11.034089551695814
10,Ammonia,1000.0,1017.7564774063475,17.75647740634747
10,Acetone,50.0,71.19487057460088,21.194870574600884
10,Ammonia,200.0,221.61754274820694,21.617542748206944
10,Acetone,100.0,106.0939037546303,6.093903754630304
10,Ammonia,800.0,865.849209957049,65.84920995704897
10,Acetone,50.0,71.13581095756655,21.135810957566548
10,Ammonia,200.0,233.90805888611737,33.908058886117374
10,Acetone,100.0,108.38903322155889,8.38903322155889
10,Ammonia,800.0,873.534496070972,73.53449607097195
10,Acetone,200.0,225.3270983180617,25.3270983180617
10,Ammonia,400.0,461.65698732389734,61.65698732389734
10,Acetone,10.0,42.738446946240316,32.738446946240316
10,Ammonia,50.0,67.60450492935509,17.604504929355087
10,Acetone,250.0,277.63844073559954,27.638440735599545
10,Ammonia,600.0,698.2264738701444,98.22647387014445
10,Acetone,150.0,158.3891612346833,8.389161234683314
10,Ammonia,1000.0,986.2297438938158,13.770256106184206
10,Acetone,150.0,156.60426507891484,6.604265078914835
10,Ammonia,1000.0,1016.329247231886,16.32924723188603
10,Acetone,50.0,73.97622154609348,23.976221546093484
10,Ammonia,200.0,202.72968248630212,2.7296824863021243
10,Acetone,100.0,108.41828259096498,8.418282590964978
10,Ammonia,800.0,860.4600279257019,60.460027925701866
10,Acetone,200.0,225.1075065509416,25.107506550941594
10,Ammonia,400.0,460.5704790650772,60.57047906507722
10,Acetone,10.0,33.83661556977502,23.83661556977502
10,Ammonia,50.0,61.56723216477343,11.56723216477343
10,Acetone,250.0,277.0989208168996,27.09892081689958
10,Ammonia,600.0,702.9044724373372,102.90447243733718
10,Acetone,250.0,272.4521356664721,22.45213566647209
10,Ammonia,600.0,654.0827014198715,54.082701419871455
10,Acetone,150.0,171.66679070962485,21.66679070962485
10,Ammonia,1000.0,1061.1334913958303,61.13349139583033
10,Acetone,10.0,31.3707851716793,21.3707851716793
10,Ammonia,50.0,59.271624095014104,9.271624095014104
10,Acetone,50.0,69.27438982819908,19.274389828199077
10,Ammonia,200.0,217.43502694067868,17.435026940678682
10,Acetone,100.0,105.6040606402365,5.604060640236497
10,Ammonia,800.0,883.6273074995113,83.62730749951129
10,Acetone,200.0,228.74763402026747,28.74763402026747
10,Ammonia,400.0,468.4898849545858,68.48988495458582
10,Acetone,10.0,44.58040530390316,34.58040530390316
10,Ammonia,50.0,57.41772996949956,7.417729969499561
10,Acetone,250.0,276.4175420978359,26.417542097835906
10,Ammonia,600.0,685.1524958190083,85.15249581900832
10,Acetone,150.0,163.97019695502536,13.970196955025358
10,Ammonia,1000.0,1063.2973207216476,63.297320721647566
10,Acetone,50.0,69.34535652612368,19.34535652612368
10,Ammonia,200.0,214.48814440724277,14.488144407242771
10,Acetone,100.0,106.69395497215847,6.6939549721584655
10,Ammonia,800.0,895.8640539991717,95.86405399917169
10,Acetone,200.0,225.35460740473982,25.354607404739824
10,Ammonia,400.0,470.9539835535269,70.95398355352688
10,Acetone,50.0,68.93831574337673,18.938315743376734
10,Ammonia,200.0,227.79926399550953,27.799263995509534
10,Acetone,100.0,111.01032805502975,11.010328055029746
10,Ammonia,800.0,921.8713074527192,121.87130745271918
10,Acetone,200.0,228.5334194376137,28.533419437613702
10,Ammonia,400.0,492.8986835828899,92.89868358288987
10,Acetone,10.0,31.53832541412862,21.53832541412862
10,Ammonia,50.0,54.46797637338294,4.467976373382939
10,Acetone,250.0,279.04310172410493,29.04310172410493
10,Ammonia,600.0,721.9698870379912,121.96988703799116
10,Acetone,150.0,167.7008012713809,17.700801271380897
10,Ammonia,1000.0,1093.5471109449231,93.54711094492313
10,Acetone,10.0,35.60739663037127,25.60739663037127
10,Ammonia,50.0,57.150286720128875,7.150286720128875
10,Acetone,250.0,271.45119466966946,21.451194669669462
10,Ammonia,600.0,703.6048042453268,103.60480424532682
10,Acetone,150.0,161.328826757973,11.32882675797299
10,Ammonia,1000.0,1099.7447549054416,99.7447549054416
10,Acetone,50.0,70.01667643149807,20.01667643149807
10,Ammonia,200.0,215.20940384149475,15.209403841494748
10,Acetone,100.0,108.40757732722415,8.407577327224146
10,Ammonia,800.0,934.8018646215254,134.8018646215254
10,Acetone,200.0,226.73149645504884,26.73149645504884
10,Ammonia,400.0,471.8791936918148,71.8791936918148
10,Acetone,150.0,162.95512855839442,12.95512855839442
10,Ammonia,1000.0,1111.4798523126728,111.47985231267285
10,Acetone,50.0,67.88978564440421,17.889785644404213
10,Ammonia,200.0,204.80572049149274,4.805720491492735
10,Acetone,100.0,109.27082042379996,9.270820423799961
10,Ammonia,800.0,867.1323591507684,67.13235915076837
10,Acetone,200.0,211.37870541893912,11.37870541893912
10,Ammonia,400.0,439.88733599397233,39.88733599397233
10,Acetone,10.0,45.52877075802131,35.52877075802131
10,Ammonia,50.0,59.43974691003204,9.439746910032042
10,Acetone,250.0,255.82198999296753,5.821989992967531
10,Ammonia,600.0,641.2514551940982,41.251455194098185
10,Acetone,50.0,69.75023565716309,19.75023565716309
10,Ammonia,200.0,208.51988289594792,8.519882895947916
10,Acetone,100.0,113.11922294101996,13.119222941019956
10,Ammonia,800.0,851.8503058317677,51.85030583176774
10,Acetone,200.0,210.02279737058768,10.022797370587682
10,Ammonia,400.0,423.77032208443717,23.77032208443717
10,Acetone,10.0,50.6249361991366,40.6249361991366
10,Ammonia,50.0,55.62504326252778,5.625043262527782
10,Acetone,250.0,268.73749389360694,18.73749389360694
10,Ammonia,600.0,676.580225623246,76.58022562324595
10,Acetone,150.0,162.91873555002232,12.918735550022319
10,Ammonia,1000.0,1033.1954978392487,33.195497839248674
10,Acetone,10.0,41.3276799920491,31.3276799920491
10,Ammonia,50.0,55.82082748835252,5.820827488352521
10,Acetone,50.0,64.23970320112426,14.239703201124257
10,Ammonia,200.0,204.1384857767811,4.138485776781096
10,Acetone,100.0,111.247852581645,11.247852581645006
10,Ammonia,800.0,849.5482897759123,49.54828977591228
10,Acetone,200.0,213.57895037968024,13.578950379680236
10,Ammonia,400.0,440.28409976922967,40.28409976922967
10,Acetone,250.0,268.60977251424674,18.609772514246743
10,Ammonia,600.0,670.4737932229135,70.47379322291351
10,Acetone,150.0,159.6493684204566,9.649368420456597
10,Ammonia,1000.0,1017.9622751533335,17.962275153333508
10,Acetone,200.0,207.8235071318969,7.823507131896889
10,Ammonia,400.0,430.75155573295444,30.751555732954444
10,Acetone,10.0,48.22317710965268,38.22317710965268
10,Ammonia,50.0,55.22476004895532,5.224760048955318
10,Acetone,250.0,258.692011312816,8.692011312816021
10,Ammonia,600.0,659.4308259515693,59.43082595156932
10,Acetone,150.0,161.630476185355,11.630476185355008
10,Ammonia,1000.0,1018.2649865853582,18.2649865853582
10,Acetone,50.0,65.42272544568257,15.422725445682573
10,Ammonia,200.0,208.8467378376012,8.84673783760121
10,Acetone,100.0,108.17622788817337,8.176227888173372
10,Ammonia,800.0,853.1450582245286,53.14505822452861
10,Acetone,50.0,66.86047128747822,16.86047128747822
10,Ammonia,200.0,215.50969574372687,15.509695743726866
10,Acetone,100.0,108.10916907750594,8.109169077505939
10,Ammonia,800.0,864.3130402796702,64.31304027967019
10,Acetone,200.0,223.3961599178134,23.396159917813407
10,Ammonia,400.0,449.0375851093287,49.03758510932869
10,Acetone,10.0,41.65942178621819,31.65942178621819
10,Ammonia,50.0,54.55511731424835,4.555117314248349
10,Acetone,250.0,274.68059040541425,24.68059040541425
10,Ammonia,600.0,685.1889615432717,85.18896154327172
10,Acetone,150.0,162.7097143865433,12.709714386543311
10,Ammonia,1000.0,1018.8544582486591,18.854458248659057
10,Acetone,150.0,153.91257614549966,3.9125761454996564
10,Ammonia,1000.0,992.0700107532522,7.929989246747823
10,Acetone,50.0,63.490304515956424,13.490304515956424
10,Ammonia,200.0,201.38023459634815,1.3802345963481457
10,Acetone,100.0,107.09946565902466,7.099465659024659
10,Ammonia,800.0,843.0926901226693,43.092690122669296
10,Acetone,200.0,205.9188460969829,5.9188460969828895
10,Ammonia,400.0,449.2182699223549,49.21826992235492
10,Acetone,10.0,35.356705470683764,25.356705470683764
10,Ammonia,50.0,52.426922786552154,2.4269227865521543
10,Acetone,250.0,266.1347365108778,16.134736510877815
10,Ammonia,600.0,645.7579548147977,45.7579548147977
10,Acetone,250.0,260.304157377639,10.304157377639001
10,Ammonia,600.0,656.0648896135631,56.06488961356308
10,Acetone,150.0,157.34037161156314,7.3403716115631426
10,Ammonia,1000.0,953.2619120057637,46.73808799423625
10,Acetone,10.0,44.778413726261405,34.778413726261405
10,Ammonia,50.0,52.154493796725404,2.1544937967254043
10,Acetone,50.0,58.92346302618844,8.923463026188443
10,Ammonia,200.0,192.69343023524533,7.30656976475467
10,Acetone,100.0,98.48778155124324,1.5122184487567552
10,Ammonia,800.0,778.6485469599447,21.351453040055276
10,Acetone,200.0,207.22006233190285,7.220062331902852
10,Ammonia,400.0,433.24243917123295,33.242439171232945
10,Acetone,10.0,37.79440392874595,27.79440392874595
10,Ammonia,50.0,52.1259229897785,2.125922989778502
10,Acetone,250.0,248.95201373588168,1.0479862641183217
10,Ammonia,600.0,622.022157148973,22.02215714897295
10,Acetone,150.0,152.1108952484982,2.1108952484981955
10,Ammonia,1000.0,970.1240502989463,29.87594970105374
10,Acetone,50.0,65.98319340330085,15.983193403300845
10,Ammonia,200.0,203.11009146352723,3.110091463527226
10,Acetone,100.0,95.90277215655118,4.09722784344882
10,Ammonia,800.0,793.72920532617,6.2707946738299825
10,Acetone,200.0,199.8140907819364,0.18590921806361393
10,Ammonia,400.0,425.3054291130146,25.30542911301461
10,Acetone,50.0,62.33646227800004,12.336462278000042
10,Ammonia,200.0,196.121426006101,3.8785739938990105
10,Acetone,100.0,102.45540490863675,2.4554049086367513
10,Ammonia,800.0,757.5648845448754,42.43511545512456
10,Acetone,200.0,201.34339221385102,1.3433922138510184
10,Ammonia,400.0,416.3821526271196,16.38215262711958
10,Acetone,10.0,31.903998584864567,21.903998584864567
10,Ammonia,50.0,54.01618160351869,4.016181603518689
10,Acetone,250.0,256.8924482324502,6.892448232450192
10,Ammonia,600.0,616.8784016516879,16.87840165168791
10,Acetone,150.0,155.36139965066204,5.361399650662037
10,Ammonia,1000.0,943.4372277975529,56.56277220244715
10,Acetone,10.0,55.56872335463356,45.56872335463356
10,Ammonia,50.0,60.221214503218675,10.221214503218675
10,Acetone,250.0,244.44305939072535,5.556940609274648
10,Ammonia,600.0,532.8603343669841,67.13966563301585
10,Acetone,150.0,151.19873291223507,1.198732912235073
10,Ammonia,1000.0,823.7176072857272,176.28239271427276
10,Acetone,50.0,71.2332902293682,21.233290229368194
10,Ammonia,200.0,188.37953889580118,11.620461104198824
10,Acetone,100.0,110.08232126174848,10.082321261748476
10,Ammonia,800.0,699.093615283583,100.90638471641705
10,Acetone,200.0,200.13228752542585,0.13228752542585198
10,Ammonia,400.0,382.2482521446466,17.751747855353415
10,Acetone,150.0,150.65503627077717,0.655036270777174
10,Ammonia,1000.0,852.121885595721,147.87811440427902
10,Acetone,50.0,72.24318449386408,22.243184493864078
10,Ammonia,200.0,192.1187304103497,7.881269589650287
10,Acetone,100.0,106.82921928440737,6.8292192844073725
10,Ammonia,800.0,718.3798707296521,81.62012927034789
10,Acetone,200.0,194.00360478920607,5.996395210793935
10,Ammonia,400.0,383.90213967511716,16.097860324882845
10,Acetone,10.0,56.28858391852022,46.28858391852022
10,Ammonia,50.0,63.41438984500432,13.414389845004322
10,Acetone,250.0,241.47379492649088,8.526205073509118
10,Ammonia,600.0,533.1862666074645,66.81373339253548
10,Acetone,50.0,71.49505586926415,21.49505586926415
10,Ammonia,200.0,181.47080098010468,18.529199019895316
10,Acetone,100.0,108.84773516570101,8.84773516570101
10,Ammonia,800.0,645.9346046731749,154.06539532682507
10,Acetone,200.0,194.28561996618714,5.7143800338128585
10,Ammonia,400.0,344.8858317198342,55.11416828016581
10,Acetone,10.0,53.877540355468696,43.877540355468696
10,Ammonia,50.0,59.82311187745924,9.82311187745924
10,Acetone,250.0,239.69552399537153,10.30447600462847
10,Ammonia,600.0,506.43518016165973,93.56481983834027
10,Acetone,150.0,150.93295693728686,0.9329569372868605
10,Ammonia,1000.0,793.8102502956219,206.18974970437807
10,Acetone,10.0,46.40770000499084,36.40770000499084
10,Ammonia,50.0,58.65233864227109,8.65233864227109
10,Acetone,50.0,69.83419812937045,19.83419812937045
10,Ammonia,200.0,181.47011020500327,18.529889794996734
10,Acetone,100.0,110.30826469352732,10.30826469352732
10,Ammonia,800.0,677.5431836466497,122.45681635335029
10,Acetone,200.0,198.57879850138522,1.4212014986147778
10,Ammonia,400.0,367.8464322429652,32.15356775703481
10,Acetone,250.0,241.44334356299942,8.556656437000584
10,Ammonia,600.0,539.0551734468143,60.94482655318575
10,Acetone,150.0,150.76295454612307,0.7629545461230691
10,Ammonia,1000.0,805.1372694975739,194.86273050242607
10,Acetone,200.0,196.90646655901543,3.0935334409845723
10,Ammonia,400.0,366.1373436055645,33.862656394435476
10,Acetone,10.0,52.154675910489274,42.154675910489274
10,Ammonia,50.0,54.55354077432834,4.55354077432834
10,Acetone,250.0,237.6830283649205,12.316971635079511
10,Ammonia,600.0,533.3230663644472,66.67693363555281
10,Acetone,150.0,150.38240088624033,0.3824008862403332
10,Ammonia,1000.0,755.7872077450245,244.2127922549755
10,Acetone,50.0,71.97446182547209,21.97446182547209
10,Ammonia,200.0,193.54028938636776,6.4597106136322395
10,Acetone,100.0,111.69326090867249,11.693260908672485
10,Ammonia,800.0,721.5395677253906,78.46043227460939
10,Acetone,50.0,78.42025698731577,28.420256987315767
10,Ammonia,200.0,208.3653836079014,8.365383607901407
10,Acetone,100.0,109.46733877198133,9.467338771981332
10,Ammonia,800.0,769.930477136084,30.06952286391595
10,Acetone,200.0,207.746772661926,7.746772661926002
10,Ammonia,400.0,421.1310542649785,21.131054264978502
10,Acetone,10.0,43.175801111742516,33.175801111742516
10,Ammonia,50.0,66.3044379386668,16.304437938666794
10,Acetone,250.0,257.71463897377373,7.714638973773731
10,Ammonia,600.0,625.6637535702378,25.66375357023776
10,Acetone,150.0,160.75158475596083,10.751584755960835
10,Ammonia,1000.0,914.0350787325294,85.96492126747057
10,Acetone,150.0,151.46289483788127,1.4628948378812652
10,Ammonia,1000.0,927.1847027997065,72.81529720029346
10,Acetone,50.0,75.47031789254201,25.470317892542013
10,Ammonia,200.0,194.9573488087101,5.042651191289906
10,Acetone,100.0,110.9457063366448,10.945706336644804
10,Ammonia,800.0,781.1311235805638,18.86887641943622
10,Acetone,200.0,204.85938624898213,4.859386248982133
10,Ammonia,400.0,416.098920307694,16.098920307694016
10,Acetone,10.0,49.531420002595425,39.531420002595425
10,Ammonia,50.0,59.64999755283087,9.649997552830868
10,Acetone,250.0,253.0013069433897,3.001306943389693
10,Ammonia,600.0,617.096385276197,17.096385276196997
10,Acetone,250.0,250.7836914152673,0.7836914152672989
10,Ammonia,600.0,622.7026382368632,22.70263823686321
10,Acetone,150.0,155.98543634836386,5.985436348363862
10,Ammonia,1000.0,963.3499292048125,36.6500707951875
10,Acetone,10.0,57.186443197018164,47.186443197018164
10,Ammonia,50.0,62.56945479843648,12.569454798436482
10,Acetone,50.0,73.20055279774617,23.20055279774617
10,Ammonia,200.0,200.77271688995657,0.7727168899565697
10,Acetone,100.0,110.6194139967717,10.619413996771698
10,Ammonia,800.0,784.3539716171028,15.646028382897157
10,Acetone,200.0,205.52902329938155,5.529023299381549
10,Ammonia,400.0,412.9936717371798,12.993671737179795
10,Acetone,10.0,50.615310835607275,40.615310835607275
10,Ammonia,50.0,59.46991516001049,9.469915160010487
10,Acetone,250.0,254.28000783608752,4.2800078360875204
10,Ammonia,600.0,624.3859346678493,24.385934667849256
10,Acetone,150.0,160.23101291742316,10.231012917423158
10,Ammonia,1000.0,928.0374728076124,71.9625271923876
10,Acetone,50.0,74.65456385166931,24.65456385166931
10,Ammonia,200.0,203.69789612144743,3.697896121447428
10,Acetone,100.0,106.42944691865836,6.429446918658357
10,Ammonia,800.0,790.35432033902,9.645679660980022
10,Acetone,200.0,204.1190151898682,4.1190151898682075
10,Ammonia,400.0,418.72683557580416,18.72683557580416
10,Acetone,50.0,72.2349355644702,22.234935564470206
10,Ammonia,200.0,201.34276076475373,1.3427607647537343
10,Acetone,100.0,110.60744870629988,10.607448706299877
10,Ammonia,800.0,800.1455346897338,0.14553468973383588
10,Acetone,200.0,208.67216102519478,8.672161025194782
10,Ammonia,400.0,412.5505128837042,12.550512883704187
10,Acetone,10.0,48.370798727157634,38.370798727157634
10,Ammonia,50.0,59.82182659994646,9.821826599946462
10,Acetone,250.0,251.2292745876193,1.229274587619301
10,Ammonia,600.0,615.4989137198784,15.498913719878374
10,Acetone,150.0,160.00226759529755,10.002267595297553
10,Ammonia,1000.0,938.9091713259804,61.090828674019576
10,Acetone,10.0,53.1217186143237,43.1217186143237
10,Ammonia,50.0,60.59091273514004,10.590912735140037
10,Acetone,250.0,246.75283979260882,3.2471602073911754
10,Ammonia,600.0,610.357499526566,10.357499526566016
10,Acetone,150.0,154.54026081010593,4.540260810105934
10,Ammonia,1000.0,939.5186390665459,60.481360933454084
10,Acetone,50.0,72.77301548429836,22.773015484298355
10,Ammonia,200.0,200.09630544600773,0.09630544600773305
10,Acetone,100.0,108.75914472477137,8.759144724771375
10,Ammonia,800.0,790.5339129322795,9.466087067720537
10,Acetone,200.0,203.11799498596116,3.117994985961161
10,Ammonia,400.0,411.20898374442527,11.208983744425268
10,Acetone,150.0,157.1656519001943,7.165651900194291
10,Ammonia,1000.0,968.2656102545511,31.73438974544888
10,Acetone,50.0,74.1165527155216,24.116552715521607
10,Ammonia,200.0,198.6072493223345,1.3927506776655036
10,Acetone,100.0,110.60076481013711,10.600764810137107
10,Ammonia,800.0,836.7320850754332,36.73208507543325
10,Acetone,200.0,208.00418870062612,8.004188700626116
10,Ammonia,400.0,426.62643738416386,26.626437384163864
10,Acetone,10.0,41.984129195455054,31.984129195455054
10,Ammonia,50.0,57.99715968506101,7.997159685061007
10,Acetone,250.0,256.2251052360828,6.225105236082811
10,Ammonia,600.0,615.9105434576829,15.910543457682934
10,Acetone,50.0,76.03970965677301,26.039709656773013
10,Ammonia,200.0,206.0373150518889,6.037315051888896
10,Acetone,100.0,110.01057242338644,10.010572423386435
10,Ammonia,800.0,768.80226494588,31.197735054120017
10,Acetone,200.0,206.7086328336465,6.708632833646504
10,Ammonia,400.0,440.774437842314,40.774437842314
10,Acetone,10.0,38.325654678397356,28.325654678397356
10,Ammonia,50.0,61.19052052684296,11.19052052684296
10,Acetone,250.0,257.67451949926783,7.674519499267831
10,Ammonia,600.0,634.4156064354912,34.41560643549121
10,Acetone,150.0,158.84010756197307,8.84010756197307
10,Ammonia,1000.0,999.6138389354502,0.38616106454981036
10,Acetone,10.0,32.28767434634818,22.287674346348183
10,Ammonia,50.0,54.59824487669712,4.598244876697123
10,Acetone,50.0,69.17681176881645,19.17681176881645
10,Ammonia,200.0,215.0494309278734,15.049430927873402
10,Acetone,100.0,106.66162766895133,6.661627668951326
10,Ammonia,800.0,839.9126028812888,39.91260288128876
10,Acetone,200.0,216.1438828087907,16.143882808790693
10,Ammonia,400.0,458.9615362346104,58.96153623461038
10,Acetone,250.0,271.2187490355612,21.21874903556119
10,Ammonia,600.0,605.2682120454543,5.268212045454334
10,Acetone,150.0,155.65327097196388,5.653270971963877
10,Ammonia,1000.0,941.6360324828182,58.36396751718178
10,Acetone,200.0,197.97657666906767,2.0234233309323315
10,Ammonia,400.0,414.38499117858424,14.384991178584244
10,Acetone,10.0,48.95437732871456,38.95437732871456
10,Ammonia,50.0,60.448933182603284,10.448933182603284
10,Acetone,250.0,244.31985290517173,5.680147094828271
10,Ammonia,600.0,632.7377723843517,32.73777238435173
10,Acetone,150.0,151.50225320368736,1.50225320368736
10,Ammonia,1000.0,900.0444357180578,99.9555642819422
10,Acetone,50.0,71.71253490594516,21.712534905945162
10,Ammonia,200.0,198.34742443968156,1.6525755603184393
10,Acetone,100.0,106.00681274604386,6.006812746043863
10,Ammonia,800.0,777.4051707926354,22.59482920736457
10,Acetone,50.0,69.8754353612427,19.875435361242694
10,Ammonia,200.0,195.9162897463283,4.083710253671711
10,Acetone,100.0,107.3705129382178,7.3705129382178
10,Ammonia,800.0,761.4565283534154,38.543471646584635
10,Acetone,200.0,200.90156894266002,0.9015689426600204
10,Ammonia,400.0,397.43731059592113,2.562689404078867
10,Acetone,10.0,55.650694249748625,45.650694249748625
10,Ammonia,50.0,55.301294893398335,5.301294893398335
10,Acetone,250.0,242.03423185238313,7.9657681476168705
10,Ammonia,600.0,596.3144810737543,3.6855189262456634
10,Acetone,150.0,154.8812849468027,4.881284946802708
10,Ammonia,1000.0,893.330140255286,106.66985974471402
10,Acetone,150.0,148.98523181634206,1.0147681836579352
10,Ammonia,1000.0,877.5304129980613,122.46958700193875
10,Acetone,50.0,69.63062445773146,19.630624457731457
10,Ammonia,200.0,190.32881197919954,9.671188020800457
10,Acetone,100.0,104.48167970873064,4.481679708730638
10,Ammonia,800.0,742.4585128114777,57.5414871885223
10,Acetone,200.0,197.91840329793746,2.0815967020625408
10,Ammonia,400.0,402.4878558945462,2.4878558945462146
10,Acetone,10.0,56.572593540172846,46.572593540172846
10,Ammonia,50.0,53.88843946025921,3.8884394602592067
10,Acetone,250.0,235.93475487542707,14.065245124572925
10,Ammonia,600.0,574.2789904257756,25.721009574224354
10,Acetone,250.0,240.3538193000536,9.646180699946399
10,Ammonia,600.0,565.7725033917744,34.22749660822558
10,Acetone,150.0,148.8933750437492,1.106624956250812
10,Ammonia,1000.0,838.4775566799635,161.52244332003647
10,Acetone,10.0,46.190995112912745,36.190995112912745
10,Ammonia,50.0,63.45537801035607,13.455378010356071
10,Acetone,50.0,65.78035150028411,15.780351500284112
10,Ammonia,200.0,200.72518828359847,0.7251882835984702
10,Acetone,100.0,108.30448481490637,8.304484814906374
10,Ammonia,800.0,789.6731601808364,10.326839819163638
10,Acetone,200.0,198.1207324948155,1.8792675051844867
10,Ammonia,400.0,410.5925453202599,10.592545320259887
10,Acetone,10.0,50.954398065845,40.954398065845
10,Ammonia,50.0,62.52504964323245,12.52504964323245
10,Acetone,250.0,238.67483552711292,11.325164472887082
10,Ammonia,600.0,599.9490525781179,0.05094742188214241
10,Acetone,150.0,149.0104431341029,0.9895568658971001
10,Ammonia,1000.0,947.2284447967379,52.771555203262096
10,Acetone,50.0,68.53313500543072,18.533135005430722
10,Ammonia,200.0,202.77687775885272,2.77687775885272
10,Acetone,100.0,110.73243506318319,10.732435063183189
10,Ammonia,800.0,792.108349276239,7.891650723761018
10,Acetone,200.0,197.3342247948974,2.665775205102591
10,Ammonia,400.0,411.75181196787486,11.751811967874858
10,Acetone,50.0,69.48923867461323,19.489238674613233
10,Ammonia,200.0,206.45847781857307,6.458477818573073
10,Acetone,100.0,112.91734843877911,12.917348438779115
10,Ammonia,800.0,798.7061643324352,1.2938356675648492
10,Acetone,200.0,198.55684023032842,1.4431597696715812
10,Ammonia,400.0,411.00524565688977,11.00524565688977
10,Acetone,10.0,51.937755830227246,41.937755830227246
10,Ammonia,50.0,65.58140860897203,15.581408608972026
10,Acetone,250.0,246.83262806399864,3.1673719360013592
10,Ammonia,600.0,603.1430885128252,3.1430885128252157
10,Acetone,150.0,154.37026091543717,4.370260915437171
10,Ammonia,1000.0,931.2249522665601,68.77504773343992
10,Ethylene,10.0,51.184867661213815,41.184867661213815
10,Ammonia,50.0,59.18185165344336,9.18185165344336
10,Ethylene,250.0,120.4664211632578,129.5335788367422
10,Ammonia,600.0,554.8382932200432,45.16170677995683
10,Ethylene,150.0,92.72957996707268,57.27042003292732
10,Ammonia,1000.0,862.6387286987766,137.36127130122338
10,Ethylene,50.0,49.4664300204022,0.5335699795978002
10,Ammonia,200.0,189.41490694382674,10.585093056173264
10,Ethylene,100.0,75.7616108058528,24.238389194147203
10,Ammonia,800.0,715.6118806383041,84.38811936169589
10,Ethylene,200.0,106.52658164946122,93.47341835053878
10,Ammonia,400.0,382.14744525201235,17.852554747987654
10,Ethylene,150.0,94.27448856817728,55.725511431822724
10,Ammonia,1000.0,824.9750868644902,175.0249131355098
10,Ethylene,50.0,52.79251471221063,2.7925147122106324
10,Ammonia,200.0,184.95515506430394,15.044844935696062
10,Ethylene,100.0,78.33288286801316,21.667117131986842
10,Ammonia,800.0,688.5592579710317,111.44074202896832
10,Ethylene,200.0,106.079159393005,93.920840606995
10,Ammonia,400.0,401.78817961891133,1.7881796189113288
10,Ethylene,10.0,36.65874181933279,26.65874181933279
10,Ammonia,50.0,57.721527409408864,7.721527409408864
10,Ethylene,250.0,129.7478157805305,120.25218421946951
10,Ammonia,600.0,630.0413105725551,30.041310572555062
10,Ethylene,50.0,47.77787396586497,2.22212603413503
10,Ammonia,200.0,206.82254085628523,6.822540856285229
10,Ethylene,100.0,81.57951764344918,18.42048235655082
10,Ammonia,800.0,769.7424224445158,30.257577555484204
10,Ethylene,200.0,101.66961110869488,98.33038889130512
10,Ammonia,400.0,429.26080946904204,29.260809469042044
10,Ethylene,10.0,39.590173486253875,29.590173486253875
10,Ammonia,50.0,55.781158971645326,5.7811589716453256
10,Ethylene,250.0,117.14146001233411,132.8585399876659
10,Ammonia,600.0,606.801566117759,6.801566117758966
10,Ethylene,150.0,98.850573167103,51.14942683289701
10,Ammonia,1000.0,960.2942060292623,39.70579397073766
10,Ethylene,10.0,34.89563002727111,24.89563002727111
10,Ammonia,50.0,59.937003230897986,9.937003230897986
10,Ethylene,50.0,57.149965532937685,7.149965532937685
10,Ammonia,200.0,203.5036055834824,3.503605583482397
10,Ethylene,100.0,85.93046818517232,14.069531814827684
10,Ammonia,800.0,788.4096008863843,11.590399113615717
10,Ethylene,200.0,105.79287783292615,94.20712216707385
10,Ammonia,400.0,439.18173117808624,39.18173117808624
10,Ethylene,250.0,120.06508712653996,129.93491287346004
10,Ammonia,600.0,622.3058004646754,22.30580046467537
10,Ethylene,150.0,101.51158791989812,48.48841208010188
10,Ammonia,1000.0,955.8078479608707,44.19215203912927
10,Ethylene,200.0,103.1899716231859,96.8100283768141
10,Ammonia,400.0,431.0365789214323,31.036578921432294
10,Ethylene,10.0,39.58839551040194,29.588395510401938
10,Ammonia,50.0,58.182020004307034,8.182020004307034
10,Ethylene,250.0,121.15951015384248,128.84048984615754
10,Ammonia,600.0,618.4533970915004,18.453397091500392
10,Ethylene,150.0,101.34974231406986,48.65025768593014
10,Ammonia,1000.0,954.3221427265007,45.677857273499285
10,Ethylene,50.0,53.93286187583227,3.9328618758322733
10,Ammonia,200.0,201.91009011773764,1.9100901177376386
10,Ethylene,100.0,92.95409254847496,7.045907451525039
10,Ammonia,800.0,826.2076067417586,26.207606741758582
10,Ethylene,50.0,52.59467162522151,2.5946716252215083
10,Ammonia,200.0,216.08181992402598,16.08181992402598
10,Ethylene,100.0,95.42009831595425,4.579901684045751
10,Ammonia,800.0,829.0997017668008,29.099701766800763
10,Ethylene,200.0,105.71411470665778,94.28588529334222
10,Ammonia,400.0,464.958290552143,64.95829055214301
10,Ethylene,10.0,50.05941125667631,40.05941125667631
10,Ammonia,50.0,60.296127235423384,10.296127235423384
10,Ethylene,250.0,128.84546852265632,121.15453147734368
10,Ammonia,600.0,644.9229619711864,44.922961971186396
10,Ethylene,150.0,102.45134177577071,47.548658224229285
10,Ammonia,1000.0,952.3402228753545,47.65977712464553
10,Ethylene,150.0,102.9649637087673,47.0350362912327
10,Ammonia,1000.0,1019.4000501413129,19.40005014131293
10,Ethylene,50.0,59.82802272293776,9.82802272293776
10,Ammonia,200.0,215.25996776943953,15.259967769439527
10,Ethylene,100.0,90.66203243175369,9.337967568246313
10,Ammonia,800.0,826.5941160328554,26.594116032855368
10,Ethylene,200.0,105.85842352716176,94.14157647283824
10,Ammonia,400.0,455.84396912611265,55.843969126112654
10,Ethylene,10.0,57.46779590409905,47.46779590409905
10,Ammonia,50.0,60.903276356313924,10.903276356313924
10,Ethylene,250.0,127.33928732165359,122.66071267834641
10,Ammonia,600.0,607.4930688730931,7.49306887309308
10,Ethylene,250.0,128.79156268946357,121.20843731053643
10,Ammonia,600.0,602.496714599375,2.496714599374968
10,Ethylene,150.0,111.51988451092308,38.48011548907692
10,Ammonia,1000.0,927.6201220354651,72.3798779645349
10,Ethylene,10.0,49.52979813358486,39.52979813358486
10,Ammonia,50.0,65.14268206341225,15.142682063412252
10,Ethylene,50.0,59.546352808984665,9.546352808984665
10,Ammonia,200.0,195.87389386393298,4.126106136067023
10,Ethylene,100.0,92.60284897277154,7.39715102722846
10,Ammonia,800.0,759.9604901395408,40.03950986045925
10,Ethylene,200.0,121.77615622390931,78.22384377609069
10,Ammonia,400.0,402.6007535243518,2.6007535243517736
10,Ethylene,10.0,47.2433095203739,37.2433095203739
10,Ammonia,50.0,63.413678671697014,13.413678671697014
10,Ethylene,250.0,141.17101908535233,108.82898091464767
10,Ammonia,600.0,594.242385586674,5.757614413325996
10,Ethylene,150.0,109.16062987933066,40.839370120669344
10,Ammonia,1000.0,915.0595033442346,84.9404966557654
10,Ethylene,50.0,67.12355803232644,17.123558032326443
10,Ammonia,200.0,195.0844130287088,4.915586971291191
10,Ethylene,100.0,89.07856795085259,10.921432049147413
10,Ammonia,800.0,758.8276389090884,41.172361090911636
10,Ethylene,200.0,117.16468237638799,82.83531762361201
10,Ammonia,400.0,403.40731260796707,3.4073126079670715
10,Ethylene,50.0,62.41791520629263,12.417915206292633
10,Ammonia,200.0,196.20477437506725,3.7952256249327547
10,Ethylene,100.0,91.2316067954965,8.768393204503496
10,Ammonia,800.0,753.8351914314385,46.16480856856151
10,Ethylene,200.0,118.5695881224789,81.4304118775211
10,Ammonia,400.0,400.404395569885,0.40439556988502545
10,Ethylene,10.0,57.28163877346557,47.28163877346557
10,Ammonia,50.0,61.03563459693329,11.035634596933292
10,Ethylene,250.0,141.62474248015695,108.37525751984305
10,Ammonia,600.0,584.0363431325894,15.963656867410577
10,Ethylene,150.0,109.27076950629242,40.729230493707576
10,Ammonia,1000.0,889.557454794592,110.44254520540801
10,Toluene,1.0,62.18867777715711,61.18867777715711
10,Ethanol,50.0,80.56324519658085,30.56324519658085
10,Toluene,100.0,126.99850140044072,26.998501400440716
10,Ethanol,600.0,668.4949646769319,68.49496467693189
10,Toluene,60.0,82.68807048395041,22.688070483950412
10,Ethanol,1000.0,1039.911351410563,39.91135141056293
10,Toluene,20.0,43.96477498283299,23.964774982832992
10,Ethanol,200.0,247.752673612978,47.752673612977986
10,Toluene,40.0,63.49654245026716,23.496542450267157
10,Ethanol,800.0,862.9398202075259,62.93982020752594
10,Toluene,80.0,108.8456069138619,28.8456069138619
10,Ethanol,400.0,477.0539610569057,77.05396105690568
10,Toluene,60.0,88.32258024505342,28.322580245053416
10,Ethanol,1000.0,1000.4087688889705,0.408768888970485
10,Toluene,20.0,46.369063337447784,26.369063337447784
10,Ethanol,200.0,242.54351551145572,42.54351551145572
10,Toluene,40.0,62.09269433335329,22.092694333353293
10,Ethanol,800.0,910.1154233974393,110.11542339743926
10,Toluene,80.0,110.52224703129066,30.52224703129066
10,Ethanol,400.0,517.5711597455164,117.57115974551641
10,Toluene,1.0,58.566463279596036,57.566463279596036
10,Ethanol,50.0,80.94857939516966,30.94857939516966
10,Toluene,100.0,134.66008967110648,34.660089671106476
10,Ethanol,600.0,624.3116071903955,24.311607190395534
10,Toluene,20.0,48.59224315362739,28.592243153627393
10,Ethanol,200.0,238.9565318457888,38.95653184578879
10,Toluene,40.0,68.21706551421158,28.217065514211583
10,Ethanol,800.0,833.4496808221231,33.44968082212313
10,Toluene,80.0,109.65657443332675,29.656574433326753
10,Ethanol,400.0,471.51702382776284,71.51702382776284
10,Toluene,1.0,60.353578656850914,59.353578656850914
10,Ethanol,50.0,83.24176855741513,33.24176855741513
10,Toluene,100.0,128.78405937050908,28.784059370509084
10,Ethanol,600.0,623.8883881827066,23.88838818270665
10,Toluene,60.0,94.07041399143375,34.07041399143375
10,Ethanol,1000.0,1002.2388955239966,2.2388955239965753
10,Toluene,1.0,67.57843356217921,66.57843356217921
10,Ethanol,50.0,81.20622121350895,31.206221213508954
10,Toluene,20.0,42.12127402617598,22.121274026175982
10,Ethanol,200.0,242.88644235047062,42.88644235047062
10,Toluene,40.0,70.84493367811257,30.844933678112568
10,Ethanol,800.0,818.4056055402963,18.40560554029628
10,Toluene,80.0,110.05774123655308,30.057741236553085
10,Ethanol,400.0,483.75609930974946,83.75609930974946
10,Toluene,100.0,127.13172899423334,27.13172899423334
10,Ethanol,600.0,664.2098395142506,64.20983951425058
10,Toluene,60.0,96.06419129255914,36.064191292559144
10,Ethanol,1000.0,1028.067895468449,28.067895468449024
10,Toluene,80.0,111.37766434418126,31.377664344181255
10,Ethanol,400.0,479.16357939172286,79.16357939172286
10,Toluene,1.0,65.82225456412179,64.82225456412179
10,Ethanol,50.0,79.76477037533712,29.764770375337122
10,Toluene,100.0,130.48099473131896,30.480994731318958
10,Ethanol,600.0,681.256338930496,81.25633893049599
10,Toluene,60.0,94.46544435514016,34.465444355140164
10,Ethanol,1000.0,1080.3681255148156,80.36812551481557
10,Toluene,20.0,51.0741840448831,31.074184044883097
10,Ethanol,200.0,244.08479902044482,44.08479902044482
10,Toluene,40.0,67.91649642250614,27.916496422506142
10,Ethanol,800.0,860.7982355808756,60.7982355808756
10,Toluene,20.0,49.10482726822346,29.10482726822346
10,Ethanol,200.0,213.39205545578568,13.39205545578568
10,Toluene,40.0,69.58988851283512,29.589888512835117
10,Ethanol,800.0,866.4189762646022,66.41897626460218
10,Toluene,80.0,108.29439583628731,28.294395836287308
10,Ethanol,400.0,481.4473117737075,81.4473117737075
10,Toluene,1.0,63.404495553820965,62.404495553820965
10,Ethanol,50.0,81.8005534351947,31.8005534351947
10,Toluene,100.0,126.14563096505613,26.145630965056128
10,Ethanol,600.0,694.0937796824522,94.09377968245224
10,Toluene,60.0,93.50832162655044,33.50832162655044
10,Ethanol,1000.0,1062.9144500723776,62.914450072377576
10,Toluene,60.0,92.34167797004987,32.34167797004987
10,Ethanol,1000.0,1036.7530979051255,36.753097905125514
10,Toluene,20.0,50.47388674655758,30.473886746557582
10,Ethanol,200.0,232.90352255668776,32.90352255668776
10,Toluene,40.0,68.43913723911757,28.43913723911757
10,Ethanol,800.0,859.656764761324,59.656764761323984
10,Toluene,80.0,108.43614168944838,28.436141689448377
10,Ethanol,400.0,498.4727155072473,98.4727155072473
10,Toluene,1.0,68.65079905913153,67.65079905913153
10,Ethanol,50.0,79.60101463894354,29.60101463894354
10,Toluene,100.0,125.73661870079457,25.736618700794565
10,Ethanol,600.0,667.8272493336026,67.8272493336026
10,Toluene,100.0,123.68161422642777,23.68161422642777
10,Ethanol,600.0,686.0286548109117,86.02865481091169
10,Toluene,60.0,95.59092115618502,35.59092115618502
10,Ethanol,1000.0,1002.9093137473942,2.909313747394208
10,Toluene,1.0,64.8243319110324,63.8243319110324
10,Ethanol,50.0,79.20832574547198,29.20832574547198
10,Toluene,20.0,48.979795504401,28.979795504400997
10,Ethanol,200.0,245.31063630518858,45.31063630518858
10,Toluene,40.0,67.76389441330662,27.763894413306616
10,Ethanol,800.0,875.6294906628128,75.62949066281283
10,Toluene,80.0,107.85576536612294,27.855765366122938
10,Ethanol,400.0,495.4673145212454,95.46731452124538
10,Toluene,1.0,68.92714962947255,67.92714962947255
10,Ethanol,50.0,76.38466842597344,26.384668425973445
10,Toluene,100.0,127.12697781526234,27.126977815262336
10,Ethanol,600.0,692.0924021137138,92.09240211371377
10,Toluene,60.0,94.41134901680735,34.41134901680735
10,Ethanol,1000.0,1094.3991886057752,94.39918860577518
10,Toluene,20.0,52.46716887629253,32.46716887629253
10,Ethanol,200.0,247.3166502290834,47.31665022908339
10,Toluene,40.0,66.4609840858716,26.4609840858716
10,Ethanol,800.0,929.4543243173649,129.45432431736492
10,Toluene,80.0,108.160895104536,28.160895104535996
10,Ethanol,400.0,523.9964479480485,123.99644794804851
10,Toluene,20.0,48.411176756244586,28.411176756244586
10,Ethanol,200.0,252.806105805546,52.806105805546
10,Toluene,40.0,65.42789977006085,25.427899770060847
10,Ethanol,800.0,909.9062960251392,109.90629602513923
10,Toluene,80.0,109.47083459146694,29.47083459146694
10,Ethanol,400.0,520.345735192563,120.34573519256298
10,Toluene,1.0,71.62286318480326,70.62286318480326
10,Ethanol,50.0,76.33761851710062,26.337618517100623
10,Toluene,100.0,130.03834117521848,30.038341175218477
10,Ethanol,600.0,731.7535876359494,131.75358763594943
10,Toluene,60.0,91.52718220781571,31.527182207815713
10,Ethanol,1000.0,1083.0707797794794,83.07077977947938
10,Toluene,1.0,54.992121264410954,53.992121264410954
10,Ethanol,50.0,35.017544705545305,14.982455294454695
10,Toluene,100.0,99.00899799280518,0.9910020071948225
10,Ethanol,600.0,440.7521959772244,159.2478040227756
10,Toluene,60.0,55.6298154124391,4.3701845875609
10,Ethanol,1000.0,885.4566603674924,114.54333963250758
10,Toluene,20.0,37.347340681083736,17.347340681083736
10,Ethanol,200.0,126.58885505844172,73.41114494155828
10,Toluene,40.0,41.03239275486855,1.0323927548685532
10,Ethanol,800.0,642.9576286738503,157.0423713261497
10,Toluene,80.0,81.92511989080464,1.9251198908046376
10,Ethanol,400.0,288.7487554934619,111.25124450653811
10,Toluene,60.0,49.47281335200077,10.52718664799923
10,Ethanol,1000.0,874.523394509048,125.47660549095201
10,Toluene,20.0,36.694147005753734,16.694147005753734
10,Ethanol,200.0,117.04720363414637,82.95279636585363
10,Toluene,40.0,38.29370896258341,1.706291037416591
10,Ethanol,800.0,642.1885417332775,157.81145826672252
10,Toluene,80.0,63.351835075268525,16.648164924731475
10,Ethanol,400.0,282.0476635748221,117.95233642517792
10,Toluene,1.0,61.62080370632475,60.62080370632475
10,Ethanol,50.0,36.26359531863278,13.736404681367219
10,Toluene,100.0,78.49995780192103,21.500042198078972
10,Ethanol,600.0,445.7551119073439,154.24488809265608
10,Toluene,20.0,37.307107764111436,17.307107764111436
10,Ethanol,200.0,127.68989938685596,72.31010061314404
10,Toluene,40.0,39.721185278266134,0.2788147217338661
10,Ethanol,800.0,654.7542006022392,145.24579939776083
10,Toluene,80.0,58.00133928813402,21.99866071186598
10,Ethanol,400.0,284.6338209441322,115.3661790558678
10,Toluene,1.0,54.832726939353265,53.832726939353265
10,Ethanol,50.0,37.85148131028687,12.148518689713129
10,Toluene,100.0,71.44056469770283,28.559435302297175
10,Ethanol,600.0,449.00642174453515,150.99357825546485
10,Toluene,60.0,43.72596460888704,16.27403539111296
10,Ethanol,1000.0,896.0548899339855,103.94511006601454
10,Toluene,1.0,55.21132080565964,54.21132080565964
10,Ethanol,50.0,31.814982126146504,18.185017873853496
10,Toluene,20.0,33.372565630766445,13.372565630766445
10,Ethanol,200.0,122.81303520075274,77.18696479924726
10,Toluene,40.0,38.103438555735536,1.8965614442644636
10,Ethanol,800.0,676.5480031541715,123.45199684582849
10,Toluene,80.0,56.67287155330904,23.327128446690963
10,Ethanol,400.0,299.6718537991501,100.32814620084991
10,Toluene,100.0,69.27802427685543,30.721975723144567
10,Ethanol,600.0,468.52153094067774,131.47846905932226
10,Toluene,60.0,44.70182929456526,15.298170705434742
10,Ethanol,1000.0,1035.9870435354887,35.98704353548874
10,Toluene,80.0,52.81490573243627,27.185094267563727
10,Ethanol,400.0,284.45769394376515,115.54230605623485
10,Toluene,1.0,55.50568199040768,54.50568199040768
10,Ethanol,50.0,32.706801327418475,17.293198672581525
10,Toluene,100.0,68.53787820914891,31.462121790851086
10,Ethanol,600.0,452.7020300019788,147.2979699980212
10,Toluene,60.0,43.457804761116066,16.542195238883934
10,Ethanol,1000.0,894.2923811281437,105.70761887185631
10,Toluene,20.0,36.22719342985735,16.22719342985735
10,Ethanol,200.0,118.21214021502173,81.78785978497827
10,Toluene,40.0,39.99566368213938,0.004336317860619943
10,Ethanol,800.0,680.9212121462691,119.07878785373089
10,Toluene,20.0,38.87427324029703,18.87427324029703
10,Ethanol,200.0,124.67647495062606,75.32352504937394
10,Toluene,40.0,38.85528826589662,1.1447117341033817
10,Ethanol,800.0,688.1345310850033,111.86546891499665
10,Toluene,80.0,58.25138565062271,21.74861434937729
10,Ethanol,400.0,290.6606696580943,109.33933034190568
10,Toluene,1.0,53.08192601498904,52.08192601498904
10,Ethanol,50.0,33.589747629749525,16.410252370250475
10,Toluene,100.0,71.23607299395147,28.763927006048533
10,Ethanol,600.0,450.9572763853895,149.0427236146105
10,Toluene,60.0,44.2869407598035,15.7130592401965
10,Ethanol,1000.0,907.5130962869491,92.48690371305088
10,Toluene,60.0,44.32735790702563,15.672642092974371
10,Ethanol,1000.0,898.7259954698219,101.2740045301781
10,Toluene,20.0,37.35061071276516,17.35061071276516
10,Ethanol,200.0,118.70462892232992,81.29537107767008
10,Toluene,40.0,40.422726004815004,0.42272600481500433
10,Ethanol,800.0,669.6842001506744,130.31579984932557
10,Toluene,80.0,56.46078480135483,23.539215198645167
10,Ethanol,400.0,287.3146639248426,112.68533607515741
10,Toluene,1.0,57.566491330707066,56.566491330707066
10,Ethanol,50.0,34.47697100835212,15.523028991647877
10,Toluene,100.0,71.44192387050032,28.558076129499682
10,Ethanol,600.0,450.6684884871161,149.33151151288388
10,Toluene,100.0,65.41008603264157,34.58991396735843
10,Ethanol,600.0,452.8423063661023,147.15769363389768
10,Toluene,60.0,45.065461821679676,14.934538178320324
10,Ethanol,1000.0,908.5011152970694,91.49888470293058
10,Toluene,1.0,65.41205219381756,64.41205219381756
10,Ethanol,50.0,32.8832616283847,17.1167383716153
10,Toluene,20.0,35.32478401994955,15.324784019949547
10,Ethanol,200.0,115.77232699446691,84.22767300553309
10,Toluene,40.0,38.38794797213636,1.6120520278636405
10,Ethanol,800.0,659.9367257410373,140.06327425896268
10,Toluene,80.0,55.207041675762696,24.792958324237304
10,Ethanol,400.0,289.2016992258648,110.79830077413521
10,Toluene,1.0,67.20974147494357,66.20974147494357
10,Ethanol,50.0,31.2279389679924,18.7720610320076
10,Toluene,100.0,74.91801158158202,25.08198841841798
10,Ethanol,600.0,450.8779482352389,149.12205176476112
10,Toluene,60.0,43.18704287638833,16.812957123611667
10,Ethanol,1000.0,892.1118882356594,107.88811176434058
10,Toluene,20.0,37.25434711227551,17.25434711227551
10,Ethanol,200.0,119.02338979581249,80.97661020418751
10,Toluene,40.0,39.82109051838441,0.17890948161559095
10,Ethanol,800.0,659.0843108068901,140.91568919310987
10,Toluene,80.0,57.071646175237106,22.928353824762894
10,Ethanol,400.0,285.8892340348844,114.1107659651156
10,Toluene,20.0,38.650557932512115,18.650557932512115
10,Ethanol,200.0,121.34277863160271,78.65722136839729
10,Toluene,40.0,39.3754123966189,0.6245876033811015
10,Ethanol,800.0,667.7482740365618,132.25172596343816
10,Toluene,80.0,58.584897615495194,21.415102384504806
10,Ethanol,400.0,288.6010485316055,111.3989514683945
10,Toluene,1.0,53.92167153887107,52.92167153887107
10,Ethanol,50.0,30.17137398418849,19.82862601581151
10,Toluene,100.0,76.72349450492412,23.27650549507588
10,Ethanol,600.0,456.9830485729055,143.0169514270945
10,Toluene,60.0,46.826480380272486,13.173519619727514
10,Ethanol,1000.0,889.3266589384468,110.67334106155317
10,Acetone,10.0,38.71960625666492,28.719606256664918
10,Ammonia,50.0,48.85096879918666,1.14903120081334
10,Acetone,250.0,133.21165918032935,116.78834081967065
10,Ammonia,600.0,282.4172269677226,317.5827730322774
10,Acetone,150.0,92.41461177382183,57.58538822617817
10,Ammonia,1000.0,425.67258120107925,574.3274187989207
10,Acetone,50.0,47.12096173256565,2.8790382674343533
10,Ammonia,200.0,96.21716909507039,103.78283090492961
10,Acetone,100.0,69.08850812937331,30.91149187062669
10,Ammonia,800.0,341.9785714206601,458.0214285793399
10,Acetone,200.0,97.92438213430546,102.07561786569454
10,Ammonia,400.0,202.6384641398508,197.3615358601492
10,Acetone,150.0,87.12139708134967,62.87860291865033
10,Ammonia,1000.0,424.9247107252095,575.0752892747905
10,Acetone,50.0,48.99704986285167,1.002950137148332
10,Ammonia,200.0,95.75560628712307,104.24439371287693
10,Acetone,100.0,68.85657045927296,31.14342954072704
10,Ammonia,800.0,376.1062625862869,423.8937374137131
10,Acetone,200.0,98.16993011254858,101.83006988745142
10,Ammonia,400.0,208.23585336269187,191.76414663730813
10,Acetone,10.0,34.56975398223129,24.56975398223129
10,Ammonia,50.0,46.360387204628736,3.6396127953712636
10,Acetone,250.0,130.23435322944746,119.76564677055254
10,Ammonia,600.0,286.2103749234756,313.7896250765244
10,Acetone,50.0,50.493132272041606,0.49313227204160626
10,Ammonia,200.0,93.6936117030836,106.3063882969164
10,Acetone,100.0,67.72385260036103,32.27614739963897
10,Ammonia,800.0,356.0518285812207,443.9481714187793
10,Acetone,200.0,103.21691497144353,96.78308502855647
10,Ammonia,400.0,208.55299708307004,191.44700291692996
10,Acetone,10.0,42.109583182947674,32.109583182947674
10,Ammonia,50.0,50.45423063302674,0.4542306330267394
10,Acetone,250.0,131.37444061894323,118.62555938105677
10,Ammonia,600.0,295.53102265921655,304.46897734078345
10,Acetone,150.0,90.32735147910913,59.672648520890874
10,Ammonia,1000.0,461.03794036062175,538.9620596393783
10,Acetone,10.0,37.99315087525807,27.993150875258067
10,Ammonia,50.0,47.35100549688768,2.64899450311232
10,Acetone,50.0,50.71284436328499,0.7128443632849866
10,Ammonia,200.0,93.06222315980321,106.93777684019679
10,Acetone,100.0,66.46127188630048,33.53872811369952
10,Ammonia,800.0,360.3109870269151,439.6890129730849
10,Acetone,200.0,101.06729697341963,98.93270302658037
10,Ammonia,400.0,208.0918237240599,191.9081762759401
10,Acetone,250.0,127.48430684953792,122.51569315046208
10,Ammonia,600.0,283.80909303406077,316.19090696593923
10,Acetone,150.0,88.02694233675368,61.97305766324632
10,Ammonia,1000.0,445.0203315086462,554.9796684913538
10,Acetone,200.0,99.6900285811864,100.3099714188136
10,Ammonia,400.0,211.7416274492703,188.2583725507297
10,Acetone,10.0,38.64756725355022,28.64756725355022
10,Ammonia,50.0,46.20851788347545,3.7914821165245485
10,Acetone,250.0,125.91205149483676,124.08794850516324
10,Ammonia,600.0,288.2890066976006,311.7109933023994
10,Acetone,150.0,83.58275125969158,66.41724874030842
10,Ammonia,1000.0,465.1644534471461,534.8355465528539
10,Acetone,50.0,49.506111721421306,0.49388827857869444
10,Ammonia,200.0,92.45863839509309,107.54136160490691
10,Acetone,100.0,67.39699064773475,32.603009352265246
10,Ammonia,800.0,361.6286450706104,438.3713549293896
10,Acetone,50.0,53.75241627081439,3.7524162708143933
10,Ammonia,200.0,93.0702607434939,106.9297392565061
10,Acetone,100.0,69.04591339388213,30.95408660611787
10,Ammonia,800.0,366.37053255552513,433.62946744447487
10,Acetone,200.0,99.47880358507444,100.52119641492556
10,Ammonia,400.0,199.05302665029126,200.94697334970874
10,Acetone,10.0,32.01695607664169,22.01695607664169
10,Ammonia,50.0,44.604334477957934,5.395665522042066
10,Acetone,250.0,130.4943884176607,119.5056115823393
10,Ammonia,600.0,285.3213228995458,314.6786771004542
10,Acetone,150.0,88.37143283819707,61.628567161802934
10,Ammonia,1000.0,470.81385398788586,529.1861460121141
10,Acetone,150.0,86.74906962540457,63.25093037459543
10,Ammonia,1000.0,470.98272731510633,529.0172726848937
10,Acetone,50.0,47.820234566860094,2.179765433139906
10,Ammonia,200.0,94.15876797288809,105.84123202711191
10,Acetone,100.0,66.51784431649071,33.48215568350929
10,Ammonia,800.0,363.16829231101434,436.83170768898566
10,Acetone,200.0,102.10293041927791,97.89706958072209
10,Ammonia,400.0,200.9702341532594,199.0297658467406
10,Acetone,10.0,37.924645360083076,27.924645360083076
10,Ammonia,50.0,45.7135538052752,4.286446194724803
10,Acetone,250.0,127.31553923313162,122.68446076686838
10,Ammonia,600.0,298.17758262163994,301.82241737836006
10,Acetone,250.0,130.15875811432318,119.84124188567682
10,Ammonia,600.0,292.8322392293374,307.1677607706626
10,Acetone,150.0,90.72211264681357,59.27788735318643
10,Ammonia,1000.0,475.65032544817825,524.3496745518217
10,Acetone,10.0,31.736692556782785,21.736692556782785
10,Ammonia,50.0,45.26780038167101,4.732199618328991
10,Acetone,50.0,47.197717479586984,2.8022825204130157
10,Ammonia,200.0,89.80220770656062,110.19779229343938
10,Acetone,100.0,68.95026481789179,31.049735182108208
10,Ammonia,800.0,373.3598190934152,426.6401809065848
10,Acetone,200.0,99.3275536894448,100.6724463105552
10,Ammonia,400.0,214.06917935813246,185.93082064186754
10,Acetone,10.0,32.08045556517534,22.080455565175342
10,Ammonia,50.0,42.79077335394108,7.209226646058923
10,Acetone,250.0,128.83515152961797,121.16484847038203
10,Ammonia,600.0,312.50229474472263,287.49770525527737
10,Acetone,150.0,85.26573336165825,64.73426663834175
10,Ammonia,1000.0,463.57015158430676,536.4298484156932
10,Acetone,50.0,48.72219477463371,1.2778052253662935
10,Ammonia,200.0,96.25693639140471,103.74306360859529
10,Acetone,100.0,67.45870136612152,32.54129863387848
10,Ammonia,800.0,362.29104519196625,437.70895480803375
10,Acetone,200.0,99.88102749935402,100.11897250064598
10,Ammonia,400.0,219.55517625892122,180.44482374107878
10,Acetone,50.0,50.31978299467535,0.3197829946753501
10,Ammonia,200.0,99.32547384203042,100.67452615796958
10,Acetone,100.0,65.75769012602271,34.24230987397729
10,Ammonia,800.0,407.7531429888182,392.2468570111818
10,Acetone,200.0,106.88164253356837,93.11835746643163
10,Ammonia,400.0,210.53575268024906,189.46424731975094
10,Acetone,10.0,38.54130873617902,28.54130873617902
10,Ammonia,50.0,45.9244948350549,4.075505164945099
10,Acetone,250.0,130.3286174762915,119.6713825237085
10,Ammonia,600.0,293.1820330247906,306.8179669752094
10,Acetone,150.0,92.65616480345854,57.34383519654146
10,Ammonia,1000.0,459.30080649391004,540.69919350609
10,Toluene,1.0,81.12948353673394,80.12948353673394
10,Acetaldehyde,10.0,73.24286460928936,63.242864609289356
10,Toluene,100.0,290.6491023400051,190.64910234000507
10,Acetaldehyde,150.0,495.93230252806177,345.93230252806177
10,Toluene,60.0,160.2753404405471,100.2753404405471
10,Acetaldehyde,250.0,731.5258405323332,481.5258405323332
10,Toluene,20.0,83.28333070113256,63.283330701132556
10,Acetaldehyde,50.0,159.64725528025815,109.64725528025815
10,Toluene,40.0,115.25562048417325,75.25562048417325
10,Acetaldehyde,200.0,599.5759202669935,399.57592026699353
10,Toluene,80.0,183.9878751847489,103.9878751847489
10,Acetaldehyde,100.0,326.44693671117545,226.44693671117545
10,Toluene,60.0,153.63383450982818,93.63383450982818
10,Acetaldehyde,250.0,718.282536648096,468.28253664809597
10,Toluene,20.0,78.75634718340464,58.75634718340464
10,Acetaldehyde,50.0,159.7564981589739,109.7564981589739
10,Toluene,40.0,113.50891659550851,73.50891659550851
10,Acetaldehyde,200.0,613.3162947979861,413.3162947979861
10,Toluene,80.0,182.54860820936426,102.54860820936426
10,Acetaldehyde,100.0,332.2289891462602,232.22898914626018
10,Toluene,1.0,86.3063078457502,85.3063078457502
10,Acetaldehyde,10.0,75.19901988951622,65.19901988951622
10,Toluene,100.0,250.67411462506615,150.67411462506615
10,Acetaldehyde,150.0,480.28153921509966,330.28153921509966
10,Toluene,20.0,78.08129544653082,58.08129544653082
10,Acetaldehyde,50.0,161.3204032899559,111.32040328995589
10,Toluene,40.0,111.53390510658582,71.53390510658582
10,Acetaldehyde,200.0,606.3673918011391,406.3673918011391
10,Toluene,80.0,188.07078502426958,108.07078502426958
10,Acetaldehyde,100.0,325.947280972013,225.947280972013
10,Toluene,1.0,54.70190704302672,53.70190704302672
10,Acetaldehyde,10.0,78.61151785452151,68.61151785452151
10,Toluene,100.0,257.6367155805534,157.6367155805534
10,Acetaldehyde,150.0,493.6638471424616,343.6638471424616
10,Toluene,60.0,159.62264059628922,99.62264059628922
10,Acetaldehyde,250.0,752.3867741511947,502.3867741511947
10,Toluene,1.0,89.66558078539829,88.66558078539829
10,Acetaldehyde,10.0,77.79707193555751,67.79707193555751
10,Toluene,20.0,75.46444381268853,55.46444381268853
10,Acetaldehyde,50.0,169.0956476371997,119.0956476371997
10,Toluene,40.0,110.91829286989727,70.91829286989727
10,Acetaldehyde,200.0,630.4589916040435,430.4589916040435
10,Toluene,80.0,194.9943980541855,114.9943980541855
10,Acetaldehyde,100.0,351.80248507860523,251.80248507860523
10,Toluene,100.0,250.03060683374417,150.03060683374417
10,Acetaldehyde,150.0,502.9323368906962,352.9323368906962
10,Toluene,60.0,157.26678768943583,97.26678768943583
10,Acetaldehyde,250.0,723.4326407970491,473.4326407970491
10,Toluene,80.0,195.44604920711583,115.44604920711583
10,Acetaldehyde,100.0,342.93727897392216,242.93727897392216
10,Toluene,1.0,94.91624104708227,93.91624104708227
10,Acetaldehyde,10.0,79.8465823108362,69.8465823108362
10,Toluene,100.0,253.90453345034496,153.90453345034496
10,Acetaldehyde,150.0,484.58547785426924,334.58547785426924
10,Toluene,60.0,156.97803624270784,96.97803624270784
10,Acetaldehyde,250.0,780.4485701995968,530.4485701995968
10,Toluene,20.0,76.3488899588585,56.34888995885851
10,Acetaldehyde,50.0,179.00972560766053,129.00972560766053
10,Toluene,40.0,111.8515180237043,71.8515180237043
10,Acetaldehyde,200.0,635.9283501754362,435.9283501754362
10,Toluene,20.0,77.35681138599612,57.356811385996124
10,Acetaldehyde,50.0,167.0888874118039,117.08888741180391
10,Toluene,40.0,112.71660743348755,72.71660743348755
10,Acetaldehyde,200.0,615.6682845832441,415.66828458324414
10,Toluene,80.0,196.1189945801302,116.11899458013019
10,Acetaldehyde,100.0,331.78494642143266,231.78494642143266
10,Toluene,1.0,85.31339184956374,84.31339184956374
10,Acetaldehyde,10.0,78.33142125917671,68.33142125917671
10,Toluene,100.0,265.5843278510004,165.5843278510004
10,Acetaldehyde,150.0,494.2434758947234,344.2434758947234
10,Toluene,60.0,155.09380062127113,95.09380062127113
10,Acetaldehyde,250.0,783.7101624615481,533.7101624615481
10,Toluene,60.0,152.05843729961592,92.05843729961592
10,Acetaldehyde,250.0,724.8491587345408,474.84915873454077
10,Toluene,20.0,78.86367143849859,58.863671438498585
10,Acetaldehyde,50.0,169.50483832755373,119.50483832755373
10,Toluene,40.0,110.07679666308896,70.07679666308896
10,Acetaldehyde,200.0,646.0964124162517,446.0964124162517
10,Toluene,80.0,192.86301509682232,112.86301509682232
10,Acetaldehyde,100.0,351.66051371451107,251.66051371451107
10,Toluene,1.0,81.06708816757353,80.06708816757353
10,Acetaldehyde,10.0,81.16853267328906,71.16853267328906
10,Toluene,100.0,255.39899179461995,155.39899179461995
10,Acetaldehyde,150.0,499.37380765612835,349.37380765612835
10,Toluene,100.0,262.1744317009107,162.1744317009107
10,Acetaldehyde,150.0,493.92437761144083,343.92437761144083
10,Toluene,60.0,159.95577372446897,99.95577372446897
10,Acetaldehyde,250.0,755.3477951920536,505.3477951920536
10,Toluene,1.0,88.0524949169112,87.0524949169112
10,Acetaldehyde,10.0,77.68950618949683,67.68950618949683
10,Toluene,20.0,79.42747506755092,59.427475067550915
10,Acetaldehyde,50.0,169.30933920865243,119.30933920865243
10,Toluene,40.0,117.03335817530021,77.03335817530021
10,Acetaldehyde,200.0,620.1299009841667,420.12990098416674
10,Toluene,80.0,190.56866754782513,110.56866754782513
10,Acetaldehyde,100.0,338.52392953989784,238.52392953989784
10,Toluene,1.0,75.47605030341799,74.47605030341799
10,Acetaldehyde,10.0,79.24370980342769,69.24370980342769
10,Toluene,100.0,251.3043063989229,151.3043063989229
10,Acetaldehyde,150.0,469.04512974331175,319.04512974331175
10,Toluene,60.0,151.81281544274722,91.81281544274722
10,Acetaldehyde,250.0,838.4887115604109,588.4887115604109
10,Toluene,20.0,85.11475570516481,65.11475570516481
10,Acetaldehyde,50.0,170.12721218459478,120.12721218459478
10,Toluene,40.0,116.84102897411479,76.84102897411479
10,Acetaldehyde,200.0,597.7950652030139,397.7950652030139
10,Toluene,80.0,186.64988520125243,106.64988520125243
10,Acetaldehyde,100.0,333.9854539984133,233.98545399841328
10,Toluene,20.0,82.44572956100251,62.44572956100251
10,Acetaldehyde,50.0,173.17019702662986,123.17019702662986
10,Toluene,40.0,114.3545221119731,74.3545221119731
10,Acetaldehyde,200.0,611.9777566520528,411.9777566520528
10,Toluene,80.0,205.9065898262224,125.90658982622239
10,Acetaldehyde,100.0,328.33906854980324,228.33906854980324
10,Toluene,1.0,81.62865553466351,80.62865553466351
10,Acetaldehyde,10.0,91.85682928518618,81.85682928518618
10,Toluene,100.0,252.12701136538766,152.12701136538766
10,Acetaldehyde,150.0,455.3660939805171,305.3660939805171
10,Toluene,60.0,157.58027610671928,97.58027610671928
10,Acetaldehyde,250.0,722.3765961583198,472.3765961583198
10,Ethylene,10.0,56.389607352066264,46.389607352066264
10,Ethanol,50.0,26.660521553166816,23.339478446833184
10,Ethylene,250.0,73.10758390396984,176.89241609603016
10,Ethanol,600.0,225.70106226392198,374.298937736078
10,Ethylene,150.0,35.36252226905499,114.63747773094501
10,Ethanol,1000.0,361.20511109177386,638.7948889082261
10,Ethylene,50.0,36.66125410062243,13.338745899377571
10,Ethanol,200.0,87.899436248636,112.100563751364
10,Ethylene,100.0,32.831978848315885,67.16802115168412
10,Ethanol,800.0,337.31043459953054,462.68956540046946
10,Ethylene,200.0,40.84374992830669,159.1562500716933
10,Ethanol,400.0,171.32732280017547,228.67267719982453
10,Ethylene,150.0,34.02142970745906,115.97857029254094
10,Ethanol,1000.0,411.5743864185455,588.4256135814545
10,Ethylene,50.0,33.50821848505055,16.49178151494945
10,Ethanol,200.0,84.10110976678395,115.89889023321605
10,Ethylene,100.0,35.085088467672804,64.9149115323272
10,Ethanol,800.0,352.76592023276567,447.23407976723433
10,Ethylene,200.0,39.69297408797726,160.30702591202274
10,Ethanol,400.0,186.69135232760007,213.30864767239993
10,Ethylene,10.0,44.87954727063685,34.87954727063685
10,Ethanol,50.0,20.202931952371912,29.797068047628088
10,Ethylene,250.0,57.39256371218504,192.60743628781495
10,Ethanol,600.0,265.03288563344444,334.96711436655556
10,Ethylene,50.0,39.39452815379869,10.605471846201311
10,Ethanol,200.0,88.80203988630356,111.19796011369644
10,Ethylene,100.0,40.176741427955946,59.823258572044054
10,Ethanol,800.0,258.29060552550544,541.7093944744945
10,Ethylene,200.0,47.0720353387443,152.92796466125571
10,Ethanol,400.0,151.90593899440972,248.09406100559028
10,Ethylene,10.0,40.71165141449109,30.711651414491087
10,Ethanol,50.0,29.98997882279413,20.01002117720587
10,Ethylene,250.0,61.06485763561494,188.93514236438506
10,Ethanol,600.0,206.9751694367819,393.0248305632181
10,Ethylene,150.0,44.7637789175745,105.2362210824255
10,Ethanol,1000.0,374.87776438318417,625.1222356168158
10,Ethylene,10.0,60.394034363884074,50.394034363884074
10,Ethanol,50.0,28.43581686702494,21.56418313297506
10,Ethylene,50.0,37.210043430504584,12.789956569495416
10,Ethanol,200.0,83.04984120958599,116.95015879041401
10,Ethylene,100.0,36.678065317508285,63.321934682491715
10,Ethanol,800.0,310.7763888118688,489.2236111881312
10,Ethylene,200.0,56.176346039656124,143.82365396034388
10,Ethanol,400.0,158.15691891223543,241.84308108776457
10,Ethylene,250.0,76.58102887151422,173.4189711284858
10,Ethanol,600.0,241.65046834875614,358.34953165124386
10,Ethylene,150.0,44.92895041389271,105.07104958610729
10,Ethanol,1000.0,402.26643221668087,597.7335677833191
10,Ethylene,200.0,58.84303595218104,141.15696404781897
10,Ethanol,400.0,151.5030783812511,248.4969216187489
10,Ethylene,10.0,48.8492419395629,38.8492419395629
10,Ethanol,50.0,28.572620843809062,21.427379156190938
10,Ethylene,250.0,78.39279060921267,171.60720939078732
10,Ethanol,600.0,235.78284199332185,364.2171580066781
10,Ethylene,150.0,41.25358512866076,108.74641487133924
10,Ethanol,1000.0,394.9129953187724,605.0870046812277
10,Ethylene,50.0,39.39689202348269,10.603107976517308
10,Ethanol,200.0,79.983767453148,120.016232546852
10,Ethylene,100.0,38.282717456140716,61.717282543859284
10,Ethanol,800.0,320.36092317847124,479.63907682152876
10,Ethylene,50.0,36.450378905772496,13.549621094227504
10,Ethanol,200.0,83.68287164842589,116.31712835157411
10,Ethylene,100.0,37.42913961779735,62.57086038220265
10,Ethanol,800.0,316.15230005057043,483.84769994942957
10,Ethylene,200.0,65.43128812487464,134.56871187512536
10,Ethanol,400.0,160.42610928029123,239.57389071970877
10,Ethylene,10.0,45.356113701220494,35.356113701220494
10,Ethanol,50.0,34.5811153474434,15.4188846525566
10,Ethylene,250.0,77.17266950991791,172.8273304900821
10,Ethanol,600.0,244.31008551691198,355.68991448308805
10,Ethylene,150.0,41.9592721599324,108.0407278400676
10,Ethanol,1000.0,415.89730302172785,584.1026969782722
10,Ethylene,150.0,38.97049240393288,111.02950759606712
10,Ethanol,1000.0,424.18966433076474,575.8103356692352
10,Ethylene,50.0,30.993497750134352,19.006502249865648
10,Ethanol,200.0,82.15239298396196,117.84760701603804
10,Ethylene,100.0,35.12078903159896,64.87921096840104
10,Ethanol,800.0,337.8920664783449,462.1079335216551
10,Ethylene,200.0,59.752722001273256,140.24727799872676
10,Ethanol,400.0,159.8373841547193,240.1626158452807
10,Ethylene,10.0,45.04260245115843,35.04260245115843
10,Ethanol,50.0,29.020287585079473,20.979712414920527
10,Ethylene,250.0,78.2385788326012,171.7614211673988
10,Ethanol,600.0,249.4013295245167,350.5986704754833
10,Ethylene,250.0,75.97958101260821,174.0204189873918
10,Ethanol,600.0,254.84879775042242,345.1512022495776
10,Ethylene,150.0,42.34213161107964,107.65786838892036
10,Ethanol,1000.0,428.4056762794663,571.5943237205337
10,Ethylene,10.0,50.06250969549697,40.06250969549697
10,Ethanol,50.0,29.806321509082068,20.193678490917932
10,Ethylene,50.0,32.56116053961216,17.43883946038784
10,Ethanol,200.0,83.37811836054141,116.62188163945859
10,Ethylene,100.0,35.15070365123272,64.84929634876728
10,Ethanol,800.0,337.5195691114904,462.4804308885096
10,Ethylene,200.0,52.6809610027921,147.31903899720788
10,Ethanol,400.0,159.2494283225155,240.7505716774845
10,Ethylene,10.0,43.14061859600682,33.14061859600682
10,Ethanol,50.0,26.87380021908683,23.12619978091317
10,Ethylene,250.0,69.63841495753462,180.36158504246538
10,Ethanol,600.0,264.48488960793424,335.51511039206576
10,Ethylene,150.0,36.249337777485394,113.7506622225146
10,Ethanol,1000.0,450.90416957474696,549.0958304252531
10,Ethylene,50.0,32.405246915978225,17.594753084021775
10,Ethanol,200.0,84.31056211909876,115.68943788090124
10,Ethylene,100.0,35.1800270043303,64.8199729956697
10,Ethanol,800.0,361.92641679712955,438.07358320287045
10,Ethylene,200.0,63.28217139301236,136.71782860698764
10,Ethanol,400.0,173.29354302196938,226.70645697803062
10,Ethylene,50.0,34.29591853769938,15.704081462300621
10,Ethanol,200.0,85.54884511957289,114.45115488042711
10,Ethylene,100.0,34.75245828138361,65.24754171861639
10,Ethanol,800.0,351.3572210795325,448.6427789204675
10,Ethylene,200.0,57.803673727664005,142.196326272336
10,Ethanol,400.0,169.75255932872892,230.24744067127108
10,Ethylene,10.0,45.37755432022878,35.37755432022878
10,Ethanol,50.0,26.59637784478332,23.40362215521668
10,Ethylene,250.0,84.53576890951439,165.4642310904856
10,Ethanol,600.0,265.4116960669405,334.5883039330595
10,Ethylene,150.0,44.023133033155105,105.9768669668449
10,Ethanol,1000.0,444.1291829716833,555.8708170283167
10,Ethylene,10.0,50.35363599775556,40.35363599775556
10,Ethanol,50.0,37.8620260598567,12.137973940143297
10,Ethylene,250.0,113.83664247675782,136.16335752324218
10,Ethanol,600.0,547.4707686780295,52.52923132197054
10,Ethylene,150.0,46.1563647445698,103.8436352554302
10,Ethanol,1000.0,862.5606536618029,137.43934633819708
10,Ethylene,50.0,35.55706985925055,14.442930140749453
10,Ethanol,200.0,126.55055545135221,73.44944454864779
10,Ethylene,100.0,32.330052570136985,67.66994742986302
10,Ethanol,800.0,658.2596038617957,141.74039613820435
10,Ethylene,200.0,70.13570225250054,129.86429774749945
10,Ethanol,400.0,302.60439796675405,97.39560203324595
10,Ethylene,150.0,43.43057652566307,106.56942347433693
10,Ethanol,1000.0,864.542695287602,135.457304712398
10,Ethylene,50.0,35.85133422401802,14.148665775981982
10,Ethanol,200.0,120.75088141434601,79.24911858565399
10,Ethylene,100.0,34.383272540218584,65.61672745978142
10,Ethanol,800.0,655.9650119904984,144.0349880095016
10,Ethylene,200.0,64.57086203545913,135.42913796454087
10,Ethanol,400.0,288.1201771675701,111.87982283242991
10,Ethylene,10.0,50.30760974239817,40.30760974239817
10,Ethanol,50.0,29.111906610813804,20.888093389186196
10,Ethylene,250.0,100.46272294418827,149.53727705581173
10,Ethanol,600.0,528.5082161979008,71.49178380209923
10,Ethylene,50.0,34.974832281627016,15.025167718372984
10,Ethanol,200.0,154.46455335662668,45.53544664337332
10,Ethylene,100.0,32.0292856417321,67.9707143582679
10,Ethanol,800.0,762.1313077215708,37.868692278429194
10,Ethylene,200.0,61.105929326148726,138.89407067385127
10,Ethanol,400.0,352.49835655667084,47.50164344332916
10,Ethylene,10.0,48.20395123423515,38.20395123423515
10,Ethanol,50.0,32.11041779926738,17.88958220073262
10,Ethylene,250.0,108.27127807282982,141.72872192717017
10,Ethanol,600.0,515.0361005754083,84.96389942459166
10,Ethylene,150.0,54.926919330744866,95.07308066925513
10,Ethanol,1000.0,910.3341220235536,89.66587797644638
10,Ethylene,10.0,57.27766263463407,47.27766263463407
10,Ethanol,50.0,31.3093824550579,18.6906175449421
10,Ethylene,50.0,36.20876578883701,13.791234211162987
10,Ethanol,200.0,135.84886217233844,64.15113782766156
10,Ethylene,100.0,33.97309100515345,66.02690899484655
10,Ethanol,800.0,680.529416501043,119.47058349895701
10,Ethylene,200.0,82.67143070718186,117.32856929281814
10,Ethanol,400.0,298.6098326669425,101.39016733305749
10,Ethylene,250.0,107.55976850305676,142.44023149694323
10,Ethanol,600.0,471.8067028373737,128.19329716262632
10,Ethylene,150.0,53.917002064256465,96.08299793574353
10,Ethanol,1000.0,891.2061781495291,108.79382185047086
10,Ethylene,200.0,79.17656715741623,120.82343284258377
10,Ethanol,400.0,293.6500224369403,106.34997756305972
10,Ethylene,10.0,47.61505738877443,37.61505738877443
10,Ethanol,50.0,29.7163845376065,20.2836154623935
10,Ethylene,250.0,113.47654121407261,136.5234587859274
10,Ethanol,600.0,463.4271522779647,136.5728477220353
10,Ethylene,150.0,53.384248724108645,96.61575127589136
10,Ethanol,1000.0,877.6397368290144,122.3602631709856
10,Ethylene,50.0,36.83033750394958,13.169662496050421
10,Ethanol,200.0,122.50160962340976,77.49839037659024
10,Ethylene,100.0,32.23787850932534,67.76212149067466
10,Ethanol,800.0,659.776174077787,140.223825922213
10,Ethylene,50.0,34.7650554630589,15.2349445369411
10,Ethanol,200.0,120.02065514100168,79.97934485899832
10,Ethylene,100.0,33.91493139295716,66.08506860704284
10,Ethanol,800.0,657.7900514623727,142.20994853762727
10,Ethylene,200.0,81.97365711598457,118.02634288401543
10,Ethanol,400.0,283.566926677169,116.43307332283098
10,Ethylene,10.0,43.619943601081346,33.619943601081346
10,Ethanol,50.0,30.856382619877124,19.143617380122876
10,Ethylene,250.0,114.58988051206889,135.41011948793113
10,Ethanol,600.0,459.6973367356113,140.30266326438868
10,Ethylene,150.0,56.962624692221866,93.03737530777813
10,Ethanol,1000.0,878.6999898081085,121.30001019189149
10,Ethylene,150.0,56.315444193277855,93.68455580672214
10,Ethanol,1000.0,877.9753431211869,122.02465687881306
10,Ethylene,50.0,38.25715325697817,11.742846743021829
10,Ethanol,200.0,123.20479184592644,76.79520815407356
10,Ethylene,100.0,34.77875729072559,65.2212427092744
10,Ethanol,800.0,660.334641754048,139.665358245952
10,Ethylene,200.0,88.517820889592,111.482179110408
10,Ethanol,400.0,286.6252924786612,113.37470752133879
10,Ethylene,10.0,69.3059999842304,59.3059999842304
10,Ethanol,50.0,27.787958033447907,22.212041966552093
10,Ethylene,250.0,119.3904210755579,130.6095789244421
10,Ethanol,600.0,465.0310876375766,134.9689123624234
10,Ethylene,250.0,106.45158744585905,143.54841255414095
10,Ethanol,600.0,469.3168322858665,130.6831677141335
10,Ethylene,150.0,59.51037784671237,90.48962215328763
10,Ethanol,1000.0,906.6543569229717,93.34564307702829
10,Ethylene,10.0,50.13262564771243,40.13262564771243
10,Ethanol,50.0,27.575940523678057,22.424059476321943
10,Ethylene,50.0,38.85915026267615,11.140849737323848
10,Ethanol,200.0,117.01993924134412,82.98006075865588
10,Ethylene,100.0,40.33242716743804,59.66757283256196
10,Ethanol,800.0,689.0864907545201,110.91350924547987
10,Ethylene,200.0,83.29009969310265,116.70990030689735
10,Ethanol,400.0,298.4056306866086,101.59436931339138
10,Ethylene,10.0,53.77626472824829,43.77626472824829
10,Ethanol,50.0,26.17844559455331,23.82155440544669
10,Ethylene,250.0,110.23152203017796,139.76847796982204
10,Ethanol,600.0,461.7466397001065,138.25336029989347
10,Ethylene,150.0,53.55868688197077,96.44131311802923
10,Ethanol,1000.0,897.6307210576277,102.36927894237226
10,Ethylene,50.0,40.645379267729,9.354620732271002
10,Ethanol,200.0,129.51237530323746,70.48762469676254
10,Ethylene,100.0,41.86030838089182,58.13969161910818
10,Ethanol,800.0,687.7259485099526,112.27405149004744
10,Ethylene,200.0,90.3749866256066,109.6250133743934
10,Ethanol,400.0,301.6709948475274,98.32900515247258
10,Ethylene,50.0,41.32230792669357,8.677692073306432
10,Ethanol,200.0,128.04755898041012,71.95244101958988
10,Ethylene,100.0,42.48934328876349,57.51065671123651
10,Ethanol,800.0,687.2127642647383,112.78723573526167
10,Ethylene,200.0,91.21548900343268,108.78451099656732
10,Ethanol,400.0,299.0518265792574,100.94817342074259
10,Ethylene,10.0,50.37850998462241,40.37850998462241
10,Ethanol,50.0,27.71902468986542,22.28097531013458
10,Ethylene,250.0,115.75975318756629,134.24024681243372
10,Ethanol,600.0,471.7454333471254,128.2545666528746
10,Ethylene,150.0,63.544290754985084,86.45570924501492
10,Ethanol,1000.0,898.7687361849761,101.23126381502391
10,Ethylene,10.0,60.07208822510238,50.07208822510238
10,Ethanol,50.0,37.06105681723925,12.938943182760752
10,Ethylene,250.0,119.49128973846247,130.50871026153754
10,Ethanol,600.0,370.4255699062288,229.57443009377118
10,Ethylene,150.0,68.39684093940545,81.60315906059455
10,Ethanol,1000.0,759.6184139820436,240.38158601795635
10,Ethylene,50.0,37.859823296192474,12.140176703807526
10,Ethanol,200.0,105.03108156090177,94.96891843909823
10,Ethylene,100.0,43.887014329736445,56.112985670263555
10,Ethanol,800.0,635.6905056073616,164.30949439263838
10,Ethylene,200.0,87.86056372449457,112.13943627550543
10,Ethanol,400.0,250.90360918098855,149.09639081901145
10,Ethylene,150.0,64.10862514087205,85.89137485912795
10,Ethanol,1000.0,808.9776973241012,191.0223026758988
10,Ethylene,50.0,40.888413150245455,9.111586849754545
10,Ethanol,200.0,106.02042459609285,93.97957540390715
10,Ethylene,100.0,49.08006582365569,50.91993417634431
10,Ethanol,800.0,545.1525388243018,254.8474611756982
10,Ethylene,200.0,92.68316724892223,107.31683275107777
10,Ethanol,400.0,220.3707554424879,179.6292445575121
10,Ethylene,10.0,44.82320440318793,34.82320440318793
10,Ethanol,50.0,29.815142398377716,20.184857601622284
10,Ethylene,250.0,115.49594997523742,134.5040500247626
10,Ethanol,600.0,387.96740663838756,212.03259336161244
10,Ethylene,50.0,42.21730648973917,7.7826935102608275
10,Ethanol,200.0,103.03513437286438,96.96486562713562
10,Ethylene,100.0,42.887459987510056,57.112540012489944
10,Ethanol,800.0,508.9431628462903,291.0568371537097
10,Ethylene,200.0,89.11400153616052,110.88599846383948
10,Ethanol,400.0,201.21223621445355,198.78776378554645
10,Ethylene,10.0,42.36511890579594,32.36511890579594
10,Ethanol,50.0,34.920925783593574,15.079074216406426
10,Ethylene,250.0,118.66430086143987,131.33569913856013
10,Ethanol,600.0,372.32779401720893,227.67220598279107
10,Ethylene,150.0,68.37747854706667,81.62252145293333
10,Ethanol,1000.0,776.9802996977727,223.0197003022273
10,Ethylene,10.0,46.17200567835056,36.17200567835056
10,Ethanol,50.0,20.767893678497998,29.232106321502002
10,Ethylene,50.0,38.2529147248475,11.7470852751525
10,Ethanol,200.0,103.4154317567006,96.5845682432994
10,Ethylene,100.0,45.35543145753738,54.64456854246262
10,Ethanol,800.0,608.4932081465968,191.50679185340323
10,Ethylene,200.0,94.92184041253047,105.07815958746953
10,Ethanol,400.0,237.33093584599106,162.66906415400894
10,Ethylene,250.0,111.70309636129512,138.29690363870486
10,Ethanol,600.0,408.2120134169773,191.7879865830227
10,Ethylene,150.0,64.86961753087893,85.13038246912107
10,Ethanol,1000.0,809.9058185309685,190.09418146903147
10,Ethylene,200.0,91.75467245407745,108.24532754592255
10,Ethanol,400.0,244.13627733121535,155.86372266878465
10,Ethylene,10.0,35.996220956074524,25.996220956074524
10,Ethanol,50.0,20.679388841467315,29.320611158532685
10,Ethylene,250.0,115.99831107314463,134.00168892685537
10,Ethanol,600.0,411.5339095473474,188.46609045265262
10,Ethylene,150.0,64.64166373221424,85.35833626778576
10,Ethanol,1000.0,820.3979417179554,179.6020582820446
10,Ethylene,50.0,31.789434738159912,18.210565261840088
10,Ethanol,200.0,114.0641172729126,85.9358827270874
10,Ethylene,100.0,45.748515357318524,54.251484642681476
10,Ethanol,800.0,618.632951729962,181.36704827003803
10,Ethylene,50.0,33.57282336399963,16.427176636000368
10,Ethanol,200.0,113.32541407112974,86.67458592887026
10,Ethylene,100.0,44.67445693682359,55.32554306317641
10,Ethanol,800.0,620.6322403817446,179.36775961825538
10,Ethylene,200.0,88.23116541190277,111.76883458809723
10,Ethanol,400.0,251.6813833404355,148.3186166595645
10,Ethylene,10.0,35.63930972032752,25.639309720327518
10,Ethanol,50.0,23.444325161640606,26.555674838359394
10,Ethylene,250.0,113.99884884835161,136.0011511516484
10,Ethanol,600.0,426.26079100777565,173.73920899222435
10,Ethylene,150.0,66.47608917916291,83.52391082083709
10,Ethanol,1000.0,839.4342874911896,160.5657125088104
10,Ethylene,150.0,63.00506044907516,86.99493955092484
10,Ethanol,1000.0,842.644235272614,157.35576472738603
10,Ethylene,50.0,34.46163274616063,15.538367253839368
10,Ethanol,200.0,116.4135088115228,83.5864911884772
10,Ethylene,100.0,45.12802360958885,54.87197639041115
10,Ethanol,800.0,647.8803668742962,152.11963312570379
10,Ethylene,200.0,89.22904658963196,110.77095341036804
10,Ethanol,400.0,269.45633802540146,130.54366197459854
10,Ethylene,10.0,44.90954399785838,34.90954399785838
10,Ethanol,50.0,25.22455119589847,24.77544880410153
10,Ethylene,250.0,105.13652386576932,144.86347613423067
10,Ethanol,600.0,425.17465083003987,174.82534916996013
10,Ethylene,250.0,100.95183216086605,149.04816783913395
10,Ethanol,600.0,437.4540135286142,162.5459864713858
10,Ethylene,150.0,60.22092767429244,89.77907232570756
10,Ethanol,1000.0,867.6056680439259,132.3943319560741
10,Ethylene,10.0,36.895938481368134,26.895938481368134
10,Ethanol,50.0,24.549286806673194,25.450713193326806
10,Ethylene,50.0,34.21058996678087,15.789410033219127
10,Ethanol,200.0,117.05513068437236,82.94486931562764
10,Ethylene,100.0,42.63138698462387,57.36861301537613
10,Ethanol,800.0,647.7846401240272,152.2153598759728
10,Ethylene,200.0,79.26647321811683,120.73352678188317
10,Ethanol,400.0,253.83447044591685,146.16552955408315
10,Ethylene,10.0,36.62215765292645,26.622157652926447
10,Ethanol,50.0,24.711692371239536,25.288307628760464
10,Ethylene,250.0,100.98495854338579,149.0150414566142
10,Ethanol,600.0,430.07930996160275,169.92069003839725
10,Ethylene,150.0,55.85499204916513,94.14500795083487
10,Ethanol,1000.0,870.4407682139192,129.55923178608077
10,Ethylene,50.0,32.81469297439233,17.18530702560767
10,Ethanol,200.0,120.02773608370097,79.97226391629903
10,Ethylene,100.0,37.32387623045264,62.67612376954736
10,Ethanol,800.0,662.6216112684663,137.37838873153373
10,Ethylene,200.0,76.7579297090474,123.2420702909526
10,Ethanol,400.0,268.72121560562135,131.27878439437865
10,Ethylene,50.0,31.944653502759095,18.055346497240905
10,Ethanol,200.0,119.20046235547835,80.79953764452165
10,Ethylene,100.0,38.536109754149734,61.463890245850266
10,Ethanol,800.0,661.0977259983816,138.90227400161837
10,Ethylene,200.0,78.39305475783348,121.60694524216652
10,Ethanol,400.0,264.1899262712887,135.8100737287113
10,Ethylene,10.0,42.868636529191605,32.868636529191605
10,Ethanol,50.0,32.894362610335406,17.105637389664594
10,Ethylene,250.0,108.73565711037006,141.26434288962994
10,Ethanol,600.0,381.9904016822098,218.00959831779022
10,Ethylene,150.0,58.735206876286824,91.26479312371318
10,Ethanol,1000.0,856.3827425371637,143.61725746283628
10,Toluene,1.0,75.26935282437879,74.26935282437879
10,Ethanol,50.0,52.226195035627924,2.2261950356279243
10,Toluene,100.0,124.01299969905408,24.012999699054077
10,Ethanol,600.0,520.3865691134513,79.61343088654871
10,Toluene,60.0,75.11371942615705,15.113719426157047
10,Ethanol,1000.0,861.0241970000578,138.97580299994218
10,Toluene,20.0,53.93710312890434,33.93710312890434
10,Ethanol,200.0,150.04199526221777,49.95800473778223
10,Toluene,40.0,65.15548232776585,25.155482327765853
10,Ethanol,800.0,734.5875987117043,65.41240128829565
10,Toluene,80.0,89.54962284019558,9.549622840195582
10,Ethanol,400.0,316.7487131781027,83.25128682189728
10,Toluene,60.0,77.93309178081876,17.933091780818756
10,Ethanol,1000.0,928.7557641240813,71.24423587591866
10,Toluene,20.0,53.982545852601746,33.982545852601746
10,Ethanol,200.0,154.79084872121706,45.20915127878294
10,Toluene,40.0,62.65120092139591,22.651200921395912
10,Ethanol,800.0,708.287818832686,91.71218116731404
10,Toluene,80.0,100.95884330114943,20.95884330114943
10,Ethanol,400.0,338.4010842695128,61.59891573048719
10,Toluene,1.0,73.81883554958861,72.81883554958861
10,Ethanol,50.0,41.450853055848754,8.549146944151246
10,Toluene,100.0,116.29126155154202,16.29126155154202
10,Ethanol,600.0,537.6324655342248,62.36753446577518
10,Toluene,20.0,63.55499461042612,43.55499461042612
10,Ethanol,200.0,160.01574157875717,39.98425842124283
10,Toluene,40.0,73.5062607222259,33.5062607222259
10,Ethanol,800.0,688.7807141438285,111.2192858561715
10,Toluene,80.0,114.07425071069335,34.07425071069335
10,Ethanol,400.0,330.4203240252519,69.57967597474811
10,Toluene,1.0,68.53797722064408,67.53797722064408
10,Ethanol,50.0,45.938389823954154,4.061610176045846
10,Toluene,100.0,125.50554367849544,25.505543678495442
10,Ethanol,600.0,496.7563639821696,103.2436360178304
10,Toluene,60.0,93.07011370483443,33.07011370483443
10,Ethanol,1000.0,898.3442199714121,101.65578002858786
10,Toluene,1.0,51.94546025533958,50.94546025533958
10,Ethanol,50.0,39.85382503121758,10.146174968782418
10,Toluene,20.0,53.41227915685799,33.41227915685799
10,Ethanol,200.0,145.96863439814143,54.03136560185857
10,Toluene,40.0,73.70299233782893,33.70299233782893
10,Ethanol,800.0,705.1029280978785,94.89707190212152
10,Toluene,80.0,116.52460205999016,36.52460205999016
10,Ethanol,400.0,325.3697422151591,74.63025778484092
10,Toluene,100.0,134.6420950739078,34.6420950739078
10,Ethanol,600.0,533.8334777511301,66.16652224886991
10,Toluene,60.0,94.9710968426745,34.9710968426745
10,Ethanol,1000.0,956.6424933949971,43.35750660500287
10,Toluene,80.0,122.68848971056809,42.68848971056809
10,Ethanol,400.0,330.1656285751196,69.83437142488037
10,Toluene,1.0,57.383708540842974,56.383708540842974
10,Ethanol,50.0,33.92975641669655,16.07024358330345
10,Toluene,100.0,120.73148953931627,20.73148953931627
10,Ethanol,600.0,510.82781700462056,89.17218299537944
10,Toluene,60.0,94.32645148158738,34.326451481587384
10,Ethanol,1000.0,932.6771211035251,67.32287889647489
10,Toluene,20.0,54.73697145343964,34.73697145343964
10,Ethanol,200.0,139.29725250608809,60.702747493911914
10,Toluene,40.0,77.06083895419667,37.06083895419667
10,Ethanol,800.0,709.8544052264392,90.14559477356079
10,Toluene,20.0,54.04381689473742,34.04381689473742
10,Ethanol,200.0,137.93794676184953,62.06205323815047
10,Toluene,40.0,77.9389735088213,37.938973508821306
10,Ethanol,800.0,721.0183331537439,78.98166684625608
10,Toluene,80.0,121.57070046395899,41.570700463958985
10,Ethanol,400.0,326.08161514003774,73.91838485996226
10,Toluene,1.0,48.25086101377006,47.25086101377006
10,Ethanol,50.0,41.436286748323866,8.563713251676134
10,Toluene,100.0,123.04605653596215,23.04605653596215
10,Ethanol,600.0,502.97790064090253,97.02209935909747
10,Toluene,60.0,91.82646405578794,31.826464055787937
10,Ethanol,1000.0,928.5569868331845,71.44301316681549
10,Toluene,60.0,91.7568698379273,31.756869837927297
10,Ethanol,1000.0,946.7197928078034,53.2802071921966
10,Toluene,20.0,59.721296357482814,39.721296357482814
10,Ethanol,200.0,138.31841897594447,61.68158102405553
10,Toluene,40.0,73.7416873767213,33.7416873767213
10,Ethanol,800.0,710.5203078569195,89.47969214308046
10,Toluene,80.0,108.00709212104039,28.007092121040387
10,Ethanol,400.0,311.75828718031005,88.24171281968995
10,Toluene,1.0,57.788581222626135,56.788581222626135
10,Ethanol,50.0,36.028004907246824,13.971995092753176
10,Toluene,100.0,124.11851647758395,24.118516477583952
10,Ethanol,600.0,506.54350452001194,93.45649547998806
10,Toluene,100.0,134.3489819393317,34.34898193933171
10,Ethanol,600.0,525.0865235668994,74.91347643310064
10,Toluene,60.0,93.58167725335875,33.58167725335875
10,Ethanol,1000.0,956.2083291115268,43.79167088847316
10,Toluene,1.0,53.65584686662166,52.65584686662166
10,Ethanol,50.0,30.27097802806263,19.72902197193737
10,Toluene,20.0,55.52357685855705,35.52357685855705
10,Ethanol,200.0,131.3335950722174,68.6664049277826
10,Toluene,40.0,75.79462846623694,35.794628466236944
10,Ethanol,800.0,702.2930680249599,97.7069319750401
10,Toluene,80.0,118.50745428609959,38.50745428609959
10,Ethanol,400.0,310.0564336983211,89.94356630167891
10,Toluene,1.0,61.964758654920914,60.964758654920914
10,Ethanol,50.0,33.83153672884929,16.168463271150713
10,Toluene,100.0,129.46907598800792,29.469075988007916
10,Ethanol,600.0,496.7786373785517,103.22136262144829
10,Toluene,60.0,84.02359853084181,24.02359853084181
10,Ethanol,1000.0,960.4246254116237,39.57537458837635
10,Toluene,20.0,51.05201488349064,31.052014883490642
10,Ethanol,200.0,132.34346251418228,67.65653748581772
10,Toluene,40.0,67.25504921439563,27.255049214395626
10,Ethanol,800.0,706.6634703650412,93.33652963495877
10,Toluene,80.0,106.84183648508758,26.841836485087583
10,Ethanol,400.0,302.4457423722282,97.55425762777179
10,Toluene,20.0,51.49240063034701,31.492400630347007
10,Ethanol,200.0,123.54034010648122,76.45965989351878
10,Toluene,40.0,63.50454509056125,23.50454509056125
10,Ethanol,800.0,694.9948992689882,105.0051007310118
10,Toluene,80.0,111.68876188827292,31.68876188827292
10,Ethanol,400.0,298.3036004502476,101.69639954975241
10,Toluene,1.0,68.53767814128909,67.53767814128909
10,Ethanol,50.0,34.12918759698438,15.87081240301562
10,Toluene,100.0,125.60291789008076,25.60291789008076
10,Ethanol,600.0,502.3989516509631,97.60104834903689
10,Toluene,60.0,93.04058926975357,33.04058926975357
10,Ethanol,1000.0,957.9715970101272,42.0284029898728
10,Toluene,1.0,64.26201004712475,63.26201004712475
10,Ethanol,50.0,38.29216613522986,11.707833864770137
10,Toluene,100.0,69.56665246080858,30.433347539191416
10,Ethanol,600.0,577.0038594857543,22.996140514245667
10,Toluene,60.0,47.64644272784534,12.35355727215466
10,Ethanol,1000.0,951.1350067027934,48.86499329720664
10,Toluene,20.0,44.592769070767716,24.592769070767716
10,Ethanol,200.0,143.96755996962256,56.032440030377444
10,Toluene,40.0,40.612034947573534,0.6120349475735338
10,Ethanol,800.0,728.8384200177591,71.16157998224094
10,Toluene,80.0,58.61368813810414,21.386311861895862
10,Ethanol,400.0,330.9905441202948,69.00945587970517
10,Toluene,60.0,45.1952988490702,14.804701150929802
10,Ethanol,1000.0,951.7495972434077,48.25040275659228
10,Toluene,20.0,40.333901316663315,20.333901316663315
10,Ethanol,200.0,144.11192990645793,55.88807009354207
10,Toluene,40.0,40.09265991954567,0.09265991954566744
10,Ethanol,800.0,774.4618613798705,25.53813862012953
10,Toluene,80.0,49.98188386827006,30.01811613172994
10,Ethanol,400.0,360.6840187393863,39.31598126061368
10,Toluene,1.0,59.34107202835746,58.34107202835746
10,Ethanol,50.0,36.65372245456355,13.34627754543645
10,Toluene,100.0,62.87074739897514,37.12925260102486
10,Ethanol,600.0,543.3049002859993,56.69509971400066
10,Toluene,20.0,36.453944039399104,16.453944039399104
10,Ethanol,200.0,156.41505442460826,43.58494557539174
10,Toluene,40.0,35.58361117023372,4.416388829766277
10,Ethanol,800.0,790.8886926095075,9.11130739049247
10,Toluene,80.0,49.06861979771466,30.93138020228534
10,Ethanol,400.0,378.1711623748341,21.828837625165875
10,Toluene,1.0,54.07690528286088,53.07690528286088
10,Ethanol,50.0,40.31018636570394,9.689813634296058
10,Toluene,100.0,58.830469288939284,41.169530711060716
10,Ethanol,600.0,577.8366565451379,22.163343454862115
10,Toluene,60.0,38.47362212678331,21.52637787321669
10,Ethanol,1000.0,1010.9479385368371,10.947938536837114
10,Toluene,1.0,54.563612026960115,53.563612026960115
10,Ethanol,50.0,35.774378232832476,14.225621767167524
10,Toluene,20.0,33.46297923744734,13.462979237447342
10,Ethanol,200.0,146.19711587101634,53.80288412898366
10,Toluene,40.0,36.07249783705133,3.92750216294867
10,Ethanol,800.0,745.1969566053458,54.803043394654196
10,Toluene,80.0,48.57387923450432,31.426120765495682
10,Ethanol,400.0,322.1733141299112,77.8266858700888
10,Toluene,100.0,54.40519139929461,45.59480860070539
10,Ethanol,600.0,514.579749483294,85.420250516706
10,Toluene,60.0,38.755314682639906,21.244685317360094
10,Ethanol,1000.0,952.2339265604761,47.76607343952389
10,Toluene,80.0,46.454040353259415,33.545959646740585
10,Ethanol,400.0,322.4965127632498,77.50348723675017
10,Toluene,1.0,53.88523367128414,52.88523367128414
10,Ethanol,50.0,37.1492259921786,12.8507740078214
10,Toluene,100.0,60.173775164878535,39.826224835121465
10,Ethanol,600.0,513.7616911112616,86.2383088887384
10,Toluene,60.0,41.40129187928119,18.59870812071881
10,Ethanol,1000.0,962.9436615302271,37.05633846977287
10,Toluene,20.0,34.884076139772674,14.884076139772674
10,Ethanol,200.0,140.85046972194112,59.149530278058876
10,Toluene,40.0,35.02435538364371,4.975644616356291
10,Ethanol,800.0,728.2718143661482,71.72818563385181
10,Toluene,20.0,32.21145233712309,12.211452337123092
10,Ethanol,200.0,131.49037856877507,68.50962143122493
10,Toluene,40.0,34.6047769153009,5.395223084699097
10,Ethanol,800.0,707.5082668629776,92.49173313702238
10,Toluene,80.0,46.375442256433914,33.624557743566086
10,Ethanol,400.0,311.590763991069,88.40923600893098
10,Toluene,1.0,46.724370753400805,45.724370753400805
10,Ethanol,50.0,29.357093071221755,20.642906928778245
10,Toluene,100.0,58.666949375436616,41.333050624563384
10,Ethanol,600.0,504.4978519081356,95.5021480918644
10,Toluene,60.0,44.20203497537537,15.79796502462463
10,Ethanol,1000.0,931.7524686905175,68.2475313094825
10,Toluene,60.0,47.16558403867235,12.83441596132765
10,Ethanol,1000.0,940.7345507247262,59.265449275273795
10,Toluene,20.0,34.18508299607362,14.185082996073618
10,Ethanol,200.0,133.03331422103966,66.96668577896034
10,Toluene,40.0,35.070393820706286,4.929606179293714
10,Ethanol,800.0,718.0705315581984,81.92946844180165
10,Toluene,80.0,50.846337174827454,29.153662825172546
10,Ethanol,400.0,312.73324291370244,87.26675708629756
10,Toluene,1.0,70.72439383039966,69.72439383039966
10,Ethanol,50.0,33.44094210285992,16.55905789714008
10,Toluene,100.0,69.99924959482911,30.00075040517089
10,Ethanol,600.0,480.4437646414761,119.5562353585239
10,Toluene,100.0,60.32559498748756,39.67440501251244
10,Ethanol,600.0,487.401306207569,112.59869379243099
10,Toluene,60.0,44.11846197409331,15.881538025906693
10,Ethanol,1000.0,923.8337678961083,76.16623210389173
10,Toluene,1.0,62.213219116723195,61.213219116723195
10,Ethanol,50.0,34.74714854556217,15.252851454437831
10,Toluene,20.0,40.060851945151725,20.060851945151725
10,Ethanol,200.0,125.49025680019045,74.50974319980955
10,Toluene,40.0,39.413877334834325,0.586122665165675
10,Ethanol,800.0,704.280013125624,95.71998687437599
10,Toluene,80.0,52.30732608699191,27.692673913008093
10,Ethanol,400.0,313.4396968047024,86.56030319529759
10,Toluene,1.0,54.887852222014985,53.887852222014985
10,Ethanol,50.0,31.41593438360394,18.58406561639606
10,Toluene,100.0,67.62347880667721,32.37652119332279
10,Ethanol,600.0,485.4423980093934,114.5576019906066
10,Toluene,60.0,42.68116652529555,17.318833474704448
10,Ethanol,1000.0,921.4021157221024,78.5978842778976
10,Toluene,20.0,42.29839085140185,22.298390851401848
10,Ethanol,200.0,124.78817377697993,75.21182622302007
10,Toluene,40.0,38.40274558952889,1.597254410471109
10,Ethanol,800.0,709.5803668168212,90.4196331831788
10,Toluene,80.0,51.11104690598118,28.888953094018817
10,Ethanol,400.0,301.74520328949103,98.25479671050897
10,Toluene,20.0,38.81982280641445,18.81982280641445
10,Ethanol,200.0,128.56176222804783,71.43823777195217
10,Toluene,40.0,38.469806272646096,1.530193727353904
10,Ethanol,800.0,693.7842026185126,106.21579738148739
10,Toluene,80.0,51.223153493341044,28.776846506658956
10,Ethanol,400.0,314.97896619995777,85.02103380004223
10,Toluene,1.0,53.814310505434435,52.814310505434435
10,Ethanol,50.0,30.115672470125958,19.884327529874042
10,Toluene,100.0,63.63389922903659,36.36610077096341
10,Ethanol,600.0,490.82422727745046,109.17577272254954
10,Toluene,60.0,44.64246741499116,15.35753258500884
10,Ethanol,1000.0,935.8250516607417,64.17494833925832
10,Ethylene,10.0,42.287889487001706,32.287889487001706
10,Ammonia,50.0,43.69108095580165,6.308919044198348
10,Ethylene,250.0,78.63134271236711,171.36865728763289
10,Ammonia,600.0,300.1129112799639,299.8870887200361
10,Ethylene,150.0,58.6765992550111,91.3234007449889
10,Ammonia,1000.0,453.3573072295763,546.6426927704238
10,Ethylene,50.0,50.01307993583124,0.013079935831243006
10,Ammonia,200.0,111.27922955070252,88.72077044929748
10,Ethylene,100.0,54.33546149565055,45.66453850434945
10,Ammonia,800.0,373.05639139085525,426.94360860914475
10,Ethylene,200.0,68.59486663019393,131.40513336980607
10,Ammonia,400.0,226.0441236787335,173.9558763212665
10,Ethylene,150.0,62.8545122329635,87.1454877670365
10,Ammonia,1000.0,454.0851931444185,545.9148068555814
10,Ethylene,50.0,47.08578648822886,2.9142135117711376
10,Ammonia,200.0,106.32967631621642,93.67032368378358
10,Ethylene,100.0,49.379980447510306,50.620019552489694
10,Ammonia,800.0,365.7956758351282,434.2043241648718
10,Ethylene,200.0,65.92107829086028,134.0789217091397
10,Ammonia,400.0,220.87329685554172,179.12670314445828
10,Ethylene,10.0,46.84245052915011,36.84245052915011
10,Ammonia,50.0,42.27689332449421,7.7231066755057896
10,Ethylene,250.0,74.14459180480958,175.85540819519042
10,Ammonia,600.0,302.6903841250987,297.3096158749013
10,Ethylene,50.0,47.44181965360053,2.5581803463994675
10,Ammonia,200.0,111.62260497029706,88.37739502970294
10,Ethylene,100.0,51.806377065652455,48.193622934347545
10,Ammonia,800.0,368.33005221114297,431.66994778885703
10,Ethylene,200.0,69.34313430678635,130.65686569321366
10,Ammonia,400.0,220.40036008683063,179.59963991316937
10,Ethylene,10.0,48.408935606711836,38.408935606711836
10,Ammonia,50.0,44.71646696884089,5.283533031159109
10,Ethylene,250.0,83.34153462516255,166.65846537483745
10,Ammonia,600.0,294.7608417650943,305.2391582349057
10,Ethylene,150.0,58.386595661895754,91.61340433810425
10,Ammonia,1000.0,443.11636367199964,556.8836363280004
10,Ethylene,10.0,46.479898549589336,36.479898549589336
10,Ammonia,50.0,43.135812876001026,6.864187123998974
10,Ethylene,50.0,40.764546945291556,9.235453054708444
10,Ammonia,200.0,109.33297032814455,90.66702967185545
10,Ethylene,100.0,46.37164330446062,53.62835669553938
10,Ammonia,800.0,365.65939145597025,434.34060854402975
10,Ethylene,200.0,69.65097476591137,130.34902523408863
10,Ammonia,400.0,223.0340365905007,176.9659634094993
10,Ethylene,250.0,76.31414775729863,173.68585224270137
10,Ammonia,600.0,295.5705293526927,304.4294706473073
10,Ethylene,150.0,59.29596293848816,90.70403706151184
10,Ammonia,1000.0,471.14989054002774,528.8501094599723
10,Ethylene,200.0,66.9154788801464,133.0845211198536
10,Ammonia,400.0,221.0515887385547,178.9484112614453
10,Ethylene,10.0,47.77204136966225,37.77204136966225
10,Ammonia,50.0,44.13537347198566,5.864626528014341
10,Ethylene,250.0,77.3343120231623,172.66568797683772
10,Ammonia,600.0,297.21205209094217,302.78794790905783
10,Ethylene,150.0,59.98540261324291,90.01459738675709
10,Ammonia,1000.0,464.7783379112652,535.2216620887348
10,Ethylene,50.0,43.78693771441391,6.213062285586091
10,Ammonia,200.0,107.76374856262964,92.23625143737036
10,Ethylene,100.0,43.904649983481875,56.095350016518125
10,Ammonia,800.0,371.6533860401763,428.3466139598237
10,Ethylene,50.0,35.75675273474778,14.243247265252222
10,Ammonia,200.0,109.5839442098709,90.4160557901291
10,Ethylene,100.0,49.09488137125932,50.90511862874068
10,Ammonia,800.0,381.09664385653457,418.90335614346543
10,Ethylene,200.0,70.38039176603321,129.6196082339668
10,Ammonia,400.0,220.40758174429118,179.59241825570882
10,Ethylene,10.0,45.5399240031045,35.5399240031045
10,Ammonia,50.0,44.326221958302085,5.673778041697915
10,Ethylene,250.0,78.33963773632459,171.6603622636754
10,Ammonia,600.0,295.8752498429469,304.1247501570531
10,Ethylene,150.0,59.10740735510939,90.89259264489061
10,Ammonia,1000.0,474.7281264224538,525.2718735775462
10,Ethylene,150.0,59.01885729364733,90.98114270635267
10,Ammonia,1000.0,468.55850709616965,531.4414929038303
10,Ethylene,50.0,41.028493108271704,8.971506891728296
10,Ammonia,200.0,108.67870849483609,91.32129150516391
10,Ethylene,100.0,49.31588158761248,50.68411841238752
10,Ammonia,800.0,378.35083873083164,421.64916126916836
10,Ethylene,200.0,67.9252225036492,132.0747774963508
10,Ammonia,400.0,216.97072071423577,183.02927928576423
10,Ethylene,10.0,50.84375885825865,40.84375885825865
10,Ammonia,50.0,44.54142281184575,5.458577188154251
10,Ethylene,250.0,101.12626062108313,148.87373937891687
10,Ammonia,600.0,302.3332741987743,297.6667258012257
10,Ethylene,250.0,82.69049609174178,167.30950390825822
10,Ammonia,600.0,301.28866215463984,298.71133784536016
10,Ethylene,150.0,65.68732452923513,84.31267547076487
10,Ammonia,1000.0,482.93265768424607,517.0673423157539
10,Ethylene,10.0,49.17737883049094,39.17737883049094
10,Ammonia,50.0,43.577468542544764,6.422531457455236
10,Ethylene,50.0,42.94386283644366,7.056137163556343
10,Ammonia,200.0,109.63502635839632,90.36497364160368
10,Ethylene,100.0,48.92964548186856,51.07035451813144
10,Ammonia,800.0,379.94786649520523,420.05213350479477
10,Ethylene,200.0,72.63184862306144,127.36815137693856
10,Ammonia,400.0,218.29791840100543,181.70208159899457
10,Ethylene,10.0,40.25739482187046,30.257394821870463
10,Ammonia,50.0,43.23486962098825,6.765130379011751
10,Ethylene,250.0,87.25112889705409,162.7488711029459
10,Ammonia,600.0,300.1247412823075,299.8752587176925
10,Ethylene,150.0,62.93574741316817,87.06425258683183
10,Ammonia,1000.0,492.8817323410619,507.1182676589381
10,Ethylene,50.0,42.2397737099124,7.760226290087601
10,Ammonia,200.0,112.01378697660594,87.98621302339406
10,Ethylene,100.0,51.46226466082652,48.53773533917348
10,Ammonia,800.0,389.32000032668117,410.67999967331883
10,Ethylene,200.0,71.40578755155838,128.59421244844162
10,Ammonia,400.0,212.02829946699637,187.97170053300363
10,Ethylene,50.0,39.89790524168626,10.10209475831374
10,Ammonia,200.0,108.51619662050733,91.48380337949267
10,Ethylene,100.0,48.06173429785703,51.93826570214297
10,Ammonia,800.0,391.4975607192998,408.5024392807002
10,Ethylene,200.0,71.02099661874729,128.9790033812527
10,Ammonia,400.0,216.52269474594257,183.47730525405743
10,Ethylene,10.0,52.4006510412719,42.4006510412719
10,Ammonia,50.0,44.776826894411215,5.223173105588785
10,Ethylene,250.0,87.68951775368143,162.31048224631857
10,Ammonia,600.0,297.4225747363671,302.5774252636329
10,Ethylene,150.0,64.211071898176,85.788928101824
10,Ammonia,1000.0,511.44922613917225,488.55077386082775
10,Ethylene,10.0,50.424561398060035,40.424561398060035
10,Ammonia,50.0,54.58567132765323,4.58567132765323
10,Ethylene,250.0,124.9894122186469,125.0105877813531
10,Ammonia,600.0,518.3117557201473,81.68824427985271
10,Ethylene,150.0,79.15831693047234,70.84168306952766
10,Ammonia,1000.0,784.7840674443028,215.21593255569724
10,Ethylene,50.0,49.09026172870833,0.9097382712916726
10,Ammonia,200.0,165.30940919778106,34.690590802218935
10,Ethylene,100.0,66.50387793377186,33.49612206622814
10,Ammonia,800.0,634.4475686927183,165.55243130728172
10,Ethylene,200.0,106.99441408844339,93.00558591155661
10,Ammonia,400.0,333.0135319827311,66.98646801726892
10,Ethylene,150.0,95.14556894404421,54.854431055955786
10,Ammonia,1000.0,761.1290646577181,238.87093534228188
10,Ethylene,50.0,53.460825553287094,3.460825553287094
10,Ammonia,200.0,162.19961914931775,37.800380850682245
10,Ethylene,100.0,65.06963967798595,34.93036032201405
10,Ammonia,800.0,620.1434958847968,179.85650411520317
10,Ethylene,200.0,111.4619629059483,88.5380370940517
10,Ammonia,400.0,323.83018004604537,76.16981995395463
10,Ethylene,10.0,49.265483317433436,39.265483317433436
10,Ammonia,50.0,52.08307122943674,2.08307122943674
10,Ethylene,250.0,131.86087816157854,118.13912183842146
10,Ammonia,600.0,473.04801387069494,126.95198612930506
10,Ethylene,50.0,53.965214184302624,3.9652141843026243
10,Ammonia,200.0,177.04256019331433,22.95743980668567
10,Ethylene,100.0,78.60761555422445,21.392384445775548
10,Ammonia,800.0,701.8523567784678,98.14764322153223
10,Ethylene,200.0,106.76803786818218,93.23196213181782
10,Ammonia,400.0,350.54100490794434,49.45899509205566
10,Ethylene,10.0,56.20860300236011,46.20860300236011
10,Ammonia,50.0,55.36687233355451,5.366872333554511
10,Ethylene,250.0,123.75334501839225,126.24665498160775
10,Ammonia,600.0,523.0290716018714,76.97092839812865
10,Ethylene,150.0,95.17524530455128,54.82475469544872
10,Ammonia,1000.0,834.3578472320331,165.64215276796688
10,Ethylene,10.0,56.55857307676763,46.55857307676763
10,Ammonia,50.0,52.249120905335545,2.2491209053355448
10,Ethylene,50.0,53.77519379526312,3.775193795263121
10,Ammonia,200.0,171.52968233236314,28.470317667636863
10,Ethylene,100.0,77.46780654774994,22.532193452250056
10,Ammonia,800.0,700.2626423339898,99.73735766601021
10,Ethylene,200.0,106.92388580750037,93.07611419249963
10,Ammonia,400.0,358.68465957898496,41.31534042101504
10,Ethylene,250.0,128.68032909883047,121.31967090116953
10,Ammonia,600.0,537.5382596136076,62.46174038639242
10,Ethylene,150.0,95.57095206234023,54.429047937659774
10,Ammonia,1000.0,847.4752277748839,152.52477222511607
10,Ethylene,200.0,107.69419721722926,92.30580278277074
10,Ammonia,400.0,356.64847371894103,43.351526281058966
10,Ethylene,10.0,59.6040714664739,49.6040714664739
10,Ammonia,50.0,54.85258851202305,4.852588512023047
10,Ethylene,250.0,126.4929521138805,123.5070478861195
10,Ammonia,600.0,529.0348974039141,70.9651025960859
10,Ethylene,150.0,93.61496404090457,56.38503595909543
10,Ammonia,1000.0,828.9557395122325,171.04426048776747
10,Ethylene,50.0,63.51898769388556,13.518987693885563
10,Ammonia,200.0,172.39771229236612,27.602287707633877
10,Ethylene,100.0,79.10787848917377,20.89212151082623
10,Ammonia,800.0,676.0173329727536,123.9826670272464
10,Ethylene,50.0,58.15261517229139,8.15261517229139
10,Ammonia,200.0,172.5426070073559,27.45739299264409
10,Ethylene,100.0,75.31815975468066,24.681840245319336
10,Ammonia,800.0,696.7291116379986,103.27088836200141
10,Ethylene,200.0,110.57212306820526,89.42787693179474
10,Ammonia,400.0,363.83300380600514,36.16699619399486
10,Ethylene,10.0,56.28956298708195,46.28956298708195
10,Ammonia,50.0,57.19903647481134,7.1990364748113365
10,Ethylene,250.0,132.94162318114599,117.05837681885401
10,Ammonia,600.0,539.4074615224002,60.59253847759976
10,Ethylene,150.0,97.2002574811336,52.799742518866395
10,Ammonia,1000.0,852.8970577894702,147.10294221052982
10,Ethylene,150.0,96.58788726130932,53.41211273869068
10,Ammonia,1000.0,829.4149392516331,170.5850607483669
10,Ethylene,50.0,61.06994628461054,11.069946284610538
10,Ammonia,200.0,175.91722068221435,24.08277931778565
10,Ethylene,100.0,79.22330521222295,20.776694787777046
10,Ammonia,800.0,694.1669270164762,105.83307298352383
10,Ethylene,200.0,111.77713115097018,88.22286884902982
10,Ammonia,400.0,362.55676527431115,37.44323472568885
10,Ethylene,10.0,57.510403636085925,47.510403636085925
10,Ammonia,50.0,56.072954114502394,6.072954114502394
10,Ethylene,250.0,135.81259821304894,114.18740178695106
10,Ammonia,600.0,523.2533012287944,76.74669877120562
10,Ethylene,250.0,134.63066667841088,115.36933332158912
10,Ammonia,600.0,529.8110189004226,70.1889810995774
10,Ethylene,150.0,97.53229437831213,52.46770562168787
10,Ammonia,1000.0,818.6382958701486,181.36170412985143
10,Ethylene,10.0,55.908268354916714,45.908268354916714
10,Ammonia,50.0,56.58470007109962,6.584700071099618
10,Ethylene,50.0,55.74677861144889,5.746778611448889
10,Ammonia,200.0,176.23396380933463,23.766036190665375
10,Ethylene,100.0,77.01303525668985,22.986964743310153
10,Ammonia,800.0,689.6569989496355,110.34300105036448
10,Ethylene,200.0,117.10836260185569,82.89163739814431
10,Ammonia,400.0,357.8360322772869,42.163967722713096
10,Ethylene,10.0,48.51096921949102,38.51096921949102
10,Ammonia,50.0,53.80755791583425,3.807557915834252
10,Ethylene,250.0,140.72098650691242,109.27901349308758
10,Ammonia,600.0,518.2223063823706,81.77769361762944
10,Ethylene,150.0,99.13573096200717,50.86426903799283
10,Ammonia,1000.0,883.1827758333461,116.81722416665389
10,Ethylene,50.0,59.11289973065689,9.112899730656892
10,Ammonia,200.0,177.51869395393973,22.48130604606027
10,Ethylene,100.0,78.78374787250596,21.216252127494045
10,Ammonia,800.0,724.8905304656478,75.10946953435223
10,Ethylene,200.0,109.98796234579932,90.01203765420068
10,Ammonia,400.0,377.86269291927704,22.137307080722962
10,Ethylene,50.0,62.604956708673384,12.604956708673384
10,Ammonia,200.0,181.81332698293855,18.18667301706145
10,Ethylene,100.0,80.79548991426219,19.20451008573781
10,Ammonia,800.0,704.9939162801613,95.00608371983867
10,Ethylene,200.0,110.91164530339327,89.08835469660673
10,Ammonia,400.0,376.2597105652669,23.740289434733086
10,Ethylene,10.0,54.99831396566569,44.99831396566569
10,Ammonia,50.0,56.480512559934354,6.480512559934354
10,Ethylene,250.0,131.66173578247006,118.33826421752994
10,Ammonia,600.0,545.1439628002817,54.856037199718344
10,Ethylene,150.0,96.84562799966089,53.15437200033911
10,Ammonia,1000.0,858.7285339721552,141.27146602784478
10,Ethylene,10.0,55.7474821990738,45.7474821990738
10,Ammonia,50.0,59.57933178137753,9.579331781377533
10,Ethylene,250.0,121.42236637424433,128.57763362575565
10,Ammonia,600.0,534.8709118750089,65.12908812499109
10,Ethylene,150.0,99.24421211486168,50.75578788513832
10,Ammonia,1000.0,841.6253910991568,158.3746089008432
10,Ethylene,50.0,57.95736858867342,7.957368588673418
10,Ammonia,200.0,189.805854174106,10.194145825893997
10,Ethylene,100.0,80.35433930762608,19.645660692373923
10,Ammonia,800.0,708.2569769012209,91.74302309877908
10,Ethylene,200.0,114.62216456977949,85.37783543022051
10,Ammonia,400.0,378.1657616204112,21.834238379588783
10,Ethylene,150.0,103.81114988607185,46.188850113928154
10,Ammonia,1000.0,838.4787429753061,161.5212570246939
10,Ethylene,50.0,63.4039836421352,13.403983642135202
10,Ammonia,200.0,183.6195142060317,16.38048579396829
10,Ethylene,100.0,83.58278397894708,16.417216021052923
10,Ammonia,800.0,672.9087565144911,127.09124348550893
10,Ethylene,200.0,111.09796082815438,88.90203917184562
10,Ammonia,400.0,394.886511455931,5.113488544069014
10,Ethylene,10.0,33.24040413830889,23.24040413830889
10,Ammonia,50.0,51.4261767096681,1.4261767096680984
10,Ethylene,250.0,127.83787807630696,122.16212192369304
10,Ammonia,600.0,542.5800571272794,57.41994287272064
10,Ethylene,50.0,29.45209209813082,20.54790790186918
10,Ammonia,200.0,184.4469160653698,15.553083934630195
10,Ethylene,100.0,71.91941419073044,28.080585809269564
10,Ammonia,800.0,671.4344115246555,128.5655884753445
10,Ethylene,200.0,101.42401265586518,98.57598734413482
10,Ammonia,400.0,397.4398782669295,2.5601217330705026
10,Ethylene,10.0,24.259283144674143,14.259283144674143
10,Ammonia,50.0,53.64564477643626,3.6456447764362565
10,Ethylene,250.0,129.2365374025638,120.76346259743619
10,Ammonia,600.0,545.2201358748936,54.77986412510643
10,Ethylene,150.0,96.34077621176255,53.659223788237455
10,Ammonia,1000.0,871.0362155195364,128.96378448046357
10,Ethylene,10.0,19.32112136257375,9.321121362573749
10,Ammonia,50.0,51.58243628444444,1.5824362844444408
10,Ethylene,50.0,34.32496652774641,15.675033472253588
10,Ammonia,200.0,178.74666022968768,21.253339770312323
10,Ethylene,100.0,74.66579888804708,25.334201111952922
10,Ammonia,800.0,688.7500868756895,111.24991312431052
10,Ethylene,200.0,112.06659050818544,87.93340949181456
10,Ammonia,400.0,397.1125166525517,2.887483347448324
10,Ethylene,250.0,138.46188987881865,111.53811012118135
10,Ammonia,600.0,561.628359279917,38.37164072008295
10,Ethylene,150.0,95.35675688301474,54.64324311698526
10,Ammonia,1000.0,803.5804741165076,196.41952588349238
10,Ethylene,200.0,112.70348880969975,87.29651119030025
10,Ammonia,400.0,395.1916460581148,4.808353941885173
10,Ethylene,10.0,27.74163923939814,17.74163923939814
10,Ammonia,50.0,52.154153989261616,2.1541539892616157
10,Ethylene,250.0,129.3866454658827,120.61335453411729
10,Ammonia,600.0,527.8225084512366,72.17749154876344
10,Ethylene,150.0,94.48198072586305,55.51801927413695
10,Ammonia,1000.0,862.4541710279826,137.54582897201738
10,Ethylene,50.0,33.815993801961696,16.184006198038304
10,Ammonia,200.0,181.00923704815543,18.990762951844573
10,Ethylene,100.0,84.1284739205897,15.871526079410302
10,Ammonia,800.0,818.1732758881074,18.173275888107355
10,Ethylene,50.0,38.60103174034076,11.398968259659242
10,Ammonia,200.0,218.08385810278406,18.083858102784063
10,Ethylene,100.0,86.63460219385937,13.365397806140635
10,Ammonia,800.0,853.4639413241842,53.46394132418425
10,Ethylene,200.0,103.4193003155211,96.5806996844789
10,Ammonia,400.0,452.2241565423099,52.22415654230991
10,Ethylene,10.0,29.715706036765354,19.715706036765354
10,Ammonia,50.0,60.97442385053601,10.974423850536013
10,Ethylene,250.0,121.4205834367976,128.57941656320241
10,Ammonia,600.0,652.3952590128147,52.39525901281468
10,Ethylene,150.0,98.92069425752936,51.07930574247064
10,Ammonia,1000.0,969.2685297339006,30.73147026609945
10,Ethylene,150.0,96.79589639856744,53.204103601432564
10,Ammonia,1000.0,1016.2760602635773,16.27606026357728
10,Ethylene,50.0,43.453652206742206,6.5463477932577945
10,Ammonia,200.0,217.0909093727587,17.090909372758688
10,Ethylene,100.0,86.9931045290831,13.006895470916902
10,Ammonia,800.0,805.9274656286731,5.927465628673076
10,Ethylene,200.0,102.80703572707063,97.19296427292937
10,Ammonia,400.0,450.17642291057086,50.176422910570864
10,Ethylene,10.0,36.636466429982136,26.636466429982136
10,Ammonia,50.0,57.93592221387348,7.935922213873482
10,Ethylene,250.0,125.37582468386016,124.62417531613984
10,Ammonia,600.0,595.2202838641158,4.7797161358842
10,Ethylene,250.0,129.55758720161953,120.44241279838047
10,Ammonia,600.0,596.6176855388218,3.3823144611782254
10,Ethylene,150.0,112.56460767314279,37.43539232685721
10,Ammonia,1000.0,903.1850300436287,96.81496995637133
10,Ethylene,10.0,52.37415176532038,42.37415176532038
10,Ammonia,50.0,66.16022192324296,16.160221923242958
10,Ethylene,50.0,67.17344580666526,17.173445806665256
10,Ammonia,200.0,196.8254238850402,3.174576114959791
10,Ethylene,100.0,93.9982752401502,6.001724759849793
10,Ammonia,800.0,755.5231157644375,44.476884235562466
10,Ethylene,200.0,120.67298263492393,79.32701736507607
10,Ammonia,400.0,401.84696935244926,1.846969352449264
10,Ethylene,10.0,55.21137764644713,45.21137764644713
10,Ammonia,50.0,65.62468712105127,15.624687121051267
10,Ethylene,250.0,132.14495745913814,117.85504254086186
10,Ammonia,600.0,596.3678043316343,3.632195668365739
10,Ethylene,150.0,112.92270694361916,37.07729305638084
10,Ammonia,1000.0,928.9905635297538,71.00943647024621
10,Ethylene,50.0,70.87339816731307,20.87339816731307
10,Ammonia,200.0,197.1656129763697,2.8343870236303133
10,Ethylene,100.0,91.78217642762331,8.217823572376687
10,Ammonia,800.0,769.5108689247094,30.48913107529063
10,Ethylene,200.0,117.11210319886342,82.88789680113658
10,Ammonia,400.0,405.14545663765085,5.145456637650852
10,Ethylene,50.0,66.94343427266128,16.94343427266128
10,Ammonia,200.0,198.81554829625838,1.1844517037416153
10,Ethylene,100.0,95.9311663781462,4.068833621853798
10,Ammonia,800.0,761.9016501899691,38.09834981003087
10,Ethylene,200.0,117.0276108154794,82.9723891845206
10,Ammonia,400.0,404.5660224375548,4.566022437554807
10,Ethylene,10.0,59.27647150721029,49.27647150721029
10,Ammonia,50.0,63.28180103645741,13.28180103645741
10,Ethylene,250.0,128.71326923514718,121.28673076485282
10,Ammonia,600.0,594.4078294976147,5.592170502385329
10,Ethylene,150.0,110.22270354993908,39.777296450060916
10,Ammonia,1000.0,930.6786503704607,69.32134962953933
