batch_id,gas_name,concentration_ppm,predicted_ppm,absolute_error_ppm
6,Acetaldehyde,225.0,239.68037592489782,14.680375924897817
6,Acetaldehyde,225.0,224.3079657889951,0.6920342110049091
6,Acetaldehyde,225.0,227.64917115642822,2.649171156428224
6,Acetaldehyde,225.0,223.257479178342,1.7425208216579904
6,Acetaldehyde,225.0,236.56272635251008,11.562726352510083
6,Acetaldehyde,225.0,236.66708333031528,11.667083330315279
6,Acetaldehyde,225.0,241.2284950949587,16.228495094958703
6,Acetaldehyde,225.0,240.5867331848944,15.586733184894399
6,Acetaldehyde,225.0,237.14668210289466,12.146682102894658
6,Acetaldehyde,225.0,232.2173529755928,7.217352975592803
6,Acetaldehyde,50.0,68.82540074341973,18.825400743419735
6,Acetaldehyde,50.0,76.35748165671443,26.357481656714427
6,Acetaldehyde,50.0,59.60676866495511,9.606768664955112
6,Acetaldehyde,50.0,63.47109845778324,13.471098457783242
6,Acetaldehyde,50.0,77.50949895387681,27.509498953876815
6,Acetaldehyde,50.0,64.07607861415096,14.076078614150958
6,Acetaldehyde,50.0,77.8332285270824,27.833228527082397
6,Acetaldehyde,50.0,77.15884418033461,27.15884418033461
6,Acetaldehyde,50.0,70.18215883069175,20.182158830691748
6,Acetaldehyde,50.0,81.27265484984447,31.27265484984447
6,Acetaldehyde,100.0,88.72905106894665,11.270948931053354
6,Acetaldehyde,100.0,80.4337493081852,19.5662506918148
6,Acetaldehyde,100.0,92.8967024444593,7.103297555540706
6,Acetone,100.0,137.53997848227738,37.53997848227738
6,Acetone,100.0,159.77682572461964,59.77682572461964
6,Acetone,100.0,148.52226507320853,48.52226507320853
6,Acetone,100.0,149.5552071306031,49.555207130603094
6,Acetone,100.0,148.7246268092493,48.72462680924929
6,Acetone,100.0,148.56494186960558,48.564941869605576
6,Acetone,100.0,144.38076107402597,44.38076107402597
6,Acetone,100.0,146.42849590895653,46.428495908956535
6,Acetone,100.0,149.26663000286692,49.26663000286692
6,Acetone,100.0,156.32212934300304,56.32212934300304
6,Acetone,100.0,152.1924685821297,52.19246858212969
6,Acetone,100.0,148.3491774465307,48.34917744653069
6,Acetone,100.0,148.4016634336313,48.40166343363131
6,Acetone,100.0,147.77156480897352,47.77156480897352
6,Acetone,100.0,146.12276207941727,46.12276207941727
6,Acetone,100.0,148.2100652015122,48.21006520151221
6,Acetone,100.0,145.95714973815808,45.95714973815808
6,Acetone,100.0,146.98019088859442,46.98019088859442
6,Acetone,100.0,146.87588700196562,46.87588700196562
6,Acetone,100.0,145.60582856815168,45.60582856815168
6,Acetone,100.0,147.07780635608597,47.07780635608597
6,Acetone,100.0,149.63843347008338,49.638433470083385
6,Acetone,100.0,147.14894059818815,47.14894059818815
6,Acetone,100.0,147.02264276446402,47.022642764464024
6,Acetone,100.0,147.82333125268286,47.82333125268286
6,Acetone,100.0,149.82102055323458,49.821020553234575
6,Acetone,100.0,147.45904261044615,47.45904261044615
6,Acetone,100.0,146.57803491835926,46.578034918359265
6,Acetone,100.0,147.66000079506355,47.66000079506355
6,Acetone,100.0,150.1611519507214,50.161151950721404
6,Acetone,100.0,149.12793507436737,49.12793507436737
6,Acetone,100.0,146.4628498832373,46.46284988323731
6,Acetone,100.0,149.18865968819404,49.188659688194036
6,Acetone,100.0,146.7542297230076,46.7542297230076
6,Acetone,100.0,147.2326660233693,47.23266602336929
6,Acetone,100.0,151.22832881115005,51.22832881115005
6,Acetone,100.0,145.62086661996267,45.62086661996267
6,Acetone,100.0,148.9352843101598,48.9352843101598
6,Acetone,100.0,149.29130558531662,49.29130558531662
6,Acetone,100.0,147.77769177207716,47.77769177207716
6,Acetone,100.0,146.92284093399593,46.92284093399593
6,Acetone,100.0,148.15015365522936,48.15015365522936
6,Acetone,100.0,151.47959131701214,51.47959131701214
6,Acetone,100.0,150.79272834673577,50.79272834673577
6,Acetone,100.0,149.97795406475058,49.97795406475058
6,Acetone,100.0,149.61471902008105,49.614719020081054
6,Acetone,100.0,150.73768125013487,50.73768125013487
6,Acetone,100.0,146.85007810600473,46.85007810600473
6,Acetone,100.0,149.80926256110402,49.80926256110402
6,Acetone,100.0,149.08088564092625,49.080885640926255
6,Acetone,100.0,148.57192440884904,48.57192440884904
6,Acetone,50.0,91.21567747592385,41.215677475923854
6,Acetone,50.0,141.22788908284195,91.22788908284195
6,Acetone,50.0,131.99179957308013,81.99179957308013
6,Acetone,50.0,119.36935387342135,69.36935387342135
6,Acetone,50.0,112.43524200256098,62.43524200256098
6,Acetone,50.0,108.71076242595245,58.71076242595245
6,Acetone,50.0,111.85289826785603,61.852898267856034
6,Acetone,50.0,115.62373368135425,65.62373368135425
6,Acetone,50.0,113.02695390950092,63.02695390950092
6,Acetone,50.0,115.65608498164531,65.65608498164531
6,Acetone,50.0,115.46414345521364,65.46414345521364
6,Acetone,50.0,108.88120233663648,58.88120233663648
6,Acetone,50.0,114.18628454729009,64.18628454729009
6,Acetone,50.0,111.54248938545754,61.54248938545754
6,Acetone,50.0,113.30981063187262,63.30981063187262
6,Acetone,50.0,110.93764798856313,60.93764798856313
6,Acetone,50.0,113.58950360858435,63.58950360858435
6,Acetone,50.0,116.1776018714909,66.1776018714909
6,Acetone,50.0,117.20397710422884,67.20397710422884
6,Acetone,50.0,115.29746897630285,65.29746897630285
6,Acetone,50.0,113.11317583920369,63.11317583920369
6,Acetone,50.0,114.95610845471296,64.95610845471296
6,Acetone,50.0,115.71587421783747,65.71587421783747
6,Acetone,50.0,112.76795678325637,62.767956783256366
6,Acetone,50.0,115.00224004819944,65.00224004819944
6,Acetone,50.0,113.86172720297114,63.86172720297114
6,Acetone,50.0,113.98829895033823,63.98829895033823
6,Acetone,50.0,115.64710808562623,65.64710808562623
6,Acetone,50.0,107.49159783304765,57.49159783304765
6,Acetone,50.0,116.73174010926894,66.73174010926894
6,Acetone,50.0,116.49014207979727,66.49014207979727
6,Acetone,50.0,112.96626022592976,62.96626022592976
6,Acetone,50.0,116.67361253303923,66.67361253303923
6,Acetone,50.0,115.79332654798282,65.79332654798282
6,Acetone,50.0,113.57810311544469,63.57810311544469
6,Acetone,50.0,111.92640888591355,61.926408885913546
6,Acetone,50.0,108.80142480701073,58.80142480701073
6,Acetone,50.0,110.88611610252488,60.88611610252488
6,Acetone,50.0,105.86102852355005,55.86102852355005
6,Acetone,50.0,109.96508063608583,59.96508063608583
6,Acetone,50.0,115.57055499878615,65.57055499878615
6,Acetone,50.0,113.86071505177254,63.860715051772544
6,Acetone,50.0,115.42093643400403,65.42093643400403
6,Acetone,50.0,113.96335131404541,63.96335131404541
6,Acetone,50.0,117.22570065334835,67.22570065334835
6,Acetone,50.0,112.68906811541609,62.68906811541609
6,Acetone,50.0,111.92567231333305,61.92567231333305
6,Acetone,50.0,108.3246953867856,58.324695386785606
6,Acetone,50.0,111.4558466270238,61.4558466270238
6,Acetone,50.0,113.42051954568905,63.42051954568905
6,Acetone,50.0,112.17355561585423,62.17355561585423
6,Acetone,50.0,111.56116207471365,61.56116207471365
6,Acetone,50.0,109.1048630138861,59.1048630138861
6,Acetone,50.0,111.25431167916518,61.254311679165184
6,Acetone,50.0,113.84602467583733,63.84602467583733
6,Acetone,50.0,117.02287677477418,67.02287677477418
6,Acetone,50.0,113.52177055911957,63.521770559119574
6,Acetone,50.0,112.05863360555688,62.05863360555688
6,Acetone,50.0,111.86398971030462,61.86398971030462
6,Acetone,50.0,111.02368506609143,61.02368506609143
6,Acetone,50.0,112.83113980108016,62.831139801080155
6,Acetone,50.0,114.64495531137447,64.64495531137447
6,Acetone,50.0,108.67660479538802,58.676604795388016
6,Acetone,50.0,112.6229885834709,62.6229885834709
6,Acetone,50.0,110.1980747094814,60.1980747094814
6,Acetone,50.0,111.09826040680662,61.09826040680662
6,Acetone,50.0,108.18074622749971,58.18074622749971
6,Acetone,50.0,106.40860395233852,56.408603952338524
6,Acetone,50.0,107.63654883847914,57.63654883847914
6,Acetone,50.0,109.04152880313947,59.04152880313947
6,Acetone,50.0,105.4538863282924,55.4538863282924
6,Acetone,50.0,112.60222046520528,62.60222046520528
6,Acetone,50.0,111.79544072838031,61.79544072838031
6,Acetone,50.0,109.79440008984265,59.794400089842654
6,Acetone,50.0,113.04110532845363,63.041105328453625
6,Acetone,50.0,112.26268488181202,62.26268488181202
6,Acetone,50.0,113.18002678499927,63.18002678499927
6,Acetone,50.0,109.77813131584422,59.77813131584422
6,Acetone,50.0,112.38894506864682,62.38894506864682
6,Acetone,50.0,109.24870663117719,59.248706631177185
6,Acetone,50.0,110.0795733693964,60.0795733693964
6,Acetone,50.0,113.06959494247045,63.069594942470445
6,Acetone,50.0,108.96104667263958,58.96104667263958
6,Acetone,50.0,110.83843672621032,60.83843672621032
6,Acetone,50.0,107.95143055696221,57.95143055696221
6,Acetone,50.0,111.04570164172904,61.04570164172904
6,Acetone,50.0,112.45944989176952,62.45944989176952
6,Acetone,50.0,110.59558364120181,60.59558364120181
6,Acetone,50.0,113.18415284976925,63.18415284976925
6,Acetone,50.0,115.6140045470691,65.6140045470691
6,Acetone,50.0,115.94034015361292,65.94034015361292
6,Acetone,50.0,115.44452410729285,65.44452410729285
6,Acetone,50.0,112.38344122306336,62.38344122306336
6,Acetone,50.0,110.42132065526863,60.42132065526863
6,Acetone,50.0,115.03789686253491,65.03789686253491
6,Acetone,50.0,112.53863633435199,62.53863633435199
6,Acetone,50.0,112.19316826528083,62.19316826528083
6,Acetone,50.0,113.05823406869027,63.05823406869027
6,Acetone,50.0,107.44443420648881,57.44443420648881
6,Acetone,50.0,114.74884484799705,64.74884484799705
6,Acetone,50.0,112.63759462327428,62.63759462327428
6,Acetone,50.0,114.47089417530015,64.47089417530015
6,Acetone,50.0,100.5654663620199,50.565466362019905
6,Acetone,50.0,103.22041753390968,53.22041753390968
6,Acetone,50.0,110.41748260247348,60.417482602473484
6,Acetone,50.0,111.08517948787562,61.08517948787562
6,Acetone,50.0,110.54096457453375,60.540964574533746
6,Acetone,50.0,107.63969868075054,57.63969868075054
6,Acetone,50.0,110.35567449617699,60.35567449617699
6,Acetone,50.0,111.8287475548742,61.8287475548742
6,Acetone,50.0,109.74140972598786,59.741409725987864
6,Acetone,50.0,113.26474899930322,63.26474899930322
6,Acetone,50.0,105.2625516593577,55.2625516593577
6,Acetone,50.0,109.72514378478874,59.72514378478874
6,Acetone,50.0,110.47655476027609,60.47655476027609
6,Acetone,50.0,110.99039881039812,60.99039881039812
6,Acetone,50.0,109.59925416337401,59.59925416337401
6,Acetone,50.0,112.79153191943598,62.79153191943598
6,Acetone,50.0,114.18177463512285,64.18177463512285
6,Acetone,50.0,112.27409377298372,62.27409377298372
6,Acetone,50.0,112.67764792413385,62.67764792413385
6,Acetone,50.0,111.8638670130589,61.86386701305889
6,Acetone,50.0,109.67034652930352,59.670346529303515
6,Acetone,50.0,111.95178277943967,61.95178277943967
6,Acetone,50.0,112.59324036343929,62.59324036343929
6,Acetone,50.0,114.66832579214744,64.66832579214744
6,Acetone,50.0,113.24672379557981,63.24672379557981
6,Acetone,50.0,115.8028143448721,65.8028143448721
6,Acetone,50.0,109.62213107213748,59.62213107213748
6,Acetone,50.0,109.10699446155078,59.106994461550784
6,Acetone,50.0,109.15146885564491,59.15146885564491
6,Acetone,50.0,107.69285323522342,57.692853235223424
6,Acetone,50.0,113.44300961678174,63.44300961678174
6,Acetone,50.0,116.0632555146987,66.0632555146987
6,Acetone,50.0,108.9900809994081,58.99008099940809
6,Acetone,50.0,110.69617713525372,60.69617713525372
6,Acetone,50.0,112.67662986563087,62.67662986563087
6,Acetone,50.0,110.1342912939482,60.134291293948195
6,Acetone,50.0,107.05541153790088,57.05541153790088
6,Acetone,50.0,112.66557233364105,62.66557233364105
6,Acetone,50.0,114.33766447974561,64.33766447974561
6,Acetone,50.0,119.85908403384383,69.85908403384383
6,Acetone,50.0,113.73376059081791,63.73376059081791
6,Acetone,50.0,110.50711437863973,60.50711437863973
6,Acetone,50.0,111.05475174300923,61.054751743009234
6,Acetone,50.0,107.14588486533549,57.14588486533549
6,Acetone,50.0,113.5321707695785,63.5321707695785
6,Acetone,50.0,116.11986793825237,66.11986793825237
6,Acetone,50.0,111.87502718317407,61.87502718317407
6,Acetone,50.0,111.29703444909136,61.297034449091356
6,Acetone,50.0,108.24234615592448,58.24234615592448
6,Acetone,50.0,111.57110546747559,61.57110546747559
6,Acetone,50.0,111.16314351892302,61.16314351892302
6,Acetone,50.0,114.1031499398599,64.1031499398599
6,Acetone,50.0,114.18694543356929,64.18694543356929
6,Acetone,50.0,112.05923362840477,62.05923362840477
6,Acetone,50.0,111.63771843696753,61.63771843696753
6,Acetone,50.0,111.26700538152375,61.267005381523745
6,Acetone,50.0,111.69768779790775,61.69768779790775
6,Acetone,50.0,110.21259883221896,60.21259883221896
6,Acetone,50.0,110.45935846529821,60.45935846529821
6,Acetone,50.0,113.23226567032553,63.23226567032553
6,Acetone,50.0,110.01591886104565,60.01591886104565
6,Acetone,50.0,112.94796331820359,62.94796331820359
6,Acetone,50.0,113.0391123725374,63.0391123725374
6,Acetone,50.0,112.41966445839134,62.41966445839134
6,Acetone,50.0,108.85673196637282,58.85673196637282
6,Acetone,50.0,112.922831888843,62.92283188884301
6,Acetone,50.0,110.39379426554285,60.39379426554285
6,Acetone,50.0,115.55931962328484,65.55931962328484
6,Acetone,50.0,115.35697743766097,65.35697743766097
6,Acetone,50.0,114.69673346770003,64.69673346770003
6,Acetone,50.0,110.52457101423835,60.52457101423835
6,Acetone,50.0,112.4419287249745,62.4419287249745
6,Acetone,50.0,114.72462860808268,64.72462860808268
6,Acetone,50.0,108.72496069414953,58.72496069414953
6,Acetone,50.0,113.059789810226,63.05978981022599
6,Acetone,50.0,108.115090078717,58.115090078717
6,Acetone,50.0,110.10893725512528,60.108937255125284
6,Acetone,50.0,111.34806202522037,61.34806202522037
6,Acetone,50.0,113.03839739331116,63.03839739331116
6,Acetone,50.0,113.7277274713813,63.7277274713813
6,Acetone,50.0,112.56930451162376,62.569304511623756
6,Acetone,50.0,109.60448405374584,59.604484053745836
6,Acetone,50.0,113.24566795804137,63.245667958041366
6,Acetone,50.0,114.6908724870016,64.6908724870016
6,Acetone,50.0,109.20760756644026,59.20760756644026
6,Acetone,50.0,108.90314236623955,58.90314236623955
6,Acetone,50.0,113.29285154965511,63.29285154965511
6,Acetone,50.0,115.53425824699585,65.53425824699585
6,Acetone,50.0,111.3967905646328,61.396790564632795
6,Acetone,50.0,112.35605004462599,62.35605004462599
6,Acetone,50.0,111.57138818317182,61.57138818317182
6,Acetone,50.0,111.86451998130363,61.86451998130363
6,Acetone,50.0,110.65095880276377,60.65095880276377
6,Acetone,50.0,105.21255315825223,55.212553158252234
6,Acetone,50.0,110.55214896137929,60.55214896137929
6,Acetone,50.0,112.69129445057322,62.691294450573224
6,Acetone,50.0,108.48058843980529,58.48058843980529
6,Acetone,50.0,113.00883225572812,63.00883225572812
6,Acetone,50.0,113.77465053879644,63.774650538796436
6,Acetone,50.0,113.93216401633255,63.93216401633255
6,Acetone,50.0,113.23378711132128,63.23378711132128
6,Acetone,50.0,115.90735436676181,65.90735436676181
6,Acetone,50.0,111.25428505698738,61.254285056987385
6,Acetone,75.0,143.68404112553804,68.68404112553804
6,Acetone,100.0,158.02999830508787,58.02999830508787
6,Acetone,125.0,180.18250553932998,55.18250553932998
6,Acetone,150.0,200.7073896912797,50.7073896912797
6,Acetone,175.0,218.7597051128007,43.7597051128007
6,Acetone,200.0,236.86964742682653,36.86964742682653
6,Acetone,225.0,244.6640438931443,19.66404389314431
6,Acetone,250.0,252.18373211918953,2.1837321191895285
6,Acetaldehyde,100.0,121.22817201647618,21.22817201647618
6,Acetaldehyde,100.0,112.88793838820934,12.887938388209335
6,Acetaldehyde,100.0,104.185540321714,4.185540321714001
6,Acetaldehyde,100.0,97.30729053711623,2.6927094628837693
6,Acetaldehyde,100.0,100.17150341495032,0.1715034149503225
6,Acetaldehyde,100.0,97.20715347106312,2.7928465289368773
6,Acetaldehyde,100.0,98.41513019656053,1.5848698034394744
6,Acetaldehyde,100.0,100.66522930594567,0.6652293059456724
6,Acetaldehyde,100.0,98.11565461092876,1.8843453890712425
6,Acetaldehyde,100.0,95.68163673952414,4.318363260475863
6,Acetaldehyde,100.0,99.80938151482326,0.19061848517674207
6,Acetaldehyde,100.0,97.36539568693719,2.634604313062809
6,Acetaldehyde,100.0,100.40869670565937,0.40869670565936644
6,Acetaldehyde,100.0,101.43413132249651,1.434131322496512
6,Acetaldehyde,100.0,96.62773462101165,3.372265378988345
6,Acetaldehyde,100.0,99.0929693856649,0.907030614335099
6,Acetaldehyde,100.0,96.69480294001298,3.305197059987023
6,Acetaldehyde,100.0,99.40540652418477,0.5945934758152305
6,Acetaldehyde,100.0,97.29454266268176,2.7054573373182365
6,Acetaldehyde,100.0,99.89951575065139,0.10048424934861089
6,Acetaldehyde,100.0,97.07818156439642,2.9218184356035835
6,Acetaldehyde,100.0,99.82933082923427,0.17066917076573418
6,Acetaldehyde,100.0,100.71172311433335,0.7117231143333527
6,Acetaldehyde,100.0,101.17157311578039,1.1715731157803901
6,Acetaldehyde,100.0,98.57979667788372,1.4202033221162793
6,Acetaldehyde,100.0,101.35183358975348,1.3518335897534826
6,Acetaldehyde,100.0,100.47944937565147,0.4794493756514697
6,Acetaldehyde,100.0,99.604721951897,0.3952780481029947
6,Acetaldehyde,100.0,97.73940951205992,2.260590487940078
6,Acetaldehyde,100.0,95.63015770437636,4.369842295623641
6,Acetaldehyde,100.0,95.20398608664944,4.7960139133505635
6,Acetaldehyde,100.0,96.41146921227026,3.588530787729738
6,Acetaldehyde,100.0,94.76583692771995,5.2341630722800545
6,Acetaldehyde,100.0,98.76549012145803,1.2345098785419708
6,Acetaldehyde,100.0,99.1735638187686,0.8264361812314007
6,Acetaldehyde,100.0,98.60542301462701,1.3945769853729928
6,Acetaldehyde,100.0,95.18092871967796,4.819071280322035
6,Acetaldehyde,100.0,95.0481427426558,4.9518572573442015
6,Acetaldehyde,100.0,96.0553846774637,3.9446153225362934
6,Acetaldehyde,100.0,99.09501556317466,0.9049844368253446
6,Acetaldehyde,100.0,99.3506579437103,0.6493420562896972
6,Acetaldehyde,100.0,95.76253569905245,4.2374643009475506
6,Acetaldehyde,100.0,102.52123555997005,2.5212355599700516
6,Acetaldehyde,100.0,97.60190064956413,2.3980993504358707
6,Acetaldehyde,100.0,95.68814385557322,4.311856144426784
6,Acetaldehyde,100.0,99.57256305690855,0.4274369430914504
6,Acetaldehyde,100.0,89.99907813591703,10.000921864082969
6,Acetaldehyde,100.0,93.69197496572777,6.308025034272234
6,Acetaldehyde,100.0,97.72699177048361,2.2730082295163925
6,Acetaldehyde,100.0,96.60112687258614,3.3988731274138644
6,Acetaldehyde,100.0,91.70963320643116,8.290366793568836
6,Acetaldehyde,50.0,46.97614396124264,3.0238560387573585
6,Acetaldehyde,50.0,51.920859725038696,1.9208597250386958
6,Acetaldehyde,50.0,41.431889010341905,8.568110989658095
6,Acetaldehyde,50.0,51.613434213847015,1.6134342138470146
6,Acetaldehyde,50.0,66.05207253489573,16.05207253489573
6,Acetaldehyde,50.0,54.1837875460881,4.183787546088098
6,Acetaldehyde,50.0,60.97727264440269,10.977272644402689
6,Acetaldehyde,50.0,67.20628505782432,17.206285057824317
6,Acetaldehyde,50.0,56.85174616689112,6.851746166891118
6,Acetaldehyde,50.0,67.6458103179452,17.645810317945205
6,Acetaldehyde,50.0,65.68588506124468,15.685885061244676
6,Acetaldehyde,50.0,70.9137604630522,20.9137604630522
6,Acetaldehyde,50.0,65.80250652739511,15.80250652739511
6,Acetaldehyde,50.0,70.22197345409612,20.221973454096116
6,Acetaldehyde,50.0,51.77451838408575,1.7745183840857521
6,Acetaldehyde,50.0,48.896306915639315,1.1036930843606854
6,Acetaldehyde,50.0,65.32896984016229,15.328969840162287
6,Acetaldehyde,50.0,66.61750934984359,16.617509349843587
6,Acetaldehyde,50.0,67.45972403394217,17.459724033942166
6,Acetaldehyde,50.0,62.26208363805682,12.262083638056822
6,Acetaldehyde,225.0,232.19099159747404,7.190991597474039
6,Acetaldehyde,225.0,224.54610512581772,0.45389487418228214
6,Acetaldehyde,225.0,233.0023838250653,8.002383825065294
6,Acetaldehyde,225.0,212.81339572089752,12.186604279102482
6,Acetaldehyde,225.0,233.34957720187543,8.349577201875434
6,Acetaldehyde,225.0,240.1548841464629,15.154884146462905
6,Acetaldehyde,225.0,238.28751252259292,13.28751252259292
6,Acetaldehyde,225.0,236.0080997532127,11.00809975321269
6,Acetaldehyde,225.0,237.5197134376275,12.519713437627502
6,Acetaldehyde,225.0,227.92652721270215,2.9265272127021547
6,Acetaldehyde,50.0,75.25170950676733,25.251709506767327
6,Acetaldehyde,50.0,83.96690960875694,33.966909608756936
6,Acetaldehyde,50.0,68.33644201743964,18.336442017439637
6,Acetaldehyde,50.0,75.02293668199258,25.022936681992576
6,Acetaldehyde,50.0,89.81277649733357,39.81277649733357
6,Acetaldehyde,50.0,73.87302038533514,23.87302038533514
6,Acetaldehyde,50.0,81.4484319707119,31.448431970711894
6,Acetaldehyde,50.0,85.60461933334653,35.604619333346534
6,Acetaldehyde,50.0,79.98825151543352,29.988251515433518
6,Acetaldehyde,50.0,91.2892005158153,41.289200515815295
6,Acetaldehyde,50.0,90.3569022322296,40.3569022322296
6,Acetaldehyde,75.0,125.99179711228521,50.99179711228521
6,Acetaldehyde,100.0,137.56265437667878,37.56265437667878
6,Acetaldehyde,125.0,157.0010178052191,32.00101780521911
6,Acetaldehyde,150.0,169.66486993246832,19.66486993246832
6,Acetaldehyde,175.0,183.49539003247952,8.49539003247952
6,Acetaldehyde,200.0,204.9292604097664,4.929260409766414
6,Acetaldehyde,225.0,216.05011745152927,8.949882548470725
6,Acetaldehyde,250.0,236.2260598796006,13.773940120399402
6,Ethanol,250.0,187.63013005293178,62.369869947068224
6,Ethanol,250.0,203.7105377162571,46.28946228374289
6,Ethanol,250.0,213.36157047900795,36.63842952099205
6,Ethanol,250.0,213.91557501868004,36.084424981319955
6,Ethanol,250.0,220.4399706557989,29.560029344201098
6,Ethanol,250.0,222.88631180791558,27.113688192084425
6,Ethanol,250.0,220.79406766404546,29.205932335954543
6,Ethanol,250.0,220.5289107735025,29.471089226497497
6,Ethanol,250.0,225.4182782639344,24.58172173606559
6,Ethanol,250.0,221.25848409706015,28.741515902939852
6,Ethanol,250.0,226.97228565564888,23.027714344351125
6,Ethanol,250.0,235.19450192535527,14.805498074644731
6,Ethanol,250.0,239.50223293679335,10.497767063206652
6,Ethanol,250.0,240.37075961186616,9.629240388133837
6,Ethanol,250.0,236.10655059128925,13.893449408710751
6,Ethanol,250.0,239.47925854724497,10.520741452755033
6,Ethanol,250.0,240.00642597013757,9.99357402986243
6,Ethanol,250.0,231.55418677977457,18.445813220225432
6,Ethanol,250.0,243.88980782186331,6.1101921781366855
6,Ethanol,250.0,239.36277609583914,10.637223904160862
6,Ethanol,250.0,239.2201580484031,10.779841951596893
6,Ethanol,250.0,242.5709032338229,7.429096766177111
6,Ethanol,250.0,238.10965047545636,11.890349524543637
6,Ethanol,250.0,229.75275579841482,20.247244201585175
6,Ethanol,250.0,234.93175548010305,15.06824451989695
6,Ethanol,250.0,236.39409404350553,13.605905956494468
6,Ethanol,250.0,238.63311691046093,11.366883089539073
6,Ethanol,250.0,233.71897449075965,16.28102550924035
6,Ethanol,250.0,240.78451357074647,9.21548642925353
6,Ethanol,250.0,242.3547939343557,7.645206065644288
6,Ethanol,250.0,249.86334074741106,0.13665925258894163
6,Ethanol,250.0,237.01810126434577,12.981898735654227
6,Ethanol,250.0,236.29490512453017,13.705094875469825
6,Ethanol,250.0,235.13126232376567,14.868737676234332
6,Ethanol,250.0,239.8458716574727,10.154128342527287
6,Ethanol,250.0,232.19831425207596,17.80168574792404
6,Ethanol,250.0,235.6099639883654,14.390036011634606
6,Ethanol,250.0,231.34931105517543,18.650688944824566
6,Ethanol,250.0,228.16245119241017,21.837548807589826
6,Ethanol,250.0,228.72135517980408,21.27864482019592
6,Ethanol,250.0,221.2287112359624,28.771288764037593
6,Ethanol,250.0,225.5045834527337,24.495416547266302
6,Ethanol,250.0,225.25695882441366,24.74304117558634
6,Ethanol,250.0,225.22190192190712,24.77809807809288
6,Ethanol,250.0,223.10446181477397,26.89553818522603
6,Ethanol,250.0,223.42679966592283,26.57320033407717
6,Ethanol,250.0,230.25563358119908,19.744366418800922
6,Ethanol,250.0,222.1392398439947,27.860760156005313
6,Ethanol,250.0,223.6592746016804,26.34072539831959
6,Ethanol,250.0,221.79753673826391,28.202463261736085
6,Ethanol,250.0,223.3769953718816,26.623004628118395
6,Ethanol,250.0,202.64440749497706,47.35559250502294
6,Ethanol,250.0,206.30464931234178,43.69535068765822
6,Ethanol,250.0,220.72327366026468,29.27672633973532
6,Ethanol,250.0,218.27611352836965,31.72388647163035
6,Ethanol,250.0,217.21932589188813,32.78067410811187
6,Ethanol,250.0,214.83906823030767,35.160931769692326
6,Ethanol,250.0,214.13029428310642,35.86970571689358
6,Ethanol,250.0,213.73002222772033,36.269977772279674
6,Ethanol,250.0,216.4952583845456,33.50474161545441
6,Ethanol,250.0,223.53161368475952,26.46838631524048
6,Ethanol,250.0,227.83109977226115,22.168900227738845
6,Ethanol,250.0,217.3974068767347,32.60259312326531
6,Ethanol,250.0,222.56579753601565,27.43420246398435
6,Ethanol,250.0,218.02982836053815,31.970171639461853
6,Ethanol,250.0,213.74975753390888,36.25024246609112
6,Ethanol,250.0,220.28717797996447,29.71282202003553
6,Ethanol,250.0,221.83229237948274,28.167707620517263
6,Ethanol,250.0,217.4195437948817,32.58045620511831
6,Ethanol,250.0,221.35069287777168,28.649307122228322
6,Ethanol,250.0,220.66196172633016,29.338038273669838
6,Ethanol,250.0,223.0304663255809,26.969533674419097
6,Ethanol,250.0,216.63691951187468,33.36308048812532
6,Ethanol,250.0,222.70099731004638,27.299002689953625
6,Ethanol,250.0,224.08704245505197,25.91295754494803
6,Ethanol,250.0,215.76249881854775,34.237501181452245
6,Ethanol,250.0,217.33070480115063,32.66929519884937
6,Ethanol,250.0,216.4491699580092,33.55083004199079
6,Ethanol,250.0,219.26206023395451,30.737939766045486
6,Ethanol,250.0,217.80308619641067,32.196913803589325
6,Ethanol,250.0,225.5522555316739,24.447744468326107
6,Ethanol,250.0,215.6005904437489,34.3994095562511
6,Ethanol,250.0,219.33066815640947,30.669331843590527
6,Ethanol,250.0,219.91243785711757,30.087562142882433
6,Ethanol,250.0,220.40945123715193,29.590548762848073
6,Ethanol,250.0,220.13741931443306,29.86258068556694
6,Ethanol,250.0,224.85950597831757,25.14049402168243
6,Ethanol,250.0,226.6591752353119,23.340824764688108
6,Ethanol,250.0,225.9329136477889,24.067086352211106
6,Ethanol,250.0,219.96915180239472,30.03084819760528
6,Ethanol,250.0,222.0513923756057,27.9486076243943
6,Ethanol,250.0,217.4177806187207,32.58221938127929
6,Ethanol,250.0,216.89603079772166,33.103969202278336
6,Ethanol,250.0,217.2094138049829,32.79058619501711
6,Ethanol,250.0,219.01117538522678,30.988824614773222
6,Ethanol,250.0,212.93602769763245,37.063972302367546
6,Ethanol,250.0,220.6244172766396,29.375582723360395
6,Ethanol,250.0,221.2372080484485,28.762791951551492
6,Ethanol,250.0,214.79881206839622,35.20118793160378
6,Ethanol,250.0,218.42024682988978,31.579753170110223
6,Ethanol,250.0,219.37282120365057,30.627178796349426
6,Ethanol,50.0,99.78589630463479,49.78589630463479
6,Ethanol,75.0,115.78253981872558,40.78253981872558
6,Ethanol,100.0,121.81601445808963,21.816014458089626
6,Ethanol,125.0,138.92218180467225,13.922181804672249
6,Ethanol,150.0,156.09071026106554,6.090710261065539
6,Ethanol,175.0,174.03216342413435,0.9678365758656469
6,Ethanol,200.0,184.23848971140382,15.761510288596185
6,Ethanol,225.0,198.35984242888574,26.64015757111426
6,Ethanol,250.0,210.9577004872331,39.0422995127669
6,Ethylene,200.0,168.41166547597356,31.588334524026436
6,Ethylene,200.0,171.25598205881695,28.744017941183046
6,Ethylene,200.0,169.70084672428362,30.299153275716378
6,Ethylene,200.0,185.74020402629114,14.259795973708862
6,Ethylene,200.0,196.21813617198825,3.781863828011751
6,Ethylene,200.0,179.64461639137096,20.35538360862904
6,Ethylene,200.0,196.76085813818588,3.239141861814119
6,Ethylene,200.0,202.58487020144221,2.5848702014422145
6,Ethylene,200.0,193.08086813168308,6.919131868316924
6,Ethylene,200.0,198.21042705859227,1.7895729414077266
6,Ethylene,200.0,199.2051848920875,0.7948151079125125
6,Ethylene,200.0,200.6802970902497,0.6802970902496952
6,Ethylene,200.0,198.75781115711789,1.2421888428821148
6,Ethylene,200.0,200.46937920642503,0.4693792064250317
6,Ethylene,200.0,181.99046223314124,18.009537766858756
6,Ethylene,200.0,194.65124153431094,5.348758465689059
6,Ethylene,200.0,192.09054309251349,7.909456907486515
6,Ethylene,200.0,195.26001754482127,4.739982455178733
6,Ethylene,200.0,198.68073491404,1.3192650859600121
6,Ethylene,200.0,191.6801631853843,8.319836814615712
6,Ethylene,50.0,76.93649471684391,26.93649471684391
6,Ethylene,75.0,96.56885799797882,21.568857997978824
6,Ethylene,100.0,107.73456363907891,7.734563639078914
6,Ethylene,125.0,121.46875453804894,3.531245461951059
6,Ethylene,150.0,133.5556544127412,16.444345587258795
6,Ethylene,175.0,153.71759837668952,21.282401623310477
6,Ethylene,200.0,168.98885824052428,31.01114175947572
6,Ethylene,225.0,177.80263961787546,47.19736038212454
6,Ethylene,250.0,191.98982725282954,58.01017274717046
6,Ammonia,250.0,222.31663138526716,27.683368614732842
6,Ammonia,250.0,227.9396998689375,22.06030013106249
6,Ammonia,250.0,225.34886301258175,24.651136987418255
6,Ammonia,250.0,227.46310773408845,22.536892265911547
6,Ammonia,250.0,228.565931573297,21.434068426702993
6,Ammonia,250.0,230.6664676641531,19.33353233584691
6,Ammonia,250.0,232.97265526462976,17.027344735370235
6,Ammonia,250.0,227.0334075791402,22.966592420859797
6,Ammonia,250.0,228.1198911353556,21.8801088646444
6,Ammonia,250.0,230.17154760868516,19.82845239131484
6,Ammonia,250.0,227.92691018790157,22.07308981209843
6,Ammonia,250.0,225.95783477137272,24.042165228627283
6,Ammonia,250.0,228.475177792856,21.524822207144013
6,Ammonia,250.0,230.38774383132937,19.612256168670626
6,Ammonia,250.0,227.95156997607444,22.04843002392556
6,Ammonia,250.0,226.0744496330626,23.925550366937387
6,Ammonia,250.0,226.09336652273421,23.906633477265785
6,Ammonia,250.0,229.59370045159068,20.406299548409322
6,Ammonia,250.0,223.84837577744173,26.15162422255827
6,Ammonia,250.0,225.42884723514402,24.57115276485598
6,Ammonia,250.0,220.93177283810206,29.068227161897937
6,Ammonia,250.0,225.28607977822398,24.71392022177602
6,Ammonia,250.0,228.99647719154999,21.003522808450015
6,Ammonia,250.0,226.27927903140696,23.720720968593042
6,Ammonia,250.0,225.0321066214503,24.96789337854969
6,Ammonia,250.0,227.0782576462296,22.921742353770412
6,Ammonia,250.0,227.0468301871656,22.953169812834403
6,Ammonia,250.0,229.38501727094035,20.614982729059648
6,Ammonia,250.0,229.1415066239888,20.85849337601121
6,Ammonia,250.0,226.37832801239085,23.621671987609147
6,Ammonia,250.0,226.82000635857963,23.179993641420367
6,Ammonia,250.0,225.6134540163472,24.38654598365281
6,Ammonia,250.0,225.07918148758364,24.92081851241636
6,Ammonia,250.0,230.10212914803014,19.897870851969856
6,Ammonia,250.0,224.84195141157952,25.158048588420485
6,Ammonia,250.0,226.70826931813696,23.291730681863044
6,Ammonia,250.0,228.6460869045961,21.353913095403897
6,Ammonia,250.0,230.74301424728142,19.256985752718577
6,Ammonia,250.0,230.09455479028145,19.90544520971855
6,Ammonia,250.0,223.7109139008522,26.289086099147795
6,Ammonia,250.0,226.25099884402078,23.749001155979215
6,Ammonia,250.0,226.5512140636527,23.448785936347292
6,Ammonia,250.0,228.4106952113873,21.589304788612708
6,Ammonia,250.0,228.90631864027102,21.093681359728976
6,Ammonia,250.0,233.37258680031914,16.62741319968086
6,Ammonia,250.0,229.1938763910677,20.806123608932296
6,Ammonia,250.0,226.95188280334253,23.048117196657472
6,Ammonia,250.0,225.3406873551283,24.659312644871704
6,Ammonia,250.0,223.5677317679755,26.432268232024512
6,Ammonia,250.0,221.8686776850166,28.131322314983407
6,Ammonia,250.0,224.35607355338223,25.64392644661777
6,Ammonia,250.0,230.06510661786302,19.934893382136977
6,Ammonia,250.0,225.92715127937387,24.072848720626126
6,Ammonia,250.0,233.13024482843264,16.869755171567363
6,Ammonia,250.0,227.8656821772644,22.134317822735596
6,Ammonia,175.0,175.63646538039498,0.6364653803949807
6,Ammonia,175.0,184.9088791398413,9.908879139841304
6,Ammonia,175.0,184.9809972290226,9.980997229022591
6,Ammonia,175.0,181.65331681532322,6.6533168153232225
6,Ammonia,175.0,188.80693289037876,13.80693289037876
6,Ammonia,175.0,186.7706481511245,11.770648151124504
6,Ammonia,175.0,188.66697695628298,13.66697695628298
6,Ammonia,175.0,191.0574620213113,16.057462021311295
6,Ammonia,175.0,189.82045098309317,14.820450983093167
6,Ammonia,175.0,190.8970457655736,15.897045765573608
6,Ammonia,175.0,190.25109482051835,15.251094820518347
6,Ammonia,175.0,187.48064692479954,12.480646924799544
6,Ammonia,175.0,192.27554505446543,17.275545054465425
6,Ammonia,175.0,193.906714716029,18.906714716029
6,Ammonia,175.0,186.31486264209929,11.314862642099285
6,Ammonia,175.0,187.53376696748938,12.533766967489385
6,Ammonia,175.0,192.61155364774856,17.611553647748565
6,Ammonia,175.0,197.95583371153174,22.95583371153174
6,Ammonia,175.0,192.5742210234318,17.57422102343179
6,Ammonia,175.0,186.94592125921784,11.94592125921784
6,Ammonia,175.0,186.36258610829933,11.362586108299325
6,Ammonia,175.0,196.72141441149356,21.721414411493555
6,Ammonia,175.0,193.50334592368745,18.503345923687448
6,Ammonia,175.0,193.17089348578122,18.17089348578122
6,Ammonia,175.0,205.07869694342975,30.078696943429748
6,Ammonia,175.0,202.9755694549656,27.97556945496561
6,Ammonia,175.0,205.833732703662,30.833732703662008
6,Ammonia,175.0,202.40903173252656,27.409031732526557
6,Ammonia,175.0,203.64486928818667,28.64486928818667
6,Ammonia,175.0,201.2730941640148,26.273094164014793
6,Ammonia,200.0,208.78437664242182,8.784376642421819
6,Ammonia,200.0,215.9583521268127,15.958352126812713
6,Ammonia,200.0,212.5473342416577,12.547334241657694
6,Ammonia,200.0,213.03013067173475,13.030130671734753
6,Ammonia,200.0,222.84250733776472,22.842507337764715
6,Ammonia,200.0,221.5875975554407,21.58759755544071
6,Ammonia,200.0,224.33169536862667,24.33169536862667
6,Ammonia,200.0,224.43147143413046,24.431471434130458
6,Ammonia,200.0,225.1306052514836,25.130605251483587
6,Ammonia,200.0,222.38344228129833,22.38344228129833
6,Ammonia,50.0,102.32029972001793,52.32029972001793
6,Ammonia,75.0,118.36882934550596,43.36882934550596
6,Ammonia,100.0,129.832765404766,29.832765404766008
6,Ammonia,125.0,143.71423833254303,18.714238332543033
6,Ammonia,150.0,160.07897128643583,10.07897128643583
6,Ammonia,175.0,176.16483710173273,1.1648371017327293
6,Ammonia,200.0,184.2307491574032,15.76925084259679
6,Ammonia,225.0,193.30396323814347,31.696036761856533
6,Ammonia,250.0,205.75742364902834,44.24257635097166
6,Ammonia,250.0,150.59099501819907,99.40900498180093
6,Ammonia,150.0,116.67253709754229,33.32746290245771
6,Ammonia,50.0,83.43998859914663,33.43998859914663
6,Ammonia,225.0,133.7549689116297,91.2450310883703
6,Ammonia,75.0,88.03747220148364,13.037472201483638
6,Ammonia,175.0,120.25403024372352,54.74596975627648
6,Ammonia,200.0,122.89522811066144,77.10477188933856
6,Ammonia,100.0,92.6560953947866,7.343904605213396
6,Ammonia,125.0,103.94028906655909,21.05971093344091
6,Ammonia,175.0,115.64808115891124,59.35191884108876
6,Ammonia,200.0,126.17412509760138,73.82587490239862
6,Ammonia,100.0,94.0071190250312,5.992880974968799
6,Ammonia,125.0,108.37498374441002,16.625016255589983
6,Ammonia,250.0,145.38742008821177,104.61257991178823
6,Ammonia,150.0,122.25340143515916,27.746598564840838
6,Ammonia,50.0,91.92057767675952,41.92057767675952
6,Ammonia,225.0,162.31543477572922,62.684565224270784
6,Ammonia,75.0,100.9471919884784,25.947191988478394
6,Ammonia,225.0,171.43933718190294,53.56066281809706
6,Ammonia,75.0,103.19194760516683,28.19194760516683
6,Ammonia,175.0,148.5678834755928,26.432116524407206
6,Ammonia,200.0,172.4305336086614,27.569466391338608
6,Ammonia,100.0,119.05401515888911,19.054015158889115
6,Ammonia,125.0,127.44159659737272,2.4415965973727225
6,Ammonia,250.0,210.70906801987442,39.29093198012558
6,Ammonia,150.0,140.7697895098848,9.230210490115212
6,Ammonia,50.0,95.9194283975701,45.9194283975701
6,Ammonia,125.0,125.97769092271174,0.9776909227117443
6,Ammonia,250.0,204.87496110543307,45.12503889456693
6,Ammonia,150.0,139.7641582370761,10.235841762923911
6,Ammonia,50.0,98.00748985634279,48.00748985634279
6,Ammonia,225.0,191.81669309946543,33.183306900534575
6,Ammonia,75.0,107.96537554733794,32.96537554733794
6,Ammonia,175.0,160.42217400928035,14.577825990719646
6,Ammonia,200.0,172.97672283277623,27.023277167223767
6,Ammonia,100.0,122.1782019855005,22.178201985500493
6,Toluene,20.0,60.237900169346446,40.237900169346446
6,Toluene,30.0,76.40541562283,46.405415622830006
6,Toluene,40.0,83.40764949756196,43.40764949756196
6,Toluene,50.0,89.86719541976441,39.867195419764414
6,Toluene,60.0,103.2689344240975,43.268934424097495
6,Toluene,70.0,114.23290043055177,44.232900430551766
6,Toluene,80.0,126.97237783449027,46.972377834490274
6,Toluene,90.0,130.70210712393276,40.70210712393276
6,Toluene,100.0,135.3775865443316,35.37758654433159
6,Acetone,50.0,128.37488198276424,78.37488198276424
6,Acetone,250.0,246.52758432290864,3.4724156770913623
6,Acetone,125.0,193.39339196019796,68.39339196019796
6,Acetone,175.0,216.14419491218314,41.14419491218314
6,Acetone,200.0,229.82764707319768,29.82764707319768
6,Acetone,75.0,150.47352761595923,75.47352761595923
6,Acetone,100.0,171.94340649698805,71.94340649698805
6,Acetone,225.0,236.46587831623722,11.465878316237223
6,Acetone,150.0,208.70213753995273,58.70213753995273
6,Acetone,75.0,145.97745866720692,70.97745866720692
6,Acetone,100.0,176.66360636356757,76.66360636356757
6,Acetone,225.0,236.95940912364085,11.959409123640853
6,Acetone,150.0,210.2996503255237,60.299650325523686
6,Acetone,50.0,127.00076780278272,77.00076780278272
6,Acetone,250.0,239.36213486004507,10.637865139954926
6,Acetone,125.0,192.45855186881232,67.45855186881232
6,Acetone,175.0,216.97073950864458,41.970739508644584
6,Acetone,200.0,227.33042671838874,27.330426718388736
6,Acetone,75.0,147.12323029806308,72.12323029806308
6,Acetone,100.0,177.24215207803044,77.24215207803044
6,Acetone,225.0,236.302212291187,11.302212291187004
6,Acetone,150.0,210.1236127866706,60.123612786670606
6,Acetone,50.0,129.82199429659192,79.82199429659192
6,Acetone,250.0,243.013945190164,6.986054809835991
6,Acetone,125.0,193.0199561805189,68.0199561805189
6,Acetone,175.0,215.96487223078725,40.96487223078725
6,Acetone,200.0,225.0931789331153,25.093178933115297
6,Acetone,50.0,80.0360574844311,30.036057484431097
6,Acetone,75.0,108.06205031936912,33.06205031936912
6,Acetone,100.0,146.20628684539977,46.206286845399774
6,Acetone,125.0,165.00500530428127,40.00500530428127
6,Acetone,150.0,191.02393876018746,41.02393876018746
6,Acetone,175.0,210.364681962,35.36468196199999
6,Acetone,200.0,223.51652643304396,23.516526433043964
6,Acetone,225.0,235.22035381494146,10.220353814941461
6,Acetone,250.0,242.5121346684254,7.487865331574596
6,Acetone,175.0,208.51959827248578,33.51959827248578
6,Acetone,200.0,224.30299056890175,24.30299056890175
6,Acetone,225.0,237.11529527916656,12.11529527916656
6,Acetone,250.0,247.3905862049241,2.609413795075909
6,Acetone,50.0,83.70549098561662,33.70549098561662
6,Acetone,75.0,113.91723309486946,38.91723309486946
6,Acetone,100.0,147.4609535084082,47.46095350840821
6,Acetone,125.0,165.87669022251916,40.87669022251916
6,Acetone,150.0,191.59165915120587,41.591659151205874
6,Acetone,50.0,83.32094847840158,33.320948478401576
6,Acetone,50.0,84.93687795588212,34.936877955882125
6,Acetone,50.0,90.16939753213175,40.169397532131754
6,Acetone,50.0,86.25763914310659,36.25763914310659
6,Acetone,50.0,79.64932748864766,29.649327488647657
6,Acetone,50.0,89.79899751266244,39.79899751266244
6,Acetone,50.0,87.27395545690528,37.273955456905284
6,Acetone,50.0,91.04300030474313,41.04300030474313
6,Acetone,50.0,88.31755001867549,38.31755001867549
6,Acetone,50.0,90.74785202385857,40.74785202385857
6,Acetone,50.0,91.52970006154837,41.52970006154837
6,Acetone,50.0,87.99315260518061,37.99315260518061
6,Acetone,50.0,90.52284174978358,40.52284174978358
6,Acetone,50.0,86.86628380271881,36.86628380271881
6,Acetone,50.0,89.575881596312,39.575881596312
6,Acetone,50.0,88.14536190893436,38.14536190893436
6,Acetone,50.0,90.06557643676936,40.06557643676936
6,Acetone,50.0,89.70091584496397,39.70091584496397
6,Acetone,50.0,91.01979727974302,41.01979727974302
6,Acetone,50.0,89.3958260411928,39.395826041192805
6,Acetone,50.0,90.49587618330017,40.49587618330017
6,Acetone,50.0,88.4503075049453,38.4503075049453
6,Acetone,50.0,91.39192376718574,41.391923767185745
6,Acetone,50.0,90.41243105344465,40.41243105344465
6,Acetone,50.0,85.07692424447134,35.07692424447134
6,Acetone,50.0,92.23898344223129,42.23898344223129
6,Acetone,50.0,90.97440070856568,40.97440070856568
6,Acetone,50.0,91.439704051121,41.439704051121
6,Acetone,50.0,92.8727821340528,42.8727821340528
6,Acetone,50.0,91.19044417880926,41.19044417880926
6,Acetone,50.0,91.36119678798875,41.361196787988746
6,Acetone,50.0,89.33713737075968,39.33713737075968
6,Acetone,50.0,92.00018465672458,42.000184656724585
6,Acetone,50.0,93.02482188068315,43.02482188068315
6,Acetone,50.0,91.59124981520151,41.59124981520151
6,Acetone,50.0,91.01474568719195,41.01474568719195
6,Acetone,50.0,91.35703127318759,41.35703127318759
6,Acetone,50.0,92.21309117174249,42.21309117174249
6,Acetone,50.0,93.2830515335853,43.283051533585294
6,Acetone,50.0,89.88096511795997,39.880965117959974
6,Acetone,50.0,90.18441030358142,40.184410303581416
6,Acetone,50.0,91.38002895987636,41.380028959876356
6,Acetone,50.0,95.56262549683152,45.562625496831515
6,Acetone,50.0,92.3611538073357,42.3611538073357
6,Acetone,50.0,93.78955766993113,43.78955766993113
6,Acetone,50.0,90.16862161040022,40.16862161040022
6,Acetone,50.0,91.78194400976335,41.78194400976335
6,Acetone,50.0,92.88069399022142,42.88069399022142
6,Acetone,50.0,92.18022501527417,42.180225015274175
6,Acetone,50.0,91.9344539168616,41.9344539168616
6,Acetone,50.0,91.76110551047435,41.76110551047435
6,Acetone,50.0,91.24680604816184,41.246806048161844
6,Acetone,50.0,90.70167622468404,40.701676224684036
6,Acetone,50.0,90.98839613507819,40.98839613507819
6,Acetone,50.0,93.47045450414039,43.47045450414039
6,Acetone,50.0,88.50114098071616,38.50114098071616
6,Acetone,50.0,91.0817160187337,41.0817160187337
6,Acetone,50.0,93.44620951877782,43.44620951877782
6,Acetone,50.0,93.8561204765139,43.856120476513894
6,Acetone,50.0,92.95945266504317,42.95945266504317
6,Acetone,50.0,96.1518185083562,46.1518185083562
6,Acetone,50.0,93.36324896865796,43.363248968657956
6,Acetone,50.0,90.95175154829992,40.951751548299924
6,Acetone,50.0,92.10935042994105,42.109350429941045
6,Acetone,50.0,91.14672063470957,41.14672063470957
6,Acetone,50.0,92.82613372945299,42.82613372945299
6,Acetone,50.0,93.41882550577502,43.41882550577502
6,Acetone,50.0,92.3483751711765,42.3483751711765
6,Acetone,50.0,93.08407256334468,43.08407256334468
6,Acetone,50.0,93.66188710234424,43.66188710234424
6,Acetone,50.0,93.33246990991351,43.33246990991351
6,Acetone,50.0,115.52798288509837,65.52798288509837
6,Acetone,50.0,92.04295889116352,42.04295889116352
6,Acetone,50.0,93.19209590307327,43.192095903073266
6,Acetone,50.0,92.60278854583346,42.60278854583346
6,Acetone,50.0,97.23081920209992,47.23081920209992
6,Acetone,50.0,93.9247034037687,43.9247034037687
6,Acetone,50.0,91.73700737768594,41.73700737768594
6,Acetone,50.0,92.24344304691246,42.24344304691246
6,Acetone,50.0,93.04425454471179,43.04425454471179
6,Acetone,50.0,94.38675342332206,44.38675342332206
6,Acetone,50.0,91.81919573460158,41.81919573460158
6,Acetone,50.0,91.74572183783091,41.745721837830914
6,Acetone,50.0,93.18333648947029,43.18333648947029
6,Acetone,50.0,94.99670138253113,44.99670138253113
6,Acetone,50.0,93.97181174369516,43.971811743695156
6,Acetone,50.0,93.5819330905493,43.5819330905493
6,Acetone,50.0,98.02627275529822,48.02627275529822
6,Acetone,50.0,90.5653340809745,40.565334080974495
6,Acetone,50.0,95.55036309660224,45.55036309660224
6,Acetone,50.0,95.88293853385534,45.88293853385534
6,Acetone,50.0,94.41588680118056,44.41588680118056
6,Acetone,50.0,91.38620867299454,41.38620867299454
6,Acetone,50.0,94.26074072912107,44.26074072912107
6,Acetone,50.0,96.05310884431036,46.05310884431036
6,Acetone,50.0,93.78761979800133,43.78761979800133
6,Acetone,50.0,95.4054126922591,45.405412692259105
6,Acetone,50.0,95.52254481456684,45.52254481456684
6,Acetone,50.0,93.63927774652456,43.639277746524556
6,Acetone,50.0,93.6963040414101,43.6963040414101
6,Acetone,50.0,86.63469164238654,36.63469164238654
6,Acetone,50.0,94.49611938465333,44.496119384653326
6,Acetone,50.0,92.83001154607042,42.83001154607042
6,Acetone,50.0,88.23568580277048,38.235685802770476
6,Acetone,50.0,88.30527588141906,38.305275881419064
6,Acetone,100.0,133.33405163194638,33.33405163194638
6,Acetone,10.0,36.319603247252445,26.319603247252445
6,Acetone,100.0,143.26115230940502,43.26115230940502
6,Acetone,10.0,37.355683560366316,27.355683560366316
6,Acetone,100.0,147.52238845301804,47.52238845301804
6,Acetone,10.0,39.77154448712207,29.77154448712207
6,Acetone,100.0,154.88692095686005,54.88692095686005
6,Acetone,10.0,39.952364984212494,29.952364984212494
6,Acetone,100.0,155.95990722285734,55.95990722285734
6,Acetone,10.0,37.32474965795717,27.32474965795717
6,Acetone,100.0,153.57733290064368,53.57733290064368
6,Acetone,10.0,37.264961616912785,27.264961616912785
6,Acetone,100.0,158.06745965305194,58.06745965305194
6,Acetone,10.0,33.77074776521803,23.770747765218033
6,Acetone,100.0,151.10509248730656,51.105092487306564
6,Acetone,10.0,35.15675874016881,25.15675874016881
6,Acetone,100.0,156.86681463373594,56.86681463373594
6,Acetone,10.0,38.10108617426383,28.101086174263827
6,Acetone,100.0,156.83572970141876,56.83572970141876
6,Acetone,10.0,36.65473639793814,26.654736397938137
6,Acetone,100.0,153.75279732472612,53.75279732472612
6,Acetone,10.0,35.82875041620002,25.828750416200023
6,Acetone,100.0,155.40889861875064,55.40889861875064
6,Acetone,10.0,35.22842687658354,25.22842687658354
6,Acetone,100.0,151.1898041522509,51.1898041522509
6,Acetone,10.0,35.81413142575488,25.81413142575488
6,Acetone,100.0,155.39548140525554,55.39548140525554
6,Acetone,10.0,36.88779908928987,26.88779908928987
6,Acetone,100.0,160.91234760977267,60.91234760977267
6,Acetone,10.0,35.38048728262817,25.380487282628167
6,Acetone,100.0,158.34824277370035,58.34824277370035
6,Acetone,10.0,35.148607735362674,25.148607735362674
6,Acetone,100.0,158.65957989499339,58.659579894993385
6,Acetone,10.0,33.46319861567517,23.463198615675168
6,Acetone,100.0,159.64361068611865,59.64361068611865
6,Acetone,10.0,34.74113054343758,24.741130543437578
6,Acetone,100.0,159.64755320522482,59.647553205224824
6,Acetone,10.0,34.2146247794056,24.214624779405597
6,Acetone,100.0,161.70549573230534,61.70549573230534
6,Acetone,10.0,38.25411229293127,28.254112292931268
6,Acetone,100.0,159.72897687955714,59.72897687955714
6,Acetone,10.0,36.78839990369852,26.78839990369852
6,Acetone,100.0,158.35774678586273,58.35774678586273
6,Acetone,10.0,39.63108253503543,29.631082535035432
6,Acetone,100.0,157.14716505330568,57.147165053305685
6,Acetone,10.0,36.525432878792515,26.525432878792515
6,Acetone,100.0,154.39965146274793,54.399651462747926
6,Acetone,10.0,32.2060401644666,22.2060401644666
6,Acetone,100.0,157.9806816881407,57.98068168814069
6,Acetone,10.0,34.16323413702952,24.16323413702952
6,Acetone,100.0,159.57486164060842,59.57486164060842
6,Acetone,10.0,33.87693262253842,23.87693262253842
6,Acetone,100.0,158.1646935459856,58.164693545985614
6,Acetone,10.0,34.41968166162337,24.419681661623372
6,Acetone,100.0,157.16098634062246,57.16098634062246
6,Acetone,10.0,33.879446470501705,23.879446470501705
6,Acetone,100.0,157.5054208188453,57.505420818845295
6,Acetone,10.0,36.308982095950256,26.308982095950256
6,Acetone,100.0,155.83133231103378,55.831332311033776
6,Acetone,10.0,33.40249996026657,23.402499960266567
6,Acetone,100.0,153.99377861614028,53.993778616140276
6,Acetone,10.0,32.99659554515941,22.99659554515941
6,Acetone,100.0,153.84940252868654,53.84940252868654
6,Acetone,10.0,34.02846806513375,24.02846806513375
6,Acetone,100.0,154.3596511720024,54.3596511720024
6,Acetone,10.0,32.00995219841124,22.00995219841124
6,Acetone,100.0,152.13061154079935,52.13061154079935
6,Acetone,10.0,32.94253602251092,22.94253602251092
6,Acetone,100.0,150.05921938679091,50.059219386790915
6,Acetone,10.0,35.373385735486096,25.373385735486096
6,Acetone,100.0,147.5653595638117,47.56535956381171
6,Acetone,10.0,30.154941610833788,20.154941610833788
6,Acetone,100.0,156.89524044993988,56.89524044993988
6,Acetone,10.0,34.040243910278406,24.040243910278406
6,Acetone,100.0,155.93662288747876,55.93662288747876
6,Acetone,10.0,34.217079717427254,24.217079717427254
6,Acetone,100.0,154.95148247671716,54.95148247671716
6,Acetone,10.0,31.093206918357623,21.093206918357623
6,Acetone,100.0,155.640348043485,55.640348043485005
6,Acetone,10.0,29.574217426914657,19.574217426914657
6,Acetone,100.0,156.69882624481957,56.69882624481957
6,Acetone,10.0,32.1250877027029,22.1250877027029
6,Acetone,100.0,153.7606114468198,53.76061144681981
6,Acetone,10.0,28.14548111635989,18.14548111635989
6,Acetone,100.0,157.31350748335458,57.313507483354584
6,Acetone,10.0,30.692886519656753,20.692886519656753
6,Acetone,100.0,159.4725504275835,59.47255042758351
6,Acetone,10.0,30.178513213172835,20.178513213172835
6,Acetone,100.0,157.06720391427376,57.06720391427376
6,Acetone,10.0,32.48157624323068,22.481576243230677
6,Acetone,100.0,157.6415786362367,57.64157863623669
6,Acetone,10.0,30.569591372951464,20.569591372951464
6,Acetone,100.0,155.87334201264525,55.87334201264525
6,Acetone,10.0,32.83991855700941,22.839918557009412
6,Acetone,100.0,154.1279694433512,54.12796944335119
6,Acetone,10.0,31.062874636240167,21.062874636240167
6,Acetone,100.0,156.56398889956634,56.56398889956634
6,Acetone,10.0,31.63061818781466,21.63061818781466
6,Acetone,100.0,155.10025550768123,55.100255507681226
6,Acetone,10.0,31.245763575455328,21.245763575455328
6,Acetaldehyde,50.0,69.73408459382607,19.73408459382607
6,Acetaldehyde,250.0,220.7756679092092,29.224332090790796
6,Acetaldehyde,125.0,135.90421495182989,10.904214951829886
6,Acetaldehyde,175.0,171.70729896573113,3.292701034268873
6,Acetaldehyde,200.0,181.87967703824555,18.120322961754454
6,Acetaldehyde,75.0,91.90673144314812,16.906731443148118
6,Acetaldehyde,100.0,118.4379766995039,18.437976699503906
6,Acetaldehyde,225.0,198.55389196609156,26.446108033908445
6,Acetaldehyde,150.0,148.98937834726175,1.0106216527382514
6,Acetaldehyde,75.0,95.15535875976445,20.155358759764454
6,Acetaldehyde,100.0,111.99704362662207,11.997043626622073
6,Acetaldehyde,225.0,201.6091814619834,23.39081853801659
6,Acetaldehyde,150.0,151.52086825101236,1.5208682510123595
6,Acetaldehyde,50.0,71.74358365715018,21.743583657150182
6,Acetaldehyde,250.0,207.34524305094908,42.65475694905092
6,Acetaldehyde,125.0,143.90398590175084,18.903985901750843
6,Acetaldehyde,175.0,163.78762357396602,11.212376426033984
6,Acetaldehyde,200.0,178.135813265704,21.864186734296
6,Acetaldehyde,50.0,73.71218180888529,23.71218180888529
6,Acetaldehyde,250.0,213.72232772601967,36.27767227398033
6,Acetaldehyde,125.0,132.15497412755025,7.154974127550247
6,Acetaldehyde,175.0,165.88174433121918,9.118255668780819
6,Acetaldehyde,200.0,180.3804178776586,19.6195821223414
6,Acetaldehyde,75.0,92.820805499309,17.820805499309003
6,Acetaldehyde,100.0,106.6525899161191,6.652589916119098
6,Acetaldehyde,225.0,191.56034330584117,33.43965669415883
6,Acetaldehyde,150.0,145.68179498944127,4.318205010558728
6,Acetaldehyde,50.0,53.16416013584248,3.1641601358424793
6,Acetaldehyde,75.0,73.9678255852495,1.0321744147505
6,Acetaldehyde,100.0,118.62126516375463,18.62126516375463
6,Acetaldehyde,125.0,123.65978472810986,1.3402152718901448
6,Acetaldehyde,150.0,144.7609089801906,5.239091019809393
6,Acetaldehyde,175.0,168.4556871025316,6.544312897468387
6,Acetaldehyde,200.0,184.94815741833418,15.051842581665824
6,Acetaldehyde,225.0,200.6730153769675,24.3269846230325
6,Acetaldehyde,250.0,218.84416876502831,31.155831234971686
6,Acetaldehyde,50.0,107.10761957628746,57.10761957628746
6,Acetaldehyde,50.0,49.283532671521414,0.7164673284785863
6,Acetaldehyde,50.0,51.065394710478145,1.0653947104781452
6,Acetaldehyde,50.0,47.70790601988544,2.292093980114558
6,Acetaldehyde,50.0,46.91775242255167,3.082247577448328
6,Acetaldehyde,50.0,43.65505930654646,6.3449406934535375
6,Acetaldehyde,50.0,46.04111540847664,3.9588845915233577
6,Acetaldehyde,50.0,46.31347940626016,3.686520593739843
6,Acetaldehyde,50.0,46.84052519003073,3.159474809969268
6,Acetaldehyde,50.0,48.030834103547406,1.9691658964525942
6,Acetaldehyde,50.0,44.35795922155975,5.642040778440247
6,Acetaldehyde,50.0,46.12481011099739,3.8751898890026126
6,Acetaldehyde,50.0,42.74340977626484,7.256590223735159
6,Acetaldehyde,50.0,45.42370591423739,4.576294085762612
6,Acetaldehyde,50.0,46.87736121752775,3.122638782472251
6,Acetaldehyde,50.0,49.08061361920389,0.9193863807961122
6,Acetaldehyde,50.0,48.95002966178622,1.0499703382137824
6,Acetaldehyde,50.0,49.35247851826213,0.6475214817378685
6,Acetaldehyde,50.0,50.15912340406325,0.15912340406325143
6,Acetaldehyde,50.0,52.950656274207546,2.950656274207546
6,Acetaldehyde,50.0,51.260236105636466,1.2602361056364657
6,Acetaldehyde,50.0,50.37664409338082,0.3766440933808184
6,Acetaldehyde,50.0,51.80794773374397,1.8079477337439727
6,Acetaldehyde,50.0,51.13999903357717,1.139999033577169
6,Acetaldehyde,50.0,49.795254488586565,0.2047455114134351
6,Acetaldehyde,50.0,49.03807557442242,0.9619244255775783
6,Acetaldehyde,50.0,51.096355849089136,1.0963558490891359
6,Acetaldehyde,50.0,48.91418746775105,1.0858125322489514
6,Acetaldehyde,50.0,52.563431949761224,2.563431949761224
6,Acetaldehyde,50.0,52.816236424892026,2.8162364248920255
6,Acetaldehyde,50.0,47.84400519180984,2.155994808190158
6,Acetaldehyde,50.0,51.94253137993823,1.9425313799382309
6,Acetaldehyde,50.0,49.79562185886752,0.2043781411324801
6,Acetaldehyde,50.0,48.689389548244264,1.3106104517557355
6,Acetaldehyde,50.0,50.85656974492433,0.8565697449243288
6,Acetaldehyde,50.0,48.2959389554555,1.7040610445445026
6,Acetaldehyde,50.0,50.73396763511276,0.7339676351127622
6,Acetaldehyde,50.0,49.426894337062095,0.5731056629379054
6,Acetaldehyde,50.0,47.733367137631646,2.266632862368354
6,Acetaldehyde,50.0,47.43935109578433,2.560648904215668
6,Acetaldehyde,50.0,48.98138738473902,1.0186126152609773
6,Acetaldehyde,50.0,47.561955453432645,2.4380445465673546
6,Acetaldehyde,50.0,51.52178814402991,1.5217881440299124
6,Acetaldehyde,50.0,48.6692419445023,1.3307580554976965
6,Acetaldehyde,50.0,48.9352310595947,1.0647689404053011
6,Acetaldehyde,50.0,51.437176759484686,1.4371767594846858
6,Acetaldehyde,50.0,50.61916120165165,0.6191612016516501
6,Acetaldehyde,50.0,48.97301211834019,1.0269878816598066
6,Acetaldehyde,50.0,47.37650068064214,2.6234993193578617
6,Acetaldehyde,50.0,48.67346586488195,1.3265341351180524
6,Acetaldehyde,50.0,49.42196350794762,0.5780364920523766
6,Acetaldehyde,50.0,47.844227316802105,2.1557726831978954
6,Acetaldehyde,50.0,48.53464708202493,1.4653529179750677
6,Acetaldehyde,50.0,50.87806768646446,0.8780676864644619
6,Acetaldehyde,50.0,47.741660831849885,2.2583391681501155
6,Acetaldehyde,50.0,49.03571511096098,0.9642848890390212
6,Acetaldehyde,50.0,47.053585774026715,2.9464142259732853
6,Acetaldehyde,50.0,47.42229712601987,2.5777028739801295
6,Acetaldehyde,50.0,47.15565093749608,2.844349062503923
6,Acetaldehyde,50.0,50.083212956665776,0.08321295666577555
6,Acetaldehyde,50.0,47.38913904384394,2.61086095615606
6,Acetaldehyde,50.0,48.75765155786864,1.2423484421313589
6,Acetaldehyde,50.0,50.49268926708834,0.4926892670883376
6,Acetaldehyde,50.0,47.01857109670368,2.981428903296319
6,Acetaldehyde,50.0,48.900831967190356,1.0991680328096436
6,Acetaldehyde,50.0,52.07474685858229,2.0747468585822872
6,Acetaldehyde,50.0,49.52801052498057,0.4719894750194271
6,Acetaldehyde,50.0,49.80562100796007,0.1943789920399297
6,Acetaldehyde,50.0,47.927410005625845,2.0725899943741553
6,Acetaldehyde,50.0,51.240433603582616,1.2404336035826162
6,Acetaldehyde,50.0,49.67050649029507,0.32949350970493185
6,Acetaldehyde,50.0,46.95240208202203,3.047597917977967
6,Acetaldehyde,50.0,49.83978016254545,0.16021983745454804
6,Acetaldehyde,50.0,50.067456014600836,0.06745601460083606
6,Acetaldehyde,50.0,48.08602001048156,1.9139799895184382
6,Acetaldehyde,50.0,46.44643425305611,3.553565746943889
6,Acetaldehyde,50.0,48.58438679496335,1.4156132050366494
6,Acetaldehyde,50.0,49.33765752911434,0.6623424708856618
6,Acetaldehyde,50.0,47.8737079138988,2.126292086101202
6,Acetaldehyde,50.0,45.8954155886657,4.104584411334301
6,Acetaldehyde,50.0,48.640835183610534,1.359164816389466
6,Acetaldehyde,50.0,48.339331005713134,1.6606689942868655
6,Acetaldehyde,50.0,50.318967381872525,0.3189673818725254
6,Acetaldehyde,50.0,50.2492165444535,0.24921654445350327
6,Acetaldehyde,50.0,50.609281211225294,0.6092812112252943
6,Acetaldehyde,50.0,49.419883936307784,0.5801160636922162
6,Acetaldehyde,50.0,48.590014157309696,1.409985842690304
6,Acetaldehyde,50.0,48.38981843856361,1.6101815614363915
6,Acetaldehyde,50.0,50.3622075473598,0.36220754735980165
6,Acetaldehyde,50.0,50.1343336690158,0.13433366901580257
6,Acetaldehyde,50.0,49.9188985236089,0.08110147639109755
6,Acetaldehyde,50.0,50.80668131125557,0.8066813112555735
6,Acetaldehyde,50.0,48.50930494182069,1.4906950581793126
6,Acetaldehyde,50.0,49.11359422993955,0.8864057700604491
6,Acetaldehyde,50.0,51.100089237855116,1.1000892378551157
6,Acetaldehyde,50.0,49.20501946482733,0.7949805351726695
6,Acetaldehyde,50.0,51.14027557108366,1.140275571083663
6,Acetaldehyde,50.0,49.90235043576784,0.09764956423215665
6,Acetaldehyde,50.0,49.53902845646107,0.4609715435389319
6,Acetaldehyde,50.0,50.34917765290703,0.34917765290703073
6,Acetaldehyde,50.0,54.83813304578099,4.838133045780992
6,Acetaldehyde,50.0,50.329949274903015,0.32994927490301507
6,Acetaldehyde,50.0,49.29444142907016,0.7055585709298384
6,Acetaldehyde,50.0,53.53912240162717,3.539122401627168
6,Acetaldehyde,50.0,52.26074340390322,2.26074340390322
6,Acetaldehyde,50.0,60.350410261543274,10.350410261543274
6,Acetaldehyde,50.0,58.73540360575893,8.735403605758933
6,Acetaldehyde,50.0,48.82867353233597,1.1713264676640307
6,Acetaldehyde,50.0,50.97591628530277,0.9759162853027732
6,Acetaldehyde,50.0,45.030549953750295,4.969450046249705
6,Acetaldehyde,50.0,45.56433606540554,4.435663934594459
6,Acetaldehyde,50.0,47.489024710956755,2.5109752890432446
6,Acetaldehyde,50.0,47.05624372900316,2.9437562709968432
6,Acetaldehyde,50.0,46.35310612685369,3.646893873146311
6,Acetaldehyde,50.0,45.68471791422502,4.315282085774982
6,Acetaldehyde,50.0,45.498598522856554,4.501401477143446
6,Acetaldehyde,50.0,49.719268672214895,0.2807313277851051
6,Acetaldehyde,50.0,47.13982089882427,2.8601791011757314
6,Acetaldehyde,50.0,46.846256672071874,3.153743327928126
6,Acetaldehyde,50.0,46.16417613775177,3.8358238622482332
6,Acetaldehyde,50.0,48.44842162962344,1.5515783703765607
6,Acetaldehyde,50.0,47.90554908546534,2.0944509145346615
6,Acetaldehyde,50.0,49.82320984618924,0.17679015381075658
6,Acetaldehyde,50.0,49.59155727714018,0.4084427228598173
6,Acetaldehyde,50.0,44.76292176748724,5.237078232512758
6,Acetaldehyde,50.0,50.10154638455768,0.10154638455767895
6,Acetaldehyde,50.0,48.77520066804905,1.2247993319509476
6,Acetaldehyde,50.0,50.193959088446775,0.19395908844677479
6,Acetaldehyde,50.0,50.176906464002485,0.1769064640024851
6,Acetaldehyde,50.0,46.42120294479301,3.5787970552069908
6,Acetaldehyde,50.0,48.167701915185205,1.832298084814795
6,Acetaldehyde,50.0,49.093125504046114,0.9068744959538861
6,Acetaldehyde,50.0,48.42503912200546,1.5749608779945419
6,Acetaldehyde,50.0,49.68360954343929,0.3163904565607112
6,Acetaldehyde,50.0,49.6831479870887,0.3168520129112977
6,Acetaldehyde,50.0,48.43592954218762,1.5640704578123774
6,Acetaldehyde,50.0,48.484495428810746,1.515504571189254
6,Acetaldehyde,50.0,49.801776717914095,0.19822328208590534
6,Acetaldehyde,50.0,45.687998915799994,4.312001084200006
6,Acetaldehyde,50.0,49.87890639342146,0.1210936065785404
6,Acetaldehyde,50.0,51.97338729195893,1.9733872919589288
6,Acetaldehyde,50.0,50.06283171371854,0.06283171371853769
6,Acetaldehyde,50.0,51.29155050797135,1.2915505079713512
6,Acetaldehyde,50.0,50.71137767039511,0.7113776703951089
6,Acetaldehyde,50.0,49.774320986111235,0.2256790138887652
6,Acetaldehyde,50.0,51.609652321377084,1.6096523213770837
6,Acetaldehyde,50.0,51.06708677692464,1.06708677692464
6,Acetaldehyde,50.0,50.18082364005872,0.1808236400587191
6,Acetaldehyde,50.0,50.80460679530677,0.8046067953067677
6,Acetaldehyde,50.0,48.11130434829893,1.8886956517010702
6,Acetaldehyde,50.0,47.549053303533,2.4509466964669997
6,Acetaldehyde,50.0,49.529457066232666,0.4705429337673337
6,Acetaldehyde,50.0,50.000632912030596,0.0006329120305963443
6,Acetaldehyde,50.0,51.03058075566025,1.030580755660253
6,Acetaldehyde,50.0,50.590873298795614,0.5908732987956142
6,Acetaldehyde,50.0,54.201095464048464,4.201095464048464
6,Acetaldehyde,50.0,54.963090025697255,4.963090025697255
6,Acetaldehyde,50.0,51.63580300188494,1.6358030018849377
6,Acetaldehyde,50.0,51.84979921831295,1.8497992183129526
6,Acetaldehyde,50.0,51.54999010258054,1.5499901025805372
6,Acetaldehyde,50.0,52.378203671132894,2.378203671132894
6,Acetaldehyde,50.0,48.12422152944764,1.875778470552362
6,Acetaldehyde,50.0,48.5141655067541,1.4858344932459033
6,Acetaldehyde,50.0,52.99156752684979,2.991567526849792
6,Acetaldehyde,50.0,51.49222628722599,1.4922262872259893
6,Acetaldehyde,50.0,50.38784504201986,0.3878450420198618
6,Acetaldehyde,50.0,51.58423467282934,1.5842346728293393
6,Acetaldehyde,50.0,48.773147044988875,1.2268529550111253
6,Acetaldehyde,50.0,48.470124828652914,1.5298751713470864
6,Acetaldehyde,50.0,52.301227896849554,2.3012278968495536
6,Acetaldehyde,50.0,48.54273447015794,1.4572655298420614
6,Acetaldehyde,50.0,50.460986181113,0.46098618111300027
6,Acetaldehyde,50.0,48.18489202801685,1.8151079719831529
6,Acetaldehyde,50.0,51.026584596072695,1.026584596072695
6,Acetaldehyde,50.0,50.039176023508446,0.03917602350844618
6,Acetaldehyde,50.0,51.56459025471324,1.564590254713238
6,Acetaldehyde,50.0,49.17470744636162,0.8252925536383771
6,Acetaldehyde,50.0,49.79826477008805,0.2017352299119466
6,Acetaldehyde,50.0,49.519492130892615,0.4805078691073845
6,Acetaldehyde,50.0,53.11578251591139,3.115782515911391
6,Acetaldehyde,50.0,50.44048492008895,0.4404849200889487
6,Acetaldehyde,50.0,49.93635922035419,0.06364077964580872
6,Acetaldehyde,50.0,53.67885796238279,3.678857962382793
6,Acetaldehyde,50.0,48.905364459348405,1.0946355406515949
6,Acetaldehyde,50.0,50.249657878549556,0.2496578785495558
6,Acetaldehyde,50.0,45.78676527558582,4.213234724414178
6,Acetaldehyde,50.0,49.52357462606258,0.4764253739374169
6,Acetaldehyde,50.0,51.65856731556211,1.6585673155621095
6,Acetaldehyde,50.0,49.79959995215192,0.20040004784807763
6,Acetaldehyde,50.0,52.30670436179716,2.306704361797159
6,Acetaldehyde,50.0,48.10211095396379,1.8978890460362123
6,Acetaldehyde,50.0,49.5642635998006,0.43573640019940285
6,Acetaldehyde,50.0,48.86262582148285,1.137374178517149
6,Acetaldehyde,50.0,46.34444043570613,3.655559564293867
6,Acetaldehyde,50.0,47.46437973266934,2.535620267330657
6,Acetaldehyde,50.0,44.203597644249044,5.796402355750956
6,Acetaldehyde,50.0,44.30824508094008,5.6917549190599175
6,Acetaldehyde,50.0,42.33211791400217,7.667882085997832
6,Acetaldehyde,50.0,42.943332860210035,7.056667139789965
6,Acetaldehyde,50.0,44.08279078593739,5.917209214062609
6,Acetaldehyde,50.0,47.08091689604623,2.919083103953767
6,Acetaldehyde,50.0,45.25604035330517,4.743959646694833
6,Acetaldehyde,50.0,46.53869972088397,3.461300279116031
6,Acetaldehyde,50.0,45.103623302061436,4.896376697938564
6,Acetaldehyde,50.0,45.815014740485665,4.184985259514335
6,Acetaldehyde,50.0,45.92032069179005,4.079679308209947
6,Acetaldehyde,50.0,46.606696109144366,3.393303890855634
6,Acetaldehyde,50.0,44.4169778730861,5.583022126913903
6,Acetaldehyde,50.0,43.99770181460876,6.00229818539124
6,Acetaldehyde,50.0,42.79044573093239,7.20955426906761
6,Acetaldehyde,50.0,85.57960677911878,35.57960677911878
6,Acetaldehyde,50.0,53.41519338853989,3.4151933885398904
6,Acetaldehyde,50.0,46.297292899854284,3.702707100145716
6,Acetaldehyde,50.0,50.65372430970302,0.6537243097030228
6,Acetaldehyde,50.0,43.27552409144458,6.724475908555419
6,Acetaldehyde,50.0,45.997734031345274,4.002265968654726
6,Acetaldehyde,50.0,48.8591207697564,1.1408792302435984
6,Acetaldehyde,50.0,47.83677035165566,2.163229648344341
6,Acetaldehyde,50.0,44.75474148222271,5.2452585177772875
6,Acetaldehyde,50.0,46.798344853295845,3.201655146704155
6,Acetaldehyde,50.0,46.859076432997185,3.1409235670028153
6,Acetaldehyde,50.0,44.71253366061214,5.287466339387862
6,Acetaldehyde,50.0,52.696816567728476,2.696816567728476
6,Acetaldehyde,50.0,47.16143270722135,2.8385672927786487
6,Acetaldehyde,50.0,48.470902988265166,1.5290970117348337
6,Acetaldehyde,50.0,46.213458194701644,3.7865418052983557
6,Acetaldehyde,50.0,49.76452319599184,0.23547680400815807
6,Acetaldehyde,50.0,43.8981823024923,6.101817697507698
6,Acetaldehyde,50.0,46.098724351638225,3.901275648361775
6,Acetaldehyde,50.0,48.74176849264646,1.2582315073535426
6,Acetaldehyde,50.0,47.669644822888955,2.330355177111045
6,Acetaldehyde,50.0,44.467664653100286,5.532335346899714
6,Acetaldehyde,50.0,48.599777823633175,1.4002221763668246
6,Acetaldehyde,50.0,46.12637852877941,3.873621471220588
6,Acetaldehyde,50.0,47.52574944111541,2.4742505588845916
6,Acetaldehyde,50.0,44.672793691094284,5.327206308905716
6,Acetaldehyde,50.0,45.68965854109641,4.3103414589035935
6,Acetaldehyde,50.0,45.954413851789795,4.045586148210205
6,Acetaldehyde,50.0,42.89300280312561,7.106997196874389
6,Acetaldehyde,50.0,45.96085970380176,4.039140296198241
6,Acetaldehyde,50.0,45.38524043186527,4.61475956813473
6,Acetaldehyde,50.0,45.77694164199407,4.223058358005929
6,Acetaldehyde,50.0,47.30519605079658,2.6948039492034184
6,Acetaldehyde,50.0,44.84031527958035,5.159684720419648
6,Acetaldehyde,50.0,43.64189138232412,6.358108617675882
6,Acetaldehyde,50.0,45.24034225453664,4.7596577454633575
6,Acetaldehyde,50.0,48.65153302069223,1.3484669793077728
6,Acetaldehyde,50.0,43.824535464507136,6.175464535492864
6,Acetaldehyde,50.0,46.30876128280991,3.691238717190089
6,Acetaldehyde,50.0,46.84029232434571,3.159707675654289
6,Acetaldehyde,50.0,46.24791175442094,3.75208824557906
6,Acetaldehyde,50.0,44.695316168370454,5.304683831629546
6,Acetaldehyde,50.0,45.23921360828194,4.760786391718057
6,Acetaldehyde,50.0,43.77804147983227,6.221958520167732
6,Acetaldehyde,50.0,49.57173346770628,0.42826653229371914
6,Acetaldehyde,50.0,46.01306695345144,3.9869330465485575
6,Acetaldehyde,50.0,46.49924534706834,3.5007546529316613
6,Acetaldehyde,50.0,44.35845376571379,5.64154623428621
6,Acetaldehyde,50.0,44.351183720601085,5.648816279398915
6,Acetaldehyde,50.0,45.74636294061038,4.253637059389618
6,Acetaldehyde,50.0,43.3995078494809,6.600492150519102
6,Acetaldehyde,50.0,48.55232320309513,1.4476767969048723
6,Acetaldehyde,50.0,46.84304340445192,3.156956595548081
6,Acetaldehyde,50.0,46.65071388689117,3.349286113108832
6,Acetaldehyde,50.0,44.82512922592201,5.174870774077988
6,Acetaldehyde,50.0,45.26250933831892,4.737490661681079
6,Acetaldehyde,50.0,45.02180332550503,4.978196674494967
6,Acetaldehyde,50.0,42.45193237539169,7.548067624608308
6,Acetaldehyde,50.0,43.001650398817645,6.998349601182355
6,Acetaldehyde,50.0,43.66916579293641,6.330834207063589
6,Acetaldehyde,50.0,46.89051856216936,3.109481437830638
6,Acetaldehyde,50.0,47.11575845273238,2.884241547267621
6,Acetaldehyde,50.0,45.328313293496734,4.671686706503266
6,Acetaldehyde,50.0,47.120316741969006,2.879683258030994
6,Acetaldehyde,50.0,43.261901401064364,6.738098598935636
6,Acetaldehyde,50.0,47.567726902145466,2.4322730978545337
6,Acetaldehyde,50.0,44.97332392142724,5.026676078572763
6,Acetaldehyde,50.0,45.18388371420468,4.816116285795317
6,Acetaldehyde,50.0,45.61836524179343,4.381634758206573
6,Acetaldehyde,50.0,44.103186483606066,5.896813516393934
6,Acetaldehyde,50.0,47.78755005562013,2.2124499443798697
6,Acetaldehyde,50.0,39.613725780869004,10.386274219130996
6,Acetaldehyde,50.0,47.002588463352325,2.9974115366476752
6,Acetaldehyde,50.0,46.286896075867574,3.713103924132426
6,Acetaldehyde,50.0,46.2796979831505,3.7203020168495016
6,Acetaldehyde,50.0,42.64980784872519,7.350192151274811
6,Acetaldehyde,50.0,48.73880975691287,1.2611902430871282
6,Acetaldehyde,50.0,47.69276860782334,2.3072313921766607
6,Acetaldehyde,50.0,45.26487386028283,4.735126139717167
6,Acetaldehyde,50.0,46.12041279292647,3.879587207073527
6,Acetaldehyde,50.0,45.12218753389848,4.877812466101517
6,Acetaldehyde,50.0,44.97830978179462,5.021690218205379
6,Acetaldehyde,50.0,46.601898776241995,3.3981012237580046
6,Acetaldehyde,50.0,52.80573713302229,2.8057371330222907
6,Acetaldehyde,50.0,47.60038317061793,2.3996168293820688
6,Acetaldehyde,50.0,51.34192240018335,1.3419224001833499
6,Acetaldehyde,50.0,55.57551980979302,5.575519809793022
6,Acetaldehyde,50.0,100.02310230387027,50.023102303870274
6,Acetaldehyde,50.0,50.76783119354137,0.7678311935413689
6,Acetaldehyde,50.0,49.10575957778451,0.8942404222154892
6,Acetaldehyde,50.0,54.405272247417,4.4052722474170025
6,Acetaldehyde,50.0,51.974080791406394,1.9740807914063936
6,Acetaldehyde,50.0,51.67183288933684,1.6718328893368408
6,Acetaldehyde,50.0,55.52405944262945,5.524059442629451
6,Acetaldehyde,50.0,52.4606976081766,2.460697608176602
6,Acetaldehyde,50.0,54.13921538315175,4.13921538315175
6,Acetaldehyde,50.0,54.67518185058792,4.675181850587919
6,Acetaldehyde,50.0,52.6843396071515,2.6843396071515
6,Acetaldehyde,50.0,57.858982946166876,7.858982946166876
6,Acetaldehyde,50.0,54.682341407630716,4.682341407630716
6,Acetaldehyde,50.0,50.817252609921354,0.8172526099213542
6,Acetaldehyde,50.0,53.160978109842006,3.160978109842006
6,Acetaldehyde,50.0,50.99152623571156,0.9915262357115608
6,Acetaldehyde,50.0,51.96334810144698,1.9633481014469822
6,Acetaldehyde,50.0,51.526611062949684,1.5266110629496836
6,Acetaldehyde,100.0,168.26409428594434,68.26409428594434
6,Acetaldehyde,10.0,84.75580926943115,74.75580926943115
6,Acetaldehyde,100.0,161.04030218441034,61.040302184410336
6,Acetaldehyde,10.0,84.45307497160131,74.45307497160131
6,Acetaldehyde,100.0,165.1263658709283,65.12636587092831
6,Acetaldehyde,10.0,83.60546626057928,73.60546626057928
6,Acetaldehyde,100.0,164.3995736421003,64.39957364210031
6,Acetaldehyde,10.0,82.74385994814585,72.74385994814585
6,Acetaldehyde,100.0,163.44892355535634,63.448923555356345
6,Acetaldehyde,10.0,84.46755043110602,74.46755043110602
6,Acetaldehyde,100.0,155.64465930565072,55.64465930565072
6,Acetaldehyde,10.0,83.44980042818172,73.44980042818172
6,Acetaldehyde,100.0,151.55194021964493,51.55194021964493
6,Acetaldehyde,10.0,80.78238522185734,70.78238522185734
6,Acetaldehyde,100.0,150.87340673947114,50.873406739471136
6,Acetaldehyde,10.0,83.2946768000592,73.2946768000592
6,Acetaldehyde,100.0,148.8259429071825,48.82594290718251
6,Acetaldehyde,10.0,83.08879507004308,73.08879507004308
6,Acetaldehyde,100.0,142.47820331653983,42.47820331653983
6,Acetaldehyde,10.0,83.97300382703733,73.97300382703733
6,Acetaldehyde,100.0,141.1301556706475,41.1301556706475
6,Acetaldehyde,10.0,82.48118805162498,72.48118805162498
6,Acetaldehyde,100.0,138.77623378936198,38.77623378936198
6,Acetaldehyde,10.0,82.70782857316112,72.70782857316112
6,Acetaldehyde,100.0,143.30626775792055,43.30626775792055
6,Acetaldehyde,10.0,84.29357996738152,74.29357996738152
6,Acetaldehyde,100.0,152.63256081459176,52.632560814591756
6,Acetaldehyde,10.0,82.85597653260223,72.85597653260223
6,Acetaldehyde,100.0,157.8895559469481,57.88955594694809
6,Acetaldehyde,10.0,85.1223360472501,75.1223360472501
6,Acetaldehyde,100.0,158.9218113557893,58.92181135578929
6,Acetaldehyde,10.0,84.30679849777626,74.30679849777626
6,Acetaldehyde,100.0,155.93783748049105,55.937837480491055
6,Acetaldehyde,10.0,85.42974711057549,75.42974711057549
6,Acetaldehyde,100.0,161.52254920572412,61.52254920572412
6,Acetaldehyde,10.0,84.09006543609519,74.09006543609519
6,Acetaldehyde,100.0,162.22919858360544,62.22919858360544
6,Acetaldehyde,10.0,83.99858671190117,73.99858671190117
6,Acetaldehyde,100.0,156.7287025461088,56.72870254610879
6,Acetaldehyde,10.0,84.41514039218407,74.41514039218407
6,Acetaldehyde,100.0,156.0271917337084,56.027191733708406
6,Acetaldehyde,10.0,85.4070181752016,75.4070181752016
6,Acetaldehyde,100.0,151.5648105647863,51.56481056478631
6,Acetaldehyde,10.0,84.37293300850372,74.37293300850372
6,Acetaldehyde,100.0,153.52082877475925,53.52082877475925
6,Acetaldehyde,10.0,82.69791663802538,72.69791663802538
6,Acetaldehyde,100.0,150.81715310693335,50.81715310693335
6,Acetaldehyde,10.0,82.11007311101649,72.11007311101649
6,Acetaldehyde,100.0,145.97935241621332,45.97935241621332
6,Acetaldehyde,10.0,82.62357826745303,72.62357826745303
6,Acetaldehyde,100.0,145.7611163919794,45.761116391979414
6,Acetaldehyde,10.0,82.75095016183295,72.75095016183295
6,Acetaldehyde,100.0,143.80473400229474,43.80473400229474
6,Acetaldehyde,10.0,83.91748456384504,73.91748456384504
6,Acetaldehyde,100.0,139.48625646800875,39.48625646800875
6,Acetaldehyde,10.0,84.84883561690265,74.84883561690265
6,Acetaldehyde,100.0,144.55072636528618,44.55072636528618
6,Acetaldehyde,10.0,82.9892208484715,72.9892208484715
6,Acetaldehyde,100.0,141.39589610920723,41.39589610920723
6,Acetaldehyde,10.0,84.90432780737197,74.90432780737197
6,Acetaldehyde,100.0,120.45113770496141,20.45113770496141
6,Acetaldehyde,10.0,82.05295447089621,72.05295447089621
6,Acetaldehyde,100.0,121.46853748601357,21.468537486013574
6,Acetaldehyde,10.0,83.62984905795766,73.62984905795766
6,Acetaldehyde,100.0,122.25739816492421,22.25739816492421
6,Acetaldehyde,10.0,83.33251638258106,73.33251638258106
6,Acetaldehyde,100.0,120.78204322932419,20.782043229324188
6,Acetaldehyde,10.0,83.31897749290518,73.31897749290518
6,Acetaldehyde,100.0,121.81105612011274,21.811056120112738
6,Acetaldehyde,10.0,83.10572574038449,73.10572574038449
6,Acetaldehyde,100.0,154.55974379962544,54.55974379962544
6,Acetaldehyde,10.0,83.36094202516652,73.36094202516652
6,Acetaldehyde,100.0,135.30219225780982,35.30219225780982
6,Acetaldehyde,10.0,79.76019162501068,69.76019162501068
6,Acetaldehyde,100.0,133.8554910645676,33.85549106456759
6,Acetaldehyde,10.0,82.18538592777516,72.18538592777516
6,Acetaldehyde,100.0,131.86084450525914,31.860844505259138
6,Acetaldehyde,10.0,84.64364514519306,74.64364514519306
6,Acetaldehyde,100.0,135.71480595039986,35.714805950399864
6,Acetaldehyde,10.0,84.40356923068947,74.40356923068947
6,Acetaldehyde,100.0,132.29182993110868,32.29182993110868
6,Acetaldehyde,10.0,85.62228197358432,75.62228197358432
6,Acetaldehyde,100.0,130.3309608613023,30.330960861302287
6,Acetaldehyde,10.0,85.31036796985872,75.31036796985872
6,Acetaldehyde,100.0,128.74468601191325,28.744686011913245
6,Acetaldehyde,10.0,83.36273767175867,73.36273767175867
6,Acetaldehyde,100.0,128.6182189076256,28.61821890762559
6,Acetaldehyde,10.0,84.64313837392727,74.64313837392727
6,Acetaldehyde,100.0,129.61238527973737,29.612385279737367
6,Acetaldehyde,10.0,84.67791530847363,74.67791530847363
6,Acetaldehyde,100.0,122.48023967603763,22.480239676037627
6,Acetaldehyde,10.0,84.11616710091278,74.11616710091278
6,Acetaldehyde,100.0,124.17993805541064,24.179938055410645
6,Acetaldehyde,10.0,83.36738591758319,73.36738591758319
6,Acetaldehyde,100.0,124.88060860395298,24.88060860395298
6,Acetaldehyde,10.0,85.82026764468655,75.82026764468655
6,Acetaldehyde,100.0,122.89301681818333,22.893016818183327
6,Acetaldehyde,10.0,84.08629342872591,74.08629342872591
6,Acetaldehyde,100.0,124.06356505708197,24.063565057081973
6,Acetaldehyde,10.0,83.84477270020196,73.84477270020196
6,Ammonia,50.0,92.8070908497356,42.8070908497356
6,Ammonia,75.0,107.24397551641309,32.24397551641309
6,Ammonia,150.0,150.08235329096482,0.08235329096481792
6,Ammonia,250.0,207.0676217550617,42.93237824493829
6,Ammonia,225.0,201.15257757724737,23.84742242275263
6,Ammonia,200.0,187.510666074498,12.489333925501995
6,Ammonia,175.0,171.90144512320867,3.098554876791326
6,Ammonia,100.0,119.23571878406409,19.23571878406409
6,Ammonia,125.0,127.47850128194469,2.4785012819446877
6,Ammonia,225.0,198.49138204484706,26.508617955152943
6,Ammonia,200.0,185.30325315485587,14.696746845144133
6,Ammonia,175.0,172.6742592433683,2.3257407566316886
6,Ammonia,100.0,120.36029181577422,20.360291815774218
6,Ammonia,125.0,131.23936911101714,6.23936911101714
6,Ammonia,50.0,92.4389944283749,42.4389944283749
6,Ammonia,75.0,108.96440510922415,33.964405109224145
6,Ammonia,150.0,155.8756273100551,5.875627310055108
6,Ammonia,250.0,214.033056826657,35.966943173343
6,Ammonia,50.0,91.19952626872991,41.19952626872991
6,Ammonia,75.0,109.61413529946729,34.61413529946729
6,Ammonia,150.0,154.10914458971178,4.109144589711775
6,Ammonia,250.0,213.24961497473112,36.75038502526888
6,Ammonia,225.0,206.7670780812012,18.23292191879881
6,Ammonia,200.0,183.6250042211294,16.374995778870613
6,Ammonia,175.0,171.74047673651373,3.2595232634862725
6,Ammonia,100.0,125.89605193729317,25.896051937293166
6,Ammonia,125.0,127.22342488606944,2.223424886069438
6,Ammonia,50.0,90.628494961833,40.628494961833
6,Ammonia,75.0,108.07038822827275,33.07038822827275
6,Ammonia,150.0,147.52119767007392,2.478802329926083
6,Ammonia,250.0,207.0922461153496,42.90775388465039
6,Ammonia,225.0,202.56327193630165,22.436728063698354
6,Ammonia,200.0,180.98275216389902,19.017247836100978
6,Ammonia,175.0,170.6947872539108,4.305212746089211
6,Ammonia,100.0,118.4026762475944,18.4026762475944
6,Ammonia,125.0,123.25152659616558,1.7484734038344243
6,Ammonia,225.0,192.90132519230815,32.09867480769185
6,Ammonia,200.0,178.1510157505763,21.848984249423694
6,Ammonia,175.0,168.36939210857412,6.630607891425882
6,Ammonia,100.0,116.56864744809447,16.568647448094467
6,Ammonia,125.0,122.16205338684944,2.8379466131505637
6,Ammonia,50.0,89.43713810973695,39.43713810973695
6,Ammonia,75.0,102.45584239916565,27.455842399165647
6,Ammonia,150.0,149.542955474894,0.45704452510599936
6,Ammonia,250.0,207.690129230788,42.30987076921201
6,Ammonia,225.0,195.8336677064401,29.16633229355989
6,Ammonia,200.0,176.71123932314495,23.28876067685505
6,Ammonia,175.0,169.72496226424943,5.275037735750573
6,Ammonia,100.0,116.37484780274198,16.374847802741982
6,Ammonia,125.0,124.55501512726727,0.44498487273273213
6,Ammonia,50.0,91.84739673546089,41.84739673546089
6,Ammonia,75.0,106.13130711721828,31.131307117218284
6,Ammonia,150.0,151.96501850344941,1.9650185034494143
6,Ammonia,250.0,212.36944423878302,37.63055576121698
6,Ammonia,250.0,246.72797919183398,3.272020808166019
6,Ammonia,250.0,183.99838923235953,66.00161076764047
6,Ammonia,250.0,152.08028306474483,97.91971693525517
6,Ammonia,50.0,85.06016287972936,35.06016287972936
6,Ammonia,50.0,79.6051683339486,29.605168333948598
6,Ammonia,50.0,80.92395697051997,30.923956970519967
6,Ammonia,50.0,78.33560892162821,28.335608921628207
6,Ammonia,50.0,78.10044338183842,28.100443381838417
6,Ammonia,50.0,78.2772191239332,28.277219123933193
6,Ammonia,50.0,77.81453569085609,27.81453569085609
6,Ammonia,50.0,79.71340286055538,29.713402860555377
6,Ammonia,50.0,78.37625022893889,28.376250228938886
6,Ammonia,50.0,78.03298374579245,28.03298374579245
6,Ammonia,50.0,78.30447380681495,28.304473806814954
6,Ammonia,50.0,77.98207246379742,27.982072463797422
6,Ammonia,50.0,80.34959723389079,30.34959723389079
6,Ammonia,50.0,79.10447713516177,29.104477135161773
6,Ammonia,50.0,80.84671381119466,30.84671381119466
6,Ammonia,50.0,82.46429702163832,32.464297021638316
6,Ammonia,50.0,80.43100992461706,30.431009924617058
6,Ammonia,50.0,81.94348369616479,31.94348369616479
6,Ammonia,50.0,82.07365683817197,32.07365683817197
6,Ammonia,50.0,83.32504627406416,33.325046274064164
6,Ammonia,50.0,83.67047910414549,33.670479104145485
6,Ammonia,50.0,84.24250364593178,34.24250364593178
6,Ammonia,50.0,85.09974421944182,35.09974421944182
6,Ammonia,50.0,85.75700902719169,35.757009027191685
6,Ammonia,50.0,85.06146423774999,35.06146423774999
6,Ammonia,50.0,86.79917166023047,36.79917166023047
6,Ammonia,50.0,89.22293612095434,39.222936120954344
6,Ammonia,50.0,89.86548906779149,39.865489067791486
6,Ammonia,50.0,89.14546106840913,39.14546106840913
6,Ammonia,50.0,89.0597479979501,39.0597479979501
6,Ammonia,50.0,89.98648885146109,39.98648885146109
6,Ammonia,50.0,89.70055957651054,39.70055957651054
6,Ammonia,50.0,89.49723331340256,39.49723331340256
6,Ammonia,50.0,91.50849954172352,41.50849954172352
6,Ammonia,50.0,93.67804543024175,43.67804543024175
6,Ammonia,50.0,91.67508638436674,41.675086384366736
6,Ammonia,50.0,92.09138325519149,42.09138325519149
6,Ammonia,50.0,91.78583078885706,41.785830788857055
6,Ammonia,50.0,94.04720246477584,44.047202464775836
6,Ammonia,50.0,94.55330096594447,44.55330096594447
6,Ammonia,50.0,93.54966309404051,43.54966309404051
6,Ammonia,50.0,90.8961079611774,40.89610796117741
6,Ammonia,50.0,92.24368256707317,42.243682567073165
6,Ammonia,50.0,93.25735320025737,43.25735320025737
6,Ammonia,50.0,94.71985972939206,44.719859729392056
6,Ammonia,50.0,92.40125541761469,42.40125541761469
6,Ammonia,50.0,92.43325290529168,42.43325290529168
6,Ammonia,50.0,92.84247256772827,42.842472567728265
6,Ammonia,50.0,93.72663258557436,43.726632585574364
6,Ammonia,50.0,94.74639564033835,44.74639564033835
6,Ammonia,50.0,93.66745053756337,43.66745053756337
6,Ammonia,50.0,96.83311410106016,46.83311410106016
6,Ammonia,50.0,92.68313102183764,42.68313102183764
6,Ammonia,50.0,94.35052534271581,44.35052534271581
6,Ammonia,50.0,96.34245708714815,46.34245708714815
6,Ammonia,50.0,92.13673630088314,42.13673630088314
6,Ammonia,50.0,95.32265522140818,45.32265522140818
6,Ammonia,50.0,94.74564663169276,44.745646631692765
6,Ammonia,50.0,95.9827776725776,45.9827776725776
6,Ammonia,50.0,95.73564467684784,45.73564467684784
6,Ammonia,50.0,94.69074396601755,44.69074396601755
6,Ammonia,50.0,95.15851770606696,45.15851770606696
6,Ammonia,50.0,95.37533922745965,45.37533922745965
6,Ammonia,50.0,95.15229495878404,45.15229495878404
6,Ammonia,50.0,95.96128873909659,45.96128873909659
6,Ammonia,50.0,96.61392517702677,46.61392517702677
6,Ammonia,50.0,95.74259609796586,45.74259609796586
6,Ammonia,50.0,96.07896894714322,46.078968947143224
6,Ammonia,50.0,96.26756769891762,46.26756769891762
6,Ammonia,50.0,95.65564153176315,45.65564153176315
6,Ammonia,50.0,96.39560762637299,46.39560762637299
6,Ammonia,50.0,94.1997901389294,44.1997901389294
6,Ammonia,50.0,96.82007886667894,46.82007886667894
6,Ammonia,50.0,94.7329200524236,44.732920052423594
6,Ammonia,50.0,95.55679579058842,45.556795790588424
6,Ammonia,50.0,94.18877948661056,44.18877948661056
6,Ammonia,50.0,95.24950699631442,45.24950699631442
6,Ammonia,50.0,96.52584151276214,46.52584151276214
6,Ammonia,50.0,97.1009039003559,47.1009039003559
6,Ammonia,50.0,96.08891471558937,46.08891471558937
6,Ammonia,50.0,93.51367123201753,43.51367123201753
6,Ammonia,50.0,99.05538959338962,49.05538959338962
6,Ammonia,50.0,96.26076724566555,46.26076724566555
6,Ammonia,50.0,95.9014797219369,45.901479721936894
6,Ammonia,50.0,94.35947974876825,44.35947974876825
6,Ammonia,50.0,96.80782183414631,46.80782183414631
6,Ammonia,50.0,96.01237976728171,46.012379767281715
6,Ammonia,50.0,97.31176477201997,47.31176477201997
6,Ammonia,50.0,95.15626692506605,45.15626692506605
6,Ammonia,50.0,94.95860150516184,44.95860150516184
6,Ammonia,50.0,95.98448519717603,45.98448519717603
6,Ammonia,50.0,96.06582266062662,46.06582266062662
6,Ammonia,50.0,94.20066847737375,44.20066847737375
6,Ammonia,50.0,94.3555663917759,44.355566391775895
6,Ammonia,50.0,97.50707011055579,47.50707011055579
6,Ammonia,50.0,92.98135304638322,42.98135304638322
6,Ammonia,50.0,95.82433919575226,45.82433919575226
6,Ammonia,50.0,93.55114330570582,43.55114330570582
6,Ammonia,50.0,94.84138125343769,44.84138125343769
6,Ammonia,50.0,95.01505277167118,45.01505277167118
6,Ammonia,250.0,203.2328184128285,46.76718158717151
6,Ammonia,250.0,180.02313075035394,69.97686924964606
6,Ammonia,250.0,181.67326610046052,68.32673389953948
6,Ammonia,50.0,87.58615152310645,37.58615152310645
6,Ammonia,50.0,88.76192598457655,38.76192598457655
6,Ammonia,50.0,90.9279381034804,40.9279381034804
6,Ammonia,50.0,89.91498084289067,39.91498084289067
6,Ammonia,50.0,89.28233803578061,39.28233803578061
6,Ammonia,50.0,90.8351600459506,40.8351600459506
6,Ammonia,50.0,87.90610217396187,37.90610217396187
6,Ammonia,50.0,88.73342967362835,38.73342967362835
6,Ammonia,50.0,89.71523797940678,39.71523797940678
6,Ammonia,50.0,90.3920447468094,40.392044746809404
6,Ammonia,50.0,90.52859344076354,40.528593440763544
6,Ammonia,50.0,90.43764691261306,40.43764691261306
6,Ammonia,50.0,88.53651173228081,38.536511732280815
6,Ammonia,50.0,90.08919526696269,40.08919526696269
6,Ammonia,50.0,90.6934456657055,40.6934456657055
6,Ammonia,50.0,93.7903010641672,43.790301064167195
6,Ammonia,50.0,90.11291180873202,40.11291180873202
6,Ammonia,50.0,91.59904835272056,41.59904835272056
6,Ammonia,50.0,92.98955762387767,42.98955762387767
6,Ammonia,50.0,92.41404406897404,42.414044068974036
6,Ammonia,50.0,90.7861641944435,40.7861641944435
6,Ammonia,50.0,92.5272750926769,42.5272750926769
6,Ammonia,50.0,91.40443978757405,41.40443978757405
6,Ammonia,50.0,92.42825537451023,42.42825537451023
6,Ammonia,50.0,90.87115084473974,40.871150844739745
6,Ammonia,50.0,91.10542423382304,41.105424233823044
6,Ammonia,50.0,89.1477664251027,39.1477664251027
6,Ammonia,50.0,91.91156821707425,41.91156821707425
6,Ammonia,50.0,89.12805106871068,39.128051068710676
6,Ammonia,50.0,90.79252455140596,40.79252455140596
6,Ammonia,50.0,87.60800728394936,37.60800728394936
6,Ammonia,50.0,90.75732195169499,40.75732195169499
6,Ammonia,50.0,90.75657621378798,40.75657621378798
6,Ammonia,50.0,92.64535414157942,42.64535414157942
6,Ammonia,50.0,90.00762663111237,40.00762663111237
6,Ammonia,50.0,90.60027437330352,40.60027437330352
6,Ammonia,50.0,88.34194670071886,38.341946700718864
6,Ammonia,50.0,89.23303991337883,39.23303991337883
6,Ammonia,50.0,90.1746313516779,40.1746313516779
6,Ammonia,50.0,90.1436330151178,40.1436330151178
6,Ammonia,50.0,88.47768604553859,38.47768604553859
6,Ammonia,50.0,90.55737755247615,40.557377552476154
6,Ammonia,50.0,91.92371933349835,41.923719333498354
6,Ammonia,50.0,93.07737404492795,43.07737404492795
6,Ammonia,50.0,91.89904920650197,41.89904920650197
6,Ammonia,50.0,93.23973560797312,43.23973560797312
6,Ammonia,50.0,92.58434884686359,42.58434884686359
6,Ammonia,50.0,93.67911249957443,43.67911249957443
6,Ammonia,50.0,93.92855477504324,43.92855477504324
6,Ammonia,50.0,93.56185047270455,43.56185047270455
6,Ammonia,50.0,92.51612715063013,42.516127150630126
6,Ammonia,50.0,95.29441527932802,45.29441527932802
6,Ammonia,50.0,97.5917747066491,47.591774706649105
6,Ammonia,50.0,93.4750002582961,43.475000258296106
6,Ammonia,50.0,96.16103470784405,46.16103470784405
6,Ammonia,50.0,93.68862006502167,43.68862006502167
6,Ammonia,50.0,94.70234461424599,44.70234461424599
6,Ammonia,50.0,93.25237065951302,43.25237065951302
6,Ammonia,50.0,92.66283910758963,42.66283910758963
6,Ammonia,50.0,91.22697877448483,41.226978774484834
6,Ammonia,50.0,91.61607563333928,41.61607563333928
6,Ammonia,50.0,92.43566225366725,42.435662253667246
6,Ammonia,50.0,91.27926742374707,41.27926742374707
6,Ammonia,50.0,90.9801719798117,40.9801719798117
6,Ammonia,50.0,91.62261654510303,41.62261654510303
6,Ammonia,50.0,96.20327842114992,46.20327842114992
6,Ammonia,50.0,92.11068708192686,42.110687081926855
6,Ammonia,50.0,94.87340263293795,44.87340263293795
6,Ammonia,50.0,92.40331307058604,42.40331307058604
6,Ammonia,50.0,93.78667660256866,43.78667660256866
6,Ammonia,50.0,93.92254305957897,43.92254305957897
6,Ammonia,50.0,91.74455938243713,41.74455938243713
6,Ammonia,50.0,92.81361119694714,42.813611196947136
6,Ammonia,50.0,91.58128313797569,41.58128313797569
6,Ammonia,50.0,95.74164352618892,45.74164352618892
6,Ammonia,50.0,93.07678706595125,43.07678706595125
6,Ammonia,50.0,95.80393816004724,45.80393816004724
6,Ammonia,50.0,97.00849259785417,47.00849259785417
6,Ammonia,50.0,95.65764823323138,45.657648233231384
6,Ammonia,50.0,94.77964488696207,44.779644886962075
6,Ammonia,50.0,96.36316760019155,46.363167600191545
6,Ammonia,50.0,96.32168504826377,46.321685048263774
6,Ammonia,50.0,97.01167476325156,47.01167476325156
6,Ammonia,50.0,95.35504357661472,45.35504357661472
6,Ammonia,50.0,96.65440785362807,46.65440785362807
6,Ammonia,50.0,95.06162545868152,45.06162545868152
6,Ammonia,50.0,94.77746458039505,44.77746458039505
6,Ammonia,50.0,96.45142006364959,46.45142006364959
6,Ammonia,50.0,96.43822448548019,46.43822448548019
6,Ammonia,50.0,93.78488812781089,43.78488812781089
6,Ammonia,50.0,97.07972552361069,47.07972552361069
6,Ammonia,50.0,93.40181954220331,43.40181954220331
6,Ammonia,50.0,93.12367473821692,43.12367473821692
6,Ammonia,50.0,94.96206874158398,44.96206874158398
6,Ammonia,50.0,95.70841970746008,45.70841970746008
6,Ammonia,50.0,92.83146131259237,42.83146131259237
6,Ammonia,50.0,95.40558425425775,45.40558425425775
6,Ammonia,50.0,95.03012792269732,45.03012792269732
6,Ammonia,50.0,95.01161940326637,45.011619403266366
6,Ammonia,50.0,94.82089972377108,44.82089972377108
6,Ammonia,250.0,90.88137832721387,159.11862167278613
6,Ammonia,250.0,93.41001722238812,156.58998277761188
6,Ammonia,250.0,92.03692762010296,157.96307237989703
6,Ammonia,250.0,92.93862498496355,157.06137501503645
6,Ammonia,250.0,80.03488406613256,169.96511593386742
6,Ammonia,50.0,80.71071398694092,30.710713986940917
6,Ammonia,50.0,79.9616995982487,29.9616995982487
6,Ammonia,50.0,78.96321873301208,28.963218733012084
6,Ammonia,50.0,78.64102285637257,28.641022856372572
6,Ammonia,50.0,80.48847685099098,30.488476850990978
6,Ammonia,50.0,80.54985394457431,30.54985394457431
6,Ammonia,50.0,82.56895867394303,32.56895867394303
6,Ammonia,50.0,82.24279651531435,32.24279651531435
6,Ammonia,50.0,85.45440343195962,35.45440343195962
6,Ammonia,50.0,85.60854865076647,35.608548650766465
6,Ammonia,50.0,88.99573569234201,38.99573569234201
6,Ammonia,50.0,88.70051143885678,38.70051143885678
6,Ammonia,50.0,86.65453134429694,36.65453134429694
6,Ammonia,50.0,86.28797873862861,36.28797873862861
6,Ammonia,50.0,86.22042250902021,36.22042250902021
6,Ammonia,50.0,88.21564011685543,38.215640116855425
6,Ammonia,50.0,88.59430004176555,38.59430004176555
6,Ammonia,50.0,87.37513232457087,37.37513232457087
6,Ammonia,50.0,89.6806341928729,39.6806341928729
6,Ammonia,50.0,91.30547570791708,41.30547570791708
6,Ammonia,50.0,90.90889741094468,40.908897410944675
6,Ammonia,50.0,90.7622056320611,40.7622056320611
6,Ammonia,50.0,96.57936516235148,46.57936516235148
6,Ammonia,50.0,91.38968019469104,41.38968019469104
6,Ammonia,50.0,90.65229639677773,40.65229639677773
6,Ammonia,50.0,92.6656615487848,42.6656615487848
6,Ammonia,50.0,92.65309368801955,42.65309368801955
6,Ammonia,50.0,93.50197184129001,43.501971841290015
6,Ammonia,50.0,93.05128990537439,43.05128990537439
6,Ammonia,50.0,94.76604368151482,44.766043681514816
6,Ammonia,50.0,95.9320625880578,45.9320625880578
6,Ammonia,50.0,90.75908126371424,40.759081263714236
6,Ammonia,50.0,96.22501201211662,46.22501201211662
6,Ammonia,50.0,94.98615110821832,44.98615110821832
6,Ammonia,50.0,94.8049907676723,44.804990767672294
6,Ammonia,50.0,98.08153596138618,48.08153596138618
6,Ammonia,50.0,95.39819400684522,45.398194006845216
6,Ammonia,50.0,95.69241257916472,45.692412579164724
6,Ammonia,50.0,94.02279023331984,44.02279023331984
6,Ammonia,50.0,92.67492589738114,42.674925897381144
6,Ammonia,50.0,93.37663130248698,43.376631302486985
6,Ammonia,50.0,93.97066595681451,43.970665956814514
6,Ammonia,50.0,91.29805569732991,41.298055697329914
6,Ammonia,50.0,95.58701460163556,45.58701460163556
6,Ammonia,50.0,94.81542813569237,44.81542813569237
6,Ammonia,50.0,93.87138513263487,43.87138513263487
6,Ammonia,50.0,92.97673403962597,42.97673403962597
6,Ammonia,50.0,95.3608147164286,45.36081471642861
6,Ammonia,50.0,94.42431214129795,44.424312141297946
6,Ammonia,50.0,94.75262161035671,44.75262161035671
6,Ammonia,50.0,94.46383202171954,44.46383202171954
6,Ammonia,50.0,94.59107114400088,44.59107114400088
6,Ammonia,50.0,95.70000393642317,45.70000393642317
6,Ammonia,50.0,98.28128801078994,48.281288010789936
6,Ammonia,50.0,97.78832187651264,47.78832187651264
6,Ammonia,50.0,95.9926199567618,45.9926199567618
6,Ammonia,50.0,98.74593903165666,48.74593903165666
6,Ammonia,50.0,91.93590476782603,41.93590476782603
6,Ammonia,50.0,94.81241616100789,44.81241616100789
6,Ammonia,50.0,95.38086707600037,45.38086707600037
6,Ammonia,50.0,94.93098036355478,44.93098036355478
6,Ammonia,50.0,97.22443436351986,47.22443436351986
6,Ammonia,50.0,94.21999903068337,44.21999903068337
6,Ammonia,50.0,95.01550358891997,45.01550358891997
6,Ammonia,50.0,95.37200590917422,45.37200590917422
6,Ammonia,50.0,95.78386299388846,45.78386299388846
6,Ammonia,50.0,93.99481539612681,43.99481539612681
6,Ammonia,50.0,96.73407539638141,46.734075396381414
6,Ammonia,50.0,94.62811478433373,44.62811478433373
6,Ammonia,50.0,95.0803799105607,45.080379910560694
6,Ammonia,50.0,89.45168593198858,39.45168593198858
6,Ammonia,50.0,98.55065614680042,48.55065614680042
6,Ammonia,50.0,93.06344775985751,43.06344775985751
6,Ammonia,50.0,95.46977286191856,45.46977286191856
6,Ammonia,50.0,97.5531046510844,47.553104651084396
6,Ammonia,50.0,95.22457432892382,45.22457432892382
6,Ammonia,50.0,94.91691679843669,44.91691679843669
6,Ammonia,50.0,94.95508903133475,44.95508903133475
6,Ammonia,50.0,92.6532212063985,42.6532212063985
6,Ammonia,50.0,93.65183230247705,43.65183230247705
6,Ammonia,50.0,98.79271108761512,48.79271108761512
6,Ammonia,50.0,94.86348294410381,44.86348294410381
6,Ammonia,50.0,93.34975344384958,43.34975344384958
6,Ammonia,50.0,95.59282572183815,45.59282572183815
6,Ammonia,50.0,93.2314335337083,43.2314335337083
6,Ammonia,50.0,93.97759476970285,43.97759476970285
6,Ammonia,50.0,91.61589602337645,41.61589602337645
6,Ammonia,50.0,100.63380333092074,50.63380333092074
6,Ammonia,50.0,92.70941642895188,42.70941642895188
6,Ammonia,50.0,98.03929791911821,48.03929791911821
6,Ammonia,50.0,93.34825454112539,43.348254541125385
6,Ammonia,50.0,97.96985290007385,47.969852900073846
6,Ammonia,50.0,96.07427912055557,46.07427912055557
6,Ammonia,50.0,93.72517242619688,43.72517242619688
6,Ammonia,50.0,93.37470636645563,43.37470636645563
6,Ammonia,50.0,93.07197012852528,43.07197012852528
6,Ammonia,50.0,87.6298395452174,37.62983954521739
6,Ammonia,50.0,94.1032195302489,44.10321953024889
6,Ammonia,50.0,93.90323283506645,43.90323283506645
6,Ammonia,50.0,95.31975007922254,45.319750079222544
6,Ammonia,50.0,92.16272434707727,42.16272434707727
6,Ammonia,250.0,197.06367926562484,52.93632073437516
6,Ammonia,150.0,130.58191331104433,19.41808668895567
6,Ammonia,250.0,202.0745492752725,47.92545072472751
6,Ammonia,150.0,133.82948158758836,16.17051841241164
6,Ammonia,250.0,205.23703340941546,44.76296659058454
6,Ammonia,150.0,136.0158996275865,13.984100372413508
6,Ammonia,250.0,201.59431786361014,48.405682136389856
6,Ammonia,150.0,137.82513118571137,12.17486881428863
6,Ammonia,250.0,197.86111310265758,52.13888689734242
6,Ammonia,150.0,124.42429992154263,25.575700078457373
6,Ammonia,250.0,185.88141741977293,64.11858258022707
6,Ammonia,150.0,121.24975973437847,28.750240265621528
6,Ammonia,250.0,180.16854825406995,69.83145174593005
6,Ammonia,150.0,120.61727704514027,29.38272295485973
6,Ammonia,250.0,191.96279082607603,58.03720917392397
6,Ammonia,150.0,132.32212853435237,17.677871465647627
6,Ammonia,250.0,214.5443688216749,35.45563117832509
6,Ammonia,150.0,137.36948686757506,12.630513132424937
6,Ammonia,250.0,230.13309779215606,19.866902207843935
6,Ammonia,150.0,148.51417686364732,1.4858231363526784
6,Ammonia,250.0,217.30107226847488,32.69892773152512
6,Ammonia,150.0,154.10364518103728,4.10364518103728
6,Ammonia,250.0,217.6605018389795,32.33949816102049
6,Ammonia,150.0,151.1919266684283,1.1919266684282945
6,Ammonia,250.0,213.24221841270244,36.75778158729756
6,Ammonia,150.0,152.51412918826387,2.5141291882638654
6,Ammonia,250.0,212.88191936681716,37.11808063318284
6,Ammonia,150.0,151.75028192931137,1.7502819293113703
6,Ammonia,250.0,208.94692645590806,41.053073544091944
6,Ammonia,150.0,148.15031494121303,1.8496850587869744
6,Ammonia,250.0,209.3547360458295,40.6452639541705
6,Ammonia,150.0,145.5820510786444,4.417948921355588
6,Ammonia,250.0,210.4143264860153,39.58567351398469
6,Ammonia,150.0,135.82706611401892,14.172933885981081
6,Ammonia,250.0,195.7274012304055,54.27259876959451
6,Ammonia,150.0,147.8989157257313,2.101084274268686
6,Ammonia,250.0,204.70051579833137,45.29948420166863
6,Ammonia,150.0,135.3459652813957,14.654034718604294
6,Ammonia,250.0,203.84731711011992,46.15268288988008
6,Ammonia,150.0,135.46814363780794,14.531856362192059
6,Ammonia,250.0,202.2302474216644,47.76975257833561
6,Ammonia,150.0,134.7852722012461,15.214727798753898
6,Ammonia,250.0,206.07269313289044,43.927306867109564
6,Ammonia,150.0,134.71766960923156,15.282330390768436
6,Ammonia,250.0,205.04370198719545,44.95629801280455
6,Ammonia,150.0,138.7943424554412,11.20565754455879
6,Ammonia,250.0,207.01447870392963,42.985521296070374
6,Ammonia,150.0,138.13198578014052,11.868014219859475
6,Ammonia,250.0,204.688408850813,45.311591149186995
6,Ammonia,150.0,136.72871825843424,13.271281741565758
6,Ammonia,250.0,211.6110603474177,38.38893965258231
6,Ammonia,150.0,139.80029473695782,10.199705263042176
6,Ammonia,250.0,212.3273787613639,37.67262123863611
6,Ammonia,150.0,138.09440051159254,11.90559948840746
6,Ammonia,250.0,213.49420263914064,36.50579736085936
6,Ammonia,150.0,142.52427561459788,7.475724385402117
6,Ammonia,250.0,201.99031570476959,48.009684295230414
6,Ammonia,150.0,141.00195916591863,8.998040834081365
6,Ammonia,250.0,216.19781870933846,33.80218129066154
6,Ammonia,150.0,139.9147303312013,10.085269668798702
6,Ammonia,250.0,214.64005435388884,35.35994564611116
6,Ammonia,150.0,141.45379814783803,8.546201852161971
6,Ammonia,250.0,216.5951661370638,33.40483386293619
6,Ammonia,150.0,144.75013975853028,5.249860241469719
6,Ammonia,250.0,216.0709278428,33.92907215720001
6,Ammonia,150.0,141.36542649902506,8.634573500974938
6,Ammonia,250.0,218.38565227358671,31.614347726413285
6,Ammonia,150.0,139.4585300441498,10.541469955850204
6,Ammonia,250.0,215.66880865238696,34.33119134761304
6,Ammonia,150.0,143.0981909128154,6.901809087184603
6,Ammonia,250.0,214.8666788193576,35.13332118064241
6,Ammonia,150.0,146.00470779530863,3.995292204691367
6,Ammonia,250.0,214.820781424696,35.17921857530399
6,Ammonia,150.0,142.92725523662293,7.072744763377074
6,Ammonia,250.0,212.8239904486871,37.17600955131289
6,Ammonia,150.0,141.76104766326208,8.238952336737924
6,Ammonia,250.0,221.83823864434856,28.161761355651436
6,Ammonia,150.0,142.0768503659296,7.923149634070398
6,Ammonia,250.0,218.3672271332711,31.632772866728914
6,Ammonia,150.0,144.50408781576874,5.495912184231258
6,Ammonia,250.0,220.34624109134745,29.65375890865255
6,Ammonia,150.0,142.31553435170522,7.6844656482947755
6,Ammonia,250.0,219.42666463704555,30.573335362954452
6,Ammonia,150.0,142.88207071786618,7.117929282133815
6,Ammonia,250.0,218.8193478589725,31.180652141027508
6,Ammonia,150.0,143.12851886287714,6.871481137122856
6,Ammonia,250.0,220.86125927937493,29.138740720625066
6,Ammonia,150.0,144.2190124897813,5.780987510218694
6,Ammonia,250.0,219.2227394125769,30.777260587423086
6,Ammonia,150.0,143.13792984188387,6.862070158116126
6,Ammonia,250.0,219.83680257907682,30.163197420923183
6,Ammonia,150.0,140.86976142572888,9.130238574271118
6,Ammonia,250.0,218.66623413826917,31.333765861730825
6,Ammonia,150.0,142.06790279618616,7.932097203813839
6,Ammonia,250.0,219.84575362099298,30.15424637900702
6,Ammonia,150.0,144.8740939988857,5.125906001114288
6,Ammonia,250.0,220.62129793264828,29.378702067351725
6,Ammonia,150.0,144.77571075041539,5.224289249584615
6,Ammonia,250.0,220.64118904649726,29.35881095350274
6,Ammonia,150.0,144.49325906818748,5.506740931812516
6,Toluene,20.0,74.1330944611416,54.133094461141596
6,Toluene,30.0,81.78260997317264,51.78260997317264
6,Toluene,40.0,90.87710314299471,50.87710314299471
6,Toluene,50.0,101.1389676362144,51.1389676362144
6,Toluene,60.0,111.40161717275166,51.401617172751656
6,Toluene,70.0,119.30630656540785,49.30630656540785
6,Toluene,80.0,135.00198979234568,55.00198979234568
6,Toluene,90.0,136.41210929785728,46.412109297857285
6,Toluene,100.0,147.63038273131136,47.63038273131136
6,Toluene,70.0,127.64155241587741,57.64155241587741
6,Toluene,80.0,125.57602247058264,45.57602247058264
6,Toluene,90.0,143.373527336591,53.373527336590996
6,Toluene,100.0,150.49114764086656,50.49114764086656
6,Toluene,20.0,82.30454582097774,62.30454582097774
6,Toluene,30.0,81.33396987370048,51.33396987370048
6,Toluene,40.0,88.94183480513438,48.94183480513438
6,Toluene,50.0,101.22719453752273,51.227194537522735
6,Toluene,60.0,110.42962568934254,50.429625689342544
6,Toluene,20.0,76.07332173349934,56.07332173349934
6,Toluene,30.0,83.599106332545,53.599106332545006
6,Toluene,40.0,83.098209941483,43.098209941483006
6,Toluene,50.0,92.14342816192384,42.143428161923836
6,Toluene,60.0,99.95680835544914,39.95680835544914
6,Toluene,70.0,106.30312020995886,36.30312020995886
6,Toluene,80.0,111.2256837581711,31.2256837581711
6,Toluene,90.0,121.43443409880207,31.434434098802072
6,Toluene,100.0,130.4856775596378,30.485677559637793
6,Toluene,70.0,106.87652562510556,36.87652562510556
6,Toluene,80.0,116.00898085040572,36.00898085040572
6,Toluene,90.0,121.5439192130727,31.543919213072698
6,Toluene,100.0,125.93759204837826,25.937592048378264
6,Toluene,20.0,76.31695529659038,56.31695529659038
6,Toluene,30.0,71.4112457650278,41.4112457650278
6,Toluene,40.0,81.10506055778953,41.10506055778953
6,Toluene,50.0,89.02128196180131,39.02128196180131
6,Toluene,60.0,107.69782121114892,47.69782121114892
6,Toluene,20.0,74.7923073931455,54.79230739314551
6,Toluene,30.0,72.88968823905928,42.88968823905928
6,Toluene,40.0,79.26755178274534,39.26755178274534
6,Toluene,50.0,87.84567744511068,37.84567744511068
6,Toluene,60.0,97.79879943554018,37.798799435540175
6,Toluene,70.0,102.8263006063816,32.826300606381594
6,Toluene,80.0,112.37990697437752,32.37990697437752
6,Toluene,90.0,119.83339772782169,29.83339772782169
6,Toluene,100.0,124.88468978504508,24.884689785045083
6,Toluene,70.0,103.88944982201663,33.88944982201663
6,Toluene,80.0,113.30629064005437,33.30629064005437
6,Toluene,90.0,118.36592204898892,28.36592204898892
6,Toluene,100.0,126.07255830654182,26.072558306541822
6,Toluene,20.0,74.22489729355408,54.22489729355408
6,Toluene,30.0,75.28888293136198,45.28888293136198
6,Toluene,40.0,78.84336417809322,38.843364178093225
6,Toluene,50.0,90.17580125777123,40.17580125777123
6,Toluene,60.0,94.05118676583946,34.05118676583946
6,Toluene,50.0,78.15672446324882,28.15672446324882
6,Toluene,50.0,87.07588918184865,37.07588918184865
6,Toluene,50.0,88.72033799157134,38.72033799157134
6,Toluene,50.0,85.15361806344858,35.153618063448576
6,Toluene,50.0,85.29418452535747,35.294184525357466
6,Toluene,50.0,85.2989282462586,35.2989282462586
6,Toluene,50.0,87.71105080455013,37.711050804550126
6,Toluene,50.0,86.94633959623746,36.946339596237465
6,Toluene,50.0,86.0683754208494,36.06837542084941
6,Toluene,50.0,88.36402972559738,38.364029725597376
6,Toluene,50.0,85.21773565619468,35.21773565619468
6,Toluene,50.0,83.93853717108738,33.938537171087376
6,Toluene,50.0,87.50774236211925,37.507742362119245
6,Toluene,50.0,88.93898748193176,38.93898748193176
6,Toluene,50.0,86.380017100686,36.380017100686004
6,Toluene,50.0,85.70360638871699,35.70360638871699
6,Toluene,50.0,87.64115060921355,37.641150609213554
6,Toluene,50.0,88.20410688078398,38.20410688078398
6,Toluene,50.0,88.12965876857201,38.129658768572014
6,Toluene,50.0,85.75292534015979,35.75292534015979
6,Toluene,50.0,87.09155542982347,37.09155542982347
6,Toluene,50.0,87.69182833904338,37.69182833904338
6,Toluene,50.0,87.70152200930718,37.70152200930718
6,Toluene,50.0,87.49831619210374,37.498316192103744
6,Toluene,50.0,88.1451379710191,38.145137971019096
6,Toluene,50.0,87.47538574680323,37.47538574680323
6,Toluene,50.0,86.94930770871827,36.949307708718266
6,Toluene,50.0,87.90812010151302,37.90812010151302
6,Toluene,50.0,87.17501707883983,37.17501707883983
6,Toluene,50.0,84.7638964966622,34.7638964966622
6,Toluene,50.0,87.29672308126088,37.29672308126088
6,Toluene,50.0,86.41031990948466,36.410319909484656
6,Toluene,50.0,87.37652320754029,37.37652320754029
6,Toluene,50.0,85.67118156882522,35.67118156882522
6,Toluene,50.0,88.39315165117901,38.39315165117901
6,Toluene,50.0,86.24412211208318,36.244122112083176
6,Toluene,50.0,86.23551650800299,36.23551650800299
6,Toluene,50.0,86.06563265357241,36.06563265357241
6,Toluene,50.0,86.29750379293479,36.29750379293479
6,Toluene,50.0,88.13636638571826,38.13636638571826
6,Toluene,50.0,87.24946802396539,37.24946802396539
6,Toluene,50.0,85.5351269179393,35.535126917939294
6,Toluene,50.0,85.74529754335342,35.745297543353416
6,Toluene,50.0,86.37932924152523,36.37932924152523
6,Toluene,50.0,85.33184473164522,35.33184473164522
6,Toluene,50.0,85.49620803585849,35.49620803585849
6,Toluene,50.0,88.86829883265253,38.86829883265253
6,Toluene,50.0,85.88964238927603,35.889642389276034
6,Toluene,50.0,87.33032632578917,37.33032632578917
6,Toluene,50.0,87.15487241065276,37.15487241065276
6,Toluene,50.0,84.78072445744459,34.78072445744459
6,Toluene,50.0,87.50229319405071,37.50229319405071
6,Toluene,50.0,85.5767803330781,35.576780333078105
6,Toluene,50.0,87.86323333678446,37.86323333678446
6,Toluene,50.0,86.42937974911672,36.42937974911672
6,Toluene,50.0,87.00530851851478,37.00530851851478
6,Toluene,50.0,87.13285860540952,37.132858605409524
6,Toluene,50.0,86.25105922746383,36.25105922746383
6,Toluene,50.0,86.16332685935606,36.16332685935606
6,Toluene,50.0,87.22712116157977,37.227121161579774
6,Toluene,50.0,86.46213125829749,36.46213125829749
6,Toluene,50.0,85.48050027283038,35.48050027283038
6,Toluene,50.0,86.11850789676645,36.118507896766445
6,Toluene,50.0,85.62227963879664,35.62227963879664
6,Toluene,50.0,85.88581992299187,35.88581992299187
6,Toluene,50.0,88.66794737191746,38.667947371917464
6,Toluene,50.0,82.50898771576773,32.50898771576773
6,Toluene,50.0,87.07518404925628,37.07518404925628
6,Toluene,50.0,87.08158542058015,37.081585420580154
6,Toluene,50.0,86.53107643273437,36.531076432734366
6,Toluene,50.0,85.72471146162381,35.72471146162381
6,Toluene,50.0,85.46313500323146,35.46313500323146
6,Toluene,50.0,85.46008945214794,35.46008945214794
6,Toluene,50.0,87.98593164934184,37.985931649341836
6,Toluene,50.0,83.56996283857757,33.56996283857757
6,Toluene,50.0,85.5975129281294,35.597512928129404
6,Toluene,50.0,84.8646267920704,34.864626792070396
6,Toluene,50.0,82.85139210582993,32.85139210582993
6,Toluene,50.0,82.66997689921747,32.669976899217474
6,Toluene,50.0,86.38999099521736,36.38999099521736
6,Toluene,50.0,86.52768740578013,36.52768740578013
6,Toluene,50.0,85.8827356505267,35.8827356505267
6,Toluene,50.0,83.53206491470388,33.53206491470388
6,Toluene,50.0,83.74477110822085,33.744771108220846
6,Toluene,50.0,85.3650847907069,35.3650847907069
6,Toluene,50.0,83.4950900198577,33.4950900198577
6,Toluene,50.0,87.15089287110385,37.15089287110385
6,Toluene,50.0,84.5066255049703,34.5066255049703
6,Toluene,50.0,84.22280824119834,34.22280824119834
6,Toluene,50.0,86.33288841790224,36.33288841790224
6,Toluene,50.0,82.55474750008409,32.55474750008409
6,Toluene,50.0,84.54799083260015,34.54799083260015
6,Toluene,50.0,84.4869677442212,34.486967744221204
6,Toluene,50.0,84.98130584385864,34.981305843858635
6,Toluene,50.0,84.49666332086883,34.496663320868834
6,Toluene,50.0,84.17097531728979,34.17097531728979
6,Toluene,50.0,87.44659185907713,37.44659185907713
6,Toluene,50.0,84.06929544040702,34.06929544040702
6,Toluene,50.0,84.81690663381416,34.816906633814156
6,Toluene,50.0,86.52446853356652,36.52446853356652
6,Toluene,50.0,66.91710697401957,16.917106974019575
6,Toluene,50.0,82.1362266295266,32.136226629526604
6,Toluene,50.0,84.58825626663021,34.58825626663021
6,Toluene,50.0,85.98127088862887,35.98127088862887
6,Toluene,50.0,83.41203572317363,33.41203572317363
6,Toluene,50.0,83.80040954058472,33.800409540584724
6,Toluene,50.0,85.92539016184648,35.92539016184648
6,Toluene,50.0,86.40218783383688,36.40218783383688
6,Toluene,50.0,85.35331040290762,35.353310402907624
6,Toluene,50.0,88.19432562135668,38.19432562135668
6,Toluene,50.0,86.75387793419686,36.753877934196865
6,Toluene,50.0,87.12335904981184,37.12335904981184
6,Toluene,50.0,84.60887908377079,34.60887908377079
6,Toluene,50.0,86.07274167063987,36.07274167063987
6,Toluene,50.0,88.78787008730022,38.78787008730022
6,Toluene,50.0,86.03851283515324,36.03851283515324
6,Toluene,50.0,89.1364953941017,39.1364953941017
6,Toluene,50.0,88.64036403878201,38.64036403878201
6,Toluene,50.0,88.22803699506751,38.22803699506751
6,Toluene,50.0,91.59129253339395,41.591292533393954
6,Toluene,50.0,87.5543026790927,37.5543026790927
6,Toluene,50.0,90.04279980716623,40.04279980716623
6,Toluene,50.0,91.95401709265222,41.95401709265222
6,Toluene,50.0,87.18803394775442,37.18803394775442
6,Toluene,50.0,89.74574729705054,39.74574729705054
6,Toluene,50.0,88.40221656915608,38.40221656915608
6,Toluene,50.0,88.94724067677716,38.947240676777156
6,Toluene,50.0,89.55727331000553,39.55727331000553
6,Toluene,50.0,92.937242087547,42.937242087547006
6,Toluene,50.0,87.89496498753206,37.89496498753206
6,Toluene,50.0,88.32709021948332,38.327090219483324
6,Toluene,50.0,94.32702807285158,44.327028072851576
6,Toluene,50.0,91.20041212056886,41.200412120568856
6,Toluene,50.0,91.56463957366834,41.564639573668344
6,Toluene,50.0,88.69162385605445,38.69162385605445
6,Toluene,50.0,89.20958774759451,39.20958774759451
6,Toluene,50.0,89.30639884146754,39.30639884146754
6,Toluene,50.0,89.51728525989124,39.51728525989124
6,Toluene,50.0,89.62442691356259,39.62442691356259
6,Toluene,50.0,90.98765026531846,40.987650265318464
6,Toluene,50.0,89.15351124715474,39.15351124715474
6,Toluene,50.0,87.44663014110986,37.446630141109864
6,Toluene,50.0,90.69428127659064,40.694281276590644
6,Toluene,50.0,89.91269300490467,39.91269300490467
6,Toluene,50.0,88.27435708823938,38.274357088239384
6,Toluene,50.0,87.44905648500682,37.44905648500682
6,Toluene,50.0,89.9707911611681,39.970791161168094
6,Toluene,50.0,92.17170398980228,42.17170398980228
6,Toluene,50.0,96.82486694854262,46.82486694854262
6,Toluene,50.0,89.32721081351356,39.32721081351356
6,Toluene,50.0,86.3246997536892,36.3246997536892
6,Toluene,50.0,94.5386720345154,44.5386720345154
6,Toluene,50.0,89.79667267505002,39.79667267505002
6,Toluene,50.0,88.42886696814777,38.42886696814777
6,Toluene,50.0,88.91749650920715,38.917496509207155
6,Toluene,50.0,90.92367059319858,40.92367059319858
6,Toluene,50.0,88.92577560524015,38.92577560524015
6,Toluene,50.0,89.62321576707097,39.623215767070974
6,Toluene,50.0,89.6751551959472,39.6751551959472
6,Toluene,50.0,90.5582679649477,40.5582679649477
6,Toluene,50.0,86.51342839095483,36.51342839095483
6,Toluene,50.0,91.62278858893167,41.62278858893167
6,Toluene,50.0,93.84863415160902,43.84863415160902
6,Toluene,50.0,89.48617739783614,39.486177397836144
6,Toluene,50.0,88.20889864380749,38.20889864380749
6,Toluene,50.0,89.4119428404136,39.4119428404136
6,Toluene,50.0,90.13325731517429,40.13325731517429
6,Toluene,50.0,90.39872899905497,40.39872899905497
6,Toluene,50.0,91.18909049668692,41.189090496686916
6,Toluene,50.0,88.4424686545566,38.442468654556606
6,Toluene,50.0,89.61576748263653,39.61576748263653
6,Toluene,50.0,91.38795918438088,41.387959184380875
6,Toluene,50.0,89.52052387559223,39.52052387559223
6,Toluene,50.0,88.69762753726668,38.69762753726668
6,Toluene,50.0,90.21021425185826,40.21021425185826
6,Toluene,50.0,88.74225423931294,38.74225423931294
6,Toluene,50.0,87.69508658062561,37.69508658062561
6,Toluene,50.0,87.38908478099648,37.389084780996484
6,Toluene,50.0,87.01637539476566,37.01637539476566
6,Toluene,50.0,89.43676841520357,39.436768415203574
6,Toluene,50.0,87.79741693109385,37.79741693109385
6,Toluene,50.0,85.32862089924762,35.328620899247625
6,Toluene,50.0,87.13989568193092,37.13989568193092
6,Toluene,50.0,90.19595763359905,40.19595763359905
6,Toluene,50.0,89.57872925893102,39.57872925893102
6,Toluene,50.0,86.33980792961998,36.33980792961998
6,Toluene,50.0,88.34147756247489,38.34147756247489
6,Toluene,50.0,83.34879107069524,33.34879107069524
6,Toluene,50.0,86.4589478787076,36.458947878707605
6,Toluene,50.0,88.77356716027985,38.77356716027985
6,Toluene,50.0,89.2075211697357,39.2075211697357
6,Toluene,50.0,87.4214924780063,37.4214924780063
6,Toluene,50.0,84.53642658799009,34.53642658799009
6,Toluene,50.0,84.32606827299583,34.326068272995826
6,Toluene,50.0,86.66759160083684,36.66759160083684
6,Toluene,50.0,88.06611424597534,38.06611424597534
6,Toluene,50.0,87.95880457986799,37.95880457986799
6,Toluene,50.0,86.23928786760298,36.23928786760298
6,Toluene,50.0,85.00478695112092,35.00478695112092
6,Toluene,50.0,87.83928766287296,37.83928766287296
6,Toluene,50.0,230.1338421079066,180.1338421079066
6,Toluene,50.0,95.47768432440071,45.47768432440071
6,Toluene,50.0,93.25354623254663,43.253546232546626
6,Toluene,50.0,93.17948625859403,43.179486258594025
6,Toluene,50.0,95.0230963060022,45.0230963060022
6,Toluene,50.0,94.16356084118425,44.16356084118425
6,Toluene,50.0,91.61027025579627,41.610270255796266
6,Toluene,50.0,92.06315812999125,42.06315812999125
6,Toluene,50.0,86.5301423487528,36.530142348752804
6,Toluene,50.0,91.93850101414002,41.938501014140016
6,Toluene,50.0,91.50527377001599,41.50527377001599
6,Toluene,50.0,93.37861520990762,43.37861520990762
6,Toluene,50.0,94.58855364504969,44.588553645049686
6,Toluene,50.0,94.28076028619766,44.28076028619766
6,Toluene,50.0,108.4974008570805,58.49740085708051
6,Toluene,50.0,91.4123090545314,41.412309054531406
6,Toluene,50.0,94.66199603863025,44.66199603863025
6,Toluene,50.0,89.19687176533508,39.196871765335075
6,Toluene,50.0,91.60169896107459,41.60169896107459
6,Toluene,50.0,94.36833096768882,44.36833096768882
6,Toluene,50.0,91.48979712753913,41.489797127539134
6,Toluene,50.0,91.45624924229529,41.456249242295286
6,Toluene,50.0,95.97514213956241,45.97514213956241
6,Toluene,50.0,92.67854142757922,42.67854142757922
6,Toluene,50.0,92.30789354382365,42.30789354382365
6,Toluene,50.0,94.95795707586208,44.95795707586208
6,Toluene,50.0,94.96247486353688,44.96247486353688
6,Toluene,50.0,95.79581321934734,45.79581321934734
6,Toluene,50.0,94.7821534150828,44.7821534150828
6,Toluene,50.0,95.42349836463725,45.423498364637254
6,Toluene,50.0,93.67740447446837,43.677404474468375
6,Toluene,50.0,94.24100407762707,44.24100407762707
6,Toluene,50.0,96.02267976911406,46.02267976911406
6,Toluene,50.0,92.46907678222252,42.469076782222515
6,Toluene,50.0,86.34570866311391,36.34570866311391
6,Toluene,50.0,93.3635950137874,43.3635950137874
6,Toluene,50.0,89.11695179318048,39.116951793180476
6,Toluene,50.0,94.43071458688581,44.43071458688581
6,Toluene,50.0,92.83601276967417,42.83601276967417
6,Toluene,50.0,101.72034196456765,51.72034196456765
6,Toluene,50.0,94.72320221908862,44.72320221908862
6,Toluene,50.0,95.4369128826117,45.43691288261169
6,Toluene,50.0,93.87256320603986,43.87256320603986
6,Toluene,50.0,91.44429656627953,41.44429656627953
6,Toluene,50.0,88.34156524241236,38.34156524241236
6,Toluene,50.0,97.4917485119379,47.4917485119379
6,Toluene,50.0,92.53205471780605,42.53205471780605
6,Toluene,50.0,99.9184447691309,49.9184447691309
6,Toluene,50.0,93.97635252218645,43.976352522186446
6,Toluene,50.0,90.48989665490993,40.48989665490993
6,Toluene,50.0,89.1138784758135,39.11387847581349
6,Toluene,50.0,89.70351629534323,39.703516295343235
6,Toluene,50.0,89.77183345633408,39.77183345633408
6,Toluene,50.0,89.1711437594501,39.1711437594501
6,Toluene,50.0,90.71928533248877,40.71928533248877
6,Toluene,50.0,90.4472276458346,40.4472276458346
6,Toluene,50.0,90.6151912654647,40.6151912654647
6,Toluene,50.0,85.25926935294106,35.25926935294106
6,Toluene,50.0,81.47096334009069,31.47096334009069
6,Toluene,50.0,89.13947327616205,39.13947327616205
6,Toluene,50.0,90.82870929319968,40.82870929319968
6,Toluene,50.0,92.79083622422283,42.79083622422283
6,Toluene,50.0,90.0689006422163,40.068900642216306
6,Toluene,50.0,87.6074384335526,37.6074384335526
6,Toluene,50.0,89.73373761951426,39.73373761951426
6,Toluene,50.0,90.47771610132364,40.47771610132364
6,Toluene,50.0,88.69773166634666,38.697731666346655
6,Toluene,50.0,79.82672803583823,29.82672803583823
6,Toluene,50.0,90.68200155118393,40.68200155118393
6,Toluene,50.0,85.33984938585473,35.339849385854734
6,Toluene,50.0,88.98826004140886,38.988260041408864
6,Toluene,50.0,90.18325186163814,40.18325186163814
6,Toluene,50.0,90.68245293468286,40.68245293468286
6,Toluene,50.0,89.36965222392863,39.369652223928625
6,Toluene,50.0,90.33814378236957,40.33814378236957
6,Toluene,50.0,89.36260120553196,39.36260120553196
6,Toluene,50.0,86.36920678687709,36.369206786877086
6,Toluene,50.0,85.74640399750832,35.746403997508324
6,Toluene,50.0,90.16285287732818,40.16285287732818
6,Toluene,50.0,89.97728777977828,39.97728777977828
6,Toluene,50.0,87.41794745713949,37.41794745713949
6,Toluene,50.0,91.71948056692364,41.719480566923636
6,Toluene,50.0,86.069567109887,36.069567109887004
6,Toluene,50.0,89.19282579581186,39.192825795811856
6,Toluene,50.0,89.7071094579201,39.7071094579201
6,Toluene,50.0,91.07037504398508,41.07037504398508
6,Toluene,50.0,88.64450156072493,38.64450156072493
6,Toluene,50.0,79.66513885588677,29.665138855886767
6,Toluene,50.0,91.14151301769127,41.14151301769127
6,Toluene,50.0,89.08049842711486,39.08049842711486
6,Toluene,50.0,84.96434255461173,34.96434255461173
6,Toluene,50.0,89.4261405289744,39.4261405289744
6,Toluene,50.0,85.99076882192098,35.99076882192098
6,Toluene,50.0,88.314038924812,38.314038924811996
6,Toluene,50.0,86.20956133183033,36.20956133183033
6,Toluene,50.0,87.88129237826818,37.881292378268185
6,Toluene,50.0,89.39477948009824,39.39477948009824
6,Toluene,50.0,89.69313444797481,39.69313444797481
6,Toluene,50.0,76.141221590885,26.141221590884996
6,Toluene,50.0,89.97066776169335,39.97066776169335
6,Toluene,50.0,85.46692912535168,35.46692912535168
6,Toluene,50.0,91.40461654898635,41.404616548986354
6,Toluene,50.0,87.08579667298098,37.085796672980976
6,Toluene,50.0,89.60162186273098,39.60162186273098
6,Toluene,100.0,127.49265221457236,27.49265221457236
6,Toluene,10.0,68.77809292939719,58.77809292939719
6,Toluene,100.0,118.61796254181806,18.61796254181806
6,Toluene,10.0,65.13172968594087,55.13172968594087
6,Toluene,100.0,120.02005192508858,20.02005192508858
6,Toluene,10.0,59.620759651851,49.620759651851
6,Toluene,100.0,116.03563343661548,16.035633436615484
6,Toluene,10.0,67.27290159472498,57.272901594724985
6,Toluene,100.0,120.94230315072598,20.942303150725976
6,Toluene,10.0,68.11584747750798,58.115847477507984
6,Toluene,100.0,113.24233991829834,13.242339918298342
6,Toluene,10.0,66.12906601338717,56.129066013387174
6,Toluene,100.0,120.35937109774362,20.35937109774362
6,Toluene,10.0,67.03933041983008,57.03933041983008
6,Toluene,100.0,120.9906720510505,20.990672051050495
6,Toluene,10.0,68.07839161393511,58.07839161393511
6,Toluene,100.0,116.28479694580537,16.28479694580537
6,Toluene,10.0,66.15921808350083,56.15921808350083
6,Toluene,100.0,120.35789663128008,20.357896631280084
6,Toluene,10.0,65.78065943838432,55.78065943838432
6,Toluene,100.0,116.89760923865673,16.897609238656727
6,Toluene,10.0,66.43251023901144,56.432510239011435
6,Toluene,100.0,117.33760433060164,17.337604330601636
6,Toluene,10.0,67.09440911825497,57.09440911825497
6,Toluene,100.0,117.37928023518751,17.379280235187508
6,Toluene,10.0,65.16283666321101,55.16283666321101
6,Toluene,100.0,115.81734013315665,15.817340133156648
6,Toluene,10.0,68.61815036844759,58.61815036844759
6,Toluene,100.0,118.39871423076168,18.398714230761684
6,Toluene,10.0,64.37408226037145,54.37408226037145
6,Toluene,100.0,115.7738629942494,15.773862994249399
6,Toluene,10.0,65.99774110362922,55.997741103629224
6,Toluene,100.0,118.14086214480406,18.14086214480406
6,Toluene,10.0,68.09675193359307,58.09675193359307
6,Toluene,100.0,118.3533059943453,18.353305994345305
6,Toluene,10.0,67.56795307367379,57.56795307367379
6,Toluene,100.0,117.12323391096024,17.123233910960238
6,Toluene,10.0,67.82244940150352,57.82244940150352
6,Toluene,100.0,115.45471708652923,15.454717086529229
6,Toluene,10.0,70.11167149116936,60.11167149116936
6,Toluene,100.0,115.35835260525197,15.358352605251966
6,Toluene,10.0,69.09361113090111,59.09361113090111
6,Toluene,100.0,116.0963929187198,16.0963929187198
6,Toluene,10.0,67.87983290547751,57.879832905477514
6,Toluene,100.0,113.64319813533655,13.643198135336547
6,Toluene,10.0,70.3872679842856,60.3872679842856
6,Toluene,100.0,118.92939178483934,18.92939178483934
6,Toluene,10.0,68.01499471688378,58.01499471688378
6,Toluene,100.0,117.80012704121387,17.80012704121387
6,Toluene,10.0,66.98395524838446,56.98395524838446
6,Toluene,100.0,113.93926280324277,13.93926280324277
6,Toluene,10.0,68.65358130067811,58.65358130067811
6,Toluene,100.0,115.47945599157441,15.479455991574412
6,Toluene,10.0,70.46230721497551,60.46230721497551
6,Toluene,100.0,117.97929008545988,17.97929008545988
6,Toluene,10.0,68.50092287879903,58.50092287879903
6,Toluene,100.0,116.19214348235028,16.192143482350275
6,Toluene,10.0,71.20709844100601,61.20709844100601
6,Toluene,100.0,115.96951665477623,15.969516654776228
6,Toluene,10.0,69.1393051262883,59.139305126288306
6,Toluene,100.0,114.85964296229875,14.85964296229875
6,Toluene,10.0,67.67798982266365,57.67798982266365
6,Toluene,100.0,113.78602198476034,13.786021984760339
6,Toluene,10.0,66.05977066063417,56.05977066063417
6,Toluene,100.0,113.98159371382388,13.981593713823884
6,Toluene,10.0,69.33107975466966,59.33107975466966
6,Toluene,100.0,115.48779351306004,15.48779351306004
6,Toluene,10.0,70.02950709976935,60.02950709976935
6,Toluene,100.0,116.89523745447485,16.895237454474852
6,Toluene,10.0,68.87777828364383,58.877778283643835
6,Toluene,100.0,110.97692505418786,10.97692505418786
6,Toluene,10.0,69.2714188016906,59.2714188016906
6,Toluene,100.0,113.56779243417463,13.567792434174635
6,Toluene,10.0,69.18535861109308,59.18535861109308
6,Toluene,100.0,113.64005946654967,13.640059466549673
6,Toluene,10.0,70.30106148817602,60.30106148817602
6,Toluene,100.0,113.89319943467675,13.893199434676745
6,Toluene,10.0,69.62362051689593,59.623620516895926
6,Toluene,100.0,114.96147950311837,14.961479503118369
6,Toluene,10.0,69.86378344512573,59.86378344512573
6,Toluene,100.0,114.09604448131533,14.096044481315332
6,Toluene,10.0,69.44581585180596,59.44581585180596
6,Toluene,100.0,115.47296750605284,15.47296750605284
6,Toluene,10.0,68.84907611720685,58.84907611720685
6,Toluene,100.0,116.64237963769696,16.642379637696962
6,Toluene,10.0,68.69964132500506,58.69964132500506
6,Toluene,100.0,114.80330932310301,14.803309323103008
6,Toluene,10.0,67.50453461631305,57.50453461631305
6,Toluene,100.0,115.3206470649204,15.320647064920394
6,Toluene,10.0,70.52233051115773,60.52233051115773
6,Toluene,100.0,114.93288763923928,14.932887639239283
6,Toluene,10.0,69.21353327106638,59.21353327106638
6,Toluene,100.0,113.41753485900114,13.417534859001137
6,Toluene,10.0,69.0591280655785,59.059128065578506
6,Toluene,100.0,116.50287488474359,16.50287488474359
6,Toluene,10.0,69.17559559529076,59.17559559529076
6,Toluene,100.0,113.0099099088983,13.009909908898294
6,Toluene,10.0,66.16247667665282,56.162476676652815
6,Toluene,100.0,116.00305918914046,16.00305918914046
6,Toluene,10.0,69.35640711809256,59.35640711809256
