batch_id,gas_name,concentration_ppm,predicted_ppm,absolute_error_ppm
7,Acetone,100.0,128.00895045615522,28.00895045615522
7,Acetone,10.0,20.170176914369648,10.170176914369648
7,Acetaldehyde,100.0,154.8416515498457,54.84165154984569
7,Acetaldehyde,10.0,31.843021592341515,21.843021592341515
7,Acetone,200.0,224.82175852808456,24.82175852808456
7,Acetone,20.0,37.034644366190605,17.034644366190605
7,Acetaldehyde,250.0,269.8249495041217,19.82494950412172
7,Acetaldehyde,110.0,137.7432442619208,27.743244261920808
7,Acetone,150.0,174.13924532158373,24.13924532158373
7,Acetone,50.0,69.97802531559924,19.97802531559924
7,Acetaldehyde,30.0,43.22072765265686,13.220727652656862
7,Acetaldehyde,80.0,102.37194169930498,22.371941699304983
7,Acetone,180.0,187.0208301139383,7.0208301139383025
7,Acetone,80.0,100.19035237095135,20.190352370951345
7,Acetaldehyde,20.0,27.163240581691582,7.163240581691582
7,Acetaldehyde,70.0,92.02860308347576,22.02860308347576
7,Acetone,250.0,249.1420031301913,0.8579968698086873
7,Acetone,210.0,225.97415207074346,15.974152070743457
7,Acetaldehyde,150.0,137.2139444989253,12.786055501074713
7,Acetaldehyde,50.0,66.51720410230168,16.517204102301676
7,Acetone,230.0,233.37992785404782,3.3799278540478213
7,Acetone,120.0,143.77071487987627,23.770714879876266
7,Acetaldehyde,210.0,110.9400534296598,99.0599465703402
7,Acetaldehyde,190.0,185.10130275947705,4.898697240522949
7,Acetone,90.0,122.70954546693244,32.70954546693244
7,Acetone,170.0,188.68173745957804,18.681737459578045
7,Acetaldehyde,80.0,44.20665249465722,35.79334750534278
7,Acetaldehyde,230.0,224.20830436048732,5.791695639512682
7,Acetone,240.0,234.3797065156143,5.620293484385712
7,Acetone,60.0,83.32556837207727,23.32556837207727
7,Acetaldehyde,130.0,121.82143578202043,8.17856421797957
7,Acetaldehyde,90.0,99.20530473454633,9.205304734546331
7,Acetone,190.0,189.11279043511837,0.8872095648816298
7,Acetone,30.0,42.92648630750864,12.92648630750864
7,Acetaldehyde,160.0,149.56439128217846,10.435608717821538
7,Acetaldehyde,240.0,233.18557253225373,6.81442746774627
7,Acetone,220.0,217.35264166726546,2.647358332734541
7,Acetone,110.0,130.63365253283308,20.633652532833082
7,Acetaldehyde,220.0,218.48685616416,1.5131438358399976
7,Acetaldehyde,60.0,75.59207551731512,15.592075517315124
7,Acetone,130.0,141.778028976928,11.778028976927999
7,Acetone,40.0,53.60404905865069,13.604049058650688
7,Acetaldehyde,200.0,199.71415949125935,0.28584050874064815
7,Acetaldehyde,85.0,126.75995329615475,41.75995329615475
7,Acetone,70.0,94.24908649222311,24.249086492223114
7,Acetaldehyde,210.0,204.4818822344726,5.518117765527393
7,Acetaldehyde,170.0,159.48422828076903,10.515771719230969
7,Acetone,140.0,152.54826339678715,12.54826339678715
7,Acetone,160.0,178.0351287235206,18.035128723520586
7,Acetaldehyde,180.0,167.90660588863022,12.093394111369776
7,Acetone,100.0,126.69387104599923,26.69387104599923
7,Acetone,10.0,22.932458084085795,12.932458084085795
7,Acetaldehyde,10.0,94.38365266673215,84.38365266673215
7,Acetone,200.0,211.62554226147364,11.62554226147364
7,Acetone,20.0,30.603663292345743,10.603663292345743
7,Acetaldehyde,250.0,222.2250983359197,27.77490166408029
7,Acetaldehyde,110.0,107.77398968670148,2.2260103132985165
7,Acetone,150.0,164.11123642239232,14.111236422392324
7,Acetone,50.0,72.92073945125547,22.92073945125547
7,Acetaldehyde,30.0,39.907665699599846,9.907665699599846
7,Acetaldehyde,110.0,94.87805691563156,15.12194308436844
7,Acetone,180.0,190.52958737568161,10.529587375681615
7,Acetone,80.0,101.2902646416841,21.290264641684104
7,Acetaldehyde,20.0,32.34938994760684,12.349389947606838
7,Acetaldehyde,70.0,95.9814699408918,25.9814699408918
7,Acetone,250.0,240.4495782664468,9.550421733553208
7,Acetone,210.0,219.0547061293091,9.054706129309096
7,Acetaldehyde,150.0,122.21315291403005,27.786847085969953
7,Acetaldehyde,50.0,67.8408149446549,17.840814944654895
7,Acetone,230.0,225.95178032840943,4.048219671590573
7,Acetone,120.0,147.79586674616968,27.79586674616968
7,Acetaldehyde,120.0,105.86202830889226,14.137971691107737
7,Acetaldehyde,180.0,179.52527271672312,0.4747272832768772
7,Acetone,90.0,116.43473075334047,26.434730753340475
7,Acetone,170.0,189.45909752711339,19.459097527113386
7,Acetaldehyde,40.0,54.019094180368995,14.019094180368995
7,Acetaldehyde,230.0,214.31195594640516,15.688044053594837
7,Acetone,240.0,238.3096119053455,1.6903880946545087
7,Acetone,60.0,85.20646204341755,25.206462043417545
7,Acetaldehyde,10.0,115.67799053639047,105.67799053639047
7,Acetaldehyde,90.0,101.59379585786556,11.593795857865558
7,Acetone,190.0,199.48343844606822,9.48343844606822
7,Acetone,30.0,43.937601739798694,13.937601739798694
7,Acetaldehyde,160.0,130.95092981669967,29.04907018330033
7,Acetaldehyde,70.0,220.3216419096214,150.3216419096214
7,Acetone,220.0,220.79555720944157,0.7955572094415686
7,Acetone,110.0,141.5818748839086,31.581874883908597
7,Acetaldehyde,220.0,206.34917563519565,13.65082436480435
7,Acetaldehyde,60.0,77.33244646281804,17.33244646281804
7,Acetone,130.0,161.19315280605062,31.19315280605062
7,Acetone,40.0,56.54653810106561,16.546538101065607
7,Acetaldehyde,200.0,180.58975429078887,19.410245709211125
7,Acetaldehyde,140.0,130.9915638768427,9.00843612315731
7,Acetone,70.0,98.30150522801887,28.30150522801887
7,Acetaldehyde,210.0,194.66777444360207,15.33222555639793
7,Acetaldehyde,170.0,150.27187397280485,19.728126027195145
7,Acetone,140.0,160.6390518456846,20.639051845684605
7,Acetone,160.0,177.59818240352183,17.598182403521832
7,Acetaldehyde,180.0,154.80501561815407,25.194984381845927
7,Acetone,100.0,130.1062247341908,30.10622473419079
7,Acetone,10.0,22.237883594226332,12.237883594226332
7,Acetaldehyde,100.0,101.54751279586586,1.547512795865856
7,Acetone,200.0,212.97002929577013,12.970029295770132
7,Acetone,20.0,31.075422775567176,11.075422775567176
7,Acetaldehyde,250.0,212.71955390807187,37.28044609192813
7,Acetaldehyde,110.0,111.9740604998176,1.9740604998175968
7,Acetone,150.0,170.16951835240772,20.16951835240772
7,Acetone,50.0,72.56163409075162,22.561634090751625
7,Acetaldehyde,30.0,38.56891746961159,8.568917469611591
7,Acetaldehyde,80.0,95.64181612357422,15.641816123574216
7,Acetone,180.0,196.47209304805733,16.47209304805733
7,Acetone,80.0,106.40725858991588,26.407258589915884
7,Acetaldehyde,20.0,28.45702974676719,8.45702974676719
7,Acetaldehyde,70.0,87.08786577260831,17.08786577260831
7,Acetone,250.0,246.31955422431713,3.6804457756828697
7,Acetone,210.0,223.41602301212725,13.416023012127255
7,Acetaldehyde,150.0,120.07876881398613,29.92123118601387
7,Acetaldehyde,50.0,70.01250320801904,20.01250320801904
7,Acetone,230.0,232.30159492451105,2.3015949245110505
7,Acetone,120.0,144.42921719631994,24.42921719631994
7,Acetaldehyde,120.0,108.11784065028108,11.882159349718918
7,Acetaldehyde,190.0,174.06844058818157,15.931559411818426
7,Acetone,90.0,119.72205578441671,29.72205578441671
7,Acetone,170.0,191.88127471783983,21.88127471783983
7,Acetaldehyde,50.0,48.61868817667079,1.381311823329213
7,Acetaldehyde,40.0,207.10426594706797,167.10426594706797
7,Acetone,240.0,236.1504437835659,3.8495562164341095
7,Acetone,60.0,90.9191945263274,30.919194526327402
7,Acetaldehyde,130.0,114.40655786243121,15.593442137568786
7,Acetaldehyde,90.0,102.76007454754534,12.760074547545344
7,Acetone,190.0,197.89475204067458,7.894752040674575
7,Acetone,30.0,41.27632749627047,11.276327496270468
7,Acetaldehyde,160.0,125.62087146799217,34.379128532007826
7,Acetaldehyde,240.0,216.5997538808009,23.400246119199096
7,Acetone,220.0,223.57867104484092,3.5786710448409167
7,Acetone,110.0,145.5935329926816,35.59353299268159
7,Acetaldehyde,220.0,205.71058392436004,14.289416075639963
7,Acetaldehyde,60.0,83.70857507297758,23.70857507297758
7,Acetone,130.0,148.4113842461653,18.411384246165312
7,Acetone,40.0,57.87673884111142,17.87673884111142
7,Acetaldehyde,200.0,181.08009311492623,18.91990688507377
7,Acetaldehyde,140.0,130.81834178721385,9.181658212786147
7,Acetone,70.0,101.1313042813731,31.131304281373104
7,Acetaldehyde,210.0,187.39340851490186,22.606591485098136
7,Acetaldehyde,170.0,148.3282488301226,21.67175116987741
7,Acetone,140.0,157.3142021670394,17.31420216703941
7,Acetone,160.0,180.594676110405,20.594676110405004
7,Acetaldehyde,100.0,153.67049787706145,53.67049787706145
7,Acetone,100.0,131.78981311768322,31.789813117683224
7,Acetone,10.0,20.31047950797179,10.310479507971792
7,Acetaldehyde,100.0,102.94921890178534,2.9492189017853434
7,Acetone,200.0,212.41984749092612,12.419847490926117
7,Acetone,20.0,26.460201323493507,6.460201323493507
7,Acetaldehyde,250.0,213.93725735934783,36.062742640652175
7,Acetaldehyde,110.0,121.47457164410012,11.474571644100124
7,Acetone,150.0,163.8342878301641,13.8342878301641
7,Acetone,50.0,70.23895017826462,20.238950178264616
7,Acetaldehyde,55.0,42.753627017321875,12.246372982678125
7,Acetaldehyde,80.0,97.82882028968004,17.82882028968004
7,Acetone,180.0,197.87368422958787,17.873684229587866
7,Acetone,80.0,110.98403217610337,30.98403217610337
7,Acetaldehyde,20.0,31.45550144985785,11.455501449857849
7,Acetaldehyde,70.0,94.6493377361927,24.649337736192706
7,Acetone,250.0,245.41851766477862,4.581482335221381
7,Acetone,210.0,224.44416001722948,14.444160017229478
7,Acetaldehyde,150.0,125.90817911518222,24.09182088481778
7,Acetaldehyde,50.0,77.5314521847091,27.531452184709096
7,Acetone,230.0,235.17228692730174,5.172286927301741
7,Acetone,120.0,146.59515625169684,26.595156251696835
7,Acetaldehyde,120.0,110.1722377971708,9.827762202829206
7,Acetaldehyde,190.0,170.03565368461037,19.964346315389633
7,Acetone,90.0,118.78887680229427,28.78887680229427
7,Acetone,170.0,196.946013431229,26.946013431229005
7,Acetaldehyde,40.0,50.57710611361388,10.57710611361388
7,Acetaldehyde,230.0,209.35855494638946,20.64144505361054
7,Acetone,240.0,239.00126432846324,0.9987356715367639
7,Acetone,60.0,94.1246749355523,34.12467493555231
7,Acetaldehyde,130.0,118.73168792919876,11.268312070801244
7,Acetaldehyde,10.0,104.50147751673042,94.50147751673042
7,Acetone,190.0,198.81690076554668,8.816900765546677
7,Acetone,30.0,43.9788930646849,13.978893064684897
7,Acetaldehyde,160.0,126.85335335705105,33.14664664294895
7,Acetaldehyde,170.0,219.2479313296947,49.247931329694694
7,Acetone,220.0,222.54643707834646,2.5464370783464574
7,Acetone,110.0,148.37065859683554,38.37065859683554
7,Acetaldehyde,220.0,206.8764238120752,13.123576187924812
7,Acetaldehyde,60.0,85.61816714278329,25.618167142783292
7,Acetone,130.0,150.0784216138577,20.0784216138577
7,Acetone,40.0,63.29073920025388,23.29073920025388
7,Acetaldehyde,30.0,174.77598252840423,144.77598252840423
7,Acetaldehyde,140.0,129.35599554339683,10.64400445660317
7,Acetone,70.0,105.65356825019887,35.65356825019887
7,Acetaldehyde,210.0,197.1543608190459,12.845639180954095
7,Acetaldehyde,170.0,148.23473226758992,21.76526773241008
7,Acetone,140.0,164.66558413917124,24.665584139171244
7,Acetone,160.0,179.69890969095945,19.698909690959454
7,Acetaldehyde,180.0,148.7277808646243,31.272219135375707
7,Acetone,100.0,130.31371154238596,30.31371154238596
7,Acetone,10.0,19.572219788200982,9.572219788200982
7,Acetaldehyde,100.0,105.73735596104814,5.737355961048138
7,Acetone,200.0,215.07634386185384,15.076343861853843
7,Acetone,20.0,23.901349177559496,3.9013491775594957
7,Acetaldehyde,250.0,216.5270320730744,33.472967926925605
7,Acetaldehyde,110.0,115.92875956282143,5.928759562821426
7,Acetone,150.0,158.9317500554838,8.931750055483803
7,Acetone,50.0,69.96140937734631,19.961409377346314
7,Acetaldehyde,30.0,41.78638720200392,11.786387202003922
7,Acetaldehyde,80.0,99.19058597610925,19.190585976109247
7,Acetone,180.0,192.7163419131244,12.71634191312441
7,Acetone,80.0,115.19996964044094,35.19996964044094
7,Acetaldehyde,70.0,99.5686217865199,29.5686217865199
7,Acetone,250.0,246.49976617444278,3.500233825557217
7,Acetone,210.0,223.56579802704542,13.565798027045417
7,Acetaldehyde,150.0,123.10294286671201,26.897057133287987
7,Acetaldehyde,50.0,71.34491909694552,21.344919096945517
7,Acetone,230.0,238.24132216178103,8.241322161781028
7,Acetone,120.0,145.49674065172454,25.496740651724537
7,Acetaldehyde,120.0,112.61459371465737,7.385406285342626
7,Acetaldehyde,190.0,170.61859437993365,19.381405620066346
7,Acetone,90.0,121.58313006779476,31.583130067794755
7,Acetone,170.0,192.66694031018142,22.666940310181417
7,Acetaldehyde,40.0,57.56626390993716,17.566263909937163
7,Acetaldehyde,230.0,213.77939868564064,16.220601314359357
7,Acetone,240.0,243.09766173825653,3.0976617382565337
7,Acetone,60.0,94.94549146354292,34.94549146354292
7,Acetaldehyde,130.0,117.0258869470052,12.974113052994795
7,Acetaldehyde,90.0,109.1487080850624,19.148708085062395
7,Acetone,190.0,201.709962441447,11.709962441447004
7,Acetone,30.0,38.07267052249544,8.072670522495443
7,Acetaldehyde,160.0,121.35373909582287,38.646260904177126
7,Acetaldehyde,240.0,218.64429503101837,21.355704968981627
7,Acetone,220.0,227.79386343630358,7.793863436303582
7,Acetone,110.0,133.53318368875046,23.533183688750455
7,Acetaldehyde,220.0,205.35783998244722,14.642160017552783
7,Acetaldehyde,60.0,87.15478960571059,27.15478960571059
7,Acetone,130.0,145.73524351069227,15.735243510692271
7,Acetone,40.0,53.775755501719715,13.775755501719715
7,Acetaldehyde,200.0,179.50507298459252,20.494927015407484
7,Acetaldehyde,140.0,128.9025824061696,11.097417593830386
7,Acetone,70.0,104.47151665529236,34.47151665529236
7,Acetaldehyde,210.0,193.65167707379783,16.348322926202172
7,Acetaldehyde,170.0,149.9562749543899,20.043725045610103
7,Acetone,140.0,159.21789695704038,19.21789695704038
7,Acetone,160.0,183.12046043134168,23.120460431341684
7,Acetaldehyde,180.0,150.31157107901123,29.68842892098877
7,Acetone,100.0,131.41845691381766,31.418456913817664
7,Acetone,10.0,18.121828206709168,8.121828206709168
7,Acetaldehyde,100.0,106.1400954479875,6.140095447987505
7,Acetone,200.0,221.03638221406504,21.036382214065043
7,Acetone,20.0,26.2210076102851,6.221007610285099
7,Acetaldehyde,250.0,218.2523804879465,31.74761951205349
7,Acetaldehyde,110.0,116.39367014288358,6.393670142883579
7,Acetone,150.0,173.17200710762617,23.17200710762617
7,Acetone,50.0,73.23144429280718,23.231444292807183
7,Acetaldehyde,30.0,43.70747372022417,13.707473720224172
7,Acetaldehyde,80.0,98.3434569680089,18.343456968008894
7,Acetone,180.0,198.03155105225684,18.031551052256845
7,Acetone,80.0,115.20589983647831,35.20589983647831
7,Acetaldehyde,70.0,93.47669396963421,23.476693969634212
7,Acetone,250.0,248.23411196885564,1.7658880311443568
7,Acetone,210.0,226.47393736699266,16.473937366992658
7,Acetaldehyde,150.0,122.28424978662538,27.71575021337462
7,Acetaldehyde,50.0,76.16813155665898,26.168131556658977
7,Acetone,230.0,228.76794160813904,1.23205839186096
7,Acetone,120.0,143.8946624390798,23.89466243907981
7,Acetaldehyde,120.0,108.1756668904224,11.824333109577594
7,Acetaldehyde,190.0,167.01338657672062,22.98661342327938
7,Acetone,90.0,123.22843829245227,33.22843829245227
7,Acetone,170.0,195.00493893334715,25.004938933347148
7,Acetaldehyde,10.0,51.530681366838934,41.530681366838934
7,Acetaldehyde,230.0,206.45095538626612,23.549044613733884
7,Acetone,240.0,242.45588197027416,2.455881970274163
7,Acetone,60.0,90.45781857187737,30.457818571877368
7,Acetaldehyde,130.0,114.96737206452318,15.032627935476825
7,Acetaldehyde,90.0,102.56982873052189,12.569828730521891
7,Acetone,190.0,200.157804438933,10.157804438932999
7,Acetone,30.0,42.903822366244896,12.903822366244896
7,Acetaldehyde,160.0,122.12975782192085,37.87024217807915
7,Acetaldehyde,240.0,217.46618966570918,22.53381033429082
7,Acetone,220.0,232.23422312186662,12.23422312186662
7,Acetone,110.0,137.64456507995592,27.644565079955925
7,Acetaldehyde,220.0,199.14562089886405,20.854379101135947
7,Acetaldehyde,60.0,84.74082954658665,24.740829546586653
7,Acetone,130.0,147.4967165364539,17.496716536453903
7,Acetone,40.0,70.31659715597412,30.316597155974122
7,Acetaldehyde,200.0,178.86334356527118,21.13665643472882
7,Acetaldehyde,140.0,121.18500448619497,18.81499551380503
7,Acetone,70.0,97.95534425749747,27.955344257497472
7,Acetaldehyde,210.0,182.29107974533315,27.70892025466685
7,Acetaldehyde,170.0,143.6686996393286,26.331300360671406
7,Acetone,140.0,157.12019890584716,17.12019890584716
7,Acetone,160.0,182.21619942907367,22.21619942907367
7,Acetaldehyde,180.0,150.03203882695115,29.96796117304885
7,Acetone,100.0,128.84983045839456,28.849830458394564
7,Acetone,10.0,20.39574487570249,10.39574487570249
7,Acetaldehyde,100.0,105.752731896573,5.752731896572996
7,Acetone,200.0,230.882719761719,30.882719761718988
7,Acetone,20.0,30.534771818760447,10.534771818760447
7,Acetaldehyde,250.0,209.31425912077407,40.68574087922593
7,Acetaldehyde,110.0,113.61275794819842,3.6127579481984213
7,Acetone,150.0,164.08049457792086,14.08049457792086
7,Acetone,50.0,69.94693610324688,19.946936103246884
7,Acetaldehyde,30.0,39.18411227214344,9.184112272143437
7,Acetaldehyde,80.0,97.68773615507243,17.68773615507243
7,Acetone,180.0,190.11231089523136,10.11231089523136
7,Acetone,80.0,111.18565587046594,31.185655870465936
7,Acetaldehyde,70.0,93.96756526735118,23.967565267351176
7,Acetone,250.0,239.90108235648808,10.098917643511925
7,Acetone,210.0,222.78898318435196,12.788983184351963
7,Acetaldehyde,150.0,111.98264187956083,38.01735812043917
7,Acetaldehyde,50.0,74.35795613833794,24.35795613833794
7,Acetone,230.0,224.4607905504133,5.539209449586707
7,Acetone,120.0,148.56131051156575,28.56131051156575
7,Acetaldehyde,120.0,101.469481405111,18.530518594889003
7,Acetaldehyde,190.0,179.7123420249022,10.287657975097801
7,Acetone,90.0,121.46772369708438,31.46772369708438
7,Acetone,170.0,189.77270879250293,19.772708792502925
7,Acetaldehyde,40.0,49.99701090643917,9.997010906439172
7,Acetaldehyde,230.0,220.49000042190804,9.509999578091964
7,Acetone,240.0,236.47399708001464,3.526002919985359
7,Acetone,60.0,90.23555258783415,30.23555258783415
7,Acetaldehyde,130.0,113.13274185147411,16.86725814852589
7,Acetaldehyde,90.0,97.46342956164975,7.463429561649747
7,Acetone,190.0,198.33183372550963,8.331833725509625
7,Acetone,30.0,41.851801122890464,11.851801122890464
7,Acetaldehyde,160.0,125.100238166928,34.899761833072006
7,Acetaldehyde,240.0,216.52374887950353,23.47625112049647
7,Acetone,220.0,224.47764003731575,4.477640037315751
7,Acetone,110.0,134.8566717042432,24.85667170424321
7,Acetaldehyde,220.0,193.53051271268018,26.469487287319822
7,Acetaldehyde,60.0,76.68848139109798,16.68848139109798
7,Acetone,130.0,150.23487399988866,20.234873999888663
7,Acetone,40.0,57.88301411592347,17.883014115923473
7,Acetaldehyde,200.0,168.23901680739365,31.760983192606346
7,Acetaldehyde,140.0,117.39349529419475,22.60650470580525
7,Acetone,70.0,100.05176734370241,30.05176734370241
7,Acetaldehyde,210.0,176.94381734253392,33.05618265746608
7,Acetaldehyde,170.0,143.92716072973326,26.07283927026674
7,Acetone,140.0,156.0989075871379,16.098907587137887
7,Acetone,160.0,183.61477461288248,23.614774612882485
7,Acetaldehyde,180.0,145.71011346636308,34.28988653363692
7,Acetone,100.0,135.06396774972487,35.06396774972487
7,Acetone,10.0,20.70578066861212,10.705780668612121
7,Acetaldehyde,100.0,98.53305210943773,1.4669478905622668
7,Acetone,200.0,213.4414705105489,13.441470510548896
7,Acetone,20.0,31.296232798567317,11.296232798567317
7,Acetaldehyde,250.0,214.48986585672378,35.51013414327622
7,Acetaldehyde,110.0,109.39545334763325,0.60454665236675
7,Acetone,150.0,176.62937726069572,26.62937726069572
7,Acetone,50.0,77.53513593456393,27.535135934563925
7,Acetaldehyde,30.0,40.52608160537959,10.526081605379588
7,Acetaldehyde,80.0,95.11985248475531,15.119852484755313
7,Acetone,180.0,199.07545472603798,19.075454726037975
7,Acetone,80.0,111.089070339323,31.089070339323
7,Acetaldehyde,280.0,93.5978048903273,186.4021951096727
7,Acetone,250.0,244.1054832611678,5.894516738832209
7,Acetone,210.0,229.6754522974447,19.675452297444707
7,Acetaldehyde,150.0,117.47777809945583,32.52222190054417
7,Acetaldehyde,50.0,74.86900171536445,24.869001715364448
7,Acetone,230.0,231.33541589376958,1.3354158937695786
7,Acetone,120.0,154.66396576212819,34.663965762128186
7,Acetaldehyde,120.0,103.53913870612807,16.46086129387193
7,Acetaldehyde,190.0,165.88830172097875,24.111698279021255
7,Acetone,90.0,123.81134923284482,33.81134923284482
7,Acetone,170.0,195.60431746397893,25.60431746397893
7,Acetaldehyde,40.0,49.27238306076002,9.27238306076002
7,Acetaldehyde,230.0,201.3224615836723,28.677538416327707
7,Acetone,240.0,244.61169251072505,4.6116925107250495
7,Acetone,60.0,96.0953678889862,36.0953678889862
7,Acetaldehyde,130.0,109.44502561081941,20.554974389180586
7,Acetaldehyde,90.0,102.26920197820388,12.269201978203881
7,Acetone,190.0,205.9981599275701,15.9981599275701
7,Acetone,30.0,42.38586834326399,12.385868343263994
7,Acetaldehyde,160.0,119.13597958730475,40.864020412695254
7,Acetaldehyde,240.0,216.33794502567935,23.662054974320654
7,Acetone,220.0,228.2352291336955,8.235229133695498
7,Acetone,110.0,138.0688989735912,28.06889897359119
7,Acetaldehyde,220.0,198.9353532006402,21.064646799359792
7,Acetaldehyde,60.0,83.78103650699374,23.781036506993743
7,Acetone,130.0,150.9164886176058,20.916488617605808
7,Acetone,40.0,56.90120654573221,16.901206545732208
7,Acetaldehyde,200.0,172.48905496460736,27.510945035392638
7,Acetaldehyde,140.0,126.27295919427341,13.727040805726588
7,Acetone,70.0,103.82385864147949,33.82385864147949
7,Acetaldehyde,210.0,179.89911085399606,30.100889146003937
7,Acetaldehyde,170.0,138.89030787918247,31.109692120817527
7,Acetone,140.0,158.44423604259885,18.444236042598845
7,Acetone,160.0,188.38901628989754,28.38901628989754
7,Acetaldehyde,180.0,144.54980468560439,35.450195314395614
7,Acetone,100.0,136.38289311931663,36.382893119316634
7,Acetone,10.0,20.336673229754027,10.336673229754027
7,Acetaldehyde,100.0,101.75813992040734,1.758139920407345
7,Acetone,200.0,216.16987334271732,16.169873342717324
7,Acetone,20.0,29.34709200631687,9.34709200631687
7,Acetaldehyde,250.0,211.2907224335318,38.70927756646819
7,Acetaldehyde,110.0,115.31617573435331,5.316175734353308
7,Acetone,150.0,172.44464272558963,22.44464272558963
7,Acetone,50.0,74.05351720781236,24.053517207812362
7,Acetaldehyde,30.0,41.86699672421868,11.86699672421868
7,Acetaldehyde,80.0,97.61673140514176,17.616731405141763
7,Acetone,180.0,199.81483336733083,19.814833367330834
7,Acetone,80.0,117.6773141216203,37.6773141216203
7,Acetaldehyde,70.0,92.14309502741676,22.143095027416763
7,Acetone,250.0,254.4032087250941,4.403208725094089
7,Acetone,210.0,229.16631047155653,19.16631047155653
7,Acetaldehyde,50.0,74.2678291659245,24.267829165924496
7,Acetone,230.0,236.92394381332144,6.9239438133214435
7,Acetone,120.0,153.19223090581204,33.19223090581204
7,Acetaldehyde,120.0,104.0163917076418,15.983608292358198
7,Acetaldehyde,190.0,164.86907077678674,25.130929223213258
7,Acetone,90.0,121.5792486796633,31.579248679663294
7,Acetone,170.0,201.9109700869346,31.91097008693461
7,Acetaldehyde,40.0,51.7198616119301,11.7198616119301
7,Acetaldehyde,230.0,204.0615085360985,25.9384914639015
7,Acetone,240.0,254.64461822220497,14.644618222204969
7,Acetaldehyde,130.0,110.87786880577993,19.122131194220074
7,Acetaldehyde,90.0,106.52334183276369,16.52334183276369
7,Acetone,190.0,196.38233493969736,6.382334939697358
7,Acetone,30.0,44.92007076202603,14.920070762026029
7,Acetaldehyde,160.0,118.22370310830289,41.776296891697115
7,Acetaldehyde,240.0,215.0851685234878,24.914831476512205
7,Acetone,220.0,229.9285037430924,9.928503743092392
7,Acetone,110.0,146.92648973892653,36.926489738926534
7,Acetaldehyde,220.0,190.82969100870753,29.170308991292472
7,Acetaldehyde,60.0,81.37472822242242,21.37472822242242
7,Acetone,130.0,153.98154309289217,23.981543092892167
7,Acetone,40.0,60.35530143200974,20.35530143200974
7,Acetaldehyde,200.0,170.12176774889068,29.878232251109324
7,Acetaldehyde,140.0,127.58240813747719,12.417591862522812
7,Acetone,70.0,102.90035163545787,32.90035163545787
7,Acetaldehyde,210.0,183.43820444111174,26.561795558888264
7,Acetaldehyde,170.0,139.32712555672282,30.67287444327718
7,Acetone,140.0,159.26619902701063,19.26619902701063
7,Acetone,160.0,187.53640721988535,27.536407219885348
7,Acetaldehyde,180.0,136.36754512896567,43.63245487103433
7,Acetone,100.0,135.3218872995392,35.32188729953921
7,Acetone,10.0,19.82291388936038,9.822913889360379
7,Acetaldehyde,100.0,104.11870074690398,4.118700746903983
7,Acetone,200.0,216.19112391169267,16.19112391169267
7,Acetone,20.0,27.97449742607786,7.9744974260778605
7,Acetaldehyde,250.0,208.06407831002826,41.935921689971735
7,Acetaldehyde,110.0,115.00563926099832,5.005639260998322
7,Acetone,150.0,177.70516177675606,27.705161776756057
7,Acetone,50.0,69.7651754428737,19.765175442873698
7,Acetaldehyde,30.0,42.51360517943884,12.51360517943884
7,Acetaldehyde,80.0,93.35153242925269,13.351532429252686
7,Acetone,180.0,197.42999671159282,17.42999671159282
7,Acetone,80.0,116.21118629844446,36.21118629844446
7,Acetaldehyde,70.0,90.38760286744136,20.38760286744136
7,Acetone,250.0,250.20470246772152,0.20470246772151768
7,Acetone,210.0,228.7953435051349,18.795343505134895
7,Acetaldehyde,150.0,113.76711382928575,36.23288617071425
7,Acetaldehyde,50.0,79.16533565442185,29.165335654421852
7,Acetone,230.0,236.90758029385265,6.9075802938526465
7,Acetone,120.0,147.63644499379706,27.636444993797056
7,Acetaldehyde,120.0,107.40502329073608,12.594976709263918
7,Acetaldehyde,190.0,159.3690442059524,30.630955794047594
7,Acetone,90.0,121.83031689517563,31.830316895175628
7,Acetone,170.0,197.8545461185095,27.85454611850949
7,Acetaldehyde,40.0,56.21064922266258,16.210649222662582
7,Acetaldehyde,230.0,199.05684081359584,30.94315918640416
7,Acetone,240.0,245.19887498525392,5.198874985253923
7,Acetone,60.0,93.55900129708952,33.55900129708952
7,Acetaldehyde,130.0,111.6243859513765,18.375614048623504
7,Acetaldehyde,90.0,103.23585338341101,13.235853383411012
7,Acetone,190.0,207.74031447371453,17.740314473714534
7,Acetone,30.0,41.70023532626465,11.700235326264647
7,Acetaldehyde,160.0,118.52993363844112,41.47006636155888
7,Acetaldehyde,240.0,210.9073198190614,29.0926801809386
7,Acetone,220.0,233.9706831950818,13.97068319508179
7,Acetone,110.0,136.29548010455213,26.295480104552126
7,Acetaldehyde,220.0,194.52375449175548,25.476245508244517
7,Acetaldehyde,60.0,87.39997328608672,27.39997328608672
7,Acetone,130.0,152.59536826650952,22.595368266509524
7,Acetone,40.0,57.054012512633676,17.054012512633676
7,Acetaldehyde,200.0,169.4002732480555,30.5997267519445
7,Acetaldehyde,140.0,127.61400057461707,12.385999425382934
7,Acetone,70.0,104.1579075590862,34.1579075590862
7,Acetaldehyde,210.0,178.03615401653315,31.963845983466854
7,Acetaldehyde,170.0,142.7515281072398,27.248471892760193
7,Acetone,140.0,160.18650792955287,20.186507929552874
7,Acetone,160.0,191.60684731162308,31.606847311623085
7,Acetaldehyde,180.0,140.51001269775486,39.48998730224514
7,Acetone,100.0,135.8169992257823,35.8169992257823
7,Acetone,10.0,21.823621142656492,11.823621142656492
7,Acetaldehyde,100.0,102.33389407325237,2.3338940732523668
7,Acetone,200.0,218.3307158729035,18.33071587290351
7,Acetone,20.0,31.13559824102461,11.13559824102461
7,Acetaldehyde,250.0,211.71655575550457,38.28344424449543
7,Acetaldehyde,110.0,116.13545165865382,6.135451658653821
7,Acetone,150.0,166.58769415696912,16.58769415696912
7,Acetone,50.0,87.51595995889843,37.515959958898435
7,Acetaldehyde,30.0,41.448457388287295,11.448457388287295
7,Acetaldehyde,80.0,102.62934095691296,22.629340956912955
7,Acetone,180.0,199.48873608474307,19.488736084743067
7,Acetone,80.0,112.50262534402492,32.50262534402492
7,Acetaldehyde,70.0,99.58900190095613,29.589001900956134
7,Acetone,250.0,251.0473616308964,1.047361630896404
7,Acetone,210.0,228.88673314423983,18.886733144239827
7,Acetaldehyde,150.0,126.64105133988758,23.358948660112418
7,Acetaldehyde,50.0,84.05839765778688,34.058397657786884
7,Acetone,230.0,243.91932547020673,13.91932547020673
7,Acetone,120.0,150.75454749527248,30.754547495272476
7,Acetaldehyde,120.0,110.15758260062145,9.842417399378547
7,Acetaldehyde,190.0,173.20801660469846,16.791983395301543
7,Acetone,90.0,122.66290528879217,32.662905288792174
7,Acetone,170.0,206.09360387961505,36.093603879615046
7,Acetaldehyde,10.0,55.101562696366045,45.101562696366045
7,Acetaldehyde,230.0,211.657775950008,18.342224049992012
7,Acetone,240.0,250.4397958122327,10.439795812232688
7,Acetone,60.0,94.06376587488154,34.06376587488154
7,Acetaldehyde,130.0,113.07225264611989,16.927747353880108
7,Acetaldehyde,90.0,108.12053075115153,18.120530751151534
7,Acetone,190.0,214.42781974531283,24.42781974531283
7,Acetone,30.0,47.47418140226023,17.47418140226023
7,Acetaldehyde,160.0,127.62015893909367,32.37984106090633
7,Acetaldehyde,240.0,222.76097607462287,17.239023925377126
7,Acetone,220.0,236.47376814618147,16.47376814618147
7,Acetone,110.0,144.88079750111595,34.88079750111595
7,Acetaldehyde,220.0,209.94844160606334,10.05155839393666
7,Acetaldehyde,60.0,88.05231393859609,28.052313938596086
7,Acetone,130.0,150.89847696801513,20.89847696801513
7,Acetone,40.0,66.37466015023419,26.37466015023419
7,Acetaldehyde,200.0,180.76763507297917,19.232364927020825
7,Acetaldehyde,140.0,124.10800477629336,15.891995223706644
7,Acetone,70.0,102.63385470251303,32.633854702513034
7,Acetaldehyde,210.0,187.7522708330955,22.24772916690449
7,Acetaldehyde,170.0,149.5043914373955,20.495608562604502
7,Acetone,140.0,164.67261197416246,24.672611974162464
7,Acetone,160.0,196.42145753730125,36.42145753730125
7,Acetaldehyde,180.0,151.518460843513,28.481539156487003
7,Acetone,100.0,133.57773863245987,33.57773863245987
7,Acetone,10.0,29.10180397100457,19.10180397100457
7,Acetaldehyde,100.0,96.81346212405087,3.186537875949128
7,Acetone,200.0,217.942149570877,17.942149570877007
7,Acetone,20.0,33.88958004753893,13.889580047538928
7,Acetaldehyde,250.0,209.57537688199864,40.424623118001364
7,Acetaldehyde,110.0,116.46127671472179,6.461276714721791
7,Acetone,150.0,168.28910692642813,18.289106926428133
7,Acetone,50.0,72.67239981322345,22.67239981322345
7,Acetaldehyde,30.0,46.07719708842268,16.07719708842268
7,Acetaldehyde,80.0,94.8436946589035,14.843694658903502
7,Acetone,180.0,198.78445706436491,18.784457064364915
7,Acetone,80.0,112.05251910921837,32.052519109218366
7,Acetaldehyde,70.0,95.08638574949697,25.08638574949697
7,Acetone,250.0,254.82933094772415,4.829330947724145
7,Acetone,210.0,235.695875049098,25.695875049097992
7,Acetaldehyde,150.0,112.19636489274828,37.80363510725172
7,Acetaldehyde,50.0,76.29520057641398,26.295200576413976
7,Acetone,230.0,234.76613468131865,4.766134681318647
7,Acetone,120.0,146.8530407586585,26.853040758658494
7,Acetaldehyde,120.0,100.76461968326232,19.235380316737675
7,Acetaldehyde,190.0,159.70677261812295,30.293227381877045
7,Acetone,90.0,115.352039076285,25.352039076284996
7,Acetone,170.0,193.9986748601475,23.998674860147503
7,Acetaldehyde,230.0,202.15232599506712,27.847674004932884
7,Acetone,240.0,258.1660881825112,18.166088182511203
7,Acetone,60.0,90.36301831205479,30.36301831205479
7,Acetaldehyde,130.0,103.93427208646976,26.06572791353024
7,Acetaldehyde,90.0,105.25249242124158,15.252492421241584
7,Acetone,190.0,206.62718035546646,16.627180355466464
7,Acetone,30.0,45.14242007757494,15.14242007757494
7,Acetaldehyde,160.0,121.60154733449508,38.39845266550492
7,Acetaldehyde,240.0,209.87269001028062,30.12730998971938
7,Acetone,220.0,232.1893681220036,12.1893681220036
7,Acetone,110.0,141.83219051599232,31.832190515992323
7,Acetaldehyde,210.0,196.50780678464122,13.492193215358782
7,Acetaldehyde,60.0,80.34241957689024,20.342419576890236
7,Acetone,130.0,148.57593391303726,18.57593391303726
7,Acetone,40.0,61.203073396318786,21.203073396318786
7,Acetaldehyde,200.0,172.92726567434056,27.07273432565944
7,Acetaldehyde,140.0,118.92372880930625,21.076271190693745
7,Acetone,70.0,98.64879513382698,28.64879513382698
7,Acetaldehyde,210.0,175.20240211098084,34.79759788901916
7,Acetaldehyde,170.0,135.4548302380303,34.5451697619697
7,Acetone,140.0,161.67644064927336,21.67644064927336
7,Acetone,160.0,187.93855035254379,27.938550352543785
7,Acetaldehyde,180.0,141.99028149433053,38.00971850566947
7,Ethylene,100.0,90.96799529879405,9.032004701205949
7,Ethylene,10.0,22.381244700724608,12.381244700724608
7,Ammonia,300.0,241.04568319179884,58.954316808201156
7,Ammonia,50.0,42.70368563362945,7.296314366370552
7,Ethylene,200.0,179.2428281057979,20.757171894202088
7,Ethylene,20.0,26.041989867313717,6.041989867313717
7,Ammonia,110.0,106.44099323773716,3.5590067622628396
7,Ammonia,220.0,173.54311819262108,46.45688180737892
7,Ethylene,150.0,138.4647053636666,11.53529463633339
7,Ethylene,50.0,42.743210610864224,7.2567893891357755
7,Ammonia,120.0,118.30644651079055,1.6935534892094495
7,Ammonia,280.0,205.81503716042397,74.18496283957603
7,Ethylene,180.0,168.28294858667297,11.717051413327027
7,Ethylene,80.0,69.60400371999847,10.395996280001526
7,Ammonia,80.0,62.96774298002842,17.03225701997158
7,Ammonia,290.0,212.4226138620151,77.57738613798489
7,Ethylene,250.0,202.32521683181932,47.67478316818068
7,Ethylene,210.0,197.46820542193427,12.531794578065728
7,Ammonia,150.0,144.71825569584757,5.281744304152426
7,Ammonia,200.0,155.26925917182695,44.730740828173055
7,Ethylene,230.0,189.44860689545155,40.55139310454845
7,Ethylene,120.0,129.5453281775776,9.545328177577602
7,Ammonia,250.0,203.50882322343347,46.49117677656653
7,Ammonia,60.0,52.881347775235156,7.118652224764844
7,Ethylene,90.0,85.6607103750931,4.339289624906897
7,Ethylene,170.0,171.57221043289582,1.5722104328958153
7,Ammonia,160.0,154.44217996137584,5.557820038624158
7,Ammonia,240.0,186.43484069696677,53.56515930303323
7,Ethylene,240.0,198.1287507678372,41.871249232162796
7,Ethylene,60.0,55.763952154571285,4.236047845428715
7,Ammonia,260.0,213.13265940370565,46.867340596294355
7,Ammonia,130.0,117.83905401753326,12.160945982466743
7,Ethylene,190.0,177.97706213939517,12.022937860604827
7,Ethylene,30.0,29.216181110039727,0.7838188899602727
7,Ammonia,170.0,165.86497789787919,4.135022102120814
7,Ammonia,230.0,183.74139097292888,46.25860902707112
7,Ethylene,220.0,192.1284509727001,27.871549027299892
7,Ethylene,110.0,121.29158349194765,11.291583491947648
7,Ammonia,270.0,222.3709860267382,47.629013973261806
7,Ammonia,180.0,149.72355623579142,30.27644376420858
7,Ethylene,130.0,119.08130975439569,10.91869024560431
7,Ethylene,40.0,42.52133326183049,2.521333261830492
7,Ammonia,190.0,177.47208215074238,12.52791784925762
7,Ammonia,90.0,81.82358907362513,8.17641092637487
7,Ammonia,140.0,124.02728292119535,15.97271707880465
7,Ethylene,70.0,67.61708479410918,2.382915205890825
7,Ammonia,70.0,53.58005811523289,16.419941884767113
7,Ammonia,100.0,94.28221485291768,5.717785147082324
7,Ethylene,140.0,134.84495197852718,5.1550480214728225
7,Ethylene,160.0,174.4056785957091,14.405678595709105
7,Ammonia,210.0,182.78574246249022,27.21425753750978
7,Ethylene,100.0,96.04213812836774,3.957861871632261
7,Ethylene,10.0,14.717619283826679,4.717619283826679
7,Ammonia,300.0,234.47197148843983,65.52802851156017
7,Ammonia,50.0,48.7414655352523,1.2585344647476973
7,Ethylene,200.0,172.572147796123,27.427852203876995
7,Ethylene,20.0,22.41956779665871,2.4195677966587112
7,Ammonia,110.0,106.66631439630387,3.333685603696125
7,Ammonia,220.0,172.6937870455425,47.30621295445749
7,Ethylene,150.0,142.52050913397755,7.479490866022445
7,Ethylene,50.0,41.76115455383848,8.23884544616152
7,Ammonia,120.0,118.85003141459694,1.1499685854030588
7,Ammonia,280.0,215.8732177553353,64.1267822446647
7,Ethylene,180.0,160.3404546443623,19.659545355637704
7,Ethylene,80.0,69.68590006329188,10.314099936708118
7,Ammonia,80.0,70.48079336368576,9.519206636314237
7,Ammonia,290.0,220.69578471323013,69.30421528676987
7,Ethylene,250.0,200.04818630536974,49.95181369463026
7,Ethylene,210.0,188.60841183451382,21.391588165486183
7,Ammonia,150.0,148.34504053433574,1.6549594656642626
7,Ammonia,200.0,164.18854840913895,35.811451590861054
7,Ethylene,230.0,191.94214884696333,38.057851153036665
7,Ethylene,120.0,128.74841946740764,8.748419467407643
7,Ammonia,250.0,233.09462760372327,16.905372396276732
7,Ammonia,60.0,51.91696161074994,8.083038389250063
7,Ethylene,90.0,90.72426772567053,0.7242677256705292
7,Ethylene,170.0,177.6392092097111,7.639209209711112
7,Ammonia,160.0,171.94522981989195,11.94522981989195
7,Ammonia,240.0,190.21210104404622,49.78789895595378
7,Ethylene,240.0,200.959259550329,39.040740449671006
7,Ethylene,60.0,44.81789374475976,15.182106255240242
7,Ammonia,260.0,211.47989300730433,48.52010699269567
7,Ammonia,130.0,118.68758678747358,11.312413212526423
7,Ethylene,190.0,186.63693804149423,3.3630619585057673
7,Ethylene,30.0,28.13887251326517,1.86112748673483
7,Ammonia,170.0,177.02989898481368,7.029898984813684
7,Ammonia,230.0,183.9752883431766,46.0247116568234
7,Ethylene,220.0,193.24289268104417,26.757107318955832
7,Ethylene,110.0,124.4884254570404,14.488425457040407
7,Ammonia,270.0,221.98726765243458,48.01273234756542
7,Ammonia,180.0,151.91351067597827,28.086489324021727
7,Ethylene,130.0,125.63603390766417,4.363966092335829
7,Ethylene,40.0,34.9105490487937,5.089450951206302
7,Ammonia,190.0,176.5603086638451,13.439691336154908
7,Ammonia,90.0,82.71194631600059,7.288053683999408
7,Ammonia,140.0,127.989092290521,12.010907709479
7,Ethylene,70.0,68.90101269675155,1.0989873032484496
7,Ammonia,70.0,50.05322351758727,19.94677648241273
7,Ammonia,100.0,96.46965893358825,3.5303410664117507
7,Ethylene,140.0,138.82246205180354,1.1775379481964592
7,Ethylene,160.0,172.31149749932757,12.311497499327572
7,Ammonia,210.0,184.45683395577086,25.54316604422914
7,Ethylene,100.0,99.43314127339782,0.5668587266021774
7,Ethylene,10.0,19.221933180127536,9.221933180127536
7,Ammonia,300.0,232.57214880193072,67.42785119806928
7,Ammonia,50.0,38.43405249314772,11.565947506852282
7,Ethylene,200.0,182.8930039148094,17.106996085190588
7,Ethylene,20.0,25.026127373668572,5.026127373668572
7,Ammonia,110.0,109.0361240814849,0.9638759185151002
7,Ammonia,220.0,176.7456262506147,43.25437374938531
7,Ethylene,150.0,149.23203228345466,0.7679677165453427
7,Ethylene,50.0,40.15251035431963,9.847489645680369
7,Ammonia,120.0,119.24785165643752,0.7521483435624816
7,Ammonia,280.0,214.68504944089824,65.31495055910176
7,Ethylene,180.0,167.26290176133568,12.737098238664316
7,Ethylene,80.0,71.72038654767731,8.279613452322693
7,Ammonia,80.0,66.1253064704928,13.874693529507198
7,Ammonia,290.0,219.8348350221944,70.1651649778056
7,Ethylene,250.0,206.47486424001102,43.525135759988984
7,Ethylene,210.0,190.9060086912057,19.0939913087943
7,Ammonia,150.0,149.30910589359985,0.690894106400151
7,Ammonia,200.0,167.3014130285293,32.69858697147069
7,Ethylene,230.0,191.69698896032037,38.30301103967963
7,Ethylene,120.0,128.12436077941945,8.124360779419447
7,Ammonia,250.0,213.59987364826742,36.40012635173258
7,Ammonia,60.0,52.160538520403705,7.839461479596295
7,Ethylene,90.0,91.49374220786889,1.4937422078688911
7,Ethylene,170.0,180.95540786030296,10.955407860302955
7,Ammonia,160.0,163.6049042014735,3.604904201473488
7,Ammonia,240.0,188.17431694236126,51.82568305763874
7,Ethylene,240.0,196.18395361309717,43.816046386902826
7,Ethylene,60.0,55.270759235330544,4.729240764669456
7,Ammonia,260.0,216.58442439405297,43.415575605947026
7,Ammonia,130.0,119.30870458044939,10.691295419550613
7,Ethylene,190.0,182.86782401692017,7.132175983079833
7,Ethylene,30.0,38.51537429549967,8.515374295499669
7,Ammonia,170.0,168.12122063651822,1.878779363481783
7,Ammonia,230.0,181.41135162741227,48.58864837258773
7,Ethylene,220.0,186.6247389141862,33.375261085813804
7,Ethylene,110.0,120.01913396652125,10.019133966521252
7,Ammonia,270.0,223.90981687658444,46.09018312341556
7,Ammonia,180.0,155.78383189757443,24.21616810242557
7,Ethylene,130.0,130.16756928026453,0.1675692802645301
7,Ethylene,40.0,42.22274603859401,2.2227460385940105
7,Ammonia,190.0,176.46939204249747,13.530607957502525
7,Ammonia,90.0,83.33486094267477,6.665139057325234
7,Ammonia,140.0,136.15859826047924,3.8414017395207622
7,Ethylene,70.0,71.0601270197331,1.0601270197331019
7,Ammonia,70.0,52.364755573318206,17.635244426681794
7,Ammonia,100.0,99.14029659870135,0.8597034012986455
7,Ethylene,140.0,143.78969125712214,3.7896912571221435
7,Ethylene,160.0,176.45150767171975,16.451507671719753
7,Ammonia,210.0,191.33499413609653,18.665005863903474
7,Ethylene,100.0,114.05777261158033,14.057772611580333
7,Ethylene,15.0,13.298373693105404,1.701626306894596
7,Ammonia,300.0,232.43053937612956,67.56946062387044
7,Ammonia,50.0,46.19493176726891,3.805068232731088
7,Ethylene,200.0,180.52374013924629,19.476259860753714
7,Ethylene,20.0,23.62118597655133,3.621185976551331
7,Ammonia,110.0,108.90578730955929,1.0942126904407132
7,Ammonia,220.0,181.9278205474977,38.0721794525023
7,Ethylene,150.0,141.48685596616124,8.513144033838756
7,Ethylene,50.0,52.44350212027422,2.4435021202742178
7,Ammonia,120.0,120.81592250201125,0.8159225020112473
7,Ammonia,280.0,208.5905095171686,71.40949048283139
7,Ethylene,180.0,150.06116492668338,29.938835073316625
7,Ethylene,80.0,71.17041607288311,8.829583927116886
7,Ammonia,80.0,67.85524088718174,12.144759112818264
7,Ammonia,290.0,230.9519732270446,59.04802677295541
7,Ethylene,250.0,200.02370786018378,49.97629213981622
7,Ethylene,210.0,196.97652559414368,13.02347440585632
7,Ammonia,150.0,149.56762415538427,0.4323758446157342
7,Ammonia,200.0,167.20612723877244,32.79387276122756
7,Ethylene,230.0,200.85639156969523,29.143608430304766
7,Ethylene,120.0,120.05605439369842,0.05605439369841747
7,Ammonia,250.0,234.09383871426513,15.906161285734868
7,Ammonia,60.0,49.82387496671771,10.17612503328229
7,Ethylene,90.0,80.44257128113158,9.557428718868422
7,Ethylene,170.0,177.00675110967765,7.006751109677651
7,Ammonia,160.0,162.2732988708819,2.273298870881888
7,Ammonia,240.0,187.34555785779577,52.65444214220423
7,Ethylene,240.0,202.93803719573376,37.061962804266244
7,Ethylene,60.0,50.02116421548912,9.978835784510878
7,Ammonia,260.0,220.37410893440122,39.62589106559878
7,Ammonia,130.0,112.65395862161188,17.346041378388122
7,Ethylene,190.0,180.8945650161142,9.1054349838858
7,Ethylene,30.0,34.31371334853985,4.313713348539849
7,Ammonia,170.0,167.32874790293266,2.671252097067338
7,Ammonia,230.0,195.82987733763485,34.170122662365145
7,Ethylene,220.0,201.83200054018607,18.167999459813927
7,Ethylene,110.0,125.12845801524784,15.128458015247844
7,Ammonia,270.0,227.6886026493272,42.31139735067279
7,Ammonia,180.0,163.76692692526368,16.233073074736325
7,Ethylene,130.0,125.54541795733807,4.454582042661926
7,Ethylene,40.0,40.8929267051973,0.8929267051972971
7,Ammonia,190.0,180.6621981122861,9.337801887713908
7,Ammonia,90.0,89.8360482649619,0.163951735038097
7,Ammonia,140.0,132.9466570737326,7.053342926267391
7,Ethylene,70.0,63.31323958811079,6.68676041188921
7,Ammonia,70.0,59.913334461784856,10.086665538215144
7,Ammonia,100.0,101.81786478500806,1.8178647850080552
7,Ethylene,140.0,129.1240850859283,10.8759149140717
7,Ethylene,160.0,171.96345783558132,11.963457835581323
7,Ammonia,210.0,196.5800022608025,13.419997739197498
7,Ethylene,100.0,91.52823139949112,8.47176860050888
7,Ethylene,10.0,12.976202867097044,2.9762028670970437
7,Ammonia,300.0,248.7660477945783,51.2339522054217
7,Ammonia,50.0,45.821589329115085,4.178410670884915
7,Ethylene,200.0,189.96741948939265,10.032580510607346
7,Ethylene,20.0,21.410002223585337,1.4100022235853373
7,Ammonia,110.0,110.62969583242266,0.6296958324226551
7,Ammonia,220.0,179.50328876323817,40.496711236761826
7,Ethylene,150.0,145.40817152264427,4.591828477355733
7,Ethylene,50.0,41.42728276662692,8.572717233373083
7,Ammonia,120.0,128.37298451320893,8.372984513208934
7,Ammonia,280.0,231.1993258977985,48.8006741022015
7,Ethylene,180.0,168.41853585362105,11.581464146378948
7,Ethylene,80.0,81.3002459299267,1.300245929926703
7,Ammonia,80.0,75.24550253255308,4.7544974674469245
7,Ammonia,290.0,231.5091212085273,58.49087879147271
7,Ethylene,250.0,205.71704623555186,44.28295376444814
7,Ethylene,210.0,199.58590338543962,10.414096614560378
7,Ammonia,150.0,154.24976192404893,4.249761924048926
7,Ammonia,200.0,171.48210565264378,28.51789434735622
7,Ethylene,230.0,204.0152494263819,25.9847505736181
7,Ethylene,120.0,141.50166641337916,21.501666413379155
7,Ammonia,250.0,219.5579747021477,30.442025297852297
7,Ammonia,60.0,53.601991071725436,6.398008928274564
7,Ethylene,90.0,89.80093158908727,0.1990684109127301
7,Ethylene,170.0,177.48351443195907,7.483514431959065
7,Ammonia,160.0,164.46812780764347,4.468127807643469
7,Ammonia,240.0,193.1676533004349,46.83234669956511
7,Ethylene,240.0,200.6437098343087,39.35629016569129
7,Ethylene,60.0,59.89443209802873,0.10556790197126986
7,Ammonia,260.0,223.80132689229464,36.19867310770536
7,Ammonia,130.0,128.45098610250866,1.549013897491335
7,Ethylene,190.0,182.6091813938248,7.390818606175202
7,Ethylene,30.0,38.488308212183824,8.488308212183824
7,Ammonia,170.0,168.6665528018795,1.3334471981204956
7,Ammonia,230.0,190.2551486610222,39.74485133897781
7,Ethylene,220.0,192.17645732597924,27.823542674020757
7,Ethylene,110.0,124.72466468257915,14.724664682579146
7,Ammonia,270.0,234.6990991068578,35.3009008931422
7,Ammonia,180.0,165.63474815692786,14.365251843072144
7,Ethylene,130.0,128.51464955938644,1.4853504406135585
7,Ethylene,40.0,35.315105238905005,4.684894761094995
7,Ammonia,190.0,178.27964585282461,11.720354147175385
7,Ammonia,90.0,91.31176064900582,1.3117606490058193
7,Ammonia,140.0,136.51738760294643,3.482612397053572
7,Ethylene,70.0,65.12991986931083,4.870080130689175
7,Ammonia,70.0,52.94180756361553,17.058192436384473
7,Ammonia,100.0,99.1882013908393,0.8117986091607037
7,Ethylene,140.0,136.0508085168997,3.949191483100293
7,Ethylene,160.0,158.2125489501982,1.7874510498018026
7,Ammonia,210.0,191.48957081323346,18.510429186766544
7,Ethylene,100.0,92.51204680883077,7.487953191169225
7,Ethylene,10.0,18.804530814975948,8.804530814975948
7,Ammonia,300.0,261.3236813017509,38.67631869824908
7,Ammonia,50.0,40.084228983934864,9.915771016065136
7,Ethylene,200.0,177.2549027685464,22.7450972314536
7,Ethylene,20.0,20.415328656374868,0.41532865637486793
7,Ammonia,110.0,103.76736761221511,6.232632387784889
7,Ammonia,220.0,177.107935785633,42.892064214367
7,Ethylene,150.0,149.73375264577956,0.26624735422043955
7,Ethylene,50.0,40.37674230615667,9.623257693843328
7,Ammonia,120.0,119.17101932965092,0.8289806703490825
7,Ammonia,280.0,208.9676161583937,71.0323838416063
7,Ethylene,180.0,182.53076796239148,2.5307679623914794
7,Ethylene,80.0,73.37199287081665,6.628007129183345
7,Ammonia,80.0,61.608417075421286,18.391582924578714
7,Ammonia,290.0,221.2157887886998,68.7842112113002
7,Ethylene,250.0,201.0685573041959,48.931442695804094
7,Ethylene,210.0,196.6554861939425,13.344513806057506
7,Ammonia,150.0,140.087848375258,9.912151624741995
7,Ammonia,200.0,162.50172081278166,37.498279187218344
7,Ethylene,230.0,195.00216340624874,34.99783659375126
7,Ethylene,120.0,129.82687162706185,9.826871627061848
7,Ammonia,250.0,208.01749342411344,41.98250657588656
7,Ammonia,60.0,44.92810461510632,15.07189538489368
7,Ethylene,90.0,73.5481983699182,16.451801630081803
7,Ethylene,170.0,173.00841990707733,3.008419907077325
7,Ammonia,160.0,160.82104871741382,0.8210487174138166
7,Ammonia,240.0,184.76025594065987,55.239744059340126
7,Ethylene,240.0,198.1175392387245,41.882460761275496
7,Ethylene,60.0,50.403534881555686,9.596465118444314
7,Ammonia,260.0,213.08162875455906,46.91837124544094
7,Ammonia,130.0,119.89710068519952,10.102899314800482
7,Ethylene,190.0,186.9179068433093,3.0820931566906893
7,Ethylene,30.0,26.2829234654739,3.7170765345261003
7,Ammonia,170.0,170.3989184348847,0.39891843488470613
7,Ammonia,230.0,175.6312013075322,54.368798692467806
7,Ethylene,220.0,191.80978856697925,28.19021143302075
7,Ethylene,110.0,117.62291223486446,7.622912234864458
7,Ammonia,270.0,217.50757483953555,52.49242516046445
7,Ammonia,180.0,151.71667247372065,28.28332752627935
7,Ethylene,130.0,122.85828189003068,7.141718109969318
7,Ethylene,40.0,30.051310570622377,9.948689429377623
7,Ammonia,190.0,181.94783162712895,8.052168372871051
7,Ammonia,90.0,75.73848628540196,14.261513714598038
7,Ammonia,140.0,126.76137599491595,13.238624005084048
7,Ethylene,70.0,57.216580425269925,12.783419574730075
7,Ammonia,70.0,41.23696748810916,28.76303251189084
7,Ammonia,100.0,84.33207272670619,15.667927273293813
7,Ethylene,140.0,131.14070022244084,8.859299777559158
7,Ethylene,160.0,161.40645703595558,1.406457035955583
7,Ammonia,210.0,187.341170216566,22.658829783433987
7,Ethylene,100.0,70.21968388105999,29.780316118940007
7,Ethylene,10.0,7.01294868080879,2.9870513191912096
7,Ammonia,300.0,232.1857324213084,67.81426757869161
7,Ammonia,50.0,24.384380531840222,25.615619468159778
7,Ethylene,200.0,183.1991047657874,16.80089523421259
7,Ethylene,20.0,11.851140801891248,8.148859198108752
7,Ammonia,110.0,94.1738645853844,15.826135414615607
7,Ammonia,220.0,167.28814300221913,52.71185699778087
7,Ethylene,150.0,140.47689808813692,9.52310191186308
7,Ethylene,50.0,33.642064017741504,16.357935982258496
7,Ammonia,120.0,109.87851215883744,10.121487841162562
7,Ammonia,280.0,202.81326891891052,77.18673108108948
7,Ethylene,180.0,165.2887523269118,14.711247673088195
7,Ethylene,80.0,55.439780824629125,24.560219175370875
7,Ammonia,80.0,50.5763380319934,29.4236619680066
7,Ammonia,290.0,210.92737313329002,79.07262686670998
7,Ethylene,250.0,194.98918633047532,55.01081366952468
7,Ethylene,210.0,188.52150482403977,21.478495175960234
7,Ammonia,150.0,137.42608936464464,12.573910635355361
7,Ammonia,200.0,161.31087773632677,38.68912226367323
7,Ethylene,230.0,187.7816332967488,42.218366703251206
7,Ethylene,120.0,114.64422846764126,5.3557715323587445
7,Ammonia,250.0,202.3555642526893,47.644435747310695
7,Ammonia,60.0,40.18507839551509,19.81492160448491
7,Ethylene,90.0,68.00670613751548,21.99329386248452
7,Ethylene,170.0,167.95862583496594,2.041374165034057
7,Ammonia,160.0,151.81677276817533,8.183227231824674
7,Ammonia,240.0,178.888006727713,61.11199327228701
7,Ethylene,240.0,189.91465741959473,50.08534258040527
7,Ethylene,60.0,40.09665097962133,19.90334902037867
7,Ammonia,260.0,207.06333964973086,52.936660350269136
7,Ammonia,130.0,109.2283067868486,20.771693213151394
7,Ethylene,190.0,164.59016513209724,25.40983486790276
7,Ethylene,30.0,19.435658508066027,10.564341491933973
7,Ammonia,170.0,161.03712566566986,8.962874334330138
7,Ammonia,230.0,172.26203131886825,57.73796868113175
7,Ethylene,220.0,188.68515081174655,31.314849188253447
7,Ethylene,110.0,92.07185377888987,17.928146221110126
7,Ammonia,270.0,209.92844057796407,60.07155942203593
7,Ammonia,180.0,149.04573008193015,30.954269918069855
7,Ethylene,130.0,122.49388799457391,7.50611200542609
7,Ethylene,50.0,35.871999793086076,14.128000206913924
7,Ammonia,190.0,184.76942773828665,5.230572261713348
7,Ammonia,90.0,72.14397033711023,17.856029662889767
7,Ammonia,140.0,120.74345864504691,19.256541354953086
7,Ethylene,70.0,56.199081519613415,13.800918480386585
7,Ammonia,70.0,40.187331774035854,29.812668225964146
7,Ammonia,100.0,84.56783590971989,15.43216409028011
7,Ethylene,140.0,143.2373306879588,3.237330687958803
7,Ethylene,160.0,176.76632312643454,16.766323126434543
7,Ammonia,210.0,189.38670462249445,20.61329537750555
7,Ethylene,100.0,98.34444683424806,1.6555531657519396
7,Ethylene,10.0,12.73594105358103,2.73594105358103
7,Ammonia,300.0,234.20000809985575,65.79999190014425
7,Ammonia,50.0,37.08761162691964,12.912388373080361
7,Ethylene,200.0,192.3025823121976,7.697417687802414
7,Ethylene,20.0,17.002597115617746,2.9974028843822538
7,Ammonia,110.0,100.07347337938158,9.926526620618418
7,Ammonia,220.0,169.70245961876827,50.29754038123173
7,Ethylene,150.0,157.1801307384173,7.18013073841729
7,Ethylene,50.0,41.208225575861576,8.791774424138424
7,Ammonia,120.0,115.88597965049665,4.114020349503349
7,Ammonia,280.0,204.00390133349248,75.99609866650752
7,Ethylene,180.0,185.79153750642513,5.791537506425129
7,Ethylene,80.0,68.70850064922767,11.291499350772327
7,Ammonia,80.0,56.57424238186756,23.425757618132437
7,Ammonia,290.0,216.53848325175454,73.46151674824546
7,Ethylene,250.0,198.01989907629053,51.98010092370947
7,Ethylene,210.0,193.5133921635123,16.486607836487707
7,Ammonia,150.0,146.22918168807314,3.7708183119268597
7,Ammonia,200.0,153.17310194538254,46.82689805461746
7,Ethylene,230.0,185.4328597195867,44.5671402804133
7,Ethylene,120.0,134.29865151969847,14.298651519698467
7,Ammonia,250.0,203.50102560812874,46.49897439187126
7,Ammonia,60.0,39.78671504486293,20.21328495513707
7,Ethylene,90.0,75.64478415569812,14.355215844301881
7,Ethylene,170.0,177.96758536933626,7.967585369336263
7,Ammonia,160.0,161.80491806090942,1.804918060909415
7,Ammonia,240.0,183.0222482459152,56.97775175408481
7,Ethylene,240.0,191.1510426037245,48.848957396275495
7,Ethylene,60.0,44.89835813101254,15.101641868987457
7,Ammonia,260.0,218.11645155793207,41.883548442067934
7,Ammonia,130.0,118.78238893451366,11.217611065486338
7,Ethylene,190.0,175.17242216170217,14.827577838297827
7,Ethylene,30.0,23.564951067909973,6.435048932090027
7,Ammonia,170.0,166.35279720003024,3.6472027999697616
7,Ammonia,230.0,184.45459682373811,45.545403176261885
7,Ethylene,220.0,191.5445164540456,28.455483545954394
7,Ethylene,110.0,91.4695728044473,18.530427195552704
7,Ammonia,270.0,222.31384395289254,47.68615604710746
7,Ammonia,180.0,153.45934980248498,26.54065019751502
7,Ethylene,130.0,106.58936145518074,23.410638544819264
7,Ethylene,40.0,23.72586762443126,16.27413237556874
7,Ammonia,190.0,188.40101003966058,1.5989899603394235
7,Ammonia,90.0,70.63110105757409,19.368898942425915
7,Ammonia,140.0,129.75480516468605,10.245194835313953
7,Ethylene,70.0,51.68025449934265,18.319745500657348
7,Ammonia,70.0,35.489768661841424,34.510231338158576
7,Ammonia,100.0,83.40097450139095,16.599025498609052
7,Ethylene,140.0,110.43358188443685,29.566418115563152
7,Ethylene,160.0,143.2132127380764,16.786787261923592
7,Ammonia,210.0,194.8125758622686,15.187424137731398
7,Ethylene,100.0,69.17556373990182,30.82443626009818
7,Ethylene,10.0,14.488353133487081,4.488353133487081
7,Ammonia,300.0,236.53113590655283,63.468864093447166
7,Ammonia,50.0,26.557942354878904,23.442057645121096
7,Ethylene,200.0,171.09520019173843,28.904799808261572
7,Ethylene,20.0,21.06418537118418,1.0641853711841804
7,Ammonia,110.0,99.85874107689574,10.14125892310426
7,Ammonia,220.0,182.11535982554915,37.88464017445085
7,Ethylene,150.0,125.68036164176829,24.319638358231714
7,Ethylene,50.0,29.394639180527307,20.605360819472693
7,Ammonia,120.0,111.83243562437494,8.167564375625062
7,Ammonia,280.0,211.99780391190976,68.00219608809024
7,Ethylene,180.0,147.00321060964006,32.996789390359936
7,Ethylene,80.0,47.98524073223081,32.01475926776919
7,Ammonia,80.0,48.95718620533192,31.042813794668078
7,Ammonia,290.0,217.99086076881082,72.00913923118918
7,Ethylene,250.0,185.73890947467808,64.26109052532192
7,Ethylene,210.0,183.1507266313596,26.84927336864041
7,Ammonia,150.0,142.94775338025562,7.0522466197443805
7,Ammonia,200.0,168.90207907779524,31.097920922204764
7,Ethylene,230.0,177.6111888328524,52.388811167147594
7,Ethylene,120.0,94.85020521997498,25.14979478002502
7,Ammonia,250.0,211.94146910106056,38.05853089893944
7,Ammonia,60.0,33.146743159298325,26.853256840701675
7,Ethylene,90.0,60.944452457880004,29.055547542119996
7,Ethylene,170.0,149.63322359607878,20.36677640392122
7,Ammonia,160.0,154.94340443415481,5.0565955658451855
7,Ammonia,240.0,187.50861738743035,52.49138261256965
7,Ethylene,240.0,175.95955724435947,64.04044275564053
7,Ethylene,60.0,34.22084455804567,25.77915544195433
7,Ammonia,260.0,214.78708769330888,45.21291230669112
7,Ammonia,130.0,116.83434296008672,13.165657039913285
7,Ethylene,190.0,149.19365061821907,40.80634938178093
7,Ethylene,30.0,21.814776145622048,8.185223854377952
7,Ammonia,170.0,164.07117926029136,5.928820739708641
7,Ammonia,230.0,178.3006476186064,51.699352381393595
7,Ethylene,220.0,177.31765056951832,42.68234943048168
7,Ethylene,110.0,76.23016090677305,33.76983909322695
7,Ammonia,270.0,220.58523495678543,49.41476504321457
7,Ammonia,180.0,154.92131995727203,25.078680042727967
7,Ethylene,130.0,96.37850527171585,33.62149472828415
7,Ethylene,40.0,24.626040323601018,15.373959676398982
7,Ammonia,190.0,188.85416151518882,1.1458384848111791
7,Ammonia,90.0,73.29951252063915,16.700487479360845
7,Ammonia,140.0,130.23704584243785,9.762954157562149
7,Ethylene,70.0,55.292503047376584,14.707496952623416
7,Ammonia,70.0,36.220192799283296,33.779807200716704
7,Ammonia,100.0,84.62892571046399,15.371074289536011
7,Ethylene,140.0,111.43442085981115,28.565579140188845
7,Ethylene,160.0,165.1384449587348,5.1384449587347945
7,Ammonia,210.0,194.85545964911455,15.14454035088545
7,Ethylene,100.0,72.38119099326812,27.61880900673188
7,Ethylene,10.0,10.034285516552302,0.03428551655230194
7,Ammonia,300.0,234.51819063682387,65.48180936317613
7,Ammonia,50.0,28.189779989156847,21.810220010843153
7,Ethylene,200.0,183.54714823352313,16.45285176647687
7,Ethylene,20.0,11.945955422070227,8.054044577929773
7,Ammonia,110.0,102.79298779732486,7.207012202675145
7,Ammonia,220.0,175.72511485185333,44.274885148146666
7,Ethylene,150.0,137.91602028101752,12.083979718982476
7,Ethylene,50.0,35.41198311224798,14.588016887752019
7,Ammonia,120.0,115.80206028367974,4.197939716320263
7,Ammonia,280.0,211.9135379286584,68.0864620713416
7,Ethylene,180.0,178.9332012993802,1.0667987006198132
7,Ethylene,80.0,70.8457043487487,9.154295651251303
7,Ammonia,80.0,61.051006401858416,18.948993598141584
7,Ammonia,290.0,221.06623906303804,68.93376093696196
7,Ethylene,250.0,200.3936875254504,49.60631247454961
7,Ethylene,210.0,193.859295683347,16.140704316653
7,Ammonia,150.0,153.4302956800456,3.430295680045589
7,Ammonia,200.0,159.7742937414637,40.22570625853629
7,Ethylene,230.0,194.1749989079019,35.82500109209809
7,Ethylene,120.0,141.27613158225066,21.276131582250656
7,Ammonia,250.0,214.850103771327,35.149896228672986
7,Ammonia,60.0,48.344666353180955,11.655333646819045
7,Ethylene,90.0,93.06999697643417,3.069996976434169
7,Ethylene,170.0,190.5576174238262,20.5576174238262
7,Ammonia,160.0,172.48031421228325,12.480314212283247
7,Ammonia,240.0,195.1827872942618,44.8172127057382
7,Ethylene,240.0,200.03374758902356,39.96625241097644
7,Ethylene,60.0,52.59301259687554,7.406987403124461
7,Ammonia,260.0,220.46256355124106,39.53743644875894
7,Ammonia,130.0,124.9294822301107,5.070517769889307
7,Ethylene,190.0,188.68304775284335,1.3169522471566495
7,Ethylene,30.0,29.18769754297024,0.8123024570297588
7,Ammonia,170.0,177.99139947487055,7.991399474870548
7,Ammonia,230.0,186.79688494628078,43.203115053719216
7,Ethylene,220.0,196.86881713124149,23.131182868758515
7,Ethylene,30.0,130.27349943374162,100.27349943374162
7,Ammonia,270.0,225.41515433012788,44.584845669872124
7,Ammonia,180.0,154.8781917225384,25.12180827746161
7,Ethylene,130.0,152.5315764165254,22.53157641652541
7,Ethylene,40.0,31.74568684424257,8.25431315575743
7,Ammonia,190.0,187.195340716886,2.804659283114006
7,Ammonia,90.0,83.35623843061359,6.643761569386413
7,Ammonia,140.0,130.82441194630877,9.175588053691229
7,Ethylene,70.0,70.35363540083632,0.3536354008363247
7,Ammonia,70.0,49.747909940697184,20.252090059302816
7,Ammonia,100.0,97.60073676669145,2.3992632333085453
7,Ethylene,140.0,154.56161739456917,14.561617394569168
7,Ethylene,160.0,186.0228246268708,26.0228246268708
7,Ammonia,210.0,192.8031813620379,17.19681863796211
7,Ethylene,100.0,118.67030773363608,18.67030773363608
7,Ethylene,10.0,15.137897493659565,5.137897493659565
7,Ammonia,300.0,253.6488456051252,46.35115439487481
7,Ammonia,50.0,39.70973820640407,10.290261793595931
7,Ethylene,200.0,190.44608596065154,9.553914039348456
7,Ethylene,10.0,12.075739876598703,2.0757398765987034
7,Ammonia,110.0,110.52836622629526,0.5283662262952618
7,Ammonia,220.0,178.51179884489648,41.488201155103525
7,Ethylene,150.0,171.59710492276184,21.597104922761844
7,Ethylene,50.0,45.723548343184504,4.276451656815496
7,Ammonia,120.0,120.57989964683092,0.5798996468309241
7,Ammonia,280.0,226.88282192127167,53.11717807872833
7,Ethylene,180.0,188.44186981552173,8.441869815521727
7,Ethylene,80.0,85.0705736553291,5.070573655329099
7,Ammonia,80.0,63.915689878305045,16.084310121694955
7,Ammonia,290.0,226.23035394879793,63.76964605120207
7,Ethylene,250.0,204.86806729286815,45.13193270713185
7,Ethylene,210.0,201.07017951849514,8.929820481504862
7,Ammonia,150.0,154.0600941900799,4.060094190079894
7,Ammonia,200.0,162.3974092759755,37.60259072402451
7,Ethylene,230.0,196.6143634418046,33.38563655819539
7,Ethylene,120.0,149.28122558636827,29.281225586368265
7,Ammonia,250.0,213.5539426648528,36.4460573351472
7,Ammonia,60.0,46.03615431742385,13.96384568257615
7,Ethylene,90.0,107.22317050775864,17.22317050775864
7,Ethylene,170.0,188.21840456385917,18.218404563859167
7,Ammonia,160.0,172.24410773874305,12.244107738743054
7,Ammonia,240.0,194.11715558117928,45.882844418820724
7,Ethylene,240.0,203.60167332660728,36.39832667339272
7,Ethylene,60.0,54.25462781077999,5.7453721892200065
7,Ammonia,260.0,217.8926733875593,42.10732661244069
7,Ammonia,130.0,122.04605301116969,7.95394698883031
7,Ethylene,190.0,188.50622830193413,1.4937716980658706
7,Ethylene,30.0,28.053020895896864,1.9469791041031357
7,Ammonia,170.0,176.37529537279346,6.37529537279346
7,Ammonia,230.0,191.05534364103505,38.94465635896495
7,Ethylene,220.0,189.75868778221334,30.241312217786657
7,Ethylene,110.0,144.25143928282023,34.25143928282023
7,Ammonia,270.0,229.48929458068477,40.51070541931523
7,Ammonia,180.0,150.267968840474,29.732031159526002
7,Ethylene,130.0,147.96090743696277,17.96090743696277
7,Ethylene,40.0,34.31566648406472,5.684333515935279
7,Ammonia,190.0,188.74058335103967,1.2594166489603253
7,Ammonia,90.0,85.59685601314192,4.403143986858083
7,Ammonia,140.0,131.96990503696242,8.030094963037584
7,Ethylene,70.0,71.31448301214162,1.314483012141622
7,Ammonia,70.0,50.24228105276836,19.757718947231638
7,Ammonia,100.0,98.09046246762333,1.9095375323766746
7,Ethylene,140.0,165.05520874530188,25.055208745301883
7,Ethylene,160.0,191.37808693621164,31.378086936211645
7,Ammonia,210.0,197.2826425762756,12.717357423724394
7,Ethylene,100.0,105.65254380956623,5.652543809566225
7,Ethylene,10.0,9.866360118897802,0.13363988110219793
7,Ammonia,300.0,243.4922320165118,56.50776798348821
7,Ammonia,50.0,41.19719772220188,8.802802277798122
7,Ethylene,200.0,198.01934134368145,1.9806586563185533
7,Ethylene,20.0,22.62999601891228,2.62999601891228
7,Ammonia,110.0,112.36497137021512,2.364971370215116
7,Ammonia,220.0,178.7469612920971,41.2530387079029
7,Ethylene,150.0,177.41743254207495,27.41743254207495
7,Ethylene,50.0,43.70974640255206,6.290253597447943
7,Ammonia,120.0,119.32320862947313,0.6767913705268711
7,Ammonia,280.0,223.17198771666193,56.82801228333807
7,Ethylene,180.0,193.71276642600526,13.71276642600526
7,Ethylene,80.0,78.70359921078268,1.2964007892173157
7,Ammonia,80.0,65.84940138230547,14.150598617694527
7,Ammonia,290.0,231.79305696807938,58.206943031920616
7,Ethylene,250.0,206.78212566097392,43.21787433902608
7,Ethylene,210.0,202.6519699036594,7.348030096340608
7,Ammonia,150.0,156.11116935346513,6.1111693534651295
7,Ammonia,200.0,166.49266545246186,33.507334547538136
7,Ethylene,230.0,200.71275944663358,29.287240553366416
7,Ethylene,120.0,151.9130939872225,31.91309398722251
7,Ammonia,250.0,216.0003193774127,33.999680622587306
7,Ammonia,60.0,45.193800570946536,14.806199429053464
7,Ethylene,90.0,99.87762453280493,9.87762453280493
7,Ethylene,170.0,188.78301320605502,18.783013206055017
7,Ammonia,160.0,169.5871628964551,9.587162896455112
7,Ammonia,240.0,190.07511510299958,49.924884897000425
7,Ethylene,240.0,197.5630471467202,42.43695285327979
7,Ethylene,60.0,53.28658505827353,6.7134149417264695
7,Ammonia,260.0,221.22000876151634,38.77999123848366
7,Ammonia,130.0,121.78256635612408,8.217433643875921
7,Ethylene,190.0,186.192705650435,3.8072943495650122
7,Ethylene,30.0,32.7162029233029,2.7162029233029017
7,Ammonia,170.0,182.35818039347745,12.358180393477454
7,Ammonia,230.0,190.6328526628212,39.36714733717881
7,Ethylene,220.0,193.75947085317398,26.24052914682602
7,Ethylene,110.0,136.65617711324703,26.656177113247026
7,Ammonia,270.0,225.57710953304797,44.422890466952026
7,Ammonia,180.0,153.05650871028635,26.94349128971365
7,Ethylene,130.0,163.5764223017132,33.576422301713194
7,Ethylene,40.0,40.4811231102216,0.4811231102216027
7,Ammonia,190.0,191.36193442936687,1.361934429366869
7,Ammonia,90.0,86.72637875702648,3.273621242973519
7,Ammonia,140.0,130.66661707795953,9.333382922040471
7,Ethylene,70.0,72.94341572864117,2.9434157286411704
7,Ammonia,70.0,50.67606651102609,19.323933488973907
7,Ammonia,100.0,99.43333500877128,0.5666649912287198
7,Ethylene,140.0,163.04237373999678,23.042373739996776
7,Ethylene,160.0,189.82285597974837,29.82285597974837
7,Ammonia,210.0,199.5182648387823,10.4817351612177
7,Toluene,100.0,182.25051961671534,82.25051961671534
7,Toluene,1.0,3.0322972754621844,2.0322972754621844
7,Ethanol,50.0,310.1407418082582,260.1407418082582
7,Ethanol,100.0,21.09851055671598,78.90148944328402
7,Toluene,5.0,14.346855995383095,9.346855995383095
7,Toluene,10.0,2.5268991087371546,7.473100891262845
7,Ethanol,110.0,122.78854396716216,12.788543967162155
7,Ethanol,220.0,256.1715258901324,36.171525890132386
7,Toluene,60.0,105.60540825317628,45.60540825317628
7,Toluene,20.0,23.423842693511887,3.4238426935118866
7,Ethanol,120.0,150.66198464195725,30.661984641957247
7,Ethanol,280.0,293.5276693787586,13.527669378758617
7,Toluene,70.0,133.76149935218416,63.76149935218416
7,Toluene,30.0,39.482054688049246,9.482054688049246
7,Ethanol,130.0,304.4907981803796,174.4907981803796
7,Toluene,95.0,172.64651890646158,77.64651890646158
7,Toluene,85.0,150.52937546653368,65.52937546653368
7,Ethanol,200.0,225.19732122649532,25.19732122649532
7,Toluene,45.0,72.78155314902891,27.78155314902891
7,Toluene,65.0,117.06702078517685,52.06702078517685
7,Ethanol,250.0,286.4537243989656,36.45372439896562
7,Ethanol,60.0,21.416913712628215,38.583086287371785
7,Toluene,15.0,23.53512220415105,8.535122204151051
7,Toluene,50.0,76.8759942564352,26.875994256435206
7,Ethanol,10.0,220.7179117537259,210.7179117537259
7,Ethanol,240.0,268.9863689160803,28.986368916080323
7,Toluene,40.0,68.95134251010985,28.951342510109853
7,Toluene,35.0,57.938051652987454,22.938051652987454
7,Ethanol,10.0,289.44408869775674,279.44408869775674
7,Ethanol,130.0,128.41743227706414,1.5825677229358632
7,Toluene,75.0,134.99825709724422,59.99825709724422
7,Toluene,90.0,153.40809769464022,63.40809769464022
7,Ethanol,230.0,244.65217130097585,14.652171300975851
7,Toluene,80.0,148.37944780331404,68.37944780331404
7,Toluene,55.0,93.48527552801238,38.48527552801238
7,Ethanol,180.0,203.5134788552436,23.51347885524359
7,Toluene,25.0,38.10232711195289,13.102327111952889
7,Toluene,2.5,1.2055981109570553,1.2944018890429447
7,Ethanol,190.0,249.81756915772382,59.817569157723824
7,Ethanol,180.0,53.14003258510171,126.85996741489829
7,Ethanol,140.0,141.58834674039522,1.5883467403952238
7,Ethanol,70.0,28.348870232621735,41.651129767378265
7,Ethanol,280.0,79.03477689155874,200.96522310844125
7,Ethanol,210.0,239.31587106442035,29.31587106442035
7,Toluene,100.0,184.11359758780256,84.11359758780256
7,Toluene,1.0,1.1624863948161988,0.16248639481619875
7,Ethanol,300.0,304.7047258013416,4.704725801341624
7,Ethanol,60.0,22.669562184127145,37.330437815872855
7,Toluene,5.0,9.291712286129012,4.2917122861290125
7,Toluene,10.0,3.586971523483271,6.413028476516729
7,Ethanol,220.0,243.3784741246369,23.37847412463691
7,Toluene,60.0,115.24283643016985,55.242836430169845
7,Toluene,20.0,24.344874122902937,4.344874122902937
7,Ethanol,280.0,283.90360700483023,3.903607004830235
7,Toluene,70.0,134.93165812173214,64.93165812173214
7,Toluene,30.0,41.48937322180136,11.489373221801358
7,Ethanol,290.0,298.7418785857219,8.741878585721906
7,Toluene,95.0,167.24679177058184,72.24679177058184
7,Toluene,85.0,153.78903081985618,68.78903081985618
7,Ethanol,200.0,228.42285929649228,28.422859296492277
7,Toluene,45.0,84.34665299482832,39.34665299482832
7,Toluene,65.0,113.91957624720567,48.91957624720567
7,Ethanol,100.0,23.192000522283195,76.8079994777168
7,Toluene,15.0,23.494152234145048,8.494152234145048
7,Toluene,50.0,84.57444566580001,34.57444566580001
7,Ethanol,240.0,267.3324626538267,27.332462653826724
7,Toluene,40.0,75.30921199413869,35.30921199413869
7,Toluene,35.0,58.50700349658054,23.507003496580538
7,Ethanol,10.0,290.47440378352326,280.47440378352326
7,Ethanol,130.0,126.24204410408984,3.7579558959101576
7,Toluene,75.0,133.75359301313378,58.75359301313378
7,Toluene,90.0,166.355968589883,76.35596858988299
7,Ethanol,230.0,258.2592478682898,28.259247868289776
7,Toluene,80.0,142.762713850556,62.762713850556
7,Toluene,55.0,89.43691683928967,34.436916839289665
7,Ethanol,270.0,300.8085591656018,30.80855916560182
7,Ethanol,180.0,213.455557704447,33.45555770444699
7,Toluene,25.0,37.56176304787806,12.56176304787806
7,Toluene,10.0,1.812506695525542,8.187493304474458
7,Ethanol,190.0,247.04606553663245,57.046065536632454
7,Ethanol,90.0,67.70274350836432,22.29725649163568
7,Ethanol,10.0,154.04820486249133,144.04820486249133
7,Ethanol,70.0,33.47872952661098,36.52127047338902
7,Ethanol,100.0,88.91745086680433,11.08254913319567
7,Ethanol,210.0,245.79232098847427,35.79232098847427
7,Toluene,100.0,171.89413355658266,71.89413355658266
7,Toluene,1.0,3.508861416390289,2.508861416390289
7,Ethanol,300.0,306.844820801275,6.844820801274977
7,Ethanol,10.0,20.39922268518292,10.39922268518292
7,Toluene,5.0,15.229322313185662,10.229322313185662
7,Toluene,10.0,4.0782430811039205,5.9217569188960795
7,Ethanol,130.0,107.93570692651315,22.06429307348685
7,Ethanol,220.0,255.34598296067617,35.34598296067617
7,Toluene,60.0,120.50436373262492,60.504363732624924
7,Toluene,20.0,21.263307742629507,1.2633077426295074
7,Ethanol,280.0,294.4585662440596,14.458566244059625
7,Toluene,70.0,132.4710558061697,62.47105580616969
7,Toluene,130.0,43.55008383042512,86.44991616957488
7,Ethanol,290.0,308.6066116386436,18.606611638643585
7,Toluene,95.0,166.46709100622962,71.46709100622962
7,Toluene,85.0,147.87388397641388,62.87388397641388
7,Ethanol,200.0,229.09690736936182,29.096907369361816
7,Toluene,45.0,76.64294929179763,31.642949291797635
7,Toluene,65.0,119.22965952090068,54.22965952090068
7,Ethanol,100.0,23.627308276936873,76.37269172306313
7,Toluene,15.0,29.71036325199522,14.710363251995219
7,Toluene,50.0,89.11134494032152,39.111344940321516
7,Ethanol,240.0,275.4607774702383,35.46077747023833
7,Toluene,40.0,74.00297495452467,34.002974954524674
7,Toluene,35.0,54.60612882541261,19.60612882541261
7,Ethanol,260.0,289.55074866323883,29.550748663238835
7,Ethanol,130.0,132.38231071660147,2.3823107166014665
7,Toluene,75.0,129.67740061686465,54.677400616864645
7,Toluene,90.0,161.4642620593899,71.46426205938991
7,Ethanol,230.0,269.15609298602845,39.156092986028455
7,Toluene,80.0,150.60423399737763,70.60423399737763
7,Toluene,55.0,86.88392577791423,31.88392577791423
7,Ethanol,270.0,298.48187904878404,28.481879048784037
7,Ethanol,180.0,208.6023708412455,28.602370841245488
7,Toluene,25.0,38.05213105664869,13.05213105664869
7,Toluene,2.5,0.0,2.5
7,Ethanol,190.0,246.62889852900784,56.62889852900784
7,Ethanol,90.0,66.30137762088916,23.698622379110844
7,Ethanol,140.0,152.8768777136746,12.876877713674588
7,Ethanol,70.0,31.88503227590597,38.11496772409403
7,Ethanol,2.5,81.481082378986,78.981082378986
7,Ethanol,10.0,251.79785882035355,241.79785882035355
7,Toluene,100.0,195.76095528797464,95.76095528797464
7,Toluene,1.0,6.322067554635083,5.322067554635083
7,Ethanol,300.0,311.2605764329029,11.260576432902894
7,Ethanol,50.0,23.79828576101596,26.20171423898404
7,Toluene,5.0,21.010736457726452,16.010736457726452
7,Toluene,10.0,7.21163406893848,2.78836593106152
7,Ethanol,10.0,256.96797991844653,246.96797991844653
7,Toluene,60.0,105.97973502984718,45.97973502984718
7,Toluene,20.0,24.79443712764902,4.794437127649019
7,Ethanol,280.0,297.8127697216715,17.812769721671486
7,Toluene,70.0,130.59697864063608,60.59697864063608
7,Toluene,30.0,44.109580480617865,14.109580480617865
7,Ethanol,5.0,303.48705704087797,298.48705704087797
7,Toluene,95.0,172.12057322059576,77.12057322059576
7,Toluene,85.0,152.16986362424493,67.16986362424493
7,Ethanol,200.0,224.04281594040197,24.042815940401965
7,Toluene,45.0,68.7653592094111,23.765359209411102
7,Toluene,65.0,116.74441730427317,51.74441730427317
7,Ethanol,60.0,22.905274673483532,37.09472532651647
7,Toluene,15.0,25.54107133865483,10.541071338654831
7,Toluene,50.0,81.14549210369432,31.145492103694323
7,Ethanol,240.0,266.247804614799,26.24780461479901
7,Toluene,40.0,63.63828692634924,23.638286926349238
7,Toluene,35.0,59.48496231062224,24.484962310622237
7,Ethanol,260.0,291.9462020376989,31.946202037698924
7,Ethanol,130.0,133.608991271785,3.608991271784987
7,Toluene,75.0,147.76122666767083,72.76122666767083
7,Toluene,90.0,170.392355767808,80.392355767808
7,Ethanol,70.0,253.36925863511584,183.36925863511584
7,Toluene,80.0,147.91503429054973,67.91503429054973
7,Toluene,55.0,106.03396239289816,51.03396239289816
7,Ethanol,180.0,214.01184826754786,34.01184826754786
7,Toluene,25.0,39.49375761347889,14.493757613478891
7,Toluene,10.0,0.5151260633062407,9.48487393669376
7,Ethanol,10.0,249.0686310100595,239.0686310100595
7,Ethanol,90.0,59.13023001700769,30.86976998299231
7,Ethanol,140.0,147.54189331872996,7.5418933187299615
7,Ethanol,70.0,34.40159231241742,35.59840768758258
7,Ethanol,100.0,84.41733666161025,15.58266333838975
7,Ethanol,210.0,246.5081275376891,36.50812753768909
7,Toluene,100.0,189.64029623124117,89.64029623124117
7,Toluene,1.0,1.5451817957716116,0.5451817957716116
7,Ethanol,300.0,307.6391943151101,7.639194315110103
7,Ethanol,50.0,19.51581672017487,30.48418327982513
7,Toluene,5.0,10.64085164985957,5.64085164985957
7,Toluene,10.0,0.2786810891404059,9.721318910859594
7,Ethanol,220.0,249.8001449740438,29.800144974043803
7,Toluene,60.0,114.59732189625026,54.597321896250264
7,Toluene,230.0,20.3862617174926,209.6137382825074
7,Ethanol,280.0,295.45406169532555,15.45406169532555
7,Toluene,70.0,128.25920392657753,58.25920392657753
7,Toluene,30.0,45.28597478721376,15.28597478721376
7,Ethanol,290.0,303.027885373225,13.02788537322499
7,Toluene,95.0,175.12265830855543,80.12265830855543
7,Toluene,85.0,161.420137942312,76.42013794231201
7,Ethanol,200.0,230.0451848001618,30.045184800161792
7,Toluene,45.0,83.92656026894863,38.926560268948634
7,Toluene,65.0,124.47090266406607,59.470902664066074
7,Toluene,15.0,23.601688962057963,8.601688962057963
7,Toluene,50.0,83.20045284103851,33.20045284103851
7,Ethanol,240.0,263.5582849963917,23.558284996391706
7,Toluene,40.0,73.35024637037817,33.35024637037817
7,Toluene,35.0,55.84875845050509,20.848758450505088
7,Ethanol,300.0,123.1518065062892,176.8481934937108
7,Toluene,75.0,138.31411559448748,63.314115594487475
7,Toluene,90.0,171.69468757979257,81.69468757979257
7,Ethanol,10.0,246.0556524156384,236.0556524156384
7,Toluene,80.0,159.72410907891881,79.72410907891881
7,Toluene,55.0,103.54274044164464,48.54274044164464
7,Ethanol,180.0,203.21715344139213,23.217153441392128
7,Toluene,25.0,37.75061457893089,12.750614578930893
7,Toluene,2.5,0.0,2.5
7,Ethanol,190.0,243.72713426983026,53.72713426983026
7,Ethanol,90.0,61.787437317581336,28.212562682418664
7,Ethanol,140.0,138.63188905514855,1.368110944851452
7,Ethanol,70.0,29.796556755279113,40.20344324472089
7,Ethanol,100.0,79.7853750676627,20.2146249323373
7,Ethanol,210.0,234.90349831337528,24.90349831337528
7,Toluene,100.0,180.2192233824095,80.2192233824095
7,Toluene,1.0,0.0,1.0
7,Ethanol,10.0,309.0306257022962,299.0306257022962
7,Toluene,5.0,9.21745701550941,4.21745701550941
7,Toluene,10.0,1.7441040334109346,8.255895966589065
7,Ethanol,40.0,239.38411148936285,199.38411148936285
7,Toluene,60.0,113.24932818075806,53.249328180758056
7,Toluene,160.0,24.16105215829117,135.83894784170883
7,Ethanol,290.0,287.31359087617125,2.686409123828753
7,Toluene,70.0,133.10332988690536,63.10332988690536
7,Toluene,30.0,49.37183351612529,19.371833516125292
7,Ethanol,290.0,294.7740619113378,4.77406191133781
7,Toluene,95.0,165.7881608514908,70.7881608514908
7,Toluene,85.0,163.2877282752495,78.28772827524949
7,Ethanol,200.0,217.3494937258409,17.349493725840887
7,Toluene,45.0,78.23800286219307,33.23800286219307
7,Toluene,65.0,133.09967929225283,68.09967929225283
7,Toluene,15.0,27.239032812763696,12.239032812763696
7,Toluene,50.0,87.37665393645446,37.37665393645446
7,Ethanol,240.0,266.05246117223356,26.052461172233564
7,Toluene,40.0,77.83827743432835,37.83827743432835
7,Toluene,35.0,56.35415478430873,21.354154784308733
7,Ethanol,130.0,119.64675092990927,10.353249070090726
7,Toluene,75.0,143.75820202792207,68.75820202792207
7,Toluene,90.0,173.0972189499842,83.09721894998421
7,Ethanol,230.0,255.75064841698645,25.75064841698645
7,Toluene,80.0,148.8184502784912,68.81845027849121
7,Toluene,55.0,97.45376818274482,42.453768182744824
7,Ethanol,180.0,194.28757225465307,14.287572254653071
7,Toluene,25.0,42.18751696509874,17.187516965098737
7,Toluene,2.5,0.0,2.5
7,Ethanol,190.0,234.91131306038167,44.91131306038167
7,Ethanol,140.0,54.34150213683078,85.65849786316922
7,Ethanol,140.0,148.0656492951949,8.065649295194902
7,Ethanol,10.0,28.500396586995976,18.500396586995976
7,Ethanol,10.0,80.51812843524462,70.51812843524462
7,Ethanol,210.0,230.11736266955546,20.11736266955546
7,Toluene,100.0,191.78570277306216,91.78570277306216
7,Toluene,10.0,3.198922952737007,6.801077047262993
7,Ethanol,300.0,300.85395459684366,0.8539545968436641
7,Toluene,5.0,13.032806551121638,8.032806551121638
7,Toluene,10.0,5.212636570013416,4.787363429986584
7,Ethanol,220.0,237.16141118489963,17.161411184899634
7,Toluene,60.0,112.7826170533317,52.782617053331705
7,Toluene,20.0,23.006718676747894,3.0067186767478944
7,Ethanol,280.0,284.2987253998155,4.29872539981551
7,Toluene,70.0,145.25896380172355,75.25896380172355
7,Toluene,30.0,46.333738930693585,16.333738930693585
7,Ethanol,290.0,292.63968352797735,2.639683527977354
7,Toluene,95.0,179.60924315542036,84.60924315542036
7,Toluene,85.0,152.17092931107135,67.17092931107135
7,Ethanol,200.0,222.2185325519246,22.218532551924596
7,Toluene,45.0,78.24608466177085,33.24608466177085
7,Toluene,65.0,128.52350015476614,63.52350015476614
7,Toluene,15.0,32.51630397009397,17.516303970093972
7,Toluene,50.0,88.70165045105435,38.70165045105435
7,Ethanol,240.0,265.48404714812267,25.48404714812267
7,Toluene,40.0,65.94276558054962,25.94276558054962
7,Toluene,35.0,59.588610249817634,24.588610249817634
7,Ethanol,130.0,123.06626226049035,6.933737739509652
7,Toluene,75.0,129.72026613591697,54.72026613591697
7,Toluene,90.0,163.3603255705202,73.36032557052019
7,Ethanol,230.0,255.83261187937023,25.832611879370234
7,Toluene,80.0,141.63214006900674,61.63214006900674
7,Toluene,160.0,98.21496867333984,61.78503132666016
7,Ethanol,180.0,200.63820297214525,20.63820297214525
7,Toluene,25.0,37.74164519517352,12.741645195173518
7,Toluene,220.0,1.3116260172673435,218.68837398273266
7,Ethanol,90.0,56.0812071739622,33.9187928260378
7,Ethanol,140.0,139.7563072391382,0.2436927608617907
7,Ethanol,70.0,31.048526404601546,38.951473595398454
7,Ethanol,100.0,82.78651772502067,17.213482274979327
7,Ethanol,210.0,234.0910609439362,24.091060943936213
7,Toluene,100.0,194.3027976982592,94.30279769825921
7,Toluene,10.0,2.949225164531441,7.050774835468559
7,Ethanol,10.0,299.80753578012707,289.80753578012707
7,Toluene,5.0,10.56370342860913,5.563703428609131
7,Toluene,10.0,4.5939544304316655,5.4060455695683345
7,Ethanol,220.0,231.95522608908885,11.955226089088853
7,Toluene,60.0,106.64421476373079,46.64421476373079
7,Toluene,20.0,24.240851230022074,4.2408512300220735
7,Ethanol,280.0,290.2540882687656,10.2540882687656
7,Toluene,70.0,123.17364914624396,53.17364914624396
7,Toluene,30.0,45.369869765748206,15.369869765748206
7,Ethanol,290.0,290.91004794692844,0.9100479469284437
7,Toluene,95.0,174.8214762288024,79.8214762288024
7,Toluene,85.0,160.52736581662842,75.52736581662842
7,Ethanol,200.0,216.02056882765788,16.020568827657883
7,Toluene,45.0,77.35711261938786,32.35711261938786
7,Toluene,65.0,124.54391086978029,59.54391086978029
7,Toluene,15.0,28.454020032259024,13.454020032259024
7,Toluene,50.0,95.78086628106044,45.78086628106044
7,Ethanol,240.0,250.92265299862413,10.92265299862413
7,Toluene,40.0,72.91744051252324,32.91744051252324
7,Toluene,35.0,54.13450500244463,19.134505002444627
7,Ethanol,130.0,125.83412959592744,4.165870404072564
7,Toluene,75.0,138.28047129646941,63.280471296469415
7,Toluene,90.0,173.17528141484206,83.17528141484206
7,Ethanol,230.0,248.6689094189946,18.668909418994588
7,Toluene,80.0,146.25787520486745,66.25787520486745
7,Toluene,55.0,97.81299966645423,42.81299966645423
7,Ethanol,180.0,201.1546742265239,21.154674226523895
7,Toluene,25.0,40.38443140919976,15.384431409199763
7,Toluene,30.0,0.0,30.0
7,Ethanol,190.0,230.6736013638295,40.673601363829505
7,Ethanol,90.0,57.611422427445845,32.388577572554155
7,Ethanol,140.0,141.37044883073065,1.370448830730652
7,Ethanol,70.0,33.2838176934128,36.7161823065872
7,Ethanol,100.0,83.34756843848766,16.652431561512344
7,Ethanol,220.0,241.2366280917377,21.236628091737714
7,Toluene,100.0,178.63468925445545,78.63468925445545
7,Toluene,120.0,2.8937475129588393,117.10625248704116
7,Ethanol,300.0,304.2579884883357,4.257988488335684
7,Toluene,5.0,14.54859009645844,9.54859009645844
7,Toluene,10.0,4.876894380300911,5.123105619699089
7,Ethanol,220.0,239.14909092770932,19.149090927709324
7,Toluene,60.0,112.42145785565285,52.42145785565285
7,Toluene,20.0,20.76091364284204,0.7609136428420413
7,Ethanol,140.0,294.0267079483908,154.02670794839082
7,Toluene,70.0,125.15440259596625,55.154402595966246
7,Toluene,30.0,45.87396947205656,15.873969472056558
7,Ethanol,290.0,303.8025264830953,13.802526483095278
7,Toluene,95.0,172.9132973590746,77.91329735907459
7,Toluene,85.0,164.29866868646207,79.29866868646207
7,Ethanol,200.0,222.1609534782826,22.160953478282607
7,Toluene,45.0,83.15138573992226,38.15138573992226
7,Toluene,65.0,117.59670849312258,52.59670849312258
7,Toluene,15.0,21.803954621046785,6.803954621046785
7,Toluene,50.0,83.02450155596063,33.024501555960626
7,Ethanol,220.0,256.6160009306204,36.61600093062037
7,Toluene,40.0,75.44339119502851,35.44339119502851
7,Toluene,35.0,57.81437484093699,22.814374840936992
7,Ethanol,130.0,124.44243792573488,5.557562074265121
7,Toluene,75.0,141.66735428167524,66.66735428167524
7,Toluene,90.0,164.5199138433855,74.5199138433855
7,Ethanol,230.0,244.90107327671004,14.901073276710036
7,Toluene,80.0,140.62474067481452,60.62474067481452
7,Toluene,55.0,100.36111987936927,45.36111987936927
7,Ethanol,180.0,200.20991602594927,20.20991602594927
7,Toluene,25.0,36.028832337380365,11.028832337380365
7,Toluene,220.0,0.8431204008797977,219.1568795991202
7,Ethanol,10.0,240.94315071505423,230.94315071505423
7,Ethanol,90.0,55.796590260771026,34.203409739228974
7,Ethanol,140.0,137.8323659380004,2.1676340619995926
7,Ethanol,20.0,28.341425047427094,8.341425047427094
7,Ethanol,70.0,81.17648578230731,11.17648578230731
7,Ethanol,50.0,234.25251320559397,184.25251320559397
7,Toluene,100.0,174.66746624628152,74.66746624628152
7,Toluene,1.0,0.947416249179895,0.052583750820105024
7,Ethanol,120.0,302.6141296688239,182.61412966882392
7,Toluene,5.0,14.07251073618859,9.07251073618859
7,Toluene,10.0,3.3445010545519835,6.6554989454480165
7,Ethanol,220.0,239.59843431411724,19.59843431411724
7,Toluene,60.0,108.74795615204802,48.74795615204802
7,Toluene,20.0,21.06838974766086,1.0683897476608593
7,Ethanol,280.0,289.2864620756907,9.286462075690679
7,Toluene,70.0,130.6310032865912,60.63100328659121
7,Toluene,30.0,46.37510869378053,16.375108693780533
7,Ethanol,290.0,297.95014042926425,7.950140429264252
7,Toluene,95.0,174.15954183462102,79.15954183462102
7,Toluene,85.0,159.5820616673392,74.58206166733919
7,Ethanol,200.0,227.8110150691098,27.8110150691098
7,Toluene,45.0,68.50654349581843,23.506543495818434
7,Toluene,65.0,133.81083867425076,68.81083867425076
7,Toluene,15.0,23.095400476155035,8.095400476155035
7,Toluene,50.0,85.45062908658875,35.45062908658875
7,Ethanol,240.0,254.84806143309905,14.848061433099048
7,Toluene,40.0,68.985677302776,28.985677302775997
7,Toluene,35.0,55.34794526256539,20.34794526256539
7,Ethanol,70.0,122.16086721201269,52.16086721201269
7,Toluene,75.0,140.79936064843736,65.79936064843736
7,Toluene,90.0,166.1876304910295,76.1876304910295
7,Ethanol,120.0,246.6391694217412,126.6391694217412
7,Toluene,80.0,143.8212599792464,63.821259979246406
7,Toluene,55.0,106.4246161704501,51.42461617045009
7,Ethanol,180.0,202.52934966202255,22.529349662022554
7,Toluene,25.0,37.049249490665886,12.049249490665886
7,Toluene,2.5,0.0,2.5
7,Ethanol,90.0,57.47238439232858,32.52761560767142
7,Ethanol,120.0,141.7522077938447,21.75220779384469
7,Ethanol,70.0,33.42175720154435,36.57824279845565
7,Ethanol,100.0,70.680207991825,29.319792008175
7,Ethanol,210.0,234.99023594984382,24.99023594984382
7,Toluene,100.0,171.31618792227664,71.31618792227664
7,Toluene,1.0,0.18000001894867523,0.8199999810513248
7,Ethanol,300.0,306.6447353189462,6.644735318946175
7,Toluene,5.0,12.685520991157887,7.685520991157887
7,Toluene,10.0,2.41540839093571,7.58459160906429
7,Ethanol,220.0,231.39393871162554,11.393938711625538
7,Toluene,60.0,112.1404765953092,52.140476595309195
7,Toluene,20.0,24.844462508464886,4.844462508464886
7,Ethanol,280.0,290.44372793423435,10.443727934234346
7,Toluene,70.0,114.88613995688421,44.88613995688421
7,Toluene,30.0,43.095348653574405,13.095348653574405
7,Ethanol,240.0,299.20000113069904,59.200001130699036
7,Toluene,95.0,164.71005666728593,69.71005666728593
7,Toluene,85.0,156.0419699850302,71.04196998503019
7,Ethanol,200.0,219.5931054286384,19.59310542863841
7,Toluene,45.0,81.14744830041576,36.14744830041576
7,Toluene,65.0,121.69847984321851,56.69847984321851
7,Toluene,15.0,22.885169897500447,7.885169897500447
7,Toluene,50.0,91.07747820230733,41.07747820230733
7,Ethanol,240.0,257.3205946881001,17.320594688100073
7,Toluene,40.0,69.23375574465128,29.233755744651276
7,Toluene,35.0,57.06251594844011,22.062515948440108
7,Ethanol,130.0,118.7618638581726,11.238136141827397
7,Toluene,75.0,134.53577311733306,59.535773117333065
7,Toluene,90.0,167.50715580551517,77.50715580551517
7,Ethanol,230.0,250.1169182709559,20.116918270955892
7,Toluene,80.0,142.8555162859026,62.85551628590261
7,Toluene,55.0,99.1395014415021,44.139501441502105
7,Ethanol,180.0,198.1071986282065,18.107198628206504
7,Toluene,25.0,36.7574925082108,11.757492508210802
7,Toluene,2.5,0.22201588147524376,2.2779841185247562
7,Ethanol,100.0,57.08490109314968,42.91509890685032
7,Ethanol,140.0,143.83311703924036,3.8331170392403635
7,Ethanol,70.0,28.72658144589076,41.27341855410924
7,Ethanol,180.0,78.48059009451862,101.51940990548138
7,Ethanol,200.0,227.24020009467847,27.24020009467847
7,Toluene,100.0,177.85399734851703,77.85399734851703
7,Toluene,1.0,4.186005876776278,3.186005876776278
7,Ethanol,50.0,298.9951866769226,248.99518667692257
7,Toluene,5.0,16.92440030726617,11.924400307266168
7,Toluene,10.0,3.2199010634374474,6.780098936562553
7,Ethanol,220.0,238.57299129761628,18.572991297616284
7,Toluene,60.0,103.44630420315795,43.44630420315795
7,Toluene,20.0,28.039979952311384,8.039979952311384
7,Ethanol,200.0,294.2730078496393,94.27300784963933
7,Toluene,70.0,123.1184929260851,53.118492926085096
7,Toluene,30.0,47.30418524375908,17.30418524375908
7,Ethanol,290.0,303.51167366491717,13.511673664917168
7,Toluene,95.0,169.01828916199776,74.01828916199776
7,Toluene,85.0,167.59779634460068,82.59779634460068
7,Ethanol,140.0,217.72066503263787,77.72066503263787
7,Toluene,45.0,74.2640817197374,29.264081719737405
7,Toluene,65.0,118.64327314151832,53.64327314151832
7,Toluene,15.0,25.05055591154995,10.05055591154995
7,Toluene,50.0,83.64609406886794,33.64609406886794
7,Ethanol,240.0,255.82957630269905,15.829576302699053
7,Toluene,40.0,69.61666914320588,29.616669143205883
7,Toluene,35.0,56.52370565510495,21.523705655104948
7,Ethanol,130.0,121.25803569701864,8.741964302981359
7,Toluene,75.0,134.64639053633556,59.64639053633556
7,Toluene,90.0,165.02311410858914,75.02311410858914
7,Ethanol,230.0,251.13389278273507,21.133892782735074
7,Toluene,80.0,132.4535276474278,52.45352764742779
7,Toluene,55.0,97.86548821728,42.86548821728
7,Ethanol,180.0,199.14172651980692,19.141726519806923
7,Toluene,25.0,34.69788268944424,9.697882689444242
7,Toluene,2.5,0.6584545145472305,1.8415454854527695
7,Ethanol,90.0,53.07556442350034,36.92443557649966
7,Ethanol,140.0,138.65906480941626,1.3409351905837354
7,Ethanol,70.0,32.91565961790599,37.08434038209401
7,Ethanol,100.0,77.25431316024051,22.745686839759486
7,Ethanol,210.0,239.18116263807258,29.18116263807258
7,Toluene,10.0,0.0,10.0
7,Toluene,10.0,0.0,10.0
7,Toluene,10.0,0.0,10.0
7,Toluene,10.0,0.0,10.0
7,Toluene,10.0,0.0,10.0
7,Toluene,10.0,0.0,10.0
7,Toluene,110.0,0.0,110.0
7,Toluene,10.0,0.0,10.0
7,Toluene,10.0,0.0,10.0
7,Toluene,10.0,0.0,10.0
7,Toluene,10.0,0.0,10.0
7,Toluene,10.0,0.0,10.0
7,Toluene,10.0,0.0,10.0
7,Toluene,10.0,0.0,10.0
7,Toluene,10.0,0.0,10.0
7,Toluene,10.0,0.0,10.0
7,Toluene,10.0,0.0,10.0
7,Toluene,10.0,0.0,10.0
7,Toluene,10.0,0.0,10.0
7,Toluene,10.0,0.0,10.0
7,Toluene,10.0,0.0,10.0
7,Toluene,10.0,0.0,10.0
7,Toluene,10.0,0.0,10.0
7,Toluene,80.0,0.0,80.0
7,Toluene,10.0,0.0,10.0
7,Toluene,10.0,0.0,10.0
7,Toluene,10.0,0.0,10.0
7,Toluene,10.0,0.0,10.0
7,Toluene,10.0,0.0,10.0
7,Toluene,10.0,0.0,10.0
7,Toluene,150.0,0.0,150.0
7,Toluene,10.0,0.0,10.0
7,Toluene,10.0,0.0,10.0
7,Toluene,10.0,0.0,10.0
7,Toluene,10.0,0.0,10.0
7,Toluene,10.0,0.0,10.0
7,Toluene,10.0,0.0,10.0
7,Toluene,10.0,0.0,10.0
7,Toluene,10.0,0.0,10.0
7,Toluene,10.0,0.0,10.0
7,Toluene,10.0,0.0,10.0
7,Toluene,100.0,0.0,100.0
7,Toluene,10.0,0.0,10.0
7,Toluene,10.0,0.0,10.0
7,Toluene,10.0,0.0,10.0
7,Toluene,10.0,0.0,10.0
7,Toluene,10.0,0.0,10.0
7,Toluene,10.0,0.0,10.0
7,Toluene,10.0,0.0,10.0
7,Toluene,10.0,0.0,10.0
7,Toluene,10.0,0.0,10.0
7,Toluene,10.0,0.0,10.0
7,Toluene,10.0,0.0,10.0
7,Acetone,100.0,157.31094243868495,57.31094243868495
7,Acetone,10.0,16.525351640576147,6.525351640576147
7,Ethanol,300.0,288.98640887928184,11.01359112071816
7,Ethanol,50.0,23.626282102000474,26.373717897999526
7,Acetone,200.0,211.20745488773719,11.207454887737185
7,Acetone,20.0,29.741711828254537,9.741711828254537
7,Ethanol,220.0,223.23771791722214,3.2377179172221418
7,Acetone,150.0,179.34286800216745,29.34286800216745
7,Acetone,50.0,77.20910883328051,27.20910883328051
7,Ethanol,280.0,271.10235446569516,8.897645534304843
7,Acetone,180.0,190.1934078264262,10.19340782642621
7,Acetone,80.0,127.2204237873174,47.2204237873174
7,Ethanol,290.0,279.84007834108945,10.159921658910548
7,Acetone,250.0,226.31441406113157,23.685585938868428
7,Acetone,210.0,217.65823665883573,7.658236658835733
7,Ethanol,200.0,201.61072677703885,1.610726777038849
7,Acetone,230.0,208.44387999839404,21.55612000160596
7,Acetone,120.0,171.77863884781453,51.778638847814534
7,Ethanol,10.0,24.48296996033919,14.48296996033919
7,Acetone,90.0,130.404766988685,40.404766988685
7,Acetone,170.0,197.44249404378405,27.442494043784052
7,Ethanol,240.0,230.8677325474816,9.132267452518391
7,Acetone,240.0,223.98065944301698,16.019340556983025
7,Acetone,60.0,100.8434973518998,40.8434973518998
7,Ethanol,10.0,100.53223880488017,90.53223880488017
7,Acetone,190.0,192.08042074587007,2.0804207458700716
7,Acetone,30.0,44.9368643249808,14.936864324980803
7,Ethanol,230.0,227.22891786736517,2.771082132634831
7,Acetone,220.0,210.55311261087195,9.446887389128051
7,Acetone,110.0,163.1502623337563,53.1502623337563
7,Ethanol,10.0,167.93641990992973,157.93641990992973
7,Acetone,130.0,168.81730531114465,38.81730531114465
7,Acetone,40.0,68.2620773368685,28.2620773368685
7,Ethanol,90.0,52.62009645878753,37.37990354121247
7,Ethanol,140.0,124.82198429737977,15.178015702620229
7,Acetone,70.0,116.73488275724651,46.73488275724651
7,Ethanol,100.0,61.62875891673207,38.37124108326793
7,Acetone,140.0,174.97384913800113,34.97384913800113
7,Acetone,160.0,202.7180513259985,42.71805132599849
7,Acetone,100.0,154.31054831183954,54.31054831183954
7,Acetone,10.0,16.54107879493351,6.541078794933512
7,Ethanol,300.0,283.3014539561258,16.698546043874217
7,Ethanol,60.0,28.32472372518646,31.67527627481354
7,Acetone,200.0,200.61344243388987,0.6134424338898725
7,Acetone,20.0,31.194745713978335,11.194745713978335
7,Ethanol,220.0,215.235821266277,4.764178733723014
7,Acetone,150.0,175.3687016646937,25.368701664693702
7,Acetone,50.0,91.02592856874807,41.02592856874807
7,Ethanol,210.0,259.8904651281137,49.8904651281137
7,Acetone,180.0,189.61292150853325,9.612921508533248
7,Acetone,80.0,138.0208110811069,58.0208110811069
7,Ethanol,290.0,271.55433373047237,18.445666269527635
7,Acetone,250.0,229.19695417443586,20.80304582556414
7,Acetone,210.0,206.29784054681568,3.702159453184322
7,Ethanol,200.0,203.24521911014764,3.2452191101476444
7,Acetone,230.0,213.61909208247064,16.380907917529356
7,Acetone,120.0,174.43484428906459,54.434844289064586
7,Ethanol,60.0,23.54197939761262,36.45802060238738
7,Acetone,90.0,138.58523393518877,48.58523393518877
7,Acetone,170.0,200.60805926803954,30.60805926803954
7,Ethanol,240.0,233.75977343811172,6.240226561888278
7,Acetone,240.0,221.74600888988124,18.25399111011876
7,Acetone,60.0,112.10916052121446,52.10916052121446
7,Ethanol,130.0,104.0438430638819,25.956156936118106
7,Acetone,190.0,193.61775231953078,3.61775231953078
7,Acetone,30.0,45.04449306633359,15.044493066333587
7,Ethanol,230.0,228.22913930335307,1.7708606966469347
7,Acetone,220.0,202.09169294019202,17.90830705980798
7,Acetone,110.0,167.69175468513026,57.69175468513026
7,Ethanol,160.0,175.41709208781415,15.417092087814154
7,Acetone,130.0,171.13213707597868,41.132137075978676
7,Acetone,40.0,66.88743391942268,26.887433919422676
7,Ethanol,90.0,52.16515868466868,37.83484131533132
7,Ethanol,240.0,120.80628681311333,119.19371318688667
7,Acetone,70.0,111.70870132758228,41.708701327582276
7,Ethanol,230.0,68.77642961917152,161.22357038082848
7,Acetone,140.0,178.64473546121891,38.644735461218914
7,Acetone,160.0,195.18959118689963,35.189591186899634
7,Acetone,100.0,158.0309170849485,58.0309170849485
7,Acetone,10.0,16.448554303899115,6.448554303899115
7,Ethanol,300.0,290.9986989237731,9.001301076226923
7,Ethanol,50.0,24.70721377208322,25.29278622791678
7,Acetone,200.0,205.6221547038699,5.62215470386991
7,Acetone,20.0,30.541424344266744,10.541424344266744
7,Ethanol,240.0,214.74871363835172,25.251286361648283
7,Acetone,150.0,178.85269446310608,28.852694463106076
7,Acetone,50.0,85.7763024934969,35.7763024934969
7,Ethanol,280.0,277.16969612620926,2.83030387379074
7,Acetone,180.0,184.09534416974475,4.095344169744749
7,Acetone,80.0,137.34513211314817,57.34513211314817
7,Ethanol,290.0,285.244886886563,4.755113113437005
7,Acetone,250.0,229.1476276159388,20.852372384061198
7,Acetone,210.0,211.32210677168464,1.3221067716846449
7,Ethanol,200.0,206.1737097665437,6.173709766543709
7,Acetone,230.0,218.51202716737444,11.487972832625559
7,Acetone,120.0,174.78382790585056,54.78382790585056
7,Ethanol,60.0,28.706317189290573,31.293682810709427
7,Acetone,90.0,136.3489004502878,46.3489004502878
7,Acetone,170.0,202.4092053057563,32.4092053057563
7,Ethanol,240.0,239.49133873796654,0.5086612620334563
7,Acetone,240.0,222.2630779077589,17.736922092241088
7,Acetone,60.0,112.65433699972428,52.65433699972428
7,Ethanol,200.0,114.97853779108202,85.02146220891798
7,Acetone,190.0,190.9947684342628,0.9947684342627952
7,Acetone,30.0,44.830445071161336,14.830445071161336
7,Ethanol,230.0,231.38180390591333,1.3818039059133298
7,Acetone,220.0,211.4308608278807,8.569139172119293
7,Acetone,110.0,161.03755551223028,51.037555512230284
7,Ethanol,180.0,186.12303118599408,6.12303118599408
7,Acetone,130.0,164.61628120056608,34.61628120056608
7,Acetone,40.0,64.59953234735055,24.599532347350547
7,Ethanol,90.0,56.05422258440676,33.94577741559324
7,Ethanol,140.0,125.63059480900884,14.36940519099116
7,Acetone,70.0,117.78600323247896,47.78600323247896
7,Ethanol,100.0,76.03126063111831,23.968739368881685
7,Acetone,140.0,178.88727518783097,38.887275187830966
7,Acetone,160.0,194.76393795396197,34.76393795396197
7,Acetone,100.0,151.38054139051505,51.38054139051505
7,Acetone,10.0,17.622665944203533,7.622665944203533
7,Ethanol,300.0,292.0166145627785,7.9833854372215
7,Ethanol,50.0,24.765184412442096,25.234815587557904
7,Acetone,200.0,202.3312447575875,2.3312447575875126
7,Acetone,20.0,28.769634031889282,8.769634031889282
7,Ethanol,220.0,226.42389542300862,6.4238954230086165
7,Acetone,150.0,174.098223186074,24.098223186073994
7,Acetone,50.0,83.72470088798333,33.72470088798333
7,Ethanol,280.0,273.1218668074436,6.87813319255639
7,Acetone,180.0,198.26535035789254,18.265350357892544
7,Acetone,80.0,132.96095315782938,52.96095315782938
7,Ethanol,290.0,283.7140279415925,6.285972058407481
7,Acetone,250.0,232.5264504180388,17.47354958196121
7,Acetone,210.0,210.22882906194653,0.2288290619465272
7,Ethanol,200.0,202.58059469187768,2.5805946918776783
7,Acetone,230.0,217.65190740507506,12.348092594924935
7,Acetone,120.0,173.28213146059545,53.28213146059545
7,Ethanol,60.0,24.04505114276317,35.95494885723683
7,Acetone,90.0,130.74737742593635,40.74737742593635
7,Acetone,170.0,197.37068583059212,27.370685830592123
7,Ethanol,240.0,239.08452346135869,0.9154765386413146
7,Acetone,240.0,222.5949720661577,17.40502793384229
7,Acetone,60.0,103.42421534230692,43.42421534230692
7,Ethanol,130.0,108.10835892659821,21.891641073401786
7,Acetone,190.0,190.60424320861205,0.6042432086120471
7,Acetone,30.0,47.31455668212858,17.314556682128583
7,Ethanol,230.0,229.61945655798084,0.38054344201916024
7,Acetone,220.0,206.05643871122382,13.94356128877618
7,Acetone,110.0,164.89934265894473,54.89934265894473
7,Ethanol,180.0,176.92397785250847,3.0760221474915284
7,Acetone,130.0,168.8053890776272,38.80538907762721
7,Acetone,40.0,70.52860591766775,30.528605917667747
7,Ethanol,140.0,54.67468939185083,85.32531060814917
7,Ethanol,140.0,126.97800814229778,13.021991857702218
7,Acetone,70.0,111.20132618541052,41.20132618541052
7,Ethanol,100.0,65.51764743657512,34.48235256342488
7,Acetone,140.0,170.27736652056723,30.277366520567227
7,Acetone,160.0,199.1992596953779,39.19925969537789
7,Acetone,100.0,140.4368715700058,40.43687157000579
7,Acetone,10.0,18.250011974744965,8.250011974744965
7,Ethanol,300.0,292.9876926379328,7.01230736206719
7,Acetone,200.0,201.69634973057128,1.696349730571285
7,Acetone,20.0,29.60362135143582,9.60362135143582
7,Ethanol,220.0,219.21448973102855,0.7855102689714499
7,Acetone,150.0,176.23427177880538,26.23427177880538
7,Acetone,50.0,82.40166887913081,32.40166887913081
7,Ethanol,280.0,273.2124070128714,6.787592987128619
7,Acetone,180.0,189.58766524722924,9.58766524722924
7,Acetone,80.0,138.78218064727142,58.78218064727142
7,Ethanol,290.0,282.20667426623544,7.793325733764561
7,Acetone,250.0,225.77596010244827,24.224039897551734
7,Acetone,210.0,215.99915838274796,5.999158382747964
7,Ethanol,200.0,209.21861495495932,9.218614954959321
7,Acetone,230.0,214.542582475052,15.457417524948
7,Acetone,120.0,177.48639628704822,57.48639628704822
7,Ethanol,50.0,25.86785768027069,24.13214231972931
7,Acetone,90.0,129.49148379424918,39.49148379424918
7,Acetone,170.0,198.85786791426875,28.857867914268752
7,Ethanol,240.0,240.97021236611397,0.9702123661139694
7,Acetone,240.0,220.25944889976984,19.740551100230164
7,Acetone,60.0,108.49128424904464,48.49128424904464
7,Ethanol,130.0,108.60558783041358,21.394412169586417
7,Acetone,190.0,186.55836118648656,3.4416388135134355
7,Acetone,30.0,47.81534505214876,17.815345052148757
7,Ethanol,230.0,235.16869263368267,5.168692633682667
7,Acetone,220.0,237.87860810367096,17.878608103670956
7,Acetone,110.0,162.11003340114442,52.11003340114442
7,Ethanol,180.0,182.53144154692916,2.531441546929159
7,Acetone,130.0,165.02004063055983,35.02004063055983
7,Acetone,40.0,63.37867389738318,23.37867389738318
7,Ethanol,90.0,51.48467391819764,38.51532608180236
7,Ethanol,100.0,127.43232618875113,27.432326188751134
7,Acetone,70.0,117.1227218380941,47.122721838094094
7,Ethanol,100.0,67.81459899910645,32.18540100089355
7,Acetone,140.0,178.70244632106858,38.70244632106858
7,Acetone,160.0,205.16134366301384,45.16134366301384
7,Acetone,100.0,157.57010347060012,57.57010347060012
7,Acetone,10.0,18.63985909233368,8.63985909233368
7,Ethanol,10.0,289.83596851097764,279.83596851097764
7,Acetone,200.0,207.31995079605676,7.319950796056759
7,Acetone,20.0,31.40942961405655,11.409429614056549
7,Ethanol,220.0,218.73295406360882,1.2670459363911846
7,Acetone,150.0,181.60615594755987,31.60615594755987
7,Acetone,50.0,85.99869822127546,35.99869822127546
7,Ethanol,280.0,272.5409021944698,7.4590978055301775
7,Acetone,180.0,189.79201759635183,9.792017596351826
7,Acetone,80.0,136.66552617892017,56.665526178920175
7,Ethanol,240.0,286.85139542942375,46.85139542942375
7,Acetone,250.0,229.92421814287772,20.07578185712228
7,Acetone,210.0,215.8650591192166,5.865059119216596
7,Ethanol,200.0,200.56679397031098,0.5667939703109823
7,Acetone,230.0,216.7741503324242,13.225849667575801
7,Acetone,120.0,168.25012809237208,48.25012809237208
7,Acetone,90.0,134.6450228951441,44.64502289514411
7,Acetone,170.0,201.81459761963274,31.814597619632735
7,Ethanol,240.0,238.0030013058175,1.9969986941825084
7,Acetone,240.0,224.42664342430527,15.573356575694731
7,Acetone,60.0,111.63574432036675,51.635744320366754
7,Ethanol,130.0,111.41074848908056,18.58925151091944
7,Acetone,190.0,195.94942326119173,5.9494232611917255
7,Acetone,30.0,48.57998477466856,18.57998477466856
7,Ethanol,230.0,229.7207270542556,0.27927294574439543
7,Acetone,220.0,215.09575387712368,4.904246122876316
7,Acetone,110.0,164.17248409162838,54.17248409162838
7,Ethanol,260.0,184.22302310216543,75.77697689783457
7,Acetone,130.0,167.1332977214303,37.133297721430296
7,Acetone,40.0,67.59710158758132,27.59710158758132
7,Ethanol,90.0,51.74096890175356,38.25903109824644
7,Ethanol,140.0,124.69291331127671,15.307086688723288
7,Acetone,70.0,124.39306272950616,54.393062729506156
7,Ethanol,100.0,70.30538751586477,29.694612484135234
7,Acetone,140.0,177.72690554608516,37.72690554608516
7,Acetone,160.0,198.3542029842064,38.35420298420641
7,Acetone,100.0,146.30415262394664,46.304152623946635
7,Acetone,10.0,13.909592752603103,3.9095927526031033
7,Ethanol,300.0,286.73252145453074,13.26747854546926
7,Ethanol,50.0,28.365564747686534,21.634435252313466
7,Acetone,200.0,210.51203249181756,10.512032491817564
7,Acetone,20.0,33.806958242656464,13.806958242656464
7,Ethanol,220.0,227.09917847404222,7.099178474042219
7,Acetone,150.0,182.08763954482038,32.08763954482038
7,Acetone,50.0,88.67713327576362,38.67713327576362
7,Ethanol,200.0,267.95534532177874,67.95534532177874
7,Acetone,180.0,195.60182433848436,15.601824338484363
7,Acetone,80.0,139.97578579178688,59.975785791786876
7,Ethanol,290.0,285.11362197384057,4.886378026159434
7,Acetone,250.0,233.00058622763117,16.999413772368825
7,Acetone,210.0,217.68925038352887,7.689250383528872
7,Ethanol,200.0,205.96878242006647,5.968782420066475
7,Acetone,230.0,220.55750253842757,9.44249746157243
7,Acetone,120.0,173.0188634451991,53.01886344519909
7,Ethanol,60.0,25.935008618363824,34.064991381636176
7,Acetone,90.0,141.42394892518743,51.42394892518743
7,Acetone,170.0,204.35158417527276,34.35158417527276
7,Ethanol,240.0,242.64001136502085,2.640011365020854
7,Acetone,240.0,225.51613427527164,14.48386572472836
7,Acetone,60.0,114.87860759074775,54.87860759074775
7,Ethanol,120.0,110.44166110778663,9.55833889221337
7,Acetone,190.0,195.68150252660018,5.681502526600184
7,Acetone,30.0,51.08312322718453,21.08312322718453
7,Ethanol,230.0,233.7132841718851,3.713284171885107
7,Acetone,220.0,219.913461965466,0.08653803453398723
7,Acetone,110.0,167.3213545038383,57.32135450383831
7,Ethanol,180.0,179.49830865957182,0.5016913404281809
7,Acetone,130.0,160.30100038297257,30.301000382972575
7,Acetone,40.0,70.8929870183797,30.8929870183797
7,Ethanol,90.0,52.367433329854876,37.632566670145124
7,Ethanol,140.0,137.49887611365162,2.501123886348381
7,Acetone,70.0,122.96469982373199,52.96469982373199
7,Ethanol,100.0,73.32077499419707,26.679225005802934
7,Acetone,140.0,177.0727759304645,37.0727759304645
7,Acetone,160.0,205.64779044732026,45.64779044732026
7,Acetone,100.0,163.83015845025955,63.830158450259546
7,Acetone,10.0,16.718126185776,6.718126185776001
7,Ethanol,10.0,296.4688118908377,286.4688118908377
7,Acetone,200.0,207.69263976400353,7.6926397640035304
7,Acetone,20.0,29.64707582236143,9.64707582236143
7,Ethanol,220.0,224.686867318902,4.686867318901989
7,Acetone,150.0,178.27872909182312,28.278729091823124
7,Acetone,50.0,92.55955835015335,42.55955835015335
7,Ethanol,280.0,278.5402456235192,1.4597543764808165
7,Acetone,180.0,189.50533145253783,9.505331452537831
7,Acetone,80.0,143.1982906951382,63.19829069513821
7,Ethanol,290.0,287.2818662018884,2.7181337981115803
7,Acetone,250.0,227.92896423662705,22.071035763372947
7,Acetone,210.0,217.76937691506572,7.76937691506572
7,Ethanol,200.0,206.82358171551022,6.823581715510215
7,Acetone,230.0,218.06169477589242,11.93830522410758
7,Acetone,120.0,173.10768117683472,53.10768117683472
7,Ethanol,60.0,27.918996310236764,32.081003689763236
7,Acetone,90.0,140.78710940096244,50.787109400962436
7,Acetone,170.0,202.6742189534323,32.6742189534323
7,Ethanol,240.0,242.05725071241721,2.057250712417215
7,Acetone,240.0,224.20512392694604,15.794876073053956
7,Acetone,60.0,114.67964912861937,54.679649128619374
7,Ethanol,130.0,107.2750910355945,22.7249089644055
7,Acetone,190.0,196.39377782222766,6.393777822227662
7,Acetone,30.0,49.387378443372015,19.387378443372015
7,Ethanol,230.0,234.06361563737315,4.063615637373147
7,Acetone,220.0,212.81009634977553,7.1899036502244655
7,Acetone,110.0,169.55196647213432,59.551966472134325
7,Ethanol,20.0,184.28748586825608,164.28748586825608
7,Acetone,130.0,167.95048206963352,37.95048206963352
7,Acetone,40.0,70.76937002403774,30.76937002403774
7,Ethanol,10.0,50.74346182587121,40.74346182587121
7,Ethanol,140.0,130.77885086021496,9.221149139785041
7,Acetone,70.0,122.36525432112259,52.36525432112259
7,Ethanol,130.0,72.50053628877849,57.49946371122151
7,Acetone,140.0,175.08084520728892,35.08084520728892
7,Acetone,160.0,206.91266602560785,46.91266602560785
7,Acetone,100.0,152.57829570637372,52.57829570637372
7,Acetone,10.0,19.684830643859925,9.684830643859925
7,Ethanol,100.0,290.0690358022212,190.0690358022212
7,Ethanol,50.0,25.53753304621749,24.46246695378251
7,Acetone,200.0,203.73156486720873,3.731564867208732
7,Acetone,20.0,32.89335989868131,12.893359898681311
7,Ethanol,220.0,228.21467812545566,8.214678125455663
7,Acetone,150.0,178.98852548282588,28.988525482825878
7,Acetone,50.0,89.76411552448127,39.76411552448127
7,Ethanol,280.0,277.38350748672497,2.616492513275034
7,Acetone,180.0,198.39353825556327,18.39353825556327
7,Acetone,80.0,143.40914911246963,63.409149112469635
7,Ethanol,290.0,283.5150383751891,6.484961624810921
7,Acetone,250.0,230.12243929487295,19.877560705127053
7,Acetone,210.0,220.53306657026855,10.533066570268545
7,Ethanol,200.0,202.37234539764623,2.372345397646228
7,Acetone,230.0,218.3673231220073,11.632676877992708
7,Acetone,120.0,172.6112077635081,52.611207763508105
7,Ethanol,60.0,25.121495033660906,34.878504966339094
7,Acetone,90.0,142.2820635105236,52.282063510523614
7,Acetone,170.0,203.01619989344124,33.01619989344124
7,Ethanol,240.0,240.33273560967416,0.3327356096741596
7,Acetone,240.0,230.22067144708876,9.779328552911238
7,Acetone,60.0,113.50525674940259,53.50525674940259
7,Ethanol,130.0,105.4151333577212,24.584866642278797
7,Acetone,190.0,195.0121678505356,5.012167850535604
7,Acetone,30.0,48.44328223880029,18.443282238800293
7,Ethanol,230.0,233.22161526891574,3.221615268915741
7,Acetone,220.0,211.41245390470607,8.58754609529393
7,Acetone,110.0,169.14015371537604,59.140153715376044
7,Ethanol,180.0,179.20273249534182,0.7972675046581799
7,Acetone,130.0,164.64987652010086,34.64987652010086
7,Acetone,40.0,67.96650814216996,27.966508142169957
7,Ethanol,90.0,52.612260131220836,37.387739868779164
7,Ethanol,140.0,131.99657891724274,8.003421082757256
7,Acetone,70.0,117.77512576654739,47.77512576654739
7,Ethanol,5.0,73.59663331566978,68.59663331566978
7,Acetone,140.0,172.6905045525312,32.690504552531195
7,Acetone,160.0,200.4405654832926,40.4405654832926
7,Acetone,100.0,151.38646821507263,51.386468215072625
7,Acetone,10.0,16.295612160300777,6.295612160300777
7,Ethanol,2.5,291.3356761295264,288.8356761295264
7,Acetone,200.0,213.4809394159176,13.48093941591759
7,Acetone,20.0,32.84962255234325,12.849622552343249
7,Ethanol,220.0,228.54626216851614,8.546262168516137
7,Acetone,150.0,176.47190659574179,26.471906595741785
7,Acetone,50.0,85.50397841109483,35.503978411094835
7,Ethanol,280.0,273.36422928858144,6.635770711418559
7,Acetone,180.0,197.78432148052823,17.784321480528234
7,Acetone,80.0,136.9979216979426,56.99792169794259
7,Ethanol,290.0,285.66119232502126,4.338807674978739
7,Acetone,250.0,232.477787288603,17.522212711397003
7,Acetone,210.0,224.85157664633797,14.851576646337975
7,Ethanol,200.0,198.39432786977397,1.6056721302260257
7,Acetone,230.0,222.31855420152067,7.681445798479331
7,Acetone,120.0,173.92411635726327,53.92411635726327
7,Ethanol,100.0,24.135254757832357,75.86474524216764
7,Acetone,90.0,131.11457233494545,41.11457233494545
7,Acetone,170.0,206.8555846454517,36.8555846454517
7,Ethanol,240.0,244.69023833870233,4.690238338702329
7,Acetone,240.0,222.93956702721187,17.060432972788135
7,Acetone,60.0,108.23783808816617,48.23783808816617
7,Ethanol,50.0,105.38192883810625,55.38192883810625
7,Acetone,190.0,197.46959065640027,7.469590656400271
7,Acetone,30.0,48.00592196315563,18.00592196315563
7,Ethanol,230.0,227.74944083031215,2.250559169687847
7,Acetone,220.0,217.14392438799402,2.8560756120059807
7,Acetone,110.0,173.7711878229363,63.7711878229363
7,Ethanol,180.0,172.5487295861704,7.451270413829604
7,Acetone,130.0,161.29695178839202,31.296951788392022
7,Acetone,40.0,70.67735533255863,30.677355332558633
7,Ethanol,90.0,52.543659072734044,37.456340927265956
7,Ethanol,140.0,122.81929391709564,17.180706082904365
7,Acetone,70.0,122.02315825611265,52.02315825611265
7,Ethanol,90.0,64.32261936585016,25.67738063414984
7,Acetone,140.0,174.36965825225167,34.36965825225167
7,Acetone,160.0,202.22988629130288,42.229886291302876
7,Acetone,100.0,155.56179421247543,55.561794212475434
7,Acetone,10.0,18.447784989714933,8.447784989714933
7,Acetone,200.0,201.34463913182702,1.344639131827023
7,Acetone,20.0,28.787003479693297,8.787003479693297
7,Ethanol,220.0,184.94982384341574,35.05017615658426
7,Acetone,150.0,179.18382661011714,29.183826610117137
7,Acetone,50.0,91.4859247400195,41.4859247400195
7,Ethanol,230.0,274.74674767830334,44.746747678303336
7,Acetone,180.0,191.64291027571156,11.642910275711557
7,Acetone,80.0,136.72406059446064,56.72406059446064
7,Ethanol,290.0,287.59784828999136,2.4021517100086385
7,Acetone,250.0,232.54109092907942,17.458909070920583
7,Acetone,210.0,192.4452204109112,17.55477958908881
7,Ethanol,200.0,199.1276875373851,0.8723124626149001
7,Acetone,230.0,216.2272552363189,13.77274476368109
7,Acetone,120.0,169.29882330159424,49.29882330159424
7,Acetone,90.0,136.11813718627673,46.118137186276726
7,Acetone,170.0,208.05040598681313,38.05040598681313
7,Ethanol,240.0,229.90578063445219,10.094219365547815
7,Acetone,240.0,222.98155129056505,17.01844870943495
7,Acetone,25.0,107.79828039737109,82.79828039737109
7,Ethanol,130.0,110.2148996438442,19.785100356155795
7,Acetone,190.0,195.64531537892583,5.6453153789258295
7,Acetone,30.0,46.13284750271342,16.132847502713417
7,Ethanol,230.0,228.14375063625647,1.8562493637435296
7,Acetone,220.0,222.03867974593194,2.038679745931944
7,Acetone,110.0,166.77084873565718,56.77084873565718
7,Ethanol,180.0,174.32307411697263,5.676925883027366
7,Acetone,130.0,157.18294495260434,27.182944952604345
7,Acetone,40.0,73.95028108353065,33.950281083530655
7,Ethanol,90.0,50.238410039778614,39.761589960221386
7,Ethanol,140.0,121.69299353820297,18.30700646179703
7,Acetone,70.0,127.03213918691367,57.03213918691367
7,Ethanol,100.0,76.6820625144261,23.317937485573907
7,Acetone,140.0,170.8221456519299,30.8221456519299
7,Acetone,160.0,201.4576317950178,41.45763179501779
7,Acetone,100.0,156.56263870389324,56.56263870389324
7,Acetone,10.0,15.798911955448744,5.7989119554487445
7,Ethanol,50.0,297.20714622802774,247.20714622802774
7,Acetone,200.0,208.3529928199145,8.352992819914505
7,Acetone,20.0,29.208738036492363,9.208738036492363
7,Ethanol,220.0,219.7267591710086,0.27324082899139057
7,Acetone,150.0,178.1486942376215,28.1486942376215
7,Acetone,50.0,89.35162337008485,39.35162337008485
7,Ethanol,280.0,273.03586015627775,6.964139843722251
7,Acetone,180.0,197.32502911054016,17.325029110540157
7,Acetone,80.0,140.9108997002071,60.910899700207096
7,Ethanol,290.0,284.1887513421469,5.8112486578531275
7,Acetone,250.0,233.72797462284956,16.27202537715044
7,Acetone,210.0,220.67373146888065,10.673731468880646
7,Ethanol,200.0,208.78983723532622,8.789837235326218
7,Acetone,230.0,220.45584878504627,9.544151214953729
7,Acetone,120.0,172.72056211720712,52.72056211720712
7,Ethanol,2.5,23.98377685518824,21.48377685518824
7,Acetone,90.0,150.04683969549487,60.04683969549487
7,Acetone,170.0,207.8636162803749,37.86361628037491
7,Ethanol,240.0,239.2763597239781,0.7236402760219107
7,Acetone,240.0,224.9817195845729,15.018280415427114
7,Acetone,60.0,112.064306522373,52.064306522373
7,Ethanol,100.0,105.57818989893484,5.578189898934838
7,Acetone,190.0,200.01619614074514,10.016196140745137
7,Acetone,30.0,53.94667024666839,23.94667024666839
7,Ethanol,230.0,234.88502159517628,4.885021595176283
7,Acetone,220.0,218.6506119665402,1.3493880334598032
7,Acetone,110.0,177.79795926869602,67.79795926869602
7,Ethanol,180.0,175.1270588215559,4.872941178444108
7,Acetone,130.0,165.6615574961771,35.661557496177096
7,Acetone,40.0,73.31549006327701,33.31549006327701
7,Ethanol,90.0,51.12539928525402,38.87460071474598
7,Ethanol,140.0,129.80201488303481,10.197985116965185
7,Acetone,70.0,119.33921162566142,49.33921162566142
7,Ethanol,100.0,69.1177143127685,30.8822856872315
7,Acetone,140.0,177.76912093797992,37.76912093797992
7,Acetone,160.0,202.2211732247332,42.22117322473321
7,Acetone,10.0,5.334887582651959,4.665112417348041
7,Acetone,10.0,11.099575001960659,1.099575001960659
7,Acetone,10.0,12.7239897435569,2.723989743556899
7,Acetone,10.0,11.247466213546588,1.2474662135465877
7,Acetone,50.0,10.412927987312543,39.58707201268746
7,Acetone,10.0,12.11063295424593,2.1106329542459292
7,Acetone,10.0,14.16963538703503,4.169635387035029
7,Acetone,10.0,13.717680708022115,3.7176807080221153
7,Acetone,10.0,13.195506817519473,3.1955068175194725
7,Acetone,10.0,11.022272729349382,1.0222727293493818
7,Acetone,10.0,12.480854264913063,2.480854264913063
7,Acetone,10.0,14.540287331782764,4.540287331782764
7,Acetone,10.0,10.55237924134235,0.5523792413423507
7,Acetone,10.0,11.716627270880977,1.716627270880977
7,Acetone,10.0,12.499854440244931,2.499854440244931
7,Acetone,10.0,11.968639076399995,1.9686390763999952
7,Acetone,10.0,11.048013287377017,1.0480132873770174
7,Acetone,10.0,12.00638804296716,2.00638804296716
7,Acetone,5.0,12.031475080793513,7.031475080793513
7,Acetone,10.0,14.831154179951554,4.831154179951554
7,Acetone,10.0,12.927554974502996,2.9275549745029963
7,Acetone,10.0,12.192374063381465,2.1923740633814646
7,Acetone,10.0,12.501778293611565,2.501778293611565
7,Acetone,10.0,12.570762770679607,2.5707627706796075
7,Acetone,10.0,11.416725145523628,1.4167251455236283
7,Acetone,10.0,12.422410676545312,2.4224106765453115
7,Acetone,10.0,11.773454816368115,1.7734548163681154
7,Acetone,90.0,10.570772159750504,79.4292278402495
7,Acetone,10.0,9.977225337782812,0.022774662217187824
7,Acetone,10.0,13.182522722429539,3.182522722429539
7,Acetone,10.0,13.539474493722196,3.539474493722196
7,Acetone,10.0,13.668366546786388,3.6683665467863875
7,Acetone,10.0,13.048928614171203,3.048928614171203
7,Acetone,10.0,11.929733835808264,1.929733835808264
7,Acetone,10.0,10.568569550137454,0.5685695501374539
7,Acetone,10.0,13.477212351826196,3.4772123518261964
7,Acetone,10.0,10.19373068916235,0.1937306891623507
7,Acetone,20.0,11.039456088649729,8.960543911350271
7,Acetone,10.0,12.409832169565846,2.4098321695658456
7,Acetone,10.0,9.136454926722763,0.863545073277237
7,Acetone,10.0,12.423928760555555,2.4239287605555546
7,Acetone,10.0,11.328827186721455,1.3288271867214547
7,Acetone,10.0,12.472840863343478,2.472840863343478
7,Acetone,2.5,9.19875000699767,6.69875000699767
7,Acetone,30.0,12.485003083350549,17.51499691664945
7,Acetone,10.0,10.265318801997921,0.2653188019979211
7,Acetone,240.0,10.499356923277588,229.5006430767224
7,Acetone,10.0,11.919581355923754,1.9195813559237536
7,Acetone,40.0,11.486658862159047,28.513341137840953
7,Acetone,10.0,10.79527935966098,0.7952793596609808
7,Ethylene,50.0,0.0,50.0
7,Ethylene,10.0,0.0,10.0
7,Ethylene,10.0,0.0,10.0
7,Ethylene,2.5,0.0,2.5
7,Ethylene,10.0,0.0,10.0
7,Ethylene,90.0,0.0,90.0
7,Ethylene,300.0,0.0,300.0
7,Ethylene,70.0,0.0,70.0
7,Ethylene,140.0,0.0,140.0
7,Ethylene,100.0,0.0,100.0
7,Ethylene,70.0,0.0,70.0
7,Ethylene,10.0,0.0,10.0
7,Ethylene,10.0,0.0,10.0
7,Ethylene,10.0,0.0,10.0
7,Ethylene,10.0,0.0,10.0
7,Ethylene,10.0,0.0,10.0
7,Ethylene,10.0,0.0,10.0
7,Ethylene,5.0,0.0,5.0
7,Ethylene,10.0,0.0,10.0
7,Ethylene,10.0,0.0,10.0
7,Ethylene,100.0,0.0,100.0
7,Ethylene,70.0,0.0,70.0
7,Ethylene,10.0,0.0,10.0
7,Ethylene,10.0,0.0,10.0
7,Ethylene,140.0,0.0,140.0
7,Ethylene,300.0,0.0,300.0
7,Ethylene,10.0,0.0,10.0
7,Ethylene,10.0,0.0,10.0
7,Ethylene,10.0,1.3131419905447785,8.686858009455221
7,Ethylene,10.0,2.3222122483855117,7.677787751614488
7,Ethylene,50.0,0.0,50.0
7,Ethylene,10.0,0.0,10.0
7,Ethylene,10.0,0.0,10.0
7,Ethylene,10.0,0.34159551776414787,9.658404482235852
7,Ethylene,10.0,0.24637033889956683,9.753629661100433
7,Ethylene,10.0,0.0,10.0
7,Ethylene,10.0,0.7364445969494682,9.263555403050532
7,Ethylene,90.0,0.0,90.0
7,Ethylene,90.0,0.0,90.0
7,Ethylene,10.0,0.0,10.0
7,Ethylene,10.0,0.0,10.0
7,Ethylene,10.0,0.0,10.0
7,Ethylene,10.0,0.0,10.0
7,Ethylene,10.0,0.0,10.0
7,Ethylene,10.0,0.0,10.0
7,Ethylene,30.0,0.0,30.0
7,Ethylene,70.0,0.0,70.0
7,Ethylene,10.0,0.0,10.0
7,Ethylene,90.0,0.0,90.0
7,Ethylene,10.0,0.0,10.0
7,Toluene,100.0,142.23349180655666,42.23349180655666
7,Ammonia,300.0,244.19467324887802,55.80532675112198
7,Ammonia,40.0,31.447151320756348,8.552848679243652
7,Toluene,10.0,23.27158975849086,13.271589758490862
7,Toluene,10.0,9.823046751729919,0.17695324827008108
7,Ammonia,110.0,91.18675480985934,18.813245190140663
7,Ammonia,220.0,179.6120223962069,40.387977603793104
7,Toluene,60.0,89.81750286821973,29.817502868219734
7,Toluene,20.0,23.821866939999936,3.8218669399999357
7,Ammonia,120.0,110.3503229262418,9.649677073758198
7,Ammonia,280.0,211.0249535820546,68.9750464179454
7,Toluene,70.0,95.29357514896529,25.29357514896529
7,Toluene,30.0,32.206526323362695,2.206526323362695
7,Ammonia,120.0,44.346061507326226,75.65393849267377
7,Ammonia,290.0,214.93070363575453,75.06929636424547
7,Toluene,95.0,126.90075749799878,31.900757497998782
7,Toluene,85.0,123.32647905663497,38.326479056634966
7,Ammonia,150.0,151.29547721052262,1.2954772105226198
7,Ammonia,200.0,169.30719288595333,30.692807114046673
7,Toluene,45.0,58.24479635350632,13.244796353506317
7,Toluene,50.0,96.43369921049052,46.433699210490516
7,Ammonia,250.0,227.1098833972062,22.890116602793796
7,Ammonia,60.0,39.94231566384822,20.05768433615178
7,Toluene,15.0,28.336386880135834,13.336386880135834
7,Toluene,50.0,60.29126443703869,10.291264437038691
7,Ammonia,160.0,173.57050276372297,13.57050276372297
7,Ammonia,240.0,186.99852287367133,53.001477126328666
7,Toluene,40.0,53.592747002664396,13.592747002664396
7,Toluene,35.0,40.450693830179404,5.450693830179404
7,Ammonia,260.0,233.12641036315665,26.87358963684335
7,Ammonia,130.0,113.32996901368153,16.670030986318466
7,Toluene,75.0,106.77767670406665,31.77767670406665
7,Toluene,90.0,135.03334893739017,45.03334893739017
7,Ammonia,170.0,176.58268900869749,6.582689008697486
7,Ammonia,230.0,183.5737765253431,46.426223474656894
7,Toluene,80.0,99.4232027436737,19.4232027436737
7,Toluene,55.0,65.39293550051916,10.392935500519158
7,Ammonia,270.0,232.06159721082292,37.938402789177076
7,Ammonia,180.0,146.6764229844184,33.323577015581606
7,Toluene,25.0,36.24350973745544,11.24350973745544
7,Toluene,2.5,14.060279100741468,11.560279100741468
7,Ammonia,190.0,195.94750367563142,5.947503675631424
7,Ammonia,90.0,65.09024024931018,24.909759750689815
7,Ammonia,140.0,125.84054944770538,14.159450552294615
7,Ammonia,60.0,45.719572255891734,14.280427744108266
7,Ammonia,100.0,79.02711041340106,20.97288958659894
7,Ammonia,210.0,174.02073215274413,35.97926784725587
7,Toluene,100.0,137.58256440488208,37.58256440488208
7,Ammonia,300.0,250.74232192653488,49.257678073465115
7,Ammonia,50.0,38.38963662048964,11.61036337951036
7,Toluene,70.0,25.74190028265545,44.25809971734455
7,Toluene,10.0,10.411328940130204,0.41132894013020405
7,Ammonia,110.0,108.87938484813782,1.1206151518621823
7,Ammonia,220.0,181.61972579026647,38.38027420973353
7,Toluene,60.0,79.05512177319244,19.05512177319244
7,Toluene,20.0,26.25614614866035,6.256146148660349
7,Ammonia,120.0,121.3057175018871,1.3057175018871021
7,Ammonia,280.0,208.46668969674005,71.53331030325995
7,Toluene,70.0,86.56570806362336,16.56570806362336
7,Toluene,30.0,35.47951197739344,5.479511977393443
7,Ammonia,80.0,57.09308927066516,22.90691072933484
7,Ammonia,290.0,215.09680993428856,74.90319006571144
7,Toluene,95.0,136.93684920963523,41.93684920963523
7,Toluene,85.0,119.1120123208823,34.1120123208823
7,Ammonia,150.0,164.84772322796923,14.847723227969226
7,Ammonia,200.0,165.96187223974522,34.03812776025478
7,Toluene,45.0,57.9317091344046,12.9317091344046
7,Toluene,65.0,83.44590351112633,18.445903511126332
7,Ammonia,250.0,225.89671716069705,24.10328283930295
7,Ammonia,60.0,44.97431905433625,15.025680945663751
7,Toluene,100.0,35.862469435874246,64.13753056412575
7,Toluene,50.0,61.965428714448024,11.965428714448024
7,Ammonia,160.0,173.8077301895961,13.8077301895961
7,Ammonia,140.0,190.22059011306743,50.22059011306743
7,Toluene,40.0,49.37607955683002,9.376079556830021
7,Toluene,45.0,41.20240522800148,3.7975947719985186
7,Ammonia,260.0,233.04764814067704,26.95235185932296
7,Ammonia,130.0,119.90575448045007,10.09424551954993
7,Toluene,75.0,95.02104169729651,20.02104169729651
7,Toluene,90.0,121.67217713384454,31.672177133844542
7,Ammonia,170.0,175.09058695710834,5.090586957108343
7,Ammonia,230.0,183.36865501033756,46.63134498966244
7,Toluene,80.0,99.45876798790566,19.45876798790566
7,Toluene,55.0,56.22986351118004,1.2298635111800422
7,Ammonia,270.0,239.27448963605025,30.725510363949752
7,Ammonia,180.0,158.8519906698434,21.14800933015661
7,Toluene,25.0,40.93735835669547,15.93735835669547
7,Toluene,2.5,18.46976958745597,15.969769587455971
7,Ammonia,190.0,208.03271532915136,18.032715329151358
7,Ammonia,90.0,74.80224375455171,15.19775624544829
7,Ammonia,140.0,127.35775014712523,12.64224985287477
7,Ammonia,70.0,50.669693488154834,19.330306511845166
7,Ammonia,100.0,89.699573007809,10.300426992191007
7,Ammonia,210.0,173.88817531759724,36.111824682402755
7,Toluene,100.0,128.77721417854718,28.777214178547183
7,Ammonia,300.0,252.11817520856835,47.881824791431654
7,Ammonia,50.0,46.409577462578525,3.5904225374214747
7,Toluene,10.0,26.02024773354691,16.02024773354691
7,Toluene,10.0,14.704894042678319,4.704894042678319
7,Ammonia,110.0,113.07850374211371,3.0785037421137105
7,Ammonia,220.0,176.59459742728498,43.40540257271502
7,Toluene,60.0,74.46134132990967,14.461341329909672
7,Toluene,100.0,26.516044491703667,73.48395550829633
7,Ammonia,120.0,129.95076608175467,9.950766081754665
7,Ammonia,280.0,212.59902286323864,67.40097713676136
7,Toluene,70.0,85.78950309246136,15.78950309246136
7,Toluene,30.0,31.021100580705436,1.0211005807054363
7,Ammonia,80.0,61.84459703917787,18.15540296082213
7,Ammonia,290.0,217.28472457104357,72.71527542895643
7,Toluene,95.0,106.03351564855785,11.033515648557852
7,Toluene,10.0,114.90473525617011,104.90473525617011
7,Ammonia,150.0,162.4664813971014,12.466481397101404
7,Ammonia,200.0,170.1388884363966,29.8611115636034
7,Toluene,45.0,50.50937826144707,5.509378261447068
7,Toluene,65.0,89.15460337838854,24.154603378388543
7,Ammonia,250.0,224.80322576912855,25.196774230871455
7,Ammonia,60.0,35.778242647410735,24.221757352589265
7,Toluene,15.0,30.68402740319989,15.684027403199892
7,Toluene,50.0,54.18344050812685,4.18344050812685
7,Ammonia,160.0,177.8050657800627,17.805065780062705
7,Ammonia,240.0,191.16305318141718,48.83694681858282
7,Toluene,40.0,43.122923334674425,3.122923334674425
7,Toluene,35.0,41.00574373227121,6.005743732271213
7,Ammonia,260.0,230.21030859101165,29.789691408988347
7,Ammonia,140.0,127.7734850814575,12.226514918542506
7,Toluene,85.0,95.77601120068644,10.77601120068644
7,Toluene,90.0,118.6408256818535,28.6408256818535
7,Ammonia,170.0,178.15858910098262,8.158589100982624
7,Ammonia,230.0,184.0994150781559,45.900584921844114
7,Toluene,80.0,85.18419414717044,5.1841941471704445
7,Toluene,55.0,51.97775347358804,3.022246526411962
7,Ammonia,270.0,234.8901224432695,35.10987755673051
7,Ammonia,180.0,155.80011077601455,24.19988922398545
7,Toluene,25.0,39.33690674488963,14.336906744889632
7,Toluene,10.0,16.842056042025803,6.842056042025803
7,Ammonia,190.0,206.26107183531104,16.261071835311043
7,Ammonia,90.0,76.40897110635862,13.59102889364138
7,Ammonia,140.0,128.53610076923817,11.463899230761825
7,Ammonia,70.0,50.583732937826454,19.416267062173546
7,Ammonia,100.0,86.48883536923253,13.511164630767468
7,Ammonia,210.0,177.9534292200522,32.046570779947814
7,Toluene,100.0,122.47688269906203,22.47688269906203
7,Ammonia,300.0,253.7051517104369,46.294848289563106
7,Ammonia,50.0,36.52774170609942,13.47225829390058
7,Toluene,5.0,26.9624611416627,21.9624611416627
7,Toluene,10.0,23.373608478501552,13.373608478501552
7,Ammonia,110.0,116.88644120950924,6.886441209509243
7,Ammonia,220.0,180.60988957985677,39.39011042014323
7,Toluene,60.0,62.583465110517,2.583465110516997
7,Toluene,20.0,27.020460481442456,7.020460481442456
7,Ammonia,120.0,122.05310235431874,2.0531023543187388
7,Ammonia,280.0,208.90963916165325,71.09036083834675
7,Toluene,70.0,74.90066153215206,4.900661532152057
7,Toluene,30.0,29.01477661793284,0.9852233820671614
7,Ammonia,80.0,64.14060278948442,15.859397210515581
7,Ammonia,290.0,216.28786115175896,73.71213884824104
7,Toluene,95.0,102.31523150651776,7.315231506517762
7,Toluene,85.0,88.90482658442744,3.9048265844274397
7,Ammonia,150.0,160.43590821230205,10.435908212302053
7,Ammonia,200.0,166.10605313845323,33.893946861546766
7,Toluene,45.0,42.736258105578926,2.2637418944210737
7,Toluene,65.0,65.76715111821247,0.7671511182124675
7,Ammonia,250.0,226.0409789780928,23.959021021907205
7,Ammonia,60.0,38.099560927425486,21.900439072574514
7,Toluene,15.0,33.83368863302111,18.83368863302111
7,Toluene,50.0,43.91169315276666,6.088306847233341
7,Ammonia,100.0,172.3295143797495,72.3295143797495
7,Ammonia,240.0,188.8847526188485,51.115247381151505
7,Toluene,40.0,37.65406509860087,2.345934901399133
7,Toluene,35.0,27.70345285244001,7.296547147559991
7,Ammonia,260.0,227.11918784576244,32.88081215423756
7,Ammonia,130.0,112.03504605230678,17.964953947693218
7,Toluene,75.0,66.11058371711394,8.88941628288606
7,Toluene,90.0,81.97039607531391,8.029603924686086
7,Ammonia,170.0,177.07403239911022,7.074032399110223
7,Ammonia,230.0,178.84161751982714,51.15838248017286
7,Toluene,80.0,69.81676217233507,10.183237827664925
7,Toluene,55.0,47.471157136928085,7.528842863071915
7,Ammonia,270.0,233.79170902403473,36.20829097596527
7,Ammonia,180.0,157.9961376101162,22.003862389883807
7,Toluene,25.0,38.868724475024166,13.868724475024166
7,Ammonia,190.0,204.18861403903398,14.188614039033979
7,Ammonia,90.0,73.99626427158141,16.00373572841859
7,Ammonia,140.0,134.90401118492719,5.095988815072815
7,Ammonia,70.0,52.8192587508842,17.180741249115798
7,Ammonia,100.0,86.02699638288684,13.973003617113164
7,Ammonia,210.0,178.52119600055522,31.47880399944478
7,Toluene,100.0,101.76150018378479,1.76150018378479
7,Ammonia,300.0,254.06579233473826,45.93420766526174
7,Ammonia,50.0,32.13278349454838,17.867216505451623
7,Toluene,5.0,22.10447497358325,17.10447497358325
7,Toluene,10.0,12.171193513596108,2.1711935135961085
7,Ammonia,110.0,115.0890354975854,5.0890354975853995
7,Ammonia,220.0,175.20841115210726,44.79158884789274
7,Toluene,60.0,57.28773559363175,2.7122644063682486
7,Toluene,20.0,22.862287208750217,2.8622872087502174
7,Ammonia,120.0,125.76979316989204,5.76979316989204
7,Ammonia,280.0,211.54731360123674,68.45268639876326
7,Toluene,30.0,72.6779139339135,42.6779139339135
7,Toluene,30.0,28.27963180749181,1.7203681925081895
7,Ammonia,55.0,58.433401824146145,3.433401824146145
7,Ammonia,290.0,213.4177368261763,76.58226317382369
7,Toluene,95.0,97.74688235423505,2.746882354235055
7,Toluene,85.0,90.50026524347443,5.500265243474431
7,Ammonia,150.0,161.64908108855406,11.649081088554055
7,Ammonia,200.0,171.1813857092548,28.818614290745188
7,Toluene,45.0,41.13360177514306,3.866398224856937
7,Toluene,65.0,66.01577760912268,1.0157776091226793
7,Ammonia,250.0,229.69954134316708,20.300458656832916
7,Ammonia,60.0,39.899991526783595,20.100008473216405
7,Toluene,15.0,30.117722874758897,15.117722874758897
7,Toluene,50.0,43.83171736538624,6.16828263461376
7,Ammonia,160.0,172.35747402947658,12.357474029476577
7,Ammonia,240.0,193.8881470102374,46.11185298976261
7,Toluene,40.0,42.29821107756871,2.298211077568709
7,Toluene,35.0,28.64215802077898,6.357841979221021
7,Ammonia,260.0,232.6292865085889,27.370713491411095
7,Ammonia,130.0,116.42305700018962,13.576942999810385
7,Toluene,75.0,71.9262788141855,3.073721185814506
7,Toluene,90.0,100.64596131792547,10.645961317925469
7,Ammonia,170.0,188.41043441603273,18.41043441603273
7,Ammonia,230.0,187.9773052950902,42.02269470490981
7,Toluene,80.0,80.96253416100042,0.9625341610004199
7,Toluene,55.0,53.013499010034664,1.9865009899653359
7,Ammonia,270.0,240.35465324645915,29.64534675354085
7,Ammonia,180.0,158.87943699054225,21.120563009457754
7,Toluene,25.0,33.564299525091386,8.564299525091386
7,Toluene,2.5,14.22172083970949,11.72172083970949
7,Ammonia,190.0,200.5299779168073,10.529977916807297
7,Ammonia,90.0,76.72329547593007,13.276704524069928
7,Ammonia,140.0,129.43377656945546,10.56622343054454
7,Ammonia,70.0,53.05770932422611,16.94229067577389
7,Ammonia,100.0,88.96097627709452,11.039023722905483
7,Ammonia,210.0,176.07226099386617,33.927739006133834
7,Toluene,100.0,111.96856136903806,11.968561369038056
7,Ammonia,300.0,262.1595130254546,37.8404869745454
7,Ammonia,50.0,34.64339018443981,15.35660981556019
7,Toluene,10.0,26.11014368355653,16.11014368355653
7,Toluene,160.0,15.633227797294154,144.36677220270585
7,Ammonia,110.0,115.24464518220967,5.244645182209666
7,Ammonia,220.0,184.577364027759,35.42263597224101
7,Toluene,60.0,64.43911836544841,4.439118365448408
7,Toluene,20.0,24.70922591948637,4.7092259194863715
7,Ammonia,120.0,126.5408506492787,6.5408506492786955
7,Ammonia,280.0,214.60825419099044,65.39174580900956
7,Toluene,50.0,69.24997350280073,19.249973502800728
7,Toluene,30.0,26.51587578714056,3.4841242128594416
7,Ammonia,80.0,62.461539925552856,17.538460074447144
7,Ammonia,290.0,222.19314887565895,67.80685112434105
7,Toluene,95.0,100.39210450556484,5.392104505564845
7,Toluene,85.0,93.60377520783373,8.603775207833735
7,Ammonia,150.0,163.96800981707025,13.968009817070254
7,Ammonia,200.0,173.5395405222161,26.4604594777839
7,Toluene,45.0,43.53168178451496,1.4683182154850414
7,Toluene,65.0,60.71811348649322,4.281886513506777
7,Ammonia,250.0,225.95102619176254,24.048973808237463
7,Ammonia,60.0,42.94882454405244,17.051175455947558
7,Toluene,15.0,30.772299615894198,15.772299615894198
7,Toluene,50.0,45.45336441540694,4.546635584593062
7,Ammonia,160.0,176.72714352310626,16.727143523106264
7,Ammonia,240.0,197.34758895331592,42.65241104668408
7,Toluene,40.0,43.60742488051612,3.6074248805161204
7,Toluene,35.0,29.626146377143087,5.373853622856913
7,Ammonia,260.0,233.37827101376473,26.62172898623527
7,Ammonia,130.0,129.15114053736772,0.8488594626322765
7,Toluene,70.0,72.63239612475078,2.632396124750784
7,Toluene,90.0,86.89508207704502,3.104917922954982
7,Ammonia,170.0,181.0136528602668,11.013652860266802
7,Ammonia,230.0,212.1019931902627,17.898006809737296
7,Toluene,80.0,73.0344101842182,6.965589815781797
7,Toluene,55.0,46.967429139703626,8.032570860296374
7,Ammonia,270.0,276.4027024815523,6.402702481552296
7,Ammonia,180.0,168.53412835095264,11.465871649047358
7,Toluene,10.0,41.368559299035155,31.368559299035155
7,Toluene,2.5,19.304953823928415,16.804953823928415
7,Ammonia,190.0,206.30160794567087,16.301607945670867
7,Ammonia,90.0,76.33854968666166,13.661450313338335
7,Ammonia,140.0,134.5953750571636,5.404624942836392
7,Ammonia,70.0,53.41459821738637,16.58540178261363
7,Ammonia,100.0,89.735767409763,10.264232590237
7,Ammonia,210.0,192.6416634934657,17.3583365065343
7,Toluene,180.0,87.86131400248281,92.13868599751719
7,Ammonia,300.0,283.7694108350606,16.230589164939374
7,Ammonia,50.0,38.18641961048935,11.813580389510648
7,Toluene,10.0,27.151670706911986,17.151670706911986
7,Toluene,10.0,19.18693213935738,9.186932139357381
7,Ammonia,110.0,119.02971736328601,9.02971736328601
7,Ammonia,220.0,198.80172276891977,21.198277231080226
7,Toluene,60.0,57.44423880306462,2.5557611969353786
7,Toluene,140.0,27.95352952701066,112.04647047298934
7,Ammonia,120.0,129.80726509078139,9.807265090781385
7,Ammonia,280.0,243.1423708979644,36.85762910203559
7,Toluene,70.0,60.80523065872768,9.19476934127232
7,Toluene,30.0,28.72201944560338,1.2779805543966205
7,Ammonia,80.0,62.36688714529467,17.63311285470533
7,Ammonia,290.0,249.5534636640021,40.446536335997905
7,Toluene,95.0,88.35393355620207,6.646066443797935
7,Toluene,85.0,85.76325015955118,0.7632501595511769
7,Ammonia,150.0,169.37890313351215,19.378903133512154
7,Ammonia,200.0,184.57299986830944,15.427000131690562
7,Toluene,10.0,45.99420988334886,35.99420988334886
7,Toluene,50.0,61.49069345932131,11.490693459321307
7,Ammonia,250.0,256.5890852357383,6.58908523573831
7,Ammonia,60.0,44.914026764222015,15.085973235777985
7,Toluene,15.0,32.59833308348165,17.59833308348165
7,Toluene,50.0,42.845619005436106,7.154380994563894
7,Ammonia,160.0,183.49750738247738,23.49750738247738
7,Ammonia,240.0,217.12343287424923,22.876567125750768
7,Toluene,40.0,46.045025392824755,6.045025392824755
7,Toluene,35.0,31.466972398301493,3.5330276016985067
7,Ammonia,260.0,252.50453730112926,7.495462698870739
7,Ammonia,130.0,132.40256828758027,2.402568287580266
7,Toluene,60.0,64.48661156185746,4.486611561857458
7,Toluene,90.0,91.28047104246835,1.2804710424683492
7,Ammonia,170.0,188.53337793648706,18.533377936487057
7,Ammonia,230.0,208.93786063370948,21.062139366290523
7,Toluene,80.0,76.97305936211825,3.0269406378817507
7,Toluene,55.0,46.86913615086539,8.130863849134613
7,Ammonia,55.0,265.7485661373423,210.74856613734232
7,Ammonia,180.0,175.13838795891144,4.861612041088563
7,Toluene,25.0,41.60022557910828,16.600225579108283
7,Toluene,50.0,14.977238763083378,35.02276123691662
7,Ammonia,190.0,213.57824999633073,23.578249996330726
7,Ammonia,30.0,73.73961638410327,43.73961638410327
7,Ammonia,140.0,141.81882728342202,1.8188272834220243
7,Ammonia,70.0,52.56267091990725,17.437329080092752
7,Ammonia,100.0,90.94308618800906,9.056913811990938
7,Ammonia,210.0,193.86391635338813,16.136083646611866
7,Toluene,100.0,92.26782668079412,7.732173319205884
7,Ammonia,300.0,280.00474353740475,19.99525646259525
7,Ammonia,50.0,43.109914257195314,6.890085742804686
7,Toluene,5.0,27.380162138864435,22.380162138864435
7,Toluene,10.0,18.530113178971817,8.530113178971817
7,Ammonia,110.0,117.54585197211055,7.545851972110555
7,Ammonia,220.0,198.95561891813384,21.044381081866163
7,Toluene,60.0,52.6093346150889,7.390665384911102
7,Toluene,20.0,26.286434944361886,6.286434944361886
7,Ammonia,120.0,128.28481882629072,8.284818826290717
7,Ammonia,280.0,246.442556207462,33.55744379253801
7,Toluene,70.0,60.67618224587754,9.323817754122459
7,Toluene,30.0,30.81650263162338,0.8165026316233792
7,Ammonia,80.0,65.70546685605017,14.294533143949835
7,Ammonia,290.0,251.7758829082478,38.22411709175219
7,Toluene,10.0,84.99280321868747,74.99280321868747
7,Toluene,85.0,84.94757933386589,0.052420666134111116
7,Ammonia,150.0,163.15562677779093,13.155626777790928
7,Ammonia,110.0,185.42063924110136,75.42063924110136
7,Toluene,45.0,48.040130496577135,3.0401304965771345
7,Toluene,230.0,59.441086038352125,170.55891396164787
7,Ammonia,250.0,251.19866515610823,1.198665156108234
7,Ammonia,60.0,45.65054596532194,14.349454034678061
7,Toluene,10.0,35.4924322292579,25.4924322292579
7,Toluene,50.0,43.131793896728766,6.868206103271234
7,Ammonia,40.0,186.185269001578,146.185269001578
7,Ammonia,240.0,214.93014920052363,25.06985079947637
7,Toluene,40.0,48.74231881408234,8.742318814082338
7,Toluene,35.0,28.526606156600835,6.473393843399165
7,Ammonia,260.0,252.95804214574957,7.041957854250427
7,Ammonia,130.0,129.61162588336603,0.3883741166339689
7,Toluene,75.0,63.540311554235444,11.459688445764556
7,Toluene,90.0,90.738426120761,0.7384261207610052
7,Ammonia,170.0,198.04838540520674,28.048385405206744
7,Ammonia,230.0,203.0424248770575,26.9575751229425
7,Toluene,80.0,67.487076508357,12.512923491642994
7,Toluene,55.0,47.204045639701135,7.795954360298865
7,Ammonia,270.0,267.51636765841613,2.4836323415838706
7,Ammonia,180.0,171.14098146188343,8.859018538116572
7,Toluene,25.0,40.81044328742645,15.810443287426452
7,Toluene,2.5,21.496793391104788,18.996793391104788
7,Ammonia,190.0,212.74314206660944,22.743142066609437
7,Ammonia,90.0,74.9031503575898,15.096849642410206
7,Ammonia,140.0,135.48655781806434,4.513442181935659
7,Ammonia,70.0,50.489569512237125,19.510430487762875
7,Ammonia,100.0,89.18246472089302,10.817535279106977
7,Ammonia,210.0,195.03025004219336,14.969749957806641
7,Toluene,100.0,98.27011725804459,1.7298827419554073
7,Ammonia,300.0,282.8777992936568,17.12220070634322
7,Ammonia,50.0,37.4221230178408,12.577876982159196
7,Toluene,190.0,30.70270072789097,159.29729927210903
7,Toluene,10.0,19.008103986368823,9.008103986368823
7,Ammonia,10.0,121.25463984214599,111.25463984214599
7,Ammonia,220.0,199.47911572975306,20.52088427024694
7,Toluene,60.0,57.44687312109029,2.5531268789097084
7,Toluene,20.0,26.57679956486828,6.576799564868281
7,Ammonia,120.0,134.98298884293595,14.982988842935953
7,Ammonia,280.0,243.42988920244568,36.57011079755432
7,Toluene,70.0,61.15515818439009,8.844841815609911
7,Toluene,30.0,30.054602124217297,0.05460212421729693
7,Ammonia,80.0,62.626124875071866,17.373875124928134
7,Ammonia,290.0,250.57611119209778,39.423888807902216
7,Toluene,95.0,92.18227353565925,2.817726464340751
7,Toluene,85.0,78.62673526608953,6.373264733910474
7,Ammonia,150.0,169.6419708069974,19.641970806997392
7,Ammonia,200.0,187.15246480524166,12.847535194758336
7,Toluene,45.0,49.03257420224418,4.032574202244177
7,Toluene,65.0,51.97207791307666,13.02792208692334
7,Ammonia,250.0,253.72127939313873,3.7212793931387296
7,Ammonia,60.0,48.707781192952794,11.292218807047206
7,Toluene,10.0,34.80952729229668,24.80952729229668
7,Toluene,50.0,39.99005866753849,10.009941332461509
7,Ammonia,160.0,183.49313779868865,23.49313779868865
7,Ammonia,240.0,214.27480938942188,25.725190610578125
7,Toluene,40.0,40.89166946262779,0.8916694626277888
7,Toluene,35.0,31.988164631392806,3.011835368607194
7,Ammonia,260.0,255.43159915482022,4.568400845179781
7,Ammonia,130.0,128.704287498723,1.295712501276995
7,Toluene,75.0,67.30422422891019,7.695775771089814
7,Toluene,90.0,89.03210024111243,0.9678997588875689
7,Ammonia,170.0,191.2418831680091,21.24188316800911
7,Ammonia,230.0,206.46289571627864,23.537104283721362
7,Toluene,80.0,71.46685059478055,8.533149405219447
7,Toluene,55.0,48.26854641536514,6.731453584634863
7,Ammonia,270.0,270.99913416821914,0.9991341682191432
7,Ammonia,180.0,167.0547008871358,12.945299112864205
7,Toluene,25.0,38.57976999790604,13.579769997906041
7,Toluene,160.0,22.435274673813865,137.56472532618614
7,Ammonia,190.0,208.05172060003696,18.05172060003696
7,Ammonia,90.0,77.89128866377308,12.108711336226918
7,Ammonia,140.0,143.85157820527849,3.8515782052784857
7,Ammonia,70.0,55.30834757658572,14.691652423414283
7,Ammonia,100.0,91.1847826217614,8.8152173782386
7,Ammonia,210.0,197.500013180859,12.499986819140986
7,Toluene,100.0,84.11213070834049,15.887869291659513
7,Ammonia,300.0,277.9698243694854,22.030175630514577
7,Ammonia,50.0,39.664809757127784,10.335190242872216
7,Toluene,50.0,25.504475240868317,24.495524759131683
7,Toluene,10.0,19.104823638871224,9.104823638871224
7,Ammonia,110.0,122.60892696008347,12.608926960083465
7,Ammonia,220.0,200.91788880200016,19.082111197999836
7,Toluene,60.0,55.78270713847158,4.217292861528421
7,Toluene,20.0,22.32835522422333,2.32835522422333
7,Ammonia,120.0,137.04103124500625,17.041031245006252
7,Ammonia,280.0,246.08377568332256,33.91622431667744
7,Toluene,70.0,61.18837074285854,8.811629257141462
7,Toluene,30.0,24.496199505822858,5.503800494177142
7,Ammonia,10.0,61.434106715854085,51.434106715854085
7,Ammonia,290.0,248.07394977945486,41.926050220545136
7,Toluene,80.0,81.00304341047628,1.0030434104762804
7,Toluene,85.0,77.96998508427438,7.030014915725616
7,Ammonia,150.0,161.7155556970861,11.715555697086103
7,Ammonia,200.0,188.48954880620153,11.510451193798474
7,Toluene,45.0,43.017892411668086,1.982107588331914
7,Toluene,65.0,52.37152352138115,12.62847647861885
7,Ammonia,250.0,255.80060124131955,5.800601241319555
7,Ammonia,60.0,44.15694457234869,15.843055427651308
7,Toluene,15.0,31.81712552458734,16.81712552458734
7,Toluene,45.0,41.49411432525878,3.505885674741222
7,Ammonia,160.0,186.6747387642564,26.674738764256404
7,Ammonia,240.0,213.94235823034626,26.057641769653742
7,Toluene,40.0,40.94961718385899,0.9496171838589902
7,Toluene,35.0,29.858583619209426,5.141416380790574
7,Ammonia,260.0,263.0694559687813,3.0694559687813125
7,Ammonia,130.0,132.38453023992076,2.384530239920764
7,Toluene,75.0,67.57551795544254,7.424482044557465
7,Toluene,90.0,86.95386010490871,3.0461398950912866
7,Ammonia,170.0,189.33638101799497,19.336381017994967
7,Ammonia,230.0,208.70641887616188,21.293581123838123
7,Toluene,80.0,69.23518648850343,10.76481351149657
7,Toluene,55.0,46.426289527461535,8.573710472538465
7,Ammonia,270.0,268.38245304009035,1.617546959909646
7,Ammonia,180.0,168.94047854190683,11.059521458093172
7,Toluene,25.0,36.85741718277812,11.857417182778121
7,Toluene,2.5,18.897490181008365,16.397490181008365
7,Ammonia,190.0,209.75437758546894,19.754377585468944
7,Ammonia,90.0,74.48369508105162,15.516304918948379
7,Ammonia,140.0,142.7349485267692,2.7349485267691875
7,Ammonia,90.0,52.24498032053789,37.75501967946211
7,Ammonia,100.0,91.81241596347786,8.18758403652214
7,Ammonia,120.0,195.46153627494436,75.46153627494436
7,Toluene,100.0,86.93222932938613,13.067770670613868
7,Ammonia,300.0,282.6633344155024,17.33666558449761
7,Ammonia,50.0,37.79455711571238,12.20544288428762
7,Toluene,50.0,25.9766882767523,24.0233117232477
7,Toluene,10.0,15.164951540004665,5.164951540004665
7,Ammonia,110.0,123.95504120542988,13.955041205429879
7,Ammonia,220.0,202.95444478736897,17.04555521263103
7,Toluene,60.0,52.01995721099418,7.980042789005822
7,Toluene,20.0,16.41076718168121,3.5892328183187914
7,Ammonia,120.0,130.13432061578473,10.13432061578473
7,Ammonia,280.0,242.53927494667772,37.46072505332228
7,Toluene,70.0,61.481805525749806,8.518194474250194
7,Toluene,30.0,28.146612935998448,1.8533870640015522
7,Ammonia,80.0,65.93511874615965,14.064881253840355
7,Ammonia,290.0,254.85857968016717,35.14142031983283
7,Toluene,95.0,78.48490737296919,16.51509262703081
7,Toluene,85.0,66.25806563406063,18.741934365939372
7,Ammonia,150.0,153.91492395491298,3.914923954912979
7,Ammonia,200.0,174.38960447117762,25.61039552882238
7,Toluene,45.0,40.629089325065095,4.370910674934905
7,Toluene,65.0,51.74790335491349,13.25209664508651
7,Ammonia,250.0,248.86124552120828,1.138754478791725
7,Ammonia,60.0,49.001900145816975,10.998099854183025
7,Toluene,15.0,37.441595606993985,22.441595606993985
7,Toluene,50.0,37.13901708541651,12.860982914583488
7,Ammonia,160.0,176.1254074527,16.12540745269999
7,Ammonia,240.0,207.33104719988552,32.66895280011448
7,Toluene,40.0,41.55445229946551,1.5544522994655097
7,Toluene,35.0,24.665129889251546,10.334870110748454
7,Ammonia,260.0,240.17121215652838,19.828787843471616
7,Ammonia,130.0,122.34031738031025,7.659682619689747
7,Toluene,75.0,55.818269365971304,19.181730634028696
7,Toluene,90.0,74.93417623571779,15.065823764282214
7,Ammonia,170.0,188.7835062959505,18.783506295950502
7,Ammonia,230.0,200.64993549118898,29.350064508811016
7,Toluene,80.0,63.70201592256562,16.29798407743438
7,Toluene,55.0,38.33995804859795,16.66004195140205
7,Ammonia,270.0,260.36668193435855,9.633318065641447
7,Ammonia,180.0,164.6172735954974,15.382726404502591
7,Toluene,25.0,32.124591378842695,7.124591378842695
7,Toluene,2.5,19.533182066347337,17.033182066347337
7,Ammonia,190.0,204.64060727681846,14.640607276818457
7,Ammonia,90.0,81.16778821560644,8.832211784393564
7,Ammonia,140.0,136.65892606730446,3.3410739326955365
7,Ammonia,70.0,60.26039099584732,9.739609004152683
7,Ammonia,100.0,93.56125357087654,6.438746429123455
7,Ammonia,210.0,186.08921439342325,23.910785606576752
7,Toluene,100.0,86.19888435778415,13.801115642215848
7,Ammonia,300.0,277.5280505463435,22.47194945365652
7,Ammonia,50.0,39.58061428443145,10.419385715568552
7,Toluene,5.0,23.787488815377415,18.787488815377415
7,Toluene,10.0,17.136400155039553,7.136400155039553
7,Ammonia,110.0,115.19970684898756,5.19970684898756
7,Ammonia,220.0,195.09862862582042,24.901371374179575
7,Toluene,60.0,49.510386415733464,10.489613584266536
7,Toluene,20.0,24.833332746920846,4.833332746920846
7,Ammonia,120.0,125.01427640019435,5.014276400194348
7,Ammonia,280.0,243.43217534157552,36.567824658424485
7,Toluene,70.0,57.193633701685314,12.806366298314686
7,Toluene,30.0,26.97850320439585,3.0214967956041505
7,Ammonia,80.0,67.4368032225807,12.563196777419293
7,Ammonia,290.0,254.1856908310022,35.814309168997795
7,Toluene,95.0,76.01850270065515,18.981497299344852
7,Toluene,85.0,73.52519026302731,11.474809736972688
7,Ammonia,150.0,159.75878065849543,9.758780658495425
7,Ammonia,200.0,180.12466755097827,19.875332449021727
7,Toluene,45.0,41.00538554540728,3.994614454592721
7,Toluene,65.0,52.73118530918376,12.268814690816242
7,Ammonia,250.0,247.70422103025084,2.295778969749165
7,Ammonia,60.0,46.648856555617556,13.351143444382444
7,Toluene,15.0,31.89230338181845,16.89230338181845
7,Toluene,50.0,35.919549025200666,14.080450974799334
7,Ammonia,160.0,179.0234796114238,19.023479611423795
7,Ammonia,240.0,210.47047256348225,29.529527436517753
7,Toluene,40.0,42.550199738160515,2.550199738160515
7,Toluene,35.0,25.497926349866447,9.502073650133553
7,Ammonia,260.0,244.36009196939096,15.639908030609035
7,Ammonia,130.0,125.43470339127498,4.565296608725021
7,Toluene,75.0,55.94568643076178,19.054313569238218
7,Toluene,90.0,75.2580676439745,14.741932356025501
7,Ammonia,170.0,186.69083842758147,16.69083842758147
7,Ammonia,230.0,202.55568994824344,27.44431005175656
7,Toluene,80.0,61.53607093322752,18.46392906677248
7,Toluene,55.0,39.9067490202428,15.093250979757201
7,Ammonia,270.0,255.5972309792347,14.402769020765305
7,Ammonia,180.0,164.69543077000023,15.304569229999771
7,Toluene,25.0,37.27005738230926,12.270057382309261
7,Toluene,2.5,18.315055378574215,15.815055378574215
7,Ammonia,190.0,208.68701707218543,18.687017072185427
7,Ammonia,90.0,80.06572751164164,9.93427248835836
7,Ammonia,140.0,130.48435191930864,9.515648080691363
7,Ammonia,70.0,58.30627642794373,11.693723572056271
7,Ammonia,100.0,91.89301022228426,8.10698977771574
7,Ammonia,210.0,182.82399534471367,27.176004655286334
7,Ethylene,100.0,91.35779187068036,8.642208129319641
7,Ethylene,100.0,96.97942619884464,3.020573801155365
7,Acetaldehyde,125.0,210.301564843611,85.301564843611
7,Acetaldehyde,100.0,178.91711767948652,78.91711767948652
7,Acetaldehyde,10.0,34.10258478062637,24.102584780626373
7,Acetaldehyde,125.0,199.9422706559601,74.9422706559601
7,Acetaldehyde,125.0,185.23643499903386,60.23643499903386
7,Ethylene,100.0,90.06623691502728,9.933763084972725
7,Ethylene,100.0,83.05899924015591,16.941000759844087
7,Ethylene,100.0,97.31564919478316,2.6843508052168374
7,Ethylene,10.0,8.231980616655022,1.7680193833449778
7,Acetaldehyde,100.0,175.04972274836686,75.04972274836686
7,Acetaldehyde,10.0,34.41732117238965,24.41732117238965
7,Ethylene,100.0,100.87679897484429,0.8767989748442915
7,Ethylene,10.0,8.77372034564172,1.2262796543582795
7,Acetaldehyde,100.0,168.91634292039262,68.91634292039262
7,Acetaldehyde,10.0,38.992772743336275,28.992772743336275
7,Ethylene,100.0,92.64055804830826,7.3594419516917355
7,Ethylene,10.0,7.4461518343982505,2.5538481656017495
7,Acetaldehyde,100.0,179.21809727581945,79.21809727581945
7,Acetaldehyde,10.0,33.51988459278091,23.51988459278091
7,Ethylene,100.0,87.2500999850074,12.749900014992605
7,Ethylene,10.0,5.061070714882021,4.938929285117979
7,Acetaldehyde,100.0,175.58488605338835,75.58488605338835
7,Acetaldehyde,60.0,37.55404052144088,22.445959478559118
7,Ethylene,100.0,91.45037088459412,8.549629115405878
7,Ethylene,10.0,7.529867969734397,2.470132030265603
7,Acetaldehyde,100.0,169.7647033187472,69.7647033187472
7,Acetaldehyde,10.0,34.272352890228106,24.272352890228106
7,Ethylene,100.0,87.02338021046138,12.976619789538617
7,Ethylene,10.0,6.248149096881576,3.7518509031184237
7,Acetaldehyde,100.0,152.91519588434002,52.91519588434002
7,Acetaldehyde,10.0,36.69423213393675,26.69423213393675
7,Ethylene,100.0,88.62841310993647,11.371586890063526
7,Ethylene,10.0,6.328991044389824,3.6710089556101764
7,Acetaldehyde,100.0,154.70493574504843,54.70493574504843
7,Acetaldehyde,10.0,32.51798910580948,22.517989105809477
7,Ethylene,100.0,93.3899315794556,6.610068420544394
7,Ethylene,10.0,7.615203023292764,2.3847969767072357
7,Acetaldehyde,100.0,154.9602098728707,54.960209872870706
7,Acetaldehyde,10.0,35.452132333408514,25.452132333408514
7,Ethylene,100.0,96.25814017114266,3.7418598288573435
7,Ethylene,10.0,4.460427420288937,5.539572579711063
7,Acetaldehyde,100.0,148.63447479568313,48.63447479568313
7,Acetaldehyde,20.0,37.10063693891753,17.100636938917532
7,Ethylene,100.0,93.8968616346609,6.103138365339106
7,Ethylene,10.0,6.388850556686776,3.6111494433132236
7,Acetaldehyde,100.0,140.63030352195213,40.63030352195213
7,Acetaldehyde,10.0,34.628609248377415,24.628609248377415
7,Ethylene,100.0,91.18188214815507,8.818117851844931
7,Ethylene,10.0,5.817487735812136,4.182512264187864
7,Acetaldehyde,100.0,140.48842658047408,40.48842658047408
7,Acetaldehyde,10.0,37.34048314261091,27.340483142610907
7,Ethylene,100.0,94.59717839763472,5.402821602365279
7,Ethylene,10.0,4.923194889730041,5.076805110269959
7,Acetaldehyde,100.0,143.80603447176892,43.806034471768925
7,Acetaldehyde,10.0,36.143069887195324,26.143069887195324
7,Ethylene,100.0,91.78895697490894,8.211043025091058
7,Ethylene,10.0,4.7134229170218305,5.2865770829781695
7,Acetaldehyde,100.0,166.29045831136602,66.29045831136602
7,Acetaldehyde,10.0,30.781893417336363,20.781893417336363
7,Ethylene,100.0,92.66195911597674,7.338040884023258
7,Ethylene,10.0,2.679193216260586,7.320806783739414
7,Acetaldehyde,100.0,175.08311861022742,75.08311861022742
7,Acetaldehyde,10.0,35.64331793916409,25.643317939164092
7,Ethylene,100.0,89.64109432541531,10.35890567458469
7,Ethylene,10.0,8.561568959933254,1.438431040066746
7,Acetaldehyde,100.0,170.91067592424432,70.91067592424432
7,Acetaldehyde,10.0,33.04170693531417,23.041706935314167
7,Ethylene,100.0,97.42886348973985,2.5711365102601462
7,Ethylene,10.0,6.514095250816041,3.485904749183959
7,Acetaldehyde,100.0,173.67559351045549,73.67559351045549
7,Acetaldehyde,10.0,33.92155674493817,23.921556744938172
7,Ethylene,100.0,86.44698714145852,13.553012858541479
7,Ethylene,10.0,3.2118097375477532,6.788190262452247
7,Acetaldehyde,100.0,173.32430525488172,73.32430525488172
7,Acetaldehyde,10.0,37.46565747390298,27.46565747390298
7,Ethylene,100.0,94.00716931811071,5.992830681889288
7,Ethylene,10.0,4.6303298711345064,5.3696701288654936
7,Acetaldehyde,100.0,168.15973111986375,68.15973111986375
7,Acetaldehyde,10.0,36.46927178167907,26.46927178167907
7,Ethylene,100.0,96.3314224379531,3.668577562046906
7,Ethylene,35.0,6.998433574001467,28.001566425998533
7,Acetaldehyde,100.0,164.15287241327255,64.15287241327255
7,Acetaldehyde,10.0,33.34535135064847,23.34535135064847
7,Ethylene,100.0,98.72355417685017,1.2764458231498281
7,Ethylene,10.0,6.077482119249311,3.9225178807506893
7,Acetaldehyde,100.0,163.15278097135052,63.15278097135052
7,Acetaldehyde,10.0,33.92353846201206,23.92353846201206
7,Ethylene,100.0,93.08658633911907,6.913413660880934
7,Ethylene,10.0,5.195163335354039,4.804836664645961
7,Acetaldehyde,100.0,165.2051397828589,65.20513978285891
7,Acetaldehyde,10.0,34.40327447537959,24.40327447537959
7,Ethylene,100.0,96.01248717718951,3.987512822810487
7,Ethylene,10.0,3.782236757602078,6.217763242397922
7,Acetaldehyde,100.0,156.6903112744231,56.690311274423095
7,Acetaldehyde,10.0,34.24410995541915,24.244109955419148
7,Ethylene,100.0,92.43969737562809,7.560302624371914
7,Ethylene,10.0,4.333421615491915,5.666578384508085
7,Acetaldehyde,100.0,159.35920186773635,59.359201867736346
7,Acetaldehyde,10.0,36.17275076836225,26.17275076836225
7,Ethylene,100.0,94.38272485198922,5.617275148010776
7,Ethylene,10.0,3.6130828752633306,6.386917124736669
7,Acetaldehyde,100.0,161.08270996525366,61.082709965253656
7,Acetaldehyde,200.0,32.571422603613826,167.42857739638617
7,Ethylene,100.0,94.1703470442862,5.829652955713797
7,Ethylene,10.0,4.6392595064107525,5.3607404935892475
7,Acetaldehyde,100.0,152.62553460906972,52.62553460906972
7,Acetaldehyde,10.0,37.79675397199183,27.796753971991834
7,Ethylene,100.0,87.97716072695526,12.022839273044738
7,Ethylene,10.0,4.180069015946486,5.819930984053514
7,Acetaldehyde,100.0,152.3976018179237,52.397601817923686
7,Acetaldehyde,10.0,32.8051385327105,22.8051385327105
7,Ethylene,100.0,91.71766668031574,8.282333319684255
7,Ethylene,10.0,6.2651820820225055,3.7348179179774945
7,Acetaldehyde,100.0,149.51307970947266,49.51307970947266
7,Acetaldehyde,10.0,34.373842197333985,24.373842197333985
7,Ethylene,100.0,95.01991238225486,4.980087617745141
7,Ethylene,10.0,6.281696237215613,3.7183037627843873
7,Acetaldehyde,100.0,148.41540021151246,48.41540021151246
7,Acetaldehyde,10.0,36.78159662767766,26.781596627677658
7,Ethylene,100.0,90.11509327033443,9.884906729665573
7,Ethylene,10.0,8.390208641478438,1.6097913585215622
7,Acetaldehyde,100.0,148.6561503889195,48.656150388919514
7,Acetaldehyde,10.0,38.800234950011614,28.800234950011614
7,Ethylene,100.0,91.55640992156529,8.44359007843471
7,Ethylene,10.0,6.215688594941724,3.7843114050582756
7,Acetaldehyde,100.0,147.56081321798519,47.560813217985185
7,Acetaldehyde,10.0,35.838952974200794,25.838952974200794
7,Ethylene,100.0,89.58701377498929,10.412986225010712
7,Ethylene,10.0,5.637096694319496,4.362903305680504
7,Acetaldehyde,100.0,142.19223349503204,42.19223349503204
7,Acetaldehyde,10.0,33.80624983528534,23.806249835285342
7,Ethylene,100.0,92.26261397055531,7.737386029444693
7,Ethylene,10.0,6.0855265022420895,3.9144734977579105
7,Acetaldehyde,100.0,150.48311453601977,50.48311453601977
7,Acetaldehyde,10.0,37.298025326363216,27.298025326363216
7,Ethylene,100.0,92.12869350125746,7.871306498742541
7,Ethylene,10.0,4.687781510232952,5.312218489767048
7,Acetaldehyde,100.0,141.65317971293783,41.65317971293783
7,Acetaldehyde,10.0,37.329270952554,27.329270952553998
7,Ethylene,100.0,91.90452161252499,8.095478387475012
7,Ethylene,10.0,5.903926920539618,4.096073079460382
7,Acetaldehyde,100.0,135.9478545158909,35.947854515890896
7,Acetaldehyde,10.0,37.47161023566325,27.47161023566325
7,Ethylene,100.0,95.3989843024962,4.601015697503797
7,Ethylene,10.0,2.548686706658856,7.451313293341144
7,Acetaldehyde,100.0,140.55000123860023,40.55000123860023
7,Acetaldehyde,10.0,34.578997634525166,24.578997634525166
7,Ethylene,100.0,89.05818123453277,10.941818765467232
7,Ethylene,10.0,8.17794916102207,1.8220508389779297
7,Acetaldehyde,100.0,140.40958441983867,40.409584419838666
7,Acetaldehyde,10.0,33.38276631220897,23.38276631220897
7,Ethylene,100.0,90.51067665199264,9.48932334800736
7,Ethylene,10.0,5.631787909169702,4.368212090830298
7,Acetaldehyde,100.0,139.1516693190541,39.15166931905409
7,Acetaldehyde,10.0,36.716962814989955,26.716962814989955
7,Ethylene,100.0,91.77837442200766,8.221625577992342
7,Ethylene,10.0,0.9412769633693756,9.058723036630624
7,Acetaldehyde,100.0,132.68897178267667,32.688971782676674
7,Acetaldehyde,10.0,38.60041894592497,28.60041894592497
7,Ethylene,100.0,93.40826452804649,6.591735471953513
7,Ethylene,10.0,5.678858634680807,4.321141365319193
7,Acetaldehyde,100.0,133.90374310621525,33.903743106215245
7,Acetaldehyde,120.0,35.278931795498266,84.72106820450173
7,Ethylene,100.0,85.38351802394496,14.616481976055042
7,Ethylene,10.0,4.423823904693506,5.576176095306494
7,Acetaldehyde,100.0,125.62055589757816,25.620555897578157
7,Acetaldehyde,10.0,37.66522936148115,27.665229361481153
7,Ethylene,100.0,93.07434005296264,6.92565994703736
7,Ethylene,10.0,4.543775838280624,5.456224161719376
7,Acetaldehyde,100.0,127.46864330977537,27.468643309775373
7,Acetaldehyde,10.0,36.98874096475504,26.98874096475504
7,Ethylene,100.0,85.59603533294774,14.403964667052264
7,Ethylene,10.0,2.881714073681252,7.118285926318748
7,Acetaldehyde,100.0,128.39527418429137,28.395274184291367
7,Acetaldehyde,10.0,36.934926307120435,26.934926307120435
7,Ethylene,100.0,93.92092494373995,6.079075056260052
7,Ethylene,10.0,4.295741070109614,5.704258929890386
7,Acetaldehyde,100.0,125.28484848633876,25.28484848633876
7,Acetaldehyde,10.0,34.84560013617596,24.84560013617596
7,Ethylene,100.0,87.710617649124,12.289382350875997
7,Ethylene,10.0,6.131552254006522,3.8684477459934783
7,Acetaldehyde,100.0,125.87557966915016,25.875579669150156
7,Acetaldehyde,10.0,33.56187843398324,23.56187843398324
7,Ethylene,100.0,89.75414964844535,10.245850351554651
7,Ethylene,10.0,4.220047903472789,5.779952096527211
7,Acetaldehyde,100.0,123.51718217762458,23.517182177624576
7,Acetaldehyde,10.0,36.99596915366429,26.99596915366429
7,Ethylene,100.0,88.96420500580277,11.035794994197232
7,Ethylene,10.0,6.820641954025746,3.1793580459742543
7,Acetaldehyde,100.0,123.50794968166065,23.507949681660648
7,Acetaldehyde,200.0,33.58251166154827,166.41748833845173
7,Ethylene,100.0,91.75299506966135,8.247004930338647
7,Ethylene,10.0,5.341260807580255,4.658739192419745
7,Acetaldehyde,100.0,123.28453913801556,23.28453913801556
7,Acetaldehyde,10.0,36.56606275519306,26.56606275519306
7,Ethylene,100.0,90.02416615345749,9.975833846542514
7,Ethylene,10.0,3.8950253645062674,6.104974635493733
7,Acetaldehyde,100.0,124.16768422606246,24.167684226062462
7,Acetaldehyde,10.0,36.743455065391345,26.743455065391345
7,Ethylene,100.0,86.78926113040752,13.210738869592475
7,Ethylene,50.0,4.8663616180369615,45.13363838196304
7,Acetaldehyde,100.0,121.73006759935794,21.730067599357938
7,Acetaldehyde,100.0,35.52416282766691,64.47583717233309
7,Ethylene,100.0,95.2621168977204,4.737883102279596
7,Ethylene,10.0,6.108622876315536,3.891377123684464
7,Acetaldehyde,100.0,118.13702422471542,18.137024224715418
7,Acetaldehyde,180.0,36.257365444172336,143.74263455582766
7,Ethylene,100.0,90.7109108060832,9.289089193916794
7,Ethylene,10.0,3.0084085865438226,6.991591413456177
7,Acetaldehyde,100.0,121.41070497947729,21.410704979477288
7,Acetaldehyde,10.0,33.904824864132024,23.904824864132024
7,Ethylene,200.0,197.4584912250425,2.5415087749574923
7,Ethylene,20.0,6.39999952187793,13.60000047812207
7,Acetaldehyde,250.0,237.86128553912204,12.138714460877964
7,Acetaldehyde,110.0,124.37033722020169,14.37033722020169
7,Ethylene,150.0,144.06929445082446,5.930705549175542
7,Ethylene,50.0,26.389157932698097,23.610842067301903
7,Acetaldehyde,30.0,36.17467009138328,6.174670091383277
7,Acetaldehyde,80.0,102.4112933643489,22.411293364348893
7,Ethylene,180.0,183.88922008632198,3.889220086321984
7,Ethylene,80.0,64.17292757145933,15.827072428540674
7,Acetaldehyde,20.0,25.883469423003234,5.883469423003234
7,Acetaldehyde,70.0,101.85825964832313,31.858259648323127
7,Ethylene,250.0,235.3861521327483,14.613847867251707
7,Ethylene,210.0,192.69842212869457,17.301577871305426
7,Acetaldehyde,150.0,158.79451488467464,8.79451488467464
7,Acetaldehyde,50.0,78.55691196119736,28.556911961197358
7,Ethylene,230.0,220.93940627873883,9.06059372126117
7,Ethylene,120.0,120.81413358040606,0.8141335804060645
7,Acetaldehyde,120.0,139.52699663371294,19.52699663371294
7,Acetaldehyde,190.0,199.82988265638795,9.829882656387952
7,Ethylene,90.0,72.23848457080683,17.761515429193167
7,Ethylene,170.0,169.4617666139406,0.5382333860594031
7,Acetaldehyde,40.0,53.76379906809758,13.763799068097583
7,Acetaldehyde,230.0,218.85630065537748,11.143699344622519
7,Ethylene,240.0,231.96740491880797,8.032595081192028
7,Ethylene,60.0,36.68063597989733,23.319364020102668
7,Acetaldehyde,130.0,130.56169384542034,0.5616938454203364
7,Acetaldehyde,90.0,102.76913721080123,12.769137210801233
7,Ethylene,190.0,197.72319202526288,7.723192025262875
7,Ethylene,30.0,9.50891399286607,20.49108600713393
7,Acetaldehyde,160.0,140.28104231584345,19.71895768415655
7,Acetaldehyde,240.0,219.7783679925954,20.221632007404594
7,Ethylene,220.0,213.93489480656083,6.065105193439166
7,Ethylene,70.0,107.94400325720645,37.94400325720645
7,Acetaldehyde,220.0,204.3874226711431,15.6125773288569
7,Acetaldehyde,60.0,85.26596390378178,25.26596390378178
7,Ethylene,130.0,132.55673023565168,2.556730235651685
7,Ethylene,40.0,16.613715354298705,23.386284645701295
7,Acetaldehyde,200.0,188.1904383239111,11.80956167608889
7,Acetaldehyde,70.0,133.95895225365842,63.958952253658424
7,Ethylene,110.0,103.4715613102326,6.528438689767398
7,Ethylene,70.0,47.89323065101041,22.106769348989587
7,Acetaldehyde,210.0,194.48156433006676,15.51843566993324
7,Acetaldehyde,170.0,141.67607254593383,28.323927454066165
7,Ethylene,140.0,141.7955645195886,1.795564519588595
7,Ethylene,160.0,165.2355558942672,5.235555894267208
7,Acetaldehyde,180.0,146.19474712065033,33.805252879349666
7,Ethylene,100.0,79.0297547381717,20.970245261828296
7,Ethylene,10.0,8.51575957896705,1.4842404210329505
7,Acetaldehyde,100.0,112.00961765645468,12.00961765645468
7,Ethylene,200.0,194.13557550418005,5.8644244958199465
7,Ethylene,20.0,7.492922905549591,12.507077094450409
7,Acetaldehyde,250.0,211.87746932417662,38.122530675823384
7,Acetaldehyde,110.0,112.93853397201214,2.938533972012138
7,Ethylene,150.0,154.4940493155107,4.4940493155106935
7,Ethylene,50.0,26.308134276903544,23.691865723096456
7,Acetaldehyde,30.0,34.42656302220247,4.4265630222024726
7,Acetaldehyde,80.0,98.3920451456936,18.3920451456936
7,Ethylene,180.0,184.55710121145742,4.557101211457422
7,Ethylene,50.0,58.940037887844696,8.940037887844696
7,Acetaldehyde,20.0,24.059755938670463,4.059755938670463
7,Acetaldehyde,70.0,97.20924149203384,27.20924149203384
7,Ethylene,250.0,237.5228838455943,12.477116154405707
7,Ethylene,210.0,186.09204073959387,23.90795926040613
7,Acetaldehyde,150.0,125.89868418724217,24.101315812757832
7,Acetaldehyde,50.0,75.48525972000246,25.48525972000246
7,Ethylene,230.0,229.4867455326089,0.513254467391107
7,Ethylene,120.0,128.50879881203505,8.508798812035053
7,Acetaldehyde,120.0,119.20355162389913,0.7964483761008694
7,Acetaldehyde,190.0,170.69566123118526,19.304338768814745
7,Ethylene,90.0,81.5444882949929,8.455511705007098
7,Ethylene,170.0,175.12165518558055,5.1216551855805506
7,Acetaldehyde,5.0,45.40529906734737,40.40529906734737
7,Acetaldehyde,230.0,210.0896021454459,19.910397854554105
7,Ethylene,240.0,235.7666542926861,4.233345707313902
7,Ethylene,100.0,35.66925541018726,64.33074458981274
7,Acetaldehyde,130.0,124.73214177080385,5.26785822919615
7,Acetaldehyde,90.0,101.29640066021031,11.29640066021031
7,Ethylene,190.0,202.70380458539162,12.703804585391623
7,Ethylene,30.0,12.814234564721176,17.185765435278824
7,Acetaldehyde,160.0,131.26784212638725,28.73215787361275
7,Acetaldehyde,240.0,219.32988209569774,20.67011790430226
7,Ethylene,220.0,213.21623199813888,6.7837680018611195
7,Ethylene,110.0,113.66536687448382,3.665366874483823
7,Acetaldehyde,220.0,199.53128637408162,20.468713625918383
7,Acetaldehyde,60.0,83.12130315406438,23.12130315406438
7,Ethylene,130.0,136.03266336666016,6.0326633666601595
7,Ethylene,65.0,19.2489954780134,45.7510045219866
7,Acetaldehyde,200.0,174.644889673901,25.35511032609901
7,Acetaldehyde,140.0,135.57400178770868,4.425998212291319
7,Ethylene,110.0,104.44852788667222,5.551472113327776
7,Ethylene,90.0,48.44346000378796,41.55653999621204
7,Acetaldehyde,210.0,189.76009769291028,20.23990230708972
7,Acetaldehyde,170.0,136.98489227164163,33.01510772835837
7,Ethylene,140.0,144.86272034165117,4.862720341651169
7,Ethylene,160.0,166.2927041937676,6.292704193767605
7,Acetaldehyde,180.0,138.05004016513686,41.94995983486314
7,Ethylene,100.0,95.58941668916579,4.4105833108342125
7,Ethylene,10.0,5.6291757319316105,4.3708242680683895
7,Acetaldehyde,100.0,113.17371501705784,13.173715017057845
7,Ethylene,200.0,198.86492063725308,1.1350793627469216
7,Ethylene,20.0,7.406783890447485,12.593216109552515
7,Acetaldehyde,250.0,210.18148933577646,39.81851066422354
7,Acetaldehyde,110.0,108.82253510487755,1.177464895122455
7,Ethylene,150.0,163.35600588522587,13.35600588522587
7,Ethylene,50.0,26.728523445986625,23.271476554013375
7,Acetaldehyde,40.0,33.35374289898995,6.64625710101005
7,Acetaldehyde,100.0,91.83593756071838,8.164062439281622
7,Ethylene,180.0,189.1031375743576,9.10313757435759
7,Ethylene,80.0,61.296211025638584,18.703788974361416
7,Acetaldehyde,20.0,25.495442119527112,5.495442119527112
7,Acetaldehyde,70.0,95.1438116783871,25.143811678387095
7,Ethylene,250.0,237.33701033321114,12.66298966678886
7,Ethylene,210.0,188.555044054626,21.444955945374005
7,Acetaldehyde,150.0,123.4247336199599,26.575266380040105
7,Acetaldehyde,50.0,76.33072901714061,26.330729017140612
7,Ethylene,230.0,223.9004604765589,6.099539523441109
7,Ethylene,120.0,126.48657877635665,6.486578776356652
7,Acetaldehyde,120.0,118.12423058446612,1.875769415533881
7,Acetaldehyde,190.0,166.80663762999927,23.193362370000727
7,Ethylene,90.0,75.38795290287185,14.612047097128155
7,Ethylene,170.0,172.3956838866424,2.395683886642388
7,Acetaldehyde,40.0,44.62259526001969,4.622595260019693
7,Acetaldehyde,230.0,205.06586738150838,24.934132618491617
7,Ethylene,70.0,232.1676836344202,162.1676836344202
7,Ethylene,60.0,34.62863592973629,25.37136407026371
7,Acetaldehyde,130.0,124.99685076668372,5.003149233316279
7,Acetaldehyde,90.0,103.88521345550706,13.885213455507056
7,Ethylene,190.0,188.93565131797047,1.0643486820295323
7,Ethylene,30.0,12.634030919191915,17.365969080808085
7,Acetaldehyde,160.0,131.72046639816958,28.279533601830423
7,Acetaldehyde,10.0,216.55415019948424,206.55415019948424
7,Acetaldehyde,220.0,196.01869210399065,23.981307896009355
7,Acetaldehyde,60.0,85.23996030139038,25.239960301390383
7,Ethylene,130.0,138.33026265404288,8.330262654042883
7,Ethylene,40.0,21.376381872846892,18.623618127153108
7,Acetaldehyde,200.0,175.02869617043405,24.971303829565954
7,Acetaldehyde,280.0,135.2837999907742,144.7162000092258
7,Ethylene,70.0,52.22282726373497,17.77717273626503
7,Acetaldehyde,210.0,184.84907320229516,25.15092679770484
7,Acetaldehyde,170.0,140.1012029306793,29.898797069320693
7,Ethylene,140.0,147.17245157178073,7.1724515717807265
7,Ethylene,160.0,170.5445128636601,10.544512863660088
7,Acetaldehyde,300.0,136.5732797908557,163.4267202091443
7,Acetaldehyde,100.0,106.10487647607835,6.104876476078346
7,Ethylene,200.0,204.70318813047507,4.70318813047507
7,Ethylene,20.0,8.890694439151844,11.109305560848156
7,Acetaldehyde,250.0,210.89674102752844,39.103258972471565
7,Acetaldehyde,110.0,110.97843611959081,0.9784361195908104
7,Ethylene,100.0,164.18353938191484,64.18353938191484
7,Ethylene,50.0,27.195560779659843,22.804439220340157
7,Acetaldehyde,10.0,32.32491773590144,22.324917735901437
7,Acetaldehyde,80.0,93.30062849179313,13.300628491793134
7,Acetaldehyde,90.0,21.485033704872862,68.51496629512714
7,Acetaldehyde,90.0,96.58237443233503,6.58237443233503
7,Ethylene,250.0,240.67891712998087,9.321082870019126
7,Ethylene,210.0,193.48607747137117,16.513922528628825
7,Acetaldehyde,50.0,79.48701728140492,29.487017281404917
7,Ethylene,230.0,225.8922594594574,4.107740540542608
7,Acetaldehyde,120.0,116.07995178904851,3.9200482109514923
7,Acetaldehyde,190.0,165.2012379551616,24.798762044838412
7,Acetaldehyde,40.0,46.866270572027375,6.866270572027375
7,Acetaldehyde,230.0,204.04150344577627,25.95849655422373
7,Ethylene,240.0,232.66923704476213,7.330762955237873
7,Acetaldehyde,130.0,118.17781111078907,11.822188889210935
7,Acetaldehyde,90.0,101.40059262111168,11.400592621111684
7,Acetaldehyde,160.0,131.30094803160827,28.69905196839173
7,Acetaldehyde,240.0,217.53344584882063,22.466554151179366
7,Ethylene,110.0,115.22650078075559,5.226500780755586
7,Acetaldehyde,220.0,195.25283697230958,24.74716302769042
7,Acetaldehyde,60.0,86.6190284775792,26.619028477579207
7,Ethylene,130.0,139.00179937336236,9.00179937336236
7,Ethylene,40.0,16.673228324176122,23.326771675823878
7,Acetaldehyde,200.0,167.80548077346498,32.19451922653502
7,Acetaldehyde,10.0,129.71366686344535,119.71366686344535
7,Ethylene,110.0,114.4387717144383,4.438771714438303
7,Ethylene,70.0,45.584727054289644,24.415272945710356
7,Acetaldehyde,210.0,182.99438281987557,27.005617180124432
7,Acetaldehyde,170.0,132.73492492309424,37.26507507690576
7,Ethylene,140.0,138.88721284147718,1.1127871585228206
7,Ethylene,160.0,173.91076589672258,13.91076589672258
7,Acetaldehyde,180.0,130.37148068611035,49.628519313889655
7,Ethylene,100.0,83.9468052123209,16.053194787679104
7,Ethylene,10.0,6.6633466566628385,3.3366533433371615
7,Acetaldehyde,100.0,113.97981210011594,13.979812100115936
7,Ethylene,200.0,201.91095127217199,1.9109512721719852
7,Ethylene,20.0,10.985109209620632,9.014890790379368
7,Acetaldehyde,250.0,208.75543738697718,41.24456261302282
7,Acetaldehyde,110.0,109.68313194458611,0.3168680554138916
7,Ethylene,150.0,168.38616636601103,18.386166366011025
7,Ethylene,50.0,27.591117155245627,22.408882844754373
7,Acetaldehyde,30.0,31.687880374480017,1.6878803744800166
7,Acetaldehyde,80.0,93.76681041063226,13.76681041063226
7,Ethylene,180.0,184.73295308015452,4.732953080154516
7,Ethylene,110.0,65.00014676037905,44.99985323962095
7,Acetaldehyde,70.0,96.89459067049387,26.89459067049387
7,Ethylene,250.0,240.56964150543905,9.430358494560949
7,Ethylene,210.0,195.85815979724512,14.141840202754878
7,Acetaldehyde,150.0,120.9272795349634,29.072720465036596
7,Acetaldehyde,50.0,82.64420265474675,32.64420265474675
7,Ethylene,230.0,230.1238126239693,0.12381262396928605
7,Ethylene,120.0,126.2459974035351,6.2459974035351
7,Acetaldehyde,120.0,113.52671112269563,6.47328887730437
7,Acetaldehyde,190.0,160.28794255269543,29.712057447304574
7,Ethylene,90.0,79.20209345141384,10.797906548586155
7,Ethylene,170.0,181.08734873578754,11.087348735787543
7,Acetaldehyde,40.0,46.753820718984656,6.753820718984656
7,Acetaldehyde,230.0,206.21281943504158,23.78718056495842
7,Ethylene,240.0,239.6071301469691,0.39286985303090205
7,Ethylene,60.0,42.27083116699099,17.729168833009012
7,Acetaldehyde,130.0,119.91729797720048,10.082702022799523
7,Acetaldehyde,90.0,100.49678033719755,10.49678033719755
7,Ethylene,190.0,200.98738163233827,10.98738163233827
7,Ethylene,30.0,17.386919543796353,12.613080456203647
7,Acetaldehyde,160.0,127.54615362703143,32.45384637296857
7,Acetaldehyde,240.0,216.92738788244668,23.07261211755332
7,Ethylene,220.0,228.5052544066652,8.505254406665188
7,Ethylene,110.0,119.37097447811993,9.370974478119933
7,Acetaldehyde,220.0,198.6402642106773,21.359735789322713
7,Acetaldehyde,60.0,85.32025639214972,25.320256392149716
7,Ethylene,130.0,138.57307269068355,8.573072690683546
7,Ethylene,20.0,20.544484914028644,0.5444849140286436
7,Acetaldehyde,200.0,169.40692702090197,30.593072979098025
7,Acetaldehyde,140.0,126.42383073097942,13.576169269020582
7,Ethylene,110.0,102.25577773223813,7.74422226776187
7,Ethylene,70.0,52.55620834947723,17.44379165052277
7,Acetaldehyde,210.0,186.64554343037867,23.354456569621334
7,Acetaldehyde,170.0,136.0211709642553,33.978829035744695
7,Ethylene,140.0,150.07150172363382,10.071501723633816
7,Ethylene,160.0,171.79355299691855,11.79355299691855
7,Acetaldehyde,50.0,134.44398787305644,84.44398787305644
7,Ethylene,100.0,94.40043010697109,5.599569893028914
7,Ethylene,10.0,5.515035872039391,4.484964127960609
7,Acetaldehyde,100.0,111.7351793812325,11.735179381232498
7,Ethylene,200.0,201.26753576308735,1.267535763087352
7,Ethylene,20.0,12.61001386381345,7.38998613618655
7,Acetaldehyde,250.0,206.90994623754915,43.09005376245085
7,Acetaldehyde,110.0,106.9342794039812,3.0657205960188065
7,Ethylene,150.0,164.99307285337147,14.993072853371473
7,Ethylene,50.0,28.436755045834275,21.563244954165725
7,Acetaldehyde,80.0,83.12568917054742,3.1256891705474175
7,Ethylene,180.0,187.758755384684,7.758755384684008
7,Ethylene,80.0,66.4864520204189,13.513547979581105
7,Acetaldehyde,70.0,94.51750917675764,24.517509176757642
7,Ethylene,250.0,242.13959594505138,7.860404054948617
7,Ethylene,210.0,203.60220749912185,6.397792500878154
7,Acetaldehyde,150.0,118.37929415331254,31.620705846687457
7,Acetaldehyde,50.0,82.68256152398519,32.682561523985186
7,Ethylene,230.0,229.01684374990276,0.9831562500972382
7,Ethylene,120.0,135.56952549986934,15.569525499869343
7,Acetaldehyde,120.0,110.1351852825183,9.864814717481707
7,Acetaldehyde,190.0,157.1175787862102,32.8824212137898
7,Ethylene,90.0,86.56510994535412,3.4348900546458765
7,Ethylene,170.0,176.9514070101866,6.951407010186614
7,Acetaldehyde,300.0,54.574736867119,245.425263132881
7,Acetaldehyde,230.0,203.43256454178078,26.567435458219222
7,Ethylene,240.0,240.93508503860903,0.9350850386090315
7,Ethylene,60.0,41.741165831234056,18.258834168765944
7,Acetaldehyde,130.0,112.2114920368356,17.788507963164406
7,Acetaldehyde,90.0,98.29803282201468,8.298032822014676
7,Ethylene,190.0,198.85736681851134,8.857366818511338
7,Ethylene,30.0,17.983512209108,12.016487790892
7,Acetaldehyde,160.0,129.26983324663888,30.730166753361118
7,Acetaldehyde,240.0,213.6948369709093,26.305163029090693
7,Ethylene,220.0,224.90033582270758,4.900335822707575
7,Ethylene,30.0,122.57022118823137,92.57022118823137
7,Acetaldehyde,220.0,192.45941222538139,27.540587774618615
7,Acetaldehyde,60.0,85.3375748602572,25.337574860257206
7,Ethylene,130.0,136.977961773041,6.977961773040988
7,Ethylene,40.0,23.572099862456213,16.427900137543787
7,Acetaldehyde,200.0,169.15729443994917,30.84270556005083
7,Acetaldehyde,140.0,126.13481158749954,13.865188412500459
7,Ethylene,110.0,111.9187994771603,1.9187994771603059
7,Ethylene,70.0,49.81878232274805,20.18121767725195
7,Acetaldehyde,210.0,184.66063898299078,25.339361017009224
7,Acetaldehyde,170.0,131.81337196378635,38.18662803621365
7,Ethylene,140.0,156.10331891004932,16.103318910049325
7,Ethylene,160.0,174.90522889896909,14.905228898969085
7,Acetaldehyde,180.0,136.25590948184268,43.74409051815732
7,Ethylene,100.0,99.19097877124727,0.8090212287527265
7,Ethylene,10.0,4.454599130591873,5.545400869408127
7,Acetaldehyde,100.0,111.81115984284331,11.81115984284331
7,Ethylene,200.0,208.96383861064163,8.96383861064163
7,Ethylene,60.0,10.05665399858961,49.94334600141039
7,Acetaldehyde,250.0,208.85084021082724,41.14915978917276
7,Acetaldehyde,110.0,114.67332541367202,4.673325413672018
7,Ethylene,150.0,167.15822354057082,17.158223540570816
7,Ethylene,50.0,36.608019647782825,13.391980352217175
7,Acetaldehyde,30.0,36.59981360927148,6.599813609271479
7,Acetaldehyde,80.0,92.04058210808086,12.040582108080855
7,Ethylene,180.0,195.56190877825787,15.561908778257873
7,Ethylene,80.0,79.91509588057193,0.08490411942807441
7,Acetaldehyde,70.0,90.91522549826584,20.91522549826584
7,Ethylene,250.0,243.2084167104735,6.7915832895265
7,Ethylene,210.0,206.59680806449967,3.403191935500331
7,Acetaldehyde,130.0,112.72014651936745,17.279853480632553
7,Acetaldehyde,50.0,79.87992187974535,29.879921879745353
7,Acetaldehyde,120.0,114.49746953278635,5.502530467213646
7,Acetaldehyde,190.0,161.57243536601374,28.427564633986265
7,Ethylene,90.0,82.86734675940372,7.132653240596284
7,Ethylene,170.0,178.70830831472162,8.70830831472162
7,Acetaldehyde,40.0,49.09694969954134,9.09694969954134
7,Acetaldehyde,230.0,206.49687378095888,23.50312621904112
7,Ethylene,240.0,236.70420822251265,3.295791777487352
7,Ethylene,210.0,43.904405419904236,166.09559458009576
7,Acetaldehyde,130.0,116.6798792695041,13.320120730495901
7,Acetaldehyde,90.0,103.68132523801114,13.68132523801114
7,Ethylene,190.0,201.898638489806,11.89863848980599
7,Ethylene,30.0,16.027862202153997,13.972137797846003
7,Acetaldehyde,160.0,128.35474202877145,31.645257971228546
7,Acetaldehyde,240.0,213.62065100180172,26.37934899819828
7,Ethylene,220.0,224.23407567817856,4.234075678178556
7,Ethylene,110.0,112.25372251144715,2.253722511447151
7,Acetaldehyde,220.0,193.537091752291,26.46290824770901
7,Acetaldehyde,60.0,86.16594781744095,26.16594781744095
7,Ethylene,130.0,136.28847117752372,6.288471177523718
7,Ethylene,40.0,24.58661995927693,15.41338004072307
7,Acetaldehyde,200.0,166.22749340585167,33.772506594148325
7,Acetaldehyde,140.0,125.75375934119731,14.24624065880269
7,Ethylene,70.0,52.458348046880474,17.541651953119526
7,Acetaldehyde,210.0,177.79845894057377,32.20154105942623
7,Acetaldehyde,170.0,137.3294264297163,32.67057357028369
7,Ethylene,140.0,162.6073859202289,22.607385920228893
7,Ethylene,160.0,178.64106151933618,18.641061519336176
7,Acetaldehyde,180.0,133.48421030099587,46.51578969900413
7,Ethylene,100.0,100.89475605141206,0.8947560514120596
7,Ethylene,10.0,7.09692656033161,2.9030734396683897
7,Acetaldehyde,100.0,108.92256054020233,8.922560540202326
7,Ethylene,200.0,209.44358453189554,9.443584531895539
7,Ethylene,20.0,10.417967388711219,9.582032611288781
7,Acetaldehyde,250.0,211.68663607327778,38.31336392672222
7,Acetaldehyde,110.0,111.96111824266353,1.961118242663531
7,Ethylene,150.0,170.6678120371279,20.667812037127902
7,Ethylene,50.0,30.15302298165254,19.84697701834746
7,Acetaldehyde,280.0,36.84013537665132,243.15986462334868
7,Acetaldehyde,80.0,96.03677625869685,16.036776258696847
7,Ethylene,180.0,193.83956023221717,13.839560232217167
7,Ethylene,80.0,71.53773138773725,8.462268612262747
7,Acetaldehyde,70.0,97.25036614637285,27.250366146372855
7,Ethylene,250.0,243.54324295687155,6.456757043128448
7,Ethylene,210.0,203.93285080590692,6.067149194093076
7,Acetaldehyde,150.0,115.6459200471773,34.3540799528227
7,Acetaldehyde,50.0,86.61761032941482,36.617610329414816
7,Ethylene,230.0,230.5069983829261,0.5069983829260991
7,Ethylene,120.0,135.19492790134237,15.194927901342368
7,Acetaldehyde,120.0,113.74725799666163,6.252742003338369
7,Acetaldehyde,190.0,161.0987468013139,28.901253198686106
7,Ethylene,90.0,80.55615971027245,9.443840289727547
7,Ethylene,170.0,184.25751384621526,14.25751384621526
7,Acetaldehyde,40.0,51.90725468438943,11.907254684389429
7,Acetaldehyde,230.0,202.12701609575987,27.87298390424013
7,Ethylene,240.0,239.38153029573124,0.6184697042687617
7,Ethylene,60.0,43.81706603599949,16.18293396400051
7,Acetaldehyde,130.0,117.30604833527455,12.693951664725446
7,Acetaldehyde,90.0,101.70277682719737,11.702776827197368
7,Ethylene,190.0,198.3710338081815,8.371033808181494
7,Ethylene,30.0,14.018510497861556,15.981489502138444
7,Acetaldehyde,160.0,128.6512413008339,31.348758699166098
7,Acetaldehyde,240.0,210.49570563348942,29.504294366510578
7,Ethylene,220.0,228.25541036185047,8.255410361850466
7,Ethylene,110.0,121.0105003522818,11.010500352281795
7,Acetaldehyde,220.0,194.486133494875,25.51386650512501
7,Acetaldehyde,60.0,85.87196435048239,25.871964350482386
7,Ethylene,130.0,140.52429286803894,10.524292868038941
7,Ethylene,20.0,21.365040519161354,1.3650405191613544
7,Acetaldehyde,200.0,164.99608739190307,35.003912608096925
7,Acetaldehyde,140.0,132.18107856683972,7.818921433160284
7,Ethylene,110.0,120.00065813892658,10.000658138926582
7,Ethylene,70.0,51.99580918667837,18.004190813321628
7,Acetaldehyde,200.0,183.6255098944385,16.374490105561506
7,Acetaldehyde,170.0,131.86090008119618,38.13909991880382
7,Ethylene,140.0,154.48460677526606,14.484606775266059
7,Ethylene,160.0,171.2215645904814,11.221564590481393
7,Acetaldehyde,180.0,127.84659230948078,52.15340769051922
7,Ethylene,100.0,91.56561474744123,8.43438525255877
7,Ethylene,10.0,3.755939685915621,6.244060314084379
7,Acetaldehyde,100.0,108.42611059317252,8.426110593172524
7,Ethylene,200.0,208.34802520913988,8.348025209139877
7,Ethylene,20.0,12.331590625972026,7.6684093740279735
7,Acetaldehyde,250.0,205.85428313702346,44.14571686297654
7,Acetaldehyde,110.0,111.59258913802113,1.5925891380211254
7,Ethylene,150.0,164.68973919740634,14.68973919740634
7,Ethylene,50.0,32.36903016593175,17.630969834068253
7,Acetaldehyde,2.5,35.27569874509685,32.77569874509685
7,Acetaldehyde,80.0,94.49516971255679,14.495169712556788
7,Ethylene,100.0,187.4613574729392,87.4613574729392
7,Ethylene,80.0,72.99908733694394,7.000912663056056
7,Acetaldehyde,70.0,96.10446804634091,26.104468046340912
7,Ethylene,250.0,238.8599844184131,11.140015581586908
7,Ethylene,210.0,197.75123117009161,12.248768829908386
7,Acetaldehyde,290.0,112.24347817583795,177.75652182416206
7,Acetaldehyde,40.0,84.03756691423233,44.03756691423233
7,Ethylene,230.0,226.43340726013093,3.5665927398690656
7,Ethylene,120.0,136.94579038742972,16.945790387429724
7,Acetaldehyde,120.0,111.6200325932526,8.379967406747397
7,Acetaldehyde,190.0,163.13835804992166,26.861641950078337
7,Ethylene,90.0,82.78053354657055,7.2194664534294475
7,Ethylene,170.0,171.63765247729785,1.6376524772978485
7,Acetaldehyde,40.0,49.46117091961058,9.46117091961058
7,Acetaldehyde,230.0,205.63140432787515,24.368595672124854
7,Ethylene,240.0,237.83673946252776,2.1632605374722402
7,Ethylene,60.0,37.20241413296054,22.79758586703946
7,Acetaldehyde,130.0,114.89155438424986,15.108445615750142
7,Acetaldehyde,90.0,101.58364411143546,11.583644111435461
7,Ethylene,190.0,199.5607786168982,9.560778616898205
7,Ethylene,30.0,15.369966458013522,14.630033541986478
7,Acetaldehyde,160.0,122.27540511826633,37.724594881733665
7,Acetaldehyde,240.0,214.22540920868795,25.77459079131205
7,Ethylene,220.0,220.17731389997883,0.1773138999788273
7,Ethylene,110.0,115.70166271585848,5.701662715858475
7,Acetaldehyde,220.0,184.40794663085651,35.592053369143485
7,Acetaldehyde,60.0,85.83328366845248,25.83328366845248
7,Ethylene,130.0,141.09782208255305,11.097822082553051
7,Ethylene,40.0,23.966096012654376,16.033903987345624
7,Acetaldehyde,200.0,162.3486507298942,37.65134927010581
7,Acetaldehyde,140.0,124.38623441866298,15.61376558133702
7,Ethylene,110.0,116.52975400511826,6.529754005118264
7,Ethylene,70.0,55.53065025863725,14.469349741362748
7,Acetaldehyde,210.0,178.2025508588465,31.797449141153493
7,Acetaldehyde,170.0,133.44878251193816,36.55121748806184
7,Ethylene,140.0,146.4783892075978,6.478389207597786
7,Ethylene,160.0,175.61098754281468,15.610987542814684
7,Acetaldehyde,180.0,128.80566721914548,51.19433278085452
7,Ethylene,100.0,98.41166621889022,1.5883337811097817
7,Ethylene,10.0,4.581214276578294,5.418785723421706
7,Acetaldehyde,100.0,108.77966503181815,8.779665031818155
7,Ethylene,200.0,203.94266481395465,3.94266481395465
7,Ethylene,20.0,7.8645750523355105,12.13542494766449
7,Acetaldehyde,250.0,203.54711011327748,46.45288988672252
7,Acetaldehyde,110.0,111.00051865620527,1.0005186562052728
7,Ethylene,150.0,166.56470099063372,16.564700990633725
7,Ethylene,50.0,29.014359572501974,20.985640427498026
7,Acetaldehyde,30.0,34.203390707264646,4.203390707264646
7,Acetaldehyde,80.0,96.96719352703916,16.967193527039157
7,Ethylene,180.0,198.26573701300515,18.26573701300515
7,Ethylene,80.0,71.49723566441226,8.502764335587742
7,Acetaldehyde,70.0,93.40690698233263,23.40690698233263
7,Ethylene,250.0,236.22998405004745,13.770015949952551
7,Ethylene,210.0,202.40466642656224,7.595333573437756
7,Acetaldehyde,150.0,116.71870343681587,33.28129656318413
7,Acetaldehyde,50.0,88.86010866830341,38.86010866830341
7,Ethylene,230.0,233.28853016527972,3.288530165279724
7,Ethylene,120.0,133.9771588206408,13.977158820640796
7,Acetaldehyde,120.0,110.6281651428093,9.371834857190706
7,Acetaldehyde,190.0,163.99802344160761,26.001976558392386
7,Ethylene,110.0,80.56831912105528,29.431680878944718
7,Ethylene,170.0,176.33560324302988,6.33560324302988
7,Acetaldehyde,40.0,47.82218726171246,7.8221872617124575
7,Acetaldehyde,230.0,204.11994502598483,25.880054974015167
7,Ethylene,240.0,238.4612360780886,1.5387639219113964
7,Ethylene,60.0,43.50762678367886,16.49237321632114
7,Acetaldehyde,130.0,113.71792961269702,16.28207038730298
7,Acetaldehyde,90.0,103.17201054907665,13.172010549076646
7,Ethylene,190.0,198.3478558534376,8.347855853437608
7,Ethylene,30.0,18.454296293829444,11.545703706170556
7,Acetaldehyde,160.0,127.6623413218043,32.337658678195695
7,Acetaldehyde,240.0,208.63303418421341,31.366965815786585
7,Ethylene,220.0,229.88777108820318,9.88777108820318
7,Ethylene,110.0,126.66777434263432,16.667774342634317
7,Acetaldehyde,220.0,189.1551521748209,30.8448478251791
7,Acetaldehyde,60.0,89.41370558876643,29.413705588766433
7,Ethylene,130.0,142.38505419981075,12.385054199810753
7,Ethylene,40.0,24.474835482627228,15.525164517372772
7,Acetaldehyde,200.0,162.5783522242489,37.4216477757511
7,Acetaldehyde,140.0,121.19296839034726,18.80703160965274
7,Ethylene,110.0,110.15949793251346,0.15949793251346023
7,Ethylene,60.0,52.962348345949124,7.037651654050876
7,Acetaldehyde,210.0,174.47243957409736,35.527560425902635
7,Acetaldehyde,170.0,132.40629475743435,37.59370524256565
7,Ethylene,140.0,150.40201440583172,10.402014405831721
7,Ethylene,160.0,173.65293861194675,13.652938611946752
7,Acetaldehyde,180.0,130.17904965167705,49.82095034832295
7,Ethylene,100.0,100.77808823783703,0.7780882378370251
7,Ethylene,10.0,5.7177852905662405,4.2822147094337595
7,Acetaldehyde,100.0,106.67330455770309,6.673304557703091
7,Ethylene,200.0,197.70145105124067,2.2985489487593327
7,Ethylene,20.0,12.176781472343052,7.823218527656948
7,Acetaldehyde,250.0,204.8547955629016,45.145204437098414
7,Acetaldehyde,110.0,108.74247087857165,1.2575291214283482
7,Ethylene,150.0,167.1297503605752,17.1297503605752
7,Ethylene,50.0,31.931532081109708,18.068467918890292
7,Acetaldehyde,30.0,37.390397811000014,7.390397811000014
7,Acetaldehyde,110.0,96.34814143606468,13.65185856393532
7,Ethylene,180.0,192.64862053272907,12.648620532729069
7,Ethylene,80.0,72.4976532923469,7.502346707653103
7,Acetaldehyde,70.0,93.34207618774673,23.342076187746727
7,Ethylene,250.0,241.62225825841244,8.377741741587556
7,Ethylene,210.0,192.99330577876935,17.006694221230646
7,Acetaldehyde,150.0,111.60061187095883,38.39938812904117
7,Acetaldehyde,50.0,87.41559303329268,37.41559303329268
7,Ethylene,230.0,227.55849877914574,2.4415012208542635
7,Ethylene,120.0,134.92775485548972,14.927754855489724
7,Acetaldehyde,100.0,114.0106012316034,14.010601231603403
7,Acetaldehyde,190.0,171.3835575507295,18.616442449270494
7,Ethylene,90.0,79.25470392894617,10.74529607105383
7,Ethylene,170.0,177.7356347379843,7.735634737984299
7,Acetaldehyde,40.0,48.847830330149165,8.847830330149165
7,Acetaldehyde,230.0,199.98203440241744,30.01796559758256
7,Ethylene,240.0,235.15662559901648,4.843374400983521
7,Ethylene,60.0,44.564674101673575,15.435325898326425
7,Acetaldehyde,130.0,112.40891605571348,17.591083944286524
7,Ethylene,190.0,196.59197482495549,6.591974824955486
7,Ethylene,30.0,15.574510468002828,14.425489531997172
7,Acetaldehyde,160.0,122.62491986629482,37.37508013370518
7,Acetaldehyde,240.0,207.88692269299034,32.11307730700966
7,Ethylene,220.0,214.9645422868631,5.035457713136907
7,Ethylene,110.0,121.36758528422217,11.367585284222173
7,Acetaldehyde,220.0,184.29244254684474,35.70755745315526
7,Acetaldehyde,60.0,88.46341587951053,28.463415879510535
7,Ethylene,130.0,144.63789428546977,14.63789428546977
7,Ethylene,40.0,22.356690635093088,17.643309364906912
7,Acetaldehyde,200.0,162.97964038026373,37.02035961973627
7,Acetaldehyde,140.0,110.62241949226373,29.37758050773627
7,Ethylene,110.0,109.06490643549358,0.9350935645064169
7,Ethylene,70.0,57.84555019570409,12.154449804295908
7,Acetaldehyde,210.0,168.24291330036903,41.757086699630975
7,Acetaldehyde,170.0,133.19509828560476,36.80490171439524
7,Ethylene,140.0,141.78760202119858,1.7876020211985804
7,Ethylene,160.0,178.46035970172986,18.460359701729857
7,Acetaldehyde,180.0,128.5256212312594,51.47437876874059
7,Ethylene,100.0,96.77809700449578,3.221902995504223
7,Ethylene,10.0,4.592901399631813,5.407098600368187
7,Acetaldehyde,100.0,105.84251873792937,5.8425187379293675
7,Ethylene,200.0,206.55265016487158,6.552650164871579
7,Ethylene,20.0,10.411258283449513,9.588741716550487
7,Acetaldehyde,250.0,203.60201909122068,46.39798090877932
7,Acetaldehyde,110.0,111.77280192492857,1.7728019249285722
7,Ethylene,150.0,168.3524725468664,18.35247254686641
7,Ethylene,50.0,33.86825586886377,16.13174413113623
7,Acetaldehyde,30.0,40.99086922993192,10.990869229931917
7,Acetaldehyde,120.0,99.10551820382932,20.89448179617068
7,Ethylene,180.0,193.7457641729721,13.745764172972088
7,Ethylene,80.0,71.23723497047476,8.76276502952524
7,Acetaldehyde,70.0,100.89584046967983,30.895840469679825
7,Ethylene,250.0,237.50441475564452,12.495585244355482
7,Ethylene,210.0,207.63863405431596,2.3613659456840423
7,Acetaldehyde,150.0,109.16737898725218,40.83262101274782
7,Acetaldehyde,50.0,84.75779614925918,34.75779614925918
7,Ethylene,230.0,227.92345747470233,2.0765425252976684
7,Ethylene,120.0,132.88526280422468,12.88526280422468
7,Acetaldehyde,120.0,113.44720973693063,6.552790263069369
7,Acetaldehyde,190.0,154.55663979958803,35.44336020041197
7,Ethylene,90.0,88.38471266436845,1.6152873356315496
7,Ethylene,170.0,176.94979377504126,6.9497937750412575
7,Acetaldehyde,10.0,47.17770765738753,37.17770765738753
7,Acetaldehyde,230.0,193.93951035282748,36.06048964717252
7,Ethylene,240.0,235.3002648398263,4.699735160173702
7,Ethylene,60.0,46.757690712219784,13.242309287780216
7,Acetaldehyde,130.0,110.23502207937108,19.764977920628922
7,Acetaldehyde,90.0,102.47777038575384,12.477770385753843
7,Ethylene,190.0,195.78228965166613,5.782289651666133
7,Acetaldehyde,160.0,119.19733079281612,40.80266920718388
7,Acetaldehyde,240.0,205.0136353086142,34.9863646913858
7,Acetaldehyde,220.0,180.59006741847355,39.40993258152645
7,Acetaldehyde,60.0,83.11163779809283,23.11163779809283
7,Acetaldehyde,200.0,158.92001482103464,41.07998517896536
7,Acetaldehyde,140.0,113.2393895077058,26.760610492294205
7,Acetaldehyde,210.0,179.33985553615094,30.660144463849065
7,Acetaldehyde,300.0,131.27502976230178,168.72497023769822
7,Acetaldehyde,180.0,130.1238063036993,49.8761936963007
7,Ammonia,100.0,33.80498962091498,66.19501037908502
7,Ammonia,100.0,63.20145489762916,36.79854510237084
7,Ethylene,100.0,92.01316962789392,7.986830372106084
7,Ethylene,100.0,88.91351792713816,11.086482072861841
7,Ammonia,100.0,71.97872498410914,28.021275015890865
7,Ethylene,100.0,91.68194698210871,8.318053017891287
7,Ammonia,100.0,86.86035050152051,13.139649498479486
7,Ammonia,100.0,83.67731025870089,16.322689741299115
7,Ethylene,100.0,84.60725250474988,15.39274749525012
7,Ammonia,100.0,73.88285196149654,26.11714803850346
7,Ethanol,120.0,102.15998182793982,17.840018172060184
7,Ethanol,120.0,108.60851369961185,11.391486300388152
7,Ethanol,120.0,141.00685234119757,21.006852341197572
7,Ethanol,120.0,116.00463305401139,3.995366945988607
7,Ethanol,120.0,130.3313630770993,10.331363077099297
