batch_id,gas_name,concentration_ppm,predicted_ppm,absolute_error_ppm
10,Ethylene,10.0,3.4566146223350813,6.543385377664919
10,Ethanol,50.0,5.346231179592522,44.65376882040748
10,Ethylene,250.0,120.04460018772262,129.9553998122774
10,Ethanol,600.0,32.85736569278292,567.1426343072171
10,Ethylene,150.0,71.51426962984308,78.48573037015692
10,Ethanol,1000.0,49.424334205122335,950.5756657948776
10,Ethylene,50.0,28.762940220372855,21.237059779627145
10,Ethanol,200.0,37.452953182156776,162.54704681784324
10,Ethylene,100.0,54.42916794412933,45.57083205587067
10,Ethanol,800.0,357.16327042732195,442.83672957267805
10,Ethylene,200.0,84.7659139009235,115.2340860990765
10,Ethanol,400.0,192.64114260438873,207.35885739561127
10,Ethylene,150.0,67.72356601698496,82.27643398301504
10,Ethanol,1000.0,747.9670392335353,252.03296076646473
10,Ethylene,50.0,23.625391206814214,26.374608793185786
10,Ethanol,200.0,112.85943145366906,87.14056854633094
10,Ethylene,100.0,46.010551437561816,53.989448562438184
10,Ethanol,800.0,578.6271810549297,221.37281894507032
10,Ethylene,200.0,84.99641003946702,115.00358996053298
10,Ethanol,400.0,221.52552309841695,178.47447690158305
10,Ethylene,10.0,1.87157272193555,8.12842727806445
10,Ethanol,50.0,18.88242111647331,31.11757888352669
10,Ethylene,250.0,109.37577749793007,140.62422250206993
10,Ethanol,600.0,330.0234633432559,269.9765366567441
10,Ethylene,50.0,23.195447596028146,26.804552403971854
10,Ethanol,200.0,100.82693903390944,99.17306096609056
10,Ethylene,100.0,49.928320864199165,50.071679135800835
10,Ethanol,800.0,486.55272057921,313.44727942079
10,Ethylene,200.0,79.70603906835854,120.29396093164146
10,Ethanol,400.0,194.30590340088628,205.69409659911372
10,Ethylene,10.0,1.1492787387151964,8.850721261284804
10,Ethanol,50.0,18.808458163546547,31.191541836453453
10,Ethylene,250.0,107.55469401509444,142.44530598490556
10,Ethanol,600.0,328.2900640950049,271.7099359049951
10,Ethylene,150.0,69.9240842870174,80.0759157129826
10,Ethanol,1000.0,700.6507538021016,299.3492461978984
10,Ethylene,10.0,4.447857974554168,5.552142025445832
10,Ethanol,50.0,20.99331518529162,29.00668481470838
10,Ethylene,50.0,23.594655206719523,26.405344793280477
10,Ethanol,200.0,102.54943753612405,97.45056246387595
10,Ethylene,100.0,49.25740735730467,50.74259264269533
10,Ethanol,800.0,542.5099505209582,257.4900494790418
10,Ethylene,200.0,82.01825049009743,117.98174950990257
10,Ethanol,400.0,219.29647869894168,180.70352130105832
10,Ethylene,250.0,107.64500021513449,142.35499978486553
10,Ethanol,600.0,353.1058006845493,246.8941993154507
10,Ethylene,150.0,64.75599351979204,85.24400648020796
10,Ethanol,1000.0,714.8591885099202,285.14081149007984
10,Ethylene,200.0,81.97921801411819,118.02078198588181
10,Ethanol,400.0,201.5450133038175,198.4549866961825
10,Ethylene,10.0,0.0,10.0
10,Ethanol,50.0,20.42949497315439,29.57050502684561
10,Ethylene,250.0,102.08123014239558,147.91876985760442
10,Ethanol,600.0,343.9884717241463,256.0115282758537
10,Ethylene,150.0,60.55663996760775,89.44336003239225
10,Ethanol,1000.0,698.2898379207304,301.7101620792696
10,Ethylene,50.0,20.128085756948238,29.871914243051762
10,Ethanol,200.0,102.82597782028189,97.17402217971811
10,Ethylene,100.0,50.133659647134365,49.866340352865635
10,Ethanol,800.0,538.2726413315661,261.7273586684339
10,Ethylene,50.0,14.117591478999685,35.882408521000315
10,Ethanol,200.0,106.08936828696176,93.91063171303824
10,Ethylene,100.0,48.18732679530278,51.81267320469722
10,Ethanol,800.0,537.9239528523657,262.0760471476343
10,Ethylene,200.0,81.16491910172942,118.83508089827058
10,Ethanol,400.0,204.32374279933225,195.67625720066775
10,Ethylene,10.0,0.0,10.0
10,Ethanol,50.0,23.48492109348709,26.51507890651291
10,Ethylene,250.0,99.82776287625191,150.1722371237481
10,Ethanol,600.0,376.15806964645367,223.84193035354633
10,Ethylene,150.0,64.84288738785557,85.15711261214443
10,Ethanol,1000.0,712.8298769938145,287.17012300618546
10,Ethylene,150.0,61.0511320154242,88.9488679845758
10,Ethanol,1000.0,697.4815008173379,302.51849918266214
10,Ethylene,50.0,14.739367952591778,35.26063204740822
10,Ethanol,200.0,109.93648015853584,90.06351984146416
10,Ethylene,100.0,49.31833661352175,50.68166338647825
10,Ethanol,800.0,583.2863806600654,216.71361933993455
10,Ethylene,200.0,76.73394966752814,123.26605033247186
10,Ethanol,400.0,229.52264754374855,170.47735245625145
10,Ethylene,10.0,3.297041421968629,6.702958578031371
10,Ethanol,50.0,22.705663281346077,27.294336718653923
10,Ethylene,250.0,107.73464846231391,142.2653515376861
10,Ethanol,600.0,392.51073855652623,207.48926144347377
10,Ethylene,250.0,108.22876728863875,141.77123271136125
10,Ethanol,600.0,392.0775307532718,207.9224692467282
10,Ethylene,150.0,66.9809985489884,83.0190014510116
10,Ethanol,1000.0,758.0521533834228,241.94784661657718
10,Ethylene,10.0,3.0470856827472943,6.952914317252706
10,Ethanol,50.0,23.593207835470437,26.406792164529563
10,Ethylene,50.0,23.936812466812952,26.063187533187048
10,Ethanol,200.0,114.5765218804552,85.4234781195448
10,Ethylene,100.0,48.18415866848453,51.81584133151547
10,Ethanol,800.0,555.7139305161854,244.28606948381457
10,Ethylene,200.0,77.81521227851346,122.18478772148654
10,Ethanol,400.0,227.5829892544653,172.4170107455347
10,Ethylene,10.0,4.0704200560732176,5.9295799439267824
10,Ethanol,50.0,24.78422378286207,25.21577621713793
10,Ethylene,250.0,101.9128516532623,148.0871483467377
10,Ethanol,600.0,377.99906812614904,222.00093187385096
10,Ethylene,150.0,67.8487602214716,82.1512397785284
10,Ethanol,1000.0,746.3969153452541,253.60308465474589
10,Ethylene,50.0,24.84895229945927,25.15104770054073
10,Ethanol,200.0,114.52922215304616,85.47077784695384
10,Ethylene,100.0,49.6810859876326,50.3189140123674
10,Ethanol,800.0,563.8077511391818,236.19224886081815
10,Ethylene,200.0,79.52011561435825,120.47988438564175
10,Ethanol,400.0,230.09637540056076,169.90362459943924
10,Ethylene,50.0,25.913929228308803,24.086070771691197
10,Ethanol,200.0,113.58108242165844,86.41891757834156
10,Ethylene,100.0,48.19808419553179,51.80191580446821
10,Ethanol,800.0,572.5973231824926,227.40267681750743
10,Ethylene,200.0,76.92148141679935,123.07851858320065
10,Ethanol,400.0,223.86118688948324,176.13881311051676
10,Ethylene,10.0,4.348010963473129,5.651989036526871
10,Ethanol,50.0,23.831077862739534,26.168922137260466
10,Ethylene,250.0,110.83284956556165,139.16715043443835
10,Ethanol,600.0,383.74038570291515,216.25961429708485
10,Ethylene,150.0,73.04719183610425,76.95280816389575
10,Ethanol,1000.0,748.288084190264,251.71191580973596
10,Toluene,1.0,3.0256489305988765,2.0256489305988765
10,Acetaldehyde,10.0,39.17426418904962,29.174264189049623
10,Toluene,100.0,85.32441175783654,14.675588242163457
10,Acetaldehyde,150.0,442.7996664910797,292.7996664910797
10,Toluene,60.0,61.52909902505036,1.5290990250503569
10,Acetaldehyde,250.0,562.929467077079,312.92946707707904
10,Toluene,20.0,15.849720820051118,4.150279179948882
10,Acetaldehyde,50.0,113.07555607593673,63.07555607593673
10,Toluene,40.0,42.0249363252137,2.0249363252137016
10,Acetaldehyde,200.0,289.8551471927107,89.85514719271072
10,Toluene,80.0,60.56631249578774,19.43368750421226
10,Acetaldehyde,100.0,153.85897000638565,53.85897000638565
10,Toluene,60.0,48.39498053235074,11.605019467649257
10,Acetaldehyde,250.0,272.71773817166155,22.71773817166155
10,Toluene,20.0,21.836862352929984,1.836862352929984
10,Acetaldehyde,50.0,83.57684781044011,33.576847810440114
10,Toluene,40.0,38.2787279043483,1.721272095651699
10,Acetaldehyde,200.0,289.2413745544006,89.24137455440058
10,Toluene,80.0,63.425037411094294,16.574962588905706
10,Acetaldehyde,100.0,191.5698905523481,91.56989055234811
10,Toluene,1.0,0.45188756979479194,0.5481124302052081
10,Acetaldehyde,10.0,23.04814266876366,13.04814266876366
10,Toluene,100.0,63.32420158377404,36.67579841622596
10,Acetaldehyde,150.0,274.9854605298297,124.98546052982971
10,Toluene,20.0,20.002743177417628,0.0027431774176278623
10,Acetaldehyde,50.0,94.19524709318245,44.195247093182445
10,Toluene,40.0,41.38780477032789,1.3878047703278895
10,Acetaldehyde,200.0,283.39414264487755,83.39414264487755
10,Toluene,80.0,60.81769666636927,19.182303333630728
10,Acetaldehyde,100.0,159.17294009697332,59.17294009697332
10,Toluene,1.0,2.673121591674601,1.673121591674601
10,Acetaldehyde,10.0,16.423650482449474,6.4236504824494745
10,Toluene,100.0,60.665062223183796,39.334937776816204
10,Acetaldehyde,150.0,219.01756992091916,69.01756992091916
10,Toluene,60.0,47.20449868774915,12.795501312250849
10,Acetaldehyde,250.0,274.7670001382412,24.7670001382412
10,Toluene,1.0,3.6711148804247102,2.6711148804247102
10,Acetaldehyde,10.0,18.623436757542223,8.623436757542223
10,Toluene,20.0,21.41932523171498,1.4193252317149785
10,Acetaldehyde,50.0,81.03799473120684,31.037994731206837
10,Toluene,40.0,41.49174009540643,1.4917400954064277
10,Acetaldehyde,200.0,237.22055402301856,37.220554023018565
10,Toluene,80.0,56.770713512202875,23.229286487797125
10,Acetaldehyde,100.0,136.38123611573988,36.38123611573988
10,Toluene,100.0,58.40548799480695,41.59451200519305
10,Acetaldehyde,150.0,205.8500606388195,55.850060638819514
10,Toluene,60.0,48.95289033471886,11.047109665281141
10,Acetaldehyde,250.0,270.9840488335396,20.98404883353959
10,Toluene,80.0,55.605491352672274,24.394508647327726
10,Acetaldehyde,100.0,132.39880379193636,32.39880379193636
10,Toluene,1.0,4.463904234564225,3.4639042345642252
10,Acetaldehyde,10.0,15.875204420706481,5.875204420706481
10,Toluene,100.0,59.857709115765715,40.142290884234285
10,Acetaldehyde,150.0,203.12353633317576,53.123536333175764
10,Toluene,60.0,47.77516070872619,12.22483929127381
10,Acetaldehyde,250.0,257.45633847464256,7.456338474642564
10,Toluene,20.0,23.399312861280436,3.3993128612804355
10,Acetaldehyde,50.0,74.8177709086302,24.817770908630195
10,Toluene,40.0,37.02963743734847,2.9703625626515304
10,Acetaldehyde,200.0,232.79432222653827,32.79432222653827
10,Toluene,20.0,24.87579269580243,4.875792695802431
10,Acetaldehyde,50.0,71.41011260496535,21.41011260496535
10,Toluene,40.0,40.55837381786476,0.5583738178647621
10,Acetaldehyde,200.0,218.44922123344193,18.449221233441932
10,Toluene,80.0,58.51177714415533,21.48822285584467
10,Acetaldehyde,100.0,119.48879958869048,19.488799588690483
10,Toluene,1.0,0.4233067513874147,0.5766932486125853
10,Acetaldehyde,10.0,17.80457098566923,7.80457098566923
10,Toluene,100.0,57.04035439491703,42.95964560508297
10,Acetaldehyde,150.0,173.40618981681584,23.40618981681584
10,Toluene,60.0,49.25602604737405,10.74397395262595
10,Acetaldehyde,250.0,238.01691199771943,11.983088002280567
10,Toluene,60.0,48.31840008537063,11.681599914629373
10,Acetaldehyde,250.0,228.92651783837624,21.073482161623758
10,Toluene,20.0,19.901643779137643,0.09835622086235674
10,Acetaldehyde,50.0,71.90967115775277,21.90967115775277
10,Toluene,40.0,39.57679931828386,0.4232006817161391
10,Acetaldehyde,200.0,211.04839172265542,11.048391722655424
10,Toluene,80.0,55.75163992420795,24.24836007579205
10,Acetaldehyde,100.0,103.47791113823853,3.4779111382385253
10,Toluene,1.0,0.0,1.0
10,Acetaldehyde,10.0,13.26683911012617,3.2668391101261705
10,Toluene,100.0,58.065447236508774,41.934552763491226
10,Acetaldehyde,150.0,168.7041167582009,18.70411675820091
10,Toluene,100.0,57.4105335021613,42.5894664978387
10,Acetaldehyde,150.0,164.18559157689458,14.18559157689458
10,Toluene,60.0,46.45316812817862,13.546831871821382
10,Acetaldehyde,250.0,232.09973161376155,17.90026838623845
10,Toluene,1.0,0.0,1.0
10,Acetaldehyde,10.0,14.423783041546855,4.423783041546855
10,Toluene,20.0,20.017448269469867,0.017448269469866773
10,Acetaldehyde,50.0,68.45074275316742,18.450742753167418
10,Toluene,40.0,37.15385555027645,2.8461444497235533
10,Acetaldehyde,200.0,190.90336352966426,9.096636470335739
10,Toluene,80.0,56.29594581335748,23.704054186642523
10,Acetaldehyde,100.0,105.27482729467577,5.274827294675774
10,Toluene,1.0,0.5092398724255816,0.49076012757441845
10,Acetaldehyde,10.0,14.505170337743635,4.505170337743635
10,Toluene,100.0,56.86041045231018,43.13958954768982
10,Acetaldehyde,150.0,151.5729584808974,1.5729584808973982
10,Toluene,60.0,48.686351911961324,11.313648088038676
10,Acetaldehyde,250.0,229.45794765458442,20.542052345415584
10,Toluene,20.0,18.92268307956438,1.0773169204356208
10,Acetaldehyde,50.0,66.87547199253862,16.87547199253862
10,Toluene,40.0,36.35010744116808,3.6498925588319224
10,Acetaldehyde,200.0,195.55888295221405,4.441117047785951
10,Toluene,80.0,54.819898310698065,25.180101689301935
10,Acetaldehyde,100.0,112.66297235764159,12.662972357641593
10,Toluene,20.0,26.47145349650259,6.4714534965025905
10,Acetaldehyde,50.0,57.88525601629992,7.88525601629992
10,Toluene,40.0,37.936061168953884,2.0639388310461158
10,Acetaldehyde,200.0,209.15229416797646,9.152294167976464
10,Toluene,80.0,53.77806575893163,26.221934241068368
10,Acetaldehyde,100.0,109.08853250496395,9.08853250496395
10,Toluene,1.0,4.975994438181459,3.975994438181459
10,Acetaldehyde,10.0,12.834255638019144,2.834255638019144
10,Toluene,100.0,53.22087276069368,46.77912723930632
10,Acetaldehyde,150.0,171.29319171057017,21.29319171057017
10,Toluene,60.0,47.24480166216614,12.75519833783386
10,Acetaldehyde,250.0,258.88328897966767,8.883288979667668
10,Ethylene,10.0,4.666095042986271,5.333904957013729
10,Ethanol,50.0,11.810703033651706,38.189296966348294
10,Ethylene,250.0,77.86447839050564,172.13552160949436
10,Ethanol,600.0,388.01501431467625,211.98498568532375
10,Ethylene,150.0,58.27730698661304,91.72269301338696
10,Ethanol,1000.0,755.586961409993,244.41303859000698
10,Ethylene,50.0,19.777378388629472,30.222621611370528
10,Ethanol,200.0,101.50113744243667,98.49886255756333
10,Ethylene,100.0,39.465258958161215,60.534741041838785
10,Ethanol,800.0,586.7580397269006,213.24196027309938
10,Ethylene,200.0,71.96078072553391,128.0392192744661
10,Ethanol,400.0,221.68884769969378,178.31115230030622
10,Ethylene,150.0,66.26053107615911,83.73946892384089
10,Ethanol,1000.0,769.7958876284229,230.20411237157714
10,Ethylene,50.0,21.75666864795457,28.24333135204543
10,Ethanol,200.0,105.39547244430908,94.60452755569092
10,Ethylene,100.0,44.07415078181391,55.92584921818609
10,Ethanol,800.0,593.5623478831268,206.4376521168732
10,Ethylene,200.0,72.4649929050345,127.5350070949655
10,Ethanol,400.0,224.3534468289849,175.6465531710151
10,Ethylene,10.0,3.3479247124123646,6.652075287587635
10,Ethanol,50.0,18.612291231853945,31.387708768146055
10,Ethylene,250.0,83.90734057368847,166.0926594263115
10,Ethanol,600.0,413.212108187729,186.78789181227103
10,Ethylene,50.0,22.70570084246731,27.29429915753269
10,Ethanol,200.0,108.47805582230681,91.52194417769319
10,Ethylene,100.0,46.71892017532636,53.28107982467364
10,Ethanol,800.0,594.9244433634051,205.0755566365949
10,Ethylene,200.0,75.35049810250453,124.64950189749547
10,Ethanol,400.0,230.7875378539394,169.2124621460606
10,Ethylene,10.0,4.013605706808548,5.986394293191452
10,Ethanol,50.0,19.947204110035173,30.052795889964827
10,Ethylene,250.0,83.27630524734127,166.72369475265873
10,Ethanol,600.0,417.35984880727204,182.64015119272796
10,Ethylene,150.0,68.50374261722516,81.49625738277484
10,Ethanol,1000.0,783.0166323301488,216.9833676698512
10,Ethylene,10.0,2.186487744368776,7.813512255631224
10,Ethanol,50.0,17.535014173796654,32.464985826203346
10,Ethylene,50.0,19.814212133247707,30.185787866752293
10,Ethanol,200.0,108.40910768832889,91.59089231167111
10,Ethylene,100.0,45.60897398421011,54.39102601578989
10,Ethanol,800.0,597.9260612030283,202.07393879697167
10,Ethylene,200.0,75.66310975738611,124.33689024261389
10,Ethanol,400.0,232.02330179560298,167.97669820439702
10,Ethylene,250.0,83.77733115626455,166.22266884373545
10,Ethanol,600.0,400.38039347475006,199.61960652524994
10,Ethylene,150.0,59.75279815157781,90.2472018484222
10,Ethanol,1000.0,749.6510470620234,250.3489529379766
10,Ethylene,200.0,69.80352766792834,130.19647233207166
10,Ethanol,400.0,214.3158986154358,185.6841013845642
10,Ethylene,10.0,0.0,10.0
10,Ethanol,50.0,13.751591775768503,36.2484082242315
10,Ethylene,250.0,72.28823423979642,177.71176576020358
10,Ethanol,600.0,386.77943872822107,213.22056127177893
10,Ethylene,150.0,62.8338271662538,87.1661728337462
10,Ethanol,1000.0,752.1464798555803,247.8535201444197
10,Ethylene,50.0,12.453603026236806,37.546396973763194
10,Ethanol,200.0,110.55050175019396,89.44949824980604
10,Ethylene,100.0,44.92219921424838,55.07780078575162
10,Ethanol,800.0,575.2403212901744,224.7596787098256
10,Ethylene,50.0,9.920078432023033,40.07992156797697
10,Ethanol,200.0,112.1813162570806,87.8186837429194
10,Ethylene,100.0,38.90659928086416,61.09340071913584
10,Ethanol,800.0,585.2340613517484,214.76593864825156
10,Ethylene,200.0,66.60558027022395,133.39441972977605
10,Ethanol,400.0,219.70347033701373,180.29652966298627
10,Ethylene,10.0,0.0,10.0
10,Ethanol,50.0,16.865300247932282,33.13469975206772
10,Ethylene,250.0,74.70963004230916,175.29036995769084
10,Ethanol,600.0,399.4155311068207,200.5844688931793
10,Ethylene,150.0,58.72146750489782,91.27853249510218
10,Ethanol,1000.0,758.277114668355,241.722885331645
10,Ethylene,150.0,59.78900139243544,90.21099860756456
10,Ethanol,1000.0,735.883204736757,264.11679526324303
10,Ethylene,50.0,13.561631842897725,36.438368157102275
10,Ethanol,200.0,107.16099676783679,92.83900323216321
10,Ethylene,100.0,43.049491261254786,56.950508738745214
10,Ethanol,800.0,568.2598485655919,231.74015143440806
10,Ethylene,200.0,70.30768053051868,129.69231946948133
10,Ethanol,400.0,229.86075476086336,170.13924523913664
10,Ethylene,10.0,1.8459211932348865,8.154078806765114
10,Ethanol,50.0,15.513114589997102,34.4868854100029
10,Ethylene,250.0,74.96847946470751,175.0315205352925
10,Ethanol,600.0,414.39874935903856,185.60125064096144
10,Ethylene,250.0,83.58123729471455,166.41876270528545
10,Ethanol,600.0,422.4802595351586,177.5197404648414
10,Ethylene,150.0,69.42129572528455,80.57870427471545
10,Ethanol,1000.0,768.8179430879967,231.1820569120033
10,Ethylene,10.0,0.0,10.0
10,Ethanol,50.0,11.793413333302126,38.20658666669787
10,Ethylene,50.0,18.794141874458305,31.205858125541695
10,Ethanol,200.0,103.61160666126759,96.38839333873241
10,Ethylene,100.0,45.23063936558806,54.76936063441194
10,Ethanol,800.0,592.9280569235135,207.0719430764865
10,Ethylene,200.0,74.4439850888256,125.5560149111744
10,Ethanol,400.0,231.3428341336565,168.6571658663435
10,Ethylene,10.0,3.39190253477922,6.60809746522078
10,Ethanol,50.0,17.193027944240413,32.80697205575959
10,Ethylene,250.0,84.12707971205464,165.87292028794536
10,Ethanol,600.0,418.64330905464374,181.35669094535626
10,Ethylene,150.0,71.68701000811782,78.31298999188218
10,Ethanol,1000.0,785.7424775682895,214.25752243171053
10,Ethylene,50.0,19.099171055803325,30.900828944196675
10,Ethanol,200.0,112.07065127850304,87.92934872149696
10,Ethylene,100.0,50.0824456562661,49.9175543437339
10,Ethanol,800.0,601.3163564960745,198.6836435039255
10,Ethylene,200.0,74.98242073984001,125.01757926015999
10,Ethanol,400.0,235.81142143294957,164.18857856705043
10,Ethylene,50.0,27.260937732629287,22.739062267370713
10,Ethanol,200.0,114.55934708750847,85.44065291249153
10,Ethylene,100.0,48.7339524608624,51.2660475391376
10,Ethanol,800.0,617.8387995074287,182.1612004925713
10,Ethylene,200.0,74.34908676476144,125.65091323523856
10,Ethanol,400.0,238.89731642572127,161.10268357427873
10,Ethylene,10.0,4.275227432809885,5.724772567190115
10,Ethanol,50.0,20.16103150603314,29.83896849396686
10,Ethylene,250.0,84.87101476405783,165.12898523594217
10,Ethanol,600.0,419.1125781259128,180.88742187408718
10,Ethylene,150.0,70.72850259595558,79.27149740404442
10,Ethanol,1000.0,791.8753113291542,208.12468867084579
10,Ethylene,10.0,1.6315404839879761,8.368459516012024
10,Ethanol,50.0,18.538509874807488,31.461490125192512
10,Ethylene,250.0,91.52334586299835,158.47665413700165
10,Ethanol,600.0,428.7351801944919,171.26481980550813
10,Ethylene,150.0,67.35955617407699,82.64044382592301
10,Ethanol,1000.0,816.5420089730458,183.45799102695423
10,Ethylene,50.0,24.1999991357427,25.8000008642573
10,Ethanol,200.0,110.14006726169535,89.85993273830465
10,Ethylene,100.0,49.44703689231379,50.55296310768621
10,Ethanol,800.0,612.8615283744127,187.13847162558727
10,Ethylene,200.0,75.70797511261208,124.29202488738792
10,Ethanol,400.0,241.5644744854846,158.4355255145154
10,Ethylene,150.0,67.6101907524298,82.3898092475702
10,Ethanol,1000.0,795.8145402897609,204.18545971023912
10,Ethylene,50.0,21.838671562644024,28.161328437355976
10,Ethanol,200.0,111.2639584066145,88.7360415933855
10,Ethylene,100.0,51.7677805042252,48.2322194957748
10,Ethanol,800.0,616.5949966015229,183.4050033984771
10,Ethylene,200.0,75.46780431380446,124.53219568619554
10,Ethanol,400.0,244.17365153781657,155.82634846218343
10,Ethylene,10.0,3.760580986409863,6.239419013590137
10,Ethanol,50.0,20.281992860278535,29.718007139721465
10,Ethylene,250.0,90.23687923291016,159.76312076708984
10,Ethanol,600.0,426.46143263844993,173.53856736155007
10,Ethylene,50.0,26.15331142558749,23.84668857441251
10,Ethanol,200.0,112.55891426475931,87.44108573524069
10,Ethylene,100.0,50.32812553114857,49.67187446885143
10,Ethanol,800.0,628.0576012042688,171.94239879573115
10,Ethylene,200.0,77.44418388418646,122.55581611581354
10,Ethanol,400.0,246.48312067112698,153.51687932887302
10,Ethylene,10.0,6.891583429362839,3.1084165706371607
10,Ethanol,50.0,22.436903375128836,27.563096624871164
10,Ethylene,250.0,95.41128782640607,154.58871217359393
10,Ethanol,600.0,426.29058478717695,173.70941521282305
10,Ethylene,150.0,70.22692460669666,79.77307539330334
10,Ethanol,1000.0,808.1395925246092,191.86040747539084
10,Ethylene,10.0,6.903826886993173,3.0961731130068273
10,Ethanol,50.0,23.46279419643146,26.53720580356854
10,Ethylene,50.0,27.05762422988313,22.94237577011687
10,Ethanol,200.0,122.79094778899432,77.20905221100568
10,Ethylene,100.0,52.17413604087933,47.82586395912067
10,Ethanol,800.0,622.3086549434324,177.69134505656757
10,Ethylene,200.0,75.28778966515121,124.71221033484879
10,Ethanol,400.0,244.0755088969893,155.9244911030107
10,Ethylene,250.0,90.48019054870207,159.51980945129793
10,Ethanol,600.0,433.7301073989713,166.2698926010287
10,Ethylene,150.0,69.41004849068614,80.58995150931386
10,Ethanol,1000.0,782.6989110517029,217.3010889482971
10,Ethylene,200.0,77.37784242088657,122.62215757911343
10,Ethanol,400.0,240.72501762635287,159.27498237364713
10,Ethylene,10.0,5.086579762737429,4.913420237262571
10,Ethanol,50.0,23.5216607001324,26.4783392998676
10,Ethylene,250.0,93.12397768561142,156.8760223143886
10,Ethanol,600.0,430.4218135153685,169.5781864846315
10,Ethylene,150.0,67.64028501810571,82.35971498189429
10,Ethanol,1000.0,807.4246919132149,192.57530808678507
10,Ethylene,50.0,24.218994673705225,25.781005326294775
10,Ethanol,200.0,120.45751592713535,79.54248407286465
10,Ethylene,100.0,47.66116637154316,52.33883362845684
10,Ethanol,800.0,615.135801603934,184.86419839606594
10,Ethylene,50.0,19.13923689427277,30.86076310572723
10,Ethanol,200.0,115.30988513964088,84.69011486035912
10,Ethylene,100.0,44.98521854966961,55.01478145033039
10,Ethanol,800.0,626.2053203889403,173.79467961105968
10,Ethylene,200.0,74.86376451941331,125.13623548058669
10,Ethanol,400.0,241.21001634458483,158.78998365541517
10,Ethylene,10.0,0.0,10.0
10,Ethanol,50.0,18.94994727869083,31.05005272130917
10,Ethylene,250.0,80.26495563352276,169.73504436647724
10,Ethanol,600.0,440.97144077675387,159.02855922324613
10,Ethylene,150.0,65.80090996883752,84.19909003116248
10,Ethanol,1000.0,809.5714316357961,190.4285683642039
10,Ethylene,150.0,63.94525151668562,86.05474848331437
10,Ethanol,1000.0,822.2588606885738,177.7411393114262
10,Ethylene,50.0,18.64158680912894,31.35841319087106
10,Ethanol,200.0,115.24233988110889,84.75766011889111
10,Ethylene,100.0,46.17223194213112,53.82776805786888
10,Ethanol,800.0,628.9431980879699,171.0568019120301
10,Ethylene,200.0,78.59006189705795,121.40993810294205
10,Ethanol,400.0,236.34178321988458,163.65821678011542
10,Ethylene,10.0,3.0782508315392647,6.921749168460735
10,Ethanol,50.0,19.710125036103477,30.289874963896523
10,Ethylene,250.0,82.3050277940423,167.6949722059577
10,Ethanol,600.0,434.875761319938,165.12423868006198
10,Ethylene,250.0,88.55546552767376,161.44453447232624
10,Ethanol,600.0,421.52718565643875,178.47281434356125
10,Ethylene,150.0,62.99206969721244,87.00793030278756
10,Ethanol,1000.0,813.8758921258736,186.12410787412637
10,Ethylene,10.0,1.7165447782477656,8.283455221752234
10,Ethanol,50.0,18.94967069928819,31.05032930071181
10,Ethylene,50.0,21.322818104713306,28.677181895286694
10,Ethanol,200.0,109.42874115113784,90.57125884886216
10,Ethylene,100.0,44.165841291206505,55.834158708793495
10,Ethanol,800.0,611.3050294330645,188.69497056693547
10,Ethylene,200.0,77.25429000712876,122.74570999287124
10,Ethanol,400.0,233.85309601711813,166.14690398288187
10,Ethylene,10.0,4.398621760931022,5.601378239068978
10,Ethanol,50.0,17.402397083428667,32.59760291657133
10,Ethylene,250.0,79.10162366710799,170.898376332892
10,Ethanol,600.0,416.95503117226264,183.04496882773736
10,Ethylene,150.0,63.55129307832139,86.4487069216786
10,Ethanol,1000.0,800.3005825531876,199.6994174468124
10,Ethylene,50.0,18.4703260304495,31.5296739695505
10,Ethanol,200.0,105.21579515921832,94.78420484078168
10,Ethylene,100.0,43.98910097734229,56.01089902265771
10,Ethanol,800.0,600.2399790651986,199.76002093480145
10,Ethylene,200.0,79.0228414423259,120.9771585576741
10,Ethanol,400.0,235.4576700070915,164.5423299929085
10,Ethylene,50.0,20.173415169271834,29.826584830728166
10,Ethanol,200.0,106.6503144375637,93.3496855624363
10,Ethylene,100.0,44.0412851086996,55.9587148913004
10,Ethanol,800.0,603.1430421848031,196.8569578151969
10,Ethylene,200.0,77.19972206179376,122.80027793820624
10,Ethanol,400.0,231.33712100257074,168.66287899742926
10,Ethylene,10.0,1.5597453827512027,8.440254617248797
10,Ethanol,50.0,16.414325631083287,33.58567436891671
10,Ethylene,250.0,83.15066439896754,166.84933560103246
10,Ethanol,600.0,408.5780124221604,191.42198757783962
10,Ethylene,150.0,59.088370436849004,90.911629563151
10,Ethanol,1000.0,782.8883899723187,217.1116100276813
10,Toluene,1.0,2.469811954711318,1.469811954711318
10,Acetaldehyde,10.0,21.28217452341859,11.28217452341859
10,Toluene,100.0,91.51129826788778,8.488701732112219
10,Acetaldehyde,150.0,261.4738368505755,111.47383685057548
10,Toluene,60.0,72.5613208475381,12.561320847538099
10,Acetaldehyde,250.0,276.5363540968957,26.536354096895707
10,Toluene,20.0,33.23457751881605,13.234577518816053
10,Acetaldehyde,50.0,64.73569869011317,14.735698690113168
10,Toluene,40.0,56.24005364030333,16.24005364030333
10,Acetaldehyde,200.0,217.27036178152832,17.270361781528322
10,Toluene,80.0,79.03901984907861,0.9609801509213867
10,Acetaldehyde,100.0,120.93791892317165,20.93791892317165
10,Toluene,60.0,66.4150301859989,6.415030185998901
10,Acetaldehyde,250.0,251.5700046311776,1.5700046311775964
10,Toluene,20.0,34.299622116339634,14.299622116339634
10,Acetaldehyde,50.0,59.22078818896901,9.22078818896901
10,Toluene,40.0,55.360771744290716,15.360771744290716
10,Acetaldehyde,200.0,244.8873627967243,44.88736279672429
10,Toluene,80.0,81.67599116659551,1.6759911665955087
10,Acetaldehyde,100.0,150.83162398159018,50.831623981590184
10,Toluene,1.0,2.8552711434234936,1.8552711434234936
10,Acetaldehyde,10.0,12.46435688083642,2.4643568808364194
10,Toluene,100.0,79.51129964682943,20.48870035317057
10,Acetaldehyde,150.0,196.6729678703972,46.6729678703972
10,Toluene,20.0,31.465562500344404,11.465562500344404
10,Acetaldehyde,50.0,61.82225748405365,11.822257484053651
10,Toluene,40.0,52.79007437083982,12.790074370839818
10,Acetaldehyde,200.0,226.63293616584502,26.632936165845024
10,Toluene,80.0,76.9376854066127,3.062314593387299
10,Acetaldehyde,100.0,129.5459838350702,29.54598383507019
10,Toluene,1.0,1.9875331388764579,0.9875331388764579
10,Acetaldehyde,10.0,10.85369455930443,0.8536945593044294
10,Toluene,100.0,77.99899786870242,22.001002131297582
10,Acetaldehyde,150.0,181.3160425306339,31.316042530633894
10,Toluene,60.0,61.860988314240046,1.8609883142400463
10,Acetaldehyde,250.0,254.95530152094798,4.955301520947984
10,Toluene,1.0,3.6853313358802353,2.6853313358802353
10,Acetaldehyde,10.0,9.26188233969178,0.7381176603082196
10,Toluene,20.0,30.930592507235318,10.930592507235318
10,Acetaldehyde,50.0,55.965139600406104,5.965139600406104
10,Toluene,40.0,53.46750526385438,13.467505263854378
10,Acetaldehyde,200.0,221.6327071316128,21.63270713161279
10,Toluene,80.0,71.76234894266493,8.237651057335071
10,Acetaldehyde,100.0,117.35665031560367,17.356650315603673
10,Toluene,100.0,74.92864205059371,25.07135794940629
10,Acetaldehyde,150.0,177.78373580494952,27.783735804949515
10,Toluene,60.0,59.693983048244505,0.30601695175549537
10,Acetaldehyde,250.0,254.2219859238706,4.221985923870591
10,Toluene,80.0,69.25427158853961,10.74572841146039
10,Acetaldehyde,100.0,120.4640677515865,20.464067751586498
10,Toluene,1.0,4.778879032661337,3.7788790326613366
10,Acetaldehyde,10.0,10.449576992290474,0.4495769922904742
10,Toluene,100.0,72.89787628763207,27.102123712367927
10,Acetaldehyde,150.0,179.04441499955428,29.044414999554277
10,Toluene,60.0,59.35406238651437,0.6459376134856285
10,Acetaldehyde,250.0,250.3192631384817,0.31926313848168775
10,Toluene,20.0,37.068524217215256,17.068524217215256
10,Acetaldehyde,50.0,55.29056827717544,5.2905682771754385
10,Toluene,40.0,50.22339633281483,10.22339633281483
10,Acetaldehyde,200.0,213.3927212698459,13.392721269845907
10,Toluene,20.0,34.31489596734987,14.31489596734987
10,Acetaldehyde,50.0,56.7154254822338,6.7154254822337975
10,Toluene,40.0,51.036306183191215,11.036306183191215
10,Acetaldehyde,200.0,208.15242402040127,8.15242402040127
10,Toluene,80.0,69.75470253114361,10.245297468856393
10,Acetaldehyde,100.0,108.85976671967568,8.859766719675676
10,Toluene,1.0,0.722352243764945,0.277647756235055
10,Acetaldehyde,10.0,11.695474685895405,1.6954746858954053
10,Toluene,100.0,71.04370540115471,28.95629459884529
10,Acetaldehyde,150.0,157.7670813766805,7.767081376680494
10,Toluene,60.0,58.589401313024126,1.4105986869758738
10,Acetaldehyde,250.0,234.1783331491514,15.821666850848601
10,Toluene,60.0,61.71494033923284,1.7149403392328395
10,Acetaldehyde,250.0,235.51031404661217,14.489685953387834
10,Toluene,20.0,31.867703404401254,11.867703404401254
10,Acetaldehyde,50.0,57.51380320342463,7.513803203424629
10,Toluene,40.0,49.387808771753384,9.387808771753384
10,Acetaldehyde,200.0,193.23621474180598,6.763785258194019
10,Toluene,80.0,71.87448240884994,8.125517591150057
10,Acetaldehyde,100.0,109.7853810471492,9.785381047149201
10,Toluene,1.0,1.0538118607613995,0.053811860761399544
10,Acetaldehyde,10.0,11.365298846978249,1.3652988469782485
10,Toluene,100.0,71.38250154741945,28.61749845258055
10,Acetaldehyde,150.0,165.64871183593021,15.648711835930214
10,Toluene,100.0,70.32804773063162,29.671952269368376
10,Acetaldehyde,150.0,164.68845807845094,14.688458078450935
10,Toluene,60.0,65.39241970279829,5.392419702798293
10,Acetaldehyde,250.0,242.90402132734332,7.095978672656685
10,Toluene,1.0,3.4514499825258866,2.4514499825258866
10,Acetaldehyde,10.0,14.323630752594582,4.323630752594582
10,Toluene,20.0,33.27742924980093,13.277429249800932
10,Acetaldehyde,50.0,58.20930058757446,8.209300587574461
10,Toluene,40.0,51.230888616776994,11.230888616776994
10,Acetaldehyde,200.0,202.8744362669388,2.874436266938801
10,Toluene,80.0,70.41213732978018,9.58786267021982
10,Acetaldehyde,100.0,104.05550220205208,4.055502202052082
10,Toluene,1.0,0.4432197541588039,0.5567802458411961
10,Acetaldehyde,10.0,8.615161477950863,1.3848385220491366
10,Toluene,100.0,72.1946267962928,27.805373203707205
10,Acetaldehyde,150.0,154.9664170078487,4.9664170078486904
10,Toluene,60.0,57.97974457875536,2.0202554212446415
10,Acetaldehyde,250.0,231.3457271621639,18.65427283783609
10,Toluene,20.0,28.236549807189164,8.236549807189164
10,Acetaldehyde,50.0,60.83173802697152,10.831738026971522
10,Toluene,40.0,43.933402478746856,3.9334024787468564
10,Acetaldehyde,200.0,208.73728768272946,8.737287682729459
10,Toluene,80.0,62.56498741181261,17.43501258818739
10,Acetaldehyde,100.0,113.9857830558652,13.985783055865198
10,Toluene,20.0,35.299692400431184,15.299692400431184
10,Acetaldehyde,50.0,62.24007142981753,12.240071429817533
10,Toluene,40.0,45.499086335393244,5.499086335393244
10,Acetaldehyde,200.0,195.78172206342964,4.2182779365703595
10,Toluene,80.0,67.54720963202907,12.452790367970934
10,Acetaldehyde,100.0,112.5565226305188,12.5565226305188
10,Toluene,1.0,3.9336162119828657,2.9336162119828657
10,Acetaldehyde,10.0,13.3771274200665,3.3771274200665005
10,Toluene,100.0,68.94713235617574,31.052867643824257
10,Acetaldehyde,150.0,172.13007354056555,22.130073540565547
10,Toluene,60.0,54.456915232411475,5.543084767588525
10,Acetaldehyde,250.0,245.93783205931922,4.06216794068078
10,Toluene,1.0,2.687435883757942,1.6874358837579422
10,Acetaldehyde,10.0,10.512579348213137,0.5125793482131371
10,Toluene,100.0,66.72726454873687,33.27273545126313
10,Acetaldehyde,150.0,167.08072757883795,17.08072757883795
10,Toluene,60.0,60.61255396151358,0.6125539615135835
10,Acetaldehyde,250.0,236.1697273937408,13.8302726062592
10,Toluene,20.0,33.5373546576689,13.5373546576689
10,Acetaldehyde,50.0,57.686602064902544,7.686602064902544
10,Toluene,40.0,48.671474480243276,8.671474480243276
10,Acetaldehyde,200.0,200.63011290444533,0.6301129044453262
10,Toluene,80.0,66.23633634288436,13.763663657115643
10,Acetaldehyde,100.0,115.00203846135602,15.002038461356022
10,Toluene,60.0,59.38214888071869,0.6178511192813119
10,Acetaldehyde,250.0,233.57696787168737,16.423032128312627
10,Toluene,20.0,33.08483307573307,13.084833075733073
10,Acetaldehyde,50.0,59.248695313366284,9.248695313366284
10,Toluene,40.0,48.65345576715997,8.653455767159969
10,Acetaldehyde,200.0,205.23939622303965,5.239396223039648
10,Toluene,80.0,64.74339750442468,15.256602495575322
10,Acetaldehyde,100.0,118.23616000986917,18.236160009869167
10,Toluene,1.0,4.64828136529988,3.64828136529988
10,Acetaldehyde,10.0,14.448556801852575,4.448556801852575
10,Toluene,100.0,71.12903576486622,28.870964235133783
10,Acetaldehyde,150.0,163.89394121498486,13.893941214984864
10,Toluene,20.0,36.758828458612584,16.758828458612584
10,Acetaldehyde,50.0,60.07129471866135,10.071294718661349
10,Toluene,40.0,53.75657028962192,13.75657028962192
10,Acetaldehyde,200.0,203.63516987436367,3.635169874363669
10,Toluene,80.0,64.8094070332669,15.190592966733107
10,Acetaldehyde,100.0,115.0800752200964,15.080075220096404
10,Toluene,1.0,4.460068348330708,3.460068348330708
10,Acetaldehyde,10.0,13.47048394803818,3.4704839480381793
10,Toluene,100.0,69.20955200390576,30.790447996094244
10,Acetaldehyde,150.0,164.75397056296356,14.75397056296356
10,Toluene,60.0,56.82336570977378,3.176634290226218
10,Acetaldehyde,250.0,228.73947766661178,21.260522333388224
10,Toluene,1.0,2.9500225067310453,1.9500225067310453
10,Acetaldehyde,10.0,12.68759540796907,2.68759540796907
10,Toluene,20.0,30.1735279165013,10.1735279165013
10,Acetaldehyde,50.0,57.6205708277128,7.620570827712797
10,Toluene,40.0,52.43957852676057,12.43957852676057
10,Acetaldehyde,200.0,195.87891789470987,4.121082105290128
10,Toluene,80.0,67.61569962554587,12.384300374454128
10,Acetaldehyde,100.0,109.46083766755882,9.46083766755882
10,Toluene,100.0,67.88367519643191,32.11632480356809
10,Acetaldehyde,150.0,164.63539015368121,14.635390153681215
10,Toluene,60.0,59.405351242653595,0.5946487573464054
10,Acetaldehyde,250.0,235.9138271489862,14.0861728510138
10,Toluene,80.0,63.89261431205011,16.107385687949893
10,Acetaldehyde,100.0,109.88125905688014,9.88125905688014
10,Toluene,1.0,2.9762884591192886,1.9762884591192886
10,Acetaldehyde,10.0,14.279319659969588,4.2793196599695875
10,Toluene,100.0,68.51553888137093,31.48446111862907
10,Acetaldehyde,150.0,166.49652900167715,16.496529001677146
10,Toluene,60.0,59.022535045697865,0.9774649543021354
10,Acetaldehyde,250.0,234.4118870986464,15.588112901353611
10,Toluene,20.0,34.78960450432902,14.78960450432902
10,Acetaldehyde,50.0,58.20906673716382,8.209066737163823
10,Toluene,40.0,51.22829042666305,11.228290426663051
10,Acetaldehyde,200.0,194.5742621364013,5.425737863598698
10,Toluene,20.0,31.565121019579195,11.565121019579195
10,Acetaldehyde,50.0,62.19156448469994,12.191564484699938
10,Toluene,40.0,50.02349253973492,10.023492539734917
10,Acetaldehyde,200.0,194.79698087471832,5.203019125281685
10,Toluene,80.0,62.9988593858977,17.001140614102297
10,Acetaldehyde,100.0,108.81435769745153,8.814357697451527
10,Toluene,1.0,2.5970533302171646,1.5970533302171646
10,Acetaldehyde,10.0,13.33224942369074,3.3322494236907403
10,Toluene,100.0,69.5742686960976,30.425731303902396
10,Acetaldehyde,150.0,156.9135149796756,6.913514979675597
10,Toluene,60.0,57.698198579172185,2.3018014208278146
10,Acetaldehyde,250.0,229.2304889347787,20.76951106522131
10,Toluene,60.0,60.013792038566876,0.013792038566876386
10,Acetaldehyde,250.0,231.96327122447036,18.03672877552964
10,Toluene,20.0,35.89143911522963,15.89143911522963
10,Acetaldehyde,50.0,57.664147960746135,7.664147960746135
10,Toluene,40.0,52.84088229086235,12.840882290862353
10,Acetaldehyde,200.0,186.15974792340205,13.840252076597949
10,Toluene,80.0,67.98477461540503,12.01522538459497
10,Acetaldehyde,100.0,110.41154914989701,10.411549149897013
10,Toluene,1.0,0.32227380329668165,0.6777261967033184
10,Acetaldehyde,10.0,12.36004703919859,2.360047039198591
10,Toluene,100.0,69.92155054960912,30.078449450390877
10,Acetaldehyde,150.0,163.3973560800577,13.397356080057705
10,Toluene,100.0,73.39347394562508,26.606526054374925
10,Acetaldehyde,150.0,163.2799990182023,13.27999901820229
10,Toluene,60.0,58.495205373705204,1.504794626294796
10,Acetaldehyde,250.0,225.24212439621027,24.757875603789728
10,Toluene,1.0,5.439841901791951,4.439841901791951
10,Acetaldehyde,10.0,11.868596253535003,1.868596253535003
10,Toluene,20.0,32.320545017977736,12.320545017977736
10,Acetaldehyde,50.0,58.07592685928394,8.075926859283939
10,Toluene,40.0,48.14861581150893,8.148615811508932
10,Acetaldehyde,200.0,193.80579352918724,6.194206470812759
10,Toluene,80.0,67.51206283308755,12.487937166912445
10,Acetaldehyde,100.0,109.73622526721294,9.736225267212944
10,Toluene,1.0,5.783884890428439,4.783884890428439
10,Acetaldehyde,10.0,12.851339105397585,2.851339105397585
10,Toluene,100.0,70.42189960631657,29.578100393683428
10,Acetaldehyde,150.0,164.1843237383598,14.184323738359808
10,Toluene,60.0,58.17696159463128,1.8230384053687203
10,Acetaldehyde,250.0,229.76285854166434,20.237141458335657
10,Toluene,20.0,35.14849194180839,15.148491941808388
10,Acetaldehyde,50.0,56.48585872176439,6.485858721764387
10,Toluene,40.0,51.02320493638152,11.023204936381518
10,Acetaldehyde,200.0,199.0654105052311,0.9345894947688862
10,Toluene,80.0,61.67653287527091,18.323467124729092
10,Acetaldehyde,100.0,107.94182014902522,7.941820149025219
10,Toluene,20.0,33.828320910940164,13.828320910940164
10,Acetaldehyde,50.0,58.104909171106044,8.104909171106044
10,Toluene,40.0,48.23880080961865,8.238800809618652
10,Acetaldehyde,200.0,200.3774531253992,0.3774531253991995
10,Toluene,80.0,66.51863177256801,13.481368227431986
10,Acetaldehyde,100.0,111.66543537145594,11.665435371455942
10,Toluene,1.0,3.557097449151854,2.557097449151854
10,Acetaldehyde,10.0,14.622207491332489,4.622207491332489
10,Toluene,100.0,69.05484515960526,30.945154840394736
10,Acetaldehyde,150.0,164.97041451326336,14.970414513263364
10,Toluene,60.0,59.61162716523802,0.3883728347619808
10,Acetaldehyde,250.0,239.89386698111343,10.106133018886567
10,Toluene,1.0,4.6293737715763825,3.6293737715763825
10,Acetaldehyde,10.0,15.37677121771219,5.376771217712189
10,Toluene,100.0,88.00324221059455,11.99675778940545
10,Acetaldehyde,150.0,186.57904218781184,36.57904218781184
10,Toluene,60.0,62.60571225714469,2.6057122571446882
10,Acetaldehyde,250.0,257.03619236788666,7.036192367886656
10,Toluene,20.0,33.73019994551687,13.730199945516873
10,Acetaldehyde,50.0,66.88916739203253,16.889167392032533
10,Toluene,40.0,53.782370684437296,13.782370684437296
10,Acetaldehyde,200.0,217.41573583256465,17.41573583256465
10,Toluene,80.0,75.3509883916612,4.649011608338796
10,Acetaldehyde,100.0,129.93237627369714,29.932376273697145
10,Toluene,60.0,65.42730516035806,5.42730516035806
10,Acetaldehyde,250.0,266.3363868241282,16.336386824128226
10,Toluene,20.0,32.51888226396038,12.518882263960379
10,Acetaldehyde,50.0,72.54347838587256,22.54347838587256
10,Toluene,40.0,53.8499136548007,13.849913654800702
10,Acetaldehyde,200.0,219.27174326945658,19.27174326945658
10,Toluene,80.0,77.63577420963553,2.364225790364472
10,Acetaldehyde,100.0,139.83386318647766,39.83386318647766
10,Toluene,1.0,3.7162381474371387,2.7162381474371387
10,Acetaldehyde,10.0,14.740956555862823,4.740956555862823
10,Toluene,100.0,78.494686222789,21.505313777211
10,Acetaldehyde,150.0,192.74324628877733,42.74324628877733
10,Toluene,20.0,30.653884188012555,10.653884188012555
10,Acetaldehyde,50.0,74.13652726394017,24.136527263940167
10,Toluene,40.0,53.54280535336876,13.542805353368763
10,Acetaldehyde,200.0,224.46957539098634,24.469575390986336
10,Toluene,80.0,75.86534294929331,4.134657050706693
10,Acetaldehyde,100.0,133.00571823072548,33.00571823072548
10,Toluene,1.0,2.136202868029784,1.136202868029784
10,Acetaldehyde,10.0,14.473720992191545,4.473720992191545
10,Toluene,100.0,81.29697217758901,18.703027822410988
10,Acetaldehyde,150.0,177.1287286466817,27.128728646681708
10,Toluene,60.0,70.14606995175905,10.146069951759046
10,Acetaldehyde,250.0,250.08778427350458,0.08778427350458173
10,Toluene,1.0,4.142909272597208,3.1429092725972083
10,Acetaldehyde,10.0,13.65955860824944,3.6595586082494407
10,Toluene,20.0,32.790238490543814,12.790238490543814
10,Acetaldehyde,50.0,69.82969658403877,19.82969658403877
10,Toluene,40.0,56.836567950116105,16.836567950116105
10,Acetaldehyde,200.0,211.1133903665375,11.113390366537487
10,Toluene,80.0,73.8352602975927,6.164739702407303
10,Acetaldehyde,100.0,127.62479632409952,27.62479632409952
10,Toluene,100.0,78.26175725741007,21.738242742589932
10,Acetaldehyde,150.0,182.1747844781271,32.174784478127094
10,Toluene,60.0,66.83766136755762,6.837661367557615
10,Acetaldehyde,250.0,256.85782731307347,6.8578273130734715
10,Toluene,80.0,75.19035140398276,4.80964859601724
10,Acetaldehyde,100.0,129.45763839991656,29.45763839991656
10,Toluene,1.0,3.1520406106128576,2.1520406106128576
10,Acetaldehyde,10.0,13.929123312091647,3.9291233120916473
10,Toluene,100.0,76.79386315347102,23.206136846528977
10,Acetaldehyde,150.0,180.50914966285396,30.509149662853957
10,Toluene,60.0,59.75719384072457,0.2428061592754318
10,Acetaldehyde,250.0,241.83743575152056,8.162564248479441
10,Toluene,20.0,33.80135695570219,13.80135695570219
10,Acetaldehyde,50.0,65.83661411713558,15.836614117135582
10,Toluene,40.0,51.07443561470427,11.07443561470427
10,Acetaldehyde,200.0,209.54900754056814,9.549007540568141
10,Toluene,20.0,33.18090339454916,13.180903394549162
10,Acetaldehyde,50.0,68.65584951192677,18.655849511926775
10,Toluene,40.0,55.19041018364494,15.190410183644943
10,Acetaldehyde,200.0,208.17258468293858,8.172584682938577
10,Toluene,80.0,72.43412699824279,7.565873001757211
10,Acetaldehyde,100.0,118.50417449309597,18.504174493095974
10,Toluene,1.0,3.7935794127746902,2.7935794127746902
10,Acetaldehyde,10.0,14.33064288138577,4.330642881385771
10,Toluene,100.0,78.36348730748406,21.636512692515936
10,Acetaldehyde,150.0,166.4574290010576,16.45742900105759
10,Toluene,60.0,62.05022340704454,2.050223407044541
10,Acetaldehyde,250.0,241.264386654182,8.735613345817995
10,Toluene,60.0,67.80231612617263,7.802316126172627
10,Acetaldehyde,250.0,229.77233978115373,20.227660218846268
10,Toluene,20.0,35.28439270005188,15.284392700051882
10,Acetaldehyde,50.0,63.178519307053506,13.178519307053506
10,Toluene,40.0,53.98527072965031,13.98527072965031
10,Acetaldehyde,200.0,200.09711570589758,0.09711570589757912
10,Toluene,80.0,70.36757166034806,9.632428339651938
10,Acetaldehyde,100.0,115.96199522869648,15.96199522869648
10,Toluene,1.0,4.6450073013936475,3.6450073013936475
10,Acetaldehyde,10.0,15.062985869116673,5.062985869116673
10,Toluene,100.0,71.55198303275502,28.448016967244982
10,Acetaldehyde,150.0,175.41966712575532,25.419667125755325
10,Toluene,100.0,73.53225817182997,26.467741828170034
10,Acetaldehyde,150.0,163.63160299905778,13.631602999057776
10,Toluene,60.0,59.78756659027562,0.21243340972438318
10,Acetaldehyde,250.0,237.8244120619263,12.175587938073704
10,Toluene,1.0,3.202518224584452,2.202518224584452
10,Acetaldehyde,10.0,14.053004314757018,4.053004314757018
10,Toluene,20.0,33.377044898944305,13.377044898944305
10,Acetaldehyde,50.0,68.36531556274005,18.36531556274005
10,Toluene,40.0,48.7243737718551,8.724373771855099
10,Acetaldehyde,200.0,192.03847174093693,7.961528259063073
10,Toluene,80.0,71.05386637895404,8.94613362104596
10,Acetaldehyde,100.0,112.10452211329647,12.104522113296468
10,Toluene,1.0,2.1336236128866943,1.1336236128866943
10,Acetaldehyde,10.0,12.068648619930826,2.0686486199308263
10,Toluene,100.0,72.97284164447808,27.02715835552192
10,Acetaldehyde,150.0,162.33824932824587,12.338249328245865
10,Toluene,60.0,60.15386730840298,0.15386730840297957
10,Acetaldehyde,250.0,229.86753447851225,20.132465521487745
10,Toluene,20.0,38.23563351542046,18.23563351542046
10,Acetaldehyde,50.0,70.14502480379326,20.145024803793262
10,Toluene,40.0,52.440528922526454,12.440528922526454
10,Acetaldehyde,200.0,201.69788194274958,1.697881942749575
10,Toluene,80.0,72.96239085629708,7.037609143702923
10,Acetaldehyde,100.0,120.94882614157363,20.948826141573633
10,Toluene,20.0,34.87639509234127,14.87639509234127
10,Acetaldehyde,50.0,65.71683762653252,15.716837626532524
10,Toluene,40.0,53.30123358550128,13.30123358550128
10,Acetaldehyde,200.0,196.601442497895,3.3985575021050067
10,Toluene,80.0,68.86131002745819,11.138689972541812
10,Acetaldehyde,100.0,120.5211263819108,20.521126381910804
10,Toluene,1.0,3.8437547296497883,2.8437547296497883
10,Acetaldehyde,10.0,15.70018815603295,5.700188156032951
10,Toluene,100.0,74.46197937642663,25.538020623573374
10,Acetaldehyde,150.0,164.73648468731736,14.736484687317358
10,Toluene,60.0,61.35139458509184,1.351394585091839
10,Acetaldehyde,250.0,235.40041157923264,14.599588420767361
10,Acetone,2.5,0.0,2.5
10,Acetaldehyde,10.0,14.011754023909646,4.011754023909646
10,Acetone,250.0,218.7845290854582,31.21547091454181
10,Acetaldehyde,150.0,155.8996758726127,5.899675872612704
10,Acetone,150.0,90.96618946608854,59.03381053391146
10,Acetaldehyde,250.0,228.58724721549066,21.412752784509337
10,Acetone,50.0,37.52274855915978,12.47725144084022
10,Acetaldehyde,50.0,49.51957780206371,0.48042219793629215
10,Acetone,100.0,64.42988843182788,35.57011156817212
10,Acetaldehyde,200.0,186.97953829886913,13.02046170113087
10,Acetone,200.0,154.42302034665903,45.57697965334097
10,Acetaldehyde,100.0,90.50684870697765,9.49315129302235
10,Acetone,150.0,91.99438184646786,58.00561815353214
10,Acetaldehyde,250.0,242.90626575282863,7.093734247171369
10,Acetone,50.0,32.7753028838934,17.224697116106597
10,Acetaldehyde,50.0,51.669934092472914,1.6699340924729142
10,Acetone,100.0,62.8434714343412,37.1565285656588
10,Acetaldehyde,200.0,198.62866991678334,1.3713300832166624
10,Acetone,200.0,154.52031531826324,45.47968468173676
10,Acetaldehyde,100.0,115.32316726276247,15.323167262762468
10,Acetone,2.5,0.0,2.5
10,Acetaldehyde,10.0,12.793280924236925,2.7932809242369245
10,Acetone,250.0,221.09797822277906,28.902021777220938
10,Acetaldehyde,150.0,173.57965352414882,23.579653524148824
10,Acetone,50.0,29.405374020115687,20.594625979884313
10,Acetaldehyde,50.0,59.284511395674826,9.284511395674826
10,Acetone,100.0,65.81116847408265,34.18883152591735
10,Acetaldehyde,200.0,207.41674391651077,7.416743916510768
10,Acetone,200.0,161.40340219628914,38.596597803710864
10,Acetaldehyde,100.0,108.58772709403377,8.587727094033767
10,Acetone,2.5,0.0,2.5
10,Acetaldehyde,10.0,10.863516345717244,0.8635163457172439
10,Acetone,250.0,222.90552511229225,27.094474887707747
10,Acetaldehyde,150.0,158.24266750215136,8.242667502151363
10,Acetone,150.0,94.04044521959152,55.95955478040848
10,Acetaldehyde,250.0,233.20454277404468,16.795457225955317
10,Acetone,2.5,0.0,2.5
10,Acetaldehyde,10.0,12.446469514827697,2.4464695148276974
10,Acetone,50.0,36.84462334842877,13.155376651571231
10,Acetaldehyde,50.0,52.070300528646484,2.0703005286464844
10,Acetone,100.0,64.64854835564734,35.351451644352665
10,Acetaldehyde,200.0,191.90912784256125,8.090872157438753
10,Acetone,200.0,158.94361805787543,41.056381942124574
10,Acetaldehyde,100.0,91.3751813128047,8.624818687195301
10,Acetone,250.0,221.84169371514278,28.15830628485722
10,Acetaldehyde,150.0,144.61965859607142,5.380341403928583
10,Acetone,150.0,96.69217138686503,53.30782861313497
10,Acetaldehyde,250.0,221.85406979767765,28.145930202322347
10,Acetone,200.0,161.7799958783449,38.22000412165511
10,Acetaldehyde,100.0,86.56389942190916,13.436100578090844
10,Acetone,2.5,0.0,2.5
10,Acetaldehyde,10.0,12.607771802101254,2.6077718021012544
10,Acetone,250.0,218.99051686962096,31.00948313037904
10,Acetaldehyde,150.0,148.86613904623664,1.1338609537633602
10,Acetone,150.0,101.74390975030519,48.25609024969481
10,Acetaldehyde,250.0,210.04876068887305,39.951239311126955
10,Acetone,50.0,32.66479731664427,17.335202683355732
10,Acetaldehyde,50.0,53.5960775387163,3.596077538716301
10,Acetone,100.0,67.95898274016275,32.04101725983725
10,Acetaldehyde,200.0,182.70147403323804,17.298525966761957
10,Acetone,50.0,32.96548797678044,17.034512023219563
10,Acetaldehyde,50.0,54.694442759725845,4.694442759725845
10,Acetone,100.0,69.30061617976133,30.699383820238666
10,Acetaldehyde,200.0,180.60739795715244,19.392602042847557
10,Acetone,200.0,162.64182828672904,37.35817171327096
10,Acetaldehyde,100.0,96.98986408599832,3.0101359140016797
10,Acetone,2.5,0.0,2.5
10,Acetaldehyde,10.0,14.03018700673347,4.03018700673347
10,Acetone,250.0,213.03133277966327,36.96866722033673
10,Acetaldehyde,150.0,135.7826576294445,14.217342370555514
10,Acetone,150.0,100.16491412327514,49.83508587672486
10,Acetaldehyde,250.0,202.73808390045656,47.26191609954344
10,Acetone,150.0,94.72500547284548,55.27499452715452
10,Acetaldehyde,250.0,206.2129989689601,43.78700103103989
10,Acetone,50.0,32.508873693534554,17.491126306465446
10,Acetaldehyde,50.0,53.16227833765224,3.162278337652239
10,Acetone,100.0,69.81452751261969,30.18547248738031
10,Acetaldehyde,200.0,173.70065881242294,26.299341187577056
10,Acetone,200.0,157.32240175206476,42.67759824793524
10,Acetaldehyde,100.0,94.96129900190908,5.038700998090917
10,Acetone,2.5,0.0,2.5
10,Acetaldehyde,10.0,10.672666680033487,0.6726666800334868
10,Acetone,250.0,215.37037397195803,34.62962602804197
10,Acetaldehyde,150.0,133.38028616208052,16.619713837919477
10,Acetone,250.0,218.2542661259314,31.745733874068605
10,Acetaldehyde,150.0,135.35803449376326,14.641965506236744
10,Acetone,150.0,98.5010729644102,51.4989270355898
10,Acetaldehyde,250.0,202.2094782249788,47.790521775021205
10,Acetone,2.5,0.0,2.5
10,Acetaldehyde,10.0,13.274608431312032,3.274608431312032
10,Acetone,50.0,37.788604221002515,12.211395778997485
10,Acetaldehyde,50.0,53.984427482772446,3.984427482772446
10,Acetone,100.0,69.37769830014365,30.62230169985635
10,Acetaldehyde,200.0,168.8567242418065,31.14327575819351
10,Acetone,200.0,169.9743967509885,30.02560324901151
10,Acetaldehyde,100.0,91.6690881802895,8.330911819710494
10,Acetone,2.5,0.0,2.5
10,Acetaldehyde,10.0,11.712503178397299,1.7125031783972986
10,Acetone,250.0,211.9642852307212,38.0357147692788
10,Acetaldehyde,150.0,126.68475348812085,23.315246511879153
10,Acetone,150.0,103.65809779058314,46.34190220941686
10,Acetaldehyde,250.0,190.6904666988375,59.3095333011625
10,Acetone,50.0,35.752275793145856,14.247724206854144
10,Acetaldehyde,50.0,51.94311234900249,1.9431123490024902
10,Acetone,100.0,72.38408877604758,27.615911223952423
10,Acetaldehyde,200.0,173.45431914209524,26.545680857904756
10,Acetone,200.0,164.29854324240438,35.70145675759562
10,Acetaldehyde,100.0,94.1455942941089,5.8544057058910965
10,Acetone,50.0,37.63767554262893,12.362324457371074
10,Acetaldehyde,50.0,53.82791117293344,3.8279111729334403
10,Acetone,100.0,72.01391462875775,27.986085371242254
10,Acetaldehyde,200.0,171.86361236884355,28.136387631156452
10,Acetone,200.0,160.77488140076176,39.22511859923824
10,Acetaldehyde,100.0,93.54187666368338,6.458123336316618
10,Acetone,2.5,0.0,2.5
10,Acetaldehyde,10.0,11.319967648756986,1.319967648756986
10,Acetone,250.0,208.6280482447578,41.37195175524221
10,Acetaldehyde,150.0,133.69092341623403,16.30907658376597
10,Acetone,150.0,107.61959974848239,42.380400251517614
10,Acetaldehyde,250.0,194.75088505633846,55.24911494366154
10,Acetone,2.5,0.0,2.5
10,Acetaldehyde,10.0,12.084123574551,2.0841235745510005
10,Acetone,250.0,214.84764305196248,35.15235694803752
10,Acetaldehyde,150.0,134.34663880160136,15.653361198398642
10,Acetone,150.0,108.39362775551618,41.60637224448382
10,Acetaldehyde,250.0,191.76366640433875,58.23633359566125
10,Acetone,50.0,36.48781479946477,13.512185200535228
10,Acetaldehyde,50.0,53.66694203681911,3.6669420368191084
10,Acetone,100.0,74.67516269276732,25.324837307232684
10,Acetaldehyde,200.0,172.33311119566238,27.666888804337617
10,Acetone,200.0,168.23112012403675,31.76887987596325
10,Acetaldehyde,100.0,92.29241009847367,7.707589901526333
10,Acetone,150.0,111.5762766559113,38.4237233440887
10,Acetaldehyde,250.0,192.03590238265656,57.96409761734344
10,Acetone,50.0,34.682851840646705,15.317148159353295
10,Acetaldehyde,50.0,54.69737465794087,4.69737465794087
10,Acetone,100.0,72.61340869756103,27.386591302438973
10,Acetaldehyde,200.0,172.39724855774398,27.60275144225602
10,Acetone,200.0,165.4962123854739,34.50378761452609
10,Acetaldehyde,100.0,89.51097632993867,10.489023670061329
10,Acetone,2.5,0.0,2.5
10,Acetaldehyde,10.0,11.736489867874084,1.7364898678740843
10,Acetone,250.0,211.50207194289754,38.497928057102456
10,Acetaldehyde,150.0,130.84714200352212,19.152857996477877
10,Acetone,50.0,38.31019627553384,11.68980372446616
10,Acetaldehyde,50.0,53.48191882982346,3.4819188298234565
10,Acetone,100.0,76.47284470200266,23.52715529799734
10,Acetaldehyde,200.0,168.10994868934552,31.890051310654485
10,Acetone,200.0,168.20136405574107,31.798635944258933
10,Acetaldehyde,100.0,90.43632748566321,9.563672514336787
10,Acetone,2.5,0.0,2.5
10,Acetaldehyde,10.0,13.918385527422515,3.9183855274225152
10,Acetone,250.0,212.17866854080108,37.821331459198916
10,Acetaldehyde,150.0,131.60310013586425,18.396899864135747
10,Acetone,150.0,104.43581747391987,45.56418252608013
10,Acetaldehyde,250.0,184.35025476510896,65.64974523489104
10,Acetone,2.5,0.0,2.5
10,Acetaldehyde,10.0,12.556662123927481,2.556662123927481
10,Acetone,50.0,40.01040040146799,9.98959959853201
10,Acetaldehyde,50.0,51.96705637065024,1.9670563706502406
10,Acetone,100.0,74.56008242572057,25.439917574279434
10,Acetaldehyde,200.0,169.2890889958938,30.710911004106208
10,Acetone,200.0,172.7987865638874,27.201213436112596
10,Acetaldehyde,100.0,93.79123825917952,6.208761740820478
10,Acetone,250.0,215.27419427130422,34.725805728695775
10,Acetaldehyde,150.0,132.80826343595936,17.19173656404064
10,Acetone,150.0,112.15147545349417,37.84852454650583
10,Acetaldehyde,250.0,191.46647680151244,58.53352319848756
10,Acetone,200.0,164.92828609650073,35.07171390349927
10,Acetaldehyde,100.0,89.37146720355958,10.628532796440425
10,Acetone,2.5,0.0,2.5
10,Acetaldehyde,10.0,14.030938571667818,4.030938571667818
10,Acetone,250.0,207.99633435628664,42.00366564371336
10,Acetaldehyde,150.0,132.63787699913027,17.36212300086973
10,Acetone,150.0,107.16775210404336,42.83224789595664
10,Acetaldehyde,250.0,183.5521446627569,66.44785533724311
10,Acetone,50.0,36.89501825560069,13.10498174439931
10,Acetaldehyde,50.0,53.38014252301625,3.3801425230162465
10,Acetone,100.0,74.07474155954154,25.925258440458464
10,Acetaldehyde,200.0,172.07310612825222,27.92689387174778
10,Acetone,50.0,39.13346786374396,10.86653213625604
10,Acetaldehyde,50.0,55.24936827085898,5.24936827085898
10,Acetone,100.0,77.09613321712452,22.903866782875482
10,Acetaldehyde,200.0,168.5726765991365,31.427323400863486
10,Acetone,200.0,171.26783502895097,28.73216497104903
10,Acetaldehyde,100.0,92.59327341758302,7.4067265824169795
10,Acetone,2.5,0.0,2.5
10,Acetaldehyde,10.0,13.469194955419141,3.469194955419141
10,Acetone,250.0,203.48198618191321,46.518013818086786
10,Acetaldehyde,150.0,133.03041765590532,16.969582344094675
10,Acetone,150.0,110.99251990984536,39.007480090154644
10,Acetaldehyde,250.0,180.20212107611437,69.79787892388563
10,Acetone,150.0,106.87404698357528,43.12595301642472
10,Acetaldehyde,250.0,185.80538538826355,64.19461461173645
10,Acetone,50.0,37.00376724205695,12.996232757943048
10,Acetaldehyde,50.0,51.426219081783344,1.4262190817833442
10,Acetone,100.0,74.29036261541928,25.709637384580716
10,Acetaldehyde,200.0,161.95693159281694,38.04306840718306
10,Acetone,200.0,168.54307601665914,31.456923983340857
10,Acetaldehyde,100.0,89.64979751567657,10.350202484323432
10,Acetone,2.5,0.0,2.5
10,Acetaldehyde,10.0,13.679065532185021,3.679065532185021
10,Acetone,250.0,207.00331735032034,42.996682649679656
10,Acetaldehyde,150.0,126.15995076227458,23.840049237725424
10,Acetone,250.0,220.1354555149105,29.86454448508951
10,Acetaldehyde,150.0,129.58605622952075,20.41394377047925
10,Acetone,150.0,107.03241231414907,42.96758768585093
10,Acetaldehyde,250.0,183.3206695875741,66.67933041242591
10,Acetone,2.5,0.0,2.5
10,Acetaldehyde,10.0,11.14423152817227,1.14423152817227
10,Acetone,50.0,41.192959206547826,8.807040793452174
10,Acetaldehyde,50.0,52.29917319072288,2.2991731907228825
10,Acetone,100.0,74.93707325315685,25.062926746843146
10,Acetaldehyde,200.0,163.6011878092978,36.39881219070219
10,Acetone,200.0,167.34116850547903,32.65883149452097
10,Acetaldehyde,100.0,86.04184463142133,13.958155368578673
10,Acetone,2.5,0.0,2.5
10,Acetaldehyde,10.0,12.266929100775812,2.266929100775812
10,Acetone,250.0,217.58147914982112,32.41852085017888
10,Acetaldehyde,150.0,124.53407165586428,25.46592834413572
10,Acetone,150.0,112.82247104796247,37.177528952037534
10,Acetaldehyde,250.0,176.76853788486574,73.23146211513426
10,Acetone,50.0,40.38810815388793,9.611891846112073
10,Acetaldehyde,50.0,52.07867298163616,2.07867298163616
10,Acetone,100.0,75.459038061462,24.540961938538004
10,Acetaldehyde,200.0,165.9384184813142,34.06158151868581
10,Acetone,200.0,170.06575017753391,29.934249822466086
10,Acetaldehyde,100.0,90.11199485470357,9.888005145296432
10,Acetone,50.0,39.0894423450797,10.910557654920296
10,Acetaldehyde,50.0,51.390071759699936,1.3900717596999357
10,Acetone,100.0,73.92970883901668,26.070291160983317
10,Acetaldehyde,200.0,164.11844322936506,35.881556770634944
10,Acetone,200.0,176.00332501310027,23.996674986899734
10,Acetaldehyde,100.0,83.48661530749152,16.51338469250848
10,Acetone,2.5,0.0,2.5
10,Acetaldehyde,10.0,11.588299803098948,1.5882998030989484
10,Acetone,250.0,211.7619950092991,38.23800499070089
10,Acetaldehyde,150.0,128.73367424194075,21.266325758059253
10,Acetone,150.0,114.44022250613443,35.55977749386557
10,Acetaldehyde,250.0,191.66218103516357,58.33781896483643
10,Acetone,2.5,0.0,2.5
10,Acetaldehyde,10.0,21.84970881587236,11.849708815872361
10,Acetone,250.0,249.8911850651033,0.10881493489671357
10,Acetaldehyde,150.0,217.8542340780994,67.85423407809941
10,Acetone,150.0,139.2833919144473,10.716608085552707
10,Acetaldehyde,250.0,248.13423672032974,1.8657632796702615
10,Acetone,50.0,34.69741482699192,15.302585173008083
10,Acetaldehyde,50.0,70.614988184152,20.614988184151997
10,Acetone,100.0,74.02001102807945,25.979988971920548
10,Acetaldehyde,200.0,218.14993976531534,18.149939765315338
10,Acetone,200.0,200.16244648749867,0.16244648749866997
10,Acetaldehyde,100.0,131.480796753018,31.480796753018012
10,Acetone,150.0,135.24082099072874,14.759179009271264
10,Acetaldehyde,250.0,273.99576685687185,23.995766856871853
10,Acetone,50.0,31.67016930293552,18.32983069706448
10,Acetaldehyde,50.0,72.7786942307697,22.778694230769702
10,Acetone,100.0,74.15969296277929,25.84030703722071
10,Acetaldehyde,200.0,251.32915911383105,51.329159113831054
10,Acetone,200.0,198.28274193895095,1.7172580610490513
10,Acetaldehyde,100.0,157.2467355875392,57.246735587539206
10,Acetone,2.5,0.0,2.5
10,Acetaldehyde,10.0,19.47702260716767,9.477022607167669
10,Acetone,250.0,249.9175789571474,0.08242104285258733
10,Acetaldehyde,150.0,253.56643779477048,103.56643779477048
10,Acetone,50.0,24.206163754805715,25.793836245194285
10,Acetaldehyde,50.0,83.88488103972134,33.884881039721336
10,Acetone,100.0,75.07568342158254,24.92431657841746
10,Acetaldehyde,200.0,270.13769936240874,70.13769936240874
10,Acetone,200.0,192.06173418940477,7.938265810595226
10,Acetaldehyde,100.0,132.48251115135207,32.48251115135207
10,Acetone,2.5,0.0,2.5
10,Acetaldehyde,10.0,15.29627994214222,5.29627994214222
10,Acetone,250.0,246.89270004861748,3.1072999513825152
10,Acetaldehyde,150.0,193.42202668986454,43.42202668986454
10,Acetone,150.0,128.30159270541665,21.698407294583347
10,Acetaldehyde,250.0,245.41303855508846,4.5869614449115375
10,Acetone,2.5,0.0,2.5
10,Acetaldehyde,10.0,13.793682796122809,3.793682796122809
10,Acetone,50.0,35.996649688305226,14.003350311694774
10,Acetaldehyde,50.0,67.88335276691558,17.88335276691558
10,Acetone,100.0,73.37990976887802,26.620090231121978
10,Acetaldehyde,200.0,205.6282207673487,5.628220767348694
10,Acetone,200.0,185.91114898459784,14.088851015402156
10,Acetaldehyde,100.0,109.15368255602291,9.153682556022915
10,Acetone,250.0,240.8348691867353,9.16513081326471
10,Acetaldehyde,150.0,161.66217453824825,11.662174538248252
10,Acetone,150.0,124.52018170651789,25.47981829348211
10,Acetaldehyde,250.0,238.01625302097733,11.98374697902267
10,Acetone,200.0,182.30861366858935,17.691386331410655
10,Acetaldehyde,100.0,104.97283837095975,4.9728383709597495
10,Acetone,2.5,0.0,2.5
10,Acetaldehyde,10.0,12.417629360834283,2.417629360834283
10,Acetone,250.0,239.4357401759126,10.5642598240874
10,Acetaldehyde,150.0,158.44158564530173,8.441585645301728
10,Acetone,150.0,122.6880793484291,27.3119206515709
10,Acetaldehyde,250.0,218.72768820560373,31.272311794396273
10,Acetone,50.0,32.123916516344025,17.876083483655975
10,Acetaldehyde,50.0,56.92632757215884,6.92632757215884
10,Acetone,100.0,75.45811274511487,24.541887254885125
10,Acetaldehyde,200.0,188.48922857710693,11.510771422893072
10,Acetone,50.0,32.37303837164389,17.626961628356113
10,Acetaldehyde,50.0,56.70777619373462,6.707776193734617
10,Acetone,100.0,73.76522769610352,26.234772303896477
10,Acetaldehyde,200.0,185.40033425866278,14.599665741337219
10,Acetone,200.0,180.75721250517756,19.242787494822437
10,Acetaldehyde,100.0,93.30271361768243,6.6972863823175715
10,Acetone,2.5,0.0,2.5
10,Acetaldehyde,10.0,12.21242395619609,2.2124239561960906
10,Acetone,250.0,233.67351917799238,16.326480822007625
10,Acetaldehyde,150.0,144.58854250455107,5.4114574954489285
10,Acetone,150.0,114.92540984378307,35.07459015621693
10,Acetaldehyde,250.0,208.52894352110826,41.47105647889174
10,Acetone,150.0,122.38504251374957,27.614957486250432
10,Acetaldehyde,250.0,204.57626482367527,45.423735176324726
10,Acetone,50.0,32.69692756258492,17.303072437415082
10,Acetaldehyde,50.0,52.875777871229346,2.875777871229346
10,Acetone,100.0,73.19523587562668,26.80476412437332
10,Acetaldehyde,200.0,175.25073003127446,24.749269968725542
10,Acetone,200.0,180.02276568282085,19.977234317179153
10,Acetaldehyde,100.0,89.76499163260415,10.23500836739585
10,Acetone,2.5,0.0,2.5
10,Acetaldehyde,10.0,12.958529654034308,2.958529654034308
10,Acetone,250.0,234.28733729386607,15.712662706133926
10,Acetaldehyde,150.0,142.83489848783893,7.165101512161073
10,Acetone,250.0,243.77533789803437,6.2246621019656345
10,Acetaldehyde,150.0,137.81927859246414,12.180721407535856
10,Acetone,150.0,119.89420553705105,30.10579446294895
10,Acetaldehyde,250.0,207.91595704147184,42.08404295852816
10,Acetone,2.5,0.0,2.5
10,Acetaldehyde,10.0,10.586166280057157,0.5861662800571565
10,Acetone,50.0,36.734050408432566,13.265949591567434
10,Acetaldehyde,50.0,53.937630861502555,3.937630861502555
10,Acetone,100.0,73.51505042267286,26.484949577327143
10,Acetaldehyde,200.0,173.6499007792916,26.350099220708387
10,Acetone,200.0,180.89052739246074,19.10947260753926
10,Acetaldehyde,100.0,89.14261557188924,10.857384428110763
10,Acetone,2.5,0.0,2.5
10,Acetaldehyde,10.0,12.130318749330769,2.130318749330769
10,Acetone,250.0,234.77646680828983,15.223533191710175
10,Acetaldehyde,150.0,135.77294388153535,14.227056118464645
10,Acetone,150.0,122.17579409278096,27.82420590721904
10,Acetaldehyde,250.0,198.3604656907358,51.63953430926421
10,Acetone,50.0,34.48384229526647,15.51615770473353
10,Acetaldehyde,50.0,50.1975851764721,0.19758517647210283
10,Acetone,100.0,72.1361398393526,27.863860160647405
10,Acetaldehyde,200.0,177.85951651262621,22.140483487373785
10,Acetone,200.0,184.9610347666136,15.038965233386392
10,Acetaldehyde,100.0,92.11905711177108,7.880942888228915
10,Acetone,50.0,34.29403048657029,15.705969513429707
10,Acetaldehyde,50.0,50.91707362651175,0.9170736265117512
10,Acetone,100.0,72.49692441214704,27.503075587852962
10,Acetaldehyde,200.0,172.85039211745698,27.149607882543023
10,Acetone,200.0,185.07540314912046,14.924596850879539
10,Acetaldehyde,100.0,91.01892336124052,8.981076638759475
10,Acetone,2.5,0.0,2.5
10,Acetaldehyde,10.0,11.254200209714966,1.2542002097149663
10,Acetone,250.0,238.43840835755108,11.561591642448917
10,Acetaldehyde,150.0,143.71880224951528,6.281197750484722
10,Acetone,150.0,122.11324215831569,27.886757841684314
10,Acetaldehyde,250.0,206.5877482784507,43.412251721549296
10,Acetone,2.5,0.0,2.5
10,Acetaldehyde,10.0,12.102463178809728,2.102463178809728
10,Acetone,250.0,233.2918828039709,16.708117196029093
10,Acetaldehyde,150.0,138.2394162552254,11.760583744774607
10,Acetone,150.0,124.67279455716235,25.327205442837652
10,Acetaldehyde,250.0,198.7944699173894,51.20553008261061
10,Acetone,50.0,34.68785215914582,15.31214784085418
10,Acetaldehyde,50.0,50.4450821418297,0.4450821418297011
10,Acetone,100.0,73.36784668574587,26.632153314254126
10,Acetaldehyde,200.0,175.29646494004197,24.70353505995803
10,Acetone,200.0,182.55962379665766,17.44037620334234
10,Acetaldehyde,100.0,88.01490684387846,11.985093156121536
10,Acetone,150.0,122.11597279489834,27.88402720510166
10,Acetaldehyde,250.0,202.34240680500972,47.657593194990284
10,Acetone,50.0,34.388908907983705,15.611091092016295
10,Acetaldehyde,50.0,51.02149693573047,1.0214969357304682
10,Acetone,100.0,70.79986623662535,29.20013376337465
10,Acetaldehyde,200.0,177.57680361743064,22.42319638256936
10,Acetone,200.0,178.15037096924016,21.849629030759843
10,Acetaldehyde,100.0,88.20789390197064,11.792106098029365
10,Acetone,2.5,0.0,2.5
10,Acetaldehyde,10.0,11.871292380786045,1.8712923807860449
10,Acetone,250.0,237.10891400003672,12.89108599996328
10,Acetaldehyde,150.0,137.0107521935713,12.989247806428693
10,Acetone,50.0,34.89934642086358,15.10065357913642
10,Acetaldehyde,50.0,50.819185600387925,0.8191856003879252
10,Acetone,100.0,75.02976882513607,24.970231174863926
10,Acetaldehyde,200.0,167.9657345686865,32.034265431313486
10,Acetone,200.0,187.462502386011,12.53749761398899
10,Acetaldehyde,100.0,86.92495885309305,13.075041146906955
10,Acetone,2.5,0.0,2.5
10,Acetaldehyde,10.0,10.846154428237696,0.8461544282376963
10,Acetone,250.0,232.57972092577972,17.420279074220275
10,Acetaldehyde,150.0,136.12972294626738,13.870277053732622
10,Acetone,150.0,124.11422542507528,25.885774574924724
10,Acetaldehyde,250.0,192.45333063641235,57.546669363587654
10,Acetone,2.5,0.0,2.5
10,Acetaldehyde,10.0,12.350211220574622,2.3502112205746215
10,Acetone,50.0,40.06893525283239,9.93106474716761
10,Acetaldehyde,50.0,51.65520745599507,1.6552074559950682
10,Acetone,100.0,71.55240704548568,28.44759295451432
10,Acetaldehyde,200.0,172.8391276753497,27.160872324650313
10,Acetone,200.0,181.20887608024688,18.79112391975312
10,Acetaldehyde,100.0,85.94210918199471,14.05789081800529
10,Acetone,250.0,236.88707679944366,13.112923200556338
10,Acetaldehyde,150.0,127.99865578276187,22.001344217238127
10,Acetone,150.0,123.11714222234133,26.88285777765867
10,Acetaldehyde,250.0,197.5447308836623,52.45526911633769
10,Acetone,200.0,183.48786050692922,16.512139493070777
10,Acetaldehyde,100.0,87.55147883470391,12.448521165296086
10,Acetone,2.5,0.0,2.5
10,Acetaldehyde,10.0,12.308236509213202,2.3082365092132022
10,Acetone,250.0,234.16064920038778,15.83935079961222
10,Acetaldehyde,150.0,137.9640077924407,12.035992207559303
10,Acetone,150.0,124.37072616095028,25.629273839049716
10,Acetaldehyde,250.0,193.15041435973438,56.849585640265616
10,Acetone,50.0,35.08586431662769,14.914135683372308
10,Acetaldehyde,50.0,51.07455973279178,1.0745597327917835
10,Acetone,100.0,72.5939916238308,27.406008376169197
10,Acetaldehyde,200.0,171.95764942876474,28.04235057123526
10,Acetone,50.0,38.55487001602002,11.445129983979982
10,Acetaldehyde,50.0,51.2883476242766,1.2883476242765965
10,Acetone,100.0,71.86561787838437,28.13438212161563
10,Acetaldehyde,200.0,173.92994190679767,26.070058093202334
10,Acetone,200.0,187.00411653875184,12.995883461248155
10,Acetaldehyde,100.0,86.86934672098266,13.130653279017338
10,Acetone,2.5,0.0,2.5
10,Acetaldehyde,10.0,11.876327894441758,1.8763278944417578
10,Acetone,250.0,234.26497712730196,15.735022872698039
10,Acetaldehyde,150.0,133.189876728211,16.810123271788996
10,Acetone,150.0,126.94981410917147,23.05018589082853
10,Acetaldehyde,250.0,195.28263376255035,54.71736623744965
10,Acetone,150.0,123.90597223754283,26.094027762457173
10,Acetaldehyde,250.0,191.4522600815129,58.54773991848711
10,Acetone,50.0,35.291953027242144,14.708046972757856
10,Acetaldehyde,50.0,49.45883128060382,0.5411687193961825
10,Acetone,100.0,74.31197235116221,25.68802764883779
10,Acetaldehyde,200.0,168.30888284696488,31.691117153035123
10,Acetone,200.0,183.91347150330668,16.08652849669332
10,Acetaldehyde,100.0,83.95918905303961,16.04081094696039
10,Acetone,2.5,0.0,2.5
10,Acetaldehyde,10.0,12.572922918564586,2.5729229185645863
10,Acetone,250.0,230.01741695495343,19.982583045046567
10,Acetaldehyde,150.0,130.7335876973316,19.266412302668414
10,Acetone,250.0,241.27342158334966,8.72657841665034
10,Acetaldehyde,150.0,131.02817730955368,18.971822690446317
10,Acetone,150.0,125.5966307952245,24.4033692047755
10,Acetaldehyde,250.0,188.6846122759878,61.3153877240122
10,Acetone,2.5,0.0,2.5
10,Acetaldehyde,10.0,10.843165608577877,0.8431656085778769
10,Acetone,50.0,40.539243433604895,9.460756566395105
10,Acetaldehyde,50.0,50.376604528981645,0.37660452898164465
10,Acetone,100.0,73.16745431589807,26.83254568410193
10,Acetaldehyde,200.0,163.51612325948662,36.48387674051338
10,Acetone,200.0,186.15275274585426,13.847247254145742
10,Acetaldehyde,100.0,80.41603766782023,19.583962332179766
10,Acetone,2.5,0.0,2.5
10,Acetaldehyde,10.0,11.21618622634034,1.2161862263403407
10,Acetone,250.0,228.99613321366382,21.003866786336175
10,Acetaldehyde,150.0,128.68613149473163,21.313868505268374
10,Acetone,150.0,123.30945989463235,26.690540105367646
10,Acetaldehyde,250.0,187.02024335993536,62.979756640064636
10,Acetone,50.0,36.55550686614728,13.444493133852717
10,Acetaldehyde,50.0,48.548875370464586,1.451124629535414
10,Acetone,100.0,74.92646563730469,25.073534362695312
10,Acetaldehyde,200.0,169.08830970411168,30.91169029588832
10,Acetone,200.0,188.00918118619882,11.990818813801184
10,Acetaldehyde,100.0,83.05909392558667,16.940906074413334
10,Acetone,50.0,37.92075025000841,12.07924974999159
10,Acetaldehyde,50.0,47.890769718123195,2.1092302818768047
10,Acetone,100.0,72.48019303787248,27.519806962127518
10,Acetaldehyde,200.0,165.92688257885482,34.073117421145184
10,Acetone,200.0,182.21782904703278,17.78217095296722
10,Acetaldehyde,100.0,83.04500589361747,16.95499410638253
10,Acetone,2.5,0.0,2.5
10,Acetaldehyde,10.0,10.296911672925248,0.29691167292524767
10,Acetone,250.0,233.67234246256766,16.327657537432344
10,Acetaldehyde,150.0,136.4268708126117,13.573129187388304
10,Acetone,150.0,123.80527375475354,26.194726245246457
10,Acetaldehyde,250.0,195.87126170652888,54.128738293471116
10,Acetone,10.0,0.0,10.0
10,Ammonia,50.0,22.63589565591137,27.36410434408863
10,Acetone,250.0,250.4724275230178,0.47242752301781366
10,Ammonia,600.0,350.77841857730436,249.22158142269564
10,Acetone,150.0,158.43854514976005,8.438545149760046
10,Ammonia,1000.0,577.1454869538505,422.85451304614946
10,Acetone,50.0,34.589467243390445,15.410532756609555
10,Ammonia,200.0,141.73751609790932,58.26248390209068
10,Acetone,100.0,93.59189618133692,6.408103818663079
10,Ammonia,800.0,464.42782976239897,335.57217023760103
10,Acetone,200.0,211.30874855786067,11.308748557860667
10,Ammonia,400.0,266.32025935131094,133.67974064868906
10,Acetone,150.0,157.4347252779192,7.434725277919199
10,Ammonia,1000.0,579.432465528383,420.567534471617
10,Acetone,50.0,31.376369217400594,18.623630782599406
10,Ammonia,200.0,115.04229206779821,84.95770793220179
10,Acetone,100.0,87.54818920934531,12.45181079065469
10,Ammonia,800.0,439.06429699257416,360.93570300742584
10,Acetone,200.0,202.75669213377552,2.756692133775516
10,Ammonia,400.0,249.37259192353167,150.62740807646833
10,Acetone,10.0,0.5839325647767737,9.416067435223226
10,Ammonia,50.0,28.223275464036732,21.776724535963268
10,Acetone,250.0,237.54985828700148,12.450141712998516
10,Ammonia,600.0,342.8678604017828,257.1321395982172
10,Acetone,50.0,32.91527091577635,17.084729084223653
10,Ammonia,200.0,148.03252169364075,51.967478306359254
10,Acetone,100.0,91.61361364478466,8.386386355215336
10,Ammonia,800.0,475.84309644943266,324.15690355056734
10,Acetone,200.0,188.55150803093105,11.448491969068954
10,Ammonia,400.0,258.51313865756424,141.48686134243576
10,Acetone,10.0,0.0,10.0
10,Ammonia,50.0,31.846703883585107,18.153296116414893
10,Acetone,250.0,211.65968414213393,38.340315857866074
10,Ammonia,600.0,375.40712862264235,224.59287137735765
10,Acetone,150.0,140.5422182689804,9.457781731019594
10,Ammonia,1000.0,664.1154125281873,335.88458747181267
10,Acetone,10.0,0.0,10.0
10,Ammonia,50.0,35.78467100214682,14.215328997853177
10,Acetone,50.0,32.76371792371209,17.236282076287907
10,Ammonia,200.0,154.88709424962659,45.112905750373415
10,Acetone,100.0,92.24312690320528,7.75687309679472
10,Ammonia,800.0,471.57876339362065,328.42123660637935
10,Acetone,200.0,190.81147871986252,9.18852128013748
10,Ammonia,400.0,261.5589859782941,138.44101402170588
10,Acetone,250.0,207.85601978843954,42.14398021156046
10,Ammonia,600.0,385.2397845547711,214.76021544522888
10,Acetone,150.0,145.1280701198501,4.8719298801499065
10,Ammonia,1000.0,565.6542032175831,434.34579678241687
10,Acetone,200.0,178.09840350188716,21.901596498112838
10,Ammonia,400.0,265.73222854231324,134.26777145768676
10,Acetone,10.0,0.0,10.0
10,Ammonia,50.0,34.455391258717384,15.544608741282616
10,Acetone,250.0,212.61515371606228,37.38484628393772
10,Ammonia,600.0,381.9234022610989,218.0765977389011
10,Acetone,150.0,137.02379437384062,12.976205626159384
10,Ammonia,1000.0,600.7492351009838,399.2507648990162
10,Acetone,50.0,31.533243580741214,18.466756419258786
10,Ammonia,200.0,161.1550202500343,38.84497974996569
10,Acetone,100.0,83.36018335792306,16.639816642076937
10,Ammonia,800.0,497.79765792687255,302.20234207312745
10,Acetone,50.0,30.500185016812353,19.499814983187647
10,Ammonia,200.0,153.06644821100602,46.93355178899398
10,Acetone,100.0,86.34248822027149,13.657511779728509
10,Ammonia,800.0,481.2329709113993,318.7670290886007
10,Acetone,200.0,190.4478652664621,9.552134733537912
10,Ammonia,400.0,274.1617113164287,125.8382886835713
10,Acetone,10.0,0.0,10.0
10,Ammonia,50.0,35.43944258755964,14.56055741244036
10,Acetone,250.0,208.53002137572992,41.469978624270084
10,Ammonia,600.0,400.1742365529161,199.8257634470839
10,Acetone,150.0,144.8092740986314,5.190725901368609
10,Ammonia,1000.0,621.7807476421991,378.2192523578009
10,Acetone,150.0,143.4207656050175,6.579234394982507
10,Ammonia,1000.0,612.7829608177542,387.2170391822458
10,Acetone,50.0,30.56090977827124,19.43909022172876
10,Ammonia,200.0,161.04652599352676,38.95347400647324
10,Acetone,100.0,83.23174813889136,16.768251861108638
10,Ammonia,800.0,501.3409116755108,298.6590883244892
10,Acetone,200.0,199.54185239563787,0.4581476043621251
10,Ammonia,400.0,284.54848779834794,115.45151220165206
10,Acetone,10.0,0.0,10.0
10,Ammonia,50.0,33.95910793143071,16.040892068569292
10,Acetone,250.0,219.51246588922456,30.487534110775442
10,Ammonia,600.0,403.3457919435147,196.6542080564853
10,Acetone,250.0,227.44915661295835,22.550843387041652
10,Ammonia,600.0,401.01719370258667,198.98280629741333
10,Acetone,150.0,149.39429618958943,0.6057038104105743
10,Ammonia,1000.0,594.6208601448927,405.37913985510727
10,Acetone,10.0,0.0,10.0
10,Ammonia,50.0,27.661992392736195,22.338007607263805
10,Acetone,50.0,32.05678592812551,17.943214071874493
10,Ammonia,200.0,163.6847197127954,36.31528028720459
10,Acetone,100.0,86.44979806189949,13.550201938100514
10,Ammonia,800.0,509.0798590780789,290.9201409219211
10,Acetone,200.0,198.99609197384098,1.0039080261590243
10,Ammonia,400.0,296.6580974387849,103.34190256121508
10,Acetone,10.0,0.0,10.0
10,Ammonia,50.0,29.095073060527668,20.904926939472332
10,Acetone,250.0,224.82731946564175,25.17268053435825
10,Ammonia,600.0,403.3323600737646,196.66763992623538
10,Acetone,150.0,148.81568561119445,1.1843143888055465
10,Ammonia,1000.0,590.1198416077226,409.8801583922774
10,Acetone,50.0,31.027337581193592,18.972662418806408
10,Ammonia,200.0,171.824300596235,28.17569940376501
10,Acetone,100.0,83.50229986486426,16.497700135135744
10,Ammonia,800.0,507.5024129713758,292.4975870286242
10,Acetone,200.0,198.2357371087458,1.764262891254191
10,Ammonia,400.0,296.76713848937567,103.23286151062433
10,Acetone,50.0,30.766399536574852,19.233600463425148
10,Ammonia,200.0,179.31692789379372,20.683072106206282
10,Acetone,100.0,84.88642789276835,15.113572107231647
10,Ammonia,800.0,508.0941845329984,291.9058154670016
10,Acetone,200.0,196.10143234234914,3.898567657650858
10,Ammonia,400.0,291.4561302247105,108.54386977528952
10,Acetone,10.0,0.0,10.0
10,Ammonia,50.0,27.4078019277797,22.5921980722203
10,Acetone,250.0,225.74421191169483,24.255788088305167
10,Ammonia,600.0,422.1783971032327,177.82160289676727
10,Acetone,150.0,144.48187390970944,5.518126090290565
10,Ammonia,1000.0,601.5928670047747,398.4071329952253
10,Toluene,1.0,4.612008417266821,3.6120084172668214
10,Acetaldehyde,10.0,10.819807232290344,0.8198072322903442
10,Toluene,100.0,58.72251314310277,41.27748685689723
10,Acetaldehyde,150.0,156.52023097604706,6.52023097604706
10,Toluene,60.0,49.699872057634636,10.300127942365364
10,Acetaldehyde,250.0,233.45158964259187,16.54841035740813
10,Toluene,20.0,18.983053155541768,1.0169468444582321
10,Acetaldehyde,50.0,54.54786043962464,4.5478604396246425
10,Toluene,40.0,37.93792388418693,2.0620761158130705
10,Acetaldehyde,200.0,195.87954157148562,4.120458428514382
10,Toluene,80.0,54.08111884830129,25.918881151698713
10,Acetaldehyde,100.0,88.9781015197336,11.021898480266401
10,Toluene,60.0,50.5563843985384,9.443615601461602
10,Acetaldehyde,250.0,228.25396875872417,21.74603124127583
10,Toluene,20.0,21.443135161445994,1.4431351614459942
10,Acetaldehyde,50.0,50.92317669923948,0.9231766992394768
10,Toluene,40.0,35.55870249951458,4.441297500485419
10,Acetaldehyde,200.0,192.6790991867886,7.320900813211409
10,Toluene,80.0,53.32344856379538,26.67655143620462
10,Acetaldehyde,100.0,92.94853377405198,7.051466225948019
10,Toluene,1.0,5.160358679210688,4.160358679210688
10,Acetaldehyde,10.0,8.55284920565883,1.4471507943411694
10,Toluene,100.0,58.17104380671515,41.82895619328485
10,Acetaldehyde,150.0,160.6943549190898,10.69435491908979
10,Toluene,20.0,21.141870749555977,1.1418707495559772
10,Acetaldehyde,50.0,51.742443785560724,1.7424437855607238
10,Toluene,40.0,37.70340859138426,2.2965914086157397
10,Acetaldehyde,200.0,198.37183024485833,1.6281697551416698
10,Toluene,80.0,52.93280975987847,27.067190240121533
10,Acetaldehyde,100.0,92.34701870229833,7.652981297701672
10,Toluene,1.0,2.8000761926174107,1.8000761926174107
10,Acetaldehyde,10.0,7.662818788149536,2.3371812118504636
10,Toluene,100.0,56.7283720057266,43.2716279942734
10,Acetaldehyde,150.0,149.3113203946688,0.6886796053312025
10,Toluene,60.0,46.95642412161506,13.043575878384942
10,Acetaldehyde,250.0,225.20245276619295,24.79754723380705
10,Toluene,1.0,3.6830521081044765,2.6830521081044765
10,Acetaldehyde,10.0,4.428216887385858,5.571783112614142
10,Toluene,20.0,21.46142118484393,1.4614211848439282
10,Acetaldehyde,50.0,47.34793230600273,2.6520676939972674
10,Toluene,40.0,37.620112762079046,2.379887237920954
10,Acetaldehyde,200.0,194.48738135784313,5.512618642156866
10,Toluene,80.0,53.88968039268708,26.110319607312917
10,Acetaldehyde,100.0,94.17381866844465,5.826181331555347
10,Toluene,100.0,55.05975511063731,44.94024488936269
10,Acetaldehyde,150.0,153.0271953281226,3.0271953281225876
10,Toluene,60.0,46.074158611692695,13.925841388307305
10,Acetaldehyde,250.0,228.43146285133017,21.568537148669833
10,Toluene,80.0,51.31057693576332,28.689423064236678
10,Acetaldehyde,100.0,89.4609563437403,10.539043656259693
10,Toluene,1.0,4.188305281128578,3.188305281128578
10,Acetaldehyde,10.0,7.045823114420088,2.954176885579912
10,Toluene,100.0,51.0054267570771,48.9945732429229
10,Acetaldehyde,150.0,156.2723912234394,6.272391223439399
10,Toluene,60.0,45.00369872583131,14.996301274168687
10,Acetaldehyde,250.0,236.897676913238,13.102323086761999
10,Toluene,20.0,24.696045583255795,4.6960455832557955
10,Acetaldehyde,50.0,46.30093132589681,3.699068674103188
10,Toluene,40.0,33.45333760174634,6.546662398253659
10,Acetaldehyde,200.0,192.68781024109325,7.312189758906754
10,Toluene,20.0,22.07239468125583,2.0723946812558296
10,Acetaldehyde,50.0,46.80244036058913,3.197559639410869
10,Toluene,40.0,35.55229145717959,4.447708542820408
10,Acetaldehyde,200.0,193.85877953327332,6.141220466726679
10,Toluene,80.0,48.16323123655786,31.836768763442137
10,Acetaldehyde,100.0,82.91531701060697,17.08468298939303
10,Toluene,1.0,6.981127624903209,5.981127624903209
10,Acetaldehyde,10.0,8.631118108441967,1.3688818915580327
10,Toluene,100.0,50.469005617742326,49.530994382257674
10,Acetaldehyde,150.0,143.73171302191773,6.268286978082273
10,Toluene,60.0,45.94292939373932,14.05707060626068
10,Acetaldehyde,250.0,236.59845713717345,13.401542862826545
10,Toluene,60.0,47.600526318203194,12.399473681796806
10,Acetaldehyde,250.0,229.8942198156361,20.10578018436391
10,Toluene,20.0,24.458172079471026,4.4581720794710264
10,Acetaldehyde,50.0,45.86079741918739,4.139202580812608
10,Toluene,40.0,35.504476855729095,4.495523144270905
10,Acetaldehyde,200.0,181.16470830958747,18.835291690412532
10,Toluene,80.0,50.11654364459153,29.88345635540847
10,Acetaldehyde,100.0,87.64478067102978,12.355219328970222
10,Toluene,1.0,0.0,1.0
10,Acetaldehyde,10.0,5.050378972852926,4.949621027147074
10,Toluene,100.0,49.82084289128079,50.17915710871921
10,Acetaldehyde,150.0,141.90231719512332,8.097682804876683
10,Toluene,100.0,52.594129273373284,47.405870726626716
10,Acetaldehyde,150.0,149.57799901675162,0.4220009832483811
10,Toluene,60.0,43.725693552356475,16.274306447643525
10,Acetaldehyde,250.0,233.52403389248167,16.47596610751833
10,Toluene,1.0,2.5745504505352415,1.5745504505352415
10,Acetaldehyde,10.0,6.846331549363214,3.1536684506367862
10,Toluene,20.0,17.04937539240086,2.9506246075991385
10,Acetaldehyde,50.0,48.46824673065123,1.5317532693487692
10,Toluene,40.0,34.15149018684983,5.848509813150173
10,Acetaldehyde,200.0,186.12928782679103,13.870712173208972
10,Toluene,80.0,53.15222514833157,26.847774851668433
10,Acetaldehyde,100.0,85.29927719360256,14.700722806397437
10,Toluene,1.0,0.5975447811801047,0.4024552188198953
10,Acetaldehyde,10.0,9.422941765988199,0.5770582340118011
10,Toluene,100.0,53.36800467691849,46.63199532308151
10,Acetaldehyde,150.0,147.03290189898524,2.9670981010147557
10,Toluene,60.0,43.5221562392241,16.477843760775897
10,Acetaldehyde,250.0,241.30565140512508,8.694348594874924
10,Toluene,20.0,21.987641433628497,1.9876414336284967
10,Acetaldehyde,50.0,47.50234778263865,2.497652217361349
10,Toluene,40.0,35.34003277052118,4.6599672294788235
10,Acetaldehyde,200.0,192.35860392675747,7.641396073242532
10,Toluene,80.0,51.12481103467363,28.875188965326373
10,Acetaldehyde,100.0,88.89069328105099,11.109306718949014
10,Toluene,20.0,21.74207625265535,1.7420762526553517
10,Acetaldehyde,50.0,46.58653752400336,3.4134624759966385
10,Toluene,40.0,36.94552568462056,3.054474315379437
10,Acetaldehyde,200.0,198.2206971601292,1.7793028398708088
10,Toluene,80.0,48.31509273266376,31.684907267336243
10,Acetaldehyde,100.0,89.02003310444454,10.979966895555464
10,Toluene,1.0,4.267052072657322,3.2670520726573216
10,Acetaldehyde,10.0,9.358553170135792,0.6414468298642078
10,Toluene,100.0,51.150118991404085,48.849881008595915
10,Acetaldehyde,150.0,151.22010503603522,1.2201050360352212
10,Toluene,60.0,44.39316492891176,15.606835071088241
10,Acetaldehyde,250.0,238.50956234234064,11.490437657659356
10,Acetone,10.0,0.0,10.0
10,Ammonia,50.0,5.145186302933908,44.85481369706609
10,Acetone,250.0,202.38061376850362,47.61938623149638
10,Ammonia,600.0,384.69341405995874,215.30658594004126
10,Acetone,150.0,136.56368520574006,13.436314794259943
10,Ammonia,1000.0,526.0086311108433,473.99136888915666
10,Acetone,50.0,34.601499187093424,15.398500812906576
10,Ammonia,200.0,140.29030753120762,59.70969246879238
10,Acetone,100.0,90.17689842348932,9.82310157651068
10,Ammonia,800.0,480.8494709001704,319.1505290998296
10,Acetone,200.0,196.16320793490416,3.8367920650958354
10,Ammonia,400.0,271.2759946206362,128.7240053793638
10,Acetone,150.0,147.29596844710514,2.704031552894861
10,Ammonia,1000.0,574.726581795581,425.27341820441904
10,Acetone,50.0,34.05636482422392,15.94363517577608
10,Ammonia,200.0,165.5765241329446,34.4234758670554
10,Acetone,100.0,94.8365889688597,5.163411031140299
10,Ammonia,800.0,447.8889478863471,352.1110521136529
10,Acetone,200.0,187.2827320572561,12.717267942743888
10,Ammonia,400.0,280.3341793078627,119.66582069213729
10,Acetone,10.0,2.681271809950232,7.318728190049768
10,Ammonia,50.0,22.537673408039794,27.462326591960206
10,Acetone,250.0,240.2947043987524,9.705295601247599
10,Ammonia,600.0,376.48608545177507,223.51391454822493
10,Acetone,50.0,40.59236240779933,9.407637592200672
10,Ammonia,200.0,131.85980202797464,68.14019797202536
10,Acetone,100.0,95.07537855183699,4.924621448163009
10,Ammonia,800.0,471.75607445936095,328.24392554063905
10,Acetone,200.0,193.29739363589567,6.7026063641043265
10,Ammonia,400.0,266.04657943393875,133.95342056606125
10,Acetone,10.0,0.0,10.0
10,Ammonia,50.0,29.880673452440305,20.119326547559695
10,Acetone,250.0,230.9937138139751,19.00628618602491
10,Ammonia,600.0,394.09215345120657,205.90784654879343
10,Acetone,150.0,151.63133183547114,1.6313318354711441
10,Ammonia,1000.0,614.3259276956105,385.6740723043895
10,Acetone,10.0,0.0,10.0
10,Ammonia,50.0,28.60840681425445,21.39159318574555
10,Acetone,50.0,40.06558052722852,9.93441947277148
10,Ammonia,200.0,169.44036722503083,30.559632774969174
10,Acetone,100.0,94.32339751921882,5.676602480781185
10,Ammonia,800.0,520.64294557284,279.35705442716005
10,Acetone,200.0,200.46675634074649,0.4667563407464854
10,Ammonia,400.0,293.56612792089214,106.43387207910786
10,Acetone,250.0,225.52088561258452,24.47911438741548
10,Ammonia,600.0,401.8540895612121,198.1459104387879
10,Acetone,150.0,154.01703057994342,4.017030579943423
10,Ammonia,1000.0,611.7915037735855,388.20849622641447
10,Acetone,200.0,194.2934171959371,5.70658280406289
10,Ammonia,400.0,293.957208016849,106.042791983151
10,Acetone,10.0,0.2557039817706226,9.744296018229377
10,Ammonia,50.0,29.547358660233684,20.452641339766316
10,Acetone,250.0,225.3258186201823,24.674181379817696
10,Ammonia,600.0,418.9947689497461,181.00523105025388
10,Acetone,150.0,155.11809837954118,5.1180983795411805
10,Ammonia,1000.0,590.3034268298517,409.6965731701483
10,Acetone,50.0,41.42967262083603,8.57032737916397
10,Ammonia,200.0,186.39147564860315,13.608524351396852
10,Acetone,100.0,84.46153110096733,15.538468899032665
10,Ammonia,800.0,520.3888299250269,279.6111700749731
10,Acetone,50.0,40.98309621407607,9.01690378592393
10,Ammonia,200.0,182.2667982146786,17.7332017853214
10,Acetone,100.0,91.69132448717798,8.30867551282202
10,Ammonia,800.0,507.2471002041245,292.7528997958755
10,Acetone,200.0,194.26511871974242,5.734881280257582
10,Ammonia,400.0,305.4777879133087,94.5222120866913
10,Acetone,10.0,0.0,10.0
10,Ammonia,50.0,35.27811831067406,14.72188168932594
10,Acetone,250.0,226.94154644047936,23.058453559520643
10,Ammonia,600.0,419.3343751159745,180.66562488402548
10,Acetone,150.0,154.44521205461422,4.445212054614217
10,Ammonia,1000.0,618.7903284550406,381.2096715449594
10,Acetone,150.0,150.69122771337382,0.69122771337382
10,Ammonia,1000.0,641.4179319485337,358.5820680514663
10,Acetone,50.0,38.386976275181425,11.613023724818575
10,Ammonia,200.0,172.79364734785474,27.206352652145256
10,Acetone,100.0,86.24467488295807,13.755325117041934
10,Ammonia,800.0,541.0139192239637,258.98608077603626
10,Acetone,200.0,190.3344945471237,9.665505452876289
10,Ammonia,400.0,302.3572478437753,97.64275215622467
10,Acetone,10.0,0.0,10.0
10,Ammonia,50.0,38.995690927973214,11.004309072026786
10,Acetone,250.0,227.9289581544553,22.0710418455447
10,Ammonia,600.0,416.63873036645396,183.36126963354604
10,Acetone,250.0,233.1318335025988,16.868166497401205
10,Ammonia,600.0,439.59158822497295,160.40841177502705
10,Acetone,150.0,151.4987562795791,1.498756279579112
10,Ammonia,1000.0,633.9454430290446,366.05455697095545
10,Acetone,10.0,0.0,10.0
10,Ammonia,50.0,38.475499694271846,11.524500305728154
10,Acetone,50.0,42.584323654801665,7.415676345198335
10,Ammonia,200.0,186.0647002334581,13.935299766541902
10,Acetone,100.0,89.94578446959235,10.054215530407646
10,Ammonia,800.0,527.2322517958213,272.7677482041787
10,Acetone,200.0,195.3427523815535,4.65724761844649
10,Ammonia,400.0,326.802024048607,73.197975951393
10,Acetone,10.0,1.7781855416512542,8.221814458348746
10,Ammonia,50.0,46.1285662807321,3.8714337192678983
10,Acetone,250.0,232.5174089674116,17.482591032588402
10,Ammonia,600.0,461.72210257612744,138.27789742387256
10,Acetone,150.0,146.97909756599208,3.0209024340079225
10,Ammonia,1000.0,664.2910470359068,335.7089529640932
10,Acetone,50.0,43.90708771541898,6.092912284581018
10,Ammonia,200.0,188.54752404260145,11.452475957398548
10,Acetone,100.0,87.32930722890623,12.67069277109377
10,Ammonia,800.0,573.2934245005615,226.7065754994385
10,Acetone,200.0,198.81377162604932,1.1862283739506836
10,Ammonia,400.0,323.1734252894186,76.82657471058138
10,Acetone,50.0,49.358015526113775,0.6419844738862253
10,Ammonia,200.0,184.411766098827,15.588233901172998
10,Acetone,100.0,89.85306580671353,10.14693419328647
10,Ammonia,800.0,580.8959687888223,219.1040312111777
10,Acetone,200.0,195.8058299429291,4.194170057070892
10,Ammonia,400.0,312.9148500529395,87.08514994706047
10,Acetone,10.0,0.6207960617633006,9.3792039382367
10,Ammonia,50.0,47.689346634891336,2.3106533651086636
10,Acetone,250.0,229.8809731881281,20.11902681187189
10,Ammonia,600.0,462.86352040055584,137.13647959944416
10,Acetone,150.0,149.33659556464528,0.663404435354721
10,Ammonia,1000.0,656.8286777986687,343.17132220133135
10,Acetone,10.0,0.0,10.0
10,Ammonia,50.0,49.09399356844146,0.9060064315585379
10,Acetone,250.0,226.64455476625827,23.355445233741733
10,Ammonia,600.0,462.5043303480412,137.4956696519588
10,Acetone,150.0,147.0040434011817,2.99595659881831
10,Ammonia,1000.0,640.8613849464476,359.13861505355237
10,Acetone,50.0,43.86312666500689,6.136873334993112
10,Ammonia,200.0,183.7236721310387,16.27632786896129
10,Acetone,100.0,88.54614517536382,11.453854824636181
10,Ammonia,800.0,608.2019730840822,191.79802691591783
10,Acetone,200.0,198.43238014722942,1.5676198527705765
10,Ammonia,400.0,329.4310908700365,70.56890912996352
10,Acetone,150.0,141.79699725775117,8.203002742248827
10,Ammonia,1000.0,647.9707463170832,352.02925368291676
10,Acetone,50.0,42.7100444017229,7.289955598277103
10,Ammonia,200.0,168.98386813051604,31.016131869483957
10,Acetone,100.0,90.50139102513039,9.498608974869612
10,Ammonia,800.0,586.8882883977127,213.1117116022873
10,Acetone,200.0,197.07377524248312,2.926224757516877
10,Ammonia,400.0,324.774237672741,75.22576232725902
10,Acetone,10.0,1.7126210537937254,8.287378946206275
10,Ammonia,50.0,46.13895538068719,3.861044619312807
10,Acetone,250.0,236.39041953553033,13.609580464469673
10,Ammonia,600.0,478.0452394148552,121.95476058514481
10,Acetone,50.0,49.62657883183026,0.3734211681697417
10,Ammonia,200.0,161.37144282872416,38.628557171275844
10,Acetone,100.0,96.87842231207513,3.1215776879248693
10,Ammonia,800.0,604.4917372687844,195.5082627312156
10,Acetone,200.0,197.25523909086377,2.7447609091362324
10,Ammonia,400.0,326.5987872344838,73.40121276551622
10,Acetone,10.0,2.3128231651366633,7.687176834863337
10,Ammonia,50.0,47.720342520055766,2.279657479944234
10,Acetone,250.0,232.4885172088391,17.511482791160887
10,Ammonia,600.0,472.3709024455154,127.62909755448459
10,Acetone,150.0,151.38518206520487,1.385182065204873
10,Ammonia,1000.0,701.368184471336,298.631815528664
10,Acetone,10.0,1.6587888233518697,8.34121117664813
10,Ammonia,50.0,49.21222804646854,0.7877719535314611
10,Acetone,50.0,46.22582043562247,3.7741795643775333
10,Ammonia,200.0,167.1487126273264,32.851287372673596
10,Acetone,100.0,93.89881073907,6.101189260929999
10,Ammonia,800.0,616.3457352193517,183.6542647806483
10,Acetone,200.0,203.14824969629564,3.148249696295636
10,Ammonia,400.0,333.5083024092504,66.4916975907496
10,Acetone,250.0,233.2430716316928,16.7569283683072
10,Ammonia,600.0,486.54276566334147,113.45723433665853
10,Acetone,150.0,149.5158116557113,0.4841883442886967
10,Ammonia,1000.0,722.0504583619036,277.94954163809643
10,Acetone,200.0,194.93222674149266,5.067773258507344
10,Ammonia,400.0,324.9679176093131,75.03208239068692
10,Acetone,10.0,3.646778840871818,6.353221159128182
10,Ammonia,50.0,48.15575784820395,1.8442421517960526
10,Acetone,250.0,236.87510435319587,13.124895646804134
10,Ammonia,600.0,490.7765789531751,109.22342104682491
10,Acetone,150.0,145.469361238245,4.530638761755
10,Ammonia,1000.0,743.0088985692593,256.99110143074074
10,Acetone,50.0,44.25236290607623,5.747637093923771
10,Ammonia,200.0,173.423884029059,26.576115970941004
10,Acetone,100.0,85.89519681921459,14.10480318078541
10,Ammonia,800.0,602.1475950505968,197.8524049494032
10,Acetone,50.0,42.181254497045416,7.8187455029545845
10,Ammonia,200.0,180.15056381370138,19.849436186298618
10,Acetone,100.0,89.80726757379364,10.192732426206362
10,Ammonia,800.0,614.465042304091,185.53495769590904
10,Acetone,200.0,198.9830735503441,1.016926449655898
10,Ammonia,400.0,333.54850090183055,66.45149909816945
10,Acetone,10.0,2.874993203700825,7.125006796299175
10,Ammonia,50.0,51.16148435296263,1.1614843529626313
10,Acetone,250.0,229.19115268179854,20.808847318201458
10,Ammonia,600.0,487.67597203153736,112.32402796846264
10,Acetone,150.0,151.41515761317848,1.4151576131784793
10,Ammonia,1000.0,679.6348260625078,320.36517393749216
10,Acetone,150.0,145.17558025037803,4.824419749621967
10,Ammonia,1000.0,747.1588435745311,252.84115642546885
10,Acetone,50.0,42.20561750640614,7.794382493593858
10,Ammonia,200.0,169.25661732739079,30.743382672609215
10,Acetone,100.0,88.00513852918688,11.99486147081312
10,Ammonia,800.0,577.1548214010367,222.84517859896334
10,Acetone,200.0,202.45316669278566,2.4531666927856577
10,Ammonia,400.0,326.67663867119666,73.32336132880334
10,Acetone,10.0,0.4929326669975751,9.507067333002425
10,Ammonia,50.0,51.04913340963735,1.0491334096373492
10,Acetone,250.0,225.4610969956032,24.538903004396786
10,Ammonia,600.0,465.40892713906504,134.59107286093496
10,Acetone,250.0,238.110355809419,11.88964419058101
10,Ammonia,600.0,471.5124431186854,128.48755688131462
10,Acetone,150.0,145.9095387365951,4.0904612634049045
10,Ammonia,1000.0,712.9415008013482,287.0584991986518
10,Acetone,10.0,0.5513989871977003,9.4486010128023
10,Ammonia,50.0,45.10300139691596,4.896998603084043
10,Acetone,50.0,39.15568867885246,10.844311321147543
10,Ammonia,200.0,172.09187959596352,27.90812040403648
10,Acetone,100.0,87.74096747042542,12.259032529574583
10,Ammonia,800.0,617.9876955117381,182.01230448826186
10,Acetone,200.0,193.7135659011479,6.286434098852112
10,Ammonia,400.0,314.5189868387496,85.48101316125042
10,Acetone,10.0,0.6626369675981891,9.33736303240181
10,Ammonia,50.0,38.58321437415499,11.416785625845009
10,Acetone,250.0,231.9104947826189,18.089505217381088
10,Ammonia,600.0,460.3406777512434,139.6593222487566
10,Acetone,150.0,152.8662007692222,2.866200769222189
10,Ammonia,1000.0,636.1845599047991,363.81544009520087
10,Acetone,50.0,39.73923168194473,10.26076831805527
10,Ammonia,200.0,177.7294545058523,22.27054549414771
10,Acetone,100.0,84.92091944901192,15.079080550988081
10,Ammonia,800.0,575.866195509992,224.13380449000795
10,Acetone,200.0,189.87687954534408,10.123120454655918
10,Ammonia,400.0,322.02639648794974,77.97360351205026
10,Acetone,50.0,40.67019525736818,9.329804742631822
10,Ammonia,200.0,180.80989291036548,19.190107089634523
10,Acetone,100.0,88.35825438980221,11.641745610197788
10,Ammonia,800.0,592.4393421339669,207.56065786603313
10,Acetone,200.0,201.38898348259613,1.3889834825961316
10,Ammonia,400.0,306.8794249713801,93.1205750286199
10,Acetone,10.0,0.0,10.0
10,Ammonia,50.0,36.3024098834221,13.6975901165779
10,Acetone,250.0,226.68994934143944,23.310050658560556
10,Ammonia,600.0,441.2932951429112,158.70670485708882
10,Acetone,150.0,138.68790055937922,11.312099440620784
10,Ammonia,1000.0,690.8134505192266,309.18654948077335
10,Acetone,10.0,0.0,10.0
10,Ammonia,50.0,26.823604793753063,23.176395206246937
10,Acetone,250.0,254.48642198092506,4.4864219809250585
10,Ammonia,600.0,397.2465399683107,202.75346003168931
10,Acetone,150.0,155.5780170749654,5.578017074965402
10,Ammonia,1000.0,594.9561404582447,405.0438595417553
10,Acetone,50.0,31.637474110885478,18.362525889114522
10,Ammonia,200.0,160.95905860522686,39.04094139477314
10,Acetone,100.0,94.52232301035278,5.477676989647222
10,Ammonia,800.0,515.4619680776588,284.53803192234125
10,Acetone,200.0,210.2976128671957,10.29761286719571
10,Ammonia,400.0,293.16074232708525,106.83925767291475
10,Acetone,150.0,155.1343410218547,5.134341021854709
10,Ammonia,1000.0,632.6814479081622,367.3185520918378
10,Acetone,50.0,30.753263108691883,19.246736891308117
10,Ammonia,200.0,170.32485596762575,29.67514403237425
10,Acetone,100.0,90.9986636220589,9.0013363779411
10,Ammonia,800.0,519.4210441413927,280.5789558586073
10,Acetone,200.0,213.6719399593059,13.671939959305888
10,Ammonia,400.0,297.86318034505905,102.13681965494095
10,Acetone,10.0,0.03947413382265097,9.960525866177349
10,Ammonia,50.0,27.346429056128542,22.653570943871458
10,Acetone,250.0,256.78073518765115,6.780735187651146
10,Ammonia,600.0,405.1967363272093,194.8032636727907
10,Acetone,50.0,29.80942687083504,20.19057312916496
10,Ammonia,200.0,154.57094061501212,45.42905938498788
10,Acetone,100.0,97.10425068456667,2.895749315433335
10,Ammonia,800.0,502.68624454974804,297.31375545025196
10,Acetone,200.0,211.52539233877042,11.525392338770416
10,Ammonia,400.0,281.81785132255976,118.18214867744024
10,Acetone,10.0,0.0,10.0
10,Ammonia,50.0,25.52915063681722,24.47084936318278
10,Acetone,250.0,255.08856160539622,5.088561605396222
10,Ammonia,600.0,398.14069653336395,201.85930346663605
10,Acetone,150.0,157.77797364026395,7.777973640263951
10,Ammonia,1000.0,625.5449856661463,374.4550143338537
10,Acetone,10.0,0.0,10.0
10,Ammonia,50.0,26.89510073882812,23.10489926117188
10,Acetone,50.0,29.56718897052386,20.43281102947614
10,Ammonia,200.0,155.6076543739943,44.39234562600569
10,Acetone,100.0,94.00751763053718,5.99248236946282
10,Ammonia,800.0,537.9429968509404,262.0570031490596
10,Acetone,200.0,213.2834383702428,13.283438370242806
10,Ammonia,400.0,296.9335408656973,103.0664591343027
10,Acetone,250.0,254.7421306443474,4.742130644347412
10,Ammonia,600.0,420.5655652344819,179.43443476551812
10,Acetone,150.0,162.26289592210262,12.262895922102615
10,Ammonia,1000.0,643.3902688780024,356.6097311219976
10,Acetone,200.0,210.70640865907086,10.70640865907086
10,Ammonia,400.0,299.00066944037775,100.99933055962225
10,Acetone,10.0,0.0,10.0
10,Ammonia,50.0,33.06399410298975,16.936005897010247
10,Acetone,250.0,254.6385824836862,4.638582483686207
10,Ammonia,600.0,418.99870464758294,181.00129535241706
10,Acetone,150.0,156.5722763771418,6.5722763771418045
10,Ammonia,1000.0,646.7502032005451,353.2497967994549
10,Acetone,50.0,27.047617001229966,22.952382998770034
10,Ammonia,200.0,160.7218510466265,39.27814895337349
10,Acetone,100.0,94.26462432192739,5.735375678072614
10,Ammonia,800.0,526.8798390096321,273.12016099036794
10,Acetone,50.0,36.22738901135378,13.772610988646221
10,Ammonia,200.0,181.82899612646713,18.171003873532868
10,Acetone,100.0,88.14943252346971,11.850567476530287
10,Ammonia,800.0,496.71105687824655,303.28894312175345
10,Acetone,200.0,194.15202862475994,5.847971375240064
10,Ammonia,400.0,290.84289354781794,109.15710645218206
10,Acetone,10.0,0.0,10.0
10,Ammonia,50.0,37.58309081128019,12.416909188719814
10,Acetone,250.0,226.5969282674065,23.403071732593503
10,Ammonia,600.0,423.7852144901828,176.2147855098172
10,Acetone,150.0,155.44261421669262,5.442614216692618
10,Ammonia,1000.0,631.0510925157156,368.9489074842844
10,Acetone,150.0,143.34314320635644,6.656856793643556
10,Ammonia,1000.0,628.0304581083202,371.9695418916798
10,Acetone,50.0,27.606605288752604,22.393394711247396
10,Ammonia,200.0,166.9807762879584,33.019223712041594
10,Acetone,100.0,86.39114091880285,13.608859081197153
10,Ammonia,800.0,523.051772760424,276.948227239576
10,Acetone,200.0,203.41333956797604,3.4133395679760383
10,Ammonia,400.0,299.27945297127195,100.72054702872805
10,Acetone,10.0,0.0,10.0
10,Ammonia,50.0,45.16662846659702,4.833371533402982
10,Acetone,250.0,238.6068917068298,11.3931082931702
10,Ammonia,600.0,429.66562230770586,170.33437769229414
10,Acetone,250.0,240.77623386119146,9.223766138808543
10,Ammonia,600.0,426.7388629375487,173.26113706245133
10,Acetone,150.0,153.85433141790213,3.854331417902131
10,Ammonia,1000.0,611.3318342031437,388.66816579685633
10,Acetone,10.0,0.0,10.0
10,Ammonia,50.0,45.76920413706323,4.230795862936773
10,Acetone,50.0,30.169465428621535,19.830534571378465
10,Ammonia,200.0,162.7897792271902,37.210220772809805
10,Acetone,100.0,86.30197808389045,13.698021916109553
10,Ammonia,800.0,540.7794232862606,259.22057671373943
10,Acetone,200.0,199.8802445313622,0.1197554686378055
10,Ammonia,400.0,311.0985463058567,88.9014536941433
10,Acetone,10.0,0.0,10.0
10,Ammonia,50.0,48.693350754582596,1.306649245417404
10,Acetone,250.0,239.1150029026088,10.884997097391192
10,Ammonia,600.0,428.54898659699296,171.45101340300704
10,Acetone,150.0,151.84394487204753,1.8439448720475298
10,Ammonia,1000.0,667.9689027901068,332.03109720989323
10,Acetone,50.0,29.060905638791922,20.939094361208078
10,Ammonia,200.0,172.9995408247998,27.000459175200206
10,Acetone,100.0,84.54648741376892,15.453512586231085
10,Ammonia,800.0,544.3397065864207,255.66029341357932
10,Acetone,200.0,201.7277547086784,1.7277547086783898
10,Ammonia,400.0,311.0959773545795,88.90402264542053
10,Acetone,50.0,33.42069165033105,16.57930834966895
10,Ammonia,200.0,165.56396644748457,34.436033552515426
10,Acetone,100.0,87.43580138043569,12.564198619564309
10,Ammonia,800.0,541.1257088118289,258.8742911881711
10,Acetone,200.0,202.58459742288602,2.58459742288602
10,Ammonia,400.0,312.4994198879141,87.50058011208591
10,Acetone,10.0,0.0,10.0
10,Ammonia,50.0,50.142406642398555,0.14240664239855505
10,Acetone,250.0,238.90419058612423,11.09580941387577
10,Ammonia,600.0,436.380393741859,163.619606258141
10,Acetone,150.0,154.17656651701344,4.176566517013441
10,Ammonia,1000.0,652.4268478042652,347.5731521957348
10,Acetone,10.0,0.0,10.0
10,Ammonia,50.0,51.11735047407987,1.1173504740798705
10,Acetone,250.0,232.7106925097668,17.2893074902332
10,Ammonia,600.0,433.6490491512852,166.35095084871477
10,Acetone,150.0,148.64652727469672,1.353472725303277
10,Ammonia,1000.0,640.1772038361131,359.8227961638869
10,Acetone,50.0,27.834661277400997,22.165338722599003
10,Ammonia,200.0,158.4637391677775,41.536260832222496
10,Acetone,100.0,92.69929783676395,7.300702163236053
10,Ammonia,800.0,565.8968541586838,234.10314584131618
10,Acetone,200.0,204.70086306121303,4.7008630612130275
10,Ammonia,400.0,307.12088350135133,92.87911649864867
10,Acetone,150.0,148.26092244789567,1.7390775521043338
10,Ammonia,1000.0,667.8482723951844,332.1517276048156
10,Acetone,50.0,27.970616569377142,22.029383430622858
10,Ammonia,200.0,157.7755722288758,42.2244277711242
10,Acetone,100.0,87.26979386252751,12.730206137472493
10,Ammonia,800.0,542.0554517557437,257.94454824425634
10,Acetone,200.0,191.4887083679214,8.51129163207861
10,Ammonia,400.0,311.68728684075285,88.31271315924715
10,Acetone,10.0,0.0,10.0
10,Ammonia,50.0,57.665923015299626,7.665923015299626
10,Acetone,250.0,229.7507213282962,20.24927867170379
10,Ammonia,600.0,450.739951665943,149.260048334057
10,Acetone,50.0,35.848749493042135,14.151250506957865
10,Ammonia,200.0,172.93416272712494,27.065837272875058
10,Acetone,100.0,87.468349112957,12.531650887043
10,Ammonia,800.0,560.3895767748568,239.61042322514322
10,Acetone,200.0,191.93695962847104,8.063040371528956
10,Ammonia,400.0,313.3764334893056,86.62356651069439
10,Acetone,10.0,0.0,10.0
10,Ammonia,50.0,52.44300127877517,2.4430012787751707
10,Acetone,250.0,226.38703344553235,23.612966554467647
10,Ammonia,600.0,442.87265663469435,157.12734336530565
10,Acetone,150.0,147.68267043405055,2.31732956594945
10,Ammonia,1000.0,653.5277595592369,346.47224044076313
10,Acetone,10.0,0.0,10.0
10,Ammonia,50.0,56.38647044849267,6.386470448492673
10,Acetone,50.0,35.31083787866443,14.68916212133557
10,Ammonia,200.0,184.82385715709552,15.176142842904483
10,Acetone,100.0,89.96994698816084,10.030053011839158
10,Ammonia,800.0,565.7871306413008,234.2128693586992
10,Acetone,200.0,188.46916088802791,11.530839111972085
10,Ammonia,400.0,316.09784247712537,83.90215752287463
10,Acetone,250.0,218.93508344485258,31.06491655514742
10,Ammonia,600.0,455.19995443011317,144.80004556988683
10,Acetone,150.0,151.54777632581215,1.5477763258121513
10,Ammonia,1000.0,668.932980372137,331.06701962786303
10,Acetone,200.0,204.25547450386262,4.255474503862615
10,Ammonia,400.0,307.28506810914234,92.71493189085766
10,Acetone,10.0,0.0,10.0
10,Ammonia,50.0,54.87147287614228,4.871472876142278
10,Acetone,250.0,234.90458408236844,15.095415917631556
10,Ammonia,600.0,455.75900748129936,144.24099251870064
10,Acetone,150.0,149.3354584315276,0.6645415684724014
10,Ammonia,1000.0,673.353110513817,326.646889486183
10,Acetone,50.0,31.07801242489063,18.92198757510937
10,Ammonia,200.0,163.8952124282023,36.10478757179769
10,Acetone,100.0,88.06236884188331,11.937631158116687
10,Ammonia,800.0,582.3107776865318,217.68922231346824
10,Acetone,50.0,33.960924715672945,16.039075284327055
10,Ammonia,200.0,157.90762652922874,42.092373470771264
10,Acetone,100.0,88.14230822449181,11.857691775508187
10,Ammonia,800.0,577.9974032421127,222.00259675788732
10,Acetone,200.0,209.6977035802737,9.697703580273696
10,Ammonia,400.0,316.03164078038293,83.96835921961707
10,Acetone,10.0,0.07874718094340949,9.92125281905659
10,Ammonia,50.0,55.62534537418239,5.625345374182388
10,Acetone,250.0,243.33611567036223,6.663884329637767
10,Ammonia,600.0,453.37230830487397,146.62769169512603
10,Acetone,150.0,151.8633906604158,1.8633906604158028
10,Ammonia,1000.0,675.0129318176215,324.9870681823785
10,Acetone,150.0,145.11572681754524,4.884273182454763
10,Ammonia,1000.0,683.4608667378019,316.5391332621981
10,Acetone,50.0,32.61928085773121,17.380719142268788
10,Ammonia,200.0,158.01728433225057,41.98271566774943
10,Acetone,100.0,90.03546731203869,9.96453268796131
10,Ammonia,800.0,580.1883802723358,219.81161972766415
10,Acetone,200.0,204.3623965074591,4.362396507459096
10,Ammonia,400.0,310.9832723737112,89.0167276262888
10,Acetone,10.0,0.0901644334000622,9.909835566599938
10,Ammonia,50.0,55.74998704996922,5.749987049969221
10,Acetone,250.0,244.94141693464832,5.058583065351684
10,Ammonia,600.0,464.7676046038785,135.2323953961215
10,Acetone,250.0,247.59190648685734,2.40809351314266
10,Ammonia,600.0,453.93151548391893,146.06848451608107
10,Acetone,150.0,147.44483764215926,2.555162357840743
10,Ammonia,1000.0,704.4108218689274,295.5891781310726
10,Acetone,10.0,0.0,10.0
10,Ammonia,50.0,54.13832392215056,4.138323922150562
10,Acetone,50.0,35.767597933118054,14.232402066881946
10,Ammonia,200.0,155.60677421464538,44.393225785354616
10,Acetone,100.0,91.57763268686546,8.422367313134544
10,Ammonia,800.0,569.7909180134684,230.2090819865316
10,Acetone,200.0,206.94265747420573,6.942657474205731
10,Ammonia,400.0,312.45743202565666,87.54256797434334
10,Acetone,10.0,1.3587377729738392,8.64126222702616
10,Ammonia,50.0,52.40963433412617,2.4096343341261672
10,Acetone,250.0,234.94530973045153,15.054690269548473
10,Ammonia,600.0,449.48869341558515,150.51130658441485
10,Acetone,150.0,147.58668380065433,2.4133161993456724
10,Ammonia,1000.0,669.7986618577481,330.20133814225187
10,Acetone,50.0,28.084586210360072,21.915413789639928
10,Ammonia,200.0,153.140216522109,46.859783477891
10,Acetone,100.0,91.78726912948729,8.212730870512715
10,Ammonia,800.0,561.0127047173978,238.9872952826022
10,Acetone,200.0,205.37736390627924,5.377363906279243
10,Ammonia,400.0,313.86224036391866,86.13775963608134
10,Acetone,50.0,33.01276309139969,16.98723690860031
10,Ammonia,200.0,159.49329023418136,40.50670976581864
10,Acetone,100.0,89.31684197972932,10.683158020270682
10,Ammonia,800.0,571.6275733014297,228.37242669857028
10,Acetone,200.0,208.02708823141174,8.027088231411739
10,Ammonia,400.0,316.20876529847277,83.79123470152723
10,Acetone,10.0,0.0,10.0
10,Ammonia,50.0,53.71231518848383,3.712315188483828
10,Acetone,250.0,243.65788138556164,6.342118614438363
10,Ammonia,600.0,449.5912044786891,150.40879552131088
10,Acetone,150.0,153.49534530825264,3.495345308252638
10,Ammonia,1000.0,647.7279398616922,352.2720601383078
10,Ethylene,10.0,6.817010582135055,3.1829894178649454
10,Ammonia,50.0,51.19811577249571,1.1981157724957114
10,Ethylene,250.0,142.97106610548704,107.02893389451296
10,Ammonia,600.0,437.92770801818966,162.07229198181034
10,Ethylene,150.0,98.28446258019986,51.71553741980014
10,Ammonia,1000.0,668.3988447744739,331.6011552255261
10,Ethylene,50.0,23.926616618688357,26.073383381311643
10,Ammonia,200.0,149.2433412224937,50.75665877750629
10,Ethylene,100.0,67.15500024330129,32.84499975669871
10,Ammonia,800.0,557.3829072388297,242.61709276117028
10,Ethylene,200.0,117.38889283633455,82.61110716366545
10,Ammonia,400.0,314.3144661640589,85.6855338359411
10,Ethylene,150.0,98.18227662039085,51.81772337960915
10,Ammonia,1000.0,659.8972960287699,340.1027039712301
10,Ethylene,50.0,24.11009157513172,25.88990842486828
10,Ammonia,200.0,156.71087410363492,43.28912589636508
10,Ethylene,100.0,71.1612309574384,28.838769042561594
10,Ammonia,800.0,542.5637412216274,257.4362587783726
10,Ethylene,200.0,113.02081188603907,86.97918811396093
10,Ammonia,400.0,303.8768692443058,96.1231307556942
10,Ethylene,10.0,5.030655340255109,4.969344659744891
10,Ammonia,50.0,62.83340841311154,12.833408413111542
10,Ethylene,250.0,133.64751050081225,116.35248949918775
10,Ammonia,600.0,422.34460337350504,177.65539662649496
10,Ethylene,50.0,31.283223498224046,18.716776501775954
10,Ammonia,200.0,171.673565535663,28.326434464337012
10,Ethylene,100.0,77.51658656431135,22.483413435688647
10,Ammonia,800.0,520.374510558897,279.625489441103
10,Ethylene,200.0,108.12817500440272,91.87182499559728
10,Ammonia,400.0,299.96824126803534,100.03175873196466
10,Ethylene,10.0,7.312906532894942,2.6870934671050577
10,Ammonia,50.0,63.78616854243428,13.786168542434282
10,Ethylene,250.0,143.9599798823646,106.04002011763541
10,Ammonia,600.0,429.17859219579987,170.82140780420013
10,Ethylene,150.0,102.1792931786762,47.820706821323796
10,Ammonia,1000.0,637.1286659885836,362.87133401141637
10,Ethylene,10.0,5.619819852764536,4.380180147235464
10,Ammonia,50.0,69.95594156162463,19.955941561624627
10,Ethylene,50.0,36.8302737788937,13.169726221106302
10,Ammonia,200.0,171.89376184174006,28.10623815825994
10,Ethylene,100.0,80.27981617768792,19.72018382231208
10,Ammonia,800.0,544.8968222628799,255.10317773712006
10,Ethylene,200.0,115.05751929887985,84.94248070112015
10,Ammonia,400.0,312.01732937605493,87.98267062394507
10,Ethylene,250.0,157.18433446876793,92.81566553123207
10,Ammonia,600.0,457.584818325592,142.41518167440802
10,Ethylene,150.0,104.0704881311951,45.929511868804894
10,Ammonia,1000.0,649.4295093090531,350.57049069094694
10,Ethylene,200.0,114.70168090656307,85.29831909343693
10,Ammonia,400.0,308.499919585643,91.500080414357
10,Ethylene,10.0,5.7807816620185974,4.2192183379814026
10,Ammonia,50.0,69.92806770097339,19.928067700973386
10,Ethylene,250.0,152.16928946117122,97.83071053882878
10,Ammonia,600.0,440.4896943801856,159.5103056198144
10,Ethylene,150.0,105.09454517456406,44.90545482543594
10,Ammonia,1000.0,640.0373862795284,359.9626137204716
10,Ethylene,50.0,34.50862498431559,15.491375015684412
10,Ammonia,200.0,174.87264813262794,25.127351867372056
10,Ethylene,100.0,77.74633604047673,22.253663959523266
10,Ammonia,800.0,543.7905030571105,256.2094969428895
10,Ethylene,50.0,30.53672746842176,19.46327253157824
10,Ammonia,200.0,177.96014246321528,22.039857536784723
10,Ethylene,100.0,80.10086807254714,19.899131927452856
10,Ammonia,800.0,532.9617338369276,267.0382661630724
10,Ethylene,200.0,109.33913240518208,90.66086759481792
10,Ammonia,400.0,305.71834053994417,94.28165946005583
10,Ethylene,10.0,6.605454158537853,3.394545841462147
10,Ammonia,50.0,71.80179021873226,21.801790218732265
10,Ethylene,250.0,151.1081972407743,98.8918027592257
10,Ammonia,600.0,438.8415804561779,161.1584195438221
10,Ethylene,150.0,106.71626310858744,43.28373689141256
10,Ammonia,1000.0,640.8933505454772,359.10664945452277
10,Ethylene,150.0,104.00936024575066,45.990639754249344
10,Ammonia,1000.0,657.5424055759912,342.4575944240088
10,Ethylene,50.0,29.01311772987033,20.98688227012967
10,Ammonia,200.0,178.54480731275743,21.455192687242572
10,Ethylene,100.0,79.57860033730493,20.421399662695066
10,Ammonia,800.0,548.0391292232628,251.96087077673724
10,Ethylene,200.0,116.81573036436545,83.18426963563455
10,Ammonia,400.0,308.5375860489617,91.46241395103829
10,Ethylene,10.0,8.452998003097264,1.5470019969027362
10,Ammonia,50.0,66.84815440696676,16.848154406966756
10,Ethylene,250.0,152.95804248903266,97.04195751096734
10,Ammonia,600.0,455.7913291418102,144.2086708581898
10,Ethylene,250.0,163.3046830674084,86.6953169325916
10,Ammonia,600.0,449.7214438163163,150.2785561836837
10,Ethylene,150.0,109.38511790220927,40.614882097790726
10,Ammonia,1000.0,652.1110673355557,347.88893266444427
10,Ethylene,10.0,7.014662698273611,2.985337301726389
10,Ammonia,50.0,56.547534111259324,6.547534111259324
10,Ethylene,50.0,29.294309627180496,20.705690372819504
10,Ammonia,200.0,151.8212676960306,48.17873230396941
10,Ethylene,100.0,81.55830594415906,18.44169405584094
10,Ammonia,800.0,574.474989198224,225.52501080177603
10,Ethylene,200.0,140.82910030379557,59.17089969620443
10,Ammonia,400.0,316.5281854484159,83.47181455158409
10,Ethylene,10.0,7.144827527823068,2.855172472176932
10,Ammonia,50.0,55.51440011606391,5.514400116063911
10,Ethylene,250.0,173.52247932214243,76.47752067785757
10,Ammonia,600.0,454.19904820645445,145.80095179354555
10,Ethylene,150.0,110.93896983572763,39.06103016427237
10,Ammonia,1000.0,662.7201879119356,337.27981208806443
10,Ethylene,50.0,30.263613136688377,19.736386863311623
10,Ammonia,200.0,158.5172052814252,41.48279471857481
10,Ethylene,100.0,82.05789051856814,17.942109481431856
10,Ammonia,800.0,567.4241067063675,232.57589329363248
10,Ethylene,200.0,138.0806189664473,61.919381033552696
10,Ammonia,400.0,317.26793490229426,82.73206509770574
10,Ethylene,50.0,30.08799535934031,19.91200464065969
10,Ammonia,200.0,158.62940487887076,41.37059512112924
10,Ethylene,100.0,82.65698092891027,17.343019071089728
10,Ammonia,800.0,561.6470558680764,238.35294413192355
10,Ethylene,200.0,137.78121558850026,62.21878441149974
10,Ammonia,400.0,314.00134208798477,85.99865791201523
10,Ethylene,10.0,7.462312207764498,2.537687792235502
10,Ammonia,50.0,56.916037002129144,6.916037002129144
10,Ethylene,250.0,172.0937927024673,77.90620729753269
10,Ammonia,600.0,465.6171248312223,134.38287516877767
10,Ethylene,150.0,109.10941310974435,40.89058689025565
10,Ammonia,1000.0,683.3584434734379,316.6415565265621
10,Toluene,1.0,6.84597330597623,5.84597330597623
10,Ethanol,50.0,49.52764100514828,0.4723589948517173
10,Toluene,100.0,121.5425306093353,21.5425306093353
10,Ethanol,600.0,381.17410645584397,218.82589354415603
10,Toluene,60.0,99.7585781309333,39.7585781309333
10,Ethanol,1000.0,537.0544728651419,462.94552713485814
10,Toluene,20.0,34.99988584252655,14.999885842526552
10,Ethanol,200.0,186.785324195896,13.21467580410399
10,Toluene,40.0,76.22204653936049,36.22204653936049
10,Ethanol,800.0,465.04963934787514,334.95036065212486
10,Toluene,80.0,112.20103830205784,32.20103830205784
10,Ethanol,400.0,276.0053589497059,123.99464105029409
10,Toluene,60.0,102.23128666948779,42.23128666948779
10,Ethanol,1000.0,524.5926150054607,475.40738499453926
10,Toluene,20.0,38.391844421242666,18.391844421242666
10,Ethanol,200.0,182.34445786012398,17.65554213987602
10,Toluene,40.0,78.45732356886433,38.457323568864325
10,Ethanol,800.0,546.4284931781176,253.5715068218824
10,Toluene,80.0,115.12256408817099,35.12256408817099
10,Ethanol,400.0,300.54260302284143,99.45739697715857
10,Toluene,1.0,3.7063912326977118,2.7063912326977118
10,Ethanol,50.0,51.095286305362436,1.0952863053624355
10,Toluene,100.0,138.00832694202182,38.008326942021824
10,Ethanol,600.0,335.22867205278567,264.77132794721433
10,Toluene,20.0,39.17105450931119,19.17105450931119
10,Ethanol,200.0,178.10222361550154,21.897776384498457
10,Toluene,40.0,77.72448427566584,37.724484275665844
10,Ethanol,800.0,440.2011891722779,359.7988108277221
10,Toluene,80.0,116.55259508420012,36.55259508420012
10,Ethanol,400.0,291.27800710107743,108.72199289892257
10,Toluene,1.0,4.199677914837679,3.199677914837679
10,Ethanol,50.0,53.590218699705474,3.590218699705474
10,Toluene,100.0,142.4072176372348,42.407217637234794
10,Ethanol,600.0,358.7184776713784,241.28152232862158
10,Toluene,60.0,101.8650769564078,41.865076956407805
10,Ethanol,1000.0,547.2235808838559,452.7764191161441
10,Toluene,1.0,5.705884156459163,4.705884156459163
10,Ethanol,50.0,48.2857862081697,1.7142137918303035
10,Toluene,20.0,39.335966559471444,19.335966559471444
10,Ethanol,200.0,183.4208823581289,16.579117641871107
10,Toluene,40.0,83.0092494850358,43.009249485035795
10,Ethanol,800.0,471.36422884888646,328.63577115111354
10,Toluene,80.0,118.21465577950889,38.21465577950889
10,Ethanol,400.0,291.7858694317569,108.21413056824309
10,Toluene,100.0,148.86095619955884,48.86095619955884
10,Ethanol,600.0,394.4185074208823,205.5814925791177
10,Toluene,60.0,105.14314623365289,45.143146233652885
10,Ethanol,1000.0,555.6520656265545,444.34793437344547
10,Toluene,80.0,114.94054856109283,34.940548561092825
10,Ethanol,400.0,289.1974496680016,110.80255033199842
10,Toluene,1.0,7.041487463549828,6.041487463549828
10,Ethanol,50.0,44.67835544052352,5.321644559476482
10,Toluene,100.0,144.4412943254461,44.44129432544611
10,Ethanol,600.0,388.7927705334396,211.20722946656042
10,Toluene,60.0,106.07668372291364,46.07668372291364
10,Ethanol,1000.0,580.7562514748306,419.2437485251694
10,Toluene,20.0,34.49755750080678,14.497557500806778
10,Ethanol,200.0,186.47161032243042,13.528389677569578
10,Toluene,40.0,78.60319929917526,38.60319929917526
10,Ethanol,800.0,480.2203390150115,319.7796609849885
10,Toluene,20.0,39.62261084059965,19.62261084059965
10,Ethanol,200.0,161.74503963068423,38.25496036931577
10,Toluene,40.0,78.3815685924703,38.3815685924703
10,Ethanol,800.0,505.19280861617233,294.80719138382767
10,Toluene,80.0,119.1323296780068,39.1323296780068
10,Ethanol,400.0,299.1724686446834,100.82753135531658
10,Toluene,1.0,4.658733958090821,3.6587339580908207
10,Ethanol,50.0,50.02815422967869,0.028154229678690967
10,Toluene,100.0,144.79901335247,44.79901335247001
10,Ethanol,600.0,408.3501322862121,191.6498677137879
10,Toluene,60.0,105.62912471593314,45.629124715933145
10,Ethanol,1000.0,568.5007478463381,431.4992521536619
10,Toluene,60.0,101.0249373293432,41.0249373293432
10,Ethanol,1000.0,549.2340345798347,450.76596542016534
10,Toluene,20.0,36.60466415824622,16.604664158246223
10,Ethanol,200.0,179.36133745108185,20.63866254891815
10,Toluene,40.0,77.6910825309931,37.6910825309931
10,Ethanol,800.0,467.424468601663,332.575531398337
10,Toluene,80.0,115.81214967887388,35.81214967887388
10,Ethanol,400.0,309.2502606811406,90.74973931885938
10,Toluene,1.0,6.989324622375008,5.989324622375008
10,Ethanol,50.0,47.71051903302393,2.289480966976072
10,Toluene,100.0,143.42620654401583,43.42620654401583
10,Ethanol,600.0,378.09937507202335,221.90062492797665
10,Toluene,100.0,149.72797829016585,49.72797829016585
10,Ethanol,600.0,382.8848987918331,217.1151012081669
10,Toluene,60.0,102.68846782659173,42.68846782659173
10,Ethanol,1000.0,544.6928455517767,455.3071544482233
10,Toluene,1.0,5.097997523524313,4.097997523524313
10,Ethanol,50.0,47.00969113074966,2.9903088692503417
10,Toluene,20.0,42.0366105821676,22.036610582167597
10,Ethanol,200.0,189.58284179542383,10.417158204576168
10,Toluene,40.0,79.55405927375146,39.55405927375146
10,Ethanol,800.0,479.56633276217303,320.43366723782697
10,Toluene,80.0,115.86350550333749,35.86350550333749
10,Ethanol,400.0,323.115127878469,76.88487212153098
10,Toluene,1.0,7.144344979744531,6.144344979744531
10,Ethanol,50.0,44.91304572031606,5.086954279683937
10,Toluene,100.0,144.16379592453094,44.163795924530945
10,Ethanol,600.0,405.769672471796,194.230327528204
10,Toluene,60.0,107.65477350002705,47.65477350002705
10,Ethanol,1000.0,594.2111760835538,405.7888239164462
10,Toluene,20.0,38.89412958726854,18.894129587268537
10,Ethanol,200.0,191.04302762125178,8.956972378748219
10,Toluene,40.0,76.26789711676012,36.267897116760125
10,Ethanol,800.0,521.3561211563098,278.64387884369023
10,Toluene,80.0,116.50332310520079,36.50332310520079
10,Ethanol,400.0,330.6703805688276,69.32961943117238
10,Toluene,20.0,35.544671684609995,15.544671684609995
10,Ethanol,200.0,190.01340283378224,9.986597166217763
10,Toluene,40.0,76.53873033062499,36.538730330624986
10,Ethanol,800.0,508.6163862522731,291.3836137477269
10,Toluene,80.0,115.53445331072422,35.53445331072422
10,Ethanol,400.0,325.7903858730428,74.2096141269572
10,Toluene,1.0,7.57918991086693,6.57918991086693
10,Ethanol,50.0,46.80901129996272,3.1909887000372805
10,Toluene,100.0,150.02262031697686,50.022620316976855
10,Ethanol,600.0,444.02311628830415,155.97688371169585
10,Toluene,60.0,104.2505537776387,44.2505537776387
10,Ethanol,1000.0,591.9068328272068,408.0931671727932
10,Toluene,1.0,2.261815383994602,1.2618153839946018
10,Ethanol,50.0,26.638992539457305,23.361007460542695
10,Toluene,100.0,101.00975319057686,1.009753190576859
10,Ethanol,600.0,433.3420461565949,166.6579538434051
10,Toluene,60.0,73.36632248357726,13.366322483577264
10,Ethanol,1000.0,809.8985838374743,190.10141616252565
10,Toluene,20.0,31.73022509107227,11.73022509107227
10,Ethanol,200.0,128.994345347684,71.005654652316
10,Toluene,40.0,60.784028232529664,20.784028232529664
10,Ethanol,800.0,611.9371033274012,188.06289667259875
10,Toluene,80.0,94.70798689656968,14.707986896569679
10,Ethanol,400.0,261.7278136659358,138.2721863340642
10,Toluene,60.0,69.18968509157475,9.189685091574745
10,Ethanol,1000.0,812.7955365512091,187.20446344879088
10,Toluene,20.0,32.73260920361554,12.732609203615539
10,Ethanol,200.0,126.1301497271639,73.8698502728361
10,Toluene,40.0,54.540473059716575,14.540473059716575
10,Ethanol,800.0,621.176997644758,178.823002355242
10,Toluene,80.0,84.0467977844903,4.046797784490295
10,Ethanol,400.0,249.88496565211074,150.11503434788926
10,Toluene,1.0,7.34058391712108,6.34058391712108
10,Ethanol,50.0,27.41021672040003,22.58978327959997
10,Toluene,100.0,84.64591156465949,15.354088435340515
10,Ethanol,600.0,441.99720095929877,158.00279904070123
10,Toluene,20.0,35.54719833345074,15.547198333450737
10,Ethanol,200.0,133.071195428068,66.928804571932
10,Toluene,40.0,55.95437872121249,15.954378721212493
10,Ethanol,800.0,630.2758665406486,169.72413345935138
10,Toluene,80.0,78.15707832097112,1.8429216790288763
10,Ethanol,400.0,253.30283935879362,146.69716064120638
10,Toluene,1.0,3.58665159826829,2.58665159826829
10,Ethanol,50.0,27.225363601049082,22.774636398950918
10,Toluene,100.0,76.05461854319911,23.945381456800888
10,Ethanol,600.0,449.2001834964459,150.7998165035541
10,Toluene,60.0,64.8361595348988,4.836159534898798
10,Ethanol,1000.0,825.1420909919445,174.85790900805546
10,Toluene,1.0,2.0362564248240176,1.0362564248240176
10,Ethanol,50.0,26.893294156574626,23.106705843425374
10,Toluene,20.0,37.86034456251099,17.86034456251099
10,Ethanol,200.0,136.6758719633434,63.32412803665659
10,Toluene,40.0,54.88806040138172,14.888060401381722
10,Ethanol,800.0,640.1481171189353,159.85188288106474
10,Toluene,80.0,80.27786127583946,0.27786127583945586
10,Ethanol,400.0,259.6436571752935,140.35634282470647
10,Toluene,100.0,85.22699125470217,14.77300874529783
10,Ethanol,600.0,459.9801114899754,140.0198885100246
10,Toluene,60.0,65.33735119541019,5.337351195410193
10,Ethanol,1000.0,919.1962739644498,80.8037260355502
10,Toluene,80.0,76.147382972251,3.8526170277490053
10,Ethanol,400.0,250.5158091176131,149.4841908823869
10,Toluene,1.0,2.907950435706823,1.907950435706823
10,Ethanol,50.0,27.992863644588084,22.007136355411916
10,Toluene,100.0,80.20599077933363,19.794009220666368
10,Ethanol,600.0,454.84075914699343,145.15924085300657
10,Toluene,60.0,66.13609680246712,6.136096802467122
10,Ethanol,1000.0,832.9424207393445,167.05757926065553
10,Toluene,20.0,33.008952334388,13.008952334387999
10,Ethanol,200.0,132.47077942966948,67.52922057033052
10,Toluene,40.0,55.214713062993326,15.214713062993326
10,Ethanol,800.0,653.4058427904465,146.5941572095535
10,Toluene,20.0,33.964997719237076,13.964997719237076
10,Ethanol,200.0,134.9023803302461,65.0976196697539
10,Toluene,40.0,53.13508452241399,13.13508452241399
10,Ethanol,800.0,651.7317270152932,148.26827298470675
10,Toluene,80.0,78.5246826674134,1.4753173325865987
10,Ethanol,400.0,256.4408423117127,143.5591576882873
10,Toluene,1.0,2.630661199284944,1.630661199284944
10,Ethanol,50.0,27.338018447993647,22.661981552006353
10,Toluene,100.0,74.03591512976185,25.964084870238153
10,Ethanol,600.0,452.73736426123344,147.26263573876656
10,Toluene,60.0,67.89313293843028,7.893132938430284
10,Ethanol,1000.0,843.2568651694123,156.74313483058768
10,Toluene,60.0,63.7679781497157,3.7679781497157023
10,Ethanol,1000.0,838.0057419574908,161.99425804250916
10,Toluene,20.0,33.493480250190345,13.493480250190345
10,Ethanol,200.0,130.58696119949929,69.41303880050071
10,Toluene,40.0,54.78105603849092,14.781056038490917
10,Ethanol,800.0,650.7135503585981,149.28644964140187
10,Toluene,80.0,75.96483920744942,4.035160792550585
10,Ethanol,400.0,256.58298987782973,143.41701012217027
10,Toluene,1.0,3.010992842187264,2.010992842187264
10,Ethanol,50.0,28.222827570309605,21.777172429690395
10,Toluene,100.0,78.29751231325206,21.702487686747943
10,Ethanol,600.0,451.8055320325464,148.1944679674536
10,Toluene,100.0,76.57451136790552,23.425488632094485
10,Ethanol,600.0,455.09686586869293,144.90313413130707
10,Toluene,60.0,66.23690904829911,6.236909048299111
10,Ethanol,1000.0,853.8091048079999,146.19089519200008
10,Toluene,1.0,4.982402887157448,3.9824028871574484
10,Ethanol,50.0,25.763298705778908,24.236701294221092
10,Toluene,20.0,36.56669711999652,16.56669711999652
10,Ethanol,200.0,129.17663783303743,70.82336216696257
10,Toluene,40.0,53.468553851327684,13.468553851327684
10,Ethanol,800.0,643.3868026725892,156.61319732741083
10,Toluene,80.0,73.10621124618648,6.893788753813524
10,Ethanol,400.0,255.63317817923712,144.36682182076288
10,Toluene,1.0,4.997236495726142,3.997236495726142
10,Ethanol,50.0,23.85392353145319,26.14607646854681
10,Toluene,100.0,77.9580044105642,22.0419955894358
10,Ethanol,600.0,458.37838730115504,141.62161269884496
10,Toluene,60.0,62.08739803993693,2.0873980399369287
10,Ethanol,1000.0,828.3927904917701,171.60720950822986
10,Toluene,20.0,33.86579167915502,13.865791679155024
10,Ethanol,200.0,129.6511562844977,70.34884371550231
10,Toluene,40.0,55.05656104366953,15.056561043669532
10,Ethanol,800.0,643.2430551888865,156.7569448111135
10,Toluene,80.0,77.50488702624551,2.4951129737544875
10,Ethanol,400.0,255.14785046831253,144.85214953168747
10,Toluene,20.0,33.219956562363095,13.219956562363095
10,Ethanol,200.0,134.85195601390382,65.14804398609618
10,Toluene,40.0,56.55726895287506,16.557268952875063
10,Ethanol,800.0,646.9784169361698,153.02158306383024
10,Toluene,80.0,75.34097653430655,4.659023465693451
10,Ethanol,400.0,255.01723236240792,144.98276763759208
10,Toluene,1.0,3.800997430149934,2.800997430149934
10,Ethanol,50.0,24.218263220247877,25.781736779752123
10,Toluene,100.0,81.87913500610179,18.12086499389821
10,Ethanol,600.0,460.7571676238005,139.2428323761995
10,Toluene,60.0,69.0362380004791,9.036238000479102
10,Ethanol,1000.0,833.7315252515515,166.2684747484485
10,Acetone,10.0,0.0,10.0
10,Ammonia,50.0,12.461553501732212,37.53844649826779
10,Acetone,250.0,122.92523251461269,127.07476748538731
10,Ammonia,600.0,345.03779983686235,254.96220016313765
10,Acetone,150.0,68.6405207491863,81.3594792508137
10,Ammonia,1000.0,557.3133090370911,442.68669096290887
10,Acetone,50.0,8.086964135983251,41.91303586401675
10,Ammonia,200.0,114.74379146685598,85.25620853314402
10,Acetone,100.0,34.90474732090759,65.09525267909241
10,Ammonia,800.0,458.0226432726027,341.9773567273973
10,Acetone,200.0,98.17140989698983,101.82859010301017
10,Ammonia,400.0,275.6550966083318,124.3449033916682
10,Acetone,150.0,77.16867990431888,72.83132009568112
10,Ammonia,1000.0,570.6851778230115,429.3148221769885
10,Acetone,50.0,8.185233886434261,41.81476611356574
10,Ammonia,200.0,116.21406495839732,83.78593504160268
10,Acetone,100.0,41.92443597323671,58.07556402676329
10,Ammonia,800.0,479.9544080752048,320.0455919247952
10,Acetone,200.0,98.45894473403291,101.54105526596709
10,Ammonia,400.0,263.359969493755,136.640030506245
10,Acetone,10.0,0.0,10.0
10,Ammonia,50.0,22.759101455310912,27.240898544689088
10,Acetone,250.0,124.74701280188604,125.25298719811396
10,Ammonia,600.0,380.2895618091002,219.71043819089982
10,Acetone,50.0,9.187574420729831,40.81242557927017
10,Ammonia,200.0,109.62428368411776,90.37571631588224
10,Acetone,100.0,37.76320917359092,62.23679082640908
10,Ammonia,800.0,477.3646215022723,322.6353784977277
10,Acetone,200.0,96.97219418063608,103.02780581936392
10,Ammonia,400.0,248.9691979110227,151.0308020889773
10,Acetone,10.0,0.0,10.0
10,Ammonia,50.0,24.521257921341686,25.478742078658314
10,Acetone,250.0,120.0511189224905,129.9488810775095
10,Ammonia,600.0,356.97293189334835,243.02706810665165
10,Acetone,150.0,71.98648994439668,78.01351005560332
10,Ammonia,1000.0,543.3179126732016,456.6820873267984
10,Acetone,10.0,0.0,10.0
10,Ammonia,50.0,23.694308562725283,26.305691437274717
10,Acetone,50.0,8.232201279380007,41.76779872061999
10,Ammonia,200.0,109.82622441896078,90.17377558103922
10,Acetone,100.0,36.305058515291506,63.694941484708494
10,Ammonia,800.0,454.84442020517093,345.15557979482907
10,Acetone,200.0,95.14740762455654,104.85259237544346
10,Ammonia,400.0,256.5033240627019,143.4966759372981
10,Acetone,250.0,123.06407255100363,126.93592744899637
10,Ammonia,600.0,329.10665771844026,270.89334228155974
10,Acetone,150.0,71.28634848090712,78.71365151909288
10,Ammonia,1000.0,496.87684423763204,503.12315576236796
10,Acetone,200.0,87.68444306435359,112.31555693564641
10,Ammonia,400.0,246.63928810144017,153.36071189855983
10,Acetone,10.0,0.0,10.0
10,Ammonia,50.0,22.349618699786276,27.650381300213724
10,Acetone,250.0,117.03571183790291,132.9642881620971
10,Ammonia,600.0,360.78460361104317,239.21539638895683
10,Acetone,150.0,78.8437170348279,71.1562829651721
10,Ammonia,1000.0,496.1751464990189,503.8248535009811
10,Acetone,50.0,6.852940190788843,43.14705980921116
10,Ammonia,200.0,110.25781353801649,89.74218646198351
10,Acetone,100.0,36.41390879480575,63.58609120519425
10,Ammonia,800.0,453.9699734395147,346.0300265604853
10,Acetone,50.0,8.347617437768378,41.65238256223162
10,Ammonia,200.0,111.76817496088775,88.23182503911225
10,Acetone,100.0,36.637552905126924,63.362447094873076
10,Ammonia,800.0,444.1173211043137,355.8826788956863
10,Acetone,200.0,91.72976007848624,108.27023992151376
10,Ammonia,400.0,267.08830861893045,132.91169138106955
10,Acetone,10.0,0.0,10.0
10,Ammonia,50.0,22.69734052820327,27.30265947179673
10,Acetone,250.0,122.6627420203934,127.3372579796066
10,Ammonia,600.0,330.0886803080866,269.9113196919134
10,Acetone,150.0,73.20118301250659,76.79881698749341
10,Ammonia,1000.0,497.12844534563885,502.87155465436115
10,Acetone,150.0,73.52301328581753,76.47698671418247
10,Ammonia,1000.0,478.84866369188734,521.1513363081126
10,Acetone,50.0,8.472235691603473,41.52776430839653
10,Ammonia,200.0,111.01516789098325,88.98483210901675
10,Acetone,100.0,36.642380060701726,63.357619939298274
10,Ammonia,800.0,430.64417285616196,369.35582714383804
10,Acetone,200.0,88.65144306864349,111.34855693135651
10,Ammonia,400.0,261.42416819749917,138.57583180250083
10,Acetone,10.0,0.0,10.0
10,Ammonia,50.0,24.46279178438286,25.53720821561714
10,Acetone,250.0,120.42491047381637,129.57508952618363
10,Ammonia,600.0,355.0758002966711,244.9241997033289
10,Acetone,250.0,123.30953374752482,126.69046625247518
10,Ammonia,600.0,338.2206140195968,261.7793859804032
10,Acetone,150.0,75.61880624387754,74.38119375612246
10,Ammonia,1000.0,495.7251615982752,504.2748384017248
10,Acetone,10.0,0.0,10.0
10,Ammonia,50.0,23.695992793785194,26.304007206214806
10,Acetone,50.0,7.916566411591404,42.083433588408596
10,Ammonia,200.0,108.42468678860024,91.57531321139976
10,Acetone,100.0,39.94939985360084,60.05060014639916
10,Ammonia,800.0,472.06220231380604,327.93779768619396
10,Acetone,200.0,104.32449117049568,95.67550882950432
10,Ammonia,400.0,255.82819779331624,144.17180220668376
10,Acetone,10.0,0.0,10.0
10,Ammonia,50.0,25.213472393788848,24.786527606211152
10,Acetone,250.0,121.67240576532599,128.327594234674
10,Ammonia,600.0,394.15033356559536,205.84966643440464
10,Acetone,150.0,77.24211074908635,72.75788925091365
10,Ammonia,1000.0,487.20315742065344,512.7968425793465
10,Acetone,50.0,8.403174703806656,41.596825296193344
10,Ammonia,200.0,108.2670488391163,91.7329511608837
10,Acetone,100.0,39.83461386565649,60.16538613434351
10,Ammonia,800.0,436.5693936209103,363.4306063790897
10,Acetone,200.0,95.88654358947576,104.11345641052424
10,Ammonia,400.0,252.49655589303023,147.50344410696977
10,Acetone,50.0,8.446909699542616,41.553090300457384
10,Ammonia,200.0,114.33661683221348,85.66338316778652
10,Acetone,100.0,38.12464139650301,61.87535860349699
10,Ammonia,800.0,397.48389612552563,402.51610387447437
10,Acetone,200.0,91.18215833863039,108.81784166136961
10,Ammonia,400.0,255.65636369331037,144.34363630668963
10,Acetone,10.0,0.0,10.0
10,Ammonia,50.0,22.051908415846626,27.948091584153374
10,Acetone,250.0,118.73070209692293,131.26929790307707
10,Ammonia,600.0,344.23425145914024,255.76574854085976
10,Acetone,150.0,71.35613860835743,78.64386139164257
10,Ammonia,1000.0,491.29059311025543,508.70940688974457
10,Toluene,1.0,10.759464397198784,9.759464397198784
10,Acetaldehyde,10.0,38.57928443551502,28.57928443551502
10,Toluene,100.0,289.3884243158255,189.3884243158255
10,Acetaldehyde,150.0,303.33431437300516,153.33431437300516
10,Toluene,60.0,171.1753830246429,111.17538302464291
10,Acetaldehyde,250.0,434.31950489154224,184.31950489154224
10,Toluene,20.0,70.6046850420857,50.604685042085706
10,Acetaldehyde,50.0,131.8534564406488,81.85345644064881
10,Toluene,40.0,111.75037022531339,71.75037022531339
10,Acetaldehyde,200.0,363.6976509350238,163.69765093502377
10,Toluene,80.0,196.58709284677278,116.58709284677278
10,Acetaldehyde,100.0,223.79449577834407,123.79449577834407
10,Toluene,60.0,156.99604299556574,96.99604299556574
10,Acetaldehyde,250.0,446.78937989803325,196.78937989803325
10,Toluene,20.0,70.79666105720013,50.796661057200126
10,Acetaldehyde,50.0,136.53990859981616,86.53990859981616
10,Toluene,40.0,115.63933211841007,75.63933211841007
10,Acetaldehyde,200.0,361.64005448256046,161.64005448256046
10,Toluene,80.0,187.2294203248592,107.2294203248592
10,Acetaldehyde,100.0,215.39639178880162,115.39639178880162
10,Toluene,1.0,12.478180224545895,11.478180224545895
10,Acetaldehyde,10.0,44.60163124755313,34.60163124755313
10,Toluene,100.0,241.7132052568105,141.7132052568105
10,Acetaldehyde,150.0,303.34783161514264,153.34783161514264
10,Toluene,20.0,68.34326718437671,48.343267184376714
10,Acetaldehyde,50.0,139.94393694142605,89.94393694142605
10,Toluene,40.0,111.41099893528504,71.41099893528504
10,Acetaldehyde,200.0,372.1189785792211,172.1189785792211
10,Toluene,80.0,207.7980108082551,127.7980108082551
10,Acetaldehyde,100.0,221.32576113139106,121.32576113139106
10,Toluene,1.0,8.525939659251634,7.525939659251634
10,Acetaldehyde,10.0,40.72027489671676,30.72027489671676
10,Toluene,100.0,247.42550569783293,147.42550569783293
10,Acetaldehyde,150.0,301.0044066496566,151.00440664965657
10,Toluene,60.0,170.35483370508757,110.35483370508757
10,Acetaldehyde,250.0,463.6121023116362,213.6121023116362
10,Toluene,1.0,14.059411180672996,13.059411180672996
10,Acetaldehyde,10.0,36.67194382266557,26.67194382266557
10,Toluene,20.0,66.77956829370734,46.77956829370734
10,Acetaldehyde,50.0,143.41794433292813,93.41794433292813
10,Toluene,40.0,110.52234369071874,70.52234369071874
10,Acetaldehyde,200.0,375.75838325276635,175.75838325276635
10,Toluene,80.0,203.12750975669525,123.12750975669525
10,Acetaldehyde,100.0,239.62539661750776,139.62539661750776
10,Toluene,100.0,232.6222608155762,132.6222608155762
10,Acetaldehyde,150.0,303.1387166798941,153.13871667989412
10,Toluene,60.0,169.42195960012526,109.42195960012526
10,Acetaldehyde,250.0,479.1710924379146,229.17109243791458
10,Toluene,80.0,215.66353405008778,135.66353405008778
10,Acetaldehyde,100.0,234.28494828433483,134.28494828433483
10,Toluene,1.0,13.974172645598358,12.974172645598358
10,Acetaldehyde,10.0,40.39328390854777,30.393283908547772
10,Toluene,100.0,230.18753221409463,130.18753221409463
10,Acetaldehyde,150.0,296.3339504464589,146.3339504464589
10,Toluene,60.0,161.8615310425012,101.86153104250121
10,Acetaldehyde,250.0,452.9617187147507,202.9617187147507
10,Toluene,20.0,70.72807880173147,50.72807880173147
10,Acetaldehyde,50.0,147.9932488529707,97.99324885297071
10,Toluene,40.0,109.15378209333217,69.15378209333217
10,Acetaldehyde,200.0,393.5385609280635,193.53856092806348
10,Toluene,20.0,68.42046835501661,48.42046835501661
10,Acetaldehyde,50.0,142.3929278577824,92.39292785778241
10,Toluene,40.0,108.53491056581255,68.53491056581255
10,Acetaldehyde,200.0,363.07605470269664,163.07605470269664
10,Toluene,80.0,201.00915966034756,121.00915966034756
10,Acetaldehyde,100.0,221.30601548735518,121.30601548735518
10,Toluene,1.0,12.699043482017743,11.699043482017743
10,Acetaldehyde,10.0,36.40153393701942,26.401533937019423
10,Toluene,100.0,258.31617409436194,158.31617409436194
10,Acetaldehyde,150.0,298.3225467375394,148.32254673753943
10,Toluene,60.0,167.1346366545425,107.1346366545425
10,Acetaldehyde,250.0,459.7191124920418,209.7191124920418
10,Toluene,60.0,161.33437891033205,101.33437891033205
10,Acetaldehyde,250.0,447.7101388201592,197.71013882015922
10,Toluene,20.0,71.67146068664667,51.67146068664667
10,Acetaldehyde,50.0,147.84330920304146,97.84330920304146
10,Toluene,40.0,107.90923475759097,67.90923475759097
10,Acetaldehyde,200.0,374.87940019237186,174.87940019237186
10,Toluene,80.0,203.8538277665042,123.8538277665042
10,Acetaldehyde,100.0,233.34264206643348,133.34264206643348
10,Toluene,1.0,11.861735611204736,10.861735611204736
10,Acetaldehyde,10.0,42.264344818254855,32.264344818254855
10,Toluene,100.0,244.26472272942024,144.26472272942024
10,Acetaldehyde,150.0,295.4180342665895,145.41803426658947
10,Toluene,100.0,261.0246726923117,161.0246726923117
10,Acetaldehyde,150.0,350.91867231758573,200.91867231758573
10,Toluene,60.0,170.34774318505896,110.34774318505896
10,Acetaldehyde,250.0,455.96361243416237,205.96361243416237
10,Toluene,1.0,11.617706110455757,10.617706110455757
10,Acetaldehyde,10.0,44.58242531624167,34.58242531624167
10,Toluene,20.0,72.07673331008394,52.07673331008394
10,Acetaldehyde,50.0,146.43106947344629,96.43106947344629
10,Toluene,40.0,116.45372624546668,76.45372624546668
10,Acetaldehyde,200.0,368.2516194695201,168.2516194695201
10,Toluene,80.0,193.9137888126079,113.91378881260789
10,Acetaldehyde,100.0,219.4688298659238,119.4688298659238
10,Toluene,1.0,13.138560146319705,12.138560146319705
10,Acetaldehyde,10.0,43.47776581037398,33.47776581037398
10,Toluene,100.0,232.42858638686653,132.42858638686653
10,Acetaldehyde,150.0,293.00931945320065,143.00931945320065
10,Toluene,60.0,155.144680956047,95.14468095604701
10,Acetaldehyde,250.0,485.0645581634959,235.06455816349592
10,Toluene,20.0,72.63308867584838,52.633088675848384
10,Acetaldehyde,50.0,148.967716398995,98.96771639899501
10,Toluene,40.0,118.80814458166962,78.80814458166962
10,Acetaldehyde,200.0,356.3435367055889,156.34353670558892
10,Toluene,80.0,204.1992419420983,124.1992419420983
10,Acetaldehyde,100.0,225.45099078727912,125.45099078727912
10,Toluene,20.0,70.02314247324045,50.023142473240455
10,Acetaldehyde,50.0,146.635414746099,96.635414746099
10,Toluene,40.0,120.71358890858271,80.71358890858271
10,Acetaldehyde,200.0,389.1662793447941,189.16627934479408
10,Toluene,80.0,230.16449109626413,150.16449109626413
10,Acetaldehyde,100.0,226.1114992961374,126.1114992961374
10,Toluene,1.0,11.108970812912048,10.108970812912048
10,Acetaldehyde,10.0,34.68814424318259,24.68814424318259
10,Toluene,100.0,267.0297886079203,167.0297886079203
10,Acetaldehyde,150.0,277.36932088303763,127.36932088303763
10,Toluene,60.0,185.69547088163333,125.69547088163333
10,Acetaldehyde,250.0,480.8058979345486,230.80589793454863
10,Ethylene,10.0,4.746429455130709,5.253570544869291
10,Ethanol,50.0,22.95194479412872,27.04805520587128
10,Ethylene,250.0,69.84674860213761,180.1532513978624
10,Ethanol,600.0,211.955981175475,388.044018824525
10,Ethylene,150.0,50.187225747475566,99.81277425252443
10,Ethanol,1000.0,330.21535979948067,669.7846402005193
10,Ethylene,50.0,19.073583548244756,30.926416451755244
10,Ethanol,200.0,88.83359847950709,111.16640152049291
10,Ethylene,100.0,35.11957513547972,64.88042486452028
10,Ethanol,800.0,279.0333081533571,520.9666918466429
10,Ethylene,200.0,59.511223177156666,140.48877682284333
10,Ethanol,400.0,163.58339994627613,236.41660005372387
10,Ethylene,150.0,48.34011961907828,101.65988038092172
10,Ethanol,1000.0,339.9769272652542,660.0230727347458
10,Ethylene,50.0,18.504883229012165,31.495116770987835
10,Ethanol,200.0,95.7446565305284,104.2553434694716
10,Ethylene,100.0,36.64466407089165,63.35533592910835
10,Ethanol,800.0,284.83800322632936,515.1619967736706
10,Ethylene,200.0,57.13906540530036,142.86093459469964
10,Ethanol,400.0,169.2306576948713,230.7693423051287
10,Ethylene,10.0,4.11706493480537,5.88293506519463
10,Ethanol,50.0,21.002349421162265,28.997650578837735
10,Ethylene,250.0,68.21553951307459,181.7844604869254
10,Ethanol,600.0,222.50862381277852,377.4913761872215
10,Ethylene,50.0,18.77725329064988,31.22274670935012
10,Ethanol,200.0,93.14226465776943,106.85773534223057
10,Ethylene,100.0,36.48086013392982,63.51913986607018
10,Ethanol,800.0,240.57799216933637,559.4220078306637
10,Ethylene,200.0,61.789768944941116,138.2102310550589
10,Ethanol,400.0,143.713906389292,256.286093610708
10,Ethylene,10.0,2.2709104583390314,7.729089541660969
10,Ethanol,50.0,25.29554626386735,24.70445373613265
10,Ethylene,250.0,65.69780037427265,184.30219962572735
10,Ethanol,600.0,197.02699836836632,402.9730016316337
10,Ethylene,150.0,45.49401030369948,104.50598969630052
10,Ethanol,1000.0,308.3125756073784,691.6874243926216
10,Ethylene,10.0,5.613743663305414,4.386256336694586
10,Ethanol,50.0,21.487800932017734,28.512199067982266
10,Ethylene,50.0,19.498601263833905,30.501398736166095
10,Ethanol,200.0,91.6849055649496,108.3150944350504
10,Ethylene,100.0,32.20333751382341,67.79666248617659
10,Ethanol,800.0,254.93532440427046,545.0646755957296
10,Ethylene,200.0,54.93070493354013,145.06929506645986
10,Ethanol,400.0,152.9565843371232,247.0434156628768
10,Ethylene,250.0,64.83657413624712,185.16342586375288
10,Ethanol,600.0,198.00076293107188,401.9992370689281
10,Ethylene,150.0,43.38160489762879,106.61839510237121
10,Ethanol,1000.0,324.5899329931467,675.4100670068533
10,Ethylene,200.0,58.09000101961199,141.90999898038802
10,Ethanol,400.0,147.79976066060016,252.20023933939984
10,Ethylene,10.0,1.8506468030667378,8.149353196933262
10,Ethanol,50.0,20.094435964405463,29.905564035594537
10,Ethylene,250.0,63.51836559492867,186.48163440507133
10,Ethanol,600.0,196.2012357638899,403.79876423611006
10,Ethylene,150.0,43.417456629232944,106.58254337076706
10,Ethanol,1000.0,317.57177120909904,682.4282287909009
10,Ethylene,50.0,19.468697385080375,30.531302614919625
10,Ethanol,200.0,87.39463418204483,112.60536581795517
10,Ethylene,100.0,29.97914771933479,70.02085228066521
10,Ethanol,800.0,255.37014718005008,544.62985281995
10,Ethylene,50.0,19.188443431608974,30.811556568391026
10,Ethanol,200.0,94.61286975787107,105.38713024212893
10,Ethylene,100.0,32.87450672056127,67.12549327943873
10,Ethanol,800.0,256.83874478455914,543.1612552154409
10,Ethylene,200.0,57.38726362854132,142.61273637145868
10,Ethanol,400.0,158.6424939934673,241.3575060065327
10,Ethylene,10.0,3.8731609357284924,6.126839064271508
10,Ethanol,50.0,26.06926351412818,23.93073648587182
10,Ethylene,250.0,62.0421026055576,187.9578973944424
10,Ethanol,600.0,200.61058465000679,399.3894153499932
10,Ethylene,150.0,46.94559867910178,103.05440132089822
10,Ethanol,1000.0,332.96256199697274,667.0374380030273
10,Ethylene,150.0,47.206693538546105,102.7933064614539
10,Ethanol,1000.0,339.184679338636,660.815320661364
10,Ethylene,50.0,18.470515674720573,31.529484325279427
10,Ethanol,200.0,96.03698272030846,103.96301727969154
10,Ethylene,100.0,33.80732844480855,66.19267155519145
10,Ethanol,800.0,274.11078916645573,525.8892108335442
10,Ethylene,200.0,55.600644908337145,144.39935509166287
10,Ethanol,400.0,155.21330893046513,244.78669106953487
10,Ethylene,10.0,3.3176672138865797,6.68233278611342
10,Ethanol,50.0,23.510102908164228,26.489897091835772
10,Ethylene,250.0,64.15563112167357,185.84436887832643
10,Ethanol,600.0,204.12420922381824,395.87579077618176
10,Ethylene,250.0,62.6117788002375,187.38822119976248
10,Ethanol,600.0,210.4726386103152,389.5273613896848
10,Ethylene,150.0,45.28749770958514,104.71250229041486
10,Ethanol,1000.0,340.70097292352426,659.2990270764758
10,Ethylene,10.0,3.7499544879331097,6.25004551206689
10,Ethanol,50.0,22.84775639393321,27.15224360606679
10,Ethylene,50.0,17.461401206209857,32.53859879379014
10,Ethanol,200.0,95.87046777742614,104.12953222257386
10,Ethylene,100.0,30.607081083446886,69.39291891655311
10,Ethanol,800.0,276.3606837327487,523.6393162672513
10,Ethylene,200.0,55.22685679643844,144.77314320356157
10,Ethanol,400.0,161.60388673540967,238.39611326459033
10,Ethylene,10.0,3.4575989037302435,6.5424010962697565
10,Ethanol,50.0,21.469491077961464,28.530508922038536
10,Ethylene,250.0,65.48502984813945,184.51497015186055
10,Ethanol,600.0,223.41266403206444,376.5873359679356
10,Ethylene,150.0,46.51347590793347,103.48652409206653
10,Ethanol,1000.0,363.4235072349783,636.5764927650217
10,Ethylene,50.0,15.720341603363451,34.27965839663655
10,Ethanol,200.0,94.23139653062327,105.76860346937673
10,Ethylene,100.0,31.018541399183647,68.98145860081635
10,Ethanol,800.0,302.27686887708165,497.72313112291835
10,Ethylene,200.0,53.95553291931148,146.04446708068852
10,Ethanol,400.0,172.08745495640846,227.91254504359154
10,Ethylene,50.0,18.341483736631233,31.658516263368767
10,Ethanol,200.0,92.67127672380477,107.32872327619523
10,Ethylene,100.0,32.6074364582779,67.3925635417221
10,Ethanol,800.0,305.10143698366574,494.89856301633426
10,Ethylene,200.0,53.442011609408695,146.5579883905913
10,Ethanol,400.0,171.60946115008278,228.39053884991722
10,Ethylene,10.0,1.7883722410318796,8.21162775896812
10,Ethanol,50.0,22.353618425825132,27.646381574174868
10,Ethylene,250.0,65.04291112604056,184.95708887395944
10,Ethanol,600.0,230.8647879102674,369.1352120897326
10,Ethylene,150.0,44.044977920899484,105.95502207910052
10,Ethanol,1000.0,372.236527246989,627.763472753011
10,Ethylene,10.0,5.521427589736348,4.478572410263652
10,Ethanol,50.0,28.600068871989222,21.399931128010778
10,Ethylene,250.0,93.57441006694755,156.42558993305244
10,Ethanol,600.0,551.7192644058691,48.280735594130874
10,Ethylene,150.0,67.33964120240829,82.66035879759171
10,Ethanol,1000.0,856.5439804818909,143.4560195181091
10,Ethylene,50.0,23.125752377563828,26.874247622436172
10,Ethanol,200.0,140.9497246677785,59.0502753322215
10,Ethylene,100.0,44.43189737103695,55.56810262896305
10,Ethanol,800.0,685.3383409819871,114.66165901801287
10,Ethylene,200.0,75.95195740397901,124.04804259602099
10,Ethanol,400.0,305.87390024875185,94.12609975124815
10,Ethylene,150.0,63.04177293735928,86.95822706264072
10,Ethanol,1000.0,871.5909838445342,128.4090161554658
10,Ethylene,50.0,21.80585631974388,28.19414368025612
10,Ethanol,200.0,140.85517389514692,59.14482610485308
10,Ethylene,100.0,45.1171849358669,54.8828150641331
10,Ethanol,800.0,683.3224500113097,116.67754998869032
10,Ethylene,200.0,73.93920226295634,126.06079773704366
10,Ethanol,400.0,295.69243372220103,104.30756627779897
10,Ethylene,10.0,7.06703847743691,2.9329615225630903
10,Ethanol,50.0,26.123338691189687,23.876661308810313
10,Ethylene,250.0,93.2661912017987,156.7338087982013
10,Ethanol,600.0,544.0073978890659,55.99260211093406
10,Ethylene,50.0,22.760140854581266,27.239859145418734
10,Ethanol,200.0,161.4696164741537,38.530383525846304
10,Ethylene,100.0,45.796372758308465,54.203627241691535
10,Ethanol,800.0,750.3616272492746,49.63837275072535
10,Ethylene,200.0,79.60874512115822,120.39125487884178
10,Ethanol,400.0,357.2238442227316,42.7761557772684
10,Ethylene,10.0,5.289133443717546,4.710866556282454
10,Ethanol,50.0,27.456887629569664,22.543112370430336
10,Ethylene,250.0,95.72997402247631,154.2700259775237
10,Ethanol,600.0,532.4593874992431,67.54061250075688
10,Ethylene,150.0,73.61995593442441,76.38004406557559
10,Ethanol,1000.0,911.1561134462827,88.84388655371731
10,Ethylene,10.0,5.581100626121511,4.418899373878489
10,Ethanol,50.0,22.961425745797072,27.038574254202928
10,Ethylene,50.0,26.8470752200745,23.1529247799255
10,Ethanol,200.0,152.33914706798527,47.660852932014734
10,Ethylene,100.0,47.405107511994586,52.594892488005414
10,Ethanol,800.0,704.8758821650481,95.1241178349519
10,Ethylene,200.0,79.55959793236327,120.44040206763673
10,Ethanol,400.0,305.397809438473,94.60219056152698
10,Ethylene,250.0,97.65843416630761,152.34156583369239
10,Ethanol,600.0,501.2763530762873,98.72364692371269
10,Ethylene,150.0,72.38460324582738,77.61539675417262
10,Ethanol,1000.0,901.0832231547253,98.91677684527474
10,Ethylene,200.0,85.37128145584198,114.62871854415802
10,Ethanol,400.0,298.86480497465243,101.13519502534757
10,Ethylene,10.0,5.89474702087233,4.10525297912767
10,Ethanol,50.0,25.778052642105436,24.221947357894564
10,Ethylene,250.0,98.14366532686952,151.85633467313048
10,Ethanol,600.0,497.2794444417124,102.72055555828757
10,Ethylene,150.0,70.04637066812595,79.95362933187405
10,Ethanol,1000.0,887.4047711874414,112.59522881255862
10,Ethylene,50.0,22.34174453026462,27.65825546973538
10,Ethanol,200.0,137.00244362610997,62.997556373890035
10,Ethylene,100.0,50.532422963343095,49.467577036656905
10,Ethanol,800.0,685.757921342294,114.24207865770597
10,Ethylene,50.0,26.039640925599414,23.960359074400586
10,Ethanol,200.0,137.63411687906301,62.365883120936985
10,Ethylene,100.0,51.8580703898308,48.1419296101692
10,Ethanol,800.0,679.1105982349883,120.88940176501171
10,Ethylene,200.0,84.9382371655592,115.0617628344408
10,Ethanol,400.0,287.7226837432745,112.2773162567255
10,Ethylene,10.0,4.040754083243968,5.959245916756032
10,Ethanol,50.0,26.29936760967415,23.70063239032585
10,Ethylene,250.0,99.80264963636881,150.1973503636312
10,Ethanol,600.0,488.4405763223865,111.5594236776135
10,Ethylene,150.0,75.88453800572462,74.11546199427538
10,Ethanol,1000.0,886.4776834097285,113.52231659027154
10,Ethylene,150.0,75.1150710690304,74.8849289309696
10,Ethanol,1000.0,876.4487040874818,123.55129591251819
10,Ethylene,50.0,25.886617652460302,24.113382347539698
10,Ethanol,200.0,137.75529633932763,62.24470366067237
10,Ethylene,100.0,49.59081799686879,50.40918200313121
10,Ethanol,800.0,680.7194336931312,119.28056630686876
10,Ethylene,200.0,89.01780260583082,110.98219739416918
10,Ethanol,400.0,285.6213265172593,114.37867348274068
10,Ethylene,10.0,8.417864045323427,1.5821359546765734
10,Ethanol,50.0,21.686580480928527,28.313419519071473
10,Ethylene,250.0,104.25027316332488,145.7497268366751
10,Ethanol,600.0,491.76369568504003,108.23630431495997
10,Ethylene,250.0,99.78178754346237,150.21821245653763
10,Ethanol,600.0,495.0924049138775,104.90759508612251
10,Ethylene,150.0,77.45991226363316,72.54008773636684
10,Ethanol,1000.0,871.6375826280262,128.36241737197383
10,Ethylene,10.0,6.129823617963282,3.8701763820367177
10,Ethanol,50.0,23.58460184421503,26.41539815578497
10,Ethylene,50.0,26.227140520770575,23.772859479229425
10,Ethanol,200.0,133.0260260742183,66.9739739257817
10,Ethylene,100.0,49.120623781424825,50.879376218575175
10,Ethanol,800.0,680.73026595449,119.26973404550995
10,Ethylene,200.0,91.6133120820099,108.3866879179901
10,Ethanol,400.0,276.4911707677092,123.5088292322908
10,Ethylene,10.0,6.460354355285844,3.539645644714156
10,Ethanol,50.0,22.200705881632985,27.799294118367015
10,Ethylene,250.0,96.61619273629822,153.38380726370178
10,Ethanol,600.0,474.35249012288006,125.64750987711994
10,Ethylene,150.0,74.95802807106543,75.04197192893457
10,Ethanol,1000.0,840.9669960718843,159.0330039281157
10,Ethylene,50.0,24.841668813362872,25.158331186637128
10,Ethanol,200.0,128.56629833658255,71.43370166341745
10,Ethylene,100.0,47.86379591542769,52.13620408457231
10,Ethanol,800.0,650.8007477269421,149.19925227305794
10,Ethylene,200.0,85.93645690543187,114.06354309456813
10,Ethanol,400.0,270.3241376368566,129.67586236314338
10,Ethylene,50.0,24.50437874315257,25.49562125684743
10,Ethanol,200.0,130.37438544692068,69.62561455307932
10,Ethylene,100.0,46.652132144537674,53.347867855462326
10,Ethanol,800.0,643.680242322381,156.319757677619
10,Ethylene,200.0,81.14202273049001,118.85797726950999
10,Ethanol,400.0,267.56990773476474,132.43009226523526
10,Ethylene,10.0,4.831502588957363,5.168497411042637
10,Ethanol,50.0,22.678431803876705,27.321568196123295
10,Ethylene,250.0,92.3067158418081,157.6932841581919
10,Ethanol,600.0,453.0104450521521,146.98955494784792
10,Ethylene,150.0,66.49514407626715,83.50485592373285
10,Ethanol,1000.0,811.9028775777996,188.0971224222004
10,Ethylene,10.0,4.717320449833778,5.282679550166222
10,Ethanol,50.0,36.61463910577815,13.385360894221847
10,Ethylene,250.0,114.43349228111299,135.566507718887
10,Ethanol,600.0,414.843251414544,185.156748585456
10,Ethylene,150.0,72.40681712998668,77.59318287001332
10,Ethanol,1000.0,744.7199125431148,255.2800874568852
10,Ethylene,50.0,21.84077248221658,28.15922751778342
10,Ethanol,200.0,125.8586970737544,74.1413029262456
10,Ethylene,100.0,44.09729604511037,55.90270395488963
10,Ethanol,800.0,596.0180438921701,203.9819561078299
10,Ethylene,200.0,80.16272769822561,119.83727230177439
10,Ethanol,400.0,250.25348866112964,149.74651133887036
10,Ethylene,150.0,65.53200126623452,84.46799873376548
10,Ethanol,1000.0,791.7942006534448,208.20579934655518
10,Ethylene,50.0,24.127983174395084,25.872016825604916
10,Ethanol,200.0,121.85573626283247,78.14426373716753
10,Ethylene,100.0,51.6711002626425,48.3288997373575
10,Ethanol,800.0,567.2155140150586,232.7844859849414
10,Ethylene,200.0,93.03126446979445,106.96873553020555
10,Ethanol,400.0,245.37956133358398,154.62043866641602
10,Ethylene,10.0,4.667330177746095,5.332669822253905
10,Ethanol,50.0,30.62423421367778,19.37576578632222
10,Ethylene,250.0,100.16397665889748,149.83602334110253
10,Ethanol,600.0,418.8795909300725,181.12040906992752
10,Ethylene,50.0,23.956300990848888,26.043699009151112
10,Ethanol,200.0,122.49691029323655,77.50308970676345
10,Ethylene,100.0,44.75280752892192,55.24719247107808
10,Ethanol,800.0,539.3263589708301,260.67364102916986
10,Ethylene,200.0,90.59497184977623,109.40502815022377
10,Ethanol,400.0,224.73022857288422,175.26977142711578
10,Ethylene,10.0,4.236587182251995,5.763412817748005
10,Ethanol,50.0,32.599315878459606,17.400684121540394
10,Ethylene,250.0,93.4317147955939,156.5682852044061
10,Ethanol,600.0,405.4772923364679,194.52270766353212
10,Ethylene,150.0,64.46851716800919,85.53148283199081
10,Ethanol,1000.0,747.9622209357763,252.03777906422374
10,Ethylene,10.0,4.080663941574372,5.919336058425628
10,Ethanol,50.0,25.451948688372767,24.548051311627233
10,Ethylene,50.0,20.16777205798759,29.83222794201241
10,Ethanol,200.0,121.73236100960835,78.26763899039165
10,Ethylene,100.0,44.23193547380403,55.76806452619597
10,Ethanol,800.0,583.6725244396382,216.3274755603618
10,Ethylene,200.0,78.10325487144267,121.89674512855733
10,Ethanol,400.0,235.34323108317042,164.65676891682958
10,Ethylene,250.0,88.63712534657365,161.36287465342633
10,Ethanol,600.0,426.7511841776343,173.2488158223657
10,Ethylene,150.0,62.48229044116253,87.51770955883747
10,Ethanol,1000.0,768.3439246389617,231.65607536103835
10,Ethylene,200.0,80.08322106282077,119.91677893717923
10,Ethanol,400.0,237.18316008493713,162.81683991506287
10,Ethylene,10.0,3.4141732407036187,6.585826759296381
10,Ethanol,50.0,25.13025390319568,24.86974609680432
10,Ethylene,250.0,92.7736919943348,157.2263080056652
10,Ethanol,600.0,431.9892871473158,168.0107128526842
10,Ethylene,150.0,66.2059259438924,83.7940740561076
10,Ethanol,1000.0,766.1214737453336,233.87852625466644
10,Ethylene,50.0,19.25883818048453,30.74116181951547
10,Ethanol,200.0,120.54152684447392,79.45847315552608
10,Ethylene,100.0,43.554135058864034,56.445864941135966
10,Ethanol,800.0,591.0509095290898,208.94909047091016
10,Ethylene,50.0,17.962988430978882,32.03701156902112
10,Ethanol,200.0,118.67651271225176,81.32348728774824
10,Ethylene,100.0,44.4417474390666,55.5582525609334
10,Ethanol,800.0,592.1293440631586,207.87065593684144
10,Ethylene,200.0,76.77153968498017,123.22846031501983
10,Ethanol,400.0,236.9413080740194,163.0586919259806
10,Ethylene,10.0,2.5081600263836066,7.491839973616393
10,Ethanol,50.0,28.04151214421296,21.95848785578704
10,Ethylene,250.0,92.48583044722277,157.51416955277722
10,Ethanol,600.0,428.13123554416956,171.86876445583044
10,Ethylene,150.0,64.41186951129046,85.58813048870954
10,Ethanol,1000.0,768.7297975172585,231.27020248274152
10,Ethylene,150.0,63.78729593261377,86.21270406738623
10,Ethanol,1000.0,756.8337543932136,243.16624560678645
10,Ethylene,50.0,21.778999025152245,28.221000974847755
10,Ethanol,200.0,119.60999418166647,80.39000581833353
10,Ethylene,100.0,40.696857821578064,59.303142178421936
10,Ethanol,800.0,605.6163313430474,194.38366865695264
10,Ethylene,200.0,79.61041078030115,120.38958921969885
10,Ethanol,400.0,246.38953103408426,153.61046896591574
10,Ethylene,10.0,4.7683206903317625,5.2316793096682375
10,Ethanol,50.0,26.477633421388404,23.522366578611596
10,Ethylene,250.0,86.1804465815913,163.8195534184087
10,Ethanol,600.0,425.01279611242353,174.98720388757647
10,Ethylene,250.0,90.9671578783911,159.0328421216089
10,Ethanol,600.0,430.01853719549615,169.98146280450385
10,Ethylene,150.0,59.603956235751056,90.39604376424894
10,Ethanol,1000.0,803.0490846525927,196.95091534740732
10,Ethylene,10.0,2.2644682888352037,7.735531711164796
10,Ethanol,50.0,23.88000090986499,26.11999909013501
10,Ethylene,50.0,20.154989853445343,29.845010146554657
10,Ethanol,200.0,125.64027732684718,74.35972267315282
10,Ethylene,100.0,42.06304847400011,57.93695152599989
10,Ethanol,800.0,611.8100590927963,188.18994090720366
10,Ethylene,200.0,78.21924912082665,121.78075087917335
10,Ethanol,400.0,234.45752380904423,165.54247619095577
10,Ethylene,10.0,2.248607347222645,7.751392652777355
10,Ethanol,50.0,27.734335212337015,22.265664787662985
10,Ethylene,250.0,86.27879277250008,163.72120722749992
10,Ethanol,600.0,428.8222099743356,171.17779002566442
10,Ethylene,150.0,66.22879206961365,83.77120793038635
10,Ethanol,1000.0,804.9455074424048,195.05449255759515
10,Ethylene,50.0,23.939520372066454,26.060479627933546
10,Ethanol,200.0,125.70223862911514,74.29776137088486
10,Ethylene,100.0,48.08022407496033,51.91977592503967
10,Ethanol,800.0,622.7593183130193,177.24068168698068
10,Ethylene,200.0,84.7172444665979,115.2827555334021
10,Ethanol,400.0,248.05349837732226,151.94650162267774
10,Ethylene,50.0,24.02796588621527,25.97203411378473
10,Ethanol,200.0,127.50484650070446,72.49515349929554
10,Ethylene,100.0,49.74940715330126,50.25059284669874
10,Ethanol,800.0,632.8097314323139,167.19026856768608
10,Ethylene,200.0,86.00502771365018,113.99497228634982
10,Ethanol,400.0,238.03147269281646,161.96852730718354
10,Ethylene,10.0,2.8481012746659786,7.151898725334021
10,Ethanol,50.0,27.210889554379747,22.789110445620253
10,Ethylene,250.0,91.79847590353042,158.2015240964696
10,Ethanol,600.0,311.9518167145735,288.0481832854265
10,Ethylene,150.0,66.41349431560074,83.58650568439926
10,Ethanol,1000.0,801.0033420697227,198.99665793027725
10,Toluene,1.0,7.774354398695436,6.774354398695436
10,Ethanol,50.0,49.252867087643494,0.7471329123565056
10,Toluene,100.0,132.01118128585523,32.01118128585523
10,Ethanol,600.0,518.4147551658374,81.58524483416261
10,Toluene,60.0,91.36868398504713,31.368683985047127
10,Ethanol,1000.0,827.4053824345951,172.59461756540486
10,Toluene,20.0,35.327994029706986,15.327994029706986
10,Ethanol,200.0,159.53482435596754,40.465175644032456
10,Toluene,40.0,67.72452340987417,27.724523409874166
10,Ethanol,800.0,678.947161227468,121.05283877253203
10,Toluene,80.0,102.76027220961289,22.760272209612893
10,Ethanol,400.0,323.8682661382876,76.1317338617124
10,Toluene,60.0,88.51960668942513,28.51960668942513
10,Ethanol,1000.0,858.2010549208348,141.79894507916515
10,Toluene,20.0,34.26975612172019,14.269756121720192
10,Ethanol,200.0,165.92916381493038,34.07083618506962
10,Toluene,40.0,69.89182291613427,29.891822916134274
10,Ethanol,800.0,712.17174054159,87.82825945841
10,Toluene,80.0,109.67515127330765,29.675151273307648
10,Ethanol,400.0,360.2701837254006,39.729816274599386
10,Toluene,1.0,7.773249978667209,6.773249978667209
10,Ethanol,50.0,37.18582635227088,12.81417364772912
10,Toluene,100.0,113.5079118128236,13.507911812823593
10,Ethanol,600.0,547.4964360776743,52.503563922325725
10,Toluene,20.0,35.381788191218405,15.381788191218405
10,Ethanol,200.0,169.44817157852955,30.551828421470447
10,Toluene,40.0,69.07143776065831,29.071437760658313
10,Ethanol,800.0,703.967620690605,96.03237930939497
10,Toluene,80.0,110.50716475828219,30.507164758282187
10,Ethanol,400.0,360.85904722377404,39.14095277622596
10,Toluene,1.0,5.876168731834284,4.876168731834284
10,Ethanol,50.0,43.50769132274061,6.492308677259388
10,Toluene,100.0,117.58675936175457,17.586759361754574
10,Ethanol,600.0,506.7713351428767,93.2286648571233
10,Toluene,60.0,93.679757389515,33.679757389515004
10,Ethanol,1000.0,850.8785496192628,149.1214503807372
10,Toluene,1.0,2.009549331234183,1.009549331234183
10,Ethanol,50.0,34.65355173282518,15.346448267174821
10,Toluene,20.0,37.91387326294037,17.91387326294037
10,Ethanol,200.0,161.65706688782876,38.34293311217124
10,Toluene,40.0,73.54890106471375,33.548901064713746
10,Ethanol,800.0,694.9269334683163,105.07306653168371
10,Toluene,80.0,109.47487882499767,29.474878824997674
10,Ethanol,400.0,329.85610129951897,70.14389870048103
10,Toluene,100.0,130.22985006925046,30.22985006925046
10,Ethanol,600.0,535.9435086303217,64.05649136967827
10,Toluene,60.0,104.23628259078126,44.23628259078126
10,Ethanol,1000.0,903.4042553099774,96.59574469002257
10,Toluene,80.0,118.20154019457884,38.20154019457884
10,Ethanol,400.0,328.95675252715364,71.04324747284636
10,Toluene,1.0,3.7294288233087514,2.7294288233087514
10,Ethanol,50.0,32.60980123291242,17.390198767087583
10,Toluene,100.0,121.42723515012744,21.427235150127444
10,Ethanol,600.0,513.9876140472832,86.01238595271684
10,Toluene,60.0,101.59501673219063,41.59501673219063
10,Ethanol,1000.0,877.1434433220314,122.85655667796857
10,Toluene,20.0,37.238812603638735,17.238812603638735
10,Ethanol,200.0,152.43497545054024,47.565024549459764
10,Toluene,40.0,77.66197254955027,37.66197254955027
10,Ethanol,800.0,694.2769315860087,105.72306841399131
10,Toluene,20.0,36.45106918600537,16.45106918600537
10,Ethanol,200.0,145.6289335749821,54.37106642501789
10,Toluene,40.0,78.01060816729266,38.01060816729266
10,Ethanol,800.0,700.7023444663897,99.29765553361028
10,Toluene,80.0,111.43795137019619,31.43795137019619
10,Ethanol,400.0,316.15757387141707,83.84242612858293
10,Toluene,1.0,2.0866325709774003,1.0866325709774003
10,Ethanol,50.0,40.62472542061326,9.37527457938674
10,Toluene,100.0,119.17451635452784,19.17451635452784
10,Ethanol,600.0,502.85689363709315,97.14310636290685
10,Toluene,60.0,97.05045098013933,37.05045098013933
10,Ethanol,1000.0,866.8474386768227,133.15256132317734
10,Toluene,60.0,95.04611593807616,35.046115938076156
10,Ethanol,1000.0,866.6802753551502,133.31972464484977
10,Toluene,20.0,38.8023200419037,18.802320041903698
10,Ethanol,200.0,146.70129880473027,53.29870119526973
10,Toluene,40.0,73.54684555538279,33.54684555538279
10,Ethanol,800.0,693.3433288857283,106.65667111427172
10,Toluene,80.0,113.88238971396365,33.88238971396365
10,Ethanol,400.0,296.7694556621598,103.23054433784017
10,Toluene,1.0,4.617872809643771,3.617872809643771
10,Ethanol,50.0,32.551137918243484,17.448862081756516
10,Toluene,100.0,134.61113448134623,34.61113448134623
10,Ethanol,600.0,502.3988784609662,97.60112153903378
10,Toluene,100.0,139.8682693876692,39.86826938766919
10,Ethanol,600.0,505.2030412932163,94.7969587067837
10,Toluene,60.0,99.06075832624188,39.06075832624188
10,Ethanol,1000.0,883.0109104128641,116.98908958713594
10,Toluene,1.0,4.262977996058581,3.2629779960585807
10,Ethanol,50.0,29.299295052229624,20.700704947770376
10,Toluene,20.0,40.79427089726771,20.794270897267708
10,Ethanol,200.0,145.5249438067858,54.475056193214186
10,Toluene,40.0,72.69703442376576,32.69703442376576
10,Ethanol,800.0,686.7503222582451,113.24967774175491
10,Toluene,80.0,114.8073667888843,34.807366788884295
10,Ethanol,400.0,294.46747658197296,105.53252341802704
10,Toluene,1.0,4.573230605412007,3.5732306054120073
10,Ethanol,50.0,30.012921777311178,19.987078222688822
10,Toluene,100.0,132.71235782711614,32.712357827116136
10,Ethanol,600.0,497.9635439528953,102.0364560471047
10,Toluene,60.0,100.85624423570954,40.85624423570954
10,Ethanol,1000.0,894.7451527794616,105.25484722053841
10,Toluene,20.0,40.26971413465117,20.269714134651167
10,Ethanol,200.0,142.86499798166406,57.13500201833594
10,Toluene,40.0,78.0521807086581,38.0521807086581
10,Ethanol,800.0,682.676501839483,117.32349816051703
10,Toluene,80.0,116.72424579747874,36.724245797478744
10,Ethanol,400.0,284.80617952587875,115.19382047412125
10,Toluene,20.0,37.70793294115521,17.707932941155207
10,Ethanol,200.0,139.89081104692323,60.10918895307677
10,Toluene,40.0,74.96710713996856,34.96710713996856
10,Ethanol,800.0,684.4239691628021,115.57603083719789
10,Toluene,80.0,117.82049860229333,37.82049860229333
10,Ethanol,400.0,285.11246471346163,114.88753528653837
10,Toluene,1.0,6.097615805299952,5.097615805299952
10,Ethanol,50.0,29.088597058110736,20.911402941889264
10,Toluene,100.0,129.68736878328266,29.687368783282665
10,Ethanol,600.0,507.4080257110901,92.59197428890991
10,Toluene,60.0,103.39674656067842,43.39674656067842
10,Ethanol,1000.0,898.6532397477473,101.3467602522527
10,Toluene,1.0,4.025496767426063,3.0254967674260627
10,Ethanol,50.0,29.641358920876215,20.358641079123785
10,Toluene,100.0,82.87227770432449,17.12772229567551
10,Ethanol,600.0,547.630578242155,52.369421757844975
10,Toluene,60.0,68.97748334179371,8.977483341793715
10,Ethanol,1000.0,888.6762059402353,111.32379405976474
10,Toluene,20.0,31.028433900715157,11.028433900715157
10,Ethanol,200.0,152.74194563852672,47.258054361473285
10,Toluene,40.0,48.922244262863046,8.922244262863046
10,Ethanol,800.0,697.3074151134722,102.69258488652781
10,Toluene,80.0,71.98312159566339,8.016878404336609
10,Ethanol,400.0,316.22194932873657,83.77805067126343
10,Toluene,60.0,66.45582423531698,6.455824235316982
10,Ethanol,1000.0,882.4759955676415,117.52400443235854
10,Toluene,20.0,29.53376625131574,9.53376625131574
10,Ethanol,200.0,152.26857537130243,47.73142462869757
10,Toluene,40.0,54.15348737125608,14.153487371256077
10,Ethanol,800.0,745.6255133477576,54.374486652242354
10,Toluene,80.0,70.53707919476994,9.462920805230056
10,Ethanol,400.0,341.21200015157416,58.78799984842584
10,Toluene,1.0,4.604512351898947,3.604512351898947
10,Ethanol,50.0,29.615099996482,20.384900003518
10,Toluene,100.0,75.95955866911216,24.040441330887845
10,Ethanol,600.0,533.0371630422134,66.96283695778664
10,Toluene,20.0,30.0520944854906,10.0520944854906
10,Ethanol,200.0,163.9228789377528,36.07712106224719
10,Toluene,40.0,47.31644291798068,7.31644291798068
10,Ethanol,800.0,745.8622448036392,54.137755196360786
10,Toluene,80.0,69.31769408011277,10.682305919887227
10,Ethanol,400.0,359.8714534712307,40.12854652876928
10,Toluene,1.0,4.0551863043066305,3.0551863043066305
10,Ethanol,50.0,31.30380155697378,18.69619844302622
10,Toluene,100.0,72.50535207521514,27.494647924784857
10,Ethanol,600.0,551.3379469942458,48.66205300575416
10,Toluene,60.0,57.87913235258604,2.1208676474139594
10,Ethanol,1000.0,931.5840205752228,68.41597942477722
10,Toluene,1.0,1.2882318207471286,0.2882318207471286
10,Ethanol,50.0,26.407433468862834,23.592566531137166
10,Toluene,20.0,32.14509960432733,12.145099604327328
10,Ethanol,200.0,158.39825227615282,41.60174772384718
10,Toluene,40.0,51.965127125587685,11.965127125587685
10,Ethanol,800.0,717.1917732086043,82.80822679139567
10,Toluene,80.0,75.84031721236417,4.15968278763583
10,Ethanol,400.0,305.7555708740118,94.24442912598818
10,Toluene,100.0,76.6545164675518,23.3454835324482
10,Ethanol,600.0,512.3508479182984,87.64915208170157
10,Toluene,60.0,62.977845217126514,2.9778452171265144
10,Ethanol,1000.0,889.9607487000995,110.03925129990046
10,Toluene,80.0,76.2328581771278,3.7671418228722047
10,Ethanol,400.0,302.4387900036391,97.5612099963609
10,Toluene,1.0,2.977645307174086,1.977645307174086
10,Ethanol,50.0,28.692843025600965,21.307156974399035
10,Toluene,100.0,77.60663184530992,22.39336815469008
10,Ethanol,600.0,515.5828960817929,84.41710391820709
10,Toluene,60.0,62.85207723203253,2.852077232032528
10,Ethanol,1000.0,896.221505064972,103.778494935028
10,Toluene,20.0,27.782459953594454,7.782459953594454
10,Ethanol,200.0,150.2396043874448,49.760395612555186
10,Toluene,40.0,50.456001242631146,10.456001242631146
10,Ethanol,800.0,700.7492357463244,99.25076425367558
10,Toluene,20.0,31.22935632896082,11.229356328960819
10,Ethanol,200.0,146.0763373965204,53.92366260347961
10,Toluene,40.0,52.3159076434338,12.315907643433803
10,Ethanol,800.0,688.1554019184766,111.84459808152337
10,Toluene,80.0,75.77768536798865,4.222314632011347
10,Ethanol,400.0,291.27741547372403,108.72258452627597
10,Toluene,1.0,2.84477520693693,1.84477520693693
10,Ethanol,50.0,26.205214132194897,23.794785867805103
10,Toluene,100.0,80.01555590234096,19.984444097659036
10,Ethanol,600.0,507.2643622026023,92.73563779739771
10,Toluene,60.0,68.37132479827994,8.371324798279943
10,Ethanol,1000.0,864.8861098557344,135.1138901442656
10,Toluene,60.0,72.34327718448674,12.343277184486737
10,Ethanol,1000.0,872.968222150911,127.03177784908905
10,Toluene,20.0,31.05580133058929,11.05580133058929
10,Ethanol,200.0,140.41596011940618,59.58403988059382
10,Toluene,40.0,53.047256587755015,13.047256587755015
10,Ethanol,800.0,685.5226372798575,114.47736272014254
10,Toluene,80.0,77.92859859431616,2.0714014056838437
10,Ethanol,400.0,288.3275441478044,111.67245585219558
10,Toluene,1.0,5.686282021184169,4.686282021184169
10,Ethanol,50.0,27.584220892837266,22.415779107162734
10,Toluene,100.0,79.28936878604355,20.710631213956447
10,Ethanol,600.0,487.40787608523544,112.59212391476456
10,Toluene,100.0,73.87920507653965,26.120794923460352
10,Ethanol,600.0,493.32854668562567,106.67145331437433
10,Toluene,60.0,66.83413674298008,6.834136742980078
10,Ethanol,1000.0,871.6067463939238,128.3932536060762
10,Toluene,1.0,3.738155102693341,2.738155102693341
10,Ethanol,50.0,25.822561783215548,24.177438216784452
10,Toluene,20.0,34.30439424027958,14.304394240279578
10,Ethanol,200.0,138.74353915196713,61.25646084803287
10,Toluene,40.0,49.08239254116033,9.082392541160331
10,Ethanol,800.0,681.874003083194,118.125996916806
10,Toluene,80.0,73.29811087553153,6.701889124468465
10,Ethanol,400.0,290.36247199584415,109.63752800415585
10,Toluene,1.0,2.8349454088296966,1.8349454088296966
10,Ethanol,50.0,25.016640214946207,24.983359785053793
10,Toluene,100.0,76.56684654441005,23.433153455589945
10,Ethanol,600.0,482.57015187185755,117.42984812814245
10,Toluene,60.0,65.85423251847021,5.854232518470212
10,Ethanol,1000.0,858.7047526922175,141.29524730778246
10,Toluene,20.0,30.394935808131876,10.394935808131876
10,Ethanol,200.0,134.934885960878,65.065114039122
10,Toluene,40.0,50.859102724980076,10.859102724980076
10,Ethanol,800.0,684.7412772596733,115.25872274032668
10,Toluene,80.0,71.56494354468961,8.435056455310388
10,Ethanol,400.0,283.33580972190146,116.66419027809854
10,Toluene,20.0,28.652308396917505,8.652308396917505
10,Ethanol,200.0,140.55853609839187,59.44146390160813
10,Toluene,40.0,48.61018220427768,8.610182204277677
10,Ethanol,800.0,671.804573615799,128.19542638420103
10,Toluene,80.0,73.83973302119546,6.160266978804543
10,Ethanol,400.0,287.6366707620577,112.36332923794231
10,Toluene,1.0,2.437723086557213,1.437723086557213
10,Ethanol,50.0,25.225842712572145,24.774157287427855
10,Toluene,100.0,76.83263633020104,23.16736366979896
10,Ethanol,600.0,489.8947711126321,110.1052288873679
10,Toluene,60.0,64.21655180874048,4.216551808740476
10,Ethanol,1000.0,878.0963173626963,121.90368263730375
10,Ethylene,10.0,5.6067460944400835,4.3932539055599165
10,Ammonia,50.0,30.239822371753647,19.760177628246353
10,Ethylene,250.0,76.97739766836375,173.02260233163625
10,Ammonia,600.0,371.5204835200877,228.47951647991232
10,Ethylene,150.0,64.97389361130763,85.02610638869237
10,Ammonia,1000.0,537.2500256501089,462.7499743498911
10,Ethylene,50.0,21.868341975280444,28.131658024719556
10,Ammonia,200.0,100.9265619104414,99.0734380895586
10,Ethylene,100.0,52.90440599467611,47.09559400532389
10,Ammonia,800.0,446.43426824960073,353.56573175039927
10,Ethylene,200.0,79.94580882085131,120.05419117914869
10,Ammonia,400.0,251.1433304258311,148.8566695741689
10,Ethylene,150.0,66.95503692810631,83.04496307189369
10,Ammonia,1000.0,528.7976553471786,471.20234465282135
10,Ethylene,50.0,23.215243843781806,26.784756156218194
10,Ammonia,200.0,99.04333300210432,100.95666699789568
10,Ethylene,100.0,49.24316214574117,50.75683785425883
10,Ammonia,800.0,461.71258088388277,338.28741911611723
10,Ethylene,200.0,74.47823743034883,125.52176256965117
10,Ammonia,400.0,260.3481432437351,139.65185675626492
10,Ethylene,10.0,6.3128419684935295,3.6871580315064705
10,Ammonia,50.0,30.551862698848396,19.448137301151604
10,Ethylene,250.0,78.68346031589259,171.3165396841074
10,Ammonia,600.0,369.13512940517955,230.86487059482045
10,Ethylene,50.0,20.6782792299109,29.3217207700891
10,Ammonia,200.0,104.78388760931568,95.21611239068432
10,Ethylene,100.0,48.71390489297784,51.28609510702216
10,Ammonia,800.0,441.21159049775616,358.78840950224384
10,Ethylene,200.0,80.62605068774891,119.37394931225109
10,Ammonia,400.0,249.88348229528955,150.11651770471045
10,Ethylene,10.0,5.299870419417459,4.700129580582541
10,Ammonia,50.0,29.365812422584085,20.634187577415915
10,Ethylene,250.0,75.75698820600164,174.24301179399836
10,Ammonia,600.0,360.7411445639504,239.2588554360496
10,Ethylene,150.0,60.93431235654046,89.06568764345954
10,Ammonia,1000.0,529.1683719610618,470.8316280389382
10,Ethylene,10.0,6.725276992744256,3.2747230072557443
10,Ammonia,50.0,29.095605315178986,20.904394684821014
10,Ethylene,50.0,21.794586889759486,28.205413110240514
10,Ammonia,200.0,98.85425111347666,101.14574888652334
10,Ethylene,100.0,46.467022098728194,53.532977901271806
10,Ammonia,800.0,429.9538251871107,370.0461748128893
10,Ethylene,200.0,75.7528196381883,124.2471803618117
10,Ammonia,400.0,249.54790921027498,150.45209078972502
10,Ethylene,250.0,80.15469238757092,169.84530761242908
10,Ammonia,600.0,346.8606205956391,253.1393794043609
10,Ethylene,150.0,62.326830581213116,87.67316941878688
10,Ammonia,1000.0,508.09128848787077,491.90871151212923
10,Ethylene,200.0,76.37762787540564,123.62237212459436
10,Ammonia,400.0,255.58606457977004,144.41393542022996
10,Ethylene,10.0,5.377943252533328,4.622056747466672
10,Ammonia,50.0,31.478257813747547,18.521742186252453
10,Ethylene,250.0,78.14790062364278,171.85209937635722
10,Ammonia,600.0,348.5485656709041,251.4514343290959
10,Ethylene,150.0,59.94068826857682,90.05931173142318
10,Ammonia,1000.0,510.55361574499756,489.44638425500244
10,Ethylene,50.0,23.408167717683284,26.591832282316716
10,Ammonia,200.0,101.04677823764735,98.95322176235265
10,Ethylene,100.0,47.80744501436247,52.19255498563753
10,Ammonia,800.0,438.9391855482248,361.0608144517752
10,Ethylene,50.0,20.62083675696914,29.37916324303086
10,Ammonia,200.0,103.51288408398617,96.48711591601383
10,Ethylene,100.0,49.74184461347781,50.25815538652219
10,Ammonia,800.0,429.2022624766191,370.7977375233809
10,Ethylene,200.0,81.6133612538894,118.3866387461106
10,Ammonia,400.0,248.0456377672425,151.9543622327575
10,Ethylene,10.0,6.096735977139119,3.9032640228608813
10,Ammonia,50.0,28.79832522937194,21.20167477062806
10,Ethylene,250.0,77.88326589950361,172.1167341004964
10,Ammonia,600.0,346.6300178672966,253.3699821327034
10,Ethylene,150.0,62.01615873112506,87.98384126887494
10,Ammonia,1000.0,498.1721121950461,501.8278878049539
10,Ethylene,150.0,63.397848195823414,86.60215180417659
10,Ammonia,1000.0,494.43735172506155,505.56264827493845
10,Ethylene,50.0,22.026387842186978,27.973612157813022
10,Ammonia,200.0,101.90045066217212,98.09954933782788
10,Ethylene,100.0,50.0976069968207,49.9023930031793
10,Ammonia,800.0,429.60696598696313,370.39303401303687
10,Ethylene,200.0,76.16803262326843,123.83196737673157
10,Ammonia,400.0,246.34708749903362,153.65291250096638
10,Ethylene,10.0,5.690421771243109,4.309578228756891
10,Ammonia,50.0,30.255313445769815,19.744686554230185
10,Ethylene,250.0,80.1403101662642,169.85968983373579
10,Ammonia,600.0,336.39358777802556,263.60641222197444
10,Ethylene,250.0,80.2913904300487,169.7086095699513
10,Ammonia,600.0,350.2841062207596,249.7158937792404
10,Ethylene,150.0,58.44376179547933,91.55623820452067
10,Ammonia,1000.0,483.98500314489434,516.0149968551057
10,Ethylene,10.0,5.039546166025275,4.960453833974725
10,Ammonia,50.0,28.3859267199839,21.6140732800161
10,Ethylene,50.0,22.295812278451933,27.704187721548067
10,Ammonia,200.0,103.96395943670774,96.03604056329226
10,Ethylene,100.0,47.831082819960386,52.168917180039614
10,Ammonia,800.0,423.9985879102634,376.0014120897366
10,Ethylene,200.0,75.19032104921541,124.80967895078459
10,Ammonia,400.0,254.94394009622619,145.05605990377381
10,Ethylene,10.0,4.382644056294112,5.617355943705888
10,Ammonia,50.0,30.53119056161904,19.46880943838096
10,Ethylene,250.0,80.64597290797494,169.35402709202506
10,Ammonia,600.0,341.8685509398201,258.1314490601799
10,Ethylene,150.0,63.888589439828856,86.11141056017115
10,Ammonia,1000.0,475.40047633986467,524.5995236601353
10,Ethylene,50.0,21.389467716904704,28.610532283095296
10,Ammonia,200.0,107.7966589463889,92.2033410536111
10,Ethylene,100.0,50.96817704223413,49.03182295776587
10,Ammonia,800.0,411.8212538772039,388.1787461227961
10,Ethylene,200.0,72.26711842316287,127.73288157683713
10,Ammonia,400.0,260.8754116396137,139.12458836038633
10,Ethylene,50.0,22.798175906342962,27.201824093657038
10,Ammonia,200.0,107.80870556087359,92.19129443912641
10,Ethylene,100.0,45.12821360254247,54.87178639745753
10,Ammonia,800.0,426.95250771530294,373.04749228469706
10,Ethylene,200.0,76.52827315334562,123.47172684665438
10,Ammonia,400.0,254.0047997865561,145.9952002134439
10,Ethylene,10.0,7.0118291538088755,2.9881708461911245
10,Ammonia,50.0,30.925041263431865,19.074958736568135
10,Ethylene,250.0,81.55604599957765,168.44395400042237
10,Ammonia,600.0,347.9203441194007,252.07965588059932
10,Ethylene,150.0,65.27428173095402,84.72571826904598
10,Ammonia,1000.0,497.1633113703957,502.8366886296043
10,Ethylene,10.0,8.037530658666952,1.9624693413330476
10,Ammonia,50.0,46.47057566970307,3.5294243302969335
10,Ethylene,250.0,115.73384596154774,134.26615403845227
10,Ammonia,600.0,420.2324306197959,179.76756938020412
10,Ethylene,150.0,63.856479213551886,86.14352078644811
10,Ammonia,1000.0,673.1335672655856,326.8664327344144
10,Ethylene,50.0,24.398822150823307,25.601177849176693
10,Ammonia,200.0,134.2593103308186,65.74068966918139
10,Ethylene,100.0,60.622011577326035,39.377988422673965
10,Ammonia,800.0,564.1210618477768,235.8789381522232
10,Ethylene,200.0,113.9694486124668,86.0305513875332
10,Ammonia,400.0,289.4053189345947,110.59468106540533
10,Ethylene,150.0,95.43141805863996,54.56858194136004
10,Ammonia,1000.0,677.954891750404,322.04510824959596
10,Ethylene,50.0,25.70377418918929,24.29622581081071
10,Ammonia,200.0,134.53859230145727,65.46140769854273
10,Ethylene,100.0,62.5737321601183,37.4262678398817
10,Ammonia,800.0,555.4652281506651,244.5347718493349
10,Ethylene,200.0,114.31266147377701,85.68733852622299
10,Ammonia,400.0,282.62034521012896,117.37965478987104
10,Ethylene,10.0,8.120883272735412,1.879116727264588
10,Ammonia,50.0,49.495238956177815,0.5047610438221852
10,Ethylene,250.0,131.96324238650143,118.03675761349857
10,Ammonia,600.0,439.86408833898264,160.13591166101736
10,Ethylene,50.0,24.677747814810303,25.322252185189697
10,Ammonia,200.0,137.14766846439795,62.85233153560205
10,Ethylene,100.0,65.53124485658871,34.468755143411286
10,Ammonia,800.0,539.5789670506398,260.4210329493602
10,Ethylene,200.0,113.04578983957417,86.95421016042583
10,Ammonia,400.0,288.90573651497834,111.09426348502166
10,Ethylene,10.0,8.085662127342715,1.9143378726572848
10,Ammonia,50.0,46.38450261548127,3.615497384518733
10,Ethylene,250.0,128.4352953871986,121.56470461280139
10,Ammonia,600.0,432.2955293106385,167.70447068936147
10,Ethylene,150.0,94.47132111456509,55.528678885434914
10,Ammonia,1000.0,665.5899108167292,334.41008918327077
10,Ethylene,10.0,9.408029687266378,0.591970312733622
10,Ammonia,50.0,48.10504594157062,1.8949540584293771
10,Ethylene,50.0,27.122865816024756,22.877134183975244
10,Ammonia,200.0,133.11335601390675,66.88664398609325
10,Ethylene,100.0,67.49434886486219,32.50565113513781
10,Ammonia,800.0,555.8142459039028,244.18575409609718
10,Ethylene,200.0,115.71703461753313,84.28296538246687
10,Ammonia,400.0,299.5007192726735,100.4992807273265
10,Ethylene,250.0,143.9563520899116,106.0436479100884
10,Ammonia,600.0,442.3560199411436,157.6439800588564
10,Ethylene,150.0,98.28368391555365,51.71631608444635
10,Ammonia,1000.0,663.2649520784414,336.7350479215586
10,Ethylene,200.0,120.37093424133195,79.62906575866805
10,Ammonia,400.0,296.3656548801898,103.63434511981018
10,Ethylene,10.0,9.463233708482505,0.5367662915174947
10,Ammonia,50.0,50.85154035145996,0.8515403514599598
10,Ethylene,250.0,138.27360475950974,111.72639524049026
10,Ammonia,600.0,448.9190071013303,151.0809928986697
10,Ethylene,150.0,96.23627087220768,53.76372912779232
10,Ammonia,1000.0,678.0715934810019,321.92840651899814
10,Ethylene,50.0,27.672139344867688,22.327860655132312
10,Ammonia,200.0,136.8267371654547,63.17326283454531
10,Ethylene,100.0,71.14544906185824,28.854550938141756
10,Ammonia,800.0,562.8028851638811,237.19711483611889
10,Ethylene,50.0,27.64008122296488,22.35991877703512
10,Ammonia,200.0,135.72467624500868,64.27532375499132
10,Ethylene,100.0,66.24889560620751,33.75110439379249
10,Ammonia,800.0,555.7843103863967,244.21568961360333
10,Ethylene,200.0,117.7457687474205,82.2542312525795
10,Ammonia,400.0,304.54618672244146,95.45381327755854
10,Ethylene,10.0,9.282407466386985,0.7175925336130149
10,Ammonia,50.0,52.31879576009962,2.3187957600996185
10,Ethylene,250.0,142.39848634249043,107.60151365750957
10,Ammonia,600.0,447.68828950016314,152.31171049983686
10,Ethylene,150.0,100.3265453921611,49.673454607838906
10,Ammonia,1000.0,680.2778882376597,319.7221117623403
10,Ethylene,150.0,100.51059330104411,49.48940669895589
10,Ammonia,1000.0,670.945371250679,329.05462874932095
10,Ethylene,50.0,27.911339588901257,22.088660411098743
10,Ammonia,200.0,137.52153967466293,62.47846032533707
10,Ethylene,100.0,72.39581605774737,27.604183942252632
10,Ammonia,800.0,568.9391152999359,231.0608847000641
10,Ethylene,200.0,124.01650301388676,75.98349698611324
10,Ammonia,400.0,312.0840752920914,87.91592470790857
10,Ethylene,10.0,7.566006798886903,2.433993201113097
10,Ammonia,50.0,50.79371128013321,0.7937112801332091
10,Ethylene,250.0,146.49578672430115,103.50421327569885
10,Ammonia,600.0,453.94802514820356,146.05197485179644
10,Ethylene,250.0,151.27308767054825,98.72691232945175
10,Ammonia,600.0,448.9008903771982,151.0991096228018
10,Ethylene,150.0,99.77489979910366,50.225100200896335
10,Ammonia,1000.0,690.8139185211753,309.1860814788247
10,Ethylene,10.0,9.008248433931655,0.9917515660683449
10,Ammonia,50.0,50.74023901010712,0.7402390101071177
10,Ethylene,50.0,29.51096025730338,20.48903974269662
10,Ammonia,200.0,136.30595729414958,63.69404270585042
10,Ethylene,100.0,73.35304267478838,26.646957325211616
10,Ammonia,800.0,564.9660675764738,235.03393242352615
10,Ethylene,200.0,124.313301166939,75.686698833061
10,Ammonia,400.0,311.2003416344138,88.7996583655862
10,Ethylene,10.0,7.907183265581068,2.092816734418932
10,Ammonia,50.0,51.944508845620916,1.9445088456209163
10,Ethylene,250.0,154.51316189186224,95.48683810813776
10,Ammonia,600.0,454.8087026698858,145.1912973301142
10,Ethylene,150.0,102.38503646174112,47.61496353825888
10,Ammonia,1000.0,686.0576262940172,313.94237370598285
10,Ethylene,50.0,28.017754526618887,21.982245473381113
10,Ammonia,200.0,138.53743390088323,61.46256609911677
10,Ethylene,100.0,70.74340593325431,29.25659406674569
10,Ammonia,800.0,569.6834031507562,230.31659684924375
10,Ethylene,200.0,126.42052325918482,73.57947674081518
10,Ammonia,400.0,299.63513991742013,100.36486008257987
10,Ethylene,50.0,31.140610602252494,18.859389397747506
10,Ammonia,200.0,139.19322912109922,60.80677087890078
10,Ethylene,100.0,74.87934838885369,25.120651611146315
10,Ammonia,800.0,570.4161629598877,229.58383704011226
10,Ethylene,200.0,128.68094637636577,71.31905362363423
10,Ammonia,400.0,309.8522056670589,90.14779433294109
10,Ethylene,10.0,8.72793330335793,1.2720666966420708
10,Ammonia,50.0,50.844981912570745,0.844981912570745
10,Ethylene,250.0,157.68733232848717,92.31266767151283
10,Ammonia,600.0,446.1586417353298,153.8413582646702
10,Ethylene,150.0,101.64475183858059,48.35524816141941
10,Ammonia,1000.0,679.0147874525338,320.9852125474662
10,Ethylene,10.0,7.7858246155943505,2.2141753844056495
10,Ammonia,50.0,49.43416893069431,0.5658310693056876
10,Ethylene,250.0,145.77930549300257,104.22069450699743
10,Ammonia,600.0,417.11560541307034,182.88439458692966
10,Ethylene,150.0,102.0095995208156,47.9904004791844
10,Ammonia,1000.0,657.7215814192591,342.2784185807409
10,Ethylene,50.0,24.42921094317579,25.57078905682421
10,Ammonia,200.0,154.649808718727,45.350191281273
10,Ethylene,100.0,74.24288168310628,25.757118316893724
10,Ammonia,800.0,532.922459164708,267.077540835292
10,Ethylene,200.0,126.1554037636581,73.8445962363419
10,Ammonia,400.0,297.6652653159354,102.33473468406459
10,Ethylene,150.0,105.3036867016189,44.6963132983811
10,Ammonia,1000.0,643.8024347825304,356.19756521746956
10,Ethylene,50.0,27.5875076450762,22.4124923549238
10,Ammonia,200.0,158.87204188702518,41.127958112974824
10,Ethylene,100.0,73.97780290835112,26.022197091648877
10,Ammonia,800.0,527.0579535369635,272.9420464630365
10,Ethylene,200.0,119.85010784730329,80.14989215269671
10,Ammonia,400.0,289.64968006267736,110.35031993732264
10,Ethylene,10.0,5.274384675084136,4.725615324915864
10,Ammonia,50.0,52.98104906434213,2.9810490643421304
10,Ethylene,250.0,137.0390863243804,112.9609136756196
10,Ammonia,600.0,413.83907439265886,186.16092560734114
10,Ethylene,50.0,24.501212847457197,25.498787152542803
10,Ammonia,200.0,171.38634570579754,28.613654294202462
10,Ethylene,100.0,66.2076140732297,33.792385926770294
10,Ammonia,800.0,500.87807278501,299.12192721499
10,Ethylene,200.0,107.22991740641513,92.77008259358487
10,Ammonia,400.0,288.0724494456515,111.9275505543485
10,Ethylene,10.0,5.695010895239861,4.304989104760139
10,Ammonia,50.0,43.236421619847434,6.763578380152566
10,Ethylene,250.0,142.03880890480343,107.96119109519657
10,Ammonia,600.0,398.42448788971825,201.57551211028175
10,Ethylene,150.0,97.6166704913895,52.3833295086105
10,Ammonia,1000.0,593.563270184868,406.436729815132
10,Ethylene,10.0,3.816134130528468,6.183865869471532
10,Ammonia,50.0,47.69134521017462,2.3086547898253826
10,Ethylene,50.0,29.584990824664274,20.415009175335726
10,Ammonia,200.0,171.09534713740857,28.904652862591433
10,Ethylene,100.0,70.83374779014547,29.166252209854534
10,Ammonia,800.0,505.6290694451425,294.3709305548575
10,Ethylene,200.0,111.41797158407947,88.58202841592053
10,Ammonia,400.0,300.5978827871006,99.40211721289938
10,Ethylene,250.0,154.06756313277305,95.93243686722695
10,Ammonia,600.0,428.9666837356164,171.0333162643836
10,Ethylene,150.0,94.06695291414454,55.93304708585546
10,Ammonia,1000.0,679.8603598630117,320.1396401369883
10,Ethylene,200.0,111.11899873042964,88.88100126957036
10,Ammonia,400.0,296.4787335633767,103.5212664366233
10,Ethylene,10.0,4.981965193467786,5.018034806532214
10,Ammonia,50.0,52.97422894108588,2.974228941085883
10,Ethylene,250.0,147.43863963083865,102.56136036916135
10,Ammonia,600.0,413.5456522896005,186.45434771039947
10,Ethylene,150.0,98.51564920021448,51.48435079978552
10,Ammonia,1000.0,598.2082712940766,401.79172870592345
10,Ethylene,50.0,25.548127350135303,24.451872649864697
10,Ammonia,200.0,172.25045468224354,27.749545317756457
10,Ethylene,100.0,64.6672666417061,35.33273335829389
10,Ammonia,800.0,516.8992695696926,283.1007304303074
10,Ethylene,50.0,23.11763752322976,26.88236247677024
10,Ammonia,200.0,182.12353115433854,17.876468845661464
10,Ethylene,100.0,69.15189459011978,30.84810540988022
10,Ammonia,800.0,489.0936379332693,310.9063620667307
10,Ethylene,200.0,106.83830538627515,93.16169461372485
10,Ammonia,400.0,297.63920859209816,102.36079140790184
10,Ethylene,10.0,5.025405385034247,4.974594614965753
10,Ammonia,50.0,52.02114746168449,2.0211474616844924
10,Ethylene,250.0,147.5711827709445,102.42881722905551
10,Ammonia,600.0,410.72452011500326,189.27547988499674
10,Ethylene,150.0,104.48304609800626,45.516953901993745
10,Ammonia,1000.0,594.1318991920158,405.8681008079842
10,Ethylene,150.0,100.44441661792494,49.555583382075056
10,Ammonia,1000.0,595.1952513046251,404.8047486953749
10,Ethylene,50.0,22.533044237590317,27.466955762409683
10,Ammonia,200.0,178.6951080898907,21.30489191010929
10,Ethylene,100.0,72.04192279533305,27.95807720466695
10,Ammonia,800.0,511.5500813036056,288.4499186963944
10,Ethylene,200.0,114.89777712495892,85.10222287504108
10,Ammonia,400.0,306.8662307174237,93.13376928257628
10,Ethylene,10.0,6.504711079725084,3.4952889202749162
10,Ammonia,50.0,51.822784402979266,1.8227844029792664
10,Ethylene,250.0,155.30573799148905,94.69426200851095
10,Ammonia,600.0,437.8302471727708,162.16975282722922
10,Ethylene,250.0,165.59565697672699,84.40434302327301
10,Ammonia,600.0,425.5947005957193,174.4052994042807
10,Ethylene,150.0,112.28400357885954,37.71599642114046
10,Ammonia,1000.0,625.2905563073276,374.7094436926724
10,Ethylene,10.0,6.060740202281593,3.9392597977184067
10,Ammonia,50.0,51.51631557895074,1.5163155789507385
10,Ethylene,50.0,30.501097841621885,19.498902158378115
10,Ammonia,200.0,155.62162914955724,44.378370850442764
10,Ethylene,100.0,84.33505420224256,15.66494579775744
10,Ammonia,800.0,554.9908853743444,245.00911462565557
10,Ethylene,200.0,141.87267188976693,58.127328110233066
10,Ammonia,400.0,312.350934406512,87.64906559348799
10,Ethylene,10.0,7.330270733099866,2.6697292669001342
10,Ammonia,50.0,52.80297465175647,2.8029746517564718
10,Ethylene,250.0,175.46703675866635,74.53296324133365
10,Ammonia,600.0,442.0197061631123,157.9802938368877
10,Ethylene,150.0,109.65288805136524,40.34711194863476
10,Ammonia,1000.0,643.7909980495035,356.2090019504965
10,Ethylene,50.0,30.44366757203146,19.55633242796854
10,Ammonia,200.0,158.2595714865617,41.7404285134383
10,Ethylene,100.0,82.62555267460932,17.374447325390676
10,Ammonia,800.0,552.7143741638681,247.28562583613189
10,Ethylene,200.0,140.97710141049592,59.02289858950408
10,Ammonia,400.0,308.27812627199575,91.72187372800425
10,Ethylene,50.0,32.924991391853794,17.075008608146206
10,Ammonia,200.0,159.09391300073548,40.90608699926452
10,Ethylene,100.0,82.9803894489911,17.019610551008896
10,Ammonia,800.0,566.0460783172737,233.95392168272633
10,Ethylene,200.0,138.5214936219186,61.47850637808139
10,Ammonia,400.0,306.17950827663947,93.82049172336053
10,Ethylene,10.0,7.017651516409131,2.9823484835908687
10,Ammonia,50.0,54.54320694376274,4.5432069437627405
10,Ethylene,250.0,170.57025139649258,79.42974860350742
10,Ammonia,600.0,455.14756747267467,144.85243252732533
10,Ethylene,150.0,110.2952604134363,39.704739586563704
10,Ammonia,1000.0,662.7060354175766,337.2939645824234
