batch_id,gas_name,concentration_ppm,predicted_ppm,absolute_error_ppm
7,Acetone,100.0,101.14994438300084,1.1499443830008431
7,Acetone,10.0,7.572664066092358,2.427335933907642
7,Acetaldehyde,100.0,120.10814927352,20.10814927352
7,Acetaldehyde,10.0,0.0,10.0
7,Acetone,200.0,203.10919049087585,3.1091904908758465
7,Acetone,20.0,25.025193982579438,5.025193982579438
7,Acetaldehyde,250.0,280.5549613763483,30.554961376348274
7,Acetaldehyde,110.0,102.15622271499984,7.843777285000158
7,Acetone,150.0,160.01037100241334,10.010371002413336
7,Acetone,50.0,49.29938088118077,0.7006191188192332
7,Acetaldehyde,30.0,31.900261456609485,1.9002614566094849
7,Acetaldehyde,80.0,66.52002034529887,13.479979654701125
7,Acetone,180.0,169.8042510515294,10.195748948470595
7,Acetone,80.0,69.71421798689141,10.285782013108587
7,Acetaldehyde,20.0,10.651214394550948,9.348785605449052
7,Acetaldehyde,70.0,63.045755165092544,6.954244834907456
7,Acetone,250.0,220.00618676014545,29.993813239854546
7,Acetone,210.0,198.0784134970176,11.921586502982393
7,Acetaldehyde,150.0,107.5498020281196,42.4501979718804
7,Acetaldehyde,50.0,45.3859414763251,4.614058523674899
7,Acetone,230.0,196.23186090217317,33.76813909782683
7,Acetone,120.0,107.22982846282258,12.770171537177418
7,Acetaldehyde,210.0,86.41677471842297,123.58322528157703
7,Acetaldehyde,190.0,154.65899842482293,35.341001575177074
7,Acetone,90.0,88.74328308183243,1.2567169181675695
7,Acetone,170.0,155.51896758241563,14.481032417584373
7,Acetaldehyde,80.0,40.031053731985025,39.968946268014975
7,Acetaldehyde,230.0,188.9774589463575,41.0225410536425
7,Acetone,240.0,201.32023175384813,38.679768246151866
7,Acetone,60.0,47.52367518335663,12.47632481664337
7,Acetaldehyde,130.0,92.57552543267438,37.42447456732562
7,Acetaldehyde,90.0,66.04652483725744,23.953475162742563
7,Acetone,190.0,154.3699002170295,35.63009978297049
7,Acetone,30.0,26.103783147856802,3.8962168521431977
7,Acetaldehyde,160.0,128.68293411515072,31.317065884849285
7,Acetaldehyde,240.0,202.6264533614626,37.37354663853739
7,Acetone,220.0,177.70923212099535,42.29076787900465
7,Acetone,110.0,95.1248138472191,14.875186152780898
7,Acetaldehyde,220.0,178.7744571255364,41.2255428744636
7,Acetaldehyde,60.0,51.73550908052768,8.264490919472323
7,Acetone,130.0,111.80378180004085,18.196218199959148
7,Acetone,40.0,34.3327348296572,5.667265170342802
7,Acetaldehyde,200.0,165.8376861982131,34.162313801786894
7,Acetaldehyde,85.0,101.56523734184071,16.565237341840714
7,Acetone,70.0,58.33220999586291,11.667790004137089
7,Acetaldehyde,210.0,162.1784760103334,47.82152398966659
7,Acetaldehyde,170.0,129.20822220837,40.79177779163001
7,Acetone,140.0,128.09599774991878,11.90400225008122
7,Acetone,160.0,142.48758098846335,17.51241901153665
7,Acetaldehyde,180.0,141.13746780363698,38.86253219636302
7,Acetone,100.0,97.9682903125352,2.0317096874647973
7,Acetone,10.0,5.842341699672517,4.157658300327483
7,Acetaldehyde,10.0,69.32734960600885,59.32734960600885
7,Acetone,200.0,168.6924091126366,31.307590887363403
7,Acetone,20.0,17.168772876852728,2.831227123147272
7,Acetaldehyde,250.0,182.60351973500966,67.39648026499034
7,Acetaldehyde,110.0,72.30462721664897,37.69537278335103
7,Acetone,150.0,138.20273905133587,11.797260948664132
7,Acetone,50.0,40.907632362934905,9.092367637065095
7,Acetaldehyde,30.0,24.398358754985537,5.601641245014463
7,Acetaldehyde,110.0,60.655098604907124,49.344901395092876
7,Acetone,180.0,155.2085845350665,24.791415464933493
7,Acetone,80.0,66.1452698236935,13.854730176306504
7,Acetaldehyde,20.0,9.452431490203054,10.547568509796946
7,Acetaldehyde,70.0,58.29156114681011,11.70843885318989
7,Acetone,250.0,208.37607043628827,41.62392956371173
7,Acetone,210.0,179.08690132597832,30.913098674021683
7,Acetaldehyde,150.0,96.2594105197469,53.74058948025311
7,Acetaldehyde,50.0,41.27087058075804,8.729129419241957
7,Acetone,230.0,186.95058309812572,43.04941690187428
7,Acetone,120.0,108.77867055045564,11.221329449544356
7,Acetaldehyde,120.0,80.52821000214095,39.47178999785905
7,Acetaldehyde,180.0,143.71390583096942,36.28609416903058
7,Acetone,90.0,87.07535279559204,2.924647204407961
7,Acetone,170.0,149.50726685453438,20.49273314546562
7,Acetaldehyde,40.0,38.78768391407735,1.2123160859226516
7,Acetaldehyde,230.0,180.8450618448277,49.15493815517229
7,Acetone,240.0,202.02934088242938,37.97065911757062
7,Acetone,60.0,50.20123393674888,9.798766063251122
7,Acetaldehyde,10.0,92.63048101408091,82.63048101408091
7,Acetaldehyde,90.0,65.0006066810173,24.999393318982698
7,Acetone,190.0,166.00928395869008,23.990716041309923
7,Acetone,30.0,28.03620596618441,1.9637940338155886
7,Acetaldehyde,160.0,112.1269761070752,47.873023892924806
7,Acetaldehyde,70.0,188.10143782277356,118.10143782277356
7,Acetone,220.0,183.58994749996594,36.410052500034055
7,Acetone,110.0,100.50101812643223,9.498981873567772
7,Acetaldehyde,220.0,163.83370249069304,56.16629750930696
7,Acetaldehyde,60.0,51.10243243052577,8.897567569474234
7,Acetone,130.0,134.48051464241664,4.480514642416637
7,Acetone,40.0,37.54087918099897,2.459120819001029
7,Acetaldehyde,200.0,145.8966652275345,54.1033347724655
7,Acetaldehyde,140.0,95.83617322422604,44.163826775773956
7,Acetone,70.0,60.227972527738416,9.772027472261584
7,Acetaldehyde,210.0,158.71303813012653,51.286961869873466
7,Acetaldehyde,170.0,123.5384106695049,46.4615893304951
7,Acetone,140.0,133.32446639861323,6.675533601386775
7,Acetone,160.0,142.17776593609335,17.82223406390665
7,Acetaldehyde,180.0,131.50790566026552,48.49209433973448
7,Acetone,100.0,102.59015313519006,2.5901531351900644
7,Acetone,10.0,2.510062224743365,7.489937775256635
7,Acetaldehyde,100.0,67.24192364926778,32.758076350732225
7,Acetone,200.0,170.55346123675903,29.446538763240966
7,Acetone,20.0,13.270669075566076,6.729330924433924
7,Acetaldehyde,250.0,175.86620337337922,74.13379662662078
7,Acetaldehyde,110.0,72.33598007518903,37.66401992481097
7,Acetone,150.0,140.6515136506655,9.348486349334507
7,Acetone,50.0,44.52329453967465,5.476705460325348
7,Acetaldehyde,30.0,20.39428587839035,9.605714121609651
7,Acetaldehyde,80.0,59.744014193931676,20.255985806068324
7,Acetone,180.0,156.0823397067215,23.917660293278487
7,Acetone,80.0,65.63902525524176,14.360974744758238
7,Acetaldehyde,20.0,6.881502372654666,13.118497627345334
7,Acetaldehyde,70.0,58.68814624000542,11.311853759994577
7,Acetone,250.0,212.61469337743853,37.38530662256147
7,Acetone,210.0,193.95302409719233,16.046975902807674
7,Acetaldehyde,150.0,97.3189743352828,52.6810256647172
7,Acetaldehyde,50.0,41.20901217892046,8.79098782107954
7,Acetone,230.0,201.06010508630362,28.939894913696378
7,Acetone,120.0,106.32395477967151,13.67604522032849
7,Acetaldehyde,120.0,83.48377327156578,36.51622672843422
7,Acetaldehyde,190.0,143.2104149451934,46.789585054806594
7,Acetone,90.0,85.87854225024239,4.12145774975761
7,Acetone,170.0,154.30040920052215,15.699590799477846
7,Acetaldehyde,50.0,36.58257147617381,13.417428523826189
7,Acetaldehyde,40.0,173.15089073362873,133.15089073362873
7,Acetone,240.0,201.83571698108435,38.164283018915654
7,Acetone,60.0,53.23058551560821,6.769414484391788
7,Acetaldehyde,130.0,90.35216797516298,39.647832024837015
7,Acetaldehyde,90.0,65.16297657018177,24.83702342981823
7,Acetone,190.0,163.546733528675,26.45326647132501
7,Acetone,30.0,28.3455473391963,1.654452660803699
7,Acetaldehyde,160.0,109.09360042838512,50.906399571614884
7,Acetaldehyde,240.0,184.50624599702013,55.49375400297987
7,Acetone,220.0,186.26122006682698,33.73877993317302
7,Acetone,110.0,103.40212141371399,6.597878586286015
7,Acetaldehyde,220.0,165.13464911794603,54.865350882053974
7,Acetaldehyde,60.0,50.081203599924564,9.918796400075436
7,Acetone,130.0,127.57909594743386,2.4209040525661436
7,Acetone,40.0,37.75808076031947,2.241919239680527
7,Acetaldehyde,200.0,147.64573332894363,52.354266671056365
7,Acetaldehyde,140.0,92.85370905221694,47.14629094778306
7,Acetone,70.0,60.24653326809532,9.75346673190468
7,Acetaldehyde,210.0,151.530039358837,58.469960641163
7,Acetaldehyde,170.0,122.30164736012814,47.69835263987186
7,Acetone,140.0,131.53096201845634,8.469037981543664
7,Acetone,160.0,145.50743894127726,14.492561058722742
7,Acetaldehyde,100.0,131.58066783613043,31.58066783613043
7,Acetone,100.0,100.44719156709337,0.4471915670933697
7,Acetone,10.0,1.468148652109278,8.531851347890722
7,Acetaldehyde,100.0,68.57834504313597,31.42165495686403
7,Acetone,200.0,181.62671142021355,18.373288579786447
7,Acetone,20.0,18.419797589819538,1.580202410180462
7,Acetaldehyde,250.0,180.9777772675743,69.02222273242569
7,Acetaldehyde,110.0,75.39548392973163,34.604516070268375
7,Acetone,150.0,147.79157364176655,2.208426358233453
7,Acetone,50.0,49.94058266334788,0.05941733665211757
7,Acetaldehyde,55.0,22.609413619784448,32.39058638021555
7,Acetaldehyde,80.0,61.16303703707436,18.83696296292564
7,Acetone,180.0,168.8120552736538,11.187944726346188
7,Acetone,80.0,73.52995782261597,6.47004217738403
7,Acetaldehyde,20.0,5.36136389999524,14.63863610000476
7,Acetaldehyde,70.0,59.078886833425955,10.921113166574045
7,Acetone,250.0,209.01396983916158,40.986030160838425
7,Acetone,210.0,191.48885347344302,18.511146526556985
7,Acetaldehyde,150.0,101.10812802874725,48.891871971252755
7,Acetaldehyde,50.0,40.98179678563217,9.01820321436783
7,Acetone,230.0,196.28204705034773,33.71795294965227
7,Acetone,120.0,122.5363938974402,2.536393897440206
7,Acetaldehyde,120.0,85.04775365838955,34.95224634161045
7,Acetaldehyde,190.0,143.36560928444928,46.63439071555072
7,Acetone,90.0,90.37423784505704,0.3742378450570385
7,Acetone,170.0,166.22641642744588,3.7735835725541165
7,Acetaldehyde,40.0,37.89146605611971,2.108533943880289
7,Acetaldehyde,230.0,172.99550178747063,57.00449821252937
7,Acetone,240.0,195.2190100720824,44.7809899279176
7,Acetone,60.0,54.43262080131667,5.5673791986833265
7,Acetaldehyde,130.0,90.2510672600834,39.7489327399166
7,Acetaldehyde,10.0,63.86003319877726,53.86003319877726
7,Acetone,190.0,163.7578646053459,26.2421353946541
7,Acetone,30.0,28.424032040815376,1.5759679591846236
7,Acetaldehyde,160.0,104.48877862389543,55.51122137610457
7,Acetaldehyde,170.0,187.94524688478828,17.945246884788276
7,Acetone,220.0,185.55850715214692,34.441492847853084
7,Acetone,110.0,107.31677385167173,2.6832261483282736
7,Acetaldehyde,220.0,165.75422487185625,54.24577512814375
7,Acetaldehyde,60.0,49.77392831396402,10.22607168603598
7,Acetone,130.0,126.64708921893353,3.35291078106647
7,Acetone,40.0,41.59762196955134,1.5976219695513407
7,Acetaldehyde,30.0,144.7635551381691,114.7635551381691
7,Acetaldehyde,140.0,89.33368270035862,50.66631729964138
7,Acetone,70.0,64.02595501502739,5.974044984972608
7,Acetaldehyde,210.0,166.15784820844766,43.84215179155234
7,Acetaldehyde,170.0,121.66398771125415,48.33601228874585
7,Acetone,140.0,138.0900336777306,1.9099663222694119
7,Acetone,160.0,143.51720629218082,16.482793707819184
7,Acetaldehyde,180.0,128.95455305822318,51.04544694177682
7,Acetone,100.0,101.56057670380632,1.5605767038063192
7,Acetone,10.0,5.0404650162906535,4.9595349837093465
7,Acetaldehyde,100.0,70.05072519548094,29.949274804519064
7,Acetone,200.0,182.05319734153457,17.94680265846543
7,Acetone,20.0,18.978152810805724,1.0218471891942755
7,Acetaldehyde,250.0,183.71992966565102,66.28007033434898
7,Acetaldehyde,110.0,70.89372705039347,39.106272949606534
7,Acetone,150.0,149.56635747985456,0.43364252014544036
7,Acetone,50.0,47.717335100764714,2.282664899235286
7,Acetaldehyde,30.0,22.47623123296502,7.52376876703498
7,Acetaldehyde,80.0,61.43000505954187,18.56999494045813
7,Acetone,180.0,166.99511790435162,13.004882095648384
7,Acetone,80.0,74.19768460207163,5.802315397928368
7,Acetaldehyde,70.0,60.522304574068386,9.477695425931614
7,Acetone,250.0,210.77125622950217,39.22874377049783
7,Acetone,210.0,187.06957332587632,22.93042667412368
7,Acetaldehyde,150.0,99.3185407335132,50.6814592664868
7,Acetaldehyde,50.0,39.519894365037345,10.480105634962655
7,Acetone,230.0,205.78094771633658,24.219052283663416
7,Acetone,120.0,124.27015963819956,4.270159638199559
7,Acetaldehyde,120.0,84.39636597733563,35.603634022664366
7,Acetaldehyde,190.0,141.3312406763777,48.66875932362231
7,Acetone,90.0,92.00417937040038,2.0041793704003794
7,Acetone,170.0,164.38121851833984,5.6187814816601644
7,Acetaldehyde,40.0,35.658167183766366,4.341832816233634
7,Acetaldehyde,230.0,187.74384579410474,42.25615420589526
7,Acetone,240.0,208.30319481050446,31.696805189495535
7,Acetone,60.0,57.7786828958229,2.2213171041771034
7,Acetaldehyde,130.0,92.74100024321982,37.258999756780184
7,Acetaldehyde,90.0,68.33960523270571,21.660394767294292
7,Acetone,190.0,170.68382009029435,19.316179909705653
7,Acetone,30.0,33.175272093254975,3.175272093254975
7,Acetaldehyde,160.0,108.74733730246024,51.25266269753976
7,Acetaldehyde,240.0,193.69123009737697,46.30876990262303
7,Acetone,220.0,192.0467852756696,27.953214724330394
7,Acetone,110.0,106.01032329045862,3.989676709541385
7,Acetaldehyde,220.0,174.55367008454127,45.44632991545873
7,Acetaldehyde,60.0,51.34302992242539,8.656970077574613
7,Acetone,130.0,130.24249662766513,0.24249662766513325
7,Acetone,40.0,44.06020024720664,4.060200247206637
7,Acetaldehyde,200.0,154.29570557174858,45.704294428251416
7,Acetaldehyde,140.0,91.73522803910973,48.26477196089027
7,Acetone,70.0,65.5303137363269,4.469686263673097
7,Acetaldehyde,210.0,163.9185192167099,46.08148078329009
7,Acetaldehyde,170.0,133.9502147534434,36.04978524655661
7,Acetone,140.0,134.5495334598963,5.45046654010369
7,Acetone,160.0,158.81358616426934,1.1864138357306615
7,Acetaldehyde,180.0,132.9827052460493,47.017294753950694
7,Acetone,100.0,101.3496780695912,1.3496780695912065
7,Acetone,10.0,4.238924408039878,5.761075591960122
7,Acetaldehyde,100.0,68.41035729389299,31.589642706107014
7,Acetone,200.0,183.80670411204022,16.193295887959778
7,Acetone,20.0,19.13232087545184,0.867679124548161
7,Acetaldehyde,250.0,183.61585785079282,66.38414214920718
7,Acetaldehyde,110.0,78.13438124761639,31.86561875238361
7,Acetone,150.0,153.18389397608107,3.183893976081066
7,Acetone,50.0,48.74876029414226,1.251239705857742
7,Acetaldehyde,30.0,21.481008795135793,8.518991204864207
7,Acetaldehyde,80.0,63.90657594419467,16.09342405580533
7,Acetone,180.0,167.02866486551625,12.971335134483752
7,Acetone,80.0,76.03312651501724,3.966873484982756
7,Acetaldehyde,70.0,58.91700321515839,11.082996784841612
7,Acetone,250.0,213.23419163715946,36.765808362840545
7,Acetone,210.0,194.04511229704667,15.954887702953329
7,Acetaldehyde,150.0,97.15293048239738,52.84706951760262
7,Acetaldehyde,50.0,40.650234932068585,9.349765067931415
7,Acetone,230.0,190.00510353502702,39.99489646497298
7,Acetone,120.0,119.13229885084641,0.8677011491535893
7,Acetaldehyde,120.0,82.0135483749755,37.9864516250245
7,Acetaldehyde,190.0,152.4013984743396,37.5986015256604
7,Acetone,90.0,92.84542850301465,2.845428503014645
7,Acetone,170.0,159.7270880878928,10.27291191210719
7,Acetaldehyde,10.0,37.63396058070032,27.633960580700318
7,Acetaldehyde,230.0,171.079536096438,58.920463903561995
7,Acetone,240.0,200.5796589516694,39.42034104833061
7,Acetone,60.0,54.66887972814182,5.3311202718581825
7,Acetaldehyde,130.0,90.7043500864,39.2956499136
7,Acetaldehyde,90.0,63.97759623663559,26.02240376336441
7,Acetone,190.0,164.27742074028276,25.722579259717236
7,Acetone,30.0,27.277540600841235,2.7224593991587653
7,Acetaldehyde,160.0,110.2485668074373,49.7514331925627
7,Acetaldehyde,240.0,184.22985949550656,55.77014050449344
7,Acetone,220.0,188.20428162912424,31.79571837087576
7,Acetone,110.0,102.78943908656834,7.210560913431664
7,Acetaldehyde,220.0,164.4794206350609,55.520579364939096
7,Acetaldehyde,60.0,49.07548878421616,10.924511215783838
7,Acetone,130.0,127.09501643563075,2.904983564369246
7,Acetone,40.0,41.30668218240406,1.3066821824040602
7,Acetaldehyde,200.0,152.9502001722427,47.04979982775731
7,Acetaldehyde,140.0,90.21669596697274,49.783304033027264
7,Acetone,70.0,59.21202682203966,10.787973177960339
7,Acetaldehyde,210.0,154.5200970656731,55.4799029343269
7,Acetaldehyde,170.0,122.00148970761933,47.99851029238067
7,Acetone,140.0,130.62051424835332,9.379485751646683
7,Acetone,160.0,151.76032062441777,8.239679375582227
7,Acetaldehyde,180.0,135.4896361506409,44.510363849359095
7,Acetone,100.0,96.71284882766349,3.2871511723365074
7,Acetone,10.0,2.5190607697205962,7.480939230279404
7,Acetaldehyde,100.0,68.94693874291012,31.05306125708988
7,Acetone,200.0,186.9749814839031,13.025018516096907
7,Acetone,20.0,14.446339723914377,5.553660276085623
7,Acetaldehyde,250.0,172.64039350708686,77.35960649291314
7,Acetaldehyde,110.0,70.26916306981225,39.73083693018775
7,Acetone,150.0,137.73617063860434,12.263829361395665
7,Acetone,50.0,46.62469081210679,3.375309187893208
7,Acetaldehyde,30.0,21.017138904781163,8.982861095218837
7,Acetaldehyde,80.0,59.76843950263098,20.231560497369017
7,Acetone,180.0,159.9334777231947,20.0665222768053
7,Acetone,80.0,68.22955036178715,11.770449638212853
7,Acetaldehyde,70.0,57.60304243913231,12.39695756086769
7,Acetone,250.0,199.23937352273896,50.76062647726104
7,Acetone,210.0,179.39080923589438,30.60919076410562
7,Acetaldehyde,150.0,94.3198452845177,55.6801547154823
7,Acetaldehyde,50.0,36.271662215023426,13.728337784976574
7,Acetone,230.0,185.58526393157362,44.41473606842638
7,Acetone,120.0,109.53052622657779,10.469473773422209
7,Acetaldehyde,120.0,78.54092291382452,41.45907708617548
7,Acetaldehyde,190.0,141.6498698797971,48.35013012020289
7,Acetone,90.0,84.84908602082442,5.150913979175584
7,Acetone,170.0,149.90966049064244,20.090339509357563
7,Acetaldehyde,40.0,38.84844545802953,1.1515545419704694
7,Acetaldehyde,230.0,187.92532446151876,42.074675538481245
7,Acetone,240.0,198.5370718991504,41.46292810084961
7,Acetone,60.0,50.80184767701128,9.198152322988719
7,Acetaldehyde,130.0,88.9792771967829,41.0207228032171
7,Acetaldehyde,90.0,63.54744895867448,26.45255104132552
7,Acetone,190.0,163.0433732929052,26.956626707094813
7,Acetone,30.0,26.999531383183736,3.0004686168162635
7,Acetaldehyde,160.0,114.98207238691722,45.017927613082776
7,Acetaldehyde,240.0,182.98226605162463,57.017733948375366
7,Acetone,220.0,183.849569890591,36.150430109409
7,Acetone,110.0,96.97324386863997,13.026756131360031
7,Acetaldehyde,220.0,158.92149524676492,61.07850475323508
7,Acetaldehyde,60.0,48.48672224719347,11.51327775280653
7,Acetone,130.0,122.20930998411617,7.7906900158838255
7,Acetone,40.0,36.3656125640084,3.6343874359915986
7,Acetaldehyde,200.0,144.77502442034304,55.224975579656956
7,Acetaldehyde,140.0,91.072009568253,48.927990431747006
7,Acetone,70.0,59.4357822590229,10.5642177409771
7,Acetaldehyde,210.0,151.16271694427004,58.837283055729955
7,Acetaldehyde,170.0,121.70562164091591,48.29437835908409
7,Acetone,140.0,130.3858214354682,9.614178564531812
7,Acetone,160.0,143.79355248860494,16.206447511395055
7,Acetaldehyde,180.0,130.6010216531606,49.398978346839414
7,Acetone,100.0,103.72521055500465,3.725210555004651
7,Acetone,10.0,4.884362127791661,5.115637872208339
7,Acetaldehyde,100.0,67.21275277109146,32.78724722890854
7,Acetone,200.0,179.15804884146542,20.841951158534584
7,Acetone,20.0,17.62482285923629,2.375177140763711
7,Acetaldehyde,250.0,177.1246491235338,72.8753508764662
7,Acetaldehyde,110.0,70.50938946686377,39.490610533136234
7,Acetone,150.0,152.43161467835787,2.4316146783578745
7,Acetone,50.0,46.154822450018585,3.8451775499814147
7,Acetaldehyde,30.0,19.996756748772924,10.003243251227076
7,Acetaldehyde,80.0,59.274839440894965,20.725160559105035
7,Acetone,180.0,170.1622554666931,9.837744533306903
7,Acetone,80.0,76.00976555322171,3.990234446778288
7,Acetaldehyde,280.0,56.231206151678364,223.76879384832165
7,Acetone,250.0,205.51987906057178,44.48012093942822
7,Acetone,210.0,197.82041734203054,12.179582657969462
7,Acetaldehyde,150.0,95.50759709622248,54.49240290377752
7,Acetaldehyde,50.0,39.09477287665908,10.905227123340921
7,Acetone,230.0,197.05953191140333,32.940468088596674
7,Acetone,120.0,121.7009645787514,1.700964578751396
7,Acetaldehyde,120.0,78.09632338708407,41.90367661291593
7,Acetaldehyde,190.0,135.96320540298788,54.03679459701212
7,Acetone,90.0,95.0835914445452,5.083591444545206
7,Acetone,170.0,162.76516597379356,7.234834026206443
7,Acetaldehyde,40.0,35.33886598375281,4.661134016247189
7,Acetaldehyde,230.0,161.02129335154473,68.97870664845527
7,Acetone,240.0,205.4382463427044,34.56175365729561
7,Acetone,60.0,54.558577597959086,5.441422402040914
7,Acetaldehyde,130.0,87.34215726412515,42.65784273587485
7,Acetaldehyde,90.0,63.36977680905322,26.63022319094678
7,Acetone,190.0,175.23579121554164,14.764208784458361
7,Acetone,30.0,29.154557332430727,0.845442667569273
7,Acetaldehyde,160.0,110.42830712113005,49.57169287886995
7,Acetaldehyde,240.0,181.2067861126464,58.7932138873536
7,Acetone,220.0,194.0581728255377,25.941827174462304
7,Acetone,110.0,110.80412972294872,0.8041297229487157
7,Acetaldehyde,220.0,167.31871968143525,52.681280318564745
7,Acetaldehyde,60.0,48.8718951969024,11.1281048030976
7,Acetone,130.0,126.82292672301294,3.177073276987059
7,Acetone,40.0,40.368190091085154,0.3681900910851539
7,Acetaldehyde,200.0,152.86809705041264,47.13190294958736
7,Acetaldehyde,140.0,92.46342086144475,47.536579138555254
7,Acetone,70.0,67.53264268428842,2.467357315711581
7,Acetaldehyde,210.0,149.77586055478523,60.224139445214774
7,Acetaldehyde,170.0,120.46111603588824,49.53888396411176
7,Acetone,140.0,144.12999761179753,4.129997611797535
7,Acetone,160.0,161.0277690085071,1.0277690085071072
7,Acetaldehyde,180.0,128.00250363450047,51.99749636549953
7,Acetone,100.0,104.24451654141097,4.244516541410974
7,Acetone,10.0,5.399292054962757,4.600707945037243
7,Acetaldehyde,100.0,66.79222723949303,33.20777276050697
7,Acetone,200.0,183.46622015618897,16.533779843811033
7,Acetone,20.0,17.412843143666507,2.5871568563334932
7,Acetaldehyde,250.0,178.06128486852495,71.93871513147505
7,Acetaldehyde,110.0,71.60657441868486,38.39342558131514
7,Acetone,150.0,150.75095620102852,0.7509562010285151
7,Acetone,50.0,47.21295249995232,2.7870475000476773
7,Acetaldehyde,30.0,21.599145580145404,8.400854419854596
7,Acetaldehyde,80.0,59.406983752924674,20.593016247075326
7,Acetone,180.0,167.83912864199604,12.16087135800396
7,Acetone,80.0,77.95887922229849,2.041120777701508
7,Acetaldehyde,70.0,58.66018679032379,11.339813209676208
7,Acetone,250.0,207.20024790168753,42.79975209831247
7,Acetone,210.0,194.83853759003935,15.161462409960649
7,Acetaldehyde,50.0,38.1208716111004,11.879128388899602
7,Acetone,230.0,195.15067685119953,34.849323148800465
7,Acetone,120.0,126.4040499262328,6.404049926232801
7,Acetaldehyde,120.0,78.3648474555882,41.635152544411795
7,Acetaldehyde,190.0,134.59708990586327,55.40291009413673
7,Acetone,90.0,97.30329210224828,7.303292102248278
7,Acetone,170.0,166.708753483467,3.2912465165329934
7,Acetaldehyde,40.0,35.26654422420826,4.7334557757917395
7,Acetaldehyde,230.0,164.5935272464484,65.40647275355161
7,Acetone,240.0,212.9846866180631,27.015313381936892
7,Acetaldehyde,130.0,83.02620743364676,46.97379256635324
7,Acetaldehyde,90.0,62.21745124418338,27.78254875581662
7,Acetone,190.0,175.50818204294671,14.491817957053286
7,Acetone,30.0,31.506996009527725,1.5069960095277253
7,Acetaldehyde,160.0,108.90372875189696,51.09627124810304
7,Acetaldehyde,240.0,180.8321062867057,59.16789371329429
7,Acetone,220.0,197.82959113697493,22.170408863025074
7,Acetone,110.0,108.16727962354253,1.8327203764574733
7,Acetaldehyde,220.0,156.2371287599679,63.7628712400321
7,Acetaldehyde,60.0,48.08941722835762,11.910582771642382
7,Acetone,130.0,133.5414520893766,3.5414520893766053
7,Acetone,40.0,40.043483961742425,0.043483961742424526
7,Acetaldehyde,200.0,144.2004559395757,55.799544060424296
7,Acetaldehyde,140.0,94.6709533798182,45.3290466201818
7,Acetone,70.0,66.31024230806115,3.6897576919388513
7,Acetaldehyde,210.0,153.54245586940533,56.45754413059467
7,Acetaldehyde,170.0,123.93448261271584,46.06551738728416
7,Acetone,140.0,146.3440830228937,6.344083022893699
7,Acetone,160.0,164.13182995351312,4.131829953513119
7,Acetaldehyde,180.0,126.7967488585024,53.2032511414976
7,Acetone,100.0,103.42222847732133,3.422228477321326
7,Acetone,10.0,3.3749381497294166,6.625061850270583
7,Acetaldehyde,100.0,67.03887140786699,32.96112859213301
7,Acetone,200.0,186.2295334802797,13.770466519720287
7,Acetone,20.0,18.15367016749326,1.8463298325067399
7,Acetaldehyde,250.0,175.46857863458894,74.53142136541106
7,Acetaldehyde,110.0,72.5141147561154,37.485885243884596
7,Acetone,150.0,155.18097680015546,5.180976800155463
7,Acetone,50.0,47.20762155498008,2.7923784450199207
7,Acetaldehyde,30.0,22.77827405440111,7.221725945598891
7,Acetaldehyde,80.0,60.306628050024486,19.693371949975514
7,Acetone,180.0,170.37590594271012,9.62409405728988
7,Acetone,80.0,72.10924997603843,7.890750023961573
7,Acetaldehyde,70.0,56.81924031722946,13.180759682770542
7,Acetone,250.0,211.50335739904077,38.496642600959234
7,Acetone,210.0,196.5153760335539,13.484623966446094
7,Acetaldehyde,150.0,96.3719600264815,53.6280399735185
7,Acetaldehyde,50.0,39.914857039938326,10.085142960061674
7,Acetone,230.0,201.9992833057979,28.00071669420211
7,Acetone,120.0,125.5165489612283,5.516548961228295
7,Acetaldehyde,120.0,80.31795794944756,39.68204205055244
7,Acetaldehyde,190.0,129.37230788188916,60.62769211811084
7,Acetone,90.0,91.62202042069919,1.6220204206991866
7,Acetone,170.0,164.7662319733541,5.23376802664589
7,Acetaldehyde,40.0,35.64491637578901,4.355083624210991
7,Acetaldehyde,230.0,165.48426984537818,64.51573015462182
7,Acetone,240.0,208.54430317939796,31.455696820602043
7,Acetone,60.0,53.83084952054824,6.169150479451758
7,Acetaldehyde,130.0,86.0246075313617,43.975392468638304
7,Acetaldehyde,90.0,66.38452652464036,23.615473475359636
7,Acetone,190.0,174.89230222043798,15.107697779562017
7,Acetone,30.0,29.080768934260178,0.9192310657398224
7,Acetaldehyde,160.0,109.86832967575141,50.13167032424859
7,Acetaldehyde,240.0,180.15068359146454,59.84931640853546
7,Acetone,220.0,200.2526872145238,19.747312785476197
7,Acetone,110.0,109.81385811718,0.18614188281999589
7,Acetaldehyde,220.0,161.3666961324386,58.63330386756141
7,Acetaldehyde,60.0,51.722736139785866,8.277263860214134
7,Acetone,130.0,134.8342172718756,4.834217271875588
7,Acetone,40.0,43.338707436934826,3.3387074369348255
7,Acetaldehyde,200.0,149.70119684184493,50.29880315815507
7,Acetaldehyde,140.0,90.84100547193228,49.15899452806772
7,Acetone,70.0,71.166252165517,1.166252165516994
7,Acetaldehyde,210.0,149.91810336586508,60.08189663413492
7,Acetaldehyde,170.0,122.82601330567181,47.17398669432819
7,Acetone,140.0,142.0244561794237,2.0244561794237086
7,Acetone,160.0,164.54996572895,4.5499657289500135
7,Acetaldehyde,180.0,125.98822576969704,54.01177423030296
7,Acetone,100.0,106.98762128850555,6.987621288505551
7,Acetone,10.0,5.2297634235521,4.7702365764479
7,Acetaldehyde,100.0,68.31166076891935,31.688339231080647
7,Acetone,200.0,188.1491480381489,11.850851961851106
7,Acetone,20.0,17.325085038640708,2.674914961359292
7,Acetaldehyde,250.0,181.66590181755157,68.33409818244843
7,Acetaldehyde,110.0,71.54252546258513,38.45747453741487
7,Acetone,150.0,150.9279941300769,0.927994130076911
7,Acetone,50.0,50.238323133412464,0.23832313341246447
7,Acetaldehyde,30.0,23.57530207124543,6.4246979287545685
7,Acetaldehyde,80.0,60.41684370725457,19.58315629274543
7,Acetone,180.0,169.015585394673,10.984414605327004
7,Acetone,80.0,76.87154985128142,3.128450148718585
7,Acetaldehyde,70.0,59.47799915312305,10.52200084687695
7,Acetone,250.0,214.52880250095018,35.47119749904982
7,Acetone,210.0,192.6862166014173,17.3137833985827
7,Acetaldehyde,150.0,109.11634181651313,40.88365818348687
7,Acetaldehyde,50.0,41.353458562875645,8.646541437124355
7,Acetone,230.0,206.6929728056221,23.307027194377895
7,Acetone,120.0,127.77988376453652,7.779883764536521
7,Acetaldehyde,120.0,84.85529215235753,35.144707847642465
7,Acetaldehyde,190.0,147.17738150235434,42.822618497645664
7,Acetone,90.0,98.16381428736946,8.163814287369462
7,Acetone,170.0,170.87751051145273,0.8775105114527264
7,Acetaldehyde,10.0,38.35209913623133,28.35209913623133
7,Acetaldehyde,230.0,180.0149638886777,49.9850361113223
7,Acetone,240.0,213.15226341027915,26.847736589720853
7,Acetone,60.0,58.66256456715735,1.3374354328426534
7,Acetaldehyde,130.0,95.02763451155649,34.972365488443515
7,Acetaldehyde,90.0,67.922141316593,22.077858683407
7,Acetone,190.0,181.71364854293904,8.28635145706096
7,Acetone,30.0,26.814704056821512,3.185295943178488
7,Acetaldehyde,160.0,116.76240485607858,43.237595143921425
7,Acetaldehyde,240.0,192.5922366301653,47.4077633698347
7,Acetone,220.0,200.80943868825733,19.19056131174267
7,Acetone,110.0,118.74106932762909,8.741069327629091
7,Acetaldehyde,220.0,172.53678292735643,47.46321707264357
7,Acetaldehyde,60.0,50.84430062375361,9.155699376246389
7,Acetone,130.0,133.1040589423263,3.1040589423263043
7,Acetone,40.0,41.24985434617574,1.2498543461757379
7,Acetaldehyde,200.0,159.53696981922033,40.46303018077967
7,Acetaldehyde,140.0,98.18098636158885,41.81901363841115
7,Acetone,70.0,69.24603798965485,0.7539620103451483
7,Acetaldehyde,210.0,159.52027768680168,50.47972231319832
7,Acetaldehyde,170.0,134.96182689743668,35.03817310256332
7,Acetone,140.0,143.1333967026589,3.1333967026588994
7,Acetone,160.0,164.8609457827879,4.860945782787894
7,Acetaldehyde,180.0,140.34112978477611,39.658870215223885
7,Acetone,100.0,108.9699857947199,8.969985794719904
7,Acetone,10.0,9.646055748973481,0.35394425102651894
7,Acetaldehyde,100.0,65.56467559530657,34.43532440469343
7,Acetone,200.0,188.48038646275205,11.519613537247949
7,Acetone,20.0,18.544855143686434,1.4551448563135665
7,Acetaldehyde,250.0,179.4157010560852,70.5842989439148
7,Acetaldehyde,110.0,74.06780292249051,35.932197077509485
7,Acetone,150.0,149.5239460148805,0.47605398511950625
7,Acetone,50.0,46.14007481571309,3.859925184286908
7,Acetaldehyde,30.0,21.117814971930926,8.882185028069074
7,Acetaldehyde,80.0,61.76672117326032,18.233278826739678
7,Acetone,180.0,169.35056042132564,10.649439578674361
7,Acetone,80.0,76.89581295541859,3.1041870445814084
7,Acetaldehyde,70.0,58.45738622299919,11.54261377700081
7,Acetone,250.0,219.38958982201356,30.610410177986438
7,Acetone,210.0,200.2691307728239,9.7308692271761
7,Acetaldehyde,150.0,96.18684914002611,53.81315085997389
7,Acetaldehyde,50.0,40.38471425506371,9.615285744936287
7,Acetone,230.0,200.81253636292746,29.18746363707254
7,Acetone,120.0,121.72539349653472,1.7253934965347213
7,Acetaldehyde,120.0,76.22629671300852,43.77370328699148
7,Acetaldehyde,190.0,143.58777667682762,46.412223323172384
7,Acetone,90.0,89.88522496143426,0.1147750385657389
7,Acetone,170.0,160.3233869471893,9.676613052810694
7,Acetaldehyde,230.0,170.53690964532794,59.46309035467206
7,Acetone,240.0,219.58811549065604,20.411884509343963
7,Acetone,60.0,51.99013412582684,8.009865874173158
7,Acetaldehyde,130.0,92.4109163490943,37.58908365090571
7,Acetaldehyde,90.0,69.05309415389605,20.946905846103945
7,Acetone,190.0,176.57360512456285,13.426394875437154
7,Acetone,30.0,29.343352483952316,0.6566475160476841
7,Acetaldehyde,160.0,114.4755972309699,45.524402769030104
7,Acetaldehyde,240.0,173.53709757075057,66.46290242924943
7,Acetone,220.0,193.90932010137337,26.090679898626632
7,Acetone,110.0,114.67294122997077,4.672941229970775
7,Acetaldehyde,210.0,168.8837545588659,41.11624544113411
7,Acetaldehyde,60.0,49.59506310569246,10.40493689430754
7,Acetone,130.0,132.19239935846437,2.192399358464371
7,Acetone,40.0,38.941278243237434,1.0587217567625657
7,Acetaldehyde,200.0,152.50828982276815,47.49171017723185
7,Acetaldehyde,140.0,93.62130758241835,46.37869241758165
7,Acetone,70.0,64.5398136640643,5.460186335935703
7,Acetaldehyde,210.0,153.89319866425132,56.106801335748685
7,Acetaldehyde,170.0,126.4456087171435,43.5543912828565
7,Acetone,140.0,140.87107390707664,0.8710739070766351
7,Acetone,160.0,158.45844293441934,1.5415570655806619
7,Acetaldehyde,180.0,136.20268153057992,43.79731846942008
7,Ethylene,100.0,36.16244206622446,63.83755793377554
7,Ethylene,10.0,0.0,10.0
7,Ammonia,300.0,255.35616988378348,44.64383011621652
7,Ammonia,50.0,26.867770152205665,23.132229847794335
7,Ethylene,200.0,82.72679988576505,117.27320011423495
7,Ethylene,20.0,0.0,20.0
7,Ammonia,110.0,95.34052288737578,14.659477112624216
7,Ammonia,220.0,186.01070828341025,33.98929171658975
7,Ethylene,150.0,63.174431936239785,86.82556806376022
7,Ethylene,50.0,7.73397812877343,42.26602187122657
7,Ammonia,120.0,101.67916843210958,18.320831567890423
7,Ammonia,280.0,217.45276443191995,62.547235568080055
7,Ethylene,180.0,76.3036031011786,103.6963968988214
7,Ethylene,80.0,34.413200649753776,45.586799350246224
7,Ammonia,80.0,58.35286098882547,21.64713901117453
7,Ammonia,290.0,220.05356818445523,69.94643181554477
7,Ethylene,250.0,124.60498097656789,125.39501902343211
7,Ethylene,210.0,130.0629951961013,79.9370048038987
7,Ammonia,150.0,149.1238803280743,0.876119671925693
7,Ammonia,200.0,161.1978808672437,38.8021191327563
7,Ethylene,230.0,109.12175076411876,120.87824923588124
7,Ethylene,120.0,68.15049923090893,51.849500769091065
7,Ammonia,250.0,226.17989333246317,23.820106667536834
7,Ammonia,60.0,31.06253087403732,28.93746912596268
7,Ethylene,90.0,34.66340034228331,55.33659965771669
7,Ethylene,170.0,97.4924517562032,72.5075482437968
7,Ammonia,160.0,162.90203963293584,2.902039632935839
7,Ammonia,240.0,198.14085520530668,41.85914479469332
7,Ethylene,240.0,120.63464610092714,119.36535389907286
7,Ethylene,60.0,19.612050539536455,40.387949460463545
7,Ammonia,260.0,231.3302440733151,28.6697559266849
7,Ammonia,130.0,102.03633317332375,27.963666826676246
7,Ethylene,190.0,86.2704847501592,103.7295152498408
7,Ethylene,30.0,0.0,30.0
7,Ammonia,170.0,183.25534757364815,13.255347573648152
7,Ammonia,230.0,194.77332159044835,35.22667840955165
7,Ethylene,220.0,106.37998976119187,113.62001023880813
7,Ethylene,110.0,57.79860045117593,52.20139954882407
7,Ammonia,270.0,243.19402259083733,26.805977409162665
7,Ammonia,180.0,145.29638620638153,34.70361379361847
7,Ethylene,130.0,52.22777139301046,77.77222860698954
7,Ethylene,40.0,0.0,40.0
7,Ammonia,190.0,210.3228408397727,20.32284083977271
7,Ammonia,90.0,68.57340016463809,21.426599835361912
7,Ammonia,140.0,103.316668771741,36.68333122825899
7,Ethylene,70.0,21.356856976731535,48.643143023268465
7,Ammonia,70.0,42.8164563459824,27.183543654017598
7,Ammonia,100.0,81.59931792432874,18.400682075671256
7,Ethylene,140.0,63.51051238705681,76.4894876129432
7,Ethylene,160.0,97.65988097656873,62.34011902343127
7,Ammonia,210.0,222.9302945568013,12.9302945568013
7,Ethylene,100.0,38.66861555820897,61.33138444179103
7,Ethylene,10.0,0.0,10.0
7,Ammonia,300.0,253.23513478686112,46.764865213138876
7,Ammonia,50.0,23.25700686635041,26.74299313364959
7,Ethylene,200.0,90.11096222968436,109.88903777031564
7,Ethylene,20.0,0.0,20.0
7,Ammonia,110.0,97.78455382682458,12.215446173175422
7,Ammonia,220.0,182.19659487170503,37.80340512829497
7,Ethylene,150.0,63.77748050805647,86.22251949194353
7,Ethylene,50.0,13.782951521437013,36.21704847856299
7,Ammonia,120.0,103.67238018490258,16.32761981509742
7,Ammonia,280.0,225.18723519657536,54.81276480342464
7,Ethylene,180.0,78.78280303520445,101.21719696479555
7,Ethylene,80.0,41.33192414899527,38.66807585100473
7,Ammonia,80.0,70.0304457980234,9.969554201976607
7,Ammonia,290.0,236.38156354065467,53.61843645934533
7,Ethylene,250.0,127.23249520504052,122.76750479495948
7,Ethylene,210.0,126.6913149614872,83.3086850385128
7,Ammonia,150.0,156.57822812587966,6.5782281258796615
7,Ammonia,200.0,173.85702228093962,26.142977719060383
7,Ethylene,230.0,112.63551787117014,117.36448212882986
7,Ethylene,120.0,65.35072670820071,54.64927329179929
7,Ammonia,250.0,237.58611433768684,12.413885662313163
7,Ammonia,60.0,26.317928007214363,33.68207199278564
7,Ethylene,90.0,32.566355441256746,57.433644558743254
7,Ethylene,170.0,104.50663174516,65.49336825484
7,Ammonia,160.0,178.69664471640888,18.696644716408883
7,Ammonia,240.0,201.84748342977286,38.152516570227135
7,Ethylene,240.0,125.27092743802817,114.72907256197183
7,Ethylene,60.0,13.652329105178964,46.347670894821036
7,Ammonia,260.0,242.5963976913162,17.403602308683787
7,Ammonia,130.0,101.32974766454171,28.670252335458287
7,Ethylene,190.0,106.2123677830634,83.7876322169366
7,Ethylene,30.0,0.0,30.0
7,Ammonia,170.0,188.6180198867982,18.61801988679821
7,Ammonia,230.0,194.32061982632897,35.679380173671035
7,Ethylene,220.0,104.34726275549622,115.65273724450378
7,Ethylene,110.0,56.37576053266645,53.62423946733355
7,Ammonia,270.0,233.88944062608573,36.11055937391427
7,Ammonia,180.0,146.92461180078186,33.07538819921814
7,Ethylene,130.0,53.0927621586177,76.9072378413823
7,Ethylene,40.0,2.720338142571933,37.27966185742807
7,Ammonia,190.0,212.4765579757488,22.47655797574879
7,Ammonia,90.0,77.82804758920165,12.171952410798355
7,Ammonia,140.0,106.8623168524447,33.13768314755529
7,Ethylene,70.0,22.256194112296683,47.74380588770332
7,Ammonia,70.0,43.42432175197035,26.575678248029647
7,Ammonia,100.0,85.0478800994958,14.9521199005042
7,Ethylene,140.0,65.29400208424337,74.70599791575663
7,Ethylene,160.0,104.17462295293714,55.82537704706286
7,Ammonia,210.0,209.64284130445543,0.3571586955445696
7,Ethylene,100.0,40.10458429003644,59.89541570996356
7,Ethylene,10.0,0.0,10.0
7,Ammonia,300.0,251.5141524133079,48.4858475866921
7,Ammonia,50.0,21.118306388058173,28.881693611941827
7,Ethylene,200.0,101.51595936998908,98.48404063001092
7,Ethylene,20.0,0.0,20.0
7,Ammonia,110.0,99.72894776949492,10.271052230505077
7,Ammonia,220.0,181.32287915284084,38.67712084715916
7,Ethylene,150.0,68.41330294646079,81.58669705353921
7,Ethylene,50.0,13.315031088369054,36.684968911630946
7,Ammonia,120.0,101.4874920614986,18.5125079385014
7,Ammonia,280.0,226.1714870750045,53.82851292499549
7,Ethylene,180.0,78.40129988482013,101.59870011517987
7,Ethylene,80.0,36.34983917961722,43.65016082038278
7,Ammonia,80.0,66.03229931281534,13.96770068718466
7,Ammonia,290.0,231.81306469901295,58.186935300987045
7,Ethylene,250.0,141.09513269436235,108.90486730563765
7,Ethylene,210.0,134.71534469176828,75.28465530823172
7,Ammonia,150.0,148.66430004110617,1.3356999588938265
7,Ammonia,200.0,170.6594500993059,29.3405499006941
7,Ethylene,230.0,120.01359930268877,109.98640069731123
7,Ethylene,120.0,63.867567678900144,56.132432321099856
7,Ammonia,250.0,227.4611468296203,22.538853170379696
7,Ammonia,60.0,33.16960752403827,26.83039247596173
7,Ethylene,90.0,36.85081578500089,53.14918421499911
7,Ethylene,170.0,106.2092743779555,63.790725622044505
7,Ammonia,160.0,173.64071009329484,13.640710093294842
7,Ammonia,240.0,199.50651768289848,40.493482317101524
7,Ethylene,240.0,121.405431050109,118.594568949891
7,Ethylene,60.0,21.720651959933264,38.279348040066736
7,Ammonia,260.0,235.56063360596056,24.43936639403944
7,Ammonia,130.0,91.6280589130107,38.371941086989295
7,Ethylene,190.0,86.74144937990465,103.25855062009535
7,Ethylene,30.0,0.0,30.0
7,Ammonia,170.0,193.51901792227906,23.519017922279062
7,Ammonia,230.0,195.15731449208462,34.84268550791538
7,Ethylene,220.0,108.89386748114137,111.10613251885863
7,Ethylene,110.0,58.542038235591434,51.457961764408566
7,Ammonia,270.0,244.49423512028662,25.505764879713382
7,Ammonia,180.0,142.49186612436273,37.50813387563727
7,Ethylene,130.0,53.662982673347685,76.33701732665232
7,Ethylene,40.0,2.18728119201117,37.81271880798883
7,Ammonia,190.0,211.3483936482996,21.348393648299606
7,Ammonia,90.0,76.28986053916253,13.710139460837468
7,Ammonia,140.0,100.07655412828493,39.923445871715074
7,Ethylene,70.0,24.080939840674404,45.919060159325596
7,Ammonia,70.0,44.29733600913316,25.70266399086684
7,Ammonia,100.0,90.43613259115367,9.563867408846335
7,Ethylene,140.0,62.03092914298139,77.96907085701861
7,Ethylene,160.0,98.88064750189768,61.119352498102316
7,Ammonia,210.0,223.75731897486105,13.75731897486105
7,Ethylene,100.0,45.50119111191739,54.49880888808261
7,Ethylene,15.0,0.0,15.0
7,Ammonia,300.0,251.45023712763248,48.54976287236752
7,Ammonia,50.0,23.37047656823789,26.62952343176211
7,Ethylene,200.0,101.4614659797463,98.5385340202537
7,Ethylene,20.0,0.0,20.0
7,Ammonia,110.0,92.23183581444401,17.76816418555599
7,Ammonia,220.0,191.54492536851004,28.455074631489964
7,Ethylene,150.0,67.71460090271454,82.28539909728546
7,Ethylene,50.0,10.402552014956939,39.59744798504306
7,Ammonia,120.0,104.45074229866317,15.549257701336828
7,Ammonia,280.0,222.45257858387077,57.547421416129225
7,Ethylene,180.0,65.86937032438053,114.13062967561947
7,Ethylene,80.0,30.320395226396727,49.67960477360327
7,Ammonia,80.0,61.43734144783362,18.562658552166383
7,Ammonia,290.0,237.50694546968464,52.49305453031536
7,Ethylene,250.0,110.47528211672002,139.52471788327998
7,Ethylene,210.0,131.82960288437746,78.17039711562254
7,Ammonia,150.0,154.27459288006798,4.274592880067985
7,Ammonia,200.0,171.0979608056339,28.902039194366097
7,Ethylene,230.0,112.93096044014818,117.06903955985182
7,Ethylene,120.0,52.94320475096484,67.05679524903516
7,Ammonia,250.0,246.17329490909844,3.826705090901555
7,Ammonia,60.0,22.8545578648054,37.1454421351946
7,Ethylene,90.0,18.933461731958417,71.06653826804158
7,Ethylene,170.0,99.19324250829732,70.80675749170268
7,Ammonia,160.0,168.61279739891623,8.612797398916229
7,Ammonia,240.0,201.34975390331752,38.65024609668248
7,Ethylene,240.0,124.47697647580488,115.52302352419512
7,Ethylene,60.0,18.30249150310334,41.69750849689666
7,Ammonia,260.0,234.54313694038711,25.456863059612886
7,Ammonia,130.0,83.46560241946193,46.53439758053807
7,Ethylene,190.0,85.83166395748424,104.16833604251576
7,Ethylene,30.0,0.0,30.0
7,Ammonia,170.0,196.57877135852556,26.578771358525557
7,Ammonia,230.0,199.96469314814277,30.03530685185723
7,Ethylene,220.0,115.74180238584893,104.25819761415107
7,Ethylene,110.0,60.50497289611616,49.49502710388384
7,Ammonia,270.0,244.59903890727844,25.40096109272156
7,Ammonia,180.0,174.9815230198694,5.0184769801306
7,Ethylene,130.0,56.91355811837752,73.08644188162248
7,Ethylene,40.0,0.7698856054612122,39.23011439453879
7,Ammonia,190.0,213.3433052763823,23.343305276382296
7,Ammonia,90.0,97.59867581214458,7.598675812144577
7,Ammonia,140.0,129.99064755021766,10.009352449782341
7,Ethylene,70.0,22.717883763706865,47.282116236293135
7,Ammonia,70.0,50.67901949742456,19.320980502575438
7,Ammonia,100.0,105.56376820899813,5.563768208998127
7,Ethylene,140.0,57.76316173909163,82.23683826090837
7,Ethylene,160.0,103.27758071039906,56.722419289600936
7,Ammonia,210.0,222.45217835549698,12.452178355496983
7,Ethylene,100.0,27.75933804247103,72.24066195752897
7,Ethylene,10.0,0.0,10.0
7,Ammonia,300.0,263.45287735092563,36.54712264907437
7,Ammonia,50.0,25.055603396611417,24.944396603388583
7,Ethylene,200.0,108.89882270539961,91.10117729460039
7,Ethylene,20.0,0.0,20.0
7,Ammonia,110.0,116.01174680065668,6.011746800656681
7,Ammonia,220.0,207.05146495285533,12.948535047144674
7,Ethylene,150.0,59.71251013732628,90.28748986267372
7,Ethylene,50.0,17.38493716339488,32.61506283660512
7,Ammonia,120.0,112.46900672242478,7.53099327757522
7,Ammonia,280.0,244.08570154588708,35.914298454112924
7,Ethylene,180.0,85.25200057826854,94.74799942173146
7,Ethylene,80.0,44.13348237867747,35.86651762132253
7,Ammonia,80.0,84.72036989128499,4.720369891284989
7,Ammonia,290.0,247.77849600978874,42.22150399021126
7,Ethylene,250.0,151.44756470746023,98.55243529253977
7,Ethylene,210.0,143.24086522542046,66.75913477457954
7,Ammonia,150.0,174.0975647603229,24.09756476032291
7,Ammonia,200.0,189.2626540448975,10.737345955102512
7,Ethylene,230.0,137.97092691753804,92.02907308246196
7,Ethylene,120.0,78.51220965128621,41.48779034871379
7,Ammonia,250.0,240.81982411698655,9.180175883013447
7,Ammonia,60.0,41.95367378430453,18.046326215695473
7,Ethylene,90.0,39.87960274380589,50.12039725619411
7,Ethylene,170.0,116.90053532462113,53.09946467537887
7,Ammonia,160.0,193.80176724514524,33.80176724514524
7,Ammonia,240.0,219.43962024362776,20.560379756372242
7,Ethylene,240.0,119.2289844710159,120.7710155289841
7,Ethylene,60.0,23.469993690091485,36.530006309908515
7,Ammonia,260.0,243.55049211041526,16.449507889584737
7,Ammonia,130.0,118.37786560265673,11.622134397343274
7,Ethylene,190.0,93.26622869610026,96.73377130389974
7,Ethylene,30.0,0.0,30.0
7,Ammonia,170.0,203.63560678310938,33.63560678310938
7,Ammonia,230.0,211.14423758116607,18.855762418833933
7,Ethylene,220.0,114.10073093673647,105.89926906326353
7,Ethylene,110.0,64.37459538595789,45.62540461404211
7,Ammonia,270.0,250.63842799374603,19.361572006253965
7,Ammonia,180.0,172.37517924676973,7.624820753230267
7,Ethylene,130.0,62.253495532172266,67.74650446782773
7,Ethylene,40.0,4.135355555199794,35.864644444800206
7,Ammonia,190.0,207.08260829082923,17.082608290829228
7,Ammonia,90.0,105.15752709847553,15.157527098475526
7,Ammonia,140.0,128.37848417726042,11.621515822739582
7,Ethylene,70.0,23.350686434720103,46.6493135652799
7,Ammonia,70.0,51.59976800620255,18.400231993797448
7,Ammonia,100.0,113.09457504939358,13.094575049393583
7,Ethylene,140.0,62.83422533527735,77.16577466472265
7,Ethylene,160.0,94.05618878516836,65.94381121483164
7,Ammonia,210.0,218.567790386616,8.567790386615997
7,Ethylene,100.0,41.30904225985158,58.69095774014842
7,Ethylene,10.0,0.0,10.0
7,Ammonia,300.0,264.2753631420354,35.72463685796458
7,Ammonia,50.0,21.044057058422112,28.955942941577888
7,Ethylene,200.0,92.78200982268152,107.21799017731848
7,Ethylene,20.0,0.0,20.0
7,Ammonia,110.0,100.35742951616618,9.642570483833822
7,Ammonia,220.0,200.88133778457905,19.118662215420954
7,Ethylene,150.0,72.29311515990288,77.70688484009712
7,Ethylene,50.0,7.441934960268213,42.55806503973179
7,Ammonia,120.0,125.75741475802427,5.757414758024268
7,Ammonia,280.0,233.29341157632672,46.70658842367328
7,Ethylene,180.0,97.86424312776,82.13575687224
7,Ethylene,80.0,36.80447958076232,43.19552041923768
7,Ammonia,80.0,56.8922547501453,23.107745249854702
7,Ammonia,290.0,243.8584869650487,46.14151303495129
7,Ethylene,250.0,139.78290457827364,110.21709542172636
7,Ethylene,210.0,138.076497352434,71.92350264756601
7,Ammonia,150.0,156.7879705349551,6.787970534955093
7,Ammonia,200.0,200.85769435201044,0.8576943520104408
7,Ethylene,230.0,126.26276341842033,103.73723658157967
7,Ethylene,120.0,59.65184656330875,60.34815343669125
7,Ammonia,250.0,243.8033687128108,6.196631287189206
7,Ammonia,60.0,40.20638725058181,19.793612749418187
7,Ethylene,90.0,30.956903354929395,59.043096645070605
7,Ethylene,170.0,101.30880072640159,68.69119927359841
7,Ammonia,160.0,179.6330281502774,19.633028150277397
7,Ammonia,240.0,214.64085082488265,25.359149175117352
7,Ethylene,240.0,130.84781025618486,109.15218974381514
7,Ethylene,60.0,18.598483914593672,41.40151608540633
7,Ammonia,260.0,248.8780168526098,11.12198314739021
7,Ammonia,130.0,106.39698657969143,23.60301342030857
7,Ethylene,190.0,97.77223468018235,92.22776531981765
7,Ethylene,30.0,0.0,30.0
7,Ammonia,170.0,194.0998318937988,24.099831893798807
7,Ammonia,230.0,204.44748907195697,25.552510928043034
7,Ethylene,220.0,120.9089858215995,99.0910141784005
7,Ethylene,110.0,55.56255332574534,54.43744667425466
7,Ammonia,270.0,249.27536673099695,20.72463326900305
7,Ammonia,180.0,171.91425431157697,8.085745688423032
7,Ethylene,130.0,53.99198176925999,76.00801823074
7,Ethylene,40.0,0.039583045661998995,39.960416954338
7,Ammonia,190.0,211.56810478683644,21.568104786836443
7,Ammonia,90.0,68.5836007298855,21.416399270114496
7,Ammonia,140.0,118.68757545921804,21.31242454078196
7,Ethylene,70.0,18.05735781591264,51.94264218408736
7,Ammonia,70.0,32.23397714540462,37.76602285459538
7,Ammonia,100.0,66.65008218809115,33.34991781190885
7,Ethylene,140.0,55.35597175236116,84.64402824763884
7,Ethylene,160.0,85.18810180119539,74.81189819880461
7,Ammonia,210.0,215.77240239518898,5.772402395188976
7,Ethylene,100.0,20.814027934031003,79.185972065969
7,Ethylene,10.0,0.0,10.0
7,Ammonia,300.0,255.37148223996277,44.62851776003723
7,Ammonia,50.0,13.154024648507601,36.8459753514924
7,Ethylene,200.0,87.94001483801479,112.05998516198521
7,Ethylene,20.0,0.0,20.0
7,Ammonia,110.0,85.1163188372634,24.883681162736593
7,Ammonia,220.0,194.717309694317,25.28269030568299
7,Ethylene,150.0,53.995838206805544,96.00416179319446
7,Ethylene,50.0,3.1188365070522934,46.88116349294771
7,Ammonia,120.0,103.95797368817992,16.04202631182008
7,Ammonia,280.0,227.31621736611453,52.68378263388547
7,Ethylene,180.0,70.51641115574333,109.48358884425667
7,Ethylene,80.0,23.064227370913983,56.93577262908602
7,Ammonia,80.0,44.844037863294844,35.155962136705156
7,Ammonia,290.0,238.00933957513456,51.99066042486544
7,Ethylene,250.0,116.65615736711584,133.34384263288416
7,Ethylene,210.0,110.93871141204785,99.06128858795215
7,Ammonia,150.0,135.84377811857362,14.156221881426376
7,Ammonia,200.0,181.98471885812307,18.015281141876926
7,Ethylene,230.0,108.32906534084059,121.67093465915941
7,Ethylene,120.0,49.85934013339708,70.14065986660292
7,Ammonia,250.0,235.04804039452836,14.951959605471643
7,Ammonia,60.0,27.055150689576124,32.944849310423876
7,Ethylene,90.0,20.89146325511686,69.10853674488314
7,Ethylene,170.0,85.03278720860268,84.96721279139732
7,Ammonia,160.0,152.1467228165847,7.853277183415287
7,Ammonia,240.0,200.33814560327477,39.66185439672523
7,Ethylene,240.0,109.74783355125996,130.25216644874004
7,Ethylene,60.0,8.89942041665961,51.10057958334039
7,Ammonia,260.0,243.2202433466078,16.779756653392212
7,Ammonia,130.0,79.70272233363559,50.29727766636441
7,Ethylene,190.0,74.2261358325592,115.7738641674408
7,Ethylene,30.0,0.0,30.0
7,Ammonia,170.0,169.06300551443934,0.9369944855606605
7,Ammonia,230.0,194.21148687834014,35.78851312165986
7,Ethylene,220.0,98.16344831462578,121.83655168537422
7,Ethylene,110.0,40.78683577666045,69.21316422333955
7,Ammonia,270.0,242.98359053679113,27.016409463208873
7,Ammonia,180.0,148.28022099707198,31.71977900292802
7,Ethylene,130.0,44.04199209904513,85.95800790095487
7,Ethylene,50.0,0.0,50.0
7,Ammonia,190.0,205.18775657156056,15.187756571560556
7,Ammonia,90.0,56.71416819250334,33.28583180749666
7,Ammonia,140.0,98.1006961634463,41.8993038365537
7,Ethylene,70.0,13.01181501003748,56.98818498996252
7,Ammonia,70.0,29.88391242583991,40.11608757416009
7,Ammonia,100.0,65.07828381696646,34.92171618303354
7,Ethylene,140.0,58.52032735280102,81.47967264719898
7,Ethylene,160.0,92.89144627522985,67.10855372477015
7,Ammonia,210.0,218.86732544832722,8.867325448327222
7,Ethylene,100.0,38.132327238945464,61.867672761054536
7,Ethylene,10.0,0.0,10.0
7,Ammonia,300.0,258.5694365278613,41.430563472138715
7,Ammonia,50.0,19.285466757785244,30.714533242214756
7,Ethylene,200.0,107.61026808642828,92.38973191357172
7,Ethylene,20.0,0.0,20.0
7,Ammonia,110.0,94.09365559998739,15.906344400012614
7,Ammonia,220.0,185.80675410627248,34.19324589372752
7,Ethylene,150.0,67.23633898767145,82.76366101232855
7,Ethylene,50.0,6.528315590753294,43.471684409246706
7,Ammonia,120.0,106.56497368070256,13.435026319297435
7,Ammonia,280.0,226.8925939928485,53.107406007151496
7,Ethylene,180.0,89.14551590403673,90.85448409596327
7,Ethylene,80.0,28.38187605106384,51.61812394893616
7,Ammonia,80.0,47.852137137089485,32.147862862910515
7,Ammonia,290.0,236.9283605276206,53.07163947237939
7,Ethylene,250.0,133.17225591837808,116.82774408162192
7,Ethylene,210.0,121.3736167103465,88.6263832896535
7,Ammonia,150.0,148.40729626678706,1.592703733212943
7,Ammonia,200.0,173.0566499371969,26.94335006280309
7,Ethylene,230.0,113.89229004379155,116.10770995620845
7,Ethylene,120.0,57.71541167572745,62.28458832427255
7,Ammonia,250.0,238.95235949172042,11.047640508279585
7,Ammonia,60.0,27.1912973512802,32.8087026487198
7,Ethylene,90.0,25.863845744502555,64.13615425549744
7,Ethylene,170.0,91.5656805153585,78.4343194846415
7,Ammonia,160.0,182.46217193656747,22.462171936567472
7,Ammonia,240.0,216.1570957480641,23.84290425193589
7,Ethylene,240.0,126.79223662232486,113.20776337767514
7,Ethylene,60.0,15.145217502322893,44.85478249767711
7,Ammonia,260.0,253.77222640991874,6.227773590081256
7,Ammonia,130.0,105.65329216396722,24.346707836032778
7,Ethylene,190.0,87.24183924738995,102.75816075261005
7,Ethylene,30.0,0.0,30.0
7,Ammonia,170.0,187.65049364833,17.650493648330013
7,Ammonia,230.0,223.21378666780743,6.786213332192574
7,Ethylene,220.0,107.37340481593645,112.62659518406355
7,Ethylene,110.0,44.06356460824658,65.93643539175342
7,Ammonia,270.0,258.2901346052704,11.709865394729604
7,Ammonia,180.0,177.65808708460355,2.341912915396449
7,Ethylene,130.0,42.50400334850576,87.49599665149424
7,Ethylene,40.0,0.0,40.0
7,Ammonia,190.0,211.5494944240731,21.54949442407309
7,Ammonia,90.0,67.70494240270912,22.295057597290878
7,Ammonia,140.0,123.32607166662069,16.67392833337931
7,Ethylene,70.0,14.76192740390536,55.23807259609464
7,Ammonia,70.0,30.96758841216682,39.03241158783318
7,Ammonia,100.0,79.31906949635318,20.68093050364682
7,Ethylene,140.0,47.86341757323345,92.13658242676655
7,Ethylene,160.0,71.80416097657408,88.19583902342592
7,Ammonia,210.0,225.19535047310126,15.195350473101257
7,Ethylene,100.0,29.625452730681715,70.37454726931828
7,Ethylene,10.0,0.0,10.0
7,Ammonia,300.0,269.8341770875098,30.165822912490228
7,Ammonia,50.0,21.50412579193963,28.49587420806037
7,Ethylene,200.0,92.13431186460843,107.86568813539157
7,Ethylene,20.0,0.0,20.0
7,Ammonia,110.0,94.83153124984875,15.168468750151249
7,Ammonia,220.0,217.99280293799933,2.007197062000671
7,Ethylene,150.0,51.574282952843575,98.42571704715643
7,Ethylene,50.0,3.5808655710241624,46.41913442897584
7,Ammonia,120.0,111.19279410367177,8.807205896328227
7,Ammonia,280.0,236.74101249855931,43.258987501440686
7,Ethylene,180.0,69.0876752265152,110.9123247734848
7,Ethylene,80.0,20.707309965091213,59.29269003490879
7,Ammonia,80.0,50.15258983887661,29.847410161123392
7,Ammonia,290.0,243.57336344165262,46.42663655834738
7,Ethylene,250.0,114.89613676354278,135.10386323645722
7,Ethylene,210.0,113.89532897123553,96.10467102876447
7,Ammonia,150.0,150.27130639881727,0.2713063988172735
7,Ammonia,200.0,198.27063487084783,1.7293651291521712
7,Ethylene,230.0,100.24194490116764,129.75805509883236
7,Ethylene,120.0,43.57425407542668,76.42574592457332
7,Ammonia,250.0,245.37992130387818,4.620078696121823
7,Ammonia,60.0,27.704377244889272,32.29562275511073
7,Ethylene,90.0,23.5626146937379,66.4373853062621
7,Ethylene,170.0,77.59997251655781,92.40002748344219
7,Ammonia,160.0,164.94030190166558,4.940301901665578
7,Ammonia,240.0,219.22703543762913,20.772964562370873
7,Ethylene,240.0,100.21884776047702,139.78115223952298
7,Ethylene,60.0,8.297124352933224,51.702875647066776
7,Ammonia,260.0,251.21951298825522,8.780487011744782
7,Ammonia,130.0,107.8316283382265,22.168371661773506
7,Ethylene,190.0,67.97717577534404,122.02282422465596
7,Ethylene,30.0,0.0,30.0
7,Ammonia,170.0,178.35388542359289,8.353885423592885
7,Ammonia,230.0,213.7091472891837,16.290852710816296
7,Ethylene,220.0,87.30747572069347,132.69252427930653
7,Ethylene,110.0,36.58863432943963,73.41136567056037
7,Ammonia,270.0,255.24861565176195,14.751384348238048
7,Ammonia,180.0,165.07052421058967,14.929475789410333
7,Ethylene,130.0,39.56176861523032,90.43823138476968
7,Ethylene,40.0,0.0,40.0
7,Ammonia,190.0,214.38846138900482,24.388461389004817
7,Ammonia,90.0,66.08910210067971,23.91089789932029
7,Ammonia,140.0,122.20073882729798,17.799261172702018
7,Ethylene,70.0,14.847181361405973,55.15281863859403
7,Ammonia,70.0,32.148819890016924,37.851180109983076
7,Ammonia,100.0,81.19191874416165,18.808081255838346
7,Ethylene,140.0,45.92903559922367,94.07096440077633
7,Ethylene,160.0,85.735746044716,74.264253955284
7,Ammonia,210.0,225.37365479240302,15.373654792403016
7,Ethylene,100.0,32.32113124178501,67.67886875821499
7,Ethylene,10.0,0.0,10.0
7,Ammonia,300.0,265.58335247168355,34.416647528316446
7,Ammonia,50.0,17.994839853891136,32.005160146108864
7,Ethylene,200.0,94.83819098932854,105.16180901067146
7,Ethylene,20.0,0.0,20.0
7,Ammonia,110.0,101.61720150308926,8.382798496910738
7,Ammonia,220.0,211.85727124753777,8.142728752462233
7,Ethylene,150.0,62.704001017754166,87.29599898224583
7,Ethylene,50.0,6.573316975774333,43.42668302422567
7,Ammonia,120.0,123.61650471072751,3.6165047107275115
7,Ammonia,280.0,235.63088206487612,44.36911793512388
7,Ethylene,180.0,90.06307727669942,89.93692272330058
7,Ethylene,80.0,34.62593165540238,45.37406834459762
7,Ammonia,80.0,59.031032780741185,20.968967219258815
7,Ammonia,290.0,247.32447986751475,42.67552013248525
7,Ethylene,250.0,143.90865876773782,106.09134123226218
7,Ethylene,210.0,131.73106212952217,78.26893787047783
7,Ammonia,150.0,177.8215361030229,27.821536103022908
7,Ammonia,200.0,193.71783984592304,6.282160154076962
7,Ethylene,230.0,131.10458470011235,98.89541529988765
7,Ethylene,120.0,70.36192351817918,49.63807648182082
7,Ammonia,250.0,248.81215467427347,1.1878453257265278
7,Ammonia,60.0,41.0740718504761,18.925928149523898
7,Ethylene,90.0,40.075659831795505,49.924340168204495
7,Ethylene,170.0,116.65872314265732,53.34127685734268
7,Ammonia,160.0,199.11160372447767,39.111603724477675
7,Ammonia,240.0,224.31698249760453,15.683017502395472
7,Ethylene,240.0,141.86106680203056,98.13893319796944
7,Ethylene,60.0,21.460683813241005,38.539316186758995
7,Ammonia,260.0,250.20737941205408,9.792620587945919
7,Ammonia,130.0,120.50990958298048,9.490090417019516
7,Ethylene,190.0,110.44251228302899,79.55748771697101
7,Ethylene,30.0,0.0,30.0
7,Ammonia,170.0,205.40605540114922,35.40605540114922
7,Ammonia,230.0,210.91556689146447,19.084433108535535
7,Ethylene,220.0,131.22962853337745,88.77037146662255
7,Ethylene,30.0,63.70424622474431,33.70424622474431
7,Ammonia,270.0,261.86330988410225,8.13669011589775
7,Ammonia,180.0,182.3266747214813,2.326674721481311
7,Ethylene,130.0,70.45594185704259,59.54405814295741
7,Ethylene,40.0,2.558549078966479,37.44145092103352
7,Ammonia,190.0,222.85783462525302,32.85783462525302
7,Ammonia,90.0,78.19253048511928,11.807469514880722
7,Ammonia,140.0,133.55446473007552,6.445535269924477
7,Ethylene,70.0,24.938830986624637,45.06116901337536
7,Ammonia,70.0,47.62221144936994,22.377788550630058
7,Ammonia,100.0,84.81972551417661,15.18027448582339
7,Ethylene,140.0,77.84323481653928,62.15676518346072
7,Ethylene,160.0,108.22912972061212,51.77087027938788
7,Ammonia,210.0,229.94179269913357,19.941792699133572
7,Ethylene,100.0,53.45227993707748,46.54772006292252
7,Ethylene,10.0,0.0,10.0
7,Ammonia,300.0,274.7760319112515,25.223968088748506
7,Ammonia,50.0,30.842285162306794,19.157714837693206
7,Ethylene,200.0,120.6244248023852,79.3755751976148
7,Ethylene,10.0,0.0,10.0
7,Ammonia,110.0,117.1587420147008,7.158742014700806
7,Ammonia,220.0,200.0925600060811,19.9074399939189
7,Ethylene,150.0,83.85060942874007,66.14939057125993
7,Ethylene,50.0,14.576210684004977,35.42378931599502
7,Ammonia,120.0,130.85113990585208,10.85113990585208
7,Ammonia,280.0,241.02098850690786,38.979011493092145
7,Ethylene,180.0,106.65704354643786,73.34295645356214
7,Ethylene,80.0,39.60563242906042,40.39436757093958
7,Ammonia,80.0,59.46202996240089,20.53797003759911
7,Ammonia,290.0,250.63146111285124,39.36853888714876
7,Ethylene,250.0,151.8886354487307,98.1113645512693
7,Ethylene,210.0,139.09387707661452,70.90612292338548
7,Ammonia,150.0,179.68613330416702,29.686133304167015
7,Ammonia,200.0,196.30547853555095,3.6945214644490534
7,Ethylene,230.0,135.5031333542955,94.4968666457045
7,Ethylene,120.0,72.42788402931441,47.57211597068559
7,Ammonia,250.0,244.86050608100942,5.139493918990581
7,Ammonia,60.0,39.329669906860076,20.670330093139924
7,Ethylene,90.0,48.53299413910396,41.46700586089604
7,Ethylene,170.0,121.73016354831606,48.26983645168394
7,Ammonia,160.0,191.54475322677433,31.544753226774333
7,Ammonia,240.0,221.71033114116977,18.289668858830225
7,Ethylene,240.0,147.87191993747848,92.12808006252152
7,Ethylene,60.0,23.89654679975048,36.10345320024952
7,Ammonia,260.0,249.8633392540395,10.136660745960512
7,Ammonia,130.0,119.17143481714893,10.828565182851065
7,Ethylene,190.0,114.13238980149505,75.86761019850495
7,Ethylene,30.0,0.0,30.0
7,Ammonia,170.0,206.99103069774668,36.99103069774668
7,Ammonia,230.0,217.0718119111519,12.928188088848088
7,Ethylene,220.0,125.08036407754844,94.91963592245156
7,Ethylene,110.0,68.3028375076946,41.697162492305395
7,Ammonia,270.0,259.1490822260402,10.850917773959793
7,Ammonia,180.0,177.51534204468828,2.484657955311718
7,Ethylene,130.0,70.56608829868692,59.43391170131308
7,Ethylene,40.0,3.2948695138352946,36.705130486164705
7,Ammonia,190.0,225.49842710708566,35.49842710708566
7,Ammonia,90.0,77.73100981618799,12.268990183812008
7,Ammonia,140.0,134.725120624422,5.274879375577996
7,Ethylene,70.0,21.991233064302705,48.008766935697295
7,Ammonia,70.0,43.94120511476068,26.058794885239323
7,Ammonia,100.0,92.90522807409323,7.09477192590677
7,Ethylene,140.0,83.01991077347797,56.980089226522026
7,Ethylene,160.0,108.36799187558967,51.63200812441033
7,Ammonia,210.0,235.42630193775156,25.42630193775156
7,Ethylene,100.0,47.64687633591828,52.35312366408172
7,Ethylene,10.0,0.0,10.0
7,Ammonia,300.0,271.551725469236,28.448274530764024
7,Ammonia,50.0,31.35274620371122,18.64725379628878
7,Ethylene,200.0,125.40886315432604,74.59113684567396
7,Ethylene,20.0,0.0,20.0
7,Ammonia,110.0,122.78906137961872,12.789061379618715
7,Ammonia,220.0,206.3495322927251,13.650467707274913
7,Ethylene,150.0,91.00633637935988,58.99366362064012
7,Ethylene,50.0,11.589873535391078,38.41012646460892
7,Ammonia,120.0,129.8251145565281,9.825114556528092
7,Ammonia,280.0,248.0171801435016,31.982819856498395
7,Ethylene,180.0,108.2093085519819,71.7906914480181
7,Ethylene,80.0,40.9782533545969,39.0217466454031
7,Ammonia,80.0,61.581506253250126,18.418493746749874
7,Ammonia,290.0,256.2668501907187,33.733149809281315
7,Ethylene,250.0,149.172179142658,100.827820857342
7,Ethylene,210.0,141.89223340385257,68.10776659614743
7,Ammonia,150.0,182.17091813601618,32.170918136016184
7,Ammonia,200.0,198.35690606858623,1.6430939314137731
7,Ethylene,230.0,137.80042959179448,92.19957040820552
7,Ethylene,120.0,74.2989659833763,45.701034016623694
7,Ammonia,250.0,244.98989977714064,5.010100222859364
7,Ammonia,60.0,41.40964626674888,18.59035373325112
7,Ethylene,90.0,45.08064404486697,44.91935595513303
7,Ethylene,170.0,118.6357337777406,51.3642662222594
7,Ammonia,160.0,191.9653761275466,31.96537612754659
7,Ammonia,240.0,215.62577980831225,24.374220191687755
7,Ethylene,240.0,144.109994034599,95.890005965401
7,Ethylene,60.0,23.015198462004307,36.98480153799569
7,Ammonia,260.0,249.13293431316845,10.867065686831552
7,Ammonia,130.0,121.61605761760961,8.383942382390387
7,Ethylene,190.0,114.63356507955606,75.36643492044394
7,Ethylene,30.0,0.0,30.0
7,Ammonia,170.0,209.3969938391907,39.39699383919071
7,Ammonia,230.0,215.27678038813457,14.723219611865431
7,Ethylene,220.0,133.90960941313762,86.09039058686238
7,Ethylene,110.0,67.69390139668151,42.30609860331849
7,Ammonia,270.0,253.36986919095608,16.63013080904392
7,Ammonia,180.0,183.22071384092044,3.220713840920439
7,Ethylene,130.0,78.27497520272784,51.725024797272155
7,Ethylene,40.0,5.5748201426035,34.4251798573965
7,Ammonia,190.0,222.9143597830094,32.91435978300939
7,Ammonia,90.0,75.04397706164323,14.956022938356767
7,Ammonia,140.0,135.6156444948103,4.3843555051896885
7,Ethylene,70.0,26.585800466351827,43.41419953364817
7,Ammonia,70.0,45.59426051659416,24.40573948340584
7,Ammonia,100.0,93.80964343104822,6.190356568951785
7,Ethylene,140.0,83.75517108908801,56.24482891091199
7,Ethylene,160.0,111.38665198535821,48.61334801464179
7,Ammonia,210.0,234.18425177633395,24.18425177633395
7,Toluene,100.0,114.96352113261135,14.963521132611348
7,Toluene,1.0,0.0,1.0
7,Ethanol,50.0,239.74733597960983,189.74733597960983
7,Ethanol,100.0,0.0,100.0
7,Toluene,5.0,0.0,5.0
7,Toluene,10.0,1.1192096553663475,8.880790344633652
7,Ethanol,110.0,115.32181108549385,5.321811085493849
7,Ethanol,220.0,199.81330164189106,20.18669835810894
7,Toluene,60.0,76.88344718412363,16.883447184123625
7,Toluene,20.0,20.19859034999486,0.19859034999485914
7,Ethanol,120.0,132.07898225978113,12.078982259781128
7,Ethanol,280.0,221.01647573841817,58.983524261581834
7,Toluene,70.0,94.41057595930984,24.41057595930984
7,Toluene,30.0,38.920325450847585,8.920325450847585
7,Ethanol,130.0,231.14582373337763,101.14582373337763
7,Toluene,95.0,110.95452413874952,15.95452413874952
7,Toluene,85.0,97.59600667273563,12.596006672735626
7,Ethanol,200.0,175.67131022978396,24.328689770216045
7,Toluene,45.0,58.36002609205947,13.36002609205947
7,Toluene,65.0,81.19619362711431,16.19619362711431
7,Ethanol,250.0,220.1780584071209,29.821941592879114
7,Ethanol,60.0,1.68017827136552,58.31982172863448
7,Toluene,15.0,12.81709507208457,2.1829049279154304
7,Toluene,50.0,65.3459762596821,15.345976259682104
7,Ethanol,10.0,178.82095171634256,168.82095171634256
7,Ethanol,240.0,201.36451899473374,38.63548100526626
7,Toluene,40.0,55.664148252141246,15.664148252141246
7,Toluene,35.0,48.04358060499189,13.043580604991888
7,Ethanol,10.0,223.21390884712923,213.21390884712923
7,Ethanol,130.0,88.9594406439495,41.040559356050494
7,Toluene,75.0,93.26679723133411,18.26679723133411
7,Toluene,90.0,98.85512992659645,8.855129926596447
7,Ethanol,230.0,190.22846265667704,39.77153734332296
7,Toluene,80.0,94.75907947766143,14.75907947766143
7,Toluene,55.0,76.05237035435235,21.052370354352348
7,Ethanol,180.0,155.11764460934552,24.88235539065448
7,Toluene,25.0,30.477610745089905,5.477610745089905
7,Toluene,2.5,0.0,2.5
7,Ethanol,190.0,200.78837969160125,10.78837969160125
7,Ethanol,180.0,34.38396442096533,145.61603557903467
7,Ethanol,140.0,104.83266776823118,35.167332231768825
7,Ethanol,70.0,10.918070798496586,59.081929201503414
7,Ethanol,280.0,54.08848940762135,225.91151059237865
7,Ethanol,210.0,190.90307384762434,19.09692615237566
7,Toluene,100.0,124.37195203547653,24.371952035476525
7,Toluene,1.0,0.0,1.0
7,Ethanol,300.0,234.51432901655087,65.48567098344913
7,Ethanol,60.0,0.0,60.0
7,Toluene,5.0,0.0,5.0
7,Toluene,10.0,0.0,10.0
7,Ethanol,220.0,193.6176555826975,26.382344417302505
7,Toluene,60.0,82.1352570497887,22.135257049788706
7,Toluene,20.0,24.375072433393058,4.375072433393058
7,Ethanol,280.0,212.51203332200348,67.48796667799652
7,Toluene,70.0,86.38810780354306,16.388107803543065
7,Toluene,30.0,40.0919639182203,10.091963918220301
7,Ethanol,290.0,224.92914662453757,65.07085337546243
7,Toluene,95.0,114.42302287266577,19.42302287266577
7,Toluene,85.0,103.65654352921217,18.656543529212172
7,Ethanol,200.0,177.72482710825005,22.275172891749946
7,Toluene,45.0,59.54498049103128,14.544980491031282
7,Toluene,65.0,85.70074404499752,20.70074404499752
7,Ethanol,100.0,0.0,100.0
7,Toluene,15.0,9.743673242460147,5.256326757539853
7,Toluene,50.0,69.91002929397581,19.91002929397581
7,Ethanol,240.0,202.15643020251156,37.84356979748844
7,Toluene,40.0,55.137232542675676,15.137232542675676
7,Toluene,35.0,53.95003869944573,18.950038699445727
7,Ethanol,10.0,225.17791058675738,215.17791058675738
7,Ethanol,130.0,89.67940868435076,40.32059131564924
7,Toluene,75.0,96.58415974480562,21.584159744805618
7,Toluene,90.0,111.69447394010956,21.69447394010956
7,Ethanol,230.0,199.27044986690385,30.729550133096154
7,Toluene,80.0,100.79324539726002,20.793245397260023
7,Toluene,55.0,74.04382769418129,19.04382769418129
7,Ethanol,270.0,229.39814293941225,40.60185706058775
7,Ethanol,180.0,163.0758215385622,16.924178461437805
7,Toluene,25.0,29.896614258078145,4.896614258078145
7,Toluene,10.0,0.0,10.0
7,Ethanol,190.0,197.30465701538316,7.304657015383157
7,Ethanol,90.0,40.14643954605046,49.85356045394954
7,Ethanol,10.0,113.12374254842351,103.12374254842351
7,Ethanol,70.0,13.774573928335315,56.225426071664685
7,Ethanol,100.0,61.18742346414491,38.81257653585509
7,Ethanol,210.0,196.94893831434004,13.05106168565996
7,Toluene,100.0,125.47533559407356,25.475335594073556
7,Toluene,1.0,0.0,1.0
7,Ethanol,300.0,233.30161375669906,66.69838624330094
7,Ethanol,10.0,0.0,10.0
7,Toluene,5.0,0.0,5.0
7,Toluene,10.0,0.0,10.0
7,Ethanol,130.0,102.39134699512454,27.608653004875464
7,Ethanol,220.0,201.89868229537797,18.101317704622033
7,Toluene,60.0,83.99489805385235,23.994898053852353
7,Toluene,20.0,22.509361959300506,2.509361959300506
7,Ethanol,280.0,224.15355583638785,55.84644416361215
7,Toluene,70.0,94.25664653274416,24.256646532744156
7,Toluene,130.0,39.897430795960105,90.1025692040399
7,Ethanol,290.0,232.32884801656417,57.671151983435834
7,Toluene,95.0,117.57779496131045,22.577794961310445
7,Toluene,85.0,102.53487913377556,17.53487913377556
7,Ethanol,200.0,180.46947511252841,19.530524887471586
7,Toluene,45.0,61.68049735156964,16.68049735156964
7,Toluene,65.0,83.05772996111789,18.057729961117886
7,Ethanol,100.0,0.0,100.0
7,Toluene,15.0,12.763971827047229,2.2360281729527713
7,Toluene,50.0,72.56772786302442,22.567727863024416
7,Ethanol,240.0,210.67121494035035,29.328785059649647
7,Toluene,40.0,55.640947382165734,15.640947382165734
7,Toluene,35.0,48.7091076239861,13.7091076239861
7,Ethanol,260.0,222.05456939932267,37.94543060067733
7,Ethanol,130.0,91.10775750047405,38.89224249952595
7,Toluene,75.0,97.9923743684027,22.992374368402693
7,Toluene,90.0,113.90642472738938,23.90642472738938
7,Ethanol,230.0,206.538871846224,23.461128153776002
7,Toluene,80.0,99.22796055147396,19.227960551473956
7,Toluene,55.0,73.51844278492948,18.518442784929476
7,Ethanol,270.0,223.6366538571482,46.36334614285181
7,Ethanol,180.0,162.93369240666075,17.066307593339246
7,Toluene,25.0,30.959905291646947,5.9599052916469475
7,Toluene,2.5,0.0,2.5
7,Ethanol,190.0,198.00648862437666,8.006488624376658
7,Ethanol,90.0,40.93767666253552,49.06232333746448
7,Ethanol,140.0,112.21736199796125,27.782638002038752
7,Ethanol,70.0,14.700400574937717,55.29959942506228
7,Ethanol,2.5,58.7012048451607,56.2012048451607
7,Ethanol,10.0,198.2678337536587,188.2678337536587
7,Toluene,100.0,132.1086762523456,32.10867625234559
7,Toluene,1.0,0.0,1.0
7,Ethanol,300.0,243.18916169158166,56.81083830841834
7,Ethanol,50.0,0.0,50.0
7,Toluene,5.0,0.0,5.0
7,Toluene,10.0,0.0,10.0
7,Ethanol,10.0,198.49870118082396,188.49870118082396
7,Toluene,60.0,80.10758196316696,20.107581963166965
7,Toluene,20.0,22.426092646520374,2.426092646520374
7,Ethanol,280.0,218.5718119712313,61.42818802876869
7,Toluene,70.0,88.64293344529005,18.642933445290055
7,Toluene,30.0,40.0175369140355,10.017536914035503
7,Ethanol,5.0,224.8353416600856,219.8353416600856
7,Toluene,95.0,107.71379072838464,12.713790728384637
7,Toluene,85.0,108.05767836599034,23.05767836599034
7,Ethanol,200.0,176.49762489898106,23.50237510101894
7,Toluene,45.0,55.144610975444294,10.144610975444294
7,Toluene,65.0,83.1831523741919,18.183152374191906
7,Ethanol,60.0,0.0,60.0
7,Toluene,15.0,9.484903968671375,5.515096031328625
7,Toluene,50.0,70.44091046731303,20.44091046731303
7,Ethanol,240.0,206.48651518203548,33.513484817964525
7,Toluene,40.0,52.383980584648825,12.383980584648825
7,Toluene,35.0,50.31378917506389,15.313789175063889
7,Ethanol,260.0,225.08534126427026,34.914658735729745
7,Ethanol,130.0,93.9264206914785,36.0735793085215
7,Toluene,75.0,89.19169572633416,14.19169572633416
7,Toluene,90.0,112.54856458784934,22.54856458784934
7,Ethanol,70.0,196.0074619998098,126.0074619998098
7,Toluene,80.0,91.88792968401665,11.887929684016655
7,Toluene,55.0,76.30282073816352,21.30282073816352
7,Ethanol,180.0,162.63250360317693,17.36749639682307
7,Toluene,25.0,26.773176685800067,1.7731766858000668
7,Toluene,10.0,0.0,10.0
7,Ethanol,10.0,198.24620387719756,188.24620387719756
7,Ethanol,90.0,36.47150388579239,53.52849611420761
7,Ethanol,140.0,109.998937504092,30.001062495908002
7,Ethanol,70.0,13.492407013649597,56.5075929863504
7,Ethanol,100.0,56.35004285174659,43.64995714825341
7,Ethanol,210.0,197.58610071542165,12.41389928457835
7,Toluene,100.0,116.98838293937423,16.988382939374233
7,Toluene,1.0,0.0,1.0
7,Ethanol,300.0,239.8869501751575,60.113049824842506
7,Ethanol,50.0,0.0,50.0
7,Toluene,5.0,0.0,5.0
7,Toluene,10.0,0.0,10.0
7,Ethanol,220.0,195.43266638124672,24.56733361875328
7,Toluene,60.0,76.67864887883113,16.678648878831126
7,Toluene,230.0,17.49161245377921,212.50838754622077
7,Ethanol,280.0,222.89906229597537,57.10093770402463
7,Toluene,70.0,90.4422893659212,20.442289365921198
7,Toluene,30.0,39.75609481069547,9.756094810695473
7,Ethanol,290.0,226.30071925621735,63.69928074378265
7,Toluene,95.0,104.66283470539346,9.662834705393465
7,Toluene,85.0,105.67607951337904,20.676079513379037
7,Ethanol,200.0,181.88154680579962,18.118453194200384
7,Toluene,45.0,56.281025229495455,11.281025229495455
7,Toluene,65.0,85.37020464379366,20.370204643793656
7,Toluene,15.0,10.51391354402665,4.48608645597335
7,Toluene,50.0,69.1195015173665,19.1195015173665
7,Ethanol,240.0,203.85692946961603,36.143070530383966
7,Toluene,40.0,52.41505917487039,12.415059174870393
7,Toluene,35.0,47.16646330605829,12.16646330605829
7,Ethanol,300.0,86.28356758743763,213.71643241256237
7,Toluene,75.0,90.20656136045307,15.206561360453065
7,Toluene,90.0,116.61194858713634,26.61194858713634
7,Ethanol,10.0,192.41767103265676,182.41767103265676
7,Toluene,80.0,93.4133880097322,13.413388009732202
7,Toluene,55.0,75.64478984830369,20.644789848303688
7,Ethanol,180.0,157.61069228559404,22.38930771440596
7,Toluene,25.0,26.003221487444193,1.0032214874441934
7,Toluene,2.5,0.0,2.5
7,Ethanol,190.0,200.5580483533548,10.558048353354792
7,Ethanol,90.0,36.00675707338033,53.99324292661967
7,Ethanol,140.0,107.37152318244812,32.628476817551885
7,Ethanol,70.0,10.839608255422235,59.160391744577765
7,Ethanol,100.0,51.68733000776767,48.31266999223233
7,Ethanol,210.0,190.06966299219283,19.930337007807168
7,Toluene,100.0,117.06371580015016,17.063715800150163
7,Toluene,1.0,0.0,1.0
7,Ethanol,10.0,244.5096793081602,234.5096793081602
7,Toluene,5.0,0.0,5.0
7,Toluene,10.0,0.0,10.0
7,Ethanol,40.0,192.26003467230336,152.26003467230336
7,Toluene,60.0,72.74669186379089,12.746691863790886
7,Toluene,160.0,20.49277587183026,139.50722412816975
7,Ethanol,290.0,214.75226973203036,75.24773026796964
7,Toluene,70.0,84.43042933090756,14.430429330907558
7,Toluene,30.0,41.33829011094397,11.338290110943973
7,Ethanol,290.0,220.5246481831779,69.4753518168221
7,Toluene,95.0,107.66685809274871,12.666858092748711
7,Toluene,85.0,107.9836022902527,22.983602290252705
7,Ethanol,200.0,172.07132887046538,27.92867112953462
7,Toluene,45.0,55.919796031133174,10.919796031133174
7,Toluene,65.0,89.86314328854913,24.863143288549125
7,Toluene,15.0,11.273099276408757,3.7269007235912426
7,Toluene,50.0,72.08754761146479,22.087547611464785
7,Ethanol,240.0,205.3255655736263,34.67443442637369
7,Toluene,40.0,51.58346121674518,11.583461216745178
7,Toluene,35.0,50.285199411532815,15.285199411532815
7,Ethanol,130.0,82.24539370870608,47.754606291293925
7,Toluene,75.0,87.74162149638198,12.741621496381981
7,Toluene,90.0,121.11496536220338,31.114965362203378
7,Ethanol,230.0,198.54419386595535,31.45580613404465
7,Toluene,80.0,93.91775442788384,13.917754427883835
7,Toluene,55.0,79.91720730455725,24.91720730455725
7,Ethanol,180.0,153.77833784136348,26.22166215863652
7,Toluene,25.0,29.722596225114103,4.722596225114103
7,Toluene,2.5,0.0,2.5
7,Ethanol,190.0,197.1756059940966,7.1756059940966
7,Ethanol,140.0,30.974319696334376,109.02568030366562
7,Ethanol,140.0,100.8292556240473,39.170744375952694
7,Ethanol,10.0,9.062500600136076,0.937499399863924
7,Ethanol,10.0,53.02643874175318,43.02643874175318
7,Ethanol,210.0,189.37885899448372,20.62114100551628
7,Toluene,100.0,127.45589020162174,27.45589020162174
7,Toluene,10.0,0.0,10.0
7,Ethanol,300.0,235.6813649509901,64.31863504900991
7,Toluene,5.0,0.0,5.0
7,Toluene,10.0,0.0,10.0
7,Ethanol,220.0,190.02225494594242,29.97774505405758
7,Toluene,60.0,81.8386519093824,21.838651909382406
7,Toluene,20.0,22.143779536900084,2.143779536900084
7,Ethanol,280.0,211.0335997710988,68.9664002289012
7,Toluene,70.0,87.73978189850541,17.739781898505413
7,Toluene,30.0,46.16503625938758,16.165036259387577
7,Ethanol,290.0,222.04291490820341,67.95708509179659
7,Toluene,95.0,115.74988713463469,20.74988713463469
7,Toluene,85.0,109.91160889638923,24.911608896389225
7,Ethanol,200.0,173.49239816356578,26.50760183643422
7,Toluene,45.0,59.24909446977816,14.249094469778157
7,Toluene,65.0,93.57523476874826,28.57523476874826
7,Toluene,15.0,13.340751296229527,1.6592487037704728
7,Toluene,50.0,73.57487582605272,23.57487582605272
7,Ethanol,240.0,202.59352181124416,37.40647818875584
7,Toluene,40.0,52.6923991465317,12.692399146531699
7,Toluene,35.0,50.79373343483124,15.793733434831239
7,Ethanol,130.0,83.54876557158181,46.45123442841819
7,Toluene,75.0,90.08443897605876,15.084438976058763
7,Toluene,90.0,116.4682659696887,26.4682659696887
7,Ethanol,230.0,193.05388120961277,36.94611879038723
7,Toluene,80.0,94.29579934486175,14.295799344861749
7,Toluene,160.0,73.44769755525347,86.55230244474653
7,Ethanol,180.0,150.90649263821098,29.093507361789023
7,Toluene,25.0,29.55562663452173,4.55562663452173
7,Toluene,220.0,0.0,220.0
7,Ethanol,90.0,32.3056913791541,57.6943086208459
7,Ethanol,140.0,101.19943805339541,38.80056194660459
7,Ethanol,70.0,8.657854233492543,61.34214576650746
7,Ethanol,100.0,52.199034517281916,47.800965482718084
7,Ethanol,210.0,187.30449027416182,22.69550972583818
7,Toluene,100.0,122.42662031254645,22.426620312546447
7,Toluene,10.0,0.0,10.0
7,Ethanol,10.0,234.46990357735473,224.46990357735473
7,Toluene,5.0,0.0,5.0
7,Toluene,10.0,0.0,10.0
7,Ethanol,220.0,184.66303537264315,35.33696462735685
7,Toluene,60.0,72.25195305028248,12.25195305028248
7,Toluene,20.0,20.634060979639045,0.6340609796390453
7,Ethanol,280.0,217.68009766837395,62.319902331626054
7,Toluene,70.0,85.93695838941892,15.936958389418919
7,Toluene,30.0,40.86674660701421,10.866746607014207
7,Ethanol,290.0,219.32103401318415,70.67896598681585
7,Toluene,95.0,116.11835854897217,21.118358548972168
7,Toluene,85.0,114.27562696712215,29.27562696712215
7,Ethanol,200.0,171.04636088681917,28.953639113180827
7,Toluene,45.0,59.56580920643894,14.565809206438942
7,Toluene,65.0,94.50013653596258,29.500136535962582
7,Toluene,15.0,11.273127392782655,3.726872607217345
7,Toluene,50.0,76.25678081548917,26.256780815489165
7,Ethanol,240.0,196.96512169418816,43.034878305811844
7,Toluene,40.0,52.4645612205878,12.464561220587797
7,Toluene,35.0,49.306339082854976,14.306339082854976
7,Ethanol,130.0,85.47472660730503,44.52527339269497
7,Toluene,75.0,91.57226780046776,16.572267800467756
7,Toluene,90.0,113.38475046447115,23.384750464471153
7,Ethanol,230.0,192.93878591894142,37.06121408105858
7,Toluene,80.0,97.59525227978611,17.59525227978611
7,Toluene,55.0,76.5892551109338,21.589255110933806
7,Ethanol,180.0,150.95276130800707,29.04723869199293
7,Toluene,25.0,27.80132331156146,2.801323311561461
7,Toluene,30.0,0.0,30.0
7,Ethanol,190.0,191.2344202049489,1.23442020494889
7,Ethanol,90.0,32.88119504514886,57.11880495485114
7,Ethanol,140.0,102.65025537132824,37.34974462867176
7,Ethanol,70.0,11.234038998731833,58.76596100126817
7,Ethanol,100.0,53.75956797446855,46.24043202553145
7,Ethanol,220.0,190.31658717344473,29.68341282655527
7,Toluene,100.0,128.20724561198455,28.207245611984547
7,Toluene,120.0,0.0,120.0
7,Ethanol,300.0,232.94224474260668,67.05775525739332
7,Toluene,5.0,0.0,5.0
7,Toluene,10.0,1.8830641533318158,8.116935846668184
7,Ethanol,220.0,192.40482738928165,27.59517261071835
7,Toluene,60.0,75.87409896719677,15.874098967196772
7,Toluene,20.0,21.530535041410502,1.5305350414105021
7,Ethanol,140.0,221.38257821279086,81.38257821279086
7,Toluene,70.0,86.59802842916837,16.598028429168366
7,Toluene,30.0,43.237621912544796,13.237621912544796
7,Ethanol,290.0,227.18990832695994,62.81009167304006
7,Toluene,95.0,109.28587659466636,14.285876594666362
7,Toluene,85.0,110.98668404042574,25.986684040425743
7,Ethanol,200.0,172.32662868875323,27.67337131124677
7,Toluene,45.0,59.20342495804151,14.20342495804151
7,Toluene,65.0,90.20748826043823,25.207488260438225
7,Toluene,15.0,8.63958400039516,6.3604159996048395
7,Toluene,50.0,68.64962164370723,18.649621643707235
7,Ethanol,220.0,197.55528963848568,22.444710361514325
7,Toluene,40.0,49.311753123510286,9.311753123510286
7,Toluene,35.0,51.47202262655004,16.472022626550043
7,Ethanol,130.0,85.87835266903087,44.121647330969125
7,Toluene,75.0,86.69430574920143,11.694305749201433
7,Toluene,90.0,114.33907127795882,24.339071277958823
7,Ethanol,230.0,189.84028847836538,40.15971152163462
7,Toluene,80.0,89.68543900503443,9.685439005034425
7,Toluene,55.0,73.81084031518436,18.810840315184365
7,Ethanol,180.0,151.56684517904208,28.433154820957924
7,Toluene,25.0,26.066535733404052,1.0665357334040522
7,Toluene,220.0,0.0,220.0
7,Ethanol,10.0,196.24816818520742,186.24816818520742
7,Ethanol,90.0,33.166995188412514,56.833004811587486
7,Ethanol,140.0,100.2675632548714,39.732436745128595
7,Ethanol,20.0,8.345547211537337,11.654452788462663
7,Ethanol,70.0,51.732388425724466,18.267611574275534
7,Ethanol,50.0,185.09840825211558,135.09840825211558
7,Toluene,100.0,111.31115009324708,11.311150093247079
7,Toluene,1.0,0.0,1.0
7,Ethanol,120.0,236.87244836439902,116.87244836439902
7,Toluene,5.0,0.0,5.0
7,Toluene,10.0,0.20657106450477158,9.793428935495228
7,Ethanol,220.0,190.87617737512795,29.123822624872048
7,Toluene,60.0,70.42235884505922,10.422358845059222
7,Toluene,20.0,20.45281086622373,0.4528108662237287
7,Ethanol,280.0,217.15755972450603,62.84244027549397
7,Toluene,70.0,81.66345393426403,11.663453934264027
7,Toluene,30.0,44.876849063701144,14.876849063701144
7,Ethanol,290.0,223.59789430656355,66.40210569343645
7,Toluene,95.0,102.55918582906315,7.5591858290631535
7,Toluene,85.0,108.13046091325563,23.130460913255632
7,Ethanol,200.0,177.97969385297517,22.020306147024826
7,Toluene,45.0,56.61960760153002,11.61960760153002
7,Toluene,65.0,91.575442769018,26.575442769017997
7,Toluene,15.0,7.260204821620732,7.739795178379268
7,Toluene,50.0,67.54717861156823,17.547178611568228
7,Ethanol,240.0,196.27176426693637,43.72823573306363
7,Toluene,40.0,51.128672380156885,11.128672380156885
7,Toluene,35.0,46.52741269453608,11.527412694536082
7,Ethanol,70.0,82.63272783558585,12.632727835585854
7,Toluene,75.0,88.15701954765063,13.157019547650634
7,Toluene,90.0,112.90106341080224,22.901063410802237
7,Ethanol,120.0,190.74217516895558,70.74217516895558
7,Toluene,80.0,91.10726669095396,11.107266690953963
7,Toluene,55.0,77.1678131787357,22.1678131787357
7,Ethanol,180.0,154.91986926415169,25.080130735848314
7,Toluene,25.0,27.141652379790955,2.141652379790955
7,Toluene,2.5,0.0,2.5
7,Ethanol,90.0,31.029791404551474,58.970208595448526
7,Ethanol,120.0,99.94340367704501,20.056596322954988
7,Ethanol,70.0,11.225310070141092,58.77468992985891
7,Ethanol,100.0,47.340321075424356,52.659678924575644
7,Ethanol,210.0,188.97494116829824,21.025058831701756
7,Toluene,100.0,113.41296034651877,13.412960346518773
7,Toluene,1.0,0.0,1.0
7,Ethanol,300.0,241.97911410214732,58.02088589785268
7,Toluene,5.0,0.0,5.0
7,Toluene,10.0,0.0,10.0
7,Ethanol,220.0,183.49541824454337,36.50458175545663
7,Toluene,60.0,75.70044884606654,15.700448846066536
7,Toluene,20.0,22.506212521118428,2.506212521118428
7,Ethanol,280.0,217.50591226399968,62.494087736000324
7,Toluene,70.0,81.25378388748706,11.25378388748706
7,Toluene,30.0,41.52973139465196,11.52973139465196
7,Ethanol,240.0,223.38817118741434,16.611828812585657
7,Toluene,95.0,104.17674601764466,9.17674601764466
7,Toluene,85.0,104.40723836594776,19.407238365947762
7,Ethanol,200.0,172.46765578301418,27.53234421698582
7,Toluene,45.0,56.046798863383515,11.046798863383515
7,Toluene,65.0,90.58253016998535,25.582530169985347
7,Toluene,15.0,9.692139014455137,5.307860985544863
7,Toluene,50.0,71.14570658573663,21.145706585736633
7,Ethanol,240.0,199.6608136592353,40.33918634076471
7,Toluene,40.0,51.00693305145266,11.006933051452663
7,Toluene,35.0,51.314037545326684,16.314037545326684
7,Ethanol,130.0,76.94607430681316,53.05392569318684
7,Toluene,75.0,87.6406175980566,12.640617598056593
7,Toluene,90.0,119.10441926060857,29.104419260608566
7,Ethanol,230.0,196.3659058297209,33.6340941702791
7,Toluene,80.0,84.62018415161971,4.620184151619711
7,Toluene,55.0,73.62383301917855,18.623833019178548
7,Ethanol,180.0,150.7636509510768,29.236349048923188
7,Toluene,25.0,27.438511044134728,2.438511044134728
7,Toluene,2.5,0.0,2.5
7,Ethanol,100.0,30.594902735440357,69.40509726455964
7,Ethanol,140.0,106.40591408944995,33.59408591055005
7,Ethanol,70.0,7.282354314895429,62.71764568510457
7,Ethanol,180.0,49.80443397108195,130.19556602891805
7,Ethanol,200.0,186.00941463588566,13.990585364114338
7,Toluene,100.0,120.60851446964534,20.608514469645343
7,Toluene,1.0,0.0,1.0
7,Ethanol,50.0,235.92452826583087,185.92452826583087
7,Toluene,5.0,0.0,5.0
7,Toluene,10.0,0.0,10.0
7,Ethanol,220.0,187.66990524882596,32.330094751174045
7,Toluene,60.0,75.42585990880045,15.425859908800447
7,Toluene,20.0,22.180094131431545,2.180094131431545
7,Ethanol,200.0,216.54201290012173,16.542012900121733
7,Toluene,70.0,81.46922697432818,11.46922697432818
7,Toluene,30.0,44.62398401346317,14.623984013463172
7,Ethanol,290.0,228.31785396725763,61.68214603274237
7,Toluene,95.0,103.38426530340034,8.38426530340034
7,Toluene,85.0,113.19141093141207,28.191410931412065
7,Ethanol,140.0,171.3545248626764,31.354524862676413
7,Toluene,45.0,55.85159987125539,10.851599871255388
7,Toluene,65.0,87.58827072824371,22.588270728243714
7,Toluene,15.0,11.161441007707083,3.838558992292917
7,Toluene,50.0,70.08902074235863,20.089020742358628
7,Ethanol,240.0,198.47832337156652,41.52167662843348
7,Toluene,40.0,51.35505388810134,11.355053888101338
7,Toluene,35.0,48.453470217370636,13.453470217370636
7,Ethanol,130.0,78.39246014891621,51.607539851083786
7,Toluene,75.0,92.70455453460127,17.70455453460127
7,Toluene,90.0,119.62771706069115,29.627717060691154
7,Ethanol,230.0,196.03782788997117,33.96217211002883
7,Toluene,80.0,87.92049734444203,7.920497344442026
7,Toluene,55.0,76.06539948924565,21.06539948924565
7,Ethanol,180.0,153.99232247562696,26.007677524373037
7,Toluene,25.0,26.50093399527151,1.5009339952715095
7,Toluene,2.5,0.0,2.5
7,Ethanol,90.0,30.117337515352247,59.88266248464775
7,Ethanol,140.0,100.18349033394944,39.816509666050564
7,Ethanol,70.0,7.541032662564078,62.45896733743592
7,Ethanol,100.0,51.06307257424292,48.93692742575708
7,Ethanol,210.0,190.4959341282373,19.50406587176269
7,Toluene,10.0,3.451092020621303,6.548907979378697
7,Toluene,10.0,0.0,10.0
7,Toluene,10.0,0.8630676414308311,9.136932358569169
7,Toluene,10.0,0.0,10.0
7,Toluene,10.0,0.0,10.0
7,Toluene,10.0,0.0,10.0
7,Toluene,110.0,0.0,110.0
7,Toluene,10.0,0.0,10.0
7,Toluene,10.0,0.0,10.0
7,Toluene,10.0,0.0,10.0
7,Toluene,10.0,0.0,10.0
7,Toluene,10.0,0.0,10.0
7,Toluene,10.0,0.0,10.0
7,Toluene,10.0,0.0,10.0
7,Toluene,10.0,0.0,10.0
7,Toluene,10.0,0.0,10.0
7,Toluene,10.0,0.0,10.0
7,Toluene,10.0,0.0,10.0
7,Toluene,10.0,0.0,10.0
7,Toluene,10.0,0.0,10.0
7,Toluene,10.0,0.0,10.0
7,Toluene,10.0,0.0,10.0
7,Toluene,10.0,0.0,10.0
7,Toluene,80.0,0.0,80.0
7,Toluene,10.0,0.0,10.0
7,Toluene,10.0,0.0,10.0
7,Toluene,10.0,0.0,10.0
7,Toluene,10.0,0.0,10.0
7,Toluene,10.0,0.0,10.0
7,Toluene,10.0,0.0,10.0
7,Toluene,150.0,0.0,150.0
7,Toluene,10.0,0.0,10.0
7,Toluene,10.0,0.0,10.0
7,Toluene,10.0,0.0,10.0
7,Toluene,10.0,0.0,10.0
7,Toluene,10.0,0.0,10.0
7,Toluene,10.0,0.0,10.0
7,Toluene,10.0,0.0,10.0
7,Toluene,10.0,0.0,10.0
7,Toluene,10.0,0.0,10.0
7,Toluene,10.0,0.0,10.0
7,Toluene,100.0,0.0,100.0
7,Toluene,10.0,0.0,10.0
7,Toluene,10.0,0.0,10.0
7,Toluene,10.0,0.0,10.0
7,Toluene,10.0,0.0,10.0
7,Toluene,10.0,0.0,10.0
7,Toluene,10.0,0.0,10.0
7,Toluene,10.0,0.0,10.0
7,Toluene,10.0,0.0,10.0
7,Toluene,10.0,0.0,10.0
7,Toluene,10.0,0.0,10.0
7,Toluene,10.0,0.0,10.0
7,Acetone,100.0,85.67844523890406,14.321554761095939
7,Acetone,10.0,0.0,10.0
7,Ethanol,300.0,222.20043214671261,77.79956785328739
7,Ethanol,50.0,0.0,50.0
7,Acetone,200.0,175.23595900897175,24.764040991028253
7,Acetone,20.0,13.775952677054605,6.224047322945395
7,Ethanol,220.0,176.44994504184845,43.55005495815155
7,Acetone,150.0,132.93905672018028,17.060943279819725
7,Acetone,50.0,53.51417944977106,3.5141794497710634
7,Ethanol,280.0,207.01610953734598,72.98389046265402
7,Acetone,180.0,154.95937709395358,25.040622906046423
7,Acetone,80.0,75.92569167253382,4.074308327466184
7,Ethanol,290.0,211.99402077627155,78.00597922372845
7,Acetone,250.0,196.63172945022222,53.368270549777776
7,Acetone,210.0,188.74453487796706,21.255465122032945
7,Ethanol,200.0,152.77664543992557,47.223354560074426
7,Acetone,230.0,179.13222833690472,50.86777166309528
7,Acetone,120.0,122.54778644851514,2.54778644851514
7,Ethanol,10.0,0.0,10.0
7,Acetone,90.0,74.92677178515129,15.073228214848712
7,Acetone,170.0,160.9926267640288,9.007373235971187
7,Ethanol,240.0,183.06330868514115,56.93669131485885
7,Acetone,240.0,193.6402884959376,46.3597115040624
7,Acetone,60.0,64.38773566397536,4.387735663975363
7,Ethanol,10.0,60.075202149104,50.075202149104
7,Acetone,190.0,164.72781636613658,25.27218363386342
7,Acetone,30.0,30.747220481668577,0.7472204816685775
7,Ethanol,230.0,179.53099458861553,50.46900541138447
7,Acetone,220.0,180.18272409855638,39.81727590144362
7,Acetone,110.0,106.00245461409136,3.997545385908637
7,Ethanol,10.0,121.59014937409813,111.59014937409813
7,Acetone,130.0,122.75150621056888,7.248493789431123
7,Acetone,40.0,47.50390707845814,7.503907078458141
7,Ethanol,90.0,23.29741107571361,66.70258892428639
7,Ethanol,140.0,85.61506070118884,54.38493929881116
7,Acetone,70.0,65.38563109855669,4.614368901443314
7,Ethanol,100.0,36.320669317239705,63.679330682760295
7,Acetone,140.0,130.32235427296496,9.677645727035042
7,Acetone,160.0,161.3412831421772,1.3412831421771898
7,Acetone,100.0,89.47713617450154,10.522863825498462
7,Acetone,10.0,0.0,10.0
7,Ethanol,300.0,215.43794018566282,84.56205981433718
7,Ethanol,60.0,0.0,60.0
7,Acetone,200.0,170.7389879290703,29.261012070929695
7,Acetone,20.0,16.887189642068407,3.1128103579315933
7,Ethanol,220.0,169.1446898459492,50.85531015405081
7,Acetone,150.0,136.5154266840963,13.484573315903702
7,Acetone,50.0,59.53092515926403,9.53092515926403
7,Ethanol,210.0,201.35427946151788,8.645720538482124
7,Acetone,180.0,157.1551946253518,22.84480537464819
7,Acetone,80.0,82.76106859111391,2.7610685911139115
7,Ethanol,290.0,210.70956393956317,79.29043606043683
7,Acetone,250.0,201.34452780354948,48.65547219645052
7,Acetone,210.0,179.03292435488416,30.96707564511584
7,Ethanol,200.0,158.61385582546163,41.38614417453837
7,Acetone,230.0,186.9327548952658,43.06724510473421
7,Acetone,120.0,117.01646780283897,2.9835321971610256
7,Ethanol,60.0,0.0,60.0
7,Acetone,90.0,78.25574250089883,11.744257499101167
7,Acetone,170.0,163.2443875995389,6.755612400461104
7,Ethanol,240.0,184.40666489742821,55.593335102571785
7,Acetone,240.0,192.34040231677017,47.65959768322983
7,Acetone,60.0,67.57201273172804,7.572012731728037
7,Ethanol,130.0,63.54555887881597,66.45444112118403
7,Acetone,190.0,164.22016881981682,25.77983118018318
7,Acetone,30.0,32.40161972405548,2.401619724055479
7,Ethanol,230.0,181.36423141456817,48.63576858543183
7,Acetone,220.0,179.6736567205111,40.326343279488896
7,Acetone,110.0,110.67528613094105,0.6752861309410463
7,Ethanol,160.0,129.1963127885793,30.80368721142071
7,Acetone,130.0,126.14401286233442,3.855987137665579
7,Acetone,40.0,46.60511656437245,6.605116564372452
7,Ethanol,90.0,24.684490810719282,65.31550918928072
7,Ethanol,240.0,85.26918343790939,154.7308165620906
7,Acetone,70.0,62.24811997238544,7.751880027614561
7,Ethanol,230.0,40.92756749388907,189.07243250611094
7,Acetone,140.0,134.72664218931266,5.273357810687344
7,Acetone,160.0,159.83016095175034,0.16983904824965634
7,Acetone,100.0,88.40599978855313,11.594000211446868
7,Acetone,10.0,0.0,10.0
7,Ethanol,300.0,221.01890361974574,78.98109638025426
7,Ethanol,50.0,0.0,50.0
7,Acetone,200.0,174.70729655023135,25.292703449768652
7,Acetone,20.0,15.618296231239611,4.381703768760389
7,Ethanol,240.0,172.54685525883332,67.45314474116668
7,Acetone,150.0,135.6977288756372,14.30227112436279
7,Acetone,50.0,57.061151181571375,7.0611511815713754
7,Ethanol,280.0,207.32061488660855,72.67938511339145
7,Acetone,180.0,157.10007331624774,22.899926683752255
7,Acetone,80.0,80.12009609814572,0.12009609814572286
7,Ethanol,290.0,213.4019944250888,76.59800557491121
7,Acetone,250.0,198.29392354238144,51.706076457618565
7,Acetone,210.0,176.51155065508203,33.48844934491797
7,Ethanol,200.0,158.98854449387778,41.01145550612222
7,Acetone,230.0,186.07128308809382,43.92871691190618
7,Acetone,120.0,120.09672445927691,0.09672445927691342
7,Ethanol,60.0,0.0,60.0
7,Acetone,90.0,77.50895135632234,12.491048643677658
7,Acetone,170.0,160.1245810599366,9.875418940063412
7,Ethanol,240.0,190.06729103357685,49.93270896642315
7,Acetone,240.0,192.32792515328754,47.67207484671246
7,Acetone,60.0,66.91480659859666,6.914806598596655
7,Ethanol,200.0,71.49692312854246,128.50307687145755
7,Acetone,190.0,160.57700904971563,29.422990950284373
7,Acetone,30.0,31.156931559226123,1.1569315592261233
7,Ethanol,230.0,181.95402384319033,48.04597615680967
7,Acetone,220.0,182.706090947461,37.29390905253899
7,Acetone,110.0,105.08755180544674,4.912448194553264
7,Ethanol,180.0,136.6997033862951,43.30029661370489
7,Acetone,130.0,120.3135818727117,9.686418127288306
7,Acetone,40.0,49.12791371161313,9.127913711613132
7,Ethanol,90.0,28.278870213217303,61.7211297867827
7,Ethanol,140.0,88.61970187958002,51.38029812041998
7,Acetone,70.0,62.72833574919109,7.271664250808911
7,Ethanol,100.0,42.38743872956397,57.61256127043603
7,Acetone,140.0,132.50383804187481,7.496161958125185
7,Acetone,160.0,154.35706529237223,5.642934707627774
7,Acetone,100.0,86.44285332487905,13.557146675120947
7,Acetone,10.0,0.0,10.0
7,Ethanol,300.0,223.5420060019074,76.4579939980926
7,Ethanol,50.0,0.0,50.0
7,Acetone,200.0,169.73554068240725,30.264459317592753
7,Acetone,20.0,14.087254682316882,5.912745317683118
7,Ethanol,220.0,178.87713224984003,41.12286775015997
7,Acetone,150.0,130.53810873053058,19.46189126946942
7,Acetone,50.0,53.55155974326122,3.5515597432612225
7,Ethanol,280.0,205.25012523619714,74.74987476380286
7,Acetone,180.0,157.4452441594238,22.554755840576206
7,Acetone,80.0,74.86380122050524,5.136198779494762
7,Ethanol,290.0,211.30593307601634,78.69406692398366
7,Acetone,250.0,194.1494782803342,55.85052171966581
7,Acetone,210.0,179.8950559378144,30.10494406218561
7,Ethanol,200.0,156.40318153221375,43.59681846778625
7,Acetone,230.0,181.39897737147794,48.60102262852206
7,Acetone,120.0,123.58460918706326,3.584609187063265
7,Ethanol,60.0,0.0,60.0
7,Acetone,90.0,74.58550077471514,15.414499225284857
7,Acetone,170.0,156.1276159692519,13.872384030748094
7,Ethanol,240.0,189.7658803785031,50.23411962149689
7,Acetone,240.0,191.86252484930017,48.13747515069983
7,Acetone,60.0,62.740458934029675,2.740458934029675
7,Ethanol,130.0,68.38196162043454,61.61803837956546
7,Acetone,190.0,161.9099474816048,28.090052518395197
7,Acetone,30.0,30.339865710559096,0.33986571055909565
7,Ethanol,230.0,179.0751932379589,50.9248067620411
7,Acetone,220.0,178.16583280935464,41.83416719064536
7,Acetone,110.0,108.93468630350735,1.0653136964926517
7,Ethanol,180.0,125.70672660401314,54.29327339598686
7,Acetone,130.0,125.12774335303202,4.872256646967983
7,Acetone,40.0,44.789053880128506,4.789053880128506
7,Ethanol,140.0,23.942402713741643,116.05759728625836
7,Ethanol,140.0,85.88416877966415,54.11583122033585
7,Acetone,70.0,58.53053964558377,11.469460354416228
7,Ethanol,100.0,37.70035605126222,62.29964394873778
7,Acetone,140.0,123.52795137620754,16.47204862379246
7,Acetone,160.0,152.73260819858248,7.267391801417517
7,Acetone,100.0,81.56353919664897,18.436460803351025
7,Acetone,10.0,0.0,10.0
7,Ethanol,300.0,222.66643527254777,77.33356472745223
7,Acetone,200.0,163.7831372697737,36.216862730226296
7,Acetone,20.0,14.856600144282154,5.1433998557178455
7,Ethanol,220.0,174.31111768792454,45.688882312075464
7,Acetone,150.0,132.65775896719154,17.34224103280846
7,Acetone,50.0,53.92801854116857,3.9280185411685693
7,Ethanol,280.0,208.46597981661523,71.53402018338477
7,Acetone,180.0,155.92057361660406,24.07942638339594
7,Acetone,80.0,78.81802955746016,1.1819704425398356
7,Ethanol,290.0,211.036539430296,78.96346056970401
7,Acetone,250.0,193.8847644600293,56.11523553997071
7,Acetone,210.0,183.23802690804254,26.761973091957458
7,Ethanol,200.0,158.97289006916373,41.027109930836275
7,Acetone,230.0,181.6275611929721,48.37243880702789
7,Acetone,120.0,126.80864749279687,6.808647492796865
7,Ethanol,50.0,0.0,50.0
7,Acetone,90.0,73.00263149920787,16.997368500792135
7,Acetone,170.0,162.40898531785865,7.591014682141349
7,Ethanol,240.0,190.46937377716952,49.53062622283048
7,Acetone,240.0,187.80643336736787,52.19356663263213
7,Acetone,60.0,63.1490592010268,3.1490592010268017
7,Ethanol,130.0,67.33750396570966,62.66249603429034
7,Acetone,190.0,155.41489354338947,34.58510645661053
7,Acetone,30.0,30.090994970550383,0.09099497055038341
7,Ethanol,230.0,186.0225287262375,43.97747127376249
7,Acetone,220.0,195.10929127142563,24.890708728574367
7,Acetone,110.0,105.62315058240554,4.376849417594457
7,Ethanol,180.0,134.1228823259978,45.87711767400219
7,Acetone,130.0,118.63045513890202,11.369544861097978
7,Acetone,40.0,44.90020091783758,4.90020091783758
7,Ethanol,90.0,23.414414947050474,66.58558505294953
7,Ethanol,100.0,87.2293029327069,12.7706970672931
7,Acetone,70.0,59.728466019284554,10.271533980715446
7,Ethanol,100.0,36.93638335007209,63.06361664992791
7,Acetone,140.0,129.6147515193964,10.385248480603593
7,Acetone,160.0,157.80767552692706,2.1923244730729436
7,Acetone,100.0,87.62141820465715,12.378581795342853
7,Acetone,10.0,0.0,10.0
7,Ethanol,10.0,220.84853655611943,210.84853655611943
7,Acetone,200.0,168.45262015351162,31.547379846488383
7,Acetone,20.0,14.783965066663185,5.216034933336815
7,Ethanol,220.0,171.0558343102988,48.94416568970121
7,Acetone,150.0,136.28640904892666,13.713590951073343
7,Acetone,50.0,55.25222864712602,5.252228647126017
7,Ethanol,280.0,204.84783445141125,75.15216554858875
7,Acetone,180.0,154.03323031293445,25.96676968706555
7,Acetone,80.0,79.87869489077569,0.12130510922430915
7,Ethanol,240.0,213.51260380365676,26.48739619634324
7,Acetone,250.0,190.8991339318336,59.1008660681664
7,Acetone,210.0,174.97712458323045,35.02287541676955
7,Ethanol,200.0,152.37106097135074,47.628939028649256
7,Acetone,230.0,185.52644271544398,44.47355728455602
7,Acetone,120.0,110.47366384979293,9.526336150207072
7,Acetone,90.0,72.31539348395755,17.68460651604245
7,Acetone,170.0,163.15233367651052,6.847666323489477
7,Ethanol,240.0,185.50176997637533,54.49823002362467
7,Acetone,240.0,193.6756635051238,46.324336494876206
7,Acetone,60.0,63.72410877642061,3.724108776420607
7,Ethanol,130.0,69.02890831167794,60.97109168832206
7,Acetone,190.0,161.48266450175453,28.517335498245473
7,Acetone,30.0,31.096017370731502,1.0960173707315022
7,Ethanol,230.0,180.84719678776702,49.15280321223298
7,Acetone,220.0,179.76090248431166,40.23909751568834
7,Acetone,110.0,109.54815058001951,0.45184941998049055
7,Ethanol,260.0,134.32921700485252,125.67078299514748
7,Acetone,130.0,121.09165343794184,8.908346562058156
7,Acetone,40.0,43.4020684379326,3.4020684379325985
7,Ethanol,90.0,24.22739801582621,65.77260198417379
7,Ethanol,140.0,86.32009701589188,53.679902984108125
7,Acetone,70.0,61.44229455410495,8.557705445895053
7,Ethanol,100.0,43.476211741238615,56.523788258761385
7,Acetone,140.0,129.2843307782333,10.715669221766689
7,Acetone,160.0,151.50189110377033,8.498108896229667
7,Acetone,100.0,95.43519226566796,4.564807734332035
7,Acetone,10.0,0.0,10.0
7,Ethanol,300.0,217.7162109336973,82.28378906630269
7,Ethanol,50.0,0.0,50.0
7,Acetone,200.0,170.9398074986871,29.060192501312912
7,Acetone,20.0,16.73914080857429,3.260859191425709
7,Ethanol,220.0,176.83355988836834,43.16644011163166
7,Acetone,150.0,137.74688789375918,12.25311210624082
7,Acetone,50.0,56.39883830437604,6.398838304376042
7,Ethanol,200.0,205.39405433453305,5.3940543345330525
7,Acetone,180.0,158.9593634583227,21.040636541677287
7,Acetone,80.0,76.52922707777296,3.4707729222270416
7,Ethanol,290.0,212.664842779107,77.335157220893
7,Acetone,250.0,200.43700767866193,49.56299232133807
7,Acetone,210.0,178.7267557671246,31.273244232875413
7,Ethanol,200.0,158.045294443435,41.95470555656499
7,Acetone,230.0,184.53744863258595,45.46255136741405
7,Acetone,120.0,118.70372776764242,1.2962722323575804
7,Ethanol,60.0,0.0,60.0
7,Acetone,90.0,74.92949004021688,15.070509959783124
7,Acetone,170.0,158.3350183902508,11.66498160974919
7,Ethanol,240.0,191.22943010051165,48.77056989948835
7,Acetone,240.0,189.70524586916494,50.29475413083506
7,Acetone,60.0,64.03230873669335,4.032308736693352
7,Ethanol,120.0,71.69018276477473,48.30981723522527
7,Acetone,190.0,164.38774460998889,25.612255390011114
7,Acetone,30.0,31.657359406017335,1.657359406017335
7,Ethanol,230.0,183.20519010399852,46.79480989600148
7,Acetone,220.0,180.399095875844,39.60090412415599
7,Acetone,110.0,113.89273146516999,3.8927314651699874
7,Ethanol,180.0,134.44267724860254,45.557322751397464
7,Acetone,130.0,117.61323949178512,12.386760508214877
7,Acetone,40.0,45.45989799423862,5.4598979942386165
7,Ethanol,90.0,24.36489281888825,65.63510718111175
7,Ethanol,140.0,91.49374291879838,48.506257081201625
7,Acetone,70.0,61.25614307638493,8.74385692361507
7,Ethanol,100.0,45.00495230012436,54.99504769987564
7,Acetone,140.0,127.35951979927843,12.64048020072157
7,Acetone,160.0,157.30928933446765,2.6907106655323503
7,Acetone,100.0,91.69420682335328,8.305793176646716
7,Acetone,10.0,0.0,10.0
7,Ethanol,10.0,223.2535200766075,213.2535200766075
7,Acetone,200.0,167.0331410144874,32.9668589855126
7,Acetone,20.0,15.572474667665418,4.427525332334582
7,Ethanol,220.0,176.6755682000677,43.32443179993231
7,Acetone,150.0,137.2819227806293,12.718077219370713
7,Acetone,50.0,57.87359939035653,7.873599390356532
7,Ethanol,280.0,208.6009397793112,71.3990602206888
7,Acetone,180.0,158.23815207083317,21.761847929166834
7,Acetone,80.0,75.82485419491728,4.175145805082721
7,Ethanol,290.0,213.4443842564409,76.55561574355909
7,Acetone,250.0,195.16176685084287,54.83823314915713
7,Acetone,210.0,177.45383859058555,32.54616140941445
7,Ethanol,200.0,157.03278296197283,42.96721703802717
7,Acetone,230.0,185.55694079166443,44.44305920833557
7,Acetone,120.0,119.59704391397005,0.4029560860299455
7,Ethanol,60.0,0.0,60.0
7,Acetone,90.0,72.27726125206807,17.722738747931928
7,Acetone,170.0,157.98998891152894,12.01001108847106
7,Ethanol,240.0,187.98278288873612,52.017217111263875
7,Acetone,240.0,187.48158366945086,52.518416330549144
7,Acetone,60.0,64.7445472357598,4.744547235759796
7,Ethanol,130.0,66.0456553037146,63.9543446962854
7,Acetone,190.0,165.92896830409578,24.071031695904225
7,Acetone,30.0,30.331304167406515,0.3313041674065147
7,Ethanol,230.0,186.96406397693306,43.03593602306694
7,Acetone,220.0,180.82685582795844,39.17314417204156
7,Acetone,110.0,110.0367848733371,0.03678487333709768
7,Ethanol,20.0,133.22150835737187,113.22150835737187
7,Acetone,130.0,127.1096059907542,2.890394009245796
7,Acetone,40.0,46.184680703293836,6.184680703293836
7,Ethanol,10.0,25.697693450113178,15.697693450113178
7,Ethanol,140.0,92.22206770726999,47.777932292730014
7,Acetone,70.0,60.08573335265709,9.914266647342913
7,Ethanol,130.0,43.655746650579516,86.34425334942048
7,Acetone,140.0,131.0968859339122,8.903114066087795
7,Acetone,160.0,156.83022245963718,3.1697775403628157
7,Acetone,100.0,85.17800408716829,14.82199591283171
7,Acetone,10.0,0.0,10.0
7,Ethanol,100.0,219.1019289961875,119.1019289961875
7,Ethanol,50.0,0.0,50.0
7,Acetone,200.0,166.4858465721826,33.514153427817405
7,Acetone,20.0,16.4668757644545,3.5331242355455004
7,Ethanol,220.0,179.23286686081565,40.76713313918435
7,Acetone,150.0,135.60327340746736,14.396726592532644
7,Acetone,50.0,57.81186783040664,7.811867830406641
7,Ethanol,280.0,203.08899069489163,76.91100930510837
7,Acetone,180.0,158.89841821217362,21.101581787826376
7,Acetone,80.0,77.70675731246547,2.29324268753453
7,Ethanol,290.0,215.55575983801685,74.44424016198315
7,Acetone,250.0,196.90243776603063,53.09756223396937
7,Acetone,210.0,176.437849943159,33.562150056841006
7,Ethanol,200.0,156.04934735096234,43.950652649037664
7,Acetone,230.0,184.434755800723,45.565244199277004
7,Acetone,120.0,124.24391635349531,4.243916353495308
7,Ethanol,60.0,0.0,60.0
7,Acetone,90.0,74.66339882216771,15.336601177832293
7,Acetone,170.0,156.02532329835356,13.974676701646445
7,Ethanol,240.0,187.02416773774422,52.97583226225578
7,Acetone,240.0,190.29753066963866,49.70246933036134
7,Acetone,60.0,64.7501133173537,4.750113317353694
7,Ethanol,130.0,66.97455587656302,63.02544412343698
7,Acetone,190.0,161.75678115720712,28.243218842792885
7,Acetone,30.0,30.847435935064098,0.8474359350640981
7,Ethanol,230.0,180.14354555665045,49.85645444334955
7,Acetone,220.0,176.1363876418935,43.86361235810651
7,Acetone,110.0,113.74938229544988,3.749382295449877
7,Ethanol,180.0,129.39138829918966,50.60861170081034
7,Acetone,130.0,122.3628601012048,7.637139898795198
7,Acetone,40.0,43.31662259900105,3.3166225990010503
7,Ethanol,90.0,26.240524911786252,63.75947508821375
7,Ethanol,140.0,90.32586961080276,49.674130389197245
7,Acetone,70.0,57.39920397446177,12.60079602553823
7,Ethanol,5.0,44.53177457634004,39.53177457634004
7,Acetone,140.0,125.71630658000652,14.283693419993483
7,Acetone,160.0,154.54469202090866,5.455307979091344
7,Acetone,100.0,81.99176356410817,18.00823643589183
7,Acetone,10.0,0.0,10.0
7,Ethanol,2.5,222.5946540379835,220.0946540379835
7,Acetone,200.0,174.19642393469059,25.803576065309414
7,Acetone,20.0,14.25177909758348,5.74822090241652
7,Ethanol,220.0,182.879929841856,37.12007015814399
7,Acetone,150.0,133.21180240250146,16.788197597498538
7,Acetone,50.0,52.0631352112983,2.0631352112983024
7,Ethanol,280.0,207.1345108210577,72.86548917894231
7,Acetone,180.0,159.70216191690955,20.297838083090454
7,Acetone,80.0,71.48211149884315,8.517888501156847
7,Ethanol,290.0,213.4071248349964,76.59287516500359
7,Acetone,250.0,196.06356997676895,53.936430023231054
7,Acetone,210.0,186.60817915209233,23.391820847907667
7,Ethanol,200.0,154.08224344371013,45.91775655628987
7,Acetone,230.0,188.47427297671476,41.52572702328524
7,Acetone,120.0,117.42859676621038,2.571403233789624
7,Ethanol,100.0,0.0,100.0
7,Acetone,90.0,71.86651636620898,18.133483633791016
7,Acetone,170.0,153.62705028981858,16.372949710181416
7,Ethanol,240.0,192.57789584790146,47.42210415209854
7,Acetone,240.0,192.06408285075307,47.93591714924693
7,Acetone,60.0,62.35175372088486,2.351753720884858
7,Ethanol,50.0,65.81876835573198,15.818768355731976
7,Acetone,190.0,161.46532912553317,28.534670874466826
7,Acetone,30.0,31.450919506220643,1.450919506220643
7,Ethanol,230.0,180.07948721034205,49.92051278965795
7,Acetone,220.0,180.45571557758936,39.54428442241064
7,Acetone,110.0,114.11702908695035,4.117029086950353
7,Ethanol,180.0,127.50079274338431,52.49920725661569
7,Acetone,130.0,120.0962142843052,9.903785715694795
7,Acetone,40.0,44.42355403577268,4.423554035772682
7,Ethanol,90.0,25.21831527067569,64.78168472932431
7,Ethanol,140.0,85.99048297291785,54.009517027082154
7,Acetone,70.0,57.88812606876145,12.111873931238549
7,Ethanol,90.0,39.470873226864725,50.529126773135275
7,Acetone,140.0,128.18117787569557,11.818822124304432
7,Acetone,160.0,155.28995966574658,4.710040334253421
7,Acetone,100.0,88.4728003446647,11.527199655335295
7,Acetone,10.0,0.0,10.0
7,Acetone,200.0,168.36639630970475,31.633603690295246
7,Acetone,20.0,14.93994867237818,5.060051327621821
7,Ethanol,220.0,117.75950906513188,102.24049093486812
7,Acetone,150.0,134.20338293731868,15.796617062681321
7,Acetone,50.0,55.25025945118681,5.250259451186807
7,Ethanol,230.0,208.49856364314684,21.501436356853162
7,Acetone,180.0,153.8422798530146,26.15772014698541
7,Acetone,80.0,77.67967523096213,2.3203247690378674
7,Ethanol,290.0,215.04617027187908,74.95382972812092
7,Acetone,250.0,194.51976737911548,55.48023262088452
7,Acetone,210.0,147.4457417186743,62.5542582813257
7,Ethanol,200.0,152.78557974814902,47.21442025185098
7,Acetone,230.0,183.61299902811683,46.38700097188317
7,Acetone,120.0,116.72616834565167,3.273831654348328
7,Acetone,90.0,71.85428214219318,18.145717857806815
7,Acetone,170.0,162.1529069174474,7.84709308255259
7,Ethanol,240.0,183.2770694372474,56.722930562752595
7,Acetone,240.0,183.96890956063106,56.03109043936894
7,Acetone,25.0,64.23537385872437,39.23537385872437
7,Ethanol,130.0,67.3148973328167,62.6851026671833
7,Acetone,190.0,161.95929979470668,28.04070020529332
7,Acetone,30.0,29.228485892700974,0.7715141072990264
7,Ethanol,230.0,182.5808717952275,47.419128204772505
7,Acetone,220.0,182.56815237578692,37.43184762421308
7,Acetone,110.0,109.0089708044276,0.9910291955723949
7,Ethanol,180.0,125.54829096522276,54.45170903477724
7,Acetone,130.0,118.80111385151122,11.198886148488782
7,Acetone,40.0,43.82794336958858,3.8279433695885814
7,Ethanol,90.0,25.36597062072464,64.63402937927536
7,Ethanol,140.0,84.2694852381546,55.7305147618454
7,Acetone,70.0,60.159452920134925,9.840547079865075
7,Ethanol,100.0,43.03055353737264,56.96944646262736
7,Acetone,140.0,129.9107502604566,10.08924973954339
7,Acetone,160.0,154.5384209343873,5.46157906561271
7,Acetone,100.0,89.08323436335056,10.916765636649444
7,Acetone,10.0,0.0,10.0
7,Ethanol,50.0,230.01543152960323,180.01543152960323
7,Acetone,200.0,170.1704230356114,29.829576964388593
7,Acetone,20.0,13.521735790532873,6.478264209467127
7,Ethanol,220.0,175.71184874643978,44.288151253560216
7,Acetone,150.0,139.03703403935987,10.962965960640133
7,Acetone,50.0,56.383746709913694,6.383746709913694
7,Ethanol,280.0,205.90298387164188,74.09701612835812
7,Acetone,180.0,156.4907453893635,23.509254610636503
7,Acetone,80.0,76.59539035088245,3.404609649117546
7,Ethanol,290.0,213.1511585118374,76.8488414881626
7,Acetone,250.0,193.62607371791646,56.373926282083545
7,Acetone,210.0,180.2210394070047,29.778960592995304
7,Ethanol,200.0,159.70721423930655,40.29278576069345
7,Acetone,230.0,185.23309774505447,44.766902254945535
7,Acetone,120.0,121.70467428857214,1.7046742885721358
7,Ethanol,2.5,0.0,2.5
7,Acetone,90.0,81.3531082477761,8.646891752223894
7,Acetone,170.0,160.30353873657754,9.696461263422464
7,Ethanol,240.0,188.34682840342117,51.65317159657883
7,Acetone,240.0,190.139568654745,49.860431345254995
7,Acetone,60.0,62.8323285216636,2.832328521663598
7,Ethanol,100.0,65.68315929783208,34.31684070216792
7,Acetone,190.0,167.91175163992685,22.088248360073152
7,Acetone,30.0,30.504809675245596,0.5048096752455962
7,Ethanol,230.0,184.71456278726154,45.28543721273846
7,Acetone,220.0,180.44979311708013,39.550206882919866
7,Acetone,110.0,109.91243219268459,0.08756780731540914
7,Ethanol,180.0,129.3989382820863,50.601061717913694
7,Acetone,130.0,122.60437702563982,7.39562297436018
7,Acetone,40.0,45.173068461891205,5.173068461891205
7,Ethanol,90.0,24.51432070786143,65.48567929213857
7,Ethanol,140.0,88.08697712862221,51.91302287137779
7,Acetone,70.0,57.72487415113645,12.275125848863553
7,Ethanol,100.0,37.741681519140414,62.258318480859586
7,Acetone,140.0,130.06040928072613,9.939590719273866
7,Acetone,160.0,158.13448271740043,1.8655172825995692
7,Acetone,10.0,0.0,10.0
7,Acetone,10.0,0.0,10.0
7,Acetone,10.0,0.0,10.0
7,Acetone,10.0,0.0,10.0
7,Acetone,50.0,0.0,50.0
7,Acetone,10.0,0.0,10.0
7,Acetone,10.0,0.0,10.0
7,Acetone,10.0,0.0,10.0
7,Acetone,10.0,0.0,10.0
7,Acetone,10.0,0.0,10.0
7,Acetone,10.0,0.0,10.0
7,Acetone,10.0,0.0,10.0
7,Acetone,10.0,0.0,10.0
7,Acetone,10.0,0.0,10.0
7,Acetone,10.0,0.0,10.0
7,Acetone,10.0,0.0,10.0
7,Acetone,10.0,0.0,10.0
7,Acetone,10.0,0.0,10.0
7,Acetone,5.0,0.0,5.0
7,Acetone,10.0,0.0,10.0
7,Acetone,10.0,0.0,10.0
7,Acetone,10.0,0.0,10.0
7,Acetone,10.0,0.0,10.0
7,Acetone,10.0,0.0,10.0
7,Acetone,10.0,0.0,10.0
7,Acetone,10.0,0.0,10.0
7,Acetone,10.0,0.0,10.0
7,Acetone,90.0,0.0,90.0
7,Acetone,10.0,0.0,10.0
7,Acetone,10.0,0.0,10.0
7,Acetone,10.0,0.0,10.0
7,Acetone,10.0,0.0,10.0
7,Acetone,10.0,0.0,10.0
7,Acetone,10.0,0.0,10.0
7,Acetone,10.0,0.0,10.0
7,Acetone,10.0,0.0,10.0
7,Acetone,10.0,0.0,10.0
7,Acetone,20.0,0.0,20.0
7,Acetone,10.0,0.0,10.0
7,Acetone,10.0,0.0,10.0
7,Acetone,10.0,0.0,10.0
7,Acetone,10.0,0.0,10.0
7,Acetone,10.0,0.0,10.0
7,Acetone,2.5,0.0,2.5
7,Acetone,30.0,0.0,30.0
7,Acetone,10.0,0.0,10.0
7,Acetone,240.0,0.0,240.0
7,Acetone,10.0,0.0,10.0
7,Acetone,40.0,0.0,40.0
7,Acetone,10.0,0.0,10.0
7,Ethylene,50.0,0.0,50.0
7,Ethylene,10.0,0.0,10.0
7,Ethylene,10.0,0.0,10.0
7,Ethylene,2.5,0.0,2.5
7,Ethylene,10.0,0.0,10.0
7,Ethylene,90.0,0.0,90.0
7,Ethylene,300.0,0.0,300.0
7,Ethylene,70.0,0.0,70.0
7,Ethylene,140.0,0.0,140.0
7,Ethylene,100.0,0.0,100.0
7,Ethylene,70.0,0.0,70.0
7,Ethylene,10.0,0.0,10.0
7,Ethylene,10.0,0.0,10.0
7,Ethylene,10.0,0.0,10.0
7,Ethylene,10.0,0.0,10.0
7,Ethylene,10.0,0.0,10.0
7,Ethylene,10.0,0.0,10.0
7,Ethylene,5.0,0.0,5.0
7,Ethylene,10.0,0.0,10.0
7,Ethylene,10.0,0.0,10.0
7,Ethylene,100.0,0.0,100.0
7,Ethylene,70.0,0.0,70.0
7,Ethylene,10.0,0.0,10.0
7,Ethylene,10.0,0.0,10.0
7,Ethylene,140.0,0.0,140.0
7,Ethylene,300.0,0.0,300.0
7,Ethylene,10.0,0.0,10.0
7,Ethylene,10.0,0.0,10.0
7,Ethylene,10.0,0.0,10.0
7,Ethylene,10.0,0.0,10.0
7,Ethylene,50.0,0.0,50.0
7,Ethylene,10.0,0.0,10.0
7,Ethylene,10.0,0.0,10.0
7,Ethylene,10.0,0.0,10.0
7,Ethylene,10.0,0.0,10.0
7,Ethylene,10.0,0.0,10.0
7,Ethylene,10.0,0.0,10.0
7,Ethylene,90.0,0.0,90.0
7,Ethylene,90.0,0.0,90.0
7,Ethylene,10.0,0.0,10.0
7,Ethylene,10.0,0.0,10.0
7,Ethylene,10.0,0.0,10.0
7,Ethylene,10.0,0.0,10.0
7,Ethylene,10.0,0.0,10.0
7,Ethylene,10.0,0.0,10.0
7,Ethylene,30.0,0.0,30.0
7,Ethylene,70.0,0.0,70.0
7,Ethylene,10.0,0.0,10.0
7,Ethylene,90.0,0.0,90.0
7,Ethylene,10.0,0.0,10.0
7,Toluene,100.0,72.24970589476845,27.750294105231546
7,Ammonia,300.0,274.5385236861391,25.461476313860885
7,Ammonia,40.0,10.209967494429264,29.790032505570736
7,Toluene,10.0,0.0,10.0
7,Toluene,10.0,0.0,10.0
7,Ammonia,110.0,87.07111542074193,22.928884579258067
7,Ammonia,220.0,193.82511472269107,26.17488527730893
7,Toluene,60.0,41.00546150422939,18.994538495770612
7,Toluene,20.0,3.322656932709947,16.677343067290053
7,Ammonia,120.0,98.95317484443027,21.046825155569735
7,Ammonia,280.0,234.43748756292524,45.56251243707476
7,Toluene,70.0,50.616483108127824,19.383516891872176
7,Toluene,30.0,18.588122092049005,11.411877907950995
7,Ammonia,120.0,45.28588453242749,74.71411546757251
7,Ammonia,290.0,242.63450781444632,47.36549218555368
7,Toluene,95.0,67.17536146056689,27.82463853943311
7,Toluene,85.0,68.81039031093013,16.18960968906987
7,Ammonia,150.0,140.56185934014806,9.438140659851939
7,Ammonia,200.0,175.3071289018966,24.69287109810341
7,Toluene,45.0,30.985121082464076,14.014878917535924
7,Toluene,50.0,54.12673178008053,4.126731780080533
7,Ammonia,250.0,253.32349702847497,3.323497028474975
7,Ammonia,60.0,26.881759638612166,33.118240361387834
7,Toluene,15.0,0.0,15.0
7,Toluene,50.0,40.757040449096436,9.242959550903564
7,Ammonia,160.0,175.63159731399924,15.631597313999237
7,Ammonia,240.0,211.32537759982864,28.67462240017136
7,Toluene,40.0,27.003172227712113,12.996827772287887
7,Toluene,35.0,25.68992623389279,9.310073766107209
7,Ammonia,260.0,262.27598227458503,2.275982274585033
7,Ammonia,130.0,95.32863564632136,34.67136435367864
7,Toluene,75.0,58.25968434179906,16.74031565820094
7,Toluene,90.0,73.69329157581323,16.306708424186766
7,Ammonia,170.0,174.63689428902407,4.63689428902407
7,Ammonia,230.0,193.8165974771539,36.18340252284611
7,Toluene,80.0,50.27153454067155,29.728465459328447
7,Toluene,55.0,43.033055753528274,11.966944246471726
7,Ammonia,270.0,263.38103476679044,6.618965233209565
7,Ammonia,180.0,151.79045814249687,28.209541857503126
7,Toluene,25.0,7.659412339918248,17.340587660081752
7,Toluene,2.5,0.0,2.5
7,Ammonia,190.0,199.3572242433148,9.35722424331479
7,Ammonia,90.0,63.27058082407416,26.72941917592584
7,Ammonia,140.0,109.0308482009981,30.969151799001907
7,Ammonia,60.0,36.857695556910755,23.142304443089245
7,Ammonia,100.0,71.28886007427094,28.711139925729057
7,Ammonia,210.0,191.32864814246187,18.671351857538127
7,Toluene,100.0,71.81684977601812,28.183150223981883
7,Ammonia,300.0,276.8594895363038,23.140510463696216
7,Ammonia,50.0,15.437198458265925,34.562801541734075
7,Toluene,70.0,0.0,70.0
7,Toluene,10.0,0.0,10.0
7,Ammonia,110.0,95.78369470045871,14.21630529954129
7,Ammonia,220.0,195.50963555987568,24.490364440124324
7,Toluene,60.0,42.920371097362704,17.079628902637296
7,Toluene,20.0,6.591368534508916,13.408631465491084
7,Ammonia,120.0,113.44647936581454,6.55352063418546
7,Ammonia,280.0,228.48959907325934,51.51040092674066
7,Toluene,70.0,48.4099121316237,21.5900878683763
7,Toluene,30.0,18.04118072653958,11.95881927346042
7,Ammonia,80.0,53.53204120908893,26.46795879091107
7,Ammonia,290.0,252.17592318402794,37.82407681597206
7,Toluene,95.0,68.15525134226577,26.84474865773423
7,Toluene,85.0,63.275285937518944,21.724714062481056
7,Ammonia,150.0,166.24813205675005,16.248132056750052
7,Ammonia,200.0,181.28540483114247,18.714595168857528
7,Toluene,45.0,26.250115598118043,18.749884401881957
7,Toluene,65.0,49.20358927579369,15.79641072420631
7,Ammonia,250.0,252.9279236342983,2.9279236342983097
7,Ammonia,60.0,33.453298538036265,26.546701461963735
7,Toluene,100.0,0.0,100.0
7,Toluene,50.0,39.86724407318816,10.13275592681184
7,Ammonia,160.0,184.73864562210315,24.73864562210315
7,Ammonia,140.0,212.19833060718963,72.19833060718963
7,Toluene,40.0,20.933531749347807,19.066468250652193
7,Toluene,45.0,23.57223390090998,21.42776609909002
7,Ammonia,260.0,269.636199168042,9.636199168042026
7,Ammonia,130.0,100.6185233062646,29.381476693735394
7,Toluene,75.0,50.32570001055875,24.674299989441252
7,Toluene,90.0,65.48123940405905,24.518760595940947
7,Ammonia,170.0,186.2603043954807,16.260304395480688
7,Ammonia,230.0,206.19352965249914,23.806470347500863
7,Toluene,80.0,51.387982263242776,28.612017736757224
7,Toluene,55.0,41.171875864831435,13.828124135168565
7,Ammonia,270.0,270.0294870317365,0.02948703173649392
7,Ammonia,180.0,174.63287810816058,5.3671218918394175
7,Toluene,25.0,7.413455623549709,17.58654437645029
7,Toluene,2.5,0.0,2.5
7,Ammonia,190.0,220.47354410996684,30.473544109966838
7,Ammonia,90.0,66.37307657508721,23.62692342491279
7,Ammonia,140.0,122.90864617292132,17.091353827078677
7,Ammonia,70.0,46.971212805270866,23.028787194729134
7,Ammonia,100.0,74.8379964758352,25.162003524164803
7,Ammonia,210.0,196.62487253569293,13.37512746430707
7,Toluene,100.0,64.2259946590056,35.77400534099441
7,Ammonia,300.0,276.6961924158976,23.3038075841024
7,Ammonia,50.0,18.752803053147886,31.247196946852114
7,Toluene,10.0,0.0,10.0
7,Toluene,10.0,0.0,10.0
7,Ammonia,110.0,105.09298896863248,4.907011031367517
7,Ammonia,220.0,203.58290518062086,16.417094819379145
7,Toluene,60.0,39.427764025286535,20.572235974713465
7,Toluene,100.0,4.3060227262330955,95.6939772737669
7,Ammonia,120.0,123.40472957130562,3.404729571305623
7,Ammonia,280.0,242.84642677977018,37.153573220229816
7,Toluene,70.0,46.88649152966505,23.11350847033495
7,Toluene,30.0,17.417390999631834,12.582609000368166
7,Ammonia,80.0,58.547686129404,21.452313870596
7,Ammonia,290.0,251.44681107588764,38.55318892411236
7,Toluene,95.0,61.95437859376608,33.04562140623392
7,Toluene,10.0,64.9068797952352,54.9068797952352
7,Ammonia,150.0,167.26737151253124,17.26737151253124
7,Ammonia,200.0,191.5459237244244,8.454076275575602
7,Toluene,45.0,28.009834755384702,16.990165244615298
7,Toluene,65.0,52.55267406969381,12.447325930306192
7,Ammonia,250.0,258.24690404890157,8.24690404890157
7,Ammonia,60.0,30.66946359947943,29.33053640052057
7,Toluene,15.0,0.0,15.0
7,Toluene,50.0,38.4990729613062,11.500927038693803
7,Ammonia,160.0,186.4437851285623,26.443785128562297
7,Ammonia,240.0,215.00258702022705,24.997412979772946
7,Toluene,40.0,20.68532576115844,19.31467423884156
7,Toluene,35.0,23.89303658937942,11.10696341062058
7,Ammonia,260.0,263.17579515394095,3.1757951539409532
7,Ammonia,140.0,117.16824274658575,22.831757253414253
7,Toluene,85.0,51.050488099293446,33.949511900706554
7,Toluene,90.0,66.09649915612384,23.90350084387616
7,Ammonia,170.0,188.33388223271353,18.333882232713535
7,Ammonia,230.0,209.21557794678512,20.784422053214882
7,Toluene,80.0,49.03148186193303,30.96851813806697
7,Toluene,55.0,38.65992662126902,16.340073378730978
7,Ammonia,270.0,266.96566906130823,3.0343309386917667
7,Ammonia,180.0,173.24594656994228,6.7540534300577235
7,Toluene,25.0,5.811311719036723,19.188688280963277
7,Toluene,10.0,0.0,10.0
7,Ammonia,190.0,220.50170842682343,30.501708426823427
7,Ammonia,90.0,69.18687413841279,20.81312586158721
7,Ammonia,140.0,118.19539853212405,21.804601467875955
7,Ammonia,70.0,46.623420931346416,23.376579068653584
7,Ammonia,100.0,76.21016651008316,23.789833489916845
7,Ammonia,210.0,203.34540249598945,6.654597504010553
7,Toluene,100.0,63.834788562225796,36.165211437774204
7,Ammonia,300.0,273.73619732158204,26.26380267841796
7,Ammonia,50.0,18.93674900291954,31.06325099708046
7,Toluene,5.0,0.0,5.0
7,Toluene,10.0,0.0,10.0
7,Ammonia,110.0,108.88723970524664,1.1127602947533575
7,Ammonia,220.0,206.3747141941962,13.625285805803799
7,Toluene,60.0,36.63862001166123,23.36137998833877
7,Toluene,20.0,4.9681133727740985,15.031886627225902
7,Ammonia,120.0,114.98270923414071,5.017290765859286
7,Ammonia,280.0,241.18137247663117,38.81862752336883
7,Toluene,70.0,40.51411821256161,29.485881787438387
7,Toluene,30.0,13.592864972697214,16.407135027302786
7,Ammonia,80.0,59.637896053609026,20.362103946390974
7,Ammonia,290.0,252.87260980878,37.12739019122
7,Toluene,95.0,53.858018658767094,41.141981341232906
7,Toluene,85.0,63.26662555940396,21.733374440596037
7,Ammonia,150.0,170.8980869884192,20.89808698841921
7,Ammonia,200.0,189.27907199943905,10.720928000560946
7,Toluene,45.0,23.7710537513056,21.2289462486944
7,Toluene,65.0,47.72088484269689,17.27911515730311
7,Ammonia,250.0,254.30609907972928,4.306099079729279
7,Ammonia,60.0,32.57981842242144,27.42018157757856
7,Toluene,15.0,0.0,15.0
7,Toluene,50.0,34.13924308594122,15.860756914058783
7,Ammonia,100.0,186.3786490794965,86.37864907949651
7,Ammonia,240.0,217.52509784373132,22.474902156268683
7,Toluene,40.0,16.88745624161278,23.11254375838722
7,Toluene,35.0,15.329108847949627,19.670891152050373
7,Ammonia,260.0,255.4634952778088,4.536504722191211
7,Ammonia,130.0,99.75268175601038,30.247318243989625
7,Toluene,75.0,39.41688256268587,35.58311743731413
7,Toluene,90.0,57.070446556895774,32.929553443104226
7,Ammonia,170.0,183.45009570421047,13.450095704210469
7,Ammonia,230.0,208.56643107203791,21.433568927962085
7,Toluene,80.0,43.42993853200291,36.57006146799709
7,Toluene,55.0,35.08201990044856,19.917980099551443
7,Ammonia,270.0,265.5425137705215,4.457486229478491
7,Ammonia,180.0,175.56381264718294,4.436187352817058
7,Toluene,25.0,3.745912403311877,21.254087596688123
7,Ammonia,190.0,216.4859258706939,26.485925870693904
7,Ammonia,90.0,65.54547222965465,24.45452777034535
7,Ammonia,140.0,122.63828070062239,17.36171929937761
7,Ammonia,70.0,43.42439080813513,26.57560919186487
7,Ammonia,100.0,78.59322434316883,21.406775656831172
7,Ammonia,210.0,203.84160476471448,6.158395235285525
7,Toluene,100.0,58.998162078571184,41.001837921428816
7,Ammonia,300.0,280.3243394850183,19.6756605149817
7,Ammonia,50.0,18.15712102202049,31.84287897797951
7,Toluene,5.0,0.0,5.0
7,Toluene,10.0,0.0,10.0
7,Ammonia,110.0,106.67310724138068,3.326892758619323
7,Ammonia,220.0,196.78820208449596,23.211797915504036
7,Toluene,60.0,30.74038766629687,29.25961233370313
7,Toluene,20.0,0.646654480025461,19.35334551997454
7,Ammonia,120.0,121.89781256630872,1.8978125663087155
7,Ammonia,280.0,242.81727708674237,37.182722913257635
7,Toluene,30.0,37.736946549429504,7.736946549429504
7,Toluene,30.0,11.87942911670045,18.12057088329955
7,Ammonia,55.0,57.245091475600915,2.2450914756009155
7,Ammonia,290.0,248.59517822897914,41.40482177102086
7,Toluene,95.0,51.71090258120992,43.28909741879008
7,Toluene,85.0,61.74915018548309,23.25084981451691
7,Ammonia,150.0,168.3932360576984,18.393236057698402
7,Ammonia,200.0,185.7029303533413,14.297069646658713
7,Toluene,45.0,18.317549616980187,26.682450383019813
7,Toluene,65.0,44.71037334507494,20.28962665492506
7,Ammonia,250.0,258.37978464650985,8.379784646509847
7,Ammonia,60.0,33.358101880309775,26.641898119690225
7,Toluene,15.0,0.0,15.0
7,Toluene,50.0,33.378171287875645,16.621828712124355
7,Ammonia,160.0,182.90165153346436,22.90165153346436
7,Ammonia,240.0,217.34438719500037,22.655612804999635
7,Toluene,40.0,18.477307363708434,21.522692636291566
7,Toluene,35.0,16.758913541060494,18.241086458939506
7,Ammonia,260.0,258.62869117218344,1.3713088278165628
7,Ammonia,130.0,103.664483537877,26.335516462122996
7,Toluene,75.0,41.70638090831564,33.29361909168436
7,Toluene,90.0,58.492621638751345,31.507378361248655
7,Ammonia,170.0,200.84645833186016,30.846458331860163
7,Ammonia,230.0,212.36640684022166,17.633593159778343
7,Toluene,80.0,45.73266837775772,34.26733162224228
7,Toluene,55.0,34.61086261347667,20.38913738652333
7,Ammonia,270.0,268.64128192334204,1.358718076657965
7,Ammonia,180.0,169.31453777871687,10.685462221283132
7,Toluene,25.0,3.3995766454853253,21.600423354514675
7,Toluene,2.5,0.0,2.5
7,Ammonia,190.0,220.49146793672566,30.491467936725655
7,Ammonia,90.0,63.83664461585143,26.163355384148574
7,Ammonia,140.0,131.68170917938605,8.318290820613953
7,Ammonia,70.0,46.89364500609615,23.10635499390385
7,Ammonia,100.0,76.7533954848772,23.246604515122797
7,Ammonia,210.0,197.55592695730775,12.444073042692253
7,Toluene,100.0,56.7219691545843,43.2780308454157
7,Ammonia,300.0,278.4081426711597,21.59185732884032
7,Ammonia,50.0,20.884133707588717,29.115866292411283
7,Toluene,10.0,0.0,10.0
7,Toluene,160.0,0.0,160.0
7,Ammonia,110.0,106.11173686674644,3.8882631332535595
7,Ammonia,220.0,212.788118864034,7.211881135965996
7,Toluene,60.0,34.196217228444866,25.803782771555134
7,Toluene,20.0,2.809914495617619,17.19008550438238
7,Ammonia,120.0,120.54436002705269,0.54436002705269
7,Ammonia,280.0,251.95984457634495,28.04015542365505
7,Toluene,50.0,35.87996787606582,14.12003212393418
7,Toluene,30.0,13.26223704497005,16.73776295502995
7,Ammonia,80.0,56.177017104442,23.822982895558
7,Ammonia,290.0,255.07526910556578,34.92473089443422
7,Toluene,95.0,56.495987056305694,38.504012943694306
7,Toluene,85.0,55.616935012499695,29.383064987500305
7,Ammonia,150.0,178.02367913816772,28.023679138167722
7,Ammonia,200.0,189.07846087624426,10.921539123755736
7,Toluene,45.0,20.30564956360567,24.69435043639433
7,Toluene,65.0,46.17778719414585,18.82221280585415
7,Ammonia,250.0,260.113649571643,10.113649571643009
7,Ammonia,60.0,32.743216238515856,27.256783761484144
7,Toluene,15.0,0.0,15.0
7,Toluene,50.0,33.61285567337613,16.38714432662387
7,Ammonia,160.0,192.05146151359412,32.05146151359412
7,Ammonia,240.0,226.24111651005873,13.758883489941269
7,Toluene,40.0,16.566700611860824,23.433299388139176
7,Toluene,35.0,16.90884145304291,18.09115854695709
7,Ammonia,260.0,266.98876587701045,6.988765877010451
7,Ammonia,130.0,118.30371355749986,11.696286442500138
7,Toluene,70.0,30.134492694383084,39.865507305616916
7,Toluene,90.0,40.48416284006754,49.51583715993246
7,Ammonia,170.0,203.06053315040765,33.06053315040765
7,Ammonia,230.0,230.9965995832179,0.9965995832178862
7,Toluene,80.0,32.5925949464426,47.4074050535574
7,Toluene,55.0,27.757461166722734,27.242538833277266
7,Ammonia,270.0,284.20194485932325,14.201944859323248
7,Ammonia,180.0,171.88054888962276,8.119451110377241
7,Toluene,10.0,1.9786838811893404,8.02131611881066
7,Toluene,2.5,0.0,2.5
7,Ammonia,190.0,239.81441251088359,49.814412510883585
7,Ammonia,90.0,67.07969273607509,22.92030726392491
7,Ammonia,140.0,120.90353990666125,19.09646009333875
7,Ammonia,70.0,44.84506458383045,25.15493541616955
7,Ammonia,100.0,71.37876032966199,28.621239670338014
7,Ammonia,210.0,213.21883614188158,3.2188361418815816
7,Toluene,180.0,49.93956346469979,130.0604365353002
7,Ammonia,300.0,299.9190290839584,0.08097091604162188
7,Ammonia,50.0,20.17410292710666,29.82589707289334
7,Toluene,10.0,0.0,10.0
7,Toluene,10.0,0.0,10.0
7,Ammonia,110.0,106.76994647846914,3.230053521530863
7,Ammonia,220.0,218.09418885331388,1.9058111466861192
7,Toluene,60.0,27.100223231816074,32.899776768183926
7,Toluene,140.0,0.9089061053394687,139.09109389466053
7,Ammonia,120.0,122.96298867856346,2.9629886785634625
7,Ammonia,280.0,262.35056590657814,17.64943409342186
7,Toluene,70.0,28.88925483959217,41.11074516040783
7,Toluene,30.0,13.315665500106178,16.684334499893822
7,Ammonia,80.0,54.035551957456605,25.964448042543395
7,Ammonia,290.0,267.25484894019667,22.745151059803334
7,Toluene,95.0,45.04880928931452,49.95119071068548
7,Toluene,85.0,47.060718973745864,37.939281026254136
7,Ammonia,150.0,171.75308171971614,21.753081719716135
7,Ammonia,200.0,202.73389910477982,2.733899104779823
7,Toluene,10.0,17.859256450567358,7.859256450567358
7,Toluene,50.0,38.30995858619369,11.690041413806313
7,Ammonia,250.0,276.8092302667237,26.809230266723716
7,Ammonia,60.0,34.591989547697366,25.408010452302634
7,Toluene,15.0,0.0,15.0
7,Toluene,50.0,26.04908382961051,23.95091617038949
7,Ammonia,160.0,199.95007014390018,39.95007014390018
7,Ammonia,240.0,242.296346969243,2.2963469692429896
7,Toluene,40.0,16.613747358298625,23.386252641701375
7,Toluene,35.0,16.983438934731353,18.016561065268647
7,Ammonia,260.0,279.1669992292974,19.166999229297403
7,Ammonia,130.0,119.25272537802752,10.74727462197248
7,Toluene,60.0,32.35731317808805,27.64268682191195
7,Toluene,90.0,47.25799736243373,42.74200263756627
7,Ammonia,170.0,204.39588571706162,34.39588571706162
7,Ammonia,230.0,233.0635609367081,3.063560936708086
7,Toluene,80.0,37.37402260796436,42.62597739203564
7,Toluene,55.0,27.82682062052895,27.17317937947105
7,Ammonia,55.0,285.4044361919595,230.40443619195952
7,Ammonia,180.0,186.76240424599496,6.762404245994958
7,Toluene,25.0,2.4667934718081597,22.53320652819184
7,Toluene,50.0,0.0,50.0
7,Ammonia,190.0,241.89828803395,51.898288033949996
7,Ammonia,30.0,64.51154726874796,34.51154726874796
7,Ammonia,140.0,129.98385404809017,10.016145951909834
7,Ammonia,70.0,46.34269750493675,23.65730249506325
7,Ammonia,100.0,73.07694551285302,26.923054487146985
7,Ammonia,210.0,223.79557941690535,13.795579416905355
7,Toluene,100.0,44.917945984138726,55.082054015861274
7,Ammonia,300.0,302.91368226726763,2.9136822672676317
7,Ammonia,50.0,21.947807606126787,28.052192393873213
7,Toluene,5.0,0.0,5.0
7,Toluene,10.0,0.0,10.0
7,Ammonia,110.0,112.10798662914905,2.107986629149053
7,Ammonia,220.0,220.60663134229412,0.6066313422941221
7,Toluene,60.0,26.22476974081448,33.77523025918552
7,Toluene,20.0,3.260929238961097,16.739070761038903
7,Ammonia,120.0,119.30973397175713,0.6902660282428741
7,Ammonia,280.0,266.3513699551978,13.64863004480219
7,Toluene,70.0,31.561277333298662,38.43872266670134
7,Toluene,30.0,10.571649215016976,19.428350784983024
7,Ammonia,80.0,56.41148217264451,23.58851782735549
7,Ammonia,290.0,272.99441826160603,17.00558173839397
7,Toluene,10.0,46.123457997829235,36.123457997829235
7,Toluene,85.0,46.50200828319855,38.49799171680145
7,Ammonia,150.0,174.53813655697616,24.538136556976156
7,Ammonia,110.0,201.9789381030338,91.97893810303381
7,Toluene,45.0,18.01070586372346,26.98929413627654
7,Toluene,230.0,36.918113407188685,193.08188659281132
7,Ammonia,250.0,278.9953965252238,28.995396525223782
7,Ammonia,60.0,37.19239384295575,22.807606157044248
7,Toluene,10.0,0.0,10.0
7,Toluene,50.0,27.846182971757926,22.153817028242074
7,Ammonia,40.0,202.42757496530783,162.42757496530783
7,Ammonia,240.0,238.32321952531146,1.6767804746885417
7,Toluene,40.0,15.871716522155722,24.128283477844278
7,Toluene,35.0,16.773222462197666,18.226777537802334
7,Ammonia,260.0,286.2096631874457,26.2096631874457
7,Ammonia,130.0,115.72447152102554,14.275528478974465
7,Toluene,75.0,32.87292881486526,42.12707118513474
7,Toluene,90.0,49.98015736593294,40.01984263406706
7,Ammonia,170.0,215.5918513646055,45.5918513646055
7,Ammonia,230.0,227.02160252645848,2.97839747354152
7,Toluene,80.0,35.80551780910605,44.19448219089395
7,Toluene,55.0,31.403020320311896,23.596979679688104
7,Ammonia,270.0,297.7868011451828,27.78680114518278
7,Ammonia,180.0,181.8987076141412,1.8987076141411876
7,Toluene,25.0,2.6081388246797133,22.391861175320287
7,Toluene,2.5,0.0,2.5
7,Ammonia,190.0,241.24125952490402,51.241259524904024
7,Ammonia,90.0,66.11489834472725,23.88510165527275
7,Ammonia,140.0,126.93788037894431,13.062119621055686
7,Ammonia,70.0,48.74603198692998,21.253968013070022
7,Ammonia,100.0,75.88237156264239,24.11762843735761
7,Ammonia,210.0,219.92933960237548,9.929339602375478
7,Toluene,100.0,52.34569657465613,47.65430342534387
7,Ammonia,300.0,308.80207733616885,8.80207733616885
7,Ammonia,50.0,23.564794546330475,26.435205453669525
7,Toluene,190.0,0.0,190.0
7,Toluene,10.0,0.0,10.0
7,Ammonia,10.0,112.29741841209051,102.29741841209051
7,Ammonia,220.0,223.40669099025826,3.406690990258255
7,Toluene,60.0,30.793128607509203,29.206871392490797
7,Toluene,20.0,2.268517926895157,17.731482073104843
7,Ammonia,120.0,127.8621718051797,7.862171805179699
7,Ammonia,280.0,266.89749616571316,13.102503834286836
7,Toluene,70.0,36.73982215871604,33.26017784128396
7,Toluene,30.0,11.05596131038729,18.94403868961271
7,Ammonia,80.0,56.00248589724967,23.99751410275033
7,Ammonia,290.0,273.10229874040505,16.897701259594953
7,Toluene,95.0,50.62950787108237,44.37049212891763
7,Toluene,85.0,49.361634295213435,35.638365704786565
7,Ammonia,150.0,182.19824280559132,32.19824280559132
7,Ammonia,200.0,205.74672063758703,5.746720637587032
7,Toluene,45.0,20.101195892880853,24.898804107119147
7,Toluene,65.0,36.611573625725185,28.388426374274815
7,Ammonia,250.0,284.4495733639217,34.44957336392167
7,Ammonia,60.0,40.52309739920025,19.476902600799747
7,Toluene,10.0,0.0,10.0
7,Toluene,50.0,30.02527398400312,19.97472601599688
7,Ammonia,160.0,195.8198139212552,35.81981392125519
7,Ammonia,240.0,242.98443652547516,2.984436525475161
7,Toluene,40.0,13.510640025706635,26.489359974293365
7,Toluene,35.0,16.80628521518291,18.19371478481709
7,Ammonia,260.0,285.78505031549435,25.785050315494345
7,Ammonia,130.0,114.02349517147118,15.976504828528817
7,Toluene,75.0,36.55804516712361,38.44195483287639
7,Toluene,90.0,54.93956868483242,35.06043131516758
7,Ammonia,170.0,212.30932375369704,42.30932375369704
7,Ammonia,230.0,230.74255627291066,0.7425562729106616
7,Toluene,80.0,34.9226173513847,45.0773826486153
7,Toluene,55.0,31.763658657795645,23.236341342204355
7,Ammonia,270.0,295.5299388759341,25.52993887593408
7,Ammonia,180.0,173.30284706182096,6.697152938179045
7,Toluene,25.0,3.1196607562723386,21.88033924372766
7,Toluene,160.0,0.0,160.0
7,Ammonia,190.0,240.64787161842872,50.647871618428724
7,Ammonia,90.0,68.45626198423226,21.543738015767744
7,Ammonia,140.0,139.1398822346306,0.8601177653694094
7,Ammonia,70.0,49.02435306774338,20.975646932256623
7,Ammonia,100.0,73.92845666815992,26.071543331840076
7,Ammonia,210.0,220.60890094317523,10.608900943175229
7,Toluene,100.0,47.58167610265865,52.41832389734135
7,Ammonia,300.0,299.26362431089603,0.7363756891039657
7,Ammonia,50.0,23.1458678401536,26.8541321598464
7,Toluene,50.0,0.0,50.0
7,Toluene,10.0,0.0,10.0
7,Ammonia,110.0,114.48050147885576,4.480501478855757
7,Ammonia,220.0,225.0352508257148,5.035250825714797
7,Toluene,60.0,30.94323735939031,29.05676264060969
7,Toluene,20.0,0.8290001081341529,19.170999891865847
7,Ammonia,120.0,132.2968886656442,12.29688866564419
7,Ammonia,280.0,272.0443413315373,7.955658668462718
7,Toluene,70.0,33.29336852157324,36.70663147842676
7,Toluene,30.0,9.033468401519087,20.966531598480913
7,Ammonia,10.0,53.32859537089561,43.32859537089561
7,Ammonia,290.0,269.14936332858446,20.850636671415543
7,Toluene,80.0,48.05492710294148,31.945072897058523
7,Toluene,85.0,47.93847155296382,37.06152844703618
7,Ammonia,150.0,171.56985189903597,21.569851899035967
7,Ammonia,200.0,211.30907132331598,11.309071323315976
7,Toluene,45.0,16.375943243505887,28.624056756494113
7,Toluene,65.0,37.84032379783724,27.159676202162757
7,Ammonia,250.0,282.2787606555513,32.27876065555131
7,Ammonia,60.0,36.12009639447896,23.879903605521037
7,Toluene,15.0,0.0,15.0
7,Toluene,45.0,28.673766567382984,16.326233432617016
7,Ammonia,160.0,201.08231400572723,41.08231400572723
7,Ammonia,240.0,240.05004438926073,0.050044389260733624
7,Toluene,40.0,13.982683095983063,26.017316904016937
7,Toluene,35.0,14.472136564139916,20.527863435860084
7,Ammonia,260.0,290.9783938881915,30.978393888191476
7,Ammonia,130.0,119.24748550481564,10.752514495184357
7,Toluene,75.0,36.13322232476486,38.86677767523514
7,Toluene,90.0,51.76716289974297,38.23283710025703
7,Ammonia,170.0,209.01402459157362,39.014024591573616
7,Ammonia,230.0,235.6944383306431,5.694438330643095
7,Toluene,80.0,36.91026118487824,43.08973881512176
7,Toluene,55.0,28.626682922534343,26.373317077465657
7,Ammonia,270.0,292.70270790236896,22.702707902368957
7,Ammonia,180.0,183.7796039461692,3.7796039461692033
7,Toluene,25.0,4.137915180786621,20.86208481921338
7,Toluene,2.5,0.0,2.5
7,Ammonia,190.0,241.34617092649918,51.346170926499184
7,Ammonia,90.0,64.996086126574,25.003913873426
7,Ammonia,140.0,141.65797991618308,1.6579799161830806
7,Ammonia,90.0,46.82817340971313,43.17182659028687
7,Ammonia,100.0,79.0826627538336,20.917337246166397
7,Ammonia,120.0,217.34202707640424,97.34202707640424
7,Toluene,100.0,48.64872379275835,51.35127620724165
7,Ammonia,300.0,300.012360918652,0.012360918652007058
7,Ammonia,50.0,22.715671212423857,27.284328787576143
7,Toluene,50.0,0.0,50.0
7,Toluene,10.0,0.0,10.0
7,Ammonia,110.0,114.2796400263914,4.279640026391405
7,Ammonia,220.0,226.53871136602345,6.538711366023449
7,Toluene,60.0,25.346419533111685,34.653580466888315
7,Toluene,20.0,0.8909552680092929,19.109044731990707
7,Ammonia,120.0,125.51429078327683,5.514290783276834
7,Ammonia,280.0,265.01885029885085,14.98114970114915
7,Toluene,70.0,33.11953692649982,36.88046307350018
7,Toluene,30.0,9.985686794736466,20.014313205263534
7,Ammonia,80.0,58.51635812226441,21.483641877735593
7,Ammonia,290.0,270.806914017474,19.193085982525986
7,Toluene,95.0,45.80604955759672,49.19395044240328
7,Toluene,85.0,49.99512420503305,35.00487579496695
7,Ammonia,150.0,168.4011490390667,18.401149039066695
7,Ammonia,200.0,201.2320519565505,1.2320519565504924
7,Toluene,45.0,18.79290461241507,26.20709538758493
7,Toluene,65.0,36.29018078588507,28.70981921411493
7,Ammonia,250.0,263.6264106155491,13.626410615549105
7,Ammonia,60.0,42.2180701772584,17.781929822741603
7,Toluene,15.0,0.0,15.0
7,Toluene,50.0,30.903694329059434,19.096305670940566
7,Ammonia,160.0,200.95216989146326,40.95216989146326
7,Ammonia,240.0,232.53032930967703,7.469670690322971
7,Toluene,40.0,12.735197672777545,27.264802327222455
7,Toluene,35.0,19.559122943057204,15.440877056942796
7,Ammonia,260.0,260.6112040573012,0.6112040573012223
7,Ammonia,130.0,109.28214732847975,20.717852671520248
7,Toluene,75.0,29.97330117469636,45.02669882530364
7,Toluene,90.0,50.511004409194726,39.488995590805274
7,Ammonia,170.0,212.3591070915088,42.359107091508804
7,Ammonia,230.0,232.54060509342048,2.5406050934204814
7,Toluene,80.0,34.3859162863662,45.6140837136338
7,Toluene,55.0,31.308290278603664,23.691709721396336
7,Ammonia,270.0,280.9390123561488,10.939012356148794
7,Ammonia,180.0,183.72231988451446,3.7223198845144623
7,Toluene,25.0,3.606510676996436,21.393489323003564
7,Toluene,2.5,0.0,2.5
7,Ammonia,190.0,241.6158616651486,51.6158616651486
7,Ammonia,90.0,72.50951132167523,17.490488678324766
7,Ammonia,140.0,127.92333124077678,12.076668759223224
7,Ammonia,70.0,53.90446178401943,16.095538215980568
7,Ammonia,100.0,79.90202396875117,20.097976031248834
7,Ammonia,210.0,214.3654112025336,4.365411202533608
7,Toluene,100.0,44.94636671566178,55.05363328433822
7,Ammonia,300.0,288.9279180995427,11.072081900457306
7,Ammonia,50.0,27.479038640524593,22.520961359475407
7,Toluene,5.0,0.0,5.0
7,Toluene,10.0,0.0,10.0
7,Ammonia,110.0,110.80832745701866,0.8083274570186632
7,Ammonia,220.0,220.8339548274612,0.8339548274612127
7,Toluene,60.0,33.40465103798083,26.595348962019173
7,Toluene,20.0,2.199366325362746,17.800633674637254
7,Ammonia,120.0,118.35186885815602,1.648131141843976
7,Ammonia,280.0,258.02242998567544,21.977570014324556
7,Toluene,70.0,32.862594500078686,37.137405499921314
7,Toluene,30.0,13.397558225028504,16.602441774971496
7,Ammonia,80.0,59.931860761512766,20.068139238487234
7,Ammonia,290.0,264.25035588548144,25.74964411451856
7,Toluene,95.0,45.73974478853873,49.26025521146127
7,Toluene,85.0,48.62833092576285,36.37166907423715
7,Ammonia,150.0,174.23639668283909,24.236396682839086
7,Ammonia,200.0,209.3550813137034,9.355081313703408
7,Toluene,45.0,19.548874782505763,25.451125217494237
7,Toluene,65.0,38.484068852345644,26.515931147654356
7,Ammonia,250.0,265.39709489909285,15.39709489909285
7,Ammonia,60.0,40.06228894313196,19.93771105686804
7,Toluene,15.0,0.0,15.0
7,Toluene,50.0,31.913294334454605,18.086705665545395
7,Ammonia,160.0,202.9183061655591,42.9183061655591
7,Ammonia,240.0,237.77487059676372,2.2251294032362807
7,Toluene,40.0,14.333331779911319,25.66666822008868
7,Toluene,35.0,18.724005265340736,16.275994734659264
7,Ammonia,260.0,270.8222339055185,10.822233905518488
7,Ammonia,130.0,107.40245649308233,22.597543506917674
7,Toluene,75.0,34.30484860672641,40.69515139327359
7,Toluene,90.0,51.123967266487554,38.876032733512446
7,Ammonia,170.0,210.60487051769204,40.604870517692035
7,Ammonia,230.0,229.54430018330973,0.45569981669027015
7,Toluene,80.0,36.03169307875456,43.96830692124544
7,Toluene,55.0,32.04087976408297,22.959120235917027
7,Ammonia,270.0,269.47421327656036,0.5257867234396372
7,Ammonia,180.0,185.4309919765064,5.430991976506391
7,Toluene,25.0,6.58121398235761,18.41878601764239
7,Toluene,2.5,0.0,2.5
7,Ammonia,190.0,247.9365268490048,57.93652684900479
7,Ammonia,90.0,68.28651670630137,21.71348329369863
7,Ammonia,140.0,125.93471572946939,14.065284270530611
7,Ammonia,70.0,58.77152838323673,11.228471616763272
7,Ammonia,100.0,75.8990495844016,24.100950415598405
7,Ammonia,210.0,213.25529598461173,3.2552959846117346
7,Ethylene,100.0,47.70691631594477,52.29308368405523
7,Ethylene,100.0,48.27032816155899,51.72967183844101
7,Acetaldehyde,125.0,167.73440532524842,42.73440532524842
7,Acetaldehyde,100.0,151.7646421169009,51.76464211690089
7,Acetaldehyde,10.0,10.466915044796934,0.46691504479693435
7,Acetaldehyde,125.0,160.08337677340754,35.08337677340754
7,Acetaldehyde,125.0,137.25829068889573,12.258290688895727
7,Ethylene,100.0,45.85494586639649,54.14505413360351
7,Ethylene,100.0,48.245292988885964,51.754707011114036
7,Ethylene,100.0,48.933128143620735,51.066871856379265
7,Ethylene,10.0,0.0,10.0
7,Acetaldehyde,100.0,140.9559396660293,40.95593966602931
7,Acetaldehyde,10.0,0.0,10.0
7,Ethylene,100.0,50.38713588422054,49.61286411577946
7,Ethylene,10.0,0.0,10.0
7,Acetaldehyde,100.0,128.829107463131,28.82910746313101
7,Acetaldehyde,10.0,0.0,10.0
7,Ethylene,100.0,51.29290743520788,48.70709256479212
7,Ethylene,10.0,0.0,10.0
7,Acetaldehyde,100.0,146.01642211335664,46.01642211335664
7,Acetaldehyde,10.0,0.0,10.0
7,Ethylene,100.0,50.36477884891073,49.63522115108927
7,Ethylene,10.0,0.0,10.0
7,Acetaldehyde,100.0,139.62075505894768,39.62075505894768
7,Acetaldehyde,60.0,0.0,60.0
7,Ethylene,100.0,50.82165130432524,49.17834869567476
7,Ethylene,10.0,0.0,10.0
7,Acetaldehyde,100.0,129.1954516833154,29.19545168331541
7,Acetaldehyde,10.0,0.0,10.0
7,Ethylene,100.0,49.569177713708115,50.430822286291885
7,Ethylene,10.0,0.0,10.0
7,Acetaldehyde,100.0,118.44005685381482,18.440056853814824
7,Acetaldehyde,10.0,0.0,10.0
7,Ethylene,100.0,51.45281529792223,48.54718470207777
7,Ethylene,10.0,0.0,10.0
7,Acetaldehyde,100.0,121.63107677754167,21.631076777541665
7,Acetaldehyde,10.0,0.0,10.0
7,Ethylene,100.0,51.701559886874435,48.298440113125565
7,Ethylene,10.0,0.0,10.0
7,Acetaldehyde,100.0,121.65023404401391,21.650234044013914
7,Acetaldehyde,10.0,0.0,10.0
7,Ethylene,100.0,52.663063109567375,47.336936890432625
7,Ethylene,10.0,0.0,10.0
7,Acetaldehyde,100.0,116.65258027152838,16.65258027152838
7,Acetaldehyde,20.0,0.0,20.0
7,Ethylene,100.0,54.00238273749859,45.99761726250141
7,Ethylene,10.0,0.0,10.0
7,Acetaldehyde,100.0,113.11495315178654,13.114953151786537
7,Acetaldehyde,10.0,0.0,10.0
7,Ethylene,100.0,53.73698965203522,46.26301034796478
7,Ethylene,10.0,0.0,10.0
7,Acetaldehyde,100.0,109.20459177875236,9.20459177875236
7,Acetaldehyde,10.0,0.0,10.0
7,Ethylene,100.0,52.47267982853327,47.52732017146673
7,Ethylene,10.0,0.0,10.0
7,Acetaldehyde,100.0,115.56690609914838,15.566906099148383
7,Acetaldehyde,10.0,0.0,10.0
7,Ethylene,100.0,52.92339414395164,47.07660585604836
7,Ethylene,10.0,0.0,10.0
7,Acetaldehyde,100.0,131.86103689346166,31.86103689346166
7,Acetaldehyde,10.0,0.0,10.0
7,Ethylene,100.0,51.278437522148806,48.721562477851194
7,Ethylene,10.0,0.0,10.0
7,Acetaldehyde,100.0,137.63219565726206,37.63219565726206
7,Acetaldehyde,10.0,0.0,10.0
7,Ethylene,100.0,52.386732583433,47.613267416567
7,Ethylene,10.0,0.0,10.0
7,Acetaldehyde,100.0,134.54117846994484,34.54117846994484
7,Acetaldehyde,10.0,0.0,10.0
7,Ethylene,100.0,52.98859999783994,47.01140000216006
7,Ethylene,10.0,0.0,10.0
7,Acetaldehyde,100.0,137.60275650922355,37.60275650922355
7,Acetaldehyde,10.0,0.0,10.0
7,Ethylene,100.0,50.52930407451767,49.47069592548233
7,Ethylene,10.0,0.0,10.0
7,Acetaldehyde,100.0,136.76666167427092,36.76666167427092
7,Acetaldehyde,10.0,0.0,10.0
7,Ethylene,100.0,51.75679793531209,48.24320206468791
7,Ethylene,10.0,0.0,10.0
7,Acetaldehyde,100.0,130.3115501741836,30.311550174183594
7,Acetaldehyde,10.0,0.0,10.0
7,Ethylene,100.0,54.55396301621194,45.44603698378806
7,Ethylene,35.0,0.0,35.0
7,Acetaldehyde,100.0,130.88260217288658,30.88260217288658
7,Acetaldehyde,10.0,0.0,10.0
7,Ethylene,100.0,55.9612234712331,44.0387765287669
7,Ethylene,10.0,0.0,10.0
7,Acetaldehyde,100.0,130.864048742556,30.864048742556008
7,Acetaldehyde,10.0,0.0,10.0
7,Ethylene,100.0,51.69092047484567,48.30907952515433
7,Ethylene,10.0,0.0,10.0
7,Acetaldehyde,100.0,132.21176992975458,32.21176992975458
7,Acetaldehyde,10.0,0.0,10.0
7,Ethylene,100.0,50.799861163525094,49.200138836474906
7,Ethylene,10.0,0.0,10.0
7,Acetaldehyde,100.0,126.24822728671901,26.248227286719015
7,Acetaldehyde,10.0,0.0,10.0
7,Ethylene,100.0,54.39119768734844,45.60880231265156
7,Ethylene,10.0,0.0,10.0
7,Acetaldehyde,100.0,127.15795951739459,27.157959517394588
7,Acetaldehyde,10.0,0.0,10.0
7,Ethylene,100.0,53.198441690383135,46.801558309616865
7,Ethylene,10.0,0.0,10.0
7,Acetaldehyde,100.0,127.95740073213076,27.957400732130765
7,Acetaldehyde,200.0,0.0,200.0
7,Ethylene,100.0,51.843133939735694,48.156866060264306
7,Ethylene,10.0,0.0,10.0
7,Acetaldehyde,100.0,123.7286492033955,23.728649203395506
7,Acetaldehyde,10.0,0.0,10.0
7,Ethylene,100.0,53.36551040508523,46.63448959491477
7,Ethylene,10.0,0.0,10.0
7,Acetaldehyde,100.0,121.48488605699691,21.484886056996913
7,Acetaldehyde,10.0,0.0,10.0
7,Ethylene,100.0,53.03225988400638,46.96774011599362
7,Ethylene,10.0,0.0,10.0
7,Acetaldehyde,100.0,121.83200448068447,21.832004480684475
7,Acetaldehyde,10.0,0.0,10.0
7,Ethylene,100.0,55.74338893221601,44.25661106778399
7,Ethylene,10.0,0.0,10.0
7,Acetaldehyde,100.0,118.74259405149974,18.742594051499736
7,Acetaldehyde,10.0,0.0,10.0
7,Ethylene,100.0,56.58142746078602,43.41857253921398
7,Ethylene,10.0,0.0,10.0
7,Acetaldehyde,100.0,116.7231658729282,16.723165872928206
7,Acetaldehyde,10.0,0.0,10.0
7,Ethylene,100.0,51.14597428997324,48.85402571002676
7,Ethylene,10.0,0.0,10.0
7,Acetaldehyde,100.0,117.72767462259905,17.727674622599054
7,Acetaldehyde,10.0,0.0,10.0
7,Ethylene,100.0,55.00404934637076,44.99595065362924
7,Ethylene,10.0,0.0,10.0
7,Acetaldehyde,100.0,114.28204608939846,14.282046089398463
7,Acetaldehyde,10.0,0.0,10.0
7,Ethylene,100.0,52.88567918728921,47.11432081271079
7,Ethylene,10.0,0.0,10.0
7,Acetaldehyde,100.0,120.85669015740342,20.85669015740342
7,Acetaldehyde,10.0,0.0,10.0
7,Ethylene,100.0,55.29646680129407,44.70353319870593
7,Ethylene,10.0,0.0,10.0
7,Acetaldehyde,100.0,112.80224370988877,12.80224370988877
7,Acetaldehyde,10.0,0.0,10.0
7,Ethylene,100.0,54.00894731292185,45.99105268707815
7,Ethylene,10.0,0.0,10.0
7,Acetaldehyde,100.0,108.53633541326332,8.536335413263316
7,Acetaldehyde,10.0,0.0,10.0
7,Ethylene,100.0,56.636921243454054,43.363078756545946
7,Ethylene,10.0,0.0,10.0
7,Acetaldehyde,100.0,111.25393147304317,11.253931473043167
7,Acetaldehyde,10.0,0.0,10.0
7,Ethylene,100.0,53.07036641778879,46.92963358221121
7,Ethylene,10.0,0.0,10.0
7,Acetaldehyde,100.0,108.0911422409494,8.091142240949395
7,Acetaldehyde,10.0,0.0,10.0
7,Ethylene,100.0,52.485151844658276,47.514848155341724
7,Ethylene,10.0,0.0,10.0
7,Acetaldehyde,100.0,109.13089974086363,9.130899740863626
7,Acetaldehyde,10.0,0.0,10.0
7,Ethylene,100.0,54.08492935872883,45.91507064127117
7,Ethylene,10.0,0.0,10.0
7,Acetaldehyde,100.0,102.67575979730478,2.675759797304778
7,Acetaldehyde,10.0,0.0,10.0
7,Ethylene,100.0,54.1038981229115,45.8961018770885
7,Ethylene,10.0,0.0,10.0
7,Acetaldehyde,100.0,102.1230948895442,2.1230948895442054
7,Acetaldehyde,120.0,0.0,120.0
7,Ethylene,100.0,52.24693376114038,47.75306623885962
7,Ethylene,10.0,0.0,10.0
7,Acetaldehyde,100.0,97.20522558085133,2.7947744191486663
7,Acetaldehyde,10.0,0.0,10.0
7,Ethylene,100.0,54.61343255578477,45.38656744421523
7,Ethylene,10.0,0.0,10.0
7,Acetaldehyde,100.0,95.51011615938947,4.489883840610531
7,Acetaldehyde,10.0,0.0,10.0
7,Ethylene,100.0,53.518754132400275,46.481245867599725
7,Ethylene,10.0,0.0,10.0
7,Acetaldehyde,100.0,98.37673830838708,1.6232616916129246
7,Acetaldehyde,10.0,0.0,10.0
7,Ethylene,100.0,55.60667925364004,44.39332074635996
7,Ethylene,10.0,0.0,10.0
7,Acetaldehyde,100.0,90.6557540009685,9.3442459990315
7,Acetaldehyde,10.0,0.0,10.0
7,Ethylene,100.0,51.89854201476051,48.10145798523949
7,Ethylene,10.0,0.0,10.0
7,Acetaldehyde,100.0,91.73596675164399,8.264033248356014
7,Acetaldehyde,10.0,0.0,10.0
7,Ethylene,100.0,53.36169388617117,46.63830611382883
7,Ethylene,10.0,0.0,10.0
7,Acetaldehyde,100.0,88.48770465369955,11.512295346300448
7,Acetaldehyde,10.0,0.0,10.0
7,Ethylene,100.0,51.445983217718066,48.554016782281934
7,Ethylene,10.0,0.0,10.0
7,Acetaldehyde,100.0,90.21793263491833,9.782067365081673
7,Acetaldehyde,200.0,0.0,200.0
7,Ethylene,100.0,52.94314838807729,47.05685161192271
7,Ethylene,10.0,0.0,10.0
7,Acetaldehyde,100.0,88.78021785576385,11.219782144236149
7,Acetaldehyde,10.0,0.0,10.0
7,Ethylene,100.0,53.892124200798165,46.107875799201835
7,Ethylene,10.0,0.0,10.0
7,Acetaldehyde,100.0,87.24891601028664,12.751083989713365
7,Acetaldehyde,10.0,0.0,10.0
7,Ethylene,100.0,54.47085334252357,45.52914665747643
7,Ethylene,50.0,0.0,50.0
7,Acetaldehyde,100.0,85.73338552992061,14.26661447007939
7,Acetaldehyde,100.0,0.0,100.0
7,Ethylene,100.0,57.04592345476746,42.95407654523254
7,Ethylene,10.0,0.0,10.0
7,Acetaldehyde,100.0,83.58681483354061,16.413185166459385
7,Acetaldehyde,180.0,0.0,180.0
7,Ethylene,100.0,50.537607556066064,49.462392443933936
7,Ethylene,10.0,0.0,10.0
7,Acetaldehyde,100.0,82.9149305283123,17.085069471687703
7,Acetaldehyde,10.0,0.0,10.0
7,Ethylene,200.0,130.966759095993,69.03324090400699
7,Ethylene,20.0,0.0,20.0
7,Acetaldehyde,250.0,198.85044657535823,51.149553424641766
7,Acetaldehyde,110.0,76.74484510778895,33.25515489221105
7,Ethylene,150.0,87.54146017745595,62.458539822544054
7,Ethylene,50.0,10.862712403901611,39.13728759609839
7,Acetaldehyde,30.0,16.253515363689687,13.746484636310313
7,Acetaldehyde,80.0,64.08318779894766,15.916812201052338
7,Ethylene,180.0,115.90648282699186,64.09351717300814
7,Ethylene,80.0,35.93974279771898,44.06025720228102
7,Acetaldehyde,20.0,10.419802309119461,9.580197690880539
7,Acetaldehyde,70.0,63.75702254568492,6.242977454315081
7,Ethylene,250.0,189.26936534201405,60.730634657985945
7,Ethylene,210.0,140.1462428577659,69.85375714223409
7,Acetaldehyde,150.0,114.11030351346083,35.889696486539165
7,Acetaldehyde,50.0,39.47120374243016,10.528796257569837
7,Ethylene,230.0,167.16863890769278,62.83136109230722
7,Ethylene,120.0,65.46928613845553,54.53071386154447
7,Acetaldehyde,120.0,99.3993181812518,20.6006818187482
7,Acetaldehyde,190.0,165.80835562609815,24.191644373901852
7,Ethylene,90.0,43.405564495161116,46.594435504838884
7,Ethylene,170.0,111.75709367427504,58.24290632572496
7,Acetaldehyde,40.0,31.308724189767958,8.691275810232042
7,Acetaldehyde,230.0,193.44786615492882,36.55213384507118
7,Ethylene,240.0,182.8012726157404,57.1987273842596
7,Ethylene,60.0,18.824597403440805,41.175402596559195
7,Acetaldehyde,130.0,89.55434165153892,40.44565834846108
7,Acetaldehyde,90.0,61.04440429741709,28.95559570258291
7,Ethylene,190.0,130.61481846989426,59.38518153010574
7,Ethylene,30.0,0.0,30.0
7,Acetaldehyde,160.0,109.8085921186116,50.1914078813884
7,Acetaldehyde,240.0,195.39603966531138,44.60396033468862
7,Ethylene,220.0,157.24197287349017,62.75802712650983
7,Ethylene,70.0,55.137813376752305,14.862186623247695
7,Acetaldehyde,220.0,170.49035600841694,49.50964399158306
7,Acetaldehyde,60.0,41.96249863485929,18.037501365140713
7,Ethylene,130.0,77.39938830544625,52.60061169455375
7,Ethylene,40.0,2.4234760768458727,37.57652392315413
7,Acetaldehyde,200.0,146.7735857250454,53.22641427495461
7,Acetaldehyde,70.0,81.66787333290834,11.667873332908343
7,Ethylene,110.0,60.272284411200786,49.727715588799214
7,Ethylene,70.0,25.877848146622995,44.122151853377005
7,Acetaldehyde,210.0,154.3483498220944,55.651650177905594
7,Acetaldehyde,170.0,111.22801872706395,58.771981272936046
7,Ethylene,140.0,83.53848010295201,56.46151989704799
7,Ethylene,160.0,102.20614479073163,57.79385520926837
7,Acetaldehyde,180.0,120.12043044625979,59.87956955374021
7,Ethylene,100.0,45.20379101618957,54.79620898381043
7,Ethylene,10.0,0.0,10.0
7,Acetaldehyde,100.0,70.73295267179147,29.267047328208534
7,Ethylene,200.0,134.69156639748488,65.30843360251512
7,Ethylene,20.0,0.0,20.0
7,Acetaldehyde,250.0,180.68421685717786,69.31578314282214
7,Acetaldehyde,110.0,67.41285072724175,42.58714927275825
7,Ethylene,150.0,92.12278778394847,57.87721221605153
7,Ethylene,50.0,10.621282492817983,39.37871750718202
7,Acetaldehyde,30.0,11.624824512128711,18.37517548787129
7,Acetaldehyde,80.0,61.93106283747936,18.06893716252064
7,Ethylene,180.0,117.20058482333854,62.799415176661455
7,Ethylene,50.0,31.568447229951005,18.431552770048995
7,Acetaldehyde,20.0,5.125758110910084,14.874241889089916
7,Acetaldehyde,70.0,61.584626423594,8.415373576405997
7,Ethylene,250.0,190.19302096934834,59.80697903065166
7,Ethylene,210.0,136.8209838309146,73.1790161690854
7,Acetaldehyde,150.0,97.39128511625253,52.60871488374747
7,Acetaldehyde,50.0,32.86714862765484,17.132851372345158
7,Ethylene,230.0,170.98116593256844,59.018834067431555
7,Ethylene,120.0,70.9919918151286,49.0080081848714
7,Acetaldehyde,120.0,73.75499000352613,46.24500999647387
7,Acetaldehyde,190.0,134.46633575798808,55.53366424201192
7,Ethylene,90.0,42.60206926561942,47.39793073438058
7,Ethylene,170.0,110.46132798133429,59.53867201866571
7,Acetaldehyde,5.0,22.510564820601346,17.510564820601346
7,Acetaldehyde,230.0,180.25861864650045,49.74138135349955
7,Ethylene,240.0,183.28948083190653,56.71051916809347
7,Ethylene,100.0,17.86729986711046,82.13270013288954
7,Acetaldehyde,130.0,82.47617691175162,47.52382308824838
7,Acetaldehyde,90.0,61.02778598390644,28.97221401609356
7,Ethylene,190.0,128.63379455782572,61.36620544217428
7,Ethylene,30.0,0.0,30.0
7,Acetaldehyde,160.0,106.9829840640391,53.0170159359609
7,Acetaldehyde,240.0,193.603995391585,46.39600460841501
7,Ethylene,220.0,155.52251234682208,64.47748765317792
7,Ethylene,110.0,59.63604672356705,50.36395327643295
7,Acetaldehyde,220.0,159.00645780621832,60.99354219378168
7,Acetaldehyde,60.0,38.829631019480885,21.170368980519115
7,Ethylene,130.0,78.32253587055612,51.67746412944388
7,Ethylene,65.0,0.0,65.0
7,Acetaldehyde,200.0,134.07061942001596,65.92938057998404
7,Acetaldehyde,140.0,81.45581250515423,58.54418749484577
7,Ethylene,110.0,60.53215911911332,49.46784088088668
7,Ethylene,90.0,25.9588304112997,64.0411695887003
7,Acetaldehyde,210.0,147.55669120940271,62.443308790597285
7,Acetaldehyde,170.0,110.08022795165475,59.91977204834525
7,Ethylene,140.0,84.56189935464216,55.438100645357835
7,Ethylene,160.0,102.8501534827141,57.149846517285894
7,Acetaldehyde,180.0,115.9488984853776,64.0511015146224
7,Ethylene,100.0,51.12855786290403,48.87144213709597
7,Ethylene,10.0,0.0,10.0
7,Acetaldehyde,100.0,71.64180136908837,28.35819863091163
7,Ethylene,200.0,134.86450148583606,65.13549851416394
7,Ethylene,20.0,0.0,20.0
7,Acetaldehyde,250.0,180.0290909163765,69.9709090836235
7,Acetaldehyde,110.0,65.070988233248,44.929011766752
7,Ethylene,150.0,94.33273237640101,55.66726762359899
7,Ethylene,50.0,10.543022423220208,39.45697757677979
7,Acetaldehyde,40.0,11.341931623895164,28.658068376104836
7,Acetaldehyde,100.0,58.04642869555482,41.95357130444518
7,Ethylene,180.0,115.18127716261961,64.81872283738039
7,Ethylene,80.0,31.05220439125496,48.94779560874504
7,Acetaldehyde,20.0,4.496954348733482,15.503045651266518
7,Acetaldehyde,70.0,58.476381647778396,11.523618352221604
7,Ethylene,250.0,193.14551327841366,56.85448672158634
7,Ethylene,210.0,135.5596688775171,74.44033112248289
7,Acetaldehyde,150.0,94.43012224303848,55.56987775696152
7,Acetaldehyde,50.0,29.99655574368734,20.00344425631266
7,Ethylene,230.0,166.28311225223905,63.71688774776095
7,Ethylene,120.0,67.22799797374572,52.772002026254285
7,Acetaldehyde,120.0,72.43215721036027,47.56784278963973
7,Acetaldehyde,190.0,127.61530054676335,62.38469945323665
7,Ethylene,90.0,40.781591412014876,49.218408587985124
7,Ethylene,170.0,107.51816827034841,62.48183172965159
7,Acetaldehyde,40.0,20.486833747540828,19.513166252459172
7,Acetaldehyde,230.0,169.49237147464794,60.50762852535206
7,Ethylene,70.0,176.32022756018708,106.32022756018708
7,Ethylene,60.0,15.999499427417263,44.00050057258274
7,Acetaldehyde,130.0,79.58083476087762,50.41916523912238
7,Acetaldehyde,90.0,62.283922240475576,27.716077759524424
7,Ethylene,190.0,124.68216696621431,65.31783303378569
7,Ethylene,30.0,0.0,30.0
7,Acetaldehyde,160.0,107.90284161559808,52.09715838440192
7,Acetaldehyde,10.0,184.54573450063882,174.54573450063882
7,Acetaldehyde,220.0,151.98884517868984,68.01115482131016
7,Acetaldehyde,60.0,39.19199595257736,20.808004047422642
7,Ethylene,130.0,75.20865539837648,54.79134460162352
7,Ethylene,40.0,0.8263703580327899,39.17362964196721
7,Acetaldehyde,200.0,136.8763458274375,63.12365417256251
7,Acetaldehyde,280.0,79.49727821041668,200.50272178958332
7,Ethylene,70.0,27.466221735651885,42.533778264348115
7,Acetaldehyde,210.0,144.82952710896237,65.17047289103763
7,Acetaldehyde,170.0,107.99491175107852,62.00508824892148
7,Ethylene,140.0,88.67612181484277,51.32387818515723
7,Ethylene,160.0,100.97081556157033,59.02918443842967
7,Acetaldehyde,300.0,109.14001442867962,190.85998557132038
7,Acetaldehyde,100.0,68.04638202040364,31.95361797959636
7,Ethylene,200.0,136.51357994865185,63.48642005134815
7,Ethylene,20.0,0.0,20.0
7,Acetaldehyde,250.0,177.92171555752006,72.07828444247994
7,Acetaldehyde,110.0,66.54541491401915,43.45458508598085
7,Ethylene,100.0,94.2935382739375,5.7064617260625
7,Ethylene,50.0,10.79377102692149,39.20622897307851
7,Acetaldehyde,10.0,9.342436778283968,0.6575632217160319
7,Acetaldehyde,80.0,59.83005210737235,20.169947892627647
7,Acetaldehyde,90.0,3.980678240014754,86.01932175998525
7,Acetaldehyde,90.0,57.201269655848975,32.798730344151025
7,Ethylene,250.0,196.01702035258603,53.98297964741397
7,Ethylene,210.0,127.34441054230545,82.65558945769455
7,Acetaldehyde,50.0,29.26026348922491,20.73973651077509
7,Ethylene,230.0,168.90384047936317,61.09615952063683
7,Acetaldehyde,120.0,72.42591290091104,47.574087099088956
7,Acetaldehyde,190.0,125.89819259951933,64.10180740048067
7,Acetaldehyde,40.0,23.511733422418914,16.488266577581086
7,Acetaldehyde,230.0,170.3020197709349,59.69798022906511
7,Ethylene,240.0,178.0618063900519,61.93819360994809
7,Acetaldehyde,130.0,78.3068425085284,51.693157491471595
7,Acetaldehyde,90.0,59.151420006072016,30.848579993927984
7,Acetaldehyde,160.0,107.06785440518831,52.932145594811686
7,Acetaldehyde,240.0,182.12359410449199,57.876405895508015
7,Ethylene,110.0,61.03278768190101,48.96721231809899
7,Acetaldehyde,220.0,151.2274734033261,68.77252659667391
7,Acetaldehyde,60.0,39.55431676951363,20.445683230486367
7,Ethylene,130.0,78.9763143983142,51.0236856016858
7,Ethylene,40.0,1.2925390520689746,38.707460947931025
7,Acetaldehyde,200.0,134.47574616574627,65.52425383425373
7,Acetaldehyde,10.0,77.11298554986593,67.11298554986593
7,Ethylene,110.0,59.02732689114673,50.97267310885327
7,Ethylene,70.0,25.875877958393957,44.12412204160604
7,Acetaldehyde,210.0,146.28094439119585,63.719055608804155
7,Acetaldehyde,170.0,103.76918839558114,66.23081160441886
7,Ethylene,140.0,75.59529438806979,64.40470561193021
7,Ethylene,160.0,107.87846754734461,52.12153245265539
7,Acetaldehyde,180.0,112.06637049950973,67.93362950049027
7,Ethylene,100.0,50.08402723309881,49.91597276690119
7,Ethylene,10.0,0.0,10.0
7,Acetaldehyde,100.0,75.92224525056444,24.077754749435556
7,Ethylene,200.0,142.50031085776322,57.499689142236775
7,Ethylene,20.0,0.0,20.0
7,Acetaldehyde,250.0,178.01782078193133,71.98217921806867
7,Acetaldehyde,110.0,66.6881847039614,43.3118152960386
7,Ethylene,150.0,102.41295368447288,47.58704631552712
7,Ethylene,50.0,11.639921002575122,38.36007899742488
7,Acetaldehyde,30.0,10.712705321832857,19.287294678167143
7,Acetaldehyde,80.0,59.04490608255156,20.955093917448437
7,Ethylene,180.0,121.03661327528232,58.96338672471768
7,Ethylene,110.0,34.866161794786564,75.13383820521344
7,Acetaldehyde,70.0,59.20616000932063,10.793839990679373
7,Ethylene,250.0,204.44928370528473,45.55071629471527
7,Ethylene,210.0,144.38718143246487,65.61281856753513
7,Acetaldehyde,150.0,92.67090288639355,57.32909711360645
7,Acetaldehyde,50.0,31.68077197490227,18.31922802509773
7,Ethylene,230.0,181.2486982803099,48.751301719690105
7,Ethylene,120.0,72.78614160955489,47.21385839044511
7,Acetaldehyde,120.0,71.95935607781719,48.04064392218281
7,Acetaldehyde,190.0,123.41227794683087,66.58772205316913
7,Ethylene,90.0,46.274928671389674,43.725071328610326
7,Ethylene,170.0,120.7826152414892,49.2173847585108
7,Acetaldehyde,40.0,24.101354645407497,15.898645354592503
7,Acetaldehyde,230.0,172.38755784526919,57.612442154730815
7,Ethylene,240.0,193.3840335470041,46.615966452995906
7,Ethylene,60.0,17.31195792237679,42.68804207762321
7,Acetaldehyde,130.0,82.68797066830777,47.31202933169223
7,Acetaldehyde,90.0,61.11904221653228,28.88095778346772
7,Ethylene,190.0,137.64554386196832,52.35445613803168
7,Ethylene,30.0,0.0,30.0
7,Acetaldehyde,160.0,105.69793935922024,54.30206064077976
7,Acetaldehyde,240.0,190.23841332110453,49.76158667889547
7,Ethylene,220.0,173.82087490812015,46.179125091879854
7,Ethylene,110.0,66.479097460957,43.52090253904301
7,Acetaldehyde,220.0,160.44700049155716,59.55299950844284
7,Acetaldehyde,60.0,40.996254276458586,19.003745723541414
7,Ethylene,130.0,81.71479340765077,48.285206592349226
7,Ethylene,20.0,2.0751441936761807,17.92485580632382
7,Acetaldehyde,200.0,139.75101960775086,60.24898039224914
7,Acetaldehyde,140.0,80.96521052173813,59.03478947826187
7,Ethylene,110.0,63.51668773349461,46.48331226650539
7,Ethylene,70.0,27.53305145201591,42.46694854798409
7,Acetaldehyde,210.0,150.4539280152783,59.54607198472169
7,Acetaldehyde,170.0,110.88840027945952,59.11159972054048
7,Ethylene,140.0,88.05225416443783,51.94774583556217
7,Ethylene,160.0,109.37193195217743,50.628068047822566
7,Acetaldehyde,50.0,118.68289723146168,68.68289723146168
7,Ethylene,100.0,53.648636801010085,46.351363198989915
7,Ethylene,10.0,0.0,10.0
7,Acetaldehyde,100.0,69.36486073458836,30.635139265411638
7,Ethylene,200.0,143.90177844839914,56.09822155160086
7,Ethylene,20.0,0.0,20.0
7,Acetaldehyde,250.0,176.05557390484012,73.94442609515988
7,Acetaldehyde,110.0,65.34307107888147,44.656928921118535
7,Ethylene,150.0,102.31676814853273,47.68323185146727
7,Ethylene,50.0,12.401222370798635,37.598777629201365
7,Acetaldehyde,80.0,50.948290267921536,29.051709732078464
7,Ethylene,180.0,126.23764786414911,53.76235213585089
7,Ethylene,80.0,38.39578070887319,41.60421929112681
7,Acetaldehyde,70.0,59.60042976752982,10.399570232470182
7,Ethylene,250.0,210.90881269994074,39.09118730005926
7,Ethylene,210.0,153.6414866370544,56.35851336294559
7,Acetaldehyde,150.0,96.23189503314723,53.768104966852775
7,Acetaldehyde,50.0,34.18325457904139,15.816745420958611
7,Ethylene,230.0,181.3336024477862,48.666397552213795
7,Ethylene,120.0,75.46742025593616,44.53257974406384
7,Acetaldehyde,120.0,73.26166872988351,46.73833127011649
7,Acetaldehyde,190.0,124.42142129853251,65.57857870146749
7,Ethylene,90.0,49.883669936677265,40.116330063322735
7,Ethylene,170.0,117.28602356364661,52.71397643635339
7,Acetaldehyde,300.0,27.94599140931811,272.05400859068186
7,Acetaldehyde,230.0,167.4687009034987,62.5312990965013
7,Ethylene,240.0,203.96847624544336,36.031523754556645
7,Ethylene,60.0,20.092283477671472,39.90771652232853
7,Acetaldehyde,130.0,80.44036003224106,49.55963996775894
7,Acetaldehyde,90.0,58.346428844149,31.653571155850997
7,Ethylene,190.0,139.14988284112505,50.85011715887495
7,Ethylene,30.0,0.0,30.0
7,Acetaldehyde,160.0,107.035381573655,52.964618426345
7,Acetaldehyde,240.0,185.02338220830865,54.97661779169135
7,Ethylene,220.0,173.10613140169932,46.893868598300685
7,Ethylene,30.0,68.26171666652624,38.26171666652624
7,Acetaldehyde,220.0,154.83620941920088,65.16379058079912
7,Acetaldehyde,60.0,43.682097031770255,16.317902968229745
7,Ethylene,130.0,83.20796387382306,46.79203612617694
7,Ethylene,40.0,4.101758222209298,35.8982417777907
7,Acetaldehyde,200.0,138.75422504927926,61.245774950720744
7,Acetaldehyde,140.0,82.48451206839465,57.51548793160535
7,Ethylene,110.0,67.16193545946531,42.83806454053469
7,Ethylene,70.0,29.65976882698955,40.34023117301045
7,Acetaldehyde,210.0,153.67935896289862,56.32064103710138
7,Acetaldehyde,170.0,108.01705615234518,61.98294384765482
7,Ethylene,140.0,92.15100484963587,47.84899515036413
7,Ethylene,160.0,113.30053256254132,46.69946743745868
7,Acetaldehyde,180.0,118.81288005457144,61.18711994542856
7,Ethylene,100.0,60.37699173598948,39.62300826401052
7,Ethylene,10.0,0.0,10.0
7,Acetaldehyde,100.0,70.19666036316262,29.80333963683738
7,Ethylene,200.0,156.93921822959368,43.06078177040632
7,Ethylene,60.0,0.0,60.0
7,Acetaldehyde,250.0,178.76139497312573,71.23860502687427
7,Acetaldehyde,110.0,68.72066939550099,41.27933060449901
7,Ethylene,150.0,100.38057793388765,49.61942206611235
7,Ethylene,50.0,15.189176155054824,34.810823844945176
7,Acetaldehyde,30.0,15.523807336443312,14.476192663556688
7,Acetaldehyde,80.0,57.80563804160467,22.194361958395334
7,Ethylene,180.0,133.09337409277384,46.90662590722616
7,Ethylene,80.0,42.96134867107982,37.03865132892018
7,Acetaldehyde,70.0,55.90289799913381,14.097102000866187
7,Ethylene,250.0,210.9033486035068,39.0966513964932
7,Ethylene,210.0,155.63570373351257,54.36429626648743
7,Acetaldehyde,130.0,90.94761780736599,39.05238219263401
7,Acetaldehyde,50.0,31.720233149712087,18.279766850287913
7,Acetaldehyde,120.0,74.22164167526287,45.77835832473713
7,Acetaldehyde,190.0,122.88559835687182,67.11440164312818
7,Ethylene,90.0,48.65923658685635,41.34076341314365
7,Ethylene,170.0,119.5611708535751,50.438829146424894
7,Acetaldehyde,40.0,25.268601637496715,14.731398362503285
7,Acetaldehyde,230.0,175.62399169231682,54.37600830768318
7,Ethylene,240.0,199.00102387227466,40.99897612772534
7,Ethylene,210.0,22.564861301782784,187.4351386982172
7,Acetaldehyde,130.0,79.10792066800775,50.89207933199225
7,Acetaldehyde,90.0,60.732313181361576,29.267686818638424
7,Ethylene,190.0,137.41067639842004,52.58932360157996
7,Ethylene,30.0,0.0,30.0
7,Acetaldehyde,160.0,106.74722158736928,53.25277841263072
7,Acetaldehyde,240.0,181.3749521071639,58.62504789283611
7,Ethylene,220.0,172.94727549691027,47.052724503089735
7,Ethylene,110.0,67.45781916434339,42.54218083565661
7,Acetaldehyde,220.0,154.81315675482497,65.18684324517503
7,Acetaldehyde,60.0,40.17188547700074,19.828114522999257
7,Ethylene,130.0,83.44307159215212,46.55692840784788
7,Ethylene,40.0,2.5655626426852223,37.43443735731478
7,Acetaldehyde,200.0,136.24329739088878,63.756702609111215
7,Acetaldehyde,140.0,81.99493661604176,58.005063383958245
7,Ethylene,70.0,30.43095695666328,39.56904304333672
7,Acetaldehyde,210.0,142.06283678502038,67.93716321497962
7,Acetaldehyde,170.0,107.6670395176838,62.332960482316196
7,Ethylene,140.0,92.64700604411057,47.35299395588943
7,Ethylene,160.0,114.72987342004274,45.270126579957264
7,Acetaldehyde,180.0,115.38950719263161,64.61049280736839
7,Ethylene,100.0,55.347687675535724,44.652312324464276
7,Ethylene,10.0,0.0,10.0
7,Acetaldehyde,100.0,67.8443845653448,32.1556154346552
7,Ethylene,200.0,157.27332925460044,42.72667074539956
7,Ethylene,20.0,0.0,20.0
7,Acetaldehyde,250.0,176.1979183182056,73.80208168179439
7,Acetaldehyde,110.0,68.54716075472871,41.45283924527129
7,Ethylene,150.0,103.19626577140946,46.80373422859054
7,Ethylene,50.0,14.23564749404531,35.76435250595469
7,Acetaldehyde,280.0,14.745507257751186,265.25449274224883
7,Acetaldehyde,80.0,59.16152983600567,20.83847016399433
7,Ethylene,180.0,135.91622961688375,44.083770383116246
7,Ethylene,80.0,39.96615694309756,40.03384305690244
7,Acetaldehyde,70.0,59.19567946562144,10.804320534378562
7,Ethylene,250.0,214.16827071068633,35.83172928931367
7,Ethylene,210.0,152.56551991643178,57.43448008356822
7,Acetaldehyde,150.0,91.73152748659442,58.268472513405584
7,Acetaldehyde,50.0,31.43941869229127,18.56058130770873
7,Ethylene,230.0,186.56924270857144,43.43075729142856
7,Ethylene,120.0,75.03156794744932,44.96843205255068
7,Acetaldehyde,120.0,71.18836128169876,48.81163871830124
7,Acetaldehyde,190.0,121.52052643736474,68.47947356263526
7,Ethylene,90.0,47.270170911168094,42.729829088831906
7,Ethylene,170.0,117.72659409959785,52.27340590040215
7,Acetaldehyde,40.0,26.206232476837357,13.793767523162643
7,Acetaldehyde,230.0,164.01621940768618,65.98378059231382
7,Ethylene,240.0,198.12138976950013,41.87861023049987
7,Ethylene,60.0,20.47555906100591,39.52444093899409
7,Acetaldehyde,130.0,78.97117266630141,51.02882733369859
7,Acetaldehyde,90.0,59.04223488647368,30.95776511352632
7,Ethylene,190.0,138.92277818235164,51.077221817648365
7,Ethylene,30.0,0.0,30.0
7,Acetaldehyde,160.0,104.69074408224509,55.30925591775491
7,Acetaldehyde,240.0,178.50417832028634,61.49582167971366
7,Ethylene,220.0,176.65870911208634,43.34129088791366
7,Ethylene,110.0,63.7941737905832,46.2058262094168
7,Acetaldehyde,220.0,156.85578092146622,63.14421907853378
7,Acetaldehyde,60.0,39.802084543423376,20.197915456576624
7,Ethylene,130.0,79.71878379272366,50.281216207276344
7,Ethylene,20.0,3.7190831843576007,16.2809168156424
7,Acetaldehyde,200.0,134.86636090837266,65.13363909162734
7,Acetaldehyde,140.0,81.16476351901102,58.83523648098898
7,Ethylene,110.0,70.27122961248944,39.728770387510565
7,Ethylene,70.0,30.513466801812598,39.4865331981874
7,Acetaldehyde,200.0,150.37083302284088,49.629166977159116
7,Acetaldehyde,170.0,105.31776092340709,64.68223907659291
7,Ethylene,140.0,92.73293642001764,47.26706357998236
7,Ethylene,160.0,110.95686337687529,49.04313662312471
7,Acetaldehyde,180.0,110.1800282981031,69.8199717018969
7,Ethylene,100.0,53.826845666268426,46.173154333731574
7,Ethylene,10.0,0.0,10.0
7,Acetaldehyde,100.0,67.16448112982744,32.835518870172564
7,Ethylene,200.0,153.42564124562273,46.57435875437727
7,Ethylene,20.0,0.0,20.0
7,Acetaldehyde,250.0,172.435379172386,77.564620827614
7,Acetaldehyde,110.0,67.78058980212103,42.21941019787897
7,Ethylene,150.0,103.920098703535,46.079901296464996
7,Ethylene,50.0,13.27764676277414,36.72235323722586
7,Acetaldehyde,2.5,13.77809214934284,11.27809214934284
7,Acetaldehyde,80.0,60.96541980237046,19.034580197629538
7,Ethylene,100.0,122.74348636656697,22.74348636656697
7,Ethylene,80.0,37.88728750360984,42.11271249639016
7,Acetaldehyde,70.0,58.6157703991541,11.384229600845899
7,Ethylene,250.0,211.3019477028591,38.69805229714089
7,Ethylene,210.0,149.22185557265436,60.77814442734564
7,Acetaldehyde,290.0,87.883946545948,202.116053454052
7,Acetaldehyde,40.0,29.888399543195604,10.111600456804396
7,Ethylene,230.0,176.9638932538788,53.03610674612119
7,Ethylene,120.0,74.27761328021172,45.722386719788275
7,Acetaldehyde,120.0,70.05373108776266,49.94626891223734
7,Acetaldehyde,190.0,122.4243599169197,67.5756400830803
7,Ethylene,90.0,45.84723534806197,44.15276465193803
7,Ethylene,170.0,117.03951557264806,52.96048442735194
7,Acetaldehyde,40.0,24.170774309694792,15.829225690305208
7,Acetaldehyde,230.0,170.77376272219473,59.22623727780527
7,Ethylene,240.0,198.16755764688773,41.83244235311227
7,Ethylene,60.0,17.589436465319096,42.410563534680904
7,Acetaldehyde,130.0,75.85652086761783,54.14347913238217
7,Acetaldehyde,90.0,61.614598127360495,28.385401872639505
7,Ethylene,190.0,135.20050542133373,54.79949457866627
7,Ethylene,30.0,0.0,30.0
7,Acetaldehyde,160.0,101.78121733794697,58.21878266205303
7,Acetaldehyde,240.0,182.65990644396723,57.34009355603277
7,Ethylene,220.0,168.51515351431834,51.48484648568166
7,Ethylene,110.0,66.86714844585813,43.132851554141865
7,Acetaldehyde,220.0,145.61290653923703,74.38709346076297
7,Acetaldehyde,60.0,39.810442025866195,20.189557974133805
7,Ethylene,130.0,80.20426518404284,49.79573481595716
7,Ethylene,40.0,3.574787858303182,36.42521214169682
7,Acetaldehyde,200.0,130.08586184697077,69.91413815302923
7,Acetaldehyde,140.0,75.99955898424443,64.00044101575557
7,Ethylene,110.0,66.94909270737743,43.05090729262257
7,Ethylene,70.0,32.855346412465835,37.144653587534165
7,Acetaldehyde,210.0,140.95339769223756,69.04660230776244
7,Acetaldehyde,170.0,104.53516152523197,65.46483847476803
7,Ethylene,140.0,88.3314289047652,51.668571095234796
7,Ethylene,160.0,110.69824277359828,49.30175722640172
7,Acetaldehyde,180.0,113.59283923677134,66.40716076322866
7,Ethylene,100.0,57.152084820375876,42.847915179624124
7,Ethylene,10.0,0.0,10.0
7,Acetaldehyde,100.0,68.19911320619391,31.800886793806086
7,Ethylene,200.0,142.59887672488088,57.40112327511912
7,Ethylene,20.0,0.0,20.0
7,Acetaldehyde,250.0,170.61860827236245,79.38139172763755
7,Acetaldehyde,110.0,66.10444927938428,43.89555072061572
7,Ethylene,150.0,100.74699812260114,49.25300187739886
7,Ethylene,50.0,12.087174680208037,37.91282531979196
7,Acetaldehyde,30.0,13.92396946100186,16.07603053899814
7,Acetaldehyde,80.0,60.22339545362976,19.776604546370237
7,Ethylene,180.0,131.29028899364081,48.709711006359186
7,Ethylene,80.0,37.8891395038862,42.1108604961138
7,Acetaldehyde,70.0,56.75407598999911,13.245924010000891
7,Ethylene,250.0,208.22102475915318,41.77897524084682
7,Ethylene,210.0,153.1266499941886,56.8733500058114
7,Acetaldehyde,150.0,93.26629764548498,56.73370235451502
7,Acetaldehyde,50.0,32.51205820451108,17.487941795488922
7,Ethylene,230.0,192.01235905289113,37.98764094710887
7,Ethylene,120.0,74.24222549167082,45.75777450832918
7,Acetaldehyde,120.0,69.10772133725946,50.89227866274054
7,Acetaldehyde,190.0,121.68039656943442,68.31960343056558
7,Ethylene,110.0,47.87496495038121,62.12503504961879
7,Ethylene,170.0,117.58627001284547,52.413729987154525
7,Acetaldehyde,40.0,25.26258952658162,14.737410473418379
7,Acetaldehyde,230.0,163.11390752165178,66.88609247834822
7,Ethylene,240.0,200.3736154238031,39.6263845761969
7,Ethylene,60.0,21.94880982229357,38.05119017770643
7,Acetaldehyde,130.0,74.4790370343752,55.520962965624804
7,Acetaldehyde,90.0,59.56550492837799,30.43449507162201
7,Ethylene,190.0,137.96845136619248,52.03154863380752
7,Ethylene,30.0,0.0,30.0
7,Acetaldehyde,160.0,104.8713947553758,55.1286052446242
7,Acetaldehyde,240.0,174.04582750699996,65.95417249300004
7,Ethylene,220.0,180.3463133617137,39.6536866382863
7,Ethylene,110.0,68.80398859790054,41.19601140209946
7,Acetaldehyde,220.0,150.04171289211493,69.95828710788507
7,Acetaldehyde,60.0,41.784995130393696,18.215004869606304
7,Ethylene,130.0,88.67123543182643,41.32876456817357
7,Ethylene,40.0,2.2724508832160666,37.72754911678393
7,Acetaldehyde,200.0,133.28276773268365,66.71723226731635
7,Acetaldehyde,140.0,78.37865758080045,61.62134241919955
7,Ethylene,110.0,67.74489585180541,42.25510414819459
7,Ethylene,60.0,31.018157277319418,28.981842722680582
7,Acetaldehyde,210.0,144.9635531698796,65.03644683012041
7,Acetaldehyde,170.0,106.77028247548739,63.22971752451261
7,Ethylene,140.0,88.32893074600312,51.671069253996876
7,Ethylene,160.0,110.5504445891882,49.4495554108118
7,Acetaldehyde,180.0,114.85505147047348,65.14494852952652
7,Ethylene,100.0,60.50299315262305,39.49700684737695
7,Ethylene,10.0,0.0,10.0
7,Acetaldehyde,100.0,68.57009198761826,31.429908012381745
7,Ethylene,200.0,147.77954797845373,52.220452021546265
7,Ethylene,20.0,0.0,20.0
7,Acetaldehyde,250.0,174.33884221519892,75.66115778480108
7,Acetaldehyde,110.0,64.82356064979732,45.176439350202685
7,Ethylene,150.0,98.81651004730833,51.18348995269167
7,Ethylene,50.0,13.60596171047051,36.39403828952949
7,Acetaldehyde,30.0,16.59181405317939,13.408185946820609
7,Acetaldehyde,110.0,60.39997941798981,49.60002058201019
7,Ethylene,180.0,128.8975319238098,51.102468076190206
7,Ethylene,80.0,39.024115106288164,40.975884893711836
7,Acetaldehyde,70.0,55.72424946104766,14.275750538952337
7,Ethylene,250.0,210.95508526447009,39.044914735529915
7,Ethylene,210.0,144.49522591895882,65.50477408104118
7,Acetaldehyde,150.0,92.04320297407604,57.95679702592396
7,Acetaldehyde,50.0,33.315835596642756,16.684164403357244
7,Ethylene,230.0,184.80996234669163,45.190037653308366
7,Ethylene,120.0,77.13621225877749,42.86378774122251
7,Acetaldehyde,100.0,72.21011594506336,27.789884054936635
7,Acetaldehyde,190.0,124.66224499736032,65.33775500263968
7,Ethylene,90.0,46.948012896291814,43.051987103708186
7,Ethylene,170.0,116.70168369700596,53.29831630299404
7,Acetaldehyde,40.0,25.530931569743203,14.469068430256797
7,Acetaldehyde,230.0,165.3786556277294,64.62134437227061
7,Ethylene,240.0,192.69840241362613,47.30159758637387
7,Ethylene,60.0,22.578848508866557,37.42115149113344
7,Acetaldehyde,130.0,75.22007650028198,54.77992349971802
7,Ethylene,190.0,141.4550705512804,48.544929448719614
7,Ethylene,30.0,0.0,30.0
7,Acetaldehyde,160.0,102.95260929047623,57.04739070952377
7,Acetaldehyde,240.0,174.11891001328212,65.88108998671788
7,Ethylene,220.0,169.324368685573,50.675631314426994
7,Ethylene,110.0,65.76653019709487,44.233469802905134
7,Acetaldehyde,220.0,146.1899372381549,73.8100627618451
7,Acetaldehyde,60.0,40.550972631281084,19.449027368718916
7,Ethylene,130.0,86.94804389762882,43.05195610237118
7,Ethylene,40.0,3.5392385355710303,36.46076146442897
7,Acetaldehyde,200.0,132.025634573694,67.97436542630601
7,Acetaldehyde,140.0,72.76028553372605,67.23971446627395
7,Ethylene,110.0,66.53130226080583,43.46869773919417
7,Ethylene,70.0,32.175291897400555,37.824708102599445
7,Acetaldehyde,210.0,138.00373603730543,71.99626396269457
7,Acetaldehyde,170.0,104.91205872074289,65.08794127925711
7,Ethylene,140.0,88.51483973906208,51.48516026093792
7,Ethylene,160.0,111.12900666754722,48.870993332452784
7,Acetaldehyde,180.0,109.23154159047505,70.76845840952495
7,Ethylene,100.0,57.05053150722772,42.94946849277228
7,Ethylene,10.0,0.0,10.0
7,Acetaldehyde,100.0,65.37432010560205,34.62567989439795
7,Ethylene,200.0,155.48713848248784,44.512861517512164
7,Ethylene,20.0,0.0,20.0
7,Acetaldehyde,250.0,171.77800822343426,78.22199177656574
7,Acetaldehyde,110.0,66.3547140851342,43.645285914865795
7,Ethylene,150.0,103.67862788679597,46.321372113204035
7,Ethylene,50.0,14.436018799650014,35.563981200349986
7,Acetaldehyde,30.0,14.903563683947212,15.096436316052788
7,Acetaldehyde,120.0,61.38550533814262,58.61449466185738
7,Ethylene,180.0,132.41192781460478,47.58807218539522
7,Ethylene,80.0,40.57988207664421,39.42011792335579
7,Acetaldehyde,70.0,58.936759706349505,11.063240293650495
7,Ethylene,250.0,211.3122013099208,38.687798690079205
7,Ethylene,210.0,153.27903890025064,56.72096109974936
7,Acetaldehyde,150.0,89.69981170452778,60.300188295472225
7,Acetaldehyde,50.0,31.87678646026947,18.12321353973053
7,Ethylene,230.0,189.03315807649136,40.96684192350864
7,Ethylene,120.0,73.06750543931211,46.932494560687886
7,Acetaldehyde,120.0,70.1302793760054,49.869720623994596
7,Acetaldehyde,190.0,118.56765921395842,71.43234078604158
7,Ethylene,90.0,49.64481341895001,40.35518658104999
7,Ethylene,170.0,117.56235707039198,52.43764292960802
7,Acetaldehyde,10.0,24.301335254813722,14.301335254813722
7,Acetaldehyde,230.0,154.3595654456608,75.64043455433921
7,Ethylene,240.0,196.02410476010712,43.97589523989288
7,Ethylene,60.0,19.390421412295055,40.609578587704945
7,Acetaldehyde,130.0,74.66998287034215,55.33001712965785
7,Acetaldehyde,90.0,64.47649969701077,25.523500302989234
7,Ethylene,190.0,133.76460254808205,56.23539745191795
7,Acetaldehyde,160.0,102.76725796122,57.23274203878
7,Acetaldehyde,240.0,170.60869651309392,69.39130348690608
7,Acetaldehyde,220.0,143.78016459826821,76.21983540173179
7,Acetaldehyde,60.0,38.91235513106474,21.087644868935257
7,Acetaldehyde,200.0,131.3386562450381,68.6613437549619
7,Acetaldehyde,140.0,74.96999212880681,65.03000787119319
7,Acetaldehyde,210.0,143.34633531623396,66.65366468376604
7,Acetaldehyde,300.0,101.34170000538688,198.65829999461312
7,Acetaldehyde,180.0,109.93250514652281,70.06749485347719
7,Ammonia,100.0,14.438516198072378,85.56148380192762
7,Ammonia,100.0,55.380374081890935,44.619625918109065
7,Ethylene,100.0,43.13970293727414,56.86029706272586
7,Ethylene,100.0,41.16174373472727,58.83825626527273
7,Ammonia,100.0,64.17807910704455,35.82192089295545
7,Ethylene,100.0,38.27623032190999,61.72376967809001
7,Ammonia,100.0,83.85824092584393,16.14175907415607
7,Ammonia,100.0,79.7607900987345,20.239209901265497
7,Ethylene,100.0,46.820094434529196,53.179905565470804
7,Ammonia,100.0,74.43863911834767,25.561360881652334
7,Ethanol,120.0,90.19247535927751,29.80752464072249
7,Ethanol,120.0,98.0140434133531,21.985956586646907
7,Ethanol,120.0,97.20974228973348,22.790257710266516
7,Ethanol,120.0,85.80586372379815,34.194136276201846
7,Ethanol,120.0,96.48784731846656,23.512152681533436
