batch_id,gas_name,concentration_ppm,predicted_ppm,absolute_error_ppm
6,Acetaldehyde,225.0,229.35742241417447,4.357422414174465
6,Acetaldehyde,225.0,205.07816391204287,19.921836087957132
6,Acetaldehyde,225.0,203.13328585169683,21.866714148303174
6,Acetaldehyde,225.0,209.97736791958033,15.022632080419669
6,Acetaldehyde,225.0,227.81040267946224,2.8104026794622428
6,Acetaldehyde,225.0,217.33965752595537,7.660342474044626
6,Acetaldehyde,225.0,219.9334714730748,5.066528526925197
6,Acetaldehyde,225.0,228.56796849845642,3.5679684984564233
6,Acetaldehyde,225.0,219.96873860240984,5.031261397590157
6,Acetaldehyde,225.0,227.06286747687915,2.0628674768791484
6,Acetaldehyde,50.0,46.293934612638054,3.706065387361946
6,Acetaldehyde,50.0,43.80281554140541,6.197184458594592
6,Acetaldehyde,50.0,36.948809893403734,13.051190106596266
6,Acetaldehyde,50.0,44.65875049700867,5.341249502991332
6,Acetaldehyde,50.0,47.7638085798645,2.2361914201354978
6,Acetaldehyde,50.0,40.74956926142377,9.250430738576227
6,Acetaldehyde,50.0,44.74626976424797,5.25373023575203
6,Acetaldehyde,50.0,45.15372773435911,4.846272265640891
6,Acetaldehyde,50.0,41.720867633183474,8.279132366816526
6,Acetaldehyde,50.0,56.216271776178715,6.216271776178715
6,Acetaldehyde,100.0,70.18511195570599,29.81488804429401
6,Acetaldehyde,100.0,68.74527328506245,31.254726714937547
6,Acetaldehyde,100.0,69.08144489883514,30.918555101164856
6,Acetone,100.0,148.4586584156867,48.4586584156867
6,Acetone,100.0,153.41170475472302,53.41170475472302
6,Acetone,100.0,144.26051384364462,44.26051384364462
6,Acetone,100.0,141.13168403279724,41.13168403279724
6,Acetone,100.0,139.22998009543355,39.22998009543355
6,Acetone,100.0,140.3639176506307,40.3639176506307
6,Acetone,100.0,137.21661290977477,37.21661290977477
6,Acetone,100.0,142.54152300863572,42.54152300863572
6,Acetone,100.0,142.5487465069711,42.5487465069711
6,Acetone,100.0,148.12811527490405,48.12811527490405
6,Acetone,100.0,146.02539776014254,46.02539776014254
6,Acetone,100.0,145.38587127208405,45.385871272084046
6,Acetone,100.0,144.3754860783892,44.3754860783892
6,Acetone,100.0,142.69814255679546,42.69814255679546
6,Acetone,100.0,140.15188524396774,40.15188524396774
6,Acetone,100.0,141.23958235953407,41.23958235953407
6,Acetone,100.0,142.37377150803482,42.37377150803482
6,Acetone,100.0,142.47838020266616,42.47838020266616
6,Acetone,100.0,146.43851109543448,46.43851109543448
6,Acetone,100.0,142.52423554024077,42.52423554024077
6,Acetone,100.0,144.1864204283998,44.1864204283998
6,Acetone,100.0,142.23918106494642,42.23918106494642
6,Acetone,100.0,140.65913989007652,40.65913989007652
6,Acetone,100.0,144.44992807492926,44.44992807492926
6,Acetone,100.0,144.28564500907643,44.28564500907643
6,Acetone,100.0,142.42135523795946,42.42135523795946
6,Acetone,100.0,144.4112165505036,44.41121655050361
6,Acetone,100.0,143.70610004985807,43.706100049858065
6,Acetone,100.0,142.5647529998709,42.564752999870905
6,Acetone,100.0,142.2940840029164,42.29408400291641
6,Acetone,100.0,144.14831303678832,44.14831303678832
6,Acetone,100.0,144.00761816203,44.00761816203001
6,Acetone,100.0,142.05977732288284,42.05977732288284
6,Acetone,100.0,144.51693733323052,44.516937333230516
6,Acetone,100.0,144.36287880103444,44.36287880103444
6,Acetone,100.0,143.23964958893617,43.239649588936174
6,Acetone,100.0,144.34946144940946,44.34946144940946
6,Acetone,100.0,146.21656845172095,46.216568451720946
6,Acetone,100.0,143.47518977727623,43.47518977727623
6,Acetone,100.0,144.08252510579985,44.082525105799846
6,Acetone,100.0,145.19074466892621,45.190744668926214
6,Acetone,100.0,144.22426504014317,44.224265040143166
6,Acetone,100.0,148.32746844103733,48.327468441037325
6,Acetone,100.0,146.20382430194664,46.20382430194664
6,Acetone,100.0,148.9649922867791,48.96499228677911
6,Acetone,100.0,142.713277552623,42.713277552623
6,Acetone,100.0,146.7704424868215,46.77044248682151
6,Acetone,100.0,142.01758583942754,42.01758583942754
6,Acetone,100.0,147.88561244200648,47.885612442006476
6,Acetone,100.0,147.25878848772882,47.25878848772882
6,Acetone,100.0,146.29879096407063,46.29879096407063
6,Acetone,50.0,102.60709821321589,52.60709821321589
6,Acetone,50.0,113.89429257709116,63.894292577091164
6,Acetone,50.0,95.21992873545446,45.21992873545446
6,Acetone,50.0,87.20345005767362,37.20345005767362
6,Acetone,50.0,82.71974718004215,32.71974718004215
6,Acetone,50.0,79.61393980090834,29.61393980090834
6,Acetone,50.0,82.59718711867093,32.59718711867093
6,Acetone,50.0,82.5064271571481,32.506427157148096
6,Acetone,50.0,83.01454209982957,33.01454209982957
6,Acetone,50.0,84.78644913844373,34.78644913844373
6,Acetone,50.0,81.80660089359671,31.80660089359671
6,Acetone,50.0,78.62326176515941,28.623261765159413
6,Acetone,50.0,80.46219650377367,30.46219650377367
6,Acetone,50.0,80.25736138962814,30.257361389628144
6,Acetone,50.0,82.53500072232119,32.535000722321186
6,Acetone,50.0,79.96414979191894,29.964149791918942
6,Acetone,50.0,81.08164012281252,31.081640122812516
6,Acetone,50.0,86.0330630757591,36.0330630757591
6,Acetone,50.0,84.37272933917954,34.37272933917954
6,Acetone,50.0,83.72123164737971,33.72123164737971
6,Acetone,50.0,83.70200428325474,33.70200428325474
6,Acetone,50.0,83.59980763920005,33.59980763920005
6,Acetone,50.0,83.65093271081624,33.650932710816235
6,Acetone,50.0,79.45696806554518,29.456968065545183
6,Acetone,50.0,86.33467611689096,36.33467611689096
6,Acetone,50.0,82.54643108219784,32.54643108219784
6,Acetone,50.0,82.83895769088537,32.838957690885366
6,Acetone,50.0,87.22909365460696,37.229093654606956
6,Acetone,50.0,76.69464426800212,26.694644268002122
6,Acetone,50.0,83.705677491053,33.705677491052995
6,Acetone,50.0,85.76692236155111,35.76692236155111
6,Acetone,50.0,80.98616237774641,30.98616237774641
6,Acetone,50.0,82.75696875539828,32.756968755398276
6,Acetone,50.0,85.4911058795026,35.4911058795026
6,Acetone,50.0,84.13209283659405,34.132092836594055
6,Acetone,50.0,83.97905680938881,33.97905680938881
6,Acetone,50.0,79.66248878904003,29.662488789040026
6,Acetone,50.0,81.41109359923195,31.411093599231947
6,Acetone,50.0,82.90346484109588,32.90346484109588
6,Acetone,50.0,80.90172806667148,30.90172806667148
6,Acetone,50.0,86.03969818443966,36.03969818443966
6,Acetone,50.0,83.90931115170083,33.909311151700834
6,Acetone,50.0,85.64465863572866,35.64465863572866
6,Acetone,50.0,79.88485605956336,29.88485605956336
6,Acetone,50.0,87.9053682582223,37.905368258222296
6,Acetone,50.0,83.64669721475583,33.64669721475583
6,Acetone,50.0,82.09618546030288,32.09618546030288
6,Acetone,50.0,80.19795405540586,30.19795405540586
6,Acetone,50.0,83.20852539665586,33.20852539665586
6,Acetone,50.0,83.54829778508531,33.54829778508531
6,Acetone,50.0,82.39536548959977,32.39536548959977
6,Acetone,50.0,83.49686772712525,33.49686772712525
6,Acetone,50.0,81.22369515638916,31.223695156389155
6,Acetone,50.0,77.4482056348249,27.4482056348249
6,Acetone,50.0,84.02065908558043,34.020659085580434
6,Acetone,50.0,86.98968655206166,36.989686552061656
6,Acetone,50.0,85.9074849948153,35.907484994815306
6,Acetone,50.0,81.84166906835623,31.841669068356225
6,Acetone,50.0,84.03200080692578,34.03200080692578
6,Acetone,50.0,80.78982868612636,30.789828686126356
6,Acetone,50.0,87.37255021577204,37.37255021577204
6,Acetone,50.0,83.98775888035522,33.987758880355216
6,Acetone,50.0,80.90133257806752,30.901332578067525
6,Acetone,50.0,85.43590262330609,35.43590262330609
6,Acetone,50.0,80.6724151305587,30.672415130558704
6,Acetone,50.0,80.25985183311205,30.25985183311205
6,Acetone,50.0,81.01006237263985,31.01006237263985
6,Acetone,50.0,80.23527185069838,30.235271850698382
6,Acetone,50.0,80.40556826084328,30.405568260843282
6,Acetone,50.0,84.05744247027252,34.05744247027252
6,Acetone,50.0,82.88166670062562,32.881666700625615
6,Acetone,50.0,87.40970420756982,37.40970420756982
6,Acetone,50.0,84.09843277869464,34.098432778694644
6,Acetone,50.0,82.90372102647022,32.90372102647022
6,Acetone,50.0,83.0017089202603,33.0017089202603
6,Acetone,50.0,82.52461736442552,32.524617364425524
6,Acetone,50.0,82.69761626751901,32.69761626751901
6,Acetone,50.0,84.3352845389576,34.335284538957595
6,Acetone,50.0,89.75317059431225,39.75317059431225
6,Acetone,50.0,83.3102796732334,33.310279673233396
6,Acetone,50.0,82.45271125465841,32.45271125465841
6,Acetone,50.0,84.7922287725942,34.7922287725942
6,Acetone,50.0,82.8886764745139,32.8886764745139
6,Acetone,50.0,82.88190516267936,32.88190516267936
6,Acetone,50.0,80.31956167380332,30.31956167380332
6,Acetone,50.0,84.7563414893491,34.7563414893491
6,Acetone,50.0,83.41054686818273,33.410546868182735
6,Acetone,50.0,87.06341976062113,37.06341976062113
6,Acetone,50.0,84.25788510861929,34.25788510861929
6,Acetone,50.0,85.23810456687636,35.23810456687636
6,Acetone,50.0,88.72481985010634,38.72481985010634
6,Acetone,50.0,86.18760284253474,36.187602842534744
6,Acetone,50.0,83.61664592334712,33.61664592334712
6,Acetone,50.0,83.98014413640556,33.980144136405556
6,Acetone,50.0,84.15303214434229,34.15303214434229
6,Acetone,50.0,83.63943274496313,33.63943274496313
6,Acetone,50.0,83.72404476959814,33.72404476959814
6,Acetone,50.0,84.81921987662616,34.819219876626164
6,Acetone,50.0,83.0271895801247,33.0271895801247
6,Acetone,50.0,85.69831023397128,35.698310233971284
6,Acetone,50.0,85.2254312030713,35.225431203071295
6,Acetone,50.0,84.96787605633287,34.96787605633287
6,Acetone,50.0,78.13163852457429,28.131638524574285
6,Acetone,50.0,82.3786055416611,32.3786055416611
6,Acetone,50.0,82.59063637442603,32.590636374426026
6,Acetone,50.0,85.17982874342422,35.179828743424224
6,Acetone,50.0,84.08277991427543,34.082779914275434
6,Acetone,50.0,82.8203705729223,32.8203705729223
6,Acetone,50.0,82.3785409153595,32.378540915359494
6,Acetone,50.0,85.5136424381536,35.513642438153596
6,Acetone,50.0,86.71771724303017,36.717717243030165
6,Acetone,50.0,84.76573691521189,34.76573691521189
6,Acetone,50.0,79.52122454337568,29.52122454337568
6,Acetone,50.0,82.6672516625956,32.6672516625956
6,Acetone,50.0,89.38033790610933,39.38033790610933
6,Acetone,50.0,85.03160730360732,35.031607303607316
6,Acetone,50.0,84.56607691418374,34.56607691418374
6,Acetone,50.0,86.72796312271804,36.72796312271804
6,Acetone,50.0,85.12145997367887,35.12145997367887
6,Acetone,50.0,87.23848746502702,37.23848746502702
6,Acetone,50.0,85.97554989421764,35.975549894217636
6,Acetone,50.0,83.58861464541582,33.58861464541582
6,Acetone,50.0,83.24005468146323,33.240054681463235
6,Acetone,50.0,86.58414246971672,36.584142469716724
6,Acetone,50.0,85.06068179494616,35.06068179494616
6,Acetone,50.0,86.01388922888174,36.01388922888174
6,Acetone,50.0,86.09392340651115,36.09392340651115
6,Acetone,50.0,85.94079400107124,35.94079400107124
6,Acetone,50.0,82.54513793193189,32.54513793193189
6,Acetone,50.0,83.072373448691,33.072373448690996
6,Acetone,50.0,84.62676614305578,34.626766143055775
6,Acetone,50.0,82.11122520596915,32.11122520596915
6,Acetone,50.0,86.91541803408872,36.91541803408872
6,Acetone,50.0,88.1579208905104,38.1579208905104
6,Acetone,50.0,82.72797483961625,32.72797483961625
6,Acetone,50.0,82.37875201425881,32.37875201425881
6,Acetone,50.0,84.4012643294141,34.401264329414104
6,Acetone,50.0,81.2306032931443,31.2306032931443
6,Acetone,50.0,82.6305794358041,32.630579435804094
6,Acetone,50.0,87.30899134315945,37.30899134315945
6,Acetone,50.0,89.34957236096974,39.349572360969745
6,Acetone,50.0,91.28948324558151,41.28948324558151
6,Acetone,50.0,84.80931620720051,34.80931620720051
6,Acetone,50.0,85.9987026798599,35.9987026798599
6,Acetone,50.0,83.06946357645839,33.06946357645839
6,Acetone,50.0,81.45312915967088,31.45312915967088
6,Acetone,50.0,85.72035597195973,35.720355971959734
6,Acetone,50.0,87.55642507530743,37.55642507530743
6,Acetone,50.0,81.8272626402751,31.827262640275094
6,Acetone,50.0,84.44773014334787,34.44773014334787
6,Acetone,50.0,82.94900686993905,32.949006869939055
6,Acetone,50.0,86.27235671046799,36.27235671046799
6,Acetone,50.0,83.94306693126812,33.94306693126812
6,Acetone,50.0,88.24988652451671,38.24988652451671
6,Acetone,50.0,86.60398042319287,36.603980423192866
6,Acetone,50.0,85.30439864965224,35.30439864965224
6,Acetone,50.0,86.31845519082812,36.31845519082812
6,Acetone,50.0,84.46623405179126,34.46623405179126
6,Acetone,50.0,84.3704358089805,34.3704358089805
6,Acetone,50.0,84.54543860811098,34.545438608110985
6,Acetone,50.0,84.74035352353974,34.74035352353974
6,Acetone,50.0,85.61080877443926,35.61080877443926
6,Acetone,50.0,85.28391712791203,35.283917127912034
6,Acetone,50.0,86.45635880745614,36.45635880745614
6,Acetone,50.0,86.87603101623998,36.87603101623998
6,Acetone,50.0,84.82259988178166,34.822599881781656
6,Acetone,50.0,85.29094538698465,35.290945386984646
6,Acetone,50.0,84.14235441926242,34.14235441926242
6,Acetone,50.0,86.19729383484376,36.19729383484376
6,Acetone,50.0,87.60027299367175,37.60027299367175
6,Acetone,50.0,87.57080208166019,37.57080208166019
6,Acetone,50.0,87.95488080025774,37.95488080025774
6,Acetone,50.0,85.20433735722406,35.20433735722406
6,Acetone,50.0,82.52054333363012,32.520543333630116
6,Acetone,50.0,87.12875348842473,37.128753488424735
6,Acetone,50.0,82.94854508953534,32.948545089535344
6,Acetone,50.0,85.14209533944451,35.14209533944451
6,Acetone,50.0,82.99629323387198,32.99629323387198
6,Acetone,50.0,83.12092736610799,33.12092736610799
6,Acetone,50.0,85.70416996104017,35.704169961040165
6,Acetone,50.0,84.78366360649646,34.78366360649646
6,Acetone,50.0,85.82621863199296,35.82621863199296
6,Acetone,50.0,83.7876030322518,33.787603032251795
6,Acetone,50.0,82.15490140302101,32.154901403021015
6,Acetone,50.0,86.36313780470542,36.36313780470542
6,Acetone,50.0,86.96272927109004,36.96272927109004
6,Acetone,50.0,84.02899175661894,34.028991756618936
6,Acetone,50.0,83.19393266679417,33.19393266679417
6,Acetone,50.0,86.06221674366813,36.06221674366813
6,Acetone,50.0,82.383076549524,32.383076549524006
6,Acetone,50.0,82.01761110608402,32.01761110608402
6,Acetone,50.0,83.54843685832635,33.548436858326355
6,Acetone,50.0,85.87383536271001,35.87383536271001
6,Acetone,50.0,84.7065133318156,34.7065133318156
6,Acetone,50.0,80.55690585956383,30.556905859563827
6,Acetone,50.0,81.08548299773494,31.085482997734943
6,Acetone,50.0,84.04868138971753,34.04868138971753
6,Acetone,50.0,85.69550451743437,35.69550451743437
6,Acetone,50.0,83.97949822414509,33.97949822414509
6,Acetone,50.0,84.14753085994298,34.147530859942975
6,Acetone,50.0,91.70236927174774,41.70236927174774
6,Acetone,50.0,83.34116007867428,33.34116007867428
6,Acetone,50.0,87.79826972487699,37.79826972487699
6,Acetone,50.0,89.63880664969349,39.63880664969349
6,Acetone,50.0,81.36638021109525,31.366380211095247
6,Acetone,75.0,130.8072795003733,55.80727950037331
6,Acetone,100.0,151.32899114862585,51.328991148625846
6,Acetone,125.0,176.98182442353985,51.98182442353985
6,Acetone,150.0,197.01645904968592,47.01645904968592
6,Acetone,175.0,210.65801934266574,35.65801934266574
6,Acetone,200.0,222.80177044871036,22.801770448710357
6,Acetone,225.0,237.8387379171848,12.838737917184801
6,Acetone,250.0,252.63502962181684,2.635029621816841
6,Acetaldehyde,100.0,77.76011485330002,22.239885146699976
6,Acetaldehyde,100.0,91.16815602635022,8.831843973649782
6,Acetaldehyde,100.0,79.51808358002155,20.481916419978447
6,Acetaldehyde,100.0,74.60521449603289,25.394785503967114
6,Acetaldehyde,100.0,76.93511085391033,23.06488914608967
6,Acetaldehyde,100.0,77.9923591784785,22.007640821521505
6,Acetaldehyde,100.0,79.39698436134083,20.603015638659173
6,Acetaldehyde,100.0,75.22307168372323,24.776928316276766
6,Acetaldehyde,100.0,76.30820980545717,23.691790194542833
6,Acetaldehyde,100.0,75.24133306695146,24.758666933048545
6,Acetaldehyde,100.0,77.96779185267391,22.032208147326088
6,Acetaldehyde,100.0,78.60130351151503,21.398696488484973
6,Acetaldehyde,100.0,78.78498058784989,21.215019412150113
6,Acetaldehyde,100.0,79.8800461915856,20.119953808414394
6,Acetaldehyde,100.0,77.13528049391901,22.864719506080988
6,Acetaldehyde,100.0,77.52320137505122,22.476798624948785
6,Acetaldehyde,100.0,77.89973423899828,22.100265761001722
6,Acetaldehyde,100.0,77.42793519440305,22.572064805596952
6,Acetaldehyde,100.0,77.95194541551594,22.048054584484063
6,Acetaldehyde,100.0,80.69977023393476,19.300229766065243
6,Acetaldehyde,100.0,78.38558646629177,21.61441353370823
6,Acetaldehyde,100.0,76.33487434604415,23.665125653955855
6,Acetaldehyde,100.0,76.5288786610237,23.471121338976303
6,Acetaldehyde,100.0,78.04011152313286,21.959888476867135
6,Acetaldehyde,100.0,78.39987892960394,21.600121070396057
6,Acetaldehyde,100.0,74.73616615594271,25.263833844057288
6,Acetaldehyde,100.0,78.66941015030775,21.330589849692245
6,Acetaldehyde,100.0,80.65285433646856,19.347145663531435
6,Acetaldehyde,100.0,78.22306089822659,21.776939101773408
6,Acetaldehyde,100.0,75.75194420289884,24.24805579710116
6,Acetaldehyde,100.0,77.05565758645002,22.944342413549975
6,Acetaldehyde,100.0,78.12998609346627,21.87001390653373
6,Acetaldehyde,100.0,75.7004582536252,24.2995417463748
6,Acetaldehyde,100.0,78.89466651730285,21.105333482697148
6,Acetaldehyde,100.0,80.53860790786231,19.461392092137686
6,Acetaldehyde,100.0,78.28528087782422,21.71471912217578
6,Acetaldehyde,100.0,79.27360961983052,20.726390380169477
6,Acetaldehyde,100.0,78.50168325215311,21.498316747846886
6,Acetaldehyde,100.0,79.17728640932481,20.822713590675193
6,Acetaldehyde,100.0,80.0468245047703,19.9531754952297
6,Acetaldehyde,100.0,78.36051986016923,21.639480139830766
6,Acetaldehyde,100.0,78.4318894731433,21.5681105268567
6,Acetaldehyde,100.0,76.97083654687346,23.029163453126543
6,Acetaldehyde,100.0,82.03693998529506,17.963060014704936
6,Acetaldehyde,100.0,77.8628607811932,22.137139218806794
6,Acetaldehyde,100.0,79.89615300441565,20.103846995584348
6,Acetaldehyde,100.0,76.29891188127958,23.70108811872042
6,Acetaldehyde,100.0,80.04110808641313,19.958891913586868
6,Acetaldehyde,100.0,78.98281413174273,21.017185868257272
6,Acetaldehyde,100.0,79.43307230119888,20.566927698801123
6,Acetaldehyde,100.0,74.96533880370706,25.034661196292944
6,Acetaldehyde,50.0,28.783487946904984,21.216512053095016
6,Acetaldehyde,50.0,29.323605117085123,20.676394882914877
6,Acetaldehyde,50.0,19.068033440477194,30.931966559522806
6,Acetaldehyde,50.0,34.741599883670546,15.258400116329454
6,Acetaldehyde,50.0,31.549866083523256,18.450133916476744
6,Acetaldehyde,50.0,27.753718554739976,22.246281445260024
6,Acetaldehyde,50.0,28.224367124157936,21.775632875842064
6,Acetaldehyde,50.0,30.551765599133972,19.448234400866028
6,Acetaldehyde,50.0,29.42244181803227,20.57755818196773
6,Acetaldehyde,50.0,34.742304274659034,15.257695725340966
6,Acetaldehyde,50.0,32.28154091507187,17.718459084928128
6,Acetaldehyde,50.0,37.88191793362145,12.118082066378548
6,Acetaldehyde,50.0,29.08494144729937,20.91505855270063
6,Acetaldehyde,50.0,36.510807381566934,13.489192618433066
6,Acetaldehyde,50.0,26.985375439030037,23.014624560969963
6,Acetaldehyde,50.0,26.00368461547035,23.99631538452965
6,Acetaldehyde,50.0,31.246005744397763,18.753994255602237
6,Acetaldehyde,50.0,35.05104099394188,14.948959006058118
6,Acetaldehyde,50.0,33.885142378037926,16.114857621962074
6,Acetaldehyde,50.0,40.739695885130544,9.260304114869456
6,Acetaldehyde,225.0,219.163944716767,5.836055283233009
6,Acetaldehyde,225.0,212.85593983719627,12.144060162803726
6,Acetaldehyde,225.0,212.80803342529475,12.191966574705248
6,Acetaldehyde,225.0,206.79685307847717,18.20314692152283
6,Acetaldehyde,225.0,222.0802714593548,2.9197285406451954
6,Acetaldehyde,225.0,219.77701398581362,5.222986014186375
6,Acetaldehyde,225.0,218.01036494967994,6.989635050320061
6,Acetaldehyde,225.0,222.70302714985854,2.296972850141458
6,Acetaldehyde,225.0,221.78859681926951,3.2114031807304855
6,Acetaldehyde,225.0,223.3913376562048,1.6086623437952028
6,Acetaldehyde,50.0,39.35491113715463,10.64508886284537
6,Acetaldehyde,50.0,36.00784440405664,13.992155595943359
6,Acetaldehyde,50.0,34.90248201910953,15.097517980890473
6,Acetaldehyde,50.0,35.81372543482286,14.186274565177143
6,Acetaldehyde,50.0,43.46055944654192,6.539440553458078
6,Acetaldehyde,50.0,38.25822832835462,11.741771671645381
6,Acetaldehyde,50.0,40.139473887126,9.860526112873998
6,Acetaldehyde,50.0,42.92162740578112,7.078372594218877
6,Acetaldehyde,50.0,40.93570421190134,9.064295788098661
6,Acetaldehyde,50.0,43.98490955407651,6.015090445923491
6,Acetaldehyde,50.0,58.047481622398436,8.047481622398436
6,Acetaldehyde,75.0,89.74947940994805,14.749479409948052
6,Acetaldehyde,100.0,118.84049267876085,18.840492678760853
6,Acetaldehyde,125.0,135.0351253706392,10.035125370639207
6,Acetaldehyde,150.0,155.95767220884866,5.957672208848663
6,Acetaldehyde,175.0,170.08028100389478,4.9197189961052175
6,Acetaldehyde,200.0,193.29760648037507,6.702393519624934
6,Acetaldehyde,225.0,203.79736627563406,21.20263372436594
6,Acetaldehyde,250.0,224.401389939147,25.59861006085299
6,Ethanol,250.0,177.17664774465467,72.82335225534533
6,Ethanol,250.0,186.8531146940913,63.14688530590871
6,Ethanol,250.0,199.22870713264876,50.771292867351235
6,Ethanol,250.0,202.31703074672808,47.68296925327192
6,Ethanol,250.0,210.1794740030006,39.82052599699941
6,Ethanol,250.0,210.81532624086026,39.18467375913974
6,Ethanol,250.0,212.3002941502903,37.69970584970969
6,Ethanol,250.0,209.07251359784968,40.92748640215032
6,Ethanol,250.0,216.57653019536883,33.42346980463117
6,Ethanol,250.0,212.5419898702347,37.45801012976531
6,Ethanol,250.0,219.65119441835355,30.348805581646445
6,Ethanol,250.0,225.2896514071283,24.710348592871696
6,Ethanol,250.0,229.91979377862484,20.080206221375164
6,Ethanol,250.0,232.6858399302805,17.31416006971949
6,Ethanol,250.0,226.4594658582607,23.5405341417393
6,Ethanol,250.0,232.19209562029496,17.807904379705036
6,Ethanol,250.0,228.44090640057684,21.559093599423164
6,Ethanol,250.0,220.05152242058267,29.94847757941733
6,Ethanol,250.0,233.58429625482364,16.41570374517636
6,Ethanol,250.0,231.83056877281047,18.169431227189534
6,Ethanol,250.0,228.66993810273084,21.33006189726916
6,Ethanol,250.0,234.26646946984303,15.733530530156969
6,Ethanol,250.0,228.56459924647635,21.435400753523652
6,Ethanol,250.0,221.04782069597013,28.95217930402987
6,Ethanol,250.0,227.36682750003354,22.633172499966463
6,Ethanol,250.0,225.2975176101997,24.70248238980031
6,Ethanol,250.0,226.686937576099,23.313062423900988
6,Ethanol,250.0,222.5183427521501,27.48165724784991
6,Ethanol,250.0,231.34473027475812,18.65526972524188
6,Ethanol,250.0,229.43107472416597,20.568925275834033
6,Ethanol,250.0,243.71226050372684,6.287739496273161
6,Ethanol,250.0,225.2695945022242,24.73040549777579
6,Ethanol,250.0,221.72482105455433,28.275178945445674
6,Ethanol,250.0,220.9454249326556,29.054575067344388
6,Ethanol,250.0,227.98466531952243,22.015334680477565
6,Ethanol,250.0,219.12442681565983,30.87557318434017
6,Ethanol,250.0,225.76342063286936,24.236579367130645
6,Ethanol,250.0,222.13019199168866,27.869808008311338
6,Ethanol,250.0,217.363860562726,32.63613943727401
6,Ethanol,250.0,215.86226101010303,34.137738989896974
6,Ethanol,250.0,206.85134014688575,43.14865985311425
6,Ethanol,250.0,212.996610326709,37.003389673291
6,Ethanol,250.0,214.60736858027764,35.39263141972236
6,Ethanol,250.0,212.6987473310276,37.30125266897241
6,Ethanol,250.0,208.29064323891524,41.70935676108476
6,Ethanol,250.0,209.60845921304661,40.391540786953385
6,Ethanol,250.0,218.76183994453612,31.23816005546388
6,Ethanol,250.0,212.7379319754453,37.26206802455471
6,Ethanol,250.0,211.21626924485471,38.783730755145285
6,Ethanol,250.0,211.54627551808363,38.45372448191637
6,Ethanol,250.0,213.28190959565546,36.71809040434454
6,Ethanol,250.0,191.50052063569893,58.49947936430107
6,Ethanol,250.0,197.97679138803585,52.02320861196415
6,Ethanol,250.0,211.8008223388741,38.1991776611259
6,Ethanol,250.0,208.6281316572109,41.3718683427891
6,Ethanol,250.0,205.29582225730798,44.704177742692025
6,Ethanol,250.0,203.74869719348862,46.251302806511376
6,Ethanol,250.0,203.37366100794594,46.62633899205406
6,Ethanol,250.0,204.2800897435431,45.7199102564569
6,Ethanol,250.0,204.9140453004476,45.08595469955239
6,Ethanol,250.0,214.89243526272693,35.107564737273066
6,Ethanol,250.0,216.8938017413705,33.10619825862949
6,Ethanol,250.0,209.35806445335595,40.64193554664405
6,Ethanol,250.0,211.17060618192534,38.829393818074664
6,Ethanol,250.0,204.18077630968023,45.819223690319774
6,Ethanol,250.0,201.30839052040383,48.69160947959617
6,Ethanol,250.0,206.8681766320404,43.13182336795961
6,Ethanol,250.0,212.42898781966062,37.57101218033938
6,Ethanol,250.0,206.26127806513838,43.738721934861616
6,Ethanol,250.0,210.14305853031138,39.85694146968862
6,Ethanol,250.0,208.31817189367482,41.681828106325185
6,Ethanol,250.0,213.84472935128957,36.15527064871043
6,Ethanol,250.0,204.8677768543102,45.13222314568981
6,Ethanol,250.0,210.22775914978865,39.77224085021135
6,Ethanol,250.0,215.3524398693215,34.6475601306785
6,Ethanol,250.0,206.58797470715308,43.41202529284692
6,Ethanol,250.0,208.4806909691937,41.51930903080631
6,Ethanol,250.0,208.02565228352208,41.97434771647792
6,Ethanol,250.0,211.93779794396823,38.062202056031765
6,Ethanol,250.0,209.02048450773853,40.97951549226147
6,Ethanol,250.0,215.06481691163785,34.93518308836215
6,Ethanol,250.0,204.44708903894707,45.55291096105293
6,Ethanol,250.0,207.8778346685041,42.12216533149589
6,Ethanol,250.0,208.52247280054274,41.477527199457256
6,Ethanol,250.0,210.39678531099307,39.60321468900693
6,Ethanol,250.0,209.79951068076065,40.20048931923935
6,Ethanol,250.0,213.92314452370164,36.07685547629836
6,Ethanol,250.0,216.7110618533706,33.28893814662939
6,Ethanol,250.0,216.8495830199808,33.1504169800192
6,Ethanol,250.0,210.78214211696286,39.21785788303714
6,Ethanol,250.0,212.72902320233504,37.27097679766496
6,Ethanol,250.0,206.75542671842203,43.24457328157797
6,Ethanol,250.0,204.13951633427146,45.86048366572854
6,Ethanol,250.0,208.00847846157012,41.99152153842988
6,Ethanol,250.0,206.87244074366347,43.127559256336525
6,Ethanol,250.0,201.90187674670295,48.09812325329705
6,Ethanol,250.0,208.52893762722937,41.47106237277063
6,Ethanol,250.0,209.5113753313288,40.48862466867121
6,Ethanol,250.0,202.88590731991684,47.11409268008316
6,Ethanol,250.0,206.2298190244828,43.770180975517206
6,Ethanol,250.0,206.02201867596156,43.97798132403844
6,Ethanol,50.0,49.67115969552337,0.3288403044766284
6,Ethanol,75.0,59.9121806673119,15.087819332688099
6,Ethanol,100.0,80.63710421761996,19.362895782380036
6,Ethanol,125.0,121.64907155170603,3.3509284482939705
6,Ethanol,150.0,135.56971119178053,14.430288808219473
6,Ethanol,175.0,158.08429125674442,16.91570874325558
6,Ethanol,200.0,176.29596077911367,23.70403922088633
6,Ethanol,225.0,188.2827610145184,36.7172389854816
6,Ethanol,250.0,214.7144045167346,35.28559548326541
6,Ethylene,200.0,175.45308998621843,24.54691001378157
6,Ethylene,200.0,185.93403865044453,14.065961349555465
6,Ethylene,200.0,186.80010578836325,13.199894211636746
6,Ethylene,200.0,196.5746116584886,3.4253883415113933
6,Ethylene,200.0,199.76167367811314,0.2383263218868592
6,Ethylene,200.0,188.5247309810208,11.47526901897919
6,Ethylene,200.0,205.2059572853397,5.205957285339707
6,Ethylene,200.0,205.87517313592355,5.875173135923546
6,Ethylene,200.0,200.3727620288293,0.37276202882929965
6,Ethylene,200.0,203.74504840216073,3.7450484021607338
6,Ethylene,200.0,205.12141160644202,5.121411606442024
6,Ethylene,200.0,206.92545781659996,6.925457816599959
6,Ethylene,200.0,204.4983003045753,4.498300304575309
6,Ethylene,200.0,204.7192064828371,4.719206482837109
6,Ethylene,200.0,193.66526634049706,6.334733659502945
6,Ethylene,200.0,203.47588781700932,3.4758878170093226
6,Ethylene,200.0,198.1972641103489,1.8027358896511032
6,Ethylene,200.0,203.19533015763693,3.1953301576369313
6,Ethylene,200.0,209.75451571061433,9.754515710614328
6,Ethylene,200.0,207.24854382307416,7.248543823074158
6,Ethylene,50.0,51.123678782321676,1.1236787823216758
6,Ethylene,75.0,66.36963554357527,8.63036445642473
6,Ethylene,100.0,89.99670408074607,10.00329591925393
6,Ethylene,125.0,118.31138209151823,6.688617908481774
6,Ethylene,150.0,142.9819132907934,7.018086709206614
6,Ethylene,175.0,160.45251172788358,14.547488272116425
6,Ethylene,200.0,173.24058008215584,26.759419917844156
6,Ethylene,225.0,190.37746014167038,34.62253985832962
6,Ethylene,250.0,208.66375172787957,41.33624827212043
6,Ammonia,250.0,246.9099583175895,3.0900416824104866
6,Ammonia,250.0,240.71482571384811,9.285174286151886
6,Ammonia,250.0,242.68948781305704,7.310512186942958
6,Ammonia,250.0,238.17039308535547,11.829606914644529
6,Ammonia,250.0,242.24557780423262,7.754422195767376
6,Ammonia,250.0,242.03551669808883,7.964483301911173
6,Ammonia,250.0,243.97047962756994,6.029520372430056
6,Ammonia,250.0,239.14118947116475,10.85881052883525
6,Ammonia,250.0,240.1004228400118,9.899577159988212
6,Ammonia,250.0,240.28406848681584,9.71593151318416
6,Ammonia,250.0,239.7895306703755,10.210469329624488
6,Ammonia,250.0,239.178443623942,10.821556376057998
6,Ammonia,250.0,239.024460842291,10.975539157708994
6,Ammonia,250.0,242.50501544437418,7.49498455562582
6,Ammonia,250.0,239.24015247291095,10.75984752708905
6,Ammonia,250.0,238.13175026446862,11.868249735531379
6,Ammonia,250.0,237.91944486323797,12.08055513676203
6,Ammonia,250.0,242.09301912967825,7.906980870321746
6,Ammonia,250.0,234.69993194360663,15.300068056393371
6,Ammonia,250.0,239.38521871786912,10.614781282130878
6,Ammonia,250.0,233.17693335181684,16.823066648183158
6,Ammonia,250.0,238.30550434607602,11.69449565392398
6,Ammonia,250.0,238.83245032205625,11.167549677943754
6,Ammonia,250.0,240.3214967660345,9.6785032339655
6,Ammonia,250.0,235.14351307124747,14.856486928752531
6,Ammonia,250.0,237.97145425346997,12.028545746530028
6,Ammonia,250.0,236.90034659408425,13.099653405915745
6,Ammonia,250.0,237.39019591409215,12.609804085907854
6,Ammonia,250.0,236.93612956170386,13.063870438296135
6,Ammonia,250.0,236.6875915584013,13.312408441598706
6,Ammonia,250.0,234.17756220163358,15.822437798366423
6,Ammonia,250.0,235.02578809882652,14.974211901173476
6,Ammonia,250.0,238.77025733911458,11.229742660885421
6,Ammonia,250.0,238.39821747711653,11.601782522883468
6,Ammonia,250.0,235.90045414284705,14.099545857152947
6,Ammonia,250.0,238.67253521448632,11.327464785513683
6,Ammonia,250.0,236.21713812859355,13.782861871406453
6,Ammonia,250.0,238.34196014563176,11.65803985436824
6,Ammonia,250.0,240.4060647528792,9.593935247120811
6,Ammonia,250.0,237.959038826182,12.040961173818005
6,Ammonia,250.0,234.1764372019204,15.823562798079593
6,Ammonia,250.0,239.2076789341555,10.792321065844504
6,Ammonia,250.0,238.0046520637037,11.995347936296298
6,Ammonia,250.0,237.28902429159734,12.710975708402657
6,Ammonia,250.0,241.8700409602768,8.12995903972319
6,Ammonia,250.0,239.13334662683468,10.86665337316532
6,Ammonia,250.0,240.8838248798235,9.116175120176507
6,Ammonia,250.0,240.39973484176483,9.600265158235175
6,Ammonia,250.0,239.9400577826666,10.0599422173334
6,Ammonia,250.0,237.52880649488068,12.471193505119317
6,Ammonia,250.0,236.4656455763248,13.534354423675211
6,Ammonia,250.0,240.1138510407365,9.886148959263494
6,Ammonia,250.0,242.25588303443453,7.744116965565468
6,Ammonia,250.0,242.11084383700438,7.889156162995619
6,Ammonia,250.0,239.8370046550246,10.1629953449754
6,Ammonia,175.0,164.97691911764258,10.02308088235742
6,Ammonia,175.0,168.9204482277721,6.079551772227887
6,Ammonia,175.0,165.59575037988708,9.404249620112921
6,Ammonia,175.0,164.60839722266417,10.391602777335834
6,Ammonia,175.0,173.17341631254317,1.8265836874568322
6,Ammonia,175.0,169.88006092053467,5.1199390794653254
6,Ammonia,175.0,169.71724361532657,5.282756384673434
6,Ammonia,175.0,171.28010831008606,3.7198916899139363
6,Ammonia,175.0,169.75837883223798,5.24162116776202
6,Ammonia,175.0,172.82388656069463,2.176113439305368
6,Ammonia,175.0,170.03429360862438,4.965706391375619
6,Ammonia,175.0,170.02777032567465,4.972229674325348
6,Ammonia,175.0,170.44084531074316,4.559154689256843
6,Ammonia,175.0,173.37065236622848,1.6293476337715163
6,Ammonia,175.0,169.67181599807864,5.3281840019213575
6,Ammonia,175.0,166.5003046838098,8.499695316190213
6,Ammonia,175.0,170.41291800768113,4.587081992318872
6,Ammonia,175.0,173.2226740876443,1.7773259123557068
6,Ammonia,175.0,172.03872359955548,2.9612764004445182
6,Ammonia,175.0,171.5726441206743,3.427355879325688
6,Ammonia,175.0,178.81026395921626,3.8102639592162575
6,Ammonia,175.0,182.90811002488599,7.9081100248859855
6,Ammonia,175.0,173.91291833521348,1.087081664786524
6,Ammonia,175.0,176.4458166472986,1.4458166472986136
6,Ammonia,175.0,185.857162275604,10.857162275603997
6,Ammonia,175.0,178.85157467349467,3.8515746734946674
6,Ammonia,175.0,185.24529940576406,10.245299405764058
6,Ammonia,175.0,182.8752866797061,7.875286679706107
6,Ammonia,175.0,178.54494627242457,3.5449462724245677
6,Ammonia,175.0,180.51073639427338,5.51073639427338
6,Ammonia,200.0,183.39590452652382,16.60409547347618
6,Ammonia,200.0,189.2881184891993,10.711881510800708
6,Ammonia,200.0,186.6383756940735,13.361624305926512
6,Ammonia,200.0,186.5936226762635,13.406377323736507
6,Ammonia,200.0,200.39587862685653,0.3958786268565291
6,Ammonia,200.0,197.2119962135754,2.7880037864246106
6,Ammonia,200.0,197.4739422493031,2.526057750696907
6,Ammonia,200.0,198.9982300547303,1.0017699452697002
6,Ammonia,200.0,190.56900998083475,9.43099001916525
6,Ammonia,200.0,193.5176925393785,6.482307460621513
6,Ammonia,50.0,47.78058523828315,2.2194147617168483
6,Ammonia,75.0,66.74604244740223,8.253957552597768
6,Ammonia,100.0,99.50190018230944,0.49809981769055867
6,Ammonia,125.0,121.97123180748736,3.0287681925126435
6,Ammonia,150.0,140.6235800309331,9.376419969066887
6,Ammonia,175.0,161.08293906086413,13.917060939135865
6,Ammonia,200.0,166.7751865862116,33.22481341378841
6,Ammonia,225.0,178.68377410692258,46.316225893077416
6,Ammonia,250.0,198.43848303961383,51.56151696038617
6,Ammonia,250.0,128.8775918906221,121.12240810937789
6,Ammonia,150.0,63.427427094504495,86.5725729054955
6,Ammonia,50.0,54.98844230485294,4.9884423048529385
6,Ammonia,225.0,86.24819503715,138.75180496285
6,Ammonia,75.0,54.880846119305545,20.119153880694455
6,Ammonia,175.0,64.80604268979388,110.19395731020612
6,Ammonia,200.0,66.19071856689223,133.80928143310777
6,Ammonia,100.0,55.15054093385099,44.84945906614901
6,Ammonia,125.0,55.763544875170595,69.2364551248294
6,Ammonia,175.0,60.951738548968365,114.04826145103164
6,Ammonia,200.0,71.15023984636204,128.84976015363796
6,Ammonia,100.0,52.13997626284056,47.86002373715944
6,Ammonia,125.0,54.76304996886911,70.23695003113089
6,Ammonia,250.0,128.54916084589942,121.45083915410058
6,Ammonia,150.0,72.59045172462123,77.40954827537877
6,Ammonia,50.0,53.500298990458916,3.5002989904589157
6,Ammonia,225.0,151.17846027958606,73.82153972041394
6,Ammonia,75.0,53.29966412749465,21.70033587250535
6,Ammonia,225.0,166.75457993916598,58.24542006083402
6,Ammonia,75.0,52.50529882684236,22.494701173157637
6,Ammonia,175.0,143.71432522161456,31.28567477838544
6,Ammonia,200.0,168.1731124659154,31.82688753408459
6,Ammonia,100.0,72.06801513815739,27.931984861842608
6,Ammonia,125.0,99.48155161520114,25.51844838479886
6,Ammonia,250.0,221.5144380160713,28.485561983928704
6,Ammonia,150.0,136.07348080675456,13.92651919324544
6,Ammonia,50.0,54.371119652685366,4.3711196526853655
6,Ammonia,125.0,101.81812151558425,23.181878484415748
6,Ammonia,250.0,216.5583417787777,33.4416582212223
6,Ammonia,150.0,132.04945939663713,17.950540603362867
6,Ammonia,50.0,54.49183994833345,4.49183994833345
6,Ammonia,225.0,193.55784221119814,31.442157788801865
6,Ammonia,75.0,57.85333232055673,17.14666767944327
6,Ammonia,175.0,160.0722575889248,14.9277424110752
6,Ammonia,200.0,170.6061358595982,29.393864140401803
6,Ammonia,100.0,72.31580578551117,27.684194214488826
6,Toluene,20.0,38.24010246974419,18.240102469744187
6,Toluene,30.0,47.41411049979773,17.41411049979773
6,Toluene,40.0,53.31804474040584,13.318044740405838
6,Toluene,50.0,60.9292648029075,10.929264802907497
6,Toluene,60.0,72.40237798159234,12.402377981592338
6,Toluene,70.0,80.41089261120906,10.410892611209064
6,Toluene,80.0,91.37585560864521,11.37585560864521
6,Toluene,90.0,95.80512543139116,5.805125431391161
6,Toluene,100.0,100.38582874744115,0.3858287474411526
6,Acetone,50.0,100.92085845938517,50.92085845938517
6,Acetone,250.0,252.55797844243153,2.5579784424315335
6,Acetone,125.0,188.40644352154686,63.40644352154686
6,Acetone,175.0,213.21984065314336,38.219840653143365
6,Acetone,200.0,219.55895220869058,19.558952208690584
6,Acetone,75.0,142.11418461762347,67.11418461762347
6,Acetone,100.0,171.8633332185517,71.8633332185517
6,Acetone,225.0,233.38580161675605,8.385801616756055
6,Acetone,150.0,194.9425520277323,44.94255202773229
6,Acetone,75.0,139.54156158904334,64.54156158904334
6,Acetone,100.0,176.84973127857626,76.84973127857626
6,Acetone,225.0,235.1518735305105,10.1518735305105
6,Acetone,150.0,196.65515208681572,46.65515208681572
6,Acetone,50.0,108.4315704538808,58.431570453880795
6,Acetone,250.0,244.79695210783837,5.203047892161635
6,Acetone,125.0,190.03380728380773,65.03380728380773
6,Acetone,175.0,208.02208412582235,33.022084125822346
6,Acetone,200.0,220.60679777012436,20.60679777012436
6,Acetone,75.0,145.37790926646812,70.37790926646812
6,Acetone,100.0,178.86412697577754,78.86412697577754
6,Acetone,225.0,233.3125734206599,8.312573420659902
6,Acetone,150.0,195.57279828990855,45.57279828990855
6,Acetone,50.0,112.22044914086581,62.22044914086581
6,Acetone,250.0,245.6343758850473,4.365624114952709
6,Acetone,125.0,188.7007952813547,63.70079528135469
6,Acetone,175.0,209.22540030771464,34.22540030771464
6,Acetone,200.0,221.86955919970413,21.869559199704128
6,Acetone,50.0,86.5883165579907,36.588316557990694
6,Acetone,75.0,111.68434973911799,36.68434973911799
6,Acetone,100.0,148.53211968612462,48.53211968612462
6,Acetone,125.0,168.64660860513675,43.64660860513675
6,Acetone,150.0,185.2908023197362,35.2908023197362
6,Acetone,175.0,193.44338878626078,18.443388786260783
6,Acetone,200.0,205.57045875537506,5.570458755375057
6,Acetone,225.0,217.40853262356293,7.591467376437066
6,Acetone,250.0,231.11184725373914,18.888152746260857
6,Acetone,175.0,193.35196697482954,18.351966974829537
6,Acetone,200.0,204.37972604656625,4.3797260465662475
6,Acetone,225.0,217.84807181182367,7.151928188176328
6,Acetone,250.0,233.40826119487588,16.591738805124123
6,Acetone,50.0,89.45685014387122,39.45685014387122
6,Acetone,75.0,115.87254071823276,40.872540718232756
6,Acetone,100.0,150.22705589232336,50.227055892323364
6,Acetone,125.0,169.18349100180478,44.18349100180478
6,Acetone,150.0,184.76818258946918,34.76818258946918
6,Acetone,50.0,86.41487101429907,36.41487101429907
6,Acetone,50.0,85.80332793816372,35.80332793816372
6,Acetone,50.0,70.00710559729227,20.007105597292266
6,Acetone,50.0,71.66108734144068,21.661087341440677
6,Acetone,50.0,63.70993850530907,13.709938505309069
6,Acetone,50.0,77.03400319661803,27.03400319661803
6,Acetone,50.0,76.88370431367956,26.88370431367956
6,Acetone,50.0,77.63404387287359,27.63404387287359
6,Acetone,50.0,75.2699421403916,25.269942140391606
6,Acetone,50.0,79.5507635914239,29.5507635914239
6,Acetone,50.0,77.88588128613564,27.885881286135643
6,Acetone,50.0,73.30941694102906,23.309416941029056
6,Acetone,50.0,74.48664792011489,24.48664792011489
6,Acetone,50.0,73.20960658023319,23.209606580233185
6,Acetone,50.0,78.26989994615532,28.26989994615532
6,Acetone,50.0,75.58777554319424,25.58777554319424
6,Acetone,50.0,79.30238646197863,29.302386461978628
6,Acetone,50.0,75.98694429354066,25.98694429354066
6,Acetone,50.0,78.95906487007204,28.95906487007204
6,Acetone,50.0,76.58703462630524,26.58703462630524
6,Acetone,50.0,78.89314580132785,28.893145801327847
6,Acetone,50.0,77.76410914531144,27.764109145311437
6,Acetone,50.0,80.00066453653585,30.00066453653585
6,Acetone,50.0,76.6092271138857,26.609227113885694
6,Acetone,50.0,83.15666669099973,33.15666669099973
6,Acetone,50.0,80.00166995308476,30.001669953084757
6,Acetone,50.0,78.89330185329467,28.893301853294673
6,Acetone,50.0,79.48834863132409,29.488348631324087
6,Acetone,50.0,80.58054342293093,30.58054342293093
6,Acetone,50.0,79.6270158769756,29.627015876975605
6,Acetone,50.0,81.42325122676147,31.423251226761465
6,Acetone,50.0,78.42390570404895,28.42390570404895
6,Acetone,50.0,78.39825399715149,28.398253997151485
6,Acetone,50.0,80.26586192929379,30.26586192929379
6,Acetone,50.0,78.7059602432501,28.705960243250104
6,Acetone,50.0,77.61756786251065,27.617567862510654
6,Acetone,50.0,80.05091716967105,30.050917169671052
6,Acetone,50.0,78.56973533665611,28.56973533665611
6,Acetone,50.0,80.40191737139823,30.401917371398227
6,Acetone,50.0,81.45370291455225,31.453702914552252
6,Acetone,50.0,76.80607779916922,26.806077799169216
6,Acetone,50.0,82.72264463696354,32.72264463696354
6,Acetone,50.0,82.61178611358525,32.611786113585254
6,Acetone,50.0,83.93695690156417,33.93695690156417
6,Acetone,50.0,81.65082827669367,31.650828276693673
6,Acetone,50.0,76.61838247178686,26.61838247178686
6,Acetone,50.0,78.32891205285782,28.328912052857817
6,Acetone,50.0,80.49106368564948,30.49106368564948
6,Acetone,50.0,81.58443494823331,31.58443494823331
6,Acetone,50.0,79.56729494135675,29.56729494135675
6,Acetone,50.0,78.76114013363474,28.76114013363474
6,Acetone,50.0,79.23505724018956,29.235057240189562
6,Acetone,50.0,78.08842855906194,28.08842855906194
6,Acetone,50.0,80.55281709470849,30.552817094708487
6,Acetone,50.0,79.27666664195345,29.276666641953454
6,Acetone,50.0,84.35388384581216,34.35388384581216
6,Acetone,50.0,79.32936226654681,29.32936226654681
6,Acetone,50.0,81.54858817477985,31.54858817477985
6,Acetone,50.0,83.41767034015528,33.41767034015528
6,Acetone,50.0,80.15544808879906,30.155448088799062
6,Acetone,50.0,81.5608093525468,31.560809352546798
6,Acetone,50.0,80.20999698308637,30.20999698308637
6,Acetone,50.0,80.5131228500969,30.513122850096906
6,Acetone,50.0,80.20857849675443,30.208578496754427
6,Acetone,50.0,78.82051878685716,28.820518786857164
6,Acetone,50.0,79.72387090630625,29.723870906306246
6,Acetone,50.0,80.37705342366918,30.37705342366918
6,Acetone,50.0,80.09846541152184,30.098465411521843
6,Acetone,50.0,79.55667413084842,29.55667413084842
6,Acetone,50.0,81.19800493307076,31.198004933070763
6,Acetone,50.0,78.56426427361323,28.564264273613233
6,Acetone,50.0,98.28037426017167,48.28037426017167
6,Acetone,50.0,79.5667955434573,29.566795543457303
6,Acetone,50.0,81.12135678584598,31.121356785845975
6,Acetone,50.0,78.8239195062513,28.8239195062513
6,Acetone,50.0,83.38491618497343,33.384916184973434
6,Acetone,50.0,82.68742272953385,32.68742272953385
6,Acetone,50.0,85.23801069025207,35.23801069025207
6,Acetone,50.0,80.38798933358265,30.387989333582652
6,Acetone,50.0,81.21106409150859,31.21106409150859
6,Acetone,50.0,82.41952223769964,32.41952223769964
6,Acetone,50.0,83.41862553946999,33.418625539469986
6,Acetone,50.0,83.25071286542537,33.25071286542537
6,Acetone,50.0,79.01786891295147,29.01786891295147
6,Acetone,50.0,85.48832257648851,35.488322576488514
6,Acetone,50.0,81.53316364685129,31.533163646851293
6,Acetone,50.0,80.88356308022459,30.88356308022459
6,Acetone,50.0,83.81530475639478,33.81530475639478
6,Acetone,50.0,80.73393719706836,30.733937197068357
6,Acetone,50.0,83.3577994409024,33.3577994409024
6,Acetone,50.0,82.99796668216197,32.99796668216197
6,Acetone,50.0,83.30257866331706,33.302578663317064
6,Acetone,50.0,79.39117202466414,29.391172024664144
6,Acetone,50.0,82.73342182259809,32.73342182259809
6,Acetone,50.0,82.59461224179041,32.594612241790415
6,Acetone,50.0,84.62370460560511,34.62370460560511
6,Acetone,50.0,84.99566384917969,34.99566384917969
6,Acetone,50.0,82.67101625097854,32.67101625097854
6,Acetone,50.0,81.11996822150557,31.119968221505573
6,Acetone,50.0,82.88092496951472,32.88092496951472
6,Acetone,50.0,85.63989083772218,35.63989083772218
6,Acetone,50.0,82.67103973976752,32.67103973976752
6,Acetone,50.0,82.16785169912974,32.16785169912974
6,Acetone,50.0,93.37947139173406,43.37947139173406
6,Acetone,50.0,78.50785088350362,28.50785088350362
6,Acetone,100.0,132.1273993032618,32.1273993032618
6,Acetone,10.0,15.767784019885596,5.767784019885596
6,Acetone,100.0,141.91869867278825,41.91869867278825
6,Acetone,10.0,18.772447566783967,8.772447566783967
6,Acetone,100.0,149.18312575252614,49.18312575252614
6,Acetone,10.0,19.92063166145212,9.92063166145212
6,Acetone,100.0,156.9547672288123,56.9547672288123
6,Acetone,10.0,17.241521709857807,7.241521709857807
6,Acetone,100.0,154.42248961024183,54.422489610241826
6,Acetone,10.0,18.578206609222008,8.578206609222008
6,Acetone,100.0,150.73160872045776,50.73160872045776
6,Acetone,10.0,16.716580970748822,6.716580970748822
6,Acetone,100.0,157.23680191675894,57.236801916758935
6,Acetone,10.0,11.690018643203985,1.6900186432039845
6,Acetone,100.0,151.97241486762664,51.97241486762664
6,Acetone,10.0,12.666679988825251,2.6666799888252513
6,Acetone,100.0,154.13461746950276,54.13461746950276
6,Acetone,10.0,15.988801498480598,5.988801498480598
6,Acetone,100.0,148.46077989733575,48.460779897335755
6,Acetone,10.0,14.696577462791453,4.696577462791453
6,Acetone,100.0,152.0058293184501,52.00582931845011
6,Acetone,10.0,15.269950145711903,5.269950145711903
6,Acetone,100.0,149.2114985676819,49.2114985676819
6,Acetone,10.0,14.097576542486394,4.097576542486394
6,Acetone,100.0,148.8538570199475,48.8538570199475
6,Acetone,10.0,13.794946396584379,3.794946396584379
6,Acetone,100.0,152.02370506459286,52.02370506459286
6,Acetone,10.0,15.496801630344152,5.496801630344152
6,Acetone,100.0,153.45265048933032,53.452650489330324
6,Acetone,10.0,15.281908040153553,5.281908040153553
6,Acetone,100.0,153.36013017195427,53.36013017195427
6,Acetone,10.0,11.306198708565205,1.306198708565205
6,Acetone,100.0,152.52884204114142,52.52884204114142
6,Acetone,10.0,13.756563318825812,3.756563318825812
6,Acetone,100.0,155.53421475830245,55.534214758302454
6,Acetone,10.0,15.19216508250716,5.1921650825071595
6,Acetone,100.0,157.74720641144552,57.74720641144552
6,Acetone,10.0,16.779832963389737,6.779832963389737
6,Acetone,100.0,156.27163001934244,56.27163001934244
6,Acetone,10.0,16.94052282788141,6.940522827881409
6,Acetone,100.0,155.07500315584394,55.075003155843945
6,Acetone,10.0,11.909971541912228,1.9099715419122276
6,Acetone,100.0,152.0059517032906,52.005951703290606
6,Acetone,10.0,16.337105686345552,6.337105686345552
6,Acetone,100.0,151.18079932694923,51.18079932694923
6,Acetone,10.0,14.767763978098628,4.767763978098628
6,Acetone,100.0,159.1391438542702,59.1391438542702
6,Acetone,10.0,11.65427694545744,1.6542769454574398
6,Acetone,100.0,152.85095008639237,52.85095008639237
6,Acetone,10.0,9.756061349205083,0.2439386507949166
6,Acetone,100.0,150.82598200559133,50.82598200559133
6,Acetone,10.0,12.950888450875084,2.950888450875084
6,Acetone,100.0,153.19669293831396,53.19669293831396
6,Acetone,10.0,12.004934275914792,2.004934275914792
6,Acetone,100.0,153.55452862583854,53.55452862583854
6,Acetone,10.0,12.885976216088864,2.8859762160888636
6,Acetone,100.0,150.39102799540393,50.39102799540393
6,Acetone,10.0,12.241167330426862,2.241167330426862
6,Acetone,100.0,157.8351262521771,57.835126252177105
6,Acetone,10.0,11.17122871109055,1.1712287110905493
6,Acetone,100.0,158.55514695782102,58.55514695782102
6,Acetone,10.0,16.335321418635033,6.335321418635033
6,Acetone,100.0,163.23827967025633,63.23827967025633
6,Acetone,10.0,13.643461059756191,3.6434610597561914
6,Acetone,100.0,162.37618809285397,62.376188092853965
6,Acetone,10.0,14.837397146944824,4.837397146944824
6,Acetone,100.0,160.4873833863845,60.487383386384494
6,Acetone,10.0,10.313853380865453,0.3138533808654529
6,Acetone,100.0,161.1084504988242,61.1084504988242
6,Acetone,10.0,15.202719336257587,5.202719336257587
6,Acetone,100.0,155.88932006472527,55.88932006472527
6,Acetone,10.0,19.436060587424294,9.436060587424294
6,Acetone,100.0,151.63067093685495,51.630670936854955
6,Acetone,10.0,16.34763132322024,6.3476313232202415
6,Acetone,100.0,149.6420653665996,49.64206536659961
6,Acetone,10.0,11.965856830556078,1.9658568305560777
6,Acetone,100.0,146.13682439296542,46.13682439296542
6,Acetone,10.0,15.902506022615086,5.902506022615086
6,Acetone,100.0,150.4206299564008,50.4206299564008
6,Acetone,10.0,12.117602426728894,2.1176024267288938
6,Acetone,100.0,144.45410223370453,44.45410223370453
6,Acetone,10.0,5.545891113790418,4.454108886209582
6,Acetone,100.0,145.90499616483044,45.904996164830436
6,Acetone,10.0,7.715188801264787,2.2848111987352127
6,Acetone,100.0,142.0625294094687,42.06252940946871
6,Acetone,10.0,9.469381828247492,0.5306181717525078
6,Acetone,100.0,142.90888656448647,42.908886564486465
6,Acetone,10.0,7.27109565685609,2.7289043431439097
6,Acetone,100.0,139.61124586065878,39.611245860658784
6,Acetone,10.0,5.501468988498345,4.498531011501655
6,Acetone,100.0,138.72752194822658,38.72752194822658
6,Acetone,10.0,7.931520364186184,2.0684796358138158
6,Acetone,100.0,138.74870850156717,38.748708501567165
6,Acetone,10.0,2.6709686239885286,7.329031376011471
6,Acetone,100.0,139.03441856089051,39.034418560890515
6,Acetone,10.0,3.7719888900641934,6.228011109935807
6,Acetone,100.0,140.5966777313918,40.59667773139179
6,Acetone,10.0,3.0374751262735913,6.962524873726409
6,Acetone,100.0,139.92261334362237,39.92261334362237
6,Acetone,10.0,0.8242529467400175,9.175747053259983
6,Acetaldehyde,50.0,58.05898324176074,8.058983241760743
6,Acetaldehyde,250.0,202.27086293284876,47.72913706715124
6,Acetaldehyde,125.0,117.2153366169852,7.784663383014802
6,Acetaldehyde,175.0,159.50997840381763,15.490021596182373
6,Acetaldehyde,200.0,169.54514770906488,30.454852290935122
6,Acetaldehyde,75.0,88.82985922453237,13.82985922453237
6,Acetaldehyde,100.0,108.21500827299164,8.21500827299164
6,Acetaldehyde,225.0,183.35979085610532,41.64020914389468
6,Acetaldehyde,150.0,142.76692009873761,7.233079901262386
6,Acetaldehyde,75.0,81.71420290680507,6.71420290680507
6,Acetaldehyde,100.0,105.66329114687778,5.663291146877782
6,Acetaldehyde,225.0,183.63086140254023,41.36913859745977
6,Acetaldehyde,150.0,141.6677266824439,8.332273317556087
6,Acetaldehyde,50.0,59.02951457601806,9.029514576018059
6,Acetaldehyde,250.0,189.58632240367123,60.41367759632877
6,Acetaldehyde,125.0,104.15791980181667,20.842080198183325
6,Acetaldehyde,175.0,151.41569221626924,23.584307783730765
6,Acetaldehyde,200.0,162.29389628809463,37.70610371190537
6,Acetaldehyde,50.0,61.96783332716025,11.96783332716025
6,Acetaldehyde,250.0,191.68750025022072,58.31249974977928
6,Acetaldehyde,125.0,116.65606425659735,8.343935743402653
6,Acetaldehyde,175.0,151.39631098982045,23.60368901017955
6,Acetaldehyde,200.0,166.26601398274317,33.733986017256825
6,Acetaldehyde,75.0,88.0605824844001,13.0605824844001
6,Acetaldehyde,100.0,102.8146864183173,2.8146864183172937
6,Acetaldehyde,225.0,173.56150240175316,51.43849759824684
6,Acetaldehyde,150.0,141.25341261019233,8.746587389807672
6,Acetaldehyde,50.0,54.37871967505497,4.378719675054967
6,Acetaldehyde,75.0,72.5193109415537,2.480689058446302
6,Acetaldehyde,100.0,92.62575657788838,7.374243422111618
6,Acetaldehyde,125.0,112.03277816104253,12.967221838957471
6,Acetaldehyde,150.0,122.8730049868282,27.126995013171793
6,Acetaldehyde,175.0,144.07483751340686,30.925162486593138
6,Acetaldehyde,200.0,168.7786095568173,31.221390443182713
6,Acetaldehyde,225.0,191.46366108321445,33.53633891678555
6,Acetaldehyde,250.0,209.6523120284339,40.3476879715661
6,Acetaldehyde,50.0,128.80085082040515,78.80085082040515
6,Acetaldehyde,50.0,61.742474845009056,11.742474845009056
6,Acetaldehyde,50.0,60.572942653957284,10.572942653957284
6,Acetaldehyde,50.0,55.693412599157995,5.693412599157995
6,Acetaldehyde,50.0,53.38083580704,3.3808358070400004
6,Acetaldehyde,50.0,56.57677243064252,6.576772430642521
6,Acetaldehyde,50.0,54.94181140620654,4.94181140620654
6,Acetaldehyde,50.0,53.16164884003929,3.161648840039291
6,Acetaldehyde,50.0,54.017031211683275,4.017031211683275
6,Acetaldehyde,50.0,56.97065345743458,6.9706534574345795
6,Acetaldehyde,50.0,50.71615480350161,0.7161548035016096
6,Acetaldehyde,50.0,55.20008513201445,5.2000851320144506
6,Acetaldehyde,50.0,51.42409455905978,1.4240945590597818
6,Acetaldehyde,50.0,53.29592482697214,3.29592482697214
6,Acetaldehyde,50.0,53.260846420339774,3.2608464203397745
6,Acetaldehyde,50.0,52.83109595548885,2.8310959554888484
6,Acetaldehyde,50.0,51.29923864031922,1.299238640319217
6,Acetaldehyde,50.0,53.620216237556605,3.6202162375566047
6,Acetaldehyde,50.0,52.35935310200357,2.359353102003567
6,Acetaldehyde,50.0,53.52365007487377,3.523650074873771
6,Acetaldehyde,50.0,52.150700073436795,2.150700073436795
6,Acetaldehyde,50.0,51.62647918266231,1.6264791826623082
6,Acetaldehyde,50.0,51.3569212884981,1.3569212884981
6,Acetaldehyde,50.0,54.062762316287916,4.062762316287916
6,Acetaldehyde,50.0,52.45465689234193,2.45465689234193
6,Acetaldehyde,50.0,51.22197511185654,1.221975111856537
6,Acetaldehyde,50.0,52.576191526963996,2.5761915269639957
6,Acetaldehyde,50.0,52.1949222389528,2.194922238952799
6,Acetaldehyde,50.0,54.981631034083506,4.981631034083506
6,Acetaldehyde,50.0,54.022376686529725,4.022376686529725
6,Acetaldehyde,50.0,49.913125741241274,0.08687425875872634
6,Acetaldehyde,50.0,52.101616041691216,2.1016160416912157
6,Acetaldehyde,50.0,53.93534336059234,3.9353433605923414
6,Acetaldehyde,50.0,51.892008876005235,1.8920088760052352
6,Acetaldehyde,50.0,52.322683628865335,2.3226836288653345
6,Acetaldehyde,50.0,48.343914392497,1.6560856075030017
6,Acetaldehyde,50.0,51.67418629166964,1.674186291669642
6,Acetaldehyde,50.0,52.725964648619,2.725964648618998
6,Acetaldehyde,50.0,51.15116663250457,1.1511666325045695
6,Acetaldehyde,50.0,50.1937785883257,0.19377858832569927
6,Acetaldehyde,50.0,52.9404996333724,2.940499633372397
6,Acetaldehyde,50.0,50.44149330318125,0.4414933031812467
6,Acetaldehyde,50.0,53.41955696676952,3.4195569667695196
6,Acetaldehyde,50.0,52.505063135795666,2.505063135795666
6,Acetaldehyde,50.0,51.293996975338544,1.293996975338544
6,Acetaldehyde,50.0,51.5069279651112,1.5069279651112026
6,Acetaldehyde,50.0,53.82203851432965,3.8220385143296483
6,Acetaldehyde,50.0,52.785302415023466,2.785302415023466
6,Acetaldehyde,50.0,49.731771393297635,0.26822860670236537
6,Acetaldehyde,50.0,52.12846125829297,2.1284612582929725
6,Acetaldehyde,50.0,52.38566747918756,2.3856674791875605
6,Acetaldehyde,50.0,50.86614480116758,0.8661448011675787
6,Acetaldehyde,50.0,51.48099196832651,1.4809919683265065
6,Acetaldehyde,50.0,52.4521211226419,2.4521211226418984
6,Acetaldehyde,50.0,49.734460083826306,0.26553991617369377
6,Acetaldehyde,50.0,52.41425305238482,2.4142530523848222
6,Acetaldehyde,50.0,51.35686835529273,1.3568683552927325
6,Acetaldehyde,50.0,53.87140497426242,3.8714049742624184
6,Acetaldehyde,50.0,49.067931534002554,0.9320684659974461
6,Acetaldehyde,50.0,51.900807884648884,1.9008078846488843
6,Acetaldehyde,50.0,49.5858857144686,0.4141142855313973
6,Acetaldehyde,50.0,49.97867202240964,0.021327977590360092
6,Acetaldehyde,50.0,51.80235634777701,1.8023563477770068
6,Acetaldehyde,50.0,49.55804955856803,0.4419504414319704
6,Acetaldehyde,50.0,52.035621708369206,2.035621708369206
6,Acetaldehyde,50.0,51.054665984550255,1.0546659845502546
6,Acetaldehyde,50.0,51.96280372143195,1.9628037214319534
6,Acetaldehyde,50.0,50.248413457588796,0.2484134575887964
6,Acetaldehyde,50.0,49.5251394931401,0.47486050685989767
6,Acetaldehyde,50.0,54.228389640614694,4.228389640614694
6,Acetaldehyde,50.0,51.064944795927175,1.0649447959271754
6,Acetaldehyde,50.0,52.14857180417634,2.148571804176342
6,Acetaldehyde,50.0,50.435448109661124,0.4354481096611238
6,Acetaldehyde,50.0,50.63927861018523,0.6392786101852295
6,Acetaldehyde,50.0,50.568141976616346,0.5681419766163458
6,Acetaldehyde,50.0,49.47967996654508,0.5203200334549223
6,Acetaldehyde,50.0,51.49351332636577,1.4935133263657718
6,Acetaldehyde,50.0,50.77357940317931,0.773579403179312
6,Acetaldehyde,50.0,52.03905208060661,2.0390520806066093
6,Acetaldehyde,50.0,51.03164118363344,1.0316411836334396
6,Acetaldehyde,50.0,51.65865226695436,1.6586522669543626
6,Acetaldehyde,50.0,51.01381877817573,1.0138187781757324
6,Acetaldehyde,50.0,54.98173406062463,4.981734060624632
6,Acetaldehyde,50.0,52.295016308854585,2.295016308854585
6,Acetaldehyde,50.0,54.15597117728525,4.155971177285252
6,Acetaldehyde,50.0,49.021342243611514,0.9786577563884862
6,Acetaldehyde,50.0,54.35800341429035,4.358003414290351
6,Acetaldehyde,50.0,52.29738093737497,2.2973809373749674
6,Acetaldehyde,50.0,53.1418817126859,3.141881712685901
6,Acetaldehyde,50.0,50.725132964617075,0.7251329646170745
6,Acetaldehyde,50.0,52.10561168703457,2.1056116870345676
6,Acetaldehyde,50.0,52.240089244664745,2.2400892446647447
6,Acetaldehyde,50.0,50.24201236795082,0.24201236795082082
6,Acetaldehyde,50.0,50.518384501532054,0.5183845015320543
6,Acetaldehyde,50.0,51.33342974945464,1.3334297494546377
6,Acetaldehyde,50.0,51.15528260854151,1.155282608541512
6,Acetaldehyde,50.0,52.80913124752415,2.8091312475241494
6,Acetaldehyde,50.0,53.48825077312304,3.488250773123042
6,Acetaldehyde,50.0,52.28978958234964,2.2897895823496413
6,Acetaldehyde,50.0,52.15903054997278,2.1590305499727833
6,Acetaldehyde,50.0,55.30577797523124,5.305777975231237
6,Acetaldehyde,50.0,52.93176136194468,2.9317613619446803
6,Acetaldehyde,50.0,51.36689756364176,1.366897563641757
6,Acetaldehyde,50.0,52.20381566440399,2.20381566440399
6,Acetaldehyde,50.0,53.261852698406145,3.2618526984061447
6,Acetaldehyde,50.0,50.93107701762638,0.9310770176263787
6,Acetaldehyde,50.0,45.95999386983715,4.040006130162851
6,Acetaldehyde,50.0,52.1401712093686,2.140171209368603
6,Acetaldehyde,50.0,53.74414113484275,3.7441411348427494
6,Acetaldehyde,50.0,51.4487085416428,1.4487085416428016
6,Acetaldehyde,50.0,51.01943085373952,1.0194308537395216
6,Acetaldehyde,50.0,52.143617713984796,2.1436177139847956
6,Acetaldehyde,50.0,51.46837219298071,1.4683721929807092
6,Acetaldehyde,50.0,49.197960437446014,0.8020395625539862
6,Acetaldehyde,50.0,49.53383290368049,0.46616709631950926
6,Acetaldehyde,50.0,50.61250979802763,0.6125097980276308
6,Acetaldehyde,50.0,52.196400533982185,2.1964005339821853
6,Acetaldehyde,50.0,51.075347699602986,1.075347699602986
6,Acetaldehyde,50.0,50.30725914596712,0.307259145967123
6,Acetaldehyde,50.0,49.46371415770464,0.5362858422953565
6,Acetaldehyde,50.0,51.25783229525909,1.2578322952590923
6,Acetaldehyde,50.0,53.0398087466196,3.039808746619599
6,Acetaldehyde,50.0,51.63229556619086,1.6322955661908622
6,Acetaldehyde,50.0,53.0815116162443,3.081511616244299
6,Acetaldehyde,50.0,47.70236088207842,2.2976391179215767
6,Acetaldehyde,50.0,51.69572061710714,1.695720617107142
6,Acetaldehyde,50.0,48.57377769061479,1.42622230938521
6,Acetaldehyde,50.0,51.55047563859286,1.5504756385928573
6,Acetaldehyde,50.0,51.76989567074716,1.769895670747161
6,Acetaldehyde,50.0,51.77945853908243,1.7794585390824267
6,Acetaldehyde,50.0,50.614544582580734,0.6145445825807343
6,Acetaldehyde,50.0,51.045786160516656,1.0457861605166556
6,Acetaldehyde,50.0,52.569884110525564,2.569884110525564
6,Acetaldehyde,50.0,52.036744765464164,2.0367447654641637
6,Acetaldehyde,50.0,52.29881761881725,2.298817618817253
6,Acetaldehyde,50.0,51.35199940856165,1.3519994085616531
6,Acetaldehyde,50.0,50.774589780898395,0.7745897808983955
6,Acetaldehyde,50.0,54.197128096027,4.197128096027001
6,Acetaldehyde,50.0,49.57036222082313,0.42963777917687196
6,Acetaldehyde,50.0,52.32561854416225,2.3256185441622534
6,Acetaldehyde,50.0,53.17850408389849,3.1785040838984884
6,Acetaldehyde,50.0,51.09525784092983,1.0952578409298326
6,Acetaldehyde,50.0,51.98597908135115,1.9859790813511466
6,Acetaldehyde,50.0,53.207151623006865,3.2071516230068653
6,Acetaldehyde,50.0,53.68145723100811,3.6814572310081104
6,Acetaldehyde,50.0,52.70096661817789,2.700966618177887
6,Acetaldehyde,50.0,53.561471273829326,3.5614712738293264
6,Acetaldehyde,50.0,53.063519776137554,3.0635197761375537
6,Acetaldehyde,50.0,53.75577057278328,3.755770572783277
6,Acetaldehyde,50.0,54.43291755726992,4.432917557269917
6,Acetaldehyde,50.0,51.007773285862115,1.0077732858621147
6,Acetaldehyde,50.0,52.231481797675215,2.2314817976752153
6,Acetaldehyde,50.0,49.40429011037243,0.595709889627571
6,Acetaldehyde,50.0,51.476889520756245,1.4768895207562451
6,Acetaldehyde,50.0,53.35433186218083,3.3543318621808282
6,Acetaldehyde,50.0,54.908934604210685,4.908934604210685
6,Acetaldehyde,50.0,56.689755013047304,6.689755013047304
6,Acetaldehyde,50.0,53.885822625749014,3.8858226257490145
6,Acetaldehyde,50.0,52.56016225262498,2.560162252624977
6,Acetaldehyde,50.0,54.71452915765802,4.714529157658021
6,Acetaldehyde,50.0,54.91432557913815,4.914325579138151
6,Acetaldehyde,50.0,53.28826377589438,3.2882637758943787
6,Acetaldehyde,50.0,51.8688066141208,1.8688066141207997
6,Acetaldehyde,50.0,53.74210769421076,3.742107694210759
6,Acetaldehyde,50.0,52.87852994863803,2.8785299486380325
6,Acetaldehyde,50.0,52.827544858410064,2.8275448584100644
6,Acetaldehyde,50.0,52.15523003082811,2.1552300308281076
6,Acetaldehyde,50.0,54.35309260411394,4.3530926041139395
6,Acetaldehyde,50.0,52.7892474458106,2.7892474458106022
6,Acetaldehyde,50.0,52.770125672744086,2.7701256727440864
6,Acetaldehyde,50.0,53.36169464283715,3.3616946428371506
6,Acetaldehyde,50.0,52.86492848229835,2.864928482298353
6,Acetaldehyde,50.0,51.70458111248821,1.7045811124882135
6,Acetaldehyde,50.0,54.58234674790735,4.582346747907351
6,Acetaldehyde,50.0,51.26246862987132,1.2624686298713215
6,Acetaldehyde,50.0,54.78382533787254,4.783825337872543
6,Acetaldehyde,50.0,50.8431312051451,0.8431312051450988
6,Acetaldehyde,50.0,52.784550329357685,2.7845503293576854
6,Acetaldehyde,50.0,55.579485551567146,5.579485551567146
6,Acetaldehyde,50.0,52.12676925612875,2.1267692561287532
6,Acetaldehyde,50.0,53.41659449686756,3.4165944968675603
6,Acetaldehyde,50.0,52.14736077032762,2.147360770327623
6,Acetaldehyde,50.0,53.93533499322204,3.9353349932220425
6,Acetaldehyde,50.0,50.49713028626125,0.4971302862612532
6,Acetaldehyde,50.0,50.73842928313667,0.7384292831366679
6,Acetaldehyde,50.0,49.34471108069276,0.6552889193072389
6,Acetaldehyde,50.0,49.41595015764243,0.5840498423575724
6,Acetaldehyde,50.0,53.406641286089126,3.406641286089126
6,Acetaldehyde,50.0,52.91124887125487,2.9112488712548696
6,Acetaldehyde,50.0,51.18169994017266,1.1816999401726633
6,Acetaldehyde,50.0,49.858909193445015,0.14109080655498474
6,Acetaldehyde,50.0,51.00121408376293,1.0012140837629318
6,Acetaldehyde,50.0,50.75069951700769,0.7506995170076891
6,Acetaldehyde,50.0,48.759406281180006,1.2405937188199943
6,Acetaldehyde,50.0,48.340359900308286,1.659640099691714
6,Acetaldehyde,50.0,47.19882370393577,2.8011762960642272
6,Acetaldehyde,50.0,50.65761511506561,0.6576151150656102
6,Acetaldehyde,50.0,48.46433085043587,1.5356691495641286
6,Acetaldehyde,50.0,50.482212860676384,0.482212860676384
6,Acetaldehyde,50.0,50.6516031707488,0.6516031707487997
6,Acetaldehyde,50.0,50.88698442143513,0.8869844214351303
6,Acetaldehyde,50.0,50.88182637242052,0.8818263724205195
6,Acetaldehyde,50.0,51.1827024041212,1.1827024041212013
6,Acetaldehyde,50.0,51.555106007701255,1.555106007701255
6,Acetaldehyde,50.0,52.106773167445354,2.106773167445354
6,Acetaldehyde,50.0,50.14721963209695,0.14721963209694877
6,Acetaldehyde,50.0,51.067365403643024,1.0673654036430236
6,Acetaldehyde,50.0,49.63201641273149,0.36798358726851177
6,Acetaldehyde,50.0,51.564755779445804,1.5647557794458038
6,Acetaldehyde,50.0,51.63976085289772,1.639760852897723
6,Acetaldehyde,50.0,71.32056687956621,21.320566879566215
6,Acetaldehyde,50.0,59.35489301128496,9.354893011284958
6,Acetaldehyde,50.0,50.397746436270495,0.397746436270495
6,Acetaldehyde,50.0,50.05038393176126,0.050383931761260214
6,Acetaldehyde,50.0,47.66407973680049,2.3359202631995117
6,Acetaldehyde,50.0,53.62907852012914,3.6290785201291413
6,Acetaldehyde,50.0,51.742555040698264,1.7425550406982637
6,Acetaldehyde,50.0,51.1888735461128,1.1888735461128022
6,Acetaldehyde,50.0,50.516203714124615,0.5162037141246145
6,Acetaldehyde,50.0,51.3772101264651,1.3772101264651013
6,Acetaldehyde,50.0,55.320221358944536,5.320221358944536
6,Acetaldehyde,50.0,50.11167643437908,0.1116764343790777
6,Acetaldehyde,50.0,54.352203243088525,4.352203243088525
6,Acetaldehyde,50.0,51.31634482496975,1.3163448249697467
6,Acetaldehyde,50.0,54.611279387903366,4.611279387903366
6,Acetaldehyde,50.0,53.62860322575858,3.6286032257585816
6,Acetaldehyde,50.0,51.02721968325784,1.0272196832578402
6,Acetaldehyde,50.0,50.90039955454333,0.900399554543327
6,Acetaldehyde,50.0,50.46338142959226,0.4633814295922605
6,Acetaldehyde,50.0,54.55615473932255,4.556154739322551
6,Acetaldehyde,50.0,50.711576858234,0.7115768582339967
6,Acetaldehyde,50.0,50.42121510937396,0.42121510937396067
6,Acetaldehyde,50.0,50.59224061590959,0.5922406159095885
6,Acetaldehyde,50.0,52.75240549340636,2.752405493406357
6,Acetaldehyde,50.0,49.66027402116795,0.3397259788320497
6,Acetaldehyde,50.0,50.08342527595737,0.08342527595736726
6,Acetaldehyde,50.0,50.7430711056318,0.7430711056317989
6,Acetaldehyde,50.0,51.535499732808674,1.535499732808674
6,Acetaldehyde,50.0,52.815464863225,2.815464863225003
6,Acetaldehyde,50.0,53.47815197726159,3.4781519772615894
6,Acetaldehyde,50.0,53.355460003352434,3.3554600033524338
6,Acetaldehyde,50.0,50.08288747294223,0.08288747294223242
6,Acetaldehyde,50.0,51.43066333293781,1.4306633329378116
6,Acetaldehyde,50.0,48.59994034263596,1.4000596573640394
6,Acetaldehyde,50.0,51.465176429960195,1.465176429960195
6,Acetaldehyde,50.0,49.278046688036085,0.7219533119639152
6,Acetaldehyde,50.0,51.403235010927816,1.4032350109278156
6,Acetaldehyde,50.0,49.675438238354346,0.3245617616456542
6,Acetaldehyde,50.0,49.57461543225193,0.4253845677480683
6,Acetaldehyde,50.0,52.85199804479234,2.8519980447923388
6,Acetaldehyde,50.0,49.471626894135966,0.5283731058640342
6,Acetaldehyde,50.0,48.78655108003102,1.2134489199689824
6,Acetaldehyde,50.0,50.461899248218145,0.46189924821814543
6,Acetaldehyde,50.0,47.50456524684104,2.4954347531589605
6,Acetaldehyde,50.0,51.08945174842599,1.0894517484259865
6,Acetaldehyde,50.0,50.1605996152274,0.1605996152273974
6,Acetaldehyde,50.0,51.26546860742995,1.265468607429952
6,Acetaldehyde,50.0,49.65254172678432,0.347458273215679
6,Acetaldehyde,50.0,48.403532535597165,1.596467464402835
6,Acetaldehyde,50.0,48.612114390689726,1.387885609310274
6,Acetaldehyde,50.0,46.20607736738863,3.7939226326113697
6,Acetaldehyde,50.0,48.25670778973621,1.7432922102637889
6,Acetaldehyde,50.0,49.91581453306945,0.08418546693054907
6,Acetaldehyde,50.0,48.371220101128756,1.6287798988712439
6,Acetaldehyde,50.0,49.00870606819909,0.9912939318009109
6,Acetaldehyde,50.0,47.44912098968642,2.5508790103135794
6,Acetaldehyde,50.0,46.929160278350935,3.0708397216490653
6,Acetaldehyde,50.0,45.60476204811438,4.395237951885619
6,Acetaldehyde,50.0,48.85927740727644,1.140722592723563
6,Acetaldehyde,50.0,46.833257710192655,3.1667422898073454
6,Acetaldehyde,50.0,47.325721607929154,2.674278392070846
6,Acetaldehyde,50.0,46.997384799027685,3.002615200972315
6,Acetaldehyde,50.0,48.035384911219964,1.964615088780036
6,Acetaldehyde,50.0,48.571288608750706,1.4287113912492941
6,Acetaldehyde,50.0,47.428042132000456,2.5719578679995436
6,Acetaldehyde,50.0,46.35011961768177,3.64988038231823
6,Acetaldehyde,50.0,49.23313589985469,0.7668641001453125
6,Acetaldehyde,50.0,47.319563245147634,2.6804367548523658
6,Acetaldehyde,50.0,47.02324362919967,2.976756370800331
6,Acetaldehyde,50.0,47.35901736931184,2.640982630688157
6,Acetaldehyde,50.0,48.79553605906004,1.2044639409399593
6,Acetaldehyde,50.0,47.95238327483956,2.047616725160438
6,Acetaldehyde,50.0,46.13847655786188,3.8615234421381217
6,Acetaldehyde,50.0,46.9275188455872,3.072481154412799
6,Acetaldehyde,50.0,48.447783130613146,1.5522168693868537
6,Acetaldehyde,50.0,48.043082743637385,1.9569172563626154
6,Acetaldehyde,50.0,48.61265501410803,1.3873449858919713
6,Acetaldehyde,50.0,48.55758608743899,1.4424139125610083
6,Acetaldehyde,50.0,48.65187292360747,1.3481270763925295
6,Acetaldehyde,50.0,48.80533014839777,1.194669851602228
6,Acetaldehyde,50.0,47.00892043885625,2.9910795611437493
6,Acetaldehyde,50.0,49.12580100193789,0.8741989980621128
6,Acetaldehyde,50.0,47.58220797304109,2.4177920269589066
6,Acetaldehyde,50.0,59.81030803845175,9.810308038451751
6,Acetaldehyde,50.0,46.24317444833852,3.7568255516614784
6,Acetaldehyde,50.0,41.830428420784216,8.169571579215784
6,Acetaldehyde,50.0,42.83009105248543,7.169908947514571
6,Acetaldehyde,50.0,66.07133854725839,16.071338547258392
6,Acetaldehyde,50.0,37.88621488288405,12.113785117115953
6,Acetaldehyde,50.0,40.868361959190906,9.131638040809094
6,Acetaldehyde,50.0,43.872427106752724,6.127572893247276
6,Acetaldehyde,50.0,39.48632856919514,10.513671430804862
6,Acetaldehyde,50.0,42.72255886205659,7.277441137943413
6,Acetaldehyde,50.0,39.19810173330424,10.801898266695758
6,Acetaldehyde,50.0,41.069194017370734,8.930805982629266
6,Acetaldehyde,50.0,42.418805195355986,7.581194804644014
6,Acetaldehyde,50.0,44.82832706624092,5.171672933759083
6,Acetaldehyde,50.0,41.83908221232102,8.160917787678983
6,Acetaldehyde,50.0,44.886302128326065,5.113697871673935
6,Acetaldehyde,50.0,42.801359702187625,7.198640297812375
6,Acetaldehyde,50.0,41.47593092535007,8.52406907464993
6,Acetaldehyde,50.0,42.10613911227239,7.893860887727612
6,Acetaldehyde,50.0,39.479611727535854,10.520388272464146
6,Acetaldehyde,50.0,39.69122084302222,10.308779156977778
6,Acetaldehyde,50.0,40.22260325343646,9.77739674656354
6,Acetaldehyde,100.0,157.56191386777658,57.56191386777658
6,Acetaldehyde,10.0,58.15648196748212,48.15648196748212
6,Acetaldehyde,100.0,141.4628895934611,41.462889593461114
6,Acetaldehyde,10.0,57.798747428102004,47.798747428102004
6,Acetaldehyde,100.0,144.14051503526537,44.140515035265366
6,Acetaldehyde,10.0,56.99504272133585,46.99504272133585
6,Acetaldehyde,100.0,144.5871587563998,44.58715875639979
6,Acetaldehyde,10.0,57.24716232178609,47.24716232178609
6,Acetaldehyde,100.0,139.27931585224914,39.27931585224914
6,Acetaldehyde,10.0,58.26300068054424,48.26300068054424
6,Acetaldehyde,100.0,135.4961026200067,35.496102620006695
6,Acetaldehyde,10.0,58.44373805344608,48.44373805344608
6,Acetaldehyde,100.0,133.89927194669792,33.89927194669792
6,Acetaldehyde,10.0,57.41128406101964,47.41128406101964
6,Acetaldehyde,100.0,133.11632717556506,33.11632717556506
6,Acetaldehyde,10.0,57.966238903842836,47.966238903842836
6,Acetaldehyde,100.0,128.28353631075632,28.28353631075632
6,Acetaldehyde,10.0,57.18159798178554,47.18159798178554
6,Acetaldehyde,100.0,123.57866160058913,23.57866160058913
6,Acetaldehyde,10.0,58.89407820054447,48.89407820054447
6,Acetaldehyde,100.0,122.75237909433159,22.752379094331587
6,Acetaldehyde,10.0,57.5686500626084,47.5686500626084
6,Acetaldehyde,100.0,121.85352363185817,21.853523631858167
6,Acetaldehyde,10.0,57.30991503598911,47.30991503598911
6,Acetaldehyde,100.0,126.68212346716697,26.682123467166974
6,Acetaldehyde,10.0,58.5400644165866,48.5400644165866
6,Acetaldehyde,100.0,137.69162398490792,37.69162398490792
6,Acetaldehyde,10.0,57.03010293246197,47.03010293246197
6,Acetaldehyde,100.0,138.76218894382782,38.76218894382782
6,Acetaldehyde,10.0,57.86283456156909,47.86283456156909
6,Acetaldehyde,100.0,143.39222498975957,43.39222498975957
6,Acetaldehyde,10.0,58.05053319082158,48.05053319082158
6,Acetaldehyde,100.0,141.6306155620699,41.63061556206989
6,Acetaldehyde,10.0,59.489212392791984,49.489212392791984
6,Acetaldehyde,100.0,140.77609808307392,40.77609808307392
6,Acetaldehyde,10.0,58.13452850967961,48.13452850967961
6,Acetaldehyde,100.0,141.84210783408236,41.842107834082356
6,Acetaldehyde,10.0,57.51888824167571,47.51888824167571
6,Acetaldehyde,100.0,136.63815539928706,36.63815539928706
6,Acetaldehyde,10.0,56.49216758341343,46.49216758341343
6,Acetaldehyde,100.0,134.196216461049,34.196216461049005
6,Acetaldehyde,10.0,58.57812195249127,48.57812195249127
6,Acetaldehyde,100.0,131.73922215505186,31.739222155051863
6,Acetaldehyde,10.0,58.39400214007847,48.39400214007847
6,Acetaldehyde,100.0,133.28401928813935,33.28401928813935
6,Acetaldehyde,10.0,56.98277653937373,46.98277653937373
6,Acetaldehyde,100.0,131.70619239739224,31.706192397392243
6,Acetaldehyde,10.0,55.84059230124571,45.84059230124571
6,Acetaldehyde,100.0,128.2907944264528,28.290794426452806
6,Acetaldehyde,10.0,55.39029963956142,45.39029963956142
6,Acetaldehyde,100.0,125.371996675015,25.371996675014998
6,Acetaldehyde,10.0,57.84747766285206,47.84747766285206
6,Acetaldehyde,100.0,130.48352223206078,30.48352223206078
6,Acetaldehyde,10.0,58.22423700727826,48.22423700727826
6,Acetaldehyde,100.0,123.33081285112704,23.330812851127035
6,Acetaldehyde,10.0,58.249437342750014,48.249437342750014
6,Acetaldehyde,100.0,128.4422891446152,28.442289144615188
6,Acetaldehyde,10.0,57.887575896347414,47.887575896347414
6,Acetaldehyde,100.0,119.39900079910277,19.399000799102765
6,Acetaldehyde,10.0,58.596161895114534,48.596161895114534
6,Acetaldehyde,100.0,116.66135630131959,16.661356301319586
6,Acetaldehyde,10.0,57.82268441535301,47.82268441535301
6,Acetaldehyde,100.0,113.57396439900731,13.573964399007309
6,Acetaldehyde,10.0,58.44246211125137,48.44246211125137
6,Acetaldehyde,100.0,115.09480848549737,15.094808485497367
6,Acetaldehyde,10.0,59.405620535850645,49.405620535850645
6,Acetaldehyde,100.0,112.59225789973593,12.592257899735927
6,Acetaldehyde,10.0,58.44511410779309,48.44511410779309
6,Acetaldehyde,100.0,112.62543690893092,12.625436908930922
6,Acetaldehyde,10.0,57.89588721495886,47.89588721495886
6,Acetaldehyde,100.0,119.06136342220663,19.061363422206625
6,Acetaldehyde,10.0,56.779816174563635,46.779816174563635
6,Acetaldehyde,100.0,116.61981661901574,16.619816619015737
6,Acetaldehyde,10.0,54.11965679851495,44.11965679851495
6,Acetaldehyde,100.0,116.61601770194014,16.616017701940137
6,Acetaldehyde,10.0,56.07178574334216,46.07178574334216
6,Acetaldehyde,100.0,110.98552760452267,10.985527604522673
6,Acetaldehyde,10.0,59.19521394818568,49.19521394818568
6,Acetaldehyde,100.0,113.06669361662853,13.066693616628527
6,Acetaldehyde,10.0,58.46809614210906,48.46809614210906
6,Acetaldehyde,100.0,113.51907304033084,13.519073040330838
6,Acetaldehyde,10.0,59.46420930317204,49.46420930317204
6,Acetaldehyde,100.0,109.30174962844245,9.301749628442451
6,Acetaldehyde,10.0,59.529184043041425,49.529184043041425
6,Acetaldehyde,100.0,108.74669188724235,8.74669188724235
6,Acetaldehyde,10.0,58.379079196402444,48.379079196402444
6,Acetaldehyde,100.0,110.90888852600592,10.908888526005924
6,Acetaldehyde,10.0,58.09320623604114,48.09320623604114
6,Acetaldehyde,100.0,108.64583882673348,8.645838826733481
6,Acetaldehyde,10.0,58.44157679415805,48.44157679415805
6,Acetaldehyde,100.0,106.87230885030885,6.872308850308855
6,Acetaldehyde,10.0,58.69139153552611,48.69139153552611
6,Acetaldehyde,100.0,105.03035230961366,5.0303523096136615
6,Acetaldehyde,10.0,57.120511440090254,47.120511440090254
6,Acetaldehyde,100.0,103.86710137328885,3.867101373288847
6,Acetaldehyde,10.0,58.72061050684091,48.72061050684091
6,Acetaldehyde,100.0,104.0924214254363,4.092421425436299
6,Acetaldehyde,10.0,58.17475337895232,48.17475337895232
6,Acetaldehyde,100.0,103.0065340402738,3.006534040273806
6,Acetaldehyde,10.0,58.333212618337754,48.333212618337754
6,Ammonia,50.0,51.909236723801556,1.9092367238015555
6,Ammonia,75.0,52.16557435033589,22.834425649664112
6,Ammonia,150.0,120.30914340433098,29.69085659566902
6,Ammonia,250.0,200.92154823230064,49.07845176769936
6,Ammonia,225.0,194.31085096503668,30.68914903496332
6,Ammonia,200.0,169.38572112690966,30.614278873090342
6,Ammonia,175.0,159.46545543434576,15.534544565654244
6,Ammonia,100.0,73.36461929008138,26.63538070991862
6,Ammonia,125.0,109.53103524614346,15.46896475385654
6,Ammonia,225.0,189.29978680067617,35.70021319932383
6,Ammonia,200.0,173.09860418108667,26.90139581891333
6,Ammonia,175.0,161.99265234236276,13.00734765763724
6,Ammonia,100.0,77.21944472305815,22.780555276941854
6,Ammonia,125.0,115.46260995529406,9.537390044705944
6,Ammonia,50.0,47.94357569763703,2.05642430236297
6,Ammonia,75.0,51.726581478569386,23.273418521430614
6,Ammonia,150.0,133.5126731159056,16.487326884094387
6,Ammonia,250.0,220.09134978687243,29.908650213127572
6,Ammonia,50.0,48.563720413817364,1.4362795861826356
6,Ammonia,75.0,52.41558214845878,22.584417851541218
6,Ammonia,150.0,135.64232116045002,14.357678839549976
6,Ammonia,250.0,222.91273340713786,27.087266592862136
6,Ammonia,225.0,206.93095223737774,18.06904776262226
6,Ammonia,200.0,176.5938681475659,23.4061318524341
6,Ammonia,175.0,169.02521579355908,5.974784206440916
6,Ammonia,100.0,78.53217232607282,21.467827673927175
6,Ammonia,125.0,107.60431752700595,17.395682472994054
6,Ammonia,50.0,47.443333153456905,2.556666846543095
6,Ammonia,75.0,50.556749051359986,24.443250948640014
6,Ammonia,150.0,128.1876670407156,21.81233295928439
6,Ammonia,250.0,223.4035362335228,26.5964637664772
6,Ammonia,225.0,204.6942905096978,20.305709490302206
6,Ammonia,200.0,170.1403070969839,29.85969290301611
6,Ammonia,175.0,161.01917213802386,13.980827861976138
6,Ammonia,100.0,71.42618595259329,28.573814047406714
6,Ammonia,125.0,106.14433045199902,18.855669548000975
6,Ammonia,225.0,189.03065187424184,35.96934812575816
6,Ammonia,200.0,164.76277006103481,35.237229938965186
6,Ammonia,175.0,158.31379290960712,16.686207090392884
6,Ammonia,100.0,62.611986314089194,37.388013685910806
6,Ammonia,125.0,98.25741103385833,26.742588966141668
6,Ammonia,50.0,47.50748751365808,2.492512486341923
6,Ammonia,75.0,48.16409136543314,26.835908634566863
6,Ammonia,150.0,126.51922401311866,23.48077598688134
6,Ammonia,250.0,217.2918126922318,32.70818730776821
6,Ammonia,225.0,196.43083184939977,28.569168150600234
6,Ammonia,200.0,170.3585796717251,29.641420328274904
6,Ammonia,175.0,160.29359060035682,14.706409399643178
6,Ammonia,100.0,68.94441369429705,31.055586305702946
6,Ammonia,125.0,106.0592410120965,18.940758987903493
6,Ammonia,50.0,49.66396814297232,0.33603185702767746
6,Ammonia,75.0,51.84678330807989,23.153216691920107
6,Ammonia,150.0,130.9608515255063,19.039148474493686
6,Ammonia,250.0,227.35899909471493,22.64100090528507
6,Ammonia,250.0,258.399207699321,8.399207699320982
6,Ammonia,250.0,153.39579856794916,96.60420143205084
6,Ammonia,250.0,100.86806395874689,149.1319360412531
6,Ammonia,50.0,51.43701483130586,1.4370148313058593
6,Ammonia,50.0,45.432460036135964,4.567539963864036
6,Ammonia,50.0,46.88705593003904,3.1129440699609603
6,Ammonia,50.0,44.6764887633921,5.323511236607899
6,Ammonia,50.0,43.87642591035393,6.12357408964607
6,Ammonia,50.0,44.11162754829185,5.88837245170815
6,Ammonia,50.0,43.908196211051035,6.091803788948965
6,Ammonia,50.0,44.40985276602332,5.59014723397668
6,Ammonia,50.0,43.611739370180146,6.388260629819854
6,Ammonia,50.0,43.63927629748453,6.360723702515472
6,Ammonia,50.0,43.554758155849356,6.445241844150644
6,Ammonia,50.0,43.68726661465048,6.312733385349517
6,Ammonia,50.0,45.155922135398555,4.844077864601445
6,Ammonia,50.0,43.64455816818388,6.3554418318161225
6,Ammonia,50.0,45.243631589594315,4.756368410405685
6,Ammonia,50.0,46.12078778787725,3.879212212122752
6,Ammonia,50.0,44.305826482026404,5.694173517973596
6,Ammonia,50.0,43.63693966087004,6.363060339129959
6,Ammonia,50.0,43.616849879450996,6.383150120549004
6,Ammonia,50.0,44.31405209297496,5.685947907025039
6,Ammonia,50.0,44.23256232487714,5.7674376751228635
6,Ammonia,50.0,43.99496187551594,6.005038124484059
6,Ammonia,50.0,43.41105091614088,6.58894908385912
6,Ammonia,50.0,44.676716698961314,5.3232833010386855
6,Ammonia,50.0,41.871523675921395,8.128476324078605
6,Ammonia,50.0,43.78101341736641,6.21898658263359
6,Ammonia,50.0,44.30463012344745,5.695369876552547
6,Ammonia,50.0,44.86590941294959,5.134090587050409
6,Ammonia,50.0,44.406905870695354,5.593094129304646
6,Ammonia,50.0,44.96387026644176,5.036129733558241
6,Ammonia,50.0,42.45593813746703,7.5440618625329705
6,Ammonia,50.0,40.8122694104587,9.187730589541303
6,Ammonia,50.0,43.457761711904936,6.542238288095064
6,Ammonia,50.0,43.88340955242316,6.11659044757684
6,Ammonia,50.0,45.49926819528311,4.500731804716892
6,Ammonia,50.0,43.727385080984604,6.272614919015396
6,Ammonia,50.0,44.172785039530794,5.827214960469206
6,Ammonia,50.0,41.819966369364664,8.180033630635336
6,Ammonia,50.0,44.76317336832862,5.236826631671377
6,Ammonia,50.0,44.21758785711657,5.78241214288343
6,Ammonia,50.0,43.31735356227007,6.682646437729929
6,Ammonia,50.0,42.570421257383785,7.429578742616215
6,Ammonia,50.0,41.2155693038427,8.784430696157301
6,Ammonia,50.0,44.045273678487064,5.954726321512936
6,Ammonia,50.0,44.2063332614119,5.793666738588101
6,Ammonia,50.0,43.22435507121082,6.775644928789177
6,Ammonia,50.0,42.52243702399713,7.477562976002872
6,Ammonia,50.0,42.28779106504487,7.712208934955129
6,Ammonia,50.0,42.56415503010152,7.435844969898483
6,Ammonia,50.0,43.800629015910886,6.199370984089114
6,Ammonia,50.0,43.02215803158698,6.977841968413017
6,Ammonia,50.0,43.43526385515682,6.564736144843181
6,Ammonia,50.0,44.11845782113507,5.881542178864933
6,Ammonia,50.0,44.89354757403635,5.106452425963653
6,Ammonia,50.0,44.95097088970434,5.049029110295663
6,Ammonia,50.0,42.036140817673015,7.963859182326985
6,Ammonia,50.0,43.54033403104998,6.45966596895002
6,Ammonia,50.0,44.66832963867486,5.331670361325138
6,Ammonia,50.0,44.78004722046164,5.21995277953836
6,Ammonia,50.0,46.3843441031824,3.6156558968176
6,Ammonia,50.0,44.80725311196167,5.192746888038329
6,Ammonia,50.0,45.064432178118054,4.935567821881946
6,Ammonia,50.0,44.81088024005318,5.18911975994682
6,Ammonia,50.0,45.12457987557623,4.875420124423769
6,Ammonia,50.0,45.52240398287978,4.47759601712022
6,Ammonia,50.0,44.99051770636132,5.009482293638683
6,Ammonia,50.0,43.62403018587885,6.375969814121149
6,Ammonia,50.0,45.626948043340775,4.373051956659225
6,Ammonia,50.0,44.82826211387153,5.171737886128469
6,Ammonia,50.0,43.746414736535954,6.253585263464046
6,Ammonia,50.0,45.09195272244533,4.908047277554672
6,Ammonia,50.0,44.61558174833152,5.384418251668478
6,Ammonia,50.0,44.880161642182344,5.119838357817656
6,Ammonia,50.0,43.37088736555354,6.629112634446457
6,Ammonia,50.0,46.525463782960756,3.474536217039244
6,Ammonia,50.0,45.00635104161783,4.993648958382167
6,Ammonia,50.0,44.93407043924397,5.065929560756032
6,Ammonia,50.0,44.74808051899102,5.251919481008983
6,Ammonia,50.0,44.66921688987908,5.330783110120919
6,Ammonia,50.0,44.569531209562996,5.430468790437004
6,Ammonia,50.0,44.15743554180882,5.842564458191177
6,Ammonia,50.0,47.70192470126298,2.298075298737018
6,Ammonia,50.0,44.59470236148432,5.405297638515677
6,Ammonia,50.0,45.17585818339555,4.8241418166044525
6,Ammonia,50.0,43.927361700636155,6.072638299363845
6,Ammonia,50.0,45.757438583010696,4.242561416989304
6,Ammonia,50.0,45.5767651775364,4.4232348224635984
6,Ammonia,50.0,46.23330261437836,3.76669738562164
6,Ammonia,50.0,44.566708938251296,5.4332910617487045
6,Ammonia,50.0,43.960845487173486,6.039154512826514
6,Ammonia,50.0,45.65345957061248,4.346540429387517
6,Ammonia,50.0,44.06761618553965,5.932383814460351
6,Ammonia,50.0,43.41318750277726,6.586812497222738
6,Ammonia,50.0,44.654861103702586,5.345138896297414
6,Ammonia,50.0,45.19212527097004,4.807874729029962
6,Ammonia,50.0,43.61796519950674,6.382034800493258
6,Ammonia,50.0,45.38856467485158,4.61143532514842
6,Ammonia,50.0,43.19942424657934,6.8005757534206595
6,Ammonia,50.0,45.62465951931283,4.375340480687171
6,Ammonia,50.0,45.83233117133689,4.1676688286631105
6,Ammonia,250.0,184.1316776069119,65.8683223930881
6,Ammonia,250.0,177.77900825376452,72.22099174623548
6,Ammonia,250.0,174.68613565666882,75.31386434333118
6,Ammonia,50.0,39.80312093155834,10.19687906844166
6,Ammonia,50.0,40.76987052858914,9.230129471410862
6,Ammonia,50.0,42.365465136987694,7.6345348630123056
6,Ammonia,50.0,40.318716188459206,9.681283811540794
6,Ammonia,50.0,41.40394741946119,8.59605258053881
6,Ammonia,50.0,39.8871328383855,10.112867161614503
6,Ammonia,50.0,39.32973047820363,10.67026952179637
6,Ammonia,50.0,40.71259973405691,9.287400265943091
6,Ammonia,50.0,41.1747895598605,8.8252104401395
6,Ammonia,50.0,42.15829278884584,7.841707211154159
6,Ammonia,50.0,39.57135734996052,10.428642650039478
6,Ammonia,50.0,43.25643503027685,6.743564969723153
6,Ammonia,50.0,39.44274485118149,10.557255148818513
6,Ammonia,50.0,40.41356260372129,9.586437396278711
6,Ammonia,50.0,41.649984299388734,8.350015700611266
6,Ammonia,50.0,42.35907771467808,7.6409222853219205
6,Ammonia,50.0,41.64443308902841,8.35556691097159
6,Ammonia,50.0,43.28519634989462,6.714803650105381
6,Ammonia,50.0,42.338874370244355,7.661125629755645
6,Ammonia,50.0,42.11953887268572,7.880461127314277
6,Ammonia,50.0,41.90693396998091,8.093066030019088
6,Ammonia,50.0,42.810040565130166,7.189959434869834
6,Ammonia,50.0,39.98592222302153,10.014077776978468
6,Ammonia,50.0,41.86001390110934,8.13998609889066
6,Ammonia,50.0,40.729375295183445,9.270624704816555
6,Ammonia,50.0,40.99637263613687,9.003627363863131
6,Ammonia,50.0,41.6242047875227,8.3757952124773
6,Ammonia,50.0,42.043859490202976,7.956140509797024
6,Ammonia,50.0,40.0273409537979,9.972659046202097
6,Ammonia,50.0,41.34188353521134,8.658116464788662
6,Ammonia,50.0,39.27651181284898,10.72348818715102
6,Ammonia,50.0,40.484509505548345,9.515490494451655
6,Ammonia,50.0,41.258156510940665,8.741843489059335
6,Ammonia,50.0,42.61738161573825,7.382618384261747
6,Ammonia,50.0,41.26579214565561,8.73420785434439
6,Ammonia,50.0,42.21829675733491,7.781703242665088
6,Ammonia,50.0,39.42204420442329,10.577955795576713
6,Ammonia,50.0,42.006699402252224,7.993300597747776
6,Ammonia,50.0,39.85687189826058,10.143128101739421
6,Ammonia,50.0,40.4601495403364,9.539850459663597
6,Ammonia,50.0,40.1561195332234,9.843880466776596
6,Ammonia,50.0,39.78428499518023,10.21571500481977
6,Ammonia,50.0,41.42009205291018,8.579907947089822
6,Ammonia,50.0,41.72410199624812,8.275898003751877
6,Ammonia,50.0,42.32747028719271,7.67252971280729
6,Ammonia,50.0,43.64767249861502,6.352327501384977
6,Ammonia,50.0,42.54802107188607,7.451978928113931
6,Ammonia,50.0,44.04229744691803,5.9577025530819725
6,Ammonia,50.0,43.72044510444091,6.279554895559087
6,Ammonia,50.0,42.34249986481922,7.657500135180783
6,Ammonia,50.0,42.511131893236836,7.488868106763164
6,Ammonia,50.0,46.550027746232445,3.4499722537675552
6,Ammonia,50.0,46.43380777418621,3.5661922258137935
6,Ammonia,50.0,44.41533677759543,5.584663222404572
6,Ammonia,50.0,45.154150097539045,4.845849902460955
6,Ammonia,50.0,43.490929337333014,6.509070662666986
6,Ammonia,50.0,43.63338368643187,6.36661631356813
6,Ammonia,50.0,44.88875068890434,5.111249311095662
6,Ammonia,50.0,42.08748858298449,7.912511417015509
6,Ammonia,50.0,40.24234029615678,9.757659703843217
6,Ammonia,50.0,40.836669092955276,9.163330907044724
6,Ammonia,50.0,41.743857692385774,8.256142307614226
6,Ammonia,50.0,40.93576462955724,9.06423537044276
6,Ammonia,50.0,41.10078296079618,8.899217039203819
6,Ammonia,50.0,43.11514193129766,6.884858068702343
6,Ammonia,50.0,42.707103723481225,7.292896276518775
6,Ammonia,50.0,41.73640275310126,8.26359724689874
6,Ammonia,50.0,44.198221715613,5.801778284386998
6,Ammonia,50.0,42.98150634283918,7.018493657160818
6,Ammonia,50.0,42.5356466034759,7.464353396524103
6,Ammonia,50.0,42.54131478220009,7.458685217799911
6,Ammonia,50.0,41.6980134498765,8.301986550123502
6,Ammonia,50.0,42.013492849562624,7.986507150437376
6,Ammonia,50.0,41.89471953401295,8.10528046598705
6,Ammonia,50.0,43.37694439955378,6.6230556004462215
6,Ammonia,50.0,43.68513468734406,6.3148653126559395
6,Ammonia,50.0,43.19925611288447,6.80074388711553
6,Ammonia,50.0,44.61679212538196,5.383207874618037
6,Ammonia,50.0,44.8291735675416,5.170826432458398
6,Ammonia,50.0,46.54183451003483,3.458165489965168
6,Ammonia,50.0,45.334736956501985,4.665263043498015
6,Ammonia,50.0,45.86610189281727,4.1338981071827305
6,Ammonia,50.0,44.92175984442446,5.078240155575543
6,Ammonia,50.0,45.27759370589639,4.722406294103607
6,Ammonia,50.0,45.78634062148842,4.213659378511579
6,Ammonia,50.0,43.77066995215942,6.229330047840577
6,Ammonia,50.0,43.73484577403515,6.265154225964849
6,Ammonia,50.0,45.11428735312806,4.885712646871937
6,Ammonia,50.0,44.540864600207655,5.459135399792345
6,Ammonia,50.0,42.884385579395385,7.115614420604615
6,Ammonia,50.0,45.31837178476995,4.681628215230049
6,Ammonia,50.0,42.50761827761605,7.4923817223839535
6,Ammonia,50.0,41.22304117102445,8.776958828975552
6,Ammonia,50.0,43.940363373462574,6.059636626537426
6,Ammonia,50.0,43.45346916762905,6.546530832370948
6,Ammonia,50.0,42.3798988700149,7.620101129985102
6,Ammonia,50.0,43.98887687575038,6.011123124249622
6,Ammonia,50.0,42.926324272411776,7.073675727588224
6,Ammonia,50.0,43.21355103096208,6.78644896903792
6,Ammonia,50.0,42.3678035700471,7.632196429952899
6,Ammonia,250.0,48.85043696089504,201.14956303910498
6,Ammonia,250.0,53.33156056274231,196.6684394372577
6,Ammonia,250.0,52.39453626322444,197.60546373677556
6,Ammonia,250.0,51.75125587868153,198.24874412131845
6,Ammonia,250.0,59.06473784341114,190.93526215658886
6,Ammonia,50.0,49.06562432352666,0.9343756764733371
6,Ammonia,50.0,47.39277814506134,2.6072218549386577
6,Ammonia,50.0,45.766376714723634,4.233623285276366
6,Ammonia,50.0,46.19580746476892,3.8041925352310813
6,Ammonia,50.0,46.94135516540007,3.0586448345999315
6,Ammonia,50.0,45.62694153352206,4.373058466477943
6,Ammonia,50.0,46.019945633536,3.980054366464003
6,Ammonia,50.0,46.55461214167708,3.445387858322917
6,Ammonia,50.0,46.90969535317849,3.090304646821508
6,Ammonia,50.0,45.31890813444993,4.681091865550073
6,Ammonia,50.0,47.14570569141556,2.8542943085844428
6,Ammonia,50.0,43.82663531579328,6.173364684206717
6,Ammonia,50.0,42.36705972969108,7.6329402703089215
6,Ammonia,50.0,43.34779826214783,6.652201737852167
6,Ammonia,50.0,42.4455211963253,7.554478803674698
6,Ammonia,50.0,44.18369292029577,5.816307079704231
6,Ammonia,50.0,41.89275958950128,8.107240410498719
6,Ammonia,50.0,41.428010613676946,8.571989386323054
6,Ammonia,50.0,41.976095049184664,8.023904950815336
6,Ammonia,50.0,42.501585192193204,7.498414807806796
6,Ammonia,50.0,41.81334514442611,8.186654855573892
6,Ammonia,50.0,42.29978956335586,7.7002104366441415
6,Ammonia,50.0,46.23735691641335,3.762643083586653
6,Ammonia,50.0,43.02801774100672,6.971982258993279
6,Ammonia,50.0,42.57136553266713,7.42863446733287
6,Ammonia,50.0,43.38398560157168,6.6160143984283195
6,Ammonia,50.0,43.470839900943176,6.529160099056824
6,Ammonia,50.0,42.702818465740606,7.297181534259394
6,Ammonia,50.0,42.544996759722835,7.455003240277165
6,Ammonia,50.0,45.36945783176161,4.630542168238392
6,Ammonia,50.0,45.88585322335905,4.1141467766409505
6,Ammonia,50.0,41.681068725876514,8.318931274123486
6,Ammonia,50.0,43.499161727440196,6.500838272559804
6,Ammonia,50.0,44.20659982436682,5.793400175633181
6,Ammonia,50.0,43.52501476933939,6.474985230660607
6,Ammonia,50.0,43.534296135622085,6.465703864377915
6,Ammonia,50.0,43.84793441565658,6.152065584343418
6,Ammonia,50.0,43.41745489655848,6.582545103441518
6,Ammonia,50.0,43.30489316337102,6.69510683662898
6,Ammonia,50.0,43.45642283545324,6.543577164546761
6,Ammonia,50.0,42.24093934767103,7.759060652328969
6,Ammonia,50.0,41.72506880598914,8.274931194010861
6,Ammonia,50.0,41.90006836394889,8.09993163605111
6,Ammonia,50.0,43.385586169544084,6.614413830455916
6,Ammonia,50.0,44.02803941564419,5.971960584355813
6,Ammonia,50.0,43.37705110841449,6.622948891585509
6,Ammonia,50.0,44.51162674445935,5.488373255540651
6,Ammonia,50.0,42.4660880890377,7.533911910962303
6,Ammonia,50.0,42.102538262585654,7.897461737414346
6,Ammonia,50.0,42.95857327535634,7.041426724643657
6,Ammonia,50.0,42.184968117203766,7.815031882796234
6,Ammonia,50.0,47.610150060528795,2.3898499394712047
6,Ammonia,50.0,43.51537931438152,6.484620685618481
6,Ammonia,50.0,49.51536999854987,0.48463000145012813
6,Ammonia,50.0,44.24646718145304,5.753532818546958
6,Ammonia,50.0,45.12436328132054,4.875636718679459
6,Ammonia,50.0,45.206159691949196,4.793840308050804
6,Ammonia,50.0,41.949362613324524,8.050637386675476
6,Ammonia,50.0,43.23272369495031,6.767276305049691
6,Ammonia,50.0,44.28373665434188,5.71626334565812
6,Ammonia,50.0,42.83385139608592,7.166148603914081
6,Ammonia,50.0,44.758201380271785,5.241798619728215
6,Ammonia,50.0,42.61184901568669,7.388150984313313
6,Ammonia,50.0,42.23514166192197,7.764858338078028
6,Ammonia,50.0,43.11195791149726,6.888042088502743
6,Ammonia,50.0,45.11630335669686,4.883696643303139
6,Ammonia,50.0,43.05446291845145,6.945537081548551
6,Ammonia,50.0,45.4740978935874,4.525902106412602
6,Ammonia,50.0,43.68736433942183,6.312635660578167
6,Ammonia,50.0,44.32114877999996,5.678851220000041
6,Ammonia,50.0,39.782564485072896,10.217435514927104
6,Ammonia,50.0,45.712452429141564,4.287547570858436
6,Ammonia,50.0,45.52518740819848,4.474812591801523
6,Ammonia,50.0,44.6562468611927,5.343753138807301
6,Ammonia,50.0,44.63856303917932,5.361436960820683
6,Ammonia,50.0,45.052804490006,4.947195509994003
6,Ammonia,50.0,44.79753598252678,5.202464017473218
6,Ammonia,50.0,43.64904725608676,6.35095274391324
6,Ammonia,50.0,44.47083836783909,5.529161632160907
6,Ammonia,50.0,43.69294688096896,6.307053119031039
6,Ammonia,50.0,44.82225858061392,5.177741419386081
6,Ammonia,50.0,44.91967855643547,5.080321443564529
6,Ammonia,50.0,44.30315420488377,5.696845795116232
6,Ammonia,50.0,43.4996787202946,6.500321279705403
6,Ammonia,50.0,44.289775768004475,5.710224231995525
6,Ammonia,50.0,42.94224276276972,7.057757237230277
6,Ammonia,50.0,45.25441817414617,4.745581825853833
6,Ammonia,50.0,48.9504313272448,1.0495686727551998
6,Ammonia,50.0,41.78318195832642,8.216818041673577
6,Ammonia,50.0,45.30069796374853,4.699302036251467
6,Ammonia,50.0,42.15369670636156,7.846303293638442
6,Ammonia,50.0,44.80389423752767,5.196105762472328
6,Ammonia,50.0,44.338261520301174,5.661738479698826
6,Ammonia,50.0,41.343032204660545,8.656967795339455
6,Ammonia,50.0,43.75575113236377,6.24424886763623
6,Ammonia,50.0,43.60420430853131,6.395795691468692
6,Ammonia,50.0,40.595955895138644,9.404044104861356
6,Ammonia,50.0,45.714212780254414,4.285787219745586
6,Ammonia,50.0,42.804130110553004,7.195869889446996
6,Ammonia,50.0,43.82671030505415,6.173289694945851
6,Ammonia,50.0,42.2739855094043,7.726014490595702
6,Ammonia,250.0,182.23757749116558,67.76242250883442
6,Ammonia,150.0,97.89093410190321,52.10906589809679
6,Ammonia,250.0,184.62321073469224,65.37678926530776
6,Ammonia,150.0,106.69905565270435,43.300944347295655
6,Ammonia,250.0,185.78854373994014,64.21145626005986
6,Ammonia,150.0,110.6091714877501,39.3908285122499
6,Ammonia,250.0,188.19764301217043,61.80235698782957
6,Ammonia,150.0,114.40493697412754,35.59506302587246
6,Ammonia,250.0,182.0447309895434,67.95526901045659
6,Ammonia,150.0,97.308796807878,52.691203192122
6,Ammonia,250.0,174.53511918973285,75.46488081026715
6,Ammonia,150.0,88.03154058872298,61.968459411277024
6,Ammonia,250.0,162.14661865775963,87.85338134224037
6,Ammonia,150.0,87.80314050982575,62.19685949017425
6,Ammonia,250.0,172.68249601387953,77.31750398612047
6,Ammonia,150.0,103.34373087432154,46.65626912567846
6,Ammonia,250.0,178.56399560407758,71.43600439592242
6,Ammonia,150.0,115.83504464383824,34.164955356161755
6,Ammonia,250.0,187.51689274827763,62.48310725172237
6,Ammonia,150.0,133.55315313034694,16.446846869653058
6,Ammonia,250.0,201.2126816288528,48.787318371147194
6,Ammonia,150.0,147.60478213008608,2.395217869913921
6,Ammonia,250.0,218.42777569808393,31.572224301916066
6,Ammonia,150.0,135.4162271001376,14.583772899862396
6,Ammonia,250.0,222.08202679394057,27.91797320605943
6,Ammonia,150.0,135.11133031964704,14.888669680352962
6,Ammonia,250.0,219.2202917957855,30.7797082042145
6,Ammonia,150.0,133.10684378019857,16.893156219801426
6,Ammonia,250.0,215.61844563050852,34.38155436949148
6,Ammonia,150.0,127.84857245941402,22.151427540585985
6,Ammonia,250.0,215.98424518701546,34.01575481298454
6,Ammonia,150.0,127.57374671328563,22.42625328671437
6,Ammonia,250.0,190.5680892654086,59.43191073459141
6,Ammonia,150.0,111.37412815141505,38.62587184858495
6,Ammonia,250.0,183.59309812139975,66.40690187860025
6,Ammonia,150.0,111.98217589113116,38.01782410886884
6,Ammonia,250.0,189.8457528744569,60.154247125543094
6,Ammonia,150.0,113.54122196807715,36.45877803192285
6,Ammonia,250.0,184.7620533507689,65.2379466492311
6,Ammonia,150.0,113.27086476745163,36.72913523254837
6,Ammonia,250.0,184.38633663488122,65.61366336511878
6,Ammonia,150.0,107.39529489868531,42.60470510131469
6,Ammonia,250.0,188.93120148321768,61.06879851678232
6,Ammonia,150.0,107.15681324544451,42.84318675455549
6,Ammonia,250.0,191.8644169535323,58.1355830464677
6,Ammonia,150.0,117.90294744576187,32.09705255423813
6,Ammonia,250.0,189.65491243703627,60.34508756296373
6,Ammonia,150.0,114.10911313764845,35.89088686235155
6,Ammonia,250.0,190.547255376229,59.452744623771
6,Ammonia,150.0,113.85001370249174,36.14998629750826
6,Ammonia,250.0,189.64178778888154,60.358212211118456
6,Ammonia,150.0,123.83103607248843,26.16896392751157
6,Ammonia,250.0,193.96189150505666,56.038108494943344
6,Ammonia,150.0,115.58065894433656,34.41934105566344
6,Ammonia,250.0,196.70674162690213,53.29325837309787
6,Ammonia,150.0,122.74527827211519,27.254721727884814
6,Ammonia,250.0,199.86357805004016,50.13642194995984
6,Ammonia,150.0,118.77134725012246,31.22865274987754
6,Ammonia,250.0,196.779362143103,53.220637856897014
6,Ammonia,150.0,117.18521140377271,32.81478859622729
6,Ammonia,250.0,198.78913834485283,51.21086165514717
6,Ammonia,150.0,118.78292386307359,31.21707613692641
6,Ammonia,250.0,201.20762452690124,48.79237547309876
6,Ammonia,150.0,129.46288014385425,20.53711985614575
6,Ammonia,250.0,202.21619764919313,47.783802350806866
6,Ammonia,150.0,118.16844047164781,31.831559528352187
6,Ammonia,250.0,202.7947840371487,47.2052159628513
6,Ammonia,150.0,122.45328942265667,27.546710577343333
6,Ammonia,250.0,202.40047161904985,47.59952838095015
6,Ammonia,150.0,120.76895825837127,29.23104174162873
6,Ammonia,250.0,200.8638646093791,49.13613539062089
6,Ammonia,150.0,109.96102446158284,40.03897553841716
6,Ammonia,250.0,205.8347351236471,44.16526487635289
6,Ammonia,150.0,117.79507010792416,32.20492989207584
6,Ammonia,250.0,199.57257287894532,50.42742712105468
6,Ammonia,150.0,120.46660274974889,29.533397250251113
6,Ammonia,250.0,201.47597618202565,48.52402381797435
6,Ammonia,150.0,120.01084103165057,29.98915896834943
6,Ammonia,250.0,203.10371735170114,46.896282648298865
6,Ammonia,150.0,120.8673964451213,29.1326035548787
6,Ammonia,250.0,206.40290816100807,43.59709183899193
6,Ammonia,150.0,120.466089784701,29.533910215299002
6,Ammonia,250.0,203.26338644917865,46.736613550821346
6,Ammonia,150.0,121.99392435204177,28.006075647958227
6,Ammonia,250.0,202.2798645892755,47.72013541072451
6,Ammonia,150.0,121.52891948114501,28.47108051885499
6,Ammonia,250.0,204.69372948910058,45.306270510899424
6,Ammonia,150.0,123.68008042996156,26.319919570038437
6,Ammonia,250.0,202.33032817020344,47.669671829796556
6,Ammonia,150.0,120.85874205183507,29.141257948164935
6,Ammonia,250.0,203.3114053179982,46.68859468200179
6,Ammonia,150.0,124.82977754384649,25.17022245615351
6,Ammonia,250.0,207.7024521595339,42.29754784046611
6,Ammonia,150.0,120.63675236965555,29.363247630344446
6,Ammonia,250.0,207.09583410015446,42.90416589984554
6,Ammonia,150.0,122.08264203153982,27.91735796846018
6,Ammonia,250.0,205.3914440083286,44.60855599167141
6,Ammonia,150.0,123.27195062695134,26.728049373048663
6,Ammonia,250.0,208.35776147926563,41.64223852073437
6,Ammonia,150.0,125.50511496427546,24.494885035724536
6,Toluene,20.0,51.549854381798596,31.549854381798596
6,Toluene,30.0,55.495545985862265,25.495545985862265
6,Toluene,40.0,61.506319054509305,21.506319054509305
6,Toluene,50.0,70.16215615928473,20.162156159284734
6,Toluene,60.0,78.75598479171362,18.755984791713615
6,Toluene,70.0,88.651563284613,18.651563284613005
6,Toluene,80.0,102.71191657808076,22.71191657808076
6,Toluene,90.0,106.41051560897111,16.41051560897111
6,Toluene,100.0,119.31399084792102,19.31399084792102
6,Toluene,70.0,93.68344696377741,23.683446963777413
6,Toluene,80.0,94.61745188056472,14.617451880564715
6,Toluene,90.0,114.16155053249538,24.161550532495383
6,Toluene,100.0,119.6487174774976,19.6487174774976
6,Toluene,20.0,56.08397848494229,36.08397848494229
6,Toluene,30.0,53.813164917524944,23.813164917524944
6,Toluene,40.0,60.2898333277833,20.2898333277833
6,Toluene,50.0,68.89991859696352,18.899918596963516
6,Toluene,60.0,79.47922349843134,19.479223498431338
6,Toluene,20.0,50.834778975823696,30.834778975823696
6,Toluene,30.0,55.96963054319582,25.96963054319582
6,Toluene,40.0,54.9424990778151,14.9424990778151
6,Toluene,50.0,62.1767742684183,12.1767742684183
6,Toluene,60.0,67.60346559490819,7.603465594908187
6,Toluene,70.0,72.48812108887614,2.4881210888761416
6,Toluene,80.0,79.0785057312324,0.9214942687676029
6,Toluene,90.0,90.1949409716278,0.19494097162780122
6,Toluene,100.0,99.04975567384284,0.9502443261571614
6,Toluene,70.0,73.66828484637085,3.6682848463708524
6,Toluene,80.0,80.44326610459302,0.44326610459302174
6,Toluene,90.0,85.73035575527788,4.269644244722116
6,Toluene,100.0,90.657885364602,9.342114635398005
6,Toluene,20.0,51.04776634531636,31.04776634531636
6,Toluene,30.0,47.23801246600114,17.238012466001138
6,Toluene,40.0,54.181014715137195,14.181014715137195
6,Toluene,50.0,60.370745371172305,10.370745371172305
6,Toluene,60.0,68.82033316073542,8.820333160735416
6,Toluene,20.0,47.215981890636556,27.215981890636556
6,Toluene,30.0,44.43040885397129,14.430408853971286
6,Toluene,40.0,50.81412363236923,10.814123632369231
6,Toluene,50.0,57.69644909107585,7.6964490910758485
6,Toluene,60.0,65.26844442246255,5.268444422462551
6,Toluene,70.0,69.32179607049844,0.6782039295015636
6,Toluene,80.0,76.95607114017342,3.043928859826579
6,Toluene,90.0,83.07690134837131,6.923098651628692
6,Toluene,100.0,87.78528333654945,12.214716663450545
6,Toluene,70.0,69.74417253159392,0.25582746840608195
6,Toluene,80.0,77.52500161492269,2.4749983850773134
6,Toluene,90.0,80.91018196973187,9.089818030268134
6,Toluene,100.0,91.52496909651147,8.47503090348853
6,Toluene,20.0,48.653124506538504,28.653124506538504
6,Toluene,30.0,46.81693593412521,16.816935934125212
6,Toluene,40.0,51.6047646921604,11.604764692160401
6,Toluene,50.0,60.186674733692556,10.186674733692556
6,Toluene,60.0,63.78447308346051,3.7844730834605116
6,Toluene,50.0,42.901418535868615,7.098581464131385
6,Toluene,50.0,57.94058520056309,7.940585200563092
6,Toluene,50.0,60.07016175252872,10.070161752528719
6,Toluene,50.0,58.45740081583253,8.457400815832528
6,Toluene,50.0,57.47213598143101,7.472135981431009
6,Toluene,50.0,58.116634831688685,8.116634831688685
6,Toluene,50.0,59.06207073451168,9.062070734511678
6,Toluene,50.0,59.10247280552463,9.102472805524627
6,Toluene,50.0,58.122090036750265,8.122090036750265
6,Toluene,50.0,59.30945690842853,9.30945690842853
6,Toluene,50.0,58.802666072996246,8.802666072996246
6,Toluene,50.0,57.34527203709672,7.34527203709672
6,Toluene,50.0,60.01378957257562,10.013789572575618
6,Toluene,50.0,60.41726063330593,10.41726063330593
6,Toluene,50.0,59.171825026512295,9.171825026512295
6,Toluene,50.0,57.26133165747336,7.261331657473363
6,Toluene,50.0,58.929129277226295,8.929129277226295
6,Toluene,50.0,60.354718621093966,10.354718621093966
6,Toluene,50.0,58.65260018844684,8.65260018844684
6,Toluene,50.0,59.23897610570509,9.238976105705092
6,Toluene,50.0,59.869599214557354,9.869599214557354
6,Toluene,50.0,60.61270680000307,10.612706800003068
6,Toluene,50.0,59.58147340256548,9.581473402565479
6,Toluene,50.0,60.5072324577111,10.507232457711098
6,Toluene,50.0,60.058232353465186,10.058232353465186
6,Toluene,50.0,59.33652377061301,9.336523770613013
6,Toluene,50.0,59.500500307696,9.500500307696
6,Toluene,50.0,59.61357257450224,9.613572574502243
6,Toluene,50.0,60.05504260061993,10.055042600619927
6,Toluene,50.0,58.56716579215393,8.56716579215393
6,Toluene,50.0,59.56343656063123,9.563436560631231
6,Toluene,50.0,59.02227972938692,9.022279729386923
6,Toluene,50.0,58.99957869156741,8.999578691567407
6,Toluene,50.0,58.61390909096944,8.613909090969443
6,Toluene,50.0,59.94027293235993,9.940272932359932
6,Toluene,50.0,58.17106304464818,8.171063044648179
6,Toluene,50.0,58.90601408707322,8.906014087073217
6,Toluene,50.0,59.41730438908266,9.417304389082659
6,Toluene,50.0,57.35888544379584,7.358885443795842
6,Toluene,50.0,60.47359891287795,10.473598912877947
6,Toluene,50.0,59.337749319980006,9.337749319980006
6,Toluene,50.0,57.53457758539635,7.534577585396349
6,Toluene,50.0,59.083995898519916,9.083995898519916
6,Toluene,50.0,59.20377673461958,9.20377673461958
6,Toluene,50.0,57.64085579337933,7.64085579337933
6,Toluene,50.0,58.62792995793491,8.62792995793491
6,Toluene,50.0,59.18972086096713,9.189720860967128
6,Toluene,50.0,58.41209903469006,8.412099034690058
6,Toluene,50.0,59.666736438781356,9.666736438781356
6,Toluene,50.0,58.202604599743324,8.202604599743324
6,Toluene,50.0,58.74415144248319,8.744151442483187
6,Toluene,50.0,60.752129249730515,10.752129249730515
6,Toluene,50.0,58.38590706287137,8.385907062871368
6,Toluene,50.0,59.028263377125384,9.028263377125384
6,Toluene,50.0,58.127509487324176,8.127509487324176
6,Toluene,50.0,59.09818996693234,9.098189966932338
6,Toluene,50.0,59.02579511845981,9.025795118459811
6,Toluene,50.0,59.31987836721447,9.319878367214471
6,Toluene,50.0,58.82963625746255,8.829636257462553
6,Toluene,50.0,58.63462309511938,8.63462309511938
6,Toluene,50.0,59.47923898033832,9.479238980338323
6,Toluene,50.0,59.148733416153746,9.148733416153746
6,Toluene,50.0,57.53474355667507,7.534743556675068
6,Toluene,50.0,56.448531586328784,6.448531586328784
6,Toluene,50.0,57.72503834849576,7.725038348495758
6,Toluene,50.0,58.94824304215727,8.948243042157273
6,Toluene,50.0,56.173265342886324,6.1732653428863244
6,Toluene,50.0,59.05720252930665,9.05720252930665
6,Toluene,50.0,58.27035387205733,8.270353872057328
6,Toluene,50.0,58.30446337014824,8.304463370148241
6,Toluene,50.0,57.73539872495172,7.735398724951722
6,Toluene,50.0,58.42733486631498,8.427334866314979
6,Toluene,50.0,58.18779544725467,8.187795447254672
6,Toluene,50.0,59.33721811247899,9.337218112478993
6,Toluene,50.0,59.025408541240424,9.025408541240424
6,Toluene,50.0,57.69646335429405,7.696463354294053
6,Toluene,50.0,57.78600460355469,7.786004603554687
6,Toluene,50.0,57.72352884037399,7.723528840373987
6,Toluene,50.0,56.6809166378756,6.6809166378755975
6,Toluene,50.0,58.736825639338136,8.736825639338136
6,Toluene,50.0,57.34759104586372,7.347591045863723
6,Toluene,50.0,56.7250307444467,6.725030744446698
6,Toluene,50.0,55.115458718286845,5.115458718286845
6,Toluene,50.0,56.350774639460255,6.350774639460255
6,Toluene,50.0,57.2534196208797,7.253419620879697
6,Toluene,50.0,58.69546967426871,8.695469674268708
6,Toluene,50.0,59.81104890566277,9.811048905662773
6,Toluene,50.0,56.176131739015474,6.176131739015474
6,Toluene,50.0,58.32848945209696,8.32848945209696
6,Toluene,50.0,58.60444746448778,8.604447464487777
6,Toluene,50.0,56.51419480726173,6.514194807261731
6,Toluene,50.0,57.37006701004556,7.37006701004556
6,Toluene,50.0,57.91378601040664,7.913786010406639
6,Toluene,50.0,57.508500002316154,7.508500002316154
6,Toluene,50.0,58.72480953905624,8.724809539056238
6,Toluene,50.0,57.12558713260648,7.1255871326064835
6,Toluene,50.0,57.733983770374635,7.7339837703746355
6,Toluene,50.0,57.66961893674922,7.669618936749217
6,Toluene,50.0,56.419744565886845,6.419744565886845
6,Toluene,50.0,57.8583176645494,7.8583176645494035
6,Toluene,50.0,40.74481875696827,9.255181243031728
6,Toluene,50.0,56.25877286275285,6.258772862752849
6,Toluene,50.0,57.878314692109015,7.878314692109015
6,Toluene,50.0,60.40972955170302,10.409729551703023
6,Toluene,50.0,57.11862091489489,7.1186209148948905
6,Toluene,50.0,56.404594992413266,6.404594992413266
6,Toluene,50.0,59.5326725222515,9.532672522251502
6,Toluene,50.0,58.266728962336856,8.266728962336856
6,Toluene,50.0,59.11814134243238,9.11814134243238
6,Toluene,50.0,60.16223134633768,10.162231346337677
6,Toluene,50.0,58.01369652815491,8.01369652815491
6,Toluene,50.0,59.05796974704272,9.05796974704272
6,Toluene,50.0,58.38299518341374,8.38299518341374
6,Toluene,50.0,58.63563364903466,8.63563364903466
6,Toluene,50.0,57.928859985006426,7.928859985006426
6,Toluene,50.0,59.825511711730826,9.825511711730826
6,Toluene,50.0,60.5222537144537,10.522253714453697
6,Toluene,50.0,59.96880390472373,9.968803904723728
6,Toluene,50.0,60.481679082254445,10.481679082254445
6,Toluene,50.0,61.23489172963079,11.234891729630789
6,Toluene,50.0,60.516461275949254,10.516461275949254
6,Toluene,50.0,61.53074143149799,11.530741431497987
6,Toluene,50.0,62.042975084523704,12.042975084523704
6,Toluene,50.0,59.347042449509544,9.347042449509544
6,Toluene,50.0,62.510470591319915,12.510470591319915
6,Toluene,50.0,60.56800810237549,10.568008102375487
6,Toluene,50.0,60.437381648921175,10.437381648921175
6,Toluene,50.0,61.75264446185329,11.752644461853293
6,Toluene,50.0,64.33905600001351,14.339056000013514
6,Toluene,50.0,60.85473610036887,10.854736100368868
6,Toluene,50.0,60.80897392139252,10.808973921392521
6,Toluene,50.0,71.46305230060322,21.463052300603223
6,Toluene,50.0,61.5715558672145,11.5715558672145
6,Toluene,50.0,63.35940585827953,13.35940585827953
6,Toluene,50.0,59.26343802742774,9.263438027427739
6,Toluene,50.0,61.46756147991822,11.467561479918217
6,Toluene,50.0,61.204306965288254,11.204306965288254
6,Toluene,50.0,61.9627381537818,11.9627381537818
6,Toluene,50.0,61.97628539406401,11.976285394064007
6,Toluene,50.0,61.44581163525618,11.445811635256177
6,Toluene,50.0,60.77337220171252,10.773372201712519
6,Toluene,50.0,59.90212869268625,9.902128692686247
6,Toluene,50.0,61.461743795234966,11.461743795234966
6,Toluene,50.0,60.66633276436852,10.66633276436852
6,Toluene,50.0,59.436920287748364,9.436920287748364
6,Toluene,50.0,59.776216972442725,9.776216972442725
6,Toluene,50.0,62.49519709980477,12.49519709980477
6,Toluene,50.0,66.57695785492378,16.576957854923776
6,Toluene,50.0,65.70639971419662,15.706399714196621
6,Toluene,50.0,61.63959448359958,11.63959448359958
6,Toluene,50.0,57.8537793049842,7.853779304984201
6,Toluene,50.0,64.4681328035976,14.468132803597598
6,Toluene,50.0,61.08932009729354,11.089320097293538
6,Toluene,50.0,59.48751733312237,9.48751733312237
6,Toluene,50.0,59.88359895433156,9.88359895433156
6,Toluene,50.0,63.20578331800429,13.205783318004293
6,Toluene,50.0,60.03535395720979,10.035353957209793
6,Toluene,50.0,61.97053103790056,11.970531037900557
6,Toluene,50.0,62.04689712819447,12.046897128194473
6,Toluene,50.0,61.44197826559282,11.441978265592823
6,Toluene,50.0,60.84758401998674,10.84758401998674
6,Toluene,50.0,63.03583977976933,13.035839779769333
6,Toluene,50.0,62.930779764099995,12.930779764099995
6,Toluene,50.0,61.60556485630268,11.605564856302678
6,Toluene,50.0,61.81901427144513,11.819014271445127
6,Toluene,50.0,59.60733521054006,9.607335210540057
6,Toluene,50.0,61.11420593648137,11.114205936481369
6,Toluene,50.0,63.35614566635245,13.356145666352447
6,Toluene,50.0,62.411660567602354,12.411660567602354
6,Toluene,50.0,60.38060131981142,10.380601319811419
6,Toluene,50.0,60.42115243260028,10.42115243260028
6,Toluene,50.0,62.21808624186306,12.218086241863062
6,Toluene,50.0,61.10365927819805,11.103659278198052
6,Toluene,50.0,60.55410541324605,10.554105413246049
6,Toluene,50.0,61.59713230143923,11.597132301439231
6,Toluene,50.0,62.130264992689746,12.130264992689746
6,Toluene,50.0,58.964392074186605,8.964392074186605
6,Toluene,50.0,59.5655310313976,9.565531031397597
6,Toluene,50.0,58.42190014924401,8.42190014924401
6,Toluene,50.0,60.359879366396314,10.359879366396314
6,Toluene,50.0,59.907202656479726,9.907202656479726
6,Toluene,50.0,58.36424693093413,8.36424693093413
6,Toluene,50.0,60.78197921116822,10.78197921116822
6,Toluene,50.0,60.882435763682665,10.882435763682665
6,Toluene,50.0,61.78499687631802,11.784996876318019
6,Toluene,50.0,58.68911312850163,8.689113128501631
6,Toluene,50.0,59.60810717526806,9.60810717526806
6,Toluene,50.0,57.89350369852902,7.893503698529017
6,Toluene,50.0,59.541222487000056,9.541222487000056
6,Toluene,50.0,60.754068045795464,10.754068045795464
6,Toluene,50.0,59.996544281549134,9.996544281549134
6,Toluene,50.0,58.25181868404398,8.251818684043982
6,Toluene,50.0,57.61609376305772,7.6160937630577195
6,Toluene,50.0,58.10329564549383,8.10329564549383
6,Toluene,50.0,59.098711034011885,9.098711034011885
6,Toluene,50.0,57.9122133842115,7.912213384211498
6,Toluene,50.0,61.12443644958971,11.124436449589709
6,Toluene,50.0,58.76043820888765,8.76043820888765
6,Toluene,50.0,57.186648787491436,7.1866487874914355
6,Toluene,50.0,60.07573605175479,10.075736051754788
6,Toluene,50.0,148.5463935689858,98.54639356898579
6,Toluene,50.0,60.55587653770817,10.555876537708173
6,Toluene,50.0,60.41909066033604,10.419090660336039
6,Toluene,50.0,62.16458048049297,12.164580480492972
6,Toluene,50.0,63.56568853839599,13.565688538395989
6,Toluene,50.0,63.37944436329602,13.379444363296017
6,Toluene,50.0,61.5508414455326,11.550841445532598
6,Toluene,50.0,62.360180335853556,12.360180335853556
6,Toluene,50.0,57.58617052596857,7.586170525968569
6,Toluene,50.0,59.83241565208523,9.832415652085231
6,Toluene,50.0,60.27124618855986,10.271246188559857
6,Toluene,50.0,62.30490160444778,12.304901604447778
6,Toluene,50.0,63.34857342361698,13.348573423616983
6,Toluene,50.0,62.5336316978303,12.533631697830302
6,Toluene,50.0,81.1929680563964,31.192968056396396
6,Toluene,50.0,61.639715465613705,11.639715465613705
6,Toluene,50.0,63.08013493676357,13.08013493676357
6,Toluene,50.0,58.58014334418735,8.580143344187348
6,Toluene,50.0,60.79468339413435,10.794683394134353
6,Toluene,50.0,62.13373891238636,12.133738912386363
6,Toluene,50.0,59.3699215140159,9.3699215140159
6,Toluene,50.0,60.09304315542104,10.093043155421043
6,Toluene,50.0,63.4966996944523,13.496699694452303
6,Toluene,50.0,62.18529710580708,12.18529710580708
6,Toluene,50.0,60.917435701862416,10.917435701862416
6,Toluene,50.0,62.432779795333445,12.432779795333445
6,Toluene,50.0,62.10434357243484,12.104343572434843
6,Toluene,50.0,62.09150095844511,12.09150095844511
6,Toluene,50.0,63.269311254582746,13.269311254582746
6,Toluene,50.0,63.25987395422831,13.259873954228311
6,Toluene,50.0,60.88549658315371,10.88549658315371
6,Toluene,50.0,62.723875367338835,12.723875367338835
6,Toluene,50.0,63.47064608193561,13.470646081935612
6,Toluene,50.0,61.26744655916616,11.26744655916616
6,Toluene,50.0,58.51023166873895,8.510231668738953
6,Toluene,50.0,62.443163207195425,12.443163207195425
6,Toluene,50.0,59.85425409372374,9.854254093723739
6,Toluene,50.0,61.71521917713285,11.715219177132852
6,Toluene,50.0,61.564322572772284,11.564322572772284
6,Toluene,50.0,65.02731532235492,15.027315322354923
6,Toluene,50.0,62.68371812787235,12.683718127872353
6,Toluene,50.0,62.645399532973286,12.645399532973286
6,Toluene,50.0,62.43838937796892,12.438389377968917
6,Toluene,50.0,60.32379594424839,10.323795944248388
6,Toluene,50.0,62.24280508917698,12.242805089176983
6,Toluene,50.0,68.3757529102332,18.375752910233203
6,Toluene,50.0,63.938884696743045,13.938884696743045
6,Toluene,50.0,62.101561567415885,12.101561567415885
6,Toluene,50.0,60.31830791471694,10.31830791471694
6,Toluene,50.0,59.738112728885056,9.738112728885056
6,Toluene,50.0,54.522516784194025,4.522516784194025
6,Toluene,50.0,57.67651093670726,7.67651093670726
6,Toluene,50.0,61.827053771773365,11.827053771773365
6,Toluene,50.0,59.026895047080345,9.026895047080345
6,Toluene,50.0,61.58744470167606,11.587444701676063
6,Toluene,50.0,58.22322437648279,8.22322437648279
6,Toluene,50.0,60.830072797345096,10.830072797345096
6,Toluene,50.0,53.07138621937975,3.0713862193797468
6,Toluene,50.0,57.95577205803339,7.955772058033389
6,Toluene,50.0,58.85892230172334,8.85892230172334
6,Toluene,50.0,59.52091214726664,9.520912147266642
6,Toluene,50.0,61.2618202393584,11.2618202393584
6,Toluene,50.0,59.30435324643078,9.304353246430779
6,Toluene,50.0,59.198464721172485,9.198464721172485
6,Toluene,50.0,59.599889448243715,9.599889448243715
6,Toluene,50.0,61.76767336713614,11.76767336713614
6,Toluene,50.0,58.82235303579236,8.82235303579236
6,Toluene,50.0,64.25358700802268,14.253587008022677
6,Toluene,50.0,59.7671274117279,9.767127411727898
6,Toluene,50.0,51.04547791483601,1.0454779148360132
6,Toluene,50.0,52.98662611943716,2.9866261194371617
6,Toluene,50.0,59.50090408024823,9.500904080248233
6,Toluene,50.0,58.48919298807186,8.489192988071864
6,Toluene,50.0,57.407687345034105,7.407687345034105
6,Toluene,50.0,57.015222365182765,7.015222365182765
6,Toluene,50.0,58.731711859624184,8.731711859624184
6,Toluene,50.0,58.06221365977672,8.062213659776717
6,Toluene,50.0,56.89255838026793,6.892558380267928
6,Toluene,50.0,58.9334323651524,8.933432365152399
6,Toluene,50.0,59.25617296508554,9.25617296508554
6,Toluene,50.0,57.212321447458194,7.212321447458194
6,Toluene,50.0,59.55456728358361,9.554567283583609
6,Toluene,50.0,57.6850214188204,7.685021418820398
6,Toluene,50.0,57.112410461361165,7.112410461361165
6,Toluene,50.0,58.50508328199881,8.505083281998807
6,Toluene,50.0,60.49500534269704,10.495005342697041
6,Toluene,50.0,56.27883682527508,6.278836825275079
6,Toluene,50.0,52.489454693054384,2.489454693054384
6,Toluene,50.0,57.78534810285802,7.785348102858023
6,Toluene,50.0,58.28165084510053,8.281650845100529
6,Toluene,50.0,55.339651390949115,5.339651390949115
6,Toluene,50.0,57.971619284941355,7.9716192849413545
6,Toluene,50.0,57.204198203963486,7.204198203963486
6,Toluene,50.0,55.31157227770041,5.311572277700407
6,Toluene,50.0,55.581873317799804,5.581873317799804
6,Toluene,50.0,57.20076593340906,7.200765933409059
6,Toluene,50.0,60.13799104694792,10.137991046947917
6,Toluene,50.0,58.91193489520485,8.911934895204851
6,Toluene,50.0,53.19525766043711,3.1952576604371075
6,Toluene,50.0,59.45289480202645,9.45289480202645
6,Toluene,50.0,57.11630739776386,7.116307397763862
6,Toluene,50.0,59.18206648735381,9.182066487353808
6,Toluene,50.0,56.92909368909372,6.929093689093719
6,Toluene,50.0,57.23487582921126,7.234875829211262
6,Toluene,100.0,90.61576205532481,9.384237944675192
6,Toluene,10.0,46.21344181498186,36.21344181498186
6,Toluene,100.0,87.92870556427337,12.071294435726628
6,Toluene,10.0,44.777187508700734,34.777187508700734
6,Toluene,100.0,90.30370272792376,9.696297272076237
6,Toluene,10.0,40.086672602685326,30.086672602685326
6,Toluene,100.0,88.1556153403332,11.844384659666801
6,Toluene,10.0,44.23523302345912,34.23523302345912
6,Toluene,100.0,89.80617477757131,10.193825222428686
6,Toluene,10.0,45.56087062722237,35.56087062722237
6,Toluene,100.0,88.33260015865046,11.667399841349535
6,Toluene,10.0,44.56385638610358,34.56385638610358
6,Toluene,100.0,92.155928470138,7.844071529862006
6,Toluene,10.0,45.1889051922506,35.1889051922506
6,Toluene,100.0,91.40977753434242,8.590222465657575
6,Toluene,10.0,46.48864948943677,36.48864948943677
6,Toluene,100.0,85.58116010669673,14.418839893303272
6,Toluene,10.0,45.62739104274628,35.62739104274628
6,Toluene,100.0,89.75035726347076,10.249642736529239
6,Toluene,10.0,44.80728986604579,34.80728986604579
6,Toluene,100.0,88.25591596009785,11.744084039902148
6,Toluene,10.0,43.85650075232424,33.85650075232424
6,Toluene,100.0,86.99927429131148,13.00072570868852
6,Toluene,10.0,44.93680366189243,34.93680366189243
6,Toluene,100.0,88.83728858603787,11.162711413962128
6,Toluene,10.0,42.70715941292346,32.70715941292346
6,Toluene,100.0,84.69832616595313,15.301673834046866
6,Toluene,10.0,44.44938386700214,34.44938386700214
6,Toluene,100.0,90.04189977978545,9.958100220214547
6,Toluene,10.0,42.68139880693214,32.68139880693214
6,Toluene,100.0,86.29496174663414,13.705038253365856
6,Toluene,10.0,44.431535640731056,34.431535640731056
6,Toluene,100.0,91.21727830364034,8.782721696359658
6,Toluene,10.0,44.43206025052831,34.43206025052831
6,Toluene,100.0,87.56314019214999,12.436859807850013
6,Toluene,10.0,45.10572650992232,35.10572650992232
6,Toluene,100.0,88.09531276105324,11.904687238946764
6,Toluene,10.0,44.56690043814581,34.56690043814581
6,Toluene,100.0,85.23526494693705,14.76473505306295
6,Toluene,10.0,45.05050379841295,35.05050379841295
6,Toluene,100.0,85.78415926963139,14.215840730368612
6,Toluene,10.0,45.34685265576128,35.34685265576128
6,Toluene,100.0,86.93011711061466,13.06988288938534
6,Toluene,10.0,44.73497310082199,34.73497310082199
6,Toluene,100.0,85.66707053302801,14.33292946697199
6,Toluene,10.0,45.65878742405411,35.65878742405411
6,Toluene,100.0,89.74097267940957,10.259027320590434
6,Toluene,10.0,43.970158873076585,33.970158873076585
6,Toluene,100.0,86.04926202276623,13.950737977233771
6,Toluene,10.0,43.526432042853344,33.526432042853344
6,Toluene,100.0,83.45265238850807,16.54734761149193
6,Toluene,10.0,44.69555471727854,34.69555471727854
6,Toluene,100.0,83.37152149934258,16.628478500657423
6,Toluene,10.0,45.09407095334514,35.09407095334514
6,Toluene,100.0,85.03070353778169,14.96929646221831
6,Toluene,10.0,45.85574200011621,35.85574200011621
6,Toluene,100.0,84.92247531500222,15.077524684997783
6,Toluene,10.0,44.75504263349663,34.75504263349663
6,Toluene,100.0,86.2998355589003,13.700164441099702
6,Toluene,10.0,44.82876066845952,34.82876066845952
6,Toluene,100.0,84.36077048074964,15.639229519250364
6,Toluene,10.0,44.38666262134774,34.38666262134774
6,Toluene,100.0,83.70202497753814,16.297975022461856
6,Toluene,10.0,43.92953317495957,33.92953317495957
6,Toluene,100.0,81.53552746481614,18.46447253518386
6,Toluene,10.0,45.65001786537158,35.65001786537158
6,Toluene,100.0,84.0806973299594,15.919302670040594
6,Toluene,10.0,46.145357695898426,36.145357695898426
6,Toluene,100.0,84.07953620637933,15.92046379362067
6,Toluene,10.0,44.718092205864906,34.718092205864906
6,Toluene,100.0,82.2203376590549,17.779662340945094
6,Toluene,10.0,46.624620756548595,36.624620756548595
6,Toluene,100.0,82.7765172593921,17.223482740607906
6,Toluene,10.0,44.896477203549836,34.896477203549836
6,Toluene,100.0,85.04287003946018,14.957129960539817
6,Toluene,10.0,44.855391510845834,34.855391510845834
6,Toluene,100.0,86.06842745389764,13.931572546102359
6,Toluene,10.0,46.137459429495536,36.137459429495536
6,Toluene,100.0,85.22316010562827,14.776839894371733
6,Toluene,10.0,45.55057175453912,35.55057175453912
6,Toluene,100.0,83.97240677697155,16.027593223028447
6,Toluene,10.0,46.16779950995421,36.16779950995421
6,Toluene,100.0,84.24346635471014,15.756533645289863
6,Toluene,10.0,46.51076858587669,36.51076858587669
6,Toluene,100.0,85.87167790356116,14.128322096438836
6,Toluene,10.0,44.11537693079531,34.11537693079531
6,Toluene,100.0,82.33945600283101,17.660543997168986
6,Toluene,10.0,44.64759636085482,34.64759636085482
6,Toluene,100.0,84.16370788227127,15.836292117728732
6,Toluene,10.0,45.79673164869344,35.79673164869344
6,Toluene,100.0,83.54779250394583,16.45220749605417
6,Toluene,10.0,46.08344010063682,36.08344010063682
6,Toluene,100.0,79.5120325028001,20.487967497199904
6,Toluene,10.0,45.69404099636911,35.69404099636911
6,Toluene,100.0,84.75897769909481,15.241022300905186
6,Toluene,10.0,43.92987073787147,33.92987073787147
6,Toluene,100.0,83.23795938932793,16.762040610672074
6,Toluene,10.0,44.32296091548514,34.32296091548514
6,Toluene,100.0,89.83582998893989,10.164170011060108
6,Toluene,10.0,45.80674446936548,35.80674446936548
