batch_id,gas_name,concentration_ppm,predicted_ppm,absolute_error_ppm
6,Acetaldehyde,225.0,230.49765683780353,5.497656837803532
6,Acetaldehyde,225.0,205.49617734739826,19.50382265260174
6,Acetaldehyde,225.0,215.2343772456493,9.765622754350687
6,Acetaldehyde,225.0,206.11966030328878,18.880339696711218
6,Acetaldehyde,225.0,227.24907910260305,2.249079102603048
6,Acetaldehyde,225.0,225.07066014638323,0.07066014638323281
6,Acetaldehyde,225.0,229.2874499994511,4.287449999451098
6,Acetaldehyde,225.0,235.48642699267006,10.486426992670062
6,Acetaldehyde,225.0,227.73302102992582,2.7330210299258226
6,Acetaldehyde,225.0,221.37657780017167,3.623422199828326
6,Acetaldehyde,50.0,67.17621218773182,17.17621218773182
6,Acetaldehyde,50.0,58.40616530580678,8.40616530580678
6,Acetaldehyde,50.0,58.493650122548985,8.493650122548985
6,Acetaldehyde,50.0,59.986585382254674,9.986585382254674
6,Acetaldehyde,50.0,61.49306233028355,11.49306233028355
6,Acetaldehyde,50.0,56.90357154542497,6.903571545424967
6,Acetaldehyde,50.0,57.6281697418313,7.6281697418313
6,Acetaldehyde,50.0,59.583681325356835,9.583681325356835
6,Acetaldehyde,50.0,54.27493591151794,4.274935911517943
6,Acetaldehyde,50.0,68.03323532479779,18.033235324797786
6,Acetaldehyde,100.0,94.33996049151845,5.660039508481546
6,Acetaldehyde,100.0,84.64532042231549,15.354679577684507
6,Acetaldehyde,100.0,94.10908293699403,5.890917063005972
6,Acetone,100.0,149.96757801462138,49.96757801462138
6,Acetone,100.0,148.58108409111247,48.58108409111247
6,Acetone,100.0,135.2283628845112,35.2283628845112
6,Acetone,100.0,129.39721417446114,29.39721417446114
6,Acetone,100.0,126.95772069520282,26.957720695202823
6,Acetone,100.0,134.9791346609297,34.9791346609297
6,Acetone,100.0,130.21265955633856,30.212659556338565
6,Acetone,100.0,134.57155947728097,34.57155947728097
6,Acetone,100.0,135.73356216011632,35.73356216011632
6,Acetone,100.0,134.40104280147477,34.40104280147477
6,Acetone,100.0,137.00158028016855,37.001580280168554
6,Acetone,100.0,135.30840244550978,35.308402445509785
6,Acetone,100.0,135.28423295925938,35.284232959259384
6,Acetone,100.0,136.48587011331912,36.48587011331912
6,Acetone,100.0,134.46623307692644,34.46623307692644
6,Acetone,100.0,139.038028104985,39.03802810498499
6,Acetone,100.0,135.05954447085657,35.059544470856565
6,Acetone,100.0,136.76842747378424,36.76842747378424
6,Acetone,100.0,140.58113219499333,40.58113219499333
6,Acetone,100.0,136.5992602953008,36.59926029530081
6,Acetone,100.0,140.28227006134955,40.28227006134955
6,Acetone,100.0,138.39202091650725,38.39202091650725
6,Acetone,100.0,139.3440530673677,39.344053067367696
6,Acetone,100.0,139.11705568188557,39.117055681885574
6,Acetone,100.0,139.5276414969306,39.52764149693061
6,Acetone,100.0,140.9187218068994,40.91872180689941
6,Acetone,100.0,140.01773453514556,40.017734535145564
6,Acetone,100.0,138.56019338113458,38.56019338113458
6,Acetone,100.0,139.3780463213503,39.3780463213503
6,Acetone,100.0,139.04813834543427,39.04813834543427
6,Acetone,100.0,139.01352672409647,39.013526724096465
6,Acetone,100.0,139.4976892028585,39.49768920285851
6,Acetone,100.0,139.94765465382616,39.94765465382616
6,Acetone,100.0,138.79839237423374,38.79839237423374
6,Acetone,100.0,138.09556169325128,38.095561693251284
6,Acetone,100.0,140.88555904095892,40.885559040958924
6,Acetone,100.0,140.30572008107197,40.30572008107197
6,Acetone,100.0,140.42555257566227,40.425552575662266
6,Acetone,100.0,139.21799197872346,39.21799197872346
6,Acetone,100.0,141.87909253516898,41.87909253516898
6,Acetone,100.0,139.0006668823234,39.0006668823234
6,Acetone,100.0,140.3085368669356,40.30853686693561
6,Acetone,100.0,141.58415639451258,41.584156394512576
6,Acetone,100.0,142.5940966337346,42.59409663373461
6,Acetone,100.0,141.48347825764114,41.48347825764114
6,Acetone,100.0,140.20869164506345,40.20869164506345
6,Acetone,100.0,144.31209389861525,44.312093898615245
6,Acetone,100.0,138.44696420096258,38.44696420096258
6,Acetone,100.0,143.47981407995715,43.47981407995715
6,Acetone,100.0,142.3610269249889,42.36102692498889
6,Acetone,100.0,143.6492852231052,43.64928522310521
6,Acetone,50.0,100.63898360389693,50.63898360389693
6,Acetone,50.0,99.2698560386814,49.2698560386814
6,Acetone,50.0,82.27017053613403,32.27017053613403
6,Acetone,50.0,80.5116696860717,30.5116696860717
6,Acetone,50.0,77.46452484868814,27.464524848688143
6,Acetone,50.0,77.07154088972335,27.07154088972335
6,Acetone,50.0,78.11527084136902,28.115270841369025
6,Acetone,50.0,78.92295930077867,28.922959300778672
6,Acetone,50.0,79.33405866982444,29.334058669824444
6,Acetone,50.0,79.9822445256626,29.982244525662594
6,Acetone,50.0,79.06878397178903,29.06878397178903
6,Acetone,50.0,77.74736669625716,27.74736669625716
6,Acetone,50.0,75.986582141731,25.986582141731006
6,Acetone,50.0,77.75030002279789,27.750300022797887
6,Acetone,50.0,79.5334009697564,29.5334009697564
6,Acetone,50.0,78.30836258412448,28.30836258412448
6,Acetone,50.0,78.98211647849668,28.98211647849668
6,Acetone,50.0,83.6489993644841,33.6489993644841
6,Acetone,50.0,80.77197788913045,30.771977889130454
6,Acetone,50.0,80.49455353301077,30.494553533010773
6,Acetone,50.0,82.53666694472909,32.53666694472909
6,Acetone,50.0,80.15211396599123,30.152113965991234
6,Acetone,50.0,79.29705552883556,29.297055528835557
6,Acetone,50.0,78.8344176924647,28.834417692464697
6,Acetone,50.0,83.73037525649039,33.73037525649039
6,Acetone,50.0,79.93758854121485,29.93758854121485
6,Acetone,50.0,79.77590133949784,29.775901339497835
6,Acetone,50.0,84.67020886254184,34.67020886254184
6,Acetone,50.0,76.55990326199145,26.55990326199145
6,Acetone,50.0,80.867839196067,30.867839196066996
6,Acetone,50.0,79.56117868101543,29.561178681015434
6,Acetone,50.0,78.99046110929865,28.99046110929865
6,Acetone,50.0,80.88624843130216,30.886248431302164
6,Acetone,50.0,81.88819063733149,31.88819063733149
6,Acetone,50.0,81.59081558293765,31.59081558293765
6,Acetone,50.0,81.80701442701904,31.80701442701904
6,Acetone,50.0,80.79900118579236,30.799001185792363
6,Acetone,50.0,80.82483283278177,30.824832832781766
6,Acetone,50.0,81.56035471472086,31.56035471472086
6,Acetone,50.0,82.32001062318324,32.32001062318324
6,Acetone,50.0,82.3810600226329,32.381060022632894
6,Acetone,50.0,79.88538529683139,29.885385296831387
6,Acetone,50.0,82.46503187316355,32.465031873163554
6,Acetone,50.0,79.92222000326433,29.92222000326433
6,Acetone,50.0,82.55226852645877,32.552268526458775
6,Acetone,50.0,80.96790532443164,30.96790532443164
6,Acetone,50.0,79.85179247379226,29.85179247379226
6,Acetone,50.0,78.17350536226493,28.173505362264933
6,Acetone,50.0,82.5139940902499,32.513994090249895
6,Acetone,50.0,79.41067832992609,29.410678329926085
6,Acetone,50.0,78.87105617285262,28.87105617285262
6,Acetone,50.0,81.1005966264732,31.100596626473205
6,Acetone,50.0,79.64500059858239,29.645000598582385
6,Acetone,50.0,77.10609315538696,27.106093155386958
6,Acetone,50.0,81.02878483648638,31.02878483648638
6,Acetone,50.0,85.54706666101923,35.54706666101923
6,Acetone,50.0,83.2875970172445,33.287597017244494
6,Acetone,50.0,78.80817022120321,28.808170221203213
6,Acetone,50.0,80.86347164642564,30.863471646425637
6,Acetone,50.0,81.32462156922101,31.32462156922101
6,Acetone,50.0,85.40172475236821,35.40172475236821
6,Acetone,50.0,84.1697537134913,34.1697537134913
6,Acetone,50.0,80.19455290054118,30.194552900541183
6,Acetone,50.0,82.24288717188077,32.24288717188077
6,Acetone,50.0,81.44216281840384,31.442162818403844
6,Acetone,50.0,79.7017037167495,29.701703716749506
6,Acetone,50.0,80.3870911285862,30.387091128586206
6,Acetone,50.0,78.37511796786939,28.375117967869386
6,Acetone,50.0,81.30181793866961,31.301817938669615
6,Acetone,50.0,82.1822974986798,32.1822974986798
6,Acetone,50.0,79.23624676086914,29.236246760869136
6,Acetone,50.0,84.2799469051066,34.2799469051066
6,Acetone,50.0,81.35637672348341,31.356376723483407
6,Acetone,50.0,80.53616689506623,30.53616689506623
6,Acetone,50.0,83.49257234800015,33.49257234800015
6,Acetone,50.0,81.87210357459013,31.872103574590128
6,Acetone,50.0,82.07953701454882,32.07953701454882
6,Acetone,50.0,81.26728678751643,31.267286787516426
6,Acetone,50.0,84.29741839631585,34.29741839631585
6,Acetone,50.0,81.56800953167048,31.568009531670484
6,Acetone,50.0,81.87576186255663,31.87576186255663
6,Acetone,50.0,83.61010437428797,33.61010437428797
6,Acetone,50.0,81.65638561248481,31.65638561248481
6,Acetone,50.0,81.63908442036094,31.639084420360945
6,Acetone,50.0,79.5472752870935,29.5472752870935
6,Acetone,50.0,84.48405511286295,34.48405511286295
6,Acetone,50.0,81.47047627324172,31.470476273241715
6,Acetone,50.0,83.98316393289603,33.98316393289603
6,Acetone,50.0,84.90163170612165,34.90163170612165
6,Acetone,50.0,82.04799365569295,32.04799365569295
6,Acetone,50.0,84.05352550835993,34.053525508359925
6,Acetone,50.0,83.24002069439975,33.240020694399746
6,Acetone,50.0,81.38754471708603,31.38754471708603
6,Acetone,50.0,84.82333577635914,34.823335776359144
6,Acetone,50.0,82.83262861668,32.83262861668
6,Acetone,50.0,82.46800014893813,32.46800014893813
6,Acetone,50.0,82.10039661952203,32.10039661952203
6,Acetone,50.0,83.39739788140886,33.397397881408864
6,Acetone,50.0,80.72417272917232,30.724172729172324
6,Acetone,50.0,84.9374894074768,34.937489407476804
6,Acetone,50.0,85.24849986443446,35.248499864434464
6,Acetone,50.0,84.41750773751082,34.41750773751082
6,Acetone,50.0,88.28648170290198,38.28648170290198
6,Acetone,50.0,86.6196884277751,36.6196884277751
6,Acetone,50.0,80.24950084232343,30.249500842323428
6,Acetone,50.0,85.80288729959918,35.80288729959918
6,Acetone,50.0,83.63072331384615,33.63072331384615
6,Acetone,50.0,84.21865593974654,34.21865593974654
6,Acetone,50.0,80.90859992440399,30.908599924403987
6,Acetone,50.0,85.44664102326415,35.44664102326415
6,Acetone,50.0,84.57788655859476,34.577886558594756
6,Acetone,50.0,83.90530958063376,33.905309580633755
6,Acetone,50.0,80.2501750035228,30.2501750035228
6,Acetone,50.0,81.73209348933058,31.73209348933058
6,Acetone,50.0,87.17668960989435,37.17668960989435
6,Acetone,50.0,85.2207211059587,35.2207211059587
6,Acetone,50.0,83.06796529980511,33.06796529980511
6,Acetone,50.0,85.63603302553003,35.636033025530025
6,Acetone,50.0,82.63075943908105,32.63075943908105
6,Acetone,50.0,86.53914614070119,36.53914614070119
6,Acetone,50.0,83.70374285389424,33.70374285389424
6,Acetone,50.0,81.8750877215188,31.875087721518796
6,Acetone,50.0,82.31081397513977,32.310813975139766
6,Acetone,50.0,85.00460111255245,35.00460111255245
6,Acetone,50.0,83.8655350384682,33.865535038468195
6,Acetone,50.0,85.75214324548823,35.75214324548823
6,Acetone,50.0,85.40832299793257,35.40832299793257
6,Acetone,50.0,84.29364665743617,34.29364665743617
6,Acetone,50.0,83.63531914881878,33.63531914881878
6,Acetone,50.0,85.24541161977528,35.24541161977528
6,Acetone,50.0,84.98496750644748,34.984967506447475
6,Acetone,50.0,82.67220311503289,32.672203115032886
6,Acetone,50.0,85.33206977136786,35.332069771367856
6,Acetone,50.0,88.41327916009887,38.41327916009887
6,Acetone,50.0,81.88887734763152,31.88887734763152
6,Acetone,50.0,83.3648216399565,33.3648216399565
6,Acetone,50.0,82.77177167790974,32.77177167790974
6,Acetone,50.0,82.61133677528234,32.61133677528234
6,Acetone,50.0,82.11162795776777,32.111627957767766
6,Acetone,50.0,84.57614178200996,34.576141782009955
6,Acetone,50.0,87.48418132245666,37.484181322456664
6,Acetone,50.0,88.10681853471812,38.106818534718116
6,Acetone,50.0,82.38245240071556,32.382452400715565
6,Acetone,50.0,86.0853952065067,36.0853952065067
6,Acetone,50.0,84.9172984894977,34.917298489497696
6,Acetone,50.0,80.92629061634479,30.926290616344787
6,Acetone,50.0,84.77742359270839,34.77742359270839
6,Acetone,50.0,86.168487737782,36.168487737782
6,Acetone,50.0,81.55383615873757,31.553836158737568
6,Acetone,50.0,83.76482334180814,33.76482334180814
6,Acetone,50.0,83.0423441388738,33.0423441388738
6,Acetone,50.0,86.2101499512386,36.210149951238606
6,Acetone,50.0,82.29130672047323,32.29130672047323
6,Acetone,50.0,86.75773530472435,36.75773530472435
6,Acetone,50.0,85.58288293656221,35.582882936562214
6,Acetone,50.0,84.96150810095565,34.961508100955655
6,Acetone,50.0,85.65985423304268,35.65985423304268
6,Acetone,50.0,84.19665237476946,34.19665237476946
6,Acetone,50.0,83.03860027913953,33.03860027913953
6,Acetone,50.0,83.78450063827474,33.784500638274736
6,Acetone,50.0,84.64666048376434,34.646660483764336
6,Acetone,50.0,84.10094140276124,34.10094140276124
6,Acetone,50.0,85.48161988190036,35.48161988190036
6,Acetone,50.0,85.70713638399108,35.707136383991084
6,Acetone,50.0,85.95228692018894,35.95228692018894
6,Acetone,50.0,84.6365078239482,34.63650782394819
6,Acetone,50.0,86.44647112249946,36.44647112249946
6,Acetone,50.0,85.29066917545195,35.29066917545195
6,Acetone,50.0,86.3716792041093,36.3716792041093
6,Acetone,50.0,86.46404006889297,36.46404006889297
6,Acetone,50.0,87.77743273759432,37.777432737594324
6,Acetone,50.0,86.76450283085406,36.764502830854056
6,Acetone,50.0,83.13253422736256,33.132534227362555
6,Acetone,50.0,83.39801996101248,33.39801996101248
6,Acetone,50.0,86.81475698007225,36.81475698007225
6,Acetone,50.0,84.36452820510918,34.36452820510918
6,Acetone,50.0,84.89895194217904,34.89895194217904
6,Acetone,50.0,85.2274472046838,35.2274472046838
6,Acetone,50.0,85.02722869518988,35.027228695189876
6,Acetone,50.0,84.33209594876222,34.332095948762216
6,Acetone,50.0,84.33159271658812,34.33159271658812
6,Acetone,50.0,85.14263049760571,35.14263049760571
6,Acetone,50.0,83.17623516619534,33.17623516619534
6,Acetone,50.0,84.03728873292124,34.03728873292124
6,Acetone,50.0,85.63724182153715,35.637241821537145
6,Acetone,50.0,85.46006462812556,35.460064628125565
6,Acetone,50.0,83.16013087780352,33.160130877803525
6,Acetone,50.0,83.54002416663269,33.54002416663269
6,Acetone,50.0,86.37852713061048,36.37852713061048
6,Acetone,50.0,83.23457145146028,33.23457145146028
6,Acetone,50.0,84.32349395649184,34.323493956491845
6,Acetone,50.0,85.95412504196368,35.95412504196368
6,Acetone,50.0,86.52955860331777,36.52955860331777
6,Acetone,50.0,85.05350143110107,35.05350143110107
6,Acetone,50.0,83.5895828163858,33.5895828163858
6,Acetone,50.0,82.48004992431723,32.48004992431723
6,Acetone,50.0,84.80275895456742,34.80275895456742
6,Acetone,50.0,84.88623450902325,34.886234509023254
6,Acetone,50.0,84.30001220727326,34.300012207273255
6,Acetone,50.0,85.34914399395491,35.34914399395491
6,Acetone,50.0,83.60142766180995,33.60142766180995
6,Acetone,50.0,84.50668865432068,34.50668865432068
6,Acetone,50.0,87.05712091498533,37.05712091498533
6,Acetone,50.0,89.04032837958053,39.04032837958053
6,Acetone,50.0,84.31870923768943,34.31870923768943
6,Acetone,75.0,121.05132801381676,46.05132801381676
6,Acetone,100.0,145.76825060118932,45.76825060118932
6,Acetone,125.0,173.62219700126533,48.622197001265334
6,Acetone,150.0,189.1215373690927,39.12153736909269
6,Acetone,175.0,209.11473108406176,34.11473108406176
6,Acetone,200.0,226.30864855255587,26.308648552555866
6,Acetone,225.0,239.1394083413283,14.139408341328306
6,Acetone,250.0,252.86062588279634,2.8606258827963416
6,Acetaldehyde,100.0,108.92184443985265,8.921844439852649
6,Acetaldehyde,100.0,104.87199180743012,4.8719918074301205
6,Acetaldehyde,100.0,99.3370462152534,0.6629537847466054
6,Acetaldehyde,100.0,92.1912369042804,7.808763095719598
6,Acetaldehyde,100.0,94.31270334330162,5.687296656698379
6,Acetaldehyde,100.0,93.53561247844729,6.464387521552709
6,Acetaldehyde,100.0,94.26107207139279,5.738927928607211
6,Acetaldehyde,100.0,93.29868719065468,6.701312809345325
6,Acetaldehyde,100.0,92.72350528156235,7.276494718437647
6,Acetaldehyde,100.0,92.3840231157119,7.615976884288102
6,Acetaldehyde,100.0,94.35877408975936,5.641225910240635
6,Acetaldehyde,100.0,92.36304364546446,7.636956354535542
6,Acetaldehyde,100.0,93.92080764884801,6.079192351151988
6,Acetaldehyde,100.0,96.17365558703997,3.826344412960026
6,Acetaldehyde,100.0,92.54491709647608,7.455082903523916
6,Acetaldehyde,100.0,96.12986967846601,3.870130321533992
6,Acetaldehyde,100.0,92.65987934284563,7.3401206571543725
6,Acetaldehyde,100.0,92.66271449248218,7.337285507517819
6,Acetaldehyde,100.0,93.38967437659625,6.610325623403753
6,Acetaldehyde,100.0,94.22664832114805,5.773351678851952
6,Acetaldehyde,100.0,92.76751195724161,7.232488042758391
6,Acetaldehyde,100.0,94.84479605185867,5.1552039481413345
6,Acetaldehyde,100.0,94.26194421020593,5.738055789794075
6,Acetaldehyde,100.0,95.11688699219224,4.883113007807765
6,Acetaldehyde,100.0,94.95541491132282,5.044585088677181
6,Acetaldehyde,100.0,95.2292699064298,4.770730093570194
6,Acetaldehyde,100.0,95.76536170470762,4.234638295292385
6,Acetaldehyde,100.0,93.9891861232991,6.010813876700894
6,Acetaldehyde,100.0,95.25154936238972,4.748450637610276
6,Acetaldehyde,100.0,91.31673920663665,8.683260793363345
6,Acetaldehyde,100.0,91.71047973894922,8.289520261050782
6,Acetaldehyde,100.0,93.35562715048087,6.644372849519129
6,Acetaldehyde,100.0,91.93937509737086,8.060624902629144
6,Acetaldehyde,100.0,96.62996093642585,3.370039063574154
6,Acetaldehyde,100.0,96.62227576671353,3.3777242332864716
6,Acetaldehyde,100.0,94.61377503355565,5.386224966444345
6,Acetaldehyde,100.0,94.73127463386129,5.26872536613871
6,Acetaldehyde,100.0,93.4179709285315,6.582029071468497
6,Acetaldehyde,100.0,94.13665520917232,5.863344790827682
6,Acetaldehyde,100.0,95.25813116689511,4.741868833104888
6,Acetaldehyde,100.0,94.09225716073198,5.907742839268025
6,Acetaldehyde,100.0,91.9285396555377,8.071460344462295
6,Acetaldehyde,100.0,96.26396001600749,3.7360399839925122
6,Acetaldehyde,100.0,93.77275187419326,6.227248125806739
6,Acetaldehyde,100.0,93.67745198371358,6.322548016286419
6,Acetaldehyde,100.0,93.65536167114708,6.344638328852923
6,Acetaldehyde,100.0,89.83471315809595,10.165286841904049
6,Acetaldehyde,100.0,92.04632305522415,7.95367694477585
6,Acetaldehyde,100.0,93.2343117510371,6.765688248962903
6,Acetaldehyde,100.0,94.05562339021664,5.944376609783362
6,Acetaldehyde,100.0,90.83024420900385,9.169755790996149
6,Acetaldehyde,50.0,57.90091759186559,7.900917591865593
6,Acetaldehyde,50.0,56.32128702904646,6.321287029046459
6,Acetaldehyde,50.0,59.474590505928276,9.474590505928276
6,Acetaldehyde,50.0,59.509371917113825,9.509371917113825
6,Acetaldehyde,50.0,56.69856961267598,6.698569612675982
6,Acetaldehyde,50.0,60.18325088662999,10.183250886629992
6,Acetaldehyde,50.0,57.96212893126088,7.962128931260878
6,Acetaldehyde,50.0,57.48839746781756,7.488397467817563
6,Acetaldehyde,50.0,57.68642184853098,7.686421848530983
6,Acetaldehyde,50.0,58.85843389514372,8.858433895143719
6,Acetaldehyde,50.0,59.39848117283975,9.398481172839752
6,Acetaldehyde,50.0,61.615095223102045,11.615095223102045
6,Acetaldehyde,50.0,56.09746605443823,6.097466054438229
6,Acetaldehyde,50.0,58.26274905120418,8.262749051204182
6,Acetaldehyde,50.0,58.68109079388721,8.681090793887208
6,Acetaldehyde,50.0,60.31694933088443,10.316949330884427
6,Acetaldehyde,50.0,57.08756405153231,7.087564051532311
6,Acetaldehyde,50.0,58.5942018001446,8.594201800144603
6,Acetaldehyde,50.0,58.78233715601095,8.782337156010954
6,Acetaldehyde,50.0,63.712846227274255,13.712846227274255
6,Acetaldehyde,225.0,217.21920774249327,7.780792257506732
6,Acetaldehyde,225.0,202.97307117300096,22.02692882699904
6,Acetaldehyde,225.0,217.3722606876262,7.627739312373791
6,Acetaldehyde,225.0,194.16497698101878,30.835023018981218
6,Acetaldehyde,225.0,216.99319144453526,8.006808555464744
6,Acetaldehyde,225.0,226.5566305853967,1.5566305853967037
6,Acetaldehyde,225.0,219.14560364942224,5.854396350577758
6,Acetaldehyde,225.0,221.65640884145682,3.343591158543177
6,Acetaldehyde,225.0,224.65127692665038,0.3487230733496176
6,Acetaldehyde,225.0,212.7393774054937,12.260622594506287
6,Acetaldehyde,50.0,58.62104685633048,8.62104685633048
6,Acetaldehyde,50.0,61.087612974935524,11.087612974935524
6,Acetaldehyde,50.0,58.77673123234321,8.77673123234321
6,Acetaldehyde,50.0,58.30510093606894,8.30510093606894
6,Acetaldehyde,50.0,66.68799748548287,16.687997485482867
6,Acetaldehyde,50.0,60.18888316034459,10.188883160344588
6,Acetaldehyde,50.0,59.348941312656336,9.348941312656336
6,Acetaldehyde,50.0,64.58895210669745,14.588952106697448
6,Acetaldehyde,50.0,61.71023718558713,11.710237185587133
6,Acetaldehyde,50.0,66.49282822006849,16.49282822006849
6,Acetaldehyde,50.0,69.72243842901739,19.722438429017387
6,Acetaldehyde,75.0,105.14981682554091,30.14981682554091
6,Acetaldehyde,100.0,112.6789099915481,12.678909991548096
6,Acetaldehyde,125.0,126.09387582973605,1.0938758297360494
6,Acetaldehyde,150.0,148.98737647717155,1.0126235228284486
6,Acetaldehyde,175.0,161.97034876609723,13.029651233902769
6,Acetaldehyde,200.0,188.46889368525808,11.531106314741919
6,Acetaldehyde,225.0,206.4783978379225,18.5216021620775
6,Acetaldehyde,250.0,227.20109174854622,22.79890825145378
6,Ethanol,250.0,220.63879929258616,29.361200707413843
6,Ethanol,250.0,202.2034891815956,47.796510818404414
6,Ethanol,250.0,220.1818404861636,29.818159513836406
6,Ethanol,250.0,225.91956562068913,24.080434379310873
6,Ethanol,250.0,234.93924091603577,15.060759083964228
6,Ethanol,250.0,238.464802237659,11.535197762341
6,Ethanol,250.0,237.81647197486285,12.18352802513715
6,Ethanol,250.0,238.60902227635037,11.390977723649627
6,Ethanol,250.0,245.57979743527324,4.420202564726765
6,Ethanol,250.0,238.0735687647306,11.926431235269405
6,Ethanol,250.0,249.5569224670749,0.4430775329250878
6,Ethanol,250.0,250.5123542575688,0.512354257568802
6,Ethanol,250.0,255.57916435128095,5.5791643512809515
6,Ethanol,250.0,254.41666782928633,4.416667829286325
6,Ethanol,250.0,252.22730416311077,2.227304163110773
6,Ethanol,250.0,255.4912901598847,5.491290159884699
6,Ethanol,250.0,258.4289651790439,8.428965179043928
6,Ethanol,250.0,248.4850155357277,1.5149844642722883
6,Ethanol,250.0,259.4836116539515,9.483611653951527
6,Ethanol,250.0,257.7892238395754,7.789223839575413
6,Ethanol,250.0,255.2172660465563,5.21726604655629
6,Ethanol,250.0,259.57557242550615,9.575572425506152
6,Ethanol,250.0,254.77607109847708,4.776071098477075
6,Ethanol,250.0,247.39051084734763,2.6094891526523725
6,Ethanol,250.0,254.07751773606037,4.077517736060372
6,Ethanol,250.0,254.0620242246561,4.062024224656113
6,Ethanol,250.0,258.7647424882697,8.76474248826969
6,Ethanol,250.0,254.0000970875957,4.000097087595691
6,Ethanol,250.0,261.88690733775735,11.88690733775735
6,Ethanol,250.0,260.2165841607989,10.216584160798902
6,Ethanol,250.0,270.6295337802532,20.62953378025321
6,Ethanol,250.0,256.5071453926274,6.507145392627422
6,Ethanol,250.0,256.17918376671844,6.179183766718438
6,Ethanol,250.0,253.98548790881208,3.9854879088120754
6,Ethanol,250.0,259.27950927773554,9.279509277735542
6,Ethanol,250.0,253.32799881771166,3.3279988177116593
6,Ethanol,250.0,256.79166382444737,6.791663824447369
6,Ethanol,250.0,252.03999605259702,2.0399960525970187
6,Ethanol,250.0,253.39152705278613,3.391527052786131
6,Ethanol,250.0,250.55317401020886,0.5531740102088634
6,Ethanol,250.0,244.08696089966526,5.913039100334743
6,Ethanol,250.0,247.39046783456064,2.6095321654393615
6,Ethanol,250.0,247.4748882972296,2.5251117027704026
6,Ethanol,250.0,246.9830075112925,3.0169924887075013
6,Ethanol,250.0,244.3069199201321,5.6930800798679115
6,Ethanol,250.0,247.4482584583306,2.5517415416694007
6,Ethanol,250.0,252.549257411575,2.549257411575013
6,Ethanol,250.0,246.2260863789837,3.7739136210163053
6,Ethanol,250.0,245.39055942328073,4.609440576719265
6,Ethanol,250.0,242.98787932520605,7.012120674793948
6,Ethanol,250.0,248.03572011947904,1.9642798805209623
6,Ethanol,250.0,221.3917005313724,28.608299468627592
6,Ethanol,250.0,228.6306528811991,21.369347118800903
6,Ethanol,250.0,241.703761786372,8.296238213627987
6,Ethanol,250.0,242.71860782560572,7.281392174394284
6,Ethanol,250.0,239.84396768380157,10.156032316198434
6,Ethanol,250.0,237.3245558368642,12.675444163135808
6,Ethanol,250.0,238.12982289917977,11.870177100820229
6,Ethanol,250.0,239.24825894507893,10.75174105492107
6,Ethanol,250.0,241.77192733372524,8.228072666274755
6,Ethanol,250.0,247.54734095326017,2.452659046739825
6,Ethanol,250.0,252.32849006609501,2.3284900660950143
6,Ethanol,250.0,243.6031980097033,6.396801990296694
6,Ethanol,250.0,248.3745063661538,1.6254936338461903
6,Ethanol,250.0,244.97859957493688,5.021400425063121
6,Ethanol,250.0,237.53130031121265,12.468699688787353
6,Ethanol,250.0,243.65596770326957,6.344032296730433
6,Ethanol,250.0,246.4411356868104,3.558864313189588
6,Ethanol,250.0,242.64372704726009,7.356272952739914
6,Ethanol,250.0,244.73783627644877,5.262163723551225
6,Ethanol,250.0,244.2053188328688,5.794681167131188
6,Ethanol,250.0,247.28988464646994,2.710115353530057
6,Ethanol,250.0,239.2372901807733,10.7627098192267
6,Ethanol,250.0,246.9461767061531,3.0538232938469037
6,Ethanol,250.0,246.12529773961876,3.874702260381241
6,Ethanol,250.0,239.9285895615646,10.071410438435407
6,Ethanol,250.0,242.52409653882984,7.475903461170162
6,Ethanol,250.0,241.9075559305207,8.092444069479313
6,Ethanol,250.0,246.1787513540861,3.8212486459138972
6,Ethanol,250.0,243.01720204521837,6.982797954781631
6,Ethanol,250.0,248.59335650284527,1.4066434971547324
6,Ethanol,250.0,241.89963350332386,8.100366496676145
6,Ethanol,250.0,245.8062853261204,4.193714673879612
6,Ethanol,250.0,244.7861557597962,5.213844240203798
6,Ethanol,250.0,246.32153721827854,3.678462781721464
6,Ethanol,250.0,243.7208719006112,6.2791280993887995
6,Ethanol,250.0,248.03109508250168,1.968904917498321
6,Ethanol,250.0,250.51204946342918,0.5120494634291788
6,Ethanol,250.0,252.88498891779054,2.884988917790537
6,Ethanol,250.0,243.31283779807265,6.68716220192735
6,Ethanol,250.0,248.91609857092743,1.0839014290725686
6,Ethanol,250.0,242.20236734638894,7.7976326536110605
6,Ethanol,250.0,240.9530284674661,9.046971532533888
6,Ethanol,250.0,242.56912696874195,7.430873031258045
6,Ethanol,250.0,244.47459013353534,5.525409866464656
6,Ethanol,250.0,238.1112579016972,11.8887420983028
6,Ethanol,250.0,243.5225276497462,6.477472350253805
6,Ethanol,250.0,245.7417980258383,4.258201974161693
6,Ethanol,250.0,239.45155134914108,10.548448650858916
6,Ethanol,250.0,244.1987994734899,5.801200526510087
6,Ethanol,250.0,241.06047865867524,8.939521341324763
6,Ethanol,50.0,103.15514157463093,53.15514157463093
6,Ethanol,75.0,117.28488642880065,42.28488642880065
6,Ethanol,100.0,130.44076063655723,30.44076063655723
6,Ethanol,125.0,144.80080319580824,19.800803195808243
6,Ethanol,150.0,146.92340028019726,3.0765997198027435
6,Ethanol,175.0,157.01002798843226,17.989972011567744
6,Ethanol,200.0,165.3815583040654,34.61844169593459
6,Ethanol,225.0,178.51187384263037,46.488126157369635
6,Ethanol,250.0,198.81403977049987,51.185960229500125
6,Ethylene,200.0,169.8253025475286,30.174697452471406
6,Ethylene,200.0,168.78769861215608,31.212301387843922
6,Ethylene,200.0,176.9857887252617,23.0142112747383
6,Ethylene,200.0,170.64284203483484,29.357157965165158
6,Ethylene,200.0,178.79941763734587,21.20058236265413
6,Ethylene,200.0,178.0996597045931,21.90034029540689
6,Ethylene,200.0,182.9504819230581,17.049518076941894
6,Ethylene,200.0,181.41009401965684,18.58990598034316
6,Ethylene,200.0,185.15065678235786,14.849343217642144
6,Ethylene,200.0,172.47378283743134,27.526217162568656
6,Ethylene,200.0,178.12358271101175,21.87641728898825
6,Ethylene,200.0,171.86940853137284,28.13059146862716
6,Ethylene,200.0,180.49553048746512,19.504469512534882
6,Ethylene,200.0,175.27820918347578,24.72179081652422
6,Ethylene,200.0,182.94931534381547,17.05068465618453
6,Ethylene,200.0,186.2324098445544,13.767590155445589
6,Ethylene,200.0,176.97292770964538,23.027072290354624
6,Ethylene,200.0,184.20654229834537,15.793457701654631
6,Ethylene,200.0,175.38646445037446,24.61353554962554
6,Ethylene,200.0,170.7675697760093,29.23243022399069
6,Ethylene,50.0,93.58501289260394,43.58501289260394
6,Ethylene,75.0,116.71437994012656,41.71437994012656
6,Ethylene,100.0,130.93219171446017,30.932191714460174
6,Ethylene,125.0,136.60021622385887,11.600216223858865
6,Ethylene,150.0,144.32793441302533,5.672065586974668
6,Ethylene,175.0,150.47609811617573,24.523901883824266
6,Ethylene,200.0,164.9159853594188,35.08401464058119
6,Ethylene,225.0,183.64312274653477,41.35687725346523
6,Ethylene,250.0,195.90806184695478,54.09193815304522
6,Ammonia,250.0,239.64858758365074,10.351412416349262
6,Ammonia,250.0,243.74466310245947,6.255336897540531
6,Ammonia,250.0,239.94524564680034,10.054754353199655
6,Ammonia,250.0,238.1626111843363,11.8373888156637
6,Ammonia,250.0,242.89519985401478,7.104800145985223
6,Ammonia,250.0,243.75666112081893,6.243338879181067
6,Ammonia,250.0,242.79075894247254,7.209241057527464
6,Ammonia,250.0,239.41290191015173,10.587098089848269
6,Ammonia,250.0,238.76291559415694,11.237084405843063
6,Ammonia,250.0,240.58373409971108,9.41626590028892
6,Ammonia,250.0,240.6157561100321,9.384243889967905
6,Ammonia,250.0,234.61791466575917,15.382085334240827
6,Ammonia,250.0,236.60400305877104,13.395996941228958
6,Ammonia,250.0,237.03769853268201,12.962301467317985
6,Ammonia,250.0,235.59956361766672,14.400436382333282
6,Ammonia,250.0,238.60487695351458,11.395123046485423
6,Ammonia,250.0,238.03891519495133,11.96108480504867
6,Ammonia,250.0,242.94577684903905,7.054223150960951
6,Ammonia,250.0,233.49691118797713,16.503088812022867
6,Ammonia,250.0,238.49397279476773,11.506027205232272
6,Ammonia,250.0,232.43076627654997,17.569233723450026
6,Ammonia,250.0,234.69126076448444,15.30873923551556
6,Ammonia,250.0,236.19235464862413,13.807645351375868
6,Ammonia,250.0,239.08070488967456,10.919295110325436
6,Ammonia,250.0,236.72030760119128,13.27969239880872
6,Ammonia,250.0,237.49134867107023,12.508651328929773
6,Ammonia,250.0,234.90648706987523,15.093512930124774
6,Ammonia,250.0,235.91583218570412,14.084167814295881
6,Ammonia,250.0,237.19835002574598,12.801649974254019
6,Ammonia,250.0,237.4481123991332,12.551887600866792
6,Ammonia,250.0,235.7203113899705,14.279688610029496
6,Ammonia,250.0,235.56559514101647,14.434404858983527
6,Ammonia,250.0,235.42508413781164,14.574915862188362
6,Ammonia,250.0,239.319100504216,10.68089949578399
6,Ammonia,250.0,235.07806447249772,14.921935527502285
6,Ammonia,250.0,240.6868719407276,9.313128059272401
6,Ammonia,250.0,235.5714414015177,14.428558598482311
6,Ammonia,250.0,237.665383052685,12.334616947314998
6,Ammonia,250.0,236.74293706087934,13.257062939120658
6,Ammonia,250.0,240.30418503653112,9.695814963468877
6,Ammonia,250.0,234.40200735042436,15.597992649575644
6,Ammonia,250.0,237.23141304067207,12.768586959327934
6,Ammonia,250.0,233.61605138938333,16.38394861061667
6,Ammonia,250.0,236.04520368713395,13.954796312866051
6,Ammonia,250.0,241.9283831774065,8.071616822593512
6,Ammonia,250.0,239.68571395352419,10.314286046475814
6,Ammonia,250.0,237.33675259950053,12.663247400499472
6,Ammonia,250.0,239.39124284591577,10.60875715408423
6,Ammonia,250.0,235.6670815742246,14.332918425775404
6,Ammonia,250.0,237.52908843648538,12.470911563514619
6,Ammonia,250.0,235.46079035254493,14.539209647455067
6,Ammonia,250.0,240.25042825382786,9.749571746172137
6,Ammonia,250.0,238.51050042846003,11.489499571539966
6,Ammonia,250.0,239.5191633638969,10.480836636103106
6,Ammonia,250.0,238.6356311077904,11.364368892209598
6,Ammonia,175.0,176.55017348277408,1.5501734827740847
6,Ammonia,175.0,171.2423868205611,3.7576131794388914
6,Ammonia,175.0,161.47742741238986,13.522572587610142
6,Ammonia,175.0,164.32611469328765,10.67388530671235
6,Ammonia,175.0,174.77162987508942,0.22837012491058317
6,Ammonia,175.0,169.62905631707855,5.37094368292145
6,Ammonia,175.0,170.92462625847347,4.075373741526533
6,Ammonia,175.0,175.4054579827357,0.40545798273569744
6,Ammonia,175.0,172.0098115882384,2.9901884117616078
6,Ammonia,175.0,173.61501860262513,1.3849813973748724
6,Ammonia,175.0,172.20371621763434,2.7962837823656628
6,Ammonia,175.0,171.5696104287291,3.4303895712708936
6,Ammonia,175.0,171.94001787804476,3.059982121955244
6,Ammonia,175.0,174.3384268555447,0.6615731444553035
6,Ammonia,175.0,171.49656229121143,3.5034377087885673
6,Ammonia,175.0,173.7986066499415,1.2013933500585097
6,Ammonia,175.0,169.45802418931285,5.541975810687148
6,Ammonia,175.0,174.17418075878177,0.8258192412182268
6,Ammonia,175.0,180.4377921645404,5.4377921645404115
6,Ammonia,175.0,171.69981731642798,3.300182683572018
6,Ammonia,175.0,170.52698507132024,4.47301492867976
6,Ammonia,175.0,177.5270543637006,2.527054363700614
6,Ammonia,175.0,169.66203788415785,5.337962115842146
6,Ammonia,175.0,170.20472440911473,4.795275590885268
6,Ammonia,175.0,179.89851584526556,4.898515845265564
6,Ammonia,175.0,168.2283666951627,6.771633304837309
6,Ammonia,175.0,180.34311895847276,5.343118958472758
6,Ammonia,175.0,174.8386892757232,0.16131072427680238
6,Ammonia,175.0,171.0581668400533,3.9418331599466967
6,Ammonia,175.0,169.54388040694354,5.4561195930564566
6,Ammonia,200.0,184.8533224536433,15.146677546356699
6,Ammonia,200.0,193.75333319544714,6.246666804552859
6,Ammonia,200.0,188.5345582544249,11.465441745575106
6,Ammonia,200.0,185.8055227169657,14.194477283034303
6,Ammonia,200.0,206.1926656756229,6.192665675622891
6,Ammonia,200.0,197.73221456388495,2.267785436115048
6,Ammonia,200.0,203.15802374015897,3.158023740158967
6,Ammonia,200.0,201.9950678479206,1.995067847920609
6,Ammonia,200.0,196.7206455973281,3.2793544026719132
6,Ammonia,200.0,198.77693230848354,1.2230676915164622
6,Ammonia,50.0,103.27253695943713,53.27253695943713
6,Ammonia,75.0,124.0957676017131,49.095767601713106
6,Ammonia,100.0,128.61514214181759,28.615142141817586
6,Ammonia,125.0,129.46474484904064,4.464744849040642
6,Ammonia,150.0,139.34620401827618,10.653795981723817
6,Ammonia,175.0,143.95310174713637,31.046898252863627
6,Ammonia,200.0,159.28582915061128,40.71417084938872
6,Ammonia,225.0,167.80908767336018,57.19091232663982
6,Ammonia,250.0,187.62658102882773,62.37341897117227
6,Ammonia,250.0,175.08837493751335,74.91162506248665
6,Ammonia,150.0,122.66409242393166,27.335907576068337
6,Ammonia,50.0,99.67623580727536,49.67623580727536
6,Ammonia,225.0,148.08955234008033,76.91044765991967
6,Ammonia,75.0,99.57785799809582,24.577857998095823
6,Ammonia,175.0,128.4936901319054,46.506309868094604
6,Ammonia,200.0,129.54537181069642,70.45462818930358
6,Ammonia,100.0,99.2041719009491,0.7958280990508939
6,Ammonia,125.0,108.87615508394316,16.12384491605684
6,Ammonia,175.0,121.24745434241649,53.75254565758351
6,Ammonia,200.0,135.56726694754659,64.43273305245341
6,Ammonia,100.0,98.9940523435908,1.0059476564092051
6,Ammonia,125.0,116.51603045871742,8.483969541282576
6,Ammonia,250.0,172.47232505005226,77.52767494994774
6,Ammonia,150.0,137.11764276248726,12.882357237512736
6,Ammonia,50.0,102.70157466633663,52.701574666336626
6,Ammonia,225.0,189.13751659136977,35.862483408630226
6,Ammonia,75.0,103.62890897782867,28.628908977828672
6,Ammonia,225.0,181.90601100036096,43.09398899963904
6,Ammonia,75.0,106.71316504415921,31.71316504415921
6,Ammonia,175.0,179.95086178499417,4.950861784994174
6,Ammonia,200.0,186.4683476129499,13.531652387050087
6,Ammonia,100.0,126.93853870563959,26.938538705639587
6,Ammonia,125.0,158.89459094855488,33.89459094855488
6,Ammonia,250.0,215.32407781711504,34.67592218288496
6,Ammonia,150.0,167.82295145596825,17.82295145596825
6,Ammonia,50.0,106.88951770765279,56.889517707652786
6,Ammonia,125.0,165.76445205914652,40.76445205914652
6,Ammonia,250.0,215.27106184985084,34.72893815014916
6,Ammonia,150.0,171.41535227518992,21.415352275189917
6,Ammonia,50.0,107.08593788928705,57.08593788928705
6,Ammonia,225.0,202.4327451382097,22.567254861790303
6,Ammonia,75.0,114.3491709317245,39.3491709317245
6,Ammonia,175.0,184.55517276026353,9.555172760263531
6,Ammonia,200.0,182.0538654335616,17.94613456643839
6,Ammonia,100.0,130.22047851844042,30.220478518440416
6,Toluene,20.0,79.45887766720618,59.45887766720618
6,Toluene,30.0,99.68340503565,69.68340503565
6,Toluene,40.0,110.99444644507295,70.99444644507295
6,Toluene,50.0,122.12613265452126,72.12613265452126
6,Toluene,60.0,133.0613620831364,73.0613620831364
6,Toluene,70.0,141.81256004184232,71.81256004184232
6,Toluene,80.0,150.6846753591278,70.6846753591278
6,Toluene,90.0,148.69006618324642,58.690066183246415
6,Toluene,100.0,148.90023641950395,48.900236419503955
6,Acetone,50.0,134.22356778048155,84.22356778048155
6,Acetone,250.0,248.4110227887641,1.588977211235914
6,Acetone,125.0,165.64371295238635,40.64371295238635
6,Acetone,175.0,199.7645335017112,24.764533501711213
6,Acetone,200.0,230.5452380434757,30.545238043475706
6,Acetone,75.0,146.9919084582021,71.99190845820209
6,Acetone,100.0,150.7603276922329,50.76032769223289
6,Acetone,225.0,232.1485437000838,7.148543700083792
6,Acetone,150.0,188.72547084929732,38.725470849297324
6,Acetone,75.0,142.6190083720289,67.6190083720289
6,Acetone,100.0,151.03178086484394,51.03178086484394
6,Acetone,225.0,233.32990830473753,8.329908304737529
6,Acetone,150.0,187.78994685641484,37.78994685641484
6,Acetone,50.0,131.55099241863283,81.55099241863283
6,Acetone,250.0,243.48226857650104,6.517731423498958
6,Acetone,125.0,165.0815653412626,40.0815653412626
6,Acetone,175.0,204.3680508827335,29.368050882733513
6,Acetone,200.0,229.7299866925672,29.729986692567195
6,Acetone,75.0,142.3790595631324,67.37905956313239
6,Acetone,100.0,147.13430424630494,47.134304246304936
6,Acetone,225.0,232.20259111494602,7.202591114946017
6,Acetone,150.0,187.77536594810192,37.77536594810192
6,Acetone,50.0,141.55267835063367,91.55267835063367
6,Acetone,250.0,245.46239073344788,4.537609266552124
6,Acetone,125.0,161.36463725791944,36.36463725791944
6,Acetone,175.0,200.18017109342975,25.18017109342975
6,Acetone,200.0,228.45134155644098,28.45134155644098
6,Acetone,50.0,99.03237795533195,49.03237795533195
6,Acetone,75.0,116.12225100204672,41.122251002046724
6,Acetone,100.0,133.04254847601504,33.04254847601504
6,Acetone,125.0,165.62754713516614,40.62754713516614
6,Acetone,150.0,182.8231774573148,32.82317745731481
6,Acetone,175.0,203.63617238654118,28.636172386541176
6,Acetone,200.0,222.2187621413163,22.21876214131629
6,Acetone,225.0,231.3562986551097,6.356298655109697
6,Acetone,250.0,242.76847954154914,7.231520458450859
6,Acetone,175.0,203.1940422402506,28.19404224025061
6,Acetone,200.0,220.81655792006,20.816557920060006
6,Acetone,225.0,235.93254634851684,10.932546348516837
6,Acetone,250.0,244.5827952512026,5.4172047487973884
6,Acetone,50.0,103.99171241780624,53.99171241780624
6,Acetone,75.0,118.22275357336689,43.22275357336689
6,Acetone,100.0,136.5899856206193,36.5899856206193
6,Acetone,125.0,165.88642011005433,40.88642011005433
6,Acetone,150.0,186.65276991268462,36.65276991268462
6,Acetone,50.0,147.98839426674473,97.98839426674473
6,Acetone,50.0,94.61350906055382,44.613509060553824
6,Acetone,50.0,89.97529756402434,39.975297564024345
6,Acetone,50.0,96.46406548349886,46.46406548349886
6,Acetone,50.0,88.15854460496176,38.15854460496176
6,Acetone,50.0,91.81351594526006,41.813515945260065
6,Acetone,50.0,89.55007006821143,39.550070068211426
6,Acetone,50.0,91.29679593186125,41.296795931861254
6,Acetone,50.0,90.3074474807239,40.307447480723894
6,Acetone,50.0,91.66041489759037,41.66041489759037
6,Acetone,50.0,90.54405280487795,40.54405280487795
6,Acetone,50.0,89.96425580521557,39.96425580521557
6,Acetone,50.0,90.1735147066289,40.17351470662889
6,Acetone,50.0,88.33623201669886,38.33623201669886
6,Acetone,50.0,91.57184751370409,41.571847513704085
6,Acetone,50.0,89.9120725081452,39.9120725081452
6,Acetone,50.0,89.42093004126791,39.42093004126791
6,Acetone,50.0,89.29329943302632,39.29329943302632
6,Acetone,50.0,92.46441511951525,42.46441511951525
6,Acetone,50.0,90.92602859406955,40.92602859406955
6,Acetone,50.0,91.0986298386268,41.098629838626806
6,Acetone,50.0,90.01341321455727,40.013413214557275
6,Acetone,50.0,91.93477824522984,41.934778245229836
6,Acetone,50.0,89.72030785631065,39.720307856310654
6,Acetone,50.0,90.81737118985893,40.81737118985893
6,Acetone,50.0,92.48265458450501,42.48265458450501
6,Acetone,50.0,91.24905329507976,41.24905329507976
6,Acetone,50.0,93.50801945859342,43.508019458593424
6,Acetone,50.0,93.42730944629133,43.42730944629133
6,Acetone,50.0,91.14053694712524,41.14053694712524
6,Acetone,50.0,93.70308281458944,43.703082814589436
6,Acetone,50.0,90.63839113262944,40.63839113262944
6,Acetone,50.0,91.82164907147576,41.82164907147576
6,Acetone,50.0,91.97566457150361,41.975664571503614
6,Acetone,50.0,91.06991371138685,41.069913711386846
6,Acetone,50.0,90.82943634096068,40.82943634096068
6,Acetone,50.0,91.81424718750355,41.814247187503554
6,Acetone,50.0,90.8902720106203,40.89027201062029
6,Acetone,50.0,91.35891551170062,41.358915511700616
6,Acetone,50.0,92.46462151660228,42.46462151660228
6,Acetone,50.0,90.90196712492234,40.901967124922336
6,Acetone,50.0,92.8973194231074,42.897319423107405
6,Acetone,50.0,93.50224657103823,43.50224657103823
6,Acetone,50.0,94.11242486915383,44.11242486915383
6,Acetone,50.0,93.82469035979535,43.824690359795355
6,Acetone,50.0,91.41647161742014,41.41647161742014
6,Acetone,50.0,92.13294643402689,42.13294643402689
6,Acetone,50.0,93.22009788474838,43.220097884748384
6,Acetone,50.0,94.05661234230396,44.056612342303964
6,Acetone,50.0,93.22678994772619,43.22678994772619
6,Acetone,50.0,91.09090153420144,41.090901534201436
6,Acetone,50.0,91.88289332367631,41.88289332367631
6,Acetone,50.0,93.43126604128335,43.43126604128335
6,Acetone,50.0,92.19762336423327,42.197623364233266
6,Acetone,50.0,91.43920585323966,41.439205853239656
6,Acetone,50.0,92.11462758200558,42.11462758200558
6,Acetone,50.0,91.21669612492519,41.21669612492519
6,Acetone,50.0,92.8205645323134,42.8205645323134
6,Acetone,50.0,93.91880960597722,43.918809605977216
6,Acetone,50.0,93.92665907102715,43.926659071027146
6,Acetone,50.0,93.56664774979299,43.56664774979299
6,Acetone,50.0,93.31049860879102,43.31049860879102
6,Acetone,50.0,92.73851324131684,42.73851324131684
6,Acetone,50.0,91.34271762758107,41.34271762758107
6,Acetone,50.0,91.7707988630102,41.7707988630102
6,Acetone,50.0,92.97399442967286,42.97399442967286
6,Acetone,50.0,91.08831271257533,41.08831271257533
6,Acetone,50.0,92.42354227991875,42.42354227991875
6,Acetone,50.0,92.01116979582466,42.01116979582466
6,Acetone,50.0,93.35127194913689,43.35127194913689
6,Acetone,50.0,93.11188603891303,43.11188603891303
6,Acetone,50.0,99.1772530830173,49.177253083017305
6,Acetone,50.0,91.62695245990811,41.62695245990811
6,Acetone,50.0,95.25635933494107,45.25635933494107
6,Acetone,50.0,92.68984503005707,42.68984503005707
6,Acetone,50.0,94.75312067378115,44.753120673781154
6,Acetone,50.0,92.05647503805267,42.05647503805267
6,Acetone,50.0,93.36692464308673,43.36692464308673
6,Acetone,50.0,91.54057980253161,41.54057980253161
6,Acetone,50.0,93.96223820039589,43.96223820039589
6,Acetone,50.0,92.41571660276406,42.415716602764064
6,Acetone,50.0,92.97025271861438,42.970252718614375
6,Acetone,50.0,94.75017872592302,44.75017872592302
6,Acetone,50.0,91.00630444711015,41.00630444711015
6,Acetone,50.0,95.5153716038222,45.5153716038222
6,Acetone,50.0,92.86396320393288,42.86396320393288
6,Acetone,50.0,93.8239128263653,43.8239128263653
6,Acetone,50.0,93.89250258610713,43.89250258610713
6,Acetone,50.0,93.4735297002398,43.473529700239794
6,Acetone,50.0,92.82112273313628,42.82112273313628
6,Acetone,50.0,96.24821711472323,46.24821711472323
6,Acetone,50.0,94.11969038417641,44.11969038417641
6,Acetone,50.0,91.64984277781127,41.64984277781127
6,Acetone,50.0,92.75305113649323,42.75305113649323
6,Acetone,50.0,94.19978901725273,44.199789017252726
6,Acetone,50.0,93.19038569135375,43.190385691353754
6,Acetone,50.0,93.44744757473661,43.447447574736614
6,Acetone,50.0,95.09980256119039,45.09980256119039
6,Acetone,50.0,92.82277476642156,42.82277476642156
6,Acetone,50.0,94.14982730813513,44.14982730813513
6,Acetone,50.0,91.31023409022848,41.31023409022848
6,Acetone,50.0,94.48359278239339,44.48359278239339
6,Acetone,50.0,92.70237608090842,42.70237608090842
6,Acetone,50.0,92.24902933539667,42.24902933539667
6,Acetone,50.0,90.91301411970528,40.91301411970528
6,Acetone,100.0,133.21374802762844,33.21374802762844
6,Acetone,10.0,54.524735302292385,44.524735302292385
6,Acetone,100.0,127.38023857156959,27.380238571569592
6,Acetone,10.0,59.0586618598751,49.0586618598751
6,Acetone,100.0,129.2239287575257,29.223928757525698
6,Acetone,10.0,58.81335200737156,48.81335200737156
6,Acetone,100.0,128.87095159535673,28.87095159535673
6,Acetone,10.0,57.504997466710236,47.504997466710236
6,Acetone,100.0,126.81832377387732,26.818323773877324
6,Acetone,10.0,57.81236359253765,47.81236359253765
6,Acetone,100.0,125.42018417670528,25.420184176705277
6,Acetone,10.0,55.66071656989479,45.66071656989479
6,Acetone,100.0,128.79383963009718,28.79383963009718
6,Acetone,10.0,53.825975307266944,43.825975307266944
6,Acetone,100.0,128.45501518615626,28.45501518615626
6,Acetone,10.0,53.65392101154916,43.65392101154916
6,Acetone,100.0,126.72140387708393,26.72140387708393
6,Acetone,10.0,55.66248117946347,45.66248117946347
6,Acetone,100.0,127.73964060987026,27.739640609870264
6,Acetone,10.0,55.873277776210685,45.873277776210685
6,Acetone,100.0,126.52404475040811,26.52404475040811
6,Acetone,10.0,53.40534840896905,43.40534840896905
6,Acetone,100.0,126.27237189774294,26.272371897742943
6,Acetone,10.0,53.201015029170705,43.201015029170705
6,Acetone,100.0,125.18437699895651,25.18437699895651
6,Acetone,10.0,53.90454041373276,43.90454041373276
6,Acetone,100.0,127.22008231737806,27.220082317378058
6,Acetone,10.0,54.99257100303734,44.99257100303734
6,Acetone,100.0,125.38982663195253,25.38982663195253
6,Acetone,10.0,54.73782884498934,44.73782884498934
6,Acetone,100.0,125.4379541225552,25.437954122555198
6,Acetone,10.0,52.27373053138939,42.27373053138939
6,Acetone,100.0,123.47075568328135,23.470755683281354
6,Acetone,10.0,51.97912206778035,41.97912206778035
6,Acetone,100.0,126.91925761633405,26.91925761633405
6,Acetone,10.0,53.51231116439534,43.51231116439534
6,Acetone,100.0,128.2079685433601,28.207968543360096
6,Acetone,10.0,54.956171345748544,44.956171345748544
6,Acetone,100.0,128.26388164087118,28.263881640871176
6,Acetone,10.0,55.792782790687525,45.792782790687525
6,Acetone,100.0,127.79315217975008,27.79315217975008
6,Acetone,10.0,53.38523877357392,43.38523877357392
6,Acetone,100.0,127.01423668134788,27.01423668134788
6,Acetone,10.0,55.061241591011765,45.061241591011765
6,Acetone,100.0,125.22085873784417,25.220858737844168
6,Acetone,10.0,53.05497528483015,43.05497528483015
6,Acetone,100.0,126.01595270518762,26.015952705187615
6,Acetone,10.0,52.16085533645891,42.16085533645891
6,Acetone,100.0,125.95550478545181,25.955504785451808
6,Acetone,10.0,50.2730495616394,40.2730495616394
6,Acetone,100.0,126.51049932617809,26.510499326178092
6,Acetone,10.0,52.22880082982779,42.22880082982779
6,Acetone,100.0,125.88730598757945,25.887305987579452
6,Acetone,10.0,51.12616623246248,41.12616623246248
6,Acetone,100.0,126.0168266190552,26.016826619055195
6,Acetone,10.0,52.89438619335269,42.89438619335269
6,Acetone,100.0,121.47821285699783,21.47821285699783
6,Acetone,10.0,53.34037480953687,43.34037480953687
6,Acetone,100.0,125.44715773742291,25.447157737422913
6,Acetone,10.0,49.28120267596694,39.28120267596694
6,Acetone,100.0,127.9406486080693,27.940648608069296
6,Acetone,10.0,53.71540091970685,43.71540091970685
6,Acetone,100.0,130.6330771903652,30.633077190365213
6,Acetone,10.0,53.18521268183194,43.18521268183194
6,Acetone,100.0,132.92132406783713,32.92132406783713
6,Acetone,10.0,53.56773343142723,43.56773343142723
6,Acetone,100.0,132.11337747807733,32.113377478077325
6,Acetone,10.0,50.997744690843675,40.997744690843675
6,Acetone,100.0,134.56000149594928,34.56000149594928
6,Acetone,10.0,53.88129232646659,43.88129232646659
6,Acetone,100.0,131.09687683917767,31.096876839177668
6,Acetone,10.0,55.58904278889662,45.58904278889662
6,Acetone,100.0,125.95685720087613,25.95685720087613
6,Acetone,10.0,52.936010459242425,42.936010459242425
6,Acetone,100.0,127.20727511686245,27.207275116862448
6,Acetone,10.0,51.40830091843536,41.40830091843536
6,Acetone,100.0,124.16639630227095,24.166396302270954
6,Acetone,10.0,50.306352528113734,40.306352528113734
6,Acetone,100.0,124.83817924226818,24.838179242268183
6,Acetone,10.0,47.81308637725144,37.81308637725144
6,Acetone,100.0,121.71232210446868,21.712322104468683
6,Acetone,10.0,45.40218903158966,35.40218903158966
6,Acetone,100.0,120.73183000965973,20.73183000965973
6,Acetone,10.0,48.27677532507673,38.27677532507673
6,Acetone,100.0,125.10990324660801,25.109903246608013
6,Acetone,10.0,48.196549884877854,38.196549884877854
6,Acetone,100.0,121.19901511506323,21.199015115063233
6,Acetone,10.0,45.04559840180123,35.04559840180123
6,Acetone,100.0,120.93130859479143,20.93130859479143
6,Acetone,10.0,46.26307956780015,36.26307956780015
6,Acetone,100.0,124.52180307614745,24.52180307614745
6,Acetone,10.0,45.799251354089236,35.799251354089236
6,Acetone,100.0,123.56851981328802,23.56851981328802
6,Acetone,10.0,44.00468848171742,34.00468848171742
6,Acetone,100.0,123.40189872034068,23.401898720340682
6,Acetone,10.0,44.895673192925756,34.895673192925756
6,Acetone,100.0,125.5369622603545,25.5369622603545
6,Acetone,10.0,42.9078927459847,32.9078927459847
6,Acetone,100.0,121.68737834205821,21.68737834205821
6,Acetone,10.0,41.869959477788626,31.869959477788626
6,Acetaldehyde,50.0,76.497151487633,26.497151487633005
6,Acetaldehyde,250.0,210.45869073381888,39.541309266181116
6,Acetaldehyde,125.0,106.13724000961766,18.862759990382344
6,Acetaldehyde,175.0,143.27152936754413,31.728470632455867
6,Acetaldehyde,200.0,165.20502046489798,34.794979535102016
6,Acetaldehyde,75.0,79.56570164295125,4.565701642951254
6,Acetaldehyde,100.0,100.35904544397256,0.3590454439725619
6,Acetaldehyde,225.0,192.34950347575165,32.650496524248354
6,Acetaldehyde,150.0,113.00034681851716,36.99965318148284
6,Acetaldehyde,75.0,78.07229794807988,3.0722979480798784
6,Acetaldehyde,100.0,96.06310158570116,3.936898414298838
6,Acetaldehyde,225.0,187.35588363564776,37.64411636435224
6,Acetaldehyde,150.0,115.28488995319643,34.715110046803574
6,Acetaldehyde,50.0,81.8590713960413,31.8590713960413
6,Acetaldehyde,250.0,193.67646918941333,56.323530810586675
6,Acetaldehyde,125.0,109.89245968570191,15.107540314298092
6,Acetaldehyde,175.0,134.2948847457211,40.705115254278894
6,Acetaldehyde,200.0,153.60871770947466,46.39128229052534
6,Acetaldehyde,50.0,85.13036296398965,35.130362963989654
6,Acetaldehyde,250.0,201.18121852630628,48.81878147369372
6,Acetaldehyde,125.0,105.58342322467973,19.416576775320266
6,Acetaldehyde,175.0,133.94103408875338,41.05896591124662
6,Acetaldehyde,200.0,157.65151977363587,42.34848022636413
6,Acetaldehyde,75.0,84.53462716003054,9.534627160030539
6,Acetaldehyde,100.0,94.06829208040226,5.931707919597741
6,Acetaldehyde,225.0,175.5758582978761,49.424141702123904
6,Acetaldehyde,150.0,114.98353223113534,35.01646776886466
6,Acetaldehyde,50.0,75.92299452631566,25.922994526315662
6,Acetaldehyde,75.0,84.65707376487752,9.657073764877524
6,Acetaldehyde,100.0,108.12273879273252,8.12273879273252
6,Acetaldehyde,125.0,110.37852030245088,14.62147969754912
6,Acetaldehyde,150.0,118.22382161982213,31.776178380177868
6,Acetaldehyde,175.0,139.58006650398568,35.41993349601432
6,Acetaldehyde,200.0,165.18659722714943,34.813402772850566
6,Acetaldehyde,225.0,186.75327135909697,38.24672864090303
6,Acetaldehyde,250.0,204.7633560122894,45.23664398771061
6,Acetaldehyde,50.0,184.79712719192293,134.79712719192293
6,Acetaldehyde,50.0,87.57837932526914,37.57837932526914
6,Acetaldehyde,50.0,83.43062548877298,33.430625488772975
6,Acetaldehyde,50.0,78.84245921753713,28.842459217537126
6,Acetaldehyde,50.0,77.04476209232224,27.044762092322244
6,Acetaldehyde,50.0,76.14853920716571,26.14853920716571
6,Acetaldehyde,50.0,79.00713801851934,29.007138018519342
6,Acetaldehyde,50.0,76.5823674977411,26.582367497741103
6,Acetaldehyde,50.0,76.49105498175379,26.49105498175379
6,Acetaldehyde,50.0,77.4979541270994,27.497954127099405
6,Acetaldehyde,50.0,74.66778238778595,24.667782387785948
6,Acetaldehyde,50.0,77.40363540355266,27.403635403552656
6,Acetaldehyde,50.0,75.91420883577145,25.914208835771447
6,Acetaldehyde,50.0,74.38558458468394,24.38558458468394
6,Acetaldehyde,50.0,75.93415687810602,25.934156878106023
6,Acetaldehyde,50.0,74.44782817324213,24.44782817324213
6,Acetaldehyde,50.0,76.69645151451724,26.696451514517236
6,Acetaldehyde,50.0,76.70608870580187,26.706088705801875
6,Acetaldehyde,50.0,76.60837813364503,26.608378133645033
6,Acetaldehyde,50.0,78.47907701596073,28.479077015960726
6,Acetaldehyde,50.0,76.25447696245958,26.254476962459577
6,Acetaldehyde,50.0,73.57227670185354,23.57227670185354
6,Acetaldehyde,50.0,75.06463468089582,25.06463468089582
6,Acetaldehyde,50.0,76.5310890593678,26.5310890593678
6,Acetaldehyde,50.0,75.31285532688888,25.31285532688888
6,Acetaldehyde,50.0,76.06006419895992,26.06006419895992
6,Acetaldehyde,50.0,76.06311223209386,26.063112232093857
6,Acetaldehyde,50.0,73.52159828758336,23.52159828758336
6,Acetaldehyde,50.0,77.44657783839628,27.44657783839628
6,Acetaldehyde,50.0,76.29593010588707,26.295930105887066
6,Acetaldehyde,50.0,73.14232750876134,23.14232750876134
6,Acetaldehyde,50.0,75.59844213033874,25.59844213033874
6,Acetaldehyde,50.0,76.99013849815304,26.990138498153044
6,Acetaldehyde,50.0,74.37388837050155,24.373888370501547
6,Acetaldehyde,50.0,76.0897907248053,26.089790724805297
6,Acetaldehyde,50.0,73.83856806193819,23.83856806193819
6,Acetaldehyde,50.0,75.97839025178006,25.978390251780056
6,Acetaldehyde,50.0,75.40045618302173,25.40045618302173
6,Acetaldehyde,50.0,74.22876140535355,24.228761405353552
6,Acetaldehyde,50.0,74.51664494553604,24.516644945536044
6,Acetaldehyde,50.0,76.17889734951511,26.17889734951511
6,Acetaldehyde,50.0,76.07872909554317,26.078729095543167
6,Acetaldehyde,50.0,76.08611057702898,26.086110577028975
6,Acetaldehyde,50.0,76.28209752039375,26.282097520393748
6,Acetaldehyde,50.0,75.28179656871995,25.281796568719955
6,Acetaldehyde,50.0,75.17230197732061,25.172301977320615
6,Acetaldehyde,50.0,76.20531977275948,26.20531977275948
6,Acetaldehyde,50.0,75.24056261372891,25.240562613728912
6,Acetaldehyde,50.0,73.16611252420311,23.166112524203115
6,Acetaldehyde,50.0,74.75451001281756,24.754510012817562
6,Acetaldehyde,50.0,76.36502057629558,26.365020576295578
6,Acetaldehyde,50.0,74.84528923712456,24.84528923712456
6,Acetaldehyde,50.0,75.2858688258057,25.285868825805693
6,Acetaldehyde,50.0,75.49782650973408,25.497826509734082
6,Acetaldehyde,50.0,73.55869058014812,23.558690580148124
6,Acetaldehyde,50.0,75.39966270915376,25.39966270915376
6,Acetaldehyde,50.0,75.7460239118056,25.746023911805594
6,Acetaldehyde,50.0,78.04661167385464,28.046611673854642
6,Acetaldehyde,50.0,73.31482689066186,23.314826890661863
6,Acetaldehyde,50.0,74.54702605461732,24.54702605461732
6,Acetaldehyde,50.0,73.53118440190424,23.53118440190424
6,Acetaldehyde,50.0,74.60839838106484,24.608398381064845
6,Acetaldehyde,50.0,72.9415745643217,22.941574564321698
6,Acetaldehyde,50.0,74.23813576660552,24.238135766605524
6,Acetaldehyde,50.0,74.01295111273718,24.012951112737184
6,Acetaldehyde,50.0,76.0059421744303,26.005942174430302
6,Acetaldehyde,50.0,74.25183783116756,24.251837831167563
6,Acetaldehyde,50.0,75.00320374582324,25.003203745823242
6,Acetaldehyde,50.0,73.43640907733823,23.436409077338226
6,Acetaldehyde,50.0,77.31744694520425,27.317446945204253
6,Acetaldehyde,50.0,73.3609017035531,23.360901703553097
6,Acetaldehyde,50.0,74.08340795641806,24.083407956418057
6,Acetaldehyde,50.0,73.35380390340728,23.353803903407282
6,Acetaldehyde,50.0,73.1319514260565,23.131951426056503
6,Acetaldehyde,50.0,75.31004406490311,25.31004406490311
6,Acetaldehyde,50.0,73.21013025479559,23.210130254795587
6,Acetaldehyde,50.0,74.98011376345268,24.980113763452678
6,Acetaldehyde,50.0,76.15710774244982,26.157107742449824
6,Acetaldehyde,50.0,75.50822621575101,25.50822621575101
6,Acetaldehyde,50.0,74.70332983674432,24.703329836744317
6,Acetaldehyde,50.0,75.41944023699465,25.419440236994646
6,Acetaldehyde,50.0,75.15744381592229,25.157443815922292
6,Acetaldehyde,50.0,78.66252585654271,28.662525856542715
6,Acetaldehyde,50.0,76.22079320825846,26.220793208258456
6,Acetaldehyde,50.0,77.66393640653355,27.66393640653355
6,Acetaldehyde,50.0,74.5594247677215,24.559424767721495
6,Acetaldehyde,50.0,76.45309725398953,26.453097253989526
6,Acetaldehyde,50.0,75.05508454919003,25.055084549190028
6,Acetaldehyde,50.0,75.43251519260424,25.432515192604242
6,Acetaldehyde,50.0,72.85590957838308,22.855909578383077
6,Acetaldehyde,50.0,75.08524758244525,25.08524758244525
6,Acetaldehyde,50.0,74.86659895992777,24.86659895992777
6,Acetaldehyde,50.0,73.68588536673649,23.685885366736485
6,Acetaldehyde,50.0,74.39354685258824,24.393546852588244
6,Acetaldehyde,50.0,74.67328484280925,24.673284842809252
6,Acetaldehyde,50.0,74.12110006859456,24.121100068594558
6,Acetaldehyde,50.0,75.36726450516902,25.367264505169018
6,Acetaldehyde,50.0,75.77856808493857,25.77856808493857
6,Acetaldehyde,50.0,74.16220112093035,24.162201120930348
6,Acetaldehyde,50.0,74.97005243263992,24.970052432639918
6,Acetaldehyde,50.0,77.81197500601992,27.81197500601992
6,Acetaldehyde,50.0,75.4408309734687,25.440830973468707
6,Acetaldehyde,50.0,74.01672194577242,24.016721945772417
6,Acetaldehyde,50.0,74.43024012369615,24.43024012369615
6,Acetaldehyde,50.0,73.00075293529083,23.000752935290834
6,Acetaldehyde,50.0,92.35184658312488,42.35184658312488
6,Acetaldehyde,50.0,70.79459567159974,20.794595671599737
6,Acetaldehyde,50.0,77.12828288218647,27.12828288218647
6,Acetaldehyde,50.0,78.07290917183794,28.072909171837935
6,Acetaldehyde,50.0,76.80724818677517,26.80724818677517
6,Acetaldehyde,50.0,77.27020908819536,27.270209088195358
6,Acetaldehyde,50.0,77.61008144494117,27.610081444941173
6,Acetaldehyde,50.0,74.97307315386662,24.973073153866622
6,Acetaldehyde,50.0,74.22652510515785,24.226525105157847
6,Acetaldehyde,50.0,77.09838050242095,27.09838050242095
6,Acetaldehyde,50.0,75.83611151953245,25.83611151953245
6,Acetaldehyde,50.0,77.36557844896537,27.365578448965366
6,Acetaldehyde,50.0,74.53256166992267,24.53256166992267
6,Acetaldehyde,50.0,74.97676344388388,24.976763443883883
6,Acetaldehyde,50.0,73.21227540385544,23.212275403855443
6,Acetaldehyde,50.0,76.9646687677788,26.964668767778804
6,Acetaldehyde,50.0,76.48952945193776,26.489529451937756
6,Acetaldehyde,50.0,74.25853175957613,24.25853175957613
6,Acetaldehyde,50.0,75.79820991014653,25.798209910146525
6,Acetaldehyde,50.0,73.50448796905069,23.504487969050686
6,Acetaldehyde,50.0,76.931906986174,26.931906986174
6,Acetaldehyde,50.0,75.53905082189262,25.539050821892616
6,Acetaldehyde,50.0,77.2001850052728,27.2001850052728
6,Acetaldehyde,50.0,74.24821477392446,24.24821477392446
6,Acetaldehyde,50.0,75.27273719275469,25.27273719275469
6,Acetaldehyde,50.0,76.50717969295313,26.50717969295313
6,Acetaldehyde,50.0,76.18073014384427,26.180730143844272
6,Acetaldehyde,50.0,74.88227427897657,24.882274278976567
6,Acetaldehyde,50.0,76.30425744273354,26.304257442733544
6,Acetaldehyde,50.0,75.65683448522114,25.65683448522114
6,Acetaldehyde,50.0,78.0426465227391,28.042646522739105
6,Acetaldehyde,50.0,76.85891643363495,26.858916433634946
6,Acetaldehyde,50.0,76.75579303510543,26.755793035105427
6,Acetaldehyde,50.0,75.15981158295727,25.159811582957275
6,Acetaldehyde,50.0,75.35283339415813,25.352833394158125
6,Acetaldehyde,50.0,74.66583198591668,24.665831985916682
6,Acetaldehyde,50.0,74.04379326013851,24.043793260138514
6,Acetaldehyde,50.0,75.33974376370398,25.33974376370398
6,Acetaldehyde,50.0,77.11862860547599,27.11862860547599
6,Acetaldehyde,50.0,76.30806844092739,26.308068440927386
6,Acetaldehyde,50.0,74.00717278923732,24.007172789237316
6,Acetaldehyde,50.0,74.53738696335017,24.537386963350173
6,Acetaldehyde,50.0,73.49705657811765,23.49705657811765
6,Acetaldehyde,50.0,77.64127226308742,27.641272263087416
6,Acetaldehyde,50.0,73.31945942662095,23.319459426620952
6,Acetaldehyde,50.0,75.06505174466847,25.065051744668466
6,Acetaldehyde,50.0,73.94773139619669,23.947731396196687
6,Acetaldehyde,50.0,72.711392759054,22.711392759053993
6,Acetaldehyde,50.0,75.71971304807455,25.719713048074553
6,Acetaldehyde,50.0,77.37313707363062,27.373137073630616
6,Acetaldehyde,50.0,76.01085574097488,26.010855740974876
6,Acetaldehyde,50.0,76.44208086201428,26.44208086201428
6,Acetaldehyde,50.0,77.05049784248455,27.050497842484546
6,Acetaldehyde,50.0,74.61102840994063,24.61102840994063
6,Acetaldehyde,50.0,76.36791443286899,26.367914432868986
6,Acetaldehyde,50.0,76.80258326077397,26.80258326077397
6,Acetaldehyde,50.0,75.50715644542647,25.507156445426475
6,Acetaldehyde,50.0,75.78528686996023,25.78528686996023
6,Acetaldehyde,50.0,75.66136993593187,25.661369935931873
6,Acetaldehyde,50.0,74.3529467306728,24.352946730672798
6,Acetaldehyde,50.0,78.65751810055248,28.65751810055248
6,Acetaldehyde,50.0,73.72772575945525,23.727725759455254
6,Acetaldehyde,50.0,77.91027710380042,27.910277103800425
6,Acetaldehyde,50.0,75.67321512062884,25.67321512062884
6,Acetaldehyde,50.0,76.46781159951584,26.46781159951584
6,Acetaldehyde,50.0,76.69428806630982,26.694288066309824
6,Acetaldehyde,50.0,76.424731003858,26.424731003858
6,Acetaldehyde,50.0,76.30086953399127,26.300869533991275
6,Acetaldehyde,50.0,78.40479888490538,28.404798884905375
6,Acetaldehyde,50.0,73.7720309929433,23.7720309929433
6,Acetaldehyde,50.0,78.97846858238078,28.978468582380785
6,Acetaldehyde,50.0,73.91119951141046,23.91119951141046
6,Acetaldehyde,50.0,77.12858071642817,27.128580716428175
6,Acetaldehyde,50.0,77.91681475129556,27.91681475129556
6,Acetaldehyde,50.0,74.51497760447909,24.514977604479085
6,Acetaldehyde,50.0,76.25708806636914,26.257088066369136
6,Acetaldehyde,50.0,76.31197844877326,26.31197844877326
6,Acetaldehyde,50.0,76.74141078542621,26.74141078542621
6,Acetaldehyde,50.0,74.10833899174794,24.108338991747942
6,Acetaldehyde,50.0,72.58801301964104,22.58801301964104
6,Acetaldehyde,50.0,72.81715107002337,22.81715107002337
6,Acetaldehyde,50.0,74.51647612125409,24.516476121254087
6,Acetaldehyde,50.0,76.12268394531115,26.122683945311152
6,Acetaldehyde,50.0,77.70999354363661,27.709993543636614
6,Acetaldehyde,50.0,74.3319453948818,24.3319453948818
6,Acetaldehyde,50.0,75.30256954402505,25.302569544025047
6,Acetaldehyde,50.0,76.0601801680992,26.060180168099194
6,Acetaldehyde,50.0,76.0002368500186,26.000236850018595
6,Acetaldehyde,50.0,72.83572451880282,22.83572451880282
6,Acetaldehyde,50.0,73.85599896400387,23.855998964003874
6,Acetaldehyde,50.0,73.19956188169266,23.19956188169266
6,Acetaldehyde,50.0,76.18408564239719,26.184085642397193
6,Acetaldehyde,50.0,73.79970552138423,23.799705521384226
6,Acetaldehyde,50.0,74.25892076622075,24.258920766220754
6,Acetaldehyde,50.0,77.20850113669654,27.20850113669654
6,Acetaldehyde,50.0,74.57764243269213,24.57764243269213
6,Acetaldehyde,50.0,77.41563840514343,27.415638405143426
6,Acetaldehyde,50.0,74.61748733761577,24.61748733761577
6,Acetaldehyde,50.0,75.60175070879389,25.601750708793887
6,Acetaldehyde,50.0,75.4904563320245,25.490456332024493
6,Acetaldehyde,50.0,76.31832557659504,26.318325576595043
6,Acetaldehyde,50.0,77.01068922051985,27.01068922051985
6,Acetaldehyde,50.0,74.53014627398984,24.530146273989843
6,Acetaldehyde,50.0,75.75004902412554,25.750049024125545
6,Acetaldehyde,50.0,76.60072071286932,26.600720712869318
6,Acetaldehyde,50.0,173.30914938819166,123.30914938819166
6,Acetaldehyde,50.0,90.61947812429935,40.61947812429935
6,Acetaldehyde,50.0,74.85868179814005,24.858681798140054
6,Acetaldehyde,50.0,77.09594030333282,27.095940303332824
6,Acetaldehyde,50.0,72.13875212026716,22.138752120267156
6,Acetaldehyde,50.0,78.63274308007848,28.632743080078484
6,Acetaldehyde,50.0,77.47715018821971,27.47715018821971
6,Acetaldehyde,50.0,76.49643545910726,26.49643545910726
6,Acetaldehyde,50.0,75.51961240589921,25.51961240589921
6,Acetaldehyde,50.0,74.36323849472485,24.363238494724854
6,Acetaldehyde,50.0,77.1543937869573,27.1543937869573
6,Acetaldehyde,50.0,73.4887626151848,23.488762615184797
6,Acetaldehyde,50.0,81.55506569168301,31.555065691683012
6,Acetaldehyde,50.0,75.48906054432086,25.489060544320864
6,Acetaldehyde,50.0,77.06836519445753,27.068365194457527
6,Acetaldehyde,50.0,80.61665463227867,30.616654632278667
6,Acetaldehyde,50.0,76.99686627010422,26.99686627010422
6,Acetaldehyde,50.0,76.06638196663937,26.06638196663937
6,Acetaldehyde,50.0,74.63462978874891,24.63462978874891
6,Acetaldehyde,50.0,76.1253948290815,26.1253948290815
6,Acetaldehyde,50.0,73.98013485215688,23.98013485215688
6,Acetaldehyde,50.0,74.64264826971603,24.642648269716034
6,Acetaldehyde,50.0,76.85725289063849,26.85725289063849
6,Acetaldehyde,50.0,75.34362002869346,25.343620028693465
6,Acetaldehyde,50.0,74.56028825048693,24.560288250486934
6,Acetaldehyde,50.0,75.3099698112007,25.309969811200702
6,Acetaldehyde,50.0,74.096129203832,24.096129203832007
6,Acetaldehyde,50.0,78.20945196033273,28.20945196033273
6,Acetaldehyde,50.0,74.05162244383295,24.051622443832954
6,Acetaldehyde,50.0,77.87099695208313,27.870996952083132
6,Acetaldehyde,50.0,74.73083179014733,24.730831790147334
6,Acetaldehyde,50.0,73.305629678545,23.305629678545003
6,Acetaldehyde,50.0,73.43281742977992,23.432817429779917
6,Acetaldehyde,50.0,74.92520625645835,24.925206256458353
6,Acetaldehyde,50.0,73.87625939559679,23.87625939559679
6,Acetaldehyde,50.0,74.61063919407368,24.610639194073684
6,Acetaldehyde,50.0,76.98960988939595,26.98960988939595
6,Acetaldehyde,50.0,75.92772692832808,25.927726928328084
6,Acetaldehyde,50.0,77.96419211605776,27.96419211605776
6,Acetaldehyde,50.0,79.47604245368619,29.47604245368619
6,Acetaldehyde,50.0,76.2441384002067,26.244138400206694
6,Acetaldehyde,50.0,77.41272010516559,27.41272010516559
6,Acetaldehyde,50.0,73.60317773378515,23.603177733785145
6,Acetaldehyde,50.0,75.34870996923442,25.34870996923442
6,Acetaldehyde,50.0,75.43813761813121,25.438137618131208
6,Acetaldehyde,50.0,72.30371449107106,22.303714491071062
6,Acetaldehyde,50.0,74.92333743291739,24.923337432917393
6,Acetaldehyde,50.0,73.50156844374823,23.501568443748226
6,Acetaldehyde,50.0,73.69498358625823,23.694983586258232
6,Acetaldehyde,50.0,75.13691932067202,25.13691932067202
6,Acetaldehyde,50.0,72.47469366084627,22.47469366084627
6,Acetaldehyde,50.0,75.20340326231987,25.203403262319867
6,Acetaldehyde,50.0,75.25734682190163,25.257346821901635
6,Acetaldehyde,50.0,74.14313901501536,24.143139015015365
6,Acetaldehyde,50.0,74.70350338168733,24.703503381687327
6,Acetaldehyde,50.0,74.02908247845235,24.029082478452352
6,Acetaldehyde,50.0,73.22585887030986,23.225858870309864
6,Acetaldehyde,50.0,71.89188364786847,21.891883647868468
6,Acetaldehyde,50.0,75.20730128334449,25.207301283344492
6,Acetaldehyde,50.0,72.07146382569292,22.071463825692916
6,Acetaldehyde,50.0,73.05385475151361,23.05385475151361
6,Acetaldehyde,50.0,72.844455527274,22.844455527273993
6,Acetaldehyde,50.0,73.58397526517403,23.583975265174033
6,Acetaldehyde,50.0,74.79112133476235,24.79112133476235
6,Acetaldehyde,50.0,73.02235819485827,23.02235819485827
6,Acetaldehyde,50.0,71.83092434763567,21.830924347635673
6,Acetaldehyde,50.0,73.71989104923946,23.719891049239465
6,Acetaldehyde,50.0,73.14598651770942,23.145986517709417
6,Acetaldehyde,50.0,71.94329922564735,21.94329922564735
6,Acetaldehyde,50.0,71.22431822291257,21.224318222912572
6,Acetaldehyde,50.0,72.27386311774299,22.27386311774299
6,Acetaldehyde,50.0,74.08500196575277,24.085001965752767
6,Acetaldehyde,50.0,72.0530299310428,22.0530299310428
6,Acetaldehyde,50.0,72.89288643520389,22.89288643520389
6,Acetaldehyde,50.0,73.11213529890234,23.112135298902345
6,Acetaldehyde,50.0,71.79749123698748,21.797491236987483
6,Acetaldehyde,50.0,72.1514340301232,22.1514340301232
6,Acetaldehyde,50.0,72.28800304897803,22.288003048978027
6,Acetaldehyde,50.0,71.87822774748679,21.87822774748679
6,Acetaldehyde,50.0,73.97819655418361,23.97819655418361
6,Acetaldehyde,50.0,72.38372845853947,22.383728458539466
6,Acetaldehyde,50.0,72.69670962201116,22.696709622011156
6,Acetaldehyde,50.0,71.65516329850811,21.655163298508114
6,Acetaldehyde,50.0,79.08566579502806,29.085665795028063
6,Acetaldehyde,50.0,71.68428967115747,21.684289671157472
6,Acetaldehyde,50.0,68.87046898751808,18.87046898751808
6,Acetaldehyde,50.0,71.14554760028408,21.145547600284075
6,Acetaldehyde,50.0,105.13984862135692,55.13984862135692
6,Acetaldehyde,50.0,65.95341747585339,15.953417475853385
6,Acetaldehyde,50.0,67.6951283507228,17.695128350722797
6,Acetaldehyde,50.0,70.21680634618619,20.21680634618619
6,Acetaldehyde,50.0,69.00175221636005,19.001752216360046
6,Acetaldehyde,50.0,69.10655119003063,19.10655119003063
6,Acetaldehyde,50.0,69.30691886556718,19.306918865567184
6,Acetaldehyde,50.0,68.04924725089545,18.049247250895448
6,Acetaldehyde,50.0,70.15555955778603,20.155559557786034
6,Acetaldehyde,50.0,69.62448986893006,19.624489868930056
6,Acetaldehyde,50.0,70.35161782874711,20.35161782874711
6,Acetaldehyde,50.0,71.53155427275433,21.531554272754335
6,Acetaldehyde,50.0,69.48995206324493,19.489952063244928
6,Acetaldehyde,50.0,69.1136563076629,19.113656307662893
6,Acetaldehyde,50.0,68.6872256756799,18.687225675679898
6,Acetaldehyde,50.0,68.14734377608055,18.147343776080547
6,Acetaldehyde,50.0,68.27508607663239,18.27508607663239
6,Acetaldehyde,50.0,68.95438176079338,18.95438176079338
6,Acetaldehyde,100.0,144.0857942317578,44.0857942317578
6,Acetaldehyde,10.0,106.61689111052414,96.61689111052414
6,Acetaldehyde,100.0,128.6665349663111,28.666534966311104
6,Acetaldehyde,10.0,106.45683578800214,96.45683578800214
6,Acetaldehyde,100.0,130.83255201773812,30.832552017738124
6,Acetaldehyde,10.0,106.54180690225333,96.54180690225333
6,Acetaldehyde,100.0,133.99066991567543,33.990669915675426
6,Acetaldehyde,10.0,107.05605079039549,97.05605079039549
6,Acetaldehyde,100.0,130.62272171204998,30.62272171204998
6,Acetaldehyde,10.0,106.96553374481394,96.96553374481394
6,Acetaldehyde,100.0,123.19465865235134,23.194658652351336
6,Acetaldehyde,10.0,106.57907033041735,96.57907033041735
6,Acetaldehyde,100.0,120.11736866275174,20.117368662751744
6,Acetaldehyde,10.0,103.95824651358922,93.95824651358922
6,Acetaldehyde,100.0,120.03725370755356,20.03725370755356
6,Acetaldehyde,10.0,107.20086444035765,97.20086444035765
6,Acetaldehyde,100.0,117.62876192250475,17.62876192250475
6,Acetaldehyde,10.0,106.44547070232574,96.44547070232574
6,Acetaldehyde,100.0,112.95644778787731,12.956447787877309
6,Acetaldehyde,10.0,108.12417375270756,98.12417375270756
6,Acetaldehyde,100.0,110.3986351900599,10.398635190059906
6,Acetaldehyde,10.0,105.75325493344276,95.75325493344276
6,Acetaldehyde,100.0,112.72855609662268,12.728556096622683
6,Acetaldehyde,10.0,106.19996367218371,96.19996367218371
6,Acetaldehyde,100.0,114.60339366578052,14.603393665780516
6,Acetaldehyde,10.0,107.48581744345216,97.48581744345216
6,Acetaldehyde,100.0,125.89238728071611,25.892387280716108
6,Acetaldehyde,10.0,103.90456090263643,93.90456090263643
6,Acetaldehyde,100.0,126.79578578654713,26.79578578654713
6,Acetaldehyde,10.0,106.21077901001837,96.21077901001837
6,Acetaldehyde,100.0,130.83351514365202,30.833515143652022
6,Acetaldehyde,10.0,105.09061544653014,95.09061544653014
6,Acetaldehyde,100.0,130.60409966472025,30.604099664720252
6,Acetaldehyde,10.0,108.52459440855881,98.52459440855881
6,Acetaldehyde,100.0,131.71116352144028,31.711163521440284
6,Acetaldehyde,10.0,107.8001937265914,97.8001937265914
6,Acetaldehyde,100.0,129.72589523170438,29.725895231704385
6,Acetaldehyde,10.0,107.76292178610018,97.76292178610018
6,Acetaldehyde,100.0,129.0311029053145,29.031102905314498
6,Acetaldehyde,10.0,108.39854863230735,98.39854863230735
6,Acetaldehyde,100.0,123.74811477153062,23.748114771530624
6,Acetaldehyde,10.0,108.50260149942694,98.50260149942694
6,Acetaldehyde,100.0,122.11224247986651,22.11224247986651
6,Acetaldehyde,10.0,107.37758306906422,97.37758306906422
6,Acetaldehyde,100.0,123.1474602946359,23.147460294635906
6,Acetaldehyde,10.0,107.30784466429984,97.30784466429984
6,Acetaldehyde,100.0,120.78527530737651,20.78527530737651
6,Acetaldehyde,10.0,107.5215090358133,97.5215090358133
6,Acetaldehyde,100.0,116.64162312037662,16.64162312037662
6,Acetaldehyde,10.0,107.92083389145498,97.92083389145498
6,Acetaldehyde,100.0,115.63382231014829,15.63382231014829
6,Acetaldehyde,10.0,107.57830988979975,97.57830988979975
6,Acetaldehyde,100.0,113.19631712240108,13.196317122401084
6,Acetaldehyde,10.0,107.89632084676772,97.89632084676772
6,Acetaldehyde,100.0,112.89480309554742,12.894803095547417
6,Acetaldehyde,10.0,110.73301453166219,100.73301453166219
6,Acetaldehyde,100.0,113.87083148399732,13.870831483997321
6,Acetaldehyde,10.0,107.12103587154148,97.12103587154148
6,Acetaldehyde,100.0,110.94965241905459,10.949652419054587
6,Acetaldehyde,10.0,107.01687598904353,97.01687598904353
6,Acetaldehyde,100.0,109.71065486942263,9.710654869422626
6,Acetaldehyde,10.0,107.01359116187734,97.01359116187734
6,Acetaldehyde,100.0,108.58535329663087,8.58535329663087
6,Acetaldehyde,10.0,108.24728162275849,98.24728162275849
6,Acetaldehyde,100.0,110.43994381490344,10.439943814903444
6,Acetaldehyde,10.0,109.32016583727028,99.32016583727028
6,Acetaldehyde,100.0,108.32219730746719,8.322197307467192
6,Acetaldehyde,10.0,108.14994750874871,98.14994750874871
6,Acetaldehyde,100.0,109.71058932453374,9.710589324533743
6,Acetaldehyde,10.0,109.15977702514625,99.15977702514625
6,Acetaldehyde,100.0,109.71826138249178,9.718261382491775
6,Acetaldehyde,10.0,108.2592700950074,98.2592700950074
6,Acetaldehyde,100.0,107.88185145404528,7.881851454045275
6,Acetaldehyde,10.0,103.11670956969573,93.11670956969573
6,Acetaldehyde,100.0,108.84176474186786,8.841764741867863
6,Acetaldehyde,10.0,105.61545290738638,95.61545290738638
6,Acetaldehyde,100.0,107.67754364971205,7.6775436497120495
6,Acetaldehyde,10.0,110.44946607221128,100.44946607221128
6,Acetaldehyde,100.0,109.09619703768404,9.096197037684036
6,Acetaldehyde,10.0,108.45011972218437,98.45011972218437
6,Acetaldehyde,100.0,108.28937911961391,8.289379119613912
6,Acetaldehyde,10.0,109.66724453577805,99.66724453577805
6,Acetaldehyde,100.0,107.58556984245914,7.585569842459137
6,Acetaldehyde,10.0,110.0775758376019,100.0775758376019
6,Acetaldehyde,100.0,108.95193226605186,8.951932266051855
6,Acetaldehyde,10.0,108.19640468939406,98.19640468939406
6,Acetaldehyde,100.0,105.05327316128117,5.053273161281169
6,Acetaldehyde,10.0,108.31912510274356,98.31912510274356
6,Acetaldehyde,100.0,107.44224747663102,7.4422474766310245
6,Acetaldehyde,10.0,105.76462770522586,95.76462770522586
6,Acetaldehyde,100.0,104.72692940084168,4.726929400841684
6,Acetaldehyde,10.0,107.57357624790276,97.57357624790276
6,Acetaldehyde,100.0,104.17017762586181,4.170177625861811
6,Acetaldehyde,10.0,106.4364738574981,96.4364738574981
6,Acetaldehyde,100.0,105.44927077349696,5.449270773496963
6,Acetaldehyde,10.0,108.78334509081776,98.78334509081776
6,Acetaldehyde,100.0,103.73809608106481,3.7380960810648105
6,Acetaldehyde,10.0,106.33591968127145,96.33591968127145
6,Acetaldehyde,100.0,104.08771613470107,4.087716134701068
6,Acetaldehyde,10.0,108.00727642935382,98.00727642935382
6,Ammonia,50.0,96.14018343114027,46.14018343114027
6,Ammonia,75.0,108.90573970989476,33.90573970989476
6,Ammonia,150.0,142.13620430978463,7.863795690215369
6,Ammonia,250.0,206.51213990925524,43.48786009074476
6,Ammonia,225.0,206.47615188721525,18.523848112784748
6,Ammonia,200.0,164.58822027628426,35.41177972371574
6,Ammonia,175.0,186.61841076808074,11.618410768080736
6,Ammonia,100.0,127.02264815627237,27.022648156272368
6,Ammonia,125.0,176.1180765647694,51.11807656476941
6,Ammonia,225.0,182.8116362516057,42.188363748394295
6,Ammonia,200.0,166.9300014654257,33.069998534574296
6,Ammonia,175.0,182.31829898218447,7.318298982184473
6,Ammonia,100.0,135.34994904035767,35.34994904035767
6,Ammonia,125.0,178.41996219837904,53.41996219837904
6,Ammonia,50.0,95.41036906294582,45.41036906294582
6,Ammonia,75.0,113.88736754554176,38.887367545541764
6,Ammonia,150.0,150.2070237638177,0.20702376381768772
6,Ammonia,250.0,218.96864681827822,31.031353181721784
6,Ammonia,50.0,91.55354929342535,41.55354929342535
6,Ammonia,75.0,113.68097697915732,38.68097697915732
6,Ammonia,150.0,150.1483491297572,0.14834912975720727
6,Ammonia,250.0,218.1046753545321,31.895324645467895
6,Ammonia,225.0,211.8296174249068,13.170382575093214
6,Ammonia,200.0,173.08192231752898,26.918077682471022
6,Ammonia,175.0,180.38711883274564,5.387118832745642
6,Ammonia,100.0,140.89014996446647,40.890149964466474
6,Ammonia,125.0,175.50682860874653,50.50682860874653
6,Ammonia,50.0,95.34197444938093,45.34197444938093
6,Ammonia,75.0,114.89404473827403,39.89404473827403
6,Ammonia,150.0,156.6862729435011,6.686272943501109
6,Ammonia,250.0,208.14686682565696,41.85313317434304
6,Ammonia,225.0,203.28400619178345,21.715993808216552
6,Ammonia,200.0,169.31277938524715,30.687220614752846
6,Ammonia,175.0,178.5319209110036,3.5319209110035956
6,Ammonia,100.0,135.49973603684933,35.49973603684933
6,Ammonia,125.0,169.97422148009616,44.97422148009616
6,Ammonia,225.0,180.6779095813835,44.32209041861651
6,Ammonia,200.0,165.806853381909,34.19314661809099
6,Ammonia,175.0,180.8730853954182,5.873085395418201
6,Ammonia,100.0,126.30247503878024,26.302475038780244
6,Ammonia,125.0,163.8065507362881,38.8065507362881
6,Ammonia,50.0,91.9177616427595,41.9177616427595
6,Ammonia,75.0,108.33448855627711,33.33448855627711
6,Ammonia,150.0,150.52821021322228,0.5282102132222803
6,Ammonia,250.0,207.7144842674531,42.28551573254691
6,Ammonia,225.0,203.4430514747298,21.5569485252702
6,Ammonia,200.0,166.9163532191687,33.08364678083129
6,Ammonia,175.0,181.25901396005838,6.2590139600583825
6,Ammonia,100.0,130.2571223731258,30.25712237312581
6,Ammonia,125.0,171.97392651523535,46.97392651523535
6,Ammonia,50.0,96.50369975637634,46.503699756376335
6,Ammonia,75.0,114.62626216580321,39.62626216580321
6,Ammonia,150.0,152.4633682353998,2.4633682353997983
6,Ammonia,250.0,215.62370834880585,34.37629165119415
6,Ammonia,250.0,295.76325791311723,45.76325791311723
6,Ammonia,250.0,175.5745667207542,74.4254332792458
6,Ammonia,250.0,156.8696925647415,93.13030743525849
6,Ammonia,50.0,99.40423077704709,49.40423077704709
6,Ammonia,50.0,86.21338793916192,36.21338793916192
6,Ammonia,50.0,89.32864511437747,39.328645114377466
6,Ammonia,50.0,86.06833137163838,36.06833137163838
6,Ammonia,50.0,85.41651841292149,35.41651841292149
6,Ammonia,50.0,86.74370770146653,36.74370770146653
6,Ammonia,50.0,85.07408112563832,35.074081125638315
6,Ammonia,50.0,87.18225946356968,37.18225946356968
6,Ammonia,50.0,85.67043913082554,35.67043913082554
6,Ammonia,50.0,85.07264543244511,35.072645432445114
6,Ammonia,50.0,85.45536625543343,35.45536625543343
6,Ammonia,50.0,85.43261538278082,35.432615382780824
6,Ammonia,50.0,87.26212401425691,37.26212401425691
6,Ammonia,50.0,84.63699144237866,34.63699144237866
6,Ammonia,50.0,86.34955863880722,36.349558638807224
6,Ammonia,50.0,88.89817257481329,38.89817257481329
6,Ammonia,50.0,85.87004051205832,35.870040512058324
6,Ammonia,50.0,85.74413556823293,35.744135568232934
6,Ammonia,50.0,85.70423456323721,35.70423456323721
6,Ammonia,50.0,85.77849517468334,35.77849517468334
6,Ammonia,50.0,88.49718397784613,38.497183977846134
6,Ammonia,50.0,87.85669696028648,37.856696960286484
6,Ammonia,50.0,88.96046904974398,38.96046904974398
6,Ammonia,50.0,87.44907379275065,37.44907379275065
6,Ammonia,50.0,86.8214145744906,36.8214145744906
6,Ammonia,50.0,89.7718501133046,39.771850113304595
6,Ammonia,50.0,91.25117958320972,41.25117958320972
6,Ammonia,50.0,91.81314563846111,41.81314563846111
6,Ammonia,50.0,91.43966218379958,41.439662183799584
6,Ammonia,50.0,92.03819861831741,42.03819861831741
6,Ammonia,50.0,91.61534191302353,41.61534191302353
6,Ammonia,50.0,88.34368696532559,38.34368696532559
6,Ammonia,50.0,92.46743702810593,42.467437028105934
6,Ammonia,50.0,92.32246758850033,42.32246758850033
6,Ammonia,50.0,95.06630865770182,45.066308657701825
6,Ammonia,50.0,93.21355863601194,43.21355863601194
6,Ammonia,50.0,94.65195586965496,44.651955869654955
6,Ammonia,50.0,90.67214760539221,40.67214760539221
6,Ammonia,50.0,95.5900248851786,45.59002488517859
6,Ammonia,50.0,95.87956622173768,45.879566221737676
6,Ammonia,50.0,96.39336611359766,46.393366113597665
6,Ammonia,50.0,91.69312389479926,41.69312389479926
6,Ammonia,50.0,92.62293423110121,42.62293423110121
6,Ammonia,50.0,97.23590344906762,47.23590344906762
6,Ammonia,50.0,97.07990635281476,47.07990635281476
6,Ammonia,50.0,94.77487089608778,44.774870896087776
6,Ammonia,50.0,93.66009842342882,43.66009842342882
6,Ammonia,50.0,97.48247446025351,47.48247446025351
6,Ammonia,50.0,94.98695290172246,44.98695290172246
6,Ammonia,50.0,96.50826210959829,46.50826210959829
6,Ammonia,50.0,95.43327089708382,45.433270897083815
6,Ammonia,50.0,98.32288460690553,48.32288460690553
6,Ammonia,50.0,95.28596970857616,45.28596970857616
6,Ammonia,50.0,96.64200669205172,46.64200669205172
6,Ammonia,50.0,99.16162829251297,49.16162829251297
6,Ammonia,50.0,95.38507022046225,45.385070220462254
6,Ammonia,50.0,97.66967656529421,47.66967656529421
6,Ammonia,50.0,99.27731138690268,49.27731138690268
6,Ammonia,50.0,98.15034291763351,48.15034291763351
6,Ammonia,50.0,98.20306778207852,48.20306778207852
6,Ammonia,50.0,99.60988369721275,49.60988369721275
6,Ammonia,50.0,97.63469272256485,47.63469272256485
6,Ammonia,50.0,97.65691693516352,47.65691693516352
6,Ammonia,50.0,97.3131252383213,47.313125238321305
6,Ammonia,50.0,97.57444124493732,47.57444124493732
6,Ammonia,50.0,99.91815456732091,49.91815456732091
6,Ammonia,50.0,96.63197596708476,46.631975967084756
6,Ammonia,50.0,99.43168088017225,49.43168088017225
6,Ammonia,50.0,98.269679865086,48.269679865086005
6,Ammonia,50.0,96.85772584697585,46.85772584697585
6,Ammonia,50.0,98.69737413565797,48.69737413565797
6,Ammonia,50.0,96.39012959883617,46.39012959883617
6,Ammonia,50.0,100.43845527043037,50.43845527043037
6,Ammonia,50.0,96.83959712223299,46.83959712223299
6,Ammonia,50.0,99.96602679801947,49.96602679801947
6,Ammonia,50.0,96.4414090284635,46.4414090284635
6,Ammonia,50.0,99.85926989550511,49.85926989550511
6,Ammonia,50.0,99.56263236925699,49.56263236925699
6,Ammonia,50.0,97.54619644185175,47.54619644185175
6,Ammonia,50.0,99.07377308947295,49.07377308947295
6,Ammonia,50.0,97.37604700656887,47.37604700656887
6,Ammonia,50.0,101.6894428367201,51.689442836720104
6,Ammonia,50.0,97.33827895463627,47.338278954636266
6,Ammonia,50.0,97.19685533157313,47.19685533157313
6,Ammonia,50.0,96.44708306198284,46.44708306198284
6,Ammonia,50.0,99.43925404946862,49.439254049468616
6,Ammonia,50.0,99.16389973087925,49.16389973087925
6,Ammonia,50.0,100.03818985930842,50.03818985930842
6,Ammonia,50.0,99.68514511133593,49.68514511133593
6,Ammonia,50.0,98.9902521829473,48.9902521829473
6,Ammonia,50.0,98.07451821982096,48.07451821982096
6,Ammonia,50.0,98.73662340333337,48.73662340333337
6,Ammonia,50.0,95.29911916244718,45.299119162447184
6,Ammonia,50.0,98.37964719412021,48.37964719412021
6,Ammonia,50.0,100.23442355460521,50.234423554605215
6,Ammonia,50.0,96.15244782446729,46.15244782446729
6,Ammonia,50.0,98.94943068445978,48.949430684459784
6,Ammonia,50.0,94.77284563145464,44.77284563145464
6,Ammonia,50.0,98.2246465225162,48.224646522516196
6,Ammonia,50.0,101.36551003483326,51.365510034833264
6,Ammonia,250.0,235.81825649373187,14.181743506268134
6,Ammonia,250.0,170.54221958769486,79.45778041230514
6,Ammonia,250.0,174.20628697439147,75.79371302560853
6,Ammonia,50.0,90.88647380394373,40.88647380394373
6,Ammonia,50.0,90.28828047282424,40.28828047282424
6,Ammonia,50.0,93.39299447857934,43.39299447857934
6,Ammonia,50.0,90.7683223978453,40.768322397845296
6,Ammonia,50.0,91.20496287782005,41.20496287782005
6,Ammonia,50.0,91.94160951594912,41.941609515949125
6,Ammonia,50.0,87.05868914352995,37.058689143529946
6,Ammonia,50.0,90.87426519893107,40.87426519893107
6,Ammonia,50.0,91.73968132291972,41.73968132291972
6,Ammonia,50.0,93.68797072096838,43.68797072096838
6,Ammonia,50.0,90.72367158622721,40.72367158622721
6,Ammonia,50.0,93.48657011790607,43.48657011790607
6,Ammonia,50.0,91.08301090759107,41.083010907591074
6,Ammonia,50.0,92.66530027156018,42.665300271560184
6,Ammonia,50.0,94.29115167190164,44.291151671901645
6,Ammonia,50.0,96.24450239377484,46.24450239377484
6,Ammonia,50.0,94.33205874768814,44.33205874768814
6,Ammonia,50.0,93.52608730099004,43.52608730099004
6,Ammonia,50.0,98.05745124812371,48.05745124812371
6,Ammonia,50.0,95.63323000356083,45.633230003560826
6,Ammonia,50.0,95.70508879495075,45.705088794950754
6,Ammonia,50.0,94.68391503078917,44.683915030789166
6,Ammonia,50.0,93.85728973660738,43.857289736607385
6,Ammonia,50.0,95.83142500589675,45.83142500589675
6,Ammonia,50.0,94.07052785548717,44.07052785548717
6,Ammonia,50.0,93.7467736510329,43.746773651032896
6,Ammonia,50.0,92.57421011285363,42.574210112853635
6,Ammonia,50.0,95.4008727872399,45.400872787239905
6,Ammonia,50.0,91.53510729835729,41.53510729835729
6,Ammonia,50.0,92.95375815357856,42.95375815357856
6,Ammonia,50.0,90.3559223706076,40.3559223706076
6,Ammonia,50.0,91.92721585208452,41.927215852084515
6,Ammonia,50.0,92.32963839613657,42.32963839613657
6,Ammonia,50.0,96.65312616871597,46.65312616871597
6,Ammonia,50.0,91.84865542518061,41.84865542518061
6,Ammonia,50.0,94.60586029418343,44.60586029418343
6,Ammonia,50.0,89.35492796997885,39.354927969978846
6,Ammonia,50.0,94.00411461322368,44.00411461322368
6,Ammonia,50.0,93.13691026714724,43.13691026714724
6,Ammonia,50.0,90.56213275407838,40.56213275407838
6,Ammonia,50.0,91.20698790039768,41.20698790039768
6,Ammonia,50.0,92.58370060120762,42.583700601207624
6,Ammonia,50.0,95.16296337003436,45.16296337003436
6,Ammonia,50.0,96.00647910865074,46.00647910865074
6,Ammonia,50.0,95.39734667287708,45.39734667287708
6,Ammonia,50.0,96.67619040531606,46.67619040531606
6,Ammonia,50.0,94.83412533106203,44.834125331062026
6,Ammonia,50.0,96.71710229079207,46.71710229079207
6,Ammonia,50.0,97.86991293574567,47.869912935745674
6,Ammonia,50.0,96.64260981529739,46.64260981529739
6,Ammonia,50.0,94.83083133660182,44.83083133660182
6,Ammonia,50.0,99.42975249204981,49.429752492049815
6,Ammonia,50.0,100.66266294705271,50.66266294705271
6,Ammonia,50.0,94.79520737301523,44.79520737301523
6,Ammonia,50.0,98.47808219549175,48.47808219549175
6,Ammonia,50.0,95.75076920560271,45.75076920560271
6,Ammonia,50.0,97.05446886842972,47.05446886842972
6,Ammonia,50.0,98.70060043048309,48.70060043048309
6,Ammonia,50.0,95.87790971390659,45.87790971390659
6,Ammonia,50.0,91.71572982918403,41.71572982918403
6,Ammonia,50.0,96.06190729168566,46.06190729168566
6,Ammonia,50.0,96.61578036178197,46.61578036178197
6,Ammonia,50.0,93.22549973941938,43.22549973941938
6,Ammonia,50.0,93.75325373972747,43.75325373972747
6,Ammonia,50.0,96.10510273634422,46.10510273634422
6,Ammonia,50.0,97.55306251669609,47.55306251669609
6,Ammonia,50.0,92.38783168218646,42.38783168218646
6,Ammonia,50.0,99.12605086556171,49.12605086556171
6,Ammonia,50.0,97.50362504637376,47.503625046373756
6,Ammonia,50.0,95.24733929107029,45.24733929107029
6,Ammonia,50.0,96.2750940155321,46.275094015532105
6,Ammonia,50.0,94.95214164464703,44.95214164464703
6,Ammonia,50.0,95.23777675355657,45.237776753556574
6,Ammonia,50.0,96.28760633268679,46.28760633268679
6,Ammonia,50.0,100.2683889090558,50.2683889090558
6,Ammonia,50.0,97.72367913665411,47.72367913665411
6,Ammonia,50.0,98.67355584393388,48.67355584393388
6,Ammonia,50.0,100.39504192588022,50.39504192588022
6,Ammonia,50.0,97.81638855717212,47.81638855717212
6,Ammonia,50.0,99.36487874751064,49.364878747510645
6,Ammonia,50.0,100.78680471312379,50.786804713123786
6,Ammonia,50.0,101.28568843066367,51.28568843066367
6,Ammonia,50.0,101.17886401788992,51.17886401788992
6,Ammonia,50.0,98.5271244337686,48.527124433768606
6,Ammonia,50.0,101.7240295393019,51.724029539301895
6,Ammonia,50.0,96.88198446397563,46.88198446397563
6,Ammonia,50.0,98.10139143476252,48.10139143476252
6,Ammonia,50.0,100.41242833057208,50.412428330572084
6,Ammonia,50.0,100.02078276486783,50.02078276486783
6,Ammonia,50.0,97.76137247067628,47.76137247067628
6,Ammonia,50.0,100.53770985569362,50.53770985569362
6,Ammonia,50.0,94.57631129539259,44.576311295392586
6,Ammonia,50.0,95.00023725123903,45.00023725123903
6,Ammonia,50.0,97.69514886750676,47.69514886750676
6,Ammonia,50.0,100.1901200437485,50.19012004374849
6,Ammonia,50.0,96.01516082359316,46.01516082359316
6,Ammonia,50.0,98.98480905505532,48.98480905505532
6,Ammonia,50.0,97.4509716698999,47.4509716698999
6,Ammonia,50.0,98.09120675437802,48.09120675437802
6,Ammonia,50.0,97.4068113082511,47.40681130825109
6,Ammonia,250.0,106.98607536588136,143.01392463411864
6,Ammonia,250.0,105.8010403332889,144.19895966671112
6,Ammonia,250.0,100.40780256077426,149.59219743922574
6,Ammonia,250.0,102.04942273126733,147.95057726873267
6,Ammonia,250.0,109.10140336887069,140.8985966311293
6,Ammonia,50.0,92.89554202248469,42.89554202248469
6,Ammonia,50.0,88.7115598585255,38.711559858525504
6,Ammonia,50.0,87.99201403715364,37.99201403715364
6,Ammonia,50.0,85.88417435238618,35.88417435238618
6,Ammonia,50.0,87.03700955102374,37.03700955102374
6,Ammonia,50.0,84.77313562382832,34.773135623828324
6,Ammonia,50.0,87.14051084567265,37.14051084567265
6,Ammonia,50.0,87.47442963858535,37.47442963858535
6,Ammonia,50.0,86.377686800617,36.377686800617
6,Ammonia,50.0,85.7846982642358,35.7846982642358
6,Ammonia,50.0,93.37495789976356,43.37495789976356
6,Ammonia,50.0,92.56916527255669,42.56916527255669
6,Ammonia,50.0,87.07880484789345,37.07880484789345
6,Ammonia,50.0,86.58026028447249,36.58026028447249
6,Ammonia,50.0,87.59501885464776,37.59501885464776
6,Ammonia,50.0,91.21845323728617,41.21845323728617
6,Ammonia,50.0,87.88869954771273,37.88869954771273
6,Ammonia,50.0,88.43093547035724,38.43093547035724
6,Ammonia,50.0,88.94932992845081,38.94932992845081
6,Ammonia,50.0,90.39728783764308,40.39728783764308
6,Ammonia,50.0,91.50485290100461,41.50485290100461
6,Ammonia,50.0,92.42872790204905,42.42872790204905
6,Ammonia,50.0,98.46480909917145,48.46480909917145
6,Ammonia,50.0,91.5496527126828,41.5496527126828
6,Ammonia,50.0,92.33081791279746,42.33081791279746
6,Ammonia,50.0,93.47248221315593,43.47248221315593
6,Ammonia,50.0,92.62604225157607,42.62604225157607
6,Ammonia,50.0,93.01981826691343,43.01981826691343
6,Ammonia,50.0,95.85653156860683,45.856531568606826
6,Ammonia,50.0,95.72187356682596,45.72187356682596
6,Ammonia,50.0,98.5746094839052,48.574609483905206
6,Ammonia,50.0,94.81746904723272,44.81746904723272
6,Ammonia,50.0,96.68035021034488,46.68035021034488
6,Ammonia,50.0,100.74087578620642,50.740875786206416
6,Ammonia,50.0,97.67789292917304,47.67789292917304
6,Ammonia,50.0,99.59349173649169,49.593491736491686
6,Ammonia,50.0,97.53124546284155,47.531245462841554
6,Ammonia,50.0,98.96961071162495,48.96961071162495
6,Ammonia,50.0,94.50804543734091,44.50804543734091
6,Ammonia,50.0,96.12866122535999,46.12866122535999
6,Ammonia,50.0,93.24936432848718,43.249364328487175
6,Ammonia,50.0,96.33813595160369,46.33813595160369
6,Ammonia,50.0,92.34300337596181,42.343003375961814
6,Ammonia,50.0,95.75947538338467,45.75947538338467
6,Ammonia,50.0,95.93990395874623,45.93990395874623
6,Ammonia,50.0,96.33685522367547,46.33685522367547
6,Ammonia,50.0,94.55256168759621,44.55256168759621
6,Ammonia,50.0,96.57367545417996,46.57367545417996
6,Ammonia,50.0,93.9232714564813,43.9232714564813
6,Ammonia,50.0,94.71545722000054,44.715457220000545
6,Ammonia,50.0,96.02936929589903,46.02936929589903
6,Ammonia,50.0,99.00847920678437,49.00847920678437
6,Ammonia,50.0,93.91006983071982,43.91006983071982
6,Ammonia,50.0,100.62934423331498,50.62934423331498
6,Ammonia,50.0,95.13260803848206,45.13260803848206
6,Ammonia,50.0,97.19144791322296,47.19144791322296
6,Ammonia,50.0,100.48816297975527,50.48816297975527
6,Ammonia,50.0,94.40907883504903,44.40907883504903
6,Ammonia,50.0,96.80897942821309,46.80897942821309
6,Ammonia,50.0,98.5715692534093,48.571569253409294
6,Ammonia,50.0,96.36119923317406,46.36119923317406
6,Ammonia,50.0,101.11063249927797,51.11063249927797
6,Ammonia,50.0,95.65309113642284,45.653091136422844
6,Ammonia,50.0,94.83027850078504,44.83027850078504
6,Ammonia,50.0,95.23782761096336,45.237827610963365
6,Ammonia,50.0,96.80271798852979,46.80271798852979
6,Ammonia,50.0,93.45821864938867,43.45821864938867
6,Ammonia,50.0,99.3775048607159,49.3775048607159
6,Ammonia,50.0,95.01409119697657,45.014091196976565
6,Ammonia,50.0,96.31002218281307,46.31002218281307
6,Ammonia,50.0,94.59837987439701,44.59837987439701
6,Ammonia,50.0,95.64034924559866,45.64034924559866
6,Ammonia,50.0,94.71202552200691,44.71202552200691
6,Ammonia,50.0,99.4273794248426,49.4273794248426
6,Ammonia,50.0,98.73517991963338,48.73517991963338
6,Ammonia,50.0,98.6336875533286,48.6336875533286
6,Ammonia,50.0,96.74424416503636,46.74424416503636
6,Ammonia,50.0,95.09678956150952,45.096789561509524
6,Ammonia,50.0,96.6568176737553,46.6568176737553
6,Ammonia,50.0,94.17758997430516,44.177589974305164
6,Ammonia,50.0,97.72717233869132,47.72717233869132
6,Ammonia,50.0,97.00743392722757,47.00743392722757
6,Ammonia,50.0,95.41214620845147,45.412146208451475
6,Ammonia,50.0,96.1424483446605,46.142448344660494
6,Ammonia,50.0,94.92629809662203,44.926298096622034
6,Ammonia,50.0,94.99046520530894,44.990465205308936
6,Ammonia,50.0,96.47636172233403,46.47636172233403
6,Ammonia,50.0,98.44055747908692,48.44055747908692
6,Ammonia,50.0,94.6759651878009,44.6759651878009
6,Ammonia,50.0,96.87639022868221,46.87639022868221
6,Ammonia,50.0,94.50837717503877,44.508377175038774
6,Ammonia,50.0,94.22028797730478,44.22028797730478
6,Ammonia,50.0,98.95742146866328,48.957421468663284
6,Ammonia,50.0,95.25109545940511,45.25109545940511
6,Ammonia,50.0,94.74740409969502,44.74740409969502
6,Ammonia,50.0,94.88419814036351,44.88419814036351
6,Ammonia,50.0,94.45310137120482,44.45310137120482
6,Ammonia,50.0,98.37172704112024,48.37172704112024
6,Ammonia,50.0,94.9913721150474,44.9913721150474
6,Ammonia,50.0,93.01001289920241,43.01001289920241
6,Ammonia,50.0,92.21572254774884,42.21572254774884
6,Ammonia,250.0,220.72130926501438,29.278690734985616
6,Ammonia,150.0,135.09403393001517,14.905966069984828
6,Ammonia,250.0,201.31657084174452,48.68342915825548
6,Ammonia,150.0,143.4310567220521,6.568943277947909
6,Ammonia,250.0,205.67796808073382,44.32203191926618
6,Ammonia,150.0,136.9258398666903,13.074160133309704
6,Ammonia,250.0,202.03277104764743,47.96722895235257
6,Ammonia,150.0,140.94354534820437,9.056454651795633
6,Ammonia,250.0,202.31709411738885,47.68290588261115
6,Ammonia,150.0,134.13767097454854,15.862329025451459
6,Ammonia,250.0,188.69793594968883,61.302064050311174
6,Ammonia,150.0,132.69444380666073,17.30555619333927
6,Ammonia,250.0,192.9894473067571,57.010552693242886
6,Ammonia,150.0,132.19234253088837,17.807657469111632
6,Ammonia,250.0,204.4230202851221,45.57697971487789
6,Ammonia,150.0,142.5375771640432,7.462422835956801
6,Ammonia,250.0,214.27568096092247,35.72431903907753
6,Ammonia,150.0,141.67935449540755,8.320645504592449
6,Ammonia,250.0,232.96816810161064,17.031831898389356
6,Ammonia,150.0,155.215038900757,5.215038900757008
6,Ammonia,250.0,213.50953968546884,36.49046031453116
6,Ammonia,150.0,153.9388762070896,3.9388762070896064
6,Ammonia,250.0,229.99702698345345,20.002973016546548
6,Ammonia,150.0,151.7257390862321,1.725739086232096
6,Ammonia,250.0,223.1686770270659,26.83132297293409
6,Ammonia,150.0,149.40063124031278,0.5993687596872235
6,Ammonia,250.0,225.61868140888024,24.381318591119765
6,Ammonia,150.0,153.59535319644505,3.5953531964450463
6,Ammonia,250.0,221.40758663427306,28.59241336572694
6,Ammonia,150.0,151.33827744991413,1.3382774499141306
6,Ammonia,250.0,221.93411278837655,28.065887211623448
6,Ammonia,150.0,153.88335712675286,3.8833571267528555
6,Ammonia,250.0,205.1823951197058,44.8176048802942
6,Ammonia,150.0,141.62201399116944,8.377986008830561
6,Ammonia,250.0,216.76642291441513,33.23357708558487
6,Ammonia,150.0,137.81057120563983,12.189428794360168
6,Ammonia,250.0,209.33152704463708,40.668472955362915
6,Ammonia,150.0,141.8631779054192,8.136822094580793
6,Ammonia,250.0,203.07903190769662,46.92096809230338
6,Ammonia,150.0,142.36650419511136,7.633495804888639
6,Ammonia,250.0,200.90024048360473,49.09975951639527
6,Ammonia,150.0,142.44566831745442,7.55433168254558
6,Ammonia,250.0,205.2535119816764,44.74648801832359
6,Ammonia,150.0,141.72953554759124,8.27046445240876
6,Ammonia,250.0,205.2552146426918,44.74478535730819
6,Ammonia,150.0,144.75664379988558,5.24335620011442
6,Ammonia,250.0,207.1246163223437,42.87538367765629
6,Ammonia,150.0,143.5610589959672,6.438941004032813
6,Ammonia,250.0,203.47319161898625,46.52680838101375
6,Ammonia,150.0,145.3399788220701,4.660021177929906
6,Ammonia,250.0,207.80098037645914,42.19901962354086
6,Ammonia,150.0,145.68715246706884,4.312847532931158
6,Ammonia,250.0,212.00833556508417,37.99166443491583
6,Ammonia,150.0,144.14037484484294,5.859625155157062
6,Ammonia,250.0,212.30543762999613,37.694562370003865
6,Ammonia,150.0,147.14558015337926,2.8544198466207433
6,Ammonia,250.0,214.86563761476302,35.13436238523698
6,Ammonia,150.0,148.357549277085,1.6424507229149867
6,Ammonia,250.0,211.14587045003196,38.854129549968036
6,Ammonia,150.0,144.70436759809166,5.295632401908335
6,Ammonia,250.0,212.46190491703518,37.538095082964816
6,Ammonia,150.0,148.83910499035372,1.160895009646282
6,Ammonia,250.0,214.00433676119937,35.99566323880063
6,Ammonia,150.0,149.962984443677,0.03701555632301279
6,Ammonia,250.0,215.65969077597046,34.34030922402954
6,Ammonia,150.0,146.92734111283394,3.0726588871660567
6,Ammonia,250.0,212.6063969308773,37.39360306912269
6,Ammonia,150.0,147.0373081576894,2.9626918423105906
6,Ammonia,250.0,213.73042982913896,36.269570170861044
6,Ammonia,150.0,149.756427222546,0.24357277745400552
6,Ammonia,250.0,214.3595311295761,35.64046887042389
6,Ammonia,150.0,148.76474392203662,1.2352560779633848
6,Ammonia,250.0,221.38019985197528,28.619800148024723
6,Ammonia,150.0,148.0044097642217,1.9955902357783089
6,Ammonia,250.0,225.7744296310142,24.225570368985814
6,Ammonia,150.0,145.79410329906878,4.20589670093122
6,Ammonia,250.0,218.61260214526772,31.387397854732285
6,Ammonia,150.0,146.9845805323736,3.0154194676264012
6,Ammonia,250.0,213.7438889744902,36.256111025509796
6,Ammonia,150.0,151.60026282555535,1.6002628255553475
6,Ammonia,250.0,216.88491717229127,33.11508282770873
6,Ammonia,150.0,151.12008516921088,1.1200851692108813
6,Ammonia,250.0,216.12398246988096,33.87601753011904
6,Ammonia,150.0,148.37312864010272,1.6268713598972795
6,Ammonia,250.0,215.16792736764685,34.832072632353146
6,Ammonia,150.0,149.12654472491732,0.8734552750826765
6,Ammonia,250.0,217.13489817191183,32.86510182808817
6,Ammonia,150.0,153.16365157172868,3.1636515717286784
6,Ammonia,250.0,213.92506817538867,36.074931824611326
6,Ammonia,150.0,149.3920736861236,0.6079263138763906
6,Ammonia,250.0,218.5604961423595,31.43950385764049
6,Ammonia,150.0,148.84829011474514,1.15170988525486
6,Ammonia,250.0,217.54439111876846,32.45560888123154
6,Ammonia,150.0,151.2958709555976,1.295870955597593
6,Ammonia,250.0,214.3814789711911,35.618521028808914
6,Ammonia,150.0,151.4707253011787,1.4707253011787031
6,Ammonia,250.0,216.5511771003195,33.44882289968049
6,Ammonia,150.0,149.1853354863321,0.8146645136679069
6,Ammonia,250.0,216.14461697469645,33.85538302530355
6,Ammonia,150.0,153.2525008035086,3.2525008035086103
6,Toluene,20.0,93.48431396526614,73.48431396526614
6,Toluene,30.0,109.64904146264621,79.64904146264621
6,Toluene,40.0,123.41608689174049,83.41608689174049
6,Toluene,50.0,132.74442060923744,82.74442060923744
6,Toluene,60.0,141.45098313745942,81.45098313745942
6,Toluene,70.0,146.96090439266624,76.96090439266624
6,Toluene,80.0,157.5016196323248,77.5016196323248
6,Toluene,90.0,157.90376305576316,67.90376305576316
6,Toluene,100.0,168.37696426111157,68.37696426111157
6,Toluene,70.0,152.1101063277257,82.1101063277257
6,Toluene,80.0,152.9269221728512,72.92692217285119
6,Toluene,90.0,169.2368815952574,79.23688159525739
6,Toluene,100.0,168.85429327265106,68.85429327265106
6,Toluene,20.0,100.93728226047553,80.93728226047553
6,Toluene,30.0,104.80254043688342,74.80254043688342
6,Toluene,40.0,117.47975822821515,77.47975822821515
6,Toluene,50.0,131.74271689552629,81.74271689552629
6,Toluene,60.0,141.00773029697635,81.00773029697635
6,Toluene,20.0,94.07843567994831,74.07843567994831
6,Toluene,30.0,104.27144157215122,74.27144157215122
6,Toluene,40.0,110.90610313166775,70.90610313166775
6,Toluene,50.0,125.19200361164712,75.19200361164712
6,Toluene,60.0,132.43326376756494,72.43326376756494
6,Toluene,70.0,140.4590878309927,70.4590878309927
6,Toluene,80.0,142.8243131736406,62.824313173640604
6,Toluene,90.0,155.9002169167683,65.9002169167683
6,Toluene,100.0,163.5599612632183,63.5599612632183
6,Toluene,70.0,137.02555564305527,67.02555564305527
6,Toluene,80.0,149.81521418979534,69.81521418979534
6,Toluene,90.0,153.21686489449684,63.21686489449684
6,Toluene,100.0,156.6864171137169,56.686417113716914
6,Toluene,20.0,94.67736267544929,74.67736267544929
6,Toluene,30.0,95.45715676923477,65.45715676923477
6,Toluene,40.0,109.9609622795063,69.9609622795063
6,Toluene,50.0,121.00946822480066,71.00946822480066
6,Toluene,60.0,135.8759512962761,75.8759512962761
6,Toluene,20.0,88.21527823951872,68.21527823951872
6,Toluene,30.0,96.77206887695392,66.77206887695392
6,Toluene,40.0,110.99646993109386,70.99646993109386
6,Toluene,50.0,119.54176551507705,69.54176551507705
6,Toluene,60.0,128.92823285033364,68.92823285033364
6,Toluene,70.0,133.63702383339339,63.637023833393386
6,Toluene,80.0,145.46802554618495,65.46802554618495
6,Toluene,90.0,150.678478018923,60.67847801892299
6,Toluene,100.0,156.2291195487528,56.229119548752806
6,Toluene,70.0,133.55515096867586,63.55515096867586
6,Toluene,80.0,144.72579378848914,64.72579378848914
6,Toluene,90.0,150.49785327175604,60.49785327175604
6,Toluene,100.0,157.17592511353595,57.17592511353595
6,Toluene,20.0,91.59953770817876,71.59953770817876
6,Toluene,30.0,97.9123326214221,67.9123326214221
6,Toluene,40.0,108.78617018753548,68.78617018753548
6,Toluene,50.0,121.52473367558001,71.52473367558001
6,Toluene,60.0,124.79225872666262,64.79225872666262
6,Toluene,50.0,136.08088305913742,86.08088305913742
6,Toluene,50.0,120.10575686013637,70.10575686013637
6,Toluene,50.0,120.66969558305766,70.66969558305766
6,Toluene,50.0,117.4361142700254,67.4361142700254
6,Toluene,50.0,117.09486584615081,67.09486584615081
6,Toluene,50.0,116.97812141741392,66.97812141741392
6,Toluene,50.0,117.46802012565064,67.46802012565064
6,Toluene,50.0,119.5108987888662,69.5108987888662
6,Toluene,50.0,116.8515899121732,66.8515899121732
6,Toluene,50.0,121.70820750009199,71.70820750009199
6,Toluene,50.0,116.08472087041014,66.08472087041014
6,Toluene,50.0,115.57764195384678,65.57764195384678
6,Toluene,50.0,119.95477506678846,69.95477506678846
6,Toluene,50.0,122.17859961277448,72.17859961277448
6,Toluene,50.0,119.19074137428584,69.19074137428584
6,Toluene,50.0,116.10375677228811,66.10375677228811
6,Toluene,50.0,117.61189651678947,67.61189651678947
6,Toluene,50.0,121.54148585050402,71.54148585050402
6,Toluene,50.0,118.9553526335103,68.9553526335103
6,Toluene,50.0,119.12652433090955,69.12652433090955
6,Toluene,50.0,119.46362308750014,69.46362308750014
6,Toluene,50.0,120.78809829037425,70.78809829037425
6,Toluene,50.0,121.29488867868164,71.29488867868164
6,Toluene,50.0,120.56718597383588,70.56718597383588
6,Toluene,50.0,121.12384203400364,71.12384203400364
6,Toluene,50.0,119.5172257165014,69.5172257165014
6,Toluene,50.0,118.90203228097776,68.90203228097776
6,Toluene,50.0,122.51455176646438,72.51455176646438
6,Toluene,50.0,119.9638863097943,69.9638863097943
6,Toluene,50.0,114.95822069871211,64.95822069871211
6,Toluene,50.0,119.62288161881314,69.62288161881314
6,Toluene,50.0,118.11414044166435,68.11414044166435
6,Toluene,50.0,119.83442857564577,69.83442857564577
6,Toluene,50.0,117.80307076252112,67.80307076252112
6,Toluene,50.0,121.3878752515665,71.3878752515665
6,Toluene,50.0,117.77676713275609,67.77676713275609
6,Toluene,50.0,117.87838725019603,67.87838725019603
6,Toluene,50.0,117.36000072077815,67.36000072077815
6,Toluene,50.0,118.15772475817178,68.15772475817178
6,Toluene,50.0,121.72605548355611,71.72605548355611
6,Toluene,50.0,118.79077033818015,68.79077033818015
6,Toluene,50.0,115.14653590675871,65.14653590675871
6,Toluene,50.0,118.15657120394141,68.15657120394141
6,Toluene,50.0,119.41141301538076,69.41141301538076
6,Toluene,50.0,116.01543619115179,66.01543619115179
6,Toluene,50.0,116.22572070434664,66.22572070434664
6,Toluene,50.0,121.64776017940923,71.64776017940923
6,Toluene,50.0,118.56471207018143,68.56471207018143
6,Toluene,50.0,119.23305066792821,69.23305066792821
6,Toluene,50.0,118.86473647584238,68.86473647584238
6,Toluene,50.0,116.31737806234874,66.31737806234874
6,Toluene,50.0,119.43452251688049,69.43452251688049
6,Toluene,50.0,118.4608850924034,68.4608850924034
6,Toluene,50.0,119.58277562344205,69.58277562344205
6,Toluene,50.0,118.2316322462909,68.2316322462909
6,Toluene,50.0,119.08734076545063,69.08734076545063
6,Toluene,50.0,118.69283458094137,68.69283458094137
6,Toluene,50.0,118.81650672590214,68.81650672590214
6,Toluene,50.0,117.93369427320214,67.93369427320214
6,Toluene,50.0,119.51018247372738,69.51018247372738
6,Toluene,50.0,117.49616541100735,67.49616541100735
6,Toluene,50.0,117.46926449682041,67.46926449682041
6,Toluene,50.0,117.63440992986737,67.63440992986737
6,Toluene,50.0,117.64320082540792,67.64320082540792
6,Toluene,50.0,118.15275060893538,68.15275060893538
6,Toluene,50.0,121.12253664326808,71.12253664326808
6,Toluene,50.0,115.49671180428743,65.49671180428743
6,Toluene,50.0,120.20705661656305,70.20705661656305
6,Toluene,50.0,120.35930625177298,70.35930625177298
6,Toluene,50.0,118.54696629367051,68.54696629367051
6,Toluene,50.0,118.6923548775906,68.6923548775906
6,Toluene,50.0,117.81071407569559,67.81071407569559
6,Toluene,50.0,117.5723375616869,67.5723375616869
6,Toluene,50.0,120.81845306982078,70.81845306982078
6,Toluene,50.0,118.26858482225042,68.26858482225042
6,Toluene,50.0,118.2609258521127,68.2609258521127
6,Toluene,50.0,119.45793878663336,69.45793878663336
6,Toluene,50.0,115.07852526522488,65.07852526522488
6,Toluene,50.0,115.99669121689006,65.99669121689006
6,Toluene,50.0,120.08005277886959,70.08005277886959
6,Toluene,50.0,120.23241667862884,70.23241667862884
6,Toluene,50.0,118.08047718648155,68.08047718648155
6,Toluene,50.0,114.1372946475845,64.1372946475845
6,Toluene,50.0,115.06198644713798,65.06198644713798
6,Toluene,50.0,117.55624101784063,67.55624101784063
6,Toluene,50.0,115.84614449978207,65.84614449978207
6,Toluene,50.0,121.36750510402518,71.36750510402518
6,Toluene,50.0,115.45292783697627,65.45292783697627
6,Toluene,50.0,117.71211127144778,67.71211127144778
6,Toluene,50.0,119.4078588685853,69.4078588685853
6,Toluene,50.0,115.9766743867635,65.9766743867635
6,Toluene,50.0,117.11437529921722,67.11437529921722
6,Toluene,50.0,117.09993499631855,67.09993499631855
6,Toluene,50.0,119.44584491971906,69.44584491971906
6,Toluene,50.0,119.14301639216723,69.14301639216723
6,Toluene,50.0,116.08158832881298,66.08158832881298
6,Toluene,50.0,121.50832779992243,71.50832779992243
6,Toluene,50.0,118.27456139343981,68.27456139343981
6,Toluene,50.0,118.0745964680745,68.0745964680745
6,Toluene,50.0,118.78722464434719,68.78722464434719
6,Toluene,50.0,135.57787385555054,85.57787385555054
6,Toluene,50.0,119.65731373838527,69.65731373838527
6,Toluene,50.0,117.38561683126136,67.38561683126136
6,Toluene,50.0,122.50272592430991,72.50272592430991
6,Toluene,50.0,118.17304815696026,68.17304815696026
6,Toluene,50.0,120.06976147837575,70.06976147837575
6,Toluene,50.0,119.47659432868755,69.47659432868755
6,Toluene,50.0,115.93489384080857,65.93489384080857
6,Toluene,50.0,118.21047304097864,68.21047304097864
6,Toluene,50.0,122.45178218427546,72.45178218427546
6,Toluene,50.0,119.66617278119199,69.66617278119199
6,Toluene,50.0,119.66729404501235,69.66729404501235
6,Toluene,50.0,118.26968370609131,68.26968370609131
6,Toluene,50.0,118.92415695156583,68.92415695156583
6,Toluene,50.0,120.01746337895779,70.01746337895779
6,Toluene,50.0,117.78758242197733,67.78758242197733
6,Toluene,50.0,121.14509217527441,71.14509217527441
6,Toluene,50.0,118.37745577717298,68.37745577717298
6,Toluene,50.0,119.02810639823133,69.02810639823133
6,Toluene,50.0,121.99517872579716,71.99517872579716
6,Toluene,50.0,121.33415299140137,71.33415299140137
6,Toluene,50.0,123.79785622381979,73.79785622381979
6,Toluene,50.0,124.30620698357905,74.30620698357905
6,Toluene,50.0,117.97608410184935,67.97608410184935
6,Toluene,50.0,123.93759643249022,73.93759643249022
6,Toluene,50.0,120.15298052913249,70.15298052913249
6,Toluene,50.0,121.14383682537083,71.14383682537083
6,Toluene,50.0,122.29612719898022,72.29612719898022
6,Toluene,50.0,125.77974021765672,75.77974021765672
6,Toluene,50.0,120.67117685595841,70.67117685595841
6,Toluene,50.0,119.87927668320084,69.87927668320084
6,Toluene,50.0,130.46365207886893,80.46365207886893
6,Toluene,50.0,122.33656115865597,72.33656115865597
6,Toluene,50.0,128.14929433875736,78.14929433875736
6,Toluene,50.0,120.58291941247276,70.58291941247276
6,Toluene,50.0,120.53818354819316,70.53818354819316
6,Toluene,50.0,120.3550411745646,70.3550411745646
6,Toluene,50.0,121.11997789851178,71.11997789851178
6,Toluene,50.0,121.4259698462916,71.4259698462916
6,Toluene,50.0,122.92346648879615,72.92346648879615
6,Toluene,50.0,123.55447440761023,73.55447440761023
6,Toluene,50.0,119.68080082726166,69.68080082726166
6,Toluene,50.0,124.01424555476302,74.01424555476302
6,Toluene,50.0,122.42237357670322,72.42237357670322
6,Toluene,50.0,117.0599352773222,67.0599352773222
6,Toluene,50.0,120.3277549670718,70.3277549670718
6,Toluene,50.0,121.69703111762439,71.69703111762439
6,Toluene,50.0,125.21339470495558,75.21339470495558
6,Toluene,50.0,130.65369233564266,80.65369233564266
6,Toluene,50.0,122.65885963982653,72.65885963982653
6,Toluene,50.0,117.23488490803021,67.23488490803021
6,Toluene,50.0,127.58481822872662,77.58481822872662
6,Toluene,50.0,121.02691258293868,71.02691258293868
6,Toluene,50.0,118.87849290693921,68.87849290693921
6,Toluene,50.0,120.74014222806657,70.74014222806657
6,Toluene,50.0,125.52920398378599,75.52920398378599
6,Toluene,50.0,121.50408012167773,71.50408012167773
6,Toluene,50.0,121.36153838143767,71.36153838143767
6,Toluene,50.0,121.18881013147376,71.18881013147376
6,Toluene,50.0,124.43583992222173,74.43583992222173
6,Toluene,50.0,119.60777777442007,69.60777777442007
6,Toluene,50.0,127.56578882010226,77.56578882010226
6,Toluene,50.0,124.49628353892874,74.49628353892874
6,Toluene,50.0,124.38631181045777,74.38631181045777
6,Toluene,50.0,122.40403891819031,72.40403891819031
6,Toluene,50.0,122.45369105696204,72.45369105696204
6,Toluene,50.0,122.50112150954757,72.50112150954757
6,Toluene,50.0,125.39909510635137,75.39909510635137
6,Toluene,50.0,123.23510371165192,73.23510371165192
6,Toluene,50.0,122.20983684701409,72.20983684701409
6,Toluene,50.0,123.51414885692418,73.51414885692418
6,Toluene,50.0,124.3844819650384,74.3844819650384
6,Toluene,50.0,121.05681660652056,71.05681660652056
6,Toluene,50.0,120.44872132127176,70.44872132127176
6,Toluene,50.0,121.37034782072809,71.37034782072809
6,Toluene,50.0,124.90271247874713,74.90271247874713
6,Toluene,50.0,120.05195299585833,70.05195299585833
6,Toluene,50.0,118.61742250797013,68.61742250797013
6,Toluene,50.0,116.82620129309205,66.82620129309205
6,Toluene,50.0,119.55304067267785,69.55304067267785
6,Toluene,50.0,119.2263099803521,69.2263099803521
6,Toluene,50.0,117.37993982682772,67.37993982682772
6,Toluene,50.0,119.25542769912045,69.25542769912045
6,Toluene,50.0,120.21381905875921,70.21381905875921
6,Toluene,50.0,121.19423980062258,71.19423980062258
6,Toluene,50.0,116.66591946876503,66.66591946876503
6,Toluene,50.0,119.57696943045161,69.57696943045161
6,Toluene,50.0,118.68516919398961,68.68516919398961
6,Toluene,50.0,117.53647376861743,67.53647376861743
6,Toluene,50.0,119.2760736880239,69.2760736880239
6,Toluene,50.0,119.75548765462133,69.75548765462133
6,Toluene,50.0,118.92905897644825,68.92905897644825
6,Toluene,50.0,116.72708972793093,66.72708972793093
6,Toluene,50.0,118.14766970112214,68.14766970112214
6,Toluene,50.0,118.64106081225317,68.64106081225317
6,Toluene,50.0,119.78772377717488,69.78772377717488
6,Toluene,50.0,120.90141170538597,70.90141170538597
6,Toluene,50.0,120.10298198440779,70.10298198440779
6,Toluene,50.0,118.54538951382855,68.54538951382855
6,Toluene,50.0,120.69572880136391,70.69572880136391
6,Toluene,50.0,228.50123094695203,178.50123094695203
6,Toluene,50.0,120.68782958223258,70.68782958223258
6,Toluene,50.0,127.18354906267177,77.18354906267177
6,Toluene,50.0,129.66837645684652,79.66837645684652
6,Toluene,50.0,129.89732316913665,79.89732316913665
6,Toluene,50.0,130.44695709892554,80.44695709892554
6,Toluene,50.0,129.0846746676832,79.0846746676832
6,Toluene,50.0,128.55939909948412,78.55939909948412
6,Toluene,50.0,125.23972166444489,75.23972166444489
6,Toluene,50.0,125.3146488512804,75.3146488512804
6,Toluene,50.0,125.6486446637376,75.6486446637376
6,Toluene,50.0,126.70535843360574,76.70535843360574
6,Toluene,50.0,128.7226591044407,78.72265910444071
6,Toluene,50.0,130.29837725581027,80.29837725581027
6,Toluene,50.0,152.34133248157244,102.34133248157244
6,Toluene,50.0,127.13183290414742,77.13183290414742
6,Toluene,50.0,128.61113430107892,78.61113430107892
6,Toluene,50.0,127.3967827942555,77.3967827942555
6,Toluene,50.0,124.18437706497774,74.18437706497774
6,Toluene,50.0,127.6818851005562,77.6818851005562
6,Toluene,50.0,123.55667021576608,73.55667021576608
6,Toluene,50.0,125.16308468499719,75.16308468499719
6,Toluene,50.0,130.30077860331141,80.30077860331141
6,Toluene,50.0,127.15596531159434,77.15596531159434
6,Toluene,50.0,126.09076442097866,76.09076442097866
6,Toluene,50.0,128.19871470153666,78.19871470153666
6,Toluene,50.0,127.76616069013696,77.76616069013696
6,Toluene,50.0,129.4971463656915,79.49714636569149
6,Toluene,50.0,127.25443029547114,77.25443029547114
6,Toluene,50.0,129.4356411329416,79.43564113294161
6,Toluene,50.0,126.94856453544021,76.94856453544021
6,Toluene,50.0,127.30637012521215,77.30637012521215
6,Toluene,50.0,129.13316110367708,79.13316110367708
6,Toluene,50.0,123.4215443810792,73.4215443810792
6,Toluene,50.0,126.71444643507348,76.71444643507348
6,Toluene,50.0,127.4739025227212,77.4739025227212
6,Toluene,50.0,129.8744935955386,79.87449359553861
6,Toluene,50.0,128.07641619796505,78.07641619796505
6,Toluene,50.0,125.79524645349721,75.79524645349721
6,Toluene,50.0,127.60625745027545,77.60625745027545
6,Toluene,50.0,126.93631582157559,76.93631582157559
6,Toluene,50.0,129.83650006771046,79.83650006771046
6,Toluene,50.0,127.01602120006748,77.01602120006748
6,Toluene,50.0,123.9675985177207,73.9675985177207
6,Toluene,50.0,137.83241578491408,87.83241578491408
6,Toluene,50.0,134.34934986112836,84.34934986112836
6,Toluene,50.0,136.0209588219543,86.02095882195431
6,Toluene,50.0,123.084969702466,73.084969702466
6,Toluene,50.0,118.74216889161178,68.74216889161178
6,Toluene,50.0,124.06418241808083,74.06418241808083
6,Toluene,50.0,127.48113740912457,77.48113740912457
6,Toluene,50.0,126.66648447906732,76.66648447906732
6,Toluene,50.0,127.94554802679082,77.94554802679082
6,Toluene,50.0,125.44702846469045,75.44702846469045
6,Toluene,50.0,125.91861188155113,75.91861188155113
6,Toluene,50.0,126.73536913305534,76.73536913305534
6,Toluene,50.0,125.59468702212564,75.59468702212564
6,Toluene,50.0,115.33456499678816,65.33456499678816
6,Toluene,50.0,123.3174372835037,73.3174372835037
6,Toluene,50.0,121.78868374057186,71.78868374057186
6,Toluene,50.0,123.8327892096811,73.8327892096811
6,Toluene,50.0,128.25246505626055,78.25246505626055
6,Toluene,50.0,125.97712234844045,75.97712234844045
6,Toluene,50.0,121.00674161479043,71.00674161479043
6,Toluene,50.0,118.95802082912019,68.95802082912019
6,Toluene,50.0,125.2989271740488,75.2989271740488
6,Toluene,50.0,123.71610408837557,73.71610408837557
6,Toluene,50.0,128.68194654605833,78.68194654605833
6,Toluene,50.0,124.82063468531962,74.82063468531962
6,Toluene,50.0,128.22294654701108,78.22294654701108
6,Toluene,50.0,129.17126784117517,79.17126784117517
6,Toluene,50.0,124.28056870374313,74.28056870374313
6,Toluene,50.0,125.29084230365731,75.29084230365731
6,Toluene,50.0,122.29649205604059,72.29649205604059
6,Toluene,50.0,122.58085999588616,72.58085999588616
6,Toluene,50.0,121.6931417643379,71.6931417643379
6,Toluene,50.0,121.91017719426853,71.91017719426853
6,Toluene,50.0,119.81639137407271,69.81639137407271
6,Toluene,50.0,122.08966183876592,72.08966183876592
6,Toluene,50.0,121.87177513996983,71.87177513996983
6,Toluene,50.0,120.16724234492882,70.16724234492882
6,Toluene,50.0,123.77845121960442,73.77845121960442
6,Toluene,50.0,120.98318559304225,70.98318559304225
6,Toluene,50.0,121.07190206323438,71.07190206323438
6,Toluene,50.0,122.84297197897081,72.84297197897081
6,Toluene,50.0,128.41693857369407,78.41693857369407
6,Toluene,50.0,120.37938512421681,70.37938512421681
6,Toluene,50.0,120.93489233165553,70.93489233165553
6,Toluene,50.0,124.78420245826703,74.78420245826703
6,Toluene,50.0,122.60187937210114,72.60187937210114
6,Toluene,50.0,122.56243704711974,72.56243704711974
6,Toluene,50.0,119.90869636475729,69.90869636475729
6,Toluene,50.0,118.839762742116,68.839762742116
6,Toluene,50.0,120.79748010550185,70.79748010550185
6,Toluene,50.0,117.57782754687899,67.57782754687899
6,Toluene,50.0,122.48494289444972,72.48494289444972
6,Toluene,50.0,123.74119962556078,73.74119962556078
6,Toluene,50.0,120.9245869898379,70.9245869898379
6,Toluene,50.0,121.30403614641057,71.30403614641057
6,Toluene,50.0,124.61386387410386,74.61386387410386
6,Toluene,50.0,119.39856073094677,69.39856073094677
6,Toluene,50.0,127.4030080451409,77.4030080451409
6,Toluene,50.0,119.99679271885839,69.99679271885839
6,Toluene,50.0,122.69094718521492,72.69094718521492
6,Toluene,100.0,162.33375899068378,62.333758990683776
6,Toluene,10.0,86.70873606006747,76.70873606006747
6,Toluene,100.0,159.33609990113862,59.336099901138624
6,Toluene,10.0,84.41309248787688,74.41309248787688
6,Toluene,100.0,163.43598833612992,63.435988336129924
6,Toluene,10.0,82.48387855219437,72.48387855219437
6,Toluene,100.0,163.53689686039698,63.53689686039698
6,Toluene,10.0,83.55444742620584,73.55444742620584
6,Toluene,100.0,166.7667259619549,66.7667259619549
6,Toluene,10.0,85.27076038936033,75.27076038936033
6,Toluene,100.0,164.88158706842864,64.88158706842864
6,Toluene,10.0,81.81616651016996,71.81616651016996
6,Toluene,100.0,164.00111203620875,64.00111203620875
6,Toluene,10.0,82.95235031496175,72.95235031496175
6,Toluene,100.0,162.1655842600235,62.16558426002351
6,Toluene,10.0,85.59846335634101,75.59846335634101
6,Toluene,100.0,156.05709967962778,56.05709967962778
6,Toluene,10.0,84.23398735918255,74.23398735918255
6,Toluene,100.0,164.4114822289316,64.41148222893159
6,Toluene,10.0,83.79493419318011,73.79493419318011
6,Toluene,100.0,159.84406113605715,59.84406113605715
6,Toluene,10.0,83.00116055651664,73.00116055651664
6,Toluene,100.0,158.58582238420883,58.585822384208825
6,Toluene,10.0,82.48395026649597,72.48395026649597
6,Toluene,100.0,160.77418151931957,60.77418151931957
6,Toluene,10.0,80.18964238667051,70.18964238667051
6,Toluene,100.0,156.35274060269276,56.35274060269276
6,Toluene,10.0,82.90000840132676,72.90000840132676
6,Toluene,100.0,161.5462458163776,61.54624581637759
6,Toluene,10.0,81.68537981107517,71.68537981107517
6,Toluene,100.0,155.96188537005975,55.96188537005975
6,Toluene,10.0,82.94774563648807,72.94774563648807
6,Toluene,100.0,158.84249078996504,58.84249078996504
6,Toluene,10.0,82.06700877621068,72.06700877621068
6,Toluene,100.0,161.80835559173156,61.808355591731555
6,Toluene,10.0,84.35507093182812,74.35507093182812
6,Toluene,100.0,159.701126544734,59.701126544733995
6,Toluene,10.0,84.04662133512045,74.04662133512045
6,Toluene,100.0,155.8189348866337,55.81893488663371
6,Toluene,10.0,84.25008098742059,74.25008098742059
6,Toluene,100.0,158.36134838699462,58.36134838699462
6,Toluene,10.0,84.4341393646498,74.4341393646498
6,Toluene,100.0,158.69283040911296,58.69283040911296
6,Toluene,10.0,82.54832326375555,72.54832326375555
6,Toluene,100.0,153.804321491015,53.804321491015
6,Toluene,10.0,85.59573670207965,75.59573670207965
6,Toluene,100.0,159.52500671026246,59.52500671026246
6,Toluene,10.0,82.5992580678323,72.5992580678323
6,Toluene,100.0,160.31195885560368,60.31195885560368
6,Toluene,10.0,85.44981413344708,75.44981413344708
6,Toluene,100.0,155.46453348674655,55.46453348674655
6,Toluene,10.0,84.20405027309246,74.20405027309246
6,Toluene,100.0,153.8873300099331,53.887330009933095
6,Toluene,10.0,84.73320584415391,74.73320584415391
6,Toluene,100.0,163.70752590936272,63.707525909362715
6,Toluene,10.0,83.83296837343423,73.83296837343423
6,Toluene,100.0,158.23311394933006,58.23311394933006
6,Toluene,10.0,85.28042667651371,75.28042667651371
6,Toluene,100.0,159.01902065505445,59.01902065505445
6,Toluene,10.0,82.50063509616791,72.50063509616791
6,Toluene,100.0,155.79477121360773,55.79477121360773
6,Toluene,10.0,84.20164643757023,74.20164643757023
6,Toluene,100.0,157.7979206621969,57.7979206621969
6,Toluene,10.0,82.31971212430318,72.31971212430318
6,Toluene,100.0,154.70442939980202,54.704429399802024
6,Toluene,10.0,84.55979687414171,74.55979687414171
6,Toluene,100.0,159.77541881957737,59.77541881957737
6,Toluene,10.0,86.17147290018652,76.17147290018652
6,Toluene,100.0,160.06754047911042,60.06754047911042
6,Toluene,10.0,84.90224489044796,74.90224489044796
6,Toluene,100.0,153.92544502677072,53.92544502677072
6,Toluene,10.0,84.91434157261762,74.91434157261762
6,Toluene,100.0,154.9018326896139,54.90183268961391
6,Toluene,10.0,82.97812752009088,72.97812752009088
6,Toluene,100.0,157.36588133512285,57.36588133512285
6,Toluene,10.0,83.70997282763244,73.70997282763244
6,Toluene,100.0,159.47069331252789,59.470693312527885
6,Toluene,10.0,85.9532578917183,75.9532578917183
6,Toluene,100.0,156.6425451230498,56.642545123049814
6,Toluene,10.0,83.30729153778931,73.30729153778931
6,Toluene,100.0,157.32279383301653,57.32279383301653
6,Toluene,10.0,84.30947283891825,74.30947283891825
6,Toluene,100.0,155.3280863317525,55.3280863317525
6,Toluene,10.0,85.00197020786976,75.00197020786976
6,Toluene,100.0,160.58223514685167,60.58223514685167
6,Toluene,10.0,81.9417383862063,71.9417383862063
6,Toluene,100.0,156.21842244502056,56.218422445020565
6,Toluene,10.0,82.18810425203179,72.18810425203179
6,Toluene,100.0,158.30200116927145,58.30200116927145
6,Toluene,10.0,84.99211607202517,74.99211607202517
6,Toluene,100.0,155.09033084229367,55.09033084229367
6,Toluene,10.0,85.12363256609106,75.12363256609106
6,Toluene,100.0,154.32206912847107,54.32206912847107
6,Toluene,10.0,84.31947711563228,74.31947711563228
6,Toluene,100.0,158.50283058880086,58.50283058880086
6,Toluene,10.0,82.55473339893543,72.55473339893543
6,Toluene,100.0,157.63960743061148,57.63960743061148
6,Toluene,10.0,82.05280074287657,72.05280074287657
6,Toluene,100.0,158.78603788963594,58.786037889635935
6,Toluene,10.0,84.04115330389494,74.04115330389494
