batch_id,gas_name,concentration_ppm,predicted_ppm,absolute_error_ppm
10,Ethylene,10.0,14.282108844434177,4.282108844434177
10,Ethanol,50.0,54.70623114938756,4.706231149387563
10,Ethylene,250.0,83.5239398631223,166.47606013687772
10,Ethanol,600.0,32.46708652340264,567.5329134765974
10,Ethylene,150.0,44.67001182964748,105.32998817035252
10,Ethanol,1000.0,43.152966844091964,956.8470331559081
10,Ethylene,50.0,7.513756050302391,42.48624394969761
10,Ethanol,200.0,27.518030948709054,172.48196905129095
10,Ethylene,100.0,16.55071279614458,83.44928720385542
10,Ethanol,800.0,360.5915008905759,439.4084991094241
10,Ethylene,200.0,47.1463972865818,152.85360271341818
10,Ethanol,400.0,219.8230368179009,180.1769631820991
10,Ethylene,150.0,36.39519441804329,113.60480558195671
10,Ethanol,1000.0,735.9962248290218,264.0037751709782
10,Ethylene,50.0,23.337502269227883,26.662497730772117
10,Ethanol,200.0,118.38474385026208,81.61525614973792
10,Ethylene,100.0,19.632023255910553,80.36797674408945
10,Ethanol,800.0,551.2259137597886,248.77408624021143
10,Ethylene,200.0,50.58212554541005,149.41787445458993
10,Ethanol,400.0,232.3133897445596,167.6866102554404
10,Ethylene,10.0,19.7222745848468,9.7222745848468
10,Ethanol,50.0,10.964416462888451,39.03558353711155
10,Ethylene,250.0,72.25249643069154,177.74750356930846
10,Ethanol,600.0,299.3466284082585,300.6533715917415
10,Ethylene,50.0,20.05296947838316,29.94703052161684
10,Ethanol,200.0,104.74741606298348,95.25258393701652
10,Ethylene,100.0,13.397203428076566,86.60279657192343
10,Ethanol,800.0,440.3792106745011,359.6207893254989
10,Ethylene,200.0,43.97800319514967,156.02199680485035
10,Ethanol,400.0,216.03369908380122,183.96630091619878
10,Ethylene,10.0,19.996499902488736,9.996499902488736
10,Ethanol,50.0,6.298589472743544,43.701410527256456
10,Ethylene,250.0,72.41792248934888,177.58207751065112
10,Ethanol,600.0,304.00605179423053,295.99394820576947
10,Ethylene,150.0,32.06583469879554,117.93416530120446
10,Ethanol,1000.0,682.0789133464647,317.9210866535353
10,Ethylene,10.0,37.18555484349214,27.18555484349214
10,Ethanol,50.0,23.77462642121084,26.22537357878916
10,Ethylene,50.0,12.481093990911205,37.518906009088795
10,Ethanol,200.0,102.90942377250522,97.09057622749478
10,Ethylene,100.0,15.011058773233458,84.98894122676654
10,Ethanol,800.0,498.3386653318961,301.6613346681039
10,Ethylene,200.0,45.71422668902552,154.2857733109745
10,Ethanol,400.0,227.66698464668502,172.33301535331498
10,Ethylene,250.0,82.15623724014239,167.8437627598576
10,Ethanol,600.0,309.7085031265315,290.2914968734685
10,Ethylene,150.0,28.656612528693742,121.34338747130626
10,Ethanol,1000.0,700.4029194962762,299.59708050372376
10,Ethylene,200.0,53.555948949916385,146.4440510500836
10,Ethanol,400.0,219.96172628103244,180.03827371896756
10,Ethylene,10.0,15.99418181545522,5.994181815455221
10,Ethanol,50.0,9.228532266105574,40.771467733894426
10,Ethylene,250.0,72.88388814419959,177.1161118558004
10,Ethanol,600.0,300.7147853257216,299.2852146742784
10,Ethylene,150.0,32.519629778296405,117.4803702217036
10,Ethanol,1000.0,702.7490097896826,297.25099021031735
10,Ethylene,50.0,11.879170058631544,38.120829941368456
10,Ethanol,200.0,97.93925132016298,102.06074867983702
10,Ethylene,100.0,17.384740951557617,82.61525904844238
10,Ethanol,800.0,514.9011416876526,285.0988583123474
10,Ethylene,50.0,6.007191489458222,43.99280851054178
10,Ethanol,200.0,106.29478856172511,93.70521143827489
10,Ethylene,100.0,19.24655027571778,80.75344972428222
10,Ethanol,800.0,515.2044250637704,284.7955749362296
10,Ethylene,200.0,52.06413350745608,147.93586649254394
10,Ethanol,400.0,215.02925834692502,184.97074165307498
10,Ethylene,10.0,11.264283550386637,1.2642835503866365
10,Ethanol,50.0,8.716791485714566,41.283208514285434
10,Ethylene,250.0,75.84016991574002,174.15983008425997
10,Ethanol,600.0,331.0360400941836,268.9639599058164
10,Ethylene,150.0,32.7631457178754,117.2368542821246
10,Ethanol,1000.0,718.3257240213264,281.67427597867356
10,Ethylene,150.0,28.752509862531582,121.24749013746842
10,Ethanol,1000.0,702.5957714615512,297.4042285384488
10,Ethylene,50.0,6.15342773421672,43.84657226578328
10,Ethanol,200.0,108.35076506246128,91.64923493753872
10,Ethylene,100.0,16.130568373202607,83.8694316267974
10,Ethanol,800.0,542.2099790450301,257.7900209549699
10,Ethylene,200.0,41.36594134090666,158.63405865909334
10,Ethanol,400.0,239.86099191795267,160.13900808204733
10,Ethylene,10.0,31.238344662612846,21.238344662612846
10,Ethanol,50.0,25.725326426369023,24.274673573630977
10,Ethylene,250.0,66.51587985536594,183.48412014463406
10,Ethanol,600.0,344.9379739035526,255.06202609644743
10,Ethylene,250.0,64.97122733281824,185.02877266718176
10,Ethanol,600.0,341.39629506908415,258.60370493091585
10,Ethylene,150.0,24.27870452306786,125.72129547693214
10,Ethanol,1000.0,759.2758542991097,240.7241457008903
10,Ethylene,10.0,31.361004005983816,21.361004005983816
10,Ethanol,50.0,34.716308245267356,15.283691754732644
10,Ethylene,50.0,10.632138631306546,39.367861368693454
10,Ethanol,200.0,116.30664457292801,83.69335542707199
10,Ethylene,100.0,13.467263640456366,86.53273635954363
10,Ethanol,800.0,532.5636945136073,267.4363054863927
10,Ethylene,200.0,40.52677059395212,159.4732294060479
10,Ethanol,400.0,237.85166987426095,162.14833012573905
10,Ethylene,10.0,26.973947755142177,16.973947755142177
10,Ethanol,50.0,37.66571358463,12.334286415370002
10,Ethylene,250.0,66.00586855149972,183.9941314485003
10,Ethanol,600.0,344.1542334305386,255.84576656946138
10,Ethylene,150.0,25.357284358036225,124.64271564196378
10,Ethanol,1000.0,745.4937305520676,254.50626944793237
10,Ethylene,50.0,10.31530076261771,39.68469923738229
10,Ethanol,200.0,116.61431538117981,83.38568461882019
10,Ethylene,100.0,11.743526397782247,88.25647360221775
10,Ethanol,800.0,541.4004820938776,258.5995179061224
10,Ethylene,200.0,41.20232938981941,158.7976706101806
10,Ethanol,400.0,242.99195801477714,157.00804198522286
10,Ethylene,50.0,9.439253890722739,40.56074610927726
10,Ethanol,200.0,111.38323296051975,88.61676703948025
10,Ethylene,100.0,10.257087518711486,89.74291248128851
10,Ethanol,800.0,556.048202641137,243.95179735886302
10,Ethylene,200.0,38.988419338468915,161.01158066153107
10,Ethanol,400.0,238.0291331733897,161.9708668266103
10,Ethylene,10.0,29.776286756286055,19.776286756286055
10,Ethanol,50.0,32.06099719394504,17.93900280605496
10,Ethylene,250.0,71.56973595837226,178.43026404162774
10,Ethanol,600.0,349.6507451094448,250.3492548905552
10,Ethylene,150.0,28.604237112447137,121.39576288755286
10,Ethanol,1000.0,749.8062940044518,250.19370599554816
10,Toluene,1.0,37.078500672770915,36.078500672770915
10,Acetaldehyde,10.0,16.256403809747653,6.256403809747653
10,Toluene,100.0,70.34264543704793,29.657354562952065
10,Acetaldehyde,150.0,424.3712723630724,274.3712723630724
10,Toluene,60.0,40.17155708768372,19.828442912316277
10,Acetaldehyde,250.0,617.3588221466099,367.3588221466099
10,Toluene,20.0,18.444579314532163,1.555420685467837
10,Acetaldehyde,50.0,101.4366810907068,51.4366810907068
10,Toluene,40.0,19.780528090516768,20.219471909483232
10,Acetaldehyde,200.0,288.620504454318,88.620504454318
10,Toluene,80.0,23.038878886165435,56.961121113834565
10,Acetaldehyde,100.0,146.53817339396426,46.53817339396426
10,Toluene,60.0,13.948846577903922,46.05115342209608
10,Acetaldehyde,250.0,256.82978839261085,6.829788392610851
10,Toluene,20.0,13.527469523555183,6.472530476444817
10,Acetaldehyde,50.0,85.531588344481,35.531588344480994
10,Toluene,40.0,10.823342788476225,29.176657211523775
10,Acetaldehyde,200.0,279.46303085934807,79.46303085934807
10,Toluene,80.0,26.353996441541113,53.64600355845889
10,Acetaldehyde,100.0,207.102231830715,107.102231830715
10,Toluene,1.0,21.3055751646356,20.3055751646356
10,Acetaldehyde,10.0,19.083779051834995,9.083779051834995
10,Toluene,100.0,34.87287021016559,65.12712978983441
10,Acetaldehyde,150.0,265.7956741857165,115.7956741857165
10,Toluene,20.0,16.15394969139679,3.8460503086032105
10,Acetaldehyde,50.0,93.00155366347595,43.001553663475946
10,Toluene,40.0,13.740725237568213,26.259274762431787
10,Acetaldehyde,200.0,268.1631424707729,68.16314247077293
10,Toluene,80.0,25.541019527403108,54.45898047259689
10,Acetaldehyde,100.0,157.43176530064596,57.431765300645964
10,Toluene,1.0,36.61366748143324,35.61366748143324
10,Acetaldehyde,10.0,23.379997745730847,13.379997745730847
10,Toluene,100.0,30.347267284501072,69.65273271549893
10,Acetaldehyde,150.0,209.3342581474845,59.33425814748449
10,Toluene,60.0,14.894645511925333,45.10535448807467
10,Acetaldehyde,250.0,251.02403884250862,1.0240388425086167
10,Toluene,1.0,41.661323896739916,40.661323896739916
10,Acetaldehyde,10.0,31.524357390622427,21.524357390622427
10,Toluene,20.0,9.361675029939548,10.638324970060452
10,Acetaldehyde,50.0,81.16352016018695,31.16352016018695
10,Toluene,40.0,13.83503574169228,26.16496425830772
10,Acetaldehyde,200.0,228.94961431820357,28.949614318203572
10,Toluene,80.0,21.950201671168685,58.049798328831315
10,Acetaldehyde,100.0,151.3619681691417,51.361968169141704
10,Toluene,100.0,25.518227741239926,74.48177225876007
10,Acetaldehyde,150.0,210.53602851497337,60.53602851497337
10,Toluene,60.0,15.196193810518764,44.803806189481236
10,Acetaldehyde,250.0,250.26547817844659,0.2654781784465854
10,Toluene,80.0,19.25896262852754,60.74103737147246
10,Acetaldehyde,100.0,145.8213185771684,45.8213185771684
10,Toluene,1.0,45.64556896669441,44.64556896669441
10,Acetaldehyde,10.0,25.787451829140352,15.787451829140352
10,Toluene,100.0,26.61680181789211,73.38319818210789
10,Acetaldehyde,150.0,208.72557687616228,58.72557687616228
10,Toluene,60.0,13.438086272010025,46.561913727989975
10,Acetaldehyde,250.0,240.95540989324564,9.044590106754356
10,Toluene,20.0,14.825350995563667,5.174649004436333
10,Acetaldehyde,50.0,71.77245075190882,21.77245075190882
10,Toluene,40.0,8.886855312785528,31.113144687214472
10,Acetaldehyde,200.0,229.1487546787165,29.1487546787165
10,Toluene,20.0,9.104281982579565,10.895718017420435
10,Acetaldehyde,50.0,72.15526577345008,22.155265773450083
10,Toluene,40.0,11.595486800158895,28.404513199841105
10,Acetaldehyde,200.0,220.46935954448026,20.469359544480255
10,Toluene,80.0,25.28381353576451,54.71618646423549
10,Acetaldehyde,100.0,143.5919098581185,43.5919098581185
10,Toluene,1.0,18.804221941462117,17.804221941462117
10,Acetaldehyde,10.0,16.55232291422483,6.552322914224831
10,Toluene,100.0,32.566542563671206,67.4334574363288
10,Acetaldehyde,150.0,188.5653064513505,38.565306451350494
10,Toluene,60.0,12.487115777454875,47.512884222545125
10,Acetaldehyde,250.0,233.63960953383955,16.360390466160453
10,Toluene,60.0,15.260641983472993,44.73935801652701
10,Acetaldehyde,250.0,225.96248550465268,24.037514495347324
10,Toluene,20.0,1.4694238026158644,18.530576197384136
10,Acetaldehyde,50.0,69.36449462130027,19.364494621300267
10,Toluene,40.0,11.413051060143133,28.586948939856867
10,Acetaldehyde,200.0,217.51869501619564,17.518695016195636
10,Toluene,80.0,28.440137055050684,51.559862944949316
10,Acetaldehyde,100.0,141.07733804945687,41.07733804945687
10,Toluene,1.0,1.3753236088506782,0.37532360885067817
10,Acetaldehyde,10.0,0.0,10.0
10,Toluene,100.0,36.53732876125606,63.46267123874394
10,Acetaldehyde,150.0,197.0316572215233,47.03165722152329
10,Toluene,100.0,24.65985694690822,75.34014305309178
10,Acetaldehyde,150.0,191.20524790552147,41.205247905521475
10,Toluene,60.0,16.632598389418973,43.36740161058103
10,Acetaldehyde,250.0,227.130493234558,22.869506765441997
10,Toluene,1.0,0.0,1.0
10,Acetaldehyde,10.0,0.0,10.0
10,Toluene,20.0,0.0,20.0
10,Acetaldehyde,50.0,72.38768284172775,22.387682841727752
10,Toluene,40.0,9.806359994784415,30.193640005215585
10,Acetaldehyde,200.0,201.46158459324292,1.4615845932429181
10,Toluene,80.0,25.07042755720593,54.92957244279407
10,Acetaldehyde,100.0,130.64987380135625,30.64987380135625
10,Toluene,1.0,18.144295828409057,17.144295828409057
10,Acetaldehyde,10.0,1.6747277210056524,8.325272278994348
10,Toluene,100.0,30.043559722008993,69.956440277991
10,Acetaldehyde,150.0,183.50906075064904,33.50906075064904
10,Toluene,60.0,16.349700630157002,43.650299369843
10,Acetaldehyde,250.0,234.48786679465888,15.512133205341115
10,Toluene,20.0,0.0,20.0
10,Acetaldehyde,50.0,64.05332318964076,14.053323189640764
10,Toluene,40.0,9.520600619597829,30.47939938040217
10,Acetaldehyde,200.0,201.2651170510735,1.2651170510735028
10,Toluene,80.0,30.535032749973624,49.464967250026376
10,Acetaldehyde,100.0,123.7463168424096,23.7463168424096
10,Toluene,20.0,7.7708436868151125,12.229156313184887
10,Acetaldehyde,50.0,52.49208916886545,2.492089168865448
10,Toluene,40.0,7.3998766645321865,32.60012333546781
10,Acetaldehyde,200.0,240.68252758510693,40.682527585106925
10,Toluene,80.0,18.24664549521161,61.75335450478839
10,Acetaldehyde,100.0,128.19515642564534,28.195156425645337
10,Toluene,1.0,39.2805014839351,38.2805014839351
10,Acetaldehyde,10.0,29.13825557618084,19.13825557618084
10,Toluene,100.0,21.664249303823553,78.33575069617645
10,Acetaldehyde,150.0,199.09720783276953,49.09720783276953
10,Toluene,60.0,12.287761146366535,47.712238853633465
10,Acetaldehyde,250.0,266.2280687129315,16.228068712931474
10,Ethylene,10.0,33.303477862899584,23.303477862899584
10,Ethanol,50.0,18.354258766015022,31.645741233984978
10,Ethylene,250.0,45.76061721649056,204.23938278350943
10,Ethanol,600.0,370.4949229364299,229.50507706357013
10,Ethylene,150.0,18.488522877998804,131.5114771220012
10,Ethanol,1000.0,756.4331524728508,243.5668475271492
10,Ethylene,50.0,16.894084686108627,33.10591531389137
10,Ethanol,200.0,98.39059524016082,101.60940475983918
10,Ethylene,100.0,5.797785304836154,94.20221469516385
10,Ethanol,800.0,583.0684718159575,216.93152818404246
10,Ethylene,200.0,32.05902761281446,167.94097238718552
10,Ethanol,400.0,249.19133427298652,150.80866572701348
10,Ethylene,150.0,21.241804713384155,128.75819528661583
10,Ethanol,1000.0,771.0668231045721,228.9331768954279
10,Ethylene,50.0,10.77158529139821,39.22841470860179
10,Ethanol,200.0,102.1352538836328,97.8647461163672
10,Ethylene,100.0,7.146230892143421,92.85376910785658
10,Ethanol,800.0,584.2560401898775,215.74395981012253
10,Ethylene,200.0,32.91126218319819,167.08873781680182
10,Ethanol,400.0,254.42487346369956,145.57512653630044
10,Ethylene,10.0,36.72101281345624,26.72101281345624
10,Ethanol,50.0,14.855585277646682,35.14441472235332
10,Ethylene,250.0,54.742467203603795,195.25753279639622
10,Ethanol,600.0,393.1300836851212,206.86991631487882
10,Ethylene,50.0,9.430198879684625,40.569801120315375
10,Ethanol,200.0,103.4536085858764,96.5463914141236
10,Ethylene,100.0,7.889367276152996,92.110632723847
10,Ethanol,800.0,586.4432966464564,213.55670335354364
10,Ethylene,200.0,39.45846269203088,160.54153730796912
10,Ethanol,400.0,255.7555031851994,144.2444968148006
10,Ethylene,10.0,33.75023695137325,23.750236951373253
10,Ethanol,50.0,24.077657843229275,25.922342156770725
10,Ethylene,250.0,58.06310988696147,191.93689011303854
10,Ethanol,600.0,398.9571883887237,201.0428116112763
10,Ethylene,150.0,23.492159162076064,126.50784083792394
10,Ethanol,1000.0,781.8187919583485,218.18120804165153
10,Ethylene,10.0,35.62482863289267,25.624828632892672
10,Ethanol,50.0,27.369029869637814,22.630970130362186
10,Ethylene,50.0,2.405409111297786,47.594590888702214
10,Ethanol,200.0,102.46948995995004,97.53051004004996
10,Ethylene,100.0,7.4364735128151125,92.56352648718489
10,Ethanol,800.0,603.1021447273091,196.8978552726909
10,Ethylene,200.0,38.58628887330799,161.41371112669202
10,Ethanol,400.0,258.08347264664604,141.91652735335396
10,Ethylene,250.0,71.40031150424187,178.59968849575813
10,Ethanol,600.0,380.1396212006477,219.8603787993523
10,Ethylene,150.0,23.85603104736323,126.14396895263677
10,Ethanol,1000.0,755.1158008804086,244.88419911959136
10,Ethylene,200.0,41.114973126898235,158.88502687310176
10,Ethanol,400.0,242.46865376640557,157.53134623359443
10,Ethylene,10.0,5.719665208145273,4.280334791854727
10,Ethanol,50.0,0.0,50.0
10,Ethylene,250.0,67.01328447737374,182.98671552262624
10,Ethanol,600.0,369.9403441399756,230.0596558600244
10,Ethylene,150.0,32.25534050002503,117.74465949997497
10,Ethanol,1000.0,754.355250660122,245.644749339878
10,Ethylene,50.0,0.0,50.0
10,Ethanol,200.0,110.97260703405205,89.02739296594795
10,Ethylene,100.0,15.055039171693167,84.94496082830683
10,Ethanol,800.0,586.571781071034,213.42821892896598
10,Ethylene,50.0,0.0,50.0
10,Ethanol,200.0,107.36287303019269,92.63712696980731
10,Ethylene,100.0,12.77277696030437,87.22722303969563
10,Ethanol,800.0,590.5099855540088,209.49001444599116
10,Ethylene,200.0,43.221466291615016,156.778533708385
10,Ethanol,400.0,238.3078777650012,161.6921222349988
10,Ethylene,10.0,0.0,10.0
10,Ethanol,50.0,0.0,50.0
10,Ethylene,250.0,70.27807931711378,179.7219206828862
10,Ethanol,600.0,384.42294779443046,215.57705220556954
10,Ethylene,150.0,29.539201280322303,120.4607987196777
10,Ethanol,1000.0,761.7757639757946,238.22423602420542
10,Ethylene,150.0,28.969179578965793,121.0308204210342
10,Ethanol,1000.0,752.977494416239,247.02250558376102
10,Ethylene,50.0,0.3451460816510803,49.65485391834892
10,Ethanol,200.0,108.24170805767208,91.75829194232792
10,Ethylene,100.0,11.812862724263937,88.18713727573606
10,Ethanol,800.0,584.0801052752671,215.9198947247329
10,Ethylene,200.0,39.43972270278313,160.56027729721689
10,Ethanol,400.0,253.0646849910134,146.9353150089866
10,Ethylene,10.0,6.374744764256789,3.625255235743211
10,Ethanol,50.0,0.0,50.0
10,Ethylene,250.0,69.7802679351173,180.2197320648827
10,Ethanol,600.0,398.65138826941046,201.34861173058954
10,Ethylene,250.0,68.60354609579318,181.39645390420682
10,Ethanol,600.0,398.34045170776193,201.65954829223807
10,Ethylene,150.0,28.607717737304355,121.39228226269564
10,Ethanol,1000.0,775.9669779496347,224.03302205036528
10,Ethylene,10.0,2.344777897030383,7.655222102969617
10,Ethanol,50.0,0.0,50.0
10,Ethylene,50.0,0.5681878881945863,49.431812111805414
10,Ethanol,200.0,106.90567117028819,93.09432882971181
10,Ethylene,100.0,14.82927667739665,85.17072332260335
10,Ethanol,800.0,594.3599321895467,205.64006781045327
10,Ethylene,200.0,44.455284693537365,155.54471530646265
10,Ethanol,400.0,251.44085374719742,148.55914625280258
10,Ethylene,10.0,17.409706408504178,7.409706408504178
10,Ethanol,50.0,0.8338617482102535,49.16613825178975
10,Ethylene,250.0,69.14096000523807,180.85903999476193
10,Ethanol,600.0,403.06937108638164,196.93062891361836
10,Ethylene,150.0,22.003604623407085,127.99639537659291
10,Ethanol,1000.0,794.0697275993666,205.93027240063338
10,Ethylene,50.0,0.0,50.0
10,Ethanol,200.0,109.42079649400169,90.57920350599831
10,Ethylene,100.0,9.724548970819185,90.27545102918081
10,Ethanol,800.0,600.9330722580706,199.06692774192936
10,Ethylene,200.0,40.05588641665908,159.94411358334094
10,Ethanol,400.0,256.4978453382397,143.5021546617603
10,Ethylene,50.0,2.779533056811829,47.22046694318817
10,Ethanol,200.0,111.95059901788743,88.04940098211257
10,Ethylene,100.0,10.910535576159035,89.08946442384097
10,Ethanol,800.0,623.2544448649867,176.74555513501332
10,Ethylene,200.0,45.26542454957678,154.73457545042322
10,Ethanol,400.0,263.12674159143563,136.87325840856437
10,Ethylene,10.0,15.910729382369638,5.910729382369638
10,Ethanol,50.0,8.825206196986642,41.17479380301336
10,Ethylene,250.0,70.34218986986438,179.6578101301356
10,Ethanol,600.0,412.1493553252034,187.85064467479663
10,Ethylene,150.0,30.259695263808922,119.74030473619108
10,Ethanol,1000.0,795.395864839623,204.60413516037704
10,Ethylene,10.0,19.408172191014387,9.408172191014387
10,Ethanol,50.0,10.52726609182595,39.47273390817405
10,Ethylene,250.0,74.25220118844518,175.74779881155482
10,Ethanol,600.0,421.25723536774905,178.74276463225095
10,Ethylene,150.0,27.062142121308085,122.93785787869191
10,Ethanol,1000.0,800.4746190242645,199.52538097573552
10,Ethylene,50.0,2.4188481003072724,47.58115189969273
10,Ethanol,200.0,107.59539999403378,92.40460000596622
10,Ethylene,100.0,7.503180255298588,92.49681974470141
10,Ethanol,800.0,610.1091350586192,189.89086494138076
10,Ethylene,200.0,48.69191599854676,151.30808400145324
10,Ethanol,400.0,256.8734407421026,143.12655925789738
10,Ethylene,150.0,28.13245322268139,121.86754677731861
10,Ethanol,1000.0,787.7051052882374,212.2948947117626
10,Ethylene,50.0,0.03759796028241169,49.96240203971759
10,Ethanol,200.0,108.41218806193184,91.58781193806816
10,Ethylene,100.0,9.628265233618606,90.3717347663814
10,Ethanol,800.0,620.1389954933973,179.86100450660274
10,Ethylene,200.0,50.026297945831075,149.97370205416894
10,Ethanol,400.0,259.7529011430581,140.24709885694188
10,Ethylene,10.0,24.379848141230084,14.379848141230084
10,Ethanol,50.0,15.893239247034671,34.10676075296533
10,Ethylene,250.0,73.67914888578208,176.32085111421793
10,Ethanol,600.0,418.3355088554909,181.6644911445091
10,Ethylene,50.0,6.761673701029082,43.23832629897092
10,Ethanol,200.0,114.16938434614397,85.83061565385603
10,Ethylene,100.0,9.697758813758426,90.30224118624157
10,Ethanol,800.0,627.5762931968974,172.42370680310262
10,Ethylene,200.0,47.73363440359998,152.26636559640002
10,Ethanol,400.0,272.07571918448167,127.92428081551833
10,Ethylene,10.0,41.69539994992529,31.69539994992529
10,Ethanol,50.0,25.85552657607235,24.14447342392765
10,Ethylene,250.0,70.89163668832978,179.10836331167022
10,Ethanol,600.0,422.5224727082005,177.4775272917995
10,Ethylene,150.0,26.365289441843572,123.63471055815643
10,Ethanol,1000.0,805.7084330871513,194.29156691284868
10,Ethylene,10.0,46.47515897211166,36.47515897211166
10,Ethanol,50.0,29.871136845295837,20.128863154704163
10,Ethylene,50.0,2.7158931234983754,47.284106876501625
10,Ethanol,200.0,119.50452281595959,80.49547718404041
10,Ethylene,100.0,9.308737949353173,90.69126205064683
10,Ethanol,800.0,623.9397540662712,176.06024593372877
10,Ethylene,200.0,43.173271389455934,156.82672861054408
10,Ethanol,400.0,270.16988517025425,129.83011482974575
10,Ethylene,250.0,68.43703392712911,181.5629660728709
10,Ethanol,600.0,419.8326436498501,180.16735635014987
10,Ethylene,150.0,26.094650286440185,123.90534971355981
10,Ethanol,1000.0,787.73381795146,212.26618204854003
10,Ethylene,200.0,44.53763113832055,155.46236886167947
10,Ethanol,400.0,263.129913155469,136.870086844531
10,Ethylene,10.0,38.589451329602184,28.589451329602184
10,Ethanol,50.0,31.319199617146495,18.680800382853505
10,Ethylene,250.0,66.90984239022137,183.09015760977863
10,Ethanol,600.0,423.38279515646167,176.61720484353833
10,Ethylene,150.0,23.055551371510873,126.94444862848913
10,Ethanol,1000.0,806.4103794127473,193.58962058725274
10,Ethylene,50.0,11.41129247839585,38.58870752160415
10,Ethanol,200.0,118.31305577192826,81.68694422807174
10,Ethylene,100.0,8.619209509835144,91.38079049016486
10,Ethanol,800.0,617.4809769623027,182.51902303769725
10,Ethylene,50.0,3.2131123887556328,46.78688761124437
10,Ethanol,200.0,115.91638881210247,84.08361118789753
10,Ethylene,100.0,4.637806068072521,95.36219393192748
10,Ethanol,800.0,639.7706290261145,160.22937097388547
10,Ethylene,200.0,39.99181497199247,160.00818502800752
10,Ethanol,400.0,263.51351838502126,136.48648161497874
10,Ethylene,10.0,9.407871050683312,0.5921289493166881
10,Ethanol,50.0,8.798173076586068,41.20182692341393
10,Ethylene,250.0,66.44130342033547,183.5586965796645
10,Ethanol,600.0,415.31225868618947,184.68774131381053
10,Ethylene,150.0,25.540356847261705,124.4596431527383
10,Ethanol,1000.0,816.8115439252005,183.18845607479955
10,Ethylene,150.0,25.374599397708153,124.62540060229185
10,Ethanol,1000.0,831.4041882949563,168.59581170504373
10,Ethylene,50.0,2.5871535472952303,47.41284645270477
10,Ethanol,200.0,113.21592597158133,86.78407402841867
10,Ethylene,100.0,7.187952978026203,92.8120470219738
10,Ethanol,800.0,643.7689509317535,156.23104906824653
10,Ethylene,200.0,41.72299201668416,158.27700798331585
10,Ethanol,400.0,260.94222894351174,139.05777105648826
10,Ethylene,10.0,24.372581685784837,14.372581685784837
10,Ethanol,50.0,8.807553757601951,41.19244624239805
10,Ethylene,250.0,67.5953404599058,182.4046595400942
10,Ethanol,600.0,407.7326968264343,192.26730317356572
10,Ethylene,250.0,64.46852462091844,185.53147537908154
10,Ethanol,600.0,396.3121718783134,203.6878281216866
10,Ethylene,150.0,25.205568515087947,124.79443148491205
10,Ethanol,1000.0,819.6611538971067,180.33884610289329
10,Ethylene,10.0,14.857763720868903,4.857763720868903
10,Ethanol,50.0,17.204782793183313,32.79521720681669
10,Ethylene,50.0,4.961106996077987,45.03889300392201
10,Ethanol,200.0,105.62860886677171,94.37139113322829
10,Ethylene,100.0,4.1368444925213055,95.8631555074787
10,Ethanol,800.0,606.8171916991002,193.18280830089975
10,Ethylene,200.0,35.05040839468964,164.94959160531036
10,Ethanol,400.0,254.9082343899961,145.0917656100039
10,Ethylene,10.0,24.80543879881195,14.805438798811949
10,Ethanol,50.0,8.16891985547636,41.83108014452364
10,Ethylene,250.0,57.277180657220285,192.7228193427797
10,Ethanol,600.0,393.9286609219199,206.0713390780801
10,Ethylene,150.0,24.382854217635725,125.61714578236428
10,Ethanol,1000.0,802.5846833613119,197.41531663868807
10,Ethylene,50.0,7.679078769573408,42.32092123042659
10,Ethanol,200.0,100.91468449881896,99.08531550118104
10,Ethylene,100.0,9.70591284552225,90.29408715447775
10,Ethanol,800.0,595.680313354743,204.31968664525698
10,Ethylene,200.0,38.427746787442274,161.5722532125577
10,Ethanol,400.0,253.64585701098818,146.35414298901182
10,Ethylene,50.0,8.959585656698977,41.04041434330102
10,Ethanol,200.0,99.91794396656073,100.08205603343927
10,Ethylene,100.0,7.517961262789896,92.4820387372101
10,Ethanol,800.0,600.8155431770423,199.1844568229577
10,Ethylene,200.0,34.147430740310625,165.85256925968937
10,Ethanol,400.0,244.68448949247045,155.31551050752955
10,Ethylene,10.0,26.841183669830173,16.841183669830173
10,Ethanol,50.0,14.866746978532262,35.13325302146774
10,Ethylene,250.0,56.63673802760091,193.36326197239907
10,Ethanol,600.0,381.5837878026571,218.41621219734287
10,Ethylene,150.0,22.02923811417942,127.97076188582058
10,Ethanol,1000.0,783.4059395649037,216.59406043509625
10,Toluene,1.0,42.97560540749258,41.97560540749258
10,Acetaldehyde,10.0,32.63167713844739,22.631677138447387
10,Toluene,100.0,68.80596885261609,31.19403114738391
10,Acetaldehyde,150.0,288.8014936673315,138.8014936673315
10,Toluene,60.0,22.56456735956054,37.43543264043946
10,Acetaldehyde,250.0,268.0817476561485,18.08174765614848
10,Toluene,20.0,9.406402987339163,10.593597012660837
10,Acetaldehyde,50.0,50.41784149501366,0.4178414950136613
10,Toluene,40.0,14.177588629269039,25.82241137073096
10,Acetaldehyde,200.0,212.0973743746303,12.097374374630306
10,Toluene,80.0,39.743882936616885,40.256117063383115
10,Acetaldehyde,100.0,98.65990960400241,1.340090395997592
10,Toluene,60.0,21.23404042893455,38.76595957106545
10,Acetaldehyde,250.0,250.5022237042438,0.5022237042437894
10,Toluene,20.0,10.41148884042913,9.58851115957087
10,Acetaldehyde,50.0,45.515949367350856,4.484050632649144
10,Toluene,40.0,13.379120985999222,26.620879014000778
10,Acetaldehyde,200.0,241.4267717087489,41.4267717087489
10,Toluene,80.0,37.285911286649224,42.714088713350776
10,Acetaldehyde,100.0,134.3431527406137,34.343152740613704
10,Toluene,1.0,38.238992386079104,37.238992386079104
10,Acetaldehyde,10.0,48.788550509261384,38.788550509261384
10,Toluene,100.0,46.07504090142811,53.92495909857189
10,Acetaldehyde,150.0,195.03157142802127,45.031571428021266
10,Toluene,20.0,10.718841704503774,9.281158295496226
10,Acetaldehyde,50.0,47.89847188922181,2.1015281107781902
10,Toluene,40.0,12.51445533084049,27.48554466915951
10,Acetaldehyde,200.0,229.96590853652557,29.965908536525575
10,Toluene,80.0,35.015713623244366,44.984286376755634
10,Acetaldehyde,100.0,110.3502245467586,10.350224546758596
10,Toluene,1.0,37.22884749090346,36.22884749090346
10,Acetaldehyde,10.0,38.513986893138735,28.513986893138735
10,Toluene,100.0,45.6152974342065,54.3847025657935
10,Acetaldehyde,150.0,177.64216152302808,27.64216152302808
10,Toluene,60.0,18.46917831218441,41.53082168781559
10,Acetaldehyde,250.0,260.02348109576974,10.02348109576974
10,Toluene,1.0,41.524096139050954,40.524096139050954
10,Acetaldehyde,10.0,39.48701825775399,29.487018257753988
10,Toluene,20.0,7.59398185921286,12.40601814078714
10,Acetaldehyde,50.0,42.20767656260672,7.792323437393279
10,Toluene,40.0,14.167711355302743,25.832288644697257
10,Acetaldehyde,200.0,222.99174687682589,22.991746876825886
10,Toluene,80.0,34.092811799241346,45.907188200758654
10,Acetaldehyde,100.0,95.23477668531551,4.765223314684491
10,Toluene,100.0,40.71615476105447,59.28384523894553
10,Acetaldehyde,150.0,173.22196855134368,23.22196855134368
10,Toluene,60.0,18.481560825103273,41.51843917489673
10,Acetaldehyde,250.0,265.10751227538907,15.10751227538907
10,Toluene,80.0,30.076830627358632,49.92316937264137
10,Acetaldehyde,100.0,97.82777795768246,2.172222042317543
10,Toluene,1.0,46.78600230513827,45.78600230513827
10,Acetaldehyde,10.0,40.00131043687766,30.00131043687766
10,Toluene,100.0,43.19806778432299,56.80193221567701
10,Acetaldehyde,150.0,176.38102524004276,26.38102524004276
10,Toluene,60.0,17.864329145536388,42.13567085446361
10,Acetaldehyde,250.0,263.7887701038808,13.788770103880779
10,Toluene,20.0,13.57586316235107,6.4241368376489305
10,Acetaldehyde,50.0,36.478964365165766,13.521035634834234
10,Toluene,40.0,9.999362414804438,30.000637585195562
10,Acetaldehyde,200.0,229.96284336576298,29.96284336576298
10,Toluene,20.0,5.221844436125096,14.778155563874904
10,Acetaldehyde,50.0,39.67159509604949,10.328404903950513
10,Toluene,40.0,15.529228617704234,24.470771382295766
10,Acetaldehyde,200.0,229.71748313296436,29.71748313296436
10,Toluene,80.0,37.072411748850854,42.927588251149146
10,Acetaldehyde,100.0,98.63803728721774,1.3619627127822582
10,Toluene,1.0,22.508395900359417,21.508395900359417
10,Acetaldehyde,10.0,23.48277446542852,13.48277446542852
10,Toluene,100.0,53.196484883956686,46.803515116043314
10,Acetaldehyde,150.0,170.59006247263665,20.590062472636646
10,Toluene,60.0,32.10319211327899,27.896807886721007
10,Acetaldehyde,250.0,248.6742363031483,1.325763696851709
10,Toluene,60.0,34.462768216767316,25.537231783232684
10,Acetaldehyde,250.0,253.36794854595377,3.367948545953766
10,Toluene,20.0,4.895377686466247,15.104622313533753
10,Acetaldehyde,50.0,43.046439093587864,6.953560906412136
10,Toluene,40.0,23.679196238176417,16.320803761823583
10,Acetaldehyde,200.0,214.99508367285696,14.995083672856964
10,Toluene,80.0,45.680117439132914,34.319882560867086
10,Acetaldehyde,100.0,99.74938043554098,0.250619564459015
10,Toluene,1.0,11.0208451703258,10.0208451703258
10,Acetaldehyde,10.0,0.5246511337157642,9.475348866284236
10,Toluene,100.0,49.45352232334341,50.54647767665659
10,Acetaldehyde,150.0,171.5278824521331,21.5278824521331
10,Toluene,100.0,50.18020321848162,49.81979678151838
10,Acetaldehyde,150.0,173.7331689502134,23.73316895021341
10,Toluene,60.0,29.729541027503785,30.270458972496215
10,Acetaldehyde,250.0,255.1314050309544,5.131405030954397
10,Toluene,1.0,28.18694516666858,27.18694516666858
10,Acetaldehyde,10.0,17.16859214240435,7.16859214240435
10,Toluene,20.0,7.173322458246929,12.826677541753071
10,Acetaldehyde,50.0,40.81431216813361,9.185687831866389
10,Toluene,40.0,16.30813595965705,23.69186404034295
10,Acetaldehyde,200.0,214.42228603959603,14.422286039596031
10,Toluene,80.0,39.50859617823852,40.49140382176148
10,Acetaldehyde,100.0,94.70001591149521,5.299984088504786
10,Toluene,1.0,15.43173368730207,14.43173368730207
10,Acetaldehyde,10.0,8.480635024320861,1.5193649756791388
10,Toluene,100.0,51.59484977997177,48.40515022002823
10,Acetaldehyde,150.0,160.95188538254897,10.951885382548966
10,Toluene,60.0,33.96387493991118,26.03612506008882
10,Acetaldehyde,250.0,243.04290068691532,6.957099313084683
10,Toluene,20.0,1.9908244809848412,18.00917551901516
10,Acetaldehyde,50.0,45.32492914160373,4.675070858396268
10,Toluene,40.0,10.49204989585489,29.50795010414511
10,Acetaldehyde,200.0,225.33681331514907,25.336813315149072
10,Toluene,80.0,29.33611741271639,50.66388258728361
10,Acetaldehyde,100.0,92.27151230449898,7.728487695501016
10,Toluene,20.0,9.953495323646692,10.046504676353308
10,Acetaldehyde,50.0,46.64001925970352,3.3599807402964785
10,Toluene,40.0,12.529892992927756,27.470107007072244
10,Acetaldehyde,200.0,206.86328630271163,6.863286302711629
10,Toluene,80.0,42.41976156091516,37.58023843908484
10,Acetaldehyde,100.0,99.06130586081007,0.9386941391899342
10,Toluene,1.0,36.647077557576935,35.647077557576935
10,Acetaldehyde,10.0,37.09439275831197,27.09439275831197
10,Toluene,100.0,37.395387475848864,62.604612524151136
10,Acetaldehyde,150.0,171.81260686008233,21.812606860082326
10,Toluene,60.0,16.107391290403825,43.892608709596175
10,Acetaldehyde,250.0,255.99293355718692,5.992933557186916
10,Toluene,1.0,40.281510664576444,39.281510664576444
10,Acetaldehyde,10.0,21.235235165334146,11.235235165334146
10,Toluene,100.0,35.44903321281136,64.55096678718864
10,Acetaldehyde,150.0,160.95593470968169,10.955934709681685
10,Toluene,60.0,17.2520818048295,42.7479181951705
10,Acetaldehyde,250.0,253.26001387654108,3.2600138765410804
10,Toluene,20.0,9.227667627733169,10.772332372266831
10,Acetaldehyde,50.0,38.040780809899175,11.959219190100825
10,Toluene,40.0,9.192607548050375,30.807392451949625
10,Acetaldehyde,200.0,210.96797784349405,10.967977843494054
10,Toluene,80.0,30.338347943639718,49.66165205636028
10,Acetaldehyde,100.0,93.70043725198113,6.299562748018872
10,Toluene,60.0,18.018992106131236,41.981007893868764
10,Acetaldehyde,250.0,246.61910261535002,3.380897384649984
10,Toluene,20.0,7.678970556363069,12.321029443636931
10,Acetaldehyde,50.0,38.99958517800292,11.000414821997083
10,Toluene,40.0,10.405441907694552,29.594558092305448
10,Acetaldehyde,200.0,212.0390178434717,12.039017843471697
10,Toluene,80.0,29.433199214410763,50.56680078558924
10,Acetaldehyde,100.0,96.01656626739403,3.983433732605974
10,Toluene,1.0,40.433173934573574,39.433173934573574
10,Acetaldehyde,10.0,44.767849360107135,34.767849360107135
10,Toluene,100.0,39.589964514155284,60.410035485844716
10,Acetaldehyde,150.0,163.65754756111863,13.657547561118633
10,Toluene,20.0,7.998199329896309,12.001800670103691
10,Acetaldehyde,50.0,40.13711801703279,9.86288198296721
10,Toluene,40.0,10.171806205642852,29.828193794357148
10,Acetaldehyde,200.0,213.10505737174242,13.105057371742419
10,Toluene,80.0,26.1944567192931,53.8055432807069
10,Acetaldehyde,100.0,92.19916688620178,7.80083311379822
10,Toluene,1.0,39.49497708506584,38.49497708506584
10,Acetaldehyde,10.0,38.052538910058104,28.052538910058104
10,Toluene,100.0,40.556355413566806,59.443644586433194
10,Acetaldehyde,150.0,158.71223208815235,8.712232088152348
10,Toluene,60.0,16.134956145168942,43.86504385483106
10,Acetaldehyde,250.0,240.1684304874635,9.831569512536504
10,Toluene,1.0,45.777339038181964,44.777339038181964
10,Acetaldehyde,10.0,30.288558427628786,20.288558427628786
10,Toluene,20.0,0.18013062900115528,19.819869370998845
10,Acetaldehyde,50.0,38.34429517304838,11.65570482695162
10,Toluene,40.0,11.606419013076248,28.39358098692375
10,Acetaldehyde,200.0,205.17010851436362,5.170108514363619
10,Toluene,80.0,31.157759781792947,48.84224021820705
10,Acetaldehyde,100.0,89.53860656442362,10.461393435576383
10,Toluene,100.0,36.63373672643526,63.36626327356474
10,Acetaldehyde,150.0,158.15591194544433,8.15591194544433
10,Toluene,60.0,15.878143253739225,44.121856746260775
10,Acetaldehyde,250.0,245.8090013829593,4.190998617040691
10,Toluene,80.0,25.49794859805928,54.50205140194072
10,Acetaldehyde,100.0,93.65242766044602,6.347572339553977
10,Toluene,1.0,35.506509308147756,34.506509308147756
10,Acetaldehyde,10.0,47.03321950044402,37.03321950044402
10,Toluene,100.0,39.038822645934516,60.961177354065484
10,Acetaldehyde,150.0,162.32904374918812,12.329043749188116
10,Toluene,60.0,18.4685214116828,41.5314785883172
10,Acetaldehyde,250.0,247.69427386326913,2.3057261367308683
10,Toluene,20.0,7.085378002350808,12.914621997649192
10,Acetaldehyde,50.0,35.362838441384795,14.637161558615205
10,Toluene,40.0,12.31708131284499,27.68291868715501
10,Acetaldehyde,200.0,208.5735118840845,8.573511884084496
10,Toluene,20.0,6.62203592996859,13.37796407003141
10,Acetaldehyde,50.0,45.53965650359568,4.46034349640432
10,Toluene,40.0,14.337244535114962,25.662755464885038
10,Acetaldehyde,200.0,206.69055121090196,6.690551210901958
10,Toluene,80.0,29.157846661997823,50.84215333800218
10,Acetaldehyde,100.0,90.07363449096317,9.926365509036827
10,Toluene,1.0,30.497309431643984,29.497309431643984
10,Acetaldehyde,10.0,2.580184439280856,7.419815560719144
10,Toluene,100.0,50.26420445057842,49.73579554942158
10,Acetaldehyde,150.0,147.788150025151,2.2118499748490024
10,Toluene,60.0,16.712401846202283,43.28759815379772
10,Acetaldehyde,250.0,244.19412800643371,5.805871993566285
10,Toluene,60.0,17.830160128394425,42.169839871605575
10,Acetaldehyde,250.0,244.75227598455257,5.247724015447432
10,Toluene,20.0,8.07660530315701,11.92339469684299
10,Acetaldehyde,50.0,37.70321922422944,12.296780775770557
10,Toluene,40.0,11.45455521060299,28.54544478939701
10,Acetaldehyde,200.0,209.87369380167178,9.873693801671777
10,Toluene,80.0,42.254220540655425,37.745779459344575
10,Acetaldehyde,100.0,90.66757630328176,9.332423696718237
10,Toluene,1.0,15.101267943333596,14.101267943333596
10,Acetaldehyde,10.0,27.51137258441281,17.51137258441281
10,Toluene,100.0,42.52922583608981,57.47077416391019
10,Acetaldehyde,150.0,160.6377772337541,10.637777233754093
10,Toluene,100.0,40.67961158065536,59.32038841934464
10,Acetaldehyde,150.0,155.74370179237215,5.74370179237215
10,Toluene,60.0,17.528498036645857,42.47150196335414
10,Acetaldehyde,250.0,244.2682898046018,5.731710195398193
10,Toluene,1.0,41.356768418379474,40.356768418379474
10,Acetaldehyde,10.0,21.175756238726706,11.175756238726706
10,Toluene,20.0,3.3627046480691973,16.637295351930803
10,Acetaldehyde,50.0,37.91167204022247,12.08832795977753
10,Toluene,40.0,11.237727763681917,28.762272236318083
10,Acetaldehyde,200.0,204.81706155073906,4.817061550739055
10,Toluene,80.0,31.543371412043697,48.4566285879563
10,Acetaldehyde,100.0,89.26431623397232,10.735683766027677
10,Toluene,1.0,43.097921896257674,42.097921896257674
10,Acetaldehyde,10.0,30.364099839669905,20.364099839669905
10,Toluene,100.0,44.301847412164975,55.698152587835025
10,Acetaldehyde,150.0,157.2970643656244,7.297064365624408
10,Toluene,60.0,16.632383760936634,43.367616239063366
10,Acetaldehyde,250.0,243.94295545700302,6.057044542996977
10,Toluene,20.0,10.419684193496423,9.580315806503577
10,Acetaldehyde,50.0,34.66213263430075,15.337867365699253
10,Toluene,40.0,9.611899873498615,30.388100126501385
10,Acetaldehyde,200.0,208.24394417316228,8.243944173162276
10,Toluene,80.0,27.17027963219134,52.82972036780866
10,Acetaldehyde,100.0,90.70192999691784,9.29807000308216
10,Toluene,20.0,4.408184557035085,15.591815442964915
10,Acetaldehyde,50.0,39.46668132999915,10.533318670000853
10,Toluene,40.0,9.17656491074014,30.82343508925986
10,Acetaldehyde,200.0,216.0224622079881,16.0224622079881
10,Toluene,80.0,33.14460887823823,46.85539112176177
10,Acetaldehyde,100.0,92.46957726420911,7.530422735790893
10,Toluene,1.0,35.89557926177147,34.89557926177147
10,Acetaldehyde,10.0,33.82545593817849,23.825455938178493
10,Toluene,100.0,39.026340410583984,60.973659589416016
10,Acetaldehyde,150.0,160.35981067515496,10.35981067515496
10,Toluene,60.0,17.578799429961563,42.42120057003844
10,Acetaldehyde,250.0,247.15296322369647,2.8470367763035256
10,Toluene,1.0,34.78345515302081,33.78345515302081
10,Acetaldehyde,10.0,39.3171207624202,29.317120762420203
10,Toluene,100.0,69.10508621002734,30.894913789972662
10,Acetaldehyde,150.0,182.58290925289702,32.582909252897025
10,Toluene,60.0,22.877470828860012,37.12252917113999
10,Acetaldehyde,250.0,257.0466179700295,7.0466179700295015
10,Toluene,20.0,9.633457846418409,10.366542153581591
10,Acetaldehyde,50.0,46.63878786539462,3.361212134605381
10,Toluene,40.0,12.097809497497181,27.90219050250282
10,Acetaldehyde,200.0,216.02016113880845,16.020161138808447
10,Toluene,80.0,33.939547928752106,46.060452071247894
10,Acetaldehyde,100.0,110.03755988903022,10.03755988903022
10,Toluene,60.0,25.334727914463286,34.665272085536714
10,Acetaldehyde,250.0,268.07146542856105,18.071465428561055
10,Toluene,20.0,9.364934306734185,10.635065693265815
10,Acetaldehyde,50.0,50.87900621743998,0.8790062174399793
10,Toluene,40.0,16.23090965576756,23.76909034423244
10,Acetaldehyde,200.0,224.24913194340465,24.24913194340465
10,Toluene,80.0,39.71794488188054,40.28205511811946
10,Acetaldehyde,100.0,124.993123177012,24.993123177011995
10,Toluene,1.0,42.29972886667083,41.29972886667083
10,Acetaldehyde,10.0,32.19309745338991,22.19309745338991
10,Toluene,100.0,53.015159837563345,46.984840162436655
10,Acetaldehyde,150.0,200.3517345321133,50.35173453211331
10,Toluene,20.0,6.490820291492426,13.509179708507574
10,Acetaldehyde,50.0,55.434071190592505,5.434071190592505
10,Toluene,40.0,16.044709390692475,23.955290609307525
10,Acetaldehyde,200.0,235.95344480604507,35.95344480604507
10,Toluene,80.0,37.59943883966325,42.40056116033675
10,Acetaldehyde,100.0,116.26262117589542,16.26262117589542
10,Toluene,1.0,33.296840169078834,32.296840169078834
10,Acetaldehyde,10.0,24.747057481544303,14.747057481544303
10,Toluene,100.0,51.069422877709584,48.930577122290416
10,Acetaldehyde,150.0,182.23104585820133,32.23104585820133
10,Toluene,60.0,23.77232947691614,36.22767052308386
10,Acetaldehyde,250.0,256.85682760660677,6.856827606606771
10,Toluene,1.0,31.31545731975767,30.31545731975767
10,Acetaldehyde,10.0,33.82889683892455,23.82889683892455
10,Toluene,20.0,9.3659722301513,10.6340277698487
10,Acetaldehyde,50.0,52.23611273208299,2.2361127320829866
10,Toluene,40.0,14.02777350277276,25.97222649722724
10,Acetaldehyde,200.0,224.45410478427,24.454104784269987
10,Toluene,80.0,38.31647456949868,41.68352543050132
10,Acetaldehyde,100.0,109.30315488290955,9.303154882909553
10,Toluene,100.0,41.46575726524273,58.53424273475727
10,Acetaldehyde,150.0,184.88366662661193,34.88366662661193
10,Toluene,60.0,22.065765198800463,37.93423480119954
10,Acetaldehyde,250.0,260.6341354021343,10.63413540213429
10,Toluene,80.0,37.07707340329932,42.92292659670068
10,Acetaldehyde,100.0,108.64251027399841,8.642510273998411
10,Toluene,1.0,34.1977168899037,33.1977168899037
10,Acetaldehyde,10.0,32.75802071930279,22.75802071930279
10,Toluene,100.0,45.93606967431501,54.06393032568499
10,Acetaldehyde,150.0,187.23630969996256,37.23630969996256
10,Toluene,60.0,19.444141857133047,40.55585814286695
10,Acetaldehyde,250.0,248.28073789064342,1.7192621093565776
10,Toluene,20.0,11.518928532559187,8.481071467440813
10,Acetaldehyde,50.0,44.91038623264912,5.089613767350883
10,Toluene,40.0,11.02846783690002,28.97153216309998
10,Acetaldehyde,200.0,226.03123746816848,26.031237468168484
10,Toluene,20.0,11.101236472826074,8.898763527173926
10,Acetaldehyde,50.0,50.32677034729832,0.32677034729832144
10,Toluene,40.0,14.113072012421668,25.886927987578332
10,Acetaldehyde,200.0,224.87902493411423,24.879024934114227
10,Toluene,80.0,37.56617217959871,42.43382782040129
10,Acetaldehyde,100.0,102.55370507673993,2.5537050767399307
10,Toluene,1.0,38.9986418044696,37.9986418044696
10,Acetaldehyde,10.0,38.36113126633252,28.36113126633252
10,Toluene,100.0,49.23921275460049,50.76078724539951
10,Acetaldehyde,150.0,167.06182965764165,17.061829657641653
10,Toluene,60.0,22.954225183882784,37.045774816117216
10,Acetaldehyde,250.0,253.08713866125584,3.0871386612558354
10,Toluene,60.0,26.141668012791555,33.858331987208445
10,Acetaldehyde,250.0,243.26292447640964,6.737075523590363
10,Toluene,20.0,10.984140204796944,9.015859795203056
10,Acetaldehyde,50.0,42.950096442732715,7.049903557267285
10,Toluene,40.0,12.565132920233793,27.434867079766207
10,Acetaldehyde,200.0,214.31386480444456,14.313864804444563
10,Toluene,80.0,33.415470716592694,46.584529283407306
10,Acetaldehyde,100.0,99.19704332560649,0.8029566743935135
10,Toluene,1.0,40.63828777840993,39.63828777840993
10,Acetaldehyde,10.0,25.70875839214655,15.70875839214655
10,Toluene,100.0,38.393335088845205,61.606664911154795
10,Acetaldehyde,150.0,178.9072396736447,28.90723967364471
10,Toluene,100.0,40.596781500886806,59.403218499113194
10,Acetaldehyde,150.0,162.75889588885124,12.758895888851242
10,Toluene,60.0,21.28553985670814,38.71446014329186
10,Acetaldehyde,250.0,247.29621783872213,2.7037821612778714
10,Toluene,1.0,37.91476536277125,36.91476536277125
10,Acetaldehyde,10.0,26.185938234622228,16.185938234622228
10,Toluene,20.0,4.341444421267184,15.658555578732816
10,Acetaldehyde,50.0,46.62512537728041,3.374874622719588
10,Toluene,40.0,13.58773725356231,26.41226274643769
10,Acetaldehyde,200.0,207.20775356646112,7.207753566461122
10,Toluene,80.0,36.24351162947036,43.75648837052964
10,Acetaldehyde,100.0,99.68453887811282,0.3154611218871821
10,Toluene,1.0,23.944609308902272,22.944609308902272
10,Acetaldehyde,10.0,18.62386628363099,8.623866283630989
10,Toluene,100.0,44.984156211408916,55.015843788591084
10,Acetaldehyde,150.0,165.04984642827873,15.049846428278727
10,Toluene,60.0,22.529831119808406,37.47016888019159
10,Acetaldehyde,250.0,246.28440458801947,3.71559541198053
10,Toluene,20.0,12.15667465571606,7.84332534428394
10,Acetaldehyde,50.0,51.63581121358814,1.6358112135881413
10,Toluene,40.0,10.865138822106047,29.134861177893953
10,Acetaldehyde,200.0,219.47109183768885,19.471091837688846
10,Toluene,80.0,34.695107979914454,45.304892020085546
10,Acetaldehyde,100.0,100.96219052892027,0.9621905289202743
10,Toluene,20.0,10.96287487411837,9.03712512588163
10,Acetaldehyde,50.0,45.83753108486343,4.1624689151365715
10,Toluene,40.0,12.3249583095985,27.6750416904015
10,Acetaldehyde,200.0,215.29414882043523,15.294148820435225
10,Toluene,80.0,34.48082129841585,45.51917870158415
10,Acetaldehyde,100.0,106.77705701045289,6.777057010452893
10,Toluene,1.0,36.40851945464301,35.40851945464301
10,Acetaldehyde,10.0,36.92941655206985,26.929416552069853
10,Toluene,100.0,44.561383715418046,55.438616284581954
10,Acetaldehyde,150.0,168.67820566993868,18.678205669938677
10,Toluene,60.0,22.845382293154174,37.154617706845826
10,Acetaldehyde,250.0,249.83228417077623,0.16771582922376638
10,Acetone,2.5,8.815022536342767,6.315022536342767
10,Acetaldehyde,10.0,35.68690765136098,25.686907651360983
10,Acetone,250.0,183.55206052805286,66.44793947194714
10,Acetaldehyde,150.0,148.53382433129332,1.4661756687066827
10,Acetone,150.0,68.00088357597127,81.99911642402873
10,Acetaldehyde,250.0,238.52109044709078,11.478909552909215
10,Acetone,50.0,0.0,50.0
10,Acetaldehyde,50.0,28.000527138899045,21.999472861100955
10,Acetone,100.0,22.4078767471907,77.5921232528093
10,Acetaldehyde,200.0,186.8289481634945,13.171051836505512
10,Acetone,200.0,123.05623772545319,76.94376227454681
10,Acetaldehyde,100.0,71.66509803718102,28.334901962818975
10,Acetone,150.0,67.7070911767363,82.2929088232637
10,Acetaldehyde,250.0,255.34092558069548,5.340925580695483
10,Acetone,50.0,0.06472870248896356,49.935271297511036
10,Acetaldehyde,50.0,30.8199561490124,19.1800438509876
10,Acetone,100.0,23.68713907131398,76.31286092868602
10,Acetaldehyde,200.0,206.92698021118878,6.926980211188777
10,Acetone,200.0,125.04810687796324,74.95189312203676
10,Acetaldehyde,100.0,92.63795870016573,7.362041299834274
10,Acetone,2.5,17.427220356599207,14.927220356599207
10,Acetaldehyde,10.0,26.539081498962318,16.539081498962318
10,Acetone,250.0,177.97450262682725,72.02549737317275
10,Acetaldehyde,150.0,180.24929881005747,30.249298810057468
10,Acetone,50.0,3.345359816672925,46.654640183327075
10,Acetaldehyde,50.0,38.24700867634925,11.752991323650747
10,Acetone,100.0,24.6375626433053,75.3624373566947
10,Acetaldehyde,200.0,221.99791315121317,21.99791315121317
10,Acetone,200.0,120.9197083079592,79.0802916920408
10,Acetaldehyde,100.0,83.68546411822385,16.314535881776152
10,Acetone,2.5,15.566635227473455,13.066635227473455
10,Acetaldehyde,10.0,26.65238815603618,16.65238815603618
10,Acetone,250.0,178.65646683090227,71.34353316909773
10,Acetaldehyde,150.0,145.70271402177178,4.297285978228217
10,Acetone,150.0,73.52871202579841,76.47128797420159
10,Acetaldehyde,250.0,246.72495257574946,3.2750474242505447
10,Acetone,2.5,16.488085249579584,13.988085249579584
10,Acetaldehyde,10.0,36.52894915725223,26.528949157252228
10,Acetone,50.0,1.9191279563115557,48.080872043688444
10,Acetaldehyde,50.0,30.942210264919183,19.057789735080817
10,Acetone,100.0,27.458060702544046,72.54193929745595
10,Acetaldehyde,200.0,201.19523929845127,1.1952392984512699
10,Acetone,200.0,122.89022023409677,77.10977976590323
10,Acetaldehyde,100.0,73.13389155630398,26.86610844369602
10,Acetone,250.0,178.67564536173373,71.32435463826627
10,Acetaldehyde,150.0,127.60210161747156,22.39789838252844
10,Acetone,150.0,70.43497103112412,79.56502896887588
10,Acetaldehyde,250.0,240.18882336914933,9.811176630850667
10,Acetone,200.0,119.78152193366735,80.21847806633265
10,Acetaldehyde,100.0,68.13320910934982,31.86679089065018
10,Acetone,2.5,16.871327266059808,14.371327266059808
10,Acetaldehyde,10.0,33.32299718627365,23.322997186273653
10,Acetone,250.0,178.06534986394973,71.93465013605027
10,Acetaldehyde,150.0,130.93373811810284,19.066261881897162
10,Acetone,150.0,77.06674308011881,72.93325691988119
10,Acetaldehyde,250.0,230.26193596492715,19.738064035072853
10,Acetone,50.0,7.074235504281802,42.9257644957182
10,Acetaldehyde,50.0,29.75581139900696,20.24418860099304
10,Acetone,100.0,32.54906050909399,67.45093949090601
10,Acetaldehyde,200.0,188.56845884482007,11.431541155179929
10,Acetone,50.0,7.873777984074664,42.126222015925336
10,Acetaldehyde,50.0,30.618944162270083,19.381055837729917
10,Acetone,100.0,32.85194481706871,67.14805518293129
10,Acetaldehyde,200.0,185.5148027103179,14.485197289682105
10,Acetone,200.0,114.40033143001756,85.59966856998244
10,Acetaldehyde,100.0,73.33765013087674,26.66234986912326
10,Acetone,2.5,21.55109554887244,19.05109554887244
10,Acetaldehyde,10.0,33.313281626850355,23.313281626850355
10,Acetone,250.0,174.22401046704164,75.77598953295836
10,Acetaldehyde,150.0,122.35801162755568,27.641988372444317
10,Acetone,150.0,73.45932663108164,76.54067336891836
10,Acetaldehyde,250.0,219.83498702669533,30.16501297330467
10,Acetone,150.0,70.55683203903487,79.44316796096513
10,Acetaldehyde,250.0,220.56644868976952,29.433551310230484
10,Acetone,50.0,8.578099415273783,41.42190058472622
10,Acetaldehyde,50.0,29.83460762411002,20.16539237588998
10,Acetone,100.0,32.67458257399653,67.32541742600347
10,Acetaldehyde,200.0,173.409960408054,26.59003959194601
10,Acetone,200.0,112.153088822642,87.846911177358
10,Acetaldehyde,100.0,72.23050926867225,27.76949073132775
10,Acetone,2.5,17.852007029347433,15.352007029347433
10,Acetaldehyde,10.0,25.32842777453959,15.328427774539591
10,Acetone,250.0,174.76485564715756,75.23514435284244
10,Acetaldehyde,150.0,122.67352236012653,27.326477639873474
10,Acetone,250.0,173.14093254626897,76.85906745373103
10,Acetaldehyde,150.0,117.04207200012657,32.957927999873434
10,Acetone,150.0,73.10964781142266,76.89035218857734
10,Acetaldehyde,250.0,218.86219562548516,31.137804374514843
10,Acetone,2.5,19.266230439276143,16.766230439276143
10,Acetaldehyde,10.0,37.130825327913485,27.130825327913485
10,Acetone,50.0,9.780575835379409,40.21942416462059
10,Acetaldehyde,50.0,30.60156318573462,19.39843681426538
10,Acetone,100.0,32.78985336570392,67.21014663429608
10,Acetaldehyde,200.0,168.74997993621002,31.250020063789975
10,Acetone,200.0,125.72724616564267,74.27275383435733
10,Acetaldehyde,100.0,68.92171729552174,31.078282704478255
10,Acetone,2.5,18.857097528662592,16.357097528662592
10,Acetaldehyde,10.0,26.0991598852642,16.0991598852642
10,Acetone,250.0,175.38750745689265,74.61249254310735
10,Acetaldehyde,150.0,108.65111874404519,41.34888125595481
10,Acetone,150.0,73.56077552096777,76.43922447903223
10,Acetaldehyde,250.0,212.80333153708324,37.19666846291676
10,Acetone,50.0,10.363253577490426,39.636746422509574
10,Acetaldehyde,50.0,27.112154813302553,22.887845186697447
10,Acetone,100.0,35.96012911648029,64.03987088351971
10,Acetaldehyde,200.0,180.2265900412404,19.7734099587596
10,Acetone,200.0,125.50103581655407,74.49896418344593
10,Acetaldehyde,100.0,74.26490220518164,25.73509779481836
10,Acetone,50.0,11.9082528001951,38.0917471998049
10,Acetaldehyde,50.0,28.068492510285466,21.931507489714534
10,Acetone,100.0,34.56437511957709,65.4356248804229
10,Acetaldehyde,200.0,174.69795756252796,25.30204243747204
10,Acetone,200.0,117.03230868756482,82.96769131243518
10,Acetaldehyde,100.0,76.62209417005364,23.377905829946357
10,Acetone,2.5,16.36574502774603,13.86574502774603
10,Acetaldehyde,10.0,28.53672670333316,18.53672670333316
10,Acetone,250.0,171.57020218582474,78.42979781417526
10,Acetaldehyde,150.0,123.38765527081134,26.612344729188663
10,Acetone,150.0,76.95314117089058,73.04685882910942
10,Acetaldehyde,250.0,218.38885474740357,31.61114525259643
10,Acetone,2.5,19.172581313852646,16.672581313852646
10,Acetaldehyde,10.0,29.607538803137672,19.607538803137672
10,Acetone,250.0,171.58789755957764,78.41210244042236
10,Acetaldehyde,150.0,120.47193663747359,29.52806336252641
10,Acetone,150.0,74.83877829748357,75.16122170251643
10,Acetaldehyde,250.0,214.69977638112618,35.300223618873815
10,Acetone,50.0,12.194686153000745,37.805313846999255
10,Acetaldehyde,50.0,28.33681053044907,21.66318946955093
10,Acetone,100.0,37.18922215508614,62.81077784491386
10,Acetaldehyde,200.0,178.5210143538783,21.478985646121714
10,Acetone,200.0,119.10905389236872,80.89094610763128
10,Acetaldehyde,100.0,74.38566203547009,25.61433796452991
10,Acetone,150.0,76.62349064150604,73.37650935849396
10,Acetaldehyde,250.0,216.8946161935871,33.1053838064129
10,Acetone,50.0,10.953581029354353,39.04641897064565
10,Acetaldehyde,50.0,29.599230182579078,20.400769817420922
10,Acetone,100.0,36.480303135889,63.519696864111
10,Acetaldehyde,200.0,181.46048231331866,18.539517686681336
10,Acetone,200.0,117.66772705392664,82.33227294607336
10,Acetaldehyde,100.0,74.98419063341804,25.015809366581962
10,Acetone,2.5,17.229706375090814,14.729706375090814
10,Acetaldehyde,10.0,30.517391690603844,20.517391690603844
10,Acetone,250.0,174.29727773469205,75.70272226530795
10,Acetaldehyde,150.0,118.75318472929635,31.24681527070365
10,Acetone,50.0,11.349671556203901,38.6503284437961
10,Acetaldehyde,50.0,28.29392291369497,21.70607708630503
10,Acetone,100.0,40.277729348261374,59.722270651738626
10,Acetaldehyde,200.0,172.80271514518398,27.19728485481602
10,Acetone,200.0,123.2642558116736,76.7357441883264
10,Acetaldehyde,100.0,72.55215497862933,27.447845021370668
10,Acetone,2.5,17.916968015537364,15.416968015537364
10,Acetaldehyde,10.0,31.32992773945071,21.32992773945071
10,Acetone,250.0,172.56500361950492,77.43499638049508
10,Acetaldehyde,150.0,117.69338306476324,32.30661693523676
10,Acetone,150.0,73.34666093036311,76.65333906963689
10,Acetaldehyde,250.0,205.11735612375267,44.88264387624733
10,Acetone,2.5,16.78480814347577,14.284808143475772
10,Acetaldehyde,10.0,32.478842399077195,22.478842399077195
10,Acetone,50.0,9.42906644296663,40.57093355703337
10,Acetaldehyde,50.0,28.04123816028924,21.95876183971076
10,Acetone,100.0,39.21760976967663,60.78239023032337
10,Acetaldehyde,200.0,174.69215155283445,25.307848447165554
10,Acetone,200.0,123.37050367637406,76.62949632362594
10,Acetaldehyde,100.0,75.59635069310485,24.403649306895147
10,Acetone,250.0,170.81228181998065,79.18771818001935
10,Acetaldehyde,150.0,117.78298884271673,32.21701115728327
10,Acetone,150.0,77.00513385453607,72.99486614546393
10,Acetaldehyde,250.0,214.46677006816412,35.533229931835876
10,Acetone,200.0,120.45186348022166,79.54813651977834
10,Acetaldehyde,100.0,71.68331938905075,28.31668061094925
10,Acetone,2.5,19.50256716975511,17.00256716975511
10,Acetaldehyde,10.0,32.618875996101195,22.618875996101195
10,Acetone,250.0,172.82119115943257,77.17880884056743
10,Acetaldehyde,150.0,121.2929971880892,28.707002811910797
10,Acetone,150.0,75.07279305170292,74.92720694829708
10,Acetaldehyde,250.0,206.19549812943893,43.80450187056107
10,Acetone,50.0,11.280652320271287,38.71934767972871
10,Acetaldehyde,50.0,28.709869215536486,21.290130784463514
10,Acetone,100.0,38.6249859712011,61.3750140287989
10,Acetaldehyde,200.0,179.03824889551655,20.961751104483454
10,Acetone,50.0,11.665268906029183,38.33473109397082
10,Acetaldehyde,50.0,29.686402755115537,20.313597244884463
10,Acetone,100.0,44.00720634993762,55.99279365006238
10,Acetaldehyde,200.0,178.29525779488287,21.704742205117128
10,Acetone,200.0,125.90522002011494,74.09477997988506
10,Acetaldehyde,100.0,72.96449829213887,27.03550170786113
10,Acetone,2.5,17.65661433260999,15.15661433260999
10,Acetaldehyde,10.0,35.75187962592847,25.751879625928467
10,Acetone,250.0,167.91064303937793,82.08935696062207
10,Acetaldehyde,150.0,116.2864282815194,33.713571718480594
10,Acetone,150.0,77.85506583974666,72.14493416025334
10,Acetaldehyde,250.0,205.60429511908671,44.395704880913286
10,Acetone,150.0,74.16317085020518,75.83682914979482
10,Acetaldehyde,250.0,207.65099415620858,42.34900584379142
10,Acetone,50.0,12.43578342166009,37.56421657833991
10,Acetaldehyde,50.0,27.50228239170808,22.49771760829192
10,Acetone,100.0,40.62785541310953,59.37214458689047
10,Acetaldehyde,200.0,165.97475194585635,34.025248054143646
10,Acetone,200.0,121.90990288992627,78.09009711007373
10,Acetaldehyde,100.0,72.74354493148154,27.256455068518463
10,Acetone,2.5,16.679071421764235,14.179071421764235
10,Acetaldehyde,10.0,25.7969085593531,15.7969085593531
10,Acetone,250.0,171.0930469491856,78.9069530508144
10,Acetaldehyde,150.0,116.92594649130874,33.074053508691264
10,Acetone,250.0,173.09356697990773,76.90643302009227
10,Acetaldehyde,150.0,114.44476294394292,35.55523705605708
10,Acetone,150.0,74.21012395857535,75.78987604142465
10,Acetaldehyde,250.0,206.30445326184386,43.69554673815614
10,Acetone,2.5,15.22633798890196,12.72633798890196
10,Acetaldehyde,10.0,26.27574992437772,16.27574992437772
10,Acetone,50.0,9.1766072779225,40.8233927220775
10,Acetaldehyde,50.0,31.353490705611094,18.646509294388906
10,Acetone,100.0,39.49847108521206,60.50152891478794
10,Acetaldehyde,200.0,172.29222301947672,27.707776980523278
10,Acetone,200.0,122.22770974459934,77.77229025540066
10,Acetaldehyde,100.0,67.55805745127384,32.44194254872616
10,Acetone,2.5,16.627730928478513,14.127730928478513
10,Acetaldehyde,10.0,24.687436020181167,14.687436020181167
10,Acetone,250.0,179.614938558245,70.385061441755
10,Acetaldehyde,150.0,112.50574420385101,37.49425579614899
10,Acetone,150.0,81.8415510652218,68.1584489347782
10,Acetaldehyde,250.0,197.97325786559085,52.02674213440915
10,Acetone,50.0,12.059946210768047,37.94005378923195
10,Acetaldehyde,50.0,27.361850572616135,22.638149427383865
10,Acetone,100.0,40.622897642874165,59.377102357125835
10,Acetaldehyde,200.0,175.3761099929676,24.6238900070324
10,Acetone,200.0,118.48092153789443,81.51907846210557
10,Acetaldehyde,100.0,72.64298372288346,27.357016277116543
10,Acetone,50.0,10.538234801522222,39.46176519847778
10,Acetaldehyde,50.0,27.320475301429028,22.679524698570972
10,Acetone,100.0,41.2308042755473,58.7691957244527
10,Acetaldehyde,200.0,166.00248745853082,33.99751254146918
10,Acetone,200.0,128.96894805786962,71.03105194213038
10,Acetaldehyde,100.0,67.19957654529668,32.80042345470332
10,Acetone,2.5,16.662488539906235,14.162488539906235
10,Acetaldehyde,10.0,28.860851527009487,18.860851527009487
10,Acetone,250.0,175.66077289342746,74.33922710657254
10,Acetaldehyde,150.0,117.84066070588484,32.159339294115156
10,Acetone,150.0,77.24917723800577,72.75082276199423
10,Acetaldehyde,250.0,213.81603107022443,36.183968929775574
10,Acetone,2.5,20.78416399271292,18.28416399271292
10,Acetaldehyde,10.0,48.384251073876754,38.384251073876754
10,Acetone,250.0,204.2218936664023,45.77810633359769
10,Acetaldehyde,150.0,205.40707083301234,55.40707083301234
10,Acetone,150.0,102.21593272392127,47.78406727607873
10,Acetaldehyde,250.0,245.74210979217872,4.257890207821276
10,Acetone,50.0,12.966438485140117,37.03356151485988
10,Acetaldehyde,50.0,60.251217420353925,10.251217420353925
10,Acetone,100.0,51.242317314654954,48.757682685345046
10,Acetaldehyde,200.0,221.36339067729153,21.363390677291534
10,Acetone,200.0,155.68190597918797,44.318094020812026
10,Acetaldehyde,100.0,140.04727581657863,40.04727581657863
10,Acetone,150.0,100.4467723065249,49.553227693475094
10,Acetaldehyde,250.0,254.1380634406886,4.138063440688597
10,Acetone,50.0,12.688901000913305,37.311098999086695
10,Acetaldehyde,50.0,66.63676855108497,16.63676855108497
10,Acetone,100.0,48.4326013686387,51.5673986313613
10,Acetaldehyde,200.0,240.08325404858533,40.08325404858533
10,Acetone,200.0,155.3438456374973,44.65615436250269
10,Acetaldehyde,100.0,175.85689337434152,75.85689337434152
10,Acetone,2.5,23.10626297882432,20.60626297882432
10,Acetaldehyde,10.0,39.47637995760887,29.47637995760887
10,Acetone,250.0,200.09469665429637,49.90530334570363
10,Acetaldehyde,150.0,232.78293784336773,82.78293784336773
10,Acetone,50.0,11.654077492635878,38.34592250736412
10,Acetaldehyde,50.0,84.28443289322597,34.28443289322597
10,Acetone,100.0,47.21805779564646,52.78194220435354
10,Acetaldehyde,200.0,245.2528123106013,45.252812310601314
10,Acetone,200.0,151.8521517970015,48.14784820299849
10,Acetaldehyde,100.0,149.24458853873602,49.244588538736025
10,Acetone,2.5,17.444237533674993,14.944237533674993
10,Acetaldehyde,10.0,43.055185281124636,33.055185281124636
10,Acetone,250.0,198.87357014709426,51.126429852905744
10,Acetaldehyde,150.0,208.5880125354402,58.588012535440214
10,Acetone,150.0,89.91128059662982,60.08871940337018
10,Acetaldehyde,250.0,240.5351423738162,9.4648576261838
10,Acetone,2.5,20.39409636303253,17.89409636303253
10,Acetaldehyde,10.0,34.80494728079614,24.804947280796142
10,Acetone,50.0,13.057532980675845,36.942467019324155
10,Acetaldehyde,50.0,53.18855723849839,3.1885572384983902
10,Acetone,100.0,44.31300233441516,55.68699766558484
10,Acetaldehyde,200.0,222.23636729141592,22.236367291415917
10,Acetone,200.0,138.75597121421197,61.24402878578803
10,Acetaldehyde,100.0,106.15842029056154,6.158420290561537
10,Acetone,250.0,186.7931412358656,63.20685876413441
10,Acetaldehyde,150.0,183.73533880292175,33.735338802921746
10,Acetone,150.0,91.73343502804855,58.26656497195145
10,Acetaldehyde,250.0,247.50358660361454,2.4964133963854636
10,Acetone,200.0,136.68279571163194,63.31720428836806
10,Acetaldehyde,100.0,97.21141189577719,2.7885881042228107
10,Acetone,2.5,20.91832799599588,18.41832799599588
10,Acetaldehyde,10.0,30.001542283693666,20.001542283693666
10,Acetone,250.0,194.2368060455109,55.76319395448911
10,Acetaldehyde,150.0,174.61929338546915,24.61929338546915
10,Acetone,150.0,86.88141173453599,63.11858826546401
10,Acetaldehyde,250.0,232.5124563050722,17.48754369492781
10,Acetone,50.0,12.666190637939707,37.33380936206029
10,Acetaldehyde,50.0,32.458800806989444,17.541199193010556
10,Acetone,100.0,40.653452321448725,59.346547678551275
10,Acetaldehyde,200.0,213.30480937230692,13.30480937230692
10,Acetone,50.0,12.166930991847366,37.833069008152634
10,Acetaldehyde,50.0,35.430173958315606,14.569826041684394
10,Acetone,100.0,42.86991400736123,57.13008599263877
10,Acetaldehyde,200.0,209.07683243543923,9.07683243543923
10,Acetone,200.0,138.62109915947954,61.37890084052046
10,Acetaldehyde,100.0,88.02222374045277,11.977776259547227
10,Acetone,2.5,21.775794180531136,19.275794180531136
10,Acetaldehyde,10.0,29.718324411463968,19.718324411463968
10,Acetone,250.0,187.41549891138612,62.58450108861388
10,Acetaldehyde,150.0,148.99462095697814,1.0053790430218612
10,Acetone,150.0,83.03839195491403,66.96160804508597
10,Acetaldehyde,250.0,232.60463390075677,17.395366099243233
10,Acetone,150.0,82.27764968842963,67.72235031157037
10,Acetaldehyde,250.0,229.28894453070794,20.711055469292063
10,Acetone,50.0,11.68380535381462,38.31619464618538
10,Acetaldehyde,50.0,26.61492416159905,23.38507583840095
10,Acetone,100.0,41.24612225853798,58.75387774146202
10,Acetaldehyde,200.0,199.45895961228675,0.5410403877132524
10,Acetone,200.0,135.1526117783447,64.84738822165531
10,Acetaldehyde,100.0,77.6918494287893,22.308150571210703
10,Acetone,2.5,16.71256220952776,14.21256220952776
10,Acetaldehyde,10.0,36.918033109752784,26.918033109752784
10,Acetone,250.0,192.39305294413276,57.60694705586724
10,Acetaldehyde,150.0,143.87437419275054,6.125625807249463
10,Acetone,250.0,193.04893240725647,56.95106759274353
10,Acetaldehyde,150.0,128.284151530786,21.715848469213995
10,Acetone,150.0,87.71399125772311,62.28600874227689
10,Acetaldehyde,250.0,229.28270216514366,20.71729783485634
10,Acetone,2.5,19.32773086788356,16.82773086788356
10,Acetaldehyde,10.0,29.303187976768086,19.303187976768086
10,Acetone,50.0,10.009992338087983,39.99000766191202
10,Acetaldehyde,50.0,33.004085774404956,16.995914225595044
10,Acetone,100.0,41.977326811617786,58.022673188382214
10,Acetaldehyde,200.0,190.8812808157585,9.118719184241513
10,Acetone,200.0,136.95397772251278,63.046022277487225
10,Acetaldehyde,100.0,77.4878823192779,22.5121176807221
10,Acetone,2.5,16.126829351424888,13.626829351424888
10,Acetaldehyde,10.0,35.64510511143796,25.645105111437957
10,Acetone,250.0,199.19877092431028,50.80122907568972
10,Acetaldehyde,150.0,131.5995723710296,18.40042762897039
10,Acetone,150.0,87.17000612250764,62.829993877492356
10,Acetaldehyde,250.0,220.86355574969883,29.136444250301167
10,Acetone,50.0,9.516968579644413,40.48303142035559
10,Acetaldehyde,50.0,27.331301299964906,22.668698700035094
10,Acetone,100.0,44.10594247937901,55.89405752062099
10,Acetaldehyde,200.0,201.06416220612704,1.0641622061270368
10,Acetone,200.0,139.86072063989616,60.13927936010384
10,Acetaldehyde,100.0,83.18867879223771,16.81132120776229
10,Acetone,50.0,9.361212137656551,40.63878786234345
10,Acetaldehyde,50.0,29.264957633961615,20.735042366038385
10,Acetone,100.0,42.045260294602556,57.954739705397444
10,Acetaldehyde,200.0,189.90912655270552,10.090873447294484
10,Acetone,200.0,137.99532693252544,62.004673067474556
10,Acetaldehyde,100.0,79.07279937218343,20.927200627816575
10,Acetone,2.5,14.978160273152227,12.478160273152227
10,Acetaldehyde,10.0,34.016569364813364,24.016569364813364
10,Acetone,250.0,195.0251023491208,54.9748976508792
10,Acetaldehyde,150.0,142.2289614395468,7.771038560453206
10,Acetone,150.0,89.25081599704035,60.74918400295965
10,Acetaldehyde,250.0,232.16753199112745,17.832468008872553
10,Acetone,2.5,22.390067111036004,19.890067111036004
10,Acetaldehyde,10.0,41.646959005042035,31.646959005042035
10,Acetone,250.0,192.84142574853516,57.15857425146484
10,Acetaldehyde,150.0,135.40915687576404,14.59084312423596
10,Acetone,150.0,86.59734933692401,63.40265066307599
10,Acetaldehyde,250.0,219.7848310704444,30.215168929555603
10,Acetone,50.0,9.000579001864821,40.99942099813518
10,Acetaldehyde,50.0,26.834126538163986,23.165873461836014
10,Acetone,100.0,40.667121607887324,59.332878392112676
10,Acetaldehyde,200.0,197.14308732486455,2.8569126751354474
10,Acetone,200.0,135.95086739860233,64.04913260139767
10,Acetaldehyde,100.0,76.34038218364053,23.65961781635947
10,Acetone,150.0,85.29454751151171,64.70545248848829
10,Acetaldehyde,250.0,225.82463948855803,24.175360511441966
10,Acetone,50.0,10.803811619321607,39.19618838067839
10,Acetaldehyde,50.0,27.359184191301253,22.640815808698747
10,Acetone,100.0,42.91072641035343,57.08927358964657
10,Acetaldehyde,200.0,197.49987233093617,2.500127669063829
10,Acetone,200.0,136.32032438739688,63.67967561260312
10,Acetaldehyde,100.0,76.00395675652072,23.996043243479278
10,Acetone,2.5,20.42801106046703,17.92801106046703
10,Acetaldehyde,10.0,42.05556512406285,32.05556512406285
10,Acetone,250.0,196.89036649244917,53.109633507550825
10,Acetaldehyde,150.0,133.3753656079538,16.624634392046204
10,Acetone,50.0,11.053118096326386,38.946881903673614
10,Acetaldehyde,50.0,27.243504846262113,22.756495153737887
10,Acetone,100.0,45.493712032706654,54.506287967293346
10,Acetaldehyde,200.0,187.02881592702028,12.971184072979725
10,Acetone,200.0,141.91037926491325,58.089620735086754
10,Acetaldehyde,100.0,76.56676074088101,23.43323925911899
10,Acetone,2.5,17.651345470161488,15.151345470161488
10,Acetaldehyde,10.0,41.5200380874178,31.520038087417802
10,Acetone,250.0,193.26576173681718,56.73423826318282
10,Acetaldehyde,150.0,128.61642765527233,21.383572344727668
10,Acetone,150.0,88.42366111694335,61.57633888305665
10,Acetaldehyde,250.0,217.59760915398522,32.40239084601478
10,Acetone,2.5,19.680076135337472,17.180076135337472
10,Acetaldehyde,10.0,45.34212607302324,35.34212607302324
10,Acetone,50.0,8.665936173431803,41.3340638265682
10,Acetaldehyde,50.0,27.78872260921544,22.21127739078456
10,Acetone,100.0,43.1968975964011,56.8031024035989
10,Acetaldehyde,200.0,188.4696978856822,11.530302114317806
10,Acetone,200.0,136.7371115397866,63.26288846021339
10,Acetaldehyde,100.0,71.0811363455678,28.9188636544322
10,Acetone,250.0,190.35081740589555,59.649182594104445
10,Acetaldehyde,150.0,124.95026147566338,25.049738524336618
10,Acetone,150.0,85.33678469987632,64.66321530012368
10,Acetaldehyde,250.0,222.41216236763927,27.58783763236073
10,Acetone,200.0,143.36805532725913,56.63194467274087
10,Acetaldehyde,100.0,72.56217583730813,27.437824162691868
10,Acetone,2.5,22.263054043005013,19.763054043005013
10,Acetaldehyde,10.0,41.09320519099556,31.093205190995562
10,Acetone,250.0,197.58152858065915,52.41847141934085
10,Acetaldehyde,150.0,135.44761332241154,14.552386677588458
10,Acetone,150.0,90.32137431638043,59.67862568361957
10,Acetaldehyde,250.0,217.5744659809543,32.4255340190457
10,Acetone,50.0,9.955798099561164,40.044201900438836
10,Acetaldehyde,50.0,26.73700341988524,23.26299658011476
10,Acetone,100.0,41.69009377381235,58.30990622618765
10,Acetaldehyde,200.0,191.8463773654858,8.153622634514193
10,Acetone,50.0,10.230151760026473,39.76984823997353
10,Acetaldehyde,50.0,27.847239863533844,22.152760136466156
10,Acetone,100.0,44.065486671080706,55.934513328919294
10,Acetaldehyde,200.0,194.5466317204681,5.453368279531901
10,Acetone,200.0,142.96809561756294,57.03190438243706
10,Acetaldehyde,100.0,70.68143390001953,29.318566099980472
10,Acetone,2.5,19.442798895555597,16.942798895555597
10,Acetaldehyde,10.0,47.49227280892603,37.49227280892603
10,Acetone,250.0,200.94457422975154,49.05542577024846
10,Acetaldehyde,150.0,129.13798520522795,20.86201479477205
10,Acetone,150.0,93.18007977180073,56.819920228199265
10,Acetaldehyde,250.0,224.91226908392753,25.087730916072474
10,Acetone,150.0,89.74778709768515,60.25221290231485
10,Acetaldehyde,250.0,215.31316084151675,34.68683915848325
10,Acetone,50.0,10.309336734708182,39.69066326529182
10,Acetaldehyde,50.0,24.827841846845885,25.172158153154115
10,Acetone,100.0,41.75820186079936,58.24179813920064
10,Acetaldehyde,200.0,180.87397284880953,19.12602715119047
10,Acetone,200.0,138.18407800945482,61.81592199054518
10,Acetaldehyde,100.0,71.58356637713626,28.416433622863735
10,Acetone,2.5,17.26006586103479,14.76006586103479
10,Acetaldehyde,10.0,41.91588484613936,31.915884846139363
10,Acetone,250.0,197.73735251682035,52.26264748317965
10,Acetaldehyde,150.0,123.58367835412788,26.416321645872117
10,Acetone,250.0,193.39032971888628,56.60967028111372
10,Acetaldehyde,150.0,118.66598717200861,31.334012827991387
10,Acetone,150.0,90.14642983177303,59.853570168226966
10,Acetaldehyde,250.0,218.52137642729042,31.47862357270958
10,Acetone,2.5,17.166973265488735,14.666973265488735
10,Acetaldehyde,10.0,38.61067300679406,28.61067300679406
10,Acetone,50.0,10.440783727537223,39.55921627246278
10,Acetaldehyde,50.0,24.529524487454154,25.470475512545846
10,Acetone,100.0,42.457287332129,57.542712667871
10,Acetaldehyde,200.0,173.13688623342026,26.863113766579744
10,Acetone,200.0,139.81818321501066,60.18181678498934
10,Acetaldehyde,100.0,66.15558616680093,33.84441383319907
10,Acetone,2.5,16.616567710286077,14.116567710286077
10,Acetaldehyde,10.0,44.70066540623347,34.70066540623347
10,Acetone,250.0,193.85272510100526,56.14727489899474
10,Acetaldehyde,150.0,118.04326183716442,31.956738162835578
10,Acetone,150.0,86.38973766483336,63.61026233516664
10,Acetaldehyde,250.0,213.84758071077647,36.15241928922353
10,Acetone,50.0,10.815988630125872,39.18401136987413
10,Acetaldehyde,50.0,23.614348427512027,26.385651572487973
10,Acetone,100.0,40.30635299807594,59.69364700192406
10,Acetaldehyde,200.0,187.5328463520248,12.46715364797521
10,Acetone,200.0,141.65750211068803,58.34249788931197
10,Acetaldehyde,100.0,68.75534888015268,31.24465111984732
10,Acetone,50.0,11.607822068443326,38.392177931556674
10,Acetaldehyde,50.0,23.244250832952062,26.755749167047938
10,Acetone,100.0,42.049570612975785,57.950429387024215
10,Acetaldehyde,200.0,180.69018138489852,19.309818615101477
10,Acetone,200.0,134.86303852956988,65.13696147043012
10,Acetaldehyde,100.0,70.42576777487426,29.57423222512574
10,Acetone,2.5,15.63712198359022,13.13712198359022
10,Acetaldehyde,10.0,36.370003817748525,26.370003817748525
10,Acetone,250.0,197.70548180118948,52.29451819881052
10,Acetaldehyde,150.0,130.55215447790442,19.447845522095577
10,Acetone,150.0,87.96060498709596,62.03939501290404
10,Acetaldehyde,250.0,220.16088848732312,29.83911151267688
10,Acetone,10.0,27.383899522333905,17.383899522333905
10,Ammonia,50.0,51.42170405044877,1.421704050448767
10,Acetone,250.0,211.0922101566976,38.907789843302396
10,Ammonia,600.0,321.71692589566186,278.28307410433814
10,Acetone,150.0,125.2076102578763,24.792389742123703
10,Ammonia,1000.0,557.0454604021998,442.95453959780025
10,Acetone,50.0,31.75000751984973,18.24999248015027
10,Ammonia,200.0,146.5414476975403,53.45855230245971
10,Acetone,100.0,69.55053961651161,30.449460383488386
10,Ammonia,800.0,412.35429582803266,387.64570417196734
10,Acetone,200.0,173.59479796791328,26.40520203208672
10,Ammonia,400.0,253.1648126458477,146.8351873541523
10,Acetone,150.0,118.7629911366866,31.237008863313406
10,Ammonia,1000.0,503.8405029467877,496.1594970532123
10,Acetone,50.0,33.54265396187414,16.457346038125863
10,Ammonia,200.0,123.61562152332564,76.38437847667436
10,Acetone,100.0,61.091970615261886,38.908029384738114
10,Ammonia,800.0,382.07017967073125,417.92982032926875
10,Acetone,200.0,163.88276854501242,36.117231454987575
10,Ammonia,400.0,219.16967072506765,180.83032927493235
10,Acetone,10.0,33.22291988346214,23.22291988346214
10,Ammonia,50.0,47.67315896003747,2.326841039962531
10,Acetone,250.0,196.76047313414432,53.23952686585568
10,Ammonia,600.0,302.18190510792584,297.81809489207416
10,Acetone,50.0,37.48802577323707,12.51197422676293
10,Ammonia,200.0,148.3044172242448,51.69558277575521
10,Acetone,100.0,79.76616366024271,20.23383633975729
10,Ammonia,800.0,472.475063706871,327.524936293129
10,Acetone,200.0,180.59537097770038,19.404629022299616
10,Ammonia,400.0,273.8497054116754,126.15029458832458
10,Acetone,10.0,10.715161529198909,0.7151615291989089
10,Ammonia,50.0,58.504757615026676,8.504757615026676
10,Acetone,250.0,201.21785324631918,48.78214675368082
10,Ammonia,600.0,393.43589423858174,206.56410576141826
10,Acetone,150.0,120.63783291420167,29.362167085798333
10,Ammonia,1000.0,629.6641912524802,370.33580874751976
10,Acetone,10.0,10.474265359432664,0.474265359432664
10,Ammonia,50.0,57.79199173065169,7.791991730651688
10,Acetone,50.0,36.99979251564315,13.00020748435685
10,Ammonia,200.0,148.754462511565,51.24553748843499
10,Acetone,100.0,82.31549869478354,17.684501305216457
10,Ammonia,800.0,499.06165309923455,300.93834690076545
10,Acetone,200.0,170.81922932704495,29.18077067295505
10,Ammonia,400.0,251.91698933365424,148.08301066634576
10,Acetone,250.0,192.91938363855786,57.08061636144214
10,Ammonia,600.0,380.76307006101143,219.23692993898857
10,Acetone,150.0,122.66114571300226,27.338854286997744
10,Ammonia,1000.0,644.5975131885151,355.4024868114849
10,Acetone,200.0,159.78014818483086,40.219851815169136
10,Ammonia,400.0,272.8983365965907,127.1016634034093
10,Acetone,10.0,11.235401872111638,1.2354018721116375
10,Ammonia,50.0,47.70319944663524,2.2968005533647613
10,Acetone,250.0,199.79510306821703,50.20489693178297
10,Ammonia,600.0,379.26708135088745,220.73291864911255
10,Acetone,150.0,123.35177970377306,26.64822029622694
10,Ammonia,1000.0,586.11631318444,413.88368681556005
10,Acetone,50.0,36.28206398306678,13.717936016933223
10,Ammonia,200.0,136.86274330794495,63.13725669205505
10,Acetone,100.0,68.2648018640514,31.735198135948593
10,Ammonia,800.0,467.5418566677263,332.4581433322737
10,Acetone,50.0,31.421444611003338,18.578555388996662
10,Ammonia,200.0,140.25597182698706,59.744028173012936
10,Acetone,100.0,76.53831391544699,23.46168608455301
10,Ammonia,800.0,480.4074913291558,319.5925086708442
10,Acetone,200.0,159.03968477484327,40.960315225156734
10,Ammonia,400.0,259.208063875024,140.79193612497602
10,Acetone,10.0,9.401937660810887,0.5980623391891129
10,Ammonia,50.0,38.76637906635001,11.233620933649988
10,Acetone,250.0,187.37275901908404,62.62724098091596
10,Ammonia,600.0,397.6669711574506,202.33302884254942
10,Acetone,150.0,125.47027616050397,24.52972383949603
10,Ammonia,1000.0,622.5989694108847,377.4010305891153
10,Acetone,150.0,117.53316998630415,32.466830013695855
10,Ammonia,1000.0,619.2474168017635,380.7525831982365
10,Acetone,50.0,30.90678447978277,19.09321552021723
10,Ammonia,200.0,132.9665591201736,67.0334408798264
10,Acetone,100.0,52.269075402490984,47.730924597509016
10,Ammonia,800.0,439.6588475428626,360.3411524571374
10,Acetone,200.0,164.98392057465583,35.016079425344174
10,Ammonia,400.0,255.63579498830217,144.36420501169783
10,Acetone,10.0,13.028784211010262,3.0287842110102616
10,Ammonia,50.0,36.3588974784053,13.641102521594703
10,Acetone,250.0,193.18874268333877,56.81125731666123
10,Ammonia,600.0,349.1533520518179,250.84664794818212
10,Acetone,250.0,188.33314823574915,61.66685176425085
10,Ammonia,600.0,349.6823928519007,250.31760714809928
10,Acetone,150.0,114.09739459737216,35.90260540262784
10,Ammonia,1000.0,548.9796299007771,451.0203700992229
10,Acetone,10.0,27.081256452517664,17.081256452517664
10,Ammonia,50.0,19.75599430399005,30.24400569600995
10,Acetone,50.0,28.461227469193872,21.538772530806128
10,Ammonia,200.0,126.52458218351445,73.47541781648555
10,Acetone,100.0,51.05193517861156,48.94806482138844
10,Ammonia,800.0,454.744498392497,345.255501607503
10,Acetone,200.0,159.06037853836665,40.93962146163335
10,Ammonia,400.0,256.4640448188011,143.53595518119891
10,Acetone,10.0,22.342199313019506,12.342199313019506
10,Ammonia,50.0,20.29221258141905,29.70778741858095
10,Acetone,250.0,191.87209080519258,58.127909194807415
10,Ammonia,600.0,349.47874360757805,250.52125639242195
10,Acetone,150.0,111.0832587888701,38.9167412111299
10,Ammonia,1000.0,543.3218607545471,456.67813924545294
10,Acetone,50.0,27.976034513090923,22.023965486909077
10,Ammonia,200.0,127.44766410563425,72.55233589436575
10,Acetone,100.0,53.398702915989276,46.601297084010724
10,Ammonia,800.0,450.6912798817566,349.3087201182434
10,Acetone,200.0,157.95935863677443,42.040641363225575
10,Ammonia,400.0,265.4976230772585,134.50237692274152
10,Acetone,50.0,26.611786289482083,23.388213710517917
10,Ammonia,200.0,131.70591095974004,68.29408904025996
10,Acetone,100.0,51.65740902884474,48.34259097115526
10,Ammonia,800.0,461.92876265642036,338.07123734357964
10,Acetone,200.0,156.88577344591866,43.11422655408134
10,Ammonia,400.0,262.8151867019262,137.18481329807378
10,Acetone,10.0,22.278927100080566,12.278927100080566
10,Ammonia,50.0,20.199397281526785,29.800602718473215
10,Acetone,250.0,187.90448131628582,62.095518683714175
10,Ammonia,600.0,362.6995565854861,237.3004434145139
10,Acetone,150.0,110.94931846462659,39.050681535373414
10,Ammonia,1000.0,568.9003363091228,431.09966369087715
10,Toluene,1.0,44.898695824120395,43.898695824120395
10,Acetaldehyde,10.0,45.72466943949128,35.72466943949128
10,Toluene,100.0,26.090585045459406,73.9094149545406
10,Acetaldehyde,150.0,168.19802143555006,18.19802143555006
10,Toluene,60.0,9.306227243844347,50.69377275615565
10,Acetaldehyde,250.0,251.07917783832872,1.079177838328718
10,Toluene,20.0,1.7936842167285363,18.206315783271464
10,Acetaldehyde,50.0,37.550584888869466,12.449415111130534
10,Toluene,40.0,4.485221979433689,35.51477802056631
10,Acetaldehyde,200.0,228.0935173447023,28.093517344702292
10,Toluene,80.0,14.287048151895988,65.71295184810401
10,Acetaldehyde,100.0,95.5449698256464,4.455030174353595
10,Toluene,60.0,12.09693884104577,47.90306115895423
10,Acetaldehyde,250.0,244.23991456670586,5.760085433294137
10,Toluene,20.0,0.0,20.0
10,Acetaldehyde,50.0,35.52248262112279,14.47751737887721
10,Toluene,40.0,0.7430021051900866,39.25699789480991
10,Acetaldehyde,200.0,222.94670795939436,22.94670795939436
10,Toluene,80.0,21.647281638904857,58.35271836109514
10,Acetaldehyde,100.0,99.48400677748397,0.5159932225160304
10,Toluene,1.0,44.21594875405803,43.21594875405803
10,Acetaldehyde,10.0,25.522159827413603,15.522159827413603
10,Toluene,100.0,18.746588169637036,81.25341183036296
10,Acetaldehyde,150.0,165.62476082639634,15.62476082639634
10,Toluene,20.0,1.347446960939223,18.652553039060777
10,Acetaldehyde,50.0,38.856438855290406,11.143561144709594
10,Toluene,40.0,3.6803429055265298,36.31965709447347
10,Acetaldehyde,200.0,218.20286071916547,18.20286071916547
10,Toluene,80.0,15.446053053954657,64.55394694604534
10,Acetaldehyde,100.0,88.73582955698117,11.264170443018827
10,Toluene,1.0,30.298563537884633,29.298563537884633
10,Acetaldehyde,10.0,9.33655541602461,0.6634445839753909
10,Toluene,100.0,19.66207985565039,80.33792014434961
10,Acetaldehyde,150.0,154.86851151956256,4.86851151956256
10,Toluene,60.0,7.156510951940106,52.843489048059894
10,Acetaldehyde,250.0,250.71288697907102,0.7128869790710155
10,Toluene,1.0,22.674544065819262,21.674544065819262
10,Acetaldehyde,10.0,5.778474516795711,4.221525483204289
10,Toluene,20.0,0.41735293418562946,19.58264706581437
10,Acetaldehyde,50.0,30.74438053547111,19.25561946452889
10,Toluene,40.0,4.724171092163502,35.2758289078365
10,Acetaldehyde,200.0,214.661315643208,14.661315643208013
10,Toluene,80.0,13.123690050337743,66.87630994966226
10,Acetaldehyde,100.0,89.26956992612449,10.73043007387551
10,Toluene,100.0,16.323524930235877,83.67647506976412
10,Acetaldehyde,150.0,155.66680497177106,5.666804971771057
10,Toluene,60.0,6.711570151157545,53.288429848842455
10,Acetaldehyde,250.0,255.00291784905022,5.00291784905022
10,Toluene,80.0,11.20696455724341,68.79303544275659
10,Acetaldehyde,100.0,84.66089989095028,15.339100109049724
10,Toluene,1.0,41.20181150427608,40.20181150427608
10,Acetaldehyde,10.0,32.99446189691504,22.99446189691504
10,Toluene,100.0,16.81982942996092,83.18017057003908
10,Acetaldehyde,150.0,167.1000397955504,17.1000397955504
10,Toluene,60.0,5.186702031226957,54.81329796877304
10,Acetaldehyde,250.0,267.3254824317718,17.325482431771775
10,Toluene,20.0,6.975356637644069,13.024643362355931
10,Acetaldehyde,50.0,32.521516056501866,17.478483943498134
10,Toluene,40.0,0.3933828599485878,39.60661714005141
10,Acetaldehyde,200.0,230.87845032264246,30.878450322642465
10,Toluene,20.0,6.5607740313758,13.4392259686242
10,Acetaldehyde,50.0,32.646068342352066,17.353931657647934
10,Toluene,40.0,2.5805636724771404,37.41943632752286
10,Acetaldehyde,200.0,236.4770714462582,36.47707144625821
10,Toluene,80.0,11.539325067723524,68.46067493227648
10,Acetaldehyde,100.0,82.70670109246966,17.293298907530342
10,Toluene,1.0,51.943056458873514,50.943056458873514
10,Acetaldehyde,10.0,28.95504833757495,18.95504833757495
10,Toluene,100.0,20.968270395418827,79.03172960458117
10,Acetaldehyde,150.0,160.307269193555,10.307269193554987
10,Toluene,60.0,4.156853931982624,55.843146068017376
10,Acetaldehyde,250.0,266.7650499941714,16.76504999417142
10,Toluene,60.0,6.614551586576724,53.385448413423276
10,Acetaldehyde,250.0,264.74332677128695,14.743326771286945
10,Toluene,20.0,1.698661027790365,18.301338972209635
10,Acetaldehyde,50.0,31.129066528048668,18.870933471951332
10,Toluene,40.0,0.0,40.0
10,Acetaldehyde,200.0,223.10538500530083,23.105385005300832
10,Toluene,80.0,15.847078471684,64.152921528316
10,Acetaldehyde,100.0,97.32210108343584,2.6778989165641605
10,Toluene,1.0,8.634033524522422,7.6340335245224225
10,Acetaldehyde,10.0,0.0,10.0
10,Toluene,100.0,14.227973785051589,85.77202621494841
10,Acetaldehyde,150.0,161.36191131658535,11.36191131658535
10,Toluene,100.0,18.922236946131832,81.07776305386817
10,Acetaldehyde,150.0,163.63806254262494,13.638062542624937
10,Toluene,60.0,8.208682143668682,51.79131785633132
10,Acetaldehyde,250.0,267.6138492232701,17.61384922327011
10,Toluene,1.0,33.4103958692411,32.4103958692411
10,Acetaldehyde,10.0,9.308306116724836,0.691693883275164
10,Toluene,20.0,0.0,20.0
10,Acetaldehyde,50.0,35.45722978743326,14.542770212566737
10,Toluene,40.0,0.0,40.0
10,Acetaldehyde,200.0,227.23794717003483,27.23794717003483
10,Toluene,80.0,13.746513964702586,66.25348603529741
10,Acetaldehyde,100.0,99.29270287813515,0.7072971218648547
10,Toluene,1.0,22.315565355951108,21.315565355951108
10,Acetaldehyde,10.0,8.921511116611697,1.078488883388303
10,Toluene,100.0,20.653401001374903,79.3465989986251
10,Acetaldehyde,150.0,165.35104969227152,15.351049692271516
10,Toluene,60.0,3.781148439637377,56.21885156036262
10,Acetaldehyde,250.0,277.9429185907879,27.942918590787883
10,Toluene,20.0,2.1074513159983184,17.89254868400168
10,Acetaldehyde,50.0,35.249356434936416,14.750643565063584
10,Toluene,40.0,1.1512793710695206,38.84872062893048
10,Acetaldehyde,200.0,232.19890972636372,32.19890972636372
10,Toluene,80.0,15.179962965658746,64.82003703434125
10,Acetaldehyde,100.0,89.64582258430396,10.354177415696043
10,Toluene,20.0,0.0,20.0
10,Acetaldehyde,50.0,28.768103326191152,21.231896673808848
10,Toluene,40.0,2.145153223962282,37.85484677603772
10,Acetaldehyde,200.0,238.08051643649853,38.08051643649853
10,Toluene,80.0,12.188364775299249,67.81163522470075
10,Acetaldehyde,100.0,96.52774864659406,3.4722513534059374
10,Toluene,1.0,48.59844252963384,47.59844252963384
10,Acetaldehyde,10.0,34.39735116388462,24.397351163884622
10,Toluene,100.0,17.91955028305911,82.08044971694089
10,Acetaldehyde,150.0,171.77065472509938,21.770654725099376
10,Toluene,60.0,7.228210299954853,52.77178970004515
10,Acetaldehyde,250.0,278.69883181236196,28.69883181236196
10,Acetone,10.0,6.716933867256756,3.2830661327432438
10,Ammonia,50.0,10.794931934245326,39.20506806575467
10,Acetone,250.0,176.47322176746286,73.52677823253714
10,Ammonia,600.0,300.4705340276083,299.5294659723917
10,Acetone,150.0,97.34290235731599,52.65709764268401
10,Ammonia,1000.0,514.540883192835,485.45911680716495
10,Acetone,50.0,27.46719616427596,22.53280383572404
10,Ammonia,200.0,122.34584437111943,77.65415562888057
10,Acetone,100.0,60.88360232041731,39.11639767958269
10,Ammonia,800.0,453.0683692803266,346.9316307196734
10,Acetone,200.0,156.33657375001755,43.66342624998245
10,Ammonia,400.0,255.31057510295858,144.68942489704142
10,Acetone,150.0,118.0782307062827,31.921769293717304
10,Ammonia,1000.0,584.9090515046271,415.0909484953729
10,Acetone,50.0,29.61229953044827,20.38770046955173
10,Ammonia,200.0,128.66483758511845,71.33516241488155
10,Acetone,100.0,66.59680888474227,33.40319111525773
10,Ammonia,800.0,456.3472644092233,343.6527355907767
10,Acetone,200.0,163.3412154415786,36.65878455842139
10,Ammonia,400.0,239.65324062858002,160.34675937141998
10,Acetone,10.0,16.27642478329689,6.276424783296889
10,Ammonia,50.0,16.55911539390938,33.44088460609062
10,Acetone,250.0,194.4079768847355,55.59202311526451
10,Ammonia,600.0,316.6445115933037,283.3554884066963
10,Acetone,50.0,26.798774361283634,23.201225638716366
10,Ammonia,200.0,116.20164736148355,83.79835263851645
10,Acetone,100.0,66.02259518940213,33.977404810597875
10,Ammonia,800.0,432.42146971902883,367.57853028097117
10,Acetone,200.0,155.6871932783758,44.31280672162421
10,Ammonia,400.0,257.7629744565829,142.23702554341708
10,Acetone,10.0,5.0705460259352435,4.9294539740647565
10,Ammonia,50.0,18.985230620186215,31.014769379813785
10,Acetone,250.0,186.45724497455973,63.54275502544027
10,Ammonia,600.0,357.40178749421955,242.59821250578045
10,Acetone,150.0,116.85269694578673,33.14730305421327
10,Ammonia,1000.0,563.9551811383931,436.0448188616069
10,Acetone,10.0,6.1357905116094145,3.8642094883905855
10,Ammonia,50.0,18.914611552454375,31.085388447545625
10,Acetone,50.0,31.261055634736366,18.738944365263634
10,Ammonia,200.0,124.86631430277546,75.13368569722454
10,Acetone,100.0,69.2812047902171,30.718795209782897
10,Ammonia,800.0,493.3874107238946,306.6125892761054
10,Acetone,200.0,159.06889905720237,40.93110094279763
10,Ammonia,400.0,274.16656499306845,125.83343500693155
10,Acetone,250.0,187.9074272473149,62.0925727526851
10,Ammonia,600.0,373.06398677495577,226.93601322504423
10,Acetone,150.0,115.18566838960935,34.81433161039065
10,Ammonia,1000.0,604.5562230554307,395.4437769445693
10,Acetone,200.0,160.31632731345206,39.683672686547936
10,Ammonia,400.0,284.04516996489735,115.95483003510265
10,Acetone,10.0,9.565075449531307,0.4349245504686934
10,Ammonia,50.0,12.066940047397452,37.93305995260255
10,Acetone,250.0,189.79740387905625,60.20259612094375
10,Ammonia,600.0,377.888535243369,222.111464756631
10,Acetone,150.0,121.53357301922085,28.466426980779147
10,Ammonia,1000.0,588.1731927770686,411.8268072229314
10,Acetone,50.0,32.137133563583404,17.862866436416596
10,Ammonia,200.0,134.80023788854464,65.19976211145536
10,Acetone,100.0,67.75820593331294,32.24179406668706
10,Ammonia,800.0,492.990925670393,307.009074329607
10,Acetone,50.0,32.437517765389345,17.562482234610655
10,Ammonia,200.0,137.80469035772649,62.195309642273514
10,Acetone,100.0,72.77561972055935,27.224380279440652
10,Ammonia,800.0,495.7066764480838,304.2933235519162
10,Acetone,200.0,163.08848947506394,36.91151052493606
10,Ammonia,400.0,279.7984570458765,120.20154295412351
10,Acetone,10.0,13.842042538941072,3.8420425389410724
10,Ammonia,50.0,15.828983374125613,34.17101662587439
10,Acetone,250.0,193.8796129210636,56.1203870789364
10,Ammonia,600.0,403.5350784329501,196.46492156704988
10,Acetone,150.0,114.54030662544213,35.45969337455787
10,Ammonia,1000.0,575.3718201979674,424.6281798020326
10,Acetone,150.0,110.91059905781813,39.08940094218187
10,Ammonia,1000.0,609.0120402490646,390.9879597509354
10,Acetone,50.0,25.618968426261617,24.381031573738383
10,Ammonia,200.0,127.63544913356937,72.36455086643063
10,Acetone,100.0,61.53541096764677,38.46458903235323
10,Ammonia,800.0,509.0211619975739,290.9788380024261
10,Acetone,200.0,160.1841093554067,39.81589064459331
10,Ammonia,400.0,281.46815354008476,118.53184645991524
10,Acetone,10.0,9.316633884744974,0.6833661152550263
10,Ammonia,50.0,15.197154210425012,34.80284578957499
10,Acetone,250.0,191.24612772367215,58.753872276327854
10,Ammonia,600.0,403.6199792971365,196.38002070286348
10,Acetone,250.0,193.35924807357725,56.64075192642275
10,Ammonia,600.0,385.48354987008474,214.51645012991526
10,Acetone,150.0,123.86126934603877,26.138730653961233
10,Ammonia,1000.0,619.8777768302817,380.12222316971827
10,Acetone,10.0,5.975500669351263,4.024499330648737
10,Ammonia,50.0,15.107014471710357,34.89298552828964
10,Acetone,50.0,30.388705701159452,19.611294298840548
10,Ammonia,200.0,134.39842621137086,65.60157378862914
10,Acetone,100.0,66.74892802091793,33.25107197908207
10,Ammonia,800.0,529.6270591659104,270.3729408340896
10,Acetone,200.0,157.20962743001124,42.79037256998876
10,Ammonia,400.0,308.41517938177896,91.58482061822104
10,Acetone,10.0,15.045776621391497,5.0457766213914965
10,Ammonia,50.0,19.64335658152349,30.35664341847651
10,Acetone,250.0,195.4424377546037,54.5575622453963
10,Ammonia,600.0,416.1449406672741,183.8550593327259
10,Acetone,150.0,121.35634476207456,28.643655237925444
10,Ammonia,1000.0,669.2878807448126,330.7121192551874
10,Acetone,50.0,30.342842883303163,19.657157116696837
10,Ammonia,200.0,134.90268280196398,65.09731719803602
10,Acetone,100.0,66.34568883816462,33.65431116183538
10,Ammonia,800.0,525.5389994512457,274.4610005487543
10,Acetone,200.0,161.38948754455754,38.61051245544246
10,Ammonia,400.0,300.78045681464357,99.21954318535643
10,Acetone,50.0,32.83009310802862,17.16990689197138
10,Ammonia,200.0,137.98714202243892,62.01285797756108
10,Acetone,100.0,66.05963498297521,33.94036501702479
10,Ammonia,800.0,537.8626811296099,262.1373188703901
10,Acetone,200.0,163.2628081395728,36.7371918604272
10,Ammonia,400.0,311.86668640839645,88.13331359160355
10,Acetone,10.0,7.6680287275129615,2.3319712724870385
10,Ammonia,50.0,17.059874960450813,32.94012503954919
10,Acetone,250.0,199.31413580489814,50.68586419510186
10,Ammonia,600.0,439.26104477296235,160.73895522703765
10,Acetone,150.0,124.35792488276779,25.64207511723221
10,Ammonia,1000.0,698.3726726491371,301.62732735086286
10,Acetone,10.0,7.767389886877737,2.232610113122263
10,Ammonia,50.0,17.595213256026057,32.40478674397394
10,Acetone,250.0,201.4565424893641,48.5434575106359
10,Ammonia,600.0,413.2620035018318,186.73799649816817
10,Acetone,150.0,122.65760497300259,27.34239502699741
10,Ammonia,1000.0,686.4406314149397,313.55936858506027
10,Acetone,50.0,29.976967204404943,20.023032795595057
10,Ammonia,200.0,136.44598734897428,63.554012651025715
10,Acetone,100.0,64.22782323671308,35.77217676328692
10,Ammonia,800.0,557.5524747232279,242.44752527677213
10,Acetone,200.0,162.54810440098413,37.45189559901587
10,Ammonia,400.0,307.1057668382178,92.89423316178221
10,Acetone,150.0,120.93902964779694,29.060970352203057
10,Ammonia,1000.0,691.5750903326708,308.4249096673292
10,Acetone,50.0,25.294002585441547,24.705997414558453
10,Ammonia,200.0,125.13728104757429,74.86271895242571
10,Acetone,100.0,58.45121020374454,41.54878979625546
10,Ammonia,800.0,521.0470596610475,278.95294033895254
10,Acetone,200.0,159.48505441884083,40.51494558115917
10,Ammonia,400.0,287.74803412248974,112.25196587751026
10,Acetone,10.0,18.869732395219955,8.869732395219955
10,Ammonia,50.0,16.740421499214435,33.259578500785565
10,Acetone,250.0,210.4282600987194,39.57173990128061
10,Ammonia,600.0,394.48501560849184,205.51498439150816
10,Acetone,50.0,25.26923710845763,24.73076289154237
10,Ammonia,200.0,118.61642018991951,81.38357981008049
10,Acetone,100.0,60.45188897576021,39.54811102423979
10,Ammonia,800.0,505.4770413945404,294.5229586054596
10,Acetone,200.0,169.694569359764,30.30543064023601
10,Ammonia,400.0,278.9678317432061,121.03216825679391
10,Acetone,10.0,28.12468496810905,18.12468496810905
10,Ammonia,50.0,16.589610182711766,33.410389817288234
10,Acetone,250.0,207.7662812797653,42.23371872023469
10,Ammonia,600.0,417.91675991901457,182.08324008098543
10,Acetone,150.0,113.54326961798434,36.456730382015664
10,Ammonia,1000.0,615.4173095307556,384.5826904692444
10,Acetone,10.0,21.121857781623916,11.121857781623916
10,Ammonia,50.0,17.292488555147884,32.707511444852116
10,Acetone,50.0,24.03894235648923,25.96105764351077
10,Ammonia,200.0,120.93505388012599,79.06494611987401
10,Acetone,100.0,59.132851760518264,40.867148239481736
10,Ammonia,800.0,526.5610379344874,273.43896206551256
10,Acetone,200.0,168.9478448889754,31.052155111024604
10,Ammonia,400.0,297.4535272086614,102.5464727913386
10,Acetone,250.0,214.09994414653627,35.900055853463726
10,Ammonia,600.0,416.56914295229086,183.43085704770914
10,Acetone,150.0,112.7964810918894,37.203518908110595
10,Ammonia,1000.0,613.8655005895632,386.1344994104368
10,Acetone,200.0,163.8188086626227,36.1811913373773
10,Ammonia,400.0,284.23338824872616,115.76661175127384
10,Acetone,10.0,26.13073110109343,16.13073110109343
10,Ammonia,50.0,18.06058931704804,31.93941068295196
10,Acetone,250.0,213.34417965828746,36.65582034171254
10,Ammonia,600.0,414.9831254000342,185.01687459996577
10,Acetone,150.0,113.33952891560097,36.660471084399035
10,Ammonia,1000.0,613.6329662004191,386.3670337995809
10,Acetone,50.0,22.603422806005824,27.396577193994176
10,Ammonia,200.0,133.3705937142802,66.6294062857198
10,Acetone,100.0,63.56431921933773,36.43568078066227
10,Ammonia,800.0,525.220851760971,274.77914823902904
10,Acetone,50.0,28.049048201090358,21.950951798909642
10,Ammonia,200.0,136.3010441988593,63.6989558011407
10,Acetone,100.0,64.87315623653518,35.12684376346482
10,Ammonia,800.0,538.8010055889316,261.1989944110684
10,Acetone,200.0,163.93445411699597,36.065545883004035
10,Ammonia,400.0,305.3420901734608,94.6579098265392
10,Acetone,10.0,13.634818052987498,3.634818052987498
10,Ammonia,50.0,19.88998120291612,30.11001879708388
10,Acetone,250.0,201.66954760718164,48.33045239281836
10,Ammonia,600.0,424.76751991197824,175.23248008802176
10,Acetone,150.0,120.77976568288577,29.220234317114233
10,Ammonia,1000.0,673.8900361346426,326.1099638653574
10,Acetone,150.0,120.14464072800754,29.855359271992455
10,Ammonia,1000.0,629.1988294462287,370.80117055377127
10,Acetone,50.0,27.449360209312673,22.550639790687327
10,Ammonia,200.0,133.11028952787723,66.88971047212277
10,Acetone,100.0,61.988468925266176,38.011531074733824
10,Ammonia,800.0,531.9760957544084,268.02390424559155
10,Acetone,200.0,168.4587928061964,31.541207193803587
10,Ammonia,400.0,305.38525217262935,94.61474782737065
10,Acetone,10.0,9.635093439127417,0.36490656087258344
10,Ammonia,50.0,18.302791010161357,31.697208989838643
10,Acetone,250.0,204.0161877507844,45.98381224921559
10,Ammonia,600.0,419.7122097777236,180.28779022227639
10,Acetone,250.0,204.10106831330194,45.89893168669806
10,Ammonia,600.0,430.39874325251793,169.60125674748207
10,Acetone,150.0,121.47067813113176,28.529321868868237
10,Ammonia,1000.0,636.043340880502,363.956659119498
10,Acetone,10.0,18.53808403509062,8.53808403509062
10,Ammonia,50.0,12.634854611960023,37.36514538803998
10,Acetone,50.0,27.34993008173464,22.65006991826536
10,Ammonia,200.0,127.92569372549075,72.07430627450925
10,Acetone,100.0,69.56925893787574,30.430741062124255
10,Ammonia,800.0,544.0286281733535,255.97137182664653
10,Acetone,200.0,163.40730888125293,36.59269111874707
10,Ammonia,400.0,288.5790215661126,111.4209784338874
10,Acetone,10.0,11.093774277798218,1.093774277798218
10,Ammonia,50.0,13.824963120914404,36.175036879085596
10,Acetone,250.0,208.49630590655227,41.503694093447734
10,Ammonia,600.0,411.5987553879881,188.4012446120119
10,Acetone,150.0,123.76996021571469,26.23003978428531
10,Ammonia,1000.0,625.704375623978,374.29562437602203
10,Acetone,50.0,27.955733726593024,22.044266273406976
10,Ammonia,200.0,131.65745123914044,68.34254876085956
10,Acetone,100.0,73.01618235473639,26.983817645263613
10,Ammonia,800.0,544.8720328248822,255.12796717511776
10,Acetone,200.0,159.94846207519504,40.05153792480496
10,Ammonia,400.0,291.4836622832621,108.5163377167379
10,Acetone,50.0,28.509362924379616,21.490637075620384
10,Ammonia,200.0,130.4424634136564,69.55753658634359
10,Acetone,100.0,68.69195404614834,31.30804595385166
10,Ammonia,800.0,515.4070254337004,284.59297456629963
10,Acetone,200.0,169.83295651431177,30.167043485688225
10,Ammonia,400.0,281.6167669542985,118.3832330457015
10,Acetone,10.0,7.988017758184171,2.0119822418158293
10,Ammonia,50.0,13.198521134674223,36.80147886532578
10,Acetone,250.0,213.80303850118528,36.196961498814716
10,Ammonia,600.0,398.6953864665424,201.3046135334576
10,Acetone,150.0,127.98451304556141,22.015486954438586
10,Ammonia,1000.0,625.3523646066486,374.6476353933514
10,Acetone,10.0,24.710819887392503,14.710819887392503
10,Ammonia,50.0,13.88141684352999,36.11858315647001
10,Acetone,250.0,208.68115051557038,41.31884948442962
10,Ammonia,600.0,328.43181210066433,271.56818789933567
10,Acetone,150.0,112.05662540999377,37.94337459000623
10,Ammonia,1000.0,502.0279997676186,497.9720002323814
10,Acetone,50.0,23.48933014333872,26.51066985666128
10,Ammonia,200.0,131.27923619492026,68.72076380507974
10,Acetone,100.0,62.74285256323799,37.25714743676201
10,Ammonia,800.0,425.423402994034,374.576597005966
10,Acetone,200.0,181.30932863081742,18.69067136918258
10,Ammonia,400.0,250.9499998307199,149.0500001692801
10,Acetone,150.0,115.2854608692075,34.7145391307925
10,Ammonia,1000.0,543.0277628970233,456.9722371029767
10,Acetone,50.0,23.97168248075495,26.02831751924505
10,Ammonia,200.0,127.05505474518804,72.94494525481196
10,Acetone,100.0,62.565789480834326,37.434210519165674
10,Ammonia,800.0,431.74911187860965,368.25088812139035
10,Acetone,200.0,182.25377507013374,17.74622492986626
10,Ammonia,400.0,250.86162050632248,149.13837949367752
10,Acetone,10.0,26.42137855152508,16.42137855152508
10,Ammonia,50.0,15.766776120124007,34.23322387987599
10,Acetone,250.0,209.00617227337034,40.99382772662966
10,Ammonia,600.0,340.3022336609916,259.6977663390084
10,Acetone,50.0,23.210738062565767,26.789261937434233
10,Ammonia,200.0,126.77817333991165,73.22182666008835
10,Acetone,100.0,61.537928411767595,38.462071588232405
10,Ammonia,800.0,416.49572994024237,383.50427005975763
10,Acetone,200.0,184.3429919198722,15.65700808012781
10,Ammonia,400.0,237.69706736280517,162.30293263719483
10,Acetone,10.0,26.76828710292817,16.76828710292817
10,Ammonia,50.0,17.7774209876695,32.2225790123305
10,Acetone,250.0,208.38027826197873,41.61972173802127
10,Ammonia,600.0,327.9588135647619,272.0411864352381
10,Acetone,150.0,114.53925152142034,35.46074847857966
10,Ammonia,1000.0,512.8594246261835,487.14057537381655
10,Acetone,10.0,18.365185786536017,8.365185786536017
10,Ammonia,50.0,16.170887918198886,33.829112081801114
10,Acetone,50.0,22.983398027699806,27.016601972300194
10,Ammonia,200.0,126.24047301777304,73.75952698222696
10,Acetone,100.0,60.04217392907482,39.95782607092518
10,Ammonia,800.0,433.66401979963086,366.33598020036914
10,Acetone,200.0,185.8848219687615,14.115178031238486
10,Ammonia,400.0,252.01530217264332,147.98469782735668
10,Acetone,250.0,209.04965602212144,40.95034397787856
10,Ammonia,600.0,352.2968554667352,247.70314453326478
10,Acetone,150.0,115.48760352498593,34.51239647501407
10,Ammonia,1000.0,523.5295919690824,476.4704080309176
10,Acetone,200.0,177.8140447803428,22.18595521965719
10,Ammonia,400.0,253.64541910730964,146.35458089269036
10,Acetone,10.0,22.461689831845845,12.461689831845845
10,Ammonia,50.0,17.50191627069914,32.49808372930086
10,Acetone,250.0,210.69215270653117,39.307847293468825
10,Ammonia,600.0,348.5203429699438,251.47965703005622
10,Acetone,150.0,119.14345646346665,30.85654353653335
10,Ammonia,1000.0,527.8723603496447,472.12763965035526
10,Acetone,50.0,22.76554240153237,27.23445759846763
10,Ammonia,200.0,133.58121172618476,66.41878827381524
10,Acetone,100.0,59.889992124388,40.110007875612
10,Ammonia,800.0,434.14032817358174,365.85967182641826
10,Acetone,50.0,24.658520371813424,25.341479628186576
10,Ammonia,200.0,140.649814460394,59.350185539606
10,Acetone,100.0,61.13678838612971,38.86321161387029
10,Ammonia,800.0,448.90121404286054,351.09878595713946
10,Acetone,200.0,166.16385498087413,33.836145019125865
10,Ammonia,400.0,262.58402658667126,137.41597341332874
10,Acetone,10.0,14.007227844982395,4.0072278449823955
10,Ammonia,50.0,19.29290560012295,30.70709439987705
10,Acetone,250.0,198.39203887665207,51.607961123347934
10,Ammonia,600.0,363.2743483141223,236.72565168587772
10,Acetone,150.0,112.0680456131187,37.9319543868813
10,Ammonia,1000.0,550.5299289789991,449.4700710210009
10,Acetone,150.0,107.9761925026676,42.0238074973324
10,Ammonia,1000.0,559.4461802108247,440.55381978917535
10,Acetone,50.0,25.77394918116194,24.22605081883806
10,Ammonia,200.0,133.70806494491774,66.29193505508226
10,Acetone,100.0,60.252492013296816,39.747507986703184
10,Ammonia,800.0,464.24780436842855,335.75219563157145
10,Acetone,200.0,172.07063714573002,27.929362854269982
10,Ammonia,400.0,263.9575088740803,136.0424911259197
10,Acetone,10.0,18.599443154137674,8.599443154137674
10,Ammonia,50.0,19.44666689174484,30.55333310825516
10,Acetone,250.0,196.39856858817632,53.60143141182368
10,Ammonia,600.0,361.5412136372619,238.45878636273812
10,Acetone,250.0,198.690679091907,51.309320908093014
10,Ammonia,600.0,367.2102096003557,232.7897903996443
10,Acetone,150.0,106.96382136628876,43.036178633711245
10,Ammonia,1000.0,562.6302226282714,437.36977737172856
10,Acetone,10.0,30.7874021945141,20.7874021945141
10,Ammonia,50.0,23.273199107220307,26.726800892779693
10,Acetone,50.0,23.4842780096278,26.5157219903722
10,Ammonia,200.0,130.49877803240008,69.50122196759992
10,Acetone,100.0,57.635523288294436,42.364476711705564
10,Ammonia,800.0,461.04090405257483,338.95909594742517
10,Acetone,200.0,168.55651814726514,31.443481852734863
10,Ammonia,400.0,266.9456121694326,133.0543878305674
10,Acetone,10.0,22.65021379492285,12.650213794922848
10,Ammonia,50.0,19.476210952450373,30.523789047549627
10,Acetone,250.0,197.5591775149826,52.44082248501741
10,Ammonia,600.0,361.899584582293,238.10041541770698
10,Acetone,150.0,115.4593614588912,34.540638541108805
10,Ammonia,1000.0,534.5267098768514,465.47329012314856
10,Acetone,50.0,23.719097182660107,26.280902817339893
10,Ammonia,200.0,141.78979187527148,58.210208124728524
10,Acetone,100.0,59.42348897482374,40.57651102517626
10,Ammonia,800.0,473.6053920682317,326.3946079317683
10,Acetone,200.0,173.54180805576277,26.458191944237228
10,Ammonia,400.0,267.3629797747674,132.63702022523262
10,Acetone,50.0,22.571824595980658,27.428175404019342
10,Ammonia,200.0,135.06711735924588,64.93288264075412
10,Acetone,100.0,59.486057252774515,40.513942747225485
10,Ammonia,800.0,473.35788473081453,326.64211526918547
10,Acetone,200.0,171.53098117587814,28.46901882412186
10,Ammonia,400.0,271.28351811053943,128.71648188946057
10,Acetone,10.0,19.393483266850083,9.393483266850083
10,Ammonia,50.0,22.667469307158683,27.332530692841317
10,Acetone,250.0,197.60320703487275,52.39679296512725
10,Ammonia,600.0,370.823159929386,229.176840070614
10,Acetone,150.0,110.32463082622569,39.675369173774314
10,Ammonia,1000.0,551.4527472395006,448.5472527604994
10,Acetone,10.0,25.601612781048615,15.601612781048615
10,Ammonia,50.0,25.226249502643142,24.773750497356858
10,Acetone,250.0,199.33553788443868,50.66446211556132
10,Ammonia,600.0,363.2458049987448,236.7541950012552
10,Acetone,150.0,110.38250954363414,39.61749045636586
10,Ammonia,1000.0,560.8089504734351,439.19104952656494
10,Acetone,50.0,20.61368870474162,29.38631129525838
10,Ammonia,200.0,132.1458920804532,67.8541079195468
10,Acetone,100.0,58.151469519943575,41.848530480056425
10,Ammonia,800.0,473.388591774086,326.611408225914
10,Acetone,200.0,174.12398350644068,25.87601649355932
10,Ammonia,400.0,266.60824222340955,133.39175777659045
10,Acetone,150.0,113.07102277613137,36.92897722386863
10,Ammonia,1000.0,577.2864873009245,422.7135126990755
10,Acetone,50.0,24.73627232765611,25.26372767234389
10,Ammonia,200.0,129.95268038258516,70.04731961741484
10,Acetone,100.0,58.96466208082418,41.03533791917582
10,Ammonia,800.0,499.478015421505,300.521984578495
10,Acetone,200.0,164.4010565637677,35.598943436232304
10,Ammonia,400.0,277.2590569050544,122.74094309494558
10,Acetone,10.0,17.484415688148374,7.484415688148374
10,Ammonia,50.0,25.02807319940446,24.97192680059554
10,Acetone,250.0,194.11938493095357,55.88061506904643
10,Ammonia,600.0,372.257469736639,227.742530263361
10,Acetone,50.0,25.517153900335884,24.482846099664116
10,Ammonia,200.0,140.20085577762637,59.79914422237363
10,Acetone,100.0,66.75709088683433,33.242909113165666
10,Ammonia,800.0,456.70846428842555,343.29153571157445
10,Acetone,200.0,160.93265896780983,39.06734103219017
10,Ammonia,400.0,286.60769383993005,113.39230616006995
10,Acetone,10.0,15.079761101084259,5.079761101084259
10,Ammonia,50.0,26.00202079786449,23.99797920213551
10,Acetone,250.0,199.02271714426524,50.97728285573476
10,Ammonia,600.0,382.5725021475564,217.4274978524436
10,Acetone,150.0,103.05997036541723,46.94002963458277
10,Ammonia,1000.0,636.8442603026341,363.1557396973659
10,Acetone,10.0,7.495851902022977,2.5041480979770228
10,Ammonia,50.0,25.46032007083437,24.53967992916563
10,Acetone,50.0,30.58528163378827,19.41471836621173
10,Ammonia,200.0,147.47755952178636,52.52244047821364
10,Acetone,100.0,64.65843659367712,35.34156340632288
10,Ammonia,800.0,517.751120986008,282.248879013992
10,Acetone,200.0,155.3391660592777,44.66083394072231
10,Ammonia,400.0,292.18340348752764,107.81659651247236
10,Acetone,250.0,190.73190745127903,59.26809254872097
10,Ammonia,600.0,368.9003898812441,231.0996101187559
10,Acetone,150.0,108.36524008144102,41.634759918558984
10,Ammonia,1000.0,552.9660923657875,447.0339076342125
10,Acetone,200.0,170.29544525226345,29.70455474773655
10,Ammonia,400.0,267.6610752867361,132.3389247132639
10,Acetone,10.0,23.02835616744187,13.02835616744187
10,Ammonia,50.0,27.00571937841346,22.99428062158654
10,Acetone,250.0,196.74366852276734,53.25633147723266
10,Ammonia,600.0,383.7414887280234,216.2585112719766
10,Acetone,150.0,107.94859992728821,42.051400072711786
10,Ammonia,1000.0,537.7372534499102,462.2627465500898
10,Acetone,50.0,23.208433806990072,26.791566193009928
10,Ammonia,200.0,133.9939873743368,66.0060126256632
10,Acetone,100.0,56.56603877968678,43.43396122031322
10,Ammonia,800.0,483.4974812402549,316.5025187597451
10,Acetone,50.0,24.20652659452513,25.79347340547487
10,Ammonia,200.0,135.87867169367303,64.12132830632697
10,Acetone,100.0,56.43412916683846,43.56587083316154
10,Ammonia,800.0,475.5639440210512,324.4360559789488
10,Acetone,200.0,171.75534144995694,28.244658550043056
10,Ammonia,400.0,272.93173437005004,127.06826562994996
10,Acetone,10.0,28.60072960188677,18.60072960188677
10,Ammonia,50.0,27.061372365175856,22.938627634824144
10,Acetone,250.0,199.44323309208178,50.55676690791822
10,Ammonia,600.0,368.4848443937218,231.5151556062782
10,Acetone,150.0,115.46805562533875,34.53194437466125
10,Ammonia,1000.0,569.2632079029082,430.7367920970918
10,Acetone,150.0,104.55558026092389,45.44441973907611
10,Ammonia,1000.0,565.5577715902618,434.44222840973816
10,Acetone,50.0,24.115640755273404,25.884359244726596
10,Ammonia,200.0,135.51785508151647,64.48214491848353
10,Acetone,100.0,56.65063169575916,43.34936830424084
10,Ammonia,800.0,475.37079766204477,324.62920233795523
10,Acetone,200.0,174.0815520471863,25.918447952813693
10,Ammonia,400.0,272.93822902690255,127.06177097309745
10,Acetone,10.0,29.465381206606864,19.465381206606864
10,Ammonia,50.0,29.227509298411192,20.772490701588808
10,Acetone,250.0,203.668058389463,46.331941610537
10,Ammonia,600.0,382.935533623691,217.06446637630899
10,Acetone,250.0,203.96987934563919,46.030120654360815
10,Ammonia,600.0,375.63258482025475,224.36741517974525
10,Acetone,150.0,109.08281378335056,40.91718621664944
10,Ammonia,1000.0,572.3102409266921,427.68975907330787
10,Acetone,10.0,21.00376308850022,11.003763088500222
10,Ammonia,50.0,30.009881530727114,19.990118469272886
10,Acetone,50.0,22.19193225412056,27.80806774587944
10,Ammonia,200.0,129.69147510470683,70.30852489529317
10,Acetone,100.0,55.236278107831836,44.763721892168164
10,Ammonia,800.0,466.5524503609316,333.4475496390684
10,Acetone,200.0,165.3642702844738,34.635729715526196
10,Ammonia,400.0,269.9696838997007,130.03031610029927
10,Acetone,10.0,30.800122552740135,20.800122552740135
10,Ammonia,50.0,28.740843105359446,21.259156894640554
10,Acetone,250.0,196.4779622331929,53.5220377668071
10,Ammonia,600.0,371.26795467114175,228.73204532885825
10,Acetone,150.0,106.12205581124982,43.87794418875018
10,Ammonia,1000.0,567.6102579214134,432.38974207858655
10,Acetone,50.0,21.22657540716888,28.77342459283112
10,Ammonia,200.0,127.45215002513847,72.54784997486153
10,Acetone,100.0,59.70125961105279,40.29874038894721
10,Ammonia,800.0,459.9193846900988,340.0806153099012
10,Acetone,200.0,169.19007629049216,30.809923709507842
10,Ammonia,400.0,269.7485218203654,130.2514781796346
10,Acetone,50.0,21.154005129891246,28.845994870108754
10,Ammonia,200.0,131.51774783885375,68.48225216114625
10,Acetone,100.0,54.44583033524978,45.55416966475022
10,Ammonia,800.0,474.12183332343534,325.87816667656466
10,Acetone,200.0,168.4798596204907,31.520140379509286
10,Ammonia,400.0,272.18739079007935,127.81260920992065
10,Acetone,10.0,26.33299401191816,16.33299401191816
10,Ammonia,50.0,27.726588293948993,22.273411706051007
10,Acetone,250.0,198.69860169425567,51.30139830574433
10,Ammonia,600.0,369.99764424471994,230.00235575528006
10,Acetone,150.0,106.86987141406976,43.13012858593024
10,Ammonia,1000.0,543.8819240469829,456.11807595301707
10,Ethylene,10.0,60.26646249265056,50.26646249265056
10,Ammonia,50.0,30.173821300881272,19.826178699118728
10,Ethylene,250.0,108.62067187233417,141.37932812766581
10,Ammonia,600.0,365.0961117028096,234.9038882971904
10,Ethylene,150.0,72.70513273826975,77.29486726173025
10,Ammonia,1000.0,552.8600513984214,447.13994860157857
10,Ethylene,50.0,42.55353282409753,7.44646717590247
10,Ammonia,200.0,132.76664540478265,67.23335459521735
10,Ethylene,100.0,51.087024593339876,48.912975406660124
10,Ammonia,800.0,463.24835221190847,336.75164778809153
10,Ethylene,200.0,93.30990654814426,106.69009345185574
10,Ammonia,400.0,269.16051938817395,130.83948061182605
10,Ethylene,150.0,73.76105643806403,76.23894356193597
10,Ammonia,1000.0,550.4452708341568,449.55472916584324
10,Ethylene,50.0,43.4475317837898,6.552468216210201
10,Ammonia,200.0,132.02932464965573,67.97067535034427
10,Ethylene,100.0,57.8138975585188,42.1861024414812
10,Ammonia,800.0,456.6684000614516,343.3315999385484
10,Ethylene,200.0,98.23294116783201,101.76705883216799
10,Ammonia,400.0,268.5336798418984,131.4663201581016
10,Ethylene,10.0,27.474349973051545,17.474349973051545
10,Ammonia,50.0,32.07974755801473,17.92025244198527
10,Ethylene,250.0,132.77737260724325,117.22262739275675
10,Ammonia,600.0,383.5898742250195,216.4101257749805
10,Ethylene,50.0,28.064970524451994,21.935029475548006
10,Ammonia,200.0,142.51235068478536,57.48764931521464
10,Ethylene,100.0,66.09629839242868,33.90370160757132
10,Ammonia,800.0,479.00703586752536,320.99296413247464
10,Ethylene,200.0,106.73770007031312,93.26229992968688
10,Ammonia,400.0,268.15870288139524,131.84129711860476
10,Ethylene,10.0,24.95639977768292,14.956399777682918
10,Ammonia,50.0,30.836922580601836,19.163077419398164
10,Ethylene,250.0,137.2962054583062,112.70379454169381
10,Ammonia,600.0,375.48241368824114,224.51758631175886
10,Ethylene,150.0,90.98750836500125,59.01249163499875
10,Ammonia,1000.0,570.9315138743948,429.0684861256052
10,Ethylene,10.0,22.09387307474755,12.093873074747549
10,Ammonia,50.0,34.52049509390649,15.47950490609351
10,Ethylene,50.0,34.429089275693926,15.570910724306074
10,Ammonia,200.0,134.46307650532867,65.53692349467133
10,Ethylene,100.0,70.69763211058496,29.302367889415038
10,Ammonia,800.0,474.10591524337184,325.89408475662816
10,Ethylene,200.0,112.73814598040187,87.26185401959813
10,Ammonia,400.0,276.8197547613956,123.18024523860441
10,Ethylene,250.0,155.1462327977156,94.85376720228439
10,Ammonia,600.0,382.1867167097404,217.81328329025962
10,Ethylene,150.0,97.30400335376578,52.69599664623422
10,Ammonia,1000.0,570.2274725812385,429.77252741876146
10,Ethylene,200.0,118.34947984892153,81.65052015107847
10,Ammonia,400.0,267.13821504157823,132.86178495842177
10,Ethylene,10.0,32.92340565079152,22.923405650791523
10,Ammonia,50.0,37.88621926554903,12.11378073445097
10,Ethylene,250.0,152.68218895182497,97.31781104817503
10,Ammonia,600.0,377.1497315260891,222.8502684739109
10,Ethylene,150.0,97.15826332010788,52.84173667989212
10,Ammonia,1000.0,559.2523487508015,440.7476512491985
10,Ethylene,50.0,33.721621371920634,16.278378628079366
10,Ammonia,200.0,153.70755064110074,46.29244935889926
10,Ethylene,100.0,61.682477704524004,38.317522295475996
10,Ammonia,800.0,478.5124723511184,321.4875276488816
10,Ethylene,50.0,27.56458394479303,22.43541605520697
10,Ammonia,200.0,148.4934296971114,51.506570302888605
10,Ethylene,100.0,67.2141505754564,32.7858494245436
10,Ammonia,800.0,483.8729846017031,316.1270153982969
10,Ethylene,200.0,124.91884659528566,75.08115340471434
10,Ammonia,400.0,272.4913591178838,127.5086408821162
10,Ethylene,10.0,32.00549066781066,22.005490667810662
10,Ammonia,50.0,37.08529935525567,12.914700644744329
10,Ethylene,250.0,147.82576562666128,102.17423437333872
10,Ammonia,600.0,377.4294718291894,222.57052817081058
10,Ethylene,150.0,99.18341610739911,50.81658389260089
10,Ammonia,1000.0,565.8080734748831,434.19192652511686
10,Ethylene,150.0,97.72654276317853,52.27345723682147
10,Ammonia,1000.0,598.1342772634108,401.8657227365892
10,Ethylene,50.0,31.980622372091773,18.019377627908227
10,Ammonia,200.0,145.33578691678946,54.66421308321054
10,Ethylene,100.0,68.46983493472106,31.530165065278936
10,Ammonia,800.0,484.4753778722049,315.5246221277951
10,Ethylene,200.0,114.50250168560541,85.49749831439459
10,Ammonia,400.0,280.76727712870206,119.23272287129794
10,Ethylene,10.0,41.042995928622176,31.042995928622176
10,Ammonia,50.0,36.014061573862975,13.985938426137025
10,Ethylene,250.0,137.7891720927693,112.21082790723071
10,Ammonia,600.0,370.0391827287568,229.96081727124317
10,Ethylene,250.0,142.62838615571854,107.37161384428146
10,Ammonia,600.0,370.39801031378545,229.60198968621455
10,Ethylene,150.0,87.51145211832761,62.48854788167239
10,Ammonia,1000.0,550.9891749365187,449.0108250634813
10,Ethylene,10.0,52.68369352060205,42.68369352060205
10,Ammonia,50.0,32.20438784100172,17.79561215899828
10,Ethylene,50.0,51.25683910781032,1.2568391078103218
10,Ammonia,200.0,133.57455681871963,66.42544318128037
10,Ethylene,100.0,67.09581290081005,32.904187099189954
10,Ammonia,800.0,469.08053006471414,330.91946993528586
10,Ethylene,200.0,113.12740874065823,86.87259125934177
10,Ammonia,400.0,275.51316746173353,124.48683253826647
10,Ethylene,10.0,54.66757419762375,44.66757419762375
10,Ammonia,50.0,31.4780268805966,18.5219731194034
10,Ethylene,250.0,144.43890868153647,105.56109131846353
10,Ammonia,600.0,372.3363020832078,227.66369791679222
10,Ethylene,150.0,89.38965999789099,60.61034000210901
10,Ammonia,1000.0,577.4340717856222,422.5659282143778
10,Ethylene,50.0,59.3225311614697,9.322531161469698
10,Ammonia,200.0,136.52048566362836,63.479514336371636
10,Ethylene,100.0,64.09952153220607,35.90047846779393
10,Ammonia,800.0,466.3454282059275,333.6545717940725
10,Ethylene,200.0,110.474003431486,89.525996568514
10,Ammonia,400.0,269.0126555722811,130.98734442771888
10,Ethylene,50.0,53.08623529499812,3.0862352949981187
10,Ammonia,200.0,134.51224525313646,65.48775474686354
10,Ethylene,100.0,66.83730046106854,33.16269953893146
10,Ammonia,800.0,461.7730489951859,338.2269510048141
10,Ethylene,200.0,112.49762150216488,87.50237849783512
10,Ammonia,400.0,274.5823451742835,125.41765482571651
10,Ethylene,10.0,61.59415643323375,51.59415643323375
10,Ammonia,50.0,32.748689893364286,17.251310106635714
10,Ethylene,250.0,141.1559187073036,108.84408129269639
10,Ammonia,600.0,376.3557995872448,223.6442004127552
10,Ethylene,150.0,85.10029472098651,64.89970527901349
10,Ammonia,1000.0,569.7554817937066,430.2445182062934
10,Toluene,1.0,43.76465171169065,42.76465171169065
10,Ethanol,50.0,59.844817632154474,9.844817632154474
10,Toluene,100.0,128.7172797646088,28.717279764608804
10,Ethanol,600.0,368.5732598163404,231.4267401836596
10,Toluene,60.0,63.42339026749097,3.423390267490973
10,Ethanol,1000.0,472.07070836892154,527.9292916310785
10,Toluene,20.0,7.657260605170251,12.34273939482975
10,Ethanol,200.0,212.2534547263816,12.253454726381591
10,Toluene,40.0,41.24512944624942,1.2451294462494218
10,Ethanol,800.0,426.4042902183729,373.5957097816271
10,Toluene,80.0,106.22769295331861,26.22769295331861
10,Ethanol,400.0,302.47710467165496,97.52289532834504
10,Toluene,60.0,75.24816429352705,15.248164293527054
10,Ethanol,1000.0,480.9094676811209,519.0905323188791
10,Toluene,20.0,12.30811129044909,7.691888709550909
10,Ethanol,200.0,205.12222143995632,5.12222143995632
10,Toluene,40.0,42.21871036832387,2.218710368323869
10,Ethanol,800.0,465.89839774686726,334.10160225313274
10,Toluene,80.0,116.3952866084114,36.395286608411396
10,Ethanol,400.0,312.38532215250086,87.61467784749914
10,Toluene,1.0,36.31865258275647,35.31865258275647
10,Ethanol,50.0,57.91587330695678,7.915873306956783
10,Toluene,100.0,168.50049310629572,68.50049310629572
10,Ethanol,600.0,371.2831692901779,228.7168307098221
10,Toluene,20.0,11.96370211453268,8.03629788546732
10,Ethanol,200.0,201.49284981777572,1.4928498177757206
10,Toluene,40.0,41.81196005072792,1.8119600507279188
10,Ethanol,800.0,430.0178696708836,369.9821303291164
10,Toluene,80.0,114.57585365386299,34.57585365386299
10,Ethanol,400.0,315.208535258424,84.79146474157602
10,Toluene,1.0,33.82118616413821,32.82118616413821
10,Ethanol,50.0,60.14297909990363,10.142979099903627
10,Toluene,100.0,158.3922687721752,58.392268772175214
10,Ethanol,600.0,379.8343368946491,220.16566310535092
10,Toluene,60.0,80.55886836013732,20.558868360137325
10,Ethanol,1000.0,497.7979594737622,502.2020405262378
10,Toluene,1.0,45.749879650682644,44.749879650682644
10,Ethanol,50.0,61.42582576508907,11.425825765089073
10,Toluene,20.0,10.91248303872328,9.08751696127672
10,Ethanol,200.0,201.1080682853056,1.1080682853055919
10,Toluene,40.0,47.80518456362802,7.805184563628018
10,Ethanol,800.0,445.9929341353192,354.0070658646808
10,Toluene,80.0,111.29702743365584,31.297027433655842
10,Ethanol,400.0,315.5980312796139,84.4019687203861
10,Toluene,100.0,162.05071337920043,62.05071337920043
10,Ethanol,600.0,389.14757406408404,210.85242593591596
10,Toluene,60.0,80.69373813379778,20.69373813379778
10,Ethanol,1000.0,498.1704310294649,501.8295689705351
10,Toluene,80.0,108.47293280025694,28.47293280025694
10,Ethanol,400.0,319.37743008494715,80.62256991505285
10,Toluene,1.0,47.38218779490724,46.38218779490724
10,Ethanol,50.0,59.21046674615843,9.210466746158431
10,Toluene,100.0,161.58696541674175,61.58696541674175
10,Ethanol,600.0,369.9994464194933,230.00055358050668
10,Toluene,60.0,82.01746601481719,22.017466014817188
10,Ethanol,1000.0,510.2238761161929,489.7761238838071
10,Toluene,20.0,14.642693198363617,5.357306801636383
10,Ethanol,200.0,204.18066356212606,4.180663562126057
10,Toluene,40.0,47.54843626700168,7.5484362670016765
10,Ethanol,800.0,433.90824409592267,366.09175590407733
10,Toluene,20.0,17.86027416760301,2.1397258323969908
10,Ethanol,200.0,186.070180975864,13.929819024136009
10,Toluene,40.0,42.6015533813608,2.6015533813608016
10,Ethanol,800.0,432.71468311593594,367.28531688406406
10,Toluene,80.0,107.8434646514704,27.8434646514704
10,Ethanol,400.0,321.8699598842311,78.1300401157689
10,Toluene,1.0,39.03481739770082,38.03481739770082
10,Ethanol,50.0,61.27915378031862,11.279153780318623
10,Toluene,100.0,161.88124139262266,61.881241392622655
10,Ethanol,600.0,379.9856932040547,220.0143067959453
10,Toluene,60.0,80.45487356568506,20.454873565685062
10,Ethanol,1000.0,504.4682665509693,495.5317334490307
10,Toluene,60.0,72.69106522835128,12.691065228351277
10,Ethanol,1000.0,500.0378988562981,499.9621011437019
10,Toluene,20.0,15.191465042038672,4.808534957961328
10,Ethanol,200.0,202.00900118726088,2.0090011872608784
10,Toluene,40.0,43.11548993985713,3.1154899398571274
10,Ethanol,800.0,438.9229044060534,361.0770955939466
10,Toluene,80.0,110.75225746457605,30.752257464576047
10,Ethanol,400.0,324.8196695233943,75.18033047660572
10,Toluene,1.0,48.44590613845769,47.44590613845769
10,Ethanol,50.0,57.114869155220475,7.114869155220475
10,Toluene,100.0,157.20510793310353,57.205107933103534
10,Ethanol,600.0,382.01758043451895,217.98241956548105
10,Toluene,100.0,154.33261119403107,54.332611194031074
10,Ethanol,600.0,383.8165202893659,216.18347971063412
10,Toluene,60.0,79.0958666422276,19.095866642227605
10,Ethanol,1000.0,488.36201433854967,511.63798566145033
10,Toluene,1.0,46.680687811312026,45.680687811312026
10,Ethanol,50.0,61.62758135630256,11.627581356302557
10,Toluene,20.0,17.530066343109496,2.469933656890504
10,Ethanol,200.0,207.1000151969954,7.1000151969954
10,Toluene,40.0,46.012485014017116,6.012485014017116
10,Ethanol,800.0,433.24740175085515,366.75259824914485
10,Toluene,80.0,109.3041538120729,29.304153812072897
10,Ethanol,400.0,331.9533993887191,68.0466006112809
10,Toluene,1.0,49.50110123684952,48.50110123684952
10,Ethanol,50.0,59.088664875836415,9.088664875836415
10,Toluene,100.0,162.3593237689705,62.35932376897051
10,Ethanol,600.0,375.51643781032533,224.48356218967467
10,Toluene,60.0,82.73785116093313,22.737851160933133
10,Ethanol,1000.0,503.74206551635257,496.25793448364743
10,Toluene,20.0,17.090939329677468,2.909060670322532
10,Ethanol,200.0,212.0510202477123,12.051020247712302
10,Toluene,40.0,42.13332032782938,2.133320327829381
10,Ethanol,800.0,451.4885777282052,348.5114222717948
10,Toluene,80.0,110.02565690240617,30.02565690240617
10,Ethanol,400.0,331.0976278950423,68.90237210495769
10,Toluene,20.0,11.937662451636271,8.062337548363729
10,Ethanol,200.0,209.42908883432077,9.429088834320765
10,Toluene,40.0,42.65659474624205,2.6565947462420496
10,Ethanol,800.0,435.8028630305858,364.1971369694142
10,Toluene,80.0,111.19574168506352,31.195741685063524
10,Ethanol,400.0,331.515826733376,68.484173266624
10,Toluene,1.0,55.12569172708078,54.12569172708078
10,Ethanol,50.0,58.54413972785747,8.54413972785747
10,Toluene,100.0,164.83356430415986,64.83356430415986
10,Ethanol,600.0,383.6538485151186,216.34615148488137
10,Toluene,60.0,79.1103150916305,19.110315091630497
10,Ethanol,1000.0,501.0537749200816,498.9462250799184
10,Toluene,1.0,39.11521246777919,38.11521246777919
10,Ethanol,50.0,29.117793710184174,20.882206289815826
10,Toluene,100.0,92.85790084215688,7.14209915784312
10,Ethanol,600.0,400.5492445451679,199.45075545483212
10,Toluene,60.0,32.4012191852765,27.598780814723497
10,Ethanol,1000.0,821.2761326195921,178.7238673804079
10,Toluene,20.0,7.062537574185868,12.937462425814132
10,Ethanol,200.0,130.38842418012655,69.61157581987345
10,Toluene,40.0,23.285143862995298,16.714856137004702
10,Ethanol,800.0,599.9166495598176,200.08335044018236
10,Toluene,80.0,80.45232395915416,0.4523239591541568
10,Ethanol,400.0,263.17262698470415,136.82737301529585
10,Toluene,60.0,24.247246062861564,35.752753937138436
10,Ethanol,1000.0,822.953503247137,177.04649675286305
10,Toluene,20.0,8.000825532119492,11.999174467880508
10,Ethanol,200.0,124.23277201057137,75.76722798942863
10,Toluene,40.0,11.238572150250874,28.761427849749126
10,Ethanol,800.0,616.8950761813417,183.10492381865834
10,Toluene,80.0,38.45686560652916,41.54313439347084
10,Ethanol,400.0,262.679578608401,137.32042139159898
10,Toluene,1.0,54.68946942309492,53.68946942309492
10,Ethanol,50.0,30.454566173164977,19.545433826835023
10,Toluene,100.0,60.31110016260563,39.68889983739437
10,Ethanol,600.0,409.46830713568835,190.53169286431165
10,Toluene,20.0,8.518441125671941,11.481558874328059
10,Ethanol,200.0,137.70812723878103,62.29187276121897
10,Toluene,40.0,10.418294805860242,29.581705194139758
10,Ethanol,800.0,641.2767893421725,158.7232106578275
10,Toluene,80.0,36.291330755366445,43.708669244633555
10,Ethanol,400.0,271.8834209142155,128.1165790857845
10,Toluene,1.0,41.347224921867635,40.347224921867635
10,Ethanol,50.0,30.166274342313542,19.833725657686458
10,Toluene,100.0,50.06117169207799,49.93882830792201
10,Ethanol,600.0,420.07125340491115,179.92874659508885
10,Toluene,60.0,18.16100396138512,41.83899603861488
10,Ethanol,1000.0,837.7665269285886,162.23347307141137
10,Toluene,1.0,40.50264073095478,39.50264073095478
10,Ethanol,50.0,23.28398360488201,26.71601639511799
10,Toluene,20.0,7.899813160050954,12.100186839949046
10,Ethanol,200.0,142.59740428138187,57.40259571861813
10,Toluene,40.0,8.0168264399761,31.9831735600239
10,Ethanol,800.0,647.8965748543804,152.10342514561955
10,Toluene,80.0,35.112683003209554,44.887316996790446
10,Ethanol,400.0,279.76284728680633,120.23715271319367
10,Toluene,100.0,47.72498706720819,52.27501293279181
10,Ethanol,600.0,429.7173811519841,170.2826188480159
10,Toluene,60.0,18.092794300227098,41.9072056997729
10,Ethanol,1000.0,934.2256792417186,65.77432075828142
10,Toluene,80.0,30.696012600316863,49.30398739968314
10,Ethanol,400.0,268.9194106707308,131.08058932926917
10,Toluene,1.0,43.41045036662477,42.41045036662477
10,Ethanol,50.0,26.11137493596297,23.88862506403703
10,Toluene,100.0,52.43774322458049,47.56225677541951
10,Ethanol,600.0,426.38391502155537,173.61608497844463
10,Toluene,60.0,19.371020297471233,40.62897970252877
10,Ethanol,1000.0,839.6670402720999,160.33295972790006
10,Toluene,20.0,9.45991498089775,10.54008501910225
10,Ethanol,200.0,135.5289628335076,64.47103716649241
10,Toluene,40.0,10.892529343908592,29.107470656091408
10,Ethanol,800.0,663.282840127036,136.71715987296398
10,Toluene,20.0,9.390331591595313,10.609668408404687
10,Ethanol,200.0,139.48879536001456,60.511204639985436
10,Toluene,40.0,10.41719237661286,29.58280762338714
10,Ethanol,800.0,665.8977833636382,134.10221663636185
10,Toluene,80.0,33.15801916305493,46.84198083694507
10,Ethanol,400.0,271.01090367139636,128.98909632860364
10,Toluene,1.0,37.53951003211979,36.53951003211979
10,Ethanol,50.0,28.01718124306491,21.98281875693509
10,Toluene,100.0,54.691601295487246,45.308398704512754
10,Ethanol,600.0,425.95616245869246,174.04383754130754
10,Toluene,60.0,20.046652372275517,39.95334762772448
10,Ethanol,1000.0,855.7659942350901,144.23400576490985
10,Toluene,60.0,19.55677363180355,40.44322636819645
10,Ethanol,1000.0,848.6309046254594,151.36909537454062
10,Toluene,20.0,8.223886471943516,11.776113528056484
10,Ethanol,200.0,134.81993517478261,65.18006482521739
10,Toluene,40.0,7.673356972407106,32.326643027592894
10,Ethanol,800.0,665.4470776165417,134.55292238345828
10,Toluene,80.0,34.83024897057604,45.16975102942396
10,Ethanol,400.0,276.5218100385687,123.47818996143133
10,Toluene,1.0,46.78360645295308,45.78360645295308
10,Ethanol,50.0,28.53732274216391,21.46267725783609
10,Toluene,100.0,55.38399508916693,44.61600491083307
10,Ethanol,600.0,426.28841029833706,173.71158970166294
10,Toluene,100.0,43.48062376669971,56.51937623330029
10,Ethanol,600.0,425.04483610373495,174.95516389626505
10,Toluene,60.0,19.21947476413709,40.78052523586291
10,Ethanol,1000.0,861.0180942233089,138.98190577669106
10,Toluene,1.0,52.330224058261464,51.330224058261464
10,Ethanol,50.0,25.69437730263391,24.30562269736609
10,Toluene,20.0,10.196044984672497,9.803955015327503
10,Ethanol,200.0,138.25600569724025,61.743994302759745
10,Toluene,40.0,16.02741424545954,23.97258575454046
10,Ethanol,800.0,655.6849660471524,144.31503395284756
10,Toluene,80.0,35.66395164269264,44.33604835730736
10,Ethanol,400.0,276.2673775081172,123.73262249188281
10,Toluene,1.0,55.97666712585229,54.97666712585229
10,Ethanol,50.0,22.267545505990512,27.732454494009488
10,Toluene,100.0,57.97128759586306,42.02871240413694
10,Ethanol,600.0,431.4391334358843,168.5608665641157
10,Toluene,60.0,19.8570180411066,40.1429819588934
10,Ethanol,1000.0,843.0475878194381,156.95241218056185
10,Toluene,20.0,10.213506793138265,9.786493206861735
10,Ethanol,200.0,133.26799795329597,66.73200204670403
10,Toluene,40.0,9.957218678485816,30.042781321514184
10,Ethanol,800.0,654.4503138947173,145.54968610528272
10,Toluene,80.0,34.775256964175895,45.224743035824105
10,Ethanol,400.0,274.4460339893279,125.55396601067213
10,Toluene,20.0,12.408183445844202,7.591816554155798
10,Ethanol,200.0,140.2006684607733,59.7993315392267
10,Toluene,40.0,10.134932375272513,29.865067624727487
10,Ethanol,800.0,661.917859188371,138.08214081162896
10,Toluene,80.0,38.64879733900207,41.35120266099793
10,Ethanol,400.0,276.97905315153935,123.02094684846065
10,Toluene,1.0,40.481785007007275,39.481785007007275
10,Ethanol,50.0,25.07016545412465,24.92983454587535
10,Toluene,100.0,64.87437478684265,35.12562521315735
10,Ethanol,600.0,440.1949443366325,159.8050556633675
10,Toluene,60.0,24.125174857190686,35.874825142809314
10,Ethanol,1000.0,846.0951008641357,153.9048991358643
10,Acetone,10.0,8.307165008133694,1.692834991866306
10,Ammonia,50.0,17.587930254279442,32.41206974572056
10,Acetone,250.0,91.50638363315772,158.49361636684228
10,Ammonia,600.0,282.00000315552063,317.99999684447937
10,Acetone,150.0,42.73754499059079,107.26245500940921
10,Ammonia,1000.0,391.88506221845006,608.11493778155
10,Acetone,50.0,9.570620455137927,40.42937954486207
10,Ammonia,200.0,90.43335155364989,109.56664844635011
10,Acetone,100.0,26.41573113130029,73.58426886869971
10,Ammonia,800.0,320.0006607867013,479.9993392132987
10,Acetone,200.0,74.16778713195716,125.83221286804284
10,Ammonia,400.0,204.61925902276863,195.38074097723137
10,Acetone,150.0,48.84904551276678,101.15095448723322
10,Ammonia,1000.0,387.918749759357,612.0812502406429
10,Acetone,50.0,12.463882929373739,37.53611707062626
10,Ammonia,200.0,104.26940215017268,95.73059784982732
10,Acetone,100.0,29.179809025951883,70.82019097404812
10,Ammonia,800.0,327.3010259847541,472.6989740152459
10,Acetone,200.0,79.13373729216161,120.86626270783839
10,Ammonia,400.0,209.20605340907127,190.79394659092873
10,Acetone,10.0,10.004199678643857,0.004199678643857396
10,Ammonia,50.0,36.1393322162989,13.860667783701103
10,Acetone,250.0,95.640137784724,154.359862215276
10,Ammonia,600.0,263.2102691853828,336.7897308146172
10,Acetone,50.0,13.47700090116885,36.52299909883115
10,Ammonia,200.0,98.53807103491779,101.46192896508221
10,Acetone,100.0,26.63414046049526,73.36585953950474
10,Ammonia,800.0,329.31946458546537,470.68053541453463
10,Acetone,200.0,75.98416011150331,124.01583988849669
10,Ammonia,400.0,204.93391429486135,195.06608570513865
10,Acetone,10.0,24.117406924869115,14.117406924869115
10,Ammonia,50.0,36.06294656978635,13.937053430213652
10,Acetone,250.0,96.42297596243226,153.57702403756775
10,Ammonia,600.0,237.65158995578713,362.34841004421287
10,Acetone,150.0,46.390769699859135,103.60923030014087
10,Ammonia,1000.0,376.67649289387157,623.3235071061284
10,Acetone,10.0,12.366650677907145,2.3666506779071455
10,Ammonia,50.0,32.996305882110676,17.003694117889324
10,Acetone,50.0,12.365488947469956,37.634511052530044
10,Ammonia,200.0,98.9200335447454,101.0799664552546
10,Acetone,100.0,27.43492335759852,72.56507664240148
10,Ammonia,800.0,313.032577329848,486.967422670152
10,Acetone,200.0,74.50629333261344,125.49370666738656
10,Ammonia,400.0,199.49310108117203,200.50689891882797
10,Acetone,250.0,95.69778222954506,154.30221777045494
10,Ammonia,600.0,243.98974905643746,356.01025094356254
10,Acetone,150.0,45.991709893841204,104.0082901061588
10,Ammonia,1000.0,373.3868867003929,626.6131132996071
10,Acetone,200.0,71.70140344496488,128.29859655503512
10,Ammonia,400.0,202.61870784404647,197.38129215595353
10,Acetone,10.0,12.523673436046735,2.523673436046735
10,Ammonia,50.0,32.26942238166362,17.730577618336383
10,Acetone,250.0,93.83897144662095,156.16102855337905
10,Ammonia,600.0,243.7410054240574,356.2589945759426
10,Acetone,150.0,51.68510621698191,98.31489378301809
10,Ammonia,1000.0,370.85278605127456,629.1472139487255
10,Acetone,50.0,10.304187561770547,39.69581243822945
10,Ammonia,200.0,97.76660727529837,102.23339272470163
10,Acetone,100.0,28.01599443012843,71.98400556987157
10,Ammonia,800.0,318.22542088389,481.77457911611
10,Acetone,50.0,12.363894233403656,37.636105766596344
10,Ammonia,200.0,99.33933071070197,100.66066928929803
10,Acetone,100.0,28.750589992990527,71.24941000700947
10,Ammonia,800.0,324.61960646164346,475.38039353835654
10,Acetone,200.0,72.91457373574504,127.08542626425496
10,Ammonia,400.0,205.52637809902194,194.47362190097806
10,Acetone,10.0,8.559691624076109,1.440308375923891
10,Ammonia,50.0,30.97720264111092,19.02279735888908
10,Acetone,250.0,95.94672654663326,154.05327345336673
10,Ammonia,600.0,250.38779985122653,349.61220014877347
10,Acetone,150.0,43.33839218917784,106.66160781082216
10,Ammonia,1000.0,361.8730093053277,638.1269906946723
10,Acetone,150.0,40.85209357688264,109.14790642311736
10,Ammonia,1000.0,377.17705032596,622.82294967404
10,Acetone,50.0,11.580576599616535,38.419423400383465
10,Ammonia,200.0,94.29768872125743,105.70231127874257
10,Acetone,100.0,27.885290910454444,72.11470908954556
10,Ammonia,800.0,308.42638665846664,491.57361334153336
10,Acetone,200.0,68.6412959745366,131.3587040254634
10,Ammonia,400.0,207.80345877185908,192.19654122814092
10,Acetone,10.0,13.828544730482605,3.828544730482605
10,Ammonia,50.0,32.49827327388955,17.501726726110448
10,Acetone,250.0,92.650822235266,157.349177764734
10,Ammonia,600.0,245.64637748795298,354.353622512047
10,Acetone,250.0,97.46060424610562,152.53939575389438
10,Ammonia,600.0,249.3168296048969,350.6831703951031
10,Acetone,150.0,45.38346529654946,104.61653470345054
10,Ammonia,1000.0,357.7051493673625,642.2948506326375
10,Acetone,10.0,8.06217402764075,1.9378259723592492
10,Ammonia,50.0,31.53682402690373,18.46317597309627
10,Acetone,50.0,9.071527704357052,40.92847229564295
10,Ammonia,200.0,100.89114853466593,99.10885146533407
10,Acetone,100.0,25.73087534748501,74.26912465251499
10,Ammonia,800.0,300.62458175763027,499.37541824236973
10,Acetone,200.0,84.59317961911773,115.40682038088227
10,Ammonia,400.0,204.41203700329837,195.58796299670163
10,Acetone,10.0,11.024828435025285,1.0248284350252845
10,Ammonia,50.0,35.23702339225514,14.76297660774486
10,Acetone,250.0,105.16740095682154,144.83259904317845
10,Ammonia,600.0,279.79178228125113,320.20821771874887
10,Acetone,150.0,49.91147044706446,100.08852955293554
10,Ammonia,1000.0,366.538771849873,633.461228150127
10,Acetone,50.0,10.372693808506469,39.62730619149353
10,Ammonia,200.0,98.06727666825009,101.93272333174991
10,Acetone,100.0,29.360459589655363,70.63954041034464
10,Ammonia,800.0,312.14796496198016,487.85203503801984
10,Acetone,200.0,81.41125268177879,118.58874731822121
10,Ammonia,400.0,196.08061062855495,203.91938937144505
10,Acetone,50.0,12.317849776149558,37.68215022385044
10,Ammonia,200.0,98.79689562862038,101.20310437137962
10,Acetone,100.0,28.274471678042943,71.72552832195706
10,Ammonia,800.0,311.8926256360398,488.1073743639602
10,Acetone,200.0,67.00435240478387,132.99564759521613
10,Ammonia,400.0,196.3882018577066,203.6117981422934
10,Acetone,10.0,14.042994064745656,4.042994064745656
10,Ammonia,50.0,30.502735199428827,19.497264800571173
10,Acetone,250.0,96.77268275200984,153.22731724799016
10,Ammonia,600.0,241.79439542675075,358.2056045732493
10,Acetone,150.0,44.33984021026889,105.66015978973111
10,Ammonia,1000.0,383.3090147022774,616.6909852977226
10,Toluene,1.0,42.39310455644559,41.39310455644559
10,Acetaldehyde,10.0,57.68701830102454,47.68701830102454
10,Toluene,100.0,282.43574301619475,182.43574301619475
10,Acetaldehyde,150.0,338.9571344654959,188.95713446549593
10,Toluene,60.0,171.53298576079501,111.53298576079501
10,Acetaldehyde,250.0,427.84282988262726,177.84282988262726
10,Toluene,20.0,56.60141406538416,36.60141406538416
10,Acetaldehyde,50.0,163.52978433902956,113.52978433902956
10,Toluene,40.0,110.21376393054803,70.21376393054803
10,Acetaldehyde,200.0,379.02931227499687,179.02931227499687
10,Toluene,80.0,212.13828674551806,132.13828674551806
10,Acetaldehyde,100.0,270.5301130017459,170.53011300174592
10,Toluene,60.0,169.80853269919967,109.80853269919967
10,Acetaldehyde,250.0,420.01234610781967,170.01234610781967
10,Toluene,20.0,54.375692649083064,34.375692649083064
10,Acetaldehyde,50.0,163.97820707779576,113.97820707779576
10,Toluene,40.0,111.69023981912687,71.69023981912687
10,Acetaldehyde,200.0,388.79499276285026,188.79499276285026
10,Toluene,80.0,211.95779415852923,131.95779415852923
10,Acetaldehyde,100.0,261.2768391385922,161.2768391385922
10,Toluene,1.0,40.95462823407168,39.95462823407168
10,Acetaldehyde,10.0,53.98892442949028,43.98892442949028
10,Toluene,100.0,245.40555266855597,145.40555266855597
10,Acetaldehyde,150.0,336.34522432952645,186.34522432952645
10,Toluene,20.0,52.70044454740909,32.70044454740909
10,Acetaldehyde,50.0,162.07286974267961,112.07286974267961
10,Toluene,40.0,104.3508177731064,64.3508177731064
10,Acetaldehyde,200.0,392.4660517262677,192.46605172626772
10,Toluene,80.0,208.29972998068536,128.29972998068536
10,Acetaldehyde,100.0,259.57242328777556,159.57242328777556
10,Toluene,1.0,20.326794045128466,19.326794045128466
10,Acetaldehyde,10.0,52.85031008872649,42.85031008872649
10,Toluene,100.0,255.90773916938048,155.90773916938048
10,Acetaldehyde,150.0,321.03807240408827,171.03807240408827
10,Toluene,60.0,175.9675697079414,115.96756970794141
10,Acetaldehyde,250.0,449.80441099187266,199.80441099187266
10,Toluene,1.0,47.052935682908,46.052935682908
10,Acetaldehyde,10.0,56.859458570206186,46.859458570206186
10,Toluene,20.0,49.70545928129799,29.70545928129799
10,Acetaldehyde,50.0,165.60089797252888,115.60089797252888
10,Toluene,40.0,102.3506447451401,62.3506447451401
10,Acetaldehyde,200.0,405.92144559744446,205.92144559744446
10,Toluene,80.0,207.4522477259348,127.4522477259348
10,Acetaldehyde,100.0,269.0274357207813,169.02743572078128
10,Toluene,100.0,226.7900549652776,126.79005496527759
10,Acetaldehyde,150.0,337.23620210018714,187.23620210018714
10,Toluene,60.0,168.6240657313142,108.6240657313142
10,Acetaldehyde,250.0,467.50195282216674,217.50195282216674
10,Toluene,80.0,219.23721558084043,139.23721558084043
10,Acetaldehyde,100.0,267.2917848452169,167.2917848452169
10,Toluene,1.0,53.31833712986854,52.31833712986854
10,Acetaldehyde,10.0,53.80705775305459,43.80705775305459
10,Toluene,100.0,249.20601360947322,149.20601360947322
10,Acetaldehyde,150.0,324.3112703444382,174.31127034443819
10,Toluene,60.0,169.43471489747458,109.43471489747458
10,Acetaldehyde,250.0,465.7039436791679,215.70394367916788
10,Toluene,20.0,50.93611654374179,30.93611654374179
10,Acetaldehyde,50.0,165.2002104204782,115.20021042047819
10,Toluene,40.0,108.05396522756504,68.05396522756504
10,Acetaldehyde,200.0,420.9960151722914,220.99601517229138
10,Toluene,20.0,47.96832217741799,27.96832217741799
10,Acetaldehyde,50.0,164.98743193940047,114.98743193940047
10,Toluene,40.0,107.12772455833176,67.12772455833176
10,Acetaldehyde,200.0,389.8823283343906,189.8823283343906
10,Toluene,80.0,216.18510943215438,136.18510943215438
10,Acetaldehyde,100.0,259.83598578137935,159.83598578137935
10,Toluene,1.0,44.371337149051854,43.371337149051854
10,Acetaldehyde,10.0,57.813704534012246,47.813704534012246
10,Toluene,100.0,270.1710322466594,170.17103224665942
10,Acetaldehyde,150.0,333.8992613223861,183.8992613223861
10,Toluene,60.0,173.29907591949578,113.29907591949578
10,Acetaldehyde,250.0,486.2464060431317,236.24640604313169
10,Toluene,60.0,160.9098162750889,100.9098162750889
10,Acetaldehyde,250.0,450.4023594155028,200.40235941550281
10,Toluene,20.0,52.54691131020526,32.54691131020526
10,Acetaldehyde,50.0,163.38951861875483,113.38951861875483
10,Toluene,40.0,103.06176045823065,63.06176045823065
10,Acetaldehyde,200.0,407.88388927605706,207.88388927605706
10,Toluene,80.0,208.29795274813054,128.29795274813054
10,Acetaldehyde,100.0,275.17498545146236,175.17498545146236
10,Toluene,1.0,39.74334881858768,38.74334881858768
10,Acetaldehyde,10.0,56.68967132401234,46.68967132401234
10,Toluene,100.0,255.57331619658652,155.57331619658652
10,Acetaldehyde,150.0,329.66217733733504,179.66217733733504
10,Toluene,100.0,254.94149322094017,154.94149322094017
10,Acetaldehyde,150.0,397.1560982745041,247.15609827450407
10,Toluene,60.0,176.5918480261291,116.5918480261291
10,Acetaldehyde,250.0,444.1665903365898,194.16659033658982
10,Toluene,1.0,38.033910139195356,37.033910139195356
10,Acetaldehyde,10.0,48.47298541204336,38.47298541204336
10,Toluene,20.0,58.12383331097365,38.12383331097365
10,Acetaldehyde,50.0,166.17641858585247,116.17641858585247
10,Toluene,40.0,122.1507125030949,82.1507125030949
10,Acetaldehyde,200.0,368.6043384809332,168.60433848093322
10,Toluene,80.0,207.01560302607402,127.01560302607402
10,Acetaldehyde,100.0,266.3143025955584,166.3143025955584
10,Toluene,1.0,33.374355013302306,32.374355013302306
10,Acetaldehyde,10.0,42.868448429500276,32.868448429500276
10,Toluene,100.0,248.84409928434505,148.84409928434505
10,Acetaldehyde,150.0,322.99415292589384,172.99415292589384
10,Toluene,60.0,167.66374611626193,107.66374611626193
10,Acetaldehyde,250.0,481.58297004008233,231.58297004008233
10,Toluene,20.0,59.39704974098085,39.39704974098085
10,Acetaldehyde,50.0,163.05667323287938,113.05667323287938
10,Toluene,40.0,121.42540504907022,81.42540504907022
10,Acetaldehyde,200.0,369.41777760787573,169.41777760787573
10,Toluene,80.0,203.79802512302282,123.79802512302282
10,Acetaldehyde,100.0,258.8379167386776,158.83791673867762
10,Toluene,20.0,54.44411787680383,34.44411787680383
10,Acetaldehyde,50.0,172.0800723879624,122.08007238796239
10,Toluene,40.0,114.87187433021745,74.87187433021745
10,Acetaldehyde,200.0,403.3711036550756,203.37110365507561
10,Toluene,80.0,236.05324302858287,156.05324302858287
10,Acetaldehyde,100.0,261.9380759461668,161.9380759461668
10,Toluene,1.0,39.26803484919553,38.26803484919553
10,Acetaldehyde,10.0,60.968061228219284,50.968061228219284
10,Toluene,100.0,253.4271127460102,153.4271127460102
10,Acetaldehyde,150.0,312.05287120162535,162.05287120162535
10,Toluene,60.0,182.26313825474335,122.26313825474335
10,Acetaldehyde,250.0,448.01215192208167,198.01215192208167
10,Ethylene,10.0,52.96556274750698,42.96556274750698
10,Ethanol,50.0,25.531165293427563,24.468834706572437
10,Ethylene,250.0,28.71971138179481,221.2802886182052
10,Ethanol,600.0,222.53322717118027,377.4667728288197
10,Ethylene,150.0,9.322389972624293,140.6776100273757
10,Ethanol,1000.0,314.18393137112315,685.8160686288768
10,Ethylene,50.0,15.445688310654788,34.55431168934521
10,Ethanol,200.0,75.58591711333035,124.41408288666965
10,Ethylene,100.0,4.16818278001908,95.83181721998092
10,Ethanol,800.0,305.0250483636066,494.9749516363934
10,Ethylene,200.0,9.805142942032276,190.19485705796774
10,Ethanol,400.0,166.9716522812381,233.0283477187619
10,Ethylene,150.0,7.01074118707983,142.98925881292018
10,Ethanol,1000.0,354.0778066091858,645.9221933908142
10,Ethylene,50.0,10.119089573467633,39.88091042653237
10,Ethanol,200.0,75.61335128821118,124.38664871178882
10,Ethylene,100.0,4.043697621287464,95.95630237871254
10,Ethanol,800.0,318.8018121760973,481.1981878239027
10,Ethylene,200.0,9.491751794544157,190.50824820545586
10,Ethanol,400.0,178.17141364477544,221.82858635522456
10,Ethylene,10.0,34.67003960513631,24.67003960513631
10,Ethanol,50.0,23.6987908810802,26.3012091189198
10,Ethylene,250.0,19.770682945957063,230.22931705404295
10,Ethanol,600.0,239.66430951373965,360.3356904862603
10,Ethylene,50.0,12.548078663049111,37.45192133695089
10,Ethanol,200.0,74.52915801955339,125.47084198044661
10,Ethylene,100.0,8.549172759713812,91.45082724028619
10,Ethanol,800.0,237.96466182789334,562.0353381721067
10,Ethylene,200.0,17.97698543439496,182.02301456560502
10,Ethanol,400.0,130.85823080444592,269.14176919555405
10,Ethylene,10.0,21.75792789415317,11.75792789415317
10,Ethanol,50.0,29.070914688838528,20.929085311161472
10,Ethylene,250.0,17.357930976487026,232.642069023513
10,Ethanol,600.0,200.05780951141273,399.94219048858724
10,Ethylene,150.0,4.451256539325627,145.54874346067436
10,Ethanol,1000.0,303.1170371915138,696.8829628084861
10,Ethylene,10.0,49.29676423237446,39.29676423237446
10,Ethanol,50.0,30.375210808379634,19.624789191620366
10,Ethylene,50.0,8.81654033192747,41.18345966807253
10,Ethanol,200.0,71.85017570305781,128.1498242969422
10,Ethylene,100.0,1.1462168624144908,98.85378313758551
10,Ethanol,800.0,277.6146534974779,522.3853465025221
10,Ethylene,200.0,6.2537087448567235,193.74629125514326
10,Ethanol,400.0,144.53742886776553,255.46257113223447
10,Ethylene,250.0,12.854521009456548,237.14547899054344
10,Ethanol,600.0,198.92674416825855,401.07325583174145
10,Ethylene,150.0,0.47557127243302943,149.52442872756697
10,Ethanol,1000.0,337.2643760989913,662.7356239010087
10,Ethylene,200.0,8.762652380291698,191.23734761970832
10,Ethanol,400.0,136.5294223236774,263.4705776763226
10,Ethylene,10.0,33.66343730616212,23.663437306162123
10,Ethanol,50.0,29.57258000301931,20.42741999698069
10,Ethylene,250.0,14.04377607977986,235.95622392022014
10,Ethanol,600.0,198.66694417028987,401.33305582971013
10,Ethylene,150.0,0.32500734810720644,149.6749926518928
10,Ethanol,1000.0,327.8983465600846,672.1016534399155
10,Ethylene,50.0,9.849288493326128,40.15071150667387
10,Ethanol,200.0,67.66870894566955,132.33129105433045
10,Ethylene,100.0,2.0014757333734963,97.9985242666265
10,Ethanol,800.0,278.34377965920856,521.6562203407914
10,Ethylene,50.0,6.852522041582631,43.14747795841737
10,Ethanol,200.0,73.6034463786374,126.3965536213626
10,Ethylene,100.0,0.0,100.0
10,Ethanol,800.0,280.9208610780797,519.0791389219203
10,Ethylene,200.0,7.565393291861312,192.4346067081387
10,Ethanol,400.0,149.54772280788126,250.45227719211874
10,Ethylene,10.0,26.334129380871175,16.334129380871175
10,Ethanol,50.0,33.802418345172114,16.197581654827886
10,Ethylene,250.0,16.773323809178024,233.226676190822
10,Ethanol,600.0,204.2129570444613,395.7870429555387
10,Ethylene,150.0,1.504728477911641,148.49527152208836
10,Ethanol,1000.0,342.7074073584773,657.2925926415227
10,Ethylene,150.0,1.343651315106726,148.65634868489326
10,Ethanol,1000.0,354.15599364784777,645.8440063521523
10,Ethylene,50.0,0.6919266244664612,49.30807337553354
10,Ethanol,200.0,72.62557534250733,127.37442465749267
10,Ethylene,100.0,0.0,100.0
10,Ethanol,800.0,301.5667009802702,498.4332990197298
10,Ethylene,200.0,7.346660029016405,192.6533399709836
10,Ethanol,400.0,147.92635940865173,252.07364059134827
10,Ethylene,10.0,28.791518525489238,18.791518525489238
10,Ethanol,50.0,28.82918459252045,21.17081540747955
10,Ethylene,250.0,16.228345574292774,233.77165442570723
10,Ethanol,600.0,205.93598752851,394.06401247149
10,Ethylene,250.0,12.887495474362865,237.11250452563712
10,Ethanol,600.0,214.75875948354195,385.24124051645805
10,Ethylene,150.0,0.29733485717818553,149.70266514282181
10,Ethanol,1000.0,356.1025488498627,643.8974511501373
10,Ethylene,10.0,31.94209527284336,21.94209527284336
10,Ethanol,50.0,32.30078166200427,17.69921833799573
10,Ethylene,50.0,1.353549504389278,48.64645049561072
10,Ethanol,200.0,74.87043846051807,125.12956153948193
10,Ethylene,100.0,0.0,100.0
10,Ethanol,800.0,302.03095480879267,497.96904519120733
10,Ethylene,200.0,5.2576014091805945,194.7423985908194
10,Ethanol,400.0,154.41206745887993,245.58793254112007
10,Ethylene,10.0,28.449900150970436,18.449900150970436
10,Ethanol,50.0,27.869147974146713,22.130852025853287
10,Ethylene,250.0,18.39709432349673,231.60290567650327
10,Ethanol,600.0,236.02514958418953,363.97485041581047
10,Ethylene,150.0,0.23276328566605287,149.76723671433393
10,Ethanol,1000.0,389.13509679656875,610.8649032034313
10,Ethylene,50.0,2.1009181700181614,47.89908182998184
10,Ethanol,200.0,74.64935851464068,125.35064148535932
10,Ethylene,100.0,0.0,100.0
10,Ethanol,800.0,327.66040966049303,472.33959033950697
10,Ethylene,200.0,6.535904522541017,193.46409547745898
10,Ethanol,400.0,175.21769184165112,224.78230815834888
10,Ethylene,50.0,6.233963084753384,43.766036915246616
10,Ethanol,200.0,75.3940956284628,124.6059043715372
10,Ethylene,100.0,0.0,100.0
10,Ethanol,800.0,327.08439205623444,472.91560794376556
10,Ethylene,200.0,4.339178991715357,195.66082100828464
10,Ethanol,400.0,173.79993100757835,226.20006899242165
10,Ethylene,10.0,26.31818022488568,16.31818022488568
10,Ethanol,50.0,27.70111312019978,22.29888687980022
10,Ethylene,250.0,17.83253749883214,232.16746250116785
10,Ethanol,600.0,252.92948218224086,347.07051781775914
10,Ethylene,150.0,0.0,150.0
10,Ethanol,1000.0,390.36431165314764,609.6356883468524
10,Ethylene,10.0,37.41477684998739,27.41477684998739
10,Ethanol,50.0,46.308279865229125,3.6917201347708755
10,Ethylene,250.0,81.79580359063219,168.2041964093678
10,Ethanol,600.0,563.7389764871649,36.261023512835095
10,Ethylene,150.0,22.635468136138996,127.364531863861
10,Ethanol,1000.0,821.0104939593718,178.98950604062816
10,Ethylene,50.0,12.030475337759455,37.969524662240545
10,Ethanol,200.0,149.24877080851383,50.751229191486175
10,Ethylene,100.0,6.658019790432675,93.34198020956732
10,Ethanol,800.0,685.4166241957242,114.58337580427576
10,Ethylene,200.0,35.170908802911754,164.82909119708825
10,Ethanol,400.0,332.08710665956454,67.91289334043546
10,Ethylene,150.0,21.385053986076585,128.61494601392343
10,Ethanol,1000.0,852.0602603338644,147.93973966613555
10,Ethylene,50.0,11.120314318831205,38.879685681168795
10,Ethanol,200.0,143.0080598133431,56.991940186656905
10,Ethylene,100.0,7.7457723178263365,92.25422768217366
10,Ethanol,800.0,686.158575194499,113.84142480550099
10,Ethylene,200.0,41.13044114880401,158.869558851196
10,Ethanol,400.0,319.93090235866043,80.06909764133957
10,Ethylene,10.0,41.40173732190816,31.401737321908158
10,Ethanol,50.0,34.5300746145556,15.469925385444398
10,Ethylene,250.0,76.005221136117,173.994778863883
10,Ethanol,600.0,558.4174207541855,41.582579245814486
10,Ethylene,50.0,11.614725274050798,38.3852747259492
10,Ethanol,200.0,183.02975939983153,16.970240600168466
10,Ethylene,100.0,10.615126574356154,89.38487342564385
10,Ethanol,800.0,710.4340967842934,89.56590321570661
10,Ethylene,200.0,52.02133651999276,147.97866348000724
10,Ethanol,400.0,391.23369971187253,8.766300288127468
10,Ethylene,10.0,36.416660321519686,26.416660321519686
10,Ethanol,50.0,34.96862041334333,15.03137958665667
10,Ethylene,250.0,86.87812386739279,163.1218761326072
10,Ethanol,600.0,552.1355739435206,47.864426056479374
10,Ethylene,150.0,29.715609470296926,120.28439052970307
10,Ethanol,1000.0,879.0757832823663,120.92421671763373
10,Ethylene,10.0,46.55429294825977,36.55429294825977
10,Ethanol,50.0,38.2544850951797,11.745514904820297
10,Ethylene,50.0,11.123623619888107,38.87637638011189
10,Ethanol,200.0,167.57428340707207,32.42571659292793
10,Ethylene,100.0,9.509544383482108,90.49045561651789
10,Ethanol,800.0,702.6243410088917,97.37565899110825
10,Ethylene,200.0,46.568767566280684,153.43123243371932
10,Ethanol,400.0,331.9408790399815,68.0591209600185
10,Ethylene,250.0,81.64691940080942,168.35308059919058
10,Ethanol,600.0,515.4210141587334,84.57898584126656
10,Ethylene,150.0,32.48199395355,117.51800604645
10,Ethanol,1000.0,882.0311321283158,117.96886787168421
10,Ethylene,200.0,53.987993242847736,146.01200675715228
10,Ethanol,400.0,328.87448167948355,71.12551832051645
10,Ethylene,10.0,39.76111798668161,29.76111798668161
10,Ethanol,50.0,34.519158714581664,15.480841285418336
10,Ethylene,250.0,84.1863351978163,165.8136648021837
10,Ethanol,600.0,509.21072423997697,90.78927576002303
10,Ethylene,150.0,29.707670177135185,120.29232982286482
10,Ethanol,1000.0,870.2939120304186,129.7060879695814
10,Ethylene,50.0,12.107617033059157,37.89238296694084
10,Ethanol,200.0,139.93334744101693,60.066652558983066
10,Ethylene,100.0,11.60112107815543,88.39887892184457
10,Ethanol,800.0,697.7716411308592,102.22835886914083
10,Ethylene,50.0,8.573424079504719,41.42657592049528
10,Ethanol,200.0,139.12409373350403,60.875906266495974
10,Ethylene,100.0,11.653495912781395,88.3465040872186
10,Ethanol,800.0,683.490822403768,116.509177596232
10,Ethylene,200.0,57.13414449991798,142.86585550008203
10,Ethanol,400.0,310.68348137328087,89.31651862671913
10,Ethylene,10.0,33.61605267006777,23.616052670067774
10,Ethanol,50.0,38.95364219141783,11.046357808582172
10,Ethylene,250.0,89.33786947445388,160.6621305255461
10,Ethanol,600.0,504.75457654067156,95.24542345932844
10,Ethylene,150.0,33.90717103028341,116.09282896971659
10,Ethanol,1000.0,886.101294966039,113.89870503396105
10,Ethylene,150.0,33.547417316534904,116.4525826834651
10,Ethanol,1000.0,875.6903959932898,124.30960400671017
10,Ethylene,50.0,15.238744818696887,34.76125518130311
10,Ethanol,200.0,143.88315990140308,56.116840098596924
10,Ethylene,100.0,13.293519665501819,86.70648033449818
10,Ethanol,800.0,688.9022678894399,111.09773211056006
10,Ethylene,200.0,66.25880053792696,133.74119946207304
10,Ethanol,400.0,308.8793239497316,91.1206760502684
10,Ethylene,10.0,62.945881395696944,52.945881395696944
10,Ethanol,50.0,30.479022560226994,19.520977439773006
10,Ethylene,250.0,95.99476679960007,154.0052332003999
10,Ethanol,600.0,496.34519706740025,103.65480293259975
10,Ethylene,250.0,88.24781021138705,161.75218978861295
10,Ethanol,600.0,490.2125559348036,109.78744406519638
10,Ethylene,150.0,34.575335735820616,115.42466426417938
10,Ethanol,1000.0,875.9400594184472,124.05994058155284
10,Ethylene,10.0,41.85460727509572,31.854607275095717
10,Ethanol,50.0,30.470177840516996,19.529822159483004
10,Ethylene,50.0,13.637495628065494,36.362504371934506
10,Ethanol,200.0,138.10374077171252,61.89625922828748
10,Ethylene,100.0,13.5400699933587,86.4599300066413
10,Ethanol,800.0,687.5717772419603,112.42822275803974
10,Ethylene,200.0,59.80595783361237,140.19404216638765
10,Ethanol,400.0,306.76875223139405,93.23124776860595
10,Ethylene,10.0,44.0964908667073,34.0964908667073
10,Ethanol,50.0,31.131097326525932,18.868902673474068
10,Ethylene,250.0,85.95892825207777,164.04107174792222
10,Ethanol,600.0,463.36391283116836,136.63608716883164
10,Ethylene,150.0,32.366190343839264,117.63380965616074
10,Ethanol,1000.0,839.4965167806118,160.50348321938816
10,Ethylene,50.0,14.54787218814161,35.45212781185839
10,Ethanol,200.0,132.1186410349259,67.8813589650741
10,Ethylene,100.0,11.59820199723174,88.40179800276826
10,Ethanol,800.0,661.8362146631281,138.1637853368719
10,Ethylene,200.0,51.28656322736441,148.7134367726356
10,Ethanol,400.0,297.276583909103,102.72341609089699
10,Ethylene,50.0,12.506034725517807,37.49396527448219
10,Ethanol,200.0,134.1561618202564,65.84383817974361
10,Ethylene,100.0,7.8311680511702235,92.16883194882978
10,Ethanol,800.0,651.2869894809401,148.71301051905994
10,Ethylene,200.0,41.56602156945732,158.43397843054268
10,Ethanol,400.0,284.5382042492018,115.46179575079822
10,Ethylene,10.0,37.1026209225673,27.102620922567297
10,Ethanol,50.0,32.95754088247422,17.04245911752578
10,Ethylene,250.0,69.8810306003837,180.1189693996163
10,Ethanol,600.0,442.1738703410883,157.82612965891173
10,Ethylene,150.0,21.133597624777906,128.8664023752221
10,Ethanol,1000.0,816.3427763484145,183.65722365158547
10,Ethylene,10.0,52.54717328042565,42.54717328042565
10,Ethanol,50.0,23.454966837287543,26.545033162712457
10,Ethylene,250.0,83.62400094653454,166.37599905346548
10,Ethanol,600.0,408.6263501432679,191.37364985673207
10,Ethylene,150.0,36.14724765756142,113.85275234243858
10,Ethanol,1000.0,737.3362183506346,262.66378164936543
10,Ethylene,50.0,12.09927676023024,37.90072323976976
10,Ethanol,200.0,124.10655017616283,75.89344982383717
10,Ethylene,100.0,9.528103396264726,90.47189660373527
10,Ethanol,800.0,622.7665875383973,177.2334124616027
10,Ethylene,200.0,43.24683498259968,156.7531650174003
10,Ethanol,400.0,249.822820244488,150.177179755512
10,Ethylene,150.0,24.590156945328857,125.40984305467114
10,Ethanol,1000.0,777.4341843733731,222.5658156266269
10,Ethylene,50.0,12.185948730620666,37.814051269379334
10,Ethanol,200.0,117.9155946156318,82.0844053843682
10,Ethylene,100.0,17.19592801952355,82.80407198047645
10,Ethanol,800.0,561.7648414472857,238.23515855271432
10,Ethylene,200.0,60.95597703972311,139.0440229602769
10,Ethanol,400.0,237.93919863998235,162.06080136001765
10,Ethylene,10.0,29.729285566458046,19.729285566458046
10,Ethanol,50.0,27.18821050007432,22.81178949992568
10,Ethylene,250.0,77.66035404498669,172.3396459550133
10,Ethanol,600.0,395.0952499025714,204.90475009742858
10,Ethylene,50.0,11.826935097539177,38.17306490246082
10,Ethanol,200.0,115.44716250420305,84.55283749579695
10,Ethylene,100.0,8.514537004416937,91.48546299558306
10,Ethanol,800.0,523.9804434857425,276.0195565142575
10,Ethylene,200.0,53.637883453891334,146.36211654610867
10,Ethanol,400.0,225.09578649453286,174.90421350546714
10,Ethylene,10.0,23.498628545947952,13.498628545947952
10,Ethanol,50.0,29.332186575822902,20.667813424177098
10,Ethylene,250.0,66.04743365507139,183.9525663449286
10,Ethanol,600.0,384.3712317431333,215.6287682568667
10,Ethylene,150.0,21.368988090686074,128.63101190931394
10,Ethanol,1000.0,735.6955143231985,264.3044856768015
10,Ethylene,10.0,26.119282968463466,16.119282968463466
10,Ethanol,50.0,19.701051988066155,30.298948011933845
10,Ethylene,50.0,8.383595946529695,41.616404053470305
10,Ethanol,200.0,115.32822466589235,84.67177533410765
10,Ethylene,100.0,7.192871661185535,92.80712833881446
10,Ethanol,800.0,592.9487659797561,207.0512340202439
10,Ethylene,200.0,36.10827043009613,163.89172956990387
10,Ethanol,400.0,235.49359455488784,164.50640544511216
10,Ethylene,250.0,52.7068199121304,197.2931800878696
10,Ethanol,600.0,396.55776630803757,203.44223369196243
10,Ethylene,150.0,18.589363900458295,131.4106360995417
10,Ethanol,1000.0,760.8680205876555,239.13197941234455
10,Ethylene,200.0,33.47144787292139,166.52855212707863
10,Ethanol,400.0,245.8682031118478,154.1317968881522
10,Ethylene,10.0,16.190415823798403,6.1904158237984035
10,Ethanol,50.0,20.278857472592904,29.721142527407096
10,Ethylene,250.0,59.970451772745136,190.02954822725485
10,Ethanol,600.0,404.2081364213351,195.7918635786649
10,Ethylene,150.0,18.749194327162627,131.25080567283737
10,Ethanol,1000.0,757.3241174186451,242.67588258135493
10,Ethylene,50.0,5.256380354696162,44.74361964530384
10,Ethanol,200.0,117.2650835302465,82.7349164697535
10,Ethylene,100.0,6.660788738926058,93.33921126107394
10,Ethanol,800.0,593.5432575923737,206.45674240762628
10,Ethylene,50.0,5.038680611238561,44.96131938876144
10,Ethanol,200.0,113.93031052868376,86.06968947131624
10,Ethylene,100.0,3.9185663848900845,96.08143361510992
10,Ethanol,800.0,591.3366653064594,208.6633346935406
10,Ethylene,200.0,30.4347243068338,169.5652756931662
10,Ethanol,400.0,247.6882089724159,152.3117910275841
10,Ethylene,10.0,16.272220273483654,6.272220273483654
10,Ethanol,50.0,23.50667135925356,26.49332864074644
10,Ethylene,250.0,63.61173476212561,186.3882652378744
10,Ethanol,600.0,401.29622883591446,198.70377116408554
10,Ethylene,150.0,15.338520111393308,134.6614798886067
10,Ethanol,1000.0,773.4264579395508,226.5735420604492
10,Ethylene,150.0,19.024291860461005,130.975708139539
10,Ethanol,1000.0,764.3967286959454,235.6032713040546
10,Ethylene,50.0,5.441952146151863,44.55804785384814
10,Ethanol,200.0,113.46223057608107,86.53776942391893
10,Ethylene,100.0,1.6717778493623143,98.32822215063769
10,Ethanol,800.0,608.6942559419798,191.3057440580202
10,Ethylene,200.0,26.429284019437688,173.5707159805623
10,Ethanol,400.0,255.17870381677886,144.82129618322114
10,Ethylene,10.0,25.382895210541605,15.382895210541605
10,Ethanol,50.0,21.949601057703603,28.050398942296397
10,Ethylene,250.0,52.178182585307866,197.82181741469213
10,Ethanol,600.0,395.47961176097255,204.52038823902745
10,Ethylene,250.0,49.64069338763696,200.35930661236304
10,Ethanol,600.0,392.58537376559826,207.41462623440174
10,Ethylene,150.0,10.328065283629329,139.67193471637069
10,Ethanol,1000.0,806.8883426160759,193.11165738392413
10,Ethylene,10.0,16.006468145722863,6.006468145722863
10,Ethanol,50.0,17.998468575919517,32.00153142408048
10,Ethylene,50.0,4.380924134182592,45.61907586581741
10,Ethanol,200.0,119.57391412289738,80.42608587710262
10,Ethylene,100.0,3.3099877433468095,96.69001225665319
10,Ethanol,800.0,610.7731569340557,189.2268430659443
10,Ethylene,200.0,25.348694182596887,174.6513058174031
10,Ethanol,400.0,240.65953146666834,159.34046853333166
10,Ethylene,10.0,14.815566441258028,4.815566441258028
10,Ethanol,50.0,20.901035472260048,29.098964527739952
10,Ethylene,250.0,49.90319135181328,200.0968086481867
10,Ethanol,600.0,392.7607196116484,207.23928038835157
10,Ethylene,150.0,14.857022352201554,135.14297764779843
10,Ethanol,1000.0,813.923970780833,186.07602921916703
10,Ethylene,50.0,4.981745276295882,45.01825472370412
10,Ethanol,200.0,118.02792163631685,81.97207836368315
10,Ethylene,100.0,3.940344358518445,96.05965564148156
10,Ethanol,800.0,623.406941439532,176.59305856046797
10,Ethylene,200.0,30.762929406650926,169.23707059334907
10,Ethanol,400.0,257.6476793097404,142.3523206902596
10,Ethylene,50.0,6.05781429535449,43.94218570464551
10,Ethanol,200.0,119.87575643560935,80.12424356439065
10,Ethylene,100.0,4.868995327067779,95.13100467293222
10,Ethanol,800.0,626.1639018038662,173.83609819613378
10,Ethylene,200.0,29.939071559071778,170.06092844092822
10,Ethanol,400.0,246.8081667377671,153.1918332622329
10,Ethylene,10.0,22.652061907748305,12.652061907748305
10,Ethanol,50.0,26.043177435362708,23.956822564637292
10,Ethylene,250.0,58.741942218732845,191.25805778126715
10,Ethanol,600.0,318.2017043724514,281.7982956275486
10,Ethylene,150.0,16.499371824056894,133.50062817594312
10,Ethanol,1000.0,807.9230072673504,192.07699273264961
10,Toluene,1.0,65.36811443033473,64.36811443033473
10,Ethanol,50.0,39.77299383748333,10.227006162516673
10,Toluene,100.0,129.85058866417518,29.850588664175177
10,Ethanol,600.0,511.74706283152756,88.25293716847244
10,Toluene,60.0,67.6501181965871,7.650118196587101
10,Ethanol,1000.0,772.6080811267753,227.39191887322465
10,Toluene,20.0,20.519790799073178,0.5197907990731778
10,Ethanol,200.0,191.69467462188126,8.305325378118738
10,Toluene,40.0,45.699360536447614,5.699360536447614
10,Ethanol,800.0,590.9008486580865,209.0991513419135
10,Toluene,80.0,86.98367423784856,6.983674237848561
10,Ethanol,400.0,327.48543869905404,72.51456130094596
10,Toluene,60.0,66.13707614445767,6.137076144457666
10,Ethanol,1000.0,848.5680540318535,151.43194596814647
10,Toluene,20.0,20.202039099836597,0.20203909983659685
10,Ethanol,200.0,195.39469959674526,4.605300403254745
10,Toluene,40.0,41.10483985874836,1.1048398587483632
10,Ethanol,800.0,689.8542333823318,110.14576661766819
10,Toluene,80.0,100.40637134481338,20.40637134481338
10,Ethanol,400.0,364.84532116526276,35.15467883473724
10,Toluene,1.0,63.156428759960235,62.156428759960235
10,Ethanol,50.0,28.99578418106198,21.00421581893802
10,Toluene,100.0,120.43373712936119,20.43373712936119
10,Ethanol,600.0,561.2475208881216,38.752479111878415
10,Toluene,20.0,29.63923124577977,9.639231245779769
10,Ethanol,200.0,198.98236389911824,1.0176361008817594
10,Toluene,40.0,54.76199805672172,14.761998056721723
10,Ethanol,800.0,630.310504223026,169.689495776974
10,Toluene,80.0,106.30339118231116,26.30339118231116
10,Ethanol,400.0,374.81573858636864,25.18426141363136
10,Toluene,1.0,45.868342305760635,44.868342305760635
10,Ethanol,50.0,32.606256575477246,17.393743424522754
10,Toluene,100.0,132.39186568012363,32.39186568012363
10,Ethanol,600.0,510.98775516074136,89.01224483925864
10,Toluene,60.0,84.8436969092173,24.8436969092173
10,Ethanol,1000.0,809.8505244187031,190.14947558129688
10,Toluene,1.0,25.04673486635518,24.04673486635518
10,Ethanol,50.0,22.285727392441615,27.714272607558385
10,Toluene,20.0,23.989430177482234,3.989430177482234
10,Ethanol,200.0,188.61398791775056,11.386012082249437
10,Toluene,40.0,62.285215118855575,22.285215118855575
10,Ethanol,800.0,694.6339679010092,105.36603209899079
10,Toluene,80.0,113.421835640989,33.421835640989
10,Ethanol,400.0,328.537367382801,71.462632617199
10,Toluene,100.0,151.43280529600418,51.432805296004176
10,Ethanol,600.0,541.210676264767,58.78932373523298
10,Toluene,60.0,86.00130724791228,26.00130724791228
10,Ethanol,1000.0,887.9805455548044,112.0194544451956
10,Toluene,80.0,120.53608806831598,40.536088068315976
10,Ethanol,400.0,336.32028103147957,63.67971896852043
10,Toluene,1.0,24.1475250518897,23.1475250518897
10,Ethanol,50.0,19.159420581019248,30.840579418980752
10,Toluene,100.0,143.54553112666434,43.54553112666434
10,Ethanol,600.0,522.211966169126,77.78803383087404
10,Toluene,60.0,87.98412582650555,27.984125826505547
10,Ethanol,1000.0,860.01560512449,139.98439487551002
10,Toluene,20.0,28.9382874496102,8.9382874496102
10,Ethanol,200.0,167.04492358641295,32.95507641358705
10,Toluene,40.0,66.55740719803093,26.55740719803093
10,Ethanol,800.0,691.4879513673662,108.51204863263376
10,Toluene,20.0,24.68339018582624,4.683390185826241
10,Ethanol,200.0,163.1219465438159,36.87805345618409
10,Toluene,40.0,65.96954449218292,25.96954449218292
10,Ethanol,800.0,711.2081413161699,88.79185868383013
10,Toluene,80.0,121.57451112025174,41.57451112025174
10,Ethanol,400.0,321.0568409203253,78.94315907967467
10,Toluene,1.0,18.260359743562105,17.260359743562105
10,Ethanol,50.0,31.431413946587043,18.568586053412957
10,Toluene,100.0,145.02553501844517,45.02553501844517
10,Ethanol,600.0,501.71066017745994,98.28933982254006
10,Toluene,60.0,90.20410067178508,30.204100671785085
10,Ethanol,1000.0,863.5786402473663,136.42135975263375
10,Toluene,60.0,87.55278958141085,27.55278958141085
10,Ethanol,1000.0,871.9368071568588,128.06319284314122
10,Toluene,20.0,26.640310176222926,6.6403101762229255
10,Ethanol,200.0,156.86412487061588,43.13587512938412
10,Toluene,40.0,60.42931992198612,20.42931992198612
10,Ethanol,800.0,711.521998386999,88.47800161300097
10,Toluene,80.0,111.99883971096325,31.998839710963253
10,Ethanol,400.0,307.96398063990245,92.03601936009755
10,Toluene,1.0,41.41581003492753,40.41581003492753
10,Ethanol,50.0,28.041473951911513,21.958526048088487
10,Toluene,100.0,160.9627994929746,60.9627994929746
10,Ethanol,600.0,496.7812555949759,103.2187444050241
10,Toluene,100.0,157.7684632681304,57.768463268130404
10,Ethanol,600.0,508.25853890543726,91.74146109456274
10,Toluene,60.0,92.32481891613648,32.32481891613648
10,Ethanol,1000.0,891.3187569115859,108.68124308841413
10,Toluene,1.0,28.835076388215725,27.835076388215725
10,Ethanol,50.0,13.132636337494262,36.86736366250574
10,Toluene,20.0,25.36750790517651,5.3675079051765096
10,Ethanol,200.0,158.60989798846174,41.39010201153826
10,Toluene,40.0,66.25834569441072,26.25834569441072
10,Ethanol,800.0,698.6815843422817,101.31841565771833
10,Toluene,80.0,123.6249696642174,43.6249696642174
10,Ethanol,400.0,300.53778044348866,99.46221955651134
10,Toluene,1.0,35.15008672145757,34.15008672145757
10,Ethanol,50.0,21.935468198380775,28.064531801619225
10,Toluene,100.0,157.1214970385838,57.12149703858381
10,Ethanol,600.0,487.617655873082,112.38234412691799
10,Toluene,60.0,85.74551413740255,25.74551413740255
10,Ethanol,1000.0,901.0837469988072,98.91625300119279
10,Toluene,20.0,24.70328107580771,4.703281075807709
10,Ethanol,200.0,150.62977645596925,49.37022354403075
10,Toluene,40.0,56.75343757448722,16.753437574487222
10,Ethanol,800.0,700.8376595140035,99.16234048599654
10,Toluene,80.0,117.43842643294231,37.43842643294231
10,Ethanol,400.0,296.20363465187387,103.79636534812613
10,Toluene,20.0,21.21176173901955,1.2117617390195505
10,Ethanol,200.0,146.3606266347085,53.639373365291505
10,Toluene,40.0,47.149151490030874,7.149151490030874
10,Ethanol,800.0,695.7395788559375,104.26042114406255
10,Toluene,80.0,116.61701790058618,36.61701790058618
10,Ethanol,400.0,290.95718456890285,109.04281543109715
10,Toluene,1.0,58.70955521109252,57.70955521109252
10,Ethanol,50.0,30.242541315628443,19.757458684371557
10,Toluene,100.0,150.16957658104528,50.16957658104528
10,Ethanol,600.0,493.4886509283766,106.51134907162339
10,Toluene,60.0,88.75859060169489,28.75859060169489
10,Ethanol,1000.0,900.3383778040729,99.66162219592707
10,Toluene,1.0,54.03825038951024,53.03825038951024
10,Ethanol,50.0,39.60602985071692,10.393970149283078
10,Toluene,100.0,66.19642655984158,33.80357344015842
10,Ethanol,600.0,566.1774229519443,33.82257704805568
10,Toluene,60.0,25.556606827956514,34.443393172043486
10,Ethanol,1000.0,865.7070523173667,134.29294768263333
10,Toluene,20.0,17.665956599151187,2.334043400848813
10,Ethanol,200.0,165.698382810736,34.30161718926399
10,Toluene,40.0,11.32345465850706,28.67654534149294
10,Ethanol,800.0,711.4645451629216,88.53545483707842
10,Toluene,80.0,29.737110905734397,50.2628890942656
10,Ethanol,400.0,336.9521599453184,63.047840054681615
10,Toluene,60.0,21.185584050213663,38.81441594978634
10,Ethanol,1000.0,884.5897281598789,115.41027184012114
10,Toluene,20.0,16.295377863168866,3.7046221368311336
10,Ethanol,200.0,166.82796418457843,33.172035815421566
10,Toluene,40.0,11.58774516088019,28.41225483911981
10,Ethanol,800.0,748.2584504403197,51.741549559680266
10,Toluene,80.0,27.97082135731722,52.02917864268278
10,Ethanol,400.0,364.94681694454,35.05318305546001
10,Toluene,1.0,50.18766533057375,49.18766533057375
10,Ethanol,50.0,34.88415128720271,15.115848712797288
10,Toluene,100.0,43.24996927122929,56.75003072877071
10,Ethanol,600.0,556.567572312347,43.43242768765299
10,Toluene,20.0,12.627957958739643,7.372042041260357
10,Ethanol,200.0,182.02511744002163,17.97488255997837
10,Toluene,40.0,7.064739978276236,32.935260021723764
10,Ethanol,800.0,723.3411544121717,76.6588455878283
10,Toluene,80.0,30.306012495439518,49.69398750456048
10,Ethanol,400.0,392.8360293372223,7.163970662777672
10,Toluene,1.0,42.83767491034065,41.83767491034065
10,Ethanol,50.0,38.98707883240445,11.01292116759555
10,Toluene,100.0,36.65925683075881,63.34074316924119
10,Ethanol,600.0,567.94990349879,32.050096501209964
10,Toluene,60.0,15.390311530693452,44.60968846930655
10,Ethanol,1000.0,918.8910238673091,81.10897613269094
10,Toluene,1.0,48.57271026385324,47.57271026385324
10,Ethanol,50.0,31.62075424502123,18.37924575497877
10,Toluene,20.0,10.55032886445207,9.44967113554793
10,Ethanol,200.0,177.19836191092617,22.801638089073833
10,Toluene,40.0,10.801544247687886,29.198455752312114
10,Ethanol,800.0,728.2297288125551,71.7702711874449
10,Toluene,80.0,30.75447316818091,49.24552683181909
10,Ethanol,400.0,331.27230135737034,68.72769864262966
10,Toluene,100.0,37.81527388449767,62.18472611550233
10,Ethanol,600.0,515.4182874301666,84.58171256983337
10,Toluene,60.0,13.761466927331966,46.238533072668034
10,Ethanol,1000.0,890.0858214163992,109.9141785836008
10,Toluene,80.0,28.16245457450161,51.83754542549839
10,Ethanol,400.0,322.06834667165907,77.93165332834093
10,Toluene,1.0,48.75063786912138,47.75063786912138
10,Ethanol,50.0,34.762759888371775,15.237240111628225
10,Toluene,100.0,46.49208150862418,53.50791849137582
10,Ethanol,600.0,526.0559318616814,73.94406813831858
10,Toluene,60.0,18.029364243246334,41.970635756753666
10,Ethanol,1000.0,892.7589351487683,107.24106485123173
10,Toluene,20.0,14.865601116077514,5.134398883922486
10,Ethanol,200.0,159.794706489274,40.205293510725994
10,Toluene,40.0,8.864262059345606,31.135737940654394
10,Ethanol,800.0,719.9509053788041,80.04909462119588
10,Toluene,20.0,11.338104907370067,8.661895092629933
10,Ethanol,200.0,151.20761725284274,48.79238274715726
10,Toluene,40.0,9.855321955537875,30.144678044462125
10,Ethanol,800.0,708.5876622417944,91.41233775820558
10,Toluene,80.0,29.42641988138594,50.57358011861406
10,Ethanol,400.0,312.9917250181109,87.00827498188909
10,Toluene,1.0,39.85612367235656,38.85612367235656
10,Ethanol,50.0,28.383581190165344,21.616418809834656
10,Toluene,100.0,48.70745478296125,51.29254521703875
10,Ethanol,600.0,513.1529279968537,86.84707200314631
10,Toluene,60.0,24.172839531290563,35.82716046870944
10,Ethanol,1000.0,868.2422224062453,131.75777759375467
10,Toluene,60.0,24.816642216799963,35.18335778320004
10,Ethanol,1000.0,875.05988680319,124.94011319680999
10,Toluene,20.0,11.98670024834044,8.01329975165956
10,Ethanol,200.0,148.9372658820186,51.06273411798139
10,Toluene,40.0,10.720352572691084,29.279647427308916
10,Ethanol,800.0,704.6200521223215,95.37994787767855
10,Toluene,80.0,35.18932662007897,44.81067337992103
10,Ethanol,400.0,305.21209029135787,94.78790970864213
10,Toluene,1.0,57.46510545524836,56.46510545524836
10,Ethanol,50.0,29.113986520841436,20.886013479158564
10,Toluene,100.0,49.06941113447725,50.93058886552275
10,Ethanol,600.0,481.275002621947,118.72499737805299
10,Toluene,100.0,37.74794652758311,62.25205347241689
10,Ethanol,600.0,484.8785146399869,115.12148536001308
10,Toluene,60.0,21.026297155180856,38.973702844819144
10,Ethanol,1000.0,873.5422883405186,126.45771165948145
10,Toluene,1.0,50.65786403860869,49.65786403860869
10,Ethanol,50.0,32.558013961980464,17.441986038019536
10,Toluene,20.0,13.821347854276013,6.178652145723987
10,Ethanol,200.0,150.28103399056258,49.71896600943742
10,Toluene,40.0,10.735505605445468,29.264494394554532
10,Ethanol,800.0,695.7739084576108,104.22609154238921
10,Toluene,80.0,35.4961917323205,44.5038082676795
10,Ethanol,400.0,305.1532235279688,94.8467764720312
10,Toluene,1.0,45.05461036123067,44.05461036123067
10,Ethanol,50.0,23.51487937880448,26.48512062119552
10,Toluene,100.0,48.44323622344682,51.55676377655318
10,Ethanol,600.0,477.58284563398416,122.41715436601584
10,Toluene,60.0,16.464931580135584,43.535068419864416
10,Ethanol,1000.0,871.6216199466412,128.3783800533588
10,Toluene,20.0,14.39646585948556,5.603534140514441
10,Ethanol,200.0,141.84804801614638,58.15195198385362
10,Toluene,40.0,9.48336670455447,30.51663329544553
10,Ethanol,800.0,701.6040538122794,98.3959461877206
10,Toluene,80.0,34.052001494559775,45.947998505440225
10,Ethanol,400.0,302.84379664902497,97.15620335097503
10,Toluene,20.0,8.44210303880854,11.55789696119146
10,Ethanol,200.0,151.81145527675727,48.18854472324273
10,Toluene,40.0,8.966200492954314,31.033799507045686
10,Ethanol,800.0,691.717563477572,108.28243652242804
10,Toluene,80.0,36.266955625614344,43.733044374385656
10,Ethanol,400.0,306.2092692367136,93.79073076328638
10,Toluene,1.0,44.10698949152433,43.10698949152433
10,Ethanol,50.0,23.14651410192046,26.85348589807954
10,Toluene,100.0,50.78634966634263,49.21365033365737
10,Ethanol,600.0,481.78462982572864,118.21537017427136
10,Toluene,60.0,17.94526320796814,42.05473679203186
10,Ethanol,1000.0,877.1081776430356,122.89182235696444
10,Ethylene,10.0,48.12028645242512,38.12028645242512
10,Ammonia,50.0,17.174782742352022,32.82521725764798
10,Ethylene,250.0,51.05123702295734,198.94876297704266
10,Ammonia,600.0,326.8252982666166,273.1747017333834
10,Ethylene,150.0,40.70065676638821,109.2993432336118
10,Ammonia,1000.0,439.11164606520873,560.8883539347912
10,Ethylene,50.0,51.061814085156655,1.061814085156655
10,Ammonia,200.0,64.95571665647354,135.04428334352644
10,Ethylene,100.0,36.84460672719764,63.15539327280236
10,Ammonia,800.0,387.4875820251365,412.5124179748635
10,Ethylene,200.0,55.44079449190495,144.55920550809503
10,Ammonia,400.0,201.0695127352431,198.9304872647569
10,Ethylene,150.0,44.90712967562348,105.09287032437652
10,Ammonia,1000.0,427.4083497100614,572.5916502899386
10,Ethylene,50.0,41.079908020192974,8.920091979807026
10,Ammonia,200.0,69.10092061994415,130.89907938005587
10,Ethylene,100.0,32.30301452206815,67.69698547793185
10,Ammonia,800.0,398.21612490407426,401.78387509592574
10,Ethylene,200.0,51.284265994411456,148.71573400558856
10,Ammonia,400.0,207.77884458345164,192.22115541654836
10,Ethylene,10.0,61.2406443042929,51.2406443042929
10,Ammonia,50.0,17.671298532981737,32.32870146701826
10,Ethylene,250.0,57.67585169703439,192.32414830296563
10,Ammonia,600.0,318.0689283701408,281.9310716298592
10,Ethylene,50.0,48.00991512668982,1.990084873310181
10,Ammonia,200.0,67.11588601803119,132.88411398196882
10,Ethylene,100.0,31.794043406367962,68.20595659363204
10,Ammonia,800.0,384.1342236293341,415.8657763706659
10,Ethylene,200.0,55.333513383924256,144.66648661607576
10,Ammonia,400.0,207.27497210706912,192.72502789293088
10,Ethylene,10.0,52.33722578612226,42.33722578612226
10,Ammonia,50.0,15.019949468299487,34.98005053170051
10,Ethylene,250.0,55.825479867718556,194.17452013228143
10,Ammonia,600.0,320.1075750006167,279.8924249993833
10,Ethylene,150.0,37.00151535478537,112.99848464521463
10,Ammonia,1000.0,429.38347463021967,570.6165253697803
10,Ethylene,10.0,57.37782715744078,47.37782715744078
10,Ammonia,50.0,15.177568665006845,34.822431334993155
10,Ethylene,50.0,37.889110647304136,12.110889352695864
10,Ammonia,200.0,65.3323522659487,134.6676477340513
10,Ethylene,100.0,29.24347946966776,70.75652053033224
10,Ammonia,800.0,358.8182952335285,441.1817047664715
10,Ethylene,200.0,54.76125026161259,145.2387497383874
10,Ammonia,400.0,201.8515566648025,198.1484433351975
10,Ethylene,250.0,61.192800846215036,188.80719915378495
10,Ammonia,600.0,304.12534228346914,295.87465771653086
10,Ethylene,150.0,40.84992841206427,109.15007158793573
10,Ammonia,1000.0,411.77619036783983,588.2238096321602
10,Ethylene,200.0,49.72593717699915,150.27406282300086
10,Ammonia,400.0,209.85479950163864,190.14520049836136
10,Ethylene,10.0,56.6468237134242,46.6468237134242
10,Ammonia,50.0,16.719157754268338,33.28084224573166
10,Ethylene,250.0,58.177236344442036,191.82276365555796
10,Ammonia,600.0,306.6164416787489,293.3835583212511
10,Ethylene,150.0,40.70893717851817,109.29106282148183
10,Ammonia,1000.0,408.9089056226148,591.0910943773852
10,Ethylene,50.0,38.99038128456334,11.009618715436659
10,Ammonia,200.0,65.87526905336122,134.12473094663878
10,Ethylene,100.0,31.002002047016063,68.99799795298394
10,Ammonia,800.0,361.37054618323015,438.62945381676985
10,Ethylene,50.0,35.77582173684715,14.22417826315285
10,Ammonia,200.0,67.23028170615316,132.76971829384684
10,Ethylene,100.0,31.66458143222532,68.33541856777468
10,Ammonia,800.0,349.06681561679943,450.93318438320057
10,Ethylene,200.0,59.41920761405028,140.58079238594974
10,Ammonia,400.0,204.67454400077082,195.32545599922918
10,Ethylene,10.0,51.64012077126145,41.64012077126145
10,Ammonia,50.0,15.556485969719162,34.44351403028084
10,Ethylene,250.0,56.412519036940836,193.58748096305916
10,Ammonia,600.0,301.56832605441554,298.43167394558446
10,Ethylene,150.0,41.224738841459626,108.77526115854037
10,Ammonia,1000.0,406.3750182799101,593.6249817200899
10,Ethylene,150.0,39.68821464741683,110.31178535258317
10,Ammonia,1000.0,399.6694303175095,600.3305696824905
10,Ethylene,50.0,43.02984620459419,6.970153795405807
10,Ammonia,200.0,66.16284528763609,133.8371547123639
10,Ethylene,100.0,33.972318263651346,66.02768173634865
10,Ammonia,800.0,352.66837114089407,447.33162885910593
10,Ethylene,200.0,52.972806780717434,147.02719321928257
10,Ammonia,400.0,202.24926079100794,197.75073920899206
10,Ethylene,10.0,55.564369498136,45.564369498136
10,Ammonia,50.0,13.983794977412444,36.016205022587556
10,Ethylene,250.0,58.372095609663845,191.62790439033614
10,Ammonia,600.0,292.49930568567095,307.50069431432905
10,Ethylene,250.0,55.26748396930864,194.73251603069136
10,Ammonia,600.0,295.4697332991784,304.5302667008216
10,Ethylene,150.0,39.23171108522962,110.76828891477038
10,Ammonia,1000.0,395.0782984958729,604.9217015041271
10,Ethylene,10.0,58.25595271227378,48.25595271227378
10,Ammonia,50.0,15.074478281714022,34.92552171828598
10,Ethylene,50.0,34.277772378312264,15.722227621687736
10,Ammonia,200.0,70.95239964936621,129.0476003506338
10,Ethylene,100.0,29.564392931025594,70.4356070689744
10,Ammonia,800.0,346.16873438990706,453.83126561009294
10,Ethylene,200.0,54.38501898100719,145.6149810189928
10,Ammonia,400.0,207.55070300237188,192.44929699762812
10,Ethylene,10.0,52.21577781866792,42.21577781866792
10,Ammonia,50.0,16.31064447105514,33.68935552894486
10,Ethylene,250.0,55.5663522589016,194.4336477410984
10,Ammonia,600.0,293.6536365701205,306.3463634298795
10,Ethylene,150.0,40.733938656691194,109.2660613433088
10,Ammonia,1000.0,385.93215774630767,614.0678422536923
10,Ethylene,50.0,37.83465251401155,12.165347485988448
10,Ammonia,200.0,71.99301481865137,128.00698518134863
10,Ethylene,100.0,31.21378132226151,68.78621867773849
10,Ammonia,800.0,337.66659087051437,462.33340912948563
10,Ethylene,200.0,53.1702889550653,146.8297110449347
10,Ammonia,400.0,215.22173706217825,184.77826293782175
10,Ethylene,50.0,34.07629726779436,15.92370273220564
10,Ammonia,200.0,73.33647637542538,126.66352362457462
10,Ethylene,100.0,29.362610830019506,70.6373891699805
10,Ammonia,800.0,347.0327295943153,452.9672704056847
10,Ethylene,200.0,54.55991709362385,145.44008290637615
10,Ammonia,400.0,203.92891965724624,196.07108034275376
10,Ethylene,10.0,66.69295432115604,56.69295432115604
10,Ammonia,50.0,16.690155876440897,33.3098441235591
10,Ethylene,250.0,52.005080990666,197.994919009334
10,Ammonia,600.0,291.59480962537134,308.40519037462866
10,Ethylene,150.0,42.298056585868125,107.70194341413188
10,Ammonia,1000.0,390.44920086334446,609.5507991366555
10,Ethylene,10.0,57.98978493447278,47.98978493447278
10,Ammonia,50.0,28.77010989382741,21.22989010617259
10,Ethylene,250.0,96.64968826366129,153.3503117363387
10,Ammonia,600.0,356.35610355882517,243.64389644117483
10,Ethylene,150.0,46.06142877672765,103.93857122327235
10,Ammonia,1000.0,547.1361045553754,452.86389544462463
10,Ethylene,50.0,41.05862970397129,8.941370296028708
10,Ammonia,200.0,115.8101145692644,84.1898854307356
10,Ethylene,100.0,44.39279493479579,55.60720506520421
10,Ammonia,800.0,459.6382874609481,340.3617125390519
10,Ethylene,200.0,83.15636229385038,116.84363770614962
10,Ammonia,400.0,255.83072738608388,144.16927261391612
10,Ethylene,150.0,65.36802088605126,84.63197911394874
10,Ammonia,1000.0,546.7840839549164,453.21591604508365
10,Ethylene,50.0,46.10179389557105,3.898206104428951
10,Ammonia,200.0,118.35793353227558,81.64206646772442
10,Ethylene,100.0,43.55818163865223,56.44181836134777
10,Ammonia,800.0,450.848611359939,349.151388640061
10,Ethylene,200.0,89.241798264081,110.758201735919
10,Ammonia,400.0,261.0590779987742,138.94092200122577
10,Ethylene,10.0,58.611207136189634,48.611207136189634
10,Ammonia,50.0,29.60169741195675,20.39830258804325
10,Ethylene,250.0,106.01493260006139,143.9850673999386
10,Ammonia,600.0,359.0786465272364,240.9213534727636
10,Ethylene,50.0,43.34788930113699,6.652110698863012
10,Ammonia,200.0,115.62950806119323,84.37049193880677
10,Ethylene,100.0,47.337933676744385,52.662066323255615
10,Ammonia,800.0,448.590966766371,351.409033233629
10,Ethylene,200.0,82.32777561178722,117.67222438821278
10,Ammonia,400.0,256.5340487181543,143.46595128184572
10,Ethylene,10.0,62.708962737455394,52.708962737455394
10,Ammonia,50.0,26.481328377731202,23.518671622268798
10,Ethylene,250.0,102.79274833494645,147.20725166505355
10,Ammonia,600.0,362.39519274771334,237.60480725228666
10,Ethylene,150.0,66.27451169976047,83.72548830023953
10,Ammonia,1000.0,543.6964230009291,456.30357699907086
10,Ethylene,10.0,66.0655499146203,56.065549914620306
10,Ammonia,50.0,24.74423805244875,25.25576194755125
10,Ethylene,50.0,40.20668483229559,9.793315167704407
10,Ammonia,200.0,114.38558233170639,85.61441766829361
10,Ethylene,100.0,48.57588718037147,51.42411281962853
10,Ammonia,800.0,462.04700854017534,337.95299145982466
10,Ethylene,200.0,86.27739088338167,113.72260911661833
10,Ammonia,400.0,262.504263435281,137.49573656471898
10,Ethylene,250.0,111.40958305787748,138.59041694212252
10,Ammonia,600.0,368.59386061142686,231.40613938857314
10,Ethylene,150.0,71.24082901785485,78.75917098214515
10,Ammonia,1000.0,558.12217563426,441.87782436574
10,Ethylene,200.0,93.70036599903904,106.29963400096096
10,Ammonia,400.0,257.8179516703816,142.1820483296184
10,Ethylene,10.0,66.3092176926792,56.3092176926792
10,Ammonia,50.0,27.814499091777193,22.185500908222807
10,Ethylene,250.0,109.19305136185385,140.80694863814614
10,Ammonia,600.0,368.61889241004155,231.38110758995845
10,Ethylene,150.0,70.30506510466876,79.69493489533124
10,Ammonia,1000.0,545.4375765580918,454.5624234419082
10,Ethylene,50.0,52.11249494657004,2.1124949465700382
10,Ammonia,200.0,121.3318145659787,78.6681854340213
10,Ethylene,100.0,57.126008275245326,42.873991724754674
10,Ammonia,800.0,467.4830200630558,332.5169799369442
10,Ethylene,50.0,50.73550936643207,0.7355093664320691
10,Ammonia,200.0,119.31340564380307,80.68659435619693
10,Ethylene,100.0,50.173819588502965,49.826180411497035
10,Ammonia,800.0,454.0905659049571,345.9094340950429
10,Ethylene,200.0,94.50549379833006,105.49450620166994
10,Ammonia,400.0,270.23769007002323,129.76230992997677
10,Ethylene,10.0,65.83557061069527,55.83557061069527
10,Ammonia,50.0,32.01233826598677,17.98766173401323
10,Ethylene,250.0,113.30883959362029,136.6911604063797
10,Ammonia,600.0,365.2180154517791,234.78198454822092
10,Ethylene,150.0,77.12520706138582,72.87479293861418
10,Ammonia,1000.0,557.3105916304077,442.68940836959234
10,Ethylene,150.0,76.64116774410198,73.35883225589802
10,Ammonia,1000.0,542.122815452109,457.87718454789103
10,Ethylene,50.0,51.8109847068402,1.8109847068402019
10,Ammonia,200.0,124.10856933963966,75.89143066036034
10,Ethylene,100.0,55.55719082370673,44.44280917629327
10,Ammonia,800.0,470.3168157493707,329.6831842506293
10,Ethylene,200.0,98.48518212711753,101.51481787288247
10,Ammonia,400.0,273.8206551682544,126.1793448317456
10,Ethylene,10.0,66.05051953254367,56.050519532543674
10,Ammonia,50.0,29.796818463014333,20.203181536985667
10,Ethylene,250.0,116.50014792614087,133.49985207385913
10,Ammonia,600.0,372.4116779822112,227.5883220177888
10,Ethylene,250.0,123.08619519022565,126.91380480977435
10,Ammonia,600.0,366.46385581178055,233.53614418821945
10,Ethylene,150.0,75.6060523609261,74.3939476390739
10,Ammonia,1000.0,560.6901535522704,439.30984644772957
10,Ethylene,10.0,66.84775221672444,56.847752216724444
10,Ammonia,50.0,29.299921923715672,20.700078076284328
10,Ethylene,50.0,46.066129022936195,3.9338709770638047
10,Ammonia,200.0,123.74066631091662,76.25933368908338
10,Ethylene,100.0,54.69141772556654,45.30858227443346
10,Ammonia,800.0,465.95943302282456,334.04056697717544
10,Ethylene,200.0,99.65543653269506,100.34456346730494
10,Ammonia,400.0,279.4890423781984,120.5109576218016
10,Ethylene,10.0,59.401932550872615,49.401932550872615
10,Ammonia,50.0,30.24118054494852,19.75881945505148
10,Ethylene,250.0,123.50581109914103,126.49418890085897
10,Ammonia,600.0,372.77480497397755,227.22519502602245
10,Ethylene,150.0,79.9209659905678,70.0790340094322
10,Ammonia,1000.0,567.3175532961111,432.6824467038889
10,Ethylene,50.0,56.12138311911977,6.12138311911977
10,Ammonia,200.0,123.20260651243058,76.79739348756942
10,Ethylene,100.0,57.196202098378976,42.803797901621024
10,Ammonia,800.0,475.71107708658144,324.28892291341856
10,Ethylene,200.0,95.6228606445857,104.3771393554143
10,Ammonia,400.0,268.7947092670715,131.20529073292852
10,Ethylene,50.0,53.35747707078475,3.3574770707847534
10,Ammonia,200.0,129.32145269892726,70.67854730107274
10,Ethylene,100.0,61.261046370520646,38.738953629479354
10,Ammonia,800.0,477.42294672804024,322.57705327195976
10,Ethylene,200.0,105.72088264616963,94.27911735383037
10,Ammonia,400.0,278.6591774319046,121.3408225680954
10,Ethylene,10.0,63.94001149918226,53.94001149918226
10,Ammonia,50.0,29.996891425989077,20.003108574010923
10,Ethylene,250.0,126.31544164133722,123.68455835866278
10,Ammonia,600.0,374.3156033313266,225.6843966686734
10,Ethylene,150.0,79.69902327958027,70.30097672041973
10,Ammonia,1000.0,558.9833218280264,441.0166781719736
10,Ethylene,10.0,59.153809549019996,49.153809549019996
10,Ammonia,50.0,28.087751825451676,21.912248174548324
10,Ethylene,250.0,110.86145428890057,139.13854571109943
10,Ammonia,600.0,353.6715838258701,246.32841617412993
10,Ethylene,150.0,83.12431026112273,66.87568973887727
10,Ammonia,1000.0,532.8244610227098,467.1755389772902
10,Ethylene,50.0,54.496567714851565,4.496567714851565
10,Ammonia,200.0,134.18129800449023,65.81870199550977
10,Ethylene,100.0,62.89484728863016,37.10515271136984
10,Ammonia,800.0,444.8251211330686,355.1748788669314
10,Ethylene,200.0,107.53841350430974,92.46158649569026
10,Ammonia,400.0,256.42502947559944,143.57497052440056
10,Ethylene,150.0,92.12414235940054,57.87585764059946
10,Ammonia,1000.0,530.7563612363472,469.2436387636528
10,Ethylene,50.0,57.15012911997587,7.1501291199758725
10,Ammonia,200.0,133.76915403515656,66.23084596484344
10,Ethylene,100.0,65.59547261127238,34.404527388727615
10,Ammonia,800.0,434.44581489682264,365.55418510317736
10,Ethylene,200.0,103.48712641040416,96.51287358959584
10,Ammonia,400.0,257.52645841670204,142.47354158329796
10,Ethylene,10.0,24.933125776202957,14.933125776202957
10,Ammonia,50.0,23.167620018226486,26.832379981773514
10,Ethylene,250.0,140.0717930855145,109.92820691448549
10,Ammonia,600.0,355.6555259021997,244.3444740978003
10,Ethylene,50.0,23.302067398286226,26.697932601713774
10,Ammonia,200.0,145.1408645073965,54.859135492603514
10,Ethylene,100.0,56.500802601887685,43.499197398112315
10,Ammonia,800.0,467.9488124332298,332.0511875667702
10,Ethylene,200.0,110.89760741087889,89.10239258912111
10,Ammonia,400.0,255.26647653681147,144.73352346318853
10,Ethylene,10.0,12.426327646510586,2.426327646510586
10,Ammonia,50.0,19.789289361389308,30.210710638610692
10,Ethylene,250.0,142.54857296590285,107.45142703409715
10,Ammonia,600.0,355.7417069564092,244.2582930435908
10,Ethylene,150.0,87.57673250858241,62.42326749141759
10,Ammonia,1000.0,556.6845314876023,443.31546851239773
10,Ethylene,10.0,1.7687909487397633,8.231209051260237
10,Ammonia,50.0,21.04406832138727,28.95593167861273
10,Ethylene,50.0,28.89240349180396,21.10759650819604
10,Ammonia,200.0,138.5946474989412,61.405352501058786
10,Ethylene,100.0,61.488238891164016,38.511761108835984
10,Ammonia,800.0,441.2220508785155,358.7779491214845
10,Ethylene,200.0,110.3537900314894,89.6462099685106
10,Ammonia,400.0,266.8239739371992,133.17602606280082
10,Ethylene,250.0,146.45321326557004,103.54678673442996
10,Ammonia,600.0,370.38346062504496,229.61653937495504
10,Ethylene,150.0,87.32711073284284,62.67288926715716
10,Ammonia,1000.0,597.1492057156607,402.85079428433926
10,Ethylene,200.0,113.96918982645474,86.03081017354526
10,Ammonia,400.0,261.1238510541678,138.8761489458322
10,Ethylene,10.0,18.214904693828785,8.214904693828785
10,Ammonia,50.0,26.79392255748725,23.20607744251275
10,Ethylene,250.0,147.74402453415036,102.25597546584964
10,Ammonia,600.0,362.26437030898063,237.73562969101937
10,Ethylene,150.0,91.36494162041807,58.635058379581935
10,Ammonia,1000.0,544.298535561592,455.70146443840804
10,Ethylene,50.0,25.246152101131173,24.753847898868827
10,Ammonia,200.0,157.0080578012472,42.99194219875281
10,Ethylene,100.0,52.113260619606976,47.886739380393024
10,Ammonia,800.0,481.99663449405625,318.00336550594375
10,Ethylene,50.0,23.79887802538245,26.20112197461755
10,Ammonia,200.0,150.69404869143065,49.30595130856935
10,Ethylene,100.0,59.275870516922225,40.724129483077775
10,Ammonia,800.0,509.5846032068051,290.4153967931949
10,Ethylene,200.0,119.67509670576302,80.32490329423698
10,Ammonia,400.0,274.47794414022826,125.52205585977174
10,Ethylene,10.0,16.539614302834565,6.539614302834565
10,Ammonia,50.0,26.467654923163906,23.532345076836094
10,Ethylene,250.0,147.9902956965946,102.00970430340541
10,Ammonia,600.0,378.1912333187379,221.8087666812621
10,Ethylene,150.0,96.17984558772795,53.820154412272046
10,Ammonia,1000.0,584.9783357189394,415.02166428106057
10,Ethylene,150.0,95.61265518033362,54.38734481966638
10,Ammonia,1000.0,610.5705018734257,389.42949812657434
10,Ethylene,50.0,24.41105245360974,25.58894754639026
10,Ammonia,200.0,149.35541137651919,50.644588623480814
10,Ethylene,100.0,67.1693248745076,32.830675125492405
10,Ammonia,800.0,492.17796090696305,307.82203909303695
10,Ethylene,200.0,111.19402483821197,88.80597516178803
10,Ammonia,400.0,293.05260874670586,106.94739125329414
10,Ethylene,10.0,25.837488672210156,15.837488672210156
10,Ammonia,50.0,22.945310683059958,27.054689316940042
10,Ethylene,250.0,143.09873673137412,106.90126326862588
10,Ammonia,600.0,357.6555041164158,242.34449588358422
10,Ethylene,250.0,147.66230894632906,102.33769105367094
10,Ammonia,600.0,365.14811432329805,234.85188567670195
10,Ethylene,150.0,93.13114833324309,56.86885166675691
10,Ammonia,1000.0,535.4567055597714,464.5432944402286
10,Ethylene,10.0,53.013598031220894,43.013598031220894
10,Ammonia,50.0,29.028920560229224,20.971079439770776
10,Ethylene,50.0,57.96443017587616,7.96443017587616
10,Ammonia,200.0,135.10181159484154,64.89818840515846
10,Ethylene,100.0,67.06499285361065,32.93500714638935
10,Ammonia,800.0,457.0680890282937,342.9319109717063
10,Ethylene,200.0,114.93459134006902,85.06540865993098
10,Ammonia,400.0,268.72906959056826,131.27093040943174
10,Ethylene,10.0,58.06247239014077,48.06247239014077
10,Ammonia,50.0,29.520487317913563,20.479512682086437
10,Ethylene,250.0,142.92483180339917,107.07516819660083
10,Ammonia,600.0,369.1270968020126,230.8729031979874
10,Ethylene,150.0,88.70433890425502,61.295661095744975
10,Ammonia,1000.0,565.6238971145482,434.3761028854518
10,Ethylene,50.0,60.36126508092984,10.36126508092984
10,Ammonia,200.0,135.4700171812459,64.52998281875409
10,Ethylene,100.0,65.94737760446665,34.05262239553335
10,Ammonia,800.0,458.27149845658323,341.72850154341677
10,Ethylene,200.0,115.04875178744999,84.95124821255001
10,Ammonia,400.0,262.41892983776023,137.58107016223977
10,Ethylene,50.0,54.93966495407034,4.939664954070338
10,Ammonia,200.0,133.9110612321546,66.0889387678454
10,Ethylene,100.0,67.2232847612328,32.776715238767196
10,Ammonia,800.0,464.0193353530437,335.9806646469563
10,Ethylene,200.0,110.10459498880579,89.89540501119421
10,Ammonia,400.0,267.4095359688945,132.5904640311055
10,Ethylene,10.0,61.644370597952104,51.644370597952104
10,Ammonia,50.0,30.687250265056264,19.312749734943736
10,Ethylene,250.0,142.1092324845671,107.89076751543291
10,Ammonia,600.0,371.11158083982343,228.88841916017657
10,Ethylene,150.0,85.12049808880482,64.87950191119518
10,Ammonia,1000.0,562.9123245540609,437.0876754459391
