batch_id,gas_name,concentration_ppm,predicted_gas,correct,max_probability,probability_margin,pca_nearest_class,pca_gap_ratio,probability_boundary,pca_boundary,boundary_union,pca_x,pca_y
10,Ethylene,10.0,Toluene,False,0.9962316918239721,0.9930123106089934,Toluene,0.07920787795318271,False,True,True,11.030551333753623,0.018811537194381084
10,Ethanol,50.0,Acetaldehyde,False,0.9911785569428038,0.982755989755575,Toluene,0.04456934704225941,False,True,True,12.447399872672989,-0.6449170529662945
10,Ethylene,250.0,Ethylene,True,0.9997308503186557,0.9995585581191476,Ethylene,0.22397019774986082,False,False,False,0.9713828280690524,2.2633550989965974
10,Ethanol,600.0,Acetaldehyde,False,0.9998440082470619,0.999769233862214,Ethanol,0.029915638444238734,False,True,True,8.874621072670006,-1.3917028296476808
10,Ethylene,150.0,Ethylene,True,0.9997264165993652,0.9995702002992918,Toluene,0.12329737217304529,False,True,True,4.6501819810003315,1.9799618619097588
10,Ethanol,1000.0,Acetaldehyde,False,0.9990201285853345,0.9981820843689001,Ethanol,0.31663695072237896,False,False,False,6.9765292239977175,-1.7938210258350265
10,Ethylene,50.0,Toluene,False,0.8400499606935974,0.7561115305951028,Toluene,0.20946692381756735,False,False,False,8.839017643903418,0.7397523781540319
10,Ethanol,200.0,Acetaldehyde,False,0.9331129425059719,0.8757948659162034,Toluene,0.051229660527482214,False,True,True,10.956259989046929,-0.6306119448574914
10,Ethylene,100.0,Ethylene,True,0.6418661427508582,0.34101063409526017,Toluene,0.8073855099250694,True,False,True,6.534446531636014,1.3183937322969006
10,Ethanol,800.0,Ethanol,True,0.9999999995163833,0.9999999990333904,Ethylene,0.20432915908669236,False,False,False,2.6899083953846934,-1.3120888454385051
10,Ethylene,200.0,Ethylene,True,0.9917286294450093,0.9867887399934961,Ethylene,0.415510020036332,False,False,False,3.2625702188006906,1.706220318039383
10,Ethanol,400.0,Ethanol,True,0.9999998652080611,0.9999997344553966,Ethanol,0.8688382111419699,False,False,False,5.59193184373316,-1.3695984515510378
10,Ethylene,150.0,Ethylene,True,0.9073407249336999,0.8340420707314948,Toluene,0.1128756788205726,False,True,True,4.633339096111388,1.483653816002257
10,Ethanol,1000.0,Ethanol,True,0.9999999999985703,0.9999999999971404,Acetone,0.19735688453192715,False,False,False,-4.692185865882534,-2.587739152253959
10,Ethylene,50.0,Toluene,False,0.8793846671785233,0.7822712228003946,Toluene,0.16705869117348096,False,False,False,8.795249730356897,0.3022727987665236
10,Ethanol,200.0,Ethanol,True,0.9999872781949043,0.9999795079481236,Ethanol,0.014364827020666559,False,True,True,8.46281569667698,-1.0482487088591557
10,Ethylene,100.0,Acetone,False,0.44405016107132134,0.12768071659564545,Toluene,0.8646408771263101,True,False,True,6.453652368656138,0.9209572800699688
10,Ethanol,800.0,Ethanol,True,0.9999999998435296,0.999999999687062,Acetone,0.004379309423116027,False,True,True,-1.9288430724660337,-2.4310208941071783
10,Ethylene,200.0,Ethylene,True,0.9398888255550122,0.907556158401158,Ethylene,0.5217152551604186,False,False,False,2.9491456818670465,1.6167090896977723
10,Ethanol,400.0,Ethanol,True,0.9999999088376578,0.999999818857074,Ethanol,0.5993755430611765,False,False,False,4.950532397067545,-1.6189764934396234
10,Ethylene,10.0,Toluene,False,0.9032027265012529,0.8078618544109364,Toluene,0.05843867901993576,False,True,True,10.994917517332123,-0.4656010793186183
10,Ethanol,50.0,Acetaldehyde,False,0.8076572354039049,0.7271148404686382,Toluene,0.045690608434701435,False,True,True,11.410920216036374,-0.725819721000392
10,Ethylene,250.0,Ethylene,True,0.9901274842417849,0.9849831659366873,Ethylene,0.2864445338688218,False,False,False,0.9895358647440233,2.0322008929606343
10,Ethanol,600.0,Ethanol,True,0.9999999909568088,0.9999999819254607,Ethylene,0.1378645779637746,False,True,True,2.082256016769759,-2.1042876251463722
10,Ethylene,50.0,Toluene,False,0.8939976661962622,0.7993460363384639,Toluene,0.17842988973533602,False,False,False,8.775452245495927,0.3903035053699121
10,Ethanol,200.0,Ethanol,True,0.9999692313832587,0.9999582606686155,Toluene,0.010524195626362219,False,True,True,8.850106162935358,-0.9797044417919023
10,Ethylene,100.0,Toluene,False,0.5861702617000968,0.30435089835227136,Toluene,0.8670967263149282,True,False,True,6.562820576069743,1.0674215266969516
10,Ethanol,800.0,Ethanol,True,0.9999999992417694,0.9999999984835852,Acetaldehyde,0.04021399986538044,False,True,True,-0.5314543040122548,-2.400245808267515
10,Ethylene,200.0,Ethylene,True,0.9221227470862583,0.8758684011646962,Ethylene,0.475422033691881,False,False,False,3.0928337893323743,1.6571526557119072
10,Ethanol,400.0,Ethanol,True,0.9999999117014347,0.9999998252645813,Ethanol,0.7289935408562597,False,False,False,5.3704966405277625,-1.5811734936528565
10,Ethylene,10.0,Toluene,False,0.9710185427927723,0.9426520648202599,Toluene,0.061708784053014804,False,True,True,11.055159794573575,-0.38103125986456293
10,Ethanol,50.0,Acetaldehyde,False,0.912609826810816,0.8452782501592646,Toluene,0.04783598598269279,False,True,True,11.50509816351595,-0.6603262845952533
10,Ethylene,250.0,Ethylene,True,0.9873313494493607,0.9793514464683433,Ethylene,0.2977084120737882,False,False,False,1.1160695969719736,2.098779348008097
10,Ethanol,600.0,Ethanol,True,0.999999998054856,0.9999999961145226,Ethylene,0.153396820132865,False,False,False,1.975813123443546,-2.0664329266757764
10,Ethylene,150.0,Ethylene,True,0.5971063320045535,0.2633847254137629,Toluene,0.18850860382021112,True,False,True,4.794645967886776,1.480805992646509
10,Ethanol,1000.0,Ethanol,True,0.9999999999976688,0.9999999999953374,Acetone,0.04405662673077744,False,True,True,-3.5954914562912905,-2.8193475405437045
10,Ethylene,10.0,Toluene,False,0.8497758501290729,0.7036383440503812,Toluene,0.059422183834729754,False,True,True,11.289103536753624,-0.3913493288134689
10,Ethanol,50.0,Acetaldehyde,False,0.9235827263189265,0.891333545509505,Toluene,0.04828178709537243,False,True,True,11.74797501954691,-0.6194434609711281
10,Ethylene,50.0,Toluene,False,0.8942717693232006,0.7969788510601138,Toluene,0.1807439960866725,False,False,False,8.70880044300249,0.37221223843339274
10,Ethanol,200.0,Ethanol,True,0.9999816531852744,0.9999728425295595,Ethanol,0.005811845699487569,False,True,True,8.67992824863511,-1.0667474166265187
10,Ethylene,100.0,Toluene,False,0.7358933947543332,0.5232539482518017,Toluene,0.8560905875775444,False,False,False,6.574576913419003,1.0421521797202489
10,Ethanol,800.0,Ethanol,True,0.9999999998807838,0.9999999997615707,Acetaldehyde,0.06433292024310154,False,True,True,-1.0423893409663483,-2.513202345968002
10,Ethylene,200.0,Ethylene,True,0.9131911270223756,0.848704106472588,Ethylene,0.456616070011568,False,False,False,3.193159876230791,1.6230056582759544
10,Ethanol,400.0,Ethanol,True,0.9999999674552145,0.9999999353596134,Ethanol,0.6969033826609337,False,False,False,5.292216349947511,-1.6198145862775883
10,Ethylene,250.0,Ethylene,True,0.9316675460817555,0.8835268201278301,Ethylene,0.24298623121354046,False,False,False,0.937596958723053,2.160083202083531
10,Ethanol,600.0,Ethanol,True,0.999999997652006,0.9999999953059013,Ethylene,0.15503471579376255,False,False,False,1.7262672516784159,-2.200403610242356
10,Ethylene,150.0,Toluene,False,0.5717112166594843,0.2221510748500295,Toluene,0.03389799602960058,True,True,True,4.4531044485317794,1.590376904730075
10,Ethanol,1000.0,Ethanol,True,0.99999999999858,0.99999999999716,Acetone,0.07443697992627218,False,True,True,-4.3962057651244635,-2.9473553301286888
10,Ethylene,200.0,Ethylene,True,0.6626707987222444,0.3418091992078173,Ethylene,0.4693453553868658,True,False,True,2.735698754253854,1.9395487806694431
10,Ethanol,400.0,Ethanol,True,0.999999954026021,0.9999999088892555,Ethanol,0.552834093643426,False,False,False,4.826834604551035,-1.7131050747684688
10,Ethylene,10.0,Toluene,False,0.9594648356109308,0.9192239393155768,Toluene,0.058088174551199884,False,True,True,10.91687549016956,-0.4849071476509222
10,Ethanol,50.0,Acetaldehyde,False,0.7534938701093424,0.5563619322490895,Toluene,0.047393124808665386,False,True,True,11.398434251699534,-0.6825356755215235
10,Ethylene,250.0,Ethylene,True,0.9401737337601697,0.8957511589185898,Ethylene,0.21118612485770027,False,False,False,0.778869187881457,2.1476729713809055
10,Ethanol,600.0,Ethanol,True,0.99999999921432,0.9999999984299877,Ethylene,0.15933326033673734,False,False,False,1.5268793215223546,-2.2685432038275697
10,Ethylene,150.0,Toluene,False,0.8000001509594538,0.653089697683867,Toluene,0.011255570888286614,False,True,True,4.400292857462447,1.608591781216244
10,Ethanol,1000.0,Ethanol,True,0.9999999999994975,0.9999999999989949,Acetone,0.059968729806671055,False,True,True,-5.004464063198936,-3.1503274787814695
10,Ethylene,50.0,Toluene,False,0.9912825368120557,0.9830058055348899,Toluene,0.18786940831178112,False,False,False,8.633918781179995,0.3880211883437721
10,Ethanol,200.0,Ethanol,True,0.9999924753431841,0.9999883010813563,Ethanol,0.05507788133025955,False,True,True,8.010263781634139,-1.1003079420273538
10,Ethylene,100.0,Toluene,False,0.884483877721622,0.7866899540488794,Toluene,0.9666776359814032,False,False,False,6.423824170871246,1.0929970406406484
10,Ethanol,800.0,Ethanol,True,0.9999999999588511,0.9999999999177034,Acetaldehyde,0.07588002944857736,False,True,True,-2.0979036831649855,-2.7873238874524002
10,Ethylene,50.0,Toluene,False,0.9859469581314225,0.9721291366575417,Toluene,0.1946555930363727,False,False,False,8.373434252633766,0.29772463407579053
10,Ethanol,200.0,Ethanol,True,0.9999959355692409,0.9999940013586394,Ethanol,0.049545350316575566,False,True,True,8.185261515121617,-1.1691922845710387
10,Ethylene,100.0,Toluene,False,0.981909763499428,0.968260080851307,Toluene,0.8651810185914719,False,False,False,6.235083754717688,1.1612487168172538
10,Ethanol,800.0,Ethanol,True,0.9999999999531175,0.9999999999062358,Acetaldehyde,0.07984585637408012,False,True,True,-2.1579939212388806,-2.8159196125776518
10,Ethylene,200.0,Ethylene,True,0.512526312438933,0.058454951091875484,Ethylene,0.4881849165964246,True,False,True,2.5412332278374157,1.9531712581337946
10,Ethanol,400.0,Ethanol,True,0.9999999673268127,0.9999999352595653,Ethanol,0.4307903094772639,False,False,False,4.514844124817629,-1.8074862294105831
10,Ethylene,10.0,Toluene,False,0.9698901247021078,0.9399930279141242,Toluene,0.05878912971177166,False,True,True,10.864715915667855,-0.4772764846185451
10,Ethanol,50.0,Acetaldehyde,False,0.5896492877997831,0.20667158982137723,Toluene,0.04875307185074362,True,True,True,11.336127714099627,-0.6535566811293835
10,Ethylene,250.0,Ethylene,True,0.9580572567977633,0.9270574389838374,Ethylene,0.14755391905550028,False,True,True,0.8013774762026125,2.41771702766877
10,Ethanol,600.0,Ethanol,True,0.9999999995249258,0.9999999990502273,Ethylene,0.16470171899929836,False,False,False,1.394516174253248,-2.283606811781309
10,Ethylene,150.0,Toluene,False,0.814795092039827,0.688703032670812,Toluene,0.0838212184375959,False,True,True,4.558341493728572,1.6997306738865041
10,Ethanol,1000.0,Ethanol,True,0.9999999999994726,0.9999999999989452,Acetone,0.06883680487328768,False,True,True,-5.421972009817528,-3.2074855230257997
10,Ethylene,150.0,Toluene,False,0.8582149067108896,0.7738977918379275,Toluene,0.06957572187667305,False,True,True,4.536955712934968,1.5307149923723669
10,Ethanol,1000.0,Ethanol,True,0.9999999999901914,0.9999999999803829,Acetone,0.013946002258259519,False,True,True,-5.1225015599476595,-3.3670597632279122
10,Ethylene,50.0,Toluene,False,0.9851389616254426,0.9705562851781483,Toluene,0.17441120903252263,False,False,False,8.60494738977106,0.26828111055169723
10,Ethanol,200.0,Ethanol,True,0.9999907983832141,0.9999849180106439,Ethanol,0.0221137619251304,False,True,True,8.478906367023884,-1.1168543557153283
10,Ethylene,100.0,Toluene,False,0.6719913752496528,0.3851743093118569,Toluene,0.7285454732954327,True,False,True,6.778623976029936,1.0196225162265702
10,Ethanol,800.0,Ethanol,True,0.9999999999839351,0.9999999999678705,Acetaldehyde,0.07568748582740598,False,True,True,-1.7085574144642928,-2.6999813724646327
10,Ethylene,200.0,Ethylene,True,0.6308756790079938,0.3591887294091883,Ethylene,0.38639501851644215,True,False,True,3.3429081979724837,1.7267287151090427
10,Ethanol,400.0,Ethanol,True,0.999999983998233,0.999999968165435,Ethanol,0.5973673650412276,False,False,False,4.977669934796895,-1.6815910980344795
10,Ethylene,10.0,Toluene,False,0.8641753522177383,0.7302708110879679,Toluene,0.05934961451522492,False,True,True,11.268278034007302,-0.3971472936023134
10,Ethanol,50.0,Acetaldehyde,False,0.9210563984488777,0.8685025826148567,Toluene,0.0489924332064286,False,True,True,11.755200466599446,-0.5976415404330732
10,Ethylene,250.0,Ethylene,True,0.9746764808014048,0.9566930560056539,Ethylene,0.4061455748154011,False,False,False,1.5499321263839034,2.034966886093893
10,Ethanol,600.0,Ethanol,True,0.999999999517168,0.9999999990345374,Ethylene,0.15890986168197246,False,False,False,1.5255439126017891,-2.272693442392054
10,Ethylene,250.0,Ethylene,True,0.9789023779533321,0.9634665716457572,Ethylene,0.4449323240962852,False,False,False,1.759837657203722,2.0388023981050534
10,Ethanol,600.0,Ethanol,True,0.9999999997287898,0.9999999994577361,Ethylene,0.15515735873670167,False,False,False,1.545728683591803,-2.294005091988669
10,Ethylene,150.0,Toluene,False,0.5045940636534356,0.21848139460788146,Toluene,0.32504515336687506,True,False,True,5.085268694141406,1.486740994380451
10,Ethanol,1000.0,Ethanol,True,0.9999999999953815,0.9999999999907629,Acetone,0.017799728733122112,False,True,True,-4.544286096797046,-3.184748849033963
10,Ethylene,10.0,Toluene,False,0.8349427206193496,0.6763970208835087,Toluene,0.0579469250044945,False,True,True,11.319313439275861,-0.4228775264590249
10,Ethanol,50.0,Acetaldehyde,False,0.907895868420511,0.8522795138124478,Toluene,0.04980275575968368,False,True,True,11.786379791318955,-0.5692931932829888
10,Ethylene,50.0,Toluene,False,0.9424892718717035,0.8900037444420904,Toluene,0.17865472386345102,False,False,False,8.868965661888558,0.44843728549857104
10,Ethanol,200.0,Ethanol,True,0.9999897563701469,0.9999842203805295,Ethanol,0.023965458130483175,False,True,True,8.443415923668557,-1.1147636216847072
10,Ethylene,100.0,Toluene,False,0.6774198110671129,0.3807786599703059,Toluene,0.7397066754368492,True,False,True,6.766991612645177,1.0547913698759988
10,Ethanol,800.0,Ethanol,True,0.9999999997214948,0.99999999944299,Acetaldehyde,0.11716133545962135,False,True,True,-1.6226810165288514,-2.8550287543992114
10,Ethylene,200.0,Ethylene,True,0.6129201927638812,0.38278612274739066,Ethylene,0.3636155823951971,True,False,True,3.43546816200415,1.6944921841515832
10,Ethanol,400.0,Ethanol,True,0.9999999762592134,0.9999999527824531,Ethanol,0.5784898946454432,False,False,False,4.954279207001364,-1.7576110808282444
10,Ethylene,10.0,Toluene,False,0.9164156497824468,0.8348375884655764,Toluene,0.05902902922170838,False,True,True,11.284789556757767,-0.4020251871661536
10,Ethanol,50.0,Acetaldehyde,False,0.9151867473117761,0.8657083411615842,Toluene,0.04986879130480259,False,True,True,11.803606385750854,-0.5647735227585108
10,Ethylene,250.0,Ethylene,True,0.9643681957307049,0.9397469200916244,Ethylene,0.40767655055520124,False,False,False,1.5853322307847244,2.0548791446722126
10,Ethanol,600.0,Ethanol,True,0.9999999980147591,0.999999996029906,Ethylene,0.14926055810291333,False,True,True,1.511512141353624,-2.361575466835419
10,Ethylene,150.0,Toluene,False,0.4629016505970596,0.09051221600407694,Toluene,0.33898835156640994,True,False,True,5.1150353802133415,1.4706878720444194
10,Ethanol,1000.0,Ethanol,True,0.9999999999895797,0.9999999999791593,Acetaldehyde,0.025230201473808955,False,True,True,-4.648991368030457,-3.3742437837881667
10,Ethylene,50.0,Toluene,False,0.9628608685759281,0.929199210014461,Toluene,0.16355342163970513,False,False,False,9.046254603479417,0.4054102615952449
10,Ethanol,200.0,Ethanol,True,0.9999908912524169,0.9999854548274099,Ethanol,0.025825268776601493,False,True,True,8.419450706179987,-1.1178236571713671
10,Ethylene,100.0,Toluene,False,0.769820437055512,0.5629370990359727,Toluene,0.7179022926005764,False,False,False,6.81383312267897,1.100759327675245
10,Ethanol,800.0,Ethanol,True,0.9999999997394937,0.9999999994789877,Acetaldehyde,0.1335113953542237,False,True,True,-1.8396677011970661,-2.9546006903952784
10,Ethylene,200.0,Ethylene,True,0.690345316513836,0.46611640751953437,Ethylene,0.3639894484569061,True,False,True,3.3904529331235453,1.7612560731822047
10,Ethanol,400.0,Ethanol,True,0.9999999789328611,0.9999999580895839,Ethanol,0.537016523673182,False,False,False,4.806039971369307,-1.799682121044023
10,Ethylene,50.0,Toluene,False,0.9429264865204803,0.8920221472744014,Toluene,0.1713967774327018,False,False,False,8.999946760889992,0.45842489367406036
10,Ethanol,200.0,Ethanol,True,0.9999900467391575,0.9999834994181696,Ethanol,0.02681382055897796,False,True,True,8.409560373361034,-1.1207154951465057
10,Ethylene,100.0,Toluene,False,0.7850720347046306,0.5945087883778325,Toluene,0.7242634039900941,False,False,False,6.799053954865317,1.0767845626431596
10,Ethanol,800.0,Ethanol,True,0.9999999997440114,0.9999999994880232,Acetaldehyde,0.13507162241580972,False,True,True,-1.95440641590655,-2.9793043774371233
10,Ethylene,200.0,Ethylene,True,0.6953790545011217,0.49822250508108723,Ethylene,0.34150459642486647,True,False,True,3.426513289732815,1.8147631124680585
10,Ethanol,400.0,Ethanol,True,0.9999999818388611,0.9999999638810306,Ethanol,0.5062330605687405,False,False,False,4.725030547654059,-1.82027180377357
10,Ethylene,10.0,Toluene,False,0.9161480000973723,0.8381713957625654,Toluene,0.059665698781254634,False,True,True,11.393232930180316,-0.3643573458371599
10,Ethanol,50.0,Acetaldehyde,False,0.9009606190433389,0.8328881741990303,Toluene,0.05128053757175297,False,True,True,11.815286660260204,-0.520683520748593
10,Ethylene,250.0,Ethylene,True,0.9796296164108679,0.969067457935107,Ethylene,0.36493139306549877,False,False,False,1.6131409530751641,2.227830024638315
10,Ethanol,600.0,Ethanol,True,0.9999999981521492,0.9999999963045036,Ethylene,0.14760542885221128,False,True,True,1.3080493426336999,-2.4766527449802913
10,Ethylene,150.0,Toluene,False,0.44594840597143365,0.011877361907436212,Toluene,0.33667722336998573,True,False,True,5.122475576370636,1.5881550305092957
10,Ethanol,1000.0,Ethanol,True,0.9999999999889719,0.999999999977944,Acetaldehyde,0.03568486988262011,False,True,True,-4.92907876311394,-3.5095847896934256
10,Toluene,1.0,Toluene,True,0.9564923423375234,0.9219864788395798,Toluene,0.06598007191140587,False,True,True,12.32515793009788,0.10578627653577324
10,Acetaldehyde,10.0,Ammonia,False,0.9158935612413142,0.8618361378954924,Toluene,0.20885900748972364,False,False,False,9.634279012526907,2.013511999032969
10,Toluene,100.0,Ethylene,False,0.999431837836727,0.9988742187868689,Toluene,0.14046626997890774,False,True,True,4.709843322892345,2.2322373030709817
10,Acetaldehyde,150.0,Ammonia,False,1.0,1.0,Ammonia,0.0046333694266879125,False,True,True,-27.126410395436313,19.260508614883317
10,Toluene,60.0,Ethylene,False,0.9824539756359905,0.9685222804222027,Toluene,0.3109435121918215,False,False,False,8.39759990265407,1.5584389134145709
10,Acetaldehyde,250.0,Ammonia,False,1.0,1.0,Acetone,0.01872010670487448,False,True,True,-37.1650471325134,14.468679761291389
10,Toluene,20.0,Toluene,True,0.9938360524386896,0.9885812466194098,Toluene,0.10362759101100812,False,True,True,10.828494128080763,0.5039886487265843
10,Acetaldehyde,50.0,Ammonia,False,0.9999903825268919,0.9999816729604611,Ethylene,0.2419013051952814,False,False,False,3.0924755352542435,2.8036283913030418
10,Toluene,40.0,Toluene,True,0.8116458467893719,0.6290725830656021,Toluene,0.18831418857937582,False,False,False,9.339487139343422,0.9535098555926864
10,Acetaldehyde,200.0,Ammonia,False,0.9986066454519156,0.9972181304126695,Acetone,0.2317761851378894,False,False,False,-10.138755030768824,1.7536041115576573
10,Toluene,80.0,Ethylene,False,0.7358380924932796,0.473460693787872,Toluene,0.6351857858956116,False,False,False,6.916428571106188,1.4765547004952961
10,Acetaldehyde,100.0,Ammonia,False,0.9974147645793026,0.9949652936095966,Ethylene,0.42608734342096194,False,False,False,0.6719020668360732,0.8675199099491709
10,Toluene,60.0,Toluene,True,0.9752413522267712,0.9508405760626666,Toluene,0.3298481084572334,False,False,False,8.141045315036099,1.1777220613115755
10,Acetaldehyde,250.0,Ammonia,False,0.999182895311559,0.9985480610266633,Acetone,0.21133954066732966,False,False,False,-10.381872022999115,-0.6845990680957005
10,Toluene,20.0,Toluene,True,0.9994074495072333,0.9989538780379049,Toluene,0.11013219447796956,False,True,True,10.592313280493434,0.5145821780795349
10,Acetaldehyde,50.0,Ammonia,False,0.988098800270471,0.9815272893427596,Toluene,0.16441254762319943,False,False,False,5.775289186739355,0.23926050794793036
10,Toluene,40.0,Toluene,True,0.9918081887611189,0.9839218483519472,Toluene,0.19028701897732106,False,False,False,9.277148459013686,0.9186850572448944
10,Acetaldehyde,200.0,Ammonia,False,0.9999998011586058,0.9999996024824455,Acetone,0.2001948288201124,False,False,False,-11.272957873272816,1.826111490937849
10,Toluene,80.0,Ethylene,False,0.6828807165045332,0.3685477483537911,Toluene,0.4605896450409385,True,False,True,7.538242240394919,1.5160927433097378
10,Acetaldehyde,100.0,Ammonia,False,0.9999998601600644,0.9999997414405531,Ammonia,0.025670882092913967,False,True,True,-3.327161747260476,3.099098513237033
10,Toluene,1.0,Toluene,True,0.9582309846996643,0.9350123244922534,Toluene,0.05649360011544189,False,True,True,12.492897000867213,-0.19250184880258767
10,Acetaldehyde,10.0,Ammonia,False,0.9228874281337608,0.8853807601088651,Toluene,0.08712045527842067,False,True,True,10.835797942385584,0.12727066686849103
10,Toluene,100.0,Ethylene,False,0.7813935376949568,0.5705186694182666,Toluene,0.6618375050855723,False,False,False,6.4913877806038185,1.6758659211257807
10,Acetaldehyde,150.0,Ammonia,False,0.9999999945345279,0.9999999890991734,Acetone,0.13976684362369213,False,True,True,-9.52415725272979,3.843336318564276
10,Toluene,20.0,Toluene,True,0.9995550697668946,0.999200070763848,Toluene,0.10284441354769429,False,True,True,10.880734368936583,0.5154329896851775
10,Acetaldehyde,50.0,Ammonia,False,0.9992013367308236,0.9984379714875787,Ethylene,0.03105648528821826,False,True,True,4.311866137056352,1.5580030201586859
10,Toluene,40.0,Toluene,True,0.9962941841711596,0.9926689150219056,Toluene,0.1765599268611559,False,False,False,9.567364775421268,0.9958966348828664
10,Acetaldehyde,200.0,Ammonia,False,0.9999985131104994,0.9999973703302848,Acetone,0.22170489787539646,False,False,False,-10.717982035319652,1.587052125974873
10,Toluene,80.0,Toluene,True,0.9523412630915906,0.9054460899756827,Toluene,0.4944897221909658,False,False,False,7.400415491768837,1.490437554044193
10,Acetaldehyde,100.0,Ammonia,False,0.9994753919353752,0.9991193816507816,Ethylene,0.3222766422707967,False,False,False,0.1976886883952746,0.788899008476182
10,Toluene,1.0,Toluene,True,0.9631654861467932,0.9428492230008604,Toluene,0.056622840472115264,False,True,True,12.564319802772758,-0.16663264737046313
10,Acetaldehyde,10.0,Acetaldehyde,True,0.8779346631151055,0.7675433013166997,Toluene,0.06414082188344872,False,True,True,11.517988689403778,-0.21519636233437953
10,Toluene,100.0,Ethylene,False,0.7131521583827947,0.4319567048535824,Toluene,0.6560760212866062,False,False,False,6.4533776898255075,1.6953825397711153
10,Acetaldehyde,150.0,Ammonia,False,0.9995745969609579,0.9992641486684923,Acetone,0.7632957639045511,False,False,False,-3.7946363515563397,0.465281667397407
10,Toluene,60.0,Toluene,True,0.992859690674148,0.9858034668588855,Toluene,0.26077940911473263,False,False,False,8.689464099741949,1.2243170039108486
10,Acetaldehyde,250.0,Ammonia,False,0.9971530823190705,0.9948589094712889,Acetone,0.21779988836664077,False,False,False,-9.876622918335823,-0.9853450397893994
10,Toluene,1.0,Toluene,True,0.9448536521940043,0.9146786752143135,Toluene,0.05607302194640798,False,True,True,12.613008295941448,-0.1736404053792468
10,Acetaldehyde,10.0,Acetaldehyde,True,0.9604721902306915,0.9265398558195408,Toluene,0.060013858848590784,False,True,True,11.8362422551528,-0.25190190653418787
10,Toluene,20.0,Toluene,True,0.9996743329883896,0.9994291787991452,Toluene,0.10839692435438636,False,True,True,10.686235360526254,0.5318309694533618
10,Acetaldehyde,50.0,Ammonia,False,0.9602049562897402,0.9317531386630725,Toluene,0.27663717384143355,False,False,False,6.001100024209534,0.2914778027309153
10,Toluene,40.0,Toluene,True,0.9936384472778731,0.9874462963393758,Toluene,0.1796796126770609,False,False,False,9.503762184980996,0.9836911918790745
10,Acetaldehyde,200.0,Ammonia,False,0.9877824934267101,0.9806291048627988,Acetone,0.5083615515426481,False,False,False,-6.308163992963054,-0.6713941065770066
10,Toluene,80.0,Toluene,True,0.936915202133499,0.8742365604071043,Toluene,0.49808772728140377,False,False,False,7.387764934611763,1.4798287987083005
10,Acetaldehyde,100.0,Ammonia,False,0.9876257229403467,0.9791918822655841,Ethylene,0.5830841675635088,False,False,False,1.6454879437574974,0.006145228473936274
10,Toluene,100.0,Toluene,True,0.8621647091118373,0.7252512548663239,Toluene,0.6149198913102331,False,False,False,6.856790545161405,1.647400575685359
10,Acetaldehyde,150.0,Ammonia,False,0.9979976052830735,0.996568797363947,Acetone,0.45395812571498295,False,False,False,-2.4481350402753312,-0.2356275884228319
10,Toluene,60.0,Toluene,True,0.9943700463354498,0.9888007905527125,Toluene,0.25744125574180027,False,False,False,8.72829183380117,1.238083159950217
10,Acetaldehyde,250.0,Ammonia,False,0.9883300431020557,0.9784255547823018,Acetone,0.22984566076719884,False,False,False,-9.394499635999752,-1.137126138534795
10,Toluene,80.0,Toluene,True,0.9868056478420805,0.9737164296241396,Toluene,0.41137576300432116,False,False,False,7.76454634229247,1.4380714443343676
10,Acetaldehyde,100.0,Ammonia,False,0.958486028528885,0.9375397223585589,Ethylene,0.5808991392548672,False,False,False,2.043423414576786,-0.23080275191484786
10,Toluene,1.0,Toluene,True,0.9693015702427697,0.9520451322520678,Toluene,0.05691491788824091,False,True,True,12.618488308460902,-0.13883669898286347
10,Acetaldehyde,10.0,Acetaldehyde,True,0.9833642560547007,0.969509989960898,Toluene,0.05939115000904924,False,True,True,11.8976881052757,-0.25532609514435695
10,Toluene,100.0,Toluene,True,0.7420220020329523,0.48571219104068464,Toluene,0.6543559273155768,False,False,False,6.675168746704899,1.6371846526495808
10,Acetaldehyde,150.0,Ammonia,False,0.9963253875814273,0.9943661040592757,Acetone,0.45277740830470065,False,False,False,-2.4438516944728605,-0.2314036912189378
10,Toluene,60.0,Toluene,True,0.9977114545336347,0.9954555505052524,Toluene,0.2624679452109188,False,False,False,8.685533365331164,1.245873143125566
10,Acetaldehyde,250.0,Ammonia,False,0.8447253575878741,0.7339403184637384,Acetone,0.24303944297725386,False,False,False,-8.268874276573081,-1.7070686035603122
10,Toluene,20.0,Toluene,True,0.9996630522580345,0.9994115737417334,Toluene,0.10497478942570307,False,True,True,10.850240316243758,0.5495904216123507
10,Acetaldehyde,50.0,Ammonia,False,0.7139238633611505,0.5884563284543617,Toluene,0.02005943986889796,False,True,True,6.838041935601006,-0.3219128583630548
10,Toluene,40.0,Toluene,True,0.9989729322306565,0.9979942402988715,Toluene,0.17417748381975712,False,False,False,9.588410891039752,0.9749025390960753
10,Acetaldehyde,200.0,Ammonia,False,0.9018313563634354,0.8257090325522289,Acetone,0.5406553132187459,False,False,False,-5.547304922291747,-1.1523273474070161
10,Toluene,20.0,Toluene,True,0.9999054410738757,0.9998281725461322,Toluene,0.10920529589930783,False,True,True,10.694262156643315,0.555357679111135
10,Acetaldehyde,50.0,Ammonia,False,0.7764310003972652,0.6776960287986266,Toluene,0.02101573927317492,False,True,True,6.733310129375598,-0.28620497406511286
10,Toluene,40.0,Toluene,True,0.9991966699438932,0.9984227511178764,Toluene,0.18665907305137064,False,False,False,9.404734536426181,0.9970454836410211
10,Acetaldehyde,200.0,Ammonia,False,0.8466262571809597,0.7407054251032641,Acetone,0.5392961923326266,False,False,False,-5.382435996400948,-1.2491783511685781
10,Toluene,80.0,Toluene,True,0.9939546539357793,0.9880434912987476,Toluene,0.5384913643469336,False,False,False,7.232487873947205,1.4997793844571734
10,Acetaldehyde,100.0,Ammonia,False,0.8670108375175943,0.7913720632643597,Ethylene,0.4871335056497911,False,False,False,2.3447915165162376,-0.5244296056120645
10,Toluene,1.0,Toluene,True,0.9917395934074162,0.986062894438418,Toluene,0.05833550951521029,False,True,True,12.434847297301893,-0.14045895327443778
10,Acetaldehyde,10.0,Acetaldehyde,True,0.9924726680322283,0.9867340126326493,Toluene,0.05642635100997213,False,True,True,11.807029634382518,-0.3676737425618007
10,Toluene,100.0,Toluene,True,0.9272268480061817,0.856110579641443,Toluene,0.6204678449936027,False,False,False,6.1486346110008165,1.7262916587044743
10,Acetaldehyde,150.0,Ammonia,False,0.8713874586677613,0.790606480230497,Acetone,0.2368172173156491,False,False,False,-1.7004961209091405,-0.9298512160667556
10,Toluene,60.0,Toluene,True,0.9997734712475124,0.9995588680115665,Toluene,0.33735079408270896,False,False,False,8.14284295305477,1.3016081351257551
10,Acetaldehyde,250.0,Ammonia,False,0.9423985402726975,0.8973501095009185,Acetone,0.22756297236272427,False,False,False,-8.65779937016457,-1.6828336057177102
10,Toluene,60.0,Toluene,True,0.9998101582629493,0.9996340886490742,Toluene,0.35510816786965027,False,False,False,8.04019009188777,1.316371491879943
10,Acetaldehyde,250.0,Ammonia,False,0.48019847617150635,0.1844494572949344,Acetone,0.21176126385833471,True,False,True,-8.078958237523432,-2.1495159261336263
10,Toluene,20.0,Toluene,True,0.9999941573395321,0.9999900621080278,Toluene,0.11928563964380473,False,True,True,10.270709835290162,0.5099877297574112
10,Acetaldehyde,50.0,Ammonia,False,0.42564336387493645,0.019906778529565405,Ethanol,0.17337955975745292,True,False,True,6.6437884034668055,-0.6181505453126324
10,Toluene,40.0,Toluene,True,0.9999787250145724,0.9999603093790334,Toluene,0.2199458596526168,False,False,False,8.985345970739198,1.0310292072824987
10,Acetaldehyde,200.0,Ammonia,False,0.4800921379653465,0.21213408942418882,Acetone,0.47007312497956183,True,False,True,-4.766990974622542,-1.665716928428391
10,Toluene,80.0,Toluene,True,0.9989907891249172,0.9980409966629821,Toluene,0.6250830854362941,False,False,False,6.9514341470903,1.4716572809867707
10,Acetaldehyde,100.0,Ammonia,False,0.9010223835885135,0.8510083562607453,Ethylene,0.4469875080828993,False,False,False,2.1077502948516775,-0.670242024538706
10,Toluene,1.0,Toluene,True,0.9984734354752535,0.9977094734973074,Toluene,0.05816812633412363,False,True,True,12.157628474211053,-0.22634996661601922
10,Acetaldehyde,10.0,Acetaldehyde,True,0.9967608222429037,0.9946996037976341,Toluene,0.055744430449198315,False,True,True,11.546923953508331,-0.43931673780430763
10,Toluene,100.0,Toluene,True,0.9852779217708547,0.9719147267388222,Toluene,0.5448034792634735,False,False,False,5.834619966126643,1.7398006076915522
10,Acetaldehyde,150.0,Ammonia,False,0.8636151173522081,0.7758631189963783,Acetone,0.18230658420393311,False,False,False,-1.4903617680835621,-0.9449351637982127
10,Toluene,100.0,Toluene,True,0.989086802598122,0.9786337245674978,Toluene,0.6374874985427338,False,False,False,6.622059403907415,1.7143741961973864
10,Acetaldehyde,150.0,Ammonia,False,0.9190577447396113,0.8565416906185385,Acetone,0.20222535100211542,False,False,False,-1.569423885218515,-0.980860272155579
10,Toluene,60.0,Toluene,True,0.9998932687109483,0.9997960084328549,Toluene,0.3370123577550944,False,False,False,8.135673131732862,1.2750950697375267
10,Acetaldehyde,250.0,Ammonia,False,0.8166805172016532,0.7108162405767422,Acetone,0.21953270091457175,False,False,False,-8.373328126504735,-1.9357889725582498
10,Toluene,1.0,Toluene,True,0.9964219891658223,0.9936171686756619,Toluene,0.0565220540344919,False,True,True,12.107854646625226,-0.2947509194884926
10,Acetaldehyde,10.0,Acetaldehyde,True,0.995026653740442,0.9923387587195464,Toluene,0.054302586429297174,False,True,True,11.482441046284682,-0.4896214404979688
10,Toluene,20.0,Toluene,True,0.9999941973311165,0.999989962021441,Toluene,0.12376494279987856,False,True,True,10.13590344662998,0.5118941754883658
10,Acetaldehyde,50.0,Ammonia,False,0.5425075862528976,0.19870910955265308,Ethanol,0.18853551434190804,True,False,True,6.372085762528252,-0.48064616155093304
10,Toluene,40.0,Toluene,True,0.9999652314460271,0.9999339126742944,Toluene,0.2192032965719638,False,False,False,8.979477785482867,1.0126689040292673
10,Acetaldehyde,200.0,Acetaldehyde,True,0.5796097369455202,0.35339021052199926,Acetone,0.4023220070152668,True,False,True,-4.285037046447562,-1.8621957883512057
10,Toluene,80.0,Toluene,True,0.9994854415815408,0.9990303668166516,Toluene,0.6516346816766343,False,False,False,6.7554774356736855,1.5930455568982944
10,Acetaldehyde,100.0,Ammonia,False,0.5638566954408207,0.2975959955427607,Ethylene,0.2645354420652733,True,False,True,2.9077280965542145,-0.9268047147933146
10,Toluene,1.0,Toluene,True,0.999220265488554,0.9986744159090662,Toluene,0.05890093312015567,False,True,True,12.044245735433737,-0.23249359266525327
10,Acetaldehyde,10.0,Acetaldehyde,True,0.9945814890909516,0.9918539150296659,Toluene,0.056683116659718175,False,True,True,11.663287035070676,-0.39040453263123787
10,Toluene,100.0,Toluene,True,0.9965260435031772,0.993411828458345,Toluene,0.5357872201927911,False,False,False,5.798690595813783,1.7355780715101008
10,Acetaldehyde,150.0,Ammonia,False,0.7202718060362272,0.5880315191156313,Acetone,0.12829660191887882,False,True,True,-1.2813608105713505,-1.049832354860151
10,Toluene,60.0,Toluene,True,0.9998937480666911,0.9997985801744829,Toluene,0.3560636717854025,False,False,False,8.03970806746025,1.3340298252913045
10,Acetaldehyde,250.0,Ammonia,False,0.5965151170489131,0.397465251716154,Acetone,0.23964713727994766,True,False,True,-7.644572824485756,-2.046258985283247
10,Toluene,20.0,Toluene,True,0.9999943955861436,0.9999901962180733,Toluene,0.12171429180515604,False,True,True,10.266259950243555,0.5544751832967205
10,Acetaldehyde,50.0,Acetaldehyde,True,0.6939638340097773,0.47887282639971446,Ethanol,0.13699576287639945,True,True,True,6.741604616068936,-0.6017576905554359
10,Toluene,40.0,Toluene,True,0.9999639592935834,0.9999319275727616,Toluene,0.223169166298942,False,False,False,8.936096624828325,1.0159886658984063
10,Acetaldehyde,200.0,Ammonia,False,0.4734828867724193,0.20349250344908332,Acetone,0.5438204217593445,True,False,True,-4.74217541990774,-1.4206779610570384
10,Toluene,80.0,Toluene,True,0.9997900904707188,0.9996001037492904,Toluene,0.6087352311649274,False,False,False,6.8795652546462165,1.6519986871941255
10,Acetaldehyde,100.0,Ammonia,False,0.3389090952612022,0.01506900744943257,Ethylene,0.05927907796111596,True,True,True,3.580115476856739,-0.8823621441075513
10,Toluene,20.0,Toluene,True,0.9998049215235688,0.9996523571776982,Toluene,0.1099242524331217,False,True,True,10.796070312183556,0.6371829532208764
10,Acetaldehyde,50.0,Acetaldehyde,True,0.861905530062717,0.7789967417916471,Toluene,0.03342451126701856,False,True,True,7.8227152653452725,-0.5621922780804471
10,Toluene,40.0,Toluene,True,0.9993712693044343,0.9987709667861467,Toluene,0.18071959250992595,False,False,False,9.583340037061546,1.0922424358802456
10,Acetaldehyde,200.0,Ethanol,False,0.5295077092613273,0.22678547012697542,Acetone,0.3307658238108722,True,False,True,-3.1634345298567164,-1.7319240190815195
10,Toluene,80.0,Toluene,True,0.9777329749460596,0.9555488716249207,Toluene,0.4253748489806189,False,False,False,7.6976208711007486,1.5855711178240908
10,Acetaldehyde,100.0,Ammonia,False,0.473571925657147,0.2935333535147542,Ethylene,0.049161426826878456,True,True,True,3.727645855040719,-0.6904488014443503
10,Toluene,1.0,Toluene,True,0.9821366655427819,0.9707992771577946,Toluene,0.057760612528087014,False,True,True,12.653707179170093,-0.0941499952522682
10,Acetaldehyde,10.0,Acetaldehyde,True,0.9897874269516328,0.9808597215059399,Toluene,0.05607111523686264,False,True,True,12.204950365560977,-0.2856811196246657
10,Toluene,100.0,Toluene,True,0.7709419804403405,0.5421331528654196,Toluene,0.6264807257511189,False,False,False,6.699837926746276,1.7162257742073614
10,Acetaldehyde,150.0,Ammonia,False,0.5254895492722428,0.28555858093337655,Ethylene,0.1733214354790461,True,False,True,-0.11436288753724169,-0.8445447171072289
10,Toluene,60.0,Toluene,True,0.9968693451982301,0.9937737365757274,Toluene,0.2599984387292942,False,False,False,8.775955429025206,1.3830929326733878
10,Acetaldehyde,250.0,Ethanol,False,0.6265148247442875,0.4221096587772649,Acetone,0.3455526997005901,True,False,True,-6.21574166896173,-1.8520937983534271
10,Ethylene,10.0,Toluene,False,0.44328490320808217,0.008026029578342808,Toluene,0.05153403418007367,True,True,True,11.681956253203976,-0.534560694611295
10,Ethanol,50.0,Acetaldehyde,False,0.5602853824780967,0.1402279242060419,Toluene,0.0449419679325582,True,True,True,11.704377316671984,-0.7213861051392599
10,Ethylene,250.0,Toluene,False,0.7305726904724827,0.4831572858433971,Ethylene,0.02574447017178513,False,True,True,4.399973129535126,1.0005623145157219
10,Ethanol,600.0,Ethanol,True,0.9999999999742859,0.9999999999485897,Ethylene,0.11639587426178283,False,True,True,1.494457759203946,-2.681263937230352
10,Ethylene,150.0,Toluene,False,0.8882838915944378,0.7822163442948272,Toluene,0.48422605468405755,False,False,False,7.256830179762249,0.8132563361122616
10,Ethanol,1000.0,Ethanol,True,0.9999999999999636,0.9999999999999272,Acetaldehyde,0.13811072676265124,False,True,True,-5.028342654257069,-3.993941582280646
10,Ethylene,50.0,Toluene,False,0.9878049305833794,0.9771629052103439,Toluene,0.09723549684279233,False,True,True,10.253258031323613,0.09933588935018936
10,Ethanol,200.0,Ethanol,True,0.9999158265500879,0.999839320390611,Ethanol,0.020529859093586716,False,True,True,8.644106215661985,-1.1813375815660647
10,Ethylene,100.0,Toluene,False,0.978964163480483,0.9597390004606201,Toluene,0.22709850973112028,False,False,False,8.536609461562914,0.6468870861388596
10,Ethanol,800.0,Ethanol,True,0.9999999999993181,0.9999999999986363,Acetaldehyde,0.2777876346044488,False,False,False,-2.2529357004198713,-3.524295861180869
10,Ethylene,200.0,Toluene,False,0.6933356520827301,0.3969814714949397,Toluene,0.603256202483629,True,False,True,5.81399730629476,1.3128733517052487
10,Ethanol,400.0,Ethanol,True,0.9999999973986051,0.9999999951027213,Ethanol,0.49219792106244353,False,False,False,4.751808973847739,-1.9922076469628416
10,Ethylene,150.0,Toluene,False,0.9259021977718321,0.8628410460451493,Toluene,0.6074303892720556,False,False,False,7.061289124614981,1.1776047829620935
10,Ethanol,1000.0,Ethanol,True,0.9999999999999802,0.9999999999999606,Acetaldehyde,0.12841290603982408,False,True,True,-5.6142581922686245,-4.255853380392221
10,Ethylene,50.0,Toluene,False,0.992680224677287,0.9863438505023272,Toluene,0.1071760389264648,False,True,True,10.117173300296477,0.21285317711943846
10,Ethanol,200.0,Ethanol,True,0.9999444673928652,0.9998916911384745,Ethanol,0.023794083701947803,False,True,True,8.59127000941671,-1.1850241000019015
10,Ethylene,100.0,Toluene,False,0.969690711853458,0.9417083245828911,Toluene,0.27153697866362364,False,False,False,8.294099797450869,0.7983416171856909
10,Ethanol,800.0,Ethanol,True,0.999999999999351,0.9999999999987019,Acetaldehyde,0.30349941254049195,False,False,False,-2.5319839616588657,-3.643253823820001
10,Ethylene,200.0,Toluene,False,0.7145635130424888,0.43833081673410423,Toluene,0.4577415498807062,False,False,False,5.480618330639818,1.409163634915375
10,Ethanol,400.0,Ethanol,True,0.9999999977102405,0.9999999958506477,Ethanol,0.4271144871075,False,False,False,4.559069616267731,-2.0351089304213943
10,Ethylene,10.0,Toluene,False,0.8313418316690784,0.7042965145072624,Toluene,0.05753944614212532,False,True,True,11.869454287110408,-0.319702264710611
10,Ethanol,50.0,Acetaldehyde,False,0.9797282168091688,0.971462410535096,Toluene,0.05232686565448406,False,True,True,12.073094669142021,-0.4410678699724837
10,Ethylene,250.0,Acetone,False,0.4108440154865849,0.0969013269803452,Ethylene,0.14387466708379468,True,True,True,3.961855687973008,1.899413504232293
10,Ethanol,600.0,Ethanol,True,0.9999999999783467,0.9999999999568409,Ethylene,0.030817526559348746,False,True,True,0.580095027347522,-2.911089146638462
10,Ethylene,50.0,Toluene,False,0.9918221703646325,0.9848205887132626,Toluene,0.11383343428896418,False,True,True,10.046103535502208,0.29053614228814023
10,Ethanol,200.0,Ethanol,True,0.9999615394706843,0.9999254941406366,Ethanol,0.03049772505487798,False,True,True,8.421524050900878,-1.1560331833893498
10,Ethylene,100.0,Toluene,False,0.9789676011781444,0.9597695689601683,Toluene,0.27573209032455137,False,False,False,8.255786967102194,0.792107780089189
10,Ethanol,800.0,Ethanol,True,0.9999999999995699,0.9999999999991398,Acetaldehyde,0.30565237232723236,False,False,False,-3.033388869269043,-3.753319323754395
10,Ethylene,200.0,Toluene,False,0.7898755518806654,0.5852327859315907,Toluene,0.44226223211233073,False,False,False,5.441527593645732,1.3752633591775185
10,Ethanol,400.0,Ethanol,True,0.9999999983826864,0.9999999970799043,Ethanol,0.385044351725711,False,False,False,4.427638759915459,-2.0455410331029666
10,Ethylene,10.0,Toluene,False,0.8909316257130062,0.811830991854973,Toluene,0.05789021746542842,False,True,True,11.777210769492678,-0.33043386611933256
10,Ethanol,50.0,Acetaldehyde,False,0.9496303932787787,0.9213684679378069,Toluene,0.052282139005938734,False,True,True,12.073180660629355,-0.4425146212893567
10,Ethylene,250.0,Toluene,False,0.7626445161384457,0.6083912859828456,Ethylene,0.20273669093478788,False,False,False,3.7983723334400588,1.899694559867507
10,Ethanol,600.0,Ethanol,True,0.9999999999826259,0.9999999999653375,Ethylene,0.005157821503860049,False,True,True,0.49718952927306925,-2.9829627357289348
10,Ethylene,150.0,Toluene,False,0.9448041078568133,0.8961845341911049,Toluene,0.6941683904388773,False,False,False,6.851666824724659,1.2493632360846936
10,Ethanol,1000.0,Ethanol,True,0.9999999999999818,0.9999999999999636,Acetaldehyde,0.10777443061683745,False,True,True,-6.08261147431255,-4.389004765599358
10,Ethylene,10.0,Toluene,False,0.8267436063844105,0.7122169648400357,Toluene,0.05820068764593864,False,True,True,11.907709940645574,-0.2899950856077481
10,Ethanol,50.0,Acetaldehyde,False,0.9588628904213164,0.9378884587126441,Toluene,0.051221575268738925,False,True,True,12.120282111993129,-0.468292505924669
10,Ethylene,50.0,Toluene,False,0.9881012190528331,0.977775844065195,Toluene,0.12084150126886593,False,True,True,9.897912701692016,0.32916991473140134
10,Ethanol,200.0,Ethanol,True,0.9999278691613238,0.9998580155876474,Ethanol,0.033699595676122955,False,True,True,8.401556335302878,-1.1712632993480954
10,Ethylene,100.0,Toluene,False,0.958653064731718,0.9224775780504634,Toluene,0.2952309549267872,False,False,False,8.216808738153894,0.9182298313789187
10,Ethanol,800.0,Ethanol,True,0.9999999999994467,0.9999999999988933,Acetaldehyde,0.31101516242847277,False,False,False,-2.9519067936671712,-3.749222274191673
10,Ethylene,200.0,Toluene,False,0.7659083295311875,0.556270200753918,Toluene,0.4355920222586911,False,False,False,5.420096602674456,1.5523258732090166
10,Ethanol,400.0,Ethanol,True,0.9999999986797186,0.999999997610373,Ethanol,0.3091240903557457,False,False,False,4.191306481027209,-2.115817501526862
10,Ethylene,250.0,Toluene,False,0.5142096103682775,0.07848386695254139,Ethylene,0.20459606603165179,True,False,True,3.6438071816044113,2.234596646105861
10,Ethanol,600.0,Ethanol,True,0.9999999999898013,0.9999999999797294,Acetaldehyde,0.14325768986987736,False,True,True,-0.2756370512732014,-3.144593099519242
10,Ethylene,150.0,Toluene,False,0.9850792299092825,0.9709126435098246,Toluene,0.7070205855497932,False,False,False,6.093579340679121,1.4224756899413167
10,Ethanol,1000.0,Ethanol,True,0.9999999999999882,0.9999999999999766,Acetaldehyde,0.059005898188306274,False,True,True,-7.3701118303663264,-4.672685593687015
10,Ethylene,200.0,Toluene,False,0.9503478161184813,0.9029129167679468,Toluene,0.11538623668316321,False,True,True,4.62943287416905,1.80908860726613
10,Ethanol,400.0,Ethanol,True,0.9999999991400623,0.9999999986225465,Ethanol,0.14052207002276845,False,True,True,3.569766233992097,-2.242565656122438
10,Ethylene,10.0,Toluene,False,0.9894262563188468,0.9792353038354681,Toluene,0.0599159841362568,False,True,True,11.211852418518207,-0.39388985620144945
10,Ethanol,50.0,Acetaldehyde,False,0.6621311529427786,0.34147503496740733,Toluene,0.04876054179772303,True,True,True,11.392643453607029,-0.6476202781609667
10,Ethylene,250.0,Toluene,False,0.7867526181609196,0.6465578491418197,Ethylene,0.35441977240070377,False,False,False,2.90009804937872,2.328900480678985
10,Ethanol,600.0,Ethanol,True,0.9999999999830178,0.9999999999664931,Acetaldehyde,0.17290373683386367,False,False,False,-0.4026858406020817,-3.19795065310732
10,Ethylene,150.0,Toluene,False,0.9921414176034787,0.9846251390845866,Toluene,0.6810287635611512,False,False,False,6.0195093517272245,1.41204760909274
10,Ethanol,1000.0,Ethanol,True,0.999999999999992,0.999999999999984,Acetaldehyde,0.05433838757757935,False,True,True,-7.5438106402845255,-4.710379834633485
10,Ethylene,50.0,Toluene,False,0.9995474873196831,0.9991126886280891,Toluene,0.13324391336711758,False,True,True,9.356261849690213,0.23437552608631126
10,Ethanol,200.0,Ethanol,True,0.9999823355109823,0.9999650062040071,Ethanol,0.15467536801933213,False,False,False,7.6167447155056,-1.4423153790575904
10,Ethylene,100.0,Toluene,False,0.998172536509388,0.9964533026108514,Toluene,0.44225361029406457,False,False,False,7.483238308269546,0.939425326931693
10,Ethanol,800.0,Ethanol,True,0.9999999999996094,0.999999999999219,Acetaldehyde,0.2535429743095307,False,False,False,-4.071175134255361,-3.978968654822341
10,Ethylene,50.0,Toluene,False,0.9984895844576032,0.9969873307466072,Toluene,0.1347715060192502,False,True,True,9.214534099745354,0.1889705674940522
10,Ethanol,200.0,Ethanol,True,0.9999762890109821,0.9999531187801385,Ethanol,0.1404849080788498,False,True,True,7.633171506593933,-1.3556957927208806
10,Ethylene,100.0,Toluene,False,0.988360302327682,0.9768158950825508,Toluene,0.46831107092884766,False,False,False,7.336827039154899,0.8516927906145986
10,Ethanol,800.0,Ethanol,True,0.9999999999997151,0.9999999999994303,Acetaldehyde,0.24730796409859004,False,False,False,-4.180086230170895,-4.010467342199349
10,Ethylene,200.0,Toluene,False,0.9842283078149039,0.9691036856043682,Ethylene,0.01801228180739404,False,True,True,4.319538548512035,1.711604576871178
10,Ethanol,400.0,Ethanol,True,0.999999999122493,0.9999999985705236,Ethanol,0.1024162513082452,False,True,True,3.393618636446289,-2.2993599735448935
10,Ethylene,10.0,Toluene,False,0.9883397813218006,0.9769114516269318,Toluene,0.05784782534990673,False,True,True,11.09399697813269,-0.46364244733109194
10,Ethanol,50.0,Acetaldehyde,False,0.5209616050655342,0.053318659095299925,Toluene,0.05043474391804329,True,True,True,11.381115952449477,-0.6055997560300798
10,Ethylene,250.0,Toluene,False,0.6627312632328667,0.40790827665039403,Ethylene,0.38303382537413866,True,False,True,2.7412916840405077,2.3026283296445524
10,Ethanol,600.0,Ethanol,True,0.9999999999931604,0.9999999999864746,Acetaldehyde,0.2154415116411708,False,False,False,-0.6612163571663126,-3.279063648284186
10,Ethylene,150.0,Toluene,False,0.98484978440429,0.9703396563186943,Toluene,0.6307752310798245,False,False,False,5.913607817130627,1.4411969960494628
10,Ethanol,1000.0,Ethanol,True,0.99999999999999,0.9999999999999799,Acetaldehyde,0.056035483914868324,False,True,True,-7.500930406870938,-4.707200856584209
10,Ethylene,150.0,Toluene,False,0.9879279091627647,0.9761027881164562,Toluene,0.6536690489016974,False,False,False,5.938938193738236,1.3786506129056437
10,Ethanol,1000.0,Ethanol,True,0.9999999999999885,0.9999999999999769,Acetaldehyde,0.06006793319987606,False,True,True,-7.365296880545936,-4.6810509659495265
10,Ethylene,50.0,Toluene,False,0.9984214186547443,0.9968527489687776,Toluene,0.1317641958906423,False,True,True,9.237321680540262,0.1664832522055903
10,Ethanol,200.0,Ethanol,True,0.9999696875688023,0.9999400064892825,Ethanol,0.14471260666475627,False,True,True,7.603699311751932,-1.3527238633007725
10,Ethylene,100.0,Toluene,False,0.9955226112632618,0.9913263760500867,Toluene,0.4644146983995221,False,False,False,7.443285777237939,1.0213739130962443
10,Ethanol,800.0,Ethanol,True,0.9999999999991671,0.9999999999983344,Acetaldehyde,0.2741630809872406,False,False,False,-4.079361736423794,-4.059695323057086
10,Ethylene,200.0,Toluene,False,0.9429374944790279,0.8904715549866323,Toluene,0.13566471598906893,False,True,True,4.677841660393617,1.773915175394176
10,Ethanol,400.0,Ethanol,True,0.9999999990856749,0.9999999984972168,Ethanol,0.16820617914681119,False,False,False,3.6782522724827116,-2.256814447209019
10,Ethylene,10.0,Toluene,False,0.9967859451281283,0.993993367103509,Toluene,0.06189376951500966,False,True,True,11.419972108246025,-0.3000332457244058
10,Ethanol,50.0,Acetaldehyde,False,0.7635242092563679,0.5337758126125636,Toluene,0.052896866282513715,False,True,True,11.691048025234906,-0.49392004591446886
10,Ethylene,250.0,Toluene,False,0.5391071608841064,0.2717962130839245,Ethylene,0.3528516972436482,True,False,True,2.91691158462109,2.3232824490081017
10,Ethanol,600.0,Ethanol,True,0.9999999999842177,0.9999999999687679,Acetaldehyde,0.18034059826614948,False,False,False,-0.39340794463702256,-3.244879668436589
10,Ethylene,250.0,Toluene,False,0.7470273509287522,0.5511305805028569,Ethylene,0.29466796053274874,False,False,False,3.21382841999041,2.336590079055499
10,Ethanol,600.0,Ethanol,True,0.9999999999928897,0.9999999999858996,Acetaldehyde,0.15789584579143268,False,False,False,-0.3494664668797459,-3.161874838255154
10,Ethylene,150.0,Toluene,False,0.956629715128861,0.9167044676246502,Toluene,0.6588626799536009,False,False,False,6.152547348291495,1.6117887213966506
10,Ethanol,1000.0,Ethanol,True,0.9999999999999867,0.9999999999999734,Acetaldehyde,0.057507535718970604,False,True,True,-7.541132908655137,-4.743033995748846
10,Ethylene,10.0,Toluene,False,0.9952590122338928,0.9908376935828188,Toluene,0.06170028185059783,False,True,True,11.443686396772211,-0.29969060753392796
10,Ethanol,50.0,Acetaldehyde,False,0.9115196439548245,0.8253783751212521,Toluene,0.05022231827016451,False,True,True,11.590180506879634,-0.5848649200753189
10,Ethylene,50.0,Toluene,False,0.9992771399172565,0.9986041610657768,Toluene,0.15748111043004312,False,False,False,9.193847979775692,0.42652187520023077
10,Ethanol,200.0,Ethanol,True,0.9998831340919628,0.9997678504121102,Ethanol,0.19541964911289228,False,False,False,7.367024999915391,-1.4124296148158422
10,Ethylene,100.0,Toluene,False,0.9983035832806882,0.9966889899906243,Toluene,0.48376088209996776,False,False,False,7.3905578910440255,1.055875363720233
10,Ethanol,800.0,Ethanol,True,0.99999999999975,0.9999999999995,Acetaldehyde,0.22485327615177322,False,False,False,-4.798567083187329,-4.2699249379537045
10,Ethylene,200.0,Toluene,False,0.977823800267308,0.9594586545540543,Toluene,0.18840926666939556,False,False,False,4.808128591273058,1.8576412844204917
10,Ethanol,400.0,Ethanol,True,0.9999999988611912,0.999999998287327,Ethanol,0.16357186726824885,False,False,False,3.6604629100941843,-2.2529442489157523
10,Ethylene,10.0,Toluene,False,0.9938248823230393,0.9895224764947061,Toluene,0.061479271807239805,False,True,True,11.645695125747256,-0.2570108374843936
10,Ethanol,50.0,Acetaldehyde,False,0.9462443845162551,0.8960854166847245,Toluene,0.05137954609683305,False,True,True,11.863406701945218,-0.5096433201396238
10,Ethylene,250.0,Ethylene,True,0.3987112467353651,0.047595420680387135,Ethylene,0.3317935093374428,True,False,True,3.0473074001370053,2.3150180607504
10,Ethanol,600.0,Ethanol,True,0.999999999991112,0.9999999999825273,Acetaldehyde,0.19414606222834632,False,False,False,-0.4372441353731284,-3.2822054417010227
10,Ethylene,150.0,Toluene,False,0.9335398155427834,0.8791604773832487,Toluene,0.7098176808062461,False,False,False,6.348503638206056,1.5550081024980504
10,Ethanol,1000.0,Ethanol,True,0.9999999999999873,0.9999999999999748,Acetaldehyde,0.07202876227426565,False,True,True,-7.3541022845691915,-4.798493363803631
10,Ethylene,50.0,Toluene,False,0.9991250471994657,0.9983687852398034,Toluene,0.13217876148323252,False,True,True,9.736971442567643,0.4146653379967855
10,Ethanol,200.0,Ethanol,True,0.9999459678171498,0.9998928865100655,Ethanol,0.08498726945323176,False,True,True,7.961608493841206,-1.2695667453215727
10,Ethylene,100.0,Toluene,False,0.9833306062445103,0.9678939127364328,Toluene,0.3911224102275155,False,False,False,7.772137980690018,1.0937831530728108
10,Ethanol,800.0,Ethanol,True,0.9999999999993932,0.9999999999987865,Acetaldehyde,0.2796162357984711,False,False,False,-4.217902733055885,-4.156109339455504
10,Ethylene,200.0,Toluene,False,0.7705150865751926,0.5722791898812096,Toluene,0.15236084941355293,False,False,False,4.719349963254075,1.845115152110462
10,Ethanol,400.0,Ethanol,True,0.9999999982946317,0.9999999972631879,Ethanol,0.1514791878778321,False,False,False,3.600977150164979,-2.312874856968857
10,Ethylene,50.0,Toluene,False,0.9977482153624223,0.9957869030800112,Toluene,0.1358842277159274,False,True,True,9.746523609674353,0.4758574911684643
10,Ethanol,200.0,Ethanol,True,0.9999418034579617,0.9998847570764908,Ethanol,0.09861459082055098,False,True,True,7.842614402099122,-1.2674519839924523
10,Ethylene,100.0,Toluene,False,0.9778959008838453,0.9575416176394371,Toluene,0.39401885078007903,False,False,False,7.776020046913418,1.1365213278472692
10,Ethanol,800.0,Ethanol,True,0.9999999999996765,0.999999999999353,Acetaldehyde,0.25131538006871984,False,False,False,-4.456511301278494,-4.178893502564284
10,Ethylene,200.0,Toluene,False,0.8644042603066706,0.7677377421014554,Toluene,0.18471115561532345,False,False,False,4.801229063421075,1.8871210709054014
10,Ethanol,400.0,Ethanol,True,0.999999998311117,0.9999999973727622,Ethanol,0.1368720237835788,False,True,True,3.540199066651364,-2.3098900710371972
10,Ethylene,10.0,Toluene,False,0.991986413422908,0.9863396285807748,Toluene,0.061897164902703326,False,True,True,11.663398875054153,-0.24046901831339165
10,Ethanol,50.0,Acetaldehyde,False,0.7324603257185957,0.47929415268186465,Toluene,0.05323151475378811,False,True,True,11.911700059546407,-0.44388406322168705
10,Ethylene,250.0,Ethylene,True,0.611421937756007,0.3820564174614677,Ethylene,0.3210642978792444,True,False,True,3.013469557734887,2.402699347915428
10,Ethanol,600.0,Ethanol,True,0.9999999999885913,0.9999999999776445,Acetaldehyde,0.231861360475127,False,False,False,-0.7521566479273324,-3.3571199588909355
10,Ethylene,150.0,Toluene,False,0.9816557655127867,0.9660039159691705,Toluene,0.6672964958970283,False,False,False,6.278151062183951,1.6450109374412503
10,Ethanol,1000.0,Ethanol,True,0.9999999999999936,0.9999999999999871,Acetaldehyde,0.05605866899630834,False,True,True,-7.939681028827146,-4.93051477897512
10,Ethylene,10.0,Toluene,False,0.9822973070075746,0.9689593523454327,Toluene,0.06102528627582315,False,True,True,11.69110620826153,-0.2586911566953201
10,Ethanol,50.0,Acetaldehyde,False,0.8810339283926919,0.7752787955508432,Toluene,0.05197883241179798,False,True,True,11.973624113898742,-0.47141275307778474
10,Ethylene,250.0,Ethylene,True,0.4966502345063113,0.21373182390819562,Ethylene,0.3322628121216854,True,False,True,3.04067403802347,2.3188875875390162
10,Ethanol,600.0,Ethanol,True,0.9999999999866833,0.9999999999737321,Acetaldehyde,0.21962133848162288,False,False,False,-0.5796031669993874,-3.311022603968612
10,Ethylene,150.0,Toluene,False,0.9690639925537966,0.9416435940796893,Toluene,0.7148454907894147,False,False,False,6.272755178059434,1.5242115069932258
10,Ethanol,1000.0,Ethanol,True,0.9999999999999889,0.9999999999999778,Acetaldehyde,0.009262385251062188,False,True,True,-9.838644149578766,-5.041934295299756
10,Ethylene,50.0,Toluene,False,0.9984380981680471,0.9970739285881615,Toluene,0.13269047227242184,False,True,True,9.769968115659312,0.4413352673565668
10,Ethanol,200.0,Ethanol,True,0.9999038249962606,0.999808971926366,Ethanol,0.10799700261764969,False,True,True,7.823330133101633,-1.3162669386016639
10,Ethylene,100.0,Toluene,False,0.9839397596623805,0.9688621348882612,Toluene,0.39060129671711896,False,False,False,7.792874747960149,1.1383152176477538
10,Ethanol,800.0,Ethanol,True,0.9999999999995051,0.9999999999990103,Acetaldehyde,0.26236500169358445,False,False,False,-4.455806586036695,-4.225545702747095
10,Ethylene,200.0,Toluene,False,0.8972570808382212,0.8221705139869674,Toluene,0.15936353873945558,False,False,False,4.740572645617025,1.9308019926592888
10,Ethanol,400.0,Ethanol,True,0.9999999982015388,0.9999999972109728,Ethanol,0.11871221282911947,False,True,True,3.4593689399634058,-2.321337310580789
10,Ethylene,150.0,Toluene,False,0.9535362358080793,0.9203646772401931,Toluene,0.6883188301388075,False,False,False,6.324058885506377,1.602501077131921
10,Ethanol,1000.0,Ethanol,True,0.9999999999999836,0.9999999999999671,Acetaldehyde,0.06099830443821743,False,True,True,-7.884720424538897,-4.962437925319436
10,Ethylene,50.0,Toluene,False,0.9985385826196596,0.9972317695615479,Toluene,0.13373188840146105,False,True,True,9.731563722539647,0.43461426845532314
10,Ethanol,200.0,Ethanol,True,0.9998452408875165,0.9996919097218958,Ethanol,0.10035877635434443,False,True,True,7.855698810150605,-1.290936486290196
10,Ethylene,100.0,Toluene,False,0.9874504323920875,0.9777344460140993,Toluene,0.371232600928221,False,False,False,7.898993873980195,1.1634130201416166
10,Ethanol,800.0,Ethanol,True,0.9999999999994127,0.9999999999988256,Acetaldehyde,0.25747860507425396,False,False,False,-4.490188195098271,-4.225537070491698
10,Ethylene,200.0,Toluene,False,0.8655687384455272,0.7436946323436616,Toluene,0.1963821226820994,False,False,False,4.830768169603706,1.8930545400915375
10,Ethanol,400.0,Ethanol,True,0.9999999985209347,0.9999999975373338,Ethanol,0.11377036053098513,False,True,True,3.4296165136458154,-2.352036718321678
10,Ethylene,10.0,Toluene,False,0.9855367742497287,0.9748439551310824,Toluene,0.06145029153107382,False,True,True,11.69979812221545,-0.24407254392110742
10,Ethanol,50.0,Acetaldehyde,False,0.8141901063870732,0.6498136076273452,Toluene,0.05260016345258476,False,True,True,12.022376886242666,-0.44223749993963185
10,Ethylene,250.0,Ethylene,True,0.7694369622084106,0.6313746122905207,Ethylene,0.2999638362225423,False,False,False,3.1448901306484207,2.385061529564036
10,Ethanol,600.0,Ethanol,True,0.999999999978114,0.9999999999567569,Acetaldehyde,0.22478164848502863,False,False,False,-0.5507262539656318,-3.351834669363678
10,Ethylene,50.0,Toluene,False,0.9917589976988992,0.9849617900441133,Toluene,0.12654064695006487,False,True,True,10.003159491447308,0.4803618695669904
10,Ethanol,200.0,Ethanol,True,0.9998778576982765,0.9997575205844258,Ethanol,0.07346435843602292,False,True,True,8.054150845862077,-1.2565184105050828
10,Ethylene,100.0,Toluene,False,0.8972892083468739,0.8118753538512509,Toluene,0.3309733746174211,False,False,False,8.12406286629104,1.155957339228534
10,Ethanol,800.0,Ethanol,True,0.9999999999991802,0.9999999999983605,Acetaldehyde,0.2884639836082302,False,False,False,-4.319033113101056,-4.251978112702072
10,Ethylene,200.0,Toluene,False,0.5973513821572162,0.38928730286455304,Toluene,0.3130283375845191,True,False,True,5.112999441358469,1.8424404628020272
10,Ethanol,400.0,Ethanol,True,0.9999999976136575,0.9999999962831573,Ethanol,0.16029023972691128,False,False,False,3.6377536568158897,-2.311227157618398
10,Ethylene,10.0,Toluene,False,0.9111634401158286,0.8492403232433698,Toluene,0.061170749658907064,False,True,True,11.904398572825613,-0.19778288483494172
10,Ethanol,50.0,Acetaldehyde,False,0.8165976786743981,0.6650012673407891,Toluene,0.05302992272812599,False,True,True,12.288197713295846,-0.37144603128805576
10,Ethylene,250.0,Ethylene,True,0.7140681774142037,0.4832694526686825,Ethylene,0.2759232318720483,False,False,False,3.418877896335741,2.1708201089364563
10,Ethanol,600.0,Ethanol,True,0.9999999999752214,0.999999999950925,Acetaldehyde,0.17640983007449065,False,False,False,-0.3472749494608299,-3.2618998004765287
10,Ethylene,150.0,Toluene,False,0.7401608241887605,0.5196733014860265,Toluene,0.7262027989245206,False,False,False,6.647345354075855,1.4406819861144413
10,Ethanol,1000.0,Ethanol,True,0.9999999999999816,0.9999999999999631,Acetaldehyde,0.07688840217459326,False,True,True,-7.34723236309261,-4.845827461634515
10,Ethylene,10.0,Toluene,False,0.8651202941170936,0.769203951375001,Toluene,0.06092594022874923,False,True,True,11.981097457206532,-0.18403892193147436
10,Ethanol,50.0,Acetaldehyde,False,0.7825606439729847,0.6086544602992647,Toluene,0.05302516609195453,False,True,True,12.310741779148733,-0.36647553645932207
10,Ethylene,50.0,Toluene,False,0.980526617606232,0.9657352141960491,Toluene,0.13463088529865455,False,True,True,9.885185708540257,0.5429556455868322
10,Ethanol,200.0,Ethanol,True,0.9999119649948159,0.9998258875298716,Ethanol,0.07981696673329504,False,True,True,8.000614526669239,-1.262672564839262
10,Ethylene,100.0,Toluene,False,0.8987877708859946,0.8088229599899637,Toluene,0.33821307890812247,False,False,False,8.04708880618078,1.0879770892698062
10,Ethanol,800.0,Ethanol,True,0.9999999999991822,0.9999999999983645,Acetaldehyde,0.3047613903901421,False,False,False,-4.0152126736604545,-4.140508696051735
10,Ethylene,200.0,Toluene,False,0.5702897848486961,0.26152749716178286,Toluene,0.3071941402097443,True,False,True,5.081642217518938,1.755139839446163
10,Ethanol,400.0,Ethanol,True,0.9999999975765343,0.9999999963340278,Ethanol,0.19292249554196142,False,False,False,3.7729240813544345,-2.2781769727671946
10,Ethylene,250.0,Ethylene,True,0.5759118789970956,0.32789301159551176,Ethylene,0.20920533265052804,True,False,True,3.694043791839262,2.09732385208887
10,Ethanol,600.0,Ethanol,True,0.9999999999847278,0.999999999969649,Acetaldehyde,0.13138319829619868,False,True,True,-0.11214433685473836,-3.216467024164037
10,Ethylene,150.0,Toluene,False,0.7190707931655342,0.5157208637399879,Toluene,0.7033871652203086,False,False,False,6.682706319598504,1.4802266681378975
10,Ethanol,1000.0,Ethanol,True,0.9999999999999831,0.9999999999999662,Acetaldehyde,0.08241772767090479,False,True,True,-7.25236468586508,-4.8490156762356404
10,Ethylene,200.0,Toluene,False,0.5139790461312352,0.15877188618325483,Toluene,0.38350601216825625,True,False,True,5.253131729703866,1.6894279101349745
10,Ethanol,400.0,Ethanol,True,0.9999999977895837,0.9999999966265021,Ethanol,0.20558967553556698,False,False,False,3.8241693625689033,-2.2513668634949218
10,Ethylene,10.0,Toluene,False,0.8490791912453423,0.7481755576667113,Toluene,0.0601371092624672,False,True,True,11.90652239198382,-0.2296622847562475
10,Ethanol,50.0,Acetaldehyde,False,0.725874071462272,0.5120198615430503,Toluene,0.05338253869576998,False,True,True,12.28354678205936,-0.3601231291913918
10,Ethylene,250.0,Ethylene,True,0.7624980134351297,0.5775433960987384,Ethylene,0.25633018928705925,False,False,False,3.5055313860105426,2.1492714436863456
10,Ethanol,600.0,Ethanol,True,0.9999999999759304,0.9999999999522332,Acetaldehyde,0.18137744181782903,False,False,False,-0.35405384970262443,-3.2827597168812046
10,Ethylene,150.0,Toluene,False,0.7765379410291042,0.5960183762781459,Toluene,0.7104961605050892,False,False,False,6.731223031375734,1.4096978564850193
10,Ethanol,1000.0,Ethanol,True,0.9999999999999696,0.999999999999939,Acetaldehyde,0.07439137040301026,False,True,True,-7.34271187201925,-4.816937638301598
10,Ethylene,50.0,Toluene,False,0.9868486733591469,0.9754543658114093,Toluene,0.11735169685031889,False,True,True,10.08944524438208,0.37174375021550843
10,Ethanol,200.0,Ethanol,True,0.9999417829910784,0.9998850562825994,Ethanol,0.06301039568157284,False,True,True,8.122498778025221,-1.2277818410095966
10,Ethylene,100.0,Toluene,False,0.9561753805855006,0.9183964648674764,Toluene,0.298338764461424,False,False,False,8.238404665569965,0.9794828716181503
10,Ethanol,800.0,Ethanol,True,0.9999999999993137,0.9999999999986274,Acetaldehyde,0.2698233027527361,False,False,False,-4.365634439223561,-4.202534244252157
10,Ethylene,50.0,Toluene,False,0.9974580788295119,0.9951132981502427,Toluene,0.12051149098932036,False,True,True,9.857940306855864,0.3040137500814731
10,Ethanol,200.0,Ethanol,True,0.999950705292662,0.9999024157725499,Ethanol,0.09406999037301565,False,True,True,7.902955833650191,-1.2867460905236385
10,Ethylene,100.0,Toluene,False,0.9753057313437875,0.9520873451384952,Toluene,0.2953412566105688,False,False,False,8.200145771153272,0.8971383483046976
10,Ethanol,800.0,Ethanol,True,0.9999999999992524,0.9999999999985049,Acetaldehyde,0.2615027541592166,False,False,False,-4.239975324726173,-4.096983808105941
10,Ethylene,200.0,Toluene,False,0.93204665208346,0.8666638550459476,Toluene,0.3777736169033045,False,False,False,5.257995074642632,1.3857322265248189
10,Ethanol,400.0,Ethanol,True,0.9999999987830404,0.9999999978172519,Ethanol,0.16786644100244685,False,False,False,3.6814994776771828,-2.227535803951272
10,Ethylene,10.0,Toluene,False,0.9722762839793011,0.9512277737414759,Toluene,0.05794841940755422,False,True,True,11.647800800700143,-0.35749795612631896
10,Ethanol,50.0,Acetaldehyde,False,0.7855880280687121,0.5839846221459929,Toluene,0.05188339147814147,False,True,True,11.845737973529644,-0.4973520055514015
10,Ethylene,250.0,Toluene,False,0.82449367823784,0.6803597117654419,Ethylene,0.24656410571541554,False,False,False,3.7602812140827866,1.6961051291943166
10,Ethanol,600.0,Ethanol,True,0.9999999999862801,0.9999999999725762,Acetaldehyde,0.11706985757932846,False,True,True,-0.18552829910350307,-3.079383522086933
10,Ethylene,150.0,Toluene,False,0.9698110692097754,0.9407944136118118,Toluene,0.7471958837135391,False,False,False,6.757105845415495,1.077139891582595
10,Ethanol,1000.0,Ethanol,True,0.99999999999999,0.99999999999998,Acetaldehyde,0.05650669600081807,False,True,True,-7.078876462445373,-4.506358945187522
10,Ethylene,150.0,Toluene,False,0.977393493091227,0.9552452279730329,Toluene,0.6829741340851112,False,False,False,6.843329225943622,0.9599630251605186
10,Ethanol,1000.0,Ethanol,True,0.9999999999999882,0.9999999999999766,Acetaldehyde,0.06013627900913869,False,True,True,-6.784164920611505,-4.397566590086026
10,Ethylene,50.0,Toluene,False,0.9971254437532939,0.9944241546809696,Toluene,0.1035230812647496,False,True,True,9.960376276104862,0.09084446457592765
10,Ethanol,200.0,Ethanol,True,0.9999948497288327,0.9999902062963428,Ethanol,0.05182818829509824,False,True,True,8.258462605370404,-1.2317755322478612
10,Ethylene,100.0,Toluene,False,0.9929470204124676,0.9862364888390134,Toluene,0.25421372459373914,False,False,False,8.266338807234634,0.6339859533844873
10,Ethanol,800.0,Ethanol,True,0.9999999999995586,0.999999999999117,Acetaldehyde,0.2729930861244753,False,False,False,-3.3588733801863575,-3.7489375014649706
10,Ethylene,200.0,Toluene,False,0.9547956113376472,0.9107924379982765,Toluene,0.4740924920597703,False,False,False,5.540979162985601,1.2182832287171783
10,Ethanol,400.0,Ethanol,True,0.9999999991606687,0.9999999983566445,Ethanol,0.3127655142260526,False,False,False,4.202684732005954,-2.107717134240905
10,Ethylene,10.0,Toluene,False,0.8841359112330599,0.8018321156609113,Toluene,0.05597117750009546,False,True,True,11.739690066646972,-0.39540263485344934
10,Ethanol,50.0,Acetaldehyde,False,0.9540365860708788,0.9162301823279873,Toluene,0.049012169747060234,False,True,True,11.869692106052666,-0.5808639160456365
10,Ethylene,250.0,Toluene,False,0.7984824866246648,0.6269734857902677,Ethylene,0.2347308546541801,False,False,False,3.822995245532518,1.6103968208838972
10,Ethanol,600.0,Ethanol,True,0.9999999999852063,0.9999999999704171,Ethylene,0.030484205453411944,False,True,True,0.5228786213158512,-2.8678180828210893
10,Ethylene,250.0,Toluene,False,0.7435267699644054,0.5651667154990265,Ethylene,0.1317223103077946,False,True,True,4.087510430907369,1.5414082406889908
10,Ethanol,600.0,Ethanol,True,0.9999999999864795,0.9999999999729638,Ethylene,0.038443968466517583,False,True,True,0.5555436294823051,-2.851115904186683
10,Ethylene,150.0,Toluene,False,0.9292145606814891,0.8601464607184021,Toluene,0.7139539567776738,False,False,False,6.757506561742473,0.9147452328647014
10,Ethanol,1000.0,Ethanol,True,0.9999999999999827,0.9999999999999654,Acetaldehyde,0.07099144576746547,False,True,True,-6.235793968625891,-4.218739044997907
10,Ethylene,10.0,Toluene,False,0.9010666270823995,0.8251293994885898,Toluene,0.054602265621207034,False,True,True,11.676368582228667,-0.44749965053703955
10,Ethanol,50.0,Acetaldehyde,False,0.9540718743707202,0.9299479493421451,Toluene,0.04907112727256261,False,True,True,11.873794867553515,-0.578461414247593
10,Ethylene,50.0,Toluene,False,0.9939124668158957,0.9884075501460905,Toluene,0.11137337398723182,False,True,True,9.816319125698467,0.15055213050134553
10,Ethanol,200.0,Ethanol,True,0.9999936750193158,0.9999882715626982,Ethanol,0.04555055762654571,False,True,True,8.352930005226717,-1.2397496737380556
10,Ethylene,100.0,Toluene,False,0.981411742823433,0.9634120098578469,Toluene,0.2562210789319248,False,False,False,8.15075849873815,0.5541570721630377
10,Ethanol,800.0,Ethanol,True,0.9999999999993723,0.9999999999987446,Acetaldehyde,0.24892196924263837,False,False,False,-2.868293482771692,-3.5345354917107428
10,Ethylene,200.0,Toluene,False,0.7496376981801948,0.5076115025958973,Toluene,0.3916334677131135,False,False,False,5.388575829638432,1.0881062628382905
10,Ethanol,400.0,Ethanol,True,0.9999999991028599,0.9999999982248482,Ethanol,0.4273948928538825,False,False,False,4.5431104390706585,-1.9778318883621442
10,Ethylene,10.0,Toluene,False,0.7915035302407127,0.6216245111362484,Toluene,0.05462718891675719,False,True,True,11.666882864282915,-0.4485379614930762
10,Ethanol,50.0,Acetaldehyde,False,0.9533894492394226,0.9263811656555987,Toluene,0.0495839743992022,False,True,True,11.80969523016943,-0.5723847047813896
10,Ethylene,250.0,Toluene,False,0.768580281489022,0.5599934728636196,Ethylene,0.2586767263364375,False,False,False,3.8248917142192775,1.4394349955832484
10,Ethanol,600.0,Ethanol,True,0.9999999999884639,0.9999999999769307,Ethylene,0.09971730054040934,False,True,True,0.8941389306230785,-2.783774443565928
10,Ethylene,150.0,Toluene,False,0.9490984282962439,0.8992916101245274,Toluene,0.7023212694358835,False,False,False,6.727659677426605,0.8465206031511063
10,Ethanol,1000.0,Ethanol,True,0.9999999999999649,0.9999999999999298,Acetaldehyde,0.07998459693605517,False,True,True,-5.810594683910209,-4.075619604395881
10,Ethylene,50.0,Toluene,False,0.995239653217066,0.9908144863631807,Toluene,0.09878812414060999,False,True,True,9.877951805675776,-0.007698041998695249
10,Ethanol,200.0,Ethanol,True,0.9999907585602255,0.9999833539471513,Ethanol,0.029687457391132228,False,True,True,8.499287100722974,-1.189622380495353
10,Ethylene,100.0,Toluene,False,0.979315617887906,0.9594198453308913,Toluene,0.24569187764404787,False,False,False,8.176756520526103,0.5063753128190405
10,Ethanol,800.0,Ethanol,True,0.9999999999992555,0.9999999999985111,Acetaldehyde,0.24161297018418493,False,False,False,-2.5045412850898936,-3.438388131469787
10,Ethylene,200.0,Toluene,False,0.8405045188616658,0.6848404628738629,Toluene,0.39415627736352704,False,False,False,5.391796522444181,1.0949643475405257
10,Ethanol,400.0,Ethanol,True,0.9999999991337141,0.9999999982862883,Ethanol,0.4685488480808518,False,False,False,4.652050429378625,-1.9265284690154314
10,Ethylene,50.0,Toluene,False,0.9871160712530381,0.9749867244519212,Toluene,0.10077347573421895,False,True,True,9.857267912921657,0.014003587316014345
10,Ethanol,200.0,Ethanol,True,0.9999928495971113,0.9999877254882251,Ethanol,0.029997367420287094,False,True,True,8.537362813056813,-1.2121092555481365
10,Ethylene,100.0,Toluene,False,0.968188565553582,0.9369230470628075,Toluene,0.25125083639617934,False,False,False,8.053989634643742,0.4563540524877403
10,Ethanol,800.0,Ethanol,True,0.9999999999992466,0.9999999999984932,Acetaldehyde,0.2321267212398532,False,False,False,-2.429623592332272,-3.3949189710568213
10,Ethylene,200.0,Toluene,False,0.8414655105372184,0.6848239558559571,Toluene,0.3512196957799541,False,False,False,5.348447520954711,0.9725047856249013
10,Ethanol,400.0,Ethanol,True,0.9999999991630082,0.9999999983449416,Ethanol,0.47428916835524676,False,False,False,4.681015470417699,-1.9586425038083661
10,Ethylene,10.0,Toluene,False,0.6501039353534396,0.31795021200087714,Toluene,0.05219447870952368,True,True,True,11.543942046733699,-0.5370688874182895
10,Ethanol,50.0,Acetaldehyde,False,0.6946381778640389,0.42984869017617516,Toluene,0.04496815540331173,True,True,True,11.716325802701732,-0.7195120079708962
10,Ethylene,250.0,Toluene,False,0.7118200795328162,0.4549650302277453,Ethylene,0.27082595050480757,False,False,False,3.837852808021027,1.3119890730774444
10,Ethanol,600.0,Ethanol,True,0.9999999999835751,0.9999999999671545,Ethylene,0.13718519719292854,False,True,True,1.1404852315329055,-2.660755193920074
10,Ethylene,150.0,Toluene,False,0.9567796584654986,0.9141751200890657,Toluene,0.7053199237768736,False,False,False,6.563581873037125,0.7424808789088028
10,Ethanol,1000.0,Ethanol,True,0.9999999999999787,0.9999999999999574,Acetaldehyde,0.08244411427841197,False,True,True,-5.502744340915914,-3.948511263375083
10,Toluene,1.0,Ethylene,False,0.589458551959994,0.2935842829450932,Toluene,0.04779270411611565,True,True,True,12.28080488360855,-0.5560207549419894
10,Acetaldehyde,10.0,Acetaldehyde,True,0.716662768480107,0.5322352787385558,Toluene,0.053657533017132046,False,True,True,12.198451319862372,-0.36998846564494614
10,Toluene,100.0,Toluene,True,0.7481805424737191,0.5126488865512265,Ethylene,0.15234041443070354,False,False,False,4.188361421097865,0.7201866630538704
10,Acetaldehyde,150.0,Ethanol,False,0.9999999729533114,0.999999951354068,Ethylene,0.05743713249357447,False,True,True,0.8639317881964135,-2.9876421249941285
10,Toluene,60.0,Toluene,True,0.9971878565474633,0.9946641060437805,Toluene,0.47214015611863314,False,False,False,7.079175332412453,0.6015820212783554
10,Acetaldehyde,250.0,Acetaldehyde,True,0.9999568411673374,0.9999144189540916,Acetaldehyde,0.18859605161193999,False,False,False,-5.971205910607022,-4.907587913334356
10,Toluene,20.0,Toluene,True,0.9983562409704668,0.997367147016841,Toluene,0.10421106341480561,False,True,True,10.02835773623195,0.1276216277382771
10,Acetaldehyde,50.0,Acetaldehyde,True,0.8925907981585439,0.7871573702730832,Ethanol,0.0062344259027180575,False,True,True,8.803269615696763,-1.1185928477029707
10,Toluene,40.0,Toluene,True,0.9933983737521689,0.9873490401278134,Toluene,0.22375183266648282,False,False,False,8.351401924517175,0.48083097500740596
10,Acetaldehyde,200.0,Acetaldehyde,True,0.934120428344511,0.8683069273133128,Acetaldehyde,0.21537038514894052,False,False,False,-0.578974534843628,-3.287329520119475
10,Toluene,80.0,Toluene,True,0.7587363775622975,0.5178914011978532,Toluene,0.4925143466265448,False,False,False,5.691669915158577,0.9101691297685807
10,Acetaldehyde,100.0,Acetaldehyde,True,0.7387928958594336,0.4793972285320715,Ethanol,0.6177778166537247,False,False,False,5.488165744811713,-1.922354835684282
10,Toluene,60.0,Toluene,True,0.9569843259223182,0.914305660397341,Toluene,0.43177647691353643,False,False,False,7.268033583587026,0.6316779427308717
10,Acetaldehyde,250.0,Acetaldehyde,True,0.9964579594855,0.9929164200364144,Acetaldehyde,0.40721225808920797,False,False,False,-3.1940009210025315,-4.121108113792992
10,Toluene,20.0,Toluene,True,0.9988915589734229,0.9980576517041561,Toluene,0.10162513182662053,False,True,True,10.14680808597579,0.13259263897891052
10,Acetaldehyde,50.0,Acetaldehyde,True,0.9706120062657321,0.9418119300456645,Ethanol,0.03176249909349986,False,True,True,8.61631399094559,-1.2699585961300914
10,Toluene,40.0,Toluene,True,0.9966607873884916,0.9935710732140431,Toluene,0.19963966924954532,False,False,False,8.55890423832206,0.4364817639587599
10,Acetaldehyde,200.0,Acetaldehyde,True,0.9092073275386322,0.8184364130839746,Acetaldehyde,0.2673049618360848,False,False,False,-1.7991445137475521,-3.459919127317407
10,Toluene,80.0,Toluene,True,0.8737676358827401,0.747779276245358,Toluene,0.7738190044636282,False,False,False,6.221388541032951,0.8562520382479819
10,Acetaldehyde,100.0,Ethanol,False,0.6197872367961818,0.24338578798531718,Ethanol,0.34430369179552145,True,False,True,4.2873390378338785,-1.949781094598699
10,Toluene,1.0,Toluene,True,0.46365043869398187,0.014525041779610726,Toluene,0.05153345136674197,True,True,True,12.45302995988835,-0.38810222651803916
10,Acetaldehyde,10.0,Acetaldehyde,True,0.9926793804493492,0.986122190043167,Toluene,0.04693973222343022,False,True,True,11.946150459907631,-0.6342547087758763
10,Toluene,100.0,Ethylene,False,0.5229293239222278,0.04629159360098106,Toluene,0.3434424631349025,True,False,True,5.333859111901121,0.9641114561874469
10,Acetaldehyde,150.0,Acetaldehyde,True,0.8114605391155147,0.6237664054945147,Ethylene,0.1362466275268483,False,True,True,1.0133918137101041,-2.677454896350174
10,Toluene,20.0,Toluene,True,0.9991534794491893,0.998508483311379,Toluene,0.09698917891815984,False,True,True,10.46816573133845,0.1812098911383053
10,Acetaldehyde,50.0,Acetaldehyde,True,0.953776736339549,0.908933251724662,Ethanol,0.033661547004031525,False,True,True,8.390830993601226,-1.1652270223118746
10,Toluene,40.0,Toluene,True,0.9986749658702189,0.9974453288542993,Toluene,0.1711211359375031,False,False,False,9.014630753040313,0.4648092781657457
10,Acetaldehyde,200.0,Acetaldehyde,True,0.9721665053489099,0.9443580362926205,Acetaldehyde,0.23774958271190794,False,False,False,-1.6030795556770816,-3.3419064791258912
10,Toluene,80.0,Toluene,True,0.9709557644480755,0.9420110458631675,Toluene,0.75043155725499,False,False,False,6.699678456460393,0.9329062708423401
10,Acetaldehyde,100.0,Acetaldehyde,True,0.7753871226820811,0.553831957583966,Ethanol,0.5851254214167181,False,False,False,5.07325991599234,-1.8583016761450835
10,Toluene,1.0,Ethylene,False,0.49207407961963257,0.06492620061004184,Toluene,0.05234693370188933,True,True,True,12.530940538056612,-0.3394596717404685
10,Acetaldehyde,10.0,Acetaldehyde,True,0.9969803566516774,0.9943329948703652,Toluene,0.046764408157295205,False,True,True,12.067527920649974,-0.6233943758868119
10,Toluene,100.0,Toluene,True,0.805839705786119,0.6119713439162573,Toluene,0.5160530966155202,False,False,False,5.6913535273784674,1.001059353427548
10,Acetaldehyde,150.0,Acetaldehyde,True,0.8723327205699011,0.7450988097758577,Ethylene,0.09954943621731546,False,True,True,1.9418529444151615,-2.5182511817020123
10,Toluene,60.0,Toluene,True,0.9976889481136015,0.995436022248957,Toluene,0.27637064278445406,False,False,False,8.141477599117994,0.6812068061512692
10,Acetaldehyde,250.0,Acetaldehyde,True,0.995238772603558,0.9904796900803905,Acetaldehyde,0.3052522993075037,False,False,False,-3.534976315634963,-3.917807599821133
10,Toluene,1.0,Ethylene,False,0.4938418674497524,0.053925932928723885,Toluene,0.0528180360814986,True,True,True,12.601883867926349,-0.3037738940054669
10,Acetaldehyde,10.0,Acetaldehyde,True,0.9968798500983571,0.9940637756538928,Toluene,0.045688289863928,False,True,True,12.043984244094496,-0.6613797004500203
10,Toluene,20.0,Toluene,True,0.9990324169890274,0.9982940844556081,Toluene,0.09724879146971381,False,True,True,10.459525952756767,0.18256641387992298
10,Acetaldehyde,50.0,Acetaldehyde,True,0.9918541686469695,0.9843320703919033,Ethanol,0.02168663653312033,False,True,True,8.53628565565575,-1.1404709402727242
10,Toluene,40.0,Toluene,True,0.9982267664245127,0.9965392550876766,Toluene,0.17312404661758832,False,False,False,9.142587357356426,0.5731421033391235
10,Acetaldehyde,200.0,Acetaldehyde,True,0.9730911450350483,0.9462081301294991,Acetaldehyde,0.19854330453132707,False,False,False,-0.904864626927669,-3.174885297297223
10,Toluene,80.0,Toluene,True,0.9887509401836254,0.9775750816363119,Toluene,0.7646435637875088,False,False,False,6.714886200137166,1.0209879705993148
10,Acetaldehyde,100.0,Acetaldehyde,True,0.8357899573585958,0.6737001109296572,Ethanol,0.6419018914046057,False,False,False,5.249206911547209,-1.767570953793932
10,Toluene,100.0,Toluene,True,0.9710873695646208,0.9422975285911938,Toluene,0.7556269615579826,False,False,False,6.070226654571377,1.0469566899812637
10,Acetaldehyde,150.0,Acetaldehyde,True,0.8922208216826726,0.7848339170172748,Ethylene,0.091315772831219,False,True,True,2.0702465069965683,-2.4827192857724882
10,Toluene,60.0,Toluene,True,0.9991797202394027,0.9983960251349671,Toluene,0.2684426218834505,False,False,False,8.245420535728922,0.7223610937254485
10,Acetaldehyde,250.0,Acetaldehyde,True,0.9958610129321717,0.9917246105067106,Acetaldehyde,0.26995897856692225,False,False,False,-3.7224334669431505,-3.876949450601205
10,Toluene,80.0,Toluene,True,0.9934348315231881,0.9869242939546385,Toluene,0.5302280269106038,False,False,False,7.197842367102818,0.9410911523839445
10,Acetaldehyde,100.0,Acetaldehyde,True,0.8569199468412848,0.7153642243871845,Ethanol,0.6253359126489734,False,False,False,5.211080326467838,-1.8013711170163125
10,Toluene,1.0,Toluene,True,0.6293755395768683,0.3249470467191847,Toluene,0.053288083291070716,True,True,True,12.621514746952279,-0.2803946936125586
10,Acetaldehyde,10.0,Acetaldehyde,True,0.996850184596072,0.9941116262482177,Toluene,0.04899265507391548,False,True,True,12.206665250458807,-0.5274101482671563
10,Toluene,100.0,Toluene,True,0.9268957253769236,0.8540030046914135,Toluene,0.7469280090064805,False,False,False,6.05230458436355,1.078363805160731
10,Acetaldehyde,150.0,Acetaldehyde,True,0.8945599752039396,0.7895561073809039,Ethylene,0.09850622006377585,False,True,True,2.1106480963028433,-2.384531426506073
10,Toluene,60.0,Toluene,True,0.9995240375208154,0.9990763054111402,Toluene,0.2657872322806665,False,False,False,8.361761004617371,0.8221036689505604
10,Acetaldehyde,250.0,Acetaldehyde,True,0.9948850024640955,0.9897725267396388,Acetaldehyde,0.2906423592207077,False,False,False,-3.263029096414083,-3.773504752990672
10,Toluene,20.0,Toluene,True,0.9996240526458463,0.999335954935634,Toluene,0.09738563549579467,False,True,True,10.71564718963089,0.30108569413510766
10,Acetaldehyde,50.0,Acetaldehyde,True,0.9884748695046826,0.9776294352993022,Toluene,0.009428749905988933,False,True,True,8.90785498266974,-1.0071962955934197
10,Toluene,40.0,Toluene,True,0.9996418213931949,0.9993205073894638,Toluene,0.16827439186237728,False,False,False,9.323487278539135,0.6465401864952844
10,Acetaldehyde,200.0,Acetaldehyde,True,0.9823936197994325,0.9648084666358177,Acetaldehyde,0.17822634384196756,False,False,False,-0.9097196728645004,-3.0729310053067986
10,Toluene,20.0,Toluene,True,0.9999414891063184,0.9998951710979679,Toluene,0.10173959255802312,False,True,True,10.448306875192198,0.26467696135392454
10,Acetaldehyde,50.0,Acetaldehyde,True,0.9869784059633718,0.9746480547114463,Ethanol,0.004272419060883507,False,True,True,8.624021354688852,-1.0322495161013854
10,Toluene,40.0,Toluene,True,0.999953491129727,0.9999164179293638,Toluene,0.20369286272873285,False,False,False,8.807753814587404,0.6511670757691425
10,Acetaldehyde,200.0,Acetaldehyde,True,0.9910339278071717,0.9820841603337761,Acetaldehyde,0.18626552604443636,False,False,False,-1.352579368332777,-3.1200480478363564
10,Toluene,80.0,Toluene,True,0.9998529971148644,0.9997135534835382,Toluene,0.7956837520677719,False,False,False,6.672439696583301,1.0640635792942086
10,Acetaldehyde,100.0,Acetaldehyde,True,0.9326623806343131,0.8661531032827731,Ethanol,0.5685129071734994,False,False,False,4.949916893175584,-1.8097708601668603
10,Toluene,1.0,Toluene,True,0.8670928314242918,0.747638581054882,Toluene,0.054854232130728424,False,True,True,12.424588412841919,-0.272504273123086
10,Acetaldehyde,10.0,Acetaldehyde,True,0.9967376397150604,0.994126780396676,Toluene,0.051227860082399795,False,True,True,12.243317552722509,-0.44385682158173734
10,Toluene,100.0,Toluene,True,0.9991661922442121,0.9983571200394354,Toluene,0.48205641700970264,False,False,False,5.555565186951746,1.2378733612764243
10,Acetaldehyde,150.0,Acetaldehyde,True,0.980621941232455,0.961341108244647,Ethylene,0.12140492744304313,False,True,True,1.6458878936245798,-2.5341375205257037
10,Toluene,60.0,Toluene,True,0.9999925880259234,0.9999867517755935,Toluene,0.3400768810423103,False,False,False,7.842443910810531,0.7951048308802124
10,Acetaldehyde,250.0,Acetaldehyde,True,0.9987988824705076,0.9975991463219105,Acetaldehyde,0.21866799538924933,False,False,False,-4.073768053323623,-3.8533088696895224
10,Toluene,60.0,Toluene,True,0.9999887127530802,0.9999786120371748,Toluene,0.35037612834148857,False,False,False,7.8197833334369165,0.8355595688993194
10,Acetaldehyde,250.0,Acetaldehyde,True,0.998900106184631,0.9978013231506516,Acetaldehyde,0.2353664685673847,False,False,False,-4.0124969624343665,-3.8851139763870366
10,Toluene,20.0,Toluene,True,0.9999850105987499,0.9999733250838014,Toluene,0.10245697675140239,False,True,True,10.341253290807046,0.2294065858075809
10,Acetaldehyde,50.0,Acetaldehyde,True,0.9926454373754894,0.9856065989694047,Ethanol,0.03583750367786298,False,True,True,8.316814306319129,-1.142424137503153
10,Toluene,40.0,Toluene,True,0.9999952260176522,0.9999917871709735,Toluene,0.18639462838380508,False,False,False,8.829624558058821,0.4967437698950637
10,Acetaldehyde,200.0,Acetaldehyde,True,0.997371486443674,0.9947493982973292,Acetaldehyde,0.2272945184739402,False,False,False,-1.5426565566097015,-3.298642266960522
10,Toluene,80.0,Toluene,True,0.9999824941795825,0.9999674697798935,Toluene,0.8614472389795699,False,False,False,6.566712413046906,1.0423823557978913
10,Acetaldehyde,100.0,Acetaldehyde,True,0.9297564100691936,0.860266643003192,Ethanol,0.565584055539606,False,False,False,4.950300885888997,-1.8270988972985125
10,Toluene,1.0,Toluene,True,0.903947964876313,0.8144697731907868,Toluene,0.054582568566066844,False,True,True,12.403925516030798,-0.28782932154029006
10,Acetaldehyde,10.0,Acetaldehyde,True,0.9985246872826654,0.9977554620796933,Toluene,0.05002570562678246,False,True,True,11.812845805642421,-0.558689962020792
10,Toluene,100.0,Toluene,True,0.9999307772189792,0.9998668096922917,Toluene,0.4762573106520782,False,False,False,5.561826575113175,1.148009523427008
10,Acetaldehyde,150.0,Acetaldehyde,True,0.971060046399059,0.9422911381668665,Ethylene,0.12688023335884205,False,True,True,1.6877551853333577,-2.456949660559205
10,Toluene,100.0,Toluene,True,0.9999836316974366,0.9999689716370541,Toluene,0.7325028908201139,False,False,False,6.028676220756298,1.0995316972993656
10,Acetaldehyde,150.0,Acetaldehyde,True,0.974919049674549,0.9499639456543066,Ethylene,0.12798430298839023,False,True,True,1.5989558418286662,-2.502768611081847
10,Toluene,60.0,Toluene,True,0.9999757865053359,0.9999537139922451,Toluene,0.27726426914229757,False,False,False,8.282306020664533,0.8352755162776143
10,Acetaldehyde,250.0,Acetaldehyde,True,0.9965932930658888,0.9931898704650138,Acetaldehyde,0.23568914172394873,False,False,False,-3.943775781204265,-3.855143564568687
10,Toluene,1.0,Toluene,True,0.8481836334622026,0.7108284134889244,Toluene,0.05471744124782574,False,True,True,12.519176686025142,-0.2525184863851018
10,Acetaldehyde,10.0,Acetaldehyde,True,0.9982822665325081,0.9970859106896264,Toluene,0.050790611619162124,False,True,True,12.221337547744247,-0.4632767552735284
10,Toluene,20.0,Toluene,True,0.9999111165988526,0.9998557345998144,Toluene,0.10008150852618672,False,True,True,10.469322788067023,0.24191346792222684
10,Acetaldehyde,50.0,Acetaldehyde,True,0.9905926887595389,0.9816859855240404,Ethanol,0.015304332300415656,False,True,True,8.44173682035557,-1.0463980709590202
10,Toluene,40.0,Toluene,True,0.9999064160433973,0.9998211389272599,Toluene,0.17357933314777751,False,False,False,9.210050497169988,0.6284821753765537
10,Acetaldehyde,200.0,Acetaldehyde,True,0.9961827894215043,0.9923718386277705,Acetaldehyde,0.22953082839858321,False,False,False,-1.1894462042435616,-3.311864229304495
10,Toluene,80.0,Toluene,True,0.9996702779320644,0.9993502781586225,Toluene,0.6319047456110505,False,False,False,6.979764813250577,1.037871512466302
10,Acetaldehyde,100.0,Acetaldehyde,True,0.9392799227371486,0.87925871452153,Ethanol,0.5883802107641806,False,False,False,5.091477832282942,-1.8595124237760365
10,Toluene,1.0,Toluene,True,0.9356859899906559,0.8794777311960266,Toluene,0.05394178506519521,False,True,True,12.39499780270086,-0.3134769850398728
10,Acetaldehyde,10.0,Acetaldehyde,True,0.9981577339682758,0.9968163086200365,Toluene,0.05107703342243985,False,True,True,12.030410637466687,-0.489777188872519
10,Toluene,100.0,Toluene,True,0.9992948122874168,0.9986068418433628,Toluene,0.5694663314910479,False,False,False,5.7455756245545535,1.1756115871488237
10,Acetaldehyde,150.0,Acetaldehyde,True,0.9793405997689927,0.9587938634961034,Ethylene,0.13054904206710186,False,True,True,1.411042012724077,-2.588855855156905
10,Toluene,60.0,Toluene,True,0.999995646431502,0.9999920119656406,Toluene,0.35150400868234916,False,False,False,7.742410191232056,0.7497246559944332
10,Acetaldehyde,250.0,Acetaldehyde,True,0.9989729027264993,0.9979474748989962,Acetaldehyde,0.20242349302285872,False,False,False,-4.3235251849912055,-3.911007921616532
10,Toluene,20.0,Toluene,True,0.9999972896872292,0.9999953251880278,Toluene,0.10268355664526364,False,True,True,10.204826279367827,0.17425744807002427
10,Acetaldehyde,50.0,Acetaldehyde,True,0.9900086129398556,0.9805881759312268,Ethanol,0.05474113017905176,False,True,True,8.10709896754146,-1.158150197827281
10,Toluene,40.0,Toluene,True,0.9999709856299073,0.9999446682505084,Toluene,0.1891629879577432,False,False,False,8.947897418920022,0.609467077383882
10,Acetaldehyde,200.0,Acetaldehyde,True,0.9894768597194894,0.9789805174902554,Acetaldehyde,0.19429590085694426,False,False,False,-1.4033842020762661,-3.156837375525257
10,Toluene,80.0,Toluene,True,0.9986644155694095,0.9973459054367554,Toluene,0.5789295404990592,False,False,False,7.130037302291634,1.1363961902583197
10,Acetaldehyde,100.0,Acetaldehyde,True,0.9230109822796501,0.8472608514385522,Ethanol,0.605826320781792,False,False,False,5.068041519756459,-1.7575163066070552
10,Toluene,20.0,Toluene,True,0.9999005743349587,0.9998273542988664,Toluene,0.10305315173360158,False,True,True,10.525121109346626,0.3278762296958927
10,Acetaldehyde,50.0,Acetaldehyde,True,0.9828537397942932,0.9664417756371839,Ethanol,0.050988457777932476,False,True,True,8.168889576895099,-1.1697084254606323
10,Toluene,40.0,Toluene,True,0.999989236836965,0.9999806008513705,Toluene,0.2004858077644304,False,False,False,8.848987065753512,0.6516954532274359
10,Acetaldehyde,200.0,Acetaldehyde,True,0.9947283050383431,0.9894682553917219,Acetaldehyde,0.23060632243887494,False,False,False,-1.2471331299768527,-3.314615451138868
10,Toluene,80.0,Toluene,True,0.9996695205542278,0.9993554704688253,Toluene,0.7045567642998793,False,False,False,6.828842682077185,1.2478483147087296
10,Acetaldehyde,100.0,Acetaldehyde,True,0.9038771054796201,0.8095519161336642,Ethanol,0.49494928206148964,False,False,False,4.695294287817633,-1.8256576769536936
10,Toluene,1.0,Toluene,True,0.7608812055794135,0.5641012822058649,Toluene,0.053594580831212976,False,True,True,12.605371339872937,-0.27268980363996725
10,Acetaldehyde,10.0,Acetaldehyde,True,0.9973631115803743,0.9951981128065781,Toluene,0.05103479793683043,False,True,True,12.316876420914946,-0.4355414899181304
10,Toluene,100.0,Toluene,True,0.9519176396629668,0.9039713426962501,Toluene,0.7897779834537638,False,False,False,6.119832966306201,1.1667658568997459
10,Acetaldehyde,150.0,Acetaldehyde,True,0.8877136041836715,0.7759454958878405,Ethylene,0.12407900846004921,False,True,True,1.7700146830764938,-2.4275672611599823
10,Toluene,60.0,Toluene,True,0.9994284128319415,0.9988789044996265,Toluene,0.2799174412888368,False,False,False,8.325132572977997,0.9127545943370813
10,Acetaldehyde,250.0,Acetaldehyde,True,0.9952169853660182,0.9904409319212316,Acetaldehyde,0.2242893799605017,False,False,False,-3.909140320399008,-3.8002939976607273
10,Toluene,1.0,Toluene,True,0.6336821889536007,0.3292190995275475,Toluene,0.05499713676443386,True,True,True,12.670859442274788,-0.19933299773543886
10,Acetaldehyde,10.0,Acetaldehyde,True,0.9987338204273879,0.9978038051264081,Toluene,0.05097867514588421,False,True,True,12.33852112967393,-0.4330370044248178
10,Toluene,100.0,Toluene,True,0.9383929150647451,0.8769913201308204,Toluene,0.7805560986744813,False,False,False,6.122774621536558,1.2235318383522706
10,Acetaldehyde,150.0,Acetaldehyde,True,0.9560995269101066,0.9124485530285499,Ethylene,0.10842249948161524,False,True,True,1.926895087426604,-2.4506982406939146
10,Toluene,60.0,Toluene,True,0.9994226213044467,0.9988666477233072,Toluene,0.2820644011995428,False,False,False,8.328099439288163,0.9383312053827528
10,Acetaldehyde,250.0,Acetaldehyde,True,0.9965305491914253,0.9930650235096063,Acetaldehyde,0.2809197612276078,False,False,False,-3.5673730192404,-3.850421907040279
10,Toluene,20.0,Toluene,True,0.9997033980170476,0.9994833294782413,Toluene,0.09999682620254667,False,True,True,10.622967059590444,0.3124828838634999
10,Acetaldehyde,50.0,Acetaldehyde,True,0.9873633125868833,0.9753042806080191,Ethanol,0.019871516034656412,False,True,True,8.518180274993021,-1.116913971403751
10,Toluene,40.0,Toluene,True,0.9996124829865745,0.9992661841160827,Toluene,0.17625320606487646,False,False,False,9.22145878931676,0.6712808903493367
10,Acetaldehyde,200.0,Acetaldehyde,True,0.9901988900204682,0.9804221768964227,Acetaldehyde,0.2278824565101539,False,False,False,-1.395660399384365,-3.3000097430677116
10,Toluene,80.0,Toluene,True,0.9922566387564968,0.9845592128575893,Toluene,0.653377276553525,False,False,False,6.946606513441986,1.1063970351007903
10,Acetaldehyde,100.0,Acetaldehyde,True,0.901025077434635,0.8033957968792994,Ethanol,0.5303386162472322,False,False,False,4.847311287591793,-1.9116692162771418
10,Toluene,60.0,Toluene,True,0.998187527899611,0.996408243090698,Toluene,0.3061758521221154,False,False,False,8.12855408407323,0.8998873172592623
10,Acetaldehyde,250.0,Acetaldehyde,True,0.9971736640450786,0.9943511835029133,Acetaldehyde,0.26855777231813,False,False,False,-4.110626402768212,-4.054915923122518
10,Toluene,20.0,Toluene,True,0.9996288466719417,0.9993305387440199,Toluene,0.10157170547510123,False,True,True,10.555262157790672,0.3123348661311582
10,Acetaldehyde,50.0,Acetaldehyde,True,0.9851039992339903,0.9708130498435135,Ethanol,0.03423692435303318,False,True,True,8.339944997511282,-1.142588030972453
10,Toluene,40.0,Toluene,True,0.9994920328830312,0.9990169501590662,Toluene,0.18020540184738823,False,False,False,9.102809406151975,0.6270828428932756
10,Acetaldehyde,200.0,Acetaldehyde,True,0.9947738564300382,0.9895576348812833,Acetaldehyde,0.2752842789144285,False,False,False,-1.4892932609397707,-3.495618110305907
10,Toluene,80.0,Toluene,True,0.9931703019640995,0.9863912157643563,Toluene,0.6344757886747364,False,False,False,6.969112912365966,1.021573024758501
10,Acetaldehyde,100.0,Acetaldehyde,True,0.8834306251416709,0.7681669992235307,Ethanol,0.5109901659780264,False,False,False,4.784463830249134,-1.9336046447844903
10,Toluene,1.0,Toluene,True,0.6525480942717878,0.35885350106909164,Toluene,0.054139658378090365,True,True,True,12.62428234714685,-0.24631542789212385
10,Acetaldehyde,10.0,Acetaldehyde,True,0.9970508760047876,0.9948982954149198,Toluene,0.05150059964555144,False,True,True,12.28890839992775,-0.4249702126052061
10,Toluene,100.0,Toluene,True,0.9410645288000841,0.8823319568692655,Toluene,0.6429802106969621,False,False,False,5.891904225380509,1.0713991273828198
10,Acetaldehyde,150.0,Acetaldehyde,True,0.9645861914238646,0.9293486156666966,Ethylene,0.12337149745871337,False,True,True,1.429576286322833,-2.6500908603750437
10,Toluene,20.0,Toluene,True,0.9998250816329097,0.9996914724462836,Toluene,0.10071742666388094,False,True,True,10.523014073246719,0.2794148092007271
10,Acetaldehyde,50.0,Acetaldehyde,True,0.978480001693963,0.9577014888070426,Ethanol,0.0358663971735244,False,True,True,8.378929031181826,-1.176387087893607
10,Toluene,40.0,Toluene,True,0.9997864061113456,0.999599002564593,Toluene,0.17591127079000882,False,False,False,9.146443333622784,0.6090423664938195
10,Acetaldehyde,200.0,Acetaldehyde,True,0.9950597473995084,0.9901287135467393,Acetaldehyde,0.2740284509839027,False,False,False,-1.5216362994253052,-3.4890247378062447
10,Toluene,80.0,Toluene,True,0.9970027189253633,0.994032647809436,Toluene,0.6177300737106626,False,False,False,7.004831415453245,1.014638843167605
10,Acetaldehyde,100.0,Acetaldehyde,True,0.9282867337719858,0.8574280432678769,Ethanol,0.5017083465119606,False,False,False,4.768371831284897,-1.9619976187660484
10,Toluene,1.0,Toluene,True,0.851358372704417,0.7320782560327339,Toluene,0.05423524194623681,False,True,True,12.546951844925832,-0.2634641754323604
10,Acetaldehyde,10.0,Acetaldehyde,True,0.997267042891214,0.9951802630731836,Toluene,0.051346802530712554,False,True,True,12.293071177577898,-0.42949527575358326
10,Toluene,100.0,Toluene,True,0.963880524049752,0.9278466195688284,Toluene,0.6812623620899366,False,False,False,5.945679944812177,1.1454132838462683
10,Acetaldehyde,150.0,Acetaldehyde,True,0.9604196688140139,0.9210089726736465,Ethylene,0.11683575006053275,False,True,True,1.572027705970204,-2.6265214073670364
10,Toluene,60.0,Toluene,True,0.9995088800281847,0.9990361843992576,Toluene,0.2918980570450796,False,False,False,8.197511051458763,0.8629222247436108
10,Acetaldehyde,250.0,Acetaldehyde,True,0.9988357749864469,0.9976731193024996,Acetaldehyde,0.3301025006040154,False,False,False,-3.7780126571844797,-4.110072633437254
10,Toluene,1.0,Toluene,True,0.6638250255600375,0.3888758433786861,Toluene,0.05438236834055253,True,True,True,12.656338445437099,-0.22789751169857772
10,Acetaldehyde,10.0,Acetaldehyde,True,0.9979464108425145,0.9965428596508951,Toluene,0.05128688636574911,False,True,True,12.351767714131205,-0.41925084532968593
10,Toluene,20.0,Toluene,True,0.9997897508356433,0.9996366234903562,Toluene,0.10500607191499095,False,True,True,10.399203163929407,0.30466919725249986
10,Acetaldehyde,50.0,Acetaldehyde,True,0.9830057523026875,0.9667531410014125,Ethanol,0.036295033565081174,False,True,True,8.28228485940106,-1.1272149901068653
10,Toluene,40.0,Toluene,True,0.9995217152089163,0.9990708584228817,Toluene,0.18245945441320083,False,False,False,9.143363949124884,0.6866964145457076
10,Acetaldehyde,200.0,Acetaldehyde,True,0.9951243595996564,0.9902596189528924,Acetaldehyde,0.25059480520461425,False,False,False,-1.3212372178483291,-3.3995704721225213
10,Toluene,80.0,Toluene,True,0.9949778537046428,0.989995401968697,Toluene,0.6719113405037577,False,False,False,6.908637516556442,1.1254496606200735
10,Acetaldehyde,100.0,Acetaldehyde,True,0.9281918390523936,0.8575335517486049,Ethanol,0.5458569909521499,False,False,False,4.876987265488977,-1.8498512339086035
10,Toluene,100.0,Toluene,True,0.9866121664247611,0.9732982733976874,Toluene,0.8647609416195899,False,False,False,6.271678766347358,1.2121607505586671
10,Acetaldehyde,150.0,Acetaldehyde,True,0.9697348250186931,0.9396364635127411,Ethylene,0.11351898933290594,False,True,True,1.6856118119325043,-2.5819505622798142
10,Toluene,60.0,Toluene,True,0.9994742827158778,0.9989662431897501,Toluene,0.2887241966496963,False,False,False,8.280207014093037,0.9408744860921797
10,Acetaldehyde,250.0,Acetaldehyde,True,0.9977360082906581,0.9954756991128807,Acetaldehyde,0.24915391844950813,False,False,False,-4.094083205845237,-3.974090500155335
10,Toluene,80.0,Toluene,True,0.9990920156683943,0.9982051070448884,Toluene,0.5451629742915464,False,False,False,7.211395975554114,1.0861854771059107
10,Acetaldehyde,100.0,Acetaldehyde,True,0.9151419690756697,0.8312906021873351,Ethanol,0.5118464991367346,False,False,False,4.778777263115843,-1.915320228349522
10,Toluene,1.0,Toluene,True,0.6279029930199598,0.3243620906370402,Toluene,0.053739411881472486,True,True,True,12.657752288691217,-0.25297456059232937
10,Acetaldehyde,10.0,Acetaldehyde,True,0.9972228882538717,0.995106042816513,Toluene,0.05175336107707314,False,True,True,12.36883120881631,-0.398825080753938
10,Toluene,100.0,Toluene,True,0.9634691369311676,0.9270600740922105,Toluene,0.7124781848201088,False,False,False,5.997894015566494,1.1758970599084146
10,Acetaldehyde,150.0,Acetaldehyde,True,0.9689707581989244,0.9381339727975583,Ethylene,0.13256802080491825,False,True,True,1.4057191032193979,-2.571941355321643
10,Toluene,60.0,Toluene,True,0.9996527824988793,0.999318139965066,Toluene,0.2922381793718475,False,False,False,8.247935685642098,0.9315997275798451
10,Acetaldehyde,250.0,Acetaldehyde,True,0.9986571251874203,0.9973160152990397,Acetaldehyde,0.277314767757715,False,False,False,-4.041796000177201,-4.0520214894054005
10,Toluene,20.0,Toluene,True,0.9998523234195795,0.9997375490807915,Toluene,0.10150931525016735,False,True,True,10.595888478938734,0.33107104358988787
10,Acetaldehyde,50.0,Acetaldehyde,True,0.9819146608864571,0.9644142974342065,Ethanol,0.027921998470237294,False,True,True,8.401049035976909,-1.125161644444181
10,Toluene,40.0,Toluene,True,0.999785031748753,0.9995868123694103,Toluene,0.18214354399913804,False,False,False,9.183083053492703,0.7157598428441492
10,Acetaldehyde,200.0,Acetaldehyde,True,0.9957343031314332,0.9914803298348573,Acetaldehyde,0.25234561540958017,False,False,False,-1.7848567661365253,-3.4031042515619307
10,Toluene,20.0,Toluene,True,0.9998943447501372,0.9998247343872985,Toluene,0.10561533363895018,False,True,True,10.45700620025864,0.3453785263358923
10,Acetaldehyde,50.0,Acetaldehyde,True,0.9881251048290841,0.976778705224595,Ethanol,0.06351161439833447,False,True,True,8.02798238335141,-1.1676334343115133
10,Toluene,40.0,Toluene,True,0.999975686939749,0.9999545190964846,Toluene,0.21062854917146126,False,False,False,8.789794758656779,0.707943750564998
10,Acetaldehyde,200.0,Acetaldehyde,True,0.9942810749533838,0.9885754076724399,Acetaldehyde,0.25582698926516084,False,False,False,-1.6510574252228034,-3.414002932957544
10,Toluene,80.0,Toluene,True,0.9962974836110134,0.9926344045126262,Toluene,0.6326201052312392,False,False,False,6.997276979530641,1.139062771277912
10,Acetaldehyde,100.0,Acetaldehyde,True,0.942614794506434,0.8861009132890233,Ethanol,0.5347780125044409,False,False,False,4.867460962217061,-1.908932712561883
10,Toluene,1.0,Toluene,True,0.914715096606039,0.8426328639304885,Toluene,0.055567189799153226,False,True,True,12.53186617101035,-0.2166470306975104
10,Acetaldehyde,10.0,Acetaldehyde,True,0.998812174096352,0.9982067392746719,Toluene,0.04970693634983995,False,True,True,11.984294668971069,-0.5415201321653255
10,Toluene,100.0,Toluene,True,0.9982445659934792,0.9965429478654024,Toluene,0.4530145395807922,False,False,False,5.492157571229862,1.21945887669452
10,Acetaldehyde,150.0,Acetaldehyde,True,0.9887702981057809,0.9775930330555094,Ethylene,0.10966374989006451,False,True,True,1.483276196839624,-2.759173619446288
10,Toluene,60.0,Toluene,True,0.9995449629556031,0.9991094439504368,Toluene,0.296252098695932,False,False,False,8.232329032044827,0.9495318881653455
10,Acetaldehyde,250.0,Acetaldehyde,True,0.9974307204597825,0.9948640479704748,Acetaldehyde,0.288711090084019,False,False,False,-3.8921473214676197,-4.0187683547941635
10,Toluene,60.0,Toluene,True,0.9995416900811595,0.9991043957366114,Toluene,0.29074348868616184,False,False,False,8.239138485438895,0.9054746734588317
10,Acetaldehyde,250.0,Acetaldehyde,True,0.9984823391962476,0.9969661277415078,Acetaldehyde,0.31816874907705894,False,False,False,-3.790540857365356,-4.07403386031579
10,Toluene,20.0,Toluene,True,0.9997921760059031,0.9996320596871623,Toluene,0.1020241467504462,False,True,True,10.607858783873196,0.34795806695042286
10,Acetaldehyde,50.0,Acetaldehyde,True,0.9888909354677502,0.9782339556646706,Ethanol,0.02171418354844276,False,True,True,8.477458056249873,-1.1129452796348296
10,Toluene,40.0,Toluene,True,0.9996534909880676,0.9993378174403674,Toluene,0.17940378570369933,False,False,False,9.241479073248104,0.7291581824204215
10,Acetaldehyde,200.0,Acetaldehyde,True,0.9953940792278168,0.9908018393863893,Acetaldehyde,0.2558551856635844,False,False,False,-1.82544293805443,-3.417717250130258
10,Toluene,80.0,Toluene,True,0.9999328712084087,0.9998689558474039,Toluene,0.8369968859638313,False,False,False,6.57566531286033,1.2058124892080748
10,Acetaldehyde,100.0,Acetaldehyde,True,0.9413907026123995,0.8836364162107501,Ethanol,0.5504895797872518,False,False,False,4.891244661838628,-1.839970693899305
10,Toluene,1.0,Toluene,True,0.955603285736189,0.9203916751387115,Toluene,0.05398245577456462,False,True,True,12.376600929140361,-0.31654454292936335
10,Acetaldehyde,10.0,Acetaldehyde,True,0.997622910843705,0.995843801568191,Toluene,0.05192522776212866,False,True,True,12.382364508425285,-0.38962889175505777
10,Toluene,100.0,Toluene,True,0.9767156713055227,0.9535331108535651,Toluene,0.7194512801246653,False,False,False,6.0113052406241705,1.1919824798925587
10,Acetaldehyde,150.0,Acetaldehyde,True,0.9661591026666184,0.9324801096151453,Ethylene,0.12283698970369837,False,True,True,1.562192771459171,-2.5742149887854207
10,Toluene,100.0,Toluene,True,0.997722622708541,0.9954661936751056,Toluene,0.8763953033826144,False,False,False,6.4273867042588835,1.237615911280598
10,Acetaldehyde,150.0,Acetaldehyde,True,0.9521171369819478,0.9044588043755094,Ethylene,0.11212063017019605,False,True,True,1.7650115463970037,-2.5387784860055262
10,Toluene,60.0,Toluene,True,0.9997518503322995,0.9995160385306726,Toluene,0.2826245525461173,False,False,False,8.318472885758121,0.9311310402369308
10,Acetaldehyde,250.0,Acetaldehyde,True,0.9990240463236851,0.9980504944082221,Acetaldehyde,0.20545787409838798,False,False,False,-4.424831609006027,-3.97346619508778
10,Toluene,1.0,Toluene,True,0.8451357405208975,0.7179160019254945,Toluene,0.055133044178980115,False,True,True,12.652415999936498,-0.19924370582015566
10,Acetaldehyde,10.0,Acetaldehyde,True,0.9990536912336484,0.9983628300228249,Toluene,0.050026266658825376,False,True,True,12.34220680226375,-0.4661815247692308
10,Toluene,20.0,Toluene,True,0.9998282009767206,0.9997001275565666,Toluene,0.10614975829515975,False,True,True,10.497034742024834,0.3768180064158346
10,Acetaldehyde,50.0,Acetaldehyde,True,0.9856279654029596,0.9718912231671725,Ethanol,0.02348041152512458,False,True,True,8.344231512472858,-1.0637038232276688
10,Toluene,40.0,Toluene,True,0.9998827839136574,0.9997758802966642,Toluene,0.1809246000646045,False,False,False,9.23108830934185,0.7406741339782481
10,Acetaldehyde,200.0,Acetaldehyde,True,0.9968263012746994,0.9936592977019478,Acetaldehyde,0.25532070297701104,False,False,False,-1.3524363865315288,-3.418478272752544
10,Toluene,80.0,Toluene,True,0.9991416582297187,0.9982953649819947,Toluene,0.6314611556996509,False,False,False,7.001651783031123,1.1601860316532644
10,Acetaldehyde,100.0,Acetaldehyde,True,0.9385030799378739,0.8777838912766017,Ethanol,0.5630682320156591,False,False,False,4.9850427631649366,-1.8810609709523227
10,Toluene,1.0,Toluene,True,0.7472898725798751,0.5413756688361541,Toluene,0.054706819700955624,False,True,True,12.640057126490051,-0.21963019557429425
10,Acetaldehyde,10.0,Acetaldehyde,True,0.997517642909159,0.995733744344553,Toluene,0.05157756474631452,False,True,True,12.366045590811007,-0.4057559767998019
10,Toluene,100.0,Toluene,True,0.9952060638577976,0.9904488086397693,Toluene,0.6764000963094655,False,False,False,5.942094117049819,1.2275354820292588
10,Acetaldehyde,150.0,Acetaldehyde,True,0.9745036483034689,0.9491309862371576,Ethylene,0.1216756266365337,False,True,True,1.5387790271355521,-2.600207191905628
10,Toluene,60.0,Toluene,True,0.9997587356402275,0.9995317952831921,Toluene,0.27931817180344426,False,False,False,8.303161161402615,0.8791371582513122
10,Acetaldehyde,250.0,Acetaldehyde,True,0.9976053868026815,0.9952129459373502,Acetaldehyde,0.2911483654599402,False,False,False,-4.010415501181816,-4.08710985333462
10,Toluene,20.0,Toluene,True,0.999582440699893,0.9992757271677166,Toluene,0.09969755806209746,False,True,True,10.658283745253385,0.32340161680498597
10,Acetaldehyde,50.0,Acetaldehyde,True,0.9791571116723338,0.958939522729263,Ethanol,0.02938729187229161,False,True,True,8.382072220135813,-1.12701714928056
10,Toluene,40.0,Toluene,True,0.9996870158815405,0.9993990832261725,Toluene,0.1753331207616124,False,False,False,9.272226075659063,0.7002709085041325
10,Acetaldehyde,200.0,Acetaldehyde,True,0.9948650598001051,0.9897384730004117,Acetaldehyde,0.267032615780133,False,False,False,-1.5791857798563655,-3.459001256673002
10,Toluene,80.0,Toluene,True,0.999497808813437,0.9990049141856098,Toluene,0.5559416876639851,False,False,False,7.177319577737053,1.0713342717635743
10,Acetaldehyde,100.0,Acetaldehyde,True,0.9538346361558556,0.9082293766416413,Ethanol,0.5214014543801008,False,False,False,4.813590545561453,-1.9263249479322047
10,Toluene,20.0,Toluene,True,0.9998826585449724,0.999786046608399,Toluene,0.10159653633769872,False,True,True,10.599367840770608,0.334642802966224
10,Acetaldehyde,50.0,Acetaldehyde,True,0.9908435683819277,0.9820069830985393,Ethanol,0.037295100120380065,False,True,True,8.328123304146647,-1.1597699683753064
10,Toluene,40.0,Toluene,True,0.9999286925799671,0.9998645774772567,Toluene,0.17074060675532357,False,False,False,9.276783341307684,0.6432395837422791
10,Acetaldehyde,200.0,Acetaldehyde,True,0.9922085137761393,0.9844261954911216,Acetaldehyde,0.252854873239055,False,False,False,-1.4831366101206094,-3.403484230026442
10,Toluene,80.0,Toluene,True,0.9998415763278785,0.9996886803225871,Toluene,0.5187763343980621,False,False,False,7.249670480813068,0.9801395786674104
10,Acetaldehyde,100.0,Acetaldehyde,True,0.9206459163049011,0.8421325101205367,Ethanol,0.5165569584179075,False,False,False,4.795051096120309,-1.9191491867472033
10,Toluene,1.0,Toluene,True,0.649752607675009,0.33360112801651204,Toluene,0.05365127054417768,True,True,True,12.619383148635261,-0.2667594907209222
10,Acetaldehyde,10.0,Acetaldehyde,True,0.998293855990545,0.9970608356593591,Toluene,0.05110256861225577,False,True,True,12.309677765630697,-0.4346390357920643
10,Toluene,100.0,Toluene,True,0.9976500131380059,0.995331727015783,Toluene,0.8835305927090139,False,False,False,6.261478436671082,1.0076777908446548
10,Acetaldehyde,150.0,Acetaldehyde,True,0.9559383954339461,0.9120294632719206,Ethylene,0.11784263073768415,False,True,True,1.5352440922938544,-2.640406248856148
10,Toluene,60.0,Toluene,True,0.9998923159288452,0.9997919909422092,Toluene,0.2530725023515904,False,False,False,8.389348438722022,0.7380044522887409
10,Acetaldehyde,250.0,Acetaldehyde,True,0.9970621370845135,0.994126818801274,Acetaldehyde,0.28210635496688546,False,False,False,-4.073571485701149,-4.086500479883564
10,Toluene,1.0,Ethylene,False,0.4564997611002383,0.010050305125054781,Toluene,0.05191943824158126,True,True,True,12.3642154808955,-0.3938716676344394
10,Acetaldehyde,10.0,Acetaldehyde,True,0.9804476130121612,0.9650618963350581,Toluene,0.05220514827380436,False,True,True,12.290400446803982,-0.39992987415193054
10,Toluene,100.0,Ethylene,False,0.9615133002819578,0.9239234957821192,Toluene,0.05563971266955757,False,True,True,4.561023420689963,0.9870980047817247
10,Acetaldehyde,150.0,Acetaldehyde,True,0.8965453360688947,0.7937902995547266,Ethylene,0.1353814843840953,False,True,True,1.0876392010918863,-2.705238825263633
10,Toluene,60.0,Toluene,True,0.9887595071458187,0.9779789445704129,Toluene,0.44897189351458555,False,False,False,7.204802165677086,0.6332631753194673
10,Acetaldehyde,250.0,Acetaldehyde,True,0.9979978363122894,0.9959962262220939,Acetaldehyde,0.3022631403542849,False,False,False,-3.9136396370337314,-4.078138179575849
10,Toluene,20.0,Toluene,True,0.998437151613381,0.9975714107027189,Toluene,0.10069783351149382,False,True,True,10.056501056801244,0.08280681871578693
10,Acetaldehyde,50.0,Acetaldehyde,True,0.8959496333192419,0.7932913060507274,Ethanol,0.02151560915835256,False,True,True,8.446138218436257,-1.096670786328449
10,Toluene,40.0,Toluene,True,0.9978083040208565,0.9959978800348662,Toluene,0.20238379172587617,False,False,False,8.468207205559429,0.4021670312667982
10,Acetaldehyde,200.0,Acetaldehyde,True,0.9951413694662022,0.9902854578252018,Acetaldehyde,0.28766522707230163,False,False,False,-1.5696872461068196,-3.541910891581392
10,Toluene,80.0,Toluene,True,0.963835502354135,0.9280018939283317,Toluene,0.6008637519548902,False,False,False,5.9464020220233165,0.819455379170507
10,Acetaldehyde,100.0,Acetaldehyde,True,0.7887609828751145,0.5791327328203445,Ethanol,0.4930544253469874,False,False,False,4.727330160669362,-1.9296345913054518
10,Toluene,60.0,Toluene,True,0.994920037319682,0.9900690593400467,Toluene,0.37391947371893564,False,False,False,7.392601288365926,0.5358600165906415
10,Acetaldehyde,250.0,Acetaldehyde,True,0.9980557135603912,0.9961120154778934,Acetaldehyde,0.15740971456479774,False,False,False,-5.383074476064109,-4.286151747121066
10,Toluene,20.0,Toluene,True,0.9987453826481971,0.9978823682174575,Toluene,0.0941262775701137,False,True,True,10.2899574933129,0.05867634093243861
10,Acetaldehyde,50.0,Acetaldehyde,True,0.8251307049285626,0.6535680932785481,Ethanol,0.05112932204590379,False,True,True,8.054993162162393,-1.1016642175541702
10,Toluene,40.0,Toluene,True,0.998255544024779,0.9966978880553484,Toluene,0.17563831286614084,False,False,False,8.744232117845208,0.34878100140937646
10,Acetaldehyde,200.0,Acetaldehyde,True,0.9960044024410095,0.9920125424435529,Acetaldehyde,0.29509303017422245,False,False,False,-2.6465842740685233,-3.6349413477296317
10,Toluene,80.0,Toluene,True,0.98767061103951,0.9754600858500653,Toluene,0.6969252254287661,False,False,False,6.333691044495078,0.7119378963888197
10,Acetaldehyde,100.0,Acetaldehyde,True,0.613744456785963,0.23279464094023894,Ethanol,0.2467812083849069,True,False,True,3.993960344867894,-1.8979303084272727
10,Toluene,1.0,Ethylene,False,0.7266089753143823,0.5207465736145231,Toluene,0.050979202735120875,False,True,True,12.499052100663548,-0.398398661882221
10,Acetaldehyde,10.0,Acetaldehyde,True,0.9955147245918009,0.9921779068682992,Toluene,0.05151948497328016,False,True,True,12.17451372283036,-0.44772073634301696
10,Toluene,100.0,Toluene,True,0.8126702748020848,0.6262793208783364,Toluene,0.27824999532355743,False,False,False,5.342634078972752,0.7388588705078066
10,Acetaldehyde,150.0,Acetaldehyde,True,0.9197586522315899,0.839878114221791,Ethylene,0.005033632498499584,False,True,True,0.12662480257195904,-2.6868490702821903
10,Toluene,20.0,Toluene,True,0.9992670834594539,0.9987224471507249,Toluene,0.09144586327993022,False,True,True,10.40180535336953,0.05079313607587773
10,Acetaldehyde,50.0,Acetaldehyde,True,0.8066349530131619,0.6182512362141008,Ethanol,0.05676642878728339,False,True,True,7.928278346746112,-1.0606129001411615
10,Toluene,40.0,Toluene,True,0.9994793865712953,0.9990319310975502,Toluene,0.16159000132431667,False,False,False,8.958039134459133,0.33681615781428487
10,Acetaldehyde,200.0,Acetaldehyde,True,0.9944788842556228,0.9889668192067992,Acetaldehyde,0.24018277034830102,False,False,False,-2.9961338269371804,-3.538456679544444
10,Toluene,80.0,Toluene,True,0.9957187048316212,0.9915331680437821,Toluene,0.612872942767166,False,False,False,6.688849803527042,0.6539765735595617
10,Acetaldehyde,100.0,Acetaldehyde,True,0.7458047350584937,0.49590133035839784,Ethanol,0.29016371120679635,False,False,False,4.1244304845767354,-1.8965953968836176
10,Toluene,1.0,Ethylene,False,0.7009613248618369,0.4437605872437301,Toluene,0.05137014167857345,False,True,True,12.501627321810666,-0.3831722261369606
10,Acetaldehyde,10.0,Acetaldehyde,True,0.997360473547583,0.9955956199078366,Toluene,0.05172571029358387,False,True,True,12.168962606944644,-0.441868788314616
10,Toluene,100.0,Toluene,True,0.9415852740801733,0.8841597380776447,Toluene,0.3340396071415992,False,False,False,5.610561866047515,0.6161899773192608
10,Acetaldehyde,150.0,Acetaldehyde,True,0.9565589814513451,0.9133315247521723,Ethylene,0.04611943127689878,False,True,True,0.4417485395648935,-2.7210995701244984
10,Toluene,60.0,Toluene,True,0.9995044786769429,0.999053481524771,Toluene,0.2528548560969266,False,False,False,8.128481132591169,0.5165760420296869
10,Acetaldehyde,250.0,Acetaldehyde,True,0.9992105615659044,0.9984218748817469,Acetaldehyde,0.16970196664169496,False,False,False,-5.196659674886476,-4.240848402825978
10,Toluene,1.0,Ethylene,False,0.4995424610127955,0.05008722686510031,Toluene,0.05138346030374659,True,True,True,12.543006084781164,-0.3731611081148954
10,Acetaldehyde,10.0,Acetaldehyde,True,0.9976732444315227,0.9960159065188151,Toluene,0.05095648763374959,False,True,True,12.189094461690015,-0.46391192480418875
10,Toluene,20.0,Toluene,True,0.998707703102009,0.9978690724352623,Toluene,0.09446919792148298,False,True,True,10.377804953789074,0.0974353137169697
10,Acetaldehyde,50.0,Acetaldehyde,True,0.8876640457751028,0.7805623647898138,Ethanol,0.07596952587912084,False,True,True,7.748449530471789,-1.0557008700848287
10,Toluene,40.0,Toluene,True,0.998453957823314,0.9970666780384679,Toluene,0.1612418048853988,False,False,False,9.029699640237386,0.37232545557508717
10,Acetaldehyde,200.0,Acetaldehyde,True,0.9929643734319727,0.9859491624389486,Acetaldehyde,0.23729892079788636,False,False,False,-2.594062372304872,-3.440241717908947
10,Toluene,80.0,Toluene,True,0.9977192573038501,0.9955129064677081,Toluene,0.6391657767421057,False,False,False,6.7121309030583935,0.7103990478972215
10,Acetaldehyde,100.0,Acetaldehyde,True,0.7467299374230845,0.49838371717403285,Ethanol,0.276122459804138,False,False,False,4.083772949340255,-1.8740981875266782
10,Toluene,100.0,Toluene,True,0.9960867908719643,0.9922661896054364,Toluene,0.6700808670727235,False,False,False,6.147158557405914,0.7537990666206836
10,Acetaldehyde,150.0,Acetaldehyde,True,0.9294450780328174,0.8591803168196568,Ethylene,0.0775504127040168,False,True,True,0.5617354369929296,-2.649229696016593
10,Toluene,60.0,Toluene,True,0.9998387132331704,0.9997049327375763,Toluene,0.2342666750956132,False,False,False,8.25088917539041,0.4842009991706168
10,Acetaldehyde,250.0,Acetaldehyde,True,0.9981846607937278,0.9963717891315466,Acetaldehyde,0.10937112915641728,False,True,True,-5.564887468225742,-4.121837484502711
10,Toluene,80.0,Toluene,True,0.9994218268750206,0.9988872454505006,Toluene,0.44660889443329166,False,False,False,7.185870827404547,0.6110001068778897
10,Acetaldehyde,100.0,Acetaldehyde,True,0.8532307999319022,0.7087582027847894,Ethanol,0.26875530013884286,False,False,False,4.05868761497198,-1.9307960486995102
10,Toluene,1.0,Ethylene,False,0.582377766934257,0.21355586731334647,Toluene,0.05223974173050676,True,True,True,12.568717498244284,-0.3343581832701483
10,Acetaldehyde,10.0,Acetaldehyde,True,0.9973124016980921,0.9954549200214967,Toluene,0.05252923018308369,False,True,True,12.197656754783575,-0.4086759768680393
10,Toluene,100.0,Toluene,True,0.8870072102656819,0.7745949964547911,Toluene,0.5860917106891735,False,False,False,5.94605591794163,0.7892601581095646
10,Acetaldehyde,150.0,Acetaldehyde,True,0.929025601316749,0.8591944414098005,Ethylene,0.047507762392167086,False,True,True,0.26931193249859325,-2.577452826069003
10,Toluene,60.0,Toluene,True,0.9995335984775738,0.9990904707416891,Toluene,0.24583216975415934,False,False,False,8.237466047558932,0.551631861400203
10,Acetaldehyde,250.0,Acetaldehyde,True,0.9991569183951858,0.9983170259079669,Acetaldehyde,0.13213202796520315,False,True,True,-5.447941680643897,-4.184639666504429
10,Toluene,20.0,Toluene,True,0.9995154573744646,0.9991566165228918,Toluene,0.09118403850230863,False,True,True,10.612414962013798,0.12513295603425748
10,Acetaldehyde,50.0,Acetaldehyde,True,0.9407388649874734,0.8843711005291514,Ethanol,0.06886382742948928,False,True,True,7.911561991992165,-1.1245002791916872
10,Toluene,40.0,Toluene,True,0.9997816072565459,0.9995949202371227,Toluene,0.1572721479460076,False,False,False,9.188577201834388,0.42104179469476855
10,Acetaldehyde,200.0,Acetaldehyde,True,0.9913376749724486,0.9827166935624547,Acetaldehyde,0.2169158569340268,False,False,False,-2.8105346382997998,-3.4200467299294974
10,Toluene,20.0,Toluene,True,0.9992357571872926,0.9987110201366414,Toluene,0.09316152039457071,False,True,True,10.51253669387003,0.12501143165443965
10,Acetaldehyde,50.0,Acetaldehyde,True,0.9328953129772236,0.8691347192916182,Ethanol,0.07249822098966456,False,True,True,7.855054717795114,-1.1084645299625122
10,Toluene,40.0,Toluene,True,0.9993726067405723,0.9988202960924318,Toluene,0.1638607767690223,False,False,False,9.064547137623975,0.419364293953581
10,Acetaldehyde,200.0,Acetaldehyde,True,0.9935555947575486,0.9871412227699561,Acetaldehyde,0.23469944846485155,False,False,False,-2.685498122816392,-3.449667225872704
10,Toluene,80.0,Toluene,True,0.9988576612632704,0.9977613375688819,Toluene,0.5865084544614336,False,False,False,6.8276211387954175,0.6851046417820864
10,Acetaldehyde,100.0,Acetaldehyde,True,0.8780622915280056,0.7584874302279933,Ethanol,0.2782722630995394,False,False,False,4.086794195910085,-1.966283261516253
10,Toluene,1.0,Ethylene,False,0.5845196588417134,0.21891487917273195,Toluene,0.052583949643521546,True,True,True,12.562934084052278,-0.32258690033216286
10,Acetaldehyde,10.0,Acetaldehyde,True,0.9968100401856118,0.9946434763321196,Toluene,0.05221342682111624,False,True,True,12.235001716860644,-0.4115643065562751
10,Toluene,100.0,Toluene,True,0.9898799172301652,0.9800647563965404,Toluene,0.4960215672279637,False,False,False,5.893969886515987,0.6723397279475366
10,Acetaldehyde,150.0,Acetaldehyde,True,0.9758339983197359,0.9518262681322182,Ethylene,0.10054312700388379,False,True,True,0.7765658898858349,-2.691972462697402
10,Toluene,60.0,Toluene,True,0.9999064273969078,0.9998250264924494,Toluene,0.24592284221039398,False,False,False,8.16737037559729,0.501234559078722
10,Acetaldehyde,250.0,Acetaldehyde,True,0.9991522994192132,0.9983060909924883,Acetaldehyde,0.140620017356657,False,True,True,-5.379130149171854,-4.192483047457458
10,Toluene,60.0,Toluene,True,0.9999561956578732,0.9999178436078267,Toluene,0.25378884088701237,False,False,False,8.117927025188452,0.5147110047840289
10,Acetaldehyde,250.0,Acetaldehyde,True,0.9990474707771521,0.9981013184384436,Acetaldehyde,0.1409662313025245,False,True,True,-5.299929109452582,-4.1505830928604945
10,Toluene,20.0,Toluene,True,0.9994992698527959,0.9991485012466284,Toluene,0.09252299057686193,False,True,True,10.548452299474272,0.12667492545023926
10,Acetaldehyde,50.0,Acetaldehyde,True,0.9692823110626353,0.9399803343505131,Ethanol,0.0741124313477653,False,True,True,7.933846544036268,-1.1737954698218425
10,Toluene,40.0,Toluene,True,0.9997866995591808,0.9995907777690716,Toluene,0.16381642909717967,False,False,False,9.171613729716897,0.48490985212462157
10,Acetaldehyde,200.0,Acetaldehyde,True,0.9938716728844184,0.9877700457346484,Acetaldehyde,0.2588606696898352,False,False,False,-2.4484680811519466,-3.4859109354118405
10,Toluene,80.0,Toluene,True,0.997028082590805,0.9941000097818903,Toluene,0.5726453536744779,False,False,False,6.975154463680834,0.7814957270995041
10,Acetaldehyde,100.0,Acetaldehyde,True,0.8642336569059534,0.7320707827307599,Ethanol,0.317707992473144,False,False,False,4.205955472013739,-1.9106401408431835
10,Toluene,1.0,Toluene,True,0.6088820660447025,0.26706723920789666,Toluene,0.05336924736147827,True,True,True,12.573288269811334,-0.2898004268666951
10,Acetaldehyde,10.0,Acetaldehyde,True,0.9979103905697595,0.9966715007677016,Toluene,0.0522840426989917,False,True,True,12.209066555168734,-0.4146330020128445
10,Toluene,100.0,Toluene,True,0.9721489836500301,0.9444365891779505,Toluene,0.6292061482059966,False,False,False,5.967796964254611,0.854567846688747
10,Acetaldehyde,150.0,Acetaldehyde,True,0.9535718352599338,0.9076156014874491,Ethylene,0.08452675378396282,False,True,True,0.5688950836580048,-2.618135579300994
10,Toluene,100.0,Toluene,True,0.9963296455179451,0.9927002007854735,Toluene,0.8206315538147232,False,False,False,6.356305325807827,0.8595609942871771
10,Acetaldehyde,150.0,Acetaldehyde,True,0.9611727666859785,0.922713195437676,Ethylene,0.12200227793078297,False,True,True,0.8579408970917197,-2.6396682854468043
10,Toluene,60.0,Toluene,True,0.9998452543233028,0.9997042053459932,Toluene,0.2505532888544205,False,False,False,8.272174941394026,0.6122052218251433
10,Acetaldehyde,250.0,Acetaldehyde,True,0.9984078834674387,0.99682432974822,Acetaldehyde,0.13048272948479434,False,True,True,-5.361019458107546,-4.128913117127222
10,Toluene,1.0,Ethylene,False,0.49896549000567303,0.05221384043401056,Toluene,0.052845202889799714,True,True,True,12.587209585584306,-0.30644954931293344
10,Acetaldehyde,10.0,Acetaldehyde,True,0.9983366260554887,0.9974769731440196,Toluene,0.0516932783251378,False,True,True,12.226265779304342,-0.4313042586772265
10,Toluene,20.0,Toluene,True,0.9996205717220668,0.9993322658061992,Toluene,0.09657539588307404,False,True,True,10.412622957685631,0.1502577987544359
10,Acetaldehyde,50.0,Acetaldehyde,True,0.9343848800797033,0.8723551868479288,Ethanol,0.10468524039910808,False,True,True,7.624808799193751,-1.1233034345629083
10,Toluene,40.0,Toluene,True,0.9998944004383289,0.9997968792255081,Toluene,0.16286957268647878,False,False,False,9.124715489042252,0.44493117869227033
10,Acetaldehyde,200.0,Acetaldehyde,True,0.9979603324954819,0.9959312477397473,Acetaldehyde,0.29210817304578374,False,False,False,-2.6507921720163234,-3.6261921755850173
10,Toluene,80.0,Toluene,True,0.9992980871748964,0.9986150507934562,Toluene,0.6620596468627793,False,False,False,6.773983465077362,0.8020031418366415
10,Acetaldehyde,100.0,Acetaldehyde,True,0.9083674098954779,0.8184549440819461,Ethanol,0.2625482514003389,False,False,False,4.035426852621956,-2.028856649802658
10,Toluene,1.0,Toluene,True,0.8104655198222408,0.641757324905403,Toluene,0.0532420975996384,False,True,True,12.46009196915924,-0.3231526132858229
10,Acetaldehyde,10.0,Acetaldehyde,True,0.9986585094895734,0.9978056084595662,Toluene,0.05079812012808287,False,True,True,12.082249962546534,-0.4893808017034445
10,Toluene,100.0,Toluene,True,0.9980643590250984,0.9961740140043231,Toluene,0.5039042384566987,False,False,False,5.706743890584942,0.9217084508094263
10,Acetaldehyde,150.0,Acetaldehyde,True,0.9798774928494274,0.9600444784583337,Ethylene,0.05976492048101832,False,True,True,0.4767337474388511,-2.676647645181328
10,Toluene,60.0,Toluene,True,0.9998758787892753,0.9997628698825994,Toluene,0.26735144551292805,False,False,False,8.141116786139188,0.6190872085084805
10,Acetaldehyde,250.0,Acetaldehyde,True,0.9983949468418005,0.9967960692369189,Acetaldehyde,0.15129001590815674,False,False,False,-5.111390322520359,-4.099898907628226
10,Toluene,20.0,Toluene,True,0.9997592562957525,0.9995803164136077,Toluene,0.0943499659554044,False,True,True,10.54119920273335,0.15997837399468884
10,Acetaldehyde,50.0,Acetaldehyde,True,0.936066264431485,0.8747950330816173,Ethanol,0.08202780858903898,False,True,True,7.803657903294416,-1.129764028261856
10,Toluene,40.0,Toluene,True,0.9999253705833141,0.9998632044517577,Toluene,0.16169689675109472,False,False,False,9.129313414081901,0.43485383576040876
10,Acetaldehyde,200.0,Acetaldehyde,True,0.9933791576536033,0.9867919956897195,Acetaldehyde,0.23574568782408953,False,False,False,-2.6873524390840364,-3.4533902223165733
10,Toluene,80.0,Toluene,True,0.9989653685196189,0.9979569751057801,Toluene,0.5847155890523946,False,False,False,6.958783359896941,0.7985110671795594
10,Acetaldehyde,100.0,Acetaldehyde,True,0.9045966650762427,0.8111947044344431,Ethanol,0.24691881987358885,False,False,False,3.9880873931818166,-1.9729281030106787
10,Toluene,20.0,Toluene,True,0.9998415004517155,0.9997280111176985,Toluene,0.09581473667195668,False,True,True,10.497812447127927,0.17083345178630957
10,Acetaldehyde,50.0,Acetaldehyde,True,0.9505348819375642,0.9029048171916203,Ethanol,0.09286659871902957,False,True,True,7.8210998789724115,-1.2110894792904308
10,Toluene,40.0,Toluene,True,0.9999229376709483,0.9998546587207964,Toluene,0.16407739386149742,False,False,False,9.118791522897796,0.45455750715555077
10,Acetaldehyde,200.0,Acetaldehyde,True,0.995441102160755,0.9908994882396777,Acetaldehyde,0.2809888814878801,False,False,False,-2.6042024220055744,-3.582554995387246
10,Toluene,80.0,Toluene,True,0.9994858086682294,0.9989857559111698,Toluene,0.5394727964666228,False,False,False,6.999780559973589,0.7135818181300969
10,Acetaldehyde,100.0,Acetaldehyde,True,0.856593781135773,0.7167136407358721,Ethanol,0.20845715617278981,False,False,False,3.8620390128655204,-1.9886793768126267
10,Toluene,1.0,Toluene,True,0.7035926220133558,0.45117324718615187,Toluene,0.05316306643075778,False,True,True,12.560814495980779,-0.3009236814951286
10,Acetaldehyde,10.0,Acetaldehyde,True,0.9972406615922698,0.9954842838149658,Toluene,0.051976809506510346,False,True,True,12.209540884846845,-0.42504308849377614
10,Toluene,100.0,Toluene,True,0.9779497643138542,0.9560903816733413,Toluene,0.6096895707748791,False,False,False,5.989471994896112,0.7883018661520924
10,Acetaldehyde,150.0,Acetaldehyde,True,0.9503334392250569,0.9011912708455978,Ethylene,0.053046284998585165,False,True,True,0.4619187259725309,-2.7004251547260476
10,Toluene,60.0,Toluene,True,0.9999407710852795,0.9998855041852873,Toluene,0.273807033186783,False,False,False,8.1274113535353,0.6506023388158377
10,Acetaldehyde,250.0,Acetaldehyde,True,0.9982112583450099,0.9964300764308179,Acetaldehyde,0.10984248109203075,False,True,True,-5.530046734813173,-4.1067057143979495
10,Acetone,2.5,Acetone,True,0.9998365916236978,0.9996819434359071,Toluene,0.02853912613207948,False,True,True,10.741148621216379,-1.115431296834875
10,Acetaldehyde,10.0,Acetaldehyde,True,0.9914722396780888,0.9842507374596551,Toluene,0.05352724808195134,False,True,True,12.464861248406754,-0.311367369302591
10,Acetone,250.0,Acetone,True,0.9962168747273026,0.9924337527445911,Acetone,0.04502042591342213,False,True,True,-3.9813401251171756,3.2056057571668553
10,Acetaldehyde,150.0,Acetaldehyde,True,0.9937736851476945,0.9875907360209915,Ethylene,0.12352127835278384,False,True,True,1.6155666443742036,-2.5339044067079635
10,Acetone,150.0,Acetone,True,0.9999280910994746,0.9998572548997972,Ethylene,0.34550566571383395,False,False,False,1.0796937320115385,1.8737648012894323
10,Acetaldehyde,250.0,Acetaldehyde,True,0.9994671166670318,0.9989342940922037,Acetaldehyde,0.3501086548909007,False,False,False,-3.479227477684289,-4.043430114558366
10,Acetone,50.0,Acetone,True,0.9992323585702599,0.9984971884426377,Toluene,0.2488462357352642,False,False,False,6.7362492709820465,0.09493389456426389
10,Acetaldehyde,50.0,Acetaldehyde,True,0.9941990833701925,0.9885911645626427,Toluene,0.005395526533251718,False,True,True,8.922087868044622,-1.0502580076376764
10,Acetone,100.0,Acetone,True,0.9999464667551541,0.9999024978870626,Ethylene,0.4410015870902165,False,False,False,3.51351129654436,1.1660618655034254
10,Acetaldehyde,200.0,Acetaldehyde,True,0.9986453136155008,0.9972910490917264,Acetaldehyde,0.24941147682058137,False,False,False,-0.7056455941140847,-3.456677114019183
10,Acetone,200.0,Acetone,True,0.9994652041052475,0.9989304702206228,Ammonia,0.09191702788763048,False,True,True,-1.8934466712846976,2.46964801937109
10,Acetaldehyde,100.0,Acetaldehyde,True,0.9887374910677565,0.9776206421850789,Ethanol,0.6165511786388972,False,False,False,5.3736963469579795,-1.906077766772715
10,Acetone,150.0,Acetone,True,0.9997233101163598,0.9994472714125605,Ethylene,0.2766942372105308,False,False,False,0.7114235159485466,1.803623410549566
10,Acetaldehyde,250.0,Acetaldehyde,True,0.9992411150339217,0.9984822889316702,Acetaldehyde,0.28162469219319863,False,False,False,-4.161225146334903,-4.132151382423833
10,Acetone,50.0,Acetone,True,0.9997263503663869,0.9994626432424906,Toluene,0.20332467044517666,False,False,False,6.571196029310813,0.043195077915199824
10,Acetaldehyde,50.0,Acetaldehyde,True,0.9935454093588191,0.9874018926540725,Toluene,0.0028704011055545355,False,True,True,8.745583726549162,-1.01485952065946
10,Acetone,100.0,Acetone,True,0.999979007013011,0.9999637775271591,Ethylene,0.5245201000462171,False,False,False,3.3240754272726134,1.1632273771947272
10,Acetaldehyde,200.0,Acetaldehyde,True,0.9976780274198654,0.9953567742299954,Acetaldehyde,0.2634918500909801,False,False,False,-1.4771818397063317,-3.447567367375057
10,Acetone,200.0,Acetone,True,0.9997764376665355,0.9995529017376547,Ammonia,0.080875401535041,False,True,True,-2.026730710132302,2.503487934208708
10,Acetaldehyde,100.0,Acetaldehyde,True,0.9557271446904216,0.912053993917652,Ethanol,0.45823616154282093,False,False,False,4.59516514974985,-1.8323334281397279
10,Acetone,2.5,Acetone,True,0.999975623455136,0.9999543558139854,Toluene,0.02099674608413771,False,True,True,10.67715483741941,-1.2651431089724219
10,Acetaldehyde,10.0,Acetaldehyde,True,0.9953948845293564,0.9915618502364216,Toluene,0.053940851176160744,False,True,True,12.45609050011555,-0.298192999549484
10,Acetone,250.0,Acetone,True,0.9943610672564839,0.9887221500505772,Acetone,0.1731573077760504,False,False,False,-4.616293387534125,2.94204087836833
10,Acetaldehyde,150.0,Acetaldehyde,True,0.9781155517278938,0.9562849135786163,Ethylene,0.051328207246079484,False,True,True,0.3597080939676423,-2.6290131503127614
10,Acetone,50.0,Acetone,True,0.999848863761325,0.9997038316616988,Toluene,0.09184005077972623,False,True,True,6.525691525308662,-0.11067919074083905
10,Acetaldehyde,50.0,Acetaldehyde,True,0.9655210640090861,0.9323081786353313,Ethanol,0.01445052292336723,False,True,True,8.257656116436468,-0.9613683564326947
10,Acetone,100.0,Acetone,True,0.999945908729955,0.9999046363038381,Ethylene,0.5063838923796445,False,False,False,3.4053944269580487,1.0768117821771641
10,Acetaldehyde,200.0,Acetaldehyde,True,0.9961292778207187,0.9922612624998197,Acetaldehyde,0.23899111039724422,False,False,False,-2.385331407030218,-3.4108552141679733
10,Acetone,200.0,Acetone,True,0.992555165818304,0.9851106592681166,Ammonia,0.11167094710214767,False,True,True,-1.9011572614349477,2.5482106452209483
10,Acetaldehyde,100.0,Acetaldehyde,True,0.9658344650968674,0.9321737600568035,Ethanol,0.5190463557074388,False,False,False,4.768404274443178,-1.8397170337768889
10,Acetone,2.5,Acetone,True,0.999977697819781,0.9999580750001376,Toluene,0.017356983126670243,False,True,True,10.560227348692976,-1.3182204258899077
10,Acetaldehyde,10.0,Acetaldehyde,True,0.9971607533614595,0.9948584688138405,Toluene,0.05229671179164294,False,True,True,12.443384338159037,-0.3621436559283195
10,Acetone,250.0,Acetone,True,0.9939780814678825,0.9879561752003984,Acetone,0.2017092075234053,False,False,False,-4.886170065701886,2.899353238009884
10,Acetaldehyde,150.0,Acetaldehyde,True,0.9900467827988265,0.9801330201684993,Ethylene,0.12957800640630865,False,True,True,1.4356037335690444,-2.5845157126189164
10,Acetone,150.0,Acetone,True,0.9998828915032274,0.9997661939423601,Ethylene,0.2359446727722849,False,False,False,0.5191237879155481,1.7902455246976523
10,Acetaldehyde,250.0,Acetaldehyde,True,0.999125604194653,0.9982515560231284,Acetaldehyde,0.24778920631409623,False,False,False,-4.179551393795243,-4.012019436705377
10,Acetone,2.5,Acetone,True,0.9999930567097279,0.9999876646289232,Toluene,0.013805626523557976,False,True,True,10.498722243879806,-1.3764861405025435
10,Acetaldehyde,10.0,Acetaldehyde,True,0.9982866995858419,0.996945698932684,Toluene,0.05135630318195288,False,True,True,12.445015468202202,-0.3964298039667978
10,Acetone,50.0,Acetone,True,0.999955988902477,0.9999156654702994,Toluene,0.04251855774950221,False,True,True,6.034424776762276,-0.02147978593610127
10,Acetaldehyde,50.0,Acetaldehyde,True,0.992026623072066,0.9846432366506673,Ethanol,0.0050306436838626675,False,True,True,8.529337004302022,-1.0023984229685692
10,Acetone,100.0,Acetone,True,0.9999796266684582,0.9999640505812291,Ethylene,0.7032187442290957,False,False,False,2.956360592931669,1.0389156909610895
10,Acetaldehyde,200.0,Acetaldehyde,True,0.9962639822093253,0.992531722788089,Acetaldehyde,0.2321574018941639,False,False,False,-1.4053599384511533,-3.3181064627534536
10,Acetone,200.0,Acetone,True,0.9994080680630505,0.9988161751500669,Acetone,0.009453335775124189,False,True,True,-2.3745055555206935,2.3749007915726965
10,Acetaldehyde,100.0,Acetaldehyde,True,0.9820047387625933,0.9643660415849529,Ethanol,0.559668250228705,False,False,False,4.984842146688178,-1.8989002411026883
10,Acetone,250.0,Acetone,True,0.9488046903269918,0.8976114041390386,Acetone,0.23717785790019622,False,False,False,-4.983728830222293,2.7592617046885994
10,Acetaldehyde,150.0,Acetaldehyde,True,0.993293317611578,0.9866120040356724,Ethylene,0.09857995753285763,False,True,True,1.765024926754981,-2.669643125052031
10,Acetone,150.0,Acetone,True,0.9992746497710586,0.9985499738345808,Ethylene,0.2153583024857407,False,False,False,0.28301073897518353,1.6359569973676946
10,Acetaldehyde,250.0,Acetaldehyde,True,0.9990806824186224,0.9981618203943445,Acetaldehyde,0.25889833701878573,False,False,False,-4.163348065165838,-4.045865424311164
10,Acetone,200.0,Acetone,True,0.9956699481936245,0.9913400538132883,Acetone,0.03449569481704169,False,True,True,-2.3404183955068087,2.2595337561796507
10,Acetaldehyde,100.0,Acetaldehyde,True,0.9848759674918208,0.9700046612977121,Ethanol,0.5550123728398758,False,False,False,5.010641418656541,-1.9479202455534657
10,Acetone,2.5,Acetone,True,0.9999943852102563,0.9999900109215802,Toluene,0.009169787548378076,False,True,True,10.384992674565826,-1.4393363303940736
10,Acetaldehyde,10.0,Acetaldehyde,True,0.9974607176137033,0.9954767120108972,Toluene,0.051502838626374996,False,True,True,12.382488934580694,-0.4048637205730558
10,Acetone,250.0,Acetone,True,0.989064918631436,0.9781300781310343,Acetone,0.2394243662607602,False,False,False,-5.385588343380087,2.8246252457072836
10,Acetaldehyde,150.0,Acetaldehyde,True,0.9930602198275991,0.9861546642305121,Ethylene,0.11489893626438744,False,True,True,1.508934226040142,-2.687301685614788
10,Acetone,150.0,Acetone,True,0.9998339830976622,0.9996684672359307,Ethylene,0.15493431423647155,False,False,False,-0.1146984413151337,1.5209176819379386
10,Acetaldehyde,250.0,Acetaldehyde,True,0.9995672898303317,0.9991348832784036,Acetaldehyde,0.29552564532741815,False,False,False,-4.170738120831637,-4.1920292036942906
10,Acetone,50.0,Acetone,True,0.9999833032030947,0.999967276689497,Ethanol,0.3014179314234348,False,False,False,5.73092178016142,-0.3575827665049057
10,Acetaldehyde,50.0,Acetaldehyde,True,0.9937279877666729,0.9878495998829644,Ethanol,0.0243276796991019,False,True,True,8.523291712719532,-1.1564335915154844
10,Acetone,100.0,Acetone,True,0.9999906349058216,0.9999834833318076,Ethylene,0.9042548953908863,False,False,False,2.428492428323312,0.7325972565571174
10,Acetaldehyde,200.0,Acetaldehyde,True,0.997237130267601,0.9944773850705718,Acetaldehyde,0.2707477884165862,False,False,False,-1.448323202927753,-3.4789147182901146
10,Acetone,50.0,Acetone,True,0.9999855518479919,0.9999718971041905,Ethanol,0.3328635446390146,False,False,False,5.63936586570646,-0.37542741715998795
10,Acetaldehyde,50.0,Acetaldehyde,True,0.9913834466614736,0.9831878054088368,Ethanol,0.02853931586667836,False,True,True,8.437035459910438,-1.1482132878369073
10,Acetone,100.0,Acetone,True,0.999986155017903,0.9999757835694271,Ethylene,0.8880234064914232,False,False,False,2.3597204802417666,0.7019343373212665
10,Acetaldehyde,200.0,Acetaldehyde,True,0.9985424746782969,0.9970865912139224,Acetaldehyde,0.29732229207633337,False,False,False,-1.5443037111326319,-3.5821531728083364
10,Acetone,200.0,Acetone,True,0.9955176216730478,0.9910357551042062,Acetone,0.18566467624681474,False,False,False,-3.004799838396095,2.120201491818634
10,Acetaldehyde,100.0,Acetaldehyde,True,0.9823834127070445,0.9650240003414553,Ethanol,0.500854357063861,False,False,False,4.810279891989415,-2.0499533373794434
10,Acetone,2.5,Acetone,True,0.9999985698454549,0.9999977761994729,Toluene,0.00031927689749911486,False,True,True,10.204695648352002,-1.5531697316377486
10,Acetaldehyde,10.0,Acetaldehyde,True,0.9979310807776058,0.9963852321245755,Toluene,0.05105745723239256,False,True,True,12.321876544277682,-0.43370296647906437
10,Acetone,250.0,Acetone,True,0.9745085978466304,0.949018381433231,Acetone,0.28973909332052894,False,False,False,-5.769168703492794,2.582575949610448
10,Acetaldehyde,150.0,Acetaldehyde,True,0.9962106154705951,0.992440089159154,Ethylene,0.08962950710716006,False,True,True,1.695808913947642,-2.8189479074872317
10,Acetone,150.0,Acetone,True,0.9996883334121958,0.9993773804400472,Ethylene,0.10669278333916113,False,True,True,-0.42240890512151147,1.4722890745331614
10,Acetaldehyde,250.0,Acetaldehyde,True,0.9996737996073933,0.999347823995622,Acetaldehyde,0.363186725931316,False,False,False,-3.7991048761383346,-4.239774724483135
10,Acetone,150.0,Acetone,True,0.9998155047662727,0.9996313037324256,Ethylene,0.1050559272950616,False,True,True,-0.3996184226261732,1.5047708181661614
10,Acetaldehyde,250.0,Acetaldehyde,True,0.9996060595026008,0.9992124517984171,Acetaldehyde,0.3573062322970943,False,False,False,-3.7977055868223237,-4.217624426773022
10,Acetone,50.0,Acetone,True,0.9999822651548443,0.9999652935365303,Ethanol,0.3564854279012681,False,False,False,5.661889977549261,-0.4101511414268758
10,Acetaldehyde,50.0,Acetaldehyde,True,0.9945788142919123,0.9894750151258437,Ethanol,0.027200676983839406,False,True,True,8.529687448808781,-1.1839992352126214
10,Acetone,100.0,Acetone,True,0.9999924387074062,0.9999867706632747,Ethylene,0.8637709510295928,False,False,False,2.2887255778246454,0.6727713895785374
10,Acetaldehyde,200.0,Acetaldehyde,True,0.9986715451159598,0.9973449152587934,Acetaldehyde,0.277708508702948,False,False,False,-1.130176055360407,-3.5373132595511563
10,Acetone,200.0,Acetone,True,0.9991385747092812,0.9982772268450786,Acetone,0.21109727292269795,False,False,False,-3.206701876221699,2.1491709366494494
10,Acetaldehyde,100.0,Acetaldehyde,True,0.9883314319417977,0.9768890536784911,Ethanol,0.5099858667558355,False,False,False,4.869680668675003,-2.069191071536278
10,Acetone,2.5,Acetone,True,0.9999987936382175,0.9999979965728947,Ethanol,0.006114040363864619,False,True,True,10.060024696311485,-1.6184430573475759
10,Acetaldehyde,10.0,Acetaldehyde,True,0.9983909252433664,0.9972332733556248,Toluene,0.051043633488516926,False,True,True,12.318201632773418,-0.4349546029002328
10,Acetone,250.0,Acetone,True,0.98199688687107,0.9639951100314631,Acetone,0.31653062323229725,False,False,False,-6.028023196397249,2.4115537046638607
10,Acetaldehyde,150.0,Acetaldehyde,True,0.9957590862163418,0.9915352097026457,Ethylene,0.09383899266827629,False,True,True,1.5584717196265876,-2.8801172985164514
10,Acetone,250.0,Acetone,True,0.8596305058300446,0.7194356624569501,Acetone,0.3113282780980576,False,False,False,-5.767383485070787,2.4611779971097913
10,Acetaldehyde,150.0,Acetaldehyde,True,0.9972726389490433,0.9945543710864202,Ethylene,0.08090217403212852,False,True,True,1.6427908853104902,-2.962947016051138
10,Acetone,150.0,Acetone,True,0.9998137464983617,0.9996279203182348,Ethylene,0.11935882149039057,False,True,True,-0.5366888076237804,1.2504845649604155
10,Acetaldehyde,250.0,Acetaldehyde,True,0.9995222009423984,0.9990447378892193,Acetaldehyde,0.3377872144308331,False,False,False,-4.015848988426022,-4.266933754259728
10,Acetone,2.5,Acetone,True,0.999998569908043,0.9999977949294082,Ethanol,0.001908136940637237,False,True,True,10.178995320698277,-1.586122302515782
10,Acetaldehyde,10.0,Acetaldehyde,True,0.9979860499767816,0.9965013575680736,Toluene,0.05094723886506448,False,True,True,12.362369605980877,-0.4291697638334123
10,Acetone,50.0,Acetone,True,0.9999854627500127,0.9999720103647478,Ethanol,0.32075552886059994,False,False,False,5.392097479452987,-0.32688788168164384
10,Acetaldehyde,50.0,Acetaldehyde,True,0.9923107798914176,0.9849821985529351,Ethanol,0.04714068598319999,False,True,True,8.230998122033524,-1.1789588170212446
10,Acetone,100.0,Acetone,True,0.9999844666199584,0.9999706737553795,Ethylene,0.8325491445102434,False,False,False,2.260828781737929,0.792927106741857
10,Acetaldehyde,200.0,Acetaldehyde,True,0.9996502582831674,0.9993012776586623,Acetaldehyde,0.33941495248385195,False,False,False,-1.5112670779192594,-3.755896530407735
10,Acetone,200.0,Acetone,True,0.999123960253898,0.9982479940127339,Acetone,0.2628915388542225,False,False,False,-3.562125575646902,2.156606877828473
10,Acetaldehyde,100.0,Acetaldehyde,True,0.9922248112563127,0.9846005053609352,Ethanol,0.4959395009416504,False,False,False,4.832269877716319,-2.1179502110962
10,Acetone,2.5,Acetone,True,0.9999984930209816,0.9999976985804229,Ethanol,0.0029863543524265936,False,True,True,10.142496587411902,-1.592747933626767
10,Acetaldehyde,10.0,Acetaldehyde,True,0.9986595128574254,0.9977541809861329,Toluene,0.050991004494369455,False,True,True,12.396906756748717,-0.4202707824013888
10,Acetone,250.0,Acetone,True,0.998381454506006,0.9967630129476404,Acetone,0.29457720001175225,False,False,False,-6.442419115648754,2.501822727050135
10,Acetaldehyde,150.0,Acetaldehyde,True,0.9984514040441791,0.996908156395174,Ethylene,0.09262670159412868,False,True,True,1.401273432414619,-3.012235420092664
10,Acetone,150.0,Acetone,True,0.9999180806501402,0.9998363130578615,Ethylene,0.07605291896658348,False,True,True,-0.6865053753354846,1.3937538680384762
10,Acetaldehyde,250.0,Acetaldehyde,True,0.999823029738604,0.9996461890332954,Acetaldehyde,0.3698017506179952,False,False,False,-4.098102453974395,-4.448165724372708
10,Acetone,50.0,Acetone,True,0.9999760132586337,0.9999534959226889,Ethanol,0.27265630380184075,False,False,False,5.550804024663673,-0.2805524252815882
10,Acetaldehyde,50.0,Acetaldehyde,True,0.9953327625393662,0.9908595482591519,Ethanol,0.056764863074177364,False,True,True,8.274331890668222,-1.2815518104678847
10,Acetone,100.0,Acetone,True,0.9999829132772204,0.9999668583581066,Ethylene,0.7637698945094342,False,False,False,2.020183635580575,0.6500838812651231
10,Acetaldehyde,200.0,Acetaldehyde,True,0.999287877129184,0.9985766653642498,Acetaldehyde,0.37193542687271614,False,False,False,-1.9397021638199428,-3.840973254276953
10,Acetone,200.0,Acetone,True,0.9911086808315775,0.9822176710629895,Acetone,0.3023398743275373,False,False,False,-3.61381713404494,2.041600738667658
10,Acetaldehyde,100.0,Acetaldehyde,True,0.9879875831880603,0.9761273103874886,Ethanol,0.39043932479483745,False,False,False,4.480727547440993,-2.178345169352294
10,Acetone,50.0,Acetone,True,0.9999812570679154,0.999965250106143,Ethanol,0.36510827356320574,False,False,False,5.464584619391595,-0.3926430229301606
10,Acetaldehyde,50.0,Acetaldehyde,True,0.992951180261987,0.9861623205854638,Ethanol,0.0655131605075687,False,True,True,8.182923671481902,-1.2889692813358264
10,Acetone,100.0,Acetone,True,0.9999484025600793,0.9998982049618578,Ethylene,0.76934323677767,False,False,False,2.0626546992535495,0.7826721033220937
10,Acetaldehyde,200.0,Acetaldehyde,True,0.9993714326695345,0.9987439303574558,Acetaldehyde,0.35399437800701333,False,False,False,-1.8109062691490445,-3.7831419143344402
10,Acetone,200.0,Acetone,True,0.998408902033785,0.9968178197409983,Acetone,0.27800002299349263,False,False,False,-3.6475293910617155,2.1444878926463296
10,Acetaldehyde,100.0,Acetaldehyde,True,0.9881013774058979,0.976371832215219,Ethanol,0.33282187650163336,False,False,False,4.283139882741894,-2.1958990842694446
10,Acetone,2.5,Acetone,True,0.9999975763571217,0.9999964756759366,Toluene,0.002675460448201383,False,True,True,10.273426752242408,-1.5316516038756691
10,Acetaldehyde,10.0,Acetaldehyde,True,0.9985809442225133,0.997615362020359,Toluene,0.05139586599667547,False,True,True,12.365054317093994,-0.41249845311662003
10,Acetone,250.0,Acetone,True,0.9939808429587571,0.9879618099333135,Acetone,0.2856519663029903,False,False,False,-6.483819059230595,2.5595244174685026
10,Acetaldehyde,150.0,Acetaldehyde,True,0.9977780509203461,0.995565580411315,Ethylene,0.0435877572769972,False,True,True,0.8481142687903677,-3.0508014411078617
10,Acetone,150.0,Acetone,True,0.9995456440651039,0.9990913780467294,Ethylene,0.07022552246416218,False,True,True,-0.7264127863588785,1.3865601310274371
10,Acetaldehyde,250.0,Acetaldehyde,True,0.9997048989705889,0.999410170460775,Acetaldehyde,0.2534816695961655,False,False,False,-4.807648865637656,-4.415447585312663
10,Acetone,2.5,Acetone,True,0.9999972249220547,0.9999956148368583,Toluene,0.003306442876363833,False,True,True,10.300167024972408,-1.5282503639670637
10,Acetaldehyde,10.0,Acetaldehyde,True,0.9985349126404549,0.9975001308116905,Toluene,0.051602938034823354,False,True,True,12.382081507720455,-0.401337148766517
10,Acetone,250.0,Acetone,True,0.9883075012640132,0.9766152371408207,Acetone,0.29518707841372943,False,False,False,-6.515940838743698,2.485761211567293
10,Acetaldehyde,150.0,Acetaldehyde,True,0.9982089356690153,0.9964247803033901,Ethylene,0.030747882452492183,False,True,True,0.8192954518561127,-3.0986993187008944
10,Acetone,150.0,Acetone,True,0.9992135522561125,0.9984273759329783,Ethylene,0.05574785802066695,False,True,True,-0.776846049771993,1.3037507975128049
10,Acetaldehyde,250.0,Acetaldehyde,True,0.999860529585166,0.9997211568152023,Acetaldehyde,0.30680088081739426,False,False,False,-4.749822868014735,-4.648882993301646
10,Acetone,50.0,Acetone,True,0.9999731045567478,0.9999484391480198,Ethanol,0.33506394061806816,False,False,False,5.5238680308309,-0.35875585772252766
10,Acetaldehyde,50.0,Acetaldehyde,True,0.993585261300202,0.9874081159426092,Ethanol,0.07538453087438149,False,True,True,8.126760307936793,-1.3258875876309397
10,Acetone,100.0,Acetone,True,0.9999779558450961,0.9999572051139795,Ethylene,0.7419189230429305,False,False,False,1.9585015038704399,0.5668340147907458
10,Acetaldehyde,200.0,Acetaldehyde,True,0.9993252276108824,0.9986514327340429,Acetaldehyde,0.36491498209629625,False,False,False,-2.081773839911165,-3.812666321627635
10,Acetone,200.0,Acetone,True,0.9987631137489369,0.9975262493641461,Acetone,0.30041818944494686,False,False,False,-3.708425403352095,2.0931480857551685
10,Acetaldehyde,100.0,Acetaldehyde,True,0.9924984110146112,0.9851067707715434,Ethanol,0.3198361393948705,False,False,False,4.242639638081653,-2.2285398365656546
10,Acetone,150.0,Acetone,True,0.9998230083511715,0.9996460795370311,Acetone,0.013980547530677017,False,True,True,-1.0443301774442535,1.3462587634137677
10,Acetaldehyde,250.0,Acetaldehyde,True,0.9998116086456303,0.9996234550110045,Acetaldehyde,0.2656446541031612,False,False,False,-4.81937776099961,-4.485731070979253
10,Acetone,50.0,Acetone,True,0.9999928451205898,0.9999861529243608,Ethanol,0.3597560082467916,False,False,False,5.383827765072169,-0.38151314965129657
10,Acetaldehyde,50.0,Acetaldehyde,True,0.9914190353462741,0.9831652904921654,Ethanol,0.06446223754481613,False,True,True,8.129020363299928,-1.2430831649984346
10,Acetone,100.0,Acetone,True,0.9999899556427548,0.9999803584593793,Ethylene,0.7533989217898199,False,False,False,1.988970333482328,0.628968957935953
10,Acetaldehyde,200.0,Acetaldehyde,True,0.9991603512095273,0.9983219338800121,Acetaldehyde,0.36283416456557305,False,False,False,-2.2144255695677537,-3.8077907369912802
10,Acetone,200.0,Acetone,True,0.9989647992854527,0.9979296210547915,Acetone,0.30813977883537935,False,False,False,-3.7517580120020337,2.085300914849507
10,Acetaldehyde,100.0,Acetaldehyde,True,0.991594295822648,0.9832943734573105,Ethanol,0.3511075592874737,False,False,False,4.357574201640512,-2.2404061462194296
10,Acetone,2.5,Acetone,True,0.9999983765715356,0.9999975946736447,Toluene,0.0006321026362169406,False,True,True,10.222545178857546,-1.553494967820779
10,Acetaldehyde,10.0,Acetaldehyde,True,0.9985991432869908,0.997587712687891,Toluene,0.05104676264084027,False,True,True,12.352057248187522,-0.42777465094379863
10,Acetone,250.0,Acetone,True,0.9640184898330393,0.92804589347856,Acetone,0.30128244259212195,False,False,False,-6.745142254083122,2.3935473244623795
10,Acetaldehyde,150.0,Acetaldehyde,True,0.998549043518571,0.99710433454842,Acetaldehyde,0.00644636547503091,False,True,True,0.6376200207270245,-3.158796623760893
10,Acetone,50.0,Acetone,True,0.9999726542057312,0.9999478821273124,Ethanol,0.4199303553168019,False,False,False,5.392090894065318,-0.46556512435993297
10,Acetaldehyde,50.0,Acetaldehyde,True,0.9934290812071288,0.9870900990358192,Ethanol,0.07986452573907168,False,True,True,8.069842380482978,-1.316858351462009
10,Acetone,100.0,Acetone,True,0.9999649668666467,0.9999304135424425,Ethylene,0.6982999329107344,False,False,False,1.8114898668385864,0.6269169294376374
10,Acetaldehyde,200.0,Acetaldehyde,True,0.9996158820174881,0.9992324798181571,Acetaldehyde,0.41066860898616414,False,False,False,-2.168467089357746,-3.9679333544504267
10,Acetone,200.0,Acetone,True,0.9876263954459845,0.9752529399487556,Acetone,0.3019674697673587,False,False,False,-3.865937827896454,2.156473984890748
10,Acetaldehyde,100.0,Acetaldehyde,True,0.9886490172952734,0.9774440424094695,Ethanol,0.36310741137110975,False,False,False,4.395837292550401,-2.2206617078736164
10,Acetone,2.5,Acetone,True,0.9999987646060654,0.999998001035231,Ethanol,0.007860507517496921,False,True,True,10.078044236017139,-1.6583633781034726
10,Acetaldehyde,10.0,Acetaldehyde,True,0.9981616247996282,0.9970642886066713,Toluene,0.05182410805464033,False,True,True,12.32318141684448,-0.4062593004060795
10,Acetone,250.0,Acetone,True,0.9527541137150584,0.9055143312483047,Acetone,0.27937176529416263,False,False,False,-6.760176040566633,2.5634330736577104
10,Acetaldehyde,150.0,Acetaldehyde,True,0.9984678432806512,0.9969435354198001,Ethylene,0.041880274589747024,False,True,True,0.8583160265047305,-3.067980602574765
10,Acetone,150.0,Acetone,True,0.9997625847977325,0.9995252381173308,Ethylene,0.005156761505765215,False,True,True,-0.9753352164655392,1.3908987665294879
10,Acetaldehyde,250.0,Acetaldehyde,True,0.9999192083179637,0.9998385548098387,Acetaldehyde,0.31969708256631074,False,False,False,-4.67284423944218,-4.65362606821491
10,Acetone,2.5,Acetone,True,0.9999986131777664,0.9999979114634675,Ethanol,0.006950931047024462,False,True,True,10.07369524567613,-1.639547136820481
10,Acetaldehyde,10.0,Acetaldehyde,True,0.998409966947813,0.9973282641444869,Toluene,0.050978175664649183,False,True,True,12.379645575123837,-0.4244101206211395
10,Acetone,50.0,Acetone,True,0.999992044292114,0.9999854054915172,Ethanol,0.3404086147795534,False,False,False,5.137314895567481,-0.36457859450248153
10,Acetaldehyde,50.0,Acetaldehyde,True,0.9942030577807062,0.988670092732671,Ethanol,0.08764606016467338,False,True,True,7.983101940705722,-1.3064095147935848
10,Acetone,100.0,Acetone,True,0.9999847134913004,0.999969740074458,Ethylene,0.7042301264559989,False,False,False,1.8313577899049793,0.6521041436224618
10,Acetaldehyde,200.0,Acetaldehyde,True,0.9995823969345663,0.9991655188768382,Acetaldehyde,0.40268369570392143,False,False,False,-2.1464216581290634,-3.941250772503574
10,Acetone,200.0,Acetone,True,0.985552302453139,0.9711050144699473,Acetone,0.3622166000758547,False,False,False,-3.9149694113322155,1.9619047150860252
10,Acetaldehyde,100.0,Acetaldehyde,True,0.9902158380329881,0.9805183074478455,Ethanol,0.2846622877974355,False,False,False,4.126450470125956,-2.3280521989865743
10,Acetone,250.0,Acetone,True,0.7807302427833877,0.5615629188023066,Acetone,0.29895488721046104,False,False,False,-6.493183639667015,2.4623859204217613
10,Acetaldehyde,150.0,Acetaldehyde,True,0.9984705178060841,0.9969474184152864,Ethylene,0.015540683118676922,False,True,True,0.832539979740225,-3.1929981695082525
10,Acetone,150.0,Acetone,True,0.9991579365167589,0.9983160452457299,Acetone,0.017896430251912152,False,True,True,-1.0412397014975419,1.1688516547662213
10,Acetaldehyde,250.0,Acetaldehyde,True,0.9997351329568429,0.9994706304620811,Acetaldehyde,0.26592695110052667,False,False,False,-4.8762060196937655,-4.529847054234935
10,Acetone,200.0,Acetone,True,0.9976780711547675,0.9953561774714196,Acetone,0.33563854600770243,False,False,False,-3.7885887393129063,2.003985681068539
10,Acetaldehyde,100.0,Acetaldehyde,True,0.9944696466543983,0.9890208239946929,Ethanol,0.30981588264261334,False,False,False,4.219224459606,-2.3090983677007806
10,Acetone,2.5,Acetone,True,0.9999983966514528,0.9999975166378217,Ethanol,0.004366053786944317,False,True,True,10.1403375070328,-1.6179172979899987
10,Acetaldehyde,10.0,Acetaldehyde,True,0.9985251148278316,0.9975407111768358,Toluene,0.05143327269698323,False,True,True,12.34564075198642,-0.415329517990938
10,Acetone,250.0,Acetone,True,0.9934709402197571,0.9869422230580291,Acetone,0.29658098510001996,False,False,False,-6.707829770464917,2.438730740912417
10,Acetaldehyde,150.0,Acetaldehyde,True,0.9981418021851333,0.9962927035973317,Ethylene,0.007348751825255752,False,True,True,0.6873229819673219,-3.1229310407561166
10,Acetone,150.0,Acetone,True,0.9999133482410522,0.9998267196705374,Acetone,0.017992365565831312,False,True,True,-1.0464985339218036,1.2173800397599073
10,Acetaldehyde,250.0,Acetaldehyde,True,0.9998293098983587,0.9996588247279765,Acetaldehyde,0.28802153377985246,False,False,False,-4.814429955094926,-4.600117078717806
10,Acetone,50.0,Acetone,True,0.9999863838074494,0.999973695596099,Ethanol,0.37464816907895027,False,False,False,5.3357658598827085,-0.40289953191392347
10,Acetaldehyde,50.0,Acetaldehyde,True,0.9945637029483959,0.9893078076943312,Ethanol,0.07572018670451017,False,True,True,8.119198540867936,-1.3227428329820337
10,Acetone,100.0,Acetone,True,0.9999854732851419,0.9999722866854356,Ethylene,0.6994529696917022,False,False,False,1.817518251182489,0.5959889493562044
10,Acetaldehyde,200.0,Acetaldehyde,True,0.9993753960348136,0.9987516902030833,Acetaldehyde,0.39661920376723625,False,False,False,-2.2849138110378595,-3.922510190636961
10,Acetone,50.0,Acetone,True,0.9999936152211444,0.999987914337472,Ethanol,0.4381467819699035,False,False,False,5.179327579364206,-0.5204930597534277
10,Acetaldehyde,50.0,Acetaldehyde,True,0.9923813590019267,0.985007884464002,Ethanol,0.09635129406855684,False,True,True,7.953377519410622,-1.3470304657142875
10,Acetone,100.0,Acetone,True,0.9999882220896761,0.9999770946113916,Ethylene,0.6397839645271343,False,False,False,1.6101521648810029,0.5047680141060209
10,Acetaldehyde,200.0,Acetaldehyde,True,0.9995074688990597,0.9990157488999972,Acetaldehyde,0.4098389435409943,False,False,False,-2.321801498731038,-3.9672021857763418
10,Acetone,200.0,Acetone,True,0.9965074453236867,0.9930151344318376,Acetone,0.43295466736499366,False,False,False,-4.126914076779321,1.7860400573777868
10,Acetaldehyde,100.0,Acetaldehyde,True,0.993192707933971,0.9864427858607533,Ethanol,0.27461484048606677,False,False,False,4.09616114744913,-2.4032271694593454
10,Acetone,2.5,Acetone,True,0.9999988082743314,0.9999981878479606,Ethanol,0.009269175169013022,False,True,True,10.018042796801005,-1.658872913124566
10,Acetaldehyde,10.0,Acetaldehyde,True,0.9986723111994077,0.9977869340127618,Toluene,0.05054359506841496,False,True,True,12.360666318964782,-0.44398964969157934
10,Acetone,250.0,Acetone,True,0.9931085209731538,0.9862179504425276,Acetone,0.3151008686824397,False,False,False,-6.89791511202436,2.2392208888471634
10,Acetaldehyde,150.0,Acetaldehyde,True,0.9986866424327516,0.9973770857672059,Acetaldehyde,0.0015824535181265377,False,True,True,0.745683089796133,-3.218941469278517
10,Acetone,150.0,Acetone,True,0.9998693237772237,0.9997387429849343,Acetone,0.03445546248789728,False,True,True,-1.1187037541574405,1.3122148939336575
10,Acetaldehyde,250.0,Acetaldehyde,True,0.9998882772496467,0.9997766689892356,Acetaldehyde,0.348750189279901,False,False,False,-4.462571813151395,-4.627832154580804
10,Acetone,150.0,Acetone,True,0.9998819910851555,0.9997641025765701,Acetone,0.011334929078807983,False,True,True,-1.0317234992160595,1.3206867115708352
10,Acetaldehyde,250.0,Acetaldehyde,True,0.9999360258123183,0.9998721429177073,Acetaldehyde,0.3359913077685868,False,False,False,-4.591616719240472,-4.671049589953892
10,Acetone,50.0,Acetone,True,0.9999898153158644,0.999980288717416,Ethanol,0.4147497428105307,False,False,False,5.28586641297562,-0.4652846181571996
10,Acetaldehyde,50.0,Acetaldehyde,True,0.9965127891549642,0.99318000165811,Ethanol,0.06234966365513596,False,True,True,8.250281929953955,-1.3109194021449404
10,Acetone,100.0,Acetone,True,0.9999894985652662,0.9999798964222616,Ethylene,0.692852382708575,False,False,False,1.794872688026706,0.593573813767898
10,Acetaldehyde,200.0,Acetaldehyde,True,0.9996398999256715,0.9992805050094693,Acetaldehyde,0.3774296241037353,False,False,False,-1.7501577581804784,-3.8762209377831445
10,Acetone,200.0,Acetone,True,0.9990651050818279,0.9981302430939732,Acetone,0.37168125473836,False,False,False,-3.993686814133029,1.9578278350375362
10,Acetaldehyde,100.0,Acetaldehyde,True,0.993708051092529,0.9874768736337243,Ethanol,0.32518518185787304,False,False,False,4.288580738392116,-2.3606713089585964
10,Acetone,2.5,Acetone,True,0.9999970548298979,0.9999949316534804,Ethanol,0.007460855415936441,False,True,True,10.093893259978612,-1.6575106459922435
10,Acetaldehyde,10.0,Acetaldehyde,True,0.9990262898468358,0.9984513217331,Toluene,0.05045555152260852,False,True,True,12.308693909714325,-0.45764688082530836
10,Acetone,250.0,Acetone,True,0.9924361392960169,0.984874669323778,Acetone,0.32710962697749707,False,False,False,-6.851886248838015,2.154014954522292
10,Acetaldehyde,150.0,Acetaldehyde,True,0.9991694383478601,0.998342201916549,Acetaldehyde,0.018599947165381214,False,True,True,0.6852903933602973,-3.2648269576660747
10,Acetone,250.0,Acetone,True,0.9445206354434285,0.889104528268771,Acetone,0.35212590133545324,False,False,False,-6.501110682989324,2.07539505901496
10,Acetaldehyde,150.0,Acetaldehyde,True,0.9986458612025926,0.9972962306118607,Ethylene,0.06550125698865848,False,True,True,1.1219180378664213,-3.137089428536915
10,Acetone,150.0,Acetone,True,0.9998815436046796,0.9997632831087624,Acetone,0.007667645114047274,False,True,True,-1.006178886222183,1.199339606966391
10,Acetaldehyde,250.0,Acetaldehyde,True,0.9999141798258517,0.9998284918217812,Acetaldehyde,0.3236690685711637,False,False,False,-4.625877811021809,-4.6352246238511805
10,Acetone,2.5,Acetone,True,0.9999976906603301,0.9999961465197615,Ethanol,0.005081776262660927,False,True,True,10.123109805048763,-1.6246137324783212
10,Acetaldehyde,10.0,Acetaldehyde,True,0.9989347965728449,0.9981885623478136,Toluene,0.05088386120490353,False,True,True,12.40105685907185,-0.4232719743580321
10,Acetone,50.0,Acetone,True,0.999992012628471,0.9999850170106195,Ethanol,0.3527628564242331,False,False,False,5.168605614960791,-0.381482875316745
10,Acetaldehyde,50.0,Acetaldehyde,True,0.9948355212363901,0.9899051328212924,Ethanol,0.07281059542455641,False,True,True,8.090370753441736,-1.2783990856101992
10,Acetone,100.0,Acetone,True,0.9999953006305299,0.999991230089537,Ethylene,0.7112436239485478,False,False,False,1.871766655245836,0.5068786101584315
10,Acetaldehyde,200.0,Acetaldehyde,True,0.9996591769104048,0.9993187847088351,Acetaldehyde,0.3910781280192182,False,False,False,-1.8226571698866392,-3.919433378613434
10,Acetone,200.0,Acetone,True,0.999764523258924,0.9995291052062689,Acetone,0.3866799581392872,False,False,False,-3.870089052010894,1.8584186085952705
10,Acetaldehyde,100.0,Acetaldehyde,True,0.9948305471498359,0.9897335040674705,Ethanol,0.4116893493946531,False,False,False,4.591170997553772,-2.266704613246908
10,Acetone,2.5,Acetone,True,0.999998219774743,0.9999973540284652,Ethanol,0.004451159154353375,False,True,True,10.143688036026846,-1.6208449029726044
10,Acetaldehyde,10.0,Acetaldehyde,True,0.9989802450805911,0.9983425870199184,Toluene,0.05105948790945798,False,True,True,12.360281382239524,-0.4255855702472163
10,Acetone,250.0,Acetone,True,0.9994755031253476,0.9989511023660607,Acetone,0.3481293765485965,False,False,False,-6.903121616753903,1.9559770650800021
10,Acetaldehyde,150.0,Acetaldehyde,True,0.9989306260643486,0.9978641046539931,Ethylene,0.03632953689931231,False,True,True,1.047394760653708,-3.244097785741381
10,Acetone,150.0,Acetone,True,0.9999576965299275,0.9999157032442088,Acetone,0.03356665311849823,False,True,True,-1.0821581958790016,1.007598058188327
10,Acetaldehyde,250.0,Acetaldehyde,True,0.9999429842735834,0.9998860233502671,Acetaldehyde,0.395412928034439,False,False,False,-4.270881529200862,-4.696505981609105
10,Acetone,50.0,Acetone,True,0.9999934087215716,0.9999875747836379,Ethanol,0.4586281541231173,False,False,False,5.3225886850685855,-0.5257189145366193
10,Acetaldehyde,50.0,Acetaldehyde,True,0.996188712732882,0.9925309224891475,Ethanol,0.07304237972450262,False,True,True,8.175223258628968,-1.3440381859331554
10,Acetone,100.0,Acetone,True,0.9999957297176474,0.9999928458366626,Ethylene,0.7292018733720856,False,False,False,1.926276578555101,0.5237575862910021
10,Acetaldehyde,200.0,Acetaldehyde,True,0.9995431369596062,0.9990868135906396,Acetaldehyde,0.37434687735701694,False,False,False,-1.822474879221287,-3.8576227592702272
10,Acetone,200.0,Acetone,True,0.9999734089736643,0.9999468907920289,Acetone,0.45153217295349546,False,False,False,-3.8040836176692485,1.605915039916801
10,Acetaldehyde,100.0,Acetaldehyde,True,0.9929851350893318,0.9860394878774784,Ethanol,0.3550003165421747,False,False,False,4.383274534960488,-2.2845360201010836
10,Acetone,50.0,Acetone,True,0.999994658475621,0.99998981374267,Ethanol,0.4612023433862153,False,False,False,5.302668825843865,-0.5322877288825442
10,Acetaldehyde,50.0,Acetaldehyde,True,0.9971628431802604,0.9944766060058666,Ethanol,0.059422579939611746,False,True,True,8.293091328582017,-1.3162660482296311
10,Acetone,100.0,Acetone,True,0.9999982309656175,0.9999971469041052,Ethylene,0.7171614980604902,False,False,False,1.9376530980019955,0.3797724473426384
10,Acetaldehyde,200.0,Acetaldehyde,True,0.9997767394533826,0.9995537107900444,Acetaldehyde,0.3934035625252797,False,False,False,-1.6336022335991203,-3.9538513792353425
10,Acetone,200.0,Acetone,True,0.9999694736685755,0.9999391518328448,Acetone,0.42687821722260016,False,False,False,-3.7050574787055957,1.6470605475871563
10,Acetaldehyde,100.0,Acetaldehyde,True,0.9939318462188319,0.988066898483055,Ethanol,0.4354334777755515,False,False,False,4.597037776534731,-2.0676599615268425
10,Acetone,2.5,Acetone,True,0.9999972890405368,0.9999957826717524,Toluene,0.0010644099835007993,False,True,True,10.240484908058047,-1.5514728757755485
10,Acetaldehyde,10.0,Acetaldehyde,True,0.9986523482780449,0.9976801119398833,Toluene,0.05057367836403009,False,True,True,12.391822592654544,-0.4364575130830396
10,Acetone,250.0,Acetone,True,0.9948267306367855,0.9896535562098021,Acetone,0.29850943524683443,False,False,False,-6.83771849806832,2.393373918455992
10,Acetaldehyde,150.0,Acetaldehyde,True,0.9983466417490338,0.996700032461664,Ethylene,0.055128955042438324,False,True,True,0.9876252422924525,-3.0939911113207446
10,Acetone,150.0,Acetone,True,0.9997153933418764,0.9994308575376767,Acetone,0.0004814337378913863,False,True,True,-0.9875379430283082,1.2880511359554156
10,Acetaldehyde,250.0,Acetaldehyde,True,0.9995886529951549,0.9991776517282203,Acetaldehyde,0.3122505972560147,False,False,False,-4.51363028943862,-4.489725867105327
10,Acetone,2.5,Acetone,True,0.9998351736441029,0.9997328874951392,Toluene,0.03081840450538219,False,True,True,11.078303333616267,-1.0955377140006257
10,Acetaldehyde,10.0,Acetaldehyde,True,0.6016105175930243,0.26489800112681067,Toluene,0.06730488143966347,True,True,True,11.87116297023059,-0.014777256457453779
10,Acetone,250.0,Ethylene,False,0.9972270492148367,0.9950020737061939,Acetone,0.2332369570131173,False,False,False,-5.04772985705845,2.7920592517879625
10,Acetaldehyde,150.0,Ammonia,False,0.7007810976829938,0.4624761168141288,Acetone,0.9251991315987413,False,False,False,-4.495633815642706,0.14943654271622
10,Acetone,150.0,Acetone,True,0.823746263416989,0.6474932061871557,Ethylene,0.13273429022974848,False,True,True,0.07794696550091279,1.8328780631881703
10,Acetaldehyde,250.0,Ammonia,False,0.4908346846925497,0.18783285683753054,Acetone,0.1887733491179052,True,False,True,-10.061799646301896,-1.4743748831337902
10,Acetone,50.0,Acetone,True,0.9998261335805556,0.9997262078429234,Toluene,0.15933473077918542,False,False,False,6.286918497150332,0.04650353287318353
10,Acetaldehyde,50.0,Ammonia,False,0.5619980267947148,0.35731711932410015,Toluene,0.05257572472924926,True,True,True,6.824472991182481,-0.25550153808314113
10,Acetone,100.0,Acetone,True,0.9972868833660408,0.9945745746693117,Ethylene,0.7142261545080845,False,False,False,2.873501997160265,1.087542069058521
10,Acetaldehyde,200.0,Ethanol,False,0.48630839658364844,0.2703230907461376,Acetone,0.47709432771217064,True,False,True,-5.381377997234833,-1.5178935398143762
10,Acetone,200.0,Ethylene,False,0.7205071012678003,0.4410257211189157,Acetone,0.12727942607335405,False,True,True,-3.062465324329805,2.3680838973698606
10,Acetaldehyde,100.0,Ammonia,False,0.7812285083763406,0.6517607215638477,Ethylene,0.48825989810679626,False,False,False,1.8314134449467048,-0.4982119301334237
10,Acetone,150.0,Acetone,True,0.9404254573439836,0.8808511949243268,Ethylene,0.13825752745553732,False,True,True,-0.03535853425405318,1.6932461624832866
10,Acetaldehyde,250.0,Ammonia,False,0.8502830482683643,0.7255829450561309,Acetone,0.14689881227203366,False,True,True,-11.957151129030057,-1.3367713464506965
10,Acetone,50.0,Acetone,True,0.9998306089612812,0.9997410397299485,Toluene,0.1483889917044483,False,True,True,6.362940338490514,0.011385333874077917
10,Acetaldehyde,50.0,Ammonia,False,0.6695453782514416,0.5419864672244249,Toluene,0.07150438251618703,True,True,True,6.440092149590649,-0.11614108434707435
10,Acetone,100.0,Acetone,True,0.9942010678675309,0.9884036043500621,Ethylene,0.7365091752001416,False,False,False,2.9566691481711316,0.9100762848378732
10,Acetaldehyde,200.0,Ammonia,False,0.8142700818089259,0.6571253443752085,Acetone,0.3301896525733317,False,False,False,-7.6098028057564875,-1.1449775156604407
10,Acetone,200.0,Ethylene,False,0.9506247438413835,0.9012830381653413,Acetone,0.11695445988380845,False,True,True,-2.6836645182451635,2.170320364749861
10,Acetaldehyde,100.0,Ammonia,False,0.9940787690726399,0.9911642189481781,Ethylene,0.2238988612470839,False,False,False,-0.10402383953463087,0.18052059942874607
10,Acetone,2.5,Acetone,True,0.9999571566526243,0.9999392171670216,Toluene,0.02320595336146552,False,True,True,10.9269977223031,-1.2565240318430626
10,Acetaldehyde,10.0,Acetaldehyde,True,0.8885709986338513,0.7989605012037133,Toluene,0.06291157062063217,False,True,True,12.031153082905115,-0.10431077154802429
10,Acetone,250.0,Ethylene,False,0.9851526394954703,0.9711059845448565,Acetone,0.2920885786046987,False,False,False,-5.36603650926268,2.554470029384314
10,Acetaldehyde,150.0,Ammonia,False,0.9995202911715145,0.9991594622689752,Acetone,0.5661952925837096,False,False,False,-6.275214571307437,0.3805288027859521
10,Acetone,50.0,Acetone,True,0.9998846120294173,0.9998166194559117,Toluene,0.059892883587110986,False,True,True,6.4897531873036876,-0.14778511335255926
10,Acetaldehyde,50.0,Ammonia,False,0.7228045648991034,0.4780209685097222,Toluene,0.13781815306732237,False,True,True,5.614933221481364,0.2756132376321258
10,Acetone,100.0,Acetone,True,0.996490135067195,0.9929819558438719,Ethylene,0.6353077858614258,False,False,False,3.174111909508431,0.9572268604833979
10,Acetaldehyde,200.0,Ammonia,False,0.9583184090650915,0.9324248775390229,Acetone,0.3067641959952769,False,False,False,-8.495970994737469,-0.5724300020645138
10,Acetone,200.0,Ethylene,False,0.5799488749488305,0.15990795534707047,Acetone,0.09558446021498951,True,True,True,-2.715998211768929,2.2702980914868083
10,Acetaldehyde,100.0,Ammonia,False,0.6939117798945178,0.5599275212419925,Ethylene,0.44545796062079457,True,False,True,1.4596742011949027,-0.5700783511266397
10,Acetone,2.5,Acetone,True,0.9999838074987963,0.9999773557025434,Toluene,0.01673739335815307,False,True,True,10.632387446587046,-1.3461074440275553
10,Acetaldehyde,10.0,Acetaldehyde,True,0.9737207620461024,0.9518713280701065,Toluene,0.05758836224737835,False,True,True,12.204881180835363,-0.23340255192473852
10,Acetone,250.0,Ethylene,False,0.7363926667659454,0.47287153665896403,Acetone,0.3052546581046934,False,False,False,-5.641112526071162,2.4970609397472514
10,Acetaldehyde,150.0,Ammonia,False,0.5153654945506986,0.1381662865406828,Acetone,0.37133573539257053,True,False,True,-2.5780535932513216,-1.1944147933801217
10,Acetone,150.0,Acetone,True,0.97121635032998,0.9424332518384714,Ethylene,0.17483272259118557,False,False,False,-0.10249224044774531,1.4206718231877216
10,Acetaldehyde,250.0,Ethanol,False,0.44608721922636524,0.02881051381816152,Acetone,0.1617251786519774,True,False,True,-8.578426702403796,-2.545852339204537
10,Acetone,2.5,Acetone,True,0.9999925382017902,0.9999886804939334,Toluene,0.010193647380159732,False,True,True,10.523616573351042,-1.45651226304559
10,Acetaldehyde,10.0,Acetaldehyde,True,0.9958850941022469,0.9927601953095425,Toluene,0.054421811825668756,False,True,True,12.265921293398266,-0.32785044863583024
10,Acetone,50.0,Acetone,True,0.9999788230148694,0.9999661340147149,Ethanol,0.22120128767590932,False,False,False,5.811392759580847,-0.27992750497368724
10,Acetaldehyde,50.0,Acetaldehyde,True,0.6604299853639046,0.4655179888534191,Ethanol,0.09732022373607864,True,True,True,6.895065103603366,-0.6003070092421713
10,Acetone,100.0,Acetone,True,0.9995791995305683,0.9991593087716396,Ethylene,0.8658667545560802,False,False,False,2.7328646806516415,0.7693303987414523
10,Acetaldehyde,200.0,Acetaldehyde,True,0.5355055416273516,0.1706318091573697,Acetone,0.31902088628382824,True,False,True,-4.880776310279755,-2.181572256294478
10,Acetone,200.0,Acetone,True,0.779208058737852,0.558423220812684,Acetone,0.2160730415128645,False,False,False,-3.1860593249720455,2.1190691084892173
10,Acetaldehyde,100.0,Acetaldehyde,True,0.6017885312681804,0.3440942494899174,Ethylene,0.14756625492054862,True,True,True,2.994714675944689,-1.2764305850572666
10,Acetone,250.0,Ethylene,False,0.8859817706576042,0.7724562508956331,Acetone,0.2950692985758974,False,False,False,-6.004286727413004,2.5443615652860148
10,Acetaldehyde,150.0,Acetaldehyde,True,0.4892006487955112,0.10391588296356385,Acetone,0.023842428181591706,True,True,True,-0.8198495046320208,-1.7459145044703932
10,Acetone,150.0,Acetone,True,0.998019036355605,0.9960381387928542,Ethylene,0.11047626622500122,False,True,True,-0.4484517986739068,1.4233078293324923
10,Acetaldehyde,250.0,Acetaldehyde,True,0.5353223437839291,0.12695042644925852,Acetone,0.16181124471425148,True,False,True,-7.582801785830329,-2.749575919698421
10,Acetone,200.0,Acetone,True,0.9469073764357373,0.8938163585966112,Acetone,0.25751425859803223,False,False,False,-3.1721272926021538,1.9603604163676438
10,Acetaldehyde,100.0,Acetaldehyde,True,0.7904155806110645,0.6282432253692076,Ethylene,0.0617670437597595,False,True,True,3.2076766959431535,-1.407792463485886
10,Acetone,2.5,Acetone,True,0.9999982639753202,0.9999973622692916,Toluene,0.0025666325629957825,False,True,True,10.298721412688614,-1.5422018311772898
10,Acetaldehyde,10.0,Acetaldehyde,True,0.994114073442393,0.98936858323912,Toluene,0.05474201996289074,False,True,True,12.278297848556612,-0.3136153381528151
10,Acetone,250.0,Acetone,True,0.7203316882417852,0.44078143001988085,Acetone,0.3418259381739626,False,False,False,-6.179147038432095,2.229868053441455
10,Acetaldehyde,150.0,Acetaldehyde,True,0.7120648211359832,0.47877891981891596,Acetone,0.0182072469031752,False,True,True,-0.7822948556810583,-1.9900536509262503
10,Acetone,150.0,Acetone,True,0.9952316512383008,0.9904635342727227,Ethylene,0.13771163108618206,False,True,True,-0.4681198728293531,1.2300921909962954
10,Acetaldehyde,250.0,Acetaldehyde,True,0.848034246086833,0.7064537464382894,Acetone,0.10500044434066778,False,True,True,-6.745194358802477,-3.20251936699289
10,Acetone,50.0,Acetone,True,0.999983579766405,0.9999700193864473,Ethanol,0.3376097918317528,False,False,False,5.69731365804065,-0.394549192088394
10,Acetaldehyde,50.0,Acetaldehyde,True,0.9646783742929766,0.935878259633452,Ethanol,0.033852676814619585,False,True,True,7.799225058616368,-0.864378475159212
10,Acetone,100.0,Acetone,True,0.999872522939816,0.9997454887389745,Ethylene,0.890966855232615,False,False,False,2.3426320259873927,0.5764345345115255
10,Acetaldehyde,200.0,Acetaldehyde,True,0.7826043384314981,0.5792221451410249,Acetone,0.0877656212682699,False,True,True,-3.5022159873371614,-2.6531303946726816
10,Acetone,50.0,Acetone,True,0.9999875614807701,0.999977926791882,Ethanol,0.30372175036825494,False,False,False,5.699285666634151,-0.35222873059149346
10,Acetaldehyde,50.0,Acetaldehyde,True,0.9620970570201264,0.9310073133523968,Ethanol,0.049081272195013126,False,True,True,7.675186324438193,-0.8742028395009313
10,Acetone,100.0,Acetone,True,0.9999771400014752,0.9999545477123729,Ethylene,0.8562707765885491,False,False,False,2.2624274577888723,0.6122768645376607
10,Acetaldehyde,200.0,Acetaldehyde,True,0.872136974387646,0.7521426171103514,Acetone,0.09688965838427717,False,True,True,-3.5891850156124185,-2.650930999388602
10,Acetone,200.0,Acetone,True,0.9604931285204086,0.9209871751521606,Acetone,0.26139777836609873,False,False,False,-3.446372788831696,2.1021522821483094
10,Acetaldehyde,100.0,Acetaldehyde,True,0.8921528598975021,0.7959649236295274,Ethanol,0.13960989208106778,False,True,True,3.7621057190090346,-1.543368162409208
10,Acetone,2.5,Acetone,True,0.9999971974584047,0.9999956123658694,Toluene,0.0021862358373826193,False,True,True,10.301925783460662,-1.5507205684006569
10,Acetaldehyde,10.0,Acetaldehyde,True,0.9963224043656406,0.9934301132165404,Toluene,0.05378229347894133,False,True,True,12.338368287402524,-0.33305356166058003
10,Acetone,250.0,Acetone,True,0.8201513462507006,0.6403335509038839,Acetone,0.3330166664737691,False,False,False,-6.227619994227863,2.2773900652081855
10,Acetaldehyde,150.0,Acetaldehyde,True,0.9453122402699704,0.8947170220195017,Ethylene,0.10803276075091589,False,True,True,0.2108273537842943,-2.212739882098644
10,Acetone,150.0,Acetone,True,0.9996417319258039,0.9992834964746926,Ethylene,0.11478794672117296,False,True,True,-0.5450488644454038,1.295056792749113
10,Acetaldehyde,250.0,Acetaldehyde,True,0.9682023952696954,0.9369997567424455,Acetone,0.013060514914807737,False,True,True,-5.345528858587079,-3.4350799193960717
10,Acetone,150.0,Acetone,True,0.9975730530619283,0.9951462067803739,Ethylene,0.09905424709780493,False,True,True,-0.5672473869323538,1.3706049183947235
10,Acetaldehyde,250.0,Acetaldehyde,True,0.9735786844763962,0.9478296000219603,Acetone,0.01822413530070338,False,True,True,-5.503624523296124,-3.4562506880801154
10,Acetone,50.0,Acetone,True,0.9999907554109073,0.9999832109140717,Ethanol,0.3789160602136127,False,False,False,5.711908675217975,-0.450133423182602
10,Acetaldehyde,50.0,Acetaldehyde,True,0.9827471002590548,0.9675596126894774,Ethanol,0.024034107764950324,False,True,True,8.111127823825209,-0.9582334683501282
10,Acetone,100.0,Acetone,True,0.9998497893967409,0.9997005729795659,Ethylene,0.8837641454152323,False,False,False,2.327345577027937,0.6337325071635128
10,Acetaldehyde,200.0,Acetaldehyde,True,0.9764896627599967,0.9535430472680787,Acetaldehyde,0.09920513051010867,False,True,True,-2.5268206265295405,-2.97112669890665
10,Acetone,200.0,Acetone,True,0.9807562044716797,0.9615128210000672,Acetone,0.2691243896033893,False,False,False,-3.436028574207806,2.0690060235447256
10,Acetaldehyde,100.0,Acetaldehyde,True,0.9476246559227127,0.898554539433341,Ethanol,0.32200149888853097,False,False,False,4.223630737331543,-1.649405308316246
10,Acetone,2.5,Acetone,True,0.9999966967884073,0.9999951513715348,Toluene,0.0034373169699828746,False,True,True,10.296035187149998,-1.5243530370285943
10,Acetaldehyde,10.0,Acetaldehyde,True,0.9957371810530101,0.9922286298404288,Toluene,0.05315751696514291,False,True,True,12.419415353496692,-0.336174961818332
10,Acetone,250.0,Acetone,True,0.9643801707590748,0.9287614383324758,Acetone,0.3127843888482971,False,False,False,-6.271262423324578,2.4031955052245384
10,Acetaldehyde,150.0,Acetaldehyde,True,0.9478491164322361,0.8990777234984565,Ethylene,0.17302933296410788,False,False,False,0.5657940183328132,-2.154401684265008
10,Acetone,250.0,Acetone,True,0.6453428636972844,0.2907505707714685,Acetone,0.2894376407673579,True,False,True,-6.026795196902263,2.5775915345244362
10,Acetaldehyde,150.0,Acetaldehyde,True,0.9656390060877278,0.9326100111705552,Ethylene,0.1848576158225848,False,False,False,0.9459000067897277,-2.2544404636282565
10,Acetone,150.0,Acetone,True,0.9997241793941746,0.999448392767466,Ethylene,0.09184724877076311,False,True,True,-0.5587993187062388,1.422975487127422
10,Acetaldehyde,250.0,Acetaldehyde,True,0.9679560523129012,0.9365112003971288,Acetone,0.029289637083930006,False,True,True,-5.28348565024542,-3.3467115504279437
10,Acetone,2.5,Acetone,True,0.9999973230307194,0.9999958648635676,Toluene,0.005814405830015318,False,True,True,10.327351840967152,-1.488052512512484
10,Acetaldehyde,10.0,Acetaldehyde,True,0.9971692704832503,0.9947914007001399,Toluene,0.052557655652291674,False,True,True,12.44452282510416,-0.3522492697218142
10,Acetone,50.0,Acetone,True,0.9999932708598697,0.9999880503804887,Ethanol,0.25057750470298845,False,False,False,5.638437420840891,-0.2697220923271883
10,Acetaldehyde,50.0,Acetaldehyde,True,0.9817096756388051,0.9669857430687193,Ethanol,0.011621749614948886,False,True,True,7.903709145785886,-0.7989311174958474
10,Acetone,100.0,Acetone,True,0.9999568371514733,0.9999140215544414,Ethylene,0.8935559378369112,False,False,False,2.4394977826799584,0.7697288775620185
10,Acetaldehyde,200.0,Acetaldehyde,True,0.9862927982282946,0.9728959701140557,Acetaldehyde,0.0954733199910624,False,True,True,-2.2738763205255634,-2.8987512405202773
10,Acetone,200.0,Acetone,True,0.9940448994315156,0.9880898202617822,Acetone,0.23148753018936824,False,False,False,-3.3870225551533246,2.1774393607624503
10,Acetaldehyde,100.0,Acetaldehyde,True,0.9635476876212279,0.9294421185340318,Ethanol,0.44733182540842253,False,False,False,4.534271482062609,-1.6321064829520981
10,Acetone,2.5,Acetone,True,0.9999958159969489,0.999994033030999,Toluene,0.010836799287061714,False,True,True,10.45279237047307,-1.4246348398245492
10,Acetaldehyde,10.0,Acetaldehyde,True,0.9971705509472858,0.9947967852273235,Toluene,0.05230960120271078,False,True,True,12.49259488308896,-0.3500710426161885
10,Acetone,250.0,Acetone,True,0.9905283291070694,0.9810569283166533,Acetone,0.3030127445761255,False,False,False,-6.3739663012469565,2.453356610259906
10,Acetaldehyde,150.0,Acetaldehyde,True,0.9766521993736499,0.9541939763032617,Ethylene,0.18326029187541648,False,False,False,1.0155896764121346,-2.2512014954018036
10,Acetone,150.0,Acetone,True,0.9995218632559824,0.9990437529501004,Ethylene,0.08032162504059687,False,True,True,-0.5446552385079383,1.5046993473096077
10,Acetaldehyde,250.0,Acetaldehyde,True,0.9920292939200192,0.9841234593177167,Acetaldehyde,0.07061814173541223,False,True,True,-4.642737348428146,-3.5438421696279363
10,Acetone,50.0,Acetone,True,0.9999863001655758,0.9999749757053157,Ethanol,0.21673413327462554,False,False,False,5.772203200439536,-0.26217190449190797
10,Acetaldehyde,50.0,Acetaldehyde,True,0.9900687515485005,0.981489718606459,Ethanol,0.004861428534094821,False,True,True,8.250196722744317,-0.8951919524912256
10,Acetone,100.0,Acetone,True,0.9999738031706201,0.9999480185863665,Ethylene,0.8659319022998596,False,False,False,2.372012483017207,0.7968846093490053
10,Acetaldehyde,200.0,Acetaldehyde,True,0.9705347994188241,0.9416589521642094,Acetaldehyde,0.05222810436529124,False,True,True,-2.3859656138520258,-2.773974517368824
10,Acetone,200.0,Acetone,True,0.998223008324189,0.9964460283534016,Acetone,0.25415661914375437,False,False,False,-3.3939611359955064,2.0998769716723156
10,Acetaldehyde,100.0,Acetaldehyde,True,0.949941059432623,0.9042135621585552,Ethanol,0.3411882559932463,False,False,False,4.276818504763726,-1.5794889462990915
10,Acetone,50.0,Acetone,True,0.9999876822146438,0.9999785898524074,Ethanol,0.21037607012312476,False,False,False,5.774033946541075,-0.25464805519669814
10,Acetaldehyde,50.0,Acetaldehyde,True,0.988215555716544,0.9781500618812022,Ethanol,0.007424344396771216,False,True,True,8.20755155905062,-0.8952387646408058
10,Acetone,100.0,Acetone,True,0.9999418206502103,0.9998839285333586,Ethylene,0.8606853201622983,False,False,False,2.346273672963292,0.7893394647216592
10,Acetaldehyde,200.0,Acetaldehyde,True,0.985148953746409,0.9705413223673287,Acetaldehyde,0.10761748014736909,False,True,True,-2.033928631544457,-2.891392959434998
10,Acetone,200.0,Acetone,True,0.9899801101902658,0.9799602789037519,Acetone,0.22874180691596288,False,False,False,-3.4378102538518367,2.2146634929568645
10,Acetaldehyde,100.0,Acetaldehyde,True,0.9676323687691777,0.9396432623681645,Ethanol,0.34567970361347594,False,False,False,4.288796203117475,-1.566081790375177
10,Acetone,2.5,Acetone,True,0.9999945121390894,0.999992222953508,Toluene,0.009778225540818367,False,True,True,10.422237752848115,-1.4375745147638066
10,Acetaldehyde,10.0,Acetaldehyde,True,0.9951938887053952,0.9911976815159077,Toluene,0.053127265180575964,False,True,True,12.447947011507207,-0.3303801996953256
10,Acetone,250.0,Acetone,True,0.9698462515216497,0.9396932413237864,Acetone,0.30108688281473706,False,False,False,-6.3539681502115215,2.4696350551575676
10,Acetaldehyde,150.0,Acetaldehyde,True,0.9544392644845129,0.9107025286409695,Ethylene,0.16362928282659991,False,False,False,0.5797483983261834,-2.21412951184088
10,Acetone,150.0,Acetone,True,0.9994587830122328,0.9989175935561477,Ethylene,0.08609228133090652,False,True,True,-0.5832968998222993,1.4332993481334393
10,Acetaldehyde,250.0,Acetaldehyde,True,0.9628205429547297,0.9262320661973736,Acetone,0.03161508162583131,False,True,True,-5.268012526980397,-3.332592707852638
10,Acetone,2.5,Acetone,True,0.9999994705272258,0.9999991078857106,Ethanol,0.007529962193326532,False,True,True,10.211506112761386,-1.7082469314338542
10,Acetaldehyde,10.0,Acetaldehyde,True,0.9950114682444157,0.9907047480066831,Toluene,0.05331219494047258,False,True,True,12.501382423155928,-0.31027897691945217
10,Acetone,250.0,Acetone,True,0.9880819930879907,0.9761641570620632,Acetone,0.3010808042011367,False,False,False,-6.305991668304224,2.4764759172669897
10,Acetaldehyde,150.0,Acetaldehyde,True,0.9737074848925777,0.9486606412023535,Ethylene,0.18313091172894946,False,False,False,0.7640802754654911,-2.2531602346922353
10,Acetone,150.0,Acetone,True,0.9992375989682317,0.9984752305026801,Ethylene,0.08651853696146712,False,True,True,-0.5580932118773297,1.4554486677124114
10,Acetaldehyde,250.0,Acetaldehyde,True,0.9918765836137357,0.9838262336027349,Acetaldehyde,0.07498249126422232,False,True,True,-4.631531467224908,-3.556354485973715
10,Acetone,50.0,Acetone,True,0.9999868555693642,0.9999761935552033,Ethanol,0.19270380360875353,False,False,False,5.756676393026811,-0.2269632551651476
10,Acetaldehyde,50.0,Acetaldehyde,True,0.9915799019294245,0.9841790460904305,Ethanol,0.009161270060106851,False,True,True,8.309287114746207,-0.9467640077061865
10,Acetone,100.0,Acetone,True,0.9999244835859182,0.9998493700956855,Ethylene,0.8378650990573475,False,False,False,2.3313113301811845,0.8508519071262679
10,Acetaldehyde,200.0,Acetaldehyde,True,0.9756414057272563,0.9517440510749672,Acetaldehyde,0.09657428597357658,False,True,True,-2.0923880039885008,-2.8626237089411344
10,Acetone,200.0,Acetone,True,0.9950494083424343,0.9900988381496938,Acetone,0.23887285796349086,False,False,False,-3.5357721028419418,2.2293584054634605
10,Acetaldehyde,100.0,Acetaldehyde,True,0.966361999263463,0.9360735878734991,Ethanol,0.3975637031835223,False,False,False,4.412781550228218,-1.6131840768751575
10,Acetone,150.0,Acetone,True,0.9985563959781215,0.9971128164768789,Ethylene,0.0554873341565777,False,True,True,-0.6604565906256916,1.5400631644925094
10,Acetaldehyde,250.0,Acetaldehyde,True,0.9853734017412766,0.9709097594193464,Acetaldehyde,0.03946377950158732,False,True,True,-4.809854276858227,-3.4832548933013574
10,Acetone,50.0,Acetone,True,0.9999838669760683,0.9999708308095312,Ethanol,0.15827518459399606,False,False,False,5.766656537632677,-0.18599187396485573
10,Acetaldehyde,50.0,Acetaldehyde,True,0.9903252367162914,0.9822311574325835,Ethanol,0.00543312407223642,False,True,True,8.23478934026342,-0.893034176729111
10,Acetone,100.0,Acetone,True,0.9998977000433159,0.9997956415723599,Ethylene,0.8302752182045312,False,False,False,2.3266228619997635,0.871430678781015
10,Acetaldehyde,200.0,Acetaldehyde,True,0.976164730839271,0.9528207678913553,Acetaldehyde,0.08999447923927929,False,True,True,-2.20993194818848,-2.864654678231116
10,Acetone,200.0,Acetone,True,0.9901755446765134,0.9803511407099677,Acetone,0.23678406017074505,False,False,False,-3.5218600271005656,2.229744170651644
10,Acetaldehyde,100.0,Acetaldehyde,True,0.9655454243811631,0.9331083321523954,Ethanol,0.43569731480787194,False,False,False,4.509726277113955,-1.6753837284949682
10,Acetone,2.5,Acetone,True,0.9999967857389227,0.9999954512172042,Toluene,0.008995743446771122,False,True,True,10.401299605585898,-1.4473110554634547
10,Acetaldehyde,10.0,Acetaldehyde,True,0.9960031233577628,0.9925375953524589,Toluene,0.05265676629153615,False,True,True,12.516974621205538,-0.3311323356631377
10,Acetone,250.0,Acetone,True,0.9428939706976697,0.8857896194550138,Acetone,0.2957022431572981,False,False,False,-6.447123677868113,2.4931392737846467
10,Acetaldehyde,150.0,Acetaldehyde,True,0.9712271471150408,0.9435092426227462,Ethylene,0.18422212509758867,False,False,False,0.8304336582633511,-2.2879796710735696
10,Acetone,50.0,Acetone,True,0.9999728923628717,0.9999501765186826,Ethanol,0.20625313185143834,False,False,False,5.780585496767864,-0.2513970391622274
10,Acetaldehyde,50.0,Acetaldehyde,True,0.988342977147297,0.9779661904846407,Ethanol,0.010484807485919768,False,True,True,8.275252134503791,-0.9420502800017874
10,Acetone,100.0,Acetone,True,0.9999622123881582,0.9999250898215347,Ethylene,0.8313626895353455,False,False,False,2.2368324727732483,0.7579665762769592
10,Acetaldehyde,200.0,Acetaldehyde,True,0.9923172251747224,0.9847355269152681,Acetaldehyde,0.14555032592260136,False,True,True,-2.0523032993359087,-3.034561627544964
10,Acetone,200.0,Acetone,True,0.9961225094188432,0.9922450856976885,Acetone,0.2840556565049559,False,False,False,-3.548666966420807,2.074317550353565
10,Acetaldehyde,100.0,Acetaldehyde,True,0.972125467973268,0.945456330330172,Ethanol,0.4071724756981322,False,False,False,4.44243919382688,-1.7309193142115737
10,Acetone,2.5,Acetone,True,0.9999913968141061,0.9999873983072117,Toluene,0.012356620355699031,False,True,True,10.513037702175172,-1.4093559669475768
10,Acetaldehyde,10.0,Acetaldehyde,True,0.9971767815305413,0.9947384052971515,Toluene,0.05221856094419734,False,True,True,12.539923109142446,-0.34216127129739876
10,Acetone,250.0,Acetone,True,0.9046239387700855,0.8092562108823101,Acetone,0.27653013295914214,False,False,False,-6.68053101741982,2.5987742170349404
10,Acetaldehyde,150.0,Acetaldehyde,True,0.9792200590815171,0.9591821053897999,Ethylene,0.17609053321762733,False,False,False,0.8578836354740143,-2.3585930713730194
10,Acetone,150.0,Acetone,True,0.9984420859438451,0.9968842220867,Ethylene,0.057117789565751795,False,True,True,-0.6719995734703105,1.5202158851571155
10,Acetaldehyde,250.0,Acetaldehyde,True,0.9956865318201941,0.991417583125184,Acetaldehyde,0.11200803087792165,False,True,True,-4.484643914071923,-3.6393462963408236
10,Acetone,2.5,Acetone,True,0.9999946913687989,0.999992139032167,Toluene,0.012168355214136959,False,True,True,10.507286889555763,-1.4117536911850934
10,Acetaldehyde,10.0,Acetaldehyde,True,0.9957307727233541,0.9920495238894954,Toluene,0.05176540862218595,False,True,True,12.548638031439594,-0.3573164829419894
10,Acetone,50.0,Acetone,True,0.9999893740689888,0.9999824729484286,Ethanol,0.21008226667046778,False,False,False,5.578048259393131,-0.20300981230050216
10,Acetaldehyde,50.0,Acetaldehyde,True,0.9899760997571821,0.9813324175533861,Ethanol,0.017668930928661192,False,True,True,8.122829143974279,-0.924190525345186
10,Acetone,100.0,Acetone,True,0.99993883550978,0.9998779814705102,Ethylene,0.8241447574007768,False,False,False,2.316685026427335,0.8834305227099847
10,Acetaldehyde,200.0,Acetaldehyde,True,0.9890330352609503,0.9782276228042811,Acetaldehyde,0.13706568191817903,False,True,True,-2.045448434723655,-3.002329859752616
10,Acetone,200.0,Acetone,True,0.9889913055988548,0.9779826924669913,Acetone,0.24164684057547217,False,False,False,-3.5382000672945035,2.220633222144413
10,Acetaldehyde,100.0,Acetaldehyde,True,0.9688782006160322,0.9395707403534979,Ethanol,0.44792412981085505,False,False,False,4.53978381442861,-1.6721610326437457
10,Acetone,250.0,Acetone,True,0.6577845312944682,0.3157450731082093,Acetone,0.2967291965772767,True,False,True,-6.373126185237891,2.4968630191067653
10,Acetaldehyde,150.0,Acetaldehyde,True,0.9718299262010379,0.9445859820483512,Ethylene,0.16723094540035552,False,False,False,1.1523640384159395,-2.356700683894381
10,Acetone,150.0,Acetone,True,0.9964369943286884,0.9928740528494269,Ethylene,0.08570004024687311,False,True,True,-0.6282399239035186,1.3914558867666404
10,Acetaldehyde,250.0,Acetaldehyde,True,0.9846695980965282,0.9695540841699677,Acetaldehyde,0.053353990487087305,False,True,True,-5.023459357078982,-3.616939833302148
10,Acetone,200.0,Acetone,True,0.946974794672326,0.8939510642262349,Acetone,0.2743601181623388,False,False,False,-3.4454147718443404,2.055306462415338
10,Acetaldehyde,100.0,Acetaldehyde,True,0.9723940905088263,0.9460720617210897,Ethanol,0.381243586960795,False,False,False,4.377080939410934,-1.7661926416686347
10,Acetone,2.5,Acetone,True,0.9999946645869893,0.9999920768038878,Toluene,0.010616962266025055,False,True,True,10.481653795207375,-1.4366837314139203
10,Acetaldehyde,10.0,Acetaldehyde,True,0.996218804232497,0.9929960898794636,Toluene,0.05214584029113743,False,True,True,12.519369152534411,-0.34984929325156194
10,Acetone,250.0,Acetone,True,0.9590765899453505,0.9181569087883299,Acetone,0.2856553067252464,False,False,False,-6.464661880805675,2.56208735209914
10,Acetaldehyde,150.0,Acetaldehyde,True,0.9662409960644196,0.9336162043232328,Ethylene,0.16576341728662514,False,False,False,0.7236494307756548,-2.3126848044882444
10,Acetone,150.0,Acetone,True,0.9986943118372077,0.9973886881466238,Ethylene,0.07682155878569587,False,True,True,-0.5880840704286282,1.4835582092135666
10,Acetaldehyde,250.0,Acetaldehyde,True,0.9941447478979837,0.9883459923387752,Acetaldehyde,0.0855101549248456,False,True,True,-4.8196015921598585,-3.6715383022346506
10,Acetone,50.0,Acetone,True,0.999961505359585,0.9999268168990555,Ethanol,0.19134992364177505,False,False,False,5.749523774990077,-0.22311934996387583
10,Acetaldehyde,50.0,Acetaldehyde,True,0.9913682719552512,0.9834821927459517,Ethanol,0.010066001249648055,False,True,True,8.391972636864491,-0.986401009405233
10,Acetone,100.0,Acetone,True,0.9999126448139608,0.9998258828569355,Ethylene,0.8698445970830943,False,False,False,2.4058043707020778,0.8110701787674525
10,Acetaldehyde,200.0,Acetaldehyde,True,0.974172597423544,0.9488176117977722,Acetaldehyde,0.11094605734387614,False,True,True,-2.114762429759404,-2.919962656947104
10,Acetone,50.0,Acetone,True,0.9999837540128411,0.9999729765914961,Ethanol,0.15447324654367675,False,False,False,5.751289225613462,-0.17643527533691564
10,Acetaldehyde,50.0,Acetaldehyde,True,0.9910628269367942,0.9833225967841959,Ethanol,0.0076851760714569135,False,True,True,8.301027930964883,-0.9334499757669733
10,Acetone,100.0,Acetone,True,0.9998832349872988,0.9997670161818754,Ethylene,0.8209248411204826,False,False,False,2.348005621209505,0.9145594876286925
10,Acetaldehyde,200.0,Acetaldehyde,True,0.9797331662835719,0.9597167955868559,Acetaldehyde,0.13583103596570872,False,True,True,-2.2985962970041984,-3.0455017116359775
10,Acetone,200.0,Acetone,True,0.9582768567062937,0.916554247293289,Acetone,0.23719690680288805,False,False,False,-3.565872292478296,2.250632341177594
10,Acetaldehyde,100.0,Acetaldehyde,True,0.9731717679877345,0.9476026950868414,Ethanol,0.38707128945292407,False,False,False,4.392573021439445,-1.7661972584331094
10,Acetone,2.5,Acetone,True,0.9999926770167364,0.9999887232290088,Toluene,0.010305134766697739,False,True,True,10.460248412436634,-1.4372944463191246
10,Acetaldehyde,10.0,Acetaldehyde,True,0.9960136463121928,0.992551862228601,Toluene,0.05221304386856203,False,True,True,12.535351856659698,-0.3434732359858134
10,Acetone,250.0,Acetone,True,0.86192969146702,0.7239485066252841,Acetone,0.29011205154090347,False,False,False,-6.534647459794011,2.519681800400427
10,Acetaldehyde,150.0,Acetaldehyde,True,0.9863402276922527,0.9730203969452145,Ethylene,0.1614282987296955,False,False,False,0.9605283367937963,-2.4806537019996515
10,Acetone,150.0,Acetone,True,0.9983583509061305,0.9967167791234446,Ethylene,0.042130119152910254,False,True,True,-0.7508861014938393,1.5367371324375703
10,Acetaldehyde,250.0,Acetaldehyde,True,0.9938581766494013,0.9877486514984936,Acetaldehyde,0.13155630148041236,False,True,True,-4.483496158294155,-3.713048285386828
10,Acetone,150.0,Acetone,True,0.9989310978607245,0.9978622213617965,Ethylene,0.042569252121109846,False,True,True,-0.6430634954253348,1.6281548260727154
10,Acetaldehyde,250.0,Acetaldehyde,True,0.9963083353945597,0.9926502087548466,Acetaldehyde,0.12267335552537835,False,True,True,-4.532605712663086,-3.699891607968221
10,Acetone,50.0,Acetone,True,0.9999834153508699,0.9999702050897649,Ethanol,0.18346072011321765,False,False,False,5.753570278364753,-0.21424121864853374
10,Acetaldehyde,50.0,Acetaldehyde,True,0.9950833075590519,0.9906755115241054,Ethanol,0.016020705759534612,False,True,True,8.402014044125849,-1.0345452479866384
10,Acetone,100.0,Acetone,True,0.9999011093530816,0.9998027091730117,Ethylene,0.8151221469181984,False,False,False,2.289904434688703,0.8918359284852636
10,Acetaldehyde,200.0,Acetaldehyde,True,0.9904648368847968,0.98102030756622,Acetaldehyde,0.1624041276361048,False,False,False,-1.7358745391964177,-3.0528179914428843
10,Acetone,200.0,Acetone,True,0.9653827807105225,0.9307657702604938,Acetone,0.22195498182619847,False,False,False,-3.572489504673727,2.308915070548743
10,Acetaldehyde,100.0,Acetaldehyde,True,0.9815554841734849,0.9639018255852422,Ethanol,0.43840725417863635,False,False,False,4.529797282884707,-1.7750146709643722
10,Acetone,2.5,Acetone,True,0.9999915354748216,0.9999875016530497,Toluene,0.014505006440104995,False,True,True,10.563478369914913,-1.3773941004634638
10,Acetaldehyde,10.0,Acetaldehyde,True,0.9960986720793437,0.992735976694998,Toluene,0.05238395769787985,False,True,True,12.574243273214451,-0.32746439843078723
10,Acetone,250.0,Acetone,True,0.9754928433741089,0.9509911932932482,Acetone,0.29465407647451713,False,False,False,-6.662653274435666,2.462890160596381
10,Acetaldehyde,150.0,Acetaldehyde,True,0.978829144774395,0.9582737874900737,Ethylene,0.1676483224541747,False,False,False,0.9774515465933096,-2.412252603679588
10,Acetone,250.0,Acetone,True,0.617605267908048,0.23534528374445773,Acetone,0.2926781359835858,True,False,True,-6.193412340781548,2.544998645686646
10,Acetaldehyde,150.0,Acetaldehyde,True,0.9839993659627432,0.9682504097841399,Ethylene,0.146927904339167,False,True,True,1.2359474795799312,-2.516630965690803
10,Acetone,150.0,Acetone,True,0.9977569063910364,0.9955138838129792,Ethylene,0.08321780697088346,False,True,True,-0.5947368114093838,1.4393161362612372
10,Acetaldehyde,250.0,Acetaldehyde,True,0.9943548935092896,0.988750171670168,Acetaldehyde,0.1081787101477064,False,True,True,-4.794556379903488,-3.754213541464878
10,Acetone,2.5,Acetone,True,0.9999891148443396,0.9999840483168805,Toluene,0.013895759107370296,False,True,True,10.572935368143503,-1.392204641446055
10,Acetaldehyde,10.0,Acetaldehyde,True,0.9975782488260728,0.9955681630595665,Toluene,0.05227839735855843,False,True,True,12.542811774357213,-0.33918698197517433
10,Acetone,50.0,Acetone,True,0.9999869180983618,0.9999775996024571,Ethanol,0.19201202917301496,False,False,False,5.577205335460025,-0.17870831554217648
10,Acetaldehyde,50.0,Acetaldehyde,True,0.9923912558073777,0.9857179700735347,Ethanol,0.022977327004519668,False,True,True,8.136095104830348,-0.963148492303931
10,Acetone,100.0,Acetone,True,0.9999022305697199,0.9998047928746742,Ethylene,0.8422165805297964,False,False,False,2.343741363137355,0.8471024782198363
10,Acetaldehyde,200.0,Acetaldehyde,True,0.9967847494060292,0.9936005549863147,Acetaldehyde,0.20579325613857402,False,False,False,-1.7905645166257145,-3.22639650153736
10,Acetone,200.0,Acetone,True,0.9721028863481771,0.9442059228950415,Acetone,0.2248969039409535,False,False,False,-3.6000320528416396,2.312082968415055
10,Acetaldehyde,100.0,Acetaldehyde,True,0.9913655148371378,0.9831417808426421,Ethanol,0.5353218073848292,False,False,False,4.8132179869486835,-1.8252702697385474
10,Acetone,2.5,Acetone,True,0.9999897196658487,0.9999845295651352,Toluene,0.012291717194007595,False,True,True,10.52295758922332,-1.413159050596786
10,Acetaldehyde,10.0,Acetaldehyde,True,0.9969307901489832,0.9942330216377526,Toluene,0.051817215655994696,False,True,True,12.607268767454082,-0.3412595381164576
10,Acetone,250.0,Acetone,True,0.9514604934868596,0.9029257918645457,Acetone,0.28484262658501025,False,False,False,-6.6772608335201475,2.5353773085159994
10,Acetaldehyde,150.0,Acetaldehyde,True,0.9897297841296924,0.9796329424006621,Ethylene,0.1466291255577598,False,True,True,1.329088784748702,-2.475931158944419
10,Acetone,150.0,Acetone,True,0.9994481396375828,0.998896301603699,Ethylene,0.04756688075049598,False,True,True,-0.7042217674055128,1.546428629053233
10,Acetaldehyde,250.0,Acetaldehyde,True,0.9978023263950058,0.9956145018286674,Acetaldehyde,0.18549741735241657,False,False,False,-4.408120525942672,-3.8866377052634378
10,Acetone,50.0,Acetone,True,0.9999662866197669,0.9999398341837965,Ethanol,0.14954545107118739,False,True,True,5.777166994987284,-0.17807119813645886
10,Acetaldehyde,50.0,Acetaldehyde,True,0.9957766570307174,0.9920479922308877,Ethanol,0.020290614326854833,False,True,True,8.327805699467588,-1.032806337834864
10,Acetone,100.0,Acetone,True,0.9996304044684534,0.9992614851383176,Ethylene,0.837694701747835,False,False,False,2.2829855799161947,0.8014421456620068
10,Acetaldehyde,200.0,Acetaldehyde,True,0.9889503569272738,0.9780048740937121,Acetaldehyde,0.1815920126668911,False,False,False,-2.0121830870309867,-3.1599420414593786
10,Acetone,200.0,Acetone,True,0.9302864063871361,0.8605737944170121,Acetone,0.26057716357024274,False,False,False,-3.5931563217219598,2.180336489129343
10,Acetaldehyde,100.0,Acetaldehyde,True,0.9855644338050435,0.9718472749297377,Ethanol,0.45916847425161234,False,False,False,4.589100196004633,-1.794868200196859
10,Acetone,50.0,Acetone,True,0.9999807005903442,0.9999668131927633,Ethanol,0.18109391751802903,False,False,False,5.729542911576747,-0.2041581827054276
10,Acetaldehyde,50.0,Acetaldehyde,True,0.995736349629927,0.9919771353174484,Ethanol,0.010847236546132488,False,True,True,8.427388657627246,-1.0065980251864726
10,Acetone,100.0,Acetone,True,0.9999221060982022,0.9998446547489247,Ethylene,0.814460267738941,False,False,False,2.2246801042051225,0.8230821089484105
10,Acetaldehyde,200.0,Acetaldehyde,True,0.9934619748044583,0.9869662077368007,Acetaldehyde,0.19503576387156044,False,False,False,-1.5867220823094945,-3.169411682152614
10,Acetone,200.0,Acetone,True,0.9857980854163984,0.9715962782568206,Acetone,0.2795948368971213,False,False,False,-3.621555176844224,2.1262847734117196
10,Acetaldehyde,100.0,Acetaldehyde,True,0.9812161128239236,0.9632796092154057,Ethanol,0.4722852621182924,False,False,False,4.617591523146192,-1.7651790088265251
10,Acetone,2.5,Acetone,True,0.9999932042117421,0.9999902740720598,Toluene,0.010631727977561319,False,True,True,10.436381567940424,-1.424394648400672
10,Acetaldehyde,10.0,Acetaldehyde,True,0.9973917790167779,0.9952033296531648,Toluene,0.05247229424142007,False,True,True,12.556462445312247,-0.32845856227827264
10,Acetone,250.0,Acetone,True,0.9584714001547624,0.9169439738367997,Acetone,0.28357136939094424,False,False,False,-6.527075678687614,2.5685862764352345
10,Acetaldehyde,150.0,Acetaldehyde,True,0.9849096456648139,0.9700779276965695,Ethylene,0.16107916243844778,False,False,False,0.9555966812114008,-2.485915126148433
10,Acetone,150.0,Acetone,True,0.999217964660994,0.998435969516325,Ethylene,0.07958415471137732,False,True,True,-0.6283158855313418,1.428514816657873
10,Acetaldehyde,250.0,Acetaldehyde,True,0.9946723486622722,0.9893789048729644,Acetaldehyde,0.11467857205805698,False,True,True,-4.624387210267331,-3.7076440406566147
10,Acetone,10.0,Acetone,True,0.7579931628672179,0.5164520181358447,Toluene,0.10996946884273279,False,True,True,10.606315001206452,0.5193480439305508
10,Ammonia,50.0,Toluene,False,0.9623026675586516,0.9246059226416615,Toluene,0.44998332045838535,False,False,False,7.464107969273434,1.9498662169412444
10,Acetone,250.0,Ammonia,False,0.9714524680445323,0.9429056308287377,Ammonia,0.4108317562030846,False,False,False,-3.4308481016836936,5.616372445363121
10,Ammonia,600.0,Ammonia,True,1.0,1.0,Acetone,0.004079859680830677,False,True,True,-20.77395318249015,13.099815802543013
10,Acetone,150.0,Ethylene,False,0.7402748449606229,0.48055365799130784,Ammonia,0.10133461857525071,False,True,True,2.0930239756038787,4.541595512920289
10,Ammonia,1000.0,Ammonia,True,1.0,1.0,Acetone,0.01348579951277926,False,True,True,-46.109955180245144,18.52236747439735
10,Acetone,50.0,Ethylene,False,0.9284810169941703,0.8598476367744943,Toluene,0.34231422578478976,False,False,False,8.187714075187492,1.8781418796950162
10,Ammonia,200.0,Ethylene,False,0.9234584236697916,0.8469168759858462,Ammonia,0.6180239570937811,False,False,False,-0.16644670639563164,6.506458151887515
10,Acetone,100.0,Ethylene,False,0.9983467739419475,0.9967076239075429,Toluene,0.12930200166289116,False,True,True,4.835464263289242,3.3552242979146185
10,Ammonia,800.0,Ammonia,True,1.0,1.0,Acetone,0.013084286572577694,False,True,True,-32.17678102760249,15.658352218422367
10,Acetone,200.0,Ammonia,False,0.9407964835793152,0.8815930766185696,Ammonia,0.9312404927014835,False,False,False,-0.955158750785934,5.092850112845791
10,Ammonia,400.0,Ammonia,True,0.9999999999999349,0.9999999999998763,Ammonia,0.07580806523871376,False,True,True,-9.66009320668304,10.21057608314927
10,Acetone,150.0,Ethylene,False,0.9844334758947063,0.9688679555216622,Ammonia,0.07515970113937837,False,True,True,1.857428933574815,4.161475379094174
10,Ammonia,1000.0,Ammonia,True,1.0,1.0,Acetone,0.020008004401801636,False,True,True,-40.26945593955664,14.112436104111323
10,Acetone,50.0,Ethylene,False,0.7587204076810409,0.5193719980419871,Toluene,0.36562347301646053,False,False,False,8.031607944681646,1.6745352527667194
10,Ammonia,200.0,Ethylene,False,0.9960467616987805,0.9920947977489425,Ammonia,0.32885504780509434,False,False,False,1.2866176386968358,5.093333424279024
10,Acetone,100.0,Ethylene,False,0.9997914787012062,0.9996420905683104,Toluene,0.1268316413953431,False,True,True,4.746029234533772,2.941783657887356
10,Ammonia,800.0,Ammonia,True,1.0,1.0,Acetone,0.01979869532420684,False,True,True,-26.951129545876753,12.421646666356649
10,Acetone,200.0,Ethylene,False,0.5309263415336538,0.06185311101242269,Ammonia,0.8491246173901928,True,False,True,-0.875229519444618,4.859194008104156
10,Ammonia,400.0,Ammonia,True,0.9999999995583981,0.9999999991171445,Ammonia,0.10571403872112342,False,True,True,-7.684803051977925,8.358118272102244
10,Acetone,10.0,Acetone,True,0.5249104473893607,0.0501497780584812,Toluene,0.09852363005551867,True,True,True,10.699705862266363,0.31826720751565957
10,Ammonia,50.0,Toluene,False,0.9985501024137348,0.9971004616162792,Toluene,0.46527858388539417,False,False,False,7.3734357576111575,1.9488785699853821
10,Acetone,250.0,Ammonia,False,0.9961850106909511,0.992370038546082,Ammonia,0.31968744236724783,False,False,False,-4.006688964564813,5.73036278694194
10,Ammonia,600.0,Ammonia,True,1.0,0.9999999999999999,Acetone,0.0037390433229918824,False,True,True,-19.201072603478607,12.284628197787528
10,Acetone,50.0,Acetone,True,0.5668944208745307,0.1406074858416032,Toluene,0.4735728226400324,True,False,True,7.0795923342354,2.202496554399074
10,Ammonia,200.0,Ammonia,True,0.9997826171705664,0.9995652348030309,Ammonia,0.6062885427869886,False,False,False,-1.0684676760135379,7.083491000892083
10,Acetone,100.0,Ethylene,False,0.9683661444620053,0.9372573746235704,Ethylene,0.05353092124331848,False,True,True,3.7639889444607904,3.7147357979555693
10,Ammonia,800.0,Ammonia,True,1.0,1.0,Acetone,0.0019643282167149407,False,True,True,-37.10569050108058,22.70134573330584
10,Acetone,200.0,Ammonia,False,0.9999988535734055,0.999997718314261,Ammonia,0.5299609438670185,False,False,False,-2.5978636431091875,6.792939988287563
10,Ammonia,400.0,Ammonia,True,0.999999999999998,0.9999999999999959,Ammonia,0.057168698727382776,False,True,True,-12.192079759149694,12.905097297539848
10,Acetone,10.0,Toluene,False,0.66962623503715,0.33935480790072275,Toluene,0.13754429372208926,True,True,True,10.025530933586026,0.6913738957001837
10,Ammonia,50.0,Toluene,False,0.9949183315787087,0.9898370725806016,Toluene,0.392306291773928,False,False,False,6.208080221000164,2.846581670667524
10,Acetone,250.0,Ammonia,False,0.9999999392687119,0.9999998941642843,Ammonia,0.19910704861046832,False,False,False,-5.747517712502655,7.846321433089814
10,Ammonia,600.0,Ammonia,True,1.0,1.0,Ammonia,0.008737288776372629,False,True,True,-24.906007767096924,18.872490889980636
10,Acetone,150.0,Ammonia,False,0.9324764572099404,0.8649610697942637,Ammonia,0.4954837810443022,False,False,False,0.5995074512645782,5.146308977401525
10,Ammonia,1000.0,Ammonia,True,1.0,1.0,Acetone,0.00669688820784831,False,True,True,-53.80494074669589,26.17916800941519
10,Acetone,10.0,Toluene,False,0.6336870491847747,0.26749435825772605,Toluene,0.12689444537598485,True,True,True,10.164757101232135,0.5885988807090636
10,Ammonia,50.0,Toluene,False,0.9996149631304385,0.9992302314637096,Toluene,0.4135672668836498,False,False,False,6.320080780670133,2.723599417660736
10,Acetone,50.0,Acetone,True,0.7363172046451427,0.4791862837699787,Toluene,0.5281506654027811,False,False,False,6.9422946100058525,1.9831887506108616
10,Ammonia,200.0,Ammonia,True,0.9999991160204624,0.9999982320882465,Ammonia,0.5389020123513405,False,False,False,-1.6090423603895854,7.642956463072173
10,Acetone,100.0,Ethylene,False,0.9298531619471951,0.8601296001359192,Ethylene,0.08140732628059028,False,True,True,3.5933442343428834,3.658743247135367
10,Ammonia,800.0,Ammonia,True,1.0,1.0,Acetone,0.0007503118246101402,False,True,True,-38.52815006833647,24.266076611194123
10,Acetone,200.0,Ammonia,False,0.9999688726078726,0.99993779492133,Ammonia,0.5682402370798391,False,False,False,-2.511348204866098,6.408844993412678
10,Ammonia,400.0,Ammonia,True,0.999999999999992,0.999999999999984,Ammonia,0.05407178141673502,False,True,True,-12.300133729606397,12.683998024610846
10,Acetone,250.0,Ammonia,False,0.9999999498688635,0.9999999024581854,Ammonia,0.19854967686365285,False,False,False,-5.638804737153337,7.403311771134572
10,Ammonia,600.0,Ammonia,True,1.0,1.0,Ammonia,0.00917762126477675,False,True,True,-25.61743479210871,19.639602062832118
10,Acetone,150.0,Ammonia,False,0.9413126337048454,0.8826282219947763,Ammonia,0.5203958155379211,False,False,False,0.5355118879019823,5.25853678808003
10,Ammonia,1000.0,Ammonia,True,1.0,1.0,Acetone,0.00781183241407869,False,True,True,-52.51405822818723,24.635655403778646
10,Acetone,200.0,Ammonia,False,0.999283511767815,0.9985671331595158,Ammonia,0.619849061955327,False,False,False,-2.260132067843856,6.261374141942327
10,Ammonia,400.0,Ammonia,True,0.9999999999999984,0.9999999999999969,Ammonia,0.058433074759465624,False,True,True,-12.281383205573627,13.25691376262588
10,Acetone,10.0,Acetone,True,0.5623338852522669,0.12476220593183235,Toluene,0.12208991839520451,True,True,True,10.03520204589652,0.42309593816311836
10,Ammonia,50.0,Toluene,False,0.9986031521925605,0.9972120553820966,Toluene,0.4356849859439404,False,False,False,6.630296384511741,2.5987875020136064
10,Acetone,250.0,Ammonia,False,0.999999617351078,0.9999992380120843,Ammonia,0.1992159604707839,False,False,False,-5.529199652323171,7.087280634750727
10,Ammonia,600.0,Ammonia,True,1.0,1.0,Ammonia,0.008667780164518316,False,True,True,-25.078956962359943,18.997941270456888
10,Acetone,150.0,Ammonia,False,0.9375236167992717,0.8750530346454629,Ammonia,0.5152499094154486,False,False,False,0.48325076893780794,5.0349325552604345
10,Ammonia,1000.0,Ammonia,True,1.0,1.0,Acetone,0.008493158362050834,False,True,True,-52.79723970285224,24.037863439025287
10,Acetone,50.0,Acetone,True,0.8529656493242245,0.7104311503860635,Toluene,0.5154207054721481,False,False,False,7.075381378507602,1.9443226004839607
10,Ammonia,200.0,Ammonia,True,0.999999646370523,0.9999992927768607,Ammonia,0.5618592884453403,False,False,False,-0.7241981267361762,7.336833360721143
10,Acetone,100.0,Ethylene,False,0.9992412022500186,0.9986289072621825,Ethylene,0.018089135099746852,False,True,True,4.113828731981628,3.043903841495425
10,Ammonia,800.0,Ammonia,True,1.0,1.0,Acetone,0.006000463201118378,False,True,True,-36.08200115586001,20.019943216421787
10,Acetone,50.0,Acetone,True,0.5461796850281082,0.09440225543492803,Toluene,0.49466006708897964,True,False,True,7.325548896268788,1.7457927033548302
10,Ammonia,200.0,Ammonia,True,0.9999998163374246,0.9999996327097044,Ammonia,0.5570208068593869,False,False,False,-0.9117309515499927,7.4390545026979655
10,Acetone,100.0,Ethylene,False,0.9982442686146239,0.9966082634925365,Ethylene,0.08595444266628637,False,True,True,3.68451657284564,3.3453948534649296
10,Ammonia,800.0,Ammonia,True,1.0,1.0,Acetone,0.0026008522154868452,False,True,True,-37.490761807393525,22.535998651377042
10,Acetone,200.0,Ammonia,False,0.889210874941765,0.7784219290143957,Ammonia,0.6966620842648784,False,False,False,-2.0874149261176065,5.659280733447788
10,Ammonia,400.0,Ammonia,True,0.9999999999999998,0.9999999999999997,Ammonia,0.06012976544158266,False,True,True,-11.512282580945541,12.048713020631242
10,Acetone,10.0,Toluene,False,0.628067321301827,0.25628837789367676,Toluene,0.11099114273376574,True,True,True,10.18275336481109,0.30889374434950617
10,Ammonia,50.0,Toluene,False,0.9997231523091387,0.9995232762550142,Toluene,0.4008555256260361,False,False,False,7.065638725979521,2.7339052319184516
10,Acetone,250.0,Ammonia,False,0.9999977051993268,0.9999954177572417,Ammonia,0.20541643722228553,False,False,False,-5.300820235488473,6.662719500324571
10,Ammonia,600.0,Ammonia,True,1.0,1.0,Ammonia,0.007612041798698247,False,True,True,-24.884217689307203,18.495589244154445
10,Acetone,150.0,Ethylene,False,0.5710668338411962,0.1421405554271436,Ammonia,0.37994748091308794,True,False,True,0.7896769412124375,4.6071957150165215
10,Ammonia,1000.0,Ammonia,True,1.0,1.0,Acetone,0.006360953502694055,False,True,True,-53.748728096563525,26.52199934739763
10,Acetone,150.0,Ethylene,False,0.7159990944285259,0.43200272454268934,Ammonia,0.3410955047480227,False,False,False,0.9808757917673747,4.651474578953762
10,Ammonia,1000.0,Ammonia,True,1.0,1.0,Acetone,0.00901489793713526,False,True,True,-52.067954553416754,23.34644032131187
10,Acetone,50.0,Acetone,True,0.8719710960856921,0.7483145364733614,Toluene,0.522481924713754,False,False,False,7.187133423289651,1.7575659556016312
10,Ammonia,200.0,Ammonia,True,0.9999979990903403,0.9999959982516956,Ammonia,0.5983196689235649,False,False,False,-0.3823446519408256,6.860410912778053
10,Acetone,100.0,Ethylene,False,0.9999358087060323,0.9998787375356254,Toluene,0.09151200102400629,False,True,True,4.5848145484647045,2.767506845927122
10,Ammonia,800.0,Ammonia,True,1.0,1.0,Acetone,0.014779154500693122,False,True,True,-32.28839042700542,15.099526792421262
10,Acetone,200.0,Ethylene,False,0.983387070051361,0.9667742629100984,Ammonia,0.8477281957308023,False,False,False,-0.9568260946341396,4.823046810645822
10,Ammonia,400.0,Ammonia,True,0.9999999999999993,0.9999999999999988,Ammonia,0.07045304492276397,False,True,True,-10.086240379534896,10.54137307658022
10,Acetone,10.0,Toluene,False,0.7628234118140096,0.5257914919342959,Toluene,0.10495690585739614,False,True,True,10.360853164582714,0.28523449597868256
10,Ammonia,50.0,Toluene,False,0.9998939783885556,0.9998345934408043,Toluene,0.37791424049085337,False,False,False,7.417920162809167,2.7363157874605375
10,Acetone,250.0,Ammonia,False,0.9998692295900302,0.9997384733531928,Ammonia,0.2537502224978974,False,False,False,-4.6498070381885155,6.1661732881355364
10,Ammonia,600.0,Ammonia,True,1.0,1.0,Acetone,0.003371300038032863,False,True,True,-21.24026946708889,13.475586504562953
10,Acetone,250.0,Ethylene,False,0.7702316938015265,0.5404634365465598,Ammonia,0.37174742512774445,False,False,False,-3.6631518417820437,5.660110091955191
10,Ammonia,600.0,Ammonia,True,1.0,1.0,Acetone,0.005021038424792031,False,True,True,-21.24583938032099,13.196425145737102
10,Acetone,150.0,Ethylene,False,0.9998355947491617,0.9996726865314769,Ammonia,0.06722078035516026,False,True,True,1.716877750603544,3.9944861730791135
10,Ammonia,1000.0,Ammonia,True,1.0,1.0,Acetone,0.017179043425687063,False,True,True,-45.360545538479016,15.969716961889878
10,Acetone,10.0,Acetone,True,0.8074023238892193,0.6152151120969419,Toluene,0.08674001000619048,False,True,True,10.773678322168635,0.0947440787798891
10,Ammonia,50.0,Toluene,False,0.9994218167728933,0.9989138516435732,Toluene,0.3334334846912138,False,False,False,8.189171072951957,2.2852961884698186
10,Acetone,50.0,Acetone,True,0.5855097066494709,0.17154004081544838,Toluene,0.40962281724273886,True,False,True,7.765424506751024,1.3747939081596048
10,Ammonia,200.0,Ammonia,True,0.9999322341879363,0.9998644684202543,Ammonia,0.5041338959534525,False,False,False,0.6222935307930098,6.3121420807536985
10,Acetone,100.0,Ethylene,False,0.9999378292051061,0.9998791880768557,Toluene,0.08492149584053252,False,True,True,4.558592327773578,2.7482104713294997
10,Ammonia,800.0,Ammonia,True,1.0,1.0,Acetone,0.015618952327569246,False,True,True,-31.993129884336977,14.741569828643641
10,Acetone,200.0,Ethylene,False,0.9843517066987012,0.9687034562998988,Ammonia,0.8803277750544216,False,False,False,-0.9976859480243772,4.913284109645677
10,Ammonia,400.0,Ammonia,True,0.9999999999999993,0.9999999999999988,Ammonia,0.07396623779559121,False,True,True,-9.72745166616569,10.190906907576444
10,Acetone,10.0,Acetone,True,0.7401702558483567,0.4808250603381935,Toluene,0.08753585680375489,False,True,True,10.717667115772164,0.09039407392891789
10,Ammonia,50.0,Toluene,False,0.9970015495923278,0.9940890477015993,Toluene,0.33346202971599737,False,False,False,8.159678428017617,2.3735683672261225
10,Acetone,250.0,Ethylene,False,0.7591058261461727,0.5182116928890854,Ammonia,0.31699811422854324,False,False,False,-3.809453665357595,5.227452249242712
10,Ammonia,600.0,Ammonia,True,1.0,1.0,Acetone,0.0074294080112742725,False,True,True,-21.026517530336907,12.689589062524107
10,Acetone,150.0,Ethylene,False,0.999903699713343,0.9998082843473113,Ammonia,0.013019477949434638,False,True,True,1.774366711810653,3.7879180377845607
10,Ammonia,1000.0,Ammonia,True,1.0,1.0,Acetone,0.019822045023274903,False,True,True,-45.046722214387145,14.288435949355756
10,Acetone,50.0,Acetone,True,0.6611840705613592,0.3229149557999892,Toluene,0.4004301092924342,True,False,True,7.819046628207452,1.436882879905676
10,Ammonia,200.0,Ammonia,True,0.9999876545178358,0.9999753090665761,Ammonia,0.514856333917898,False,False,False,0.5163856445327324,6.4686261611591265
10,Acetone,100.0,Ethylene,False,0.999854985350963,0.9997165513776141,Toluene,0.06233928933218799,False,True,True,4.472571977300276,2.75089597713008
10,Ammonia,800.0,Ammonia,True,1.0,1.0,Acetone,0.015190398147283228,False,True,True,-32.840419577668726,15.091431931736686
10,Acetone,200.0,Ethylene,False,0.931020397087796,0.8620408706558024,Ammonia,0.9171411310202767,False,False,False,-1.276682742105687,5.115013345610874
10,Ammonia,400.0,Ammonia,True,0.9999999999999996,0.999999999999999,Ammonia,0.07249081629188651,False,True,True,-10.244822110083694,11.007130332854542
10,Acetone,50.0,Acetone,True,0.6030604780397107,0.20644203863030847,Toluene,0.4487786969522739,True,False,True,7.590951154786509,1.401463635994617
10,Ammonia,200.0,Ammonia,True,0.9999973736893383,0.9999947473968813,Ammonia,0.5372637063692672,False,False,False,0.3121164949257223,6.618461322168926
10,Acetone,100.0,Ethylene,False,0.99985839467329,0.9997215240993401,Toluene,0.04080302127248617,False,True,True,4.3931192863493145,2.6849046094274014
10,Ammonia,800.0,Ammonia,True,1.0,1.0,Acetone,0.01851472891072797,False,True,True,-33.16546106658855,13.991568193054668
10,Acetone,200.0,Ethylene,False,0.9772231844108883,0.9544465457127733,Ammonia,0.8992866234149736,False,False,False,-1.279762890941587,5.03517371406393
10,Ammonia,400.0,Ammonia,True,0.999999999999998,0.999999999999996,Ammonia,0.06527029197124497,False,True,True,-10.36733683073499,10.59454139150303
10,Acetone,10.0,Acetone,True,0.8539790579617503,0.7082047466260233,Toluene,0.08700939825013478,False,True,True,10.61996986471778,0.04354450824413256
10,Ammonia,50.0,Toluene,False,0.9939658395250628,0.9879954461461687,Toluene,0.3114712544607815,False,False,False,8.378442879150462,2.3722933811250493
10,Acetone,250.0,Ammonia,False,0.615506518961716,0.23101320046744678,Ammonia,0.28299368269285513,True,False,True,-4.213670316706217,5.634106181265381
10,Ammonia,600.0,Ammonia,True,1.0,1.0,Acetone,0.002476711765778479,False,True,True,-21.911620472532018,14.014971502621755
10,Acetone,150.0,Ethylene,False,0.999899948121456,0.9998014384293047,Ammonia,0.05258464558872268,False,True,True,1.6734336369690155,3.8869679696879897
10,Ammonia,1000.0,Ammonia,True,1.0,1.0,Acetone,0.016793621901861865,False,True,True,-45.7481964819737,16.243840379365487
10,Toluene,1.0,Toluene,True,0.9927296454660924,0.9879829639510099,Toluene,0.058554239117767505,False,True,True,12.527608208131142,-0.10329991436379059
10,Acetaldehyde,10.0,Acetaldehyde,True,0.9686519014855126,0.9387622728231072,Toluene,0.05357031333840877,False,True,True,11.87875144745941,-0.4397988606066219
10,Toluene,100.0,Toluene,True,0.9925973016558614,0.98540742801465,Toluene,0.5617694166251571,False,False,False,7.031526686209849,1.7185134088402738
10,Acetaldehyde,150.0,Acetaldehyde,True,0.6575776624117659,0.4931807167206048,Ethylene,0.296012898913485,True,False,True,1.615036565641062,-1.3454945869454096
10,Toluene,60.0,Toluene,True,0.9999155155998893,0.9998334271723286,Toluene,0.2524235186222935,False,False,False,8.802785348755938,1.2861958278216605
10,Acetaldehyde,250.0,Acetaldehyde,True,0.8756927190476499,0.7625376673327451,Acetone,0.09465506535990481,False,True,True,-3.459568713225776,-2.6181528146022655
10,Toluene,20.0,Toluene,True,0.9999425978536246,0.9998972882307865,Toluene,0.10338616411512244,False,True,True,10.920801433457454,0.5527299274215217
10,Acetaldehyde,50.0,Acetaldehyde,True,0.992965672917239,0.9885302356632489,Toluene,0.017491673841993686,False,True,True,8.557727933336231,-0.8393443786569639
10,Toluene,40.0,Toluene,True,0.999967006332778,0.999935577791065,Toluene,0.16976726906197118,False,False,False,9.665646084557531,0.9738869431742404
10,Acetaldehyde,200.0,Acetaldehyde,True,0.7609167201620206,0.5391254137492767,Acetaldehyde,0.01751975792357997,False,True,True,-0.8167635034027849,-2.2093908103355555
10,Toluene,80.0,Toluene,True,0.9997954698186841,0.9995978663702293,Toluene,0.387542071277723,False,False,False,7.8936551957816565,1.501794607578346
10,Acetaldehyde,100.0,Acetaldehyde,True,0.9171777583228884,0.8517999102468199,Ethanol,0.7132759704434921,False,False,False,5.146268401787334,-1.2606080361385437
10,Toluene,60.0,Toluene,True,0.9999349379646287,0.9998719329382135,Toluene,0.25522981448793963,False,False,False,8.757539535698575,1.2529202328219686
10,Acetaldehyde,250.0,Acetaldehyde,True,0.9433852317464003,0.890011082114189,Acetone,0.011741586584472715,False,True,True,-3.263174465005077,-2.8195730131592125
10,Toluene,20.0,Toluene,True,0.9999855489343283,0.9999734942099474,Toluene,0.108630114251136,False,True,True,10.835792048569893,0.6309886799658063
10,Acetaldehyde,50.0,Acetaldehyde,True,0.9977530178707232,0.9960906188969224,Toluene,0.004195500486702768,False,True,True,8.598719334780048,-0.9542728493010403
10,Toluene,40.0,Toluene,True,0.9999845870483054,0.9999702437358466,Toluene,0.17219983300289946,False,False,False,9.63800306250921,0.9904922371528555
10,Acetaldehyde,200.0,Acetaldehyde,True,0.779408376236717,0.5758597848350623,Acetaldehyde,0.019147838644738138,False,True,True,-0.8401241818118965,-2.2249262636988805
10,Toluene,80.0,Toluene,True,0.9998490379699051,0.9997052886804786,Toluene,0.4025109421141029,False,False,False,7.810920936726304,1.4607731336908605
10,Acetaldehyde,100.0,Acetaldehyde,True,0.674467779109246,0.4911026521706495,Ethanol,0.5038011916854882,True,False,True,4.698126190787415,-1.061066014633406
10,Toluene,1.0,Toluene,True,0.9914422076345738,0.9866249267615542,Toluene,0.057845076723074,False,True,True,12.47069526681689,-0.14798787268941435
10,Acetaldehyde,10.0,Acetaldehyde,True,0.9871696671529282,0.9751371095777556,Toluene,0.0501458893932372,False,True,True,11.781449659313004,-0.5598466560819524
10,Toluene,100.0,Toluene,True,0.9970856827140421,0.9942592966647933,Toluene,0.5470803109646364,False,False,False,7.134909709444601,1.6594415816406254
10,Acetaldehyde,150.0,Acetaldehyde,True,0.6217706149270559,0.39809699047534186,Ethylene,0.27677595894949414,True,False,True,1.5997335253741447,-1.4535887120168918
10,Toluene,20.0,Toluene,True,0.99996467265651,0.9999362206831928,Toluene,0.10521384151115531,False,True,True,10.855882273468168,0.5588928594694881
10,Acetaldehyde,50.0,Acetaldehyde,True,0.9916243076458738,0.9870074479753173,Ethanol,0.0023462659491772573,False,True,True,8.341319320460407,-0.9123744187517466
10,Toluene,40.0,Toluene,True,0.9999679911618876,0.9999377126967939,Toluene,0.1709393975093741,False,False,False,9.624031540904982,0.9529425427276605
10,Acetaldehyde,200.0,Acetaldehyde,True,0.8549901015921231,0.7247869616248133,Acetaldehyde,0.02443794957992517,False,True,True,-0.8917515831717971,-2.26806558501881
10,Toluene,80.0,Toluene,True,0.9996545784651979,0.9993198625442326,Toluene,0.3815531721121636,False,False,False,7.923036239982053,1.4696673811166112
10,Acetaldehyde,100.0,Acetaldehyde,True,0.9385418039324118,0.886939408929578,Ethanol,0.7984830293528372,False,False,False,5.317346249694048,-1.3135359619281166
10,Toluene,1.0,Toluene,True,0.9955682528418589,0.9931721935772604,Toluene,0.05873162353735962,False,True,True,12.48218169205401,-0.11088061824044092
10,Acetaldehyde,10.0,Acetaldehyde,True,0.9945822610671089,0.9896229444079547,Toluene,0.046111830625732014,False,True,True,11.794409204290494,-0.6779188569480068
10,Toluene,100.0,Toluene,True,0.9994175708565899,0.9988487435248508,Toluene,0.5475836388155098,False,False,False,7.099669391096991,1.7132911557613164
10,Acetaldehyde,150.0,Acetaldehyde,True,0.8534306572759153,0.727631207266587,Ethylene,0.17546359987604185,False,False,False,2.3461713993130355,-1.6919994783572692
10,Toluene,60.0,Toluene,True,0.9999063332266717,0.9998151942069309,Toluene,0.2486617641233954,False,False,False,8.833517166270576,1.2732878303148398
10,Acetaldehyde,250.0,Acetaldehyde,True,0.9320612778480125,0.8654584772462144,Acetaldehyde,0.04002777339338779,False,True,True,-2.689509813585581,-2.8157347378825666
10,Toluene,1.0,Toluene,True,0.9955857700992405,0.9922692613297339,Toluene,0.05842351198631421,False,True,True,12.48909799290167,-0.12042446519994236
10,Acetaldehyde,10.0,Acetaldehyde,True,0.9974661962057024,0.9951667445842621,Toluene,0.04840787495121794,False,True,True,11.925458811194142,-0.5913532907974695
10,Toluene,20.0,Toluene,True,0.9999707054112413,0.9999458850510273,Toluene,0.10769795653533296,False,True,True,10.913998732369798,0.6585438720479982
10,Acetaldehyde,50.0,Acetaldehyde,True,0.9954782525268766,0.9933753104345647,Toluene,0.025412093673149665,False,True,True,8.762975751432242,-0.8275097445740692
10,Toluene,40.0,Toluene,True,0.9999725907837798,0.9999463142078355,Toluene,0.16634001659506217,False,False,False,9.8067273073271,1.0554826116646012
10,Acetaldehyde,200.0,Acetaldehyde,True,0.8376648291991313,0.6816816288663716,Ethylene,0.07988370698954231,False,True,True,-0.003682642948867024,-2.1871558780197566
10,Toluene,80.0,Toluene,True,0.9996975403068975,0.9994030961357276,Toluene,0.3500246802647175,False,False,False,8.117522548926928,1.5225752726413346
10,Acetaldehyde,100.0,Acetaldehyde,True,0.9118567328859962,0.8425873645802054,Ethanol,0.9028034236021935,False,False,False,5.694134186379376,-1.1477072068138388
10,Toluene,100.0,Toluene,True,0.9983907641692893,0.9968022905797469,Toluene,0.4629673848192656,False,False,False,7.474758517864328,1.7619154766333245
10,Acetaldehyde,150.0,Acetaldehyde,True,0.7997505835985255,0.6249624182929286,Ethylene,0.12556105579684482,False,True,True,2.7759235641475595,-1.596170676472221
10,Toluene,60.0,Toluene,True,0.9998619105513296,0.9997265158443358,Toluene,0.23750629397270634,False,False,False,8.996954340401995,1.358102559837104
10,Acetaldehyde,250.0,Acetaldehyde,True,0.8707795733742077,0.7448368707705408,Acetaldehyde,0.0018214874450231597,False,True,True,-2.517382158130045,-2.635077379311392
10,Toluene,80.0,Toluene,True,0.9997592597213524,0.9995220386388569,Toluene,0.3422160962059733,False,False,False,8.169951613070445,1.5333313242212943
10,Acetaldehyde,100.0,Acetaldehyde,True,0.9408611185728252,0.8918444587394383,Ethanol,0.788699292533023,False,False,False,5.850971651115772,-1.1532201750366775
10,Toluene,1.0,Toluene,True,0.9879719431777045,0.9816402464422177,Toluene,0.05915146865582392,False,True,True,12.676432857322592,-0.03057307480116264
10,Acetaldehyde,10.0,Acetaldehyde,True,0.9846107882984816,0.9698757808280437,Toluene,0.04999857766880426,False,True,True,12.145293560172481,-0.5043757826137188
10,Toluene,100.0,Toluene,True,0.9976060978631921,0.9952302621032738,Toluene,0.4752156555993299,False,False,False,7.404728592451285,1.7828621762882295
10,Acetaldehyde,150.0,Acetaldehyde,True,0.6634885541243075,0.3893939631740807,Ethylene,0.11662898434663665,True,True,True,3.048115190347613,-1.3516476777301538
10,Toluene,60.0,Toluene,True,0.9998290580968049,0.9996616598210227,Toluene,0.2320501461239259,False,False,False,9.100168201409314,1.4392433091171979
10,Acetaldehyde,250.0,Acetaldehyde,True,0.7571514653345943,0.5166158297688994,Acetaldehyde,0.00656453242288375,False,True,True,-2.1678192365688194,-2.5466387865964712
10,Toluene,20.0,Toluene,True,0.9999276938550108,0.999867180066421,Toluene,0.10510074476498371,False,True,True,11.110095246995009,0.7201541071397441
10,Acetaldehyde,50.0,Acetaldehyde,True,0.9950077711501253,0.992287022124417,Toluene,0.048863180067361074,False,True,True,9.256186799337186,-0.6819268357880204
10,Toluene,40.0,Toluene,True,0.9998580722530873,0.9997211985232963,Toluene,0.16198045698771368,False,False,False,10.004394042308945,1.181221978980787
10,Acetaldehyde,200.0,Acetaldehyde,True,0.7074470055305183,0.42602509563281393,Ethylene,0.16193280172105573,False,False,False,0.25158927623915556,-1.9602191692575874
10,Toluene,20.0,Toluene,True,0.9999193050073522,0.9998517222044055,Toluene,0.10746364532803855,False,True,True,11.074005707380001,0.7617945947999976
10,Acetaldehyde,50.0,Acetaldehyde,True,0.9939685266599216,0.991024187824178,Toluene,0.05424882895554206,False,True,True,9.25618735204427,-0.625942246735131
10,Toluene,40.0,Toluene,True,0.9999045259056759,0.9998131838749074,Toluene,0.16847168860483644,False,False,False,9.886751681201643,1.1938817031459115
10,Acetaldehyde,200.0,Acetaldehyde,True,0.6410307420561223,0.29315925833797785,Ethylene,0.15899047969051316,True,False,True,0.2201694185568236,-1.94984426167416
10,Toluene,80.0,Toluene,True,0.9992919876769167,0.9985915590318672,Toluene,0.3493954239204996,False,False,False,8.139087787724275,1.7039049341083217
10,Acetaldehyde,100.0,Acetaldehyde,True,0.9397082890626134,0.8932067677142909,Ethanol,0.4856612423817858,False,False,False,6.260736305079477,-0.9759045039033836
10,Toluene,1.0,Toluene,True,0.9880409536358503,0.9803136565650555,Toluene,0.05950906489247852,False,True,True,12.676734427015683,-0.01596056559034571
10,Acetaldehyde,10.0,Acetaldehyde,True,0.9877669826093635,0.9761213915637713,Toluene,0.05217984219007598,False,True,True,12.32413124784323,-0.39342996327579716
10,Toluene,100.0,Toluene,True,0.9997437302003642,0.9994931755076376,Toluene,0.5383776740050021,False,False,False,6.976073579620218,1.9038669750343367
10,Acetaldehyde,150.0,Acetaldehyde,True,0.8390635218922925,0.6941751088179811,Ethylene,0.09956748497116233,False,True,True,3.058444785152342,-1.417412048717299
10,Toluene,60.0,Toluene,True,0.999883560621741,0.9997700990156494,Toluene,0.25230587390479636,False,False,False,8.913375173689738,1.527137759825465
10,Acetaldehyde,250.0,Acetaldehyde,True,0.6776392120162518,0.3597637294170119,Acetone,0.07110074071510727,True,True,True,-2.6497971221823984,-2.4240932968148816
10,Toluene,60.0,Toluene,True,0.9998770832931706,0.9997568561491963,Toluene,0.25175766672149114,False,False,False,8.905755763639297,1.4932472085053579
10,Acetaldehyde,250.0,Acetaldehyde,True,0.8524692289366581,0.7066568590555793,Acetone,0.03483562723295151,False,True,True,-2.566258829054644,-2.5224466346973586
10,Toluene,20.0,Toluene,True,0.999989309122074,0.9999803094271529,Toluene,0.11183485426606637,False,True,True,10.877230981904308,0.7411838394273748
10,Acetaldehyde,50.0,Acetaldehyde,True,0.9977596836533174,0.9962610500534976,Toluene,0.038637394691517044,False,True,True,8.93829182813713,-0.7460474923770026
10,Toluene,40.0,Toluene,True,0.9999879590461255,0.9999765041450343,Toluene,0.18294970489036844,False,False,False,9.654523780746514,1.2274897991523168
10,Acetaldehyde,200.0,Acetaldehyde,True,0.7746659591490096,0.5570765698504033,Ethylene,0.11640518945089415,False,True,True,-0.018712400588231506,-1.9789169173439067
10,Toluene,80.0,Toluene,True,0.9998855396809331,0.9997751429441487,Toluene,0.3873812506515825,False,False,False,7.889296709421307,1.788161267853541
10,Acetaldehyde,100.0,Acetaldehyde,True,0.9133639633277041,0.8438684213518515,Ethanol,0.6529012119731866,False,False,False,5.92959674540489,-0.9319813712081874
10,Toluene,1.0,Toluene,True,0.9996537028019717,0.9994667012795255,Toluene,0.060541113502955914,False,True,True,12.301557890127814,-0.10099416026062187
10,Acetaldehyde,10.0,Acetaldehyde,True,0.9969510769700075,0.9942326314711651,Toluene,0.052909719740829364,False,True,True,12.129682110609998,-0.4102240719240402
10,Toluene,100.0,Toluene,True,0.9993704147501816,0.9987473374575567,Toluene,0.5455451733705173,False,False,False,6.9689636589277955,1.8723337544507273
10,Acetaldehyde,150.0,Acetaldehyde,True,0.7625237016896238,0.5605209879839343,Ethylene,0.1490353614914798,False,True,True,2.9398856594868437,-1.3255627082535522
10,Toluene,100.0,Toluene,True,0.999300380225187,0.9986089085705161,Toluene,0.472173965596202,False,False,False,7.366215997065808,1.8936533389144152
10,Acetaldehyde,150.0,Acetaldehyde,True,0.6526515201295415,0.3360921699084598,Ethylene,0.12678052577733998,True,True,True,2.993183532864972,-1.3670883834646208
10,Toluene,60.0,Toluene,True,0.9999560162705772,0.999913347219627,Toluene,0.2486851363826264,False,False,False,8.929372630485096,1.4721483630478909
10,Acetaldehyde,250.0,Acetaldehyde,True,0.70972595184744,0.42354010449131185,Acetone,0.05420849857065817,False,True,True,-2.616940871710261,-2.4717067830167205
10,Toluene,1.0,Toluene,True,0.9954002126273198,0.9926772933320529,Toluene,0.06040876356938653,False,True,True,12.564352950491507,-0.01897882232705731
10,Acetaldehyde,10.0,Acetaldehyde,True,0.997068141925086,0.9944233828228521,Toluene,0.051332914000781805,False,True,True,12.154382940237063,-0.4579803145786204
10,Toluene,20.0,Toluene,True,0.9999880355897122,0.9999787461029878,Toluene,0.11361241572979897,False,True,True,10.749770880007121,0.6970346484817399
10,Acetaldehyde,50.0,Acetaldehyde,True,0.991654692083572,0.9868930668674392,Toluene,0.05598463874872875,False,True,True,9.015656870122552,-0.5977391569676197
10,Toluene,40.0,Toluene,True,0.9999629711165761,0.9999277772431919,Toluene,0.17672529875599302,False,False,False,9.757252976736913,1.2218227535020016
10,Acetaldehyde,200.0,Acetaldehyde,True,0.809513873992926,0.6231255523379852,Ethylene,0.14311002562747166,False,True,True,0.2176461173424814,-2.032510596224925
10,Toluene,80.0,Toluene,True,0.9997833797867343,0.9995722218176198,Toluene,0.3914538349292384,False,False,False,7.868650354994269,1.7533082503807729
10,Acetaldehyde,100.0,Acetaldehyde,True,0.9510308395610897,0.9095492383754846,Ethanol,0.7478772507675897,False,False,False,5.885957406144696,-1.0871413115810515
10,Toluene,1.0,Toluene,True,0.9992776725254934,0.9988811627887682,Toluene,0.06156412855957521,False,True,True,12.520840447326293,0.010911194774941528
10,Acetaldehyde,10.0,Acetaldehyde,True,0.9966922274963667,0.9937247110490636,Toluene,0.05200972234386989,False,True,True,12.189512217770206,-0.4280658049598537
10,Toluene,100.0,Toluene,True,0.9987441103678868,0.9975060551961981,Toluene,0.5301136418001816,False,False,False,6.9268012496643525,1.9837396140322807
10,Acetaldehyde,150.0,Acetaldehyde,True,0.7895310204501242,0.6080950462262726,Ethylene,0.11758171578217344,False,True,True,3.0225681107632534,-1.3759944796983665
10,Toluene,60.0,Toluene,True,0.9999047544703356,0.9998115249876633,Toluene,0.24804508961622673,False,False,False,8.951212316431292,1.5083010661314098
10,Acetaldehyde,250.0,Acetaldehyde,True,0.6136959175234206,0.23052704139180014,Acetone,0.04494878810590957,True,True,True,-2.4481322355094113,-2.4467354196002753
10,Toluene,20.0,Toluene,True,0.9998761881175056,0.9997673938610531,Toluene,0.10794382170379378,False,True,True,11.07714446223518,0.7776510794166276
10,Acetaldehyde,50.0,Acetaldehyde,True,0.9941062481424099,0.9904528290702166,Toluene,0.05747065658290599,False,True,True,9.181364598115579,-0.5906302774550002
10,Toluene,40.0,Toluene,True,0.9999015500598565,0.999806634994563,Toluene,0.17394507856151378,False,False,False,9.820471695044645,1.2388507246931109
10,Acetaldehyde,200.0,Acetaldehyde,True,0.7528763791300579,0.5129133068504295,Ethylene,0.13337853033118907,False,True,True,0.040262023731006236,-1.9367732478215351
10,Toluene,80.0,Toluene,True,0.9996512022868294,0.9993069496275432,Toluene,0.3666426168329015,False,False,False,8.023236947403603,1.767657085557662
10,Acetaldehyde,100.0,Acetaldehyde,True,0.9229016759683573,0.8569691797035461,Ethanol,0.5695860384410629,False,False,False,6.115793011257512,-0.9874466687002114
10,Toluene,20.0,Toluene,True,0.9999763708108129,0.9999560202739348,Toluene,0.1115210170891631,False,True,True,10.967700038638979,0.7982273944608842
10,Acetaldehyde,50.0,Acetaldehyde,True,0.9961945037458532,0.9936417756839094,Toluene,0.04868271459334618,False,True,True,9.249666131290814,-0.6833451344321263
10,Toluene,40.0,Toluene,True,0.999888502546904,0.9997802320836348,Toluene,0.17297335033970046,False,False,False,9.851829690433206,1.2563223431741715
10,Acetaldehyde,200.0,Acetaldehyde,True,0.621393923920397,0.25051279075344723,Ethylene,0.14437333035076302,True,True,True,0.12411775202089202,-1.9480110975102862
10,Toluene,80.0,Toluene,True,0.9989959643134367,0.9980009076674247,Toluene,0.3617033230099103,False,False,False,8.055554701470271,1.7767036125087143
10,Acetaldehyde,100.0,Acetaldehyde,True,0.9030410326065418,0.8240594428711318,Ethanol,0.5730486241842626,False,False,False,6.038381758823725,-0.8948850171643951
10,Toluene,1.0,Toluene,True,0.9879173016934464,0.9814428209576579,Toluene,0.060728687967633685,False,True,True,12.698472795587925,0.04161973663305731
10,Acetaldehyde,10.0,Acetaldehyde,True,0.9862835373860303,0.9731707802391069,Toluene,0.05343076129392259,False,True,True,12.42227441423188,-0.32545617987326686
10,Toluene,100.0,Toluene,True,0.994419540817601,0.9888568260419629,Toluene,0.4960991797814008,False,False,False,7.169499357751811,1.972171826277235
10,Acetaldehyde,150.0,Acetaldehyde,True,0.6572880016680512,0.37070771432192234,Ethylene,0.1730254115598839,True,False,True,2.891948718021208,-1.2715873894199268
10,Toluene,60.0,Toluene,True,0.9995200726117345,0.9990448448392013,Toluene,0.24654793403612615,False,False,False,8.99103359160534,1.5684385030056633
10,Acetaldehyde,250.0,Ethanol,False,0.49738904473801915,0.0021684853766845147,Acetone,0.07819146490812581,True,True,True,-2.5870064421355314,-2.3765561797778587
10,Acetone,10.0,Acetone,True,0.999897265276268,0.9997952935475877,Ethanol,0.020441963019168993,False,True,True,9.074113117882277,-1.3873124528482776
10,Ammonia,50.0,Toluene,False,0.510707160155607,0.04578816667115748,Toluene,0.05246613370844405,True,True,True,10.399580888960681,-0.6447502931565872
10,Acetone,250.0,Ammonia,False,0.4496127583453523,0.10529921344605409,Ammonia,0.04275841295381224,True,True,True,-5.11153017343064,4.403725846981428
10,Ammonia,600.0,Ammonia,True,0.9998368257137021,0.9997529297636311,Acetone,0.20200686746617047,False,False,False,-11.76041920615899,0.6515043942754778
10,Acetone,150.0,Ethylene,False,0.9913089443288429,0.982861217756821,Ethylene,0.0787074963172815,False,True,True,1.8081949356707676,3.4170488127699237
10,Ammonia,1000.0,Ammonia,True,1.0,1.0,Acetone,0.022012215338171826,False,True,True,-42.61576078081341,13.069291902768846
10,Acetone,50.0,Acetone,True,0.7387589825336488,0.4840214803335022,Toluene,0.37313552901737856,False,False,False,7.969556757944619,1.4649567057846105
10,Ammonia,200.0,Ammonia,True,0.9998860297061013,0.9997720597870525,Ammonia,0.44404467193263963,False,False,False,0.7748417987694391,7.08203825272119
10,Acetone,100.0,Ethylene,False,0.9995627013595669,0.9992684130154296,Toluene,0.1039136236313947,False,True,True,4.659734649635612,3.04080452140767
10,Ammonia,800.0,Ammonia,True,1.0,1.0,Acetone,0.003091532314262497,False,True,True,-34.37665599168237,20.636627195978605
10,Acetone,200.0,Ethylene,False,0.981625674907254,0.9632525454504473,Ammonia,0.6072036230270167,False,False,False,-0.23412218365539456,4.451028923707697
10,Ammonia,400.0,Ammonia,True,0.9999999999999998,0.9999999999999996,Ammonia,0.08543132873898449,False,True,True,-10.027992569419595,11.980518170991221
10,Acetone,150.0,Ethylene,False,0.9958326816959583,0.9916709010438958,Ammonia,0.015897200029210346,False,True,True,1.964737802250221,3.9536961026752246
10,Ammonia,1000.0,Ammonia,True,1.0,1.0,Acetone,0.007507110603516292,False,True,True,-50.58066704807535,24.352981189411224
10,Acetone,50.0,Ethylene,False,0.587235804086559,0.18461414687376626,Toluene,0.37736710750695646,True,False,True,7.950505962823984,1.503450750639609
10,Ammonia,200.0,Ammonia,True,0.9999998023850531,0.9999996047821598,Ammonia,0.45813965235434423,False,False,False,-0.012496904680071287,7.96239105035322
10,Acetone,100.0,Ethylene,False,0.9998287930891548,0.999732439454869,Toluene,0.11737604752589964,False,True,True,4.70481942468168,2.933781073730327
10,Ammonia,800.0,Ammonia,True,1.0,1.0,Acetone,0.004960327949094571,False,True,True,-32.88219826974047,19.044487809016974
10,Acetone,200.0,Ammonia,False,0.9324622736070153,0.8649249501371257,Ammonia,0.9366551015566538,False,False,False,-0.9067729304391388,5.165206051208186
10,Ammonia,400.0,Ammonia,True,0.999999999998779,0.9999999999975687,Ammonia,0.12654883403321265,False,True,True,-7.722523390785141,9.757124503570811
10,Acetone,10.0,Acetone,True,0.5311111286286734,0.06469795081581331,Toluene,0.08054618302701436,True,True,True,10.781642838469807,-0.03509074788527013
10,Ammonia,50.0,Toluene,False,0.9999429097645406,0.999912325073921,Toluene,0.33334657133819684,False,False,False,8.20934863500586,2.2145505544315323
10,Acetone,250.0,Ammonia,False,0.9644709005285959,0.928941828013836,Ammonia,0.3401985015554383,False,False,False,-3.9382675472336675,5.948662092423017
10,Ammonia,600.0,Ammonia,True,0.999999999999998,0.9999999999999959,Acetone,0.0009881890778079743,False,True,True,-15.8324793897539,10.63970990119649
10,Acetone,50.0,Ethylene,False,0.674201315755609,0.3522629700018798,Toluene,0.3986045870007819,True,False,True,7.826349587530951,1.4208162080770543
10,Ammonia,200.0,Ammonia,True,0.9955657520057809,0.9911315090683867,Ammonia,0.3038913726011807,False,False,False,1.7652075173666564,6.042081988116082
10,Acetone,100.0,Ethylene,False,0.9996227530422072,0.999353430361104,Toluene,0.07644156881858259,False,True,True,4.5344823262616165,2.9727708184913033
10,Ammonia,800.0,Ammonia,True,1.0,1.0,Acetone,0.008157666244344428,False,True,True,-29.68208476741735,16.435241257808237
10,Acetone,200.0,Ammonia,False,0.5271250714853231,0.054252201608766704,Ammonia,0.9794012047839136,True,False,True,-1.112437424891339,5.304791900714313
10,Ammonia,400.0,Ammonia,True,0.9999999999999991,0.9999999999999982,Ammonia,0.10903514301804057,False,True,True,-8.917605626646875,12.02482586830631
10,Acetone,10.0,Toluene,False,0.5015925496067604,0.003953683061754865,Toluene,0.0898824460187767,True,True,True,10.591757690714847,0.09085818165632857
10,Ammonia,50.0,Toluene,False,0.9998829324386084,0.9997807020282207,Toluene,0.33663329119117175,False,False,False,8.039650717760761,2.568571273950155
10,Acetone,250.0,Ammonia,False,0.9981842388497948,0.9963684888273021,Ammonia,0.3028854438082361,False,False,False,-4.341890378890112,6.527197908151106
10,Ammonia,600.0,Ammonia,True,1.0,1.0,Ammonia,0.013846036425514099,False,True,True,-21.01791817769367,16.79296320539908
10,Acetone,150.0,Ethylene,False,0.9997334231053081,0.9994683875087883,Ammonia,0.022380515334044896,False,True,True,1.82937871101336,3.8754252448288717
10,Ammonia,1000.0,Ammonia,True,1.0,1.0,Acetone,0.008891763373140956,False,True,True,-46.95191660282926,22.093835791107946
10,Acetone,10.0,Toluene,False,0.758643578029558,0.5177419054631408,Toluene,0.09250699013286454,False,True,True,10.612481604356567,0.15211553709808168
10,Ammonia,50.0,Toluene,False,0.9974021220506237,0.9948272386136212,Toluene,0.31928085177806487,False,False,False,8.206195963120647,2.6162745123279523
10,Acetone,50.0,Ethylene,False,0.7199181674139284,0.4429631541424607,Toluene,0.4518052805268004,False,False,False,7.577892681831422,1.5012416001092996
10,Ammonia,200.0,Ammonia,True,0.9999999961281838,0.9999999922778952,Ammonia,0.43282345608983286,False,False,False,0.4996205524015971,7.7634767555109025
10,Acetone,100.0,Ethylene,False,0.9994623495942927,0.9990062570131066,Ethylene,0.01148432751619508,False,True,True,4.127592516417079,3.152064299392376
10,Ammonia,800.0,Ammonia,True,1.0,1.0,Acetone,0.001806527323079916,False,True,True,-35.63511298262055,21.97429098073473
10,Acetone,200.0,Ammonia,False,0.9097467605286595,0.819493681875204,Ammonia,0.8310878101264983,False,False,False,-1.6026091350245621,5.442119404119411
10,Ammonia,400.0,Ammonia,True,1.0,1.0,Ammonia,0.07460630840568037,False,True,True,-11.162763020808084,13.34883241992374
10,Acetone,250.0,Ammonia,False,0.9975151718412534,0.9950303580765699,Ammonia,0.23732010406850126,False,False,False,-4.838585466356569,6.286931512777044
10,Ammonia,600.0,Ammonia,True,1.0,1.0,Ammonia,0.006630310670003435,False,True,True,-23.707718426865004,17.267594628549237
10,Acetone,150.0,Ethylene,False,0.9900131575234807,0.9800281058580608,Ammonia,0.2986380086030227,False,False,False,0.995137350537822,4.417045591374994
10,Ammonia,1000.0,Ammonia,True,1.0,1.0,Acetone,0.008362582862908464,False,True,True,-49.56184293994005,23.275880581843122
10,Acetone,200.0,Ammonia,False,0.8408378938982007,0.6816760203450667,Ammonia,0.8036522697015095,False,False,False,-1.6130253950323217,5.6838466050541285
10,Ammonia,400.0,Ammonia,True,1.0,1.0,Ammonia,0.07185875507895077,False,True,True,-11.424305107796307,13.547406784560524
10,Acetone,10.0,Toluene,False,0.7986380976358401,0.5982980503432169,Toluene,0.08763243327356054,False,True,True,10.664577948561258,0.07247581303763827
10,Ammonia,50.0,Toluene,False,0.9783806248798268,0.9570564636211966,Toluene,0.29552353285207505,False,False,False,8.532608473350454,2.438537232395167
10,Acetone,250.0,Ammonia,False,0.9642242103726871,0.9284484516922175,Ammonia,0.25070755614279333,False,False,False,-4.714514271171382,6.272373120664627
10,Ammonia,600.0,Ammonia,True,1.0,1.0,Ammonia,0.003976648116457215,False,True,True,-22.128748676344888,15.453604926652032
10,Acetone,150.0,Ethylene,False,0.9970112700778283,0.9940243319392797,Ammonia,0.24131862357951075,False,False,False,1.2031871653794413,4.358828996759091
10,Ammonia,1000.0,Ammonia,True,1.0,1.0,Acetone,0.008709646552325246,False,True,True,-49.63738802758744,22.99261287132649
10,Acetone,50.0,Ethylene,False,0.6685276557358295,0.3400840860696977,Toluene,0.4483002349043982,True,False,True,7.593818541102659,1.4935688173253099
10,Ammonia,200.0,Ammonia,True,0.9999999998939393,0.9999999997960036,Ammonia,0.4363681184737585,False,False,False,0.17612754263874908,8.082824923473462
10,Acetone,100.0,Ethylene,False,0.999476904059448,0.9990201431101735,Ethylene,0.0403425487625794,False,True,True,4.0182016106331915,3.0106772923554956
10,Ammonia,800.0,Ammonia,True,1.0,1.0,Acetone,0.003971160692860129,False,True,True,-37.026379612924224,21.519607041577125
10,Acetone,50.0,Ethylene,False,0.6727495541867623,0.3481027889162624,Toluene,0.4746253898304256,True,False,True,7.480641826307549,1.491718312090489
10,Ammonia,200.0,Ammonia,True,0.9999999999784437,0.9999999999604472,Ammonia,0.4481032921655808,False,False,False,-0.04577835082588371,8.118412632231081
10,Acetone,100.0,Ethylene,False,0.9996025505226502,0.9992899002334749,Ethylene,0.05616615187836959,False,True,True,3.95087563671761,2.9880716165023546
10,Ammonia,800.0,Ammonia,True,1.0,1.0,Acetone,0.005536420025186637,False,True,True,-36.82895549732363,20.584625684493396
10,Acetone,200.0,Ammonia,False,0.7978239966149653,0.5956481941843024,Ammonia,0.7773747223363942,False,False,False,-1.799332126669961,5.459203507101738
10,Ammonia,400.0,Ammonia,True,1.0,1.0,Ammonia,0.06425279794391431,False,True,True,-11.711627406198826,12.96934408600562
10,Acetone,10.0,Toluene,False,0.777237028047508,0.5556208088334486,Toluene,0.08624652045306604,False,True,True,10.672091268048154,0.04669836190366593
10,Ammonia,50.0,Toluene,False,0.9192211918733222,0.8421671595990627,Toluene,0.2704168301581228,False,False,False,8.83432015699341,2.3598703335310844
10,Acetone,250.0,Ammonia,False,0.9408257856911985,0.8816516236145662,Ammonia,0.2286511279242972,False,False,False,-4.802781123312587,6.020129027262635
10,Ammonia,600.0,Ammonia,True,1.0,1.0,Ammonia,0.007214861992921227,False,True,True,-24.16903293500327,17.796071852036025
10,Acetone,150.0,Ethylene,False,0.9999746706363529,0.9999504784866855,Ammonia,0.02588774269481431,False,True,True,1.6402049212927419,3.7379622139597455
10,Ammonia,1000.0,Ammonia,True,1.0,1.0,Acetone,0.013439396484361292,False,True,True,-47.20029258206336,18.716329149643446
10,Acetone,150.0,Ethylene,False,0.9999585941056369,0.9999179894434973,Ethylene,0.00019879575648044763,False,True,True,1.863836117705361,3.797739360262205
10,Ammonia,1000.0,Ammonia,True,1.0,1.0,Acetone,0.011059437638227655,False,True,True,-50.02553180353318,21.06187212190458
10,Acetone,50.0,Ethylene,False,0.5930681024959307,0.1882342120981998,Toluene,0.39300922899118107,True,False,True,7.834205379823598,1.3095013446146675
10,Ammonia,200.0,Ammonia,True,0.9999999147680153,0.9999998295429304,Ammonia,0.4102469355382101,False,False,False,1.070410860589461,6.973552436615829
10,Acetone,100.0,Ethylene,False,0.9997970250170612,0.9996016941097723,Toluene,0.026836591546795862,False,True,True,4.338414756763261,2.724752220856834
10,Ammonia,800.0,Ammonia,True,1.0,1.0,Acetone,0.005227049649482364,False,True,True,-35.875954054397766,20.315760453713946
10,Acetone,200.0,Ethylene,False,0.6988103761098525,0.39762113618853345,Ammonia,0.8494090407488442,True,False,True,-1.5547693812681795,5.266029028621457
10,Ammonia,400.0,Ammonia,True,1.0,1.0,Ammonia,0.06052002906055987,False,True,True,-11.903172308547068,12.822489594885347
10,Acetone,10.0,Toluene,False,0.552058518091086,0.10475392864891608,Toluene,0.08497881792278365,True,True,True,10.572483974429378,-0.01310184147768689
10,Ammonia,50.0,Toluene,False,0.6992194527434623,0.45020291547657143,Toluene,0.2524115376349007,True,False,True,9.059422751878223,2.2637911264969723
10,Acetone,250.0,Ammonia,False,0.9530314554784819,0.906062933288135,Ammonia,0.24700771787200124,False,False,False,-4.693657132298551,6.132184841015455
10,Ammonia,600.0,Ammonia,True,1.0,1.0,Ammonia,0.005393875961223395,False,True,True,-24.14660140546151,17.266101992338555
10,Acetone,250.0,Ammonia,False,0.67885964988958,0.3577193215016006,Ammonia,0.32182243288451823,True,False,True,-4.078588733773779,6.006419164764041
10,Ammonia,600.0,Ammonia,True,1.0,1.0,Ammonia,0.0003916598234883061,False,True,True,-22.590600029389154,14.993069894660831
10,Acetone,150.0,Ethylene,False,0.9962397847750748,0.9924812207294712,Ammonia,0.2142854722507316,False,False,False,1.2637683711763312,4.283723952789989
10,Ammonia,1000.0,Ammonia,True,1.0,1.0,Acetone,0.008477429390847101,False,True,True,-51.599902177462226,23.73574300155811
10,Acetone,10.0,Toluene,False,0.7875828668124124,0.5757421617457826,Toluene,0.08586659530552444,False,True,True,10.747043766139477,0.0660363533144132
10,Ammonia,50.0,Toluene,False,0.7355565606920279,0.5909900036496581,Toluene,0.2377858622594385,False,False,False,9.240475553291212,2.1396574595180287
10,Acetone,50.0,Ethylene,False,0.6247373636858304,0.250782954424866,Toluene,0.46444745842844937,True,False,True,7.5255984553745785,1.444092218944879
10,Ammonia,200.0,Ammonia,True,0.9999999999642848,0.9999999999307089,Ammonia,0.41460440181843555,False,False,False,0.49829946066839836,8.055373472864378
10,Acetone,100.0,Ethylene,False,0.9998706500303014,0.9997774864543033,Toluene,0.010883044963004207,False,True,True,4.237168108965915,3.128028584693221
10,Ammonia,800.0,Ammonia,True,1.0,1.0,Acetone,0.004267845584253536,False,True,True,-37.568308725167554,21.615325655740932
10,Acetone,200.0,Ethylene,False,0.5656069889427993,0.13121408568883008,Ammonia,0.8088950093127514,True,False,True,-1.5453374648895462,5.743029966056907
10,Ammonia,400.0,Ammonia,True,1.0,1.0,Ammonia,0.06675828053330168,False,True,True,-11.888732321632384,13.78586788475288
10,Acetone,10.0,Toluene,False,0.8064490523235455,0.6140261663474565,Toluene,0.09034694072389236,False,True,True,10.752547398308792,0.16430474808527157
10,Ammonia,50.0,Ammonia,True,0.8351194646921605,0.749720216153806,Toluene,0.22998364878249697,False,False,False,9.357040207964777,2.2031120452252257
10,Acetone,250.0,Ammonia,False,0.8314887234574966,0.6629774820988767,Ammonia,0.26755908132581924,False,False,False,-4.6820357289756425,6.672707619741936
10,Ammonia,600.0,Ammonia,True,1.0,1.0,Ammonia,0.006488557380686021,False,True,True,-24.945781165117236,18.197596564174326
10,Acetone,150.0,Ethylene,False,0.9982571082135022,0.9965159415622304,Ammonia,0.2554182456590897,False,False,False,1.2346756249283866,4.478069781386821
10,Ammonia,1000.0,Ammonia,True,1.0,1.0,Acetone,0.007460240305100865,False,True,True,-52.74806249696251,25.056789765709116
10,Acetone,50.0,Ethylene,False,0.6854265123079053,0.3746020307789999,Toluene,0.4094185218087865,True,False,True,7.7768750572864835,1.6388920262893818
10,Ammonia,200.0,Ammonia,True,0.9999999999594571,0.9999999999200738,Ammonia,0.40773261549553785,False,False,False,0.3962244204998216,8.288117218763727
10,Acetone,100.0,Ethylene,False,0.9999377297096455,0.9998965033133936,Toluene,0.023995119945239944,False,True,True,4.28396831554495,3.3583714361576673
10,Ammonia,800.0,Ammonia,True,1.0,1.0,Acetone,0.004827943705510286,False,True,True,-38.37242929476761,21.669871924586463
10,Acetone,200.0,Ethylene,False,0.8707059427139674,0.7414119769451298,Ammonia,0.8198108779235136,False,False,False,-1.4246047993855593,5.800194709971372
10,Ammonia,400.0,Ammonia,True,1.0,1.0,Ammonia,0.06519013727870686,False,True,True,-12.034840142248875,13.849628729042447
10,Acetone,50.0,Ethylene,False,0.9232944551313395,0.8476315929080673,Toluene,0.4222660425409365,False,False,False,7.690677029129785,1.7576310446830719
10,Ammonia,200.0,Ammonia,True,0.9999999999937608,0.9999999999893631,Ammonia,0.42645780000104233,False,False,False,0.23493235043378508,8.16785557645486
10,Acetone,100.0,Ethylene,False,0.9999613656093171,0.9999355390608087,Toluene,0.013829487750912011,False,True,True,4.2336989847165505,3.3213013239020035
10,Ammonia,800.0,Ammonia,True,1.0,1.0,Acetone,0.003118180402012011,False,True,True,-38.87210436306141,22.93976497592808
10,Acetone,200.0,Ethylene,False,0.890902453646583,0.7818051940043867,Ammonia,0.8472928107421914,False,False,False,-1.4928241593309288,5.559002966295264
10,Ammonia,400.0,Ammonia,True,1.0,1.0,Ammonia,0.06272893443330722,False,True,True,-12.426372371971043,14.314729984024533
10,Acetone,10.0,Toluene,False,0.84070668580412,0.6829254852913482,Toluene,0.08830023922794357,False,True,True,10.808290847747731,0.1423805301920828
10,Ammonia,50.0,Ammonia,True,0.8560520230891856,0.7658702609031779,Toluene,0.21011331956316506,False,False,False,9.633635528487169,2.085150259039639
10,Acetone,250.0,Ammonia,False,0.8742313212865425,0.7484626653966221,Ammonia,0.2681955375021606,False,False,False,-4.584323984080266,6.3326325887471695
10,Ammonia,600.0,Ammonia,True,1.0,1.0,Ammonia,0.007420379379890068,False,True,True,-25.939444398514645,19.301336164868264
10,Acetone,150.0,Ethylene,False,0.9992530464157632,0.9985069291257221,Ammonia,0.24402117500369633,False,False,False,1.3335722586284913,4.537928645735472
10,Ammonia,1000.0,Ammonia,True,1.0,1.0,Acetone,0.005779724629203284,False,True,True,-53.291692139903695,26.99077322939847
10,Acetone,10.0,Toluene,False,0.8514707074502392,0.7041931866461345,Toluene,0.08765526925564107,False,True,True,10.890380895607713,0.1614143241745497
10,Ammonia,50.0,Ammonia,True,0.78650279131841,0.617405124497924,Toluene,0.1890926124727842,False,False,False,9.959870408308168,1.9808077986818247
10,Acetone,250.0,Ethylene,False,0.7814034419518231,0.5628069439114599,Ammonia,0.3320554602990143,False,False,False,-4.025779259317287,6.078712609946073
10,Ammonia,600.0,Ammonia,True,1.0,1.0,Ammonia,0.005132713370335002,False,True,True,-24.528869794080748,17.479258977204996
10,Acetone,150.0,Ethylene,False,0.9995374875508146,0.9990766284729674,Ammonia,0.2749646364270545,False,False,False,1.300057499629931,4.690692819472346
10,Ammonia,1000.0,Ammonia,True,1.0,1.0,Acetone,0.0069750329551341765,False,True,True,-53.740922814115926,25.862296941050857
10,Acetone,50.0,Ethylene,False,0.674885710731914,0.3539228495391091,Toluene,0.39618000927075575,True,False,True,7.844268011850546,1.7193582262556828
10,Ammonia,200.0,Ammonia,True,0.9999999999703248,0.9999999999438909,Ammonia,0.4124020021526005,False,False,False,0.32895074218686227,8.285926063183437
10,Acetone,100.0,Ethylene,False,0.9999434135384887,0.9998982318409049,Toluene,0.05334559184951034,False,True,True,4.437421466162769,3.3532890617400386
10,Ammonia,800.0,Ammonia,True,1.0,1.0,Acetone,0.0028792537229399996,False,True,True,-39.60888444944675,23.469268899620623
10,Acetone,200.0,Ethylene,False,0.5896607745031517,0.17932163814585267,Ammonia,0.775873652460787,True,False,True,-1.5343179164251795,5.9539307480923815
10,Ammonia,400.0,Ammonia,True,1.0,1.0,Ammonia,0.062372378750501244,False,True,True,-12.050195785681119,13.39826330823539
10,Acetone,150.0,Ethylene,False,0.9999261408947498,0.9998527668814656,Ammonia,0.16899185073283635,False,False,False,1.5831033644704686,4.39618226638702
10,Ammonia,1000.0,Ammonia,True,1.0,1.0,Acetone,0.007914233497576134,False,True,True,-52.27869851022683,24.467083438313356
10,Acetone,50.0,Ethylene,False,0.8022006566575264,0.6051441583873489,Toluene,0.3405300736740715,False,False,False,8.19021608983892,1.5936348841121188
10,Ammonia,200.0,Ammonia,True,0.999999997558352,0.9999999951222615,Ammonia,0.3944341426774781,False,False,False,1.0772119397404163,7.384402481772587
10,Acetone,100.0,Ethylene,False,0.9999640938094229,0.9999289318632022,Toluene,0.1539962738759289,False,False,False,4.874342643165183,2.9955393881282295
10,Ammonia,800.0,Ammonia,True,1.0,1.0,Acetone,0.010901439098580965,False,True,True,-35.79081131345528,17.602016609940954
10,Acetone,200.0,Ethylene,False,0.9993207410806453,0.998641556905271,Ammonia,0.8899797553396549,False,False,False,-0.7408482722964965,5.212213264797164
10,Ammonia,400.0,Ammonia,True,1.0,1.0,Ammonia,0.0730201104901857,False,True,True,-10.75186892637984,12.100686614458107
10,Acetone,10.0,Toluene,False,0.6084009106375096,0.22435484564656927,Toluene,0.08412682531695614,True,True,True,11.107010979799202,0.16697867205044517
10,Ammonia,50.0,Ammonia,True,0.49923862718275164,0.035610815310676336,Toluene,0.1679326919034394,True,False,True,10.321233906228986,1.8442583236397265
10,Acetone,250.0,Ethylene,False,0.9996035169414549,0.9992070701264366,Ammonia,0.38761026416277145,False,False,False,-3.385079871644788,5.137993187332307
10,Ammonia,600.0,Ammonia,True,1.0,1.0,Acetone,0.006946606155299124,False,True,True,-22.229162581670565,13.358756587105166
10,Acetone,50.0,Ethylene,False,0.8544456907923188,0.7091320102889136,Toluene,0.323069471948566,False,False,False,8.296539750423385,1.5082475880553923
10,Ammonia,200.0,Ammonia,True,0.9999999826127249,0.9999999652372354,Ammonia,0.3870529418398425,False,False,False,1.2302229478769982,7.052024288538126
10,Acetone,100.0,Ethylene,False,0.9999741148229355,0.9999488002103697,Toluene,0.11814539521531747,False,True,True,4.727299753471726,3.0680108363783374
10,Ammonia,800.0,Ammonia,True,1.0,1.0,Acetone,0.012097344847795536,False,True,True,-35.953393677804435,17.118453003791934
10,Acetone,200.0,Ethylene,False,0.9998960926151639,0.9997922768842422,Ammonia,0.7542084230220469,False,False,False,-0.4963300958790862,4.809140848544025
10,Ammonia,400.0,Ammonia,True,1.0,1.0,Ammonia,0.0679466930181886,False,True,True,-10.526634018076273,11.10065119538421
10,Acetone,10.0,Acetone,True,0.5604456888779712,0.1277048316602576,Toluene,0.07896910920672054,True,True,True,11.186487354085202,0.06932601872067395
10,Ammonia,50.0,Ammonia,True,0.9134237825865819,0.8536940449094139,Toluene,0.18059301748154108,False,False,False,10.08135186802232,1.8850103959917879
10,Acetone,250.0,Ethylene,False,0.9861608207901711,0.9723216918443954,Ammonia,0.3323034639812495,False,False,False,-3.9255743780905634,5.730774844632023
10,Ammonia,600.0,Ammonia,True,1.0,1.0,Acetone,0.0021888395251357592,False,True,True,-23.59260044279262,15.033900380207204
10,Acetone,150.0,Ethylene,False,0.9999855225445878,0.9999714306838605,Ammonia,0.06452228150058921,False,True,True,1.9280125823589198,4.1697009917613705
10,Ammonia,1000.0,Ammonia,True,1.0,1.0,Acetone,0.013945636748487245,False,True,True,-48.95063577589616,18.55917826688298
10,Acetone,10.0,Toluene,False,0.5530823108230817,0.11394996819924613,Toluene,0.08117159118098762,True,True,True,11.237207482386848,0.14531905220178123
10,Ammonia,50.0,Ammonia,True,0.8284948296950553,0.674160416151225,Toluene,0.1676245350293223,False,False,False,10.349769958091754,1.8884022665625084
10,Acetone,50.0,Ethylene,False,0.87529296946504,0.7507689413610434,Toluene,0.3450877859800607,False,False,False,8.133493599957827,1.44164322637889
10,Ammonia,200.0,Ammonia,True,0.9999999966133335,0.9999999932327057,Ammonia,0.4017141033557397,False,False,False,1.0445600149439003,7.294358423166902
10,Acetone,100.0,Ethylene,False,0.999964544902863,0.9999296076864809,Toluene,0.1677624732022965,False,False,False,4.915702408375657,2.917236101754159
10,Ammonia,800.0,Ammonia,True,1.0,1.0,Acetone,0.009988204909660396,False,True,True,-36.18692448788279,18.143381398857976
10,Acetone,200.0,Ethylene,False,0.9978045815385682,0.9956092053714862,Ammonia,0.9077163699338406,False,False,False,-0.7911838996538099,5.3060768824787
10,Ammonia,400.0,Ammonia,True,1.0,1.0,Ammonia,0.06642655437809383,False,True,True,-11.143283333862183,12.10002061412248
10,Acetone,250.0,Ethylene,False,0.9943197157018708,0.9886394585391913,Ammonia,0.36518809921047624,False,False,False,-3.721707145675997,5.729121422715821
10,Ammonia,600.0,Ammonia,True,1.0,1.0,Acetone,0.004142216808267666,False,True,True,-23.653625563042365,14.63993361348449
10,Acetone,150.0,Ethylene,False,0.9999932375146724,0.9999869217344763,Ammonia,0.04631201011973411,False,True,True,1.9843894541444622,4.123752428511898
10,Ammonia,1000.0,Ammonia,True,1.0,1.0,Acetone,0.015623822080784298,False,True,True,-48.586874531736015,17.24695924764261
10,Acetone,200.0,Ethylene,False,0.9994245989436579,0.9988493059281071,Ammonia,0.8229738194286706,False,False,False,-0.5803412009989862,5.054645020473723
10,Ammonia,400.0,Ammonia,True,0.9999999999999998,0.9999999999999997,Ammonia,0.06680213310357537,False,True,True,-10.736140764828122,11.368791826741646
10,Acetone,10.0,Toluene,False,0.6260759849226047,0.26871379523217986,Toluene,0.08026577996635356,True,True,True,11.279776391292257,0.1388189558455919
10,Ammonia,50.0,Ammonia,True,0.703124759335614,0.4246076679648636,Toluene,0.1522743976760873,False,False,False,10.6224883560597,1.7324987250405943
10,Acetone,250.0,Ethylene,False,0.9980216619592449,0.996043398962023,Ammonia,0.4012353149392018,False,False,False,-3.324683942791252,5.156213002816515
10,Ammonia,600.0,Ammonia,True,1.0,1.0,Acetone,0.003813279463512904,False,True,True,-23.445896170551013,14.59905090896749
10,Acetone,150.0,Ethylene,False,0.9999940481571131,0.9999885710914873,Ammonia,0.051620486264775646,False,True,True,1.9746975359257226,4.1431363731504876
10,Ammonia,1000.0,Ammonia,True,1.0,1.0,Acetone,0.012217112344353558,False,True,True,-50.65261566966463,20.18776025409326
10,Acetone,50.0,Ethylene,False,0.8101524752373478,0.6212857448381247,Toluene,0.3172681861399901,False,False,False,8.342680434160457,1.525984650374289
10,Ammonia,200.0,Ammonia,True,0.9999999998205582,0.9999999996489924,Ammonia,0.4151331325704126,False,False,False,0.7830192444384311,7.6116256142112375
10,Acetone,100.0,Ethylene,False,0.9999041356208798,0.999809921392153,Toluene,0.1309498957502717,False,True,True,4.789686916905885,3.090357026779304
10,Ammonia,800.0,Ammonia,True,1.0,1.0,Acetone,0.008588243197539185,False,True,True,-38.39834079963872,19.587567415469657
10,Acetone,50.0,Ethylene,False,0.8736335873634106,0.7496795080667604,Toluene,0.36126767945785415,False,False,False,8.059467415797295,1.6750062407043387
10,Ammonia,200.0,Ammonia,True,0.9999999999932925,0.9999999999887494,Ammonia,0.4195886876185327,False,False,False,0.3736455392975467,8.124750856206374
10,Acetone,100.0,Ethylene,False,0.9999519915358485,0.9999080060539826,Toluene,0.08304298780751924,False,True,True,4.5822466282892735,3.2440481825998853
10,Ammonia,800.0,Ammonia,True,1.0,1.0,Acetone,0.008993426867705363,False,True,True,-38.10386319625215,19.27214701087744
10,Acetone,200.0,Ethylene,False,0.9585239462447849,0.9170480688923005,Ammonia,0.8131250508777634,False,False,False,-1.4618031723443499,5.804981509740436
10,Ammonia,400.0,Ammonia,True,1.0,1.0,Ammonia,0.059552889813568766,False,True,True,-11.875166885188152,12.638495066512732
10,Acetone,10.0,Toluene,False,0.8668865172812766,0.735181159204483,Toluene,0.08565149321221854,False,True,True,10.985808998986148,0.15402630779944573
10,Ammonia,50.0,Ammonia,True,0.994045761530267,0.990224863101875,Toluene,0.18338729836886,False,False,False,10.049411471753759,1.9365329867714105
10,Acetone,250.0,Ethylene,False,0.7381854714966607,0.47637099565905977,Ammonia,0.26593254544226563,False,False,False,-4.541925039047374,6.1460384397456105
10,Ammonia,600.0,Ammonia,True,1.0,1.0,Acetone,0.0012614391283800276,False,True,True,-25.171539489665232,16.17372191106696
10,Acetone,150.0,Ethylene,False,0.9997245870005985,0.9994496436791026,Ammonia,0.22279871245437566,False,False,False,1.3881885750253848,4.479485746166119
10,Ammonia,1000.0,Ammonia,True,1.0,1.0,Acetone,0.009142740150443005,False,True,True,-53.32698623436675,23.525744696005365
10,Acetone,150.0,Ethylene,False,0.9998486774939063,0.9996984046707571,Ammonia,0.13115356014269447,False,True,True,1.7796121031525376,4.393054340910494
10,Ammonia,1000.0,Ammonia,True,1.0,1.0,Acetone,0.012983197644010031,False,True,True,-51.33576670703679,19.62522053042094
10,Acetone,50.0,Ethylene,False,0.7982871230300252,0.5995823604642404,Toluene,0.3560115295895356,False,False,False,8.08431907776681,1.5566297343835027
10,Ammonia,200.0,Ammonia,True,0.9999999997709101,0.9999999995578902,Ammonia,0.4355904042729741,False,False,False,0.7337316590648244,7.331193829814743
10,Acetone,100.0,Ethylene,False,0.9998600757549089,0.9997239538671491,Toluene,0.10396876530241941,False,True,True,4.642133717122366,2.8713717150150098
10,Ammonia,800.0,Ammonia,True,1.0,1.0,Acetone,0.009687149396702536,False,True,True,-38.219675571250576,18.949271295512894
10,Acetone,200.0,Ethylene,False,0.9972396614948816,0.9944794505772019,Ammonia,0.8600978046049265,False,False,False,-0.7907176955387706,4.95508510931145
10,Ammonia,400.0,Ammonia,True,0.9999999999999998,0.9999999999999996,Ammonia,0.05508788274080828,False,True,True,-12.051252285675409,12.38761731978649
10,Acetone,10.0,Toluene,False,0.8546802359849168,0.7114952598621,Toluene,0.08183942811762265,False,True,True,10.955755551565789,0.05342975606269909
10,Ammonia,50.0,Ammonia,True,0.9647833419337815,0.9410268006160845,Toluene,0.17969096308041307,False,False,False,10.06810496329631,1.81740801139927
10,Acetone,250.0,Ammonia,False,0.8360514826468817,0.6721030670530448,Ammonia,0.2757625521462523,False,False,False,-4.390514083288559,5.940866803302878
10,Ammonia,600.0,Ammonia,True,1.0,1.0,Acetone,0.003532664542202055,False,True,True,-25.06762100174477,15.53916505364336
10,Acetone,250.0,Ammonia,False,0.554421014921432,0.10884207269789492,Ammonia,0.3194473967842994,True,False,True,-4.085529504760967,5.9723611105034715
10,Ammonia,600.0,Ammonia,True,1.0,1.0,Acetone,0.0031724467309339043,False,True,True,-25.657578588086036,15.951041668480338
10,Acetone,150.0,Ethylene,False,0.9999140799727906,0.9998288307107362,Ammonia,0.04269992290054625,False,True,True,1.8551041081662876,3.994524393216867
10,Ammonia,1000.0,Ammonia,True,1.0,1.0,Acetone,0.015996641006376267,False,True,True,-50.23037599541635,17.0440227841189
10,Acetone,10.0,Toluene,False,0.7387866021412917,0.4806833067106685,Toluene,0.07930417624822403,False,True,True,11.178119285393795,0.07462714452203274
10,Ammonia,50.0,Toluene,False,0.5254363973274396,0.12427790549923068,Toluene,0.1858696680623767,True,False,True,9.965491161546325,1.8475125367341338
10,Acetone,50.0,Ethylene,False,0.716644403105331,0.43491827076039563,Toluene,0.366633911995461,False,False,False,7.993917070859355,1.395226146398413
10,Ammonia,200.0,Ammonia,True,0.9999999817933259,0.9999999636710385,Ammonia,0.42578227759949805,False,False,False,0.9278778094064477,7.0558450464784
10,Acetone,100.0,Ethylene,False,0.9998159647433816,0.9996346090219124,Toluene,0.12281058321729584,False,True,True,4.725989577810092,2.9214229624564556
10,Ammonia,800.0,Ammonia,True,1.0,1.0,Acetone,0.008813196934691956,False,True,True,-38.96860413097537,19.661727576456176
10,Acetone,200.0,Ethylene,False,0.9276564573631385,0.8553133384693138,Ammonia,0.9455194003930008,False,False,False,-0.9419597998306667,5.161032371078954
10,Ammonia,400.0,Ammonia,True,0.9999999999999987,0.9999999999999973,Ammonia,0.05514855284241731,False,True,True,-11.241204861593237,11.103353026812304
10,Acetone,10.0,Toluene,False,0.785891704042902,0.5740193726515701,Toluene,0.08511911126839909,False,True,True,10.95514267569665,0.12915551972035122
10,Ammonia,50.0,Toluene,False,0.905460867475681,0.8264746657542034,Toluene,0.21533338458992388,False,False,False,9.543264419635861,2.0485213169824505
10,Acetone,250.0,Ethylene,False,0.55405090034293,0.10810202634284216,Ammonia,0.328685650640839,True,False,True,-3.9220016277198284,5.653913944399591
10,Ammonia,600.0,Ammonia,True,1.0,1.0,Acetone,0.004765694425899521,False,True,True,-24.516364645231825,14.953599082769733
10,Acetone,150.0,Ethylene,False,0.9998295306131272,0.9996595318350877,Ammonia,0.0961053945346799,False,True,True,1.8350794325228599,4.25243013298638
10,Ammonia,1000.0,Ammonia,True,1.0,1.0,Acetone,0.01349126432387748,False,True,True,-52.79665666209388,19.333192727436746
10,Acetone,50.0,Ethylene,False,0.676067992256757,0.35981561559772857,Toluene,0.3482600533635794,True,False,True,8.10848423595949,1.419185110529337
10,Ammonia,200.0,Ammonia,True,0.9999999918030699,0.9999999836852209,Ammonia,0.4582813622710778,False,False,False,0.5905805548884594,7.222784819376867
10,Acetone,100.0,Ethylene,False,0.9997793130542377,0.9995754469315745,Toluene,0.1210197713425014,False,True,True,4.725130765703804,2.96810090256536
10,Ammonia,800.0,Ammonia,True,1.0,1.0,Acetone,0.007922716546167623,False,True,True,-38.79213055898337,20.08970875456888
10,Acetone,200.0,Ethylene,False,0.8762483875540008,0.752497014423933,Ammonia,0.9887538314342065,False,False,False,-1.064497775701447,5.29567692778621
10,Ammonia,400.0,Ammonia,True,0.9999999999999982,0.9999999999999964,Ammonia,0.05784588065075982,False,True,True,-11.350782560050162,11.529649186745598
10,Acetone,50.0,Ethylene,False,0.790238930627368,0.583723679756328,Toluene,0.35481352939714483,False,False,False,8.079920927649367,1.47708545014645
10,Ammonia,200.0,Ammonia,True,0.9999999905512306,0.9999999811913105,Ammonia,0.46066821836454536,False,False,False,0.5207300313019327,7.307581301529312
10,Acetone,100.0,Ethylene,False,0.99991169222646,0.9998337694350401,Toluene,0.15344646687464042,False,False,False,4.853120752896928,2.9103654123402722
10,Ammonia,800.0,Ammonia,True,1.0,1.0,Acetone,0.010411846791802872,False,True,True,-38.07768358864583,18.533080589243617
10,Acetone,200.0,Ethylene,False,0.9693269896224675,0.9386541695439419,Ammonia,0.8233522496014689,False,False,False,-0.6511458483189047,4.944691427402467
10,Ammonia,400.0,Ammonia,True,0.9999999999999865,0.9999999999999729,Ammonia,0.05502138543167047,False,True,True,-11.009419373774172,10.750174581959977
10,Acetone,10.0,Toluene,False,0.7620421405649893,0.5249970241043003,Toluene,0.08827613558420332,False,True,True,10.872600700048023,0.16819315828395703
10,Ammonia,50.0,Toluene,False,0.9297116869071393,0.8636837758997272,Toluene,0.22910545037822966,False,False,False,9.362499563767614,2.1545993358465014
10,Acetone,250.0,Ammonia,False,0.514067033214891,0.028134199107839375,Ammonia,0.33116047089248674,True,False,True,-3.8471259872707595,5.496416579591018
10,Ammonia,600.0,Ammonia,True,1.0,1.0,Acetone,0.005169835930955263,False,True,True,-24.211533941254178,14.705408587124246
10,Acetone,150.0,Ethylene,False,0.9996881888593938,0.9993779618938022,Ammonia,0.013362410538421767,False,True,True,1.9449159498190882,3.925480501543107
10,Ammonia,1000.0,Ammonia,True,1.0,1.0,Acetone,0.01440485025000852,False,True,True,-51.56798774121068,18.429678088169336
10,Acetone,10.0,Acetone,True,0.9926938334430996,0.9859051222177783,Toluene,0.06059550705961841,False,True,True,10.624198958178937,-0.4738748724791146
10,Ammonia,50.0,Toluene,False,0.930432225276114,0.8609809475413456,Toluene,0.234131649802015,False,False,False,9.189932953426373,1.7200433072787606
10,Acetone,250.0,Ethylene,False,0.9992994221476545,0.9985991377440566,Ammonia,0.102919746024723,False,True,True,-3.627110927628026,3.6298196352992376
10,Ammonia,600.0,Ammonia,True,1.0,1.0,Acetone,0.011543913050992663,False,True,True,-17.833169214621616,10.64760760400412
10,Acetone,150.0,Ethylene,False,0.9999312187320818,0.9998655114349269,Ethylene,0.33884700741282053,False,False,False,1.9141859745208896,2.4987593791777303
10,Ammonia,1000.0,Ammonia,True,1.0,1.0,Acetone,0.021204486190207046,False,True,True,-39.87989431766192,13.511501569143245
10,Acetone,50.0,Acetone,True,0.7976833493109482,0.59660204273644,Toluene,0.27702498893032146,False,False,False,8.04283641874835,0.5985961434260365
10,Ammonia,200.0,Ammonia,True,0.9998988565335152,0.9997977132273766,Ammonia,0.3568162155471206,False,False,False,1.3734624764012329,5.686970305524725
10,Acetone,100.0,Ethylene,False,0.9967401282596521,0.9934824999092132,Toluene,0.1319535301572924,False,True,True,4.669777381355303,1.6500749756742359
10,Ammonia,800.0,Ammonia,True,1.0,1.0,Acetone,0.022114078963134005,False,True,True,-30.013049391821138,12.395732320863841
10,Acetone,200.0,Ethylene,False,0.9990970132264594,0.9981951224261854,Ammonia,0.362187295129846,False,False,False,-0.7578555458781097,3.287871301877679
10,Ammonia,400.0,Ammonia,True,0.99999999999999,0.9999999999999836,Ammonia,0.07700221539269168,False,True,True,-9.125575275925241,9.379747757801038
10,Acetone,150.0,Ethylene,False,0.9999686266861028,0.9999465735869046,Ethylene,0.3261946141457174,False,False,False,1.8003812711013358,2.4806396125010246
10,Ammonia,1000.0,Ammonia,True,1.0,1.0,Acetone,0.021810645766861356,False,True,True,-42.82606342265348,13.172955864465745
10,Acetone,50.0,Acetone,True,0.8996167681382501,0.8010465977827588,Toluene,0.2928226631138737,False,False,False,7.93509174093471,0.6021261323041402
10,Ammonia,200.0,Ammonia,True,0.9999623772277534,0.9999247545984857,Ammonia,0.44563767728837816,False,False,False,0.963097939269866,5.998524917171656
10,Acetone,100.0,Ethylene,False,0.9944648738224399,0.9889323667300253,Toluene,0.07744239543793006,False,True,True,4.542621255951636,1.717758887557152
10,Ammonia,800.0,Ammonia,True,1.0,1.0,Acetone,0.02037487000487605,False,True,True,-31.894794643986614,13.177521380742904
10,Acetone,200.0,Ethylene,False,0.9998904932155264,0.9997817821639264,Ammonia,0.29092405036368074,False,False,False,-0.559151200797758,3.120090139024974
10,Ammonia,400.0,Ammonia,True,0.9999999999999865,0.9999999999999768,Ammonia,0.06695851408766333,False,True,True,-9.373516914075312,9.189915105064506
10,Acetone,10.0,Acetone,True,0.9863839198830495,0.9736264407705835,Toluene,0.06013122638053863,False,True,True,10.816684648072254,-0.4559682519854192
10,Ammonia,50.0,Toluene,False,0.9587786979489794,0.9176373205286302,Toluene,0.2517142585954694,False,False,False,8.99708359374385,1.7676567657651563
10,Acetone,250.0,Ethylene,False,0.99903242932559,0.9980651984568023,Ammonia,0.10712051520656475,False,True,True,-3.3791554575811835,3.4662072490219815
10,Ammonia,600.0,Ammonia,True,1.0,1.0,Acetone,0.0163771724322511,False,True,True,-18.426211150324406,10.374915800817181
10,Acetone,50.0,Acetone,True,0.8587323257612737,0.7177775433011153,Toluene,0.3228519831188899,False,False,False,7.747610420816667,0.6031700496534329
10,Ammonia,200.0,Ammonia,True,0.9978403519708574,0.995680704462626,Ammonia,0.3165305545885713,False,False,False,1.5012606963753279,5.442702300198878
10,Acetone,100.0,Ethylene,False,0.993563914407064,0.9871289838698304,Toluene,0.024681845212853423,False,True,True,4.43116653976728,1.602995108554437
10,Ammonia,800.0,Ammonia,True,1.0,1.0,Acetone,0.024815730662438633,False,True,True,-26.770213924870724,11.277152565592258
10,Acetone,200.0,Ethylene,False,0.9999586872670176,0.9999197449469881,Ammonia,0.27757085210081844,False,False,False,-0.80684852283326,2.954860688822352
10,Ammonia,400.0,Ammonia,True,0.9999999999964249,0.9999999999929143,Ammonia,0.09934448336293097,False,True,True,-7.6755318708846385,8.072993938445377
10,Acetone,10.0,Acetone,True,0.99400335217855,0.9883191275565111,Toluene,0.05808945147032035,False,True,True,10.670086752094933,-0.5170785915147662
10,Ammonia,50.0,Toluene,False,0.9669964664181535,0.934097874741642,Toluene,0.23117711595659626,False,False,False,9.16829886516925,1.566522171136607
10,Acetone,250.0,Ethylene,False,0.9994590738057375,0.9989186215619484,Ammonia,0.023446493925739987,False,True,True,-3.7583925121803308,3.366419105873977
10,Ammonia,600.0,Ammonia,True,1.0,0.9999999999999999,Acetone,0.022312732518467937,False,True,True,-17.823190843407687,9.550734120411263
10,Acetone,150.0,Ethylene,False,0.9999593422528075,0.9999230402790833,Ethylene,0.34632715405299963,False,False,False,1.6954947268387317,2.34685031201666
10,Ammonia,1000.0,Ammonia,True,1.0,1.0,Acetone,0.02491986996377363,False,True,True,-40.07712587306005,11.716868860013225
10,Acetone,10.0,Acetone,True,0.9867524536072073,0.9743027621873966,Toluene,0.05840775088849676,False,True,True,10.825888069466409,-0.4907753909308477
10,Ammonia,50.0,Toluene,False,0.9798201755931449,0.959699588033438,Toluene,0.2327098841317348,False,False,False,9.166160373069996,1.6070641665967265
10,Acetone,50.0,Acetone,True,0.9107149152402559,0.821759839970606,Toluene,0.3291209969895637,False,False,False,7.586498190847183,0.50763495321677
10,Ammonia,200.0,Ammonia,True,0.9993695714480685,0.9987391434940646,Ammonia,0.32113437737074296,False,False,False,1.4741086929225977,5.4338494803692825
10,Acetone,100.0,Ethylene,False,0.9928662572309719,0.9857338721734663,Toluene,0.020218035409792955,False,True,True,4.417921641424806,1.632714981759228
10,Ammonia,800.0,Ammonia,True,1.0,1.0,Acetone,0.026846863384817406,False,True,True,-29.766417511628756,11.100367080645151
10,Acetone,200.0,Ethylene,False,0.9999273680827369,0.999856342806663,Ammonia,0.3008066905369368,False,False,False,-0.8110149906706938,3.041032879141053
10,Ammonia,400.0,Ammonia,True,0.9999999999997269,0.9999999999994716,Ammonia,0.06792878910941773,False,True,True,-8.823671715713326,8.48007976584072
10,Acetone,250.0,Ethylene,False,0.9994361895585643,0.9988725592379094,Ammonia,0.07226223143145634,False,True,True,-3.6274881158269494,3.4920475372049924
10,Ammonia,600.0,Ammonia,True,1.0,1.0,Acetone,0.023569538286700633,False,True,True,-19.776142786032846,10.005419410542602
10,Acetone,150.0,Ethylene,False,0.9999745554518041,0.9999514776393252,Ethylene,0.33933898574491195,False,False,False,1.6989801190167964,2.3737808304069157
10,Ammonia,1000.0,Ammonia,True,1.0,1.0,Acetone,0.025329594677559703,False,True,True,-42.02493390439738,11.329302961783952
10,Acetone,200.0,Ethylene,False,0.999955212243583,0.9999114245127101,Ammonia,0.2903334095806852,False,False,False,-0.7158223652610436,3.0434092804464203
10,Ammonia,400.0,Ammonia,True,0.9999999999983822,0.9999999999967895,Ammonia,0.06832024290784805,False,True,True,-8.779154341916549,8.43781279526442
10,Acetone,10.0,Acetone,True,0.9897517295044347,0.9804218950791384,Toluene,0.05798015395383001,False,True,True,10.804183562281017,-0.5026096636304852
10,Ammonia,50.0,Toluene,False,0.9555398217975605,0.9112068493346418,Toluene,0.2287308499102794,False,False,False,9.22455551646599,1.6302138609039536
10,Acetone,250.0,Ethylene,False,0.9996804916335413,0.9993613958211416,Ammonia,0.01593516665476444,False,True,True,-3.58056487602733,3.2209954806512218
10,Ammonia,600.0,Ammonia,True,1.0,1.0,Acetone,0.02213749685066721,False,True,True,-19.5340974741753,10.104134823781992
10,Acetone,150.0,Ethylene,False,0.9999585272514927,0.9999197908400383,Ethylene,0.37667987533315683,False,False,False,1.6705317737254493,2.223462053783822
10,Ammonia,1000.0,Ammonia,True,1.0,1.0,Acetone,0.028079260179845005,False,True,True,-41.646426874474734,9.95256685439043
10,Acetone,50.0,Acetone,True,0.9204196206017329,0.8412610654752704,Toluene,0.2967304383176502,False,False,False,7.773834448808712,0.4990841351021237
10,Ammonia,200.0,Ammonia,True,0.9999912293050568,0.9999824586561498,Ammonia,0.4102134256699433,False,False,False,1.1225338790964592,5.785209857964217
10,Acetone,100.0,Ethylene,False,0.9978849134553264,0.9957705604170887,Toluene,0.01755944743950221,False,True,True,4.414431835411567,1.6094229107808253
10,Ammonia,800.0,Ammonia,True,1.0,1.0,Acetone,0.024656011429217937,False,True,True,-31.088579059256652,11.793904107895623
10,Acetone,50.0,Acetone,True,0.653457331492804,0.3076165750222533,Toluene,0.395254197779025,True,False,True,7.5429009643757965,0.7575219756567972
10,Ammonia,200.0,Ammonia,True,0.9999999963145345,0.9999999926462585,Ammonia,0.5392075245258185,False,False,False,0.22405660927983698,6.749985150277902
10,Acetone,100.0,Ethylene,False,0.9986852443673285,0.9973768154563502,Ethylene,0.12131129471317909,False,True,True,3.989980743198723,2.0159750092252375
10,Ammonia,800.0,Ammonia,True,1.0,1.0,Acetone,0.017110508908103103,False,True,True,-33.45873055044558,14.539707103155331
10,Acetone,200.0,Ethylene,False,0.984850110387558,0.9697010676831832,Ammonia,0.509852889741965,False,False,False,-1.525300732876061,3.7900866181592527
10,Ammonia,400.0,Ammonia,True,0.9999999999999989,0.9999999999999979,Ammonia,0.05621313941159909,False,True,True,-10.870531363268855,10.644237156850332
10,Acetone,10.0,Acetone,True,0.9348797238165607,0.8701995922900446,Toluene,0.0646109023091035,False,True,True,10.427059674767197,-0.42652042197022194
10,Ammonia,50.0,Toluene,False,0.8121107528413019,0.6366860106125009,Toluene,0.2682256824200537,False,False,False,8.848381221534497,1.9267947513007393
10,Acetone,250.0,Ethylene,False,0.7368528049907445,0.473706014382611,Ammonia,0.08047220910488162,False,True,True,-4.599308564753,4.269585320997371
10,Ammonia,600.0,Ammonia,True,1.0,1.0,Acetone,0.0045363656280198745,False,True,True,-22.440089681553673,13.914824416986926
10,Acetone,150.0,Ethylene,False,0.9999433058914756,0.9999064662568675,Ethylene,0.1430137552560894,False,True,True,1.2272756546452503,2.764951668892138
10,Ammonia,1000.0,Ammonia,True,1.0,1.0,Acetone,0.01843407346507143,False,True,True,-45.92528220758903,15.174287589939999
10,Acetone,150.0,Ethylene,False,0.9999542034586429,0.9999253938701012,Ethylene,0.24499989392121102,False,False,False,1.6582742113104507,2.686301412468985
10,Ammonia,1000.0,Ammonia,True,1.0,1.0,Acetone,0.019474163587926502,False,True,True,-45.82831287824081,14.498663561208684
10,Acetone,50.0,Acetone,True,0.906422461648915,0.8135359650703504,Toluene,0.3306192429020921,False,False,False,7.721871568036356,0.6192205580290211
10,Ammonia,200.0,Ammonia,True,0.9999999740878529,0.9999999482101142,Ammonia,0.45932517939340545,False,False,False,0.8734244808586384,6.320535571592455
10,Acetone,100.0,Ethylene,False,0.9980186648381094,0.9960413239802244,Ethylene,0.04812869921427535,False,True,True,4.226231043324602,1.8373588666125962
10,Ammonia,800.0,Ammonia,True,1.0,1.0,Acetone,0.017022540752324962,False,True,True,-33.20483008958326,14.521831163734563
10,Acetone,200.0,Ethylene,False,0.9988800266035844,0.9977612740148418,Ammonia,0.4697106977561244,False,False,False,-1.1963030155399352,3.547277707059886
10,Ammonia,400.0,Ammonia,True,1.0,1.0,Ammonia,0.06384384169202284,False,True,True,-10.558493710044345,10.789201388547406
10,Acetone,10.0,Acetone,True,0.9826160412254393,0.9656154880953811,Toluene,0.06022017845078105,False,True,True,10.66607090329636,-0.4755885153709891
10,Ammonia,50.0,Ethylene,False,0.610533874723995,0.30884019287569414,Toluene,0.20658519309057286,True,False,True,9.58153089651568,1.7571479876735945
10,Acetone,250.0,Ethylene,False,0.9638447931577445,0.9276896863913846,Ammonia,0.10613420520054027,False,True,True,-4.3210742853866835,4.201309994062636
10,Ammonia,600.0,Ammonia,True,1.0,1.0,Acetone,0.008910852283695649,False,True,True,-21.79806783835941,12.811266771699891
10,Acetone,250.0,Ethylene,False,0.9970042943863906,0.9940086634293925,Ammonia,0.14861216600565813,False,True,True,-3.979621133509861,4.154355675396066
10,Ammonia,600.0,Ammonia,True,1.0,1.0,Acetone,0.009845719138754608,False,True,True,-22.09429070038018,12.785232036714788
10,Acetone,150.0,Ethylene,False,0.9999777809083547,0.9999627254628168,Ethylene,0.18819363908428421,False,False,False,1.4118812689009368,2.7304860507039734
10,Ammonia,1000.0,Ammonia,True,1.0,1.0,Acetone,0.017619247623409103,False,True,True,-46.82437728863047,15.737418912252359
10,Acetone,10.0,Acetone,True,0.9826950657054945,0.9659284350614538,Toluene,0.06076548470561023,False,True,True,10.802393500390792,-0.44489682950502824
10,Ammonia,50.0,Ethylene,False,0.5323598516144636,0.2132582742120907,Toluene,0.19129889153934077,True,False,True,9.747963492069033,1.5924131640878596
10,Acetone,50.0,Acetone,True,0.902450780625297,0.8052729328976239,Toluene,0.3923725151556372,False,False,False,7.362053563994102,0.5758925616633477
10,Ammonia,200.0,Ammonia,True,0.9999999973993048,0.9999999948108432,Ammonia,0.46078826367364806,False,False,False,0.830539503411143,6.523282356374079
10,Acetone,100.0,Ethylene,False,0.993863292241948,0.9877275330936807,Ethylene,0.08783601017387183,False,True,True,4.129964969976875,1.8175547638972165
10,Ammonia,800.0,Ammonia,True,1.0,1.0,Acetone,0.016622178373478125,False,True,True,-33.52479118975109,14.728767917585095
10,Acetone,200.0,Ethylene,False,0.9995820466308761,0.9991651287017563,Ammonia,0.469352779471876,False,False,False,-1.3205600262775468,3.580037529284432
10,Ammonia,400.0,Ammonia,True,1.0,1.0,Ammonia,0.059314645567699074,False,True,True,-10.537495201266863,10.394624705809035
10,Acetone,10.0,Acetone,True,0.9901920291190268,0.9807670892427721,Toluene,0.058946758214322326,False,True,True,10.644508023453191,-0.5033337139834295
10,Ammonia,50.0,Ammonia,True,0.6875650272771644,0.4003614991664331,Toluene,0.19011675327521627,True,False,True,9.765316470134156,1.5878500700478546
10,Acetone,250.0,Ethylene,False,0.9854496555574264,0.9708996337244958,Ammonia,0.07593351292553571,False,True,True,-4.343298363192114,4.03821499447492
10,Ammonia,600.0,Ammonia,True,1.0,1.0,Acetone,0.01058188378562844,False,True,True,-22.152162656371114,12.68427156561895
10,Acetone,150.0,Ethylene,False,0.9999677644576022,0.99995078052065,Ethylene,0.13548014389454907,False,True,True,1.2644552574578563,2.8199099112168593
10,Ammonia,1000.0,Ammonia,True,1.0,1.0,Acetone,0.01985728790571881,False,True,True,-46.25304225091133,14.240320056753971
10,Acetone,50.0,Acetone,True,0.9187470520325599,0.8380793156541158,Toluene,0.3445896272435915,False,False,False,7.602450487152656,0.5830016908402984
10,Ammonia,200.0,Ammonia,True,0.9999999996030262,0.9999999992117957,Ammonia,0.4985839124846504,False,False,False,0.5288627968565398,6.710432693397637
10,Acetone,100.0,Ethylene,False,0.9979473873288749,0.9958963903125181,Ethylene,0.08229660108900338,False,True,True,4.1449647983136115,1.8129352819569298
10,Ammonia,800.0,Ammonia,True,1.0,1.0,Acetone,0.01811883869271475,False,True,True,-34.2666534279705,14.313800316763672
10,Acetone,200.0,Ethylene,False,0.9993568413828643,0.998714776437305,Ammonia,0.4432273788296012,False,False,False,-1.2291107262539422,3.4633202300093067
10,Ammonia,400.0,Ammonia,True,0.9999999999999998,0.9999999999999997,Ammonia,0.05558888018021223,False,True,True,-10.73132808734316,10.395925970290794
10,Acetone,50.0,Acetone,True,0.8200384632524933,0.6404029746143339,Toluene,0.4073711065562093,False,False,False,7.4211410468472145,0.6823593466839146
10,Ammonia,200.0,Ammonia,True,0.9999999974600822,0.9999999949334429,Ammonia,0.490674815480672,False,False,False,0.6062212782987426,6.646613248210411
10,Acetone,100.0,Ethylene,False,0.9977466030699004,0.9954958222128987,Ethylene,0.13710659293599242,False,True,True,4.0007025286414555,1.828324076537422
10,Ammonia,800.0,Ammonia,True,1.0,1.0,Acetone,0.016906958980681643,False,True,True,-34.568279159230705,14.822986826009856
10,Acetone,200.0,Ethylene,False,0.9994537563248955,0.9989081120150025,Ammonia,0.4441183090224257,False,False,False,-1.3312065358457184,3.496006427122875
10,Ammonia,400.0,Ammonia,True,1.0,1.0,Ammonia,0.055551825620970094,False,True,True,-10.521699523678302,10.100706902515164
10,Acetone,10.0,Acetone,True,0.9793686977076609,0.9595953723700178,Toluene,0.058223151543751704,False,True,True,10.707136102478817,-0.5099543114034384
10,Ammonia,50.0,Ammonia,True,0.8340922475911589,0.6805014910085894,Toluene,0.1772565717182074,False,False,False,9.97842591947735,1.5606731957542743
10,Acetone,250.0,Ethylene,False,0.988734742685114,0.9774696573090348,Ammonia,0.07606361538109867,False,True,True,-4.225979051295582,3.9487297116041478
10,Ammonia,600.0,Ammonia,True,1.0,1.0,Acetone,0.012086454226186394,False,True,True,-22.22747848403078,12.459929475234818
10,Acetone,150.0,Ethylene,False,0.9999791484725553,0.9999676426620137,Ethylene,0.17858290254415493,False,False,False,1.3296450961180017,2.7079140665836166
10,Ammonia,1000.0,Ammonia,True,1.0,1.0,Acetone,0.019325609499257934,False,True,True,-46.0121789237086,14.592712096814559
10,Acetone,10.0,Acetone,True,0.988762557352439,0.9780836807326689,Toluene,0.05972055350106834,False,True,True,10.781206088269014,-0.4696876320203255
10,Ammonia,50.0,Ammonia,True,0.7305095383353637,0.4843645956673565,Toluene,0.173708335414725,False,False,False,10.033751118605224,1.5402886949898984
10,Acetone,250.0,Ethylene,False,0.9890003603068404,0.9780011611535834,Ammonia,0.1093505128737846,False,True,True,-3.930588539678021,3.8962371458886786
10,Ammonia,600.0,Ammonia,True,1.0,1.0,Acetone,0.010588030780262214,False,True,True,-21.93785876546149,12.59122255094182
10,Acetone,150.0,Ethylene,False,0.9999777712762028,0.9999650932254173,Ethylene,0.1942500841524093,False,False,False,1.3579892476797586,2.6705699896958284
10,Ammonia,1000.0,Ammonia,True,1.0,1.0,Acetone,0.0193022944420452,False,True,True,-45.64649068843539,14.611051845563166
10,Acetone,50.0,Acetone,True,0.9203162164573556,0.8410763660943545,Toluene,0.3194242171836484,False,False,False,7.701030769825417,0.5497153714178137
10,Ammonia,200.0,Ammonia,True,0.999999988162065,0.9999999763448518,Ammonia,0.44884038659178804,False,False,False,0.9387568566829627,6.262170871563588
10,Acetone,100.0,Ethylene,False,0.9974558511371203,0.9949123760318584,Ethylene,0.038906027569642704,False,True,True,4.251338419571924,1.825680411484278
10,Ammonia,800.0,Ammonia,True,1.0,1.0,Acetone,0.017677581503040767,False,True,True,-34.06366797182945,14.443408349180691
10,Acetone,200.0,Ethylene,False,0.9990574290095526,0.9981156295474944,Ammonia,0.4339025062510665,False,False,False,-1.1314183669430897,3.4282418579613543
10,Ammonia,400.0,Ammonia,True,1.0,0.9999999999999999,Ammonia,0.057699574043558834,False,True,True,-10.590145070143855,10.351026314554748
10,Acetone,150.0,Ethylene,False,0.9999656226132424,0.9999352013483466,Ethylene,0.1356844574087431,False,True,True,1.2389691167697217,2.80059837603522
10,Ammonia,1000.0,Ammonia,True,1.0,1.0,Acetone,0.01603438284565033,False,True,True,-47.407713424842335,16.869619953817356
10,Acetone,50.0,Acetone,True,0.9469639477278703,0.8943028047680455,Toluene,0.30821203142876935,False,False,False,7.789514293563456,0.5652959081663421
10,Ammonia,200.0,Ammonia,True,0.9999999890623376,0.9999999781382689,Ammonia,0.42184055511375396,False,False,False,1.091061157562907,6.291505802182755
10,Acetone,100.0,Ethylene,False,0.999351932286163,0.9987073536930523,Ethylene,0.10623892774027874,False,True,True,4.024432651566385,2.046602148310964
10,Ammonia,800.0,Ammonia,True,1.0,1.0,Acetone,0.010761665682469411,False,True,True,-36.60940022996489,17.916734093368518
10,Acetone,200.0,Ethylene,False,0.9943499481411403,0.9887009488283299,Ammonia,0.555642327494919,False,False,False,-1.450255107136886,3.9171676391030243
10,Ammonia,400.0,Ammonia,True,1.0,1.0,Ammonia,0.05667880192260994,False,True,True,-11.250590567458671,11.257417074715729
10,Acetone,10.0,Acetone,True,0.9302613240867998,0.8609762199304132,Toluene,0.06548061179097726,False,True,True,10.601968392014472,-0.38299110830697036
10,Ammonia,50.0,Ammonia,True,0.996190113326037,0.9930826200746842,Toluene,0.18153740886697758,False,False,False,9.93636109711136,1.6260441669568193
10,Acetone,250.0,Ethylene,False,0.9909730671105008,0.9819465335712411,Ammonia,0.0895525682094636,False,True,True,-4.326067552813447,4.1047688465952685
10,Ammonia,600.0,Ammonia,True,1.0,1.0,Acetone,0.011899808081136111,False,True,True,-21.988442165233,12.393984551818486
10,Acetone,50.0,Acetone,True,0.8298234936118707,0.6599550460527199,Toluene,0.3574193950467321,False,False,False,7.615530525040039,0.6513173285137276
10,Ammonia,200.0,Ammonia,True,0.999999999783729,0.9999999995773879,Ammonia,0.5086977053196223,False,False,False,0.3455690544545766,6.927199051434984
10,Acetone,100.0,Ethylene,False,0.9986951047096871,0.997411605255565,Ethylene,0.1885801242261048,False,False,False,3.7140594982145982,2.203087916714474
10,Ammonia,800.0,Ammonia,True,1.0,1.0,Acetone,0.021802902389921212,False,True,True,-33.444666880879424,12.89561679017976
10,Acetone,200.0,Ethylene,False,0.9978797318246974,0.995760731448145,Ammonia,0.523398790777094,False,False,False,-1.3719418434149613,3.7807694679899173
10,Ammonia,400.0,Ammonia,True,1.0,1.0,Ammonia,0.05136815552698082,False,True,True,-11.806902911756428,11.592687350107289
10,Acetone,10.0,Acetone,True,0.9467655342472959,0.8939879673145589,Toluene,0.061073269790292914,False,True,True,10.608695746449783,-0.4667374559361078
10,Ammonia,50.0,Ammonia,True,0.9685445976443757,0.9400121900582495,Toluene,0.15865508084368735,False,False,False,10.302543595691937,1.4741834600218242
10,Acetone,250.0,Ethylene,False,0.935426959447185,0.8708541201326039,Ammonia,0.08598139057443921,False,True,True,-4.619262727978806,4.322794367376522
10,Ammonia,600.0,Ammonia,True,1.0,1.0,Acetone,0.008781015267112178,False,True,True,-23.19145298641229,13.467613663053154
10,Acetone,150.0,Ethylene,False,0.9999861008015416,0.9999787932087721,Ethylene,0.14750320816309034,False,True,True,1.3707647715090663,2.851528726748904
10,Ammonia,1000.0,Ammonia,True,1.0,1.0,Acetone,0.009929472827524342,False,True,True,-53.588539603697164,22.8050807415846
10,Acetone,10.0,Acetone,True,0.9031082662776907,0.8065033794014113,Toluene,0.06495571884312068,False,True,True,10.468423585842013,-0.41422359542080583
10,Ammonia,50.0,Ammonia,True,0.9981431340457135,0.9968885044018195,Toluene,0.18160650997410405,False,False,False,9.943718976772937,1.641924321101272
10,Acetone,50.0,Acetone,True,0.8795910740923533,0.7614334811655944,Toluene,0.5426413522597954,False,False,False,7.051826146981678,0.775954816434739
10,Ammonia,200.0,Ammonia,True,0.9999999999879132,0.999999999981582,Ammonia,0.5037045778426614,False,False,False,-0.2916634081123747,7.649905674518147
10,Acetone,100.0,Ethylene,False,0.995170686035416,0.990352201998125,Ethylene,0.21871249495732248,False,False,False,3.622912549238648,2.1778762060602994
10,Ammonia,800.0,Ammonia,True,1.0,1.0,Acetone,0.009194898268642933,False,True,True,-38.36536461292083,19.25423501670654
10,Acetone,200.0,Ethylene,False,0.9609173034598214,0.9218376999694735,Ammonia,0.5407541749791857,False,False,False,-2.021449351047782,4.18891554106297
10,Ammonia,400.0,Ammonia,True,1.0,1.0,Ammonia,0.05043628047938559,False,True,True,-12.706892201621704,12.889885822345084
10,Acetone,250.0,Ammonia,False,0.5032262226356378,0.006452660117999942,Ammonia,0.11324085919792995,True,True,True,-5.112001205239344,4.996374474486135
10,Ammonia,600.0,Ammonia,True,1.0,1.0,Acetone,0.017426442902617745,False,True,True,-22.114249406756322,11.548535487523221
10,Acetone,150.0,Ethylene,False,0.9999861916062405,0.9999773612251702,Ethylene,0.22191351468768916,False,False,False,1.5252057747415588,2.6843067956589834
10,Ammonia,1000.0,Ammonia,True,1.0,1.0,Acetone,0.019685430224565707,False,True,True,-46.22507410044019,14.353752955695478
10,Acetone,200.0,Ethylene,False,0.9999273303327585,0.9998565303577025,Ammonia,0.406673412961529,False,False,False,-0.9933016243167453,3.3653570397639925
10,Ammonia,400.0,Ammonia,True,0.9999999999999998,0.9999999999999996,Ammonia,0.05160001215596205,False,True,True,-10.97380829405554,10.43266305758905
10,Acetone,10.0,Acetone,True,0.9890948102962891,0.9787208634023227,Toluene,0.05881934797574164,False,True,True,10.756380343129354,-0.4916038178306452
10,Ammonia,50.0,Ammonia,True,0.9800291943554927,0.9626725691628621,Toluene,0.15407402468099943,False,False,False,10.380525299448895,1.4377114683959442
10,Acetone,250.0,Ethylene,False,0.998715928570369,0.9974321374912009,Ammonia,0.03491469798278995,False,True,True,-4.173447232225143,3.6938635060996874
10,Ammonia,600.0,Ammonia,True,1.0,1.0,Acetone,0.010029190842756532,False,True,True,-23.025459637382248,13.15786650296913
10,Acetone,150.0,Ethylene,False,0.9999894377852122,0.9999809575985092,Ethylene,0.21592751339302962,False,False,False,1.5060718640649404,2.693346548791926
10,Ammonia,1000.0,Ammonia,True,1.0,1.0,Acetone,0.022158774379796554,False,True,True,-45.477204711688515,12.809967251261234
10,Acetone,50.0,Acetone,True,0.9078182811264764,0.8160122317343673,Toluene,0.30820334507494224,False,False,False,7.802090015745534,0.5752288968589556
10,Ammonia,200.0,Ammonia,True,0.9999999968775348,0.9999999937949288,Ammonia,0.44798647192664337,False,False,False,0.9127222768716511,6.506983197588506
10,Acetone,100.0,Ethylene,False,0.9955124317697606,0.9910261553412145,Ethylene,0.02484040225457464,False,True,True,4.280011560336889,1.867575872333725
10,Ammonia,800.0,Ammonia,True,1.0,1.0,Acetone,0.020466754792053704,False,True,True,-34.10901407164913,13.433993030192507
10,Acetone,50.0,Acetone,True,0.8950366648290728,0.7904458415988544,Toluene,0.3352972699677476,False,False,False,7.732950409724516,0.6525336823038187
10,Ammonia,200.0,Ammonia,True,0.999999985460015,0.9999999709615662,Ammonia,0.4497863144986003,False,False,False,0.928595228638291,6.314639114025363
10,Acetone,100.0,Ethylene,False,0.9918584360464849,0.9837176942738538,Ethylene,0.015675017488447823,False,True,True,4.312851086705874,1.7989463534462686
10,Ammonia,800.0,Ammonia,True,1.0,1.0,Acetone,0.022592551102340673,False,True,True,-33.60913822967389,12.639480944247508
10,Acetone,200.0,Ethylene,False,0.9999789131952339,0.9999585671681526,Ammonia,0.3866616072230391,False,False,False,-1.0480724473571001,3.2762776591302045
10,Ammonia,400.0,Ammonia,True,0.9999999999999958,0.9999999999999921,Ammonia,0.049961482016714256,False,True,True,-10.38189646727839,9.56143801364261
10,Acetone,10.0,Acetone,True,0.9883516310467765,0.9777070148091463,Toluene,0.05958190636612192,False,True,True,10.789053257079951,-0.47143447237003006
10,Ammonia,50.0,Ammonia,True,0.9764229657682777,0.9556318200012995,Toluene,0.15276641759984122,False,False,False,10.43375937709232,1.4683371408207713
10,Acetone,250.0,Ethylene,False,0.9998212718062924,0.9996427403849227,Ammonia,0.027904389202749746,False,True,True,-4.008289361122759,3.5494986831452944
10,Ammonia,600.0,Ammonia,True,1.0,1.0,Acetone,0.017669388384299975,False,True,True,-22.283378788619924,11.564488659521041
10,Acetone,150.0,Ethylene,False,0.999975655815841,0.9999538757982853,Ethylene,0.2510000632202339,False,False,False,1.5025160416355536,2.5636313446104886
10,Ammonia,1000.0,Ammonia,True,1.0,1.0,Acetone,0.021535006249807535,False,True,True,-45.910602455872414,13.171189179838413
10,Acetone,150.0,Ethylene,False,0.9999378051989803,0.9998775435178403,Ethylene,0.32094674689638447,False,False,False,1.8145073047459235,2.5073203689300847
10,Ammonia,1000.0,Ammonia,True,1.0,1.0,Acetone,0.021955257190912136,False,True,True,-45.8953768024003,12.9038274776351
10,Acetone,50.0,Acetone,True,0.9362341495489337,0.8736340642761469,Toluene,0.3143542385800183,False,False,False,7.792736782958893,0.5986026008894371
10,Ammonia,200.0,Ammonia,True,0.9999999269623336,0.9999998540878816,Ammonia,0.4260255457748996,False,False,False,1.068916686960945,6.097560433220861
10,Acetone,100.0,Ethylene,False,0.9890157334662282,0.9780325856932931,Toluene,0.014317808515606163,False,True,True,4.40227740801166,1.6524535262087388
10,Ammonia,800.0,Ammonia,True,1.0,1.0,Acetone,0.02114400085295888,False,True,True,-33.99056779436616,13.179217617245163
10,Acetone,200.0,Ethylene,False,0.9999684696610598,0.999937682294974,Ammonia,0.3968517726466787,False,False,False,-1.0373724183396054,3.3168391335991783
10,Ammonia,400.0,Ammonia,True,0.9999999999999973,0.9999999999999948,Ammonia,0.04609351000485874,False,True,True,-10.836161935135268,9.874834590057008
10,Acetone,10.0,Acetone,True,0.9921665379309254,0.9848114807140828,Toluene,0.05817576231379726,False,True,True,10.762864378105373,-0.5039177869285917
10,Ammonia,50.0,Ammonia,True,0.9743495126705767,0.9560152201094761,Toluene,0.155109792541977,False,False,False,10.377371561271318,1.4662811636839987
10,Acetone,250.0,Ethylene,False,0.9994836987971064,0.9989679561508055,Ammonia,0.03333568420006493,False,True,True,-4.033794452229019,3.5922328482065593
10,Ammonia,600.0,Ammonia,True,1.0,1.0,Acetone,0.018591883365200755,False,True,True,-22.014265147542147,11.33530203796093
10,Acetone,250.0,Ethylene,False,0.9997580329419142,0.9995162665198224,Ammonia,0.09444136347005551,False,True,True,-3.7505677751193747,3.6826434327387507
10,Ammonia,600.0,Ammonia,True,1.0,1.0,Acetone,0.021257787036750665,False,True,True,-22.008808351418274,10.928119913750686
10,Acetone,150.0,Ethylene,False,0.9998678910675258,0.9997368951744343,Ethylene,0.3050336430069111,False,False,False,1.6727537766380896,2.479590661313238
10,Ammonia,1000.0,Ammonia,True,1.0,1.0,Acetone,0.023359497927929455,False,True,True,-45.26869233710777,12.084052735800183
10,Acetone,10.0,Acetone,True,0.9861964127528525,0.9732174860274604,Toluene,0.0584100370190516,False,True,True,10.871658422305456,-0.4843814654027473
10,Ammonia,50.0,Ammonia,True,0.9648839253648762,0.931967659371296,Toluene,0.14895792347878892,False,True,True,10.50100877943656,1.4349964065766339
10,Acetone,50.0,Acetone,True,0.9129078658408729,0.8260295930895041,Toluene,0.33600602220759374,False,False,False,7.54322357125878,0.5046195423815504
10,Ammonia,200.0,Ammonia,True,0.9999999911630323,0.999999982338233,Ammonia,0.4658762980236629,False,False,False,0.8203472081228269,6.418864784539314
10,Acetone,100.0,Ethylene,False,0.9972328273614581,0.9944659426749828,Ethylene,0.0111179435278588,False,True,True,4.321297805636092,1.8188603094588223
10,Ammonia,800.0,Ammonia,True,1.0,1.0,Acetone,0.020679904779313172,False,True,True,-33.48225216451529,13.286023276270402
10,Acetone,200.0,Ethylene,False,0.9999832075736489,0.9999669933887859,Ammonia,0.40401962952925485,False,False,False,-1.0394817092076432,3.3424519843810323
10,Ammonia,400.0,Ammonia,True,0.9999999999999998,0.9999999999999996,Ammonia,0.05439847158913502,False,True,True,-10.632471549458032,10.172206907338005
10,Acetone,10.0,Acetone,True,0.9888765243996903,0.9793340638762592,Toluene,0.058914125570285615,False,True,True,11.006515997838974,-0.45310203453694864
10,Ammonia,50.0,Ammonia,True,0.9652251064023597,0.9322807006163328,Toluene,0.1459494950491412,False,True,True,10.591682817982925,1.4547714881931653
10,Acetone,250.0,Ethylene,False,0.9998467341038132,0.9996942746654796,Ammonia,0.09801304530082224,False,True,True,-3.444665803308775,3.4743867190242637
10,Ammonia,600.0,Ammonia,True,1.0,1.0,Acetone,0.01540923863745301,False,True,True,-21.419131618792576,11.62029081799529
10,Acetone,150.0,Ethylene,False,0.9999762824031508,0.9999548824462878,Ethylene,0.29950192319125996,False,False,False,1.718735077147323,2.527470929920704
10,Ammonia,1000.0,Ammonia,True,1.0,1.0,Acetone,0.02102278689562931,False,True,True,-44.86467967933549,13.552027551317567
10,Acetone,50.0,Acetone,True,0.9435172703075775,0.8873168341362881,Toluene,0.2857481508413824,False,False,False,7.833609557991598,0.48847113986386376
10,Ammonia,200.0,Ammonia,True,0.9999999962374426,0.9999999924796256,Ammonia,0.4245847293954921,False,False,False,1.0569222676792096,6.515374589460249
10,Acetone,100.0,Ethylene,False,0.9990416255981793,0.9980835479055381,Ethylene,0.009576300280500176,False,True,True,4.337289529665514,1.7278754776735918
10,Ammonia,800.0,Ammonia,True,1.0,1.0,Acetone,0.020503329899706175,False,True,True,-33.24334378887008,13.317741063838332
10,Acetone,200.0,Ethylene,False,0.9999333906429941,0.9998677538719234,Ammonia,0.37945119806121014,False,False,False,-0.8490120779522248,3.3148494166997784
10,Ammonia,400.0,Ammonia,True,0.9999999999999998,0.9999999999999994,Ammonia,0.05696171145318174,False,True,True,-10.392557744279301,10.018606978621987
10,Acetone,50.0,Acetone,True,0.8734956552794786,0.7471644067790602,Toluene,0.34399931785669796,False,False,False,7.636998205124568,0.6090391666196489
10,Ammonia,200.0,Ammonia,True,0.9999999985476253,0.9999999970973248,Ammonia,0.4704397821685187,False,False,False,0.7355189270120908,6.655647580818852
10,Acetone,100.0,Ethylene,False,0.9957917046347019,0.9915837316702072,Ethylene,0.047863416364393674,False,True,True,4.256460036985383,1.6655501481370663
10,Ammonia,800.0,Ammonia,True,1.0,1.0,Acetone,0.021174978819596506,False,True,True,-33.782311405560684,13.146857593510182
10,Acetone,200.0,Ethylene,False,0.9999656882440592,0.9999322127300065,Ammonia,0.37210202835946254,False,False,False,-1.0152534598745415,3.232205025345187
10,Ammonia,400.0,Ammonia,True,1.0,0.9999999999999999,Ammonia,0.048756157490035285,False,True,True,-10.599406569707872,9.755563633908023
10,Acetone,10.0,Acetone,True,0.9874832841133532,0.9761540666071351,Toluene,0.057957799171250136,False,True,True,10.803317663272066,-0.5031877921266927
10,Ammonia,50.0,Ammonia,True,0.9811952386505629,0.963065891419032,Toluene,0.1539857856016992,False,False,False,10.415749312356713,1.483227411934765
10,Acetone,250.0,Ethylene,False,0.9997034627855738,0.9994072496599352,Ammonia,0.021238676798184863,False,True,True,-3.969245473631937,3.492905294499883
10,Ammonia,600.0,Ammonia,True,1.0,1.0,Acetone,0.017450077146303852,False,True,True,-21.6612308687764,11.396503309282789
10,Acetone,150.0,Ethylene,False,0.9999839814742887,0.9999700148650416,Ethylene,0.30832816149986314,False,False,False,1.5607341607081897,2.3958568338810884
10,Ammonia,1000.0,Ammonia,True,1.0,1.0,Acetone,0.021415699410100162,False,True,True,-45.085724871924576,13.29927822246567
10,Ethylene,10.0,Ethylene,True,0.5549202460719023,0.2545848494783075,Toluene,0.05773949530190977,True,True,True,12.44219385412212,-0.1605111757839202
10,Ammonia,50.0,Ammonia,True,0.9519060684766257,0.9145073102957172,Toluene,0.14899219012724035,False,True,True,10.424461807949672,1.338752376353716
10,Ethylene,250.0,Ethylene,True,0.9998510150988709,0.9997045533695006,Ethylene,0.3910052925109082,False,False,False,3.65341030118919,1.0710191122104036
10,Ammonia,600.0,Ammonia,True,1.0,1.0,Acetone,0.021672329781825178,False,True,True,-20.366149294179454,10.407193879612741
10,Ethylene,150.0,Ethylene,True,0.9998873857947604,0.9998272521250199,Toluene,0.6048655882635934,False,False,False,6.909106464820442,0.7997155313403179
10,Ammonia,1000.0,Ammonia,True,1.0,1.0,Acetone,0.023663631807789135,False,True,True,-43.76922179291007,12.061520901379067
10,Ethylene,50.0,Ethylene,True,0.8183823811216923,0.6786377906917898,Toluene,0.09208339281410302,False,True,True,10.675433481065616,0.16931315743388498
10,Ammonia,200.0,Ammonia,True,0.9999999001270548,0.9999998003416803,Ammonia,0.42037856475443497,False,False,False,1.0744610742813117,5.802407872790231
10,Ethylene,100.0,Ethylene,True,0.9960105733962876,0.9933939823056179,Toluene,0.21179195007229573,False,False,False,8.4756849231965,0.4766771841323359
10,Ammonia,800.0,Ammonia,True,1.0,1.0,Acetone,0.02523432753672472,False,True,True,-32.386510722812694,11.699117209976936
10,Ethylene,200.0,Ethylene,True,0.9998941937552317,0.9998146083849516,Toluene,0.2984290967200206,False,False,False,5.28567437656368,0.8648526308874684
10,Ammonia,400.0,Ammonia,True,0.9999999999999956,0.9999999999999926,Ammonia,0.04393217759578953,False,True,True,-10.302820340018119,9.132490186945034
10,Ethylene,150.0,Ethylene,True,0.9998068859964557,0.9997147728559012,Toluene,0.6552001385168849,False,False,False,6.7575350311175315,0.7726611991821302
10,Ammonia,1000.0,Ammonia,True,1.0,1.0,Acetone,0.024003868542141413,False,True,True,-44.763970519307456,11.750823717997434
10,Ethylene,50.0,Ethylene,True,0.9061805393674699,0.8524219260346317,Toluene,0.09030079710731648,False,True,True,10.630712074158557,0.11432003733107915
10,Ammonia,200.0,Ammonia,True,0.9999999898154391,0.9999999797945914,Ammonia,0.45749365207722054,False,False,False,0.902315794502729,6.044260237783025
10,Ethylene,100.0,Ethylene,True,0.9941513632759357,0.9893521673479244,Toluene,0.22213170920951486,False,False,False,8.424151266538425,0.519356097013217
10,Ammonia,800.0,Ammonia,True,1.0,1.0,Acetone,0.025064351728817883,False,True,True,-32.15434145128846,11.740623481021997
10,Ethylene,200.0,Ethylene,True,0.9999140796022903,0.9998600018471241,Toluene,0.2584706936903269,False,False,False,5.147824325109318,0.8921214700881536
10,Ammonia,400.0,Ammonia,True,0.9999999999999969,0.9999999999999938,Ammonia,0.04700259396571392,False,True,True,-10.995741781568178,10.13073794638233
10,Ethylene,10.0,Toluene,False,0.5213409056012537,0.14338895972427584,Toluene,0.05986328612702672,True,True,True,12.175373680723423,-0.16332987878089017
10,Ammonia,50.0,Ammonia,True,0.9950437551107054,0.992164539582804,Toluene,0.1707191581178255,False,False,False,10.055105854841036,1.4819684716181623
10,Ethylene,250.0,Ethylene,True,0.9995966730748606,0.9992024493732009,Ethylene,0.723117599480315,False,False,False,2.857945790898886,1.0753479503352714
10,Ammonia,600.0,Ammonia,True,1.0,1.0,Acetone,0.00630645344677372,False,True,True,-23.526492705420345,14.118433790074606
10,Ethylene,50.0,Ethylene,True,0.7187708390496015,0.442510585195012,Toluene,0.10950578372175608,False,True,True,10.1836947535904,0.28327633860463
10,Ammonia,200.0,Ammonia,True,0.9999999999630642,0.9999999999266203,Ammonia,0.5379560085475946,False,False,False,0.07040254859954322,6.975791609934216
10,Ethylene,100.0,Ethylene,True,0.979953747991301,0.9613225133552704,Toluene,0.31072919858556586,False,False,False,7.965043310690082,0.7399380518767965
10,Ammonia,800.0,Ammonia,True,1.0,1.0,Acetone,0.016198758643203172,False,True,True,-35.29767013822024,15.237289060745933
10,Ethylene,200.0,Ethylene,True,0.9579699181672228,0.9160869736525021,Toluene,0.13706476852160565,False,True,True,4.698022753953117,1.2351961290057072
10,Ammonia,400.0,Ammonia,True,1.0,1.0,Ammonia,0.0467334413018773,False,True,True,-11.875375584785616,11.249820903318936
10,Ethylene,10.0,Toluene,False,0.8612340585060352,0.7676914100981048,Toluene,0.06195854756702567,False,True,True,12.047397507338584,-0.13082384118744517
10,Ammonia,50.0,Ammonia,True,0.9995160997145924,0.999291453342175,Toluene,0.18786828007619352,False,False,False,9.83111200726188,1.6399059705408623
10,Ethylene,250.0,Ethylene,True,0.9868598751640252,0.9737323712401088,Ethylene,0.645791005009636,False,False,False,2.7436182716554938,1.3598035697668533
10,Ammonia,600.0,Ammonia,True,1.0,1.0,Acetone,0.010897959291392045,False,True,True,-23.96501756977758,13.383231233835083
10,Ethylene,150.0,Ethylene,True,0.9971260204609422,0.9949089509331562,Toluene,0.8377193307828331,False,False,False,6.192263331577833,1.020497458861064
10,Ammonia,1000.0,Ammonia,True,1.0,1.0,Acetone,0.013941273584942872,False,True,True,-51.06677328269085,18.780413204284997
10,Ethylene,10.0,Toluene,False,0.7930116639267496,0.6597608916430528,Toluene,0.06219146066869531,False,True,True,12.140954888434806,-0.09395391639360712
10,Ammonia,50.0,Ammonia,True,0.9997283093254481,0.9996274073780612,Toluene,0.18259036761297126,False,False,False,9.940756822684305,1.6702321297617193
10,Ethylene,50.0,Toluene,False,0.66654632214125,0.33674661310347304,Toluene,0.11324241060479748,True,True,True,10.019394907475183,0.2680973868356382
10,Ammonia,200.0,Ammonia,True,0.9999999999807154,0.999999999962141,Ammonia,0.5271906110581925,False,False,False,0.1828172859186126,6.9488986923659475
10,Ethylene,100.0,Ethylene,True,0.9934260081364041,0.9882325023480925,Toluene,0.32050573241039115,False,False,False,7.946829790135546,0.7860183635243208
10,Ammonia,800.0,Ammonia,True,1.0,1.0,Acetone,0.01607857093129566,False,True,True,-36.220467953836206,15.459120207182158
10,Ethylene,200.0,Ethylene,True,0.9903054903377998,0.9806561284172735,Toluene,0.0330297547930914,False,True,True,4.4801853857662195,1.3091739641199418
10,Ammonia,400.0,Ammonia,True,1.0,1.0,Ammonia,0.04392029652193635,False,True,True,-12.203814674126743,11.428162776021374
10,Ethylene,250.0,Ethylene,True,0.9548911014670597,0.9098102199184601,Ethylene,0.5792545359953435,False,False,False,2.7392542208589337,1.5592191996560791
10,Ammonia,600.0,Ammonia,True,1.0,1.0,Acetone,0.010936851004858066,False,True,True,-24.540880611085733,13.60812689033354
10,Ethylene,150.0,Ethylene,True,0.9940783723925622,0.9884249722330126,Toluene,0.8397916097228955,False,False,False,6.184337606789014,1.112165804504675
10,Ammonia,1000.0,Ammonia,True,1.0,1.0,Acetone,0.015520342066254706,False,True,True,-51.146712472679276,17.467761017601642
10,Ethylene,200.0,Ethylene,True,0.9795584211899686,0.9592150326969392,Toluene,0.09916216604415047,False,True,True,4.618868994240411,1.2705850107615115
10,Ammonia,400.0,Ammonia,True,0.9999999999999998,0.9999999999999997,Ammonia,0.04108305700887464,False,True,True,-11.882797365530314,10.7760726384707
10,Ethylene,10.0,Toluene,False,0.455245851011316,0.05465854571791939,Toluene,0.05987275245356254,True,True,True,12.234679916709709,-0.14537508065431382
10,Ammonia,50.0,Ammonia,True,0.9998251487653519,0.9997184612597558,Toluene,0.1871528583915478,False,False,False,9.895923218876781,1.7453099480870202
10,Ethylene,250.0,Ethylene,True,0.9529129568036414,0.9058625764343039,Ethylene,0.6393083955709215,False,False,False,2.571693591086263,1.439476099456112
10,Ammonia,600.0,Ammonia,True,1.0,1.0,Acetone,0.010864739778410085,False,True,True,-24.435522352046583,13.580806354806995
10,Ethylene,150.0,Ethylene,True,0.994493904430211,0.9894311387617474,Toluene,0.8033520170041493,False,False,False,6.135732540006579,1.0585756386303753
10,Ammonia,1000.0,Ammonia,True,1.0,1.0,Acetone,0.015443338592363765,False,True,True,-51.740171643347615,17.556834012398227
10,Ethylene,50.0,Toluene,False,0.8149797862053967,0.6329372963416641,Toluene,0.11325446674604916,False,True,True,10.130749656841,0.3224990276081342
10,Ammonia,200.0,Ammonia,True,0.9999999998537625,0.9999999997111323,Ammonia,0.5459319815128955,False,False,False,0.013610005662045857,6.9601203985561515
10,Ethylene,100.0,Ethylene,True,0.9993422160773718,0.9990056679703984,Toluene,0.2916281374663024,False,False,False,8.14581833026481,0.7994548942648484
10,Ammonia,800.0,Ammonia,True,1.0,1.0,Acetone,0.012694899896290114,False,True,True,-37.7621708132934,17.31778321289738
10,Ethylene,50.0,Ethylene,True,0.5775775015077321,0.1599489810709594,Toluene,0.11257212555515637,True,True,True,10.168483737011705,0.32959488556030747
10,Ammonia,200.0,Ammonia,True,0.9999999999852129,0.9999999999707826,Ammonia,0.5291030892308555,False,False,False,-0.12212571312062692,7.262441692566906
10,Ethylene,100.0,Ethylene,True,0.9970657752876558,0.9947614343559785,Toluene,0.3286878917500709,False,False,False,7.92383464961833,0.8159605241856711
10,Ammonia,800.0,Ammonia,True,1.0,1.0,Acetone,0.011781924508351633,False,True,True,-38.74040669525074,18.020535923011867
10,Ethylene,200.0,Ethylene,True,0.9815735218088649,0.963188688453894,Ethylene,0.02668907956891483,False,True,True,4.339152574352047,1.4358392101509034
10,Ammonia,400.0,Ammonia,True,1.0,1.0,Ammonia,0.04412243950245629,False,True,True,-12.712331937827125,12.13728142243309
10,Ethylene,10.0,Toluene,False,0.6468384448730666,0.38197527546958804,Toluene,0.0626955439346297,True,True,True,12.105782998827642,-0.08797540117163846
10,Ammonia,50.0,Ammonia,True,0.9997716083594421,0.9996525902008423,Toluene,0.19609151052110382,False,False,False,9.772662411586788,1.8152375135177112
10,Ethylene,250.0,Ethylene,True,0.9864864915122071,0.972983612394615,Ethylene,0.6183941192783624,False,False,False,2.4473126468056154,1.5252178214730012
10,Ammonia,600.0,Ammonia,True,1.0,1.0,Acetone,0.008850514971581317,False,True,True,-25.323081259917398,14.394158114316838
10,Ethylene,150.0,Ethylene,True,0.9988853631801462,0.9978431862329405,Toluene,0.7959155605628112,False,False,False,6.127771451454923,1.1596364523980867
10,Ammonia,1000.0,Ammonia,True,1.0,1.0,Acetone,0.015222161762170693,False,True,True,-52.49172916710233,17.77678852667394
10,Ethylene,150.0,Ethylene,True,0.9983348361540455,0.996750307484989,Toluene,0.9476260597260397,False,False,False,6.329676131452378,1.1017559981872518
10,Ammonia,1000.0,Ammonia,True,1.0,1.0,Acetone,0.01216668643407914,False,True,True,-53.62941331024615,20.6504597662846
10,Ethylene,50.0,Toluene,False,0.5238239039515405,0.05442742248573673,Toluene,0.11216097190889918,True,True,True,10.237169295485677,0.3573942988386906
10,Ammonia,200.0,Ammonia,True,0.9999999999868694,0.9999999999742156,Ammonia,0.5066615081409367,False,False,False,-0.05274377306003867,7.432673043131587
10,Ethylene,100.0,Ethylene,True,0.9969516606007018,0.9952627409531962,Toluene,0.33284011287067305,False,False,False,7.9560597756026565,0.8888829096440395
10,Ammonia,800.0,Ammonia,True,1.0,1.0,Acetone,0.01453502499448576,False,True,True,-37.73150901695654,16.437902623208853
10,Ethylene,200.0,Ethylene,True,0.9950309557887864,0.9900743475178443,Toluene,0.04261512350970924,False,True,True,4.496438637080165,1.342868606534781
10,Ammonia,400.0,Ammonia,True,1.0,0.9999999999999999,Ammonia,0.04285414510409088,False,True,True,-12.64948676696445,11.915101969436078
10,Ethylene,10.0,Toluene,False,0.49936886987223533,0.16571178127581854,Toluene,0.06208202926524808,True,True,True,12.19244572228027,-0.08127368249606798
10,Ammonia,50.0,Ammonia,True,0.9997393786215542,0.999570716223292,Toluene,0.18029021251956526,False,False,False,10.018607390206729,1.738908854977737
10,Ethylene,250.0,Ethylene,True,0.9995064171000244,0.9990138861417591,Ethylene,0.6178846389840561,False,False,False,2.9521317501362487,1.30560919070824
10,Ammonia,600.0,Ammonia,True,1.0,1.0,Acetone,0.01702601367352785,False,True,True,-22.63155374491635,11.781000413247698
10,Ethylene,250.0,Ethylene,True,0.999523163711432,0.9990470851070516,Ethylene,0.5313016584657588,False,False,False,3.1521534806505525,1.3918417220296542
10,Ammonia,600.0,Ammonia,True,1.0,1.0,Acetone,0.018274864588907362,False,True,True,-22.530541738056332,11.544514853099175
10,Ethylene,150.0,Ethylene,True,0.9999764146293624,0.9999632622563399,Toluene,0.856226335469289,False,False,False,6.538975234638327,0.9700761245099568
10,Ammonia,1000.0,Ammonia,True,1.0,1.0,Acetone,0.02193289186749636,False,True,True,-46.916247523165055,12.826264390026116
10,Ethylene,10.0,Ethylene,True,0.47122802142292536,0.11550016527781315,Toluene,0.058255005207315504,True,True,True,12.39844763952171,-0.1544424439145895
10,Ammonia,50.0,Ammonia,True,0.9746537456578127,0.950712935973128,Toluene,0.15049001432848558,False,False,False,10.471252368048432,1.4451879768633644
10,Ethylene,50.0,Ethylene,True,0.9647481447069542,0.9384065450481844,Toluene,0.1024345984814498,False,True,True,10.34441547962719,0.23040999948297175
10,Ammonia,200.0,Ammonia,True,0.9999999770389069,0.9999999540995885,Ammonia,0.4785639224810417,False,False,False,0.7948973466883428,6.032862858238797
10,Ethylene,100.0,Ethylene,True,0.9995585939826418,0.9992207881499472,Toluene,0.27267522108448544,False,False,False,8.18953324644866,0.700152333441269
10,Ammonia,800.0,Ammonia,True,1.0,1.0,Acetone,0.02357452542162006,False,True,True,-33.59614208695852,12.303172580274522
10,Ethylene,200.0,Ethylene,True,0.9999931597629127,0.9999871610250096,Toluene,0.23081002126785316,False,False,False,4.889345127069819,1.1582513058263066
10,Ammonia,400.0,Ammonia,True,0.9999999999999984,0.9999999999999972,Ammonia,0.043266253352415934,False,True,True,-10.513839309653724,9.331457737056
10,Ethylene,10.0,Ethylene,True,0.6307051443035763,0.38085496965185595,Toluene,0.059189992096385244,True,True,True,12.374363749796968,-0.12735495895510085
10,Ammonia,50.0,Ammonia,True,0.936613571691937,0.8760453902928163,Toluene,0.15079549145506035,False,False,False,10.462138814599424,1.4428996436216854
10,Ethylene,250.0,Ethylene,True,0.9999912714115445,0.9999827434512009,Ethylene,0.6234165919952264,False,False,False,2.9393610140029756,1.2993698049364764
10,Ammonia,600.0,Ammonia,True,1.0,1.0,Acetone,0.02105389336660233,False,True,True,-22.269223787506082,11.029887750946006
10,Ethylene,150.0,Ethylene,True,0.9999866352267384,0.9999776703334929,Toluene,0.9029137151672598,False,False,False,6.490117206551,1.0079424540956787
10,Ammonia,1000.0,Ammonia,True,1.0,1.0,Acetone,0.022473835001365763,False,True,True,-46.06686971136023,12.55623520127552
10,Ethylene,50.0,Ethylene,True,0.9458001989217052,0.9129548404473912,Toluene,0.09960135004385502,False,True,True,10.507947213752479,0.25001642649863226
10,Ammonia,200.0,Ammonia,True,0.9999999748873283,0.9999999498128395,Ammonia,0.45643119980796387,False,False,False,0.9072303882156426,5.956735974874993
10,Ethylene,100.0,Ethylene,True,0.9996173555350437,0.9993309557651495,Toluene,0.2474578785427841,False,False,False,8.32727943469458,0.6355319868951242
10,Ammonia,800.0,Ammonia,True,1.0,1.0,Acetone,0.02488263176715898,False,True,True,-34.44847522788623,11.88216228668581
10,Ethylene,200.0,Ethylene,True,0.9999867632860653,0.9999746305001113,Toluene,0.24337151857495382,False,False,False,4.929045247917459,1.1178847735475226
10,Ammonia,400.0,Ammonia,True,0.9999999999999993,0.9999999999999986,Ammonia,0.035291076397942364,False,True,True,-10.8972392605788,9.296885294243715
10,Ethylene,50.0,Ethylene,True,0.9513798237237552,0.9251673572568665,Toluene,0.10098939736368356,False,True,True,10.396728545827994,0.22673597312472712
10,Ammonia,200.0,Ammonia,True,0.9999999774301865,0.9999999548927272,Ammonia,0.5113922302113797,False,False,False,0.6116956850474117,6.168062129077781
10,Ethylene,100.0,Ethylene,True,0.9995320746181745,0.9991761624170151,Toluene,0.2715561112321172,False,False,False,8.22090320313695,0.7222836974665654
10,Ammonia,800.0,Ammonia,True,1.0,1.0,Acetone,0.023484246508952058,False,True,True,-34.12117999296263,12.363473659949973
10,Ethylene,200.0,Ethylene,True,0.9999876849834811,0.9999765887361913,Toluene,0.2272835097323284,False,False,False,4.885513779066503,1.1084547271873824
10,Ammonia,400.0,Ammonia,True,0.9999999999999936,0.9999999999999885,Ammonia,0.03761062189334767,False,True,True,-10.723381361339287,9.245725284947028
10,Ethylene,10.0,Ethylene,True,0.6415439999463286,0.3914308654212244,Toluene,0.058399283126836565,True,True,True,12.37094458193032,-0.15736354735883315
10,Ammonia,50.0,Ammonia,True,0.9573525039215137,0.9190985423413625,Toluene,0.14939708481293823,False,True,True,10.498516854104261,1.4459626196776096
10,Ethylene,250.0,Ethylene,True,0.9999942454402678,0.9999889972905038,Ethylene,0.6155237043528994,False,False,False,3.018696687172955,1.251285783861486
10,Ammonia,600.0,Ammonia,True,1.0,1.0,Acetone,0.02343018619110389,False,True,True,-22.31778809863914,10.679087757094393
10,Ethylene,150.0,Ethylene,True,0.9999755892037419,0.9999557780200417,Toluene,0.8186190353700116,False,False,False,6.591851788431273,0.9539588304219627
10,Ammonia,1000.0,Ammonia,True,1.0,1.0,Acetone,0.02186594542110521,False,True,True,-46.25579873556074,12.93078982738083
10,Toluene,1.0,Ethylene,False,0.7081819159394838,0.5602845613888364,Toluene,0.054117001994967946,False,True,True,12.126787038214959,-0.3705463284484181
10,Ethanol,50.0,Ethylene,False,0.7710172361320772,0.5582242747775609,Toluene,0.08849443993386,False,True,True,11.375544849678931,0.40817095408321
10,Toluene,100.0,Ethylene,False,0.9405143898220802,0.89537757424355,Ethylene,0.777152856188853,False,False,False,2.807009170199917,0.9564442674066249
10,Ethanol,600.0,Ammonia,False,0.9655380627439736,0.9312776815874761,Acetone,0.06690576305352838,False,True,True,-10.934752869655023,5.540259237529716
10,Toluene,60.0,Toluene,True,0.9037367065233861,0.8382425982528369,Toluene,0.6386684227784442,False,False,False,6.262361183509461,0.6575726881080388
10,Ethanol,1000.0,Ammonia,False,0.9964965711560391,0.9929931800599833,Acetone,0.037325505007400187,False,True,True,-27.64256930900603,8.63396650422248
10,Toluene,20.0,Toluene,True,0.9984104305384407,0.9974520612023235,Toluene,0.10281001222661404,False,True,True,9.885446127571822,0.05300701305597638
10,Ethanol,200.0,Ethylene,False,0.9915338489623692,0.9832164635407536,Toluene,0.1324401906707111,False,True,True,4.69257547201677,2.316687502485513
10,Toluene,40.0,Toluene,True,0.9896417901299269,0.9827199372433468,Toluene,0.2849779062895229,False,False,False,7.836298881367265,0.48659827957396556
10,Ethanol,800.0,Ammonia,False,0.9998593527417097,0.9997198121097182,Acetone,0.045196752757639375,False,True,True,-19.611706934088765,7.60945041015477
10,Toluene,80.0,Toluene,True,0.6415967364346238,0.3516602504252759,Toluene,0.12125508373247476,True,True,True,4.775243578105647,0.7478322366667532
10,Ethanol,400.0,Ammonia,False,0.9877714401007502,0.9763565259482226,Ammonia,0.361341859908523,False,False,False,-3.3624127905424666,4.84233904393552
10,Toluene,60.0,Toluene,True,0.9717372741590049,0.9485973058276297,Toluene,0.670731479425009,False,False,False,6.352691193742666,0.676719901618268
10,Ethanol,1000.0,Ammonia,False,0.9999959586215378,0.9999919291627776,Acetone,0.03112557787205113,False,True,True,-28.817652480478667,9.99931784697134
10,Toluene,20.0,Toluene,True,0.998697427405775,0.9980385330087792,Toluene,0.10116929965951307,False,True,True,10.001742160654867,0.07006961832782982
10,Ethanol,200.0,Ethylene,False,0.9259029489891262,0.8534097173098019,Toluene,0.16696675793938023,False,False,False,4.8035350260407,2.3558763226569264
10,Toluene,40.0,Toluene,True,0.9964145484985932,0.994119489647167,Toluene,0.24584658790496972,False,False,False,8.050542611766295,0.42431532188942495
10,Ethanol,800.0,Ethylene,False,0.5200425471273885,0.04010115410352433,Acetone,0.0675638659065153,True,True,True,-18.7802649078774,5.528749798087183
10,Toluene,80.0,Toluene,True,0.8624926641970239,0.7401052929144247,Toluene,0.20473510181732904,False,False,False,5.077078643902301,0.7808651706792334
10,Ethanol,400.0,Ammonia,False,0.9754706571002271,0.9528398128126634,Ammonia,0.2960072832756042,False,False,False,-3.316443013935593,4.329738024693803
10,Toluene,1.0,Ethylene,False,0.599326623703754,0.26615595925052443,Toluene,0.05466796062801729,True,True,True,12.243274838644751,-0.3247227685119419
10,Ethanol,50.0,Ethylene,False,0.6448311087398214,0.3673364961493414,Toluene,0.08655539875325849,True,True,True,11.40917359291273,0.3697672560713097
10,Toluene,100.0,Ethylene,False,0.6868308769974817,0.3838117162722127,Ethylene,0.5592897886365122,True,False,True,3.2603588959887806,1.1284195793844705
10,Ethanol,600.0,Ammonia,False,0.9990056640627925,0.9980873747102907,Acetone,0.05575039424812208,False,True,True,-11.592528721988007,6.0069488772200135
10,Toluene,20.0,Toluene,True,0.9976933638397517,0.996374175950162,Toluene,0.10464802057555066,False,True,True,9.948958414007333,0.10359514878588962
10,Ethanol,200.0,Ethylene,False,0.9451494511215743,0.8906290368750502,Toluene,0.06441687552022209,False,True,True,4.481023962542366,2.555542538319934
10,Toluene,40.0,Toluene,True,0.9833027702725898,0.9705813337603243,Toluene,0.26138584617794997,False,False,False,8.079325181251026,0.5324597830951007
10,Ethanol,800.0,Ammonia,False,0.999951655433235,0.9999044055468083,Acetone,0.0488698694380279,False,True,True,-20.0874893170451,7.228972956771141
10,Toluene,80.0,Ethylene,False,0.8869363764327112,0.7888075928403406,Toluene,0.30081682504857993,False,False,False,5.29486286092759,0.861437160598328
10,Ethanol,400.0,Ammonia,False,0.9601280335470419,0.9205842474872616,Ammonia,0.2862061090682332,False,False,False,-3.384494740933614,4.350195370836769
10,Toluene,1.0,Ethylene,False,0.6202840119995114,0.3424857098273077,Toluene,0.05402945446459557,True,True,True,12.262245037222304,-0.3424377689821531
10,Ethanol,50.0,Ethylene,False,0.8601527210260429,0.7354337227868738,Toluene,0.09101834434781306,False,True,True,11.336490643326178,0.4595107943921091
10,Toluene,100.0,Ethylene,False,0.9911024594982664,0.9841979840371445,Ethylene,0.3080605793183811,False,False,False,3.7902140719251833,1.200800787678808
10,Ethanol,600.0,Ammonia,False,0.9999917524474151,0.999986643137044,Acetone,0.03977927508784467,False,True,True,-12.300250463097022,6.763016134133835
10,Toluene,60.0,Toluene,True,0.8982806977193991,0.8013615315911605,Toluene,0.6990104711643489,False,False,False,6.704692567757524,0.8172222928558986
10,Ethanol,1000.0,Ammonia,False,0.9970883577365547,0.99417689478934,Acetone,0.04107933827447812,False,True,True,-27.901948451115555,7.795975797708905
10,Toluene,1.0,Ethylene,False,0.6447863191717444,0.3807723123900844,Toluene,0.055967781844806004,True,True,True,12.358948439113876,-0.24920687284137466
10,Ethanol,50.0,Ethylene,False,0.7433144648980359,0.5143599086709231,Toluene,0.08610962811369295,False,True,True,11.446897920435383,0.37580556575307583
10,Toluene,20.0,Toluene,True,0.9934216004535344,0.9893090389725822,Toluene,0.10647667408658458,False,True,True,9.95276855342463,0.13287018469510553
10,Ethanol,200.0,Ethylene,False,0.9734926001167309,0.9472384151968417,Toluene,0.06739991763588973,False,True,True,4.494054933977758,2.3264096858945353
10,Toluene,40.0,Toluene,True,0.9292317891068638,0.8702995306749028,Toluene,0.2500053645721344,False,False,False,8.221205211496233,0.5674654141149608
10,Ethanol,800.0,Ammonia,False,0.9999660906545783,0.9999336091589442,Acetone,0.05634487515202176,False,True,True,-19.496757635351635,6.492001981694198
10,Toluene,80.0,Ethylene,False,0.8989147512284211,0.8217586725955796,Toluene,0.3272798706462493,False,False,False,5.354999500093653,0.873328511998044
10,Ethanol,400.0,Ammonia,False,0.9165067326542612,0.8336763210638631,Ammonia,0.27884623515770174,False,False,False,-3.2348705511251583,4.145863364752656
10,Toluene,100.0,Ethylene,False,0.9918902356395353,0.9869722289099658,Ethylene,0.12794764723206617,False,True,True,4.172940162179574,1.1594035733550287
10,Ethanol,600.0,Ammonia,False,0.9587314188323497,0.9176958319858832,Acetone,0.08180607829487362,False,True,True,-11.037257199775144,5.142270378786503
10,Toluene,60.0,Toluene,True,0.7288338985264153,0.48982584103065774,Toluene,0.5673126134443954,False,False,False,6.945531758187629,0.7366221923655399
10,Ethanol,1000.0,Ammonia,False,0.8802103110604109,0.7604209214171495,Acetone,0.043708454724420295,False,True,True,-27.076823253099764,7.366771298383359
10,Toluene,80.0,Ethylene,False,0.7101495950414943,0.4442406950202523,Toluene,0.4044418075688273,False,False,False,5.573848541105263,0.8202636227769765
10,Ethanol,400.0,Ammonia,False,0.9502269417275461,0.9008775384463904,Ammonia,0.310910229260745,False,False,False,-3.0600444931314983,4.131900237250563
10,Toluene,1.0,Ethylene,False,0.7476150007366931,0.5812249381067305,Toluene,0.05415842224235445,False,True,True,12.340708080978242,-0.3190225637430965
10,Ethanol,50.0,Ethylene,False,0.7396194148251187,0.5057196240611801,Toluene,0.08614681235829875,False,True,True,11.445209296778541,0.376038854555329
10,Toluene,100.0,Ethylene,False,0.9941920005791025,0.9904423978852113,Ethylene,0.1922388019608739,False,False,False,4.0516208926113855,1.1103904594000271
10,Ethanol,600.0,Ammonia,False,0.9438519469599771,0.8879247161572423,Acetone,0.08151837215595162,False,True,True,-11.159950797612279,5.16130007669206
10,Toluene,60.0,Toluene,True,0.7309151853662292,0.47832700554319235,Toluene,0.5614729799951244,False,False,False,6.981115003828687,0.7558269116308537
10,Ethanol,1000.0,Ammonia,False,0.6998744736652028,0.39974924400370737,Acetone,0.045810520540395146,True,True,True,-27.31919686765145,6.891569100165468
10,Toluene,20.0,Toluene,True,0.9964844790541719,0.9944990993934689,Toluene,0.09638481763434693,False,True,True,10.18680536443685,0.06016224852339544
10,Ethanol,200.0,Ethylene,False,0.9864001288900626,0.9730179304030997,Toluene,0.13276683864858563,False,True,True,4.689840185877137,2.2678013204008183
10,Toluene,40.0,Toluene,True,0.9851875486003915,0.9742863461046471,Toluene,0.22289139488465284,False,False,False,8.415620735623397,0.5189905502421763
10,Ethanol,800.0,Ammonia,False,0.9912212727275065,0.9824467406099239,Acetone,0.06004564069690725,False,True,True,-19.491763263780886,6.129024927386314
10,Toluene,20.0,Toluene,True,0.9937401728194597,0.9897497830264724,Toluene,0.10274299229921688,False,True,True,10.183286485654914,0.166280107940877
10,Ethanol,200.0,Ammonia,False,0.9910785815759522,0.9845208613946824,Ethylene,0.04839788403035797,False,True,True,3.939935372535518,3.178956153818176
10,Toluene,40.0,Toluene,True,0.9590787008570889,0.9290855475928005,Toluene,0.23293105720456328,False,False,False,8.276071205446614,0.4925373280696066
10,Ethanol,800.0,Ethylene,False,0.9930317098234542,0.9860652168603598,Acetone,0.068756544849517,False,True,True,-19.04820032921585,5.370302248710877
10,Toluene,80.0,Ethylene,False,0.8486402908195164,0.7114406972576592,Toluene,0.3412308940164749,False,False,False,5.4189337946298,0.835014700410924
10,Ethanol,400.0,Ammonia,False,0.8375959307586955,0.6760632444048063,Ammonia,0.24378249212498526,False,False,False,-3.2022765874976487,3.938071091583272
10,Toluene,1.0,Ethylene,False,0.7034311483602366,0.5032545402425133,Toluene,0.05386150141757752,False,True,True,12.301530001843863,-0.3390405779208484
10,Ethanol,50.0,Ethylene,False,0.8078703477590988,0.6376394440124797,Toluene,0.0867721915897391,False,True,True,11.400365718419208,0.3715667197449436
10,Toluene,100.0,Ethylene,False,0.9910444489069903,0.984782880680543,Ethylene,0.30673555689559806,False,False,False,3.8397520857455074,1.0161485419887777
10,Ethanol,600.0,Ammonia,False,0.8276565709742292,0.6555787856563564,Acetone,0.08604838167701659,False,True,True,-11.206643773681323,5.037602907105092
10,Toluene,60.0,Toluene,True,0.8864855554682517,0.784586691470878,Toluene,0.57040984772755,False,False,False,6.9137831775685825,0.7159042608374858
10,Ethanol,1000.0,Ammonia,False,0.7805190707810675,0.5610386997564791,Acetone,0.04363931228216692,False,True,True,-27.265733250572517,7.350353656086069
10,Toluene,60.0,Toluene,True,0.728103710407859,0.4742566111610288,Toluene,0.5298567540477398,False,False,False,7.040994573022605,0.725834759076602
10,Ethanol,1000.0,Ammonia,False,0.9539002357230176,0.9078006667799163,Acetone,0.04456431916222985,False,True,True,-27.209534801595293,7.169486937901165
10,Toluene,20.0,Toluene,True,0.9954295562742977,0.9929040214557585,Toluene,0.0988713070434396,False,True,True,10.210060008778377,0.11092965816230664
10,Ethanol,200.0,Ethylene,False,0.9876395977403144,0.9754017438288072,Toluene,0.14305645132408837,False,True,True,4.7258503188118945,2.3257334306866757
10,Toluene,40.0,Toluene,True,0.9724183630086424,0.9503142180752615,Toluene,0.22703288328089544,False,False,False,8.371919740506359,0.518424640864902
10,Ethanol,800.0,Ammonia,False,0.9967013846754443,0.9934064716268004,Acetone,0.05791521260758278,False,True,True,-19.260606351126203,6.359542082104529
10,Toluene,80.0,Ethylene,False,0.916272671575584,0.8450938687678359,Toluene,0.44103938903347706,False,False,False,5.593230559984922,0.9044327415906689
10,Ethanol,400.0,Ammonia,False,0.5693167251640296,0.13922735956419713,Ammonia,0.254910493582172,True,False,True,-3.029120596583295,3.8353493320968175
10,Toluene,1.0,Ethylene,False,0.7786923459713406,0.6361801237633088,Toluene,0.054373588027040794,False,True,True,12.348969090116613,-0.3092660174773661
10,Ethanol,50.0,Ethylene,False,0.7710534884498015,0.5824877756246639,Toluene,0.08624040564289241,False,True,True,11.453607488223122,0.38300120858834413
10,Toluene,100.0,Ethylene,False,0.996939136935058,0.9952543639178161,Ethylene,0.1956937978991172,False,False,False,4.042974250637146,1.1187988114583747
10,Ethanol,600.0,Ammonia,False,0.9969871265568541,0.9940393980327313,Acetone,0.07089502121774756,False,True,True,-11.36171797456618,5.49195113833444
10,Toluene,100.0,Ethylene,False,0.9944640943469275,0.9904354809095901,Ethylene,0.05462306170327853,False,True,True,4.328481475757977,1.1075565068789945
10,Ethanol,600.0,Ammonia,False,0.9899599661436115,0.97998889951727,Acetone,0.06969659011598853,False,True,True,-11.128013576710464,5.493239645750523
10,Toluene,60.0,Toluene,True,0.7239523366187502,0.48089737823113055,Toluene,0.5310093682625514,False,False,False,6.996449712528624,0.6884108566880912
10,Ethanol,1000.0,Ethylene,False,0.7780038016492227,0.5560078347020568,Acetone,0.044863762157229,False,True,True,-27.47819639618015,7.057828387967548
10,Toluene,1.0,Ethylene,False,0.7885562410414897,0.6660435337306951,Toluene,0.054441399079812755,False,True,True,12.365510500636452,-0.3026966752123375
10,Ethanol,50.0,Ethylene,False,0.7042731527971093,0.4361667902423443,Toluene,0.08365580356548381,False,True,True,11.502517277330382,0.3313955411495069
10,Toluene,20.0,Toluene,True,0.9903954297448697,0.9840019458034706,Toluene,0.10426486009238267,False,True,True,10.067023475234347,0.14390554507904846
10,Ethanol,200.0,Ethylene,False,0.9875461216785686,0.9752748047265166,Toluene,0.08201934568410645,False,True,True,4.539533160507401,2.1734297664354485
10,Toluene,40.0,Toluene,True,0.9779444277224959,0.9608490745803984,Toluene,0.23127356384131925,False,False,False,8.323661791354871,0.5143959244529495
10,Ethanol,800.0,Ammonia,False,0.9775420834938819,0.9550962565818774,Acetone,0.06130277261624339,False,True,True,-19.15593059600276,6.048976179729845
10,Toluene,80.0,Ethylene,False,0.8426886966646331,0.7126185973439886,Toluene,0.3724348661436166,False,False,False,5.502653864359864,0.821308260898461
10,Ethanol,400.0,Ethylene,False,0.817627577908708,0.6357181763059814,Ammonia,0.1762797513359212,False,False,False,-3.0585876652842705,3.5199770561963457
10,Toluene,1.0,Ethylene,False,0.6617517567198354,0.40363095210977457,Toluene,0.0553131045357125,True,True,True,12.373629580683572,-0.26904718223884727
10,Ethanol,50.0,Ethylene,False,0.7225487088738515,0.4710063841578854,Toluene,0.08424990202896138,False,True,True,11.427002160124912,0.3124689987794275
10,Toluene,100.0,Ethylene,False,0.9879042689270428,0.9805161789594619,Ethylene,0.244800779248039,False,False,False,3.958434239438629,1.0449675721021165
10,Ethanol,600.0,Ammonia,False,0.8041665077221564,0.6085892014842493,Acetone,0.09472060148220597,False,True,True,-11.203937163608874,4.7962242778000626
10,Toluene,60.0,Toluene,True,0.7629057834125412,0.5425210966426444,Toluene,0.5940633017220578,False,False,False,6.870650213053461,0.7346887528746225
10,Ethanol,1000.0,Ethylene,False,0.9994911965788222,0.9989823977594063,Acetone,0.04926590082450282,False,True,True,-27.01793236091783,6.251366202328628
10,Toluene,20.0,Toluene,True,0.9963596462451575,0.9942354809631903,Toluene,0.0964654348042631,False,True,True,10.171830737540045,0.05612221847533866
10,Ethanol,200.0,Ethylene,False,0.9882596674972824,0.976725072705604,Toluene,0.13484787301254492,False,True,True,4.6907615638666895,2.1932323604136363
10,Toluene,40.0,Toluene,True,0.9787804224567138,0.9621743563006505,Toluene,0.2193028429123691,False,False,False,8.343993642694809,0.44521512457803414
10,Ethanol,800.0,Ammonia,False,0.780939163575835,0.5618900134782262,Acetone,0.06469271792132983,False,True,True,-19.079906615273824,5.742115156680039
10,Toluene,80.0,Ethylene,False,0.7381773747327905,0.5022839559721108,Toluene,0.3560321738633257,False,False,False,5.473628182236104,0.810341638484291
10,Ethanol,400.0,Ethylene,False,0.7767308784916588,0.5541473656070075,Ammonia,0.18209593298122995,False,False,False,-3.075302538819525,3.556892264945565
10,Toluene,20.0,Toluene,True,0.9972866171787589,0.9959262208240016,Toluene,0.09874231794441057,False,True,True,10.12326825452856,0.07600969017710599
10,Ethanol,200.0,Ethylene,False,0.9689145444983873,0.9383880103814299,Toluene,0.06453199816570714,False,True,True,4.488069586557852,2.224865705234987
10,Toluene,40.0,Toluene,True,0.9888695239138394,0.9808805295312607,Toluene,0.23029202351260503,False,False,False,8.27413864777436,0.4736569292817269
10,Ethanol,800.0,Ammonia,False,0.5996618202969364,0.19933927278420593,Acetone,0.0636337960677314,True,True,True,-19.61145897740159,5.758525274570903
10,Toluene,80.0,Ethylene,False,0.7033416583761976,0.4262285378265712,Toluene,0.4032999031597974,False,False,False,5.51076044241883,0.90796771439957
10,Ethanol,400.0,Ethylene,False,0.7933691596020719,0.5874172997612319,Ammonia,0.14705541929954466,False,True,True,-3.1483868620738193,3.465631719947295
10,Toluene,1.0,Ethylene,False,0.6852746962384044,0.45478254785303374,Toluene,0.05490079673246863,True,True,True,12.399524297747696,-0.2773224002407259
10,Ethanol,50.0,Ethylene,False,0.6328255531857219,0.3377328176188063,Toluene,0.08484308139934356,True,True,True,11.476237662393832,0.3534290982149961
10,Toluene,100.0,Ethylene,False,0.9807179193980051,0.9666416160240792,Ethylene,0.2364182498462768,False,False,False,3.9687916114264112,1.0773099122838405
10,Ethanol,600.0,Ethylene,False,0.8329882352600626,0.6660760884714348,Acetone,0.10631703012541728,False,True,True,-11.247546325081862,4.476671571375331
10,Toluene,60.0,Toluene,True,0.8802556501397671,0.7711388237513235,Toluene,0.5648305537816004,False,False,False,6.914995933346399,0.7036490887477794
10,Ethanol,1000.0,Ethylene,False,0.9996300920845604,0.999260188449359,Acetone,0.0500962672925245,False,True,True,-27.499365771369273,5.951266080846045
10,Toluene,1.0,Ethylene,False,0.5935994297449817,0.3083801668811482,Toluene,0.04892577238088956,True,True,True,12.529446176800649,-0.46904430198998265
10,Ethanol,50.0,Ethanol,True,0.7132560267785494,0.490341281693655,Toluene,0.05369398090219313,False,True,True,12.118684732199512,-0.38644108937302757
10,Toluene,100.0,Toluene,True,0.997717056836069,0.9963763693287343,Toluene,0.2510157147476368,False,False,False,5.376347024628191,0.6379041958150509
10,Ethanol,600.0,Ethanol,True,0.9999999999698981,0.9999999999398003,Acetaldehyde,0.0373448443160843,False,True,True,0.3053048594234854,-3.0564087549986105
10,Toluene,60.0,Toluene,True,0.9999290474600456,0.9998660029048693,Toluene,0.24065306058306163,False,False,False,7.922460099940052,0.32693935428037646
10,Ethanol,1000.0,Ethanol,True,0.9999999999999512,0.9999999999999024,Acetaldehyde,0.10391192226488942,False,True,True,-6.269468194202698,-4.467275128218153
10,Toluene,20.0,Toluene,True,0.9995660575120938,0.999172781444118,Toluene,0.08146406982017043,False,True,True,10.402245453909957,-0.13039371457139165
10,Ethanol,200.0,Ethanol,True,0.9999991167665577,0.9999984707803582,Ethanol,0.03998674310161611,False,True,True,8.292153053074243,-1.1604115490170668
10,Toluene,40.0,Toluene,True,0.999905575380979,0.9998352006119798,Toluene,0.14857313028123142,False,True,True,8.96968757292566,0.21972697483625742
10,Ethanol,800.0,Ethanol,True,0.9999999999990461,0.9999999999980921,Acetaldehyde,0.3364889965982538,False,False,False,-3.198889744648158,-3.8981964574598087
10,Toluene,80.0,Toluene,True,0.9999963562900516,0.9999933712825321,Toluene,0.41845127627058193,False,False,False,6.341567346308346,0.36525519176716026
10,Ethanol,400.0,Ethanol,True,0.9999999991147575,0.9999999982333981,Ethanol,0.2514699976044943,False,False,False,3.996411960884916,-2.1156111208357107
10,Toluene,60.0,Toluene,True,0.9999703930588376,0.9999464251919832,Toluene,0.21875563001854775,False,False,False,8.056272784052924,0.28419529591691145
10,Ethanol,1000.0,Ethanol,True,0.9999999999999449,0.9999999999998898,Acetaldehyde,0.10660144724979567,False,True,True,-6.4464921942111815,-4.5909881355652065
10,Toluene,20.0,Toluene,True,0.9997272617220846,0.9995009823683529,Toluene,0.08256767337639899,False,True,True,10.502187850001969,-0.08152412006278684
10,Ethanol,200.0,Ethanol,True,0.9999980887588806,0.9999965360946054,Ethanol,0.05266582234359211,False,True,True,8.161953781917092,-1.1776052955315692
10,Toluene,40.0,Toluene,True,0.9999754812418808,0.9999578281762705,Toluene,0.14194881438279502,False,True,True,9.082499407961375,0.20573388477635596
10,Ethanol,800.0,Ethanol,True,0.9999999999984535,0.999999999996907,Acetaldehyde,0.317909859899684,False,False,False,-3.4700690834385157,-3.9339193925983715
10,Toluene,80.0,Toluene,True,0.999937395026885,0.9998841833775869,Toluene,0.3928523328234776,False,False,False,6.994544284964849,0.38088362773605866
10,Ethanol,400.0,Ethanol,True,0.9999999986102199,0.9999999972385548,Ethanol,0.24195063998201702,False,False,False,3.961751187718182,-2.1810912840219494
10,Toluene,1.0,Ethylene,False,0.6918488620279689,0.530100787225874,Toluene,0.048832924759309865,True,True,True,12.53915295013404,-0.4705885549182408
10,Ethanol,50.0,Ethanol,True,0.7728423958271533,0.5745765459077445,Toluene,0.05299867493640189,False,True,True,12.130037135426823,-0.40718036868636176
10,Toluene,100.0,Toluene,True,0.999646810148828,0.9994251615221028,Toluene,0.35430462577051813,False,False,False,5.859762285979427,0.46948522721054836
10,Ethanol,600.0,Ethanol,True,0.9999999999798346,0.9999999999596738,Acetaldehyde,0.0892022332502862,False,True,True,0.06380940918360788,-3.1363153449218237
10,Toluene,20.0,Toluene,True,0.9997509715057514,0.9995601845352018,Toluene,0.08355780812865019,False,True,True,10.514659109509509,-0.05899755541604737
10,Ethanol,200.0,Ethanol,True,0.9999990766487318,0.99999838985773,Ethanol,0.06525472684609304,False,True,True,8.061843441759567,-1.2026385724354411
10,Toluene,40.0,Toluene,True,0.9999681986052099,0.9999419178231614,Toluene,0.13612644003642171,False,True,True,9.19780376758731,0.19614121861314304
10,Ethanol,800.0,Ethanol,True,0.9999999999987621,0.9999999999975241,Acetaldehyde,0.28695117226789385,False,False,False,-3.705895259306167,-3.92747045137855
10,Toluene,80.0,Toluene,True,0.9999700939718097,0.9999476822366247,Toluene,0.365879208717669,False,False,False,7.128798646602577,0.3719646746256863
10,Ethanol,400.0,Ethanol,True,0.9999999986126782,0.9999999972551099,Ethanol,0.2193304131330973,False,False,False,3.881128800250173,-2.168113116260631
10,Toluene,1.0,Ethylene,False,0.5578911074618728,0.22431903473495524,Toluene,0.04974238748572554,True,True,True,12.533817206487083,-0.4373444713588383
10,Ethanol,50.0,Ethanol,True,0.7912395997611299,0.623020150007447,Toluene,0.05296184448642,False,True,True,12.138426885319076,-0.4066353328957855
10,Toluene,100.0,Toluene,True,0.9996430892628463,0.9994618126648096,Toluene,0.40656060135224187,False,False,False,5.988455107644034,0.4719976789619124
10,Ethanol,600.0,Ethanol,True,0.9999999999774638,0.9999999999549345,Acetaldehyde,0.11805489760739367,False,True,True,-0.10825771967261817,-3.1482457984490315
10,Toluene,60.0,Toluene,True,0.9999855968350654,0.9999734160458753,Toluene,0.20353680261292462,False,False,False,8.236349347123769,0.2859159623224882
10,Ethanol,1000.0,Ethanol,True,0.9999999999999563,0.9999999999999126,Acetaldehyde,0.07947800133760527,False,True,True,-6.8696173867597405,-4.605084726059817
10,Toluene,1.0,Ethylene,False,0.6595281570657264,0.4595759624051967,Toluene,0.04838950893933299,True,True,True,12.576005114368774,-0.48003456060341426
10,Ethanol,50.0,Ethanol,True,0.7097690660120554,0.44372615965090406,Toluene,0.052701011325342044,False,True,True,12.135760983539424,-0.415920163861726
10,Toluene,20.0,Toluene,True,0.9996244468255474,0.999327575186921,Toluene,0.08750829124367401,False,True,True,10.395336523717303,-0.02332896020387178
10,Ethanol,200.0,Ethanol,True,0.9999987913266858,0.9999978055073758,Ethanol,0.08832142727058777,False,True,True,7.874476761860189,-1.2236658750364138
10,Toluene,40.0,Toluene,True,0.9999549239280264,0.9999173030144944,Toluene,0.1343327134437838,False,True,True,9.145307112686245,0.1558409062936318
10,Ethanol,800.0,Ethanol,True,0.9999999999987901,0.9999999999975803,Acetaldehyde,0.2985985059968346,False,False,False,-3.5870124109811354,-3.9167230418224386
10,Toluene,80.0,Toluene,True,0.999955209577742,0.9999187283312134,Toluene,0.3315281349270145,False,False,False,7.065776945451352,0.27575250448241106
10,Ethanol,400.0,Ethanol,True,0.9999999990653419,0.9999999981370127,Ethanol,0.2653212128360111,False,False,False,4.043775099290723,-2.1261763845924557
10,Toluene,100.0,Toluene,True,0.9999590420559056,0.9999242817903954,Toluene,0.41923716387195264,False,False,False,6.310554803777917,0.37222783071494514
10,Ethanol,600.0,Ethanol,True,0.9999999999866431,0.9999999999732871,Acetaldehyde,0.049483852710806506,False,True,True,0.21274430852537907,-3.0458303871857346
10,Toluene,60.0,Toluene,True,0.9999861031389142,0.9999745274509799,Toluene,0.18949017423606918,False,False,False,8.298525097938327,0.23069705928957626
10,Ethanol,1000.0,Ethanol,True,0.9999999999999969,0.9999999999999937,Acetaldehyde,0.0341026220334138,False,True,True,-7.346606143675744,-4.417929986350618
10,Toluene,80.0,Toluene,True,0.9999813719785285,0.9999662989178348,Toluene,0.29445956993742084,False,False,False,7.417906648889239,0.29971767002685445
10,Ethanol,400.0,Ethanol,True,0.9999999989069321,0.9999999978336,Ethanol,0.22769072055980538,False,False,False,3.9092511161174026,-2.2095663154791474
10,Toluene,1.0,Ethylene,False,0.7479674740729076,0.5807618094379756,Toluene,0.049821324576745894,False,True,True,12.645300450850002,-0.4101088251070769
10,Ethanol,50.0,Ethanol,True,0.6760366177086266,0.37311040180308275,Toluene,0.05303806633585346,True,True,True,12.128926204726778,-0.4061008910794035
10,Toluene,100.0,Toluene,True,0.9997494465927663,0.9995786360385224,Toluene,0.4952695790382912,False,False,False,6.277492123637887,0.4744546730969413
10,Ethanol,600.0,Ethanol,True,0.999999999983471,0.9999999999669471,Acetaldehyde,0.1506752229087847,False,False,False,-0.24571068779275682,-3.2086674931753936
10,Toluene,60.0,Toluene,True,0.9999812763132828,0.9999654563282192,Toluene,0.19447327645445978,False,False,False,8.356739267888104,0.28836590017443386
10,Ethanol,1000.0,Ethanol,True,0.9999999999999614,0.9999999999999226,Acetaldehyde,0.0782276320494526,False,True,True,-7.07044480305389,-4.703725640194796
10,Toluene,20.0,Toluene,True,0.9996079438464263,0.999327869416816,Toluene,0.08070622451092895,False,True,True,10.679841310734618,-0.0640020315428151
10,Ethanol,200.0,Ethanol,True,0.9999983042675025,0.9999969005575939,Ethanol,0.06805010250805157,False,True,True,8.04855507352839,-1.2133091313475262
10,Toluene,40.0,Toluene,True,0.9999624724476619,0.9999322953992272,Toluene,0.1301805370064275,False,True,True,9.268685464971307,0.16225885587004038
10,Ethanol,800.0,Ethanol,True,0.9999999999987319,0.9999999999974638,Acetaldehyde,0.28006982220523324,False,False,False,-3.790752504210476,-3.9412147449972297
10,Toluene,20.0,Toluene,True,0.9997782414521427,0.9995983022755458,Toluene,0.08215250489612966,False,True,True,10.612488364350966,-0.055904168744804826
10,Ethanol,200.0,Ethanol,True,0.9999988588699323,0.999997974921291,Ethanol,0.06371790934327862,False,True,True,8.072170712601102,-1.198749336872567
10,Toluene,40.0,Toluene,True,0.9999770521107022,0.9999592917607372,Toluene,0.1333255439925276,False,True,True,9.188629553833923,0.16303219554984186
10,Ethanol,800.0,Ethanol,True,0.9999999999990481,0.9999999999980962,Acetaldehyde,0.27739850035349417,False,False,False,-3.8048179778187614,-3.9382892019693485
10,Toluene,80.0,Toluene,True,0.9999836317090157,0.9999704424655296,Toluene,0.35374590277043433,False,False,False,7.224041915181764,0.3821198212668473
10,Ethanol,400.0,Ethanol,True,0.9999999989006103,0.9999999978159955,Ethanol,0.214754827739813,False,False,False,3.8635574446055907,-2.181831305628722
10,Toluene,1.0,Ethylene,False,0.6263550807206759,0.3371691990844091,Toluene,0.05001485129616342,True,True,True,12.616862680516727,-0.4089018825781948
10,Ethanol,50.0,Ethanol,True,0.7279251965782644,0.49033221060226617,Toluene,0.05303603530381882,False,True,True,12.097652069376213,-0.4127462626246352
10,Toluene,100.0,Toluene,True,0.9999031047030658,0.9998485352047829,Toluene,0.4666310041150164,False,False,False,6.121459551747169,0.48963908831686276
10,Ethanol,600.0,Ethanol,True,0.9999999999709939,0.9999999999419948,Acetaldehyde,0.13418851494649328,False,True,True,-0.15958727997724326,-3.1919773349597445
10,Toluene,60.0,Toluene,True,0.9999856580144357,0.9999748919879566,Toluene,0.206295980589834,False,False,False,8.327935237639947,0.34955582108364147
10,Ethanol,1000.0,Ethanol,True,0.9999999999999412,0.9999999999998823,Acetaldehyde,0.0779407805221264,False,True,True,-7.03663227690591,-4.682342991208743
10,Toluene,60.0,Toluene,True,0.9999853223114314,0.9999734772530927,Toluene,0.19809494180654136,False,False,False,8.303376169014259,0.2853388225596859
10,Ethanol,1000.0,Ethanol,True,0.999999999999929,0.9999999999998579,Acetaldehyde,0.08445831686478009,False,True,True,-6.846531283082332,-4.636462008722425
10,Toluene,20.0,Toluene,True,0.9996475235136141,0.999388368403244,Toluene,0.08137831820572931,False,True,True,10.61644598467576,-0.07001286739347032
10,Ethanol,200.0,Ethanol,True,0.9999981670492915,0.9999966609919058,Ethanol,0.06307306426256148,False,True,True,8.07744331898941,-1.1977212750363226
10,Toluene,40.0,Toluene,True,0.9999661657301347,0.9999388732739654,Toluene,0.13364384923308598,False,True,True,9.238641288724937,0.18716027223131548
10,Ethanol,800.0,Ethanol,True,0.9999999999982714,0.9999999999965428,Acetaldehyde,0.28614743593240344,False,False,False,-3.88784175069966,-4.007556593200418
10,Toluene,80.0,Toluene,True,0.9999635048600979,0.9999332614199091,Toluene,0.3427174075523432,False,False,False,7.322755780825145,0.3982733563037528
10,Ethanol,400.0,Ethanol,True,0.9999999986084358,0.9999999972412109,Ethanol,0.20063382731654922,False,False,False,3.808068824613868,-2.219639430506602
10,Toluene,1.0,Ethylene,False,0.5990737958985198,0.3331663397081299,Toluene,0.05029095342850014,True,True,True,12.656386435265683,-0.38921149077071976
10,Ethanol,50.0,Ethanol,True,0.7242530358843396,0.48265729607509134,Toluene,0.05298973681039893,False,True,True,12.15492063191635,-0.4021891177104231
10,Toluene,100.0,Toluene,True,0.9998108245368083,0.9996906770170697,Toluene,0.5765227344260773,False,False,False,6.269726327652223,0.5776255411011454
10,Ethanol,600.0,Ethanol,True,0.9999999999741447,0.9999999999482968,Acetaldehyde,0.1422577281460556,False,True,True,-0.18280488291414956,-3.21587248663555
10,Toluene,100.0,Toluene,True,0.9999803132952505,0.9999664291766285,Toluene,0.5407107081362587,False,False,False,6.618811856046734,0.5229540544978127
10,Ethanol,600.0,Ethanol,True,0.9999999999790914,0.9999999999581867,Acetaldehyde,0.10066566960859324,False,True,True,-0.004150916966397702,-3.1414536795603096
10,Toluene,60.0,Toluene,True,0.999989900598791,0.99998274734214,Toluene,0.1978455913908192,False,False,False,8.46162395479133,0.3657614828172096
10,Ethanol,1000.0,Ethanol,True,0.9999999999999458,0.9999999999998915,Acetaldehyde,0.07665446694502935,False,True,True,-7.0630435155451226,-4.6846967902015155
10,Toluene,1.0,Ethylene,False,0.5875171610000676,0.31261672297653487,Toluene,0.04963852652590879,True,True,True,12.645601458426196,-0.41718553988854207
10,Ethanol,50.0,Ethanol,True,0.6157608663928935,0.26765757566595744,Toluene,0.05267633696438804,True,True,True,12.163853135190102,-0.41085045123804814
10,Toluene,20.0,Toluene,True,0.9995363405306105,0.9991566891311106,Toluene,0.08647553150049855,False,True,True,10.495149424052428,-0.009844152980815597
10,Ethanol,200.0,Ethanol,True,0.9999941706808156,0.9999888613057292,Ethanol,0.08965791186214989,False,True,True,7.885729728417846,-1.2416997139780706
10,Toluene,40.0,Toluene,True,0.99998326855036,0.9999723144519579,Toluene,0.13747380233473516,False,True,True,9.322721264674822,0.2675462366832453
10,Ethanol,800.0,Ethanol,True,0.9999999999983751,0.9999999999967502,Acetaldehyde,0.27598137194507716,False,False,False,-4.009002750908638,-4.030429781279018
10,Toluene,80.0,Toluene,True,0.9999797596742884,0.9999636052940364,Toluene,0.35268752137444764,False,False,False,7.329582723488909,0.43060015235574994
10,Ethanol,400.0,Ethanol,True,0.9999999984076964,0.9999999968482239,Ethanol,0.18233065785101366,False,False,False,3.7374948873413314,-2.2279180197722357
10,Toluene,1.0,Ethylene,False,0.6515349247261208,0.4261742042788246,Toluene,0.05036031670720285,True,True,True,12.683749623707069,-0.3801612802521134
10,Ethanol,50.0,Ethanol,True,0.7451410986241758,0.5232005715538861,Toluene,0.05301393681090518,False,True,True,12.1306632438912,-0.4065384059146473
10,Toluene,100.0,Toluene,True,0.9998334584677278,0.9997445674535624,Toluene,0.6056119028097245,False,False,False,6.249091018986448,0.6201185212017398
10,Ethanol,600.0,Ethanol,True,0.9999999999634606,0.9999999999269327,Acetaldehyde,0.1422410364656016,False,True,True,-0.1889136047586963,-3.21070271420178
10,Toluene,60.0,Toluene,True,0.9999906970785936,0.9999834986930225,Toluene,0.2063107986675799,False,False,False,8.3066958064481,0.33827869145310874
10,Ethanol,1000.0,Ethanol,True,0.9999999999999223,0.9999999999998446,Acetaldehyde,0.07900458405181707,False,True,True,-6.9940360058707105,-4.668829720937992
10,Toluene,20.0,Toluene,True,0.999770235933482,0.9996084103498137,Toluene,0.08253003883111874,False,True,True,10.685497487452817,-0.024980067768669404
10,Ethanol,200.0,Ethanol,True,0.9999976420397434,0.9999956332211648,Ethanol,0.06075898250209013,False,True,True,8.123723540455142,-1.2120249971471235
10,Toluene,40.0,Toluene,True,0.9999590051167686,0.9999289529214038,Toluene,0.13511619266966432,False,True,True,9.294076025981143,0.22752574844549187
10,Ethanol,800.0,Ethanol,True,0.9999999999978753,0.9999999999957505,Acetaldehyde,0.3057709109094572,False,False,False,-3.7339686134250654,-4.004267432365593
10,Toluene,80.0,Toluene,True,0.9999796597395034,0.9999638181078674,Toluene,0.3453888118421701,False,False,False,7.297772423170521,0.39369141304523975
10,Ethanol,400.0,Ethanol,True,0.9999999988835186,0.9999999977952231,Ethanol,0.1987031119263534,False,False,False,3.7982052338239436,-2.2470898316140344
10,Toluene,20.0,Toluene,True,0.9996888902535632,0.999442530778821,Toluene,0.08349651807570185,False,True,True,10.66329373118771,-0.012576947976350382
10,Ethanol,200.0,Ethanol,True,0.9999978631970405,0.9999960873602994,Ethanol,0.08060479982495504,False,True,True,7.94497866450472,-1.2257809963308495
10,Toluene,40.0,Toluene,True,0.9999616013653282,0.9999318972215391,Toluene,0.13540207714850058,False,True,True,9.314793210911175,0.240171906226463
10,Ethanol,800.0,Ethanol,True,0.9999999999981164,0.9999999999962327,Acetaldehyde,0.27409699131041404,False,False,False,-4.058622840915943,-4.048715167335743
10,Toluene,80.0,Toluene,True,0.9999730593810567,0.9999535732251098,Toluene,0.35828905117874177,False,False,False,7.361582179958999,0.4654462178523493
10,Ethanol,400.0,Ethanol,True,0.9999999989169435,0.9999999978688423,Ethanol,0.18539930070778257,False,False,False,3.7490126499607315,-2.23011207274671
10,Toluene,1.0,Ethylene,False,0.6183393903500887,0.33180086626870736,Toluene,0.05056735142131466,True,True,True,12.653214957081989,-0.3790967009425442
10,Ethanol,50.0,Acetaldehyde,False,0.48885691889557814,0.015558534545394798,Toluene,0.052729356156509866,True,True,True,12.184315444332075,-0.40470973999806803
10,Toluene,100.0,Toluene,True,0.9997617255185259,0.9996070810015307,Toluene,0.5854942274323583,False,False,False,6.214954787448942,0.6062773029714106
10,Ethanol,600.0,Ethanol,True,0.9999999999665059,0.9999999999330187,Acetaldehyde,0.1572108722784983,False,False,False,-0.2714362710467479,-3.222248498631571
10,Toluene,60.0,Toluene,True,0.9999888893573532,0.9999803902283643,Toluene,0.20712684517519625,False,False,False,8.346543906500647,0.36516993398088265
10,Ethanol,1000.0,Ethanol,True,0.9999999999999396,0.9999999999998791,Acetaldehyde,0.07433859787191828,False,True,True,-7.187671539061917,-4.730548507063043
10,Acetone,10.0,Acetone,True,0.8775899037733189,0.7552138467393457,Toluene,0.06110879332595663,False,True,True,10.719900836968309,-0.45028804110518017
10,Ammonia,50.0,Toluene,False,0.9999999482692272,0.9999999053762969,Toluene,0.20029731696979394,False,False,False,9.394159591616035,1.2390399763823121
10,Acetone,250.0,Ammonia,False,0.7204833932395616,0.4411733175834074,Ethylene,0.23713339031735284,False,False,False,0.8869370756149227,2.139008026520906
10,Ammonia,600.0,Ammonia,True,0.9999999999997269,0.9999999999995044,Acetone,0.12738978529554137,False,True,True,-9.606248685696787,4.067958282033421
10,Acetone,150.0,Toluene,False,0.7663477768114784,0.5410319634112621,Toluene,0.19885305418479876,False,False,False,4.816715465889593,1.493402187135411
10,Ammonia,1000.0,Ammonia,True,1.0,1.0,Acetone,0.05585625726887708,False,True,True,-25.15337092786971,5.517204674190993
10,Acetone,50.0,Toluene,False,0.8337624940977442,0.6676481466777499,Toluene,0.1856598722906108,False,False,False,8.584124952179433,0.34299302843091556
10,Ammonia,200.0,Toluene,False,0.9992872313176013,0.998578778062363,Ethylene,0.12672649981835563,False,True,True,3.589776210210604,3.0331450198961494
10,Acetone,100.0,Toluene,False,0.9608305179847871,0.9351408581877205,Toluene,0.8224369835674921,False,False,False,6.596271797915666,0.9702845995054854
10,Ammonia,800.0,Ammonia,True,0.9999999999999987,0.9999999999999973,Acetone,0.07338539286919908,False,True,True,-18.090320642876762,5.157228774205778
10,Acetone,200.0,Ethylene,False,0.5402725468204261,0.24576801584976937,Ethylene,0.3824140969954928,True,False,True,2.8460748421981252,2.235739387914248
10,Ammonia,400.0,Ammonia,True,0.9999998657478644,0.9999997340754562,Ammonia,0.2380362136326981,False,False,False,-3.760830800693155,4.484375383650264
10,Acetone,150.0,Toluene,False,0.7694815957901099,0.5468162764841464,Toluene,0.11741659174037955,False,True,True,4.634845857429972,1.7560586519549881
10,Ammonia,1000.0,Ammonia,True,1.0,0.9999999999999999,Acetone,0.04780131281622218,False,True,True,-27.024334634588353,6.546690366486381
10,Acetone,50.0,Toluene,False,0.79300781570106,0.5860924300311277,Toluene,0.1947029500715428,False,False,False,8.565483224505543,0.4020122784276906
10,Ammonia,200.0,Toluene,False,0.9999695764288306,0.9999410533545742,Ethylene,0.21711176511741578,False,False,False,3.224394698333068,2.8229390227438054
10,Acetone,100.0,Toluene,False,0.9810491319989245,0.9677460657082317,Toluene,0.8868085714246979,False,False,False,6.529258029903933,1.122432071233877
10,Ammonia,800.0,Ammonia,True,0.9999999999999987,0.9999999999999976,Acetone,0.07484452288359661,False,True,True,-17.8757736444172,5.082314141903113
10,Acetone,200.0,Ethylene,False,0.46757927256661,0.023545571307727053,Ethylene,0.3723799574554381,True,False,True,2.9660966757839713,2.189919692475703
10,Ammonia,400.0,Ammonia,True,0.9999938581651032,0.9999882282202086,Ammonia,0.16519101915840428,False,False,False,-3.630413080635514,3.932950856244146
10,Acetone,10.0,Acetone,True,0.7121674115594026,0.424363797514078,Toluene,0.06606967831636999,False,True,True,10.793429438890467,-0.33606688245980976
10,Ammonia,50.0,Toluene,False,0.9999999001329936,0.9999998092399238,Toluene,0.32705837227045204,False,False,False,8.21975459691944,1.3324863652518013
10,Acetone,250.0,Ammonia,False,0.785684660552386,0.5720909102320844,Ethylene,0.2822966596998657,False,False,False,1.22417200424669,2.246578056064896
10,Ammonia,600.0,Ammonia,True,0.9999999999891038,0.9999999999826915,Acetone,0.09183837097443108,False,True,True,-10.287478338183684,4.8241438113054125
10,Acetone,50.0,Toluene,False,0.9190367471247884,0.8383202834892487,Toluene,0.1818711076287247,False,False,False,8.79910835318184,0.43511696386971077
10,Ammonia,200.0,Toluene,False,0.9999885738403941,0.9999820648872488,Ethylene,0.23121342232887815,False,False,False,3.3794675545697146,2.5063624613790916
10,Acetone,100.0,Toluene,False,0.9718996210539009,0.9577003800856597,Toluene,0.7770434308866369,False,False,False,6.699846953399748,1.0445422800949271
10,Ammonia,800.0,Ammonia,True,0.9999999999999967,0.9999999999999937,Acetone,0.0872438931719185,False,True,True,-16.6476345470272,4.451677005057427
10,Acetone,200.0,Ammonia,False,0.5844036626157074,0.2098256132287959,Ethylene,0.3251967753534348,True,False,True,3.2295469256888114,2.1566179270094037
10,Ammonia,400.0,Ammonia,True,0.999995576402269,0.9999914797375767,Ammonia,0.16669872533212957,False,False,False,-2.956618082084061,3.4060364794309765
10,Acetone,10.0,Acetone,True,0.748386421349743,0.49689966228725263,Toluene,0.06356445021917154,False,True,True,11.092077603329463,-0.3306430583254849
10,Ammonia,50.0,Toluene,False,0.9999998586461429,0.9999997262264627,Toluene,0.3096075151737851,False,False,False,8.275852054005622,1.1804368140440373
10,Acetone,250.0,Ammonia,False,0.9384973355592141,0.8770999258344634,Ethylene,0.3585934571838367,False,False,False,1.480061585367381,2.1580578250473046
10,Ammonia,600.0,Ammonia,True,0.9999999999871441,0.9999999999749523,Acetone,0.13434252385817524,False,True,True,-9.8278281830902,3.9219324317075692
10,Acetone,150.0,Toluene,False,0.7339525916908732,0.47876000566018373,Toluene,0.30759515436336543,False,False,False,5.057295756323573,1.5814036020752258
10,Ammonia,1000.0,Ammonia,True,0.9999999999999991,0.9999999999999982,Acetone,0.06312299827225708,False,True,True,-25.46748688200278,4.104115898221748
10,Acetone,10.0,Acetone,True,0.5063928726364736,0.0128396385835019,Toluene,0.06609515120676329,True,True,True,10.975327916439596,-0.2977057767399978
10,Ammonia,50.0,Toluene,False,0.9999998987328642,0.9999998049783132,Toluene,0.30537423082445364,False,False,False,8.30491385424278,1.1791190897470913
10,Acetone,50.0,Toluene,False,0.7915810675329873,0.5837396334004558,Toluene,0.16942106843114443,False,False,False,8.856061646515691,0.3550435283968825
10,Ammonia,200.0,Toluene,False,0.999989915549418,0.9999847123313803,Ethylene,0.2379551573107574,False,False,False,3.3370711324687203,2.5222824838929068
10,Acetone,100.0,Toluene,False,0.9697556244737031,0.9543132327886109,Toluene,0.7277530516197567,False,False,False,6.789926508025877,1.0606017627146822
10,Ammonia,800.0,Ammonia,True,0.9999999999999925,0.9999999999999853,Acetone,0.08780591296861205,False,True,True,-16.834616214448214,4.36210329985675
10,Acetone,200.0,Ethylene,False,0.4887438152386723,0.05225175278434396,Ethylene,0.3223259449394737,True,False,True,3.319188607949888,2.0605474979983582
10,Ammonia,400.0,Ammonia,True,0.999999579526937,0.9999992829436768,Ammonia,0.18441647275356512,False,False,False,-3.038035800093259,3.5382331263495113
10,Acetone,250.0,Ammonia,False,0.9494917471533548,0.8994157883772049,Ethylene,0.3152001577114881,False,False,False,1.5886996964779685,2.3896641210616036
10,Ammonia,600.0,Ammonia,True,0.9999999999991609,0.9999999999984529,Acetone,0.1560298930322825,False,False,False,-9.952789312793884,3.473932771641704
10,Acetone,150.0,Toluene,False,0.710871511424542,0.43696527434676047,Toluene,0.34138498693809105,False,False,False,5.120514762879373,1.4904519865893007
10,Ammonia,1000.0,Ammonia,True,0.9999999999999978,0.9999999999999956,Acetone,0.06916418742204188,False,True,True,-25.40631461454195,2.89358171644737
10,Acetone,200.0,Ethylene,False,0.5460495619342097,0.301967189059528,Ethylene,0.2880333629354652,True,False,True,3.4463226241299307,2.061273560239144
10,Ammonia,400.0,Ammonia,True,0.9999992793299257,0.9999987801593786,Ammonia,0.09039170490456791,False,True,True,-3.005597160722948,3.1409851616682647
10,Acetone,10.0,Acetone,True,0.6672089424763799,0.3345007959681631,Toluene,0.06759821459310159,True,True,True,10.977324073472607,-0.263526528646646
10,Ammonia,50.0,Toluene,False,0.9999997656614524,0.9999995471066339,Toluene,0.30007675947742035,False,False,False,8.334179922055112,1.1617565585937233
10,Acetone,250.0,Ammonia,False,0.9262186553546353,0.8527316558871364,Ethylene,0.3759723605307397,False,False,False,1.6101501365321824,2.186296291404078
10,Ammonia,600.0,Ammonia,True,0.9999999999993086,0.9999999999987353,Acetone,0.12967348790515754,False,True,True,-10.396531127945142,3.9661579709832493
10,Acetone,150.0,Toluene,False,0.7376830396687319,0.4903810348417877,Toluene,0.20262777482690658,False,False,False,4.843863927232144,1.867006553215234
10,Ammonia,1000.0,Ammonia,True,0.9999999999999991,0.9999999999999981,Acetone,0.06945982419064359,False,True,True,-25.32347667953134,2.988136216705384
10,Acetone,50.0,Toluene,False,0.896289136181448,0.7926903734705475,Toluene,0.1712729799126456,False,False,False,8.859575512373285,0.3738988741189134
10,Ammonia,200.0,Toluene,False,0.9999697555543389,0.9999528816973481,Ethylene,0.2482926671311463,False,False,False,3.328500121677899,2.4667771499940034
10,Acetone,100.0,Toluene,False,0.9543607066237487,0.9285753910095702,Toluene,0.7065527128343793,False,False,False,6.812403947648327,0.9971358581129544
10,Ammonia,800.0,Ammonia,True,0.9999999999999909,0.999999999999982,Acetone,0.0925128000547164,False,True,True,-17.165899109910136,3.9173837216127967
10,Acetone,50.0,Toluene,False,0.873326307416027,0.7470035396019468,Toluene,0.17218102882331698,False,False,False,8.886371459939701,0.39762569068465453
10,Ammonia,200.0,Toluene,False,0.9999569032540958,0.9999263991672526,Ethylene,0.23185603680738928,False,False,False,3.3098090360407926,2.601583601686428
10,Acetone,100.0,Toluene,False,0.9534058581149017,0.9236781852269464,Toluene,0.8025270249621123,False,False,False,6.663694584846387,1.1089592811097109
10,Ammonia,800.0,Ammonia,True,0.9999999999999953,0.9999999999999909,Acetone,0.09278300882209893,False,True,True,-17.182964963262794,3.8911956328532327
10,Acetone,200.0,Ethylene,False,0.5561935993279111,0.1563223927509499,Ethylene,0.323909326196682,True,False,True,3.2420438120825468,2.1484264368356145
10,Ammonia,400.0,Ammonia,True,0.9999995922764146,0.9999993286288792,Ammonia,0.2069617559717817,False,False,False,-3.4161516796890554,3.95291738085196
10,Acetone,10.0,Acetone,True,0.6553277225228973,0.3107072330200694,Toluene,0.06822181418299315,True,True,True,10.845222095790877,-0.27987965743845455
10,Ammonia,50.0,Toluene,False,0.9999998872403723,0.9999997906164824,Toluene,0.2988872330726807,False,False,False,8.340343347776878,1.1569436680700516
10,Acetone,250.0,Ammonia,False,0.7697758552210925,0.5398674389437949,Ethylene,0.32016376090377924,False,False,False,1.489086877023847,2.304351523660004
10,Ammonia,600.0,Ammonia,True,0.9999999999989093,0.9999999999980297,Acetone,0.16516062179548122,False,False,False,-9.988044614544274,3.281455312355727
10,Acetone,150.0,Toluene,False,0.5743794879482147,0.16168924328258305,Toluene,0.3058017913740711,True,False,True,5.054831368301058,1.5943605848315776
10,Ammonia,1000.0,Ammonia,True,0.9999999999999971,0.9999999999999942,Acetone,0.06852648722720038,False,True,True,-25.26646431965405,2.5980537620726833
10,Acetone,150.0,Toluene,False,0.6990325480557154,0.40821416403967775,Toluene,0.35116460536685024,True,False,True,5.16153143129968,1.62981465700029
10,Ammonia,1000.0,Ammonia,True,0.9999999999999953,0.9999999999999907,Acetone,0.06479820233156632,False,True,True,-25.558606719090598,1.998707751903364
10,Acetone,50.0,Toluene,False,0.919037133226182,0.83827507283793,Toluene,0.17753111366085514,False,False,False,8.89583864566098,0.454451018572733
10,Ammonia,200.0,Toluene,False,0.9999827993900837,0.9999714982191521,Ethylene,0.24617434284197587,False,False,False,3.366674386358572,2.4265915948451284
10,Acetone,100.0,Toluene,False,0.9764572411840622,0.9600627031201927,Toluene,0.7769941941274366,False,False,False,6.70182616702485,1.0540400377221628
10,Ammonia,800.0,Ammonia,True,0.9999999999999669,0.999999999999934,Acetone,0.10347137380717093,False,True,True,-16.93074357367852,3.198543413147212
10,Acetone,200.0,Ethylene,False,0.5207889702080885,0.09441925057862932,Ethylene,0.33754395942874504,True,False,True,3.301709730141698,2.0075628076083825
10,Ammonia,400.0,Ammonia,True,0.9999997677004142,0.9999996364386858,Ammonia,0.1643772725624584,False,False,False,-3.39963397459355,3.7349672689415585
10,Acetone,10.0,Acetone,True,0.7683288278284843,0.5367570091785877,Toluene,0.06362708436740373,False,True,True,11.039306652520123,-0.3401030547322699
10,Ammonia,50.0,Toluene,False,0.9999996735627874,0.9999993801801256,Toluene,0.30691027826043543,False,False,False,8.255775909866392,1.1053642120531308
10,Acetone,250.0,Ammonia,False,0.8919881430762935,0.7841748220213766,Ethylene,0.3211944316793411,False,False,False,1.4052674974197585,2.2403720124716817
10,Ammonia,600.0,Ammonia,True,0.9999999999982647,0.9999999999967508,Acetone,0.14213107759875743,False,True,True,-10.302594379629145,3.7027943431760284
10,Acetone,250.0,Ammonia,False,0.934474211408036,0.8690639347824398,Ethylene,0.3238627753843396,False,False,False,1.5585757132885445,2.338617606602328
10,Ammonia,600.0,Ammonia,True,0.9999999999993159,0.9999999999988765,Acetone,0.16958117236193054,False,False,False,-10.250395722297979,3.116490052782328
10,Acetone,150.0,Ethylene,False,0.5614244865147113,0.14766394897581592,Toluene,0.22099858842568876,True,False,True,4.865358917290817,1.543025967001686
10,Ammonia,1000.0,Ammonia,True,0.9999999999999936,0.9999999999999871,Acetone,0.06594929042386793,False,True,True,-25.989963895279438,2.6718533649416623
10,Acetone,10.0,Acetone,True,0.8989314233661395,0.7978791537183668,Toluene,0.06026145476291327,False,True,True,10.714800440439454,-0.4680664380670791
10,Ammonia,50.0,Toluene,False,0.9999996647562093,0.9999993761411962,Toluene,0.30055181861117447,False,False,False,8.25059102108512,1.0217832784967296
10,Acetone,50.0,Acetone,True,0.6471648305746607,0.29453509841982006,Toluene,0.17877116026779993,True,False,True,8.44940911093938,0.2283098877138734
10,Ammonia,200.0,Toluene,False,0.999973952330579,0.9999518527742172,Ethylene,0.3234571664549997,False,False,False,2.9490235764554003,2.4477058898378456
10,Acetone,100.0,Toluene,False,0.8424017314263785,0.7019067549400122,Toluene,0.8410993640227847,False,False,False,6.328767332938609,0.8915806354080814
10,Ammonia,800.0,Ammonia,True,0.9999999999999796,0.9999999999999591,Acetone,0.07589021548826719,False,True,True,-18.24684019037018,4.91434867375014
10,Acetone,200.0,Ammonia,False,0.6600969234456946,0.33267894011508403,Ethylene,0.41102294630955505,True,False,True,2.7743785479873067,2.155176969256257
10,Ammonia,400.0,Ammonia,True,0.9999997824311282,0.9999995956205304,Ammonia,0.049866110084898996,False,True,True,-3.914378181020641,3.5897089623499103
10,Acetone,10.0,Acetone,True,0.9528065975581715,0.905631309833471,Toluene,0.06317106650615258,False,True,True,10.690296002861796,-0.41355785031290054
10,Ammonia,50.0,Toluene,False,0.9999997751685828,0.999999565267631,Toluene,0.33773238181271115,False,False,False,8.055621976195598,1.0991848588301427
10,Acetone,250.0,Ammonia,False,0.9439343624461861,0.8879811395783521,Ethylene,0.26943567567471,False,False,False,0.9901961331968263,2.1010407348818814
10,Ammonia,600.0,Ammonia,True,0.9999999999999156,0.9999999999998592,Acetone,0.09284158234503168,False,True,True,-12.109242374728735,4.845018319654542
10,Acetone,150.0,Toluene,False,0.4792812584643062,0.0073730793759922975,Toluene,0.06298212583277199,True,True,True,4.52289461034081,1.526687303443991
10,Ammonia,1000.0,Ammonia,True,0.9999999999999969,0.9999999999999938,Acetone,0.06513028909387207,False,True,True,-25.736337532516213,2.2344735046830038
10,Acetone,50.0,Toluene,False,0.7365867060631952,0.4734124189521981,Toluene,0.1693016004870813,False,False,False,8.667141344184715,0.2584210514415798
10,Ammonia,200.0,Toluene,False,0.9996454426842943,0.9993278807754817,Ethylene,0.3096429986047061,False,False,False,3.1371886086501255,2.3405555542283847
10,Acetone,100.0,Toluene,False,0.9119628418264766,0.835005346589435,Toluene,0.8222392826827277,False,False,False,6.328257673684206,0.8680155119305264
10,Ammonia,800.0,Ammonia,True,0.9999999999999987,0.9999999999999972,Acetone,0.09321495177292095,False,True,True,-17.60012243621278,3.7020084769083175
10,Acetone,200.0,Ethylene,False,0.5650655999351841,0.17029077475814108,Ethylene,0.4223108936469182,True,False,True,2.8404478146281087,2.0645830694277447
10,Ammonia,400.0,Ammonia,True,0.9999999821491196,0.9999999720979503,Ammonia,0.030335405770932345,False,True,True,-3.4825633433414764,3.21728064313756
10,Acetone,50.0,Acetone,True,0.5110670804424574,0.022443292843383422,Toluene,0.17185379210977653,True,False,True,8.566275023495345,0.23164450383841115
10,Ammonia,200.0,Toluene,False,0.9994437619283235,0.9989464570258192,Ethylene,0.3256518920481453,False,False,False,3.0518794154359727,2.342320785496795
10,Acetone,100.0,Toluene,False,0.9342466601974064,0.8870598705171971,Toluene,0.834008298322167,False,False,False,6.4919924125287185,0.8954964443720124
10,Ammonia,800.0,Ammonia,True,0.9999999999999549,0.9999999999999098,Acetone,0.09875131911630998,False,True,True,-19.543492570810358,2.101283199902581
10,Acetone,200.0,Ammonia,False,0.5059821569003928,0.0539519889060075,Ethylene,0.41824914733646373,True,False,True,3.083108088750578,1.888400619481221
10,Ammonia,400.0,Ammonia,True,0.9999999640524351,0.999999944889803,Ammonia,0.058204488930418345,False,True,True,-3.5448417759392314,3.374217465179699
10,Acetone,10.0,Acetone,True,0.884232013757938,0.7685272568104129,Toluene,0.058939710938633316,False,True,True,10.931061609733687,-0.46424292839852316
10,Ammonia,50.0,Toluene,False,0.9999997555552989,0.9999995611766008,Toluene,0.2926883431655677,False,False,False,8.336831916737134,1.0698101097363366
10,Acetone,250.0,Ammonia,False,0.9441184633783816,0.8883305257987646,Ethylene,0.352041334475846,False,False,False,1.208943372257377,1.9656192822165446
10,Ammonia,600.0,Ammonia,True,0.9999999999997198,0.9999999999995421,Acetone,0.14863832061598645,False,True,True,-10.519679701300312,3.5154744759499086
10,Acetone,150.0,Ethylene,False,0.6692744974906459,0.37225739531965296,Toluene,0.2014907372051356,True,False,True,4.824748802962228,1.295467913874184
10,Ammonia,1000.0,Ammonia,True,0.9999999999999998,0.9999999999999997,Acetone,0.06604187788947793,False,True,True,-25.771379776164007,2.4859167930850976
10,Toluene,1.0,Toluene,True,0.9757257003872553,0.9560642870057422,Toluene,0.0741567251594397,False,True,True,12.182323564239296,0.3454495066597418
10,Acetaldehyde,10.0,Ethylene,False,0.9469100604562349,0.9108386732267767,Toluene,0.10454601279437173,False,True,True,11.336469617213071,0.8656150859804765
10,Toluene,100.0,Ethylene,False,0.9999948311305324,0.9999899089385281,Ammonia,0.3066703102764754,False,False,False,1.1060033415588468,4.616046741290145
10,Acetaldehyde,150.0,Ammonia,False,0.9999999814788424,0.9999999629775048,Ammonia,0.036793040097249305,False,True,True,-10.311590218255578,8.783430680473058
10,Toluene,60.0,Ethylene,False,0.999999233024171,0.9999987891919414,Toluene,0.19334098365828734,False,False,False,5.234915577254966,3.461755232038731
10,Acetaldehyde,250.0,Ammonia,False,0.999999999999968,0.999999999999936,Acetone,0.009251222527762492,False,True,True,-31.033513014298183,16.60949736964994
10,Toluene,20.0,Ethylene,False,0.9528807098603301,0.9068473941316024,Toluene,0.2272806302968967,False,False,False,9.281695204045265,1.7340144660194365
10,Acetaldehyde,50.0,Ammonia,False,0.9996716489066196,0.9993473523465471,Toluene,0.03926514235317905,False,True,True,4.364151951463872,4.400598787638744
10,Toluene,40.0,Ethylene,False,0.999990710830388,0.9999843116844525,Toluene,0.4038434085522076,False,False,False,7.033848280699221,2.7232128693347875
10,Acetaldehyde,200.0,Ammonia,False,0.9999999999950373,0.9999999999900746,Acetone,0.006142965956157567,False,True,True,-21.717001637166412,13.247041143205916
10,Toluene,80.0,Ethylene,False,0.9830509703614123,0.9661039344778263,Ammonia,0.07218262034572942,False,True,True,2.560946487541273,4.819864445404371
10,Acetaldehyde,100.0,Ammonia,False,0.9999998521247883,0.9999997042504714,Ammonia,0.36050131765630294,False,False,False,-3.697290763415208,7.968129436535032
10,Toluene,60.0,Ethylene,False,0.9995124660202431,0.9990265219474005,Toluene,0.08150295916794217,False,True,True,4.651187817452643,3.940421360111386
10,Acetaldehyde,250.0,Ammonia,False,0.9999999999999969,0.9999999999999937,Acetone,0.007874883617132868,False,True,True,-33.313944875055185,18.020392473439998
10,Toluene,20.0,Ethylene,False,0.9221466451094098,0.8453938239872772,Toluene,0.2255409962133704,False,False,False,9.313028832226887,1.7585702469446836
10,Acetaldehyde,50.0,Ammonia,False,0.9969638220565745,0.9946734937379487,Toluene,0.09548216460116608,False,True,True,4.720034671570896,3.778963796280457
10,Toluene,40.0,Ethylene,False,0.9999805062740105,0.9999642647746392,Toluene,0.3936747247078949,False,False,False,6.767766891729048,2.8755282466605157
10,Acetaldehyde,200.0,Ammonia,False,0.9999999999977991,0.9999999999955981,Acetone,0.005796806278071721,False,True,True,-22.250154386396602,13.579293535793994
10,Toluene,80.0,Ethylene,False,0.9056420175547248,0.8112881586101485,Ammonia,0.08888596523230521,False,True,True,2.567972396772625,4.955965087439826
10,Acetaldehyde,100.0,Ammonia,False,0.9999997148715993,0.999999429747019,Ammonia,0.34326838986888436,False,False,False,-3.978525794797443,7.619399981823414
10,Toluene,1.0,Toluene,True,0.9928270380825872,0.9868288275098526,Toluene,0.07632966400132754,False,True,True,12.17560403186324,0.42237195018152246
10,Acetaldehyde,10.0,Ammonia,False,0.5231358612030631,0.12384468259953813,Toluene,0.11029686652558994,True,True,True,11.245783356353831,0.9783616122463143
10,Toluene,100.0,Ethylene,False,0.9987235142365766,0.9974472973045864,Ammonia,0.430380372623997,False,False,False,0.8706364445354096,5.1677973685775225
10,Acetaldehyde,150.0,Ammonia,False,0.9999999963232304,0.9999999926464903,Ammonia,0.029495249972835706,False,True,True,-11.427212487443402,9.488187372902487
10,Toluene,20.0,Ethylene,False,0.9424062500372627,0.8862652542767414,Toluene,0.21264223502482646,False,False,False,9.440355648609518,1.6331494061549099
10,Acetaldehyde,50.0,Ammonia,False,0.9587998855758799,0.9187084407122244,Toluene,0.14260505089888073,False,True,True,4.888126410752948,3.28193049847861
10,Toluene,40.0,Ethylene,False,0.9999850573981803,0.9999773212688564,Toluene,0.4048844058451809,False,False,False,6.931807932506002,2.751647406332494
10,Acetaldehyde,200.0,Ammonia,False,0.99999999865706,0.9999999973177153,Acetone,0.019522316447756694,False,True,True,-19.419605126689273,10.375398661730122
10,Toluene,80.0,Ethylene,False,0.9999340115149212,0.9998685567290919,Ethylene,0.022894610397269553,False,True,True,2.838108777764632,4.4049234721484956
10,Acetaldehyde,100.0,Ammonia,False,0.9999828126205449,0.999966219751441,Ammonia,0.5370926434471828,False,False,False,-2.786761538509587,6.047548838645998
10,Toluene,1.0,Toluene,True,0.9945997743190206,0.9906130250928499,Toluene,0.07638024106874192,False,True,True,11.901566974669919,0.291628886215108
10,Acetaldehyde,10.0,Ammonia,False,0.4771991596179186,0.12768695972531152,Toluene,0.10280082803794932,True,True,True,11.416822291444657,0.8693597446001095
10,Toluene,100.0,Ethylene,False,0.9985785614401056,0.9971584038454983,Ammonia,0.4044124688609399,False,False,False,0.9053513115116318,4.991803613794974
10,Acetaldehyde,150.0,Ammonia,False,0.9999999613660692,0.9999999228182175,Ammonia,0.023049388896729778,False,True,True,-11.199758190225845,8.92581806180948
10,Toluene,60.0,Ethylene,False,0.9999915138546855,0.9999836097893434,Toluene,0.15864577440855204,False,False,False,5.037971148489158,3.492406938406208
10,Acetaldehyde,250.0,Ammonia,False,0.9999999999094946,0.9999999998191172,Acetone,0.020727931656865446,False,True,True,-28.273065230447475,12.472781369774442
10,Toluene,1.0,Toluene,True,0.9933925323982731,0.9878664044693752,Toluene,0.07709917634709725,False,True,True,12.117375904625003,0.4211215531648391
10,Acetaldehyde,10.0,Ethylene,False,0.689787199624494,0.5613379265873517,Toluene,0.0986091755784769,True,True,True,11.502886609670837,0.7942336512344244
10,Toluene,20.0,Ethylene,False,0.8825026442257909,0.7669264915830316,Toluene,0.21178509114768287,False,False,False,9.422946365365956,1.5688544380052534
10,Acetaldehyde,50.0,Ammonia,False,0.9937936072970572,0.9883300839681332,Toluene,0.15010285738672488,False,False,False,4.965477045744441,3.4185474503387603
10,Toluene,40.0,Ethylene,False,0.9999904545413776,0.9999846112683108,Toluene,0.3983449559649426,False,False,False,7.0436055248354155,2.7635200365830794
10,Acetaldehyde,200.0,Ammonia,False,0.9999999978049123,0.9999999956186848,Acetone,0.019803974577900424,False,True,True,-19.551935567282378,10.385711501796782
10,Toluene,80.0,Ethylene,False,0.9998694200179896,0.9997394338796546,Ethylene,0.03260127658359787,False,True,True,2.9358536151565824,4.411228562031146
10,Acetaldehyde,100.0,Ammonia,False,0.9999896986741286,0.9999808176814033,Ammonia,0.596586296868419,False,False,False,-2.4684918395656585,6.053674362898153
10,Toluene,100.0,Ethylene,False,0.9973997143244709,0.9947999583729299,Ammonia,0.43182043913354773,False,False,False,0.8627559355197459,5.162817637540232
10,Acetaldehyde,150.0,Ammonia,False,0.9999998276223674,0.9999996560935833,Ammonia,0.01489273547858918,False,True,True,-10.841418328894225,8.250942088678132
10,Toluene,60.0,Ethylene,False,0.9999971214915557,0.9999948115048796,Toluene,0.1751300475619756,False,False,False,5.149953541648237,3.5257122871722775
10,Acetaldehyde,250.0,Ammonia,False,0.9999999996334232,0.9999999993235463,Acetone,0.023897385379064204,False,True,True,-28.21961589296646,11.68913845113673
10,Toluene,80.0,Ethylene,False,0.9999679076168924,0.999936039733198,Ethylene,0.06703355192168223,False,True,True,3.1834959122517876,4.345775924577747
10,Acetaldehyde,100.0,Ammonia,False,0.9999928716019759,0.9999859146300158,Ammonia,0.5574056823981407,False,False,False,-2.6503057156415113,6.181188558985831
10,Toluene,1.0,Toluene,True,0.993933450211754,0.9890828179141343,Toluene,0.07465467934140861,False,True,True,12.202339040961332,0.3734932126493559
10,Acetaldehyde,10.0,Ethylene,False,0.4675950936356584,0.12024349326632044,Toluene,0.10066140477235629,True,True,True,11.469584456573651,0.83797124876264
10,Toluene,100.0,Ethylene,False,0.9928146665229578,0.9856317190784539,Ammonia,0.4452467189903992,False,False,False,0.8105881450851395,5.172716865634657
10,Acetaldehyde,150.0,Ammonia,False,0.9999999857110997,0.9999999714244031,Ammonia,0.02651604150544882,False,True,True,-11.814406607074964,9.673171345980093
10,Toluene,60.0,Ethylene,False,0.9998486053669721,0.9996982084563678,Toluene,0.11107024186773926,False,True,True,4.837904218676635,3.850717475003616
10,Acetaldehyde,250.0,Ammonia,False,0.9999999992678907,0.9999999986317919,Acetone,0.02324761161164553,False,True,True,-28.00300447557016,11.813813996953003
10,Toluene,20.0,Ethylene,False,0.9543335176528865,0.9099154598267117,Toluene,0.20073721293271524,False,False,False,9.602183592382513,1.603186347692838
10,Acetaldehyde,50.0,Ammonia,False,0.9186413355385387,0.838294030188816,Toluene,0.16588256095712212,False,False,False,5.039953346973446,3.3743360257422594
10,Toluene,40.0,Ethylene,False,0.9999840695597453,0.9999724747349921,Toluene,0.40633366072166166,False,False,False,6.993630834908734,2.7193441800787173
10,Acetaldehyde,200.0,Ammonia,False,0.9999999989187383,0.9999999979091487,Acetone,0.017475176331904905,False,True,True,-20.133134157402765,10.873053900121691
10,Toluene,20.0,Ethylene,False,0.9193853101025402,0.8411432922234992,Toluene,0.20987098965191067,False,False,False,9.488553585880895,1.6524128296174596
10,Acetaldehyde,50.0,Ammonia,False,0.994470919517753,0.9894723074202904,Toluene,0.1252414877202934,False,True,True,4.872403907438417,3.6126986372017793
10,Toluene,40.0,Ethylene,False,0.9999882815025825,0.9999827207627189,Toluene,0.4054661344071785,False,False,False,7.042082294880768,2.7069401890276774
10,Acetaldehyde,200.0,Ammonia,False,0.9999999998721156,0.9999999997442374,Acetone,0.013621866843045538,False,True,True,-20.171355715215473,11.39871320246015
10,Toluene,80.0,Ethylene,False,0.9993719677230586,0.9987443191811628,Ammonia,0.004485333119113026,False,True,True,2.815329274294045,4.567354638205309
10,Acetaldehyde,100.0,Ammonia,False,0.9999977648827132,0.9999955301179131,Ammonia,0.41992965357816653,False,False,False,-3.385540901400965,7.013157847410605
10,Toluene,1.0,Toluene,True,0.9936303007107125,0.9890054057765596,Toluene,0.07537932112398857,False,True,True,12.183060697067313,0.3908780016289519
10,Acetaldehyde,10.0,Ethylene,False,0.42434531321649543,0.11596977605811754,Toluene,0.09883333093611898,True,True,True,11.524170319557696,0.8166477986242362
10,Toluene,100.0,Ethylene,False,0.9999303800079287,0.9998615061700563,Ammonia,0.35061031744011567,False,False,False,1.0427503785323262,4.818115480611663
10,Acetaldehyde,150.0,Ammonia,False,0.9999994773665033,0.9999991004872615,Ammonia,0.013747546401684458,False,True,True,-10.983055595062444,8.307371967108992
10,Toluene,60.0,Ethylene,False,0.9999944666735113,0.9999893842010952,Toluene,0.15919610729427922,False,False,False,5.057403597795879,3.539685079561933
10,Acetaldehyde,250.0,Ammonia,False,0.9999999995483368,0.9999999991674612,Acetone,0.023539157678916994,False,True,True,-28.22361764139428,11.776066466240813
10,Toluene,60.0,Ethylene,False,0.9999874078200959,0.999975198096378,Toluene,0.1636083584469356,False,False,False,5.112070249106305,3.6145590028291283
10,Acetaldehyde,250.0,Ammonia,False,0.9999999989686346,0.9999999982742981,Acetone,0.02362654667150934,False,True,True,-28.519090962450495,11.795754007646856
10,Toluene,20.0,Ethylene,False,0.9057953111234616,0.8128481806397,Toluene,0.21016230293139287,False,False,False,9.473052543516152,1.6271253428983141
10,Acetaldehyde,50.0,Ammonia,False,0.9910440903688361,0.9828305264465097,Toluene,0.13419694705703306,False,True,True,4.920235544939091,3.587127426277362
10,Toluene,40.0,Ethylene,False,0.9999841434300601,0.9999721763574273,Toluene,0.39302958838319024,False,False,False,7.050602920381448,2.8046007190545335
10,Acetaldehyde,200.0,Ammonia,False,0.9999999918296124,0.999999984909072,Acetone,0.023454294240739706,False,True,True,-19.813657038725946,10.029558196902425
10,Toluene,80.0,Ethylene,False,0.999898243106512,0.9997970357433559,Ethylene,0.041490619368812647,False,True,True,2.9245648875341677,4.346984602412698
10,Acetaldehyde,100.0,Ammonia,False,0.9999821137813223,0.999965024841675,Ammonia,0.54691705924072,False,False,False,-2.7474733577271753,5.9303312256327825
10,Toluene,1.0,Toluene,True,0.9910621912953361,0.9835051066917426,Toluene,0.07618690353475704,False,True,True,12.197243704728317,0.4280520064181874
10,Acetaldehyde,10.0,Ammonia,False,0.4122604841175675,0.030840228161543082,Toluene,0.10137441928693136,True,True,True,11.463956428654576,0.8573780090445721
10,Toluene,100.0,Ethylene,False,0.9972877436262717,0.9945759829435307,Ammonia,0.4286995841819682,False,False,False,0.8431109180474636,5.079663347292826
10,Acetaldehyde,150.0,Ammonia,False,0.999999969319314,0.9999999386499947,Ammonia,0.022005022813792054,False,True,True,-11.456536697085186,9.091000300683993
10,Toluene,100.0,Ethylene,False,0.9992111239068845,0.9984225203117705,Ammonia,0.36990283764098103,False,False,False,1.0870677165379372,5.06464340316856
10,Acetaldehyde,150.0,Ammonia,False,0.9997662170827685,0.9995389484534349,Acetone,0.04207945131793615,False,True,True,-10.269594633577416,6.043783990225538
10,Toluene,60.0,Ethylene,False,0.9999828129057937,0.9999659973515135,Toluene,0.13098048675842824,False,True,True,4.915203096288469,3.6416920186023165
10,Acetaldehyde,250.0,Ammonia,False,0.9999999999841216,0.9999999999686086,Acetone,0.02043780336663287,False,True,True,-30.237876801798752,12.899662561445435
10,Toluene,1.0,Toluene,True,0.9952034212519101,0.9911156738752398,Toluene,0.08107531286145606,False,True,True,11.970438917879584,0.48689542287020454
10,Acetaldehyde,10.0,Ammonia,False,0.7310555542739173,0.5541162229449472,Toluene,0.10984092993031332,False,True,True,11.217710944991193,0.9410719712212968
10,Toluene,20.0,Ethylene,False,0.819599263876,0.639985213213347,Toluene,0.24107906786344385,False,False,False,9.095679682303098,1.688583413326768
10,Acetaldehyde,50.0,Ammonia,False,0.9989956477874044,0.998397632864984,Toluene,0.041638297565398545,False,True,True,4.374178878764244,3.8303655862024057
10,Toluene,40.0,Ethylene,False,0.9999231211217932,0.9998529810562203,Toluene,0.39617780520296497,False,False,False,6.676878961337694,2.866890965975812
10,Acetaldehyde,200.0,Ammonia,False,0.9999999999958913,0.9999999999917825,Acetone,0.006521897936191391,False,True,True,-22.75700912016621,13.696726859481348
10,Toluene,80.0,Ethylene,False,0.9412830115096543,0.8825692618549049,Ammonia,0.09358182918259486,False,True,True,2.4062430391886847,4.818296856033927
10,Acetaldehyde,100.0,Ammonia,False,0.9999990974616116,0.9999981949456789,Ammonia,0.344415599167998,False,False,False,-3.9782262860635753,7.549863526681933
10,Toluene,1.0,Toluene,True,0.9966417540506782,0.9936649525715593,Toluene,0.08022808767951628,False,True,True,11.977178673159798,0.46063024215563886
10,Acetaldehyde,10.0,Ammonia,False,0.6531282355964344,0.4192971909830966,Toluene,0.11172654356176308,True,True,True,11.076656217851413,0.8868256800869931
10,Toluene,100.0,Ethylene,False,0.9759135313603632,0.9518286425845511,Ammonia,0.5694787423818158,False,False,False,0.37568204347672957,5.416749246482611
10,Acetaldehyde,150.0,Ammonia,False,0.9999999995779174,0.9999999991558349,Ammonia,0.029556176654150154,False,True,True,-13.076220807748083,11.147026314081351
10,Toluene,60.0,Ethylene,False,0.9996739562212645,0.9993501821781068,Toluene,0.06271042017731261,False,True,True,4.505525065542442,3.7263100744917357
10,Acetaldehyde,250.0,Ammonia,False,0.9999999907368743,0.9999999814790591,Acetone,0.022999214781099633,False,True,True,-28.894512336534106,12.004588088391912
10,Toluene,20.0,Ethylene,False,0.979040360496303,0.9586056515041385,Toluene,0.21841010664595534,False,False,False,9.361314713839791,1.635066506134447
10,Acetaldehyde,50.0,Ammonia,False,0.9340480187295224,0.8696157306040058,Toluene,0.13486870388843417,False,True,True,4.894453826830252,3.4741403421331087
10,Toluene,40.0,Ethylene,False,0.9999910171918623,0.9999874564463115,Toluene,0.43025427344782513,False,False,False,6.997146939471983,2.5407152061899136
10,Acetaldehyde,200.0,Ammonia,False,0.9999999999240761,0.9999999998481525,Acetone,0.012845760642805668,False,True,True,-20.9415111061347,11.819646872735955
10,Toluene,80.0,Ethylene,False,0.9826195043156644,0.9652405427921928,Ammonia,0.029952582692556427,False,True,True,2.5593619867010102,4.525347861640125
10,Acetaldehyde,100.0,Ammonia,False,0.9999667140048196,0.9999375679831933,Ammonia,0.5042113057176902,False,False,False,-2.970334085689638,5.875536905297299
10,Toluene,20.0,Ethylene,False,0.9278807262716287,0.8574595677997513,Toluene,0.21379987544592285,False,False,False,9.368895717978491,1.5151257533969529
10,Acetaldehyde,50.0,Ammonia,False,0.9939085559689919,0.988878704978805,Toluene,0.11381516879118478,False,True,True,4.786490231534199,3.5313284728348364
10,Toluene,40.0,Ethylene,False,0.9999888707943686,0.9999837609687544,Toluene,0.4229880965496317,False,False,False,6.953002211200238,2.6103251397772023
10,Acetaldehyde,200.0,Ammonia,False,0.9999999737536311,0.9999999489073785,Acetone,0.022428327968730857,False,True,True,-19.89794138742294,10.176785449302216
10,Toluene,80.0,Ethylene,False,0.9999293343917354,0.9998588873621337,Ethylene,0.06376982891217882,False,True,True,2.9376744968618462,4.2184064005067885
10,Acetaldehyde,100.0,Ammonia,False,0.9999813725968434,0.9999631373946755,Ammonia,0.555207152266898,False,False,False,-2.6685302591814586,6.155993452196602
10,Toluene,1.0,Toluene,True,0.9922758747834641,0.9858854861916083,Toluene,0.07537399884383698,False,True,True,12.111513772473502,0.3557182158393073
10,Acetaldehyde,10.0,Ethylene,False,0.8645588739331342,0.7744097838798635,Toluene,0.10300068430403987,False,True,True,11.134510106223575,0.6773503680955517
10,Toluene,100.0,Ethylene,False,0.9984518042273113,0.9969043783236785,Ammonia,0.3287314509426336,False,False,False,1.097016770703046,4.750105094341145
10,Acetaldehyde,150.0,Ammonia,False,0.9999998914208776,0.9999997830009889,Ammonia,0.014925744184257773,False,True,True,-11.6567891340174,8.876958101492178
10,Toluene,60.0,Ethylene,False,0.9999962838748129,0.9999928711511438,Toluene,0.16378678672091712,False,False,False,5.017607067950739,3.341583541449902
10,Acetaldehyde,250.0,Ammonia,False,0.9925537821462492,0.9851075671016998,Acetone,0.026384250854868976,False,True,True,-27.634992175020212,11.03818716043538
10,Ethylene,10.0,Acetone,False,0.4183633214039562,0.01395453790529011,Toluene,0.053713686008499954,True,True,True,12.522815626150676,-0.2896601293588624
10,Ethanol,50.0,Acetone,False,0.6916578486721996,0.5331320592269182,Toluene,0.06796348400060888,True,True,True,11.548306705588397,-0.10025194422342981
10,Ethylene,250.0,Toluene,False,0.8649665941557021,0.7432307639539765,Toluene,0.6935148889274789,False,False,False,6.019628376181562,1.3630773318449452
10,Ethanol,600.0,Ethanol,True,0.9999340581465084,0.9998869981860284,Acetaldehyde,0.10784174411632341,False,True,True,-2.618095095145661,-3.022252208317268
10,Ethylene,150.0,Toluene,False,0.9785008810104531,0.962107534244407,Toluene,0.2494982695954964,False,False,False,8.560883574768518,0.8880357470410681
10,Ethanol,1000.0,Ethanol,True,0.9998528816337076,0.9997058638544284,Acetaldehyde,0.04330805616499287,False,True,True,-9.297924312526977,-5.445227552800036
10,Ethylene,50.0,Toluene,False,0.9637606641866443,0.9442083562601274,Toluene,0.09054542069048681,False,True,True,10.817195769428666,0.1959142368714366
10,Ethanol,200.0,Ethanol,True,0.9962237664211963,0.9937433033072081,Ethanol,0.03193214224304498,False,True,True,7.865889628484027,-0.8869730678678371
10,Ethylene,100.0,Toluene,False,0.9843462461351603,0.9745218127832236,Toluene,0.15720886014090485,False,False,False,9.390714802148366,0.5484361741383595
10,Ethanol,800.0,Ethanol,True,0.9999980298687382,0.9999960858480006,Acetaldehyde,0.2457053249285706,False,False,False,-4.219667209527318,-4.024798864989438
10,Ethylene,200.0,Toluene,False,0.9865645749267352,0.9761572282420851,Toluene,0.5316322448683032,False,False,False,7.206725081392334,0.9677743846696997
10,Ethanol,400.0,Ethanol,True,0.9999555896555405,0.9999213814934177,Ethanol,0.09848730910355662,False,True,True,3.518113141820431,-1.8723690523960999
10,Ethylene,150.0,Toluene,False,0.9860755291430656,0.9779522996844856,Toluene,0.2631158937592568,False,False,False,8.316725189953987,0.7506684820736164
10,Ethanol,1000.0,Ethanol,True,0.9999993178280702,0.9999986404487744,Acetaldehyde,0.06398728972819223,False,True,True,-7.5660918298919375,-4.826722163311153
10,Ethylene,50.0,Toluene,False,0.9828329449622487,0.9741989168931277,Toluene,0.08973807433439528,False,True,True,10.751650201055556,0.15076977244986622
10,Ethanol,200.0,Ethanol,True,0.9973826074582695,0.9958425506881514,Ethanol,0.020370973994053073,False,True,True,8.026691177286972,-0.8980877792267661
10,Ethylene,100.0,Toluene,False,0.9928223161792415,0.9881780326172636,Toluene,0.15810014577347048,False,False,False,9.314627152447308,0.5091544103194713
10,Ethanol,800.0,Ethanol,True,0.9999989258947093,0.9999978814799046,Acetaldehyde,0.22116934716168193,False,False,False,-3.9377551316540944,-3.801771407540152
10,Ethylene,200.0,Toluene,False,0.9921001391834913,0.9863271642276732,Toluene,0.5336348045065206,False,False,False,7.152901633079237,0.8783205743007899
10,Ethanol,400.0,Ethanol,True,0.9999314212463307,0.9998758834339385,Ethanol,0.07604880708171019,False,True,True,3.5293532615778207,-1.6536199197696342
10,Ethylene,10.0,Ethylene,True,0.5561335396816428,0.289906288314462,Toluene,0.052900350458707675,True,True,True,12.299911344211099,-0.3733521219930582
10,Ethanol,50.0,Acetaldehyde,False,0.8015793394605009,0.6773640779786765,Toluene,0.05743984488337645,False,True,True,11.940967229777458,-0.30580103036113393
10,Ethylene,250.0,Toluene,False,0.9858419983993996,0.9768547578727995,Toluene,0.7986967916200248,False,False,False,6.127581825839989,1.1327669240763074
10,Ethanol,600.0,Ethanol,True,0.9999810128508182,0.9999633472326586,Acetaldehyde,0.07910865260538276,False,True,True,-1.8809176282763582,-2.750728344833708
10,Ethylene,50.0,Toluene,False,0.9894124323161342,0.981548727989883,Toluene,0.09217974150304717,False,True,True,10.84201656911155,0.24367824873977803
10,Ethanol,200.0,Ethanol,True,0.9830865736595134,0.9666687893844377,Ethanol,0.1069490830877376,False,True,True,7.08179399308325,-0.7387084848253753
10,Ethylene,100.0,Toluene,False,0.9952884625409214,0.9914868068020192,Toluene,0.15785992841548244,False,False,False,9.367645646853855,0.5413190229392442
10,Ethanol,800.0,Ethanol,True,0.9999739957542102,0.9999590177211994,Acetaldehyde,0.029488036199224826,False,True,True,-7.049023308434835,-4.257337863312977
10,Ethylene,200.0,Toluene,False,0.9767022437197993,0.957315189074231,Toluene,0.5098196380603094,False,False,False,7.235925559129461,0.9013756375555646
10,Ethanol,400.0,Ethanol,True,0.9994847797896679,0.9989855687440652,Ethylene,0.15161807005841407,False,False,False,2.3423630103363604,-1.8276911098134123
10,Ethylene,10.0,Toluene,False,0.6199045500984831,0.386979516282673,Toluene,0.052394584237306994,True,True,True,12.093147364177488,-0.4348301364399671
10,Ethanol,50.0,Ethanol,True,0.47502267769059014,0.14148498783390656,Toluene,0.05854376246892413,True,True,True,11.682573951407878,-0.33272821131241115
10,Ethylene,250.0,Toluene,False,0.947596422178548,0.9085045932268796,Toluene,0.6725152292152183,False,False,False,6.02258168336174,0.8781821757129977
10,Ethanol,600.0,Ethanol,True,0.9999831128842368,0.9999742803811468,Acetaldehyde,0.1365063482542445,False,True,True,-1.0983002765563012,-2.876662980002705
10,Ethylene,150.0,Toluene,False,0.9616661115742314,0.9397568555603765,Toluene,0.277114062671682,False,False,False,8.105502700813508,0.6532574510883792
10,Ethanol,1000.0,Ethanol,True,0.9999987170910641,0.9999974428275437,Acetaldehyde,0.07419723833886398,False,True,True,-7.457095763657511,-4.8793076943250275
10,Ethylene,10.0,Ethylene,True,0.4312210641327808,0.006210835841469586,Toluene,0.050913428728159536,True,True,True,12.182808888401285,-0.46659125123219747
10,Ethanol,50.0,Acetaldehyde,False,0.7261383070364936,0.5544596947632225,Toluene,0.0557526154452955,False,True,True,11.916410113396282,-0.3644267667082243
10,Ethylene,50.0,Toluene,False,0.9579980249777361,0.9327863010200665,Toluene,0.09266740019845315,False,True,True,10.418644726836675,0.07954620148580259
10,Ethanol,200.0,Ethanol,True,0.9958935475987591,0.9924422163336085,Ethanol,0.03533476104562731,False,True,True,7.773156569390686,-0.8589281875952816
10,Ethylene,100.0,Toluene,False,0.968487482658176,0.9510955527264594,Toluene,0.16561208681905068,False,False,False,9.067794654579501,0.4398235264012619
10,Ethanol,800.0,Ethanol,True,0.9999989897094406,0.9999980087995605,Acetaldehyde,0.26207845276958497,False,False,False,-3.7140922891058086,-3.846867768190886
10,Ethylene,200.0,Toluene,False,0.9812873867795396,0.9694397741644797,Toluene,0.5885371790068477,False,False,False,6.885444394699838,0.7345992826491113
10,Ethanol,400.0,Ethanol,True,0.9999495644396872,0.9999097082645537,Ethanol,0.232586149227105,False,False,False,3.96697055184887,-1.7767829113974778
10,Ethylene,250.0,Toluene,False,0.9863120630906707,0.9771252103091941,Toluene,0.5860270964618846,False,False,False,5.844130842401964,0.9393529878233915
10,Ethanol,600.0,Ethanol,True,0.9999987575056991,0.9999978907648589,Ethylene,0.011582952384410749,False,True,True,0.2134843667442871,-2.7219310224270106
10,Ethylene,150.0,Toluene,False,0.9816777286653863,0.9693307809143735,Toluene,0.29459431496562655,False,False,False,7.90529648774429,0.587366984791107
10,Ethanol,1000.0,Ethanol,True,0.999999904132633,0.9999998110351557,Acetaldehyde,0.07688763416326096,False,True,True,-6.643441081650662,-4.463462458551748
10,Ethylene,200.0,Toluene,False,0.9927497112575366,0.9884038578523102,Toluene,0.6468416510474038,False,False,False,6.808069657735015,0.8001988290908999
10,Ethanol,400.0,Ethanol,True,0.9999613811230396,0.9999319049498935,Ethanol,0.2717334472927639,False,False,False,4.0785838059827055,-1.7755558430945828
10,Ethylene,10.0,Ethylene,True,0.5010746514901728,0.10964909784313842,Toluene,0.050452893968490176,True,True,True,12.094852156292713,-0.4984202417332179
10,Ethanol,50.0,Acetaldehyde,False,0.760734036898578,0.6607533666111289,Toluene,0.05577530311793344,False,True,True,11.933380554291897,-0.35995945761696757
10,Ethylene,250.0,Toluene,False,0.9849253912402733,0.9755045203197925,Toluene,0.47790619788670063,False,False,False,5.680485546295649,0.8820263971895665
10,Ethanol,600.0,Ethanol,True,0.9999975451870216,0.9999957108052834,Acetaldehyde,0.0029639343584644574,False,True,True,0.10763997315385299,-2.713729552887487
10,Ethylene,150.0,Toluene,False,0.9921395235216937,0.9869692395618176,Toluene,0.2874207495030075,False,False,False,7.916636218319921,0.5573415857753207
10,Ethanol,1000.0,Ethanol,True,0.9999998772456415,0.9999997575209167,Acetaldehyde,0.10344909532507568,False,True,True,-6.222420305219599,-4.437302650637722
10,Ethylene,50.0,Toluene,False,0.9181962817143796,0.8624459472316328,Toluene,0.09278512811365545,False,True,True,10.462852647288267,0.09844744511404262
10,Ethanol,200.0,Ethanol,True,0.9970395997260779,0.9953815767285361,Ethanol,0.004940397250764161,False,True,True,8.266864374825927,-0.9020097953989141
10,Ethylene,100.0,Toluene,False,0.9858759930147384,0.9747786500632568,Toluene,0.16338869196092556,False,False,False,8.98725759981055,0.37017643607826284
10,Ethanol,800.0,Ethanol,True,0.9999994778364223,0.9999989832297561,Acetaldehyde,0.2573340983121119,False,False,False,-3.036607629748232,-3.6028335736572625
10,Ethylene,50.0,Toluene,False,0.9615274559345777,0.9308283194676401,Toluene,0.09326129960453,False,True,True,10.325586894187241,0.05624472382608293
10,Ethanol,200.0,Ethanol,True,0.9976844826563372,0.9962188573360127,Ethanol,0.007316347161421523,False,True,True,8.22598663583194,-0.9017235107870112
10,Ethylene,100.0,Toluene,False,0.9736489505657941,0.9543972339934067,Toluene,0.18156240646974003,False,False,False,8.850070365652728,0.4641598113788047
10,Ethanol,800.0,Ethanol,True,0.9999992442033673,0.999998518376624,Acetaldehyde,0.26879582579913397,False,False,False,-3.2258556494400885,-3.6928390048792057
10,Ethylene,200.0,Toluene,False,0.9807268207796571,0.9676116272433767,Toluene,0.8001345173940169,False,False,False,6.505593250105455,0.8537632230171327
10,Ethanol,400.0,Ethanol,True,0.9999801937087643,0.9999671561903356,Ethanol,0.2891997961748075,False,False,False,4.124249775708592,-1.8272325776282845
10,Ethylene,10.0,Toluene,False,0.41354464640775906,0.10819307512762688,Toluene,0.051277149911174436,True,True,True,12.031395579747931,-0.48314650739521153
10,Ethanol,50.0,Acetaldehyde,False,0.7363917019871733,0.5854389054914346,Toluene,0.056197307176900406,False,True,True,12.074919902598822,-0.31357764396878307
10,Ethylene,250.0,Toluene,False,0.9930562021080639,0.9886934154985095,Toluene,0.35731490275712563,False,False,False,5.345726302398081,1.0033386758770226
10,Ethanol,600.0,Ethanol,True,0.9999984046485885,0.9999969989227313,Acetaldehyde,0.02766113771352739,False,True,True,0.15850371968704877,-2.88521060625682
10,Ethylene,150.0,Toluene,False,0.9909672524254589,0.984330402227531,Toluene,0.34289051231780976,False,False,False,7.680991966117197,0.6425818933483851
10,Ethanol,1000.0,Ethanol,True,0.9999998927409499,0.9999997882637149,Acetaldehyde,0.11523258545313252,False,True,True,-6.185781936549439,-4.501008455049466
10,Ethylene,150.0,Toluene,False,0.9948736617832901,0.9909260865409575,Toluene,0.3359407570559785,False,False,False,7.653422766839294,0.5864886951938958
10,Ethanol,1000.0,Ethanol,True,0.9999999727103058,0.9999999460504967,Acetaldehyde,0.1394498165413421,False,True,True,-5.939140161651309,-4.51975042709593
10,Ethylene,50.0,Toluene,False,0.9732601635245531,0.9521209790507462,Toluene,0.09468545775671831,False,True,True,10.292198113854894,0.0693138811862185
10,Ethanol,200.0,Ethanol,True,0.998011150745405,0.9970019148465014,Ethanol,0.015259150277341251,False,True,True,8.257024449256729,-0.9665319164491847
10,Ethylene,100.0,Toluene,False,0.9823902154762996,0.9698541193879804,Toluene,0.18501173609820537,False,False,False,8.816433461011627,0.47500503777351066
10,Ethanol,800.0,Ethanol,True,0.9999996931605382,0.9999993941996532,Acetaldehyde,0.3041925757729113,False,False,False,-3.122853994058176,-3.773547017185592
10,Ethylene,200.0,Toluene,False,0.98594304561127,0.9787957771014976,Toluene,0.7972716111154406,False,False,False,6.499751255547076,0.8473293779513362
10,Ethanol,400.0,Ethanol,True,0.9999810545483588,0.9999723600158549,Ethanol,0.32541467432025684,False,False,False,4.227112880554625,-1.8561601448143308
10,Ethylene,10.0,Toluene,False,0.35405428351012963,0.03054207759273847,Toluene,0.051147932338932,True,True,True,12.021779184992392,-0.48906336495027475
10,Ethanol,50.0,Acetaldehyde,False,0.8761730029205207,0.7803076997734791,Toluene,0.054278346847184224,False,True,True,12.178834778026726,-0.3533001604269015
10,Ethylene,250.0,Toluene,False,0.9852464285918305,0.9778617370148378,Toluene,0.3431168085768431,False,False,False,5.287299496879388,1.0419865444620775
10,Ethanol,600.0,Ethanol,True,0.9999976326651715,0.9999954837992195,Acetaldehyde,0.0028426097331777068,False,True,True,0.2573058250811768,-2.833285280416046
10,Ethylene,250.0,Toluene,False,0.992194841217972,0.9875996412493432,Toluene,0.42478596936033736,False,False,False,5.525999298154681,0.961954970081925
10,Ethanol,600.0,Ethanol,True,0.9999993061762944,0.9999987165631915,Ethylene,0.05163676046217341,False,True,True,0.5317364077225365,-2.762503604850501
10,Ethylene,150.0,Toluene,False,0.9868010543298806,0.9800918144938513,Toluene,0.34181625373317653,False,False,False,7.722429486042556,0.6761149749376072
10,Ethanol,1000.0,Ethanol,True,0.9999999532709731,0.999999908203979,Acetaldehyde,0.11608168852722076,False,True,True,-6.202295789745544,-4.5170589308270435
10,Ethylene,10.0,Toluene,False,0.41102371907582147,0.0213188328207366,Toluene,0.05164968730267606,True,True,True,12.023296480661715,-0.47265039106939977
10,Ethanol,50.0,Acetaldehyde,False,0.8211006178016494,0.6847652712200019,Toluene,0.05459165633277126,False,True,True,12.180672557590132,-0.3422178055054095
10,Ethylene,50.0,Toluene,False,0.9885472514666163,0.9797280087146442,Toluene,0.09929269484307872,False,True,True,10.217324704464001,0.12097662227049431
10,Ethanol,200.0,Ethanol,True,0.9976629909827269,0.9963643187701384,Ethanol,0.031620424784856486,False,True,True,8.043471615585016,-0.9722708775251858
10,Ethylene,100.0,Toluene,False,0.9909591382817197,0.9844463886261046,Toluene,0.17876188644941252,False,False,False,8.900375803636019,0.46932324549575377
10,Ethanol,800.0,Ethanol,True,0.9999996204050168,0.9999992466363291,Acetaldehyde,0.32431113598642614,False,False,False,-3.306719748329257,-3.8950301414668744
10,Ethylene,200.0,Toluene,False,0.9965983729489373,0.993716887552989,Toluene,0.7272062255391389,False,False,False,6.600854000238606,0.792896062359431
10,Ethanol,400.0,Ethanol,True,0.9999826779542698,0.9999726002026882,Ethanol,0.3115625849962693,False,False,False,4.1889223316324165,-1.9556078707891649
10,Ethylene,10.0,Toluene,False,0.3904702969459351,0.03986186351776372,Toluene,0.05228868405689257,True,True,True,12.097688616628892,-0.43740843913244626
10,Ethanol,50.0,Acetaldehyde,False,0.8633621993025874,0.7560367403907824,Toluene,0.05442601049117364,False,True,True,12.185382081870836,-0.34675939716729154
10,Ethylene,250.0,Toluene,False,0.996858798868191,0.9949179650444985,Toluene,0.3935693906261564,False,False,False,5.377466807027545,1.1262615425874465
10,Ethanol,600.0,Ethanol,True,0.9999984284093467,0.9999969379806366,Acetaldehyde,0.04183568526844494,False,True,True,0.14344952119268292,-2.948321514894438
10,Ethylene,150.0,Toluene,False,0.9989632454116744,0.9981877698240536,Toluene,0.3458544194733189,False,False,False,7.743520656978311,0.719043853460953
10,Ethanol,1000.0,Ethanol,True,0.9999999689849449,0.9999999384360677,Acetaldehyde,0.1138808570233821,False,True,True,-6.340384933305914,-4.584023990468689
10,Ethylene,50.0,Toluene,False,0.9937244001246254,0.9889329453697637,Toluene,0.0963830814934508,False,True,True,10.436532246275545,0.1564052671253396
10,Ethanol,200.0,Ethanol,True,0.9971215469415569,0.9954397677744422,Ethanol,0.013128522491679959,False,True,True,8.319021276441456,-0.9781661716493598
10,Ethylene,100.0,Toluene,False,0.9975947187914034,0.9958042880225119,Toluene,0.19126903107304716,False,False,False,8.867804808692744,0.5713601437576167
10,Ethanol,800.0,Ethanol,True,0.9999996938843541,0.9999993925756019,Acetaldehyde,0.32735008792466175,False,False,False,-3.3918385177314567,-3.935070330200518
10,Ethylene,200.0,Toluene,False,0.9978735422508905,0.996448740050722,Toluene,0.8735150537845691,False,False,False,6.535310222518915,1.0070266208245804
10,Ethanol,400.0,Ethanol,True,0.9999863990009273,0.9999771695213467,Ethanol,0.2505577177508391,False,False,False,3.9972379807966023,-2.0126420937711735
10,Ethylene,50.0,Toluene,False,0.9957039221096249,0.9924176525601414,Toluene,0.09943706116454086,False,True,True,10.405205650801628,0.2010806841901615
10,Ethanol,200.0,Ethanol,True,0.9969767762236393,0.9948987676227355,Ethanol,0.03777447490427089,False,True,True,8.117949051501064,-1.0493730331585773
10,Ethylene,100.0,Toluene,False,0.9968693053569738,0.9946347614262817,Toluene,0.19085116552475853,False,False,False,8.907290169584163,0.5965186434744967
10,Ethanol,800.0,Ethanol,True,0.9999995413854097,0.9999990871701904,Acetaldehyde,0.33292412195403637,False,False,False,-3.6577686281977457,-4.0628999670694235
10,Ethylene,200.0,Toluene,False,0.9990945876041852,0.9986108565392834,Toluene,0.8301920408914208,False,False,False,6.610579319473337,1.0299808508403137
10,Ethanol,400.0,Ethanol,True,0.9999813798486731,0.9999675583498776,Ethanol,0.27216318847457144,False,False,False,4.066605255752644,-2.0216456893773564
10,Ethylene,10.0,Toluene,False,0.807715950365591,0.6730366457214044,Toluene,0.05366908461930567,False,True,True,12.073919294482149,-0.39692175192444107
10,Ethanol,50.0,Acetaldehyde,False,0.8831492827137708,0.7953412650828887,Toluene,0.055205205813265275,False,True,True,12.188748015114466,-0.31937745258228334
10,Ethylene,250.0,Toluene,False,0.9977303913551897,0.9960793668261656,Toluene,0.36644307161888257,False,False,False,5.250405177410186,1.2825224176814414
10,Ethanol,600.0,Ethanol,True,0.9999975532197289,0.9999951832145088,Acetaldehyde,0.11039648086458745,False,True,True,-0.12961750249245807,-3.0897662275716318
10,Ethylene,150.0,Toluene,False,0.9985816996021494,0.9978481707853285,Toluene,0.36029215797693914,False,False,False,7.794155812747417,0.8697736043150672
10,Ethanol,1000.0,Ethanol,True,0.9999999286316457,0.9999998576663007,Acetaldehyde,0.12729374662993723,False,True,True,-6.628582349102503,-4.885267807138187
10,Ethylene,10.0,Toluene,False,0.6442432334721575,0.4613163406687383,Toluene,0.05601436974951963,True,True,True,12.046962854519247,-0.32625452705427493
10,Ethanol,50.0,Acetaldehyde,False,0.6100131669435724,0.40681287917560394,Toluene,0.059605184555434926,True,True,True,12.056097653266074,-0.20608782882333737
10,Ethylene,250.0,Toluene,False,0.811776495106061,0.6549007654752401,Ethylene,0.22143582250756277,False,False,False,3.9141999697731165,1.4253741408656784
10,Ethanol,600.0,Ethanol,True,0.9999999998898317,0.9999999997858413,Acetaldehyde,0.06667961034675046,False,True,True,-3.4013432913940065,-3.1092648339795588
10,Ethylene,150.0,Toluene,False,0.9871218362493286,0.9750629482775197,Toluene,0.5494690222607264,False,False,False,7.124699418767505,0.9041749218292591
10,Ethanol,1000.0,Ethanol,True,0.9999999999999438,0.9999999999998876,Acetone,0.0022883470605564358,False,True,True,-9.905614574563623,-4.84488953049097
10,Ethylene,50.0,Toluene,False,0.9938455730999431,0.988295041536338,Toluene,0.09949931005202425,False,True,True,10.241489814070228,0.1341058736932505
10,Ethanol,200.0,Ethanol,True,0.9999883384516198,0.9999780129957485,Ethanol,0.10331849515084665,False,True,True,7.550741133970434,-1.056978014555871
10,Ethylene,100.0,Toluene,False,0.9919208290327849,0.9843824615929699,Toluene,0.22697012164306965,False,False,False,8.487616481236925,0.6054236843929196
10,Ethanol,800.0,Ethanol,True,0.9999999999991602,0.9999999999983208,Acetaldehyde,0.10972004535636037,False,True,True,-5.5712477223567705,-4.127007888409466
10,Ethylene,200.0,Toluene,False,0.9910588564286431,0.9822312737046035,Toluene,0.4985327123726311,False,False,False,5.648252600626764,1.024212496983086
10,Ethanol,400.0,Ethanol,True,0.9999999986047019,0.9999999973614674,Ethylene,0.04667722905582472,False,True,True,2.7558432274759035,-2.102069500116302
10,Ethylene,150.0,Toluene,False,0.9962789550114561,0.9927637752802585,Toluene,0.5615735488566577,False,False,False,7.042623780948701,0.8280755587169318
10,Ethanol,1000.0,Ethanol,True,0.999999999999964,0.999999999999928,Acetaldehyde,0.014535037983980181,False,True,True,-9.337645042480887,-4.955200053120961
10,Ethylene,50.0,Toluene,False,0.9960918943573119,0.9926164215635352,Toluene,0.09601307024982365,False,True,True,10.259317556275935,0.08037986050846516
10,Ethanol,200.0,Ethanol,True,0.9999890610693231,0.9999791714047694,Ethanol,0.11267909458529854,False,True,True,7.5503287020138705,-1.1055483826551624
10,Ethylene,100.0,Toluene,False,0.9968164586451074,0.9938728454670255,Toluene,0.2216790444395289,False,False,False,8.457051321426853,0.5396037850503173
10,Ethanol,800.0,Ethanol,True,0.9999999999993379,0.999999999998676,Acetaldehyde,0.1240657477730813,False,True,True,-5.563962734380997,-4.203230959714137
10,Ethylene,200.0,Toluene,False,0.9952754574732456,0.990645458194071,Toluene,0.5285311903778458,False,False,False,5.699904031236355,1.0400651148311888
10,Ethanol,400.0,Ethanol,True,0.9999999989732982,0.9999999982079188,Ethylene,0.03736106913396948,False,True,True,2.7319568202263316,-2.2073721016612193
10,Ethylene,10.0,Toluene,False,0.74220365209239,0.6056745224219475,Toluene,0.0559753018682167,False,True,True,12.058582888247347,-0.32478064920299676
10,Ethanol,50.0,Acetaldehyde,False,0.6507806065850981,0.39753515730669753,Toluene,0.055759854028151125,True,True,True,12.158914631112134,-0.3077718774268969
10,Ethylene,250.0,Toluene,False,0.9595459699137698,0.9204027810058049,Ethylene,0.14439945603046225,False,True,True,4.1061619508659595,1.3304583834348407
10,Ethanol,600.0,Ethanol,True,0.9999999999323763,0.9999999998676544,Acetaldehyde,0.14299291457758675,False,True,True,-3.1241703794522615,-3.2675358954040545
10,Ethylene,50.0,Toluene,False,0.9952679343356617,0.9910398943154963,Toluene,0.0977997824384825,False,True,True,10.283573324167861,0.12095406054558568
10,Ethanol,200.0,Ethanol,True,0.9999757151233237,0.9999549453112454,Ethanol,0.21186158171883135,False,False,False,6.9923758618036835,-1.0237365370825398
10,Ethylene,100.0,Toluene,False,0.9975084705688186,0.9951725850286297,Toluene,0.22151570490967049,False,False,False,8.491231075928113,0.5637001335468536
10,Ethanol,800.0,Ethanol,True,0.9999999999949072,0.999999999989986,Acetone,0.016940706364119304,False,True,True,-8.50105950050212,-4.245500799613174
10,Ethylene,200.0,Toluene,False,0.99780218349647,0.995630641210344,Toluene,0.4612429011999842,False,False,False,5.59101923149496,0.9846854973088882
10,Ethanol,400.0,Ethanol,True,0.9999999968919959,0.9999999941987423,Ethylene,0.16790256105427875,False,False,False,1.7385649272201391,-2.0972694132266754
10,Ethylene,10.0,Toluene,False,0.8757382715708005,0.7919260941284492,Toluene,0.0560085960580046,False,True,True,11.95903902347585,-0.34683133582412123
10,Ethanol,50.0,Acetaldehyde,False,0.6416274233289163,0.39447980189611176,Toluene,0.056604198634509696,True,True,True,12.084480205855467,-0.2978078271447609
10,Ethylene,250.0,Toluene,False,0.9869415303732874,0.9754734010714657,Ethylene,0.20355992700581116,False,False,False,3.962304589817291,1.3960586631707703
10,Ethanol,600.0,Ethanol,True,0.9999999999582141,0.9999999999170534,Acetaldehyde,0.1856163646677411,False,False,False,-2.5753875158711286,-3.2686098311190688
10,Ethylene,150.0,Toluene,False,0.9901053451146365,0.9807893039089449,Toluene,0.634407324032437,False,False,False,6.934275522918814,0.9360449475697834
10,Ethanol,1000.0,Ethanol,True,0.999999999999978,0.9999999999999559,Acetaldehyde,0.004633694524661044,False,True,True,-9.926781186376765,-4.983168323740697
10,Ethylene,10.0,Toluene,False,0.8232670282534711,0.7055744691078554,Toluene,0.05622694022404416,False,True,True,12.015256546623057,-0.32683367809803926
10,Ethanol,50.0,Acetaldehyde,False,0.6550945626269127,0.44367195501998946,Toluene,0.05600641206757917,True,True,True,12.144642974413914,-0.30294525796913
10,Ethylene,50.0,Toluene,False,0.9935022228251253,0.9878613944433344,Toluene,0.10977523434039865,False,True,True,9.995363005769562,0.20175647286687917
10,Ethanol,200.0,Ethanol,True,0.9999834193323686,0.9999684799734508,Ethanol,0.1826359842444127,False,False,False,7.204525143944557,-1.128328338529502
10,Ethylene,100.0,Toluene,False,0.9968629114992489,0.9940915425354737,Toluene,0.2527585766921657,False,False,False,8.312778601850205,0.663650550875677
10,Ethanol,800.0,Ethanol,True,0.9999999999992053,0.9999999999984107,Acetaldehyde,0.09571187853006496,False,True,True,-5.898920120984109,-4.2126499331411695
10,Ethylene,200.0,Toluene,False,0.982168054482849,0.9653332688095349,Toluene,0.45172989320778145,False,False,False,5.515644402175804,1.1224427837140782
10,Ethanol,400.0,Ethanol,True,0.9999999988324033,0.9999999978348171,Ethylene,0.03725695436028637,False,True,True,2.7195276874415457,-2.225198410334996
10,Ethylene,250.0,Toluene,False,0.9529299197298535,0.9138268609871331,Ethylene,0.12531363692437036,False,True,True,4.132301589999211,1.4019985570620324
10,Ethanol,600.0,Ethanol,True,0.9999999999860272,0.9999999999720922,Acetaldehyde,0.2176965699438707,False,False,False,-1.5063560330096541,-3.2584853974454138
10,Ethylene,150.0,Toluene,False,0.9959067692052957,0.9920566275947449,Toluene,0.6402078517484064,False,False,False,6.891989389374786,0.8850910956093616
10,Ethanol,1000.0,Ethanol,True,0.9999999999999707,0.9999999999999413,Acetaldehyde,0.011707166511429293,False,True,True,-9.43126894369132,-4.941257659283951
10,Ethylene,200.0,Toluene,False,0.9848224338112421,0.9701348516950389,Toluene,0.4546295699946351,False,False,False,5.549324460923698,1.0475782318545426
10,Ethanol,400.0,Ethanol,True,0.9999999990769253,0.9999999983168499,Ethylene,0.02798792614243725,False,True,True,2.790826342381066,-2.2022068402238757
10,Ethylene,10.0,Toluene,False,0.85263806122515,0.7739223320609289,Toluene,0.05626914961046544,False,True,True,11.981018673477733,-0.3334894089181789
10,Ethanol,50.0,Acetaldehyde,False,0.7102488811479837,0.5209986032538746,Toluene,0.05520848031034051,False,True,True,12.140072394996341,-0.330914515700028
10,Ethylene,250.0,Toluene,False,0.8690219473357048,0.7752662933789896,Ethylene,0.23463463083673375,False,False,False,3.8918524366289065,1.4002709746000588
10,Ethanol,600.0,Ethanol,True,0.9999999999854221,0.9999999999709757,Acetaldehyde,0.23810338969883615,False,False,False,-1.8282580618889717,-3.351311466515303
10,Ethylene,150.0,Toluene,False,0.9885832488308136,0.9777513039132926,Toluene,0.6228812088763942,False,False,False,6.909196804907276,0.8530562774612473
10,Ethanol,1000.0,Ethanol,True,0.9999999999999851,0.9999999999999702,Acetaldehyde,0.017953726063587448,False,True,True,-9.283482538067966,-4.992258963104767
10,Ethylene,50.0,Toluene,False,0.9970227584022794,0.9944751162345327,Toluene,0.10010295522285735,False,True,True,10.154788149223354,0.11034583709684166
10,Ethanol,200.0,Ethanol,True,0.9999878538549936,0.9999765724880098,Ethanol,0.10228251372851598,False,True,True,7.6576459053341654,-1.1363995455621736
10,Ethylene,100.0,Toluene,False,0.9963038134118273,0.9928907819817466,Toluene,0.24383677894476746,False,False,False,8.316898991618976,0.5996783410044292
10,Ethanol,800.0,Ethanol,True,0.9999999999994467,0.9999999999988934,Acetaldehyde,0.14039739838437393,False,True,True,-5.47220273367044,-4.243735279484519
10,Ethylene,50.0,Toluene,False,0.9975137402457528,0.9952654487601745,Toluene,0.10311334218601942,False,True,True,10.048162538251521,0.11799432447287304
10,Ethanol,200.0,Ethanol,True,0.9999868906742327,0.9999745690216917,Ethanol,0.10821319846433418,False,True,True,7.671726057803027,-1.1829685445598823
10,Ethylene,100.0,Toluene,False,0.9910742441087709,0.9826356815063508,Toluene,0.2536780661299468,False,False,False,8.256887700444617,0.6220453940772197
10,Ethanol,800.0,Ethanol,True,0.9999999999996498,0.9999999999992998,Acetaldehyde,0.13245040631871283,False,True,True,-5.585734073490761,-4.263163770516784
10,Ethylene,200.0,Toluene,False,0.9703581596597606,0.9415683171899725,Toluene,0.3813005362065001,False,False,False,5.350882660227301,1.115729412082928
10,Ethanol,400.0,Ethanol,True,0.9999999991423614,0.9999999984743405,Ethanol,0.0028206560521618607,False,True,True,2.938673562088206,-2.238845580306979
10,Ethylene,10.0,Toluene,False,0.7080459300442334,0.5228466069182575,Toluene,0.05607943378088436,False,True,True,11.994601328173491,-0.336407534202644
10,Ethanol,50.0,Acetaldehyde,False,0.5506033428370344,0.22875350779521386,Toluene,0.054859038655059915,True,True,True,12.168871892494913,-0.3359064804652747
10,Ethylene,250.0,Toluene,False,0.8232591368433371,0.6596014765574988,Ethylene,0.2907536318783154,False,False,False,3.753172531116214,1.4314273717697528
10,Ethanol,600.0,Ethanol,True,0.999999999977851,0.9999999999558378,Acetaldehyde,0.22955308563988294,False,False,False,-1.5891830294201268,-3.3087918159446263
10,Ethylene,150.0,Toluene,False,0.9932216551559516,0.9869397529605896,Toluene,0.6730151858410368,False,False,False,6.873186751031629,0.9825546109144662
10,Ethanol,1000.0,Ethanol,True,0.999999999999974,0.999999999999948,Acetaldehyde,0.03138854718196053,False,True,True,-8.676394100911773,-4.951941470987398
10,Ethylene,150.0,Toluene,False,0.9938148538914214,0.9879017877482741,Toluene,0.6622953291499746,False,False,False,6.876651116904697,0.941039965581482
10,Ethanol,1000.0,Ethanol,True,0.9999999999999791,0.9999999999999581,Acetaldehyde,0.03450324783965812,False,True,True,-8.446276953008047,-4.89428977984021
10,Ethylene,50.0,Toluene,False,0.9964748722409609,0.9932827630087194,Toluene,0.10450980222444597,False,True,True,10.120430703173417,0.16983060200492406
10,Ethanol,200.0,Ethanol,True,0.9999877598145754,0.9999763537934395,Ethanol,0.09279454927747818,False,True,True,7.747420408723398,-1.152174121794463
10,Ethylene,100.0,Toluene,False,0.99483764110955,0.9900179089415317,Toluene,0.2529751943397389,False,False,False,8.298800725083153,0.6529284928611543
10,Ethanol,800.0,Ethanol,True,0.9999999999994023,0.9999999999988045,Acetaldehyde,0.16124891901955882,False,False,False,-5.212041976018718,-4.206089851898276
10,Ethylene,200.0,Toluene,False,0.9586916853608022,0.918304562677949,Toluene,0.43396865022434084,False,False,False,5.46778916138241,1.1455129224175913
10,Ethanol,400.0,Ethanol,True,0.9999999987988901,0.9999999977655734,Ethanol,0.050223484678386346,False,True,True,3.1859346405131848,-2.218028839956447
10,Ethylene,10.0,Toluene,False,0.5548637616013261,0.3006170047380302,Toluene,0.05671989253120106,True,True,True,12.011601982561679,-0.31178195323048796
10,Ethanol,50.0,Acetaldehyde,False,0.6567580307906038,0.415490157586233,Toluene,0.05399468136978116,True,True,True,12.171574147839438,-0.36458629996700376
10,Ethylene,250.0,Toluene,False,0.5878724877953988,0.2743764909783882,Ethylene,0.2153683911525148,True,False,True,3.921778028728838,1.4465820506487712
10,Ethanol,600.0,Ethanol,True,0.9999999999846088,0.9999999999692362,Acetaldehyde,0.1988168888781906,False,False,False,-1.0539200470489591,-3.1726531820653165
10,Ethylene,250.0,Toluene,False,0.8733547890281388,0.7866782617402049,Ethylene,0.09863199619417978,False,True,True,4.207970444047729,1.3033438473384602
10,Ethanol,600.0,Ethanol,True,0.9999999999924569,0.9999999999849193,Acetaldehyde,0.16817988474916737,False,False,False,-0.6387476336761649,-3.0221296793364902
10,Ethylene,150.0,Toluene,False,0.9589931906856844,0.9196362270785398,Toluene,0.5890471592588424,False,False,False,6.9510263282675915,0.8023259059501714
10,Ethanol,1000.0,Ethanol,True,0.9999999999999793,0.9999999999999587,Acetaldehyde,0.026904278072740484,False,True,True,-7.985308186275867,-4.602995653624121
10,Ethylene,10.0,Toluene,False,0.6066586301222961,0.38186494148027417,Toluene,0.05506201713681996,True,True,True,11.969898897711827,-0.3744313439912177
10,Ethanol,50.0,Acetaldehyde,False,0.6803140696963066,0.43468578029675975,Toluene,0.05401514614794878,True,True,True,12.142116801961869,-0.3705283925381001
10,Ethylene,50.0,Toluene,False,0.9546850960133899,0.9131037075112868,Toluene,0.102680582420352,False,True,True,10.005238469592076,0.09475161411463505
10,Ethanol,200.0,Ethanol,True,0.9999928254405105,0.9999866638506754,Ethanol,0.07478325793467906,False,True,True,7.840723821443692,-1.1124069926080191
10,Ethylene,100.0,Toluene,False,0.9560662524822741,0.9141800908606912,Toluene,0.22074039253748456,False,False,False,8.416099429769524,0.5033178115094924
10,Ethanol,800.0,Ethanol,True,0.9999999999994296,0.9999999999988591,Acetaldehyde,0.15224829355445035,False,False,False,-4.469420830023663,-3.786341895525054
10,Ethylene,200.0,Toluene,False,0.848337536775217,0.7060006429211249,Toluene,0.5409174612162275,False,False,False,5.750006675229046,0.9715898539681328
10,Ethanol,400.0,Ethanol,True,0.9999999990683288,0.9999999981533173,Ethanol,0.17872349236414908,False,False,False,3.7636167437915065,-1.9833675259662635
10,Ethylene,10.0,Toluene,False,0.38256535573013545,0.06187241603567678,Toluene,0.054072723312468755,True,True,True,11.927816461293915,-0.4144763729478926
10,Ethanol,50.0,Acetaldehyde,False,0.7358118501160715,0.5481698406031235,Toluene,0.05349178615521576,False,True,True,12.119957041177948,-0.3928964358553071
10,Ethylene,250.0,Toluene,False,0.5931096147019137,0.2767290857877363,Ethylene,0.1225104243762706,True,True,True,4.156457712014159,1.3107904778460986
10,Ethanol,600.0,Ethanol,True,0.9999999999886076,0.9999999999772206,Acetaldehyde,0.054589614399086085,False,True,True,-0.055506668517159845,-2.8544847561843003
10,Ethylene,150.0,Toluene,False,0.8872665980646747,0.7794945916465558,Toluene,0.5507833023287375,False,False,False,6.985566085866218,0.7307679522044979
10,Ethanol,1000.0,Ethanol,True,0.9999999999999754,0.9999999999999507,Acetaldehyde,0.03515559066292269,False,True,True,-6.830963989944134,-4.217462102667473
10,Ethylene,50.0,Toluene,False,0.9316555539019158,0.8696204142673211,Toluene,0.097533660335211,False,True,True,10.106456348139261,0.05031032209715133
10,Ethanol,200.0,Ethanol,True,0.9999974602476993,0.9999958530203538,Ethanol,0.02051492261310583,False,True,True,8.31670754346415,-1.029356621223172
10,Ethylene,100.0,Toluene,False,0.8187487599477492,0.6470697082671721,Toluene,0.22493556387731312,False,False,False,8.3073387217035,0.45980755504478354
10,Ethanol,800.0,Ethanol,True,0.9999999999996694,0.9999999999993389,Acetaldehyde,0.1932372249082149,False,False,False,-3.5629106364847623,-3.563428318591265
10,Ethylene,200.0,Acetone,False,0.5562507355586279,0.15028268922780547,Toluene,0.431675174642375,True,False,True,5.570680879015944,0.9095643409923919
10,Ethanol,400.0,Ethanol,True,0.9999999994232465,0.9999999988582697,Ethanol,0.25288611301303604,False,False,False,4.011980149908944,-1.9044721341865425
10,Ethylene,50.0,Toluene,False,0.9342177316422988,0.874859591217635,Toluene,0.09744712306005136,False,True,True,10.038593315726864,0.025336355251755076
10,Ethanol,200.0,Ethanol,True,0.9999978343082214,0.9999966097218795,Ethanol,0.036694805670979,False,True,True,8.150897155360454,-1.0597228908769774
10,Ethylene,100.0,Toluene,False,0.6616560137163741,0.3465333490845084,Toluene,0.23043638342077766,True,False,True,8.148041503591555,0.39586233881753463
10,Ethanol,800.0,Ethanol,True,0.999999999999617,0.9999999999992341,Acetaldehyde,0.18123385377810905,False,False,False,-3.5922740954274595,-3.5349441111547764
10,Ethylene,200.0,Acetone,False,0.7230069655305257,0.47533940755125415,Toluene,0.3291664230827107,False,False,False,5.413705364575406,0.8050139723884042
10,Ethanol,400.0,Ethanol,True,0.999999999486773,0.9999999989865654,Ethanol,0.3062073424999362,False,False,False,4.171857112571131,-1.901462713052776
10,Ethylene,10.0,Acetone,False,0.4539336182845019,0.1780129986988364,Toluene,0.053471854867784316,True,True,True,11.785964857249724,-0.46030837961057525
10,Ethanol,50.0,Acetaldehyde,False,0.7644857764022865,0.6375853625280913,Toluene,0.05314399786803713,False,True,True,12.078834972465307,-0.4131154646659335
10,Ethylene,250.0,Acetone,False,0.74921091411102,0.5621818120050563,Ethylene,0.26449412809156386,False,False,False,3.8917375844555897,1.1639769974307463
10,Ethanol,600.0,Ethanol,True,0.9999999999941644,0.9999999999883313,Ethylene,0.020998715456874924,False,True,True,0.28971721174081977,-2.7331670945603164
10,Ethylene,150.0,Acetone,False,0.5541339916510358,0.14104545849861494,Toluene,0.5776929644993168,True,False,True,6.732172139082243,0.6153903114484218
10,Ethanol,1000.0,Ethanol,True,0.9999999999999829,0.9999999999999658,Acetaldehyde,0.030772622394186048,False,True,True,-6.551910387218074,-4.075629719556192
10,Ethylene,10.0,Ethylene,True,0.5231705281803437,0.10895109655333213,Toluene,0.05221083522926135,True,True,True,12.135143202883183,-0.4324246269222465
10,Ethanol,50.0,Ethanol,True,0.753804874873741,0.5627286831328975,Toluene,0.06817018657056646,False,True,True,11.364640208481982,-0.14923276869123953
10,Ethylene,250.0,Ethylene,True,0.8765382529844343,0.7544203373008803,Ethylene,0.04991655497657123,False,True,True,4.328375073286862,1.174697847748895
10,Ethanol,600.0,Ethanol,True,0.9999999818348976,0.9999999718088995,Acetaldehyde,0.06648285424082975,False,True,True,-4.998450808444106,-3.6632092651016084
10,Ethylene,150.0,Acetone,False,0.7139092553070135,0.5397675027508974,Toluene,0.4325020042216221,False,False,False,7.20254367021531,0.5824830006491923
10,Ethanol,1000.0,Ethanol,True,0.9999999999947498,0.9999999999895032,Acetaldehyde,0.010469535573732855,False,True,True,-11.569101059378497,-5.696504495863986
10,Ethylene,50.0,Toluene,False,0.7645096073947463,0.5552423258562414,Toluene,0.0870956084719771,False,True,True,10.106812623424112,-0.1160608303083375
10,Ethanol,200.0,Ethanol,True,0.9999945870610334,0.9999915475884834,Ethanol,0.19774545704271126,False,False,False,7.127355149419775,-1.1139001653418037
10,Ethylene,100.0,Acetone,False,0.7327152799137535,0.4909530518694764,Toluene,0.1914680179731858,False,False,False,8.329689001938714,0.25665590656923337
10,Ethanol,800.0,Ethanol,True,0.9999999999834568,0.999999999966918,Acetaldehyde,0.13057745772186183,False,True,True,-5.9400655532025,-4.459989019893195
10,Ethylene,200.0,Acetone,False,0.9344541134512074,0.8836547307196805,Toluene,0.24656015464286862,False,False,False,5.372291591652669,0.6308225858096427
10,Ethanol,400.0,Ethanol,True,0.9999999993806723,0.9999999988225201,Ethylene,0.057141960211794816,False,True,True,2.568761808686394,-2.2551639799399585
10,Ethylene,150.0,Acetone,False,0.8404672994731491,0.7055395166548356,Toluene,0.5114933045319554,False,False,False,6.708236418864145,0.5004130149299066
10,Ethanol,1000.0,Ethanol,True,0.9999999999999618,0.9999999999999237,Acetaldehyde,0.013126390841553955,False,True,True,-9.492014146785626,-4.988054368968322
10,Ethylene,50.0,Toluene,False,0.8473984202140977,0.7067906090102828,Toluene,0.08694479605143948,False,True,True,10.019307403959354,-0.14149629700043975
10,Ethanol,200.0,Ethanol,True,0.9999967740176161,0.9999951889855013,Ethanol,0.2404614027572945,False,False,False,6.9971112601166565,-1.155502739466305
10,Ethylene,100.0,Toluene,False,0.46672192334383505,0.007756703338214099,Toluene,0.19528366760511795,True,False,True,8.454339954984375,0.3436828212033841
10,Ethanol,800.0,Ethanol,True,0.9999999999969198,0.999999999993929,Acetaldehyde,0.041510097941469155,False,True,True,-7.290459073650885,-4.464214561354073
10,Ethylene,200.0,Acetone,False,0.8451213976455829,0.7430532017829422,Toluene,0.43630186409304705,False,False,False,5.7324255852448385,0.7115700950226667
10,Ethanol,400.0,Ethanol,True,0.9999999985807402,0.9999999977722082,Ethylene,0.15093351732249063,False,False,False,1.635199950201847,-2.2824647722963305
10,Ethylene,10.0,Ethylene,True,0.5189073403618748,0.2117265605426229,Toluene,0.05186528745678059,True,True,True,11.931010192863361,-0.48280085421885144
10,Ethanol,50.0,Ethanol,True,0.8782484111699912,0.7909417864937511,Toluene,0.05682413617160773,False,True,True,11.64981865649259,-0.38913245283222264
10,Ethylene,250.0,Acetone,False,0.7179601186480384,0.45972281296432427,Ethylene,0.20750543921783116,False,False,False,4.036080118202376,1.02961965986944
10,Ethanol,600.0,Ethanol,True,0.9999999999335414,0.9999999998747388,Acetaldehyde,0.2222212400454733,False,False,False,-3.065597244033981,-3.5004598698485356
10,Ethylene,50.0,Toluene,False,0.8640762150648846,0.7491041680931834,Toluene,0.09052971029719577,False,True,True,10.063657107469885,-0.07439687049384405
10,Ethanol,200.0,Ethanol,True,0.9999919690370476,0.9999860851094381,Ethanol,0.2827155885143233,False,False,False,6.821579398100339,-1.1045230138746482
10,Ethylene,100.0,Acetone,False,0.5605283573346568,0.1482502878830524,Toluene,0.19508234619880307,True,False,True,8.322292447654865,0.2756995436212354
10,Ethanol,800.0,Ethanol,True,0.9999999999948175,0.9999999999904329,Acetaldehyde,0.03362637327958611,False,True,True,-8.124808308970652,-4.741607947944885
10,Ethylene,200.0,Acetone,False,0.6831655442529653,0.46142774806155573,Toluene,0.4513714481512683,True,False,True,5.702080900646942,0.7797681841471682
10,Ethanol,400.0,Ethanol,True,0.9999999974167824,0.9999999960231111,Ethylene,0.16062389863287863,False,False,False,1.2228950628236825,-2.3913080384437504
10,Ethylene,10.0,Acetone,False,0.520401732234158,0.23466391289789235,Toluene,0.0500135455128736,True,True,True,11.83288365130565,-0.5560001618795787
10,Ethanol,50.0,Ethanol,True,0.9272688811524107,0.8856720381294217,Toluene,0.05856203831160604,False,True,True,11.664574830112247,-0.3362455234674042
10,Ethylene,250.0,Acetone,False,0.6090386560836378,0.2241872635487206,Ethylene,0.25015647515065603,True,False,True,3.9459018078401815,1.0536092738454395
10,Ethanol,600.0,Ethanol,True,0.9999999998966818,0.9999999998151041,Acetaldehyde,0.24520689945268367,False,False,False,-3.112120815949845,-3.5853980725180534
10,Ethylene,150.0,Acetone,False,0.7929162758599818,0.6329107374633731,Toluene,0.5275172010074483,False,False,False,6.7104521867713345,0.5261083480969806
10,Ethanol,1000.0,Ethanol,True,0.9999999999998714,0.999999999999743,Acetaldehyde,0.019628387375214107,False,True,True,-10.009716497727911,-5.3126836459777245
10,Ethylene,10.0,Acetone,False,0.8641868198144211,0.77555753526173,Toluene,0.04727286381901021,False,True,True,11.634900366182743,-0.6619287704442937
10,Ethanol,50.0,Ethanol,True,0.6722041091762434,0.3862534611454764,Toluene,0.05287883313930301,True,True,True,11.698767588561424,-0.49312974422677497
10,Ethylene,50.0,Toluene,False,0.496563240427371,0.014227041734871382,Toluene,0.09303415429212318,True,True,True,9.788253837184286,-0.11414314946504615
10,Ethanol,200.0,Ethanol,True,0.999996976338294,0.9999951606536572,Ethanol,0.25864056674817665,False,False,False,6.935893123707274,-1.158295306514766
10,Ethylene,100.0,Acetone,False,0.6725296292342278,0.3698224979681831,Toluene,0.21639006372155284,True,False,True,8.09019552654225,0.28785135105570314
10,Ethanol,800.0,Ethanol,True,0.9999999999973244,0.999999999994651,Acetaldehyde,0.12051845967007248,False,True,True,-5.960350169776941,-4.404825776870819
10,Ethylene,200.0,Acetone,False,0.957403246082321,0.9275426746993016,Toluene,0.18255964511538117,False,False,False,5.1376641003085055,0.6615945676292153
10,Ethanol,400.0,Ethanol,True,0.9999999993551629,0.9999999988222587,Ethylene,0.05289584825666616,False,True,True,2.551094287697415,-2.311899393880325
10,Ethylene,250.0,Acetone,False,0.8906091290185715,0.804075102461585,Ethylene,0.35352182041799507,False,False,False,3.7623326777438426,0.9391925503212721
10,Ethanol,600.0,Ethanol,True,0.9999999999858264,0.9999999999717752,Acetaldehyde,0.22141971046840295,False,False,False,-1.4312022625992036,-3.272713122839365
10,Ethylene,150.0,Acetone,False,0.6461668916782375,0.32037249938890705,Toluene,0.5111930728453059,True,False,True,6.470671654466931,0.4699495015527956
10,Ethanol,1000.0,Ethanol,True,0.9999999999999654,0.9999999999999307,Acetaldehyde,0.023634421094962842,False,True,True,-8.987878191816028,-4.966591638155797
10,Ethylene,200.0,Acetone,False,0.8780064189637045,0.778380140123132,Toluene,0.19280239161354842,False,False,False,5.181853086756755,0.6539083938787397
10,Ethanol,400.0,Ethanol,True,0.9999999994703348,0.9999999989889671,Ethylene,0.03299433794393528,False,True,True,2.707384367594658,-2.2780028333391353
10,Ethylene,10.0,Acetone,False,0.704590700565983,0.4900330821292642,Toluene,0.04793091683412209,False,True,True,11.533958571567393,-0.6546860051249997
10,Ethanol,50.0,Ethanol,True,0.6159435486898225,0.2752749600232423,Toluene,0.0520789101245792,True,True,True,11.71996802590876,-0.512762952457585
10,Ethylene,250.0,Acetone,False,0.732368375683264,0.48166742150255515,Ethylene,0.4364444459970373,False,False,False,3.588703074164637,0.9677044768532983
10,Ethanol,600.0,Ethanol,True,0.9999999999807032,0.9999999999616304,Acetaldehyde,0.22544634588835824,False,False,False,-1.753174228354537,-3.299159950561985
10,Ethylene,150.0,Acetone,False,0.7923703314289665,0.6223293441700151,Toluene,0.5422078241857423,False,False,False,6.571349004667818,0.5171201811810907
10,Ethanol,1000.0,Ethanol,True,0.9999999999999565,0.999999999999913,Acetaldehyde,0.025502930426937076,False,True,True,-8.872012987836513,-4.9476356667114345
10,Ethylene,50.0,Toluene,False,0.6563133731796894,0.31824902319043613,Toluene,0.08419019080011442,True,True,True,9.723410608952422,-0.2462909213050282
10,Ethanol,200.0,Ethanol,True,0.9999991483228968,0.9999986026477559,Ethanol,0.15884656203910116,False,False,False,7.3850998506229075,-1.2007880105547644
10,Ethylene,100.0,Acetone,False,0.6857485776040605,0.38101971479284835,Toluene,0.20186632438292498,True,False,True,7.851605600952401,0.1281747129908091
10,Ethanol,800.0,Ethanol,True,0.9999999999989424,0.999999999997885,Acetaldehyde,0.15629212389881708,False,False,False,-5.188822740958284,-4.167490645702287
10,Ethylene,50.0,Toluene,False,0.632823406421261,0.2688180251050188,Toluene,0.08231539985006946,True,True,True,9.599134031233783,-0.29180662784377626
10,Ethanol,200.0,Ethanol,True,0.9999992265048717,0.9999986504829282,Ethanol,0.14620994951626898,False,True,True,7.485799258790122,-1.2343839328375523
10,Ethylene,100.0,Acetone,False,0.5464271679845542,0.10014269928345632,Toluene,0.20724335887202755,True,False,True,7.847353175774554,0.14916301393594472
10,Ethanol,800.0,Ethanol,True,0.9999999999993632,0.9999999999987266,Acetaldehyde,0.15686817861753788,False,False,False,-5.268036505855159,-4.215638687154052
10,Ethylene,200.0,Acetone,False,0.8701125014427489,0.7434641828770259,Toluene,0.09248908920918135,False,True,True,4.984885718818241,0.5230481390883939
10,Ethanol,400.0,Ethanol,True,0.9999999995620563,0.9999999991583572,Ethanol,0.00692402552985632,False,True,True,2.975577049227712,-2.212229528591967
10,Ethylene,10.0,Acetone,False,0.87160430837566,0.8015758326975579,Toluene,0.047080659661699116,False,True,True,11.493923737719216,-0.6817789333421364
10,Ethanol,50.0,Ethanol,True,0.7149411457083186,0.4674854912629267,Toluene,0.051897356558795946,False,True,True,11.743798363275252,-0.5141493706764068
10,Ethylene,250.0,Acetone,False,0.9620095478745766,0.9397360820677818,Ethylene,0.5187598049036033,False,False,False,3.4547079291128857,0.8117127331201752
10,Ethanol,600.0,Ethanol,True,0.9999999999853082,0.9999999999706863,Acetaldehyde,0.221031497254852,False,False,False,-1.3067191760196333,-3.2710654568785467
10,Ethylene,150.0,Acetone,False,0.7782883571217124,0.5805555984142146,Toluene,0.4629828261825268,False,False,False,6.360424572755664,0.418097122456354
10,Ethanol,1000.0,Ethanol,True,0.9999999999999694,0.9999999999999387,Acetaldehyde,0.03964409072490518,False,True,True,-7.895907724596943,-4.712618838812459
10,Ethylene,150.0,Acetone,False,0.868598102408382,0.7424658104986932,Toluene,0.38021330237088485,False,False,False,6.3206908887208,0.32109034017388377
10,Ethanol,1000.0,Ethanol,True,0.9999999999999716,0.9999999999999432,Acetaldehyde,0.048433834920019396,False,True,True,-7.592192709383127,-4.670588560998951
10,Ethylene,50.0,Toluene,False,0.7579577281722365,0.5218749340182137,Toluene,0.08483510209522058,False,True,True,9.603520487994121,-0.2602788163106632
10,Ethanol,200.0,Ethanol,True,0.9999993233890219,0.9999988456658163,Ethanol,0.10694088643968569,False,True,True,7.7021108435799865,-1.2012965967140128
10,Ethylene,100.0,Acetone,False,0.645275740754475,0.29690953282023774,Toluene,0.18837778473754585,True,False,True,7.777333568029587,0.054576504274754516
10,Ethanol,800.0,Ethanol,True,0.9999999999992881,0.9999999999985762,Acetaldehyde,0.19552114290379857,False,False,False,-4.597106681045649,-4.022699590833262
10,Ethylene,200.0,Acetone,False,0.914781450898542,0.8551575480022892,Toluene,0.14597651742476217,False,True,True,5.153819464339336,0.5545039119285035
10,Ethanol,400.0,Ethanol,True,0.9999999996162323,0.9999999992445957,Ethanol,0.12912588801580654,False,True,True,3.564936379838462,-2.078122380358215
10,Ethylene,10.0,Acetone,False,0.6300140966700124,0.3420106480345447,Toluene,0.04969834214961319,True,True,True,11.635634752792889,-0.5934477775532015
10,Ethanol,50.0,Ethanol,True,0.5633652541688622,0.15015809186703638,Toluene,0.052583265163235034,True,True,True,11.937275173078357,-0.45920316233389746
10,Ethylene,250.0,Acetone,False,0.9479015339291491,0.9213270755228801,Ethylene,0.5256035409996287,False,False,False,3.438263791947415,0.7127682912473355
10,Ethanol,600.0,Ethanol,True,0.9999999999799252,0.999999999959875,Acetaldehyde,0.20686370189480008,False,False,False,-0.9238875673634013,-3.2156487159345106
10,Ethylene,250.0,Acetone,False,0.8620127593894892,0.7600510920566206,Ethylene,0.42826916756305056,False,False,False,3.625519877917382,0.6375215016048007
10,Ethanol,600.0,Ethanol,True,0.9999999999903355,0.9999999999806761,Acetaldehyde,0.1920675860374129,False,False,False,-0.6816496531401368,-3.150919482884851
10,Ethylene,150.0,Acetone,False,0.5834439392435535,0.17319947948321635,Toluene,0.3067722491321711,True,False,True,6.3330962455331035,0.22527305683712148
10,Ethanol,1000.0,Ethanol,True,0.9999999999999714,0.9999999999999427,Acetaldehyde,0.04147449607440639,False,True,True,-7.770376060556537,-4.676848066064215
10,Ethylene,10.0,Acetone,False,0.7672005621673839,0.6497552511514209,Toluene,0.04753619707845375,False,True,True,11.520923158700413,-0.6667870447459716
10,Ethanol,50.0,Ethanol,True,0.5271260848709388,0.0763625812267924,Toluene,0.051243461242689206,True,True,True,11.912279565212021,-0.5054539013462865
10,Ethylene,50.0,Toluene,False,0.7866558588080077,0.5769378853879058,Toluene,0.08266450387264532,False,True,True,9.460499318320855,-0.3088162126114228
10,Ethanol,200.0,Ethanol,True,0.9999995100086859,0.9999992081160478,Ethanol,0.12695073499562767,False,True,True,7.57079369180067,-1.2040917320847213
10,Ethylene,100.0,Toluene,False,0.7328755944818265,0.4722584366174898,Toluene,0.18040508659982812,False,False,False,7.867868305156308,0.04367882842917878
10,Ethanol,800.0,Ethanol,True,0.9999999999993949,0.99999999999879,Acetaldehyde,0.18559781678137602,False,False,False,-4.6360839396645135,-4.00149804346865
10,Ethylene,200.0,Acetone,False,0.6291679936413942,0.26353324171883674,Toluene,0.018413132346684985,True,True,True,5.000106312852369,0.33399063571900145
10,Ethanol,400.0,Ethanol,True,0.9999999994807167,0.9999999989764353,Ethanol,0.08251752433650013,False,True,True,3.324266193290412,-2.2405865266406506
10,Ethylene,10.0,Acetone,False,0.8913189744964868,0.8267810511192492,Toluene,0.04512783529388213,False,True,True,11.44021673779168,-0.7383654616506263
10,Ethanol,50.0,Ethanol,True,0.6768732660442204,0.3757967607248222,Toluene,0.05125860167306992,True,True,True,11.817841068950052,-0.5209216952466798
10,Ethylene,250.0,Acetone,False,0.8353352552360251,0.6998947813793867,Ethylene,0.5049144398853527,False,False,False,3.4670957914375364,0.6047331930886403
10,Ethanol,600.0,Ethanol,True,0.9999999999794829,0.9999999999589737,Acetaldehyde,0.17569247989230807,False,False,False,-0.5117463433266722,-3.125053347047698
10,Ethylene,150.0,Toluene,False,0.78672137375358,0.5829835436828068,Toluene,0.33851558444834845,False,False,False,6.426183690631159,0.24961089390821314
10,Ethanol,1000.0,Ethanol,True,0.9999999999999687,0.9999999999999374,Acetaldehyde,0.05577391810804678,False,True,True,-7.239529753854529,-4.576584063521894
10,Ethylene,50.0,Toluene,False,0.8857086779730804,0.7754584408395966,Toluene,0.07961285240738401,False,True,True,9.679450582117356,-0.31271534206858476
10,Ethanol,200.0,Ethanol,True,0.9999996236818753,0.9999994032063646,Ethanol,0.058481437622937935,False,True,True,8.041136645410832,-1.1421084061214881
10,Ethylene,100.0,Toluene,False,0.9112106779637623,0.8273003815075426,Toluene,0.179508577253037,False,False,False,7.8982065197371325,0.04710173075716666
10,Ethanol,800.0,Ethanol,True,0.9999999999995024,0.9999999999990049,Acetaldehyde,0.23200327922866673,False,False,False,-4.076428898273676,-3.9027545198995144
10,Ethylene,200.0,Toluene,False,0.53584294417731,0.08530223682377824,Toluene,0.04163840171573628,True,True,True,5.04333881529803,0.369144866565058
10,Ethanol,400.0,Ethanol,True,0.999999999760393,0.9999999995274749,Ethanol,0.17151889492603137,False,False,False,3.7188670508425137,-2.088772472096983
10,Ethylene,50.0,Toluene,False,0.899203906769747,0.8058796770711635,Toluene,0.08218488285977002,False,True,True,9.674279459274038,-0.28094259102912433
10,Ethanol,200.0,Ethanol,True,0.9999996867336991,0.9999995134943571,Ethanol,0.07357550966914185,False,True,True,7.9128482179038695,-1.1554007356982163
10,Ethylene,100.0,Toluene,False,0.9039214410184601,0.8117528109971178,Toluene,0.17168951137980987,False,False,False,7.827743722948141,-0.00020460880191743353
10,Ethanol,800.0,Ethanol,True,0.9999999999996796,0.9999999999993591,Acetaldehyde,0.21508908995169898,False,False,False,-4.212735868744911,-3.905315174778579
10,Ethylene,200.0,Toluene,False,0.5738595113976551,0.158645464505618,Toluene,0.01687595851672861,True,True,True,4.970815762903368,0.34189353246313625
10,Ethanol,400.0,Ethanol,True,0.9999999991366337,0.999999998282926,Ethanol,0.16817829803682158,False,False,False,3.7140681597095098,-2.050833692812139
10,Ethylene,10.0,Acetone,False,0.6197942390410335,0.4034258247393183,Toluene,0.0491346731097684,True,True,True,11.554096928248713,-0.619486629407635
10,Ethanol,50.0,Ethanol,True,0.7252024196330743,0.4748068217616426,Toluene,0.05340613296783786,False,True,True,11.944680532999383,-0.4319706683691865
10,Ethylene,250.0,Acetone,False,0.688719170611762,0.43637655755482585,Ethylene,0.617770423533976,True,False,True,3.2517274930293194,0.6236641965912038
10,Ethanol,600.0,Ethanol,True,0.9999999999183011,0.9999999998376732,Acetaldehyde,0.4598382427592601,False,False,False,-1.6626392136370098,-4.2093918973484765
10,Ethylene,150.0,Toluene,False,0.856427988665417,0.7242591902763069,Toluene,0.33992740804292854,False,False,False,6.36136155684147,0.26204944821083975
10,Ethanol,1000.0,Ethanol,True,0.9999999999999665,0.9999999999999328,Acetaldehyde,0.04653335135682468,False,True,True,-7.435454427102621,-4.577958788075219
10,Toluene,1.0,Toluene,True,0.5937417374180042,0.2533381104095302,Toluene,0.05566820318335185,True,True,True,12.557706108176056,-0.20545615839078027
10,Ethanol,50.0,Ethanol,True,0.9340638789819008,0.8905212423580763,Toluene,0.07340654524888461,False,True,True,11.263628117658996,-0.04474744087220226
10,Toluene,100.0,Ethylene,False,0.8265663885231922,0.6643423631657217,Toluene,0.35494989563015567,False,False,False,5.250753174568398,1.1878787007408682
10,Ethanol,600.0,Ethanol,True,0.9999999957053152,0.9999999923584345,Acetone,0.05418907512150704,False,True,True,-6.611673658224775,-3.5175339354577853
10,Toluene,60.0,Toluene,True,0.9987077583896501,0.9977206858434698,Toluene,0.32339111192095815,False,False,False,7.87697067967167,0.7279840441271419
10,Ethanol,1000.0,Ethanol,True,0.9999999999997489,0.9999999999994982,Acetone,0.01249263290286018,False,True,True,-13.288559157757017,-5.4371572109283495
10,Toluene,20.0,Toluene,True,0.9998091130435314,0.9996993420729728,Toluene,0.0903285411345843,False,True,True,10.508819674500394,0.06863441739208605
10,Ethanol,200.0,Ethanol,True,0.9999993232150974,0.9999989334366787,Ethanol,0.48006767382119203,False,False,False,6.272098454633609,-0.9768895858789285
10,Toluene,40.0,Toluene,True,0.9998399814958311,0.9997278605334137,Toluene,0.17962955128632713,False,False,False,8.936365908014722,0.5014965397804059
10,Ethanol,800.0,Ethanol,True,0.9999999999876938,0.9999999999753978,Acetaldehyde,0.04423463594223896,False,True,True,-8.99670081265941,-5.306006324504533
10,Toluene,80.0,Toluene,True,0.9991093476508219,0.998434828955551,Toluene,0.8003871218123381,False,False,False,6.319372390015924,0.8432789949752677
10,Ethanol,400.0,Ethanol,True,0.999999999821835,0.9999999996573214,Ethylene,0.16883404791741055,False,False,False,1.6002762532894745,-2.1577810338783006
10,Toluene,60.0,Toluene,True,0.9997387886140163,0.9995357440921061,Toluene,0.38538605206372056,False,False,False,7.577957301119955,0.7479696258420566
10,Ethanol,1000.0,Ethanol,True,0.9999999999999649,0.9999999999999298,Acetone,0.003742269186828989,False,True,True,-11.16129584380636,-5.176609315226466
10,Toluene,20.0,Toluene,True,0.9999558423783649,0.9999267925510317,Toluene,0.09517139785908825,False,True,True,10.351309109614487,0.10012727158433907
10,Ethanol,200.0,Ethanol,True,0.999998781539036,0.9999981499684493,Ethanol,0.4071386689773286,False,False,False,6.429409983272588,-0.9905098838028651
10,Toluene,40.0,Toluene,True,0.9990822523170563,0.9985340516412039,Toluene,0.16479610840535885,False,False,False,9.13486745362292,0.4725842822186673
10,Ethanol,800.0,Ethanol,True,0.9999999999985703,0.9999999999971475,Acetone,0.019116238351479246,False,True,True,-9.5816898491783,-4.464498656777784
10,Toluene,80.0,Toluene,True,0.997592887360356,0.9960572565109672,Toluene,0.7767912783982137,False,False,False,6.587962149230047,0.8666653340770903
10,Ethanol,400.0,Ethanol,True,0.9999999988399997,0.9999999977951298,Ethylene,0.1638296361353216,False,False,False,0.4686436600905302,-2.12611859196147
10,Toluene,1.0,Ethylene,False,0.5439341256432765,0.15723591501040113,Toluene,0.05362880543781119,True,True,True,12.537576617674242,-0.2890808826250852
10,Ethanol,50.0,Ethanol,True,0.979668575292175,0.9684749826229283,Toluene,0.061560913723678376,False,True,True,11.594886467865354,-0.267357813834704
10,Toluene,100.0,Toluene,True,0.8993589183313633,0.7999494807926036,Toluene,0.2898548394984553,False,False,False,5.105343680420768,1.0905192459029915
10,Ethanol,600.0,Ethanol,True,0.9999999999716662,0.9999999999438381,Acetaldehyde,0.05013653273123694,False,True,True,-4.591609363579897,-3.4477768549059733
10,Toluene,20.0,Toluene,True,0.999853924487931,0.9997711671470189,Toluene,0.09129808922919953,False,True,True,10.627963506801997,0.13364343657675914
10,Ethanol,200.0,Ethanol,True,0.9999981235962209,0.9999967916559177,Ethanol,0.6658002197427683,False,False,False,5.923225199158814,-0.9496607345627117
10,Toluene,40.0,Toluene,True,0.999874142876791,0.9997812381374013,Toluene,0.16910463496031014,False,False,False,9.125145054733633,0.5147160146516192
10,Ethanol,800.0,Ethanol,True,0.9999999999954232,0.9999999999923154,Acetone,0.028829738346590257,False,True,True,-11.829870057248284,-4.6555821859175035
10,Toluene,80.0,Toluene,True,0.9924606342030245,0.9851233424810732,Toluene,0.7124888728346497,False,False,False,6.801239420666416,0.9975057649935307
10,Ethanol,400.0,Ethanol,True,0.9999999980148235,0.9999999971798004,Acetaldehyde,0.008676346347693856,False,True,True,-0.6294360508736774,-2.153813975202349
10,Toluene,1.0,Toluene,True,0.799367263123512,0.6342937602455,Toluene,0.054694825265838784,False,True,True,12.501726324759389,-0.25805814292750534
10,Ethanol,50.0,Ethanol,True,0.9861192048727202,0.9800206633796199,Toluene,0.06507785210433584,False,True,True,11.440499218904858,-0.21025287263291037
10,Toluene,100.0,Toluene,True,0.6086051958942519,0.21855931384755672,Toluene,0.3635506019795004,True,False,True,5.252991709740009,1.2482486723048585
10,Ethanol,600.0,Ethanol,True,0.9999999999602396,0.9999999999321624,Acetaldehyde,0.004768663689287044,False,True,True,-5.645445022216869,-3.6089996207125634
10,Toluene,60.0,Toluene,True,0.9994394488610763,0.9989776449436938,Toluene,0.35637902662191184,False,False,False,7.737472720706643,0.7724928918800462
10,Ethanol,1000.0,Ethanol,True,0.9999999999999922,0.9999999999999846,Acetone,0.009383737067983629,False,True,True,-13.112885552078685,-5.51405525369157
10,Toluene,1.0,Toluene,True,0.8617287673269074,0.7479138264523041,Toluene,0.054839613382861835,False,True,True,12.283645025797828,-0.30886513405288013
10,Ethanol,50.0,Ethanol,True,0.9825556602413392,0.9710842425084321,Toluene,0.0592859331230569,False,True,True,11.692120883232135,-0.309029953810906
10,Toluene,20.0,Toluene,True,0.9997782849291976,0.9995981708789516,Toluene,0.0987841296939973,False,True,True,10.318718108654528,0.15261583103155305
10,Ethanol,200.0,Ethanol,True,0.9999981684293406,0.9999972658138218,Ethanol,0.5566428233511597,False,False,False,6.179768736440887,-1.060736242837217
10,Toluene,40.0,Toluene,True,0.9998431928458938,0.9997170547820009,Toluene,0.17931184269363842,False,False,False,8.967910139440724,0.5194925574669416
10,Ethanol,800.0,Ethanol,True,0.999999999999512,0.9999999999990239,Acetaldehyde,0.017907411198015775,False,True,True,-7.955706712374453,-4.489005991737431
10,Toluene,80.0,Toluene,True,0.9980614192896263,0.9963865828042597,Toluene,0.8200041311515891,False,False,False,6.3415883286342885,0.8617218810454574
10,Ethanol,400.0,Ethanol,True,0.9999999999134881,0.9999999998309813,Ethylene,0.16145392414101942,False,False,False,1.603815290093809,-2.21386690614962
10,Toluene,100.0,Toluene,True,0.963535546393327,0.9280206425289637,Toluene,0.3520505859523244,False,False,False,5.286251508477694,1.0900207509446418
10,Ethanol,600.0,Ethanol,True,0.9999999999971556,0.9999999999943138,Acetaldehyde,0.18676307899857053,False,False,False,-2.71481413640225,-3.30214923844039
10,Toluene,60.0,Toluene,True,0.9990085347587953,0.9982662613863811,Toluene,0.3211074535782294,False,False,False,7.86195728049572,0.698812261988757
10,Ethanol,1000.0,Ethanol,True,0.9999999999999942,0.9999999999999883,Acetone,0.0012712350547115123,False,True,True,-10.618981338745415,-5.0775095742230985
10,Toluene,80.0,Toluene,True,0.9968866479911513,0.9942187535751674,Toluene,0.7422112838934146,False,False,False,6.621060273090656,0.8310433069858081
10,Ethanol,400.0,Ethanol,True,0.9999999999118516,0.9999999998269193,Ethylene,0.15698490036762622,False,False,False,1.7556993904849092,-2.169345991796022
10,Toluene,1.0,Toluene,True,0.8304305799186333,0.6894404372657772,Toluene,0.05474012897754797,False,True,True,12.328147911522016,-0.30132431116380937
10,Ethanol,50.0,Ethanol,True,0.9363929633643927,0.8788399048055515,Toluene,0.05984280062074641,False,True,True,11.669048128108486,-0.29835652645028954
10,Toluene,100.0,Toluene,True,0.5907355492206618,0.18234885867242384,Toluene,0.2650426996018037,True,False,True,4.968045067578869,1.1831365586660256
10,Ethanol,600.0,Ethanol,True,0.9999999999949356,0.9999999999898928,Acetaldehyde,0.18815217387843503,False,False,False,-3.1009537217213294,-3.4031353657159515
10,Toluene,60.0,Toluene,True,0.9991945623301748,0.9986000288670305,Toluene,0.3511320098157006,False,False,False,7.720432549429197,0.7237333290664175
10,Ethanol,1000.0,Ethanol,True,0.9999999999999907,0.9999999999999815,Acetone,0.0025775906734047337,False,True,True,-10.811954101957625,-5.10445949781217
10,Toluene,20.0,Toluene,True,0.9998642218492181,0.9997695782393847,Toluene,0.09443061427693139,False,True,True,10.380282394723576,0.09767188896202178
10,Ethanol,200.0,Ethanol,True,0.9999994317382229,0.9999991480381635,Ethanol,0.2279760783971551,False,False,False,6.992053099326072,-1.091050826521796
10,Toluene,40.0,Toluene,True,0.9998671926815373,0.9997646699211856,Toluene,0.18043642368170024,False,False,False,8.905332150129281,0.48903634295543924
10,Ethanol,800.0,Ethanol,True,0.9999999999997218,0.9999999999994434,Acetaldehyde,0.0387639213484302,False,True,True,-6.843245068945492,-4.251119558814416
10,Toluene,20.0,Toluene,True,0.9998198810507365,0.9996931702233288,Toluene,0.09419463528377124,False,True,True,10.352242411401596,0.08278433690118037
10,Ethanol,200.0,Ethanol,True,0.9999997377658952,0.9999996079737341,Ethanol,0.21802221049559406,False,False,False,7.031151115709586,-1.0941984601147516
10,Toluene,40.0,Toluene,True,0.9999445167949016,0.9999136329312948,Toluene,0.18812542322756157,False,False,False,8.77917238737198,0.47954509509648646
10,Ethanol,800.0,Ethanol,True,0.9999999999998879,0.9999999999997757,Acetaldehyde,0.0391103126291635,False,True,True,-6.645066743197215,-4.172810243079698
10,Toluene,80.0,Toluene,True,0.9993348600171171,0.998817815092416,Toluene,0.7679850199170741,False,False,False,6.189210701410159,0.872672478616004
10,Ethanol,400.0,Ethanol,True,0.9999999999100417,0.9999999998217473,Ethylene,0.10896278856775311,False,True,True,2.3030297175650474,-2.1349149107515877
10,Toluene,1.0,Toluene,True,0.9130113209297469,0.836432171014329,Toluene,0.05495270134646663,False,True,True,12.236795858362077,-0.3164084027954871
10,Ethanol,50.0,Ethanol,True,0.9550569790603368,0.9171761939860945,Toluene,0.0576060756389706,False,True,True,11.724141603751436,-0.3507486556081254
10,Toluene,100.0,Toluene,True,0.9817872028948836,0.9637855556320575,Toluene,0.21338186534682774,False,False,False,4.856889186895423,1.1275547119905027
10,Ethanol,600.0,Ethanol,True,0.9999999999951477,0.9999999999903014,Acetaldehyde,0.2224942385498994,False,False,False,-2.315056127322329,-3.3451635401735302
10,Toluene,60.0,Toluene,True,0.9998808935543423,0.9997975346905829,Toluene,0.39956380166407446,False,False,False,7.485418601067567,0.7144424736005404
10,Ethanol,1000.0,Ethanol,True,0.999999999999988,0.9999999999999759,Acetaldehyde,0.010882295969388832,False,True,True,-9.634188543086,-4.999546343389686
10,Toluene,60.0,Toluene,True,0.9999411480805634,0.9999031647669887,Toluene,0.376193752966797,False,False,False,7.472606717071727,0.6053229133753097
10,Ethanol,1000.0,Ethanol,True,0.99999999999999,0.99999999999998,Acetaldehyde,0.016620003837347592,False,True,True,-9.167754185169947,-4.925750858960772
10,Toluene,20.0,Toluene,True,0.9999241141093318,0.9998730235517584,Toluene,0.09495967227475234,False,True,True,10.346693800898647,0.09453404873979161
10,Ethanol,200.0,Ethanol,True,0.9999996407668097,0.9999994164163619,Ethanol,0.17582570446123647,False,False,False,7.245576524091827,-1.1396806098729393
10,Toluene,40.0,Toluene,True,0.9999643172828043,0.9999402606021008,Toluene,0.19277422758809348,False,False,False,8.708964553865954,0.4752985691295784
10,Ethanol,800.0,Ethanol,True,0.9999999999993043,0.9999999999986088,Acetaldehyde,0.08607839716386255,False,True,True,-5.88631142388085,-4.147624028091573
10,Toluene,80.0,Toluene,True,0.997400117619847,0.9957930851317863,Toluene,0.705032292635139,False,False,False,6.462860649640362,0.7175304553678769
10,Ethanol,400.0,Ethanol,True,0.9999999993310988,0.9999999986676366,Ethylene,0.0058699174782201454,False,True,True,2.9262168512513864,-2.1819966854761925
10,Toluene,1.0,Ethylene,False,0.6183859585326889,0.2937319393414459,Toluene,0.053604668303408265,True,True,True,12.419891186952313,-0.319656919078439
10,Ethanol,50.0,Ethanol,True,0.8664039629857566,0.7525413740021476,Toluene,0.055160048590863285,False,True,True,11.920311198559075,-0.3820776968148651
10,Toluene,100.0,Toluene,True,0.9672973398444819,0.935568748943284,Toluene,0.1804247744984018,False,False,False,4.797224219173994,1.0633954905798126
10,Ethanol,600.0,Ethanol,True,0.999999999990854,0.9999999999817105,Acetaldehyde,0.22124535076580507,False,False,False,-1.6947365411939626,-3.2798214825789698
10,Toluene,100.0,Toluene,True,0.9917177199674346,0.9841059758972942,Toluene,0.28680914409247993,False,False,False,5.135089340190056,1.0274069662148118
10,Ethanol,600.0,Ethanol,True,0.9999999999960092,0.9999999999920187,Acetaldehyde,0.1957906056757048,False,False,False,-1.662680713367652,-3.177636856532789
10,Toluene,60.0,Toluene,True,0.9998838435473343,0.9997884147143409,Toluene,0.4046698305768801,False,False,False,7.436730733029411,0.6866555851568839
10,Ethanol,1000.0,Ethanol,True,0.9999999999999949,0.9999999999999899,Acetaldehyde,0.012190874737824079,False,True,True,-9.356381131393189,-4.9224703130443626
10,Toluene,1.0,Toluene,True,0.8805722657502462,0.7747446467826172,Toluene,0.05491486424731647,False,True,True,12.245871481715128,-0.3155090891285773
10,Ethanol,50.0,Ethanol,True,0.8838143422782453,0.7724457978526771,Toluene,0.05538426394996872,False,True,True,11.80542466224652,-0.39934125294830364
10,Toluene,20.0,Toluene,True,0.9997955057348221,0.9996645830921379,Toluene,0.10105319723595513,False,True,True,10.174212770116402,0.13390829597703208
10,Ethanol,200.0,Ethanol,True,0.9999989342923632,0.9999981590562842,Ethanol,0.22631871829390038,False,False,False,7.0697687933458715,-1.182920843930618
10,Toluene,40.0,Toluene,True,0.9999811205126703,0.9999680357859463,Toluene,0.2081415342595947,False,False,False,8.570502722311895,0.5123268334156218
10,Ethanol,800.0,Ethanol,True,0.9999999999996612,0.9999999999993223,Acetaldehyde,0.092854655396971,False,True,True,-6.05863878686523,-4.276458688854224
10,Toluene,80.0,Toluene,True,0.9993498750961458,0.9988379798088283,Toluene,0.7026276141880662,False,False,False,6.127646649375588,0.8191318121118563
10,Ethanol,400.0,Ethanol,True,0.9999999998619342,0.9999999997279854,Ethylene,0.06976119454319685,False,True,True,2.4921335097453503,-2.242509283058496
10,Toluene,1.0,Toluene,True,0.8933372442916778,0.8028526434838668,Toluene,0.05477763299135672,False,True,True,12.249148090925816,-0.3194871133287949
10,Ethanol,50.0,Ethanol,True,0.9321312172605287,0.880031845505917,Toluene,0.05582034188688559,False,True,True,11.884276582505958,-0.369367069250148
10,Toluene,100.0,Toluene,True,0.9627563537370173,0.9275605200027986,Toluene,0.1929698673858457,False,False,False,4.825754683670832,1.01941966993414
10,Ethanol,600.0,Ethanol,True,0.9999999999895004,0.9999999999790041,Acetaldehyde,0.23886838623176646,False,False,False,-1.569256177561022,-3.345938196344989
10,Toluene,60.0,Toluene,True,0.999794228961406,0.9996570208566135,Toluene,0.34524170115768527,False,False,False,7.615829923624439,0.5967685759296162
10,Ethanol,1000.0,Ethanol,True,0.9999999999999878,0.9999999999999756,Acetaldehyde,0.033757125529964,False,True,True,-8.445382090645316,-4.883658204566567
10,Toluene,20.0,Toluene,True,0.9996306229371061,0.9994391766668209,Toluene,0.0905765717644779,False,True,True,10.39171459987336,0.03129470869186289
10,Ethanol,200.0,Ethanol,True,0.9999993900712542,0.9999989660865146,Ethanol,0.10335164942092062,False,True,True,7.664681754603054,-1.148314362790491
10,Toluene,40.0,Toluene,True,0.999878390692917,0.9997993914686962,Toluene,0.17721494479218833,False,False,False,8.823979915390234,0.40773498349932336
10,Ethanol,800.0,Ethanol,True,0.9999999999996085,0.9999999999992172,Acetaldehyde,0.1631180362908818,False,False,False,-5.130357997846657,-4.1687639246229145
10,Toluene,80.0,Toluene,True,0.9992538733306213,0.99878594430752,Toluene,0.7069938348894007,False,False,False,6.381169277879205,0.7181299774372557
10,Ethanol,400.0,Ethanol,True,0.9999999994496063,0.9999999989063212,Ethanol,0.015932621050285752,False,True,True,3.012230109120366,-2.230113888372166
10,Toluene,20.0,Toluene,True,0.999804707191847,0.9997071163833676,Toluene,0.09221717838874188,False,True,True,10.407324414174331,0.06701325476107803
10,Ethanol,200.0,Ethanol,True,0.9999989912083014,0.999998199681216,Ethanol,0.16147486874002173,False,False,False,7.3754756062523485,-1.2051444534623024
10,Toluene,40.0,Toluene,True,0.9998045057412288,0.9996955192499578,Toluene,0.17201482271889085,False,False,False,8.862823967872158,0.3825581071237303
10,Ethanol,800.0,Ethanol,True,0.9999999999994069,0.9999999999988138,Acetaldehyde,0.13005684519269875,False,True,True,-5.671182915079438,-4.297756111847217
10,Toluene,80.0,Toluene,True,0.9994205442284968,0.9991305696795361,Toluene,0.7524345129347281,False,False,False,6.416289148785681,0.773157473721583
10,Ethanol,400.0,Ethanol,True,0.9999999995524453,0.9999999991141638,Ethylene,0.007772767181666405,False,True,True,2.8693676309183513,-2.257773245941255
10,Toluene,1.0,Ethylene,False,0.4897490306172574,0.042567862870678375,Toluene,0.05363519638562247,True,True,True,12.458092434513366,-0.3090451384575926
10,Ethanol,50.0,Ethanol,True,0.8126991553455745,0.6652796380017998,Toluene,0.0542953899668956,False,True,True,11.984342604571195,-0.39571048879541454
10,Toluene,100.0,Toluene,True,0.912678863175709,0.8354248011553886,Toluene,0.22980934698820243,False,False,False,4.957750493069402,1.0090074033714804
10,Ethanol,600.0,Ethanol,True,0.9999999999897224,0.9999999999794471,Acetaldehyde,0.2409239478889842,False,False,False,-1.559741966189398,-3.3541601653670763
10,Toluene,60.0,Toluene,True,0.999501119454906,0.9992041998793647,Toluene,0.34941939533755695,False,False,False,7.599873968316899,0.6016831827258589
10,Ethanol,1000.0,Ethanol,True,0.9999999999999871,0.9999999999999742,Acetaldehyde,0.021414372252532853,False,True,True,-8.964668072445065,-4.922558667046127
10,Toluene,1.0,Ethylene,False,0.5971089897185209,0.35606828547151825,Toluene,0.04968954741511363,True,True,True,12.759014623043914,-0.3895540227490733
10,Ethanol,50.0,Ethanol,True,0.5939100017842409,0.3185023952031217,Toluene,0.05790748961987746,True,True,True,11.9805257859194,-0.281213212362968
10,Toluene,100.0,Toluene,True,0.9989118701888261,0.9981902800517617,Toluene,0.7166854752314377,False,False,False,6.269993850980891,0.7538819063810058
10,Ethanol,600.0,Ethanol,True,0.999999999968697,0.9999999999375129,Acetaldehyde,0.12421857766542581,False,True,True,-2.9984923148961755,-3.173368807091717
10,Toluene,60.0,Toluene,True,0.9999199601325346,0.9998613101887882,Toluene,0.19878487936960856,False,False,False,8.595602148629961,0.45277608198123087
10,Ethanol,1000.0,Ethanol,True,0.9999999999999762,0.9999999999999525,Acetone,0.004850773200637163,False,True,True,-10.304892056631791,-4.909335043318996
10,Toluene,20.0,Toluene,True,0.9987142462409723,0.9977923037754647,Toluene,0.08241691831180065,False,True,True,10.892281659037593,0.043576676970312166
10,Ethanol,200.0,Ethanol,True,0.9999959370273691,0.9999932592769739,Ethanol,0.15827791925705098,False,False,False,7.2395355394653045,-1.0502116481004122
10,Toluene,40.0,Toluene,True,0.9998816470514819,0.9998038555828168,Toluene,0.13078585992614017,False,True,True,9.563975802876746,0.30308303361642946
10,Ethanol,800.0,Ethanol,True,0.9999999999988622,0.9999999999977246,Acetaldehyde,0.09540272669120099,False,True,True,-5.812617489756156,-4.167159575368106
10,Toluene,80.0,Toluene,True,0.9997180681424356,0.9995006927438523,Toluene,0.35444334914968517,False,False,False,7.5022343276767645,0.5452954297434242
10,Ethanol,400.0,Ethanol,True,0.999999999123105,0.9999999982724,Ethylene,0.06941961513577136,False,True,True,2.537373374160004,-2.194479404615177
10,Toluene,60.0,Toluene,True,0.9999192935048876,0.9998590864860879,Toluene,0.19837422108704192,False,False,False,8.587440883342769,0.44430517890002225
10,Ethanol,1000.0,Ethanol,True,0.9999999999999758,0.9999999999999515,Acetaldehyde,0.01831937592778504,False,True,True,-9.229885652744999,-4.977529188391307
10,Toluene,20.0,Toluene,True,0.9990073069626754,0.9982657368536229,Toluene,0.0798577060178671,False,True,True,10.906599957852963,-0.008829093077966043
10,Ethanol,200.0,Ethanol,True,0.999998011611734,0.9999965748054632,Ethanol,0.1752965435200489,False,False,False,7.250416327545421,-1.1423012217726718
10,Toluene,40.0,Toluene,True,0.999879014598248,0.9997904570054775,Toluene,0.1265714268523307,False,True,True,9.56986572672351,0.2507960618897123
10,Ethanol,800.0,Ethanol,True,0.9999999999994174,0.9999999999988347,Acetaldehyde,0.027775268720328837,False,True,True,-6.840344477108663,-4.163096465790463
10,Toluene,80.0,Toluene,True,0.9999206333073113,0.9998647152855299,Toluene,0.3221049490426182,False,False,False,7.585423958713238,0.47952039325701473
10,Ethanol,400.0,Ethanol,True,0.9999999991167086,0.9999999982519866,Ethylene,0.13120204511671366,False,True,True,2.0625954422213213,-2.1662231698936116
10,Toluene,1.0,Ethylene,False,0.6609406386820387,0.43343814695646377,Toluene,0.049431983624730565,True,True,True,12.719531868297254,-0.40890114359822366
10,Ethanol,50.0,Ethanol,True,0.5319866885042618,0.18443752916225814,Toluene,0.055168662157464056,True,True,True,12.004321875028383,-0.36343037734163147
10,Toluene,100.0,Toluene,True,0.999219792406799,0.9987710367024788,Toluene,0.6330150687556427,False,False,False,6.646829840521502,0.6677413163178553
10,Ethanol,600.0,Ethanol,True,0.9999999999793585,0.9999999999587756,Acetaldehyde,0.19737508274776167,False,False,False,-2.53813509880064,-3.2997031118554716
10,Toluene,20.0,Toluene,True,0.9994545415304312,0.9990965544224348,Toluene,0.07948085250083256,False,True,True,10.933054164127773,-0.008397254411721159
10,Ethanol,200.0,Ethanol,True,0.9999969642649973,0.999995006878694,Ethanol,0.19806127056350492,False,False,False,7.0980202614509045,-1.082161187191354
10,Toluene,40.0,Toluene,True,0.9999312881446012,0.999877497934089,Toluene,0.12146080249979278,False,True,True,9.629842357359337,0.21082279517596694
10,Ethanol,800.0,Ethanol,True,0.999999999999013,0.9999999999980275,Acetone,0.006742234993096182,False,True,True,-7.749167102266804,-4.160703799456163
10,Toluene,80.0,Toluene,True,0.9999120811558027,0.9998569718341271,Toluene,0.2988161634041107,False,False,False,7.678481234893968,0.4458092776749329
10,Ethanol,400.0,Ethanol,True,0.9999999979649838,0.9999999960476453,Ethylene,0.17230623020399083,False,False,False,1.576721027491469,-2.1418246806139734
10,Toluene,1.0,Ethylene,False,0.7190668839548796,0.5302696926979473,Toluene,0.04944631545978643,False,True,True,12.71115829677792,-0.4102066474217369
10,Ethanol,50.0,Ethanol,True,0.7309665815940698,0.5509089994092288,Toluene,0.05548604679775817,False,True,True,12.002993499317604,-0.3535324482322459
10,Toluene,100.0,Toluene,True,0.9993564255286977,0.9989995225311411,Toluene,0.5912315306207295,False,False,False,6.615339396195613,0.5948392187124724
10,Ethanol,600.0,Ethanol,True,0.9999999999800939,0.9999999999602616,Acetaldehyde,0.15456292309727354,False,False,False,-2.9050638556529385,-3.2449854534812674
10,Toluene,60.0,Toluene,True,0.9999706924474738,0.9999467606208917,Toluene,0.17459900237803516,False,False,False,8.706800889533989,0.32029254697248216
10,Ethanol,1000.0,Ethanol,True,0.9999999999999856,0.9999999999999711,Acetone,0.002015862368089766,False,True,True,-9.981493811390747,-4.872466727118697
10,Toluene,1.0,Ethylene,False,0.7197560493907628,0.5787588635305972,Toluene,0.04932988772629289,False,True,True,12.707711835134223,-0.4156116503235159
10,Ethanol,50.0,Ethanol,True,0.7390392306855091,0.5518750774985063,Toluene,0.054297105159271164,False,True,True,12.118241278211022,-0.3664525721974489
10,Toluene,20.0,Toluene,True,0.9991042043151354,0.9984400515856667,Toluene,0.08149256025140157,False,True,True,10.695725877361767,-0.042945489522163455
10,Ethanol,200.0,Ethanol,True,0.999998188194512,0.9999969452605777,Ethanol,0.2254187351048547,False,False,False,7.056644874408501,-1.1609568612376098
10,Toluene,40.0,Toluene,True,0.9998525253500663,0.9997220715359879,Toluene,0.11851898418988038,False,True,True,9.54349594267396,0.13688489285902009
10,Ethanol,800.0,Ethanol,True,0.9999999999989915,0.9999999999979828,Acetaldehyde,0.09458120799750186,False,True,True,-5.838778977722852,-4.175363764666535
10,Toluene,80.0,Toluene,True,0.9999393656321013,0.9998880518026078,Toluene,0.27948375416600935,False,False,False,7.553962353207449,0.3088449956004902
10,Ethanol,400.0,Ethanol,True,0.99999999938823,0.9999999987971425,Ethylene,0.036574055302026086,False,True,True,2.7208073194777316,-2.2291229177586223
10,Toluene,100.0,Toluene,True,0.9999582314324486,0.9999233929382524,Toluene,0.45484157372390077,False,False,False,6.887052556482275,0.4624959712361379
10,Ethanol,600.0,Ethanol,True,0.9999999999924101,0.9999999999848284,Acetaldehyde,0.21586651338208285,False,False,False,-1.4609210123587257,-3.2498364426429407
10,Toluene,60.0,Toluene,True,0.9999886901874181,0.9999795174309749,Toluene,0.1650676546810907,False,False,False,8.776216507434448,0.2759602354148122
10,Ethanol,1000.0,Ethanol,True,0.9999999999999876,0.999999999999975,Acetaldehyde,0.018433338079065203,False,True,True,-9.144957938473054,-4.946367781936955
10,Toluene,80.0,Toluene,True,0.9999732595803816,0.999948827215835,Toluene,0.2531680668909791,False,False,False,7.812001173458386,0.3283277835052792
10,Ethanol,400.0,Ethanol,True,0.9999999984999985,0.9999999970285993,Ethylene,0.04970843316829932,False,True,True,2.6518841030032383,-2.2125644384949794
10,Toluene,1.0,Ethylene,False,0.774024170134394,0.6300485434792887,Toluene,0.04905151780083796,False,True,True,12.789463516810162,-0.40850185792371246
10,Ethanol,50.0,Ethanol,True,0.7082512511367968,0.5041208522849582,Toluene,0.0535027900916345,False,True,True,12.07414025489216,-0.4023287972550427
10,Toluene,100.0,Toluene,True,0.999471467399367,0.9990674574926516,Toluene,0.514748810059415,False,False,False,6.670551972309859,0.49598108936966867
10,Ethanol,600.0,Ethanol,True,0.9999999999900853,0.9999999999801887,Acetaldehyde,0.23495755352686287,False,False,False,-2.101408563314471,-3.361399057296389
10,Toluene,60.0,Toluene,True,0.9999566173097273,0.9999191670361889,Toluene,0.16301163890554815,False,False,False,8.735307829836772,0.2398213304967816
10,Ethanol,1000.0,Ethanol,True,0.999999999999982,0.999999999999964,Acetaldehyde,0.015031577296331308,False,True,True,-9.313766120995775,-4.9546506499501985
10,Toluene,20.0,Toluene,True,0.9991529545634237,0.9985164838545749,Toluene,0.07531119548899168,False,True,True,10.942471067616019,-0.09947563594842698
10,Ethanol,200.0,Ethanol,True,0.9999988564197605,0.9999979963169858,Ethanol,0.1370905366437152,False,True,True,7.482935600424942,-1.1785560943559537
10,Toluene,40.0,Toluene,True,0.9998731086933704,0.999761470493237,Toluene,0.11351694681286395,False,True,True,9.590970333598884,0.09210300793627765
10,Ethanol,800.0,Ethanol,True,0.9999999999989804,0.9999999999979606,Acetaldehyde,0.12539406695026684,False,True,True,-5.530992433186595,-4.192780308414755
10,Toluene,20.0,Toluene,True,0.9994881481487928,0.999140468866993,Toluene,0.07704132623162444,False,True,True,10.87616440002849,-0.08107159788296009
10,Ethanol,200.0,Ethanol,True,0.9999984383368407,0.9999972476703612,Ethanol,0.12203429088830124,False,True,True,7.567681757320654,-1.1724861280796486
10,Toluene,40.0,Toluene,True,0.9998508666846317,0.9997236222115321,Toluene,0.11569981737362237,False,True,True,9.603197970425216,0.12459476771000941
10,Ethanol,800.0,Ethanol,True,0.9999999999995195,0.9999999999990391,Acetaldehyde,0.1244997381987271,False,True,True,-5.598559920333114,-4.224586722650211
10,Toluene,80.0,Toluene,True,0.9999052239703707,0.9998182216028139,Toluene,0.2762502035202368,False,False,False,7.626170362377226,0.330225506198023
10,Ethanol,400.0,Ethanol,True,0.9999999993376498,0.9999999987070833,Ethylene,0.007246941287787411,False,True,True,2.8799219589414293,-2.2454019417590834
10,Toluene,1.0,Ethylene,False,0.7367834315902152,0.5869766190929493,Toluene,0.048923752260349194,False,True,True,12.744426766338625,-0.4237306862986209
10,Ethanol,50.0,Ethanol,True,0.5207224621425011,0.09859926430676996,Toluene,0.05350341945249771,True,True,True,12.090610233712239,-0.3988087462201823
10,Toluene,100.0,Toluene,True,0.9995911926957882,0.9992808776860331,Toluene,0.5440928369681259,False,False,False,6.580264523033922,0.5210008747444773
10,Ethanol,600.0,Ethanol,True,0.9999999999929736,0.9999999999859578,Acetaldehyde,0.24864348559372376,False,False,False,-1.8172998961996263,-3.3903595313423494
10,Toluene,60.0,Toluene,True,0.9999727497752372,0.9999493545151266,Toluene,0.1798750456618524,False,False,False,8.640794333456805,0.3282254205006392
10,Ethanol,1000.0,Ethanol,True,0.9999999999999838,0.9999999999999675,Acetaldehyde,0.031016189746983877,False,True,True,-8.864114084552305,-5.028997857092066
10,Toluene,60.0,Toluene,True,0.9999730134314435,0.999948689252185,Toluene,0.17385645886114484,False,False,False,8.64921792859763,0.28536481433573213
10,Ethanol,1000.0,Ethanol,True,0.9999999999999862,0.9999999999999725,Acetaldehyde,0.03757501560114575,False,True,True,-8.243760627618924,-4.8442490859458935
10,Toluene,20.0,Toluene,True,0.9991438333093448,0.9986067742423157,Toluene,0.07669093334693841,False,True,True,10.836365899243969,-0.10067513678261292
10,Ethanol,200.0,Ethanol,True,0.9999986385336406,0.999997509687344,Ethanol,0.11054251603463945,False,True,True,7.644344755738231,-1.173327362688689
10,Toluene,40.0,Toluene,True,0.9998951227307733,0.9998036821984276,Toluene,0.11951070588727868,False,True,True,9.522205731221135,0.1407663174196497
10,Ethanol,800.0,Ethanol,True,0.9999999999989844,0.9999999999979686,Acetaldehyde,0.14315624419946532,False,True,True,-5.326365672166576,-4.176597828058721
10,Toluene,80.0,Toluene,True,0.9999509011567532,0.9999091819670813,Toluene,0.29752662403800084,False,False,False,7.5903677963168885,0.3901289588853324
10,Ethanol,400.0,Ethanol,True,0.9999999967784674,0.9999999935890648,Ethanol,0.01953618269940745,False,True,True,3.0782422062002652,-2.139776935925583
10,Toluene,1.0,Ethylene,False,0.5914034268455385,0.3455467897333463,Toluene,0.050185381042684295,True,True,True,12.741018236113826,-0.37374325702880207
10,Ethanol,50.0,Ethanol,True,0.7250709800115661,0.5002671990964358,Toluene,0.05389564864742773,False,True,True,12.09513523317447,-0.38488632782516513
10,Toluene,100.0,Toluene,True,0.9997668900773254,0.9996182427106952,Toluene,0.6539317162341047,False,False,False,6.481354611571843,0.6542104807087057
10,Ethanol,600.0,Ethanol,True,0.9999999999820113,0.9999999999640402,Acetaldehyde,0.23205523967031297,False,False,False,-1.3599512898462696,-3.318231977939892
10,Toluene,100.0,Toluene,True,0.9999816389387564,0.9999689934420327,Toluene,0.5369433537264455,False,False,False,6.876687841507737,0.6160544182154931
10,Ethanol,600.0,Ethanol,True,0.9999999999913771,0.9999999999827602,Acetaldehyde,0.21531284207313525,False,False,False,-1.1538782034928732,-3.2480048992980155
10,Toluene,60.0,Toluene,True,0.9999934063006252,0.9999884794497165,Toluene,0.18998778933370403,False,False,False,8.672258070132152,0.4281826207507498
10,Ethanol,1000.0,Ethanol,True,0.9999999999999669,0.9999999999999339,Acetaldehyde,0.030906289143036957,False,True,True,-8.629215734679791,-4.924327883646337
10,Toluene,1.0,Ethylene,False,0.4834747660913987,0.15082910515059644,Toluene,0.05026327142800565,True,True,True,12.743893503061118,-0.3699261203418761
10,Ethanol,50.0,Ethanol,True,0.6893525460182197,0.4349760136937998,Toluene,0.05382821724678093,True,True,True,12.158662709556411,-0.3731192809440452
10,Toluene,20.0,Toluene,True,0.9990983975445379,0.9983832547793942,Toluene,0.08529566094412386,False,True,True,10.678467401243752,0.02940305459635677
10,Ethanol,200.0,Ethanol,True,0.9999946996400773,0.9999902358700402,Ethanol,0.18611720012379734,False,False,False,7.260846892027791,-1.2113983077064712
10,Toluene,40.0,Toluene,True,0.9999760670132636,0.9999579688305295,Toluene,0.12986967076449402,False,True,True,9.419160433429424,0.22308018346258796
10,Ethanol,800.0,Ethanol,True,0.9999999999990279,0.9999999999980559,Acetaldehyde,0.12875774495099496,False,True,True,-5.6295129674932545,-4.266431396420778
10,Toluene,80.0,Toluene,True,0.9999888189623173,0.9999813079116908,Toluene,0.3564448184802825,False,False,False,7.4988196869007595,0.550325803192989
10,Ethanol,400.0,Ethanol,True,0.9999999989738562,0.9999999979669619,Ethylene,0.009333423836530873,False,True,True,2.885502725131819,-2.2177984121371837
10,Toluene,1.0,Ethylene,False,0.582563673845975,0.3329507499115982,Toluene,0.04998668536843743,True,True,True,12.721218021488578,-0.3863411059051954
10,Ethanol,50.0,Ethanol,True,0.7212030105847436,0.4881886042563408,Toluene,0.05425530538001013,False,True,True,12.083705878047562,-0.3755285461157243
10,Toluene,100.0,Toluene,True,0.9999412010839293,0.9999044707345072,Toluene,0.7117181497854055,False,False,False,6.472892972019353,0.7274169255468228
10,Ethanol,600.0,Ethanol,True,0.9999999999814386,0.9999999999628906,Acetaldehyde,0.24419815115167515,False,False,False,-1.3565782844409289,-3.3705137957323608
10,Toluene,60.0,Toluene,True,0.9999895721522362,0.9999823647372745,Toluene,0.19386342122053288,False,False,False,8.657053310250197,0.4512384409035541
10,Ethanol,1000.0,Ethanol,True,0.9999999999999707,0.9999999999999414,Acetaldehyde,0.042230826308926446,False,True,True,-8.180340160475883,-4.8751489062743145
10,Toluene,20.0,Toluene,True,0.9996451277086862,0.9993584010436101,Toluene,0.07999997542815612,False,True,True,10.82422308298838,-0.03298043140222562
10,Ethanol,200.0,Ethanol,True,0.9999970288477936,0.9999944580103504,Ethanol,0.09969065048159378,False,True,True,7.728664538782271,-1.1790018403308842
10,Toluene,40.0,Toluene,True,0.9999775159730998,0.999962055661235,Toluene,0.13002182184833894,False,True,True,9.494577548848769,0.25960932640068535
10,Ethanol,800.0,Ethanol,True,0.9999999999992437,0.9999999999984873,Acetaldehyde,0.16236288357050546,False,False,False,-5.1376016098042445,-4.1691019798042275
10,Toluene,80.0,Toluene,True,0.9999860054578529,0.9999742194187692,Toluene,0.34296711699599197,False,False,False,7.523157290506697,0.5170726541073534
10,Ethanol,400.0,Ethanol,True,0.9999999990794339,0.9999999981907606,Ethanol,0.012390836449030943,False,True,True,2.978638848323422,-2.258100965562752
10,Toluene,20.0,Toluene,True,0.9999075454264711,0.9998390210030751,Toluene,0.08168726714371825,False,True,True,10.788264994209511,-0.008570942739892918
10,Ethanol,200.0,Ethanol,True,0.9999971858004842,0.9999947673721323,Ethanol,0.1614850916662983,False,False,False,7.403558110494967,-1.2361845469165655
10,Toluene,40.0,Toluene,True,0.9999791808350849,0.9999638899115093,Toluene,0.12994448381814488,False,True,True,9.512192184210074,0.2669775544480135
10,Ethanol,800.0,Ethanol,True,0.999999999999102,0.999999999998204,Acetaldehyde,0.1534042370895981,False,False,False,-5.430786994935624,-4.292329283669694
10,Toluene,80.0,Toluene,True,0.9999866486239772,0.9999756708388859,Toluene,0.3546770502752533,False,False,False,7.504228377643364,0.5476504521762375
10,Ethanol,400.0,Ethanol,True,0.9999999991122765,0.9999999982432977,Ethanol,0.018201817013810725,False,True,True,3.0218485857904334,-2.2338575471576787
10,Toluene,1.0,Ethylene,False,0.48368233129038307,0.14624754854599648,Toluene,0.05002248118944816,True,True,True,12.71243962268296,-0.38694011037268244
10,Ethanol,50.0,Ethanol,True,0.6660283442401258,0.36822783813702864,Toluene,0.05328605154623232,True,True,True,12.078870224895983,-0.4084442685512757
10,Toluene,100.0,Toluene,True,0.9999111707804679,0.9998513239799975,Toluene,0.6306544626154226,False,False,False,6.500580608640031,0.6262394807269219
10,Ethanol,600.0,Ethanol,True,0.9999999999854334,0.9999999999708751,Acetaldehyde,0.22697180605440867,False,False,False,-1.2636441939936673,-3.297984405053172
10,Toluene,60.0,Toluene,True,0.999992811694835,0.9999867807841549,Toluene,0.1871464236078859,False,False,False,8.524235896488381,0.32245103201806086
10,Ethanol,1000.0,Ethanol,True,0.9999999999999871,0.9999999999999742,Acetaldehyde,0.028868222810948516,False,True,True,-8.742872398052517,-4.943663461245507
10,Ethylene,10.0,Acetone,False,0.6279741775787459,0.44234193046480763,Toluene,0.05349444613538188,True,True,True,12.784436905519778,-0.2278767091335435
10,Ammonia,50.0,Ammonia,True,0.8171886095669485,0.636244599128577,Toluene,0.09409875993159279,False,True,True,11.396518600202354,0.5838456142306077
10,Ethylene,250.0,Ethylene,True,0.9653076607613827,0.934231268556573,Toluene,0.8798569037991226,False,False,False,6.413971514594124,0.9299144335241214
10,Ammonia,600.0,Ammonia,True,0.9999999994739301,0.9999999992102409,Acetone,0.16830244908967276,False,False,False,-8.361938303690835,3.487913688335134
10,Ethylene,150.0,Toluene,False,0.5870841632045911,0.17684435176820867,Toluene,0.20313376135533934,True,False,True,8.759855763564879,0.6072291887997171
10,Ammonia,1000.0,Ammonia,True,0.9999999999998248,0.9999999999996502,Acetone,0.08002706475888133,False,True,True,-22.522756341387105,2.7824816006891
10,Ethylene,50.0,Toluene,False,0.6734232156773543,0.45359113741813883,Toluene,0.07860496992647631,True,True,True,11.329450080529847,0.11450667253240374
10,Ammonia,200.0,Toluene,False,0.8385681461704964,0.6771392185364957,Toluene,0.22810541359581063,False,False,False,5.094509023995526,2.685899921835524
10,Ethylene,100.0,Toluene,False,0.5938090389183998,0.2126951912791913,Toluene,0.12441706922930881,True,True,True,9.868943115751998,0.3696544349303224
10,Ammonia,800.0,Ammonia,True,0.999999999998596,0.9999999999977073,Acetone,0.10367684005889759,False,True,True,-15.908996206632205,3.611174558266476
10,Ethylene,200.0,Ethylene,True,0.7894572666164217,0.583518206651872,Toluene,0.37942385826731817,False,False,False,7.56951458571718,0.7095122563724281
10,Ammonia,400.0,Ammonia,True,0.9651757319001341,0.9303528850629881,Ammonia,0.39382216564787265,False,False,False,-2.192839025389053,3.743795783342787
10,Ethylene,150.0,Ethylene,True,0.6325899714361973,0.2692172872976028,Toluene,0.2214102049592698,True,False,True,8.589146010677224,0.6404771160952211
10,Ammonia,1000.0,Ammonia,True,0.9999999999994784,0.9999999999989584,Acetone,0.07877833926974583,False,True,True,-22.962822249308445,2.7199061316049433
10,Ethylene,50.0,Toluene,False,0.8848280728323062,0.7879692904628852,Toluene,0.08013672228670023,False,True,True,11.261896574627915,0.12828933314514218
10,Ammonia,200.0,Toluene,False,0.9271106071353387,0.8542241719849342,Toluene,0.22937230629007743,False,False,False,5.069884919153714,2.5969777454598493
10,Ethylene,100.0,Toluene,False,0.9029692664456211,0.8126287602319162,Toluene,0.13071773458812297,False,True,True,9.733545033256764,0.39120204585544627
10,Ammonia,800.0,Ammonia,True,0.9999999999366875,0.9999999998890152,Acetone,0.10909399983910534,False,True,True,-15.749100963844029,3.3364797811770477
10,Ethylene,200.0,Ethylene,True,0.8264371422827307,0.6586484704851681,Toluene,0.3687598722075518,False,False,False,7.597333062263068,0.6870454829116919
10,Ammonia,400.0,Toluene,False,0.508873725514125,0.01775284232197355,Ammonia,0.34964544022636196,True,False,True,-2.0198594641395733,3.4732501796488755
10,Ethylene,10.0,Acetone,False,0.5057992119339766,0.17052125274283897,Toluene,0.05435165978225454,True,True,True,12.722645480235682,-0.21040308538970226
10,Ammonia,50.0,Ammonia,True,0.7566052088844799,0.5151134060170695,Toluene,0.09456029861920567,False,True,True,11.348414598532353,0.5688070269450507
10,Ethylene,250.0,Ethylene,True,0.9916748321567164,0.9870845630000663,Toluene,0.6339406996584267,False,False,False,6.139790838659183,0.7063248473350233
10,Ammonia,600.0,Ammonia,True,0.999999996593141,0.9999999938586244,Acetone,0.1966911611475669,False,False,False,-9.034185946598663,2.9612312544235864
10,Ethylene,50.0,Toluene,False,0.7942966677569596,0.6697421846992857,Toluene,0.08454346829504931,False,True,True,11.156577283468666,0.1983185387396018
10,Ammonia,200.0,Ammonia,True,0.5653524969566521,0.13071360415450795,Toluene,0.22237695496867163,True,False,True,5.020839624962513,2.518012927710116
10,Ethylene,100.0,Toluene,False,0.8826560133376159,0.7738665100130977,Toluene,0.13480774973510967,False,True,True,9.620014931919396,0.3868572693048158
10,Ammonia,800.0,Ammonia,True,0.9999999999969775,0.999999999994562,Acetone,0.11668372102414121,False,True,True,-15.776759427746462,2.8449231031642
10,Ethylene,200.0,Ethylene,True,0.8226834563611439,0.6521939014318974,Toluene,0.4076183340797867,False,False,False,7.489623016304222,0.7562620182840576
10,Ammonia,400.0,Ammonia,True,0.99952196150302,0.9990441268456115,Ammonia,0.3221313420666582,False,False,False,-1.721288736636212,3.2217343186260834
10,Ethylene,10.0,Acetone,False,0.41104848175394737,0.031064229914409658,Toluene,0.054014740427947794,True,True,True,12.656264093354883,-0.24248124377848435
10,Ammonia,50.0,Ammonia,True,0.8908153740468744,0.7831555121090223,Toluene,0.09247201119947455,False,True,True,11.321052965441773,0.492510303354082
10,Ethylene,250.0,Ethylene,True,0.9855452037835435,0.9779047051019009,Toluene,0.688920312279139,False,False,False,6.078880890838185,0.8427141055187902
10,Ammonia,600.0,Ammonia,True,0.9999999991372266,0.9999999985405343,Acetone,0.18419029966865616,False,False,False,-8.581734883247453,3.2456085198977656
10,Ethylene,150.0,Ethylene,True,0.5992531628962579,0.20637546197500378,Toluene,0.21706658731979217,True,False,True,8.535975902738896,0.5609942191196489
10,Ammonia,1000.0,Ammonia,True,0.9999999999968414,0.9999999999936837,Acetone,0.08074109776082115,False,True,True,-22.179215270321258,2.0458995302199976
10,Ethylene,10.0,Ethylene,True,0.3883186034432466,0.012160767877149092,Toluene,0.05491362852568068,True,True,True,12.695519814144822,-0.1955461137524728
10,Ammonia,50.0,Ammonia,True,0.6196379700513773,0.2407412288716173,Toluene,0.09483584966440271,True,True,True,11.300738359694442,0.5486581451524093
10,Ethylene,50.0,Toluene,False,0.6678750059127707,0.3897918367118933,Toluene,0.08311387714557061,True,True,True,11.037258976897537,0.11417233908331381
10,Ammonia,200.0,Toluene,False,0.7709751487502318,0.5419586183145029,Toluene,0.24216446036478093,False,False,False,5.081425879276365,2.4881702453157093
10,Ethylene,100.0,Toluene,False,0.883307047236937,0.7758582449903361,Toluene,0.13564484879411903,False,True,True,9.623105290314587,0.4002308192077034
10,Ammonia,800.0,Ammonia,True,0.9999999999981302,0.9999999999963461,Acetone,0.11602445629739615,False,True,True,-15.923448991129899,2.81267526760122
10,Ethylene,200.0,Ethylene,True,0.8245862389505756,0.657307717376156,Toluene,0.412908099129477,False,False,False,7.362650064041342,0.6487917285624657
10,Ammonia,400.0,Ammonia,True,0.9998661338064747,0.9997325051213187,Ammonia,0.2649885681375978,False,False,False,-2.31495745835062,3.343560472548672
10,Ethylene,250.0,Ethylene,True,0.9177662581753316,0.8492437401098655,Toluene,0.6155359728612931,False,False,False,6.089424186867882,0.7120478531647646
10,Ammonia,600.0,Ammonia,True,0.9999999999741613,0.9999999999534107,Acetone,0.1757380231390331,False,False,False,-9.674253187990454,3.1538512300720343
10,Ethylene,150.0,Ethylene,True,0.7009425785087311,0.40702315811853934,Toluene,0.2235671774630507,False,False,False,8.445975067812395,0.5461257384836713
10,Ammonia,1000.0,Ammonia,True,0.999999999999494,0.9999999999989879,Acetone,0.07105939331977214,False,True,True,-23.905785502260816,1.8651673948782825
10,Ethylene,200.0,Ethylene,True,0.8232873122475455,0.6539706301400874,Toluene,0.3888480960100329,False,False,False,7.405859781090411,0.5979709615546052
10,Ammonia,400.0,Ammonia,True,0.9998059206293659,0.9996120939698768,Ammonia,0.2596479032890144,False,False,False,-2.4280069453996,3.396892878838801
10,Ethylene,10.0,Ethylene,True,0.5758132667109164,0.28325136522985517,Toluene,0.05343401242386914,True,True,True,12.659221090030028,-0.2646648342895698
10,Ammonia,50.0,Ammonia,True,0.7209578397248713,0.4437985318505893,Toluene,0.09571559847046072,False,True,True,11.173786416444932,0.5000206015052785
10,Ethylene,250.0,Ethylene,True,0.9831675052191026,0.9746143261241104,Toluene,0.5061238147307636,False,False,False,5.8512405083913235,0.7314587307934981
10,Ammonia,600.0,Ammonia,True,0.999999999672861,0.9999999993851336,Acetone,0.1840356670356326,False,False,False,-9.534769571961402,3.0379015524810264
10,Ethylene,150.0,Toluene,False,0.5937034297526149,0.19237469327519435,Toluene,0.22229697090410053,True,False,True,8.392073089845587,0.4981290106594007
10,Ammonia,1000.0,Ammonia,True,0.9999999999987526,0.9999999999975053,Acetone,0.07265506195247705,False,True,True,-23.508807071745803,1.8174223543615229
10,Ethylene,50.0,Toluene,False,0.9306725049926781,0.8734264507181891,Toluene,0.07883579407365195,False,True,True,11.110430373783888,0.038208559505521975
10,Ammonia,200.0,Toluene,False,0.8907760111332708,0.7815586236017745,Toluene,0.19879138786130918,False,False,False,4.936076540686878,2.5077904437329517
10,Ethylene,100.0,Toluene,False,0.7642388136018013,0.5368293310766823,Toluene,0.13383826444802718,False,True,True,9.569240907391814,0.34625327669784184
10,Ammonia,800.0,Ammonia,True,0.9999999999956322,0.9999999999915068,Acetone,0.11287441580226563,False,True,True,-16.44185139690823,2.756866542490438
10,Ethylene,50.0,Toluene,False,0.893158017161063,0.8058663244693047,Toluene,0.08068520897212694,False,True,True,11.061268113018551,0.06503515324559123
10,Ammonia,200.0,Ammonia,True,0.8112791646993337,0.6225713424665449,Toluene,0.17528777240145296,False,False,False,4.843263396398695,2.439298011036484
10,Ethylene,100.0,Toluene,False,0.6299787649090708,0.2751912389513858,Toluene,0.13033619392316195,True,True,True,9.553066519880987,0.2917904763840547
10,Ammonia,800.0,Ammonia,True,0.9999999999978244,0.9999999999956631,Acetone,0.11393800748561615,False,True,True,-17.13994769663303,2.272360254432372
10,Ethylene,200.0,Ethylene,True,0.8839156231829487,0.787858667041179,Toluene,0.41187855187231714,False,False,False,7.265975248783188,0.5672620208788584
10,Ammonia,400.0,Ammonia,True,0.9999991742688324,0.9999983764534089,Ammonia,0.1130632013085921,False,True,True,-2.7190822765597735,3.0394374165836204
10,Ethylene,10.0,Ethylene,True,0.4552448229416345,0.154761436834858,Toluene,0.05407894533365682,True,True,True,12.610710106609798,-0.25238092155922914
10,Ammonia,50.0,Ammonia,True,0.9488347688643511,0.8987694713590676,Toluene,0.09520568939580774,False,True,True,11.182051980299962,0.4908128317120455
10,Ethylene,250.0,Ethylene,True,0.9695363360132526,0.9450515093658994,Toluene,0.4296714275591938,False,False,False,5.770177829636394,0.6614550272722622
10,Ammonia,600.0,Ammonia,True,0.9999999999237612,0.9999999998581565,Acetone,0.17544521450985964,False,False,False,-9.943809723124454,3.0847381696671223
10,Ethylene,150.0,Ethylene,True,0.5642508533701444,0.13402527898991612,Toluene,0.23033698801746091,True,False,True,8.323479113254367,0.5077106376707996
10,Ammonia,1000.0,Ammonia,True,0.9999999999997289,0.9999999999994578,Acetone,0.0698358506749364,False,True,True,-24.145145414114396,1.8339689112991202
10,Ethylene,150.0,Toluene,False,0.5072126230298302,0.021849482885067995,Toluene,0.20687185795544705,True,False,True,8.504400284494706,0.4579740563134868
10,Ammonia,1000.0,Ammonia,True,0.9999999999995113,0.9999999999990224,Acetone,0.06978730219812454,False,True,True,-23.998680094001696,1.6941718440204596
10,Ethylene,50.0,Toluene,False,0.8439122065879728,0.7175976477850243,Toluene,0.07947784122087928,False,True,True,11.130601668162,0.06128223126748414
10,Ammonia,200.0,Ammonia,True,0.7684141583642536,0.5368406876034673,Toluene,0.18144171621821004,False,False,False,4.880561122460218,2.528180571221038
10,Ethylene,100.0,Toluene,False,0.7819053350378596,0.5793602583029446,Toluene,0.13241376853032386,False,True,True,9.519748765048298,0.30220214226397035
10,Ammonia,800.0,Ammonia,True,0.9999999999973177,0.9999999999947397,Acetone,0.11062942787865762,False,True,True,-17.131333184298924,2.544433556633502
10,Ethylene,200.0,Ethylene,True,0.9506888130646849,0.9081425542028397,Toluene,0.4335381545089635,False,False,False,7.240537840299922,0.6146705302883576
10,Ammonia,400.0,Ammonia,True,0.999999624199829,0.9999992739913472,Ammonia,0.10982438345247905,False,True,True,-2.7817379572558103,3.0678003383375887
10,Ethylene,10.0,Ethylene,True,0.4378306822833768,0.026360420989542332,Toluene,0.05365766852434467,True,True,True,12.631222824656932,-0.2633467878720378
10,Ammonia,50.0,Ammonia,True,0.9163777776362668,0.8340164652232247,Toluene,0.0958641478637937,False,True,True,11.174470697588074,0.5044537977269666
10,Ethylene,250.0,Ethylene,True,0.9997374678908058,0.9994895612968745,Toluene,0.45065590385752896,False,False,False,5.6413223876278344,0.8597044471060353
10,Ammonia,600.0,Ammonia,True,0.9999999999658644,0.9999999999482415,Acetone,0.1886930621038546,False,False,False,-10.257617281837893,2.6917936106029434
10,Ethylene,250.0,Ethylene,True,0.9828158048646458,0.9671206293996016,Toluene,0.5648512035678147,False,False,False,5.99811804943379,0.7015123870038511
10,Ammonia,600.0,Ammonia,True,0.9999999999683704,0.9999999999435703,Acetone,0.17930874765036964,False,False,False,-10.261328262251139,2.899281707645966
10,Ethylene,150.0,Ethylene,True,0.9316769539777714,0.8682250809224217,Toluene,0.22477279221754198,False,False,False,8.322591746272474,0.4687016779717057
10,Ammonia,1000.0,Ammonia,True,0.9999999999993128,0.9999999999986254,Acetone,0.0655663082485679,False,True,True,-24.523589408751672,1.2955135973502858
10,Ethylene,10.0,Ethylene,True,0.5178040316249231,0.14481293088715985,Toluene,0.05315080152818512,True,True,True,12.728551500875762,-0.25731134562426683
10,Ammonia,50.0,Ammonia,True,0.8022895605553647,0.6065099881110565,Toluene,0.09465885175424707,False,True,True,11.213382623472471,0.49346984870867927
10,Ethylene,50.0,Ethylene,True,0.6808588431806545,0.4242075867532663,Toluene,0.08342991336076308,True,True,True,10.958418635564719,0.09117659739005016
10,Ammonia,200.0,Ammonia,True,0.8256819891986187,0.6513859869552269,Toluene,0.12171770401504557,False,True,True,4.667856749448966,2.430753894705142
10,Ethylene,100.0,Ethylene,True,0.6617346341080913,0.3396283662616733,Toluene,0.1399148896293835,True,True,True,9.412311422714307,0.341545320845495
10,Ammonia,800.0,Ammonia,True,0.9999999999962434,0.9999999999926318,Acetone,0.11274051162512186,False,True,True,-17.13473396805909,2.37287450467672
10,Ethylene,200.0,Ethylene,True,0.9822457606189678,0.9687725901502868,Toluene,0.48388054943980213,False,False,False,7.1103500531751145,0.6573632728510408
10,Ammonia,400.0,Ammonia,True,0.9999786488558204,0.9999575903841381,Ammonia,0.1348830575285291,False,True,True,-2.9117561752036245,3.2495582568279535
10,Ethylene,10.0,Ethylene,True,0.6122232529749647,0.34090055815744386,Toluene,0.053943186625056254,True,True,True,12.636598806548612,-0.25067764540181336
10,Ammonia,50.0,Ammonia,True,0.8739918607517116,0.7495332243109981,Toluene,0.09690041606395115,False,True,True,11.226302080951278,0.5633668493468662
10,Ethylene,250.0,Ethylene,True,0.9961433736281292,0.9930885657927152,Toluene,0.36785720784294657,False,False,False,5.616176602262676,0.6819730023799235
10,Ammonia,600.0,Ammonia,True,0.9999999999439151,0.9999999999142768,Acetone,0.18568359248377594,False,False,False,-10.422769182161629,2.691290295814282
10,Ethylene,150.0,Ethylene,True,0.910840554399517,0.8271264374692285,Toluene,0.23936069013298328,False,False,False,8.260248520432102,0.5246646583339079
10,Ammonia,1000.0,Ammonia,True,0.9999999999985285,0.999999999997057,Acetone,0.060778599210965,False,True,True,-25.022557735341604,0.723258811039246
10,Ethylene,50.0,Toluene,False,0.6402014236554603,0.32112911220667534,Toluene,0.08170188524421915,True,True,True,11.05569490797188,0.08737780367350653
10,Ammonia,200.0,Ammonia,True,0.9450702891803996,0.8901572154579794,Toluene,0.1347359813816896,False,True,True,4.707320447087836,2.403558777332271
10,Ethylene,100.0,Ethylene,True,0.6821087590894771,0.38067063541873786,Toluene,0.14021234267913996,True,True,True,9.430482218843165,0.35488721760333825
10,Ammonia,800.0,Ammonia,True,0.9999999999942295,0.9999999999884824,Acetone,0.11524847183624239,False,True,True,-17.51357038043334,1.9142419541784996
10,Ethylene,200.0,Ethylene,True,0.9788022487298439,0.961134084013549,Toluene,0.4952254609655153,False,False,False,7.039235840147082,0.6312782151757353
10,Ammonia,400.0,Ammonia,True,0.9999949186498343,0.999990007011465,Ammonia,0.12044823311639957,False,True,True,-3.0292164755882243,3.2737538590714235
10,Ethylene,50.0,Toluene,False,0.5181507552602979,0.0788596365321933,Toluene,0.08336132945538766,True,True,True,10.966615495184113,0.0927100445565194
10,Ammonia,200.0,Ammonia,True,0.7771927429010875,0.5544065662168941,Toluene,0.08980582233423272,False,True,True,4.568724121043025,2.560938370204814
10,Ethylene,100.0,Ethylene,True,0.8476229436283379,0.7125374387978315,Toluene,0.1395034094413829,False,True,True,9.40112099658229,0.33064484711497977
10,Ammonia,800.0,Ammonia,True,0.9999999999916813,0.9999999999834966,Acetone,0.11256618879044351,False,True,True,-17.641594361242564,2.0650536701583273
10,Ethylene,200.0,Ethylene,True,0.9800216441842409,0.9630487383649087,Toluene,0.49198978356606593,False,False,False,6.9711595440893825,0.577833975718859
10,Ammonia,400.0,Ammonia,True,0.9999928845771878,0.9999859769703997,Ammonia,0.08054399975645357,False,True,True,-2.9522680809785755,3.068367023593962
10,Ethylene,10.0,Ethylene,True,0.6047629248338191,0.3370012119549993,Toluene,0.05390064804579974,True,True,True,12.623194460287548,-0.25597782412116593
10,Ammonia,50.0,Ammonia,True,0.9854657522032524,0.9721248673905815,Toluene,0.0937500487964484,False,True,True,11.251104657997343,0.48945979850290716
10,Ethylene,250.0,Ethylene,True,0.9977542127991795,0.9965099480091842,Toluene,0.2967212025139022,False,False,False,5.551982991707244,0.590051858027263
10,Ammonia,600.0,Ammonia,True,0.9999999996940165,0.9999999995091663,Acetone,0.18935329625062197,False,False,False,-10.57817664321446,2.5336444382186607
10,Ethylene,150.0,Ethylene,True,0.9298250581696474,0.8641847786823948,Toluene,0.23785532827939176,False,False,False,8.167835630809396,0.45193288542910365
10,Ammonia,1000.0,Ammonia,True,0.999999999983048,0.999999999966096,Acetone,0.05884027843905178,False,True,True,-25.25455430537275,0.5008688063631268
10,Ethylene,10.0,Ethylene,True,0.6228248460949734,0.39856155712056845,Toluene,0.05689361736395301,True,True,True,12.545566335796419,-0.16176024258300134
10,Ammonia,50.0,Ammonia,True,0.9130697545551818,0.854620176083646,Toluene,0.1284424787555303,False,True,True,10.837028196908355,1.176267939633091
10,Ethylene,250.0,Ethylene,True,0.9999878917034034,0.9999803357206886,Toluene,0.055161410523225006,False,True,True,4.565612328554323,0.9401347290699477
10,Ammonia,600.0,Ammonia,True,1.0,1.0,Acetone,0.023165844450518457,False,True,True,-18.77957336787225,9.762994369770038
10,Ethylene,150.0,Ethylene,True,0.9626888399092045,0.9264195665117376,Toluene,0.39522467750354406,False,False,False,7.1439149517227385,0.44840722485094825
10,Ammonia,1000.0,Ammonia,True,1.0,1.0,Acetone,0.026671567586421436,False,True,True,-41.0942448042323,10.754091367379376
10,Ethylene,50.0,Ethylene,True,0.9375055953999047,0.8951347344060616,Toluene,0.08848261515484028,False,True,True,10.947669204876597,0.2047858064283853
10,Ammonia,200.0,Ammonia,True,0.9999827233367303,0.9999654481259116,Ammonia,0.17823910679047714,False,False,False,2.2881798486958824,5.404001170984257
10,Ethylene,100.0,Ethylene,True,0.9965464133902077,0.9941070469702278,Toluene,0.17314163561325144,False,False,False,9.056128042875134,0.5133668845214184
10,Ammonia,800.0,Ammonia,True,1.0,1.0,Acetone,0.02801789065053866,False,True,True,-30.287058770272544,10.813024014311502
10,Ethylene,200.0,Ethylene,True,0.9999672001603639,0.9999403629089452,Toluene,0.7335731984560377,False,False,False,6.078995651302252,0.9403082302589142
10,Ammonia,400.0,Ammonia,True,0.9999999998987446,0.9999999997977665,Ammonia,0.078808616250625,False,True,True,-8.258392194955537,8.155553510878642
10,Ethylene,150.0,Ethylene,True,0.9998532395131415,0.9997289294867101,Toluene,0.4412303397898018,False,False,False,7.386564858143722,0.7897333845946255
10,Ammonia,1000.0,Ammonia,True,1.0,1.0,Acetone,0.026097556165515578,False,True,True,-41.90099569247269,10.941341221069187
10,Ethylene,50.0,Ethylene,True,0.9498872016516038,0.920882512571244,Toluene,0.08871172487837461,False,True,True,10.881488673054113,0.18183730000632212
10,Ammonia,200.0,Ammonia,True,0.9999001699553894,0.9998003451848197,Ammonia,0.17115863090285732,False,False,False,2.2695568155153967,5.3027335582993596
10,Ethylene,100.0,Ethylene,True,0.998597214146172,0.9975819401775756,Toluene,0.1733312151924078,False,False,False,8.980496710784879,0.4660285634754312
10,Ammonia,800.0,Ammonia,True,1.0,1.0,Acetone,0.031027925100262196,False,True,True,-30.15212250996614,10.012873916702707
10,Ethylene,200.0,Ethylene,True,0.9999786331628198,0.9999623256693786,Toluene,0.6702079319518817,False,False,False,5.9857928077565505,0.93124562701607
10,Ammonia,400.0,Ammonia,True,0.9999999999455529,0.9999999998921585,Ammonia,0.06516746042590868,False,True,True,-8.16852880010393,7.561761909716063
10,Ethylene,10.0,Ethylene,True,0.7167318906501675,0.49332545265565586,Toluene,0.05717933155295561,False,True,True,12.520751689665413,-0.1582135100079908
10,Ammonia,50.0,Ammonia,True,0.9109022440941245,0.863088855447911,Toluene,0.13008647902199413,False,True,True,10.800213769477994,1.1894673828588673
10,Ethylene,250.0,Ethylene,True,0.9999945506323293,0.9999907608698076,Ethylene,0.15490229417289825,False,False,False,4.160070032758044,0.9039132706369525
10,Ammonia,600.0,Ammonia,True,0.9999999999999938,0.9999999999999876,Acetone,0.03482136312261863,False,True,True,-19.274392137636596,8.648386156437162
10,Ethylene,50.0,Ethylene,True,0.9762327077174058,0.9606681707787558,Toluene,0.08937003879313951,False,True,True,10.80713011193639,0.16553789228078722
10,Ammonia,200.0,Ammonia,True,0.999999697970422,0.9999993960407563,Ammonia,0.2542661456909782,False,False,False,1.9084581724996053,5.589529555101589
10,Ethylene,100.0,Ethylene,True,0.9982424043965749,0.9969732285457928,Toluene,0.19863195037916356,False,False,False,8.848710904387488,0.6321341018143004
10,Ammonia,800.0,Ammonia,True,1.0,1.0,Acetone,0.028650114884330627,False,True,True,-30.71952592318626,10.649656475844777
10,Ethylene,200.0,Ethylene,True,0.9999642606318505,0.9999377241640364,Toluene,0.6253106545806758,False,False,False,5.859246248045852,1.0871844500557162
10,Ammonia,400.0,Ammonia,True,0.9999999999980929,0.9999999999961889,Ammonia,0.07601854867311247,False,True,True,-8.38893035857289,8.227234276082994
10,Ethylene,10.0,Ethylene,True,0.565019888614842,0.2318817726468101,Toluene,0.05836741524505373,True,True,True,12.504169485171511,-0.11785710870426688
10,Ammonia,50.0,Ammonia,True,0.9769334131761352,0.9616566287668152,Toluene,0.13169201395936903,False,True,True,10.84263204487226,1.2849243926022111
10,Ethylene,250.0,Ethylene,True,0.9999533560070446,0.9999082461634057,Ethylene,0.26362495849472445,False,False,False,3.884382227675223,1.2004161123164996
10,Ammonia,600.0,Ammonia,True,1.0,1.0,Acetone,0.023958226578042273,False,True,True,-19.57057931093109,9.902874253593144
10,Ethylene,150.0,Ethylene,True,0.999828057373787,0.9996884108119253,Toluene,0.49073423392690746,False,False,False,7.3008585737348355,0.9117639034443021
10,Ammonia,1000.0,Ammonia,True,1.0,1.0,Acetone,0.026463650592691526,False,True,True,-42.08779839420669,10.72319550900059
10,Ethylene,10.0,Ethylene,True,0.460603798051842,0.05163817764230938,Toluene,0.058199569136072014,True,True,True,12.517782506149613,-0.12003017511969986
10,Ammonia,50.0,Ammonia,True,0.9519813451695287,0.9234536256142931,Toluene,0.1333544526624831,False,True,True,10.812017481174196,1.305281972502852
10,Ethylene,50.0,Ethylene,True,0.9608843276867436,0.9316257110691964,Toluene,0.09402281191705601,False,True,True,10.66018881721635,0.20359712024387064
10,Ammonia,200.0,Ammonia,True,0.999999564213966,0.9999991286695473,Ammonia,0.22827747486450684,False,False,False,1.9880421385117035,5.433457216113308
10,Ethylene,100.0,Ethylene,True,0.9981824466809592,0.9968549703760803,Toluene,0.19639217683454158,False,False,False,8.822457015836815,0.588976527971345
10,Ammonia,800.0,Ammonia,True,1.0,1.0,Acetone,0.02849531899676803,False,True,True,-31.346438249515085,10.697246115450131
10,Ethylene,200.0,Ethylene,True,0.9999502713365306,0.9999163399033523,Toluene,0.5368980779761373,False,False,False,5.7549001105700714,0.9458508541534947
10,Ammonia,400.0,Ammonia,True,0.999999999999605,0.9999999999992126,Ammonia,0.06546143153127766,False,True,True,-8.853110547313378,8.41291303802304
10,Ethylene,250.0,Ethylene,True,0.9999405264697455,0.9998826422422029,Ethylene,0.2502756030844552,False,False,False,3.9121846478832456,1.2013565722398674
10,Ammonia,600.0,Ammonia,True,1.0,1.0,Acetone,0.02668845250216449,False,True,True,-20.47376396447542,9.803428160143286
10,Ethylene,150.0,Ethylene,True,0.9998123095270208,0.9996698037070574,Toluene,0.5210064942557194,False,False,False,7.185774600765224,0.8731749437882517
10,Ammonia,1000.0,Ammonia,True,1.0,1.0,Acetone,0.025811303237195216,False,True,True,-43.68914128386936,10.84089730773682
10,Ethylene,200.0,Ethylene,True,0.999968185916037,0.9999531518004318,Toluene,0.572667920657878,False,False,False,5.783113121292339,1.0318720033625677
10,Ammonia,400.0,Ammonia,True,0.999999999999047,0.999999999998101,Ammonia,0.06635010385719532,False,True,True,-8.790926078808043,8.369979053586398
10,Ethylene,10.0,Ethylene,True,0.48911795286346665,0.06341294488548438,Toluene,0.0577467810898769,True,True,True,12.513124010793696,-0.13881344530158302
10,Ammonia,50.0,Ammonia,True,0.9561081460809718,0.922774958878912,Toluene,0.1353788356624696,False,True,True,10.776045995343106,1.3307579197113857
10,Ethylene,250.0,Ethylene,True,0.999984592639633,0.9999697884982951,Ethylene,0.3905820757500646,False,False,False,3.6367283198213483,1.128041112232729
10,Ammonia,600.0,Ammonia,True,1.0,1.0,Acetone,0.02383712642519135,False,True,True,-20.205341508124018,10.090097806885618
10,Ethylene,150.0,Ethylene,True,0.9998957576372454,0.9998163656418974,Toluene,0.5107005537777463,False,False,False,7.195650435636103,0.8422784017020597
10,Ammonia,1000.0,Ammonia,True,1.0,1.0,Acetone,0.02606196880879163,False,True,True,-43.45641030796731,10.735100336195769
10,Ethylene,50.0,Ethylene,True,0.910861188606895,0.8631295493362267,Toluene,0.09065176442739513,False,True,True,10.823824082965258,0.2011437477862381
10,Ammonia,200.0,Ammonia,True,0.9999994046913803,0.999998809759521,Ammonia,0.2513536417534857,False,False,False,1.8704170603749768,5.470946164643034
10,Ethylene,100.0,Ethylene,True,0.9986627754939688,0.9976027786054108,Toluene,0.19295939287788977,False,False,False,8.787082722126401,0.5299000273434752
10,Ammonia,800.0,Ammonia,True,1.0,1.0,Acetone,0.029834285292081472,False,True,True,-31.510773831650535,10.309813272028949
10,Ethylene,50.0,Ethylene,True,0.8883577954920969,0.8260415997242618,Toluene,0.09333183215003224,False,True,True,10.791420328508364,0.2467759356267555
10,Ammonia,200.0,Ammonia,True,0.9999994639760768,0.9999989282685722,Ammonia,0.255403175230003,False,False,False,1.8248573453140544,5.4251150236767955
10,Ethylene,100.0,Ethylene,True,0.9981714065618189,0.9969778732833343,Toluene,0.19597952663894286,False,False,False,8.798358235439958,0.566931020222659
10,Ammonia,800.0,Ammonia,True,1.0,1.0,Acetone,0.029108434526439297,False,True,True,-32.055253818679546,10.51010744777253
10,Ethylene,200.0,Ethylene,True,0.9999669618217608,0.9999499034777907,Toluene,0.4359879911193801,False,False,False,5.594204427929339,0.8861478246937032
10,Ammonia,400.0,Ammonia,True,0.9999999999995066,0.9999999999990189,Ammonia,0.055668776221202684,False,True,True,-9.321545414166131,8.569834224473823
10,Ethylene,10.0,Ethylene,True,0.5195408419793369,0.1245190793890032,Toluene,0.058052900078250654,True,True,True,12.47978208981564,-0.13736697782503704
10,Ammonia,50.0,Ammonia,True,0.9541829612597964,0.9215670445832878,Toluene,0.137051312387746,False,True,True,10.737605181545023,1.3410296720136445
10,Ethylene,250.0,Ethylene,True,0.9999849217654799,0.9999712099785403,Ethylene,0.3657006814990338,False,False,False,3.697011566399273,1.102758571098523
10,Ammonia,600.0,Ammonia,True,1.0,1.0,Acetone,0.025782153240950942,False,True,True,-20.573101233810394,9.93993328304956
10,Ethylene,150.0,Ethylene,True,0.9998990091728469,0.9998191966285949,Toluene,0.5568734814204311,False,False,False,7.077593997641359,0.8599437473048421
10,Ammonia,1000.0,Ammonia,True,1.0,1.0,Acetone,0.024932785705910503,False,True,True,-44.24094764708214,11.267653772339237
10,Ethylene,150.0,Ethylene,True,0.9997485537852214,0.9995570790080788,Toluene,0.48791407747416976,False,False,False,7.28230978838117,0.8665770832092369
10,Ammonia,1000.0,Ammonia,True,1.0,1.0,Acetone,0.02498028889765259,False,True,True,-44.24052206868818,11.23984746835368
10,Ethylene,50.0,Ethylene,True,0.9424693209901235,0.912385207069189,Toluene,0.09105530613450528,False,True,True,10.845088256344676,0.219500950758005
10,Ammonia,200.0,Ammonia,True,0.9999997243405883,0.9999994489912165,Ammonia,0.2906775641249819,False,False,False,1.7213168715189069,5.650960296747164
10,Ethylene,100.0,Ethylene,True,0.9993239504826428,0.9989072918541158,Toluene,0.19823455407179852,False,False,False,8.732673111478759,0.5405808116722558
10,Ammonia,800.0,Ammonia,True,1.0,1.0,Acetone,0.029098869017759838,False,True,True,-32.37612963128257,10.50485294332171
10,Ethylene,200.0,Ethylene,True,0.9999849852836608,0.9999764984722881,Toluene,0.4366917543344478,False,False,False,5.56392175387689,0.9391413448105103
10,Ammonia,400.0,Ammonia,True,0.9999999999987639,0.9999999999975473,Ammonia,0.045331717678844266,False,True,True,-9.422389220887291,8.246611154887674
10,Ethylene,10.0,Ethylene,True,0.6231813349696043,0.2959637651034976,Toluene,0.05713025844755842,True,True,True,12.510619925207799,-0.16311669259580996
10,Ammonia,50.0,Ammonia,True,0.9498813806017177,0.9138201156715072,Toluene,0.1335385736672758,False,True,True,10.78345251778402,1.2796246734929717
10,Ethylene,250.0,Ethylene,True,0.9999927016810795,0.9999872435800101,Ethylene,0.37690262174203043,False,False,False,3.6894526853712097,1.0467719855941604
10,Ammonia,600.0,Ammonia,True,1.0,1.0,Acetone,0.029604908753350753,False,True,True,-20.982459432111657,9.540278222585371
10,Ethylene,250.0,Ethylene,True,0.9999884724548157,0.9999787366935659,Ethylene,0.272643369930404,False,False,False,3.898225385892211,1.0640503155324725
10,Ammonia,600.0,Ammonia,True,1.0,0.9999999999999999,Acetone,0.029669093428926315,False,True,True,-20.948315543981145,9.525884270222155
10,Ethylene,150.0,Ethylene,True,0.9998617487711009,0.999758976639336,Toluene,0.5204552309470781,False,False,False,7.140771431158934,0.8068380697971915
10,Ammonia,1000.0,Ammonia,True,1.0,1.0,Acetone,0.025543092156930434,False,True,True,-44.483291929830266,10.871174401805913
10,Ethylene,10.0,Ethylene,True,0.4726534943844964,0.07167419010610165,Toluene,0.05889888218140737,True,True,True,12.563789917430428,-0.07828402506267211
10,Ammonia,50.0,Ammonia,True,0.9512347514672527,0.9188821960902788,Toluene,0.13352987845887246,False,True,True,10.816539836918494,1.3160758095196252
10,Ethylene,50.0,Ethylene,True,0.9636176269690319,0.9341296743186003,Toluene,0.0954447712903676,False,True,True,10.574690527434274,0.19605229163692392
10,Ammonia,200.0,Ammonia,True,0.999998843255532,0.9999976868137177,Ammonia,0.30256922045297757,False,False,False,1.6235436388230244,5.5673404022768915
10,Ethylene,100.0,Ethylene,True,0.9987788949501277,0.9978539119247478,Toluene,0.20779818373397757,False,False,False,8.69613924179649,0.6019635134552648
10,Ammonia,800.0,Ammonia,True,1.0,1.0,Acetone,0.029858149366792333,False,True,True,-32.249795810059354,10.27834521159388
10,Ethylene,200.0,Ethylene,True,0.9999755133086706,0.9999572489628805,Toluene,0.4274482837665557,False,False,False,5.533929059228253,0.9579136698403659
10,Ammonia,400.0,Ammonia,True,0.9999999999989222,0.9999999999979171,Ammonia,0.0447089533598673,False,True,True,-9.531064745294529,8.335359355272331
10,Ethylene,10.0,Ethylene,True,0.5923467337251654,0.24855406640252697,Toluene,0.05802564620604666,True,True,True,12.52095627697407,-0.12571588625523636
10,Ammonia,50.0,Ammonia,True,0.954297250252832,0.9214215130981952,Toluene,0.1345529567809531,False,True,True,10.782070405303507,1.3107040163906991
10,Ethylene,250.0,Ethylene,True,0.9999949926504852,0.9999922297850783,Ethylene,0.40432192787325233,False,False,False,3.644108803620465,1.0059833755387533
10,Ammonia,600.0,Ammonia,True,0.9999999999999998,0.9999999999999997,Acetone,0.031387919377323714,False,True,True,-21.022097565018292,9.320112619032699
10,Ethylene,150.0,Ethylene,True,0.9999181534994943,0.9998584290279938,Toluene,0.5675674054510284,False,False,False,7.073017792733874,0.8974031136684879
10,Ammonia,1000.0,Ammonia,True,1.0,1.0,Acetone,0.025091102971353904,False,True,True,-45.43900334648614,10.989303493728723
10,Ethylene,50.0,Ethylene,True,0.7734708046602452,0.6097796770756951,Toluene,0.09440527069434379,False,True,True,10.782745175938102,0.26677837856949155
10,Ammonia,200.0,Ammonia,True,0.9999999230838233,0.9999998463129308,Ammonia,0.3201073108650669,False,False,False,1.5558008048425682,5.645252004407439
10,Ethylene,100.0,Ethylene,True,0.9984296858414599,0.9972916317558724,Toluene,0.20527420116603495,False,False,False,8.7141762247217,0.5922978625563298
10,Ammonia,800.0,Ammonia,True,1.0,1.0,Acetone,0.025204165428764594,False,True,True,-33.144709856452124,11.738572866581322
10,Ethylene,200.0,Ethylene,True,0.9999566472143627,0.9999325459619782,Toluene,0.4254391486380861,False,False,False,5.464498458475302,1.09886970165595
10,Ammonia,400.0,Ammonia,True,0.9999999999993647,0.999999999998732,Ammonia,0.047932754930134915,False,True,True,-9.763924787659285,8.729731204103244
10,Ethylene,50.0,Ethylene,True,0.898571812599839,0.838924910700168,Toluene,0.09920598121589921,False,True,True,10.650847084865447,0.30921199815716344
10,Ammonia,200.0,Ammonia,True,0.999999935806838,0.999999871695415,Ammonia,0.3805294349104985,False,False,False,1.2769130063065948,5.802779556562076
10,Ethylene,100.0,Ethylene,True,0.9978576645092289,0.996339022772282,Toluene,0.22098879444769273,False,False,False,8.597242164048907,0.6434265007527138
10,Ammonia,800.0,Ammonia,True,1.0,1.0,Acetone,0.027054393250492564,False,True,True,-32.949303366632165,11.136383748686717
10,Ethylene,200.0,Ethylene,True,0.9999597823037156,0.9999304200694219,Toluene,0.3800179814071047,False,False,False,5.392857570886988,1.0200306256891274
10,Ammonia,400.0,Ammonia,True,0.9999999999999456,0.9999999999998926,Ammonia,0.04024206303741271,False,True,True,-9.874316961247821,8.500155346937369
10,Ethylene,10.0,Ethylene,True,0.5414947392704569,0.18552702679972144,Toluene,0.05866905375571503,True,True,True,12.501370536811441,-0.1072103341063139
10,Ammonia,50.0,Ammonia,True,0.9911261715665457,0.9854086621355532,Toluene,0.13597255261766078,False,True,True,10.741961561768047,1.3111817306950573
10,Ethylene,250.0,Ethylene,True,0.9999267344426555,0.9998583510923057,Ethylene,0.47946410807093925,False,False,False,3.466598162845211,1.0698770685012502
10,Ammonia,600.0,Ammonia,True,1.0,1.0,Acetone,0.02876306895444346,False,True,True,-21.554267506394073,9.754897713578504
10,Ethylene,150.0,Ethylene,True,0.9998093784609573,0.9996775806360125,Toluene,0.5841591932130002,False,False,False,7.009065397262295,0.8625467768688787
10,Ammonia,1000.0,Ammonia,True,1.0,1.0,Acetone,0.02578935906924116,False,True,True,-45.26608547508972,10.588132010788641
10,Ethylene,10.0,Ethylene,True,0.7093929959038517,0.46207054038501905,Toluene,0.0558597023115159,False,True,True,12.433734922561955,-0.23288808571842765
10,Ammonia,50.0,Ammonia,True,0.7164517016729994,0.49312001763750374,Toluene,0.15330361878068877,False,False,False,10.169852812100645,1.1584410448299658
10,Ethylene,250.0,Ethylene,True,0.9999889887828127,0.9999798477176536,Ethylene,0.20072000910619317,False,False,False,4.066400458188158,0.9294682421447341
10,Ammonia,600.0,Ammonia,True,1.0,1.0,Acetone,0.015431587441337874,False,True,True,-18.503820144727396,10.509517791006084
10,Ethylene,150.0,Ethylene,True,0.9999118586827734,0.999856619449244,Toluene,0.3919968842093021,False,False,False,7.457557298918862,0.654765003065026
10,Ammonia,1000.0,Ammonia,True,1.0,1.0,Acetone,0.023845027902317715,False,True,True,-41.42283579853207,12.157001772131983
10,Ethylene,50.0,Ethylene,True,0.9673576090988705,0.9435047214338871,Toluene,0.08435274013535435,False,True,True,10.972822725340446,0.11825110690295773
10,Ammonia,200.0,Ammonia,True,0.9999990761022335,0.9999981523515872,Ammonia,0.3769738637201805,False,False,False,1.2733631680809214,5.700836020093252
10,Ethylene,100.0,Ethylene,True,0.998925537449976,0.998270843587576,Toluene,0.16862022669317217,False,False,False,8.94081741994651,0.39508529421335686
10,Ammonia,800.0,Ammonia,True,1.0,1.0,Acetone,0.025835943659946247,False,True,True,-31.006978955641426,11.449033871356598
10,Ethylene,200.0,Ethylene,True,0.9999687449225038,0.9999438283475368,Toluene,0.6398172154439745,False,False,False,6.0295901067235365,0.8030553849626764
10,Ammonia,400.0,Ammonia,True,0.999999999999994,0.9999999999999899,Ammonia,0.04978828205477272,False,True,True,-9.597643802811541,8.627601498135695
10,Ethylene,150.0,Ethylene,True,0.9999361887469039,0.9999057342653427,Toluene,0.42167154878973195,False,False,False,7.317963424004742,0.6404814787529327
10,Ammonia,1000.0,Ammonia,True,1.0,1.0,Acetone,0.024503861558483338,False,True,True,-42.96711604152961,11.6702923260338
10,Ethylene,50.0,Ethylene,True,0.9733790161197001,0.9536499941337585,Toluene,0.08587401172222445,False,True,True,10.918301466709268,0.13193807098907384
10,Ammonia,200.0,Ammonia,True,0.9999999221056864,0.9999998445703272,Ammonia,0.4325868018623037,False,False,False,1.0272497900371784,5.940844217204857
10,Ethylene,100.0,Ethylene,True,0.9976751700349795,0.9958677973658859,Toluene,0.1900062955057508,False,False,False,8.733454953677544,0.46679112361351016
10,Ammonia,800.0,Ammonia,True,1.0,1.0,Acetone,0.023678359732475823,False,True,True,-30.28000375250946,11.99627990108771
10,Ethylene,200.0,Ethylene,True,0.9999653405145531,0.9999421036300328,Toluene,0.4787262861852918,False,False,False,5.676762227626331,0.8906255117111315
10,Ammonia,400.0,Ammonia,True,0.9999999999999889,0.9999999999999779,Ammonia,0.057605934697668636,False,True,True,-10.343699675693255,9.994077218521946
10,Ethylene,10.0,Toluene,False,0.4882051576435964,0.07983198285433624,Toluene,0.05950215513298807,True,True,True,12.18518262733192,-0.17289987203006293
10,Ammonia,50.0,Ammonia,True,0.46120228710024447,0.024589649804990066,Toluene,0.1941004630098611,True,False,True,9.584145228411483,1.3865420774428303
10,Ethylene,250.0,Ethylene,True,0.9995857519904872,0.9991814793200086,Ethylene,0.5466109227170579,False,False,False,3.264683469579373,1.174702142517166
10,Ammonia,600.0,Ammonia,True,1.0,1.0,Acetone,0.007241571658523115,False,True,True,-21.87631160765219,13.134556479528417
10,Ethylene,50.0,Ethylene,True,0.6592199591648643,0.32410903608378117,Toluene,0.10413375009782644,True,True,True,10.085727737620028,0.14935586569296122
10,Ammonia,200.0,Ammonia,True,0.9999999985267944,0.9999999973262906,Ammonia,0.568973727078274,False,False,False,0.04378864412353166,6.692866588874222
10,Ethylene,100.0,Ethylene,True,0.9381444049951259,0.8774593300221364,Toluene,0.2818959561629207,False,False,False,7.97419018879035,0.5717871476768532
10,Ammonia,800.0,Ammonia,True,1.0,1.0,Acetone,0.01327501893721625,False,True,True,-33.69481766668721,16.014308708629642
10,Ethylene,200.0,Ethylene,True,0.9977226725076889,0.9955752976335194,Toluene,0.22117280914989387,False,False,False,4.875421783297666,1.0825747124819074
10,Ammonia,400.0,Ammonia,True,0.9999999999999833,0.9999999999999666,Ammonia,0.0559982941657675,False,True,True,-11.079186437147278,10.934868747193189
10,Ethylene,10.0,Toluene,False,0.9178547085226941,0.859248593655181,Toluene,0.06135427389366257,False,True,True,11.900055572517886,-0.1932278650632734
10,Ammonia,50.0,Toluene,False,0.5679328863733983,0.15212281132719896,Toluene,0.21989639365934144,True,False,True,9.210452126606143,1.366938926354492
10,Ethylene,250.0,Ethylene,True,0.9989506341963074,0.9979160137430252,Ethylene,0.6651459774037862,False,False,False,2.9417393021415172,1.1711782997863989
10,Ammonia,600.0,Ammonia,True,1.0,1.0,Acetone,0.011164449732481157,False,True,True,-22.029989871113266,12.533770382527441
10,Ethylene,150.0,Ethylene,True,0.9977521182735742,0.9959881911404347,Toluene,0.8127704590014176,False,False,False,6.242626095095191,0.8994569671692143
10,Ammonia,1000.0,Ammonia,True,1.0,1.0,Acetone,0.013382483200347002,False,True,True,-49.045357634415325,19.010378522025494
10,Ethylene,10.0,Toluene,False,0.8546251620345668,0.7500556413758287,Toluene,0.06010111027900994,False,True,True,11.874296346477701,-0.23931511814126472
10,Ammonia,50.0,Toluene,False,0.8027953587154368,0.6219255575937135,Toluene,0.22770204915272116,False,False,False,9.161623171885664,1.4585197718355691
10,Ethylene,50.0,Toluene,False,0.8373332309574107,0.6766985063781543,Toluene,0.10790107245507934,False,True,True,9.881661213416645,0.12615519842374806
10,Ammonia,200.0,Ammonia,True,0.9999999982854306,0.999999997160406,Ammonia,0.5430917561415471,False,False,False,0.2598829500225227,6.64287034192531
10,Ethylene,100.0,Ethylene,True,0.9740991894236509,0.9488586553953007,Toluene,0.3036224926807327,False,False,False,7.896926415778281,0.6305795840338165
10,Ammonia,800.0,Ammonia,True,1.0,1.0,Acetone,0.015181329989667133,False,True,True,-34.806007762205766,15.543497581471387
10,Ethylene,200.0,Ethylene,True,0.999680428459441,0.9994203960743565,Toluene,0.0813153302922338,False,True,True,4.5921789808163656,1.168020954358588
10,Ammonia,400.0,Ammonia,True,0.9999999999999807,0.9999999999999614,Ammonia,0.04415881662852516,False,True,True,-11.917741858417951,11.077150944494916
10,Ethylene,250.0,Ethylene,True,0.9989780780312941,0.997976571208158,Ethylene,0.6144044572296617,False,False,False,2.7601634126849177,1.4424415946664035
10,Ammonia,600.0,Ammonia,True,1.0,1.0,Acetone,0.011591662574048886,False,True,True,-23.85336598169391,13.200704314959555
10,Ethylene,150.0,Ethylene,True,0.9993108726723527,0.998932994780408,Toluene,0.7020948323045771,False,False,False,6.0642711979860335,0.8871437943678806
10,Ammonia,1000.0,Ammonia,True,1.0,1.0,Acetone,0.01289005865454154,False,True,True,-51.598703719728185,19.737931544684862
10,Ethylene,200.0,Ethylene,True,0.9990769993720494,0.9982363585638844,Toluene,0.08648671912057826,False,True,True,4.622973546028201,0.9721917856425071
10,Ammonia,400.0,Ammonia,True,0.9999999999999416,0.9999999999998833,Ammonia,0.0389956020627969,False,True,True,-11.716091866293219,10.418508947900277
10,Ethylene,10.0,Toluene,False,0.5362339694404791,0.17702850508757428,Toluene,0.05808654863979754,True,True,True,12.071391233616655,-0.25211606199313147
10,Ammonia,50.0,Ammonia,True,0.8216565743715701,0.6506815288870887,Toluene,0.23338943821577435,False,False,False,9.140960931977705,1.5651337319028094
10,Ethylene,250.0,Ethylene,True,0.9988444514578901,0.9977103947873229,Ethylene,0.7192036205032707,False,False,False,2.525766122045726,1.2267746236892065
10,Ammonia,600.0,Ammonia,True,1.0,1.0,Acetone,0.00905568094007192,False,True,True,-24.035674010855764,13.788029532976022
10,Ethylene,150.0,Ethylene,True,0.9982787554224498,0.9970993007940334,Toluene,0.6986907223804202,False,False,False,6.066852060145074,0.8763955774214278
10,Ammonia,1000.0,Ammonia,True,1.0,1.0,Acetone,0.015018773485596503,False,True,True,-51.44092670454231,17.90123971029412
10,Ethylene,50.0,Toluene,False,0.9672387751846278,0.9354846171192481,Toluene,0.10931899894957438,False,True,True,9.949797390361956,0.17517154250138378
10,Ammonia,200.0,Ammonia,True,0.9999999938518302,0.9999999885638234,Ammonia,0.6253229607604626,False,False,False,-0.22903373546729228,6.515814921778217
10,Ethylene,100.0,Ethylene,True,0.9973889505987804,0.9954885996091005,Toluene,0.3189909995004708,False,False,False,7.920511027245983,0.746529091940615
10,Ammonia,800.0,Ammonia,True,1.0,1.0,Acetone,0.010189779243291286,False,True,True,-37.47154640823828,18.457994430083524
10,Ethylene,50.0,Ethylene,True,0.503159130987043,0.013046864592453356,Toluene,0.11349103803567945,True,True,True,10.047479734067778,0.28555534120079573
10,Ammonia,200.0,Ammonia,True,0.9999999999803391,0.9999999999637457,Ammonia,0.5364510637416929,False,False,False,-0.4394777952360084,7.421459202542352
10,Ethylene,100.0,Ethylene,True,0.9952858271998078,0.9914040925977635,Toluene,0.338870050787768,False,False,False,7.803910471506248,0.7435751279563886
10,Ammonia,800.0,Ammonia,True,1.0,1.0,Acetone,0.007368562315283947,False,True,True,-39.365262031272614,20.614675525497177
10,Ethylene,200.0,Ethylene,True,0.9753530608508902,0.9508043399963284,Ethylene,0.0742120564984551,False,True,True,4.24112704303403,1.4099172234892219
10,Ammonia,400.0,Ammonia,True,1.0,1.0,Ammonia,0.0448056533845128,False,True,True,-13.243307598190114,12.986602872981068
10,Ethylene,10.0,Toluene,False,0.9188865038459125,0.8770287464143741,Toluene,0.06364713280731128,False,True,True,11.839790498167632,-0.1391826831709751
10,Ammonia,50.0,Ammonia,True,0.9882148047078222,0.9819070309052955,Toluene,0.2533609666478425,False,False,False,8.966051381438668,1.7203503024164302
10,Ethylene,250.0,Ethylene,True,0.9474024183354085,0.8948426757373227,Ethylene,0.6318315609558174,False,False,False,2.358815494672639,1.4887799325814253
10,Ammonia,600.0,Ammonia,True,1.0,1.0,Acetone,0.00639513459750983,False,True,True,-25.558007303254094,15.085085362294791
10,Ethylene,150.0,Ethylene,True,0.9974698366461864,0.9950285763141756,Toluene,0.70922383095314,False,False,False,5.991043674103191,1.1388572224872524
10,Ammonia,1000.0,Ammonia,True,1.0,1.0,Acetone,0.014235741752863875,False,True,True,-53.26944358454471,18.69581497465153
10,Ethylene,150.0,Ethylene,True,0.9968228159765453,0.99380185135822,Toluene,0.8194270947402925,False,False,False,6.160262744046618,1.0457936130015733
10,Ammonia,1000.0,Ammonia,True,1.0,1.0,Acetone,0.010596861054293713,False,True,True,-54.68471730393263,22.347336119243472
10,Ethylene,50.0,Toluene,False,0.5182522525831117,0.04445179694787604,Toluene,0.10942067915281299,True,True,True,10.053806018487707,0.22180893477190447
10,Ammonia,200.0,Ammonia,True,0.9999999999617095,0.9999999999290834,Ammonia,0.5421585640419064,False,False,False,-0.4575856294078549,7.37980032755682
10,Ethylene,100.0,Ethylene,True,0.9977250261233811,0.9958924713031893,Toluene,0.31080176668013637,False,False,False,7.90760096388099,0.682279775551177
10,Ammonia,800.0,Ammonia,True,1.0,1.0,Acetone,0.010098565265131133,False,True,True,-38.49217286063676,18.820764379522295
10,Ethylene,200.0,Ethylene,True,0.9982965721769222,0.9966069190839157,Toluene,0.014564558721253878,False,True,True,4.445419491762027,1.281311124842066
10,Ammonia,400.0,Ammonia,True,1.0,0.9999999999999999,Ammonia,0.04407590890156105,False,True,True,-12.9352909669626,12.44580079523141
10,Ethylene,10.0,Toluene,False,0.7436929491236189,0.5733390382533854,Toluene,0.062202178708180705,False,True,True,11.971297443865122,-0.1457085690784085
10,Ammonia,50.0,Ammonia,True,0.9828876308310031,0.9737012253994057,Toluene,0.2166218353140765,False,False,False,9.34808729515743,1.5513032949580232
10,Ethylene,250.0,Ethylene,True,0.9994567246753031,0.9989145572737537,Ethylene,0.5885378213923059,False,False,False,3.0363867207411332,1.3210359577322797
10,Ammonia,600.0,Ammonia,True,1.0,1.0,Acetone,0.014333354029357377,False,True,True,-21.919850089539423,11.971313099146766
10,Ethylene,250.0,Ethylene,True,0.9988879322971677,0.9977768174367937,Ethylene,0.5511680964313403,False,False,False,3.1728172986925793,1.2941003401368558
10,Ammonia,600.0,Ammonia,True,1.0,1.0,Acetone,0.018309395633456026,False,True,True,-22.08461299297133,11.400921391117398
10,Ethylene,150.0,Ethylene,True,0.9999564415636437,0.9999209296949007,Toluene,0.8187300530715053,False,False,False,6.512623573123854,0.8840594157304945
10,Ammonia,1000.0,Ammonia,True,1.0,1.0,Acetone,0.0227159260848283,False,True,True,-46.27477922317375,12.378339583487888
10,Ethylene,10.0,Ethylene,True,0.5837220769701643,0.25016589816824447,Toluene,0.05752140319359777,True,True,True,12.412912858863635,-0.17726144380135758
10,Ammonia,50.0,Ammonia,True,0.885717912035713,0.7788815954647363,Toluene,0.1648178225463778,False,False,False,10.076181221792474,1.343265715393005
10,Ethylene,50.0,Ethylene,True,0.9769671400956494,0.9578661992125804,Toluene,0.10021509377035115,False,True,True,10.355315991452542,0.19410201812671798
10,Ammonia,200.0,Ammonia,True,0.9999999852691994,0.9999999705668854,Ammonia,0.4615418196712963,False,False,False,0.8812882787836693,5.938822062950944
10,Ethylene,100.0,Ethylene,True,0.9997829904986645,0.9996109346107955,Toluene,0.2625563191159936,False,False,False,8.16980870888068,0.6110316999340616
10,Ammonia,800.0,Ammonia,True,1.0,1.0,Acetone,0.021930548259498354,False,True,True,-32.949946179910214,12.803952728544392
10,Ethylene,200.0,Ethylene,True,0.9999757436852095,0.9999522253237595,Toluene,0.1655080420583494,False,False,False,4.7522285095111,1.287100882398633
10,Ammonia,400.0,Ammonia,True,0.9999999999999998,0.9999999999999996,Ammonia,0.048053862386026956,False,True,True,-10.412423165333058,9.486446072106895
10,Ethylene,10.0,Ethylene,True,0.6135059086937747,0.31549750429457357,Toluene,0.05852169601037719,True,True,True,12.367159076892143,-0.1540194020441212
10,Ammonia,50.0,Ammonia,True,0.9450561593699706,0.8926881447925535,Toluene,0.15869847482639293,False,False,False,10.20114123399676,1.338127002216821
10,Ethylene,250.0,Ethylene,True,0.9999527452543814,0.9999056470994575,Ethylene,0.6408911239070667,False,False,False,2.905447532205718,1.2740694522071403
10,Ammonia,600.0,Ammonia,True,1.0,1.0,Acetone,0.018069050170554917,False,True,True,-21.838394523423872,11.360169119959615
10,Ethylene,150.0,Ethylene,True,0.9999859049058252,0.9999772859924507,Toluene,0.8903543591197366,False,False,False,6.442427717370857,0.9509194713330147
10,Ammonia,1000.0,Ammonia,True,1.0,1.0,Acetone,0.021919625070860666,False,True,True,-45.25443857384515,12.976403505604589
10,Ethylene,50.0,Ethylene,True,0.9326434770520784,0.895865501401479,Toluene,0.09923570237317156,False,True,True,10.461641809216843,0.2219578531944391
10,Ammonia,200.0,Ammonia,True,0.9999999928159173,0.9999999856543826,Ammonia,0.4695092949494467,False,False,False,0.8419315746917573,5.964285631927725
10,Ethylene,100.0,Ethylene,True,0.9997774390075752,0.9996018662538982,Toluene,0.2513504202466719,False,False,False,8.274124869320017,0.6196289273674457
10,Ammonia,800.0,Ammonia,True,1.0,1.0,Acetone,0.024644371401505525,False,True,True,-34.299260813230575,11.962904765511999
10,Ethylene,200.0,Ethylene,True,0.9999223273659491,0.9998453515575934,Toluene,0.21519177970824643,False,False,False,4.8763759248147,1.0420259202364248
10,Ammonia,400.0,Ammonia,True,0.9999999999999996,0.9999999999999992,Ammonia,0.03541681859714319,False,True,True,-10.857051894510063,9.262967940927917
10,Ethylene,50.0,Ethylene,True,0.9733257234124267,0.9574338502503065,Toluene,0.10179044084884163,False,True,True,10.382520314962932,0.23550417451188163
10,Ammonia,200.0,Ammonia,True,0.9999999964558597,0.9999999929356765,Ammonia,0.5134249443991348,False,False,False,0.6232263114373664,6.005994470664327
10,Ethylene,100.0,Ethylene,True,0.9996985874125073,0.9994643688652165,Toluene,0.27372532684588474,False,False,False,8.190662365343625,0.7090362013746465
10,Ammonia,800.0,Ammonia,True,1.0,1.0,Acetone,0.023409119912802083,False,True,True,-33.46334750722326,12.351130367436951
10,Ethylene,200.0,Ethylene,True,0.9999584224164608,0.9999176534691567,Toluene,0.1632806349585378,False,False,False,4.760272583400791,1.1020425261976967
10,Ammonia,400.0,Ammonia,True,0.9999999999999996,0.9999999999999993,Ammonia,0.04374564641695206,False,True,True,-10.657513596298841,9.521078824475012
10,Ethylene,10.0,Ethylene,True,0.6239213066535547,0.40113097280184207,Toluene,0.05897244747820251,True,True,True,12.323204128781441,-0.15082541963944515
10,Ammonia,50.0,Ammonia,True,0.9628371373109967,0.9283648800225113,Toluene,0.1575038652315338,False,False,False,10.250012693856208,1.3676117541821584
10,Ethylene,250.0,Ethylene,True,0.9999864048535932,0.9999730346258799,Ethylene,0.6383034800506514,False,False,False,2.934867170740653,1.258049204964946
10,Ammonia,600.0,Ammonia,True,1.0,1.0,Acetone,0.019280664908507206,False,True,True,-21.918828831392887,11.20082804686862
10,Ethylene,150.0,Ethylene,True,0.9999824513749611,0.9999713829791448,Toluene,0.8656439447575787,False,False,False,6.544106951547184,1.000718017808633
10,Ammonia,1000.0,Ammonia,True,1.0,1.0,Acetone,0.020381578927971836,False,True,True,-45.78203716631908,13.91644643115388
