batch_id,gas_name,concentration_ppm,predicted_gas,correct,max_probability,probability_margin,pca_nearest_class,pca_gap_ratio,probability_boundary,pca_boundary,boundary_union,pca_x,pca_y
6,Acetaldehyde,225.0,Acetaldehyde,True,0.999764274951143,0.9995483856384693,Acetaldehyde,0.10628289519202587,False,True,True,12.982413618494004,8.761554622662299
6,Acetaldehyde,225.0,Acetaldehyde,True,0.9986093911912732,0.9975661648347425,Acetaldehyde,0.14163805597554116,False,True,True,10.531768245155943,7.613793403430287
6,Acetaldehyde,225.0,Acetaldehyde,True,0.9991077095273836,0.9984034960038585,Acetaldehyde,0.13198086283472552,False,True,True,11.07712342432515,7.864809990467098
6,Acetaldehyde,225.0,Acetaldehyde,True,0.9981105428906504,0.9967650136081662,Acetaldehyde,0.14680998607620058,False,True,True,10.238185095365045,7.452954147968046
6,Acetaldehyde,225.0,Acetaldehyde,True,0.9994397976458076,0.9989372518777876,Acetaldehyde,0.10541332279282549,False,True,True,12.717513760113528,8.36704308813884
6,Acetaldehyde,225.0,Acetaldehyde,True,0.9997092279812351,0.9994587663546908,Acetaldehyde,0.11206467270010043,False,True,True,12.426088976316974,8.451262591864257
6,Acetaldehyde,225.0,Acetaldehyde,True,0.9994064532318236,0.9988747148874483,Acetaldehyde,0.1029614232038815,False,True,True,12.93990374781071,8.467280984958578
6,Acetaldehyde,225.0,Acetaldehyde,True,0.9996469330124483,0.9993229957868052,Acetaldehyde,0.09951883773298709,False,True,True,13.340581030346215,8.701739979383776
6,Acetaldehyde,225.0,Acetaldehyde,True,0.9996257960121335,0.9992965872515867,Acetaldehyde,0.10932770938784868,False,True,True,12.609781779820448,8.500356967923311
6,Acetaldehyde,225.0,Acetaldehyde,True,0.9995182042172818,0.9990991509243787,Acetaldehyde,0.11438531350472735,False,True,True,12.172081160707268,8.276299632346744
6,Acetaldehyde,50.0,Acetaldehyde,True,0.9881985997689657,0.9812905291066225,Acetaldehyde,0.023609848071333758,False,True,True,-2.337814134347116,5.578537530412403
6,Acetaldehyde,50.0,Acetaldehyde,True,0.9911903261826798,0.9867239041578743,Acetaldehyde,0.19290200290993673,False,False,False,-1.502872485166768,5.825185493248476
6,Acetaldehyde,50.0,Acetaldehyde,True,0.9958512546820032,0.9938820172057873,Acetaldehyde,0.18963221540297648,False,False,False,-1.5039326052634083,5.761417995499726
6,Acetaldehyde,50.0,Acetaldehyde,True,0.9892388192566036,0.9829758556866931,Acetaldehyde,0.052077615261024945,False,True,True,-2.1774001370415927,5.56365105711333
6,Acetaldehyde,50.0,Acetaldehyde,True,0.9959296343573902,0.9938530638766738,Acetaldehyde,0.31812731343793155,False,False,False,-0.8745988967618732,6.0402195223013875
6,Acetaldehyde,50.0,Acetaldehyde,True,0.9975895666745254,0.9964022399750276,Acetaldehyde,0.3015676746361228,False,False,False,-0.9709962646526362,6.0095021167022455
6,Acetaldehyde,50.0,Acetaldehyde,True,0.9937864149372428,0.990639760606082,Acetaldehyde,0.3145372549197755,False,False,False,-0.8662483262423332,5.961835870097716
6,Acetaldehyde,50.0,Acetaldehyde,True,0.9968650144065806,0.9952616309303849,Acetaldehyde,0.3747836878478958,False,False,False,-0.5455653232830667,6.152931561860592
6,Acetaldehyde,50.0,Acetaldehyde,True,0.9970982970906785,0.9956927729085436,Acetaldehyde,0.3085449724429842,False,False,False,-0.9243475539760848,6.004378426230166
6,Acetaldehyde,50.0,Acetaldehyde,True,0.9947067586123753,0.9914163455126446,Acetaldehyde,0.28300837390234834,False,False,False,-1.0443441581425816,5.884852754904556
6,Acetaldehyde,100.0,Acetaldehyde,True,0.9999100004658955,0.9998643081866881,Acetaldehyde,0.6527347556959053,False,False,False,2.689363596958504,7.538002688158174
6,Acetaldehyde,100.0,Acetaldehyde,True,0.9997861540663532,0.9996543899490484,Acetaldehyde,0.7060012798598065,False,False,False,1.9067917719816634,7.0617275031796805
6,Acetaldehyde,100.0,Acetaldehyde,True,0.9997700441156407,0.9996191241331764,Acetaldehyde,0.7126562106242194,False,False,False,2.3863344293613244,7.14421797362294
6,Acetone,100.0,Acetone,True,0.9987718602757332,0.9978768614342114,Acetone,0.17565154836936958,False,False,False,4.16806618692,2.1023846681257945
6,Acetone,100.0,Acetone,True,0.9077660583666851,0.8249546745292479,Acetone,0.3042604416875539,False,False,False,2.891461395901498,1.6113026287459218
6,Acetone,100.0,Acetone,True,0.9061766772492467,0.8197582068547489,Acetone,0.23592892796479872,False,False,False,1.7578255828348313,1.5830143101610976
6,Acetone,100.0,Acetone,True,0.9189620079099351,0.8447415971456605,Acetone,0.17507191097622649,False,False,False,1.3885749374830032,1.5269004991200337
6,Acetone,100.0,Acetone,True,0.9157891988626143,0.8389954616936917,Acetone,0.15969759282417684,False,False,False,1.3063430235235762,1.487640277990736
6,Acetone,100.0,Acetone,True,0.8719554714908839,0.7527945968365511,Acetone,0.21022573279920273,False,False,False,1.5085653741157343,1.4202467097641873
6,Acetone,100.0,Acetone,True,0.9091878316827997,0.825188092079706,Acetone,0.21266080822615405,False,False,False,1.5319835518736227,1.4507856595762172
6,Acetone,100.0,Acetone,True,0.9043383035968375,0.8156731943389536,Acetone,0.2541505215574981,False,False,False,1.7388500687263055,1.4734382771664873
6,Acetone,100.0,Acetone,True,0.9002322089317565,0.8079056821710238,Acetone,0.2637358000829763,False,False,False,1.8012946629351938,1.4882475389851373
6,Acetone,100.0,Acetone,True,0.8268101008763052,0.6668701844450988,Acetone,0.1912476734894451,False,False,False,1.432698928844064,1.4452844780981258
6,Acetone,100.0,Acetone,True,0.8527245273821046,0.7167159932221685,Acetone,0.2419925849948729,False,False,False,1.6600472822654802,1.4316627628663774
6,Acetone,100.0,Acetone,True,0.8646150941524517,0.7382171043524695,Acetone,0.2636193690507324,False,False,False,1.7606391794092808,1.4260850693798306
6,Acetone,100.0,Acetone,True,0.8770625112752796,0.7622729463473452,Acetone,0.2660084548215608,False,False,False,1.765211711289844,1.4126506065206295
6,Acetone,100.0,Acetone,True,0.896066007361501,0.7996069541695966,Acetone,0.2828091234499758,False,False,False,1.9166748688296313,1.4533067435421667
6,Acetone,100.0,Acetone,True,0.9035857602426155,0.8142129136167494,Acetone,0.27112991264464514,False,False,False,1.806022226540706,1.4423179953798624
6,Acetone,100.0,Acetone,True,0.9124571358557028,0.8316451713552123,Acetone,0.28521276969431775,False,False,False,1.9410005033802995,1.4522622403144823
6,Acetone,100.0,Acetone,True,0.8833565277301101,0.7742241634220804,Acetone,0.2783939660083739,False,False,False,1.8134796655507806,1.3905862389167114
6,Acetone,100.0,Acetone,True,0.8645145433898609,0.7376622654850129,Acetone,0.28752097341067173,False,False,False,1.8557828426937892,1.3863052194461374
6,Acetone,100.0,Acetone,True,0.8454748367105981,0.7003701817767991,Acetone,0.3004117518938525,False,False,False,2.0774296933154677,1.439541219525425
6,Acetone,100.0,Acetone,True,0.8921124907319365,0.7914831691805136,Acetone,0.28572627284157553,False,False,False,1.9136928795428203,1.4410815815080378
6,Acetone,100.0,Acetone,True,0.8847116445647496,0.7774871900550854,Acetone,0.30394162521780604,False,False,False,1.9524796423331863,1.3844519929819648
6,Acetone,100.0,Acetone,True,0.8864809153942687,0.7807200060127216,Acetone,0.2870802721541506,False,False,False,1.9195811589415503,1.437879148883772
6,Acetone,100.0,Acetone,True,0.8856241630390037,0.7792504781287202,Acetone,0.28142609590684114,False,False,False,1.828089168069773,1.3902609367327188
6,Acetone,100.0,Acetone,True,0.8796406222668376,0.7674208645053795,Acetone,0.2948850705779249,False,False,False,2.0928478730700064,1.4648177436719991
6,Acetone,100.0,Acetone,True,0.8745841250491403,0.7577708781971979,Acetone,0.2973123722860213,False,False,False,1.9580615525862535,1.4117977862918063
6,Acetone,100.0,Acetone,True,0.8787262837509449,0.7653949850284313,Acetone,0.29649916078686306,False,False,False,2.0927410283873926,1.458829288554634
6,Acetone,100.0,Acetone,True,0.8918758382251862,0.7910121387651,Acetone,0.2984921022028867,False,False,False,2.2390948463771703,1.4947258013527613
6,Acetone,100.0,Acetone,True,0.8571269132333623,0.7230176071338255,Acetone,0.29533424021822396,False,False,False,2.0783304681290655,1.4586441051964345
6,Acetone,100.0,Acetone,True,0.8843062493152672,0.7761824420798773,Acetone,0.2918195286931796,False,False,False,2.0406686482779786,1.4598271707158577
6,Acetone,100.0,Acetone,True,0.8640656335271661,0.7370925667425923,Acetone,0.29836940138226237,False,False,False,2.099867483894496,1.4541432955636993
6,Acetone,100.0,Acetone,True,0.8493212164348297,0.708356557053985,Acetone,0.3022221335725872,False,False,False,2.0186148260778767,1.4136279552514615
6,Acetone,100.0,Acetone,True,0.8581101918477718,0.7253775596042022,Acetone,0.2990068397962758,False,False,False,2.0960513431998296,1.4506036363041217
6,Acetone,100.0,Acetone,True,0.8902771298304353,0.7882997481586427,Acetone,0.2952361600026521,False,False,False,2.132451587553243,1.4755970619844025
6,Acetone,100.0,Acetone,True,0.863859682390335,0.7366504061802281,Acetone,0.299455354731856,False,False,False,2.04196912763993,1.4317089952048105
6,Acetone,100.0,Acetone,True,0.852055315628483,0.7131656108735872,Acetone,0.309275205342242,False,False,False,2.1665387161584535,1.434678851264559
6,Acetone,100.0,Acetone,True,0.8662551486459942,0.7412932089869514,Acetone,0.31632166922731536,False,False,False,2.1433515622536476,1.4017048095887172
6,Acetone,100.0,Acetone,True,0.8581848070282969,0.7248764919096804,Acetone,0.3081821810141653,False,False,False,2.255004754311354,1.4645799415249743
6,Acetone,100.0,Acetone,True,0.8622600917411863,0.7333340038790104,Acetone,0.31262822500963783,False,False,False,2.224168617098455,1.4397610566653165
6,Acetone,100.0,Acetone,True,0.8834895863642711,0.7752311839044619,Acetone,0.3000367943788991,False,False,False,2.215035892987233,1.4824016817767685
6,Acetone,100.0,Acetone,True,0.8788720353746293,0.7658779467906147,Acetone,0.29770905862400254,False,False,False,2.263488922615303,1.5042459360781204
6,Acetone,100.0,Acetone,True,0.886457767805944,0.7805861942814156,Acetone,0.29517719109201757,False,False,False,2.2816597049563723,1.5181296459376132
6,Acetone,100.0,Acetone,True,0.903351973816526,0.8139052780267598,Acetone,0.29705365390694016,False,False,False,2.3454498863283777,1.5281548911287126
6,Acetone,100.0,Acetone,True,0.8774474481599537,0.763434987981148,Acetone,0.31152091295987683,False,False,False,2.3836214521563606,1.4873600725009508
6,Acetone,100.0,Acetone,True,0.882370105363295,0.7729756196349039,Acetone,0.3036093508592574,False,False,False,2.300322957776593,1.4933121328654804
6,Acetone,100.0,Acetone,True,0.8551880821698647,0.720020590611275,Acetone,0.3143258266720581,False,False,False,2.326075234697876,1.4624263879698607
6,Acetone,100.0,Acetone,True,0.8735302492423339,0.7556172437602942,Acetone,0.3112850835345117,False,False,False,2.204059897233231,1.438669888786288
6,Acetone,100.0,Acetone,True,0.8514168915894423,0.7120405416032678,Acetone,0.3196276962796711,False,False,False,2.4418143977885185,1.473799306750561
6,Acetone,100.0,Acetone,True,0.8930427315652751,0.7934990184431823,Acetone,0.3015193878016455,False,False,False,2.240544556541829,1.4843125613632977
6,Acetone,100.0,Acetone,True,0.8383384436135733,0.6867411521806562,Acetone,0.32008475752499305,False,False,False,2.366592404201395,1.4530171689138278
6,Acetone,100.0,Acetone,True,0.8498973110346938,0.709094831703097,Acetone,0.3052648345712282,False,False,False,2.332397553039772,1.4959994642457022
6,Acetone,100.0,Acetone,True,0.875734922388863,0.7598545447176415,Acetone,0.3015353936291576,False,False,False,2.373161983291634,1.519510141083381
6,Acetone,50.0,Acetone,True,0.9981193798087981,0.9964955725220614,Acetaldehyde,0.06687457321948588,False,True,True,0.6184557156382535,2.7195590931387943
6,Acetone,50.0,Acetone,True,0.9884518251201749,0.9790778483513345,Acetaldehyde,0.04462780072840484,False,True,True,0.3268975383056731,2.832072211781688
6,Acetone,50.0,Acetone,True,0.9890777097887172,0.9804278664111035,Ethylene,0.07498739077020698,False,True,True,-0.5155272160004384,2.8918982550348393
6,Acetone,50.0,Acetone,True,0.9894118513449102,0.9810370083078965,Ethylene,0.15145860997376243,False,False,False,-1.0253076202057205,2.874730581421057
6,Acetone,50.0,Acetone,True,0.9876821659041191,0.9777127268207505,Ethylene,0.16627547587771555,False,False,False,-1.1450306042870388,2.8792332934505507
6,Acetone,50.0,Acetone,True,0.9890351566347264,0.9802044226924918,Ethylene,0.1816744775827496,False,False,False,-1.3020560437180766,2.9002783505586454
6,Acetone,50.0,Acetone,True,0.9885985028499684,0.9794628923302394,Ethylene,0.17612331101559048,False,False,False,-1.216393806042821,2.875470737997418
6,Acetone,50.0,Acetone,True,0.9906293154985467,0.9833149989166385,Ethylene,0.1483751130858249,False,True,True,-1.0858240958418537,2.929307314319708
6,Acetone,50.0,Acetone,True,0.990985534189858,0.9838412267716107,Ethylene,0.14301781846345604,False,True,True,-1.0574109571569763,2.937194064289089
6,Acetone,50.0,Acetone,True,0.9915815602368924,0.985033999160988,Ethylene,0.12536750196520097,False,True,True,-0.9449501897386192,2.949287365286433
6,Acetone,50.0,Acetone,True,0.9922056364650382,0.986218146590813,Ethylene,0.1324630493646211,False,True,True,-0.9845980941469228,2.9410095208632017
6,Acetone,50.0,Acetone,True,0.9912795449782715,0.9842511554340122,Ethylene,0.16002296330233037,False,False,False,-1.1612625058600687,2.92022448097612
6,Acetone,50.0,Acetone,True,0.9921562506978081,0.985947832797433,Ethylene,0.1307883627804277,False,True,True,-0.9939421002209635,2.955511801587385
6,Acetone,50.0,Acetone,True,0.9914338814697147,0.9845645233873117,Ethylene,0.15065909554854248,False,False,False,-1.094249733380812,2.923511758764069
6,Acetone,50.0,Acetone,True,0.991466270979602,0.9848004832282435,Ethylene,0.13668667261701134,False,True,True,-1.0056739169876576,2.9342600893485544
6,Acetone,50.0,Acetone,True,0.9884627474373098,0.9791098143114726,Ethylene,0.15948051209995737,False,False,False,-1.1223086017632915,2.8981487687646115
6,Acetone,50.0,Acetone,True,0.9916560261436831,0.985098730409979,Ethylene,0.13874270529217983,False,True,True,-1.0106241205697644,2.927426646320566
6,Acetone,50.0,Acetone,True,0.9920371482382739,0.9860038261628236,Ethylene,0.09901778252671689,False,True,True,-0.8305212097169437,3.0005296070062895
6,Acetone,50.0,Acetone,True,0.9914258656051491,0.9848676399398817,Ethylene,0.11990043231703912,False,True,True,-0.8873655924471507,2.936964061079935
6,Acetone,50.0,Acetone,True,0.9911868212917577,0.9842306203130415,Ethylene,0.1258526758291089,False,True,True,-0.913912647608428,2.9258448991319397
6,Acetone,50.0,Acetone,True,0.9917847794175249,0.9854791945847694,Ethylene,0.12290105741240366,False,True,True,-0.9190910158626866,2.9438806547436323
6,Acetone,50.0,Acetone,True,0.9921409165718273,0.9860537162816007,Ethylene,0.12555384711345877,False,True,True,-0.9357709284498016,2.9421536731910654
6,Acetone,50.0,Acetone,True,0.9906505958939004,0.9833302355431072,Ethylene,0.12117293165443323,False,True,True,-0.8957437602934979,2.9364468851753767
6,Acetone,50.0,Acetone,True,0.9917922224869411,0.9854463146527169,Ethylene,0.1261369229746287,False,True,True,-0.9497052841340571,2.9487123716529204
6,Acetone,50.0,Acetone,True,0.9884911891784084,0.9793861899153846,Ethylene,0.14413069725393454,False,True,True,-0.9911552444582284,2.888082572445482
6,Acetone,50.0,Acetone,True,0.9913929285599943,0.984657719330288,Ethylene,0.11970728705387834,False,True,True,-0.8991414427331627,2.9459812762328133
6,Acetone,50.0,Acetone,True,0.9918776393366097,0.9855143321483975,Ethylene,0.13958409410991318,False,True,True,-1.0213127317872885,2.9303602130456374
6,Acetone,50.0,Acetone,True,0.9910754174302926,0.9841504115369649,Ethylene,0.13271117062215265,False,True,True,-0.9360806077137233,2.907202998847022
6,Acetone,50.0,Acetone,True,0.989932363588436,0.9817918197678419,Ethylene,0.16443466488891442,False,False,False,-1.1644938049356959,2.900546184490388
6,Acetone,50.0,Acetone,True,0.9903498517306566,0.9827170068965728,Ethylene,0.12878859628671943,False,True,True,-0.9355073242008443,2.9260682501936577
6,Acetone,50.0,Acetone,True,0.9908166181353473,0.9835254878221016,Ethylene,0.14633036025453,False,True,True,-1.0076315177451665,2.888207153354136
6,Acetone,50.0,Acetone,True,0.9911462459275975,0.9841503068913879,Ethylene,0.1409859293769298,False,True,True,-1.0049363518521597,2.912633452811424
6,Acetone,50.0,Acetone,True,0.9921250111668897,0.986020315310736,Ethylene,0.11523929648377226,False,True,True,-0.8849491652962133,2.958244447176912
6,Acetone,50.0,Acetone,True,0.9924095800469104,0.9865238230902034,Ethylene,0.11849634839251001,False,True,True,-0.916934431629575,2.9641129935843433
6,Acetone,50.0,Acetone,True,0.9924335519151841,0.9865727021004316,Ethylene,0.10942332379762534,False,True,True,-0.8826301139367754,2.9853447031367293
6,Acetone,50.0,Acetone,True,0.9909858628027978,0.9839627241094846,Ethylene,0.13396364986420006,False,True,True,-0.9709055184788312,2.924463251995236
6,Acetone,50.0,Acetone,True,0.991814475402386,0.9853468642516868,Ethylene,0.13705999364961338,False,True,True,-1.0347512803792616,2.9516782253141765
6,Acetone,50.0,Acetone,True,0.9889999876594728,0.9800588598063343,Ethylene,0.14923826923696973,False,True,True,-1.0655436634163054,2.9118873117422823
6,Acetone,50.0,Acetone,True,0.98909913222055,0.9804371093855345,Ethylene,0.16183315268238235,False,False,False,-1.1185833633369564,2.884227874529236
6,Acetone,50.0,Acetone,True,0.9916529140258542,0.9851640384787702,Ethylene,0.12433323160050619,False,True,True,-0.9491871696835232,2.957252306142043
6,Acetone,50.0,Acetone,True,0.9896365301670175,0.9814289629921042,Ethylene,0.13253672723735113,False,True,True,-0.915286496200799,2.894002823859018
6,Acetone,50.0,Acetone,True,0.9894679144798992,0.9811869350040684,Ethylene,0.14272528528773257,False,True,True,-0.9863850034519421,2.891800076056205
6,Acetone,50.0,Acetone,True,0.9918064242408772,0.9854353511979997,Ethylene,0.12259991037690299,False,True,True,-0.9159913612227817,2.9432517890928866
6,Acetone,50.0,Acetone,True,0.9928909086917255,0.9873803908662373,Ethylene,0.12419032607028553,False,True,True,-0.9497810191109107,2.9583589104884096
6,Acetone,50.0,Acetone,True,0.9901111840828574,0.9822141490790036,Ethylene,0.11192620135102746,False,True,True,-0.8366537486041387,2.9411627959494746
6,Acetone,50.0,Acetone,True,0.9913035832126423,0.9845034495081898,Ethylene,0.1039652606968179,False,True,True,-0.8461607303128172,2.9870045678937824
6,Acetone,50.0,Acetone,True,0.9911417186694135,0.9840049748048545,Ethylene,0.14039491141095867,False,True,True,-1.0158158148512306,2.9227376772624014
6,Acetone,50.0,Acetone,True,0.9904381275826529,0.9827538890655673,Ethylene,0.16009487052797575,False,False,False,-1.11608548896012,2.891159906495861
6,Acetone,50.0,Acetone,True,0.9898498912158751,0.9818447629237955,Ethylene,0.14033940826243974,False,True,True,-0.9982813667478103,2.911395846701356
6,Acetone,50.0,Acetone,True,0.9859338294313955,0.974427660132967,Ethylene,0.1885500885074923,False,False,False,-1.2673318967254634,2.845616068556475
6,Acetone,50.0,Acetone,True,0.9895999981010387,0.9812491548678904,Ethylene,0.16196628034609878,False,False,False,-1.1685340412426521,2.9152398301713296
6,Acetone,50.0,Acetone,True,0.9883635133037689,0.9791104959042423,Ethylene,0.15588602243675045,False,False,False,-1.0609969606134673,2.876331677041064
6,Acetone,50.0,Acetone,True,0.9897131148764426,0.9815182031931002,Ethylene,0.1565883296163613,False,False,False,-1.0930374834296046,2.8935876110208096
6,Acetone,50.0,Acetone,True,0.9925197608754744,0.9867325646132166,Ethylene,0.13695114583330678,False,True,True,-1.0157037366115287,2.939612705548016
6,Acetone,50.0,Acetone,True,0.9898166137131859,0.9817417361756647,Ethylene,0.12558419779515492,False,True,True,-0.9257072830410938,2.9351785536667223
6,Acetone,50.0,Acetone,True,0.9893092815240416,0.9808991789429965,Ethylene,0.1278331777249,False,True,True,-0.9207193321982955,2.9207433052314036
6,Acetone,50.0,Acetone,True,0.9892955584553493,0.980842117273647,Ethylene,0.14869721796746416,False,True,True,-1.022484928526891,2.8863933754948174
6,Acetone,50.0,Acetone,True,0.9910682138668317,0.9840132868978629,Ethylene,0.12923389459096946,False,True,True,-0.9635953915227868,2.9428241437727576
6,Acetone,50.0,Acetone,True,0.9887407918169617,0.9796940449315829,Ethylene,0.15631351032132942,False,False,False,-1.0727901791332586,2.8818742460059057
6,Acetone,50.0,Acetone,True,0.9892961991742877,0.9806888067860207,Ethylene,0.16002152244946932,False,False,False,-1.128205321820447,2.899250890708889
6,Acetone,50.0,Acetone,True,0.9878482764029618,0.9780697283667092,Ethylene,0.15360307901146755,False,False,False,-1.0622090803114193,2.888298804479685
6,Acetone,50.0,Acetone,True,0.9904370352862252,0.9828689594453123,Ethylene,0.14958959674387692,False,True,True,-1.0581592164173867,2.90535335067655
6,Acetone,50.0,Acetone,True,0.9881216734641006,0.9783939705614992,Ethylene,0.1595477721055877,False,False,False,-1.1185411483989436,2.895413478737407
6,Acetone,50.0,Acetone,True,0.9884723711430947,0.9792083395955564,Ethylene,0.13169147057563904,False,True,True,-0.9450016077509227,2.918220954539652
6,Acetone,50.0,Acetone,True,0.9901851785837863,0.9822424703785767,Ethylene,0.16917488608514764,False,False,False,-1.173098999818817,2.882666613285336
6,Acetone,50.0,Acetone,True,0.991357903124607,0.9845444891979475,Ethylene,0.13401707246486746,False,True,True,-0.99837296051351,2.9425500335590518
6,Acetone,50.0,Acetone,True,0.990035713543317,0.9820363860287209,Ethylene,0.15283537751272858,False,False,False,-1.073495202600017,2.8993839599766025
6,Acetone,50.0,Acetone,True,0.9898490717215853,0.9818727919921492,Ethylene,0.16425571042401785,False,False,False,-1.1354350358515113,2.8830635457696885
6,Acetone,50.0,Acetone,True,0.9878970344964778,0.9780164863764356,Ethylene,0.18400541827100295,False,False,False,-1.2083580195871941,2.8319572360324345
6,Acetone,50.0,Acetone,True,0.9883226440082636,0.9789825896211592,Ethylene,0.166918072331408,False,False,False,-1.0935627566289918,2.843390824903585
6,Acetone,50.0,Acetone,True,0.9857032197991776,0.9739415201377631,Ethylene,0.1868884512811701,False,False,False,-1.190124973832016,2.8067005903051196
6,Acetone,50.0,Acetone,True,0.9882435720740089,0.9789573102771394,Ethylene,0.16070206236604934,False,False,False,-1.034874929073118,2.8358587573466707
6,Acetone,50.0,Acetone,True,0.9901267358130662,0.9821996356168106,Ethylene,0.1498575579034838,False,True,True,-1.037796591733924,2.8907452034388093
6,Acetone,50.0,Acetone,True,0.9880021389681514,0.9781888851293193,Ethylene,0.1711151763679293,False,False,False,-1.0985030706669763,2.826086975680945
6,Acetone,50.0,Acetone,True,0.9887902497689504,0.9798791414373595,Ethylene,0.1428721423967404,False,True,True,-0.9832545312706689,2.8890015828784645
6,Acetone,50.0,Acetone,True,0.9897097165931681,0.9815472599990189,Ethylene,0.14786563322166468,False,True,True,-0.9871197150468112,2.8671440936922443
6,Acetone,50.0,Acetone,True,0.9897248816054823,0.9816043262788976,Ethylene,0.15136585659697369,False,False,False,-1.0252566133229284,2.875150825345161
6,Acetone,50.0,Acetone,True,0.9899924738221482,0.9819669543029427,Ethylene,0.1450398360585542,False,True,True,-1.0180634020024872,2.901410072835373
6,Acetone,50.0,Acetone,True,0.9884034024640584,0.9792382368751382,Ethylene,0.13536039257446697,False,True,True,-0.9140052461956476,2.8793239983483563
6,Acetone,50.0,Acetone,True,0.9892299493226875,0.9806535192576687,Ethylene,0.15631935258588417,False,False,False,-1.056682998267446,2.8714135747376717
6,Acetone,50.0,Acetone,True,0.9889273930614538,0.9799927069411832,Ethylene,0.1513840267294797,False,False,False,-1.0081029631453973,2.863801958315681
6,Acetone,50.0,Acetone,True,0.9883925094891006,0.9790984286011288,Ethylene,0.14974749579307686,False,True,True,-0.9898228324224115,2.8597425876266893
6,Acetone,50.0,Acetone,True,0.9894636415281097,0.9810032840902532,Ethylene,0.15437248500727346,False,False,False,-1.0577953429472522,2.881663591803427
6,Acetone,50.0,Acetone,True,0.9877081092204166,0.9775964824581,Ethylene,0.16850287139587353,False,False,False,-1.0954201472674259,2.8368488102940006
6,Acetone,50.0,Acetone,True,0.988654445368617,0.9793301867916325,Ethylene,0.17300509547739482,False,False,False,-1.1302725613382993,2.8370121168776916
6,Acetone,50.0,Acetone,True,0.9879279475575196,0.9781765475063168,Ethylene,0.172435953627158,False,False,False,-1.1076401636942939,2.8254636868506435
6,Acetone,50.0,Acetone,True,0.9875945032569431,0.977506191769635,Ethylene,0.15159742480339727,False,False,False,-0.9987989321327557,2.8566362050832805
6,Acetone,50.0,Acetone,True,0.9861030308701557,0.9748494427656772,Ethylene,0.15048836608928906,False,False,False,-0.9719261992123555,2.8442846753979385
6,Acetone,50.0,Acetone,True,0.988455023882593,0.9793184811660327,Ethylene,0.153215937608858,False,False,False,-0.9890542265177054,2.8423208604713497
6,Acetone,50.0,Acetone,True,0.9898054424547272,0.9817155668064373,Ethylene,0.13598094971040883,False,True,True,-0.9009368468286749,2.8674456969859916
6,Acetone,50.0,Acetone,True,0.9886643431112464,0.9795172497318765,Ethylene,0.141119940935067,False,True,True,-0.956150969073196,2.8795097150859874
6,Acetone,50.0,Acetone,True,0.9884576900853356,0.9791820848497348,Ethylene,0.150721325629748,False,False,False,-1.0045726043913275,2.864715907131168
6,Acetone,50.0,Acetone,True,0.9889793209373924,0.9801690017429433,Ethylene,0.15337976155675545,False,False,False,-1.0431442384158212,2.876989520677004
6,Acetone,50.0,Acetone,True,0.9882124426643376,0.978705247904955,Ethylene,0.17301423204062535,False,False,False,-1.104754834188637,2.820817202621564
6,Acetone,50.0,Acetone,True,0.9892304065320939,0.9805389773422047,Ethylene,0.14808612482046044,False,True,True,-0.9986140786775888,2.873664882988425
6,Acetone,50.0,Acetone,True,0.9886770332751643,0.9796015034373762,Ethylene,0.15450854134869596,False,False,False,-1.0083556341404825,2.848719619264004
6,Acetone,50.0,Acetone,True,0.9898648295484765,0.9817892163017616,Ethylene,0.1435617358734186,False,True,True,-0.9757677528547322,2.8806500630879137
6,Acetone,50.0,Acetone,True,0.9908973809287668,0.9838033874759788,Ethylene,0.1398645067620516,False,True,True,-0.9470976092066183,2.8795871321246205
6,Acetone,50.0,Acetone,True,0.9874787329533943,0.977341134545517,Ethylene,0.16496851588422193,False,False,False,-1.094052933012988,2.8532196803259295
6,Acetone,50.0,Acetone,True,0.9898789137901784,0.981828549458864,Ethylene,0.1356581120283268,False,True,True,-0.9160488919125115,2.8792505344740014
6,Acetone,50.0,Acetone,True,0.9898974224734518,0.9819350189685274,Ethylene,0.1537863929590609,False,False,False,-1.0048789433909886,2.849957986307711
6,Acetone,50.0,Acetone,True,0.991269330084327,0.98443012435261,Ethylene,0.14147248616571367,False,True,True,-0.9761704348087658,2.8911430660048634
6,Acetone,50.0,Acetone,True,0.9952558716157575,0.9913107731776064,Ethylene,0.18022020522737592,False,False,False,-0.9249371867299068,2.669528622182465
6,Acetone,50.0,Acetone,True,0.9927286372436134,0.986728547846479,Ethylene,0.11679026971227205,False,True,True,-0.828531365277855,2.9116551711074607
6,Acetone,50.0,Acetone,True,0.9899715709951604,0.9818999398262683,Ethylene,0.1391573372735643,False,True,True,-0.9657013436092651,2.8954986683811583
6,Acetone,50.0,Acetone,True,0.9883675619250333,0.9790719188742532,Ethylene,0.15853083268851206,False,False,False,-1.0278955510247825,2.84189348289511
6,Acetone,50.0,Acetone,True,0.9878955273685217,0.9781471221373058,Ethylene,0.15283286383785513,False,False,False,-1.0326152362938847,2.8727917516682244
6,Acetone,50.0,Acetone,True,0.987918443103523,0.9782041354363844,Ethylene,0.18014418915544114,False,False,False,-1.1442235926846054,2.8110095037666203
6,Acetone,50.0,Acetone,True,0.9895639057185566,0.9810987866726092,Ethylene,0.15557160808445808,False,False,False,-1.0619146357544127,2.8784656585520443
6,Acetone,50.0,Acetone,True,0.9876859876080873,0.9775753029966314,Ethylene,0.16276587051726424,False,False,False,-1.0409409659804707,2.829747945218671
6,Acetone,50.0,Acetone,True,0.9862313487021764,0.9748804058689854,Ethylene,0.1717914831051712,False,False,False,-1.0672529660587542,2.8028348122040248
6,Acetone,50.0,Acetone,True,0.9884981867147726,0.979322569253162,Ethylene,0.14056831440916107,False,True,True,-0.9432269138960178,2.873552109647377
6,Acetone,50.0,Acetone,True,0.9871579929959736,0.9767191110077922,Ethylene,0.17622857450377197,False,False,False,-1.1144900619591986,2.811348807790084
6,Acetone,50.0,Acetone,True,0.9881903094921645,0.978510861673124,Ethylene,0.1643997381980753,False,False,False,-1.0626830794471294,2.835848321677879
6,Acetone,50.0,Acetone,True,0.9863422657897963,0.9753651274120668,Ethylene,0.17043883303931692,False,False,False,-1.071903713564459,2.8123869152371257
6,Acetone,50.0,Acetone,True,0.9870197567098886,0.976538581606636,Ethylene,0.16600904370056244,False,False,False,-1.034004962164299,2.8094804632122914
6,Acetone,50.0,Acetone,True,0.988712258094816,0.9794410936524153,Ethylene,0.15706721197869938,False,False,False,-1.0561221686056033,2.867392739713816
6,Acetone,50.0,Acetone,True,0.9873888265102401,0.977249217655007,Ethylene,0.14382513505805752,False,True,True,-0.9589498647526898,2.8681592502959026
6,Acetone,50.0,Acetone,True,0.9893915163624274,0.9809377181712768,Ethylene,0.12141633940203847,False,True,True,-0.8650201500695058,2.91417872815096
6,Acetone,50.0,Acetone,True,0.9895882936422362,0.9812905835124124,Ethylene,0.14639154823949124,False,True,True,-0.9570984858115206,2.854399301525918
6,Acetone,50.0,Acetone,True,0.9872300029866944,0.9768784944026684,Ethylene,0.156533507257202,False,False,False,-1.0010936230714653,2.834085962882054
6,Acetone,50.0,Acetone,True,0.9878195275799774,0.9778116079140741,Ethylene,0.16680150539103963,False,False,False,-1.0540351673144746,2.8185814760254218
6,Acetone,50.0,Acetone,True,0.9896425121476611,0.9813697517292688,Ethylene,0.1552980062348494,False,False,False,-1.0214453134102017,2.8534459062780386
6,Acetone,50.0,Acetone,True,0.988289084729946,0.9789319437361895,Ethylene,0.14836260824834602,False,True,True,-0.9522348580482538,2.841551589053487
6,Acetone,50.0,Acetone,True,0.9889173246724134,0.9800746857365547,Ethylene,0.1304399236244766,False,True,True,-0.9028895421764701,2.8958573903979126
6,Acetone,50.0,Acetone,True,0.9893392746589345,0.9808851896844389,Ethylene,0.12501993307058704,False,True,True,-0.8822561412659723,2.9083362005780713
6,Acetone,50.0,Acetone,True,0.9895479194655151,0.9813646822402248,Ethylene,0.11964801150223182,False,True,True,-0.84157838468117,2.906686510121179
6,Acetone,50.0,Acetone,True,0.9910951274794692,0.9841215310118322,Ethylene,0.11482042040791007,False,True,True,-0.8274988488104219,2.9205951921119526
6,Acetone,50.0,Acetone,True,0.989707590018005,0.9814287511514238,Ethylene,0.1484400188127655,False,True,True,-0.9929759470632203,2.86821112262448
6,Acetone,50.0,Acetone,True,0.9878208796758673,0.9780849698392184,Ethylene,0.14595529389451695,False,True,True,-0.9759567881458132,2.86907524935277
6,Acetone,50.0,Acetone,True,0.9862713289707281,0.975132010497292,Ethylene,0.1562922131540901,False,False,False,-0.9899282276586742,2.827919698071211
6,Acetone,50.0,Acetone,True,0.9864026238361776,0.9754513045308277,Ethylene,0.17090560462114363,False,False,False,-1.0923870746869966,2.823210734373223
6,Acetone,50.0,Acetone,True,0.98782108974224,0.9779631332885836,Ethylene,0.14405300852223152,False,True,True,-0.9694001081995831,2.874010837214498
6,Acetone,50.0,Acetone,True,0.9897854402347329,0.9816780575779439,Ethylene,0.11672687931118407,False,True,True,-0.8371619088042346,2.9179472611218564
6,Acetone,50.0,Acetone,True,0.9896420169280676,0.9812380492270028,Ethylene,0.13261369459166278,False,True,True,-0.9288189541988319,2.902778802792377
6,Acetone,50.0,Acetone,True,0.9881377994431263,0.9785229786124424,Ethylene,0.16263739061528867,False,False,False,-1.0604451957393655,2.8429944217112615
6,Acetone,50.0,Acetone,True,0.988761989510191,0.9797342728459483,Ethylene,0.14584923449560186,False,True,True,-0.9623609496628642,2.8605511152188936
6,Acetone,50.0,Acetone,True,0.9873948076755787,0.9770094026023705,Ethylene,0.16546495032072125,False,False,False,-1.0800261958318564,2.8418101232086537
6,Acetone,50.0,Acetone,True,0.9875750078446374,0.9775972743155141,Ethylene,0.15924389102176179,False,False,False,-1.0458882890566414,2.850121896301221
6,Acetone,50.0,Acetone,True,0.9866582004534701,0.9757764850177332,Ethylene,0.1374177400277735,False,True,True,-0.9407268707871078,2.8872785550274145
6,Acetone,50.0,Acetone,True,0.9891483071886013,0.9806339954824294,Ethylene,0.12405801968593023,False,True,True,-0.8589194359203735,2.8970445365519244
6,Acetone,50.0,Acetone,True,0.9890842993015032,0.9805139681825285,Ethylene,0.11290101186081349,False,True,True,-0.7424372932389084,2.870493011074013
6,Acetone,50.0,Acetone,True,0.990765580055847,0.9835035214196937,Ethylene,0.13624451397471024,False,True,True,-0.9438054479001154,2.8950908218878215
6,Acetone,50.0,Acetone,True,0.987887961920363,0.9781740981612956,Ethylene,0.15165951593475097,False,False,False,-0.9647496774306007,2.833821836851479
6,Acetone,50.0,Acetone,True,0.9891563481937012,0.980486958324688,Ethylene,0.15681799618113534,False,False,False,-1.018374222541117,2.844024299146441
6,Acetone,50.0,Acetone,True,0.98671819619311,0.9758620635718337,Ethylene,0.15759868829063556,False,False,False,-1.0447532612459223,2.85741465710082
6,Acetone,50.0,Acetone,True,0.9892706923915373,0.9806901996200414,Ethylene,0.13312285444183736,False,True,True,-0.888274107000757,2.872801651751446
6,Acetone,50.0,Acetone,True,0.9895131283410378,0.9813379908563395,Ethylene,0.1209921609987217,False,True,True,-0.8006965912107071,2.8717823610416495
6,Acetone,50.0,Acetone,True,0.9893262425168005,0.9808161244152506,Ethylene,0.14562176936869917,False,True,True,-0.9703260932538887,2.8669624167118704
6,Acetone,50.0,Acetone,True,0.9882607286008095,0.9787365007083227,Ethylene,0.1432205062202343,False,True,True,-0.9243291435066814,2.8479256540832543
6,Acetone,50.0,Acetone,True,0.9891806204866893,0.9805272861417632,Ethylene,0.15899615972126657,False,False,False,-1.0174503972217044,2.8328096630783404
6,Acetone,50.0,Acetone,True,0.9871369673158724,0.9767500876916613,Ethylene,0.1578295472971247,False,False,False,-1.017086598933045,2.838253188062868
6,Acetone,50.0,Acetone,True,0.9888845916245214,0.9800068119444124,Ethylene,0.15635732128850463,False,False,False,-1.0229888246661551,2.8492874381556397
6,Acetone,50.0,Acetone,True,0.9871716059100628,0.9767040872403159,Ethylene,0.15761224162655874,False,False,False,-0.9981482953339292,2.8269022370458785
6,Acetone,50.0,Acetone,True,0.9887544870442393,0.9798313810906985,Ethylene,0.13617391333882045,False,True,True,-0.8931915334795072,2.8612515361052338
6,Acetone,50.0,Acetone,True,0.9890551393596749,0.9803362772690335,Ethylene,0.1466396410447735,False,True,True,-0.9507986367331743,2.8489885375895323
6,Acetone,50.0,Acetone,True,0.9878903083040259,0.9781882403226443,Ethylene,0.12281359779942558,False,True,True,-0.8557446816158054,2.9009527568126154
6,Acetone,50.0,Acetone,True,0.9878466316124278,0.9780404613282317,Ethylene,0.15865134445454238,False,False,False,-0.9855806717493723,2.81358968603682
6,Acetone,50.0,Acetone,True,0.9891194768195023,0.9803570963838092,Ethylene,0.1454940178924042,False,True,True,-0.9766804485629514,2.8718096875529637
6,Acetone,50.0,Acetone,True,0.9869813681494083,0.9764114151998499,Ethylene,0.14980347390655743,False,True,True,-0.9691513048277888,2.8457815476695183
6,Acetone,50.0,Acetone,True,0.9882307963279902,0.9786971690681356,Ethylene,0.1415251386588999,False,True,True,-0.9471664668543883,2.8715173207609928
6,Acetone,50.0,Acetone,True,0.9854188056132459,0.9734291461333485,Ethylene,0.1499662120615656,False,True,True,-0.9676657249942815,2.844002675937034
6,Acetone,50.0,Acetone,True,0.985432975637045,0.9736887832198293,Ethylene,0.15903282094358245,False,False,False,-0.9840029274681382,2.8106985031350877
6,Acetone,50.0,Acetone,True,0.9885245274126413,0.9793998048659562,Ethylene,0.13628552264466912,False,True,True,-0.8995578772774042,2.86502459580525
6,Acetone,50.0,Acetone,True,0.9878373777149125,0.9781706705715671,Ethylene,0.1382968083210515,False,True,True,-0.9012877577139188,2.856385166237435
6,Acetone,50.0,Acetone,True,0.9886146938065717,0.979479874791501,Ethylene,0.1403155220609508,False,True,True,-0.9576197925874596,2.8844263795287626
6,Acetone,50.0,Acetone,True,0.9859491613515862,0.9744955627684423,Ethylene,0.15986776063762162,False,False,False,-1.0045451050803982,2.820127935585901
6,Acetone,50.0,Acetone,True,0.9882796029796865,0.9787895008666264,Ethylene,0.1539808090143598,False,False,False,-1.0107300012696736,2.8528518332065054
6,Acetone,50.0,Acetone,True,0.9880432908402823,0.9784267115597203,Ethylene,0.1494453824407812,False,True,True,-0.9785472160065588,2.8537568438540832
6,Acetone,50.0,Acetone,True,0.9886329406872667,0.9795330830069624,Ethylene,0.13573479726885412,False,True,True,-0.8984515480070588,2.866962400662568
6,Acetone,50.0,Acetone,True,0.9890095808652547,0.9804222620640108,Ethylene,0.11912208646742023,False,True,True,-0.8032267534026397,2.8826727905498184
6,Acetone,50.0,Acetone,True,0.989148090563914,0.9807424374638471,Ethylene,0.12911311078468432,False,True,True,-0.86152519463315,2.8741201214020538
6,Acetone,50.0,Acetone,True,0.9885296607765258,0.9793927280988883,Ethylene,0.1428572563903702,False,True,True,-0.9614851943989519,2.8745797231063315
6,Acetone,50.0,Acetone,True,0.9884561596946916,0.9792261537676751,Ethylene,0.14936508666925372,False,True,True,-0.9769114026938781,2.8530646655443763
6,Acetone,50.0,Acetone,True,0.988121283450532,0.9786056494105214,Ethylene,0.1445580358634133,False,True,True,-0.9526303042121294,2.86036299163564
6,Acetone,50.0,Acetone,True,0.9871157032145885,0.9767107502485394,Ethylene,0.1507780359585714,False,False,False,-0.981394564621402,2.849143118435614
6,Acetone,50.0,Acetone,True,0.9888319678100751,0.9799372942197618,Ethylene,0.11340698450119785,False,True,True,-0.828467881901731,2.9282029775916927
6,Acetone,50.0,Acetone,True,0.9863048403447681,0.9751204772998535,Ethylene,0.15889410416860705,False,False,False,-1.052036389553552,2.8558177360030017
6,Acetone,50.0,Acetone,True,0.9873111755313418,0.9770219214647807,Ethylene,0.15455890868006641,False,False,False,-1.003724005409742,2.845432680862504
6,Acetone,50.0,Acetone,True,0.9883782940975389,0.9789811864208268,Ethylene,0.1482280746759572,False,True,True,-0.9902761435290695,2.8674618002092016
6,Acetone,50.0,Acetone,True,0.9879244312012195,0.97823895548218,Ethylene,0.13616349311800985,False,True,True,-0.9003791436587397,2.8661767475773674
6,Acetone,50.0,Acetone,True,0.9863015496353996,0.9751259063479863,Ethylene,0.13345536396044635,False,True,True,-0.8909402386057664,2.8729911123794203
6,Acetone,50.0,Acetone,True,0.9887929466535659,0.9798241850652598,Ethylene,0.13468944990015355,False,True,True,-0.9451838637804441,2.9036366778937466
6,Acetone,50.0,Acetone,True,0.9877871027857263,0.9778608742431966,Ethylene,0.14695558735480305,False,True,True,-1.0094480132793826,2.88634352135732
6,Acetone,50.0,Acetone,True,0.9891727837838298,0.9805603521895806,Ethylene,0.12803954455018418,False,True,True,-0.8785254659556315,2.8909999131308486
6,Acetone,50.0,Acetone,True,0.9878904454639026,0.9782022846239121,Ethylene,0.12415839117272161,False,True,True,-0.8536997194799508,2.892964520492407
6,Acetone,50.0,Acetone,True,0.9878803598294797,0.9781501411561464,Ethylene,0.14458636102151476,False,True,True,-0.9531521360433887,2.860573217433635
6,Acetone,50.0,Acetone,True,0.987720825356648,0.9778236703399632,Ethylene,0.14625327586797343,False,True,True,-0.974844249785307,2.866880813690086
6,Acetone,50.0,Acetone,True,0.9874752731071745,0.9774220472321383,Ethylene,0.14210761351777115,False,True,True,-0.9523647315019697,2.872150369661584
6,Acetone,50.0,Acetone,True,0.9884580077069128,0.9791000481270018,Ethylene,0.14405809863954674,False,True,True,-0.9775532359241867,2.8794094657443714
6,Acetone,50.0,Acetone,True,0.9876756210896371,0.9778091596789253,Ethylene,0.14182662564837553,False,True,True,-0.9498726790883067,2.871856058352248
6,Acetone,50.0,Acetone,True,0.9882536335907043,0.9789229175691404,Ethylene,0.16193285433650348,False,False,False,-1.0675831935550044,2.85103739384823
6,Acetone,50.0,Acetone,True,0.9883321735166253,0.979208980862489,Ethylene,0.13944050637543182,False,True,True,-0.9210039524725433,2.8641211334164227
6,Acetone,50.0,Acetone,True,0.9862757116380184,0.9750798501819241,Ethylene,0.14978981764252566,False,True,True,-0.9830992871713848,2.855090367510909
6,Acetone,50.0,Acetone,True,0.9886524194037876,0.9794890385869239,Ethylene,0.16055067852221874,False,False,False,-1.0488987983427631,2.845700359364983
6,Acetone,50.0,Acetone,True,0.9868254562396561,0.9759573387625156,Ethylene,0.16448152475136982,False,False,False,-1.0837208742761948,2.8489781292663063
6,Acetone,50.0,Acetone,True,0.9897267850169683,0.9816075437628169,Ethylene,0.12705756585312175,False,True,True,-0.8934932929380268,2.9060268226476134
6,Acetone,50.0,Acetone,True,0.9854858757527368,0.9736352963939561,Ethylene,0.16354309466969374,False,False,False,-1.0466995085577304,2.8296952977863254
6,Acetone,50.0,Acetone,True,0.9876987792779262,0.9778014148421866,Ethylene,0.166515468758094,False,False,False,-1.0597016681145361,2.823625574250505
6,Acetone,50.0,Acetone,True,0.9868661531604734,0.9763255187436979,Ethylene,0.1308527355423532,False,True,True,-0.849840854553779,2.8576227264486382
6,Acetone,50.0,Acetone,True,0.9877209342194341,0.9780741628693963,Ethylene,0.16052720979632112,False,False,False,-0.8501927012447053,2.714118213374358
6,Acetone,50.0,Acetone,True,0.9894554584658684,0.9810472412814595,Ethylene,0.14097067869104496,False,True,True,-0.9352533032834299,2.8662367683537426
6,Acetone,50.0,Acetone,True,0.9877829702192156,0.9779823144660745,Ethylene,0.12223353254639359,False,True,True,-0.8278322629135388,2.8845347728642077
6,Acetone,50.0,Acetone,True,0.9859457033367357,0.974618670098336,Ethylene,0.12740605833653512,False,True,True,-0.8276805093394245,2.859182576665458
6,Acetone,50.0,Acetone,True,0.988730937809615,0.9794634215850243,Ethylene,0.16725446345326336,False,False,False,-1.1013853078136275,2.8467432367022183
6,Acetone,75.0,Acetone,True,0.9624199661072932,0.9306444649207957,Acetone,0.04137557833521696,False,True,True,1.4642160036013518,2.2733566865291275
6,Acetone,100.0,Acetone,True,0.9726809387587426,0.9510940569426775,Acetone,0.19227018578050584,False,False,False,3.5481360170328595,2.0355492502827346
6,Acetone,125.0,Acetone,True,0.9545231170776364,0.9176414491896335,Acetone,0.24218576220692353,False,False,False,5.282834942582434,1.6719845163235232
6,Acetone,150.0,Acetone,True,0.9751799667435934,0.9564311543794047,Acetone,0.18613520467519404,False,False,False,7.070923741957742,1.467731595573093
6,Acetone,175.0,Acetone,True,0.9733881154903342,0.9530700342344263,Acetone,0.15077575361642012,False,False,False,8.679602891439528,1.1934776206169422
6,Acetone,200.0,Acetone,True,0.981499595805677,0.96816090913804,Acetone,0.12204255328685922,False,True,True,10.223052880984357,0.9928898890830327
6,Acetone,225.0,Acetone,True,0.9856518262296439,0.9760183627587963,Acetone,0.10134683126273589,False,True,True,11.694628300135108,0.8317157635911114
6,Acetone,250.0,Acetone,True,0.9909685512140178,0.9852342723689317,Acetone,0.08817622549867375,False,True,True,13.04898740694493,0.6449101002506229
6,Acetaldehyde,100.0,Acetaldehyde,True,0.9998603369909772,0.9997658072074852,Acetaldehyde,0.4899570943373906,False,False,False,4.477153763796875,8.052590685429887
6,Acetaldehyde,100.0,Acetaldehyde,True,0.9994663721674872,0.999195746876174,Acetaldehyde,0.6705883826959822,False,False,False,3.3127834639256797,7.0929304315078845
6,Acetaldehyde,100.0,Acetaldehyde,True,0.9995635620809563,0.999308272322728,Acetaldehyde,0.7307308587432892,False,False,False,2.4353667011603553,7.032476528853175
6,Acetaldehyde,100.0,Acetaldehyde,True,0.9996150265593757,0.9993834776837796,Acetaldehyde,0.720318231045825,False,False,False,2.175187587704449,7.0651735901402715
6,Acetaldehyde,100.0,Acetaldehyde,True,0.9995647910948066,0.9992903681399629,Acetaldehyde,0.7297636740683209,False,False,False,2.179820248935639,7.006166243591691
6,Acetaldehyde,100.0,Acetaldehyde,True,0.9996245959216897,0.9993841516711851,Acetaldehyde,0.7252802703533245,False,False,False,2.081114358947197,7.004874749690712
6,Acetaldehyde,100.0,Acetaldehyde,True,0.9995797592144012,0.9993020108562772,Acetaldehyde,0.7350814514892242,False,False,False,2.2074175159410654,6.979739298955123
6,Acetaldehyde,100.0,Acetaldehyde,True,0.9996074960383049,0.9993587473447963,Acetaldehyde,0.7234935517820392,False,False,False,2.1798673898393193,7.0459417970762575
6,Acetaldehyde,100.0,Acetaldehyde,True,0.9996333160831783,0.9994013687939801,Acetaldehyde,0.7238038681326888,False,False,False,2.238264096319565,7.0566258566814035
6,Acetaldehyde,100.0,Acetaldehyde,True,0.9996314719372494,0.9994000982779072,Acetaldehyde,0.719014527455527,False,False,False,2.084430251503309,7.047178521598517
6,Acetaldehyde,100.0,Acetaldehyde,True,0.9996298182628767,0.9993887365701293,Acetaldehyde,0.7310319764411711,False,False,False,2.222869535243266,7.008257746422285
6,Acetaldehyde,100.0,Acetaldehyde,True,0.9996452503668739,0.9994092470854469,Acetaldehyde,0.72889563308021,False,False,False,2.181307294436972,7.012010278853019
6,Acetaldehyde,100.0,Acetaldehyde,True,0.9996349237578424,0.9993963092365319,Acetaldehyde,0.7287363827572674,False,False,False,2.276654950254649,7.032337744808792
6,Acetaldehyde,100.0,Acetaldehyde,True,0.9995986057630454,0.9993354343527324,Acetaldehyde,0.7313957580861891,False,False,False,2.245105022167181,7.010450854987908
6,Acetaldehyde,100.0,Acetaldehyde,True,0.9996396904197078,0.9994005529928235,Acetaldehyde,0.7285023560780137,False,False,False,2.1870570501858073,7.015918047890741
6,Acetaldehyde,100.0,Acetaldehyde,True,0.9996617799799221,0.9994480150044521,Acetaldehyde,0.7207810277122914,False,False,False,2.3022905263121576,7.085656505470456
6,Acetaldehyde,100.0,Acetaldehyde,True,0.9996357413760204,0.9993991651589396,Acetaldehyde,0.7262631209961883,False,False,False,2.1736922607616633,7.02674077711624
6,Acetaldehyde,100.0,Acetaldehyde,True,0.9996478981574781,0.9994202574362213,Acetaldehyde,0.7246274476390827,False,False,False,2.2084929072906077,7.045370823266437
6,Acetaldehyde,100.0,Acetaldehyde,True,0.9996371001770243,0.9994036173637927,Acetaldehyde,0.7231929977907497,False,False,False,2.1737411960745745,7.046340200724586
6,Acetaldehyde,100.0,Acetaldehyde,True,0.9996419177690596,0.9994084292931743,Acetaldehyde,0.7320071389580844,False,False,False,2.2871567632489436,7.013746374645567
6,Acetaldehyde,100.0,Acetaldehyde,True,0.9996474404181906,0.9994101021582686,Acetaldehyde,0.7314571777371969,False,False,False,2.1539242952955395,6.9885182618654715
6,Acetaldehyde,100.0,Acetaldehyde,True,0.999672232023436,0.9994624711550582,Acetaldehyde,0.7207507316915193,False,False,False,2.201791480316664,7.068602828157563
6,Acetaldehyde,100.0,Acetaldehyde,True,0.9996773161690429,0.9994735009449457,Acetaldehyde,0.7218217658385374,False,False,False,2.2807264604418807,7.07619568098917
6,Acetaldehyde,100.0,Acetaldehyde,True,0.999658073464165,0.9994345200699392,Acetaldehyde,0.7275721708259746,False,False,False,2.233500964208103,7.032012462237015
6,Acetaldehyde,100.0,Acetaldehyde,True,0.9996707776917709,0.999457078248672,Acetaldehyde,0.7246960415490582,False,False,False,2.195065796818161,7.041912079822114
6,Acetaldehyde,100.0,Acetaldehyde,True,0.9996641394634682,0.9994513567673047,Acetaldehyde,0.7220360005716553,False,False,False,2.253854906230104,7.070600768905075
6,Acetaldehyde,100.0,Acetaldehyde,True,0.9996667708361419,0.9994493613954188,Acetaldehyde,0.7266901774169113,False,False,False,2.272539294644643,7.044420005022501
6,Acetaldehyde,100.0,Acetaldehyde,True,0.9996427711917002,0.9994031739960394,Acetaldehyde,0.7323381265329691,False,False,False,2.233080104283682,7.002268644387643
6,Acetaldehyde,100.0,Acetaldehyde,True,0.9996590228795286,0.9994368533871766,Acetaldehyde,0.729519716518006,False,False,False,2.2340847502264816,7.0199651412980835
6,Acetaldehyde,100.0,Acetaldehyde,True,0.9996673900785831,0.9994489935464412,Acetaldehyde,0.7233446003883452,False,False,False,2.1475152639280863,7.038407573699488
6,Acetaldehyde,100.0,Acetaldehyde,True,0.9996692808114925,0.9994530161810663,Acetaldehyde,0.7226557239750476,False,False,False,2.1934052548524505,7.054523242604398
6,Acetaldehyde,100.0,Acetaldehyde,True,0.9996446503101163,0.9994083226213976,Acetaldehyde,0.7302092108382499,False,False,False,2.1787818519317224,7.003098415600566
6,Acetaldehyde,100.0,Acetaldehyde,True,0.9996753326632598,0.9994665069974417,Acetaldehyde,0.7225743992166966,False,False,False,2.124121339835005,7.03658488163453
6,Acetaldehyde,100.0,Acetaldehyde,True,0.9996752628154071,0.9994680142020976,Acetaldehyde,0.7226429999738421,False,False,False,2.346099011646677,7.0784983461048325
6,Acetaldehyde,100.0,Acetaldehyde,True,0.9996647393152255,0.9994413521547788,Acetaldehyde,0.7287272901272762,False,False,False,2.1762004442571143,7.01177360811472
6,Acetaldehyde,100.0,Acetaldehyde,True,0.9996460707264933,0.9994116490613956,Acetaldehyde,0.7281064005551802,False,False,False,2.1486019881920226,7.00822955891546
6,Acetaldehyde,100.0,Acetaldehyde,True,0.999659278169652,0.9994294931405246,Acetaldehyde,0.7302439068299951,False,False,False,2.17391657702459,7.001620732611505
6,Acetaldehyde,100.0,Acetaldehyde,True,0.999645499066671,0.9994064844896484,Acetaldehyde,0.7324995733609129,False,False,False,2.1866041293661134,6.990734414795763
6,Acetaldehyde,100.0,Acetaldehyde,True,0.9996557898887617,0.9994248495888199,Acetaldehyde,0.7241207235531609,False,False,False,2.0208225201371772,6.989161223852763
6,Acetaldehyde,100.0,Acetaldehyde,True,0.99963623373293,0.9993922709328568,Acetaldehyde,0.7311973265635688,False,False,False,2.199971645912967,7.002115016377915
6,Acetaldehyde,100.0,Acetaldehyde,True,0.9996461407390355,0.999406307436616,Acetaldehyde,0.7356272673381792,False,False,False,2.194599830101606,6.973294426238907
6,Acetaldehyde,100.0,Acetaldehyde,True,0.9996598845237787,0.9994349172832773,Acetaldehyde,0.7228125156241756,False,False,False,2.0955980845230227,7.025967481270947
6,Acetaldehyde,100.0,Acetaldehyde,True,0.9996577782960532,0.9994371047034495,Acetaldehyde,0.7270640238038526,False,False,False,2.2907432882987675,7.044790032044867
6,Acetaldehyde,100.0,Acetaldehyde,True,0.9996609267916143,0.9994313893207246,Acetaldehyde,0.7308254406711121,False,False,False,2.1794176039670115,6.999389860859011
6,Acetaldehyde,100.0,Acetaldehyde,True,0.999667456691216,0.9994469892667873,Acetaldehyde,0.723008250840808,False,False,False,2.0439516933470245,7.005965626308313
6,Acetaldehyde,100.0,Acetaldehyde,True,0.9996435943120301,0.999397189521907,Acetaldehyde,0.7360823523181992,False,False,False,2.1494152549442136,6.9581808344395695
6,Acetaldehyde,100.0,Acetaldehyde,True,0.9996602419480438,0.9994255614527657,Acetaldehyde,0.7256167523364317,False,False,False,1.9750452990301484,6.958439940900413
6,Acetaldehyde,100.0,Acetaldehyde,True,0.9996642390219398,0.9994392584800869,Acetaldehyde,0.7305075064457354,False,False,False,2.134056518642858,6.988671051027299
6,Acetaldehyde,100.0,Acetaldehyde,True,0.9996609591810445,0.9994339601098642,Acetaldehyde,0.731501998294459,False,False,False,2.2108845414417413,7.002723229263897
6,Acetaldehyde,100.0,Acetaldehyde,True,0.9996390194256325,0.9993929824184956,Acetaldehyde,0.7268397745219181,False,False,False,2.0654179649658007,6.988966914981192
6,Acetaldehyde,100.0,Acetaldehyde,True,0.9996385644104352,0.9993971643864742,Acetaldehyde,0.719768270149467,False,False,False,1.9087621487251991,6.9645937817101
6,Acetaldehyde,50.0,Acetaldehyde,True,0.9994594799275759,0.9991281239303876,Ethanol,0.06539342934906629,False,True,True,-2.9713459190249623,5.881369333021358
6,Acetaldehyde,50.0,Acetaldehyde,True,0.9970652732352886,0.9955921924010918,Ethanol,0.09612343888127194,False,True,True,-3.080519196198601,5.715396885702068
6,Acetaldehyde,50.0,Acetaldehyde,True,0.9989075790424232,0.9982828978950044,Acetaldehyde,0.0128123471352035,False,True,True,-2.5101175069075827,5.881928548840915
6,Acetaldehyde,50.0,Acetaldehyde,True,0.9961176534773504,0.9938537185837186,Ethanol,0.09791873576435535,False,True,True,-3.0549205896511475,5.638524499905204
6,Acetaldehyde,50.0,Acetaldehyde,True,0.9979913546069015,0.996999748721489,Acetaldehyde,0.14539592586870836,False,True,True,-1.8301620316671467,6.10207084263634
6,Acetaldehyde,50.0,Acetaldehyde,True,0.9990345941450818,0.9985554251977878,Acetaldehyde,0.14488367346824077,False,True,True,-1.832000487790144,6.098159434977709
6,Acetaldehyde,50.0,Acetaldehyde,True,0.9980340061556164,0.99705004358001,Acetaldehyde,0.16475272270229607,False,False,False,-1.718422515290523,6.083514584933198
6,Acetaldehyde,50.0,Acetaldehyde,True,0.9985123853486293,0.997777559388195,Acetaldehyde,0.21862397905589304,False,False,False,-1.4540195911985667,6.227860638898653
6,Acetaldehyde,50.0,Acetaldehyde,True,0.9987998655522827,0.998202344985282,Acetaldehyde,0.17906560375853864,False,False,False,-1.6497132743452771,6.125655500584021
6,Acetaldehyde,50.0,Acetaldehyde,True,0.9972382938888354,0.9956772752040254,Acetaldehyde,0.11229221594342903,False,True,True,-1.9784992684410927,5.97261915253259
6,Acetaldehyde,50.0,Acetaldehyde,True,0.9973603721915747,0.9960346337330135,Acetaldehyde,0.1929611716273661,False,False,False,-1.565894609717665,6.0918391107482215
6,Acetaldehyde,50.0,Acetaldehyde,True,0.9967729674084415,0.9948840602265596,Acetaldehyde,0.10374125608880819,False,True,True,-2.0088444973455535,5.91494013572158
6,Acetaldehyde,50.0,Acetaldehyde,True,0.9969340793846047,0.9953042814351014,Acetaldehyde,0.16387231197094768,False,False,False,-1.7141058751071723,6.046466909226674
6,Acetaldehyde,50.0,Acetaldehyde,True,0.9972541731481918,0.995742215427078,Acetaldehyde,0.1393633669255905,False,True,True,-1.839873253085996,6.012050696752326
6,Acetaldehyde,50.0,Acetaldehyde,True,0.9983197228289276,0.9974729074229646,Acetaldehyde,0.10065762647192923,False,True,True,-2.021713507852364,5.901081300947609
6,Acetaldehyde,50.0,Acetaldehyde,True,0.9986450448272521,0.9979570996610233,Acetaldehyde,0.09214017301041401,False,True,True,-2.0711962400688106,5.90873863789185
6,Acetaldehyde,50.0,Acetaldehyde,True,0.9980290474589742,0.9970425625170461,Acetaldehyde,0.22905118400549754,False,False,False,-1.3837243349794541,6.159014903225925
6,Acetaldehyde,50.0,Acetaldehyde,True,0.9984624441116929,0.9976995108043613,Acetaldehyde,0.26690346790824515,False,False,False,-1.1868713189065176,6.202838519486919
6,Acetaldehyde,50.0,Acetaldehyde,True,0.9962613643151101,0.9941876972788669,Acetaldehyde,0.09843943243268252,False,True,True,-2.0408139032481283,5.923677228195606
6,Acetaldehyde,50.0,Acetaldehyde,True,0.9936609303517807,0.9894506579740914,Ethanol,0.057525761084956537,False,True,True,-2.8027251470197356,5.602780378479041
6,Acetaldehyde,225.0,Acetaldehyde,True,0.999955720140299,0.9999166546952414,Acetaldehyde,0.12307803900560721,False,True,True,12.4803428312379,9.386879642159993
6,Acetaldehyde,225.0,Acetaldehyde,True,0.9995965290368014,0.9993110703264768,Acetaldehyde,0.15041920402062858,False,False,False,10.656597362371652,8.28559288570104
6,Acetaldehyde,225.0,Acetaldehyde,True,0.9997999411488824,0.9996547400176745,Acetaldehyde,0.1355785711241644,False,True,True,11.361419676287731,8.499190353923712
6,Acetaldehyde,225.0,Acetaldehyde,True,0.999412193047788,0.9990999653073186,Acetaldehyde,0.17687044453442508,False,False,False,9.547048128794826,7.798921286396236
6,Acetaldehyde,225.0,Acetaldehyde,True,0.9997758899585117,0.9995847848473266,Acetaldehyde,0.12094174102696299,False,True,True,12.228357715258541,8.807004381426728
6,Acetaldehyde,225.0,Acetaldehyde,True,0.9998996320593055,0.9998174137705376,Acetaldehyde,0.11999139783465378,False,True,True,12.317559482016424,8.869348834951973
6,Acetaldehyde,225.0,Acetaldehyde,True,0.9997823871715421,0.9996048942147037,Acetaldehyde,0.12201636468211151,False,True,True,12.106092945200409,8.703437380896752
6,Acetaldehyde,225.0,Acetaldehyde,True,0.9998563595289327,0.999733197970702,Acetaldehyde,0.11632634527371152,False,True,True,12.55563260126087,8.940985861388596
6,Acetaldehyde,225.0,Acetaldehyde,True,0.9998434277658244,0.9997120049377053,Acetaldehyde,0.11824378083228926,False,True,True,12.405508796726362,8.867246587798943
6,Acetaldehyde,225.0,Acetaldehyde,True,0.9997735437452685,0.9995924948910742,Acetaldehyde,0.1272306167325864,False,True,True,11.751363982837349,8.539582909984713
6,Acetaldehyde,50.0,Acetaldehyde,True,0.993779003667868,0.9901305756531754,Acetaldehyde,0.10231068179731143,False,True,True,-2.001367528552864,5.863885589471099
6,Acetaldehyde,50.0,Acetaldehyde,True,0.995624890182028,0.99338644232809,Acetaldehyde,0.26341005306755905,False,False,False,-1.198471189017132,6.159941137776146
6,Acetaldehyde,50.0,Acetaldehyde,True,0.9978675208031137,0.9967356063931021,Acetaldehyde,0.30772949060199734,False,False,False,-0.9657651345957954,6.185678244293417
6,Acetaldehyde,50.0,Acetaldehyde,True,0.9950350695304953,0.9921502378393717,Acetaldehyde,0.1735804906914748,False,False,False,-1.6490225627975557,5.997394381768172
6,Acetaldehyde,50.0,Acetaldehyde,True,0.9971055373418644,0.9956553471014605,Acetaldehyde,0.4325028990936312,False,False,False,-0.25029196956511385,6.4574031715329605
6,Acetaldehyde,50.0,Acetaldehyde,True,0.9984676341710954,0.9976333838893542,Acetaldehyde,0.4224150810287058,False,False,False,-0.3204049901267475,6.499381940946003
6,Acetaldehyde,50.0,Acetaldehyde,True,0.9974400034676341,0.9960223913281185,Acetaldehyde,0.4280800056699355,False,False,False,-0.2808361925045476,6.4756515968456645
6,Acetaldehyde,50.0,Acetaldehyde,True,0.9978989034958999,0.9967940969015542,Acetaldehyde,0.461036069439244,False,False,False,-0.0808856264720365,6.537494112757099
6,Acetaldehyde,50.0,Acetaldehyde,True,0.9980937719005235,0.9970652367382221,Acetaldehyde,0.4396350795410594,False,False,False,-0.20974853282328604,6.489425440967365
6,Acetaldehyde,50.0,Acetaldehyde,True,0.9968243757753001,0.9951468892068508,Acetaldehyde,0.40509860728041086,False,False,False,-0.41546649441991845,6.405703095046344
6,Acetaldehyde,50.0,Acetaldehyde,True,0.9956306566902752,0.9933154606934317,Acetaldehyde,0.32983173373972174,False,False,False,-0.6597632008468679,5.71743293702948
6,Acetaldehyde,75.0,Acetaldehyde,True,0.9963138551692395,0.9942555771543828,Acetaldehyde,0.9155450491139102,False,False,False,2.1923369719367907,5.963751367156621
6,Acetaldehyde,100.0,Acetaldehyde,True,0.9977169818395004,0.9965309679392287,Acetaldehyde,0.6286072468285978,False,False,False,3.9665415281756213,6.384855893395065
6,Acetaldehyde,125.0,Acetaldehyde,True,0.9987254901212503,0.9979600235723542,Acetaldehyde,0.40308287458704883,False,False,False,5.639889072835843,6.870949634967674
6,Acetaldehyde,150.0,Acetaldehyde,True,0.9993308466436327,0.9989239087468581,Acetaldehyde,0.2908710382776955,False,False,False,7.032763232368097,7.20044055219473
6,Acetaldehyde,175.0,Acetaldehyde,True,0.9996252222535463,0.9993671036199128,Acetaldehyde,0.23317217400542292,False,False,False,8.148581506536845,7.622772847165137
6,Acetaldehyde,200.0,Acetaldehyde,True,0.9997853415281482,0.9996265504331717,Acetaldehyde,0.17485826850704295,False,False,False,9.649574037121093,7.884321153580191
6,Acetaldehyde,225.0,Acetaldehyde,True,0.9998487271698576,0.9997261878163494,Acetaldehyde,0.14817135568866396,False,True,True,10.711184946576184,8.23985746838491
6,Acetaldehyde,250.0,Acetaldehyde,True,0.9999014435441872,0.9998170840220628,Acetaldehyde,0.11808929556549752,False,True,True,12.155967214619324,8.499235784040922
6,Ethanol,250.0,Ethanol,True,0.9239890327213375,0.8854018588563372,Ethanol,0.22776101831661602,False,False,False,-4.442968714950975,1.916685889305992
6,Ethanol,250.0,Ethanol,True,0.9733282185870544,0.960551783041524,Ethanol,0.4468121865927698,False,False,False,-4.99012509473731,2.073529795690205
6,Ethanol,250.0,Ethanol,True,0.9941917042617523,0.9912863828653393,Ethanol,0.6234323175148545,False,False,False,-5.388125811767465,2.287557777226562
6,Ethanol,250.0,Ethanol,True,0.9963173298744237,0.994526801748107,Ethanol,0.7234032114478532,False,False,False,-5.639869170503662,2.325168522799084
6,Ethanol,250.0,Ethanol,True,0.9981164742332432,0.9972149419294114,Ethanol,0.7921075279791953,False,False,False,-5.797013765336507,2.406097256763306
6,Ethanol,250.0,Ethanol,True,0.9987349811683653,0.9980767128219928,Ethanol,0.8292961929044851,False,False,False,-5.880946002071527,2.4981113431679343
6,Ethanol,250.0,Ethanol,True,0.9987997235933862,0.9981816038920123,Ethanol,0.8838244816919677,False,False,False,-6.019166136457654,2.509220287912963
6,Ethanol,250.0,Ethanol,True,0.9989308289754405,0.9983943623092857,Ethanol,0.9337839746089488,False,False,False,-6.146671789901902,2.5186857387792507
6,Ethanol,250.0,Ethanol,True,0.9991535642730346,0.998766567571619,Ethanol,0.9089182645811422,False,False,False,-6.087172764886684,2.5400719111686545
6,Ethanol,250.0,Ethanol,True,0.9990994193850923,0.9986483375555919,Ethanol,0.9335525526770885,False,False,False,-6.150183739734081,2.5351375388452904
6,Ethanol,250.0,Ethanol,True,0.9992916389352652,0.9989519824119754,Ethanol,0.8863313360584983,False,False,False,-6.027855246724817,2.533627354352318
6,Ethanol,250.0,Ethanol,True,0.9994785261833197,0.9992290029826627,Ethanol,0.8250656113925527,False,False,False,-5.884627740772346,2.6249657677703917
6,Ethanol,250.0,Ethanol,True,0.9995556650125407,0.9993451284852984,Ethanol,0.7987374094512256,False,False,False,-5.815375552458577,2.6359708411305487
6,Ethanol,250.0,Ethanol,True,0.9996656492240451,0.9995276298911221,Ethanol,0.8198634537820472,False,False,False,-5.9000984872261295,2.711522873562383
6,Ethanol,250.0,Ethanol,True,0.9996981723734508,0.9995707943219351,Ethanol,0.8074388608358736,False,False,False,-5.9098999440985125,2.80171749518485
6,Ethanol,250.0,Ethanol,True,0.999738532179964,0.9996314729364447,Ethanol,0.8211598349326177,False,False,False,-5.955776173229628,2.7992833823553944
6,Ethanol,250.0,Ethanol,True,0.9997655151855709,0.9996656275639795,Ethanol,0.8225543625486715,False,False,False,-5.9966340453575855,2.841614180553284
6,Ethanol,250.0,Ethanol,True,0.9997090994596417,0.9995722976740931,Ethanol,0.8326252045239916,False,False,False,-6.094906546966104,2.8847336012322056
6,Ethanol,250.0,Ethanol,True,0.99978800650055,0.999676925253786,Ethanol,0.825429213555147,False,False,False,-6.042590563434712,2.872929255850076
6,Ethanol,250.0,Ethanol,True,0.9997839828534479,0.9996741274549287,Ethanol,0.8201698951099946,False,False,False,-6.043346514304176,2.893747330103137
6,Ethanol,250.0,Ethanol,True,0.9997807065330175,0.9996696541502351,Ethanol,0.8224159234740896,False,False,False,-6.070291848462967,2.9053079314819867
6,Ethanol,250.0,Ethanol,True,0.9997962324747932,0.9996892580492803,Ethanol,0.8338168689087542,False,False,False,-6.129192136789262,2.9008061685544924
6,Ethanol,250.0,Ethanol,True,0.9997697270101061,0.9996406591529944,Ethanol,0.7933213181754134,False,False,False,-5.994437984855248,2.959605347503723
6,Ethanol,250.0,Ethanol,True,0.9997215182680352,0.9995713505002645,Ethanol,0.7953277217847682,False,False,False,-6.040865072855367,2.9868416195742733
6,Ethanol,250.0,Ethanol,True,0.9997717809035552,0.9996437409597686,Ethanol,0.8038144224065022,False,False,False,-6.086338384783515,2.9836725614414594
6,Ethanol,250.0,Ethanol,True,0.9997787434690003,0.9996490500082139,Ethanol,0.8233929162530222,False,False,False,-6.197711982390053,2.9651276296186606
6,Ethanol,250.0,Ethanol,True,0.9998223556033367,0.9997188489124947,Ethanol,0.8255981873314437,False,False,False,-6.24867666601861,2.9712539193753913
6,Ethanol,250.0,Ethanol,True,0.999809799671222,0.999706990870403,Ethanol,0.8400388280454849,False,False,False,-6.375685178027396,2.93172320977611
6,Ethanol,250.0,Ethanol,True,0.9998204457826555,0.999718289581324,Ethanol,0.8384119423828567,False,False,False,-6.326199723862388,2.9385213473478498
6,Ethanol,250.0,Ethanol,True,0.9998299391687329,0.9997275672410707,Ethanol,0.8370756941881877,False,False,False,-6.31158551464106,2.9421963416655776
6,Ethanol,250.0,Ethanol,True,0.999871072063611,0.9997903854942303,Ethanol,0.8378051469438198,False,False,False,-6.264189625254438,2.934257875273027
6,Ethanol,250.0,Ethanol,True,0.9998007299638391,0.9996778283303998,Ethanol,0.8264560222655264,False,False,False,-6.405753609454991,2.9740566723835613
6,Ethanol,250.0,Ethanol,True,0.9998071784819795,0.9996887875166756,Ethanol,0.8221673145240329,False,False,False,-6.503736009787614,2.966034546714625
6,Ethanol,250.0,Ethanol,True,0.9997798132927338,0.9996441916176778,Ethanol,0.8189781628342684,False,False,False,-6.543194911367106,2.962797600200115
6,Ethanol,250.0,Ethanol,True,0.9998266860054633,0.9997234666440418,Ethanol,0.8205727593708873,False,False,False,-6.523536563037306,2.9647510195270734
6,Ethanol,250.0,Ethanol,True,0.9997764930799524,0.9996392787295494,Ethanol,0.8123116909693204,False,False,False,-6.465147560597668,3.0132025204122903
6,Ethanol,250.0,Ethanol,True,0.9998037805546403,0.999680082011051,Ethanol,0.8161360642863204,False,False,False,-6.495847470236842,2.9909797746990026
6,Ethanol,250.0,Ethanol,True,0.9997710433110097,0.9996302589045657,Ethanol,0.8135630152705943,False,False,False,-6.505295455561391,2.9976156272514065
6,Ethanol,250.0,Ethanol,True,0.9997603549935802,0.9996126052253771,Ethanol,0.8111623543305534,False,False,False,-6.500068484729822,3.0082236696526325
6,Ethanol,250.0,Ethanol,True,0.9997721499722534,0.9996287528748532,Ethanol,0.8045349253278881,False,False,False,-6.5731210210858375,3.0068238654701664
6,Ethanol,250.0,Ethanol,True,0.9996902172627143,0.9994995224222969,Ethanol,0.7958149824165015,False,False,False,-6.6403120508601,3.0093675422996906
6,Ethanol,250.0,Ethanol,True,0.9997539670342528,0.9995999440581511,Ethanol,0.7997534806594817,False,False,False,-6.568547686018716,3.028041236359161
6,Ethanol,250.0,Ethanol,True,0.9997415141583168,0.9995759362548535,Ethanol,0.7935641447310218,False,False,False,-6.6128935828163815,3.0335652120890813
6,Ethanol,250.0,Ethanol,True,0.9997477570622697,0.9995916045878642,Ethanol,0.7977522727188344,False,False,False,-6.628836275777428,3.0073955858021026
6,Ethanol,250.0,Ethanol,True,0.9997080165948173,0.9995238512572137,Ethanol,0.7936443943746622,False,False,False,-6.648079874027403,3.0144388762527115
6,Ethanol,250.0,Ethanol,True,0.9997267247939795,0.9995571532474049,Ethanol,0.7877546280294649,False,False,False,-6.673326247045362,3.0258072881941653
6,Ethanol,250.0,Ethanol,True,0.9997706755228337,0.9996302972440253,Ethanol,0.8012115117493138,False,False,False,-6.63183740894908,2.9907382464480685
6,Ethanol,250.0,Ethanol,True,0.9997352228351226,0.9995657039529166,Ethanol,0.794390691671612,False,False,False,-6.67045222141182,2.9973735196881823
6,Ethanol,250.0,Ethanol,True,0.9997139768464656,0.9995372718502483,Ethanol,0.7840542680845242,False,False,False,-6.735820832161355,3.0002877212648675
6,Ethanol,250.0,Ethanol,True,0.9996961994023341,0.9995026983305734,Ethanol,0.7927072245066876,False,False,False,-6.63672666576199,3.02492558458678
6,Ethanol,250.0,Ethanol,True,0.9997015611661948,0.99950876283603,Ethanol,0.7994180248804982,False,False,False,-6.64502675150031,2.9907605747935833
6,Ethanol,250.0,Ethanol,True,0.998980912092911,0.9984763887473885,Ethanol,0.7059061579551362,False,False,False,-5.692409277984937,3.028969332466061
6,Ethanol,250.0,Ethanol,True,0.9993988525147733,0.9990871041808772,Ethanol,0.8127287312305922,False,False,False,-6.305594949940892,3.0226576971720025
6,Ethanol,250.0,Ethanol,True,0.9996714807599533,0.9994930077491406,Ethanol,0.8181693958196578,False,False,False,-6.373673503515741,3.005388120252169
6,Ethanol,250.0,Ethanol,True,0.9996288806877257,0.9994124007655038,Ethanol,0.8105972520230624,False,False,False,-6.459377208088176,3.0207034001772146
6,Ethanol,250.0,Ethanol,True,0.9996362510116954,0.999418131924907,Ethanol,0.8034007969980642,False,False,False,-6.595480954988061,3.0009735723145465
6,Ethanol,250.0,Ethanol,True,0.9996484177633217,0.9994429255167577,Ethanol,0.7891437862143975,False,False,False,-6.689681286111275,3.008938046750204
6,Ethanol,250.0,Ethanol,True,0.999657707620013,0.9994519136537685,Ethanol,0.7885404806487146,False,False,False,-6.668320651950272,3.0252825666105814
6,Ethanol,250.0,Ethanol,True,0.9996700068725792,0.999468867688642,Ethanol,0.7712782893820836,False,False,False,-6.788714743980944,3.023640964848725
6,Ethanol,250.0,Ethanol,True,0.9996561918755805,0.9994379257715802,Ethanol,0.7717324686794939,False,False,False,-6.790939496295597,3.0193412818180723
6,Ethanol,250.0,Ethanol,True,0.9997209871094775,0.9995481827041341,Ethanol,0.789565723853275,False,False,False,-6.689365778423455,3.0071789175519266
6,Ethanol,250.0,Ethanol,True,0.9997275782334477,0.9995479581378997,Ethanol,0.7896103977941342,False,False,False,-6.721978536796745,2.983437623693532
6,Ethanol,250.0,Ethanol,True,0.9996875000529488,0.9994822254777742,Ethanol,0.7733020292927943,False,False,False,-6.787020636311067,3.014271300240832
6,Ethanol,250.0,Ethanol,True,0.999732763093201,0.9995578002692543,Ethanol,0.7707500629599969,False,False,False,-6.8054359689767425,3.012075171684491
6,Ethanol,250.0,Ethanol,True,0.9996969169994082,0.9995046216595208,Ethanol,0.7726158943742576,False,False,False,-6.84058832496884,2.967221846329542
6,Ethanol,250.0,Ethanol,True,0.9996646951569448,0.9994527338127889,Ethanol,0.7567548111977649,False,False,False,-6.88094595338578,3.02094554420943
6,Ethanol,250.0,Ethanol,True,0.9997443952664251,0.999577596476103,Ethanol,0.7615270711702976,False,False,False,-6.856762725115508,3.0165405039611053
6,Ethanol,250.0,Ethanol,True,0.9997205992581671,0.9995336728302371,Ethanol,0.7698601462079905,False,False,False,-6.803660972770707,3.018513103563666
6,Ethanol,250.0,Ethanol,True,0.9997034495552151,0.9995127701698515,Ethanol,0.7540442709692019,False,False,False,-6.901360767582971,3.0163889080699096
6,Ethanol,250.0,Ethanol,True,0.9997299669512213,0.999554733928071,Ethanol,0.7657128580220182,False,False,False,-6.835750879066525,3.0124749575968455
6,Ethanol,250.0,Ethanol,True,0.9997257456656005,0.9995493296256512,Ethanol,0.7598650905457696,False,False,False,-6.8624593613366365,3.0207747703020167
6,Ethanol,250.0,Ethanol,True,0.9997307519373436,0.9995540555516593,Ethanol,0.7761481646976552,False,False,False,-6.751459734484315,3.0280287167068307
6,Ethanol,250.0,Ethanol,True,0.9996736122530795,0.999466240890109,Ethanol,0.7651908525926613,False,False,False,-6.849803646148072,3.0018140272143565
6,Ethanol,250.0,Ethanol,True,0.9997349474709297,0.9995612559216149,Ethanol,0.7608821211686366,False,False,False,-6.88668753236276,2.989256736690155
6,Ethanol,250.0,Ethanol,True,0.9997462021340973,0.9995736277735895,Ethanol,0.7714582214303687,False,False,False,-6.780557202253621,3.0294001043677175
6,Ethanol,250.0,Ethanol,True,0.999677977830847,0.9994736419763907,Ethanol,0.7647770361695366,False,False,False,-6.825391380626691,3.0273557905641146
6,Ethanol,250.0,Ethanol,True,0.9997128264987158,0.9995317547055851,Ethanol,0.7636909519509416,False,False,False,-6.840510021089881,3.0195876607097807
6,Ethanol,250.0,Ethanol,True,0.9996974665881945,0.9995112107963136,Ethanol,0.7647672918403308,False,False,False,-6.852839358861499,3.0012711885639223
6,Ethanol,250.0,Ethanol,True,0.9997290503368548,0.9995512957455951,Ethanol,0.7751826577815095,False,False,False,-6.7656381959320475,3.02196487533207
6,Ethanol,250.0,Ethanol,True,0.9997037344262634,0.9995125320093617,Ethanol,0.7632886214054556,False,False,False,-6.865615076235583,2.9970330766866344
6,Ethanol,250.0,Ethanol,True,0.9997518144837161,0.9995859152258195,Ethanol,0.7729588097523,False,False,False,-6.815068895374936,2.990911204081148
6,Ethanol,250.0,Ethanol,True,0.9996894660953716,0.9994834210598827,Ethanol,0.759859593127488,False,False,False,-6.872201621009289,3.011014275671026
6,Ethanol,250.0,Ethanol,True,0.9997234487218991,0.9995376400713862,Ethanol,0.7539677205319947,False,False,False,-6.91947624049748,2.996697042521756
6,Ethanol,250.0,Ethanol,True,0.9997215651642295,0.9995362685093397,Ethanol,0.7538325468149157,False,False,False,-6.919752272908475,2.997268263392048
6,Ethanol,250.0,Ethanol,True,0.9997215072900315,0.9995353166009607,Ethanol,0.7539656609402314,False,False,False,-6.9155944913982825,3.001167108275523
6,Ethanol,250.0,Ethanol,True,0.9997200609533715,0.9995265156435069,Ethanol,0.7631394755146919,False,False,False,-6.860446222749526,3.0032647166195083
6,Ethanol,250.0,Ethanol,True,0.9997570411483246,0.9996016534113892,Ethanol,0.7537184794503602,False,False,False,-6.940238205825476,2.973232243513738
6,Ethanol,250.0,Ethanol,True,0.9997688597850439,0.9996082615199025,Ethanol,0.7734373719667059,False,False,False,-6.788188744990822,3.01255188522814
6,Ethanol,250.0,Ethanol,True,0.9997550350824571,0.9995831878277851,Ethanol,0.7616018670382751,False,False,False,-6.838688048328357,3.033236349203261
6,Ethanol,250.0,Ethanol,True,0.9997441448645497,0.9995772184659081,Ethanol,0.7447085498814409,False,False,False,-6.947810230593829,3.0256410681881327
6,Ethanol,250.0,Ethanol,True,0.9997635992942101,0.9996019515183392,Ethanol,0.7573544609296755,False,False,False,-6.892054072332939,3.0055778507012745
6,Ethanol,250.0,Ethanol,True,0.9997313600604172,0.9995518027047748,Ethanol,0.740892567391907,False,False,False,-6.9830183832216814,3.0098733450395714
6,Ethanol,250.0,Ethanol,True,0.9997138445641652,0.9995252863178613,Ethanol,0.7346917697611063,False,False,False,-6.998202471418559,3.035496065148653
6,Ethanol,250.0,Ethanol,True,0.9997566737623397,0.9995956387637805,Ethanol,0.7456976402785234,False,False,False,-6.935344199345468,3.0330811629840015
6,Ethanol,250.0,Ethanol,True,0.9997378996995201,0.9995659778971212,Ethanol,0.7421133858581408,False,False,False,-6.968479622314041,3.019124149815366
6,Ethanol,250.0,Ethanol,True,0.9996728989805084,0.9994538537498711,Ethanol,0.7373766321893259,False,False,False,-6.9793089668536785,3.0391765632020937
6,Ethanol,250.0,Ethanol,True,0.9997382447541527,0.9995573172220282,Ethanol,0.7392397164222435,False,False,False,-6.973135703792198,3.0335167901747084
6,Ethanol,250.0,Ethanol,True,0.9997648170824814,0.9996047794124437,Ethanol,0.7420616936103958,False,False,False,-6.9648085176814325,3.0238588972118783
6,Ethanol,250.0,Ethanol,True,0.9997011591631038,0.9994972878200707,Ethanol,0.7323036150921679,False,False,False,-7.003250363477353,3.0464611419239267
6,Ethanol,250.0,Ethanol,True,0.999726268228577,0.9995397842095781,Ethanol,0.7388352586763046,False,False,False,-6.9689907068796275,3.041112125483977
6,Ethanol,250.0,Ethanol,True,0.9997203676827423,0.999530451163857,Ethanol,0.7316368355980499,False,False,False,-7.0107297139817515,3.0421685619894183
6,Ethanol,50.0,Ammonia,False,0.9959442234949162,0.9935046177439448,Ethanol,0.11289333114672596,False,True,True,-9.894141214438822,1.0798717707660566
6,Ethanol,75.0,Ammonia,False,0.9942408481537861,0.9900139854039668,Ethanol,0.33158610762960383,False,False,False,-7.515775749964529,0.4343669180378899
6,Ethanol,100.0,Ammonia,False,0.9893071477859134,0.9813882531103791,Ethanol,0.04931227814823179,False,True,True,-5.261306375947873,-0.050029937809353144
6,Ethanol,125.0,Ammonia,False,0.9878054054955167,0.9781333023505969,Ethylene,0.7520260029964012,False,False,False,-2.8461798226860844,-0.5018458462846768
6,Ethanol,150.0,Ammonia,False,0.9865098704100814,0.9755004862310376,Ethylene,0.6698467770652126,False,False,False,-1.5028868678983944,-0.8425185878916346
6,Ethanol,175.0,Ammonia,False,0.9875127185824487,0.9765177027412171,Ethylene,0.08925978918278828,False,True,True,0.19087753817899591,-1.1576419693629338
6,Ethanol,200.0,Ammonia,False,0.989163599492023,0.979328241091622,Acetone,0.4378104600372683,False,False,False,1.8314610970890643,-1.5027875419972268
6,Ethanol,225.0,Ammonia,False,0.9912919949866777,0.9829954130861239,Acetone,0.627720351542931,False,False,False,3.4607570603641813,-1.9366360910317537
6,Ethanol,250.0,Ammonia,False,0.9925332739310028,0.985262377009617,Acetone,0.4728472781412442,False,False,False,5.0893920976861535,-2.214229419293307
6,Ethylene,200.0,Ethylene,True,0.800041041736156,0.6154553386003134,Ethylene,0.31082760530709813,False,False,False,-0.6422718332382819,1.3898343336916261
6,Ethylene,200.0,Ethylene,True,0.9879548288636794,0.980352996684322,Ethylene,0.4200506844744032,False,False,False,-0.91755391024589,0.9867205714412742
6,Ethylene,200.0,Ethylene,True,0.9970199751816866,0.9956459261243544,Ethylene,0.31077802480352235,False,False,False,-0.4738907039771181,0.8866914142830382
6,Ethylene,200.0,Ethylene,True,0.9882105343877207,0.9811578509851807,Ethylene,0.4426267733514972,False,False,False,-0.9882834504639981,0.9475019022249307
6,Ethylene,200.0,Ethylene,True,0.9942065529170389,0.9918751039442806,Ethylene,0.07963945618882258,False,True,True,0.3113303658187104,1.2280029538942825
6,Ethylene,200.0,Ethylene,True,0.9970581025758606,0.9957981655763489,Ethylene,0.11736507386426835,False,True,True,0.17140340184254574,1.2012777228980174
6,Ethylene,200.0,Ethylene,True,0.9968709354224936,0.9957505610640032,Ethylene,0.026114907904051785,False,True,True,0.5094515599358066,1.134482381250461
6,Ethylene,200.0,Ethylene,True,0.9949161993441744,0.9929394299293419,Ethylene,0.03819943354441112,False,True,True,0.46739515203781323,1.2388690219425709
6,Ethylene,200.0,Ethylene,True,0.9975278980689385,0.9965427314121796,Ethylene,0.04769366891800312,False,True,True,0.4307630779805965,1.1511918098479417
6,Ethylene,200.0,Ethylene,True,0.9895389436372455,0.984864505426003,Ethylene,0.17581514377781016,False,False,False,-0.048149259956984276,1.2032903216430488
6,Ethylene,200.0,Ethylene,True,0.9968992668344959,0.9957009085808359,Ethylene,0.03982015018205859,False,True,True,0.46079045025605886,1.211056151730176
6,Ethylene,200.0,Ethylene,True,0.9917857548640785,0.9884111770299271,Ethylene,0.21148983881703168,False,False,False,-0.18222074646864855,1.1969218965343598
6,Ethylene,200.0,Ethylene,True,0.9966320596326493,0.995239468341993,Ethylene,0.043211840310576496,False,True,True,0.4478714969605723,1.195034600573045
6,Ethylene,200.0,Ethylene,True,0.9942648504855518,0.9916776453950199,Ethylene,0.09916208197148979,False,True,True,0.23545787908894728,1.2712156368933698
6,Ethylene,200.0,Ethylene,True,0.9983325481356855,0.9977322699711986,Ethylene,0.15221234449834353,False,False,False,0.06551029153336506,0.9677259961715688
6,Ethylene,200.0,Ethylene,True,0.9983456716548624,0.9976460793044158,Ethylene,0.16532041394543143,False,False,False,0.020811885133439994,0.9586378498792222
6,Ethylene,200.0,Ethylene,True,0.9970911324634724,0.9960808257882615,Ethylene,0.0013980736595721422,False,True,True,0.6064571193414912,1.2353590755462793
6,Ethylene,200.0,Ethylene,True,0.9971000514586835,0.9960232505320905,Acetone,0.017773786097285093,False,True,True,0.6796349118923619,1.2399755814435256
6,Ethylene,200.0,Ethylene,True,0.9938788200829676,0.9911201416567178,Ethylene,0.21858292819653755,False,False,False,-0.19304432546244335,1.115439374135362
6,Ethylene,200.0,Ethylene,True,0.9912872809481788,0.9876243896443616,Ethylene,0.43414901159497066,False,False,False,-1.0284083148223169,1.085480979910783
6,Ethylene,50.0,Ethylene,True,0.8942007080001334,0.8189728970480147,Ethanol,0.6602740642847919,False,False,False,-7.515496077174058,2.419225601825501
6,Ethylene,75.0,Ethylene,True,0.9355245773579015,0.9123504750238048,Ethanol,0.7776388373301067,False,False,False,-5.9117158742537566,2.105758017190531
6,Ethylene,100.0,Ethylene,True,0.9220611974253419,0.8723105419500177,Ethanol,0.2706024849217486,False,False,False,-4.5737727609135055,1.9043193095813626
6,Ethylene,125.0,Ethylene,True,0.9011236691197334,0.8275156786015772,Ethylene,0.11993757904615324,False,True,True,-3.328755918420802,1.8652758407599745
6,Ethylene,150.0,Ethylene,True,0.8584876469482665,0.7417187891619391,Ethylene,0.3568285253340741,False,False,False,-2.124752070024178,1.7448728074453979
6,Ethylene,175.0,Ethylene,True,0.8240317502926433,0.671242785291754,Ethylene,0.3537498732028844,False,False,False,-0.986840536595232,1.6564055418184727
6,Ethylene,200.0,Ethylene,True,0.8489495082882891,0.7157027005925168,Ethylene,0.1251516739126062,False,True,True,0.1051551910462391,1.5659052520819872
6,Ethylene,225.0,Ethylene,True,0.7945327994075209,0.6116971838580169,Acetone,0.16568160781647273,False,False,False,1.3345746064538535,1.49256472082063
6,Ethylene,250.0,Ethylene,True,0.8637196535170573,0.7504275666062943,Acetone,0.3125620041816111,False,False,False,2.6669364491432717,1.5468402348580153
6,Ammonia,250.0,Ammonia,True,0.9846029282809016,0.9693907541454257,Acetone,0.5451784850380109,False,False,False,5.3262367115296225,-1.3793679285856157
6,Ammonia,250.0,Ammonia,True,0.9873517100794267,0.974869288538381,Acetone,0.5487207088351982,False,False,False,5.250456034881026,-1.4373670401162275
6,Ammonia,250.0,Ammonia,True,0.9865858395312977,0.97333911666083,Acetone,0.5305175889352975,False,False,False,5.386467578773478,-1.4704457532226543
6,Ammonia,250.0,Ammonia,True,0.9867455309895911,0.9736685943074704,Acetone,0.5515636494247893,False,False,False,5.173161494381256,-1.500062470378636
6,Ammonia,250.0,Ammonia,True,0.9861248030130751,0.9724136454630106,Acetone,0.5206091217480172,False,False,False,5.348973249608231,-1.6185906332248223
6,Ammonia,250.0,Ammonia,True,0.9877853900697103,0.9757145677615486,Acetone,0.5083691677883465,False,False,False,5.405878165663612,-1.6834104276705313
6,Ammonia,250.0,Ammonia,True,0.9864296069997115,0.9730175083246602,Acetone,0.49964319817840935,False,False,False,5.50624207884155,-1.6712531488244877
6,Ammonia,250.0,Ammonia,True,0.9847976196971161,0.9697723617847589,Acetone,0.5278732406525718,False,False,False,5.26030970918538,-1.6384928225471695
6,Ammonia,250.0,Ammonia,True,0.980435001271827,0.9611306148467624,Acetone,0.5279253354019373,False,False,False,5.434227585712315,-1.4404618662455517
6,Ammonia,250.0,Ammonia,True,0.9838884760479008,0.9679917764774333,Acetone,0.5096598974163686,False,False,False,5.532001431517204,-1.5328423049349658
6,Ammonia,250.0,Ammonia,True,0.9841274383809226,0.9684729040406638,Acetone,0.5360757487272626,False,False,False,5.294562583265859,-1.5193595671519788
6,Ammonia,250.0,Ammonia,True,0.9857864247533915,0.9717872907872853,Acetone,0.5366868389872409,False,False,False,5.2797818323428025,-1.5298925897737272
6,Ammonia,250.0,Ammonia,True,0.9813824123113513,0.9630021211837703,Acetone,0.5242560002201359,False,False,False,5.359699049409525,-1.5695377311962102
6,Ammonia,250.0,Ammonia,True,0.9817502740700809,0.9637366222253478,Acetone,0.5346996553678718,False,False,False,5.261708217858524,-1.5701467620406282
6,Ammonia,250.0,Ammonia,True,0.9853186221883005,0.9708728064100699,Acetone,0.5337114753679917,False,False,False,5.274818262773327,-1.5657930508725408
6,Ammonia,250.0,Ammonia,True,0.986318484363541,0.9728351786101251,Acetone,0.5321080970820049,False,False,False,5.246550409845125,-1.6117296528014693
6,Ammonia,250.0,Ammonia,True,0.9833767891556576,0.9669979818087665,Acetone,0.5372178162327168,False,False,False,5.2768116490221395,-1.527778883678422
6,Ammonia,250.0,Ammonia,True,0.9791609684234156,0.9586029524690344,Acetone,0.5357705557476065,False,False,False,5.379032383170561,-1.4196802374506328
6,Ammonia,250.0,Ammonia,True,0.9791535523870036,0.9586290470041751,Acetone,0.5707055703282233,False,False,False,5.064660409481179,-1.4361703555393655
6,Ammonia,250.0,Ammonia,True,0.9795604652646867,0.9594214545725929,Acetone,0.551933137656651,False,False,False,5.2570732310297625,-1.393430037065613
6,Ammonia,250.0,Ammonia,True,0.9795303241582493,0.9593673820002593,Acetone,0.5980016697440883,False,False,False,4.8542470220207266,-1.4253007211651303
6,Ammonia,250.0,Ammonia,True,0.9825617746353297,0.9653299834963606,Acetone,0.5482628735476456,False,False,False,5.0278238338149315,-1.6790103376543264
6,Ammonia,250.0,Ammonia,True,0.9799834645930057,0.9601718710889476,Acetone,0.5483046219985155,False,False,False,5.063161941087127,-1.6456153248899479
6,Ammonia,250.0,Ammonia,True,0.9803823858551111,0.9609846005263744,Acetone,0.5505738408499915,False,False,False,5.134689957027813,-1.552441151672279
6,Ammonia,250.0,Ammonia,True,0.9846372139808751,0.969448907787921,Acetone,0.5454431657010642,False,False,False,5.044506316638594,-1.6875824546646792
6,Ammonia,250.0,Ammonia,True,0.9819453376063618,0.9641218579179284,Acetone,0.5540876944486283,False,False,False,5.058478241032301,-1.5991935695743351
6,Ammonia,250.0,Ammonia,True,0.9725555604037807,0.9454274191573783,Acetone,0.5507311404007709,False,False,False,5.156835829804215,-1.5267287553126598
6,Ammonia,250.0,Ammonia,True,0.9845028975501986,0.9691871119243337,Acetone,0.5356369480935396,False,False,False,5.097133431964718,-1.7233863260701396
6,Ammonia,250.0,Ammonia,True,0.9831616136252578,0.9665179573736664,Acetone,0.5125768127920669,False,False,False,5.340013344551516,-1.7067373141356401
6,Ammonia,250.0,Ammonia,True,0.9848482979054317,0.9698649579931724,Acetone,0.5377733770704126,False,False,False,5.025076050823724,-1.7677753017314473
6,Ammonia,250.0,Ammonia,True,0.9837744653949628,0.96773762459906,Acetone,0.5431520849961285,False,False,False,5.028588000241682,-1.7209210651868747
6,Ammonia,250.0,Ammonia,True,0.9826892766322491,0.9655871300472302,Acetone,0.5495466131826908,False,False,False,5.011947343762812,-1.6826986040794223
6,Ammonia,250.0,Ammonia,True,0.9810110769251998,0.9622511630556231,Acetone,0.5374245925065597,False,False,False,5.167936752409934,-1.6411379886731594
6,Ammonia,250.0,Ammonia,True,0.9808266076448394,0.9618601573189979,Acetone,0.5299883450937137,False,False,False,5.213595259527974,-1.664952290423978
6,Ammonia,250.0,Ammonia,True,0.9840087435942293,0.9682072437053506,Acetone,0.5529841343888113,False,False,False,4.978868553804499,-1.684062315497051
6,Ammonia,250.0,Ammonia,True,0.9781286475707797,0.9564768159215531,Acetone,0.5347681285743889,False,False,False,5.221587557791848,-1.611910871698538
6,Ammonia,250.0,Ammonia,True,0.9873704150959429,0.9748804685752057,Acetone,0.5123422145936513,False,False,False,5.1705917108285835,-1.8573499240545415
6,Ammonia,250.0,Ammonia,True,0.9847281224750744,0.9696205311000767,Acetone,0.5211266962047917,False,False,False,5.122595401660888,-1.823251055709478
6,Ammonia,250.0,Ammonia,True,0.9819521025303698,0.9641120038908348,Acetone,0.5212594187707661,False,False,False,5.354955882082073,-1.6056471882966177
6,Ammonia,250.0,Ammonia,True,0.982845809424184,0.96587370824356,Acetone,0.5459309118101106,False,False,False,5.111760488486016,-1.6192680424762587
6,Ammonia,250.0,Ammonia,True,0.9790760713999948,0.9584723441271419,Acetone,0.5687746172204021,False,False,False,5.060422248814815,-1.4602279885626626
6,Ammonia,250.0,Ammonia,True,0.9848800037201274,0.9699425997794071,Acetone,0.5293781355092578,False,False,False,5.240739839530359,-1.6438358087952385
6,Ammonia,250.0,Ammonia,True,0.9879525555307748,0.9760693998394859,Acetone,0.5069102436901968,False,False,False,5.311099363720119,-1.7865117480136303
6,Ammonia,250.0,Ammonia,True,0.9888570221965517,0.9778439905739231,Acetone,0.511709000641536,False,False,False,5.11410834675439,-1.9060568261864426
6,Ammonia,250.0,Ammonia,True,0.9825278581164447,0.9652321684566342,Acetone,0.509565681720209,False,False,False,5.344001261802705,-1.731722050144559
6,Ammonia,250.0,Ammonia,True,0.9835453871426025,0.967273326266737,Acetone,0.5285036529135139,False,False,False,5.2106010982599065,-1.68153988176688
6,Ammonia,250.0,Ammonia,True,0.9847433344454815,0.9696717462018994,Acetone,0.5254015622930287,False,False,False,5.268887364267932,-1.6535614530427696
6,Ammonia,250.0,Ammonia,True,0.9818709247347488,0.9639361706110208,Acetone,0.5363822150828537,False,False,False,5.211355862442812,-1.6070279298168721
6,Ammonia,250.0,Ammonia,True,0.9841740991621902,0.968541973404766,Acetone,0.5481805664689042,False,False,False,5.107420894921605,-1.603180025979514
6,Ammonia,250.0,Ammonia,True,0.9819064744252235,0.9640284533402472,Acetone,0.5766645437862488,False,False,False,4.887623545863028,-1.5741274669113365
6,Ammonia,250.0,Ammonia,True,0.9838667775707247,0.9679445635479483,Acetone,0.5571797694545765,False,False,False,5.042037488224803,-1.588167369702173
6,Ammonia,250.0,Ammonia,True,0.9870878541549704,0.9743198502086384,Acetone,0.4977513257997511,False,False,False,5.410067870624158,-1.7832085202384302
6,Ammonia,250.0,Ammonia,True,0.9843456314216611,0.9688689012797346,Acetone,0.5236678077972982,False,False,False,5.246422891350198,-1.6918602404691445
6,Ammonia,250.0,Ammonia,True,0.9882881233564161,0.9767116615038708,Acetone,0.49802547736141506,False,False,False,5.400883521669401,-1.7889183551828103
6,Ammonia,250.0,Ammonia,True,0.9868218717297742,0.9737948744342791,Acetone,0.5093975254154808,False,False,False,5.300797059434884,-1.7729590328635332
6,Ammonia,175.0,Ammonia,True,0.994086447133022,0.9887219639019245,Ethylene,0.09290584559528187,False,True,True,0.12100067212737017,-1.6062430506989795
6,Ammonia,175.0,Ammonia,True,0.9303595269957823,0.8620359267901251,Acetone,0.053062033799165735,False,True,True,0.5941937617644671,-1.7746946796097818
6,Ammonia,175.0,Ammonia,True,0.9116880625144534,0.8248119886916772,Acetone,0.09731804947594805,False,True,True,0.7480952089352704,-1.8991010752452389
6,Ammonia,175.0,Ammonia,True,0.9596791959814813,0.9203835819219223,Ethylene,0.09732817532754387,False,True,True,0.08226526667846583,-1.7598054466631956
6,Ammonia,175.0,Ammonia,True,0.9531239697618691,0.90715127222996,Acetone,0.3121562770396876,False,False,False,1.4950844526720029,-1.8267532438098995
6,Ammonia,175.0,Ammonia,True,0.9546416367598535,0.9101024073744807,Acetone,0.25030422124013957,False,False,False,1.3093948852938522,-1.98577364692154
6,Ammonia,175.0,Ammonia,True,0.9325545085263539,0.8662093258833323,Acetone,0.28762549272720966,False,False,False,1.4236513794380936,-1.8914461442774484
6,Ammonia,175.0,Ammonia,True,0.9644657765724051,0.9296130146348025,Acetone,0.3143940589622677,False,False,False,1.5469241415063304,-1.9718440945636484
6,Ammonia,175.0,Ammonia,True,0.9563280821857092,0.913426905412907,Acetone,0.2981575149770895,False,False,False,1.5041588749278965,-2.0339596396975455
6,Ammonia,175.0,Ammonia,True,0.9755732197957316,0.9517874109064354,Acetone,0.2372244508028822,False,False,False,1.2358845962538527,-1.8613235569729902
6,Ammonia,175.0,Ammonia,True,0.9612957197750559,0.9232154924990841,Acetone,0.2759060694322589,False,False,False,1.4316959333239707,-2.0810267317306703
6,Ammonia,175.0,Ammonia,True,0.9804656475865139,0.9614847495243898,Acetone,0.19360722073953424,False,False,False,1.1014129881772645,-1.9913927699887177
6,Ammonia,175.0,Ammonia,True,0.9446192778973332,0.8900102420988741,Acetone,0.3237060323414438,False,False,False,1.596185162507871,-2.0112462052168887
6,Ammonia,175.0,Ammonia,True,0.9696359145888475,0.9398360018717393,Acetone,0.33388755659311037,False,False,False,1.6330952502403162,-2.002879946073489
6,Ammonia,175.0,Ammonia,True,0.8988079568437971,0.7987533475464434,Acetone,0.17298203540545742,False,False,False,1.0252312087007924,-1.984865414426804
6,Ammonia,175.0,Ammonia,True,0.9260160894909466,0.8529528771448877,Acetone,0.160917738608436,False,False,False,0.9905960522812938,-2.0605861156290914
6,Ammonia,175.0,Ammonia,True,0.9452255098085246,0.8912933247210145,Acetone,0.38607011106849853,False,False,False,1.8525236344648448,-2.0234743689435017
6,Ammonia,175.0,Ammonia,True,0.955732692837811,0.9120500384833774,Acetone,0.42731197372749735,False,False,False,2.081806826646055,-2.1095896047449343
6,Ammonia,175.0,Ammonia,True,0.9556967316705302,0.9120363682090483,Acetone,0.24599103728976177,False,False,False,1.292396181197199,-1.9814566665523505
6,Ammonia,175.0,Ammonia,True,0.9775463575879199,0.9557079810717323,Acetone,0.04643879118568542,False,True,True,0.569502259386,-1.893945170699813
6,Ammonia,175.0,Ammonia,True,0.9902150815554895,0.9807941587264377,Acetone,0.14558093494870844,False,True,True,0.9183538455334926,-1.9054961841210798
6,Ammonia,175.0,Ammonia,True,0.8947915770596107,0.7909455956154561,Acetone,0.46146266616159776,False,False,False,1.9596235506340705,-1.6213229505492441
6,Ammonia,175.0,Ammonia,True,0.8956741902932364,0.7924246629843293,Acetone,0.46852385115013623,False,False,False,2.125194491543886,-1.8845964531477342
6,Ammonia,175.0,Ammonia,True,0.9254377966718774,0.8521227173789513,Acetone,0.30101996426610794,False,False,False,1.4037214741280435,-1.6066888936209853
6,Ammonia,175.0,Ammonia,True,0.9418505217155886,0.8844573010644403,Acetone,0.655295421251003,False,False,False,3.0938423052317625,-1.7701378907336034
6,Ammonia,175.0,Ammonia,True,0.9400378990472015,0.8807600162174596,Acetone,0.5790523840996287,False,False,False,2.749604042424078,-1.9383098733684634
6,Ammonia,175.0,Ammonia,True,0.8831274599998518,0.7673798660089857,Acetone,0.6444553850500743,False,False,False,2.977116075346931,-1.7687190467670955
6,Ammonia,175.0,Ammonia,True,0.9742389766761201,0.9489001827340006,Acetone,0.5660123686621499,False,False,False,2.911377767600338,-2.0726430337250847
6,Ammonia,175.0,Ammonia,True,0.9557870156711127,0.9121707386620257,Acetone,0.5641104153232726,False,False,False,2.7325410840854527,-2.001239039106086
6,Ammonia,175.0,Ammonia,True,0.9657766506632578,0.9322746724716247,Acetone,0.5793489060188458,False,False,False,2.585495057246496,-1.8020817791129318
6,Ammonia,200.0,Ammonia,True,0.9522161301715365,0.9048683231099164,Acetone,0.5119216851176115,False,False,False,3.340864109352768,-2.3677329725248555
6,Ammonia,200.0,Ammonia,True,0.9497754801357481,0.899931320162042,Acetone,0.4876243558125587,False,False,False,3.9882323083426234,-2.4752220285685813
6,Ammonia,200.0,Ammonia,True,0.9464626651413505,0.8933478961266929,Acetone,0.4600516010474261,False,False,False,4.029643454677067,-2.596837349198364
6,Ammonia,200.0,Ammonia,True,0.9368876877470177,0.8742416753571394,Acetone,0.5234099662856501,False,False,False,3.4421082112681067,-2.334317820203775
6,Ammonia,200.0,Ammonia,True,0.9468608878022187,0.8940442958078088,Acetone,0.4521248946868221,False,False,False,4.974685651627255,-2.4114900917214834
6,Ammonia,200.0,Ammonia,True,0.9245537295167038,0.8495747270826024,Acetone,0.4853905237238014,False,False,False,4.603978011943688,-2.3496883332376615
6,Ammonia,200.0,Ammonia,True,0.9052175179347921,0.8109067722683502,Acetone,0.4416193080824955,False,False,False,5.035845600464322,-2.4562477024275964
6,Ammonia,200.0,Ammonia,True,0.9614353748658699,0.9230941476762915,Acetone,0.4184720316880705,False,False,False,4.869745520844471,-2.6624877266892213
6,Ammonia,200.0,Ammonia,True,0.9680221898235366,0.9362798162747357,Acetone,0.4149880976486558,False,False,False,4.56364481379426,-2.753236036816119
6,Ammonia,200.0,Ammonia,True,0.976830860928184,0.9539078817494989,Acetone,0.45673442798123887,False,False,False,4.618187690143265,-2.5079716126691087
6,Ammonia,50.0,Ammonia,True,0.9952688330412541,0.9922641999239938,Ethanol,0.15066937988948817,False,False,False,-9.406475578441288,0.9331755029171616
6,Ammonia,75.0,Ammonia,True,0.9919142227557349,0.9860708996105124,Ethanol,0.3185802932139691,False,False,False,-6.6242417964769595,0.22745941669354897
6,Ammonia,100.0,Ammonia,True,0.9775300736581438,0.9599763643628136,Ethylene,0.3120247586972657,False,False,False,-4.045211592027106,-0.11680082501097504
6,Ammonia,125.0,Ammonia,True,0.9768786555703204,0.9584746501566083,Ethylene,0.9274947657669279,False,False,False,-2.263100812257752,-0.4516303467668306
6,Ammonia,150.0,Ammonia,True,0.9774670885803866,0.9589511987627193,Ethylene,0.5384811047745028,False,False,False,-1.0341521966914857,-0.6949195400683961
6,Ammonia,175.0,Ammonia,True,0.9714362460853053,0.9470443814055776,Ethylene,0.046237251859865006,False,True,True,0.33535152015320596,-0.9605468303026908
6,Ammonia,200.0,Ammonia,True,0.9630321580412393,0.9291237382125466,Acetone,0.4050635626535094,False,False,False,1.6434204479068102,-1.1543049050673195
6,Ammonia,225.0,Ammonia,True,0.9777381113210364,0.956882123967472,Acetone,0.6674644368279913,False,False,False,2.795967576468629,-1.5599621308360632
6,Ammonia,250.0,Ammonia,True,0.9849652803201291,0.9704482229809177,Acetone,0.5995017744853507,False,False,False,4.22897041643508,-1.8822153075356427
6,Ammonia,250.0,Ammonia,True,0.9854457673828759,0.9735300384002298,Ethylene,0.8890121945992927,False,False,False,-2.518428041367021,-0.2991420291117079
6,Ammonia,150.0,Ammonia,True,0.9764713703814015,0.960761029821151,Ethanol,0.37996345534329806,False,False,False,-7.76747238853737,0.8001607281494553
6,Ammonia,50.0,Ammonia,True,0.3998751622661856,0.11869211385109496,Ethanol,0.03491798490125764,True,True,True,-12.242160111994052,2.1155426945643643
6,Ammonia,225.0,Ammonia,True,0.9769841726071549,0.9585104651164986,Ethanol,0.15568974643354352,False,False,False,-5.367903688472479,0.35449116010412374
6,Ammonia,75.0,Ammonia,True,0.4181047705806534,0.11786441130751457,Ethanol,0.10437864758689168,True,True,True,-10.942430928992144,1.8863768612680991
6,Ammonia,175.0,Ammonia,True,0.9665021268448484,0.9431996523295512,Ethanol,0.40284554208713735,False,False,False,-7.587788373115723,0.7766810906752275
6,Ammonia,200.0,Ammonia,True,0.968031061671518,0.9436500980847434,Ethanol,0.4097915336445904,False,False,False,-7.094346789531638,0.5784215598955486
6,Ammonia,100.0,Ammonia,True,0.4408197928410571,0.0992804816047001,Ethanol,0.18950545303003685,True,False,True,-9.852886976750236,1.6088790298877158
6,Ammonia,125.0,Ammonia,True,0.9613196673198595,0.9383407286725703,Ethanol,0.173182681150312,False,False,False,-9.518749893210165,1.1690472803862269
6,Ammonia,175.0,Ammonia,True,0.9553806334611598,0.9225080855635639,Ethanol,0.3658879692252556,False,False,False,-7.6635813422258545,0.6677807191121182
6,Ammonia,200.0,Ammonia,True,0.9746929170076172,0.9555228568364846,Ethanol,0.321048643387886,False,False,False,-6.451794572896552,0.30557083381234107
6,Ammonia,100.0,Ammonia,True,0.5106240340781878,0.1886881441431974,Ethanol,0.2285727099056807,True,False,True,-9.337620898797482,1.3740154671856764
6,Ammonia,125.0,Ammonia,True,0.9802372275688612,0.9666626733895766,Ethanol,0.2447527423686626,False,False,False,-8.532801633498497,0.7451093727529631
6,Ammonia,250.0,Ammonia,True,0.9870487249211721,0.9766677609082816,Ethylene,0.8111534780621539,False,False,False,-2.518518535122555,-0.7018540940395044
6,Ammonia,150.0,Ammonia,True,0.9894219973633699,0.981242808829111,Ethanol,0.2216995612736713,False,False,False,-6.189042949127878,-0.03169986719976993
6,Ammonia,50.0,Ammonia,True,0.7016263703823467,0.5702466275747365,Ethanol,0.05006604029175474,False,True,True,-11.462280038563566,1.7435037929516348
6,Ammonia,225.0,Ammonia,True,0.9943658574796083,0.9895562984489944,Ethylene,0.529447380861225,False,False,False,-1.3297076346083505,-1.3587076029147909
6,Ammonia,75.0,Ammonia,True,0.8707574625440522,0.7905621191988371,Ethanol,0.21893768790589094,False,False,False,-9.085250301017707,1.0701618730347002
6,Ammonia,225.0,Ammonia,True,0.9977995336118795,0.9958584606428893,Ethylene,0.1630738421170851,False,False,False,-0.1699541051768157,-1.8531289881380337
6,Ammonia,75.0,Ammonia,True,0.9426247319509701,0.9051970905518271,Ethanol,0.20606802484553574,False,False,False,-8.902831350628484,0.8407376318528609
6,Ammonia,175.0,Ammonia,True,0.9974198494166784,0.9952524724952417,Ethylene,0.6695890854502832,False,False,False,-2.3079192239398734,-1.3378629089071394
6,Ammonia,200.0,Ammonia,True,0.9981630788499393,0.9965455865728688,Ethylene,0.2184947429708825,False,False,False,-0.3644082763156904,-1.8195106913920418
6,Ammonia,100.0,Ammonia,True,0.9755818832206192,0.9575674882920533,Ethanol,0.24555632607113842,False,False,False,-6.056495981704421,0.17229576612291084
6,Ammonia,125.0,Ammonia,True,0.9977153601331562,0.9959022575852695,Ethylene,0.16462245253193303,False,False,False,-4.73791682988638,-0.6702834863290693
6,Ammonia,250.0,Ammonia,True,0.9972540382532727,0.9946053231361379,Acetone,0.47456552953073167,False,False,False,3.972327254275489,-2.535388607699372
6,Ammonia,150.0,Ammonia,True,0.9981925120314964,0.9967109068623785,Ethylene,0.6213892012358496,False,False,False,-2.889429732953058,-1.2561241285364186
6,Ammonia,50.0,Ammonia,True,0.879484192901131,0.8223970352199016,Ethanol,0.06673697936370097,False,True,True,-10.700334731723588,1.3472255917185807
6,Ammonia,125.0,Ammonia,True,0.9952218573211895,0.9915719178708589,Ethylene,0.3204514272524556,False,False,False,-4.179278356562328,-0.7668608714814796
6,Ammonia,250.0,Ammonia,True,0.9959595571094575,0.9920719907988146,Acetone,0.5380590711015055,False,False,False,3.5804210892339285,-2.2830709075343596
6,Ammonia,150.0,Ammonia,True,0.9977572598201299,0.9958835480996111,Ethylene,0.5945249201385999,False,False,False,-3.1040543192234744,-1.1452998798020724
6,Ammonia,50.0,Ammonia,True,0.8931713032737792,0.8429126912879183,Ethanol,0.07593241677273964,False,True,True,-10.64569092337747,1.3825436667191902
6,Ammonia,225.0,Ammonia,True,0.9971630263129055,0.9945207931767251,Acetone,0.46045639502405167,False,False,False,2.402435424177304,-2.2402071655873486
6,Ammonia,75.0,Ammonia,True,0.9661823289896682,0.9425824667828446,Ethanol,0.2614270754376699,False,False,False,-8.34942628950396,0.6848579658780154
6,Ammonia,175.0,Ammonia,True,0.9983943163976728,0.9970093520910075,Ethylene,0.5181662000199713,False,False,False,-1.492531616850628,-1.604022117123438
6,Ammonia,200.0,Ammonia,True,0.9980743516037749,0.9963494976598444,Ethylene,0.11231207353747862,False,True,True,-0.005816825605206943,-1.9531633197822367
6,Ammonia,100.0,Ammonia,True,0.972799570424827,0.9521365121473153,Ethanol,0.22755510418451466,False,False,False,-6.014125252656611,0.11672159141239562
6,Toluene,20.0,Ethylene,False,0.8203637175876807,0.7285198531091933,Ethanol,0.22816708386052478,False,False,False,-9.722414978004219,1.7943332959901515
6,Toluene,30.0,Ethylene,False,0.8597670974231598,0.8047844008915889,Ethanol,0.37481646915634703,False,False,False,-8.561816047784713,1.5156473247450766
6,Toluene,40.0,Ethylene,False,0.8334708982831143,0.7347224619146586,Ethanol,0.5097778304120908,False,False,False,-7.671558897808999,1.3359114387882207
6,Toluene,50.0,Ethylene,False,0.8209961106438343,0.6956394147468076,Ethanol,0.5435705952133832,False,False,False,-6.821499934175488,1.16196306014525
6,Toluene,60.0,Ethylene,False,0.7261235695980147,0.5027741570673316,Ethanol,0.44391808146060424,False,False,False,-5.8967740462847065,1.0458576906346102
6,Toluene,70.0,Ethylene,False,0.651005500046214,0.3448897712278071,Ethanol,0.24888976590272477,True,False,True,-5.187154250885828,0.9342121411335276
6,Toluene,80.0,Ammonia,False,0.4907713819127429,0.015044121226517826,Ethanol,0.01749551296914682,True,True,True,-4.507644945402272,0.8442312909468436
6,Toluene,90.0,Ethylene,False,0.5452015162968491,0.13080346912828422,Ethylene,0.1537220014399177,True,False,True,-4.006266434630601,0.8338967559240394
6,Toluene,100.0,Ammonia,False,0.536010108910791,0.1113298107171205,Ethylene,0.35293225969346237,True,False,True,-3.4858034736024255,0.7274844436793351
6,Acetone,50.0,Ethylene,False,0.4995678015195586,0.18140889116015874,Ethanol,0.40945477651587747,True,False,True,-5.435641930502834,1.279766062525903
6,Acetone,250.0,Ammonia,False,0.5596717913019081,0.18146876527259354,Acetone,0.2346372743804436,True,False,True,9.260922719182238,-1.1272105819234923
6,Acetone,125.0,Ammonia,False,0.6691550832670623,0.3788401543317329,Acetone,0.18503496140180228,True,False,True,1.0553629939953284,-0.012353600345543862
6,Acetone,175.0,Ammonia,False,0.5438560266572484,0.10792916562788213,Acetone,0.7397536582468706,True,False,True,4.211619115638708,-0.5582635169805501
6,Acetone,200.0,Ethylene,False,0.689274532042363,0.4396205585105669,Acetone,0.3782315471829777,True,False,True,6.76921975516829,-0.6741180357771848
6,Acetone,75.0,Ammonia,False,0.5920536991826609,0.25795096350816593,Ethylene,0.4264646098186528,True,False,True,-3.17990347102141,0.8111780162435449
6,Acetone,100.0,Ammonia,False,0.6232028925001714,0.3075025079515255,Ethylene,0.5210738074776792,True,False,True,-1.0335663833087863,0.41142944522421804
6,Acetone,225.0,Ammonia,False,0.5651045603252832,0.1678733348837907,Acetone,0.3108221811205121,True,False,True,7.714560214318286,-0.8544197721314585
6,Acetone,150.0,Ethylene,False,0.723278819119302,0.5181378780795527,Acetone,0.7690425467074588,False,False,False,3.606286244451917,0.050087630043748964
6,Acetone,75.0,Ethylene,False,0.4528970788819038,0.00904005098836258,Ethylene,0.4348695159802056,True,False,True,-3.0889513917267477,0.8733315581030642
6,Acetone,100.0,Ammonia,False,0.6285249652950976,0.3177427694942525,Ethylene,0.4492534705064181,True,False,True,-0.8090182204537681,0.42442604025841757
6,Acetone,225.0,Ammonia,False,0.5415920092440238,0.12283095966487428,Acetone,0.30452261076726106,True,False,True,7.851400354264616,-0.9342100618358793
6,Acetone,150.0,Ethylene,False,0.7143714984362424,0.4952020734370638,Acetone,0.7660791647527234,False,False,False,3.629751513863281,0.05347686904589111
6,Acetone,50.0,Ethylene,False,0.5732250888872522,0.3391367714884324,Ethanol,0.406775202436754,True,False,True,-5.253233002085145,1.4666621444357564
6,Acetone,250.0,Ethylene,False,0.4703649998935422,0.10653346696934363,Acetone,0.21269168774334551,True,False,True,9.491657530034283,-0.7263403715312571
6,Acetone,125.0,Ammonia,False,0.4928655196126071,0.041307189768347796,Acetone,0.25011697908091773,True,False,True,1.2955304172463804,0.2708786228519406
6,Acetone,175.0,Ethylene,False,0.5426618506022814,0.11903467403927176,Acetone,0.6435152730789399,True,False,True,4.652004723562371,-0.3706926536277465
6,Acetone,200.0,Ethylene,False,0.7529208734070144,0.6144654332292044,Acetone,0.3244806924158932,False,False,False,7.256587915293807,-0.40589567789969005
6,Acetone,75.0,Ethylene,False,0.45143663826404745,0.009223462523376691,Ethylene,0.44348567409606215,True,False,True,-2.9272696256533064,0.9861394527511109
6,Acetone,100.0,Ammonia,False,0.571401781397506,0.2084283632892705,Ethylene,0.4190316756741827,True,False,True,-0.7456449273263621,0.5450248916887843
6,Acetone,225.0,Ethylene,False,0.527157875669235,0.12192077327834128,Acetone,0.2946211165218957,True,False,True,7.831978318477376,-0.6395131108880185
6,Acetone,150.0,Ethylene,False,0.7613339718945318,0.5929786000415499,Acetone,0.7158797437561217,False,False,False,3.8464290603201112,0.13850404348926987
6,Acetone,50.0,Ethylene,False,0.4654872686957059,0.262931145450343,Ethanol,0.3108086778905129,True,False,True,-5.091398639641735,1.287405076498424
6,Acetone,250.0,Ethylene,False,0.5216510587112817,0.22507421113322024,Acetone,0.20793841216670172,True,False,True,9.507061208444279,-0.6021552432043347
6,Acetone,125.0,Ammonia,False,0.5316299244711024,0.11931027646255016,Acetone,0.2501426511238575,True,False,True,1.2948902346019062,0.26757968598893883
6,Acetone,175.0,Ethylene,False,0.5194880833726584,0.07128482117638169,Acetone,0.5847151722948144,True,False,True,4.988126722472306,-0.3790276716547303
6,Acetone,200.0,Ethylene,False,0.7007800383582905,0.5301579564496846,Acetone,0.3094594385842849,False,False,False,7.446687656252017,-0.38783675893593805
6,Acetone,50.0,Acetone,True,0.7461253841727186,0.5081783889819249,Ethanol,0.12465618408349886,False,True,True,-4.098389302256902,1.9788949739017783
6,Acetone,75.0,Acetone,True,0.6707216383758416,0.3621082716463094,Ethylene,0.431672730220536,True,False,True,-1.6494395470267675,1.5265558157478603
6,Acetone,100.0,Acetone,True,0.5709551877199935,0.16672500373353694,Ethylene,0.0552916821916364,True,True,True,0.40281686875838674,1.1244790210354134
6,Acetone,125.0,Ethylene,False,0.5533456802024922,0.13850302842784984,Acetone,0.5037470740546993,True,False,True,2.4079745104130903,0.6990994497991668
6,Acetone,150.0,Acetone,True,0.4932379412228999,0.022260815518274635,Acetone,0.6394299536983924,True,False,True,3.9815548602928574,0.38066175849078393
6,Acetone,175.0,Acetone,True,0.5053269446714446,0.04240531505873463,Acetone,0.4584158253576813,True,False,True,5.514627867759543,0.15108011336461968
6,Acetone,200.0,Acetone,True,0.5646586476259392,0.1622618217493313,Acetone,0.3281075783076167,True,False,True,6.954369516300864,-0.058187919935616075
6,Acetone,225.0,Acetone,True,0.6555027007086126,0.3436240972873567,Acetone,0.25339922989730074,True,False,True,8.27009783140035,-0.2982995458061708
6,Acetone,250.0,Acetone,True,0.7371139470519694,0.4974207510426705,Acetone,0.19829432418336343,False,False,False,9.614691123707582,-0.4436955151069574
6,Acetone,175.0,Ethylene,False,0.5722689204696866,0.18140785902248519,Acetone,0.49493298648992456,True,False,True,5.2537869990339034,0.13377745626234921
6,Acetone,200.0,Ethylene,False,0.49918613132521394,0.034232666745134144,Acetone,0.3368682444607239,True,False,True,6.905385814814879,-0.13116912695166932
6,Acetone,225.0,Acetone,True,0.6217804202505177,0.27404198224510234,Acetone,0.24685613090042122,True,False,True,8.40058543488415,-0.30821101809759344
6,Acetone,250.0,Acetone,True,0.7840676818774195,0.5901804168317852,Acetone,0.19316112875836428,False,False,False,9.738144195013987,-0.4267830979104825
6,Acetone,50.0,Acetone,True,0.7509837698874927,0.5207170668165122,Ethanol,0.06598544791707193,False,True,True,-3.917226085643762,1.968078291584815
6,Acetone,75.0,Acetone,True,0.6406617789281415,0.3013478856765411,Ethylene,0.43185693715274853,True,False,True,-1.4565713015327963,1.531383409493584
6,Acetone,100.0,Acetone,True,0.526817901988116,0.07818045650521643,Ethylene,0.015771762730851645,True,True,True,0.5469907751506796,1.1277843973789867
6,Acetone,125.0,Ethylene,False,0.563256457356528,0.1571094544628458,Acetone,0.521800532297694,True,False,True,2.5356773847461196,0.7342425729461177
6,Acetone,150.0,Acetone,True,0.49354152347033126,0.019036139491128812,Acetone,0.6009622093871064,True,False,True,4.203711355647161,0.42120389922796647
6,Acetone,50.0,Acetone,True,0.962831768689042,0.9324255303610303,Ethylene,0.05066508068092828,False,True,True,-3.1164210531567704,2.483066539839975
6,Acetone,50.0,Acetone,True,0.9659135634048723,0.9358428715421504,Ethylene,0.26074089732121786,False,False,False,-2.382044423290579,2.0468318785005817
6,Acetone,50.0,Acetone,True,0.9729789601395111,0.9489814382773433,Ethylene,0.20316046679202326,False,False,False,-2.444483442951817,2.2887856422338357
6,Acetone,50.0,Acetone,True,0.9513838567760172,0.9076166370250794,Ethylene,0.18813950807243493,False,False,False,-2.707479227581974,2.1608645898927032
6,Acetone,50.0,Acetone,True,0.9579569411509941,0.9195773595589479,Ethylene,0.10761322029523163,False,True,True,-2.9584682176130075,2.339473869209314
6,Acetone,50.0,Acetone,True,0.9404153750740588,0.8864573159880795,Ethylene,0.1334896241903337,False,True,True,-2.8463499601999747,2.314625350178801
6,Acetone,50.0,Acetone,True,0.9476121270611013,0.9004044462951608,Ethylene,0.13517387063202918,False,True,True,-2.8232045359877236,2.3281809331132206
6,Acetone,50.0,Acetone,True,0.9496176276474184,0.9046490101304945,Ethylene,0.14014293871969383,False,True,True,-2.812120471322128,2.31233540974371
6,Acetone,50.0,Acetone,True,0.9361922528607057,0.8784814317092704,Ethylene,0.12826951441256765,False,True,True,-2.9034853977036597,2.285541095529875
6,Acetone,50.0,Acetone,True,0.9493911160719185,0.9041085487329019,Ethylene,0.15414824113179224,False,False,False,-2.738902854054849,2.306337165588979
6,Acetone,50.0,Acetone,True,0.9550562674199011,0.9153760375886743,Ethylene,0.15266844888483652,False,False,False,-2.7619088534302088,2.2931897861907107
6,Acetone,50.0,Acetone,True,0.9513971841986675,0.90803280348851,Ethylene,0.1346721451248522,False,True,True,-2.855536463881392,2.299333350224009
6,Acetone,50.0,Acetone,True,0.9504814329226605,0.9061120515553085,Ethylene,0.131009102083281,False,True,True,-2.836955732855954,2.337146003342737
6,Acetone,50.0,Acetone,True,0.9496232984655896,0.904705774333939,Ethylene,0.12238731793266613,False,True,True,-2.9193250741723453,2.30067788314132
6,Acetone,50.0,Acetone,True,0.9448476719020134,0.8953226220027163,Ethylene,0.14909929104364467,False,True,True,-2.794922991657275,2.281384490511007
6,Acetone,50.0,Acetone,True,0.9487497576032415,0.9026819087324964,Ethylene,0.1463950879595842,False,True,True,-2.7664804987474385,2.322100715394033
6,Acetone,50.0,Acetone,True,0.9507201807125347,0.9069399666846811,Ethylene,0.14234407993803708,False,True,True,-2.8016747129313337,2.3105942808027
6,Acetone,50.0,Acetone,True,0.9567893494303825,0.9184527159540963,Ethylene,0.1545010130793108,False,False,False,-2.7094795463069694,2.330932522887105
6,Acetone,50.0,Acetone,True,0.9427087534210223,0.8913458586496744,Ethylene,0.15224407658818798,False,False,False,-2.773663031077585,2.2846335823360677
6,Acetone,50.0,Acetone,True,0.9447445919773396,0.8952204724189502,Ethylene,0.13646369778656176,False,True,True,-2.856691176166208,2.2887348605590527
6,Acetone,50.0,Acetone,True,0.9318615689209658,0.869863633740001,Ethylene,0.15580540898979764,False,False,False,-2.774928191816581,2.264956849241614
6,Acetone,50.0,Acetone,True,0.9409949757644297,0.8875215645925238,Ethylene,0.15048074274944795,False,False,False,-2.782094554362286,2.2860763476368717
6,Acetone,50.0,Acetone,True,0.9351848365623677,0.8763174596713927,Ethylene,0.16835039314985933,False,False,False,-2.6648298886377084,2.2969348740930733
6,Acetone,50.0,Acetone,True,0.9538942798762831,0.9127168087351569,Ethylene,0.15156208617363529,False,False,False,-2.7624246734513753,2.2985246320880663
6,Acetone,50.0,Acetone,True,0.954558526068555,0.9146702301198508,Ethylene,0.1834004883120343,False,False,False,-2.732781378863522,2.1628805477733524
6,Acetone,50.0,Acetone,True,0.9458514947776653,0.8974121709009283,Ethylene,0.16886396707951398,False,False,False,-2.6402405835246556,2.31511161675757
6,Acetone,50.0,Acetone,True,0.9417238656646287,0.8890708395435278,Ethylene,0.17178200506247307,False,False,False,-2.633182852973191,2.3057221541681074
6,Acetone,50.0,Acetone,True,0.9419004684702292,0.8893067315697669,Ethylene,0.173522787718597,False,False,False,-2.640317428940321,2.29067173349624
6,Acetone,50.0,Acetone,True,0.9429549819754257,0.8919568146983436,Ethylene,0.18128360743878152,False,False,False,-2.5742122079861947,2.304252721182958
6,Acetone,50.0,Acetone,True,0.9363725595161663,0.879007016390002,Ethylene,0.17166874124924225,False,False,False,-2.683593030191543,2.2637293661625955
6,Acetone,50.0,Acetone,True,0.9269441254425893,0.8605624122067688,Ethylene,0.1735060973518962,False,False,False,-2.686183884744973,2.2520958850892483
6,Acetone,50.0,Acetone,True,0.9352654962138509,0.8768714214170324,Ethylene,0.17634536435747453,False,False,False,-2.622804400565819,2.2905300517152427
6,Acetone,50.0,Acetone,True,0.9425175361049585,0.8904126925377953,Ethylene,0.17374692888502796,False,False,False,-2.6311026692093566,2.297187052481814
6,Acetone,50.0,Acetone,True,0.9440547499116391,0.8935405872961347,Ethylene,0.17954149961082552,False,False,False,-2.597540236877395,2.2945583164208117
6,Acetone,50.0,Acetone,True,0.9470326472944418,0.8991343852345091,Ethylene,0.17177181809693376,False,False,False,-2.68074478043906,2.265626784360432
6,Acetone,50.0,Acetone,True,0.9406364638085857,0.886921947844105,Ethylene,0.17358861503560216,False,False,False,-2.623885238142843,2.3040121098996553
6,Acetone,50.0,Acetone,True,0.9381004866434381,0.8819794224341853,Ethylene,0.1865613686017335,False,False,False,-2.5270429939998182,2.313751209600823
6,Acetone,50.0,Acetone,True,0.9388879909387867,0.8833750180694874,Ethylene,0.17986687809201748,False,False,False,-2.6114664015554374,2.28155716614127
6,Acetone,50.0,Acetone,True,0.9434657885834222,0.8924678570099509,Ethylene,0.18583972145390262,False,False,False,-2.569466870877699,2.284329111443815
6,Acetone,50.0,Acetone,True,0.9397056802528767,0.8856521101602683,Ethylene,0.19973792148017358,False,False,False,-2.5853013196863137,2.201411440468719
6,Acetone,50.0,Acetone,True,0.9547033644377261,0.9140717459243055,Ethylene,0.1782993819376091,False,False,False,-2.605526174183656,2.2945320395619064
6,Acetone,50.0,Acetone,True,0.9250515758506704,0.8569921915865076,Ethylene,0.19211914875041947,False,False,False,-2.5518899106149084,2.2657015351891583
6,Acetone,50.0,Acetone,True,0.9363519107879111,0.8791632625783259,Ethylene,0.18765346455617196,False,False,False,-2.5810140063222797,2.265859528824176
6,Acetone,50.0,Acetone,True,0.9344382633834755,0.8760882586380756,Ethylene,0.19795514377849774,False,False,False,-2.5315134291774264,2.2514330368896194
6,Acetone,50.0,Acetone,True,0.9348561269411018,0.8764639349548825,Ethylene,0.19606777936253458,False,False,False,-2.5323972721340273,2.260400477873033
6,Acetone,50.0,Acetone,True,0.9367637577192666,0.879184086665608,Ethylene,0.1791435002581114,False,False,False,-2.640487015859066,2.2614961914380163
6,Acetone,50.0,Acetone,True,0.9379803874755259,0.8819987951291582,Ethylene,0.1894855375841692,False,False,False,-2.5802744082692186,2.2570588160967566
6,Acetone,50.0,Acetone,True,0.9432215145485647,0.892337515374769,Ethylene,0.20144229654341705,False,False,False,-2.4675514199508446,2.2809978887350986
6,Acetone,50.0,Acetone,True,0.9334158757671254,0.8729983668299538,Ethylene,0.19754918485419645,False,False,False,-2.536299495303366,2.249879302784612
6,Acetone,50.0,Acetone,True,0.9391230899976758,0.8845550911808456,Ethylene,0.19115446943659214,False,False,False,-2.6067034167953107,2.2277171763065904
6,Acetone,50.0,Acetone,True,0.943943281497995,0.8937285811085056,Ethylene,0.18202561845492596,False,False,False,-2.6456287914066294,2.242541610972481
6,Acetone,50.0,Acetone,True,0.9394191129288069,0.8849360592973946,Ethylene,0.18376628651202076,False,False,False,-2.624533585511387,2.2509003029954506
6,Acetone,50.0,Acetone,True,0.9408951176580717,0.8876499895655574,Ethylene,0.19494073671338832,False,False,False,-2.5222469555601994,2.273883844256549
6,Acetone,50.0,Acetone,True,0.9372008021549108,0.8805768814021429,Ethylene,0.1993052882646001,False,False,False,-2.5285224971814415,2.2468155918057815
6,Acetone,50.0,Acetone,True,0.9387419067331865,0.8834865407459592,Ethylene,0.18196384650026964,False,False,False,-2.602947289384469,2.27762698635445
6,Acetone,50.0,Acetone,True,0.9447057182025473,0.8952904671417018,Ethylene,0.21822592454921727,False,False,False,-2.5111446956794095,2.165130737129223
6,Acetone,50.0,Acetone,True,0.9462402940455349,0.8981260681614409,Ethylene,0.19050978290359166,False,False,False,-2.486336856478933,2.324112977592925
6,Acetone,50.0,Acetone,True,0.9351865857003651,0.8766723278925568,Ethylene,0.19889338821510605,False,False,False,-2.5473278817799168,2.23469353175773
6,Acetone,50.0,Acetone,True,0.9335636584065342,0.8739286652700206,Ethylene,0.2036827352298482,False,False,False,-2.4990814640106933,2.246448938475225
6,Acetone,50.0,Acetone,True,0.9380994486783338,0.8821646451235783,Ethylene,0.1969686990321764,False,False,False,-2.4790146481687523,2.2957701571661513
6,Acetone,50.0,Acetone,True,0.9372628911524716,0.8809423131727125,Ethylene,0.20778775261835536,False,False,False,-2.392395182595943,2.301444536111974
6,Acetone,50.0,Acetone,True,0.9397751567746617,0.8857008068868159,Ethylene,0.20156761998070588,False,False,False,-2.4585700201374725,2.286877668294407
6,Acetone,50.0,Acetone,True,0.9300462104128542,0.8667258777684204,Ethylene,0.19202105923458573,False,False,False,-2.5751830304461722,2.248115466245118
6,Acetone,50.0,Acetone,True,0.9445465454203151,0.8951527616785765,Ethylene,0.1895257259518342,False,False,False,-2.5629099177410066,2.270461923235795
6,Acetone,50.0,Acetone,True,0.944444883606017,0.8948508559259152,Ethylene,0.19696656668340598,False,False,False,-2.5072842396060087,2.274727793821759
6,Acetone,50.0,Acetone,True,0.9375954804330799,0.8816337573572657,Ethylene,0.20014510482869077,False,False,False,-2.54556643619529,2.229706021396902
6,Acetone,50.0,Acetone,True,0.9362359244229462,0.8784625063968272,Ethylene,0.20763240726470542,False,False,False,-2.4337621647947127,2.2733073611801675
6,Acetone,50.0,Acetone,True,0.9450912386735215,0.8961406703709743,Ethylene,0.19039561432049576,False,False,False,-2.5634367102331823,2.2655830149388807
6,Acetone,50.0,Acetone,True,0.9449557929879577,0.8956266567390663,Ethylene,0.19190951253577587,False,False,False,-2.5227453904484753,2.2891659931270936
6,Acetone,50.0,Acetone,True,0.9311300757197832,0.8687350774380916,Ethylene,0.19991515545412883,False,False,False,-2.5623359246771287,2.218127940197287
6,Acetone,50.0,Acetone,True,0.9406997756533667,0.8871667254369442,Ethylene,0.19313959586425714,False,False,False,-2.530735353963522,2.27670479121702
6,Acetone,50.0,Acetone,True,0.8501273773342961,0.7161043137624944,Ethylene,0.3145642398521776,False,False,False,-1.972197351960898,1.9935464039190787
6,Acetone,50.0,Acetone,True,0.9380627192684293,0.8820790705382184,Ethylene,0.20418384296426234,False,False,False,-2.3952005052847722,2.3183843187575217
6,Acetone,50.0,Acetone,True,0.9273976538259665,0.8615712378070548,Ethylene,0.21417057415018662,False,False,False,-2.377621478804416,2.278392583883004
6,Acetone,50.0,Acetone,True,0.9296319358985973,0.8658201835914026,Ethylene,0.19488263293789435,False,False,False,-2.548447342069509,2.2542122862726686
6,Acetone,50.0,Acetone,True,0.9427394361388428,0.8916769880650357,Ethylene,0.2135786718561046,False,False,False,-2.4010944664652576,2.265455416305975
6,Acetone,50.0,Acetone,True,0.9338155799452067,0.8738538622209717,Ethylene,0.20257196762997715,False,False,False,-2.4942727865924965,2.255642188526007
6,Acetone,50.0,Acetone,True,0.9244132804574342,0.8556890718826713,Ethylene,0.21316922870532093,False,False,False,-2.4272924969874214,2.2494719293917953
6,Acetone,50.0,Acetone,True,0.93474980353541,0.876201358690853,Ethylene,0.20227463409266838,False,False,False,-2.4964070218514562,2.255589880398973
6,Acetone,50.0,Acetone,True,0.9271681210015257,0.8608746069852535,Ethylene,0.20534576188574818,False,False,False,-2.4588372139107575,2.267199011380626
6,Acetone,50.0,Acetone,True,0.9431077633386855,0.8921996500290162,Ethylene,0.21129037835110984,False,False,False,-2.445025271446482,2.246639547115931
6,Acetone,50.0,Acetone,True,0.9244283752498078,0.8560175326187052,Ethylene,0.21002843759955894,False,False,False,-2.460149567770756,2.242354429140464
6,Acetone,50.0,Acetone,True,0.9224661756077884,0.8518412208967504,Ethylene,0.2183869407783604,False,False,False,-2.38876350071617,2.2492165982656664
6,Acetone,50.0,Acetone,True,0.9435417478681987,0.8932107024975773,Ethylene,0.20172778237637146,False,False,False,-2.479191615105971,2.2710284425747367
6,Acetone,50.0,Acetone,True,0.9105399386994484,0.8289178539195133,Ethylene,0.2137340969729301,False,False,False,-2.4695533785248065,2.2169808193089158
6,Acetone,50.0,Acetone,True,0.9383519938976898,0.8833011142074865,Ethylene,0.20912378144536153,False,False,False,-2.4095516380714224,2.28258431808461
6,Acetone,50.0,Acetone,True,0.9250727965884863,0.8571418855540465,Ethylene,0.20257997869301747,False,False,False,-2.476184861499519,2.2688447487606678
6,Acetone,50.0,Acetone,True,0.9503304065875637,0.9061231313901711,Ethylene,0.21438487202107182,False,False,False,-2.3529010130361856,2.293908076580132
6,Acetone,50.0,Acetone,True,0.930986483809639,0.8685722593307349,Ethylene,0.20707556756380188,False,False,False,-2.4445647451480452,2.268516129204431
6,Acetone,50.0,Acetone,True,0.9414649388536707,0.8890786880630425,Ethylene,0.22091509277356727,False,False,False,-2.3131060416431986,2.2860206668334846
6,Acetone,50.0,Acetone,True,0.9244878375973917,0.8564530324623142,Ethylene,0.21738587860064307,False,False,False,-2.4209286279713282,2.2324541134207934
6,Acetone,50.0,Acetone,True,0.9357837125132383,0.8784963700413145,Ethylene,0.2201278347623169,False,False,False,-2.3786271423515237,2.2471283380820695
6,Acetone,50.0,Acetone,True,0.9515455510692465,0.9082524474928062,Ethylene,0.20990560223454865,False,False,False,-2.4306377192195097,2.263822631522911
6,Acetone,50.0,Acetone,True,0.9307906580741304,0.8682925627578875,Ethylene,0.21544818273279398,False,False,False,-2.377692303379546,2.2717481329551963
6,Acetone,50.0,Acetone,True,0.9355490809357662,0.8777667950651878,Ethylene,0.21474319485824594,False,False,False,-2.3987915192784897,2.261054369338374
6,Acetone,50.0,Acetone,True,0.9247124537375309,0.8569890454804245,Ethylene,0.21236605206417708,False,False,False,-2.444942333913044,2.2412316809193333
6,Acetone,50.0,Acetone,True,0.9335475822067961,0.8738134982223521,Ethylene,0.21779795732390722,False,False,False,-2.3994263120145902,2.245016927930118
6,Acetone,50.0,Acetone,True,0.9349878101743637,0.8764770753233156,Ethylene,0.22452015418440563,False,False,False,-2.31520786215681,2.2659982726052434
6,Acetone,50.0,Acetone,True,0.9333323819241861,0.8729514177699117,Ethylene,0.20761995175509243,False,False,False,-2.4560579963950433,2.2575385155419228
6,Acetone,50.0,Acetone,True,0.9384983186614339,0.8836636941749781,Ethylene,0.222352097056736,False,False,False,-2.330415573711268,2.267399793372304
6,Acetone,50.0,Acetone,True,0.9351349882034709,0.8770630247562468,Ethylene,0.24241065447872984,False,False,False,-2.5276072019763793,2.0384036419359637
6,Acetone,50.0,Acetone,True,0.9323509162315575,0.8718449781099178,Ethylene,0.22215078878074138,False,False,False,-2.3326179218608343,2.26701087375787
6,Acetone,50.0,Acetone,True,0.9272917608652087,0.8613477943999156,Ethylene,0.20880271993468266,False,False,False,-2.4370194096535256,2.2649912053386636
6,Acetone,50.0,Acetone,True,0.9402874560445701,0.8882309932086485,Ethylene,0.2943583285156318,False,False,False,-2.37706221769452,1.8973583021595122
6,Acetone,50.0,Acetone,True,0.9363697957017838,0.8781618289701437,Ethylene,0.13811598509225892,False,True,True,-2.6000270238855663,2.5200496648718023
6,Acetone,100.0,Ethylene,False,0.6497658311966812,0.3539837907923451,Ethylene,0.5089552774502295,True,False,True,-1.2079761541970544,0.8582190237283978
6,Acetone,10.0,Acetone,True,0.9741777218222932,0.9513045487696018,Ethanol,0.46125299539016795,False,False,False,-8.780824174405979,3.0972661475412004
6,Acetone,100.0,Ethylene,False,0.5375388933048609,0.16048067171255198,Ethylene,0.5180338086375966,True,False,True,-1.2454033824371349,0.8569716612984509
6,Acetone,10.0,Acetone,True,0.9738724737442425,0.9513195463116297,Ethanol,0.42875668085720325,False,False,False,-8.995470094274205,3.1216606289183866
6,Acetone,100.0,Ethylene,False,0.5891130333497274,0.26534604159391806,Ethylene,0.4960140054611537,True,False,True,-1.1612414009822072,0.8693526757388036
6,Acetone,10.0,Acetone,True,0.9637769350803033,0.9323024637912382,Ethanol,0.4208916072065396,False,False,False,-9.025074785069371,3.002512239695878
6,Acetone,100.0,Ethylene,False,0.5991316651567231,0.2756857835303779,Ethylene,0.39596327601547177,True,False,True,-0.7662098423100159,0.8475094679890104
6,Acetone,10.0,Acetone,True,0.9771309920997704,0.9574553246517541,Ethanol,0.44722509957772894,False,False,False,-8.87370448332498,3.11975944136084
6,Acetone,100.0,Ethylene,False,0.5265045080499742,0.12154736575478259,Ethylene,0.3539836805652463,True,False,True,-0.6235656151198529,0.8732859136269376
6,Acetone,10.0,Acetone,True,0.9738710404056109,0.9513702431273016,Ethanol,0.45069475303892653,False,False,False,-8.853130705117254,3.1346278051736234
6,Acetone,100.0,Ethylene,False,0.5026771150666378,0.07506363899735097,Ethylene,0.3589069608432371,True,False,True,-0.641954093637332,0.8754858812121076
6,Acetone,10.0,Acetone,True,0.977691323256823,0.9583589254189457,Ethanol,0.46886630662793,False,False,False,-8.739990032534136,3.171286060350503
6,Acetone,100.0,Ethylene,False,0.47135652429856717,0.005488051480067424,Ethylene,0.2959571874296903,True,False,True,-0.4284220140414046,0.913712843112692
6,Acetone,10.0,Acetone,True,0.9819153019066159,0.9664165469682,Ethanol,0.48301827621829296,False,False,False,-8.651795705990168,3.1978371428149845
6,Acetone,100.0,Acetone,True,0.49926390190296044,0.05200408918558186,Ethylene,0.3233571667238099,True,False,True,-0.5253851163925376,0.9114644876157335
6,Acetone,10.0,Acetone,True,0.982959707315689,0.9684307786108055,Ethanol,0.4860885566935459,False,False,False,-8.632566453231478,3.2014446881899232
6,Acetone,100.0,Acetone,True,0.5072630562414262,0.07398212687478767,Ethylene,0.29854858397724604,True,False,True,-0.4317494624611561,0.8902934115118414
6,Acetone,10.0,Acetone,True,0.9793725020110139,0.9619628346392832,Ethanol,0.46670728092449904,False,False,False,-8.752992005344097,3.1621235084208568
6,Acetone,100.0,Acetone,True,0.6230812834480682,0.2912383761783251,Ethylene,0.26181862176170595,True,False,True,-0.31142918494502386,0.9287681624725612
6,Acetone,10.0,Acetone,True,0.981521803003984,0.9657629618465449,Ethanol,0.48450621320783166,False,False,False,-8.641199886746968,3.1757409563718957
6,Acetone,100.0,Acetone,True,0.6000229462001896,0.2435416265038426,Ethylene,0.2512376720383074,True,False,True,-0.28330436789532615,0.9735043026587578
6,Acetone,10.0,Acetone,True,0.9829545178415859,0.9685449828169731,Ethanol,0.483056877209632,False,False,False,-8.650900327150318,3.185844566632954
6,Acetone,100.0,Acetone,True,0.6211061151351098,0.2820768531563083,Ethylene,0.24043234814049003,True,False,True,-0.2404668704079558,0.9502523676019154
6,Acetone,10.0,Acetone,True,0.9825413599465475,0.9676534441603197,Ethanol,0.4864908164610534,False,False,False,-8.62848124212974,3.1709321578269085
6,Acetone,100.0,Acetone,True,0.5448688753595436,0.13699637983948082,Ethylene,0.2915815365355389,True,False,True,-0.4085330901399858,0.8954726122039355
6,Acetone,10.0,Acetone,True,0.982350434891111,0.9669808172319211,Ethanol,0.4833050797070798,False,False,False,-8.649235131700603,3.1840776450573123
6,Acetone,100.0,Acetone,True,0.5327840249469616,0.12027901812453862,Ethylene,0.26937964210131,True,False,True,-0.33118889716268207,0.8969485907265602
6,Acetone,10.0,Acetone,True,0.9845806742935947,0.9714826948462028,Ethanol,0.4900995545125849,False,False,False,-8.606571153696175,3.184136964771842
6,Acetone,100.0,Acetone,True,0.5386084635706855,0.13377230986347283,Ethylene,0.28008692176897443,True,False,True,-0.37140134872898983,0.909371031911607
6,Acetone,10.0,Acetone,True,0.9856958130684006,0.9734185940371379,Ethanol,0.5013218018427695,False,False,False,-8.535716446952197,3.1512661072455184
6,Acetone,100.0,Acetone,True,0.4727949899708068,0.01273262584060203,Ethylene,0.306280070029415,True,False,True,-0.45697791791594833,0.8825349132537802
6,Acetone,10.0,Acetone,True,0.9875786187600047,0.9771057248578281,Ethanol,0.5056247153795821,False,False,False,-8.51077440463517,3.224843235571766
6,Acetone,100.0,Acetone,True,0.510026979990911,0.07920974680566889,Ethylene,0.3047350354399134,True,False,True,-0.44838876843422604,0.8699565821471983
6,Acetone,10.0,Acetone,True,0.9884918185159738,0.9788329186137974,Ethanol,0.5099214048882982,False,False,False,-8.484111272842604,3.2086342292175254
6,Acetone,100.0,Acetone,True,0.4868030252173446,0.03399624190460582,Ethylene,0.2779594827191652,True,False,True,-0.35818374752486737,0.8835550633505985
6,Acetone,10.0,Acetone,True,0.9867344250340695,0.9756888655473592,Ethanol,0.4969003797444045,False,False,False,-8.563361698770333,3.1625134341223506
6,Acetone,100.0,Acetone,True,0.57665498879631,0.20133454173644905,Ethylene,0.27401036860840083,True,False,True,-0.365547675790301,0.9771213989256952
6,Acetone,10.0,Acetone,True,0.9762434442951321,0.955338663024889,Ethanol,0.48610472334961313,False,False,False,-8.625281006402977,3.091856117300802
6,Acetone,100.0,Acetone,True,0.48667684794430544,0.03160258164112134,Ethylene,0.24870434445729714,True,False,True,-0.2630325998207738,0.9164712470624636
6,Acetone,10.0,Acetone,True,0.9795156495320103,0.9619472650872837,Ethanol,0.4866067203659141,False,False,False,-8.627905014629047,3.173621160479085
6,Acetone,100.0,Acetone,True,0.547095038163089,0.1449362108471935,Ethylene,0.22562468698976199,True,False,True,-0.18815889407420516,0.9485653395967957
6,Acetone,10.0,Acetone,True,0.9869432373237795,0.9759639745077854,Ethanol,0.5094586647870035,False,False,False,-8.486981993245807,3.2224894406444813
6,Acetone,100.0,Acetone,True,0.5752605390548589,0.1995232006941035,Ethylene,0.24982842703937908,True,False,True,-0.27191796044349603,0.9418635908190617
6,Acetone,10.0,Acetone,True,0.9791601757396259,0.9613674466605308,Ethanol,0.49073260116988654,False,False,False,-8.60243926688622,3.1802996459690545
6,Acetone,100.0,Acetone,True,0.5920086461747188,0.23328914045029508,Ethylene,0.2461627792741114,True,False,True,-0.25407646485074326,0.9159717881274986
6,Acetone,10.0,Acetone,True,0.9828297047734603,0.9680185427237337,Ethanol,0.49108326701165167,False,False,False,-8.601338017584345,3.207246411208534
6,Acetone,100.0,Acetone,True,0.616726778023503,0.28371421273266456,Ethylene,0.22770494229264762,True,False,True,-0.1741650288646254,0.8164007933111836
6,Acetone,10.0,Acetone,True,0.9885616943310997,0.9790808398302492,Ethanol,0.5196187066973151,False,False,False,-8.410263642299995,3.2742607298614232
6,Acetone,100.0,Acetone,True,0.5781734639093128,0.2079879666522036,Ethylene,0.20420580493681556,True,False,True,-0.10108214208311873,0.8608379124687946
6,Acetone,10.0,Acetone,True,0.9880611217648398,0.9779688049264419,Ethanol,0.5186659147828184,False,False,False,-8.422415085720962,3.262909451777263
6,Acetone,100.0,Acetone,True,0.6153590575258445,0.27467890933645844,Ethylene,0.21415533435286854,True,False,True,-0.14831593782310332,0.9504330969205727
6,Acetone,10.0,Acetone,True,0.9868175241520812,0.9757189937395976,Ethanol,0.521419344780825,False,False,False,-8.402608240836345,3.2428359998738303
6,Acetone,100.0,Acetone,True,0.5894491843774438,0.2263101261065419,Ethylene,0.19676695735572422,True,False,True,-0.08997076104894207,0.9672995911535951
6,Acetone,10.0,Acetone,True,0.9870915662816772,0.9762541088811211,Ethanol,0.5184347093054334,False,False,False,-8.425623258648812,3.259177614513175
6,Acetone,100.0,Acetone,True,0.604927538476182,0.2519410257836551,Ethylene,0.17742547836258626,True,False,True,-0.02004706399784132,0.9479322984241821
6,Acetone,10.0,Acetone,True,0.9900330741151115,0.9817763510526737,Ethanol,0.5227889599068508,False,False,False,-8.382239779611485,3.2698142964611048
6,Acetone,100.0,Acetone,True,0.6347899782837316,0.3114176521607539,Ethylene,0.18631407221663765,True,False,True,-0.055359923305560596,0.9824872187106096
6,Acetone,10.0,Acetone,True,0.9868916194714387,0.9759499340949688,Ethanol,0.5176556895934917,False,False,False,-8.43281233817821,3.2594149657868225
6,Acetone,100.0,Acetone,True,0.6533326411190266,0.3521073843183842,Ethylene,0.17647755182044522,True,False,True,-0.0044934140988601755,0.8340963655277992
6,Acetone,10.0,Acetone,True,0.9886913889365596,0.9792903061335613,Ethanol,0.5275478958653468,False,False,False,-8.338706013708547,3.269877095377902
6,Acetone,100.0,Acetone,True,0.7295058723022632,0.4866193019232117,Ethylene,0.18997780859000482,False,False,False,-0.10901541216894228,1.2459926588115369
6,Acetone,10.0,Acetone,True,0.9840044050340945,0.9705293169300223,Ethanol,0.5034952196223716,False,False,False,-8.52093753312014,3.116360598417623
6,Acetone,100.0,Acetone,True,0.7431931241934283,0.5061157944641825,Ethylene,0.18773879838728627,False,False,False,-0.1626183454262264,1.5649584048721512
6,Acetone,10.0,Acetone,True,0.9876602131304199,0.9777229561575257,Ethanol,0.519511650287371,False,False,False,-8.384890714537221,3.3562923097227157
6,Acetone,100.0,Acetone,True,0.7738682534340806,0.5649259630607659,Ethylene,0.14447932938637326,False,True,True,0.016162457133405857,1.610885681763291
6,Acetone,10.0,Acetone,True,0.9838535288092553,0.970511786434518,Ethanol,0.5129726203005989,False,False,False,-8.443666018955252,3.3680944264322945
6,Acetone,100.0,Acetone,True,0.7235739542931404,0.466824729411911,Ethylene,0.14728538240606498,False,True,True,0.002545859887255607,1.6200001586467032
6,Acetone,10.0,Acetone,True,0.9891591408325456,0.9804719668464129,Ethanol,0.5185712301754999,False,False,False,-8.375380842860256,3.4069559760401895
6,Acetone,100.0,Acetone,True,0.7219428777598386,0.46284343923139704,Ethylene,0.17047871406031478,False,False,False,-0.10109792837659407,1.6314268454296472
6,Acetone,10.0,Acetone,True,0.9832845628656289,0.9695383839289525,Ethanol,0.5016115077915406,False,False,False,-8.534620301021135,3.3385015872363444
6,Acetone,100.0,Acetone,True,0.7959640962344106,0.6082700531013183,Ethylene,0.14596923167021092,False,True,True,-0.010292703254047547,1.733382322060422
6,Acetone,10.0,Acetone,True,0.9868517236523039,0.9756954932471409,Ethanol,0.5252676160672658,False,False,False,-8.390659699170547,3.1169296763282777
6,Acetone,100.0,Acetone,True,0.6729920353745481,0.3808703432381341,Ethylene,0.1357759880906367,True,True,True,0.11880064221078387,1.0180699131121307
6,Acetone,10.0,Acetone,True,0.9839547825905388,0.9700672276669446,Ethanol,0.5225191603895133,False,False,False,-8.407177318317277,3.1318425873655418
6,Acetone,100.0,Acetone,True,0.6427613152502938,0.3225381204305336,Ethylene,0.10870619790998812,True,True,True,0.2126605156490442,1.048748926723326
6,Acetone,10.0,Acetone,True,0.9859426946786234,0.9742024888703961,Ethanol,0.5220909174670828,False,False,False,-8.389090434698403,3.2684082555865004
6,Acetone,100.0,Acetone,True,0.7576292546776636,0.5418095176971668,Ethylene,0.1177679462417271,False,True,True,0.17691157238017935,1.1030913592149856
6,Acetone,10.0,Acetone,True,0.9894914273479486,0.980654099645762,Ethanol,0.5369084230750157,False,False,False,-8.306992566029933,3.0721058346438497
6,Acetone,100.0,Acetone,True,0.7794924504115873,0.5882783572743835,Ethylene,0.04675570501797138,False,True,True,0.43243190495851713,1.0214664766458366
6,Acetone,10.0,Acetone,True,0.9885373833899845,0.9787617224937833,Ethanol,0.5443423499285485,False,False,False,-8.228478554978079,3.142635249335415
6,Acetone,100.0,Acetone,True,0.7858613632017893,0.5941292983181539,Ethylene,0.06713131819934938,False,True,True,0.35954051693879896,1.142054319972883
6,Acetone,10.0,Acetone,True,0.994716882479142,0.9905138048040825,Ethanol,0.5594527901844804,False,False,False,-7.996523409252969,3.412824331088744
6,Acetone,100.0,Acetone,True,0.8591196472115341,0.7340780991638023,Ethylene,0.05295366792873376,False,True,True,0.41163965980454825,1.2091182667626568
6,Acetone,10.0,Acetone,True,0.9954328369076678,0.9918743446296254,Ethanol,0.571036339546079,False,False,False,-7.933800681171261,3.3402321432667965
6,Acetone,100.0,Acetone,True,0.84570394811057,0.7086836166744808,Ethylene,0.004851937728453478,False,True,True,0.594445653095401,1.2533445231645108
6,Acetone,10.0,Acetone,True,0.9952593995557193,0.9915537176238853,Ethanol,0.5709347902681161,False,False,False,-7.94724908764758,3.313789016726755
6,Acetone,100.0,Acetone,True,0.8692997837476766,0.755601433890451,Ethylene,0.037876300831111674,False,True,True,0.4675753507811052,1.186925351840495
6,Acetone,10.0,Acetone,True,0.996402076897189,0.9936017142092589,Ethanol,0.5778648842341276,False,False,False,-7.859122018412294,3.374284648050251
6,Acetone,100.0,Acetone,True,0.8624499958242864,0.7404226728734361,Ethylene,0.023658275144380927,False,True,True,0.5220557904740442,1.230548992718467
6,Acetone,10.0,Acetone,True,0.9945257911657872,0.9902259120505373,Ethanol,0.5598073093395269,False,False,False,-7.997813256979786,3.4042548093077807
6,Acetone,100.0,Acetone,True,0.8965161978405484,0.805353721434779,Acetone,0.013854327841323419,False,True,True,0.672009949446173,1.3275961732055177
6,Acetone,10.0,Acetone,True,0.9960501111714609,0.9929868540312373,Ethanol,0.5724504443733065,False,False,False,-7.912038401115117,3.360036224177093
6,Acetone,100.0,Acetone,True,0.8892842028000352,0.791254575297649,Acetone,0.005785659645618195,False,True,True,0.6394185443959544,1.3137748809802239
6,Acetone,10.0,Acetone,True,0.996747229973092,0.9943161648544531,Ethanol,0.5839423991484692,False,False,False,-7.737712749586353,3.4853326550010033
6,Acetone,100.0,Acetone,True,0.8934916634153615,0.7998405322930526,Acetone,0.0027877873590578827,False,True,True,0.6273373040084522,1.307802608157771
6,Acetone,10.0,Acetone,True,0.9965013609921654,0.993924764829247,Ethanol,0.5772930248890854,False,False,False,-7.803792090802015,3.4743086279277966
6,Acetone,100.0,Acetone,True,0.9008964153643119,0.8134090211169259,Acetone,0.04681760154466261,False,True,True,0.8048933874277187,1.3531502679317482
6,Acetone,10.0,Acetone,True,0.9968558584086967,0.9945351183832848,Ethanol,0.58967544007559,False,False,False,-7.664126481042612,3.5158177276101514
6,Acetone,100.0,Acetone,True,0.8898578301310784,0.7925235148623602,Acetone,0.028496766215123523,False,True,True,0.7239350944399523,1.2736557533796524
6,Acetone,10.0,Acetone,True,0.9977198698355152,0.9960624296865555,Ethanol,0.5931825217095457,False,False,False,-7.609553256741348,3.5437694014586145
6,Acetaldehyde,50.0,Acetaldehyde,True,0.9967683634647702,0.9948111275963966,Ethanol,0.2011050848969304,False,False,False,-3.688880518332913,4.9867794759715744
6,Acetaldehyde,250.0,Acetaldehyde,True,0.9997134127236997,0.9994948054874373,Acetaldehyde,0.12733333409247988,False,True,True,10.496332363585216,6.950557368872416
6,Acetaldehyde,125.0,Acetaldehyde,True,0.998621358440431,0.9976856628701539,Acetaldehyde,0.902210858010969,False,False,False,2.770401482124439,5.964765481971419
6,Acetaldehyde,175.0,Acetaldehyde,True,0.9992099431252113,0.9988179442491015,Acetaldehyde,0.34244349701003546,False,False,False,6.097883401669422,6.307749154745531
6,Acetaldehyde,200.0,Acetaldehyde,True,0.9997388428000057,0.9995909706305698,Acetaldehyde,0.2426519432644877,False,False,False,7.741310870276619,7.0563160597815715
6,Acetaldehyde,75.0,Acetaldehyde,True,0.9978867126485162,0.9961678035983901,Acetaldehyde,0.17099871772921765,False,False,False,-1.5048621590819398,5.416090678597072
6,Acetaldehyde,100.0,Acetaldehyde,True,0.9975126018127444,0.995600591469711,Acetaldehyde,0.6621014470653351,False,False,False,1.1428308032112429,5.596424837044466
6,Acetaldehyde,225.0,Acetaldehyde,True,0.9996939321546495,0.9994922387069002,Acetaldehyde,0.17124504993458772,False,False,False,9.14589386027157,6.919721257563866
6,Acetaldehyde,150.0,Acetaldehyde,True,0.9995498173106171,0.9992695987089596,Acetaldehyde,0.5269087719932924,False,False,False,4.598147992102382,6.672072581760718
6,Acetaldehyde,75.0,Acetaldehyde,True,0.9980427203429318,0.9965202382419296,Acetaldehyde,0.231325292904496,False,False,False,-1.1991001361049323,5.519501339365519
6,Acetaldehyde,100.0,Acetaldehyde,True,0.9976962165713111,0.9959235184464484,Acetaldehyde,0.616730876204472,False,False,False,0.8954172364573151,5.604962193195093
6,Acetaldehyde,225.0,Acetaldehyde,True,0.9997505327746178,0.99959760421929,Acetaldehyde,0.18524699516774532,False,False,False,8.770112443304459,6.864227558945714
6,Acetaldehyde,150.0,Acetaldehyde,True,0.9995493825104835,0.9992655560338619,Acetaldehyde,0.5379860717180532,False,False,False,4.513893574001696,6.714389616803062
6,Acetaldehyde,50.0,Acetaldehyde,True,0.9974930325461645,0.9957772055109613,Ethanol,0.20915064878250825,False,False,False,-3.772633071641794,5.1573236470641834
6,Acetaldehyde,250.0,Acetaldehyde,True,0.9998668275866521,0.9997816956324866,Acetaldehyde,0.16225539021342722,False,False,False,9.686873715348167,7.346448632080955
6,Acetaldehyde,125.0,Acetaldehyde,True,0.9992970431051058,0.9988619995967809,Acetaldehyde,0.8267939591597842,False,False,False,2.7704494633351384,6.426745277355496
6,Acetaldehyde,175.0,Acetaldehyde,True,0.9995191604229112,0.9992554801379608,Acetaldehyde,0.3913745106940789,False,False,False,5.709885842149964,6.616110324943493
6,Acetaldehyde,200.0,Acetaldehyde,True,0.9997905825097639,0.9996808471708176,Acetaldehyde,0.26940046724315586,False,False,False,7.373774097165137,7.248252774110238
6,Acetaldehyde,50.0,Acetaldehyde,True,0.9975898855215148,0.995910769175839,Ethanol,0.20070966978048846,False,False,False,-3.6979404084574115,5.164851714459492
6,Acetaldehyde,250.0,Acetaldehyde,True,0.9998294652653028,0.9997112571227696,Acetaldehyde,0.14997558828250565,False,True,True,10.005594865448218,7.275599828511959
6,Acetaldehyde,125.0,Acetaldehyde,True,0.999108432388733,0.9984371199962352,Acetaldehyde,0.894441795191916,False,False,False,2.2831820982758533,6.175744557745004
6,Acetaldehyde,175.0,Acetaldehyde,True,0.9995447904842448,0.9992816383755816,Acetaldehyde,0.4048162266129355,False,False,False,5.5894424436489425,6.643329413741091
6,Acetaldehyde,200.0,Acetaldehyde,True,0.999825873194402,0.9997376207822504,Acetaldehyde,0.2675929501605314,False,False,False,7.409692993997923,7.2691020519725456
6,Acetaldehyde,75.0,Acetaldehyde,True,0.9978515963444944,0.9960944881406602,Acetaldehyde,0.1811690316633265,False,False,False,-1.4902898893316414,5.547027682859346
6,Acetaldehyde,100.0,Acetaldehyde,True,0.998275451275533,0.9968738338665477,Acetaldehyde,0.5396002065753086,False,False,False,0.46162785444352844,5.83345239159678
6,Acetaldehyde,225.0,Acetaldehyde,True,0.9998192666714018,0.9997124992587869,Acetaldehyde,0.20687273320346214,False,False,False,8.511530964247905,7.227514846471713
6,Acetaldehyde,150.0,Acetaldehyde,True,0.9995444854947869,0.9992302130051004,Acetaldehyde,0.5985819931407937,False,False,False,4.098047137249628,6.6825163604712845
6,Acetaldehyde,50.0,Acetaldehyde,True,0.9978548259578945,0.9961492347406027,Ethanol,0.20796203112366096,False,False,False,-3.7681908446444248,5.212025579100277
6,Acetaldehyde,75.0,Acetaldehyde,True,0.9982138606858776,0.9967447312597693,Acetaldehyde,0.23145002125830308,False,False,False,-1.2370241424127626,5.581511769407578
6,Acetaldehyde,100.0,Acetaldehyde,True,0.9979383298236459,0.9962916660332172,Acetaldehyde,0.7618665161134243,False,False,False,1.5580486006921677,5.808083198720899
6,Acetaldehyde,125.0,Acetaldehyde,True,0.9988117774409151,0.9979176076962322,Acetaldehyde,0.882982426305951,False,False,False,2.7286487806376485,6.1582823958497075
6,Acetaldehyde,150.0,Acetaldehyde,True,0.9992958628300593,0.9988195498180942,Acetaldehyde,0.5808867726361246,False,False,False,4.233432162608454,6.589838248842646
6,Acetaldehyde,175.0,Acetaldehyde,True,0.9995439910331941,0.9992696533300183,Acetaldehyde,0.39350639991682357,False,False,False,5.74006629217606,6.916208177899647
6,Acetaldehyde,200.0,Acetaldehyde,True,0.9997342867306188,0.9995964838094242,Acetaldehyde,0.2795821115201778,False,False,False,7.223449147285795,7.2754270616570444
6,Acetaldehyde,225.0,Acetaldehyde,True,0.999859434379525,0.9997808983127372,Acetaldehyde,0.21006069930065668,False,False,False,8.655465630457245,7.671091831694765
6,Acetaldehyde,250.0,Acetaldehyde,True,0.9999076492773137,0.9998497000077876,Acetaldehyde,0.17171154379848697,False,False,False,9.713863096599153,7.835765979596161
6,Acetaldehyde,50.0,Acetone,False,0.958952111552071,0.9277064521267703,Ethanol,0.0691245396254095,False,True,True,-12.372687701394785,2.7051208312635855
6,Acetaldehyde,50.0,Acetaldehyde,True,0.9951697232377567,0.9919279011301464,Ethanol,0.2523255045986119,False,False,False,-4.033582228289933,4.49421811135385
6,Acetaldehyde,50.0,Acetaldehyde,True,0.9959788218988904,0.9934752513699379,Ethanol,0.2315074587766341,False,False,False,-3.89270341429152,4.503927568916479
6,Acetaldehyde,50.0,Acetaldehyde,True,0.9968319868084468,0.9949661700952827,Ethanol,0.24851253233400558,False,False,False,-4.019834690970723,4.603922861126936
6,Acetaldehyde,50.0,Acetaldehyde,True,0.9975768241633614,0.9961171441002115,Ethanol,0.29251762088566097,False,False,False,-4.334420265963145,4.6196713119627315
6,Acetaldehyde,50.0,Acetaldehyde,True,0.9959529564493941,0.9936384166000501,Ethanol,0.30705987763174847,False,False,False,-4.404840417632922,4.504379398360781
6,Acetaldehyde,50.0,Acetaldehyde,True,0.9961975116653289,0.9939931022018841,Ethanol,0.29669061957455506,False,False,False,-4.343076237739077,4.538925767743316
6,Acetaldehyde,50.0,Acetaldehyde,True,0.9959527941366292,0.9937928591739608,Ethanol,0.30390903803696867,False,False,False,-4.392306190815519,4.537464915367249
6,Acetaldehyde,50.0,Acetaldehyde,True,0.9957949925248668,0.9934405345366881,Ethanol,0.3098594018962497,False,False,False,-4.430417442490785,4.527571681263269
6,Acetaldehyde,50.0,Acetaldehyde,True,0.9955942035541451,0.9930215390722321,Ethanol,0.3232070564202954,False,False,False,-4.507722823881239,4.4826457928038295
6,Acetaldehyde,50.0,Acetaldehyde,True,0.9963903162738228,0.9944260086081611,Ethanol,0.3081410869768151,False,False,False,-4.44281400733742,4.609562020237973
6,Acetaldehyde,50.0,Acetaldehyde,True,0.9963526626985613,0.9941524032981359,Ethanol,0.30008754939094234,False,False,False,-4.380733800431777,4.592398473416354
6,Acetaldehyde,50.0,Acetaldehyde,True,0.9971914205686224,0.9954788061506151,Ethanol,0.26783005515117964,False,False,False,-4.173565212771999,4.695253803339296
6,Acetaldehyde,50.0,Acetaldehyde,True,0.996910503674179,0.9950073763310401,Ethanol,0.2607442882828307,False,False,False,-4.123245803075549,4.704219239490532
6,Acetaldehyde,50.0,Acetaldehyde,True,0.9973357930636102,0.9955813968592082,Ethanol,0.2399888836243563,False,False,False,-3.979729581812718,4.77885122963098
6,Acetaldehyde,50.0,Acetaldehyde,True,0.9975017923648426,0.9958767006893847,Ethanol,0.22867206484068306,False,False,False,-3.897860484212646,4.821293205299639
6,Acetaldehyde,50.0,Acetaldehyde,True,0.9977054125186909,0.9961885360398125,Ethanol,0.2092108826657001,False,False,False,-3.749885928313537,4.891172213936041
6,Acetaldehyde,50.0,Acetaldehyde,True,0.997676008520134,0.9961192187852675,Ethanol,0.2098157221496535,False,False,False,-3.7544122052752265,4.88578927621481
6,Acetaldehyde,50.0,Acetaldehyde,True,0.9978992718581322,0.9965119431594422,Ethanol,0.197730757405592,False,False,False,-3.658643492497219,4.941519301225542
6,Acetaldehyde,50.0,Acetaldehyde,True,0.9978063996913847,0.9963176529940243,Ethanol,0.19988515742372523,False,False,False,-3.6756566162356967,4.922407522487628
6,Acetaldehyde,50.0,Acetaldehyde,True,0.9979721581894199,0.9966216612792719,Ethanol,0.1947027274275336,False,False,False,-3.6346350412270025,4.9765745011259535
6,Acetaldehyde,50.0,Acetaldehyde,True,0.9977964610025052,0.9963392492143301,Ethanol,0.20542740865634457,False,False,False,-3.7232844049134997,4.959024460409363
6,Acetaldehyde,50.0,Acetaldehyde,True,0.9979512138211059,0.9965864175979743,Ethanol,0.19857536644808693,False,False,False,-3.667744458963268,4.989441206665541
6,Acetaldehyde,50.0,Acetaldehyde,True,0.9977654996930911,0.9961999117030551,Ethanol,0.21062805405071,False,False,False,-3.7645588040634115,4.936411158616039
6,Acetaldehyde,50.0,Acetaldehyde,True,0.9979870302396935,0.9966176114233142,Ethanol,0.20540843733132816,False,False,False,-3.7251722958926976,4.989709482054721
6,Acetaldehyde,50.0,Acetaldehyde,True,0.9981763876132332,0.9969214747999932,Ethanol,0.20808103564140099,False,False,False,-3.7464068800747263,4.974584369397109
6,Acetaldehyde,50.0,Acetaldehyde,True,0.9978827076918461,0.996375688336941,Ethanol,0.2108606973714802,False,False,False,-3.7689463381162875,4.967608075602855
6,Acetaldehyde,50.0,Acetaldehyde,True,0.9979624840172137,0.996514069160145,Ethanol,0.214712888963636,False,False,False,-3.8017377449840506,4.976985007989944
6,Acetaldehyde,50.0,Acetaldehyde,True,0.9979613910287891,0.9964859220832036,Ethanol,0.20998383736442686,False,False,False,-3.761296609233818,4.962813874294959
6,Acetaldehyde,50.0,Acetaldehyde,True,0.9980831032587035,0.996706933714446,Ethanol,0.2039913908380157,False,False,False,-3.714050346204425,5.001290830065903
6,Acetaldehyde,50.0,Acetaldehyde,True,0.9982435864864694,0.9969978406548108,Ethanol,0.21356775333828312,False,False,False,-3.796255873410713,5.018754623004627
6,Acetaldehyde,50.0,Acetaldehyde,True,0.9980795339194356,0.9967603568371527,Ethanol,0.2094320460056297,False,False,False,-3.762185823172823,5.0285674454443
6,Acetaldehyde,50.0,Acetaldehyde,True,0.9980676019887188,0.996669580695047,Ethanol,0.21290614817719292,False,False,False,-3.7881103527081663,4.991989963747281
6,Acetaldehyde,50.0,Acetaldehyde,True,0.9981132682534278,0.996763754223054,Ethanol,0.22187730457527352,False,False,False,-3.862776309547329,4.990773242857187
6,Acetaldehyde,50.0,Acetaldehyde,True,0.9982302350066601,0.9969568038963853,Ethanol,0.21304185637147885,False,False,False,-3.792893203059103,5.0295526798913155
6,Acetaldehyde,50.0,Acetaldehyde,True,0.9983142604626464,0.9971623245964876,Ethanol,0.21532399084617967,False,False,False,-3.817876570655359,5.0797468173465905
6,Acetaldehyde,50.0,Acetaldehyde,True,0.9981899341489137,0.9968912831998481,Ethanol,0.21272490105782324,False,False,False,-3.7918981818304127,5.046275480264109
6,Acetaldehyde,50.0,Acetaldehyde,True,0.9982769166102905,0.9970418371585263,Ethanol,0.20931824918752323,False,False,False,-3.7635482189418217,5.054182465775903
6,Acetaldehyde,50.0,Acetaldehyde,True,0.99816575620486,0.9968568582129691,Ethanol,0.21177392577872886,False,False,False,-3.78445913354812,5.053001206509564
6,Acetaldehyde,50.0,Acetaldehyde,True,0.9981719361951114,0.9968329046060629,Ethanol,0.2111805327459353,False,False,False,-3.77996489033064,5.058860344374123
6,Acetaldehyde,50.0,Acetaldehyde,True,0.9981869059780617,0.9968456022483403,Ethanol,0.2167046326858128,False,False,False,-3.8243256640335064,5.033247396526349
6,Acetaldehyde,50.0,Acetaldehyde,True,0.9982758146809385,0.9970997572468073,Ethanol,0.21536183731844138,False,False,False,-3.819010982120425,5.08658764583296
6,Acetaldehyde,50.0,Acetaldehyde,True,0.9982317203215735,0.9969324696355234,Ethanol,0.20493291627825727,False,False,False,-3.728451909770822,5.085012080355079
6,Acetaldehyde,50.0,Acetaldehyde,True,0.9981438990279827,0.9967398807548993,Ethanol,0.21910791262763285,False,False,False,-3.8435504586981333,5.023830857634533
6,Acetaldehyde,50.0,Acetaldehyde,True,0.9982465761957325,0.9969943611116138,Ethanol,0.2198658336920689,False,False,False,-3.85631565945683,5.07430071723546
6,Acetaldehyde,50.0,Acetaldehyde,True,0.9982203411096123,0.996908570024212,Ethanol,0.21639491937247538,False,False,False,-3.8253296771693157,5.064794648993232
6,Acetaldehyde,50.0,Acetaldehyde,True,0.9981310992548216,0.9967203592790488,Ethanol,0.20489591772396304,False,False,False,-3.7255626132023805,5.053603878195191
6,Acetaldehyde,50.0,Acetaldehyde,True,0.9982366373200102,0.9969110450979546,Ethanol,0.22277156566576517,False,False,False,-3.8802394871954986,5.066840617132258
6,Acetaldehyde,50.0,Acetaldehyde,True,0.9984216163018952,0.9972908154814255,Ethanol,0.2236879617066759,False,False,False,-3.890536472036034,5.083857434910448
6,Acetaldehyde,50.0,Acetaldehyde,True,0.9983594804245811,0.9971495333173989,Ethanol,0.20968669425667938,False,False,False,-3.7690252649763396,5.078208271467559
6,Acetaldehyde,50.0,Acetaldehyde,True,0.9981685229988732,0.996803654971001,Ethanol,0.21434275300207264,False,False,False,-3.808343493136624,5.070344109790151
6,Acetaldehyde,50.0,Acetaldehyde,True,0.9981449104296941,0.9967865384152191,Ethanol,0.21381971446419337,False,False,False,-3.8050368959676955,5.081024617579509
6,Acetaldehyde,50.0,Acetaldehyde,True,0.9980722853930091,0.9966437796405132,Ethanol,0.21053348409980818,False,False,False,-3.7788107140339062,5.102004481376884
6,Acetaldehyde,50.0,Acetaldehyde,True,0.9984424776411094,0.9972752056876014,Ethanol,0.21839637130649028,False,False,False,-3.8453537499164905,5.087417193020315
6,Acetaldehyde,50.0,Acetaldehyde,True,0.9984324760304895,0.9973179172239356,Ethanol,0.21434242972702217,False,False,False,-3.81548041092873,5.130836379062879
6,Acetaldehyde,50.0,Acetaldehyde,True,0.9982198704443973,0.9968852593405828,Ethanol,0.21552182017705712,False,False,False,-3.819446120689993,5.078581533882318
6,Acetaldehyde,50.0,Acetaldehyde,True,0.9982385475728007,0.9969530335234766,Ethanol,0.2220417239641478,False,False,False,-3.874835002806468,5.073001905134526
6,Acetaldehyde,50.0,Acetaldehyde,True,0.9981867548275206,0.9968025005727355,Ethanol,0.22084792765826822,False,False,False,-3.8622764745301965,5.055588011396925
6,Acetaldehyde,50.0,Acetaldehyde,True,0.9983340656397665,0.9971060353464447,Ethanol,0.22097730325453674,False,False,False,-3.8694119905725097,5.1001042039189555
6,Acetaldehyde,50.0,Acetaldehyde,True,0.998333036884826,0.9970994909376076,Ethanol,0.20840113696262663,False,False,False,-3.7623142397971585,5.122881959322958
6,Acetaldehyde,50.0,Acetaldehyde,True,0.9983976670416088,0.9972244599875165,Ethanol,0.2251337118685022,False,False,False,-3.9084178814940302,5.119081073964495
6,Acetaldehyde,50.0,Acetaldehyde,True,0.9983686883457277,0.9971354546292527,Ethanol,0.22919473607889,False,False,False,-3.9401314143032695,5.096942162097747
6,Acetaldehyde,50.0,Acetaldehyde,True,0.9982159153003144,0.9968854406758235,Ethanol,0.21632058298870485,False,False,False,-3.8306372051869526,5.113385436469535
6,Acetaldehyde,50.0,Acetaldehyde,True,0.9984458965654687,0.9973095084330135,Ethanol,0.22203097512696704,False,False,False,-3.88125541818594,5.118705152227759
6,Acetaldehyde,50.0,Acetaldehyde,True,0.9982918399393309,0.9970184115921492,Ethanol,0.2275070908437785,False,False,False,-3.9256007750099267,5.097401790048771
6,Acetaldehyde,50.0,Acetaldehyde,True,0.9984195574479088,0.9972554116243079,Ethanol,0.20976778596808235,False,False,False,-3.7759304262969717,5.137629534968152
6,Acetaldehyde,50.0,Acetaldehyde,True,0.998253162325564,0.9969237347650504,Ethanol,0.2205549051427831,False,False,False,-3.8673940520984735,5.111912843745
6,Acetaldehyde,50.0,Acetaldehyde,True,0.9983176426484615,0.997082780837316,Ethanol,0.2188353624848251,False,False,False,-3.853426271361414,5.119493457972389
6,Acetaldehyde,50.0,Acetaldehyde,True,0.9984358227855622,0.9972893878015959,Ethanol,0.2141842362118315,False,False,False,-3.8156159480332636,5.143124786924012
6,Acetaldehyde,50.0,Acetaldehyde,True,0.9982584708733029,0.9968999061554988,Ethanol,0.22247357824041952,False,False,False,-3.879078037956945,5.076828354673972
6,Acetaldehyde,50.0,Acetaldehyde,True,0.9984119626631602,0.9972356946369243,Ethanol,0.21838178612741374,False,False,False,-3.8513276628338526,5.133215283819354
6,Acetaldehyde,50.0,Acetaldehyde,True,0.9983061263920041,0.9970002094111228,Ethanol,0.2166960141982019,False,False,False,-3.8329257129755114,5.105610554263376
6,Acetaldehyde,50.0,Acetaldehyde,True,0.9983887455456226,0.9971708691289316,Ethanol,0.22576796566345392,False,False,False,-3.9137902922768917,5.118036937164554
6,Acetaldehyde,50.0,Acetaldehyde,True,0.9983138891947971,0.9970505000341852,Ethanol,0.21890687366664685,False,False,False,-3.8557570196979047,5.131858735406005
6,Acetaldehyde,50.0,Acetaldehyde,True,0.9984537109452868,0.9972986530571928,Ethanol,0.2163156287353437,False,False,False,-3.832960951420587,5.131780318832384
6,Acetaldehyde,50.0,Acetaldehyde,True,0.9984508031939306,0.9973053399719675,Ethanol,0.23631200145411504,False,False,False,-4.004680974170374,5.112465292908368
6,Acetaldehyde,50.0,Acetaldehyde,True,0.9983000769008408,0.9970140335696731,Ethanol,0.2296023043036516,False,False,False,-3.944800912113163,5.103714180816076
6,Acetaldehyde,50.0,Acetaldehyde,True,0.9982747132788201,0.9969760167849263,Ethanol,0.23515000307325265,False,False,False,-3.9868810250044597,5.071094448696365
6,Acetaldehyde,50.0,Acetaldehyde,True,0.9982062368086098,0.9968205011164042,Ethanol,0.23341872237577324,False,False,False,-3.969795847998553,5.058092155479844
6,Acetaldehyde,50.0,Acetaldehyde,True,0.9981916359034161,0.9968524880850975,Ethanol,0.25366111553459253,False,False,False,-4.142281535020995,5.05846081074929
6,Acetaldehyde,50.0,Acetaldehyde,True,0.9981460839077197,0.9967289760491823,Ethanol,0.24487643348377983,False,False,False,-4.067653123462228,5.059521207128251
6,Acetaldehyde,50.0,Acetaldehyde,True,0.9984290206649489,0.9972638832035603,Ethanol,0.23101282940446316,False,False,False,-3.955881934072698,5.097064306760495
6,Acetaldehyde,50.0,Acetaldehyde,True,0.9981025481823552,0.9966347961261739,Ethanol,0.2280503617970228,False,False,False,-3.9232312080324876,5.052753077071054
6,Acetaldehyde,50.0,Acetaldehyde,True,0.998332662842979,0.9970652893737905,Ethanol,0.22518078790070153,False,False,False,-3.9059217040732688,5.10041881687474
6,Acetaldehyde,50.0,Acetaldehyde,True,0.9983500001042737,0.9970826839204574,Ethanol,0.2218378902635719,False,False,False,-3.8755192323451615,5.090504490799164
6,Acetaldehyde,50.0,Acetaldehyde,True,0.9983487934670294,0.9970886028881222,Ethanol,0.22256560052941587,False,False,False,-3.8856996257963696,5.11717601845329
6,Acetaldehyde,50.0,Acetaldehyde,True,0.9982357060312096,0.9968284923993642,Ethanol,0.22717382358064195,False,False,False,-3.918979314617432,5.073692705452909
6,Acetaldehyde,50.0,Acetaldehyde,True,0.9981885645961147,0.9967554754277317,Ethanol,0.21884864038342433,False,False,False,-3.8540629588221935,5.123296339544638
6,Acetaldehyde,50.0,Acetaldehyde,True,0.9984689850057503,0.9972874434607473,Ethanol,0.21398660633283098,False,False,False,-3.8133303532886367,5.138797970996572
6,Acetaldehyde,50.0,Acetaldehyde,True,0.9983894423808105,0.99714479051878,Ethanol,0.21544374942186784,False,False,False,-3.8284919210327777,5.1564378755301945
6,Acetaldehyde,50.0,Acetaldehyde,True,0.9984143635370654,0.9972028833112018,Ethanol,0.2081817950192755,False,False,False,-3.7644562167722198,5.161502500676382
6,Acetaldehyde,50.0,Acetaldehyde,True,0.9983901235290755,0.9971314672997887,Ethanol,0.20152598881387815,False,False,False,-3.7053687873946854,5.166096008422209
6,Acetaldehyde,50.0,Acetaldehyde,True,0.9984222561362782,0.9972168011091229,Ethanol,0.2193908081969806,False,False,False,-3.8624673944441574,5.1491148747768865
6,Acetaldehyde,50.0,Acetaldehyde,True,0.9983786109829526,0.9971237626715272,Ethanol,0.2056310862754981,False,False,False,-3.7429891102785637,5.1743720616055215
6,Acetaldehyde,50.0,Acetaldehyde,True,0.9984033012124377,0.9971477853557966,Ethanol,0.21036203325034894,False,False,False,-3.7827272002572987,5.15130084492748
6,Acetaldehyde,50.0,Acetaldehyde,True,0.9983953198354922,0.9971301079769369,Ethanol,0.2052360560024994,False,False,False,-3.7409653969604277,5.189190826719739
6,Acetaldehyde,50.0,Acetaldehyde,True,0.9982261972652278,0.996829936756472,Ethanol,0.20687782127901147,False,False,False,-3.7512698452617474,5.146519746693768
6,Acetaldehyde,50.0,Acetaldehyde,True,0.9982315903986048,0.9968289639119715,Ethanol,0.20100355504534292,False,False,False,-3.7008088167263096,5.167559314464756
6,Acetaldehyde,50.0,Acetaldehyde,True,0.9983955874867765,0.9971344266708,Ethanol,0.20168200250799936,False,False,False,-3.707614044465787,5.175594813192523
6,Acetaldehyde,50.0,Acetaldehyde,True,0.998386301805831,0.9971208683309596,Ethanol,0.19429424183635716,False,False,False,-3.6416219716978855,5.185108525378398
6,Acetaldehyde,50.0,Acetaldehyde,True,0.9982129210057782,0.9967911562405285,Ethanol,0.1997844002709955,False,False,False,-3.689077424538658,5.157923290122879
6,Acetaldehyde,50.0,Acetaldehyde,True,0.9983034018375062,0.9969559798131626,Ethanol,0.20560661883584488,False,False,False,-3.7417380940470943,5.164237502235265
6,Acetaldehyde,50.0,Acetaldehyde,True,0.9985019260804768,0.9973348484712777,Ethanol,0.20403387417951457,False,False,False,-3.730642437339867,5.194493464316601
6,Acetaldehyde,50.0,Acetaldehyde,True,0.9984234330164528,0.9971822959737255,Ethanol,0.20272431682272982,False,False,False,-3.7172773988109964,5.178653627415046
6,Acetaldehyde,50.0,Acetaldehyde,True,0.9983120902115284,0.9969724103826391,Ethanol,0.19769921823898642,False,False,False,-3.672550084881085,5.186106857820899
6,Acetaldehyde,50.0,Acetaldehyde,True,0.99371297372761,0.9896225060820759,Acetaldehyde,0.08913692151917088,False,True,True,-1.7815704936145604,4.981683798983976
6,Acetaldehyde,50.0,Acetaldehyde,True,0.9968867146310972,0.9953595399606375,Ethanol,0.1599235532028991,False,False,False,-3.3445456383434893,4.885857134341908
6,Acetaldehyde,50.0,Acetaldehyde,True,0.9979275094055107,0.9964297096052859,Ethanol,0.2321893139381326,False,False,False,-3.9462121919772466,4.976252457734082
6,Acetaldehyde,50.0,Acetaldehyde,True,0.998052408251501,0.9965399175873043,Ethanol,0.24505445276123677,False,False,False,-4.051600151951427,4.973001352492481
6,Acetaldehyde,50.0,Acetaldehyde,True,0.9985472858955177,0.9974211680920535,Ethanol,0.25063340735238576,False,False,False,-4.11766071162305,5.063574489183851
6,Acetaldehyde,50.0,Acetaldehyde,True,0.9981061522364291,0.9966089505634766,Ethanol,0.2723855845328753,False,False,False,-4.29585905476231,5.037003709198606
6,Acetaldehyde,50.0,Acetaldehyde,True,0.9979988100573574,0.9964327416452587,Ethanol,0.2624988520040509,False,False,False,-4.212002710743854,5.037362351885444
6,Acetaldehyde,50.0,Acetaldehyde,True,0.9981068731228498,0.9966782470981982,Ethanol,0.26312303449248114,False,False,False,-4.214531271547816,5.027147252614453
6,Acetaldehyde,50.0,Acetaldehyde,True,0.9983207810965733,0.9970756166165031,Ethanol,0.26534793410575613,False,False,False,-4.238707690441348,5.046426478578313
6,Acetaldehyde,50.0,Acetaldehyde,True,0.9981991950775385,0.9968392035860986,Ethanol,0.26194436025414397,False,False,False,-4.2096018631168155,5.045920950238104
6,Acetaldehyde,50.0,Acetaldehyde,True,0.9982525763426097,0.9969164891612631,Ethanol,0.2537752807157696,False,False,False,-4.142403517490799,5.054953847442056
6,Acetaldehyde,50.0,Acetaldehyde,True,0.9982584434303152,0.9969095113154658,Ethanol,0.2401046986661058,False,False,False,-4.03645965123031,5.106563027696305
6,Acetaldehyde,50.0,Acetaldehyde,True,0.9980681950184274,0.9965898632580059,Ethanol,0.2566663276328162,False,False,False,-4.167537677846601,5.056956906815848
6,Acetaldehyde,50.0,Acetaldehyde,True,0.9983006862814809,0.99699216436296,Ethanol,0.25255063679296524,False,False,False,-4.140335674643428,5.089467973699465
6,Acetaldehyde,50.0,Acetaldehyde,True,0.9981504549324759,0.9967422911645172,Ethanol,0.26697977014465,False,False,False,-4.253361411659441,5.049023464431163
6,Acetaldehyde,50.0,Acetaldehyde,True,0.9982117236978866,0.9968150642377205,Ethanol,0.25010399468464367,False,False,False,-4.118971539626817,5.088456094508415
6,Acetaldehyde,50.0,Acetaldehyde,True,0.998163667287601,0.9967169543988904,Ethanol,0.24143154202775122,False,False,False,-4.03670191346208,5.051477367312561
6,Acetaldehyde,50.0,Acetaldehyde,True,0.9981735624654413,0.9967242041609051,Ethanol,0.25355630762001824,False,False,False,-4.143894251970157,5.068745389029802
6,Acetaldehyde,50.0,Acetaldehyde,True,0.9981256612235393,0.996606546116389,Ethanol,0.2462706755537734,False,False,False,-4.080273964620117,5.06293090966806
6,Acetaldehyde,50.0,Acetaldehyde,True,0.9983247715720087,0.997036277594223,Ethanol,0.2578811306508245,False,False,False,-4.188252167136295,5.0963902447257325
6,Acetaldehyde,50.0,Acetaldehyde,True,0.9982007482108792,0.9967898502538912,Ethanol,0.23930775554961936,False,False,False,-4.029813945528,5.107900275983955
6,Acetaldehyde,50.0,Acetaldehyde,True,0.9982696373455577,0.9969458301958027,Ethanol,0.24616122386821,False,False,False,-4.09227425336209,5.120642855279956
6,Acetaldehyde,50.0,Acetaldehyde,True,0.9982763175927717,0.9969448811068343,Ethanol,0.23290303296351128,False,False,False,-3.9795063340659924,5.136704536613815
6,Acetaldehyde,50.0,Acetaldehyde,True,0.9982228481486655,0.996831231374988,Ethanol,0.2448103190515235,False,False,False,-4.078537606680617,5.112036421357377
6,Acetaldehyde,50.0,Acetaldehyde,True,0.9981887271194012,0.99673769719918,Ethanol,0.25077419043933613,False,False,False,-4.125498478922889,5.091555733011581
6,Acetaldehyde,50.0,Acetaldehyde,True,0.9981589554439303,0.9966876336595292,Ethanol,0.2479239041307616,False,False,False,-4.097942572262475,5.07872297985519
6,Acetaldehyde,50.0,Acetaldehyde,True,0.9982517899148402,0.9968679693691959,Ethanol,0.24592234903395213,False,False,False,-4.085694450287647,5.100905347931185
6,Acetaldehyde,50.0,Acetaldehyde,True,0.9981764115859226,0.9967134572606273,Ethanol,0.24025136045444137,False,False,False,-4.036703388112682,5.1015697232119
6,Acetaldehyde,50.0,Acetaldehyde,True,0.9981011707148149,0.9966166043016159,Ethanol,0.23672843608273741,False,False,False,-4.0098900994804465,5.1205308153403895
6,Acetaldehyde,50.0,Acetaldehyde,True,0.9983487512796889,0.9970398239112416,Ethanol,0.24207240129620491,False,False,False,-4.055412951492866,5.115304567471261
6,Acetaldehyde,50.0,Acetaldehyde,True,0.9983278079186257,0.996997557634998,Ethanol,0.24302410546417716,False,False,False,-4.064815252010733,5.12037432223123
6,Acetaldehyde,50.0,Acetaldehyde,True,0.998298040342148,0.9969540849464121,Ethanol,0.2421265393890272,False,False,False,-4.056871262234895,5.119877679066854
6,Acetaldehyde,50.0,Acetaldehyde,True,0.9982898998925654,0.9969056014486406,Ethanol,0.23061707396748723,False,False,False,-3.9573310220104494,5.124996723696808
6,Acetaldehyde,50.0,Acetaldehyde,True,0.9983421622867694,0.9970168545182515,Ethanol,0.23146100864622413,False,False,False,-3.9672245703850333,5.138823462669684
6,Acetaldehyde,50.0,Acetaldehyde,True,0.9983368908565929,0.9970048051146672,Ethanol,0.21912528531288297,False,False,False,-3.86173433101212,5.160318444327896
6,Acetaldehyde,50.0,Acetaldehyde,True,0.9983834494788508,0.9970837571799047,Ethanol,0.2221823044243176,False,False,False,-3.888584430749733,5.1583776466401625
6,Acetaldehyde,50.0,Acetaldehyde,True,0.998349634412992,0.9970577863055746,Ethanol,0.21858261828641648,False,False,False,-3.8629580693657326,5.20131975980816
6,Acetaldehyde,50.0,Acetaldehyde,True,0.9984071598142129,0.9971426508553053,Ethanol,0.2202390122485022,False,False,False,-3.8769927473781243,5.195485781994443
6,Acetaldehyde,50.0,Acetaldehyde,True,0.9980869412210361,0.9965413925950805,Ethanol,0.23789892550210034,False,False,False,-4.019367523772699,5.116855400840503
6,Acetaldehyde,50.0,Acetaldehyde,True,0.9982466579713367,0.9968397802849035,Ethanol,0.22744626228048476,False,False,False,-3.9326687514214194,5.143267635521938
6,Acetaldehyde,50.0,Acetaldehyde,True,0.9982897577066103,0.996911131837753,Ethanol,0.2399746714700313,False,False,False,-4.038664806054002,5.122628399040612
6,Acetaldehyde,50.0,Acetaldehyde,True,0.9983041295127638,0.9969391771747897,Ethanol,0.23070513195012324,False,False,False,-3.9609888962939865,5.141098911374232
6,Acetaldehyde,50.0,Acetaldehyde,True,0.9982396963095286,0.9968087267685634,Ethanol,0.24153796078470507,False,False,False,-4.052739488557963,5.124561382642166
6,Acetaldehyde,50.0,Acetaldehyde,True,0.9983516294347051,0.9970493202660918,Ethanol,0.22316223407594477,False,False,False,-3.8976941532385374,5.1609986762981706
6,Acetaldehyde,50.0,Acetaldehyde,True,0.9979945461534259,0.9964098286853209,Ethanol,0.2180803414198062,False,False,False,-3.84459854236651,5.102708086620109
6,Acetaldehyde,50.0,Acetaldehyde,True,0.998357987126286,0.9970350411244243,Ethanol,0.2348973243591304,False,False,False,-3.9997993822696754,5.150842575404744
6,Acetaldehyde,50.0,Acetaldehyde,True,0.9984230267127904,0.997169537332932,Ethanol,0.23000121727457873,False,False,False,-3.958941484033679,5.164023195682102
6,Acetaldehyde,50.0,Acetaldehyde,True,0.9984525062690528,0.997252523454465,Ethanol,0.23075009529771667,False,False,False,-3.966754415952722,5.170248797119024
6,Acetaldehyde,50.0,Acetaldehyde,True,0.9983915048976967,0.997122734573255,Ethanol,0.21857100158445647,False,False,False,-3.8624739029519315,5.198810019515499
6,Acetaldehyde,50.0,Acetaldehyde,True,0.9982931186180963,0.9968862234813746,Ethanol,0.22455451789314834,False,False,False,-3.909951047430082,5.160363813926949
6,Acetaldehyde,50.0,Acetaldehyde,True,0.9982985567253858,0.9969143825530079,Ethanol,0.19805257204943646,False,False,False,-3.678007732148332,5.213625933787724
6,Acetaldehyde,50.0,Acetaldehyde,True,0.9982299707305096,0.9967696537242695,Ethanol,0.20838465674876144,False,False,False,-3.769303872159197,5.188615678250535
6,Acetaldehyde,50.0,Acetaldehyde,True,0.9982012782222517,0.9967417950486526,Ethanol,0.21324874232493896,False,False,False,-3.8126420422253524,5.185085632041678
6,Acetaldehyde,50.0,Acetaldehyde,True,0.9984380662569051,0.9971874928117258,Ethanol,0.20915870167267633,False,False,False,-3.7792309194424436,5.213350113490882
6,Acetaldehyde,50.0,Acetaldehyde,True,0.9982687005590097,0.996862030653192,Ethanol,0.20913652786106052,False,False,False,-3.7753231048209157,5.182117869793345
6,Acetaldehyde,50.0,Acetaldehyde,True,0.9983625577638986,0.9970205525820873,Ethanol,0.20839053671900487,False,False,False,-3.7688173600650656,5.183886296257642
6,Acetaldehyde,50.0,Acetaldehyde,True,0.9982139669835693,0.9967314983867537,Ethanol,0.2236490765922179,False,False,False,-3.902387844838252,5.163302375463188
6,Acetaldehyde,50.0,Acetaldehyde,True,0.9983383928154128,0.9969929505598046,Ethanol,0.21924065464105494,False,False,False,-3.866934680466212,5.188445283498259
6,Acetaldehyde,50.0,Acetaldehyde,True,0.9983033357294667,0.9969289802532529,Ethanol,0.22199919425312548,False,False,False,-3.8906704275761728,5.182007509349319
6,Acetaldehyde,50.0,Acetaldehyde,True,0.9981680926196327,0.9966581539196933,Ethanol,0.2139484304867827,False,False,False,-3.8192695796437106,5.18765987324483
6,Acetaldehyde,50.0,Acetaldehyde,True,0.9983212276099148,0.9969559566335242,Ethanol,0.215326983700007,False,False,False,-3.83221254416289,5.191648812057416
6,Acetaldehyde,50.0,Acetaldehyde,True,0.9982027568850477,0.996763802420597,Ethanol,0.21249904143765322,False,False,False,-3.8090592219724178,5.209361919667374
6,Acetaldehyde,50.0,Acetaldehyde,True,0.998329195880547,0.9969463427619443,Ethanol,0.22015413354703658,False,False,False,-3.8713772576944754,5.16368883630283
6,Acetaldehyde,50.0,Acetaldehyde,True,0.9981162911689576,0.9966005568281261,Ethanol,0.21676251939990374,False,False,False,-3.843375708027947,5.179301559277604
6,Acetaldehyde,50.0,Acetaldehyde,True,0.9983362100475974,0.9969860317776591,Ethanol,0.2167990745918607,False,False,False,-3.8464190563090352,5.198305627417203
6,Acetaldehyde,50.0,Acetaldehyde,True,0.9983343756968789,0.9969730146814231,Ethanol,0.2216169231611166,False,False,False,-3.8841548946951474,5.162194356469655
6,Acetaldehyde,50.0,Acetaldehyde,True,0.9983393616463221,0.9969743841884778,Ethanol,0.22600674515131644,False,False,False,-3.922986995798231,5.161246475224437
6,Acetaldehyde,50.0,Acetaldehyde,True,0.9983187945077341,0.9969672826058638,Ethanol,0.23283388892650508,False,False,False,-3.984885161348396,5.168084278058506
6,Acetaldehyde,50.0,Acetaldehyde,True,0.9982245450531909,0.9967783805262066,Ethanol,0.2289428076599649,False,False,False,-3.9474282925443185,5.152186697844786
6,Acetaldehyde,50.0,Acetaldehyde,True,0.9984260141967046,0.9971630760159147,Ethanol,0.22041698293850615,False,False,False,-3.8767144368241793,5.183384586400131
6,Acetaldehyde,50.0,Acetaldehyde,True,0.9982204471283057,0.9967487077830318,Ethanol,0.23171869921982544,False,False,False,-3.969616008958253,5.139504838546907
6,Acetaldehyde,50.0,Acetaldehyde,True,0.9982411127907331,0.9968348692727181,Ethanol,0.23254247741858353,False,False,False,-3.986662686355112,5.1904416176071075
6,Acetaldehyde,50.0,Acetaldehyde,True,0.9982381762290176,0.9968039330939082,Ethanol,0.23600684657752566,False,False,False,-4.008193032942631,5.143828484442558
6,Acetaldehyde,50.0,Acetaldehyde,True,0.9981510265851539,0.9965828431008331,Ethanol,0.23692461572787196,False,False,False,-4.009445067325882,5.109579073626843
6,Acetaldehyde,50.0,Acetaldehyde,True,0.9981914553500699,0.9967475429296236,Ethanol,0.22184373313848685,False,False,False,-3.893062226826978,5.2054865222052245
6,Acetaldehyde,50.0,Acetaldehyde,True,0.9982547398641721,0.9968468873955848,Ethanol,0.22672991552119187,False,False,False,-3.93070030173671,5.168764505773787
6,Acetaldehyde,50.0,Acetaldehyde,True,0.9982856497891537,0.9968865986797848,Ethanol,0.23211405270822952,False,False,False,-3.9766588534331486,5.158515664784569
6,Acetaldehyde,50.0,Acetaldehyde,True,0.998272323880516,0.9968918797191094,Ethanol,0.2159939084193823,False,False,False,-3.842140211929226,5.219036005455858
6,Acetaldehyde,50.0,Acetaldehyde,True,0.9984062383262805,0.9971426365072511,Ethanol,0.23333173890785283,False,False,False,-3.9952046118857742,5.197688292310502
6,Acetaldehyde,50.0,Acetaldehyde,True,0.9985330360128537,0.9973774239859184,Ethanol,0.23494914816490384,False,False,False,-4.0092999225964805,5.195469130885293
6,Acetaldehyde,50.0,Acetaldehyde,True,0.9983982271857581,0.9971213878084677,Ethanol,0.23377736767085322,False,False,False,-3.9984502550465364,5.1939271766993595
6,Acetaldehyde,50.0,Acetaldehyde,True,0.9986504072889337,0.9976016538886693,Ethanol,0.229150564408791,False,False,False,-3.9603022950871,5.2121197412419455
6,Acetaldehyde,50.0,Acetaldehyde,True,0.9984463129676034,0.9971960188871293,Ethanol,0.2327206794596893,False,False,False,-3.983298346027255,5.165085875311693
6,Acetaldehyde,50.0,Acetaldehyde,True,0.9983385497943518,0.9969903624907105,Ethanol,0.24026359166637132,False,False,False,-4.0471757078147474,5.150678109891535
6,Acetaldehyde,50.0,Acetaldehyde,True,0.9983533734457177,0.9970404825369624,Ethanol,0.24118823209869863,False,False,False,-4.0610959557744,5.17649085848899
6,Acetaldehyde,50.0,Acetaldehyde,True,0.9984874812139699,0.9972791790382389,Ethanol,0.23924105794447884,False,False,False,-4.042443418592595,5.170677987391739
6,Acetaldehyde,50.0,Acetaldehyde,True,0.9983726341097509,0.9970623629809205,Ethanol,0.25626238619726427,False,False,False,-4.17500596504101,5.09942116351314
6,Acetaldehyde,50.0,Acetaldehyde,True,0.9983893246582237,0.9971162690512151,Ethanol,0.25088021828187546,False,False,False,-4.138187951687323,5.139313190676841
6,Acetaldehyde,50.0,Acetaldehyde,True,0.9984507841714734,0.9972346590490564,Ethanol,0.2485598541558618,False,False,False,-4.125958378238869,5.172477858496354
6,Acetaldehyde,50.0,Acetaldehyde,True,0.9984934687454604,0.9973012632185653,Ethanol,0.25682720374524715,False,False,False,-4.19275564450077,5.146957976059452
6,Acetaldehyde,50.0,Acetaldehyde,True,0.9985333233367314,0.9974093384301738,Ethanol,0.25842045338229297,False,False,False,-4.2095004469223785,5.156217496423021
6,Acetaldehyde,50.0,Acetaldehyde,True,0.9983880765038393,0.9971131705373628,Ethanol,0.2690488069430286,False,False,False,-4.288234269707423,5.105581747469373
6,Acetaldehyde,50.0,Acetaldehyde,True,0.9984855085430874,0.9973037388668136,Ethanol,0.28064027599539615,False,False,False,-4.381859679627589,5.082175520183905
6,Acetaldehyde,50.0,Acetaldehyde,True,0.9983562841360781,0.9970524064027126,Ethanol,0.2764445149373255,False,False,False,-4.339568683824228,5.065023810600681
6,Acetaldehyde,50.0,Acetaldehyde,True,0.9983116866679758,0.9969534899247294,Ethanol,0.28123062048376735,False,False,False,-4.377882550637916,5.0560291371709
6,Acetaldehyde,50.0,Acetaldehyde,True,0.9983320892392056,0.9970243852639296,Ethanol,0.28079539998917297,False,False,False,-4.378495387415971,5.068673637050584
6,Acetaldehyde,50.0,Acetaldehyde,True,0.9983357067662164,0.9970097288339046,Ethanol,0.274329575777653,False,False,False,-4.3297012169401174,5.090879525531054
6,Acetaldehyde,50.0,Acetaldehyde,True,0.9981750689954025,0.9967113767839996,Ethanol,0.2899812325357512,False,False,False,-4.447308910427762,5.03901601197013
6,Acetaldehyde,50.0,Acetaldehyde,True,0.9981388810466995,0.9966727380925949,Ethanol,0.2760422770839086,False,False,False,-4.337434931038157,5.069110633650382
6,Acetaldehyde,50.0,Acetaldehyde,True,0.9981804186440463,0.9967203539464666,Ethanol,0.28743337866516244,False,False,False,-4.423090179666815,5.032852157840492
6,Acetaldehyde,50.0,Acetaldehyde,True,0.9982410150922123,0.9968406985109628,Ethanol,0.28809538518038896,False,False,False,-4.436567013484109,5.053939822480264
6,Acetaldehyde,50.0,Acetaldehyde,True,0.9983331252454597,0.9970269013380267,Ethanol,0.2757875402801838,False,False,False,-4.338565513090194,5.079236741269199
6,Acetaldehyde,50.0,Acetaldehyde,True,0.9983673671754267,0.9970933328254131,Ethanol,0.2818630613715517,False,False,False,-4.3875169508097205,5.067949594323294
6,Acetaldehyde,50.0,Acetaldehyde,True,0.9982456743468494,0.9968539325973097,Ethanol,0.2838990858990432,False,False,False,-4.395919265256058,5.041806169762156
6,Acetaldehyde,50.0,Acetaldehyde,True,0.9981266941181864,0.9966239153023562,Ethanol,0.2980926724427231,False,False,False,-4.507060876884344,5.01292808131107
6,Acetaldehyde,50.0,Acetaldehyde,True,0.5405180674874118,0.22283969232115652,Ethanol,0.8313032092275037,True,False,True,-6.054004717819692,2.1530001593013393
6,Acetaldehyde,50.0,Acetaldehyde,True,0.9953444173300243,0.9928455996655209,Ethanol,0.20903418117941316,False,False,False,-3.739061614070423,4.401045612338665
6,Acetaldehyde,50.0,Acetaldehyde,True,0.9967378229842908,0.994909966803828,Ethanol,0.26078862982789164,False,False,False,-4.11435291133684,4.651574286664377
6,Acetaldehyde,50.0,Acetaldehyde,True,0.996504633213439,0.9944879385025148,Ethanol,0.25869831187386283,False,False,False,-4.086745775234779,4.569463055018684
6,Acetaldehyde,50.0,Acetaldehyde,True,0.9980636532415483,0.9968874050651508,Ethanol,0.28211494592606406,False,False,False,-4.315213379732245,4.834061209626906
6,Acetaldehyde,50.0,Acetaldehyde,True,0.9970427148342444,0.99499513352082,Ethanol,0.3214653227382945,False,False,False,-4.56755847148528,4.689243240143583
6,Acetaldehyde,50.0,Acetaldehyde,True,0.9971210875305665,0.9952693225832974,Ethanol,0.27399479437682994,False,False,False,-4.231184135585831,4.74987060007416
6,Acetaldehyde,50.0,Acetaldehyde,True,0.9970881608581659,0.9952416717561251,Ethanol,0.26779661752218825,False,False,False,-4.187003841611711,4.760683747606125
6,Acetaldehyde,50.0,Acetaldehyde,True,0.9971742869083844,0.9953287768967307,Ethanol,0.26995510172863874,False,False,False,-4.204504333443301,4.766151957240055
6,Acetaldehyde,50.0,Acetaldehyde,True,0.9969054469247297,0.9950253323389842,Ethanol,0.2758884394530142,False,False,False,-4.2361965010792195,4.710807572828823
6,Acetaldehyde,50.0,Acetaldehyde,True,0.9960971947020328,0.9936681858663933,Ethanol,0.26928276095820747,False,False,False,-4.161086523579741,4.5737750360755
6,Acetaldehyde,50.0,Acetaldehyde,True,0.9969351825193014,0.9950289290885713,Ethanol,0.27219848611405206,False,False,False,-4.204078440111172,4.688206199026323
6,Acetaldehyde,50.0,Acetaldehyde,True,0.9969929997198121,0.9949338145530412,Ethanol,0.26921074216285884,False,False,False,-4.194758312475087,4.747497406383147
6,Acetaldehyde,50.0,Acetaldehyde,True,0.9974231391631819,0.9956683040831927,Ethanol,0.29027058948226425,False,False,False,-4.365969470927975,4.79155497901588
6,Acetaldehyde,50.0,Acetaldehyde,True,0.9971091865650588,0.9950993168305331,Ethanol,0.2645623779614893,False,False,False,-4.170171536423272,4.796352111125606
6,Acetaldehyde,50.0,Acetaldehyde,True,0.9974320924132826,0.9956439144472012,Ethanol,0.26451770575011696,False,False,False,-4.176852822334698,4.828325964925267
6,Acetaldehyde,50.0,Acetaldehyde,True,0.9978170764073846,0.9962748016479599,Ethanol,0.2646677939485258,False,False,False,-4.184756865490057,4.857910281545324
6,Acetaldehyde,50.0,Acetaldehyde,True,0.9975880306512508,0.9959900075170571,Ethanol,0.27055055092395536,False,False,False,-4.219213546984189,4.809912047995615
6,Acetaldehyde,50.0,Acetaldehyde,True,0.9975707491501024,0.9958940110544758,Ethanol,0.2730819085621165,False,False,False,-4.247808528542009,4.845977428738843
6,Acetaldehyde,50.0,Acetaldehyde,True,0.9974393660025859,0.9956120789250378,Ethanol,0.2548811076278605,False,False,False,-4.097334368455525,4.8028581450076695
6,Acetaldehyde,50.0,Acetaldehyde,True,0.9980891138708776,0.9967200874386576,Ethanol,0.2689712251706392,False,False,False,-4.226529944034248,4.889744540432721
6,Acetaldehyde,50.0,Acetaldehyde,True,0.9971909416666991,0.9953374358214593,Ethanol,0.27597205611362197,False,False,False,-4.2305492501180435,4.683236333280844
6,Acetaldehyde,50.0,Acetaldehyde,True,0.9977865104724088,0.9962418390124564,Ethanol,0.27696213341306003,False,False,False,-4.277098423602785,4.841888512548687
6,Acetaldehyde,50.0,Acetaldehyde,True,0.99775399873197,0.9961207740336394,Ethanol,0.2640078474703024,False,False,False,-4.176856719414881,4.845981434451365
6,Acetaldehyde,50.0,Acetaldehyde,True,0.9976748799249423,0.9960741829211976,Ethanol,0.2650239691770262,False,False,False,-4.183825409479409,4.841748097438424
6,Acetaldehyde,50.0,Acetaldehyde,True,0.9978632161667353,0.9963354740249086,Ethanol,0.2789127600682615,False,False,False,-4.311251367461089,4.908122310328586
6,Acetaldehyde,50.0,Acetaldehyde,True,0.997665389001556,0.9960060758266747,Ethanol,0.27495754800359323,False,False,False,-4.282291042067566,4.91844891239056
6,Acetaldehyde,50.0,Acetaldehyde,True,0.9979049378017694,0.9963705067712241,Ethanol,0.2810242997945322,False,False,False,-4.325428847684638,4.898609144733368
6,Acetaldehyde,50.0,Acetaldehyde,True,0.997512741204776,0.995783931451896,Ethanol,0.27713790553486095,False,False,False,-4.262773546770725,4.781892150824141
6,Acetaldehyde,50.0,Acetaldehyde,True,0.9979818200457324,0.9964720770996602,Ethanol,0.26487399171848114,False,False,False,-4.201059383908014,4.919104161872657
6,Acetaldehyde,50.0,Acetaldehyde,True,0.9971376120902441,0.9951530436737273,Ethanol,0.27793787073788984,False,False,False,-4.26529063080854,4.7678221387199695
6,Acetaldehyde,50.0,Acetaldehyde,True,0.9977613651310293,0.9962171944198098,Ethanol,0.28419583016742134,False,False,False,-4.334141522779014,4.843133066509877
6,Acetaldehyde,50.0,Acetaldehyde,True,0.9976816175953763,0.9960140347653074,Ethanol,0.27539651781612484,False,False,False,-4.266651610885013,4.848684028246147
6,Acetaldehyde,50.0,Acetaldehyde,True,0.9981536202954359,0.9968604553269358,Ethanol,0.28025848956909877,False,False,False,-4.314854724464452,4.883600367480606
6,Acetaldehyde,50.0,Acetaldehyde,True,0.9979219031879382,0.9964068996436892,Ethanol,0.27541752842669226,False,False,False,-4.278488456824043,4.8916743392747675
6,Acetaldehyde,50.0,Acetaldehyde,True,0.9983558172476248,0.9971305813981842,Ethanol,0.2922050983646229,False,False,False,-4.435086215370128,4.954360577452167
6,Acetaldehyde,50.0,Acetaldehyde,True,0.9983197368439038,0.9970709445999999,Ethanol,0.2694919952891859,False,False,False,-4.265832563844236,5.0184975791763335
6,Acetaldehyde,50.0,Acetaldehyde,True,0.9984181654940659,0.9972399700432999,Ethanol,0.27752810691723034,False,False,False,-4.33189634904352,5.012769819640333
6,Acetaldehyde,50.0,Acetaldehyde,True,0.998395693726221,0.9971948045778571,Ethanol,0.2879116400735452,False,False,False,-4.414810973243109,4.998446951822264
6,Acetaldehyde,50.0,Acetaldehyde,True,0.9982442233655255,0.9968872654443787,Ethanol,0.2787913973159096,False,False,False,-4.336079648513354,4.992521549258716
6,Acetaldehyde,50.0,Acetaldehyde,True,0.9983524097956636,0.9971353565862197,Ethanol,0.2668139336990822,False,False,False,-4.248966400427453,5.038637313445761
6,Acetaldehyde,50.0,Acetaldehyde,True,0.9982835770329385,0.9970108235213032,Ethanol,0.2670628647980559,False,False,False,-4.2462793407832455,5.021743881173169
6,Acetaldehyde,50.0,Acetaldehyde,True,0.9980605346012825,0.9966833800871782,Ethanol,0.2622233762732812,False,False,False,-4.18824902472035,4.954297374916812
6,Acetaldehyde,50.0,Acetaldehyde,True,0.9983760070872438,0.9971837133004142,Ethanol,0.27359503307462785,False,False,False,-4.3014210033367855,5.021642474514995
6,Acetaldehyde,50.0,Acetaldehyde,True,0.9982426880968513,0.996975619492406,Ethanol,0.2651737643892108,False,False,False,-4.214160644211332,4.961153887438134
6,Acetaldehyde,50.0,Acetaldehyde,True,0.9982243729826603,0.9969404251224276,Ethanol,0.27181780536918065,False,False,False,-4.272072542026904,4.972761445365047
6,Acetaldehyde,50.0,Acetaldehyde,True,0.998191924127294,0.9968432349167737,Ethanol,0.2679777675743127,False,False,False,-4.2383867397095445,4.965586896528205
6,Acetaldehyde,50.0,Acetaldehyde,True,0.9981045492539546,0.9967357261108147,Ethanol,0.266702379180225,False,False,False,-4.22309417690334,4.947401999978798
6,Acetaldehyde,50.0,Acetaldehyde,True,0.998420338005042,0.9972500974177795,Ethanol,0.2666342893561477,False,False,False,-4.249466841268093,5.04572712561035
6,Acetaldehyde,50.0,Acetaldehyde,True,0.9984484300900746,0.9973189190413605,Ethanol,0.2615293968715401,False,False,False,-4.201752683698611,5.029677334110564
6,Acetaldehyde,50.0,Acetaldehyde,True,0.9985727287534909,0.9975294115497835,Ethanol,0.26349798195881824,False,False,False,-4.229163086747019,5.068731355986454
6,Acetaldehyde,50.0,Acetaldehyde,True,0.9983445848626497,0.9971005500649297,Ethanol,0.2620346944449878,False,False,False,-4.214923296075782,5.06265909729592
6,Acetaldehyde,50.0,Acetaldehyde,True,0.9983514475567179,0.9971626261574349,Ethanol,0.2548639244332932,False,False,False,-4.145329299391478,5.028852783133894
6,Acetaldehyde,50.0,Acetaldehyde,True,0.998331012404819,0.9970997850105431,Ethanol,0.2718048838588307,False,False,False,-4.292010996171494,5.040600875332551
6,Acetaldehyde,50.0,Acetaldehyde,True,0.9984527442774508,0.997287562592203,Ethanol,0.2612926969132351,False,False,False,-4.206231418469248,5.054013608342686
6,Acetaldehyde,50.0,Acetaldehyde,True,0.9984272768123471,0.9972587192658939,Ethanol,0.2642722422019465,False,False,False,-4.236076345181497,5.0696423050478545
6,Acetaldehyde,50.0,Acetaldehyde,True,0.9985654009256987,0.9975375884204015,Ethanol,0.2759199969928828,False,False,False,-4.334300962698423,5.06277391683822
6,Acetaldehyde,50.0,Acetaldehyde,True,0.9985635941288222,0.9975078984272332,Ethanol,0.27032307363013397,False,False,False,-4.291211706783101,5.079448785894314
6,Acetaldehyde,50.0,Acetaldehyde,True,0.9984514981194931,0.9973072166286537,Ethanol,0.26888323513585505,False,False,False,-4.266239920796627,5.037571247346112
6,Acetaldehyde,50.0,Acetaldehyde,True,0.9986023809596959,0.9975779462535109,Ethanol,0.2788880833831235,False,False,False,-4.360011105659774,5.06297621681437
6,Acetaldehyde,50.0,Acetaldehyde,True,0.998588158612742,0.9975291237076056,Ethanol,0.257437506800576,False,False,False,-4.188356563399532,5.111159968962916
6,Acetaldehyde,50.0,Acetaldehyde,True,0.9985662396781436,0.9974916443104669,Ethanol,0.25610851405992113,False,False,False,-4.173933295769666,5.100426577218144
6,Acetaldehyde,50.0,Acetaldehyde,True,0.9985957952220408,0.997544972077846,Ethanol,0.25798470100950116,False,False,False,-4.189439102728861,5.0974664677875365
6,Acetaldehyde,50.0,Acetaldehyde,True,0.9986444600577237,0.9976315980446878,Ethanol,0.2540209770400162,False,False,False,-4.157554903246987,5.107270866138488
6,Acetaldehyde,50.0,Acetaldehyde,True,0.9985682972087012,0.9974969296056369,Ethanol,0.2613490592467449,False,False,False,-4.218988736774417,5.098633106120427
6,Acetaldehyde,50.0,Acetaldehyde,True,0.9986969261994642,0.9977466546792856,Ethanol,0.2534429932931843,False,False,False,-4.157877918259291,5.12815087377149
6,Acetaldehyde,50.0,Acetaldehyde,True,0.9985899195156234,0.9975125895538121,Ethanol,0.25714859623096703,False,False,False,-4.179766393272496,5.08830885964132
6,Acetaldehyde,50.0,Acetaldehyde,True,0.9986063488271308,0.9975595039524003,Ethanol,0.2629090001002977,False,False,False,-4.231006848597137,5.093205426970998
6,Acetaldehyde,50.0,Acetaldehyde,True,0.9985458299977223,0.9974672600354523,Ethanol,0.25721514835196185,False,False,False,-4.185233250956933,5.106749542199896
6,Acetaldehyde,50.0,Acetaldehyde,True,0.9986516951565985,0.9976324909220876,Ethanol,0.25751420934740316,False,False,False,-4.190421831258594,5.116321581959115
6,Acetaldehyde,50.0,Acetaldehyde,True,0.9984789560702517,0.9973322297048438,Ethanol,0.2623540097449184,False,False,False,-4.22550336033372,5.0907815445158136
6,Acetaldehyde,50.0,Acetaldehyde,True,0.9986447230841319,0.9976103412938522,Ethanol,0.2593285304698987,False,False,False,-4.2070572440259095,5.119045134374445
6,Acetaldehyde,50.0,Acetaldehyde,True,0.9987419107688674,0.9978006663152437,Ethanol,0.2567257039799648,False,False,False,-4.189670389571201,5.139002616563567
6,Acetaldehyde,50.0,Acetaldehyde,True,0.9987265286539847,0.9977575993025387,Ethanol,0.2543398219552405,False,False,False,-4.162908565988602,5.117250217598187
6,Acetaldehyde,50.0,Acetaldehyde,True,0.998677608249275,0.9976850619003574,Ethanol,0.24490295530588366,False,False,False,-4.088945566960314,5.153945409029108
6,Acetaldehyde,50.0,Acetaldehyde,True,0.9985977583837927,0.9975104828403598,Ethanol,0.2584321227420216,False,False,False,-4.198136416663283,5.115166030705081
6,Acetaldehyde,50.0,Acetaldehyde,True,0.9985581406327328,0.9974486066695837,Ethanol,0.25105349253868015,False,False,False,-4.138948569706781,5.136277344614296
6,Acetaldehyde,50.0,Acetaldehyde,True,0.9986116630568328,0.9975688049770385,Ethanol,0.24624853352813425,False,False,False,-4.099101400994973,5.14655079080207
6,Acetaldehyde,50.0,Acetaldehyde,True,0.9985875910298905,0.9974877997080214,Ethanol,0.2505629076882366,False,False,False,-4.131921832862096,5.125401441979236
6,Acetaldehyde,50.0,Acetaldehyde,True,0.9985319334636445,0.9974146767903698,Ethanol,0.25862367203449993,False,False,False,-4.2029749597577855,5.126612431689752
6,Acetaldehyde,50.0,Acetaldehyde,True,0.9986749390542549,0.9976559081803419,Ethanol,0.24952001612384053,False,False,False,-4.129107631011848,5.150997948464041
6,Acetaldehyde,50.0,Acetaldehyde,True,0.9986878585399871,0.9976673837605523,Ethanol,0.24876698296948538,False,False,False,-4.119730287411748,5.1399740892062775
6,Acetaldehyde,50.0,Acetaldehyde,True,0.9985928514946498,0.9974954531695933,Ethanol,0.250175928131839,False,False,False,-4.1292135284697,5.1281669902418905
6,Acetaldehyde,50.0,Acetaldehyde,True,0.9985693452005338,0.9973805955688512,Ethanol,0.18654169760302602,False,False,False,-3.5703221291103464,5.165437236659944
6,Acetaldehyde,50.0,Acetaldehyde,True,0.998836273032334,0.9979369529596668,Ethanol,0.2216692252885752,False,False,False,-3.89476285161743,5.2253680308705865
6,Acetaldehyde,50.0,Acetaldehyde,True,0.9986446095446077,0.9977130156535061,Ethanol,0.16711130667307422,False,False,False,-3.391974157402258,5.4631350843655815
6,Acetaldehyde,50.0,Acetaldehyde,True,0.9985801322552863,0.9975855379655248,Ethanol,0.14191378125526638,False,True,True,-3.2551652848319224,5.510891942627522
6,Acetaldehyde,50.0,Acetaldehyde,True,0.9986244069385147,0.9976983381925502,Acetaldehyde,0.11938443413176374,False,True,True,-2.0221741146292773,6.273014193660947
6,Acetaldehyde,50.0,Acetaldehyde,True,0.9987728607383868,0.997979008305628,Ethanol,0.1380668985198548,False,True,True,-3.266521604334588,5.578429100784908
6,Acetaldehyde,50.0,Acetaldehyde,True,0.9987008885283112,0.9978011595294926,Ethanol,0.1524440089348069,False,False,False,-3.317901040306295,5.509315626997013
6,Acetaldehyde,50.0,Acetaldehyde,True,0.9986379047650855,0.997670150166665,Ethanol,0.1292956480604247,False,True,True,-3.1888386863901195,5.5292123556895545
6,Acetaldehyde,50.0,Acetaldehyde,True,0.9988581740616838,0.9980816310262706,Ethanol,0.13798803234088952,False,True,True,-3.2530660560374787,5.55306490815878
6,Acetaldehyde,50.0,Acetaldehyde,True,0.9987642117352071,0.9979034694356623,Ethanol,0.13738111893991012,False,True,True,-3.240799202703117,5.536168490455855
6,Acetaldehyde,50.0,Acetaldehyde,True,0.9987245806725914,0.9978645580548094,Ethanol,0.14420421618539014,False,True,True,-3.2888544384583374,5.549485199068437
6,Acetaldehyde,50.0,Acetaldehyde,True,0.998840755030829,0.9980376313522692,Ethanol,0.12942654905733955,False,True,True,-3.2034251499306063,5.556832594391556
6,Acetaldehyde,50.0,Acetaldehyde,True,0.9988453580503187,0.9980443680273614,Ethanol,0.12553948260118672,False,True,True,-3.177674957363638,5.551883267449929
6,Acetaldehyde,50.0,Acetaldehyde,True,0.9987503230554535,0.9978756446579014,Ethanol,0.12179674676643915,False,True,True,-3.1595849784290904,5.560518734276411
6,Acetaldehyde,50.0,Acetaldehyde,True,0.9987915985098602,0.9979503427304902,Ethanol,0.14888785499220153,False,True,True,-3.3037379478813373,5.523458815598274
6,Acetaldehyde,50.0,Acetaldehyde,True,0.9988082983373086,0.99795787326148,Ethanol,0.11568422215311802,False,True,True,-3.1245292242285263,5.563296717998672
6,Acetaldehyde,50.0,Acetaldehyde,True,0.9987958334200292,0.9979382158151955,Ethanol,0.13399943893342106,False,True,True,-3.2304812448876374,5.555961182036835
6,Acetaldehyde,50.0,Acetaldehyde,True,0.9987627505776118,0.9978901325342237,Ethanol,0.146551766060447,False,True,True,-3.3001589288801525,5.543809721475645
6,Acetaldehyde,50.0,Acetaldehyde,True,0.998777796751896,0.9979129281196217,Ethanol,0.15536053781327366,False,False,False,-3.343744742189179,5.524732729047424
6,Acetaldehyde,50.0,Acetaldehyde,True,0.9988852365044831,0.9981251106201743,Ethanol,0.14870681091650936,False,True,True,-3.3153700231667327,5.547850732969196
6,Acetaldehyde,50.0,Acetaldehyde,True,0.998803066655381,0.998002417105148,Ethanol,0.17303900463679112,False,False,False,-3.4543689314203188,5.510426186542957
6,Acetaldehyde,50.0,Acetaldehyde,True,0.9988499631557818,0.9980516230501647,Ethanol,0.153126328786374,False,False,False,-3.3350794259001417,5.534111845359409
6,Acetaldehyde,100.0,Acetaldehyde,True,0.720179305567591,0.5762158555868093,Acetaldehyde,0.2162616461917543,False,False,False,3.454295419342649,3.4215268466227666
6,Acetaldehyde,10.0,Acetone,False,0.4327541008081572,0.1989144358553895,Ethanol,0.04341210512863981,True,True,True,-12.739572894109244,2.594216117458703
6,Acetaldehyde,100.0,Acetaldehyde,True,0.8041177149673291,0.7021753216122668,Acetaldehyde,0.30850934172668354,False,False,False,2.6882039935961903,3.5961649293849884
6,Acetaldehyde,10.0,Acetone,False,0.43467459015574134,0.21603340052534153,Ethanol,0.042276708782899776,True,True,True,-12.778002554368976,2.604818848987058
6,Acetaldehyde,100.0,Acetaldehyde,True,0.8117155281624464,0.7139961764341255,Acetaldehyde,0.3052905608202372,False,False,False,3.0170370958001325,3.6343778675235567
6,Acetaldehyde,10.0,Acetone,False,0.41219055532747356,0.10878723033348009,Ethanol,0.034359540538273406,True,True,True,-12.822347247984558,2.511638005862129
6,Acetaldehyde,100.0,Acetaldehyde,True,0.8237984948046031,0.7354082529761231,Acetaldehyde,0.3065576516033737,False,False,False,3.0017067779840083,3.635810964997899
6,Acetaldehyde,10.0,Acetone,False,0.43866552426774297,0.20981200084548463,Ethanol,0.04130233947860075,True,True,True,-12.807150555766897,2.610837628994204
6,Acetaldehyde,100.0,Acetaldehyde,True,0.8528755951235683,0.7758533197746476,Acetaldehyde,0.35091733571294564,False,False,False,3.0294845221977953,3.789489423723258
6,Acetaldehyde,10.0,Acetone,False,0.4274802976172433,0.19169082673046078,Ethanol,0.039347005135845735,True,True,True,-12.841426687210578,2.6045898931181077
6,Acetaldehyde,100.0,Acetaldehyde,True,0.8688000309359671,0.8012870404188096,Acetaldehyde,0.38776938543564016,False,False,False,2.708224744211832,3.8582816398720614
6,Acetaldehyde,10.0,Acetone,False,0.42912641967713516,0.19807777078931532,Ethanol,0.041336880333735816,True,True,True,-12.806479385618125,2.6108959509486636
6,Acetaldehyde,100.0,Acetaldehyde,True,0.9121277888681173,0.8696319760324669,Acetaldehyde,0.42642307935187634,False,False,False,2.663808296530163,3.9796153034488193
6,Acetaldehyde,10.0,Acetone,False,0.46292293301385506,0.26625367200778605,Ethanol,0.039960124121180135,True,True,True,-12.852588108833922,2.6226989832006384
6,Acetaldehyde,100.0,Acetaldehyde,True,0.9210867640735438,0.886421471303577,Acetaldehyde,0.43908858331067296,False,False,False,2.586802736898156,4.013079171838718
6,Acetaldehyde,10.0,Acetone,False,0.4463385831765612,0.2256051796348312,Ethanol,0.03864819846546521,True,True,True,-12.887354911053382,2.6268350961006055
6,Acetaldehyde,100.0,Acetaldehyde,True,0.9294193072535883,0.8964200663578255,Acetaldehyde,0.4838642258592016,False,False,False,2.5129475034162416,4.153708073535353
6,Acetaldehyde,10.0,Acetone,False,0.4628198959242503,0.2544083866332754,Ethanol,0.041674003740282954,True,True,True,-12.845119806648626,2.6450654388420323
6,Acetaldehyde,100.0,Acetaldehyde,True,0.9464943305754665,0.9233231488581994,Acetaldehyde,0.5001829415077241,False,False,False,2.204686888467445,4.2069499064108955
6,Acetaldehyde,10.0,Acetone,False,0.44524699921537403,0.2399567879345898,Ethanol,0.040241224571538475,True,True,True,-12.884401285740179,2.650741431863805
6,Acetaldehyde,100.0,Acetaldehyde,True,0.958343124375609,0.9392701336365762,Acetaldehyde,0.5261641582640869,False,False,False,2.1586891431908186,4.297779384252377
6,Acetaldehyde,10.0,Acetone,False,0.4550915294269878,0.23643986538969777,Ethanol,0.04008864433739919,True,True,True,-12.891259654220425,2.653297913456958
6,Acetaldehyde,100.0,Acetaldehyde,True,0.9581745366751486,0.9379590578384289,Acetaldehyde,0.5105981134739609,False,False,False,2.002914231268702,4.264218540849092
6,Acetaldehyde,10.0,Acetone,False,0.4416127584235456,0.2387332669553493,Ethanol,0.041427961195348,True,True,True,-12.86762310586136,2.657791375311433
6,Acetaldehyde,100.0,Acetaldehyde,True,0.9368804491914698,0.9087501625182873,Acetaldehyde,0.4774407865503193,False,False,False,2.3577167751906796,4.127289215360262
6,Acetaldehyde,10.0,Acetone,False,0.4249130008927175,0.1719838610172218,Ethanol,0.041648134206198575,True,True,True,-12.79533710966433,2.6076332534751216
6,Acetaldehyde,100.0,Acetaldehyde,True,0.9035636064990573,0.8615132045846283,Acetaldehyde,0.4164494638438234,False,False,False,2.6756449143988315,3.9483258949788493
6,Acetaldehyde,10.0,Acetone,False,0.42618208226957444,0.17627243263287734,Ethanol,0.03748663472025548,True,True,True,-12.874572198784202,2.5986850440415155
6,Acetaldehyde,100.0,Acetaldehyde,True,0.872673413536043,0.811868769078043,Acetaldehyde,0.36519689376878706,False,False,False,2.8964782600889505,3.81206236941813
6,Acetaldehyde,10.0,Acetone,False,0.4262246117401699,0.17510923629252623,Ethanol,0.040464474066714294,True,True,True,-12.79738115180055,2.5901912103363687
6,Acetaldehyde,100.0,Acetaldehyde,True,0.8450708162028111,0.7686724514499896,Acetaldehyde,0.3309257015994,False,False,False,2.964569451619975,3.7102602512604816
6,Acetaldehyde,10.0,Acetone,False,0.4114050169386284,0.14714302491003456,Ethanol,0.03718358842654882,True,True,True,-12.855519423721029,2.5800447921451664
6,Acetaldehyde,100.0,Acetaldehyde,True,0.8881465466690457,0.8319514088665597,Acetaldehyde,0.4121133576840733,False,False,False,3.106180128768813,4.014472213699251
6,Acetaldehyde,10.0,Acetone,False,0.42599486918115675,0.165251362450488,Ethanol,0.03829591435620106,True,True,True,-12.82873513285235,2.578468662059528
6,Acetaldehyde,100.0,Acetaldehyde,True,0.8553277635790427,0.7814258246512416,Acetaldehyde,0.3486180910229313,False,False,False,3.0404410727361686,3.7840043108131414
6,Acetaldehyde,10.0,Acetone,False,0.4267802282628552,0.16648045547929913,Ethanol,0.03813236406121127,True,True,True,-12.849880165431925,2.5911973726546487
6,Acetaldehyde,100.0,Acetaldehyde,True,0.8657541571788367,0.7963416828053502,Acetaldehyde,0.36680716052938683,False,False,False,2.9537614238376286,3.8277817312020748
6,Acetaldehyde,10.0,Acetone,False,0.4316615204876553,0.17601790231761533,Ethanol,0.0381278847322126,True,True,True,-12.852203444529854,2.5928119503370906
6,Acetaldehyde,100.0,Acetaldehyde,True,0.8745402930378448,0.8121164386314352,Acetaldehyde,0.3802247263750169,False,False,False,2.979332328446246,3.877599747102691
6,Acetaldehyde,10.0,Acetone,False,0.3944781154998698,0.05670572078709979,Ethanol,0.0334962872987693,True,True,True,-12.859793554547577,2.524418826512736
6,Acetaldehyde,100.0,Acetaldehyde,True,0.8934054872278445,0.8424822237809663,Acetaldehyde,0.3982847667597945,False,False,False,2.758628857174302,3.899522664387408
6,Acetaldehyde,10.0,Acetone,False,0.43111631162116204,0.18598111819331034,Ethanol,0.03602028967038639,True,True,True,-12.913482638523982,2.602953667378379
6,Acetaldehyde,100.0,Acetaldehyde,True,0.9080364716380203,0.8664510246268721,Acetaldehyde,0.42149027148470325,False,False,False,2.566583840507977,3.9537450426473524
6,Acetaldehyde,10.0,Acetone,False,0.42041801327295497,0.1504834153023929,Ethanol,0.03526365655606796,True,True,True,-12.907413152246617,2.5863496665227568
6,Acetaldehyde,100.0,Acetaldehyde,True,0.9176953192010766,0.8810962783354801,Acetaldehyde,0.4319795167491783,False,False,False,2.6222155418410766,3.9932575957078864
6,Acetaldehyde,10.0,Acetone,False,0.4240881934109893,0.14265277170839474,Ethanol,0.03206140812406355,True,True,True,-12.92967869070023,2.550484933244768
6,Acetaldehyde,100.0,Acetaldehyde,True,0.9234463325481358,0.8893653128988828,Acetaldehyde,0.4583615578727535,False,False,False,2.578392530524188,4.075354563950753
6,Acetaldehyde,10.0,Acetone,False,0.430084060258855,0.11660852619501055,Ethanol,0.0303344044145079,True,True,True,-12.940016818565674,2.530005128269199
6,Acetaldehyde,100.0,Acetaldehyde,True,0.9191954810030216,0.8849722689677485,Acetaldehyde,0.43268524115767387,False,False,False,2.2190901430151833,3.9808860701540816
6,Acetaldehyde,10.0,Acetone,False,0.4240293016804151,0.11245548015265372,Ethanol,0.03204206918046448,True,True,True,-12.886922607276357,2.5203965784287106
6,Acetaldehyde,100.0,Acetaldehyde,True,0.9327613986681105,0.9033653871045312,Acetaldehyde,0.47689709061504704,False,False,False,2.3003804451737246,4.125809100466517
6,Acetaldehyde,10.0,Acetone,False,0.44174535404725895,0.1630318846765353,Ethanol,0.03184067941549551,True,True,True,-12.949821456001262,2.5609741477488557
6,Acetaldehyde,100.0,Acetaldehyde,True,0.9200162434787819,0.8830876989916387,Acetaldehyde,0.4504316482123403,False,False,False,2.341858506397201,4.038229098637094
6,Acetaldehyde,10.0,Acetone,False,0.4487436809684092,0.21313780491956238,Ethanol,0.035498741797697325,True,True,True,-12.945583405937786,2.617443605358387
6,Acetaldehyde,100.0,Acetaldehyde,True,0.9508996120285853,0.9290986641079938,Acetaldehyde,0.512423890929214,False,False,False,2.2678421008320515,4.244405580243978
6,Acetaldehyde,10.0,Acetone,False,0.4340619992959106,0.1597739910259049,Ethanol,0.03320303098107581,True,True,True,-12.93127768823481,2.5699718149470177
6,Acetaldehyde,100.0,Acetaldehyde,True,0.9327101891163413,0.9023571815571376,Acetaldehyde,0.46165316324106825,False,False,False,2.2752584187725584,4.075797906977593
6,Acetaldehyde,10.0,Acetone,False,0.44060465738857746,0.22070802263188344,Ethanol,0.035425531700427004,True,True,True,-12.986769959580634,2.6457379426636654
6,Acetaldehyde,100.0,Acetaldehyde,True,0.9619281744157056,0.9434174743837149,Acetaldehyde,0.5375315268870373,False,False,False,2.0313216270319923,4.352996832494004
6,Acetaldehyde,10.0,Acetone,False,0.43219280681965677,0.16506737491862566,Ethanol,0.030095505438240723,True,True,True,-12.99374550431714,2.563178028176249
6,Acetaldehyde,100.0,Acetaldehyde,True,0.9828092451576581,0.9739632048589982,Acetaldehyde,0.6606135439964054,False,False,False,2.033847193737546,4.783532280003007
6,Acetaldehyde,10.0,Acetone,False,0.45586553300086013,0.24631274884552992,Ethanol,0.035765436855245726,True,True,True,-12.995127012779129,2.6573907021203103
6,Acetaldehyde,100.0,Acetaldehyde,True,0.9831469442024875,0.9743177376594536,Acetaldehyde,0.6371935771500776,False,False,False,1.904356581333115,4.740346491902447
6,Acetaldehyde,10.0,Acetone,False,0.43849062428431335,0.21169397305271717,Ethanol,0.035576946477297214,True,True,True,-13.000768904891112,2.658301901069859
6,Acetaldehyde,100.0,Acetaldehyde,True,0.9836165823534548,0.9748334199787172,Acetaldehyde,0.6487226922288626,False,False,False,1.9173806784158887,4.778601848781003
6,Acetaldehyde,10.0,Acetone,False,0.45187261412403745,0.2505463584590365,Ethanol,0.03777829811182981,True,True,True,-12.970327276199619,2.6730120867207696
6,Acetaldehyde,100.0,Acetaldehyde,True,0.9848508823304686,0.9764965832262712,Acetaldehyde,0.6339238177038464,False,False,False,1.7414005938167207,4.796417645027666
6,Acetaldehyde,10.0,Acetone,False,0.4443022150744756,0.21946259294035494,Ethanol,0.03403786395295473,True,True,True,-13.026524444509562,2.6510171576341244
6,Acetaldehyde,100.0,Acetaldehyde,True,0.9850231536529275,0.9767504067050398,Acetaldehyde,0.6490167901410424,False,False,False,1.8004815494356992,4.828684843908585
6,Acetaldehyde,10.0,Acetone,False,0.44514275597457825,0.2141238805272206,Ethanol,0.03332240957157479,True,True,True,-13.04327098883796,2.6509361635112336
6,Acetaldehyde,100.0,Acetaldehyde,True,0.9507491247922294,0.9275150781011285,Acetaldehyde,0.45203970299293433,False,False,False,1.9441118572783285,4.068978342179451
6,Acetaldehyde,10.0,Acetone,False,0.4033248855195799,0.05432406909081472,Ethanol,0.02641208024350977,True,True,True,-12.97334701594987,2.490218480804243
6,Acetaldehyde,100.0,Acetaldehyde,True,0.9741458041316811,0.9608020571928177,Acetaldehyde,0.5630273015305083,False,False,False,1.930547346358112,4.462696013058469
6,Acetaldehyde,10.0,Acetone,False,0.4161051686190317,0.07287744597491586,Ethanol,0.022964186970581456,True,True,True,-13.032414726716413,2.4745505713588734
6,Acetaldehyde,100.0,Acetaldehyde,True,0.9680263516897325,0.95327127682807,Acetaldehyde,0.5659484149933394,False,False,False,1.9813415980867997,4.461538219289922
6,Acetaldehyde,10.0,Acetone,False,0.4226808821365223,0.14659165196266088,Ethanol,0.031157975675441447,True,True,True,-13.027209814737693,2.6037258012294
6,Acetaldehyde,100.0,Acetaldehyde,True,0.9783645230247218,0.9675691487366291,Acetaldehyde,0.598303755754178,False,False,False,1.8130276770911682,4.627019582944711
6,Acetaldehyde,10.0,Acetone,False,0.436083366242567,0.20405352297120943,Ethanol,0.03668273785905739,True,True,True,-12.966888909387468,2.6522856416787364
6,Acetaldehyde,100.0,Acetaldehyde,True,0.9811702031915653,0.9717737168799858,Acetaldehyde,0.6408641891415824,False,False,False,2.026904817579082,4.71522976566606
6,Acetaldehyde,10.0,Acetone,False,0.4151887665811631,0.1671874344844668,Ethanol,0.0351729654155389,True,True,True,-13.002203026547246,2.6525958939613483
6,Acetaldehyde,100.0,Acetaldehyde,True,0.9820418776723147,0.9725730209297043,Acetaldehyde,0.6301352546688626,False,False,False,1.897583995987182,4.716468390110271
6,Acetaldehyde,10.0,Acetone,False,0.41604036385939214,0.15849656179213562,Ethanol,0.03421841841986778,True,True,True,-12.958144311132383,2.6054399183268857
6,Acetaldehyde,100.0,Acetaldehyde,True,0.9854029661317849,0.9778101007304003,Acetaldehyde,0.6476924989102281,False,False,False,1.8192793061906853,4.8147816749838785
6,Acetaldehyde,10.0,Acetone,False,0.4401724746198991,0.20902846366087938,Ethanol,0.03833578491032984,True,True,True,-12.925174184121865,2.649323817747025
6,Acetaldehyde,100.0,Acetaldehyde,True,0.9844626094780187,0.9760038885146428,Acetaldehyde,0.6459813255563019,False,False,False,1.808762878054091,4.812817359060483
6,Acetaldehyde,10.0,Acetone,False,0.41097469486686466,0.1748184309753025,Ethanol,0.03885499395064272,True,True,True,-12.951218859335478,2.6769999398118265
6,Acetaldehyde,100.0,Acetaldehyde,True,0.9829787913776342,0.9741469640729135,Acetaldehyde,0.613195516290122,False,False,False,1.855233900026257,4.668113870231063
6,Acetaldehyde,10.0,Acetone,False,0.41042950767148006,0.12826599927047116,Ethanol,0.03600584021223032,True,True,True,-12.900394382763237,2.593335248783967
6,Acetaldehyde,100.0,Acetaldehyde,True,0.9858462221662083,0.978389996682906,Acetaldehyde,0.6466942946569599,False,False,False,1.8015941492876528,4.818939873184073
6,Acetaldehyde,10.0,Acetone,False,0.4221962611822548,0.1852335300240911,Ethanol,0.03784365619377616,True,True,True,-12.918642821847865,2.636466191702912
6,Acetaldehyde,100.0,Acetaldehyde,True,0.988682239968278,0.9826091750463907,Acetaldehyde,0.6636382007491041,False,False,False,1.772727872977,4.901872899304763
6,Acetaldehyde,10.0,Acetone,False,0.42344241842767244,0.19858683580403388,Ethanol,0.040805505005831036,True,True,True,-12.917267556312215,2.6844232729765993
6,Acetaldehyde,100.0,Acetaldehyde,True,0.9892553265355425,0.9833896163538131,Acetaldehyde,0.6651482517212497,False,False,False,1.7405149324498097,4.926163910884814
6,Acetaldehyde,10.0,Acetone,False,0.4294219087658797,0.18939883925319312,Ethanol,0.03945106302686191,True,True,True,-12.898431275157371,2.6480968494242125
6,Acetaldehyde,100.0,Acetaldehyde,True,0.9894921831615443,0.9837766542327493,Acetaldehyde,0.6672105731676367,False,False,False,1.694686053778295,4.962971281371257
6,Acetaldehyde,10.0,Acetone,False,0.4064887340676513,0.1405800053741758,Ethanol,0.035955710445639895,True,True,True,-12.90664554706046,2.597003433188018
6,Acetaldehyde,100.0,Acetaldehyde,True,0.9902498722137995,0.9845508949554439,Acetaldehyde,0.6528511645792493,False,False,False,1.571186449414694,4.982024278986304
6,Acetaldehyde,10.0,Acetone,False,0.4071654073034498,0.1689082384741835,Ethanol,0.04067601651838891,True,True,True,-12.923918469075664,2.6872074348613753
6,Acetaldehyde,100.0,Acetaldehyde,True,0.991037358105871,0.985929663161041,Acetaldehyde,0.660179139729471,False,False,False,1.562841192625985,5.023968477775399
6,Acetaldehyde,10.0,Acetone,False,0.4068998907203381,0.1755590085257641,Ethanol,0.04097269447542962,True,True,True,-12.92795016346734,2.69515936945928
6,Ammonia,50.0,Ammonia,True,0.9165614243483573,0.8787014828970984,Ethanol,0.043286615019831276,False,True,True,-11.06443371539189,1.4026530357743443
6,Ammonia,75.0,Ammonia,True,0.9907853733319898,0.984711871617419,Ethanol,0.18036236163549485,False,False,False,-8.662951704246352,0.526671762101567
6,Ammonia,150.0,Ammonia,True,0.9815790525779643,0.9670471869924541,Ethylene,0.7510219779940086,False,False,False,-2.162205330158782,-1.031549863865263
6,Ammonia,250.0,Ammonia,True,0.9978489820461671,0.9957610178999906,Acetone,0.38097035617868724,False,False,False,3.4397308923186105,-2.900720707337232
6,Ammonia,225.0,Ammonia,True,0.9965544494094658,0.9932535059673206,Acetone,0.42503794781047693,False,False,False,2.857988901449863,-2.57657495132785
6,Ammonia,200.0,Ammonia,True,0.9902640752628344,0.981293292770755,Acetone,0.3576278405775169,False,False,False,1.6678025681429065,-1.8471249480640342
6,Ammonia,175.0,Ammonia,True,0.9977951484846692,0.9958570198154524,Ethylene,0.2874988962567514,False,False,False,-0.6528217939861676,-1.8789911767279739
6,Ammonia,100.0,Ammonia,True,0.9945882707891651,0.9907469878980486,Ethanol,0.17960855173651644,False,False,False,-6.116288903899729,-0.2034877301431688
6,Ammonia,125.0,Ammonia,True,0.9968835797152871,0.9944285210359312,Ethylene,0.3670437926171739,False,False,False,-4.025602510367429,-1.076038884462232
6,Ammonia,225.0,Ammonia,True,0.9897763929940806,0.9799271699354839,Acetone,0.5700209083894808,False,False,False,3.2930867154219325,-2.1427678612861203
6,Ammonia,200.0,Ammonia,True,0.9932429330941595,0.9869618578302695,Acetone,0.39741871263191675,False,False,False,1.8781637838040208,-1.9790423870140816
6,Ammonia,175.0,Ammonia,True,0.9980370484211545,0.9963093790604014,Ethylene,0.22380488253570166,False,False,False,-0.40618429217640545,-1.8861967577084267
6,Ammonia,100.0,Ammonia,True,0.9963733034900211,0.9937812284213303,Ethanol,0.15569064259770485,False,False,False,-6.000197509357734,-0.24380315000380517
6,Ammonia,125.0,Ammonia,True,0.9970405712268869,0.9946812063764573,Ethylene,0.4251960402768922,False,False,False,-3.797153420200749,-1.1075747232576543
6,Ammonia,50.0,Ammonia,True,0.9316965537374775,0.897947111875452,Ethanol,0.03182428728128416,False,True,True,-11.042405778940692,1.2891591766433648
6,Ammonia,75.0,Ammonia,True,0.9947676089558416,0.9912688258772198,Ethanol,0.15493782531975353,False,False,False,-8.550314781567863,0.32985443303598483
6,Ammonia,150.0,Ammonia,True,0.9917044453917744,0.9849596693405827,Ethylene,0.6179295415046393,False,False,False,-1.5885206546734136,-1.2095191359403181
6,Ammonia,250.0,Ammonia,True,0.9989212900760422,0.9978656939559707,Acetone,0.336698451282633,False,False,False,4.5160485225134455,-3.187900963925189
6,Ammonia,50.0,Ammonia,True,0.9293322805837211,0.8955517914410642,Ethanol,0.030178653355979586,False,True,True,-11.05612417821016,1.2839125056087286
6,Ammonia,75.0,Ammonia,True,0.994889792411182,0.9916300093554574,Ethanol,0.14355607741209037,False,True,True,-8.596169779240633,0.3081490725173289
6,Ammonia,150.0,Ammonia,True,0.994048034394318,0.9892351181889658,Ethylene,0.6025817882189796,False,False,False,-1.6209463441181606,-1.3123253480873684
6,Ammonia,250.0,Ammonia,True,0.9990692423307582,0.9981610426087804,Acetone,0.3370191456803182,False,False,False,4.527358467850669,-3.1858192017278193
6,Ammonia,225.0,Ammonia,True,0.9981887427092564,0.9964365054754165,Acetone,0.38018612427275644,False,False,False,3.47652920839969,-2.9106438256308387
6,Ammonia,200.0,Ammonia,True,0.9951259663778043,0.9905538542101668,Acetone,0.39051190886363873,False,False,False,1.956485958480305,-2.185248279145601
6,Ammonia,175.0,Ammonia,True,0.9988984691231921,0.9979210619234594,Ethylene,0.16100878740358474,False,False,False,-0.24956995605566018,-2.179648745717735
6,Ammonia,100.0,Ammonia,True,0.9966472748375974,0.9942850579734689,Ethanol,0.12043259157172204,False,True,True,-5.911043127486796,-0.3693342271541121
6,Ammonia,125.0,Ammonia,True,0.9969165547376254,0.9947638724930065,Ethylene,0.3218268089088158,False,False,False,-4.199668733012302,-1.4872832383850332
6,Ammonia,50.0,Ammonia,True,0.9174943350338617,0.8699087179639224,Toluene,0.006460345439459102,False,True,True,-11.434537160069787,1.1880655831213685
6,Ammonia,75.0,Ammonia,True,0.9931887224365507,0.9890704934825729,Ethanol,0.05608963773438121,False,True,True,-9.112715706880177,0.2282215810079954
6,Ammonia,150.0,Ammonia,True,0.9968185066545676,0.9942529535767217,Ethylene,0.53065192735068,False,False,False,-2.3802513752117798,-1.802339578487918
6,Ammonia,250.0,Ammonia,True,0.9994644146037325,0.9989442247810831,Acetone,0.2115764900456963,False,False,False,3.7658375996445645,-3.730338234211769
6,Ammonia,225.0,Ammonia,True,0.9988350801675902,0.9977246627040666,Acetone,0.2544421749053645,False,False,False,2.86210004056271,-3.238379314873803
6,Ammonia,200.0,Ammonia,True,0.996352299758091,0.9929453249527065,Acetone,0.1690739574310228,False,False,False,1.107860379644384,-2.5630659939804694
6,Ammonia,175.0,Ammonia,True,0.9988890587853492,0.997911816655411,Ethylene,0.22993462922160793,False,False,False,-0.9711618487641094,-2.428435734058
6,Ammonia,100.0,Ammonia,True,0.9977238922729579,0.996094143144723,Ethanol,0.17464327102105626,False,False,False,-6.73264187209088,-0.5651883652442949
6,Ammonia,125.0,Ammonia,True,0.9967483008987621,0.9943847231290434,Ethylene,0.2816425007248343,False,False,False,-4.381608531902144,-1.2406591321144038
6,Ammonia,225.0,Ammonia,True,0.997520616919309,0.9951389373824816,Acetone,0.2652826876661309,False,False,False,2.5202402727433504,-3.0467907777577246
6,Ammonia,200.0,Ammonia,True,0.9951491645204871,0.9906499177215419,Acetone,0.09526482435031444,False,True,True,0.767305989895091,-2.40218500315554
6,Ammonia,175.0,Ammonia,True,0.9988032794352135,0.9977605336267727,Ethylene,0.28432349754568564,False,False,False,-1.2545519710547957,-2.350724854148811
6,Ammonia,100.0,Ammonia,True,0.9962825016713382,0.9937553944675207,Ethanol,0.1669336397783666,False,False,False,-6.9039896531414655,-0.5244469893667286
6,Ammonia,125.0,Ammonia,True,0.9965064745698032,0.993941445507487,Ethylene,0.22599462195304929,False,False,False,-4.627999784514676,-1.2255134240183891
6,Ammonia,50.0,Ammonia,True,0.8885494069258003,0.8319512370954965,Ethanol,0.003650809159840142,False,True,True,-11.509076953980495,1.3198929073759553
6,Ammonia,75.0,Ammonia,True,0.9911253263002816,0.9857984356778863,Ethanol,0.06718409270358526,False,True,True,-9.201660154329316,0.33716630519885726
6,Ammonia,150.0,Ammonia,True,0.9921300174053176,0.9858604243757505,Ethylene,0.6352304474134264,False,False,False,-2.289524848527161,-1.4507399802934857
6,Ammonia,250.0,Ammonia,True,0.9989253671522821,0.9978790082349535,Acetone,0.27626040911534355,False,False,False,3.6955276913334707,-3.4056488124096176
6,Ammonia,225.0,Ammonia,True,0.9984113696496794,0.996888724588837,Acetone,0.251101088005638,False,False,False,2.53561297112892,-3.1091805366745118
6,Ammonia,200.0,Ammonia,True,0.9970408079757879,0.9943226960105447,Acetone,0.12181846764971595,False,True,True,0.8910399281320027,-2.520581149548777
6,Ammonia,175.0,Ammonia,True,0.9989898320138942,0.9980989618754272,Ethylene,0.24602415366463024,False,False,False,-1.0544253889082082,-2.405391228493733
6,Ammonia,100.0,Ammonia,True,0.9967315991140108,0.9944815564477394,Ethanol,0.19568852321770608,False,False,False,-6.683558951300538,-0.4829903672752734
6,Ammonia,125.0,Ammonia,True,0.9965189906671449,0.9939415782553144,Ethylene,0.287698049585874,False,False,False,-4.354010101672205,-1.2219559376003097
6,Ammonia,50.0,Ammonia,True,0.9011120337926556,0.8503079445433137,Ethanol,0.008021247864991672,False,True,True,-11.425645726294167,1.312526570779864
6,Ammonia,75.0,Ammonia,True,0.9928050320539691,0.988348550157768,Ethanol,0.09290066130218608,False,True,True,-9.03502330564428,0.3570718797647798
6,Ammonia,150.0,Ammonia,True,0.9950247072806445,0.9910147032390973,Ethylene,0.6013255776349248,False,False,False,-2.1044633735867064,-1.543448139350823
6,Ammonia,250.0,Ammonia,True,0.9993153789681888,0.9986461572433667,Acetone,0.26214903055265293,False,False,False,4.358465929634026,-3.589273937444095
6,Ammonia,250.0,Ammonia,True,0.7486498495237501,0.5182799627730641,Acetone,0.6042015845833644,False,False,False,4.99917316954255,-0.8681674778690445
6,Ammonia,250.0,Ammonia,True,0.9617257306910846,0.9325611849506751,Ethylene,0.3713024878419982,False,False,False,-0.5419201366651624,-0.6100245362321431
6,Ammonia,250.0,Ammonia,True,0.9262321555423874,0.873062882429353,Ethylene,0.3745831148351614,False,False,False,-3.858928543406725,-0.10873374206193628
6,Ammonia,50.0,Ammonia,True,0.6735852755188941,0.5353709238006039,Toluene,0.002664487664433643,True,True,True,-12.46458727736419,1.779968364267363
6,Ammonia,50.0,Ammonia,True,0.7141735902693144,0.6041350065676765,Toluene,0.004018137936197936,False,True,True,-12.45576202250835,1.7587444466203388
6,Ammonia,50.0,Ammonia,True,0.6902596872871766,0.5667159512334902,Toluene,0.00428643993828452,True,True,True,-12.446665126345303,1.7506244350754048
6,Ammonia,50.0,Ammonia,True,0.676905201681359,0.5486015104123659,Toluene,0.0070931604898827145,True,True,True,-12.520530796784696,1.7556161817553224
6,Ammonia,50.0,Ammonia,True,0.6848366661210734,0.5589485013095101,Toluene,0.009528149213446241,True,True,True,-12.539651906681316,1.7357628251816575
6,Ammonia,50.0,Ammonia,True,0.6782396230453648,0.5512096114239219,Toluene,0.008445181097410952,True,True,True,-12.538877366364044,1.748624062369319
6,Ammonia,50.0,Ammonia,True,0.6644097242435514,0.526498308614369,Toluene,0.007263605909063045,True,True,True,-12.519112834699763,1.7527860733973153
6,Ammonia,50.0,Ammonia,True,0.6880046871838049,0.5640308550088017,Toluene,0.007254490226479039,True,True,True,-12.506897409239341,1.7464959610154485
6,Ammonia,50.0,Ammonia,True,0.6758813369467149,0.5475309930511215,Toluene,0.0078057461159972,True,True,True,-12.545041629220052,1.7596911148346421
6,Ammonia,50.0,Ammonia,True,0.7102342362645226,0.5960530881281337,Toluene,0.006742180140478321,False,True,True,-12.52453348893803,1.762022208896903
6,Ammonia,50.0,Ammonia,True,0.7111635339699879,0.5985181978862124,Toluene,0.006132309523627842,False,True,True,-12.487427211766313,1.7499175319062352
6,Ammonia,50.0,Ammonia,True,0.7312600250800763,0.633996398900094,Toluene,0.0060808046924468746,False,True,True,-12.466242067780021,1.7393478287770108
6,Ammonia,50.0,Ammonia,True,0.7461589278246866,0.6534155188405935,Toluene,0.004712246834307484,False,True,True,-12.408113487744187,1.7249095531855183
6,Ammonia,50.0,Ammonia,True,0.7612490402355109,0.6815224958204746,Toluene,0.0045119739155779276,False,True,True,-12.373284843749703,1.7086838592380482
6,Ammonia,50.0,Ammonia,True,0.784654291380068,0.7122964905192593,Toluene,0.0043128000430008775,False,True,True,-12.315787830339247,1.6802553557449709
6,Ammonia,50.0,Ammonia,True,0.798549856332457,0.7298267999741679,Toluene,0.003067250529020661,False,True,True,-12.23119871202472,1.6490765757545773
6,Ammonia,50.0,Ammonia,True,0.8088396279359928,0.739839839881249,Toluene,0.003915651573524883,False,True,True,-12.19382420118092,1.6193697533135878
6,Ammonia,50.0,Ammonia,True,0.8275118275277946,0.759281248845183,Toluene,0.0017425271159930322,False,True,True,-12.073742966701552,1.5783798163301437
6,Ammonia,50.0,Ammonia,True,0.8611796779805547,0.8053616369780295,Toluene,0.005941939390991511,False,True,True,-12.026843125439022,1.5080967558893508
6,Ammonia,50.0,Ammonia,True,0.8684729635031584,0.8120830345929286,Toluene,0.004165411147379155,False,True,True,-11.915234585687509,1.467001937475151
6,Ammonia,50.0,Ammonia,True,0.8969373671912463,0.8531111683444664,Toluene,0.006385896584590227,False,True,True,-11.822341554686163,1.394958253247991
6,Ammonia,50.0,Ammonia,True,0.9126129330869832,0.874596802243593,Toluene,0.004479663383824009,False,True,True,-11.713248948203066,1.35536135472087
6,Ammonia,50.0,Ammonia,True,0.9198319878730467,0.8841509704679277,Toluene,0.009252020075205083,False,True,True,-11.689321753867953,1.2970974236346318
6,Ammonia,50.0,Ammonia,True,0.9253050096569181,0.8919020582949437,Toluene,0.00485099537697745,False,True,True,-11.545469179137916,1.2617991431216247
6,Ammonia,50.0,Ammonia,True,0.9322697611875624,0.900673506499845,Toluene,0.008068470230086076,False,True,True,-11.505570217763287,1.2114529320131762
6,Ammonia,50.0,Ammonia,True,0.9441038751608958,0.9170893808124726,Toluene,0.0032718425523884636,False,True,True,-11.317522876588118,1.1528234257240793
6,Ammonia,50.0,Ammonia,True,0.9560004210288388,0.9351200163110341,Toluene,0.0001550276462342158,False,True,True,-11.232101464705057,1.1325106327535028
6,Ammonia,50.0,Ammonia,True,0.9615463331800639,0.9433592875108678,Toluene,0.005347736702142572,False,True,True,-11.215366809225683,1.0803451765082603
6,Ammonia,50.0,Ammonia,True,0.9591971157900652,0.9387423558873088,Toluene,0.0005697805103668704,False,True,True,-11.127069407898128,1.0713511216772582
6,Ammonia,50.0,Ammonia,True,0.9679277673459002,0.9520211157344787,Ethanol,0.0013078027056962766,False,True,True,-11.047144823816868,1.0422649871728447
6,Ammonia,50.0,Ammonia,True,0.9644642132430061,0.9470073233665753,Toluene,0.002569740186337282,False,True,True,-11.040689607711709,1.0082142633298035
6,Ammonia,50.0,Ammonia,True,0.9722320233717959,0.9586839130181178,Toluene,0.006202684742880685,False,True,True,-11.02470224731747,0.9713282957878924
6,Ammonia,50.0,Ammonia,True,0.9727234408842328,0.9595260414121745,Ethanol,0.001059505506131497,False,True,True,-10.911608465034652,0.9652954385130997
6,Ammonia,50.0,Ammonia,True,0.9758375814885506,0.9637303271639198,Ethanol,0.0018146264198971595,False,True,True,-10.860072163526247,0.9424040681465113
6,Ammonia,50.0,Ammonia,True,0.9769644433835869,0.9649409252311766,Ethanol,0.006244948366073962,False,True,True,-10.773855603430192,0.9268185936320285
6,Ammonia,50.0,Ammonia,True,0.9780794194180276,0.967193741852105,Ethanol,0.0013842178302087903,False,True,True,-10.762728714445894,0.8852670266352448
6,Ammonia,50.0,Ammonia,True,0.9794704376232496,0.9685262288598288,Ethanol,0.0007897994075132265,False,True,True,-10.729081025763886,0.8623848880735308
6,Ammonia,50.0,Ammonia,True,0.9796482174059508,0.9692703945696957,Toluene,0.005690997574581072,False,True,True,-10.730567918829834,0.8172310900704913
6,Ammonia,50.0,Ammonia,True,0.9851375622733057,0.9776880232335211,Toluene,0.0009091160909710117,False,True,True,-10.629293552382524,0.7955239149748421
6,Ammonia,50.0,Ammonia,True,0.985119102513939,0.9776125924403698,Toluene,0.002065386006160692,False,True,True,-10.64116838637944,0.7940521033479574
6,Ammonia,50.0,Ammonia,True,0.9862813908449244,0.9793629351932314,Toluene,0.004189882370702569,False,True,True,-10.626889154941502,0.7716827380469408
6,Ammonia,50.0,Ammonia,True,0.9821115277688892,0.9726070595462596,Toluene,0.003938336055216885,False,True,True,-10.658640249044963,0.7906208496568894
6,Ammonia,50.0,Ammonia,True,0.9833476474237014,0.9745738444267024,Toluene,0.0016628839506198435,False,True,True,-10.610729570049898,0.7801758127812022
6,Ammonia,50.0,Ammonia,True,0.9865670333338089,0.9794427510895148,Toluene,0.0076553393105263205,False,True,True,-10.570672728334644,0.717987638592616
6,Ammonia,50.0,Ammonia,True,0.9902796591557584,0.985235195195332,Toluene,0.010504340573881514,False,True,True,-10.567125894083155,0.6971142089365377
6,Ammonia,50.0,Ammonia,True,0.9885570462516167,0.9824524232017297,Toluene,0.004650109820449365,False,True,True,-10.586237996814514,0.7465489047549999
6,Ammonia,50.0,Ammonia,True,0.9876363092510979,0.9811039984927975,Toluene,0.006202212066158042,False,True,True,-10.579776629974006,0.7326086998729527
6,Ammonia,50.0,Ammonia,True,0.9889953245883017,0.9832864122271913,Toluene,0.0005876677178567869,False,True,True,-10.52691694405743,0.7414809882408947
6,Ammonia,50.0,Ammonia,True,0.9891756960012401,0.9834353061450538,Toluene,0.002404174221886003,False,True,True,-10.536903309175573,0.7348229102581137
6,Ammonia,50.0,Ammonia,True,0.9903450431040273,0.9852630909304818,Toluene,0.0019739195578000975,False,True,True,-10.496921441616559,0.71583905993413
6,Ammonia,50.0,Ammonia,True,0.9891696292906488,0.9834248707484075,Toluene,0.0038107092968098495,False,True,True,-10.530506354633708,0.7219722126381479
6,Ammonia,50.0,Ammonia,True,0.9904031824608698,0.9850517670185397,Toluene,0.00115899384530388,False,True,True,-10.457340670087182,0.6995134987458052
6,Ammonia,50.0,Ammonia,True,0.9899341326172073,0.9845129699005609,Toluene,0.003010597268836181,False,True,True,-10.516465257491179,0.719647911492433
6,Ammonia,50.0,Ammonia,True,0.9915818689697733,0.9869662289859908,Ethanol,0.001982364396867617,False,True,True,-10.411717310159334,0.6947598053220522
6,Ammonia,50.0,Ammonia,True,0.9916373862064182,0.9869379495177311,Ethanol,0.005180057206188418,False,True,True,-10.386715111390053,0.7014725858216921
6,Ammonia,50.0,Ammonia,True,0.9902883009001106,0.984741358749101,Toluene,0.0011949105097141621,False,True,True,-10.456354427412881,0.6987382833294764
6,Ammonia,50.0,Ammonia,True,0.9904928289737489,0.9851943283767147,Ethanol,0.00553803156725833,False,True,True,-10.392123205379319,0.7068223256271018
6,Ammonia,50.0,Ammonia,True,0.991073091806829,0.9860785260253249,Ethanol,0.0019280957475504362,False,True,True,-10.388257744571819,0.6813974278133821
6,Ammonia,50.0,Ammonia,True,0.9927326620440688,0.9886018504012857,Ethanol,0.007775497788058823,False,True,True,-10.324956176068648,0.6832942638226547
6,Ammonia,50.0,Ammonia,True,0.9928690722600508,0.9890487861172756,Ethanol,0.001840800998901196,False,True,True,-10.354605650258131,0.6621798910814539
6,Ammonia,50.0,Ammonia,True,0.9926477041801334,0.9885443931694294,Ethanol,0.0016204886693890373,False,True,True,-10.354335338365297,0.6606305065211965
6,Ammonia,50.0,Ammonia,True,0.9918549827783553,0.9874616060409103,Ethanol,0.0049531387305681044,False,True,True,-10.357375222051793,0.6835601499882599
6,Ammonia,50.0,Ammonia,True,0.9922400996275959,0.9878797335631463,Ethanol,0.008743765760917484,False,True,True,-10.307442119673825,0.6795110303374325
6,Ammonia,50.0,Ammonia,True,0.9909595589269578,0.9857371917244264,Ethanol,0.00954310601814087,False,True,True,-10.298866689963129,0.6796955385583464
6,Ammonia,50.0,Ammonia,True,0.9918264601771922,0.9870966439329677,Ethanol,0.009693761166496648,False,True,True,-10.294718510727698,0.6782859992975669
6,Ammonia,50.0,Ammonia,True,0.9914521691413452,0.9868888984659907,Ethanol,0.012789436145335516,False,True,True,-10.277964677537495,0.6882559613183689
6,Ammonia,50.0,Ammonia,True,0.9904605297532503,0.9851628930459654,Ethanol,0.009585989752831484,False,True,True,-10.32238632476023,0.6933606575048203
6,Ammonia,50.0,Ammonia,True,0.9913804879266813,0.986727825878642,Ethanol,0.012679498350580722,False,True,True,-10.30189469633086,0.7013315557111509
6,Ammonia,50.0,Ammonia,True,0.9913216406167364,0.9863505924416097,Ethanol,0.017434273845102054,False,True,True,-10.264858792851381,0.7100600071763492
6,Ammonia,50.0,Ammonia,True,0.991262575211443,0.9866405711444487,Ethanol,0.008467540782355917,False,True,True,-10.330230861515947,0.6906901164770632
6,Ammonia,50.0,Ammonia,True,0.9916664391095835,0.9870522610192627,Ethanol,0.010271763954742148,False,True,True,-10.300205152052516,0.6850717222852085
6,Ammonia,50.0,Ammonia,True,0.9921947000341476,0.9878230499995139,Ethanol,0.005549904574456741,False,True,True,-10.345541701072298,0.6807301459943019
6,Ammonia,50.0,Ammonia,True,0.9910129773778752,0.9860213160330604,Ethanol,0.008025397881221355,False,True,True,-10.339079316945922,0.6928848082032887
6,Ammonia,50.0,Ammonia,True,0.990644691151395,0.9854051746810256,Ethanol,0.011176838910005923,False,True,True,-10.348746368973963,0.7186144680511267
6,Ammonia,50.0,Ammonia,True,0.9913402008105309,0.9864207858461084,Ethanol,0.012659701604701324,False,True,True,-10.326102836989277,0.7151412319003417
6,Ammonia,50.0,Ammonia,True,0.9909858618321109,0.9860961766869732,Ethanol,0.013220202477567555,False,True,True,-10.314776673181488,0.712204497018363
6,Ammonia,50.0,Ammonia,True,0.9907276844261861,0.9857294901033098,Ethanol,0.008467418947632333,False,True,True,-10.334492190771902,0.6931072719145606
6,Ammonia,50.0,Ammonia,True,0.9900955184742785,0.984907437301759,Ethanol,0.0028782154706124825,False,True,True,-10.386628632447767,0.6865970979786807
6,Ammonia,50.0,Ammonia,True,0.9904413409774465,0.9853939536746896,Ethanol,0.0015585044280395754,False,True,True,-10.396156977060807,0.6833999695926242
6,Ammonia,50.0,Ammonia,True,0.9885061291906109,0.9820721266647813,Ethanol,0.016312474198529915,False,True,True,-10.351869114169387,0.7536786786611472
6,Ammonia,50.0,Ammonia,True,0.9905764976142002,0.98544472660377,Ethanol,0.013515895060372844,False,True,True,-10.316429816876271,0.7150512259419318
6,Ammonia,50.0,Ammonia,True,0.9912393637569774,0.9865251775014464,Ethanol,0.005139165749883832,False,True,True,-10.33745398171467,0.673576303777782
6,Ammonia,50.0,Ammonia,True,0.9908602735807776,0.9858009111045268,Ethanol,0.013586044117221936,False,True,True,-10.346744260533695,0.7330143690015647
6,Ammonia,50.0,Ammonia,True,0.9885084423854178,0.9823369185886869,Ethanol,0.013562277740085766,False,True,True,-10.394330348883711,0.760372542622032
6,Ammonia,50.0,Ammonia,True,0.9896333733233182,0.9841515373397657,Ethanol,0.006224712917073552,False,True,True,-10.437222668268038,0.7366756062760298
6,Ammonia,50.0,Ammonia,True,0.9885590558340757,0.982442570714909,Ethanol,0.016718346131594848,False,True,True,-10.372551349589271,0.7684125316600285
6,Ammonia,50.0,Ammonia,True,0.9877520713620268,0.9813416898473939,Ethanol,0.02295242354013933,False,True,True,-10.36279344494672,0.8036839671296635
6,Ammonia,50.0,Ammonia,True,0.9891398486260564,0.9832287385349245,Ethanol,0.012347967207376277,False,True,True,-10.388018581453004,0.748774247459735
6,Ammonia,50.0,Ammonia,True,0.9892763905102616,0.9837195275004303,Ethanol,0.007701576239987354,False,True,True,-10.420590605019397,0.7369677043070306
6,Ammonia,50.0,Ammonia,True,0.9898935859792086,0.9844507306554076,Ethanol,0.0051633650086549175,False,True,True,-10.43777916308202,0.7300222258969614
6,Ammonia,50.0,Ammonia,True,0.9892776183443174,0.9835777533304273,Ethanol,0.007585673652254607,False,True,True,-10.419255324943729,0.7354523445733452
6,Ammonia,50.0,Ammonia,True,0.9890639901816621,0.9832492992240722,Ethanol,0.008951446283685742,False,True,True,-10.42287574615345,0.7464660529739985
6,Ammonia,50.0,Ammonia,True,0.9881654054685735,0.9818983246542661,Ethanol,0.008515149754352828,False,True,True,-10.45119130755586,0.7596911280367153
6,Ammonia,50.0,Ammonia,True,0.9870958582025484,0.9802265918784349,Ethanol,0.012489891234367858,False,True,True,-10.457041706763032,0.7894934154251876
6,Ammonia,50.0,Ammonia,True,0.9877521875770496,0.9812314087345982,Ethanol,0.011780427572928522,False,True,True,-10.370383969143589,0.7349335529342492
6,Ammonia,50.0,Ammonia,True,0.9877974004770658,0.9812627993649583,Ethanol,0.015686071175918945,False,True,True,-10.44874454358578,0.8060807162829734
6,Ammonia,50.0,Ammonia,True,0.9880131493592373,0.9815474285493274,Ethanol,0.011617669447753496,False,True,True,-10.432836316395242,0.76975184470574
6,Ammonia,50.0,Ammonia,True,0.9856824892395841,0.9782195260196289,Ethanol,0.005678222435593719,False,True,True,-10.550641840436553,0.7969025745577997
6,Ammonia,50.0,Ammonia,True,0.9846932445712674,0.9765685629480074,Ethanol,0.009444182656531777,False,True,True,-10.494914121283166,0.7907954182219457
6,Ammonia,50.0,Ammonia,True,0.9869070871470838,0.9803039936382748,Ethanol,0.007204947661427049,False,True,True,-10.476201149345602,0.7651691175626169
6,Ammonia,250.0,Ammonia,True,0.6089043244621346,0.2317600829361714,Acetone,0.259376118371768,True,False,True,3.5169143857792537,-3.437907370428206
6,Ammonia,250.0,Ammonia,True,0.9983379934695925,0.9968114455421913,Ammonia,0.14408951312838347,False,True,True,0.6677313283911828,-3.5941628668609757
6,Ammonia,250.0,Ammonia,True,0.9983415330876411,0.9967916942887421,Ammonia,0.13361114172647018,False,True,True,0.7282182856532753,-3.585395729250938
6,Ammonia,50.0,Ammonia,True,0.962812237803792,0.9442586741572547,Toluene,0.04250242060799969,False,True,True,-11.121582790452496,0.7440923209269638
6,Ammonia,50.0,Ammonia,True,0.972941605247423,0.9595542885247592,Toluene,0.036650603410786756,False,True,True,-10.999520417780642,0.7311332845770957
6,Ammonia,50.0,Ammonia,True,0.9727073301107569,0.9591179970299324,Toluene,0.022900857032440557,False,True,True,-10.870578180409263,0.7677535184181676
6,Ammonia,50.0,Ammonia,True,0.972415851544478,0.9588991076470402,Toluene,0.027280338947551816,False,True,True,-10.909047689607748,0.7554329485360778
6,Ammonia,50.0,Ammonia,True,0.9769657062555799,0.9654492283247562,Toluene,0.029566160484207096,False,True,True,-10.896914080949015,0.7332255413774809
6,Ammonia,50.0,Ammonia,True,0.9754883935938707,0.9633039891890218,Toluene,0.03376628840474604,False,True,True,-10.90723740862946,0.7083818933448218
6,Ammonia,50.0,Ammonia,True,0.9752129468544739,0.9630781269777707,Toluene,0.037834710604955135,False,True,True,-10.93107328488406,0.6907858149407137
6,Ammonia,50.0,Ammonia,True,0.976296149664925,0.9643387108704743,Toluene,0.02920581492392557,False,True,True,-10.858189092227601,0.717006860722776
6,Ammonia,50.0,Ammonia,True,0.9757265254761719,0.9629102470468742,Toluene,0.030015682415130033,False,True,True,-10.865098503119492,0.7146593309039648
6,Ammonia,50.0,Ammonia,True,0.9781149724582763,0.9673562447155334,Toluene,0.027321745870414926,False,True,True,-10.83031214843209,0.7166212175361943
6,Ammonia,50.0,Ammonia,True,0.9813896309994198,0.9721427683576174,Toluene,0.026583371430543106,False,True,True,-10.80833766964131,0.7109814794805503
6,Ammonia,50.0,Ammonia,True,0.9833685192156454,0.9746945235825331,Toluene,0.03710073814986876,False,True,True,-10.859326513952173,0.6624152229037881
6,Ammonia,50.0,Ammonia,True,0.9823979364883004,0.9737187107485547,Toluene,0.029155025503527002,False,True,True,-10.837901987226758,0.7075094638103421
6,Ammonia,50.0,Ammonia,True,0.983208612915691,0.9747293546389891,Toluene,0.01457044807102197,False,True,True,-10.738555221839441,0.7592724441040786
6,Ammonia,50.0,Ammonia,True,0.9792123168374145,0.9685154575621222,Toluene,0.015809813269599758,False,True,True,-10.70679834966964,0.7342695359767065
6,Ammonia,50.0,Ammonia,True,0.9771785646945693,0.9657574968367512,Toluene,0.01729927459734275,False,True,True,-10.716681845024397,0.7291190456300386
6,Ammonia,50.0,Ammonia,True,0.9830612713436482,0.974119928787996,Toluene,0.019691737361575985,False,True,True,-10.750890838834266,0.7300777011329083
6,Ammonia,50.0,Ammonia,True,0.9818331714716577,0.9726145216238707,Toluene,0.010995877069408182,False,True,True,-10.67682829306118,0.7517061735012591
6,Ammonia,50.0,Ammonia,True,0.981550858861614,0.9722253985849316,Toluene,0.017171366574306023,False,True,True,-10.743806903240062,0.743919364881244
6,Ammonia,50.0,Ammonia,True,0.9805395500530593,0.970969951590626,Toluene,0.01639593623265179,False,True,True,-10.727806136047363,0.7410630825385239
6,Ammonia,50.0,Ammonia,True,0.9820078592556384,0.9729642108213774,Toluene,0.016658903724635587,False,True,True,-10.719031663382133,0.73473304611595
6,Ammonia,50.0,Ammonia,True,0.9817145490995176,0.9725425917063069,Toluene,0.022270409950124595,False,True,True,-10.77893064180345,0.7263511355587634
6,Ammonia,50.0,Ammonia,True,0.9819086567127296,0.9727053448470638,Toluene,0.021471349381198334,False,True,True,-10.755256701869925,0.7199843029667047
6,Ammonia,50.0,Ammonia,True,0.9814266290328879,0.9721464791087184,Toluene,0.019678242460897295,False,True,True,-10.762155269175878,0.7358879920190285
6,Ammonia,50.0,Ammonia,True,0.9786243577191182,0.9679451145150006,Toluene,0.031423497217488085,False,True,True,-10.858018157491715,0.7013650531737812
6,Ammonia,50.0,Ammonia,True,0.9776159924823828,0.9663873747465574,Toluene,0.026623109597804187,False,True,True,-10.824681698995807,0.7187425493633248
6,Ammonia,50.0,Ammonia,True,0.9742271650600205,0.9615980817523639,Toluene,0.021637628323366746,False,True,True,-10.819333190263276,0.751057926532241
6,Ammonia,50.0,Ammonia,True,0.9774918637613585,0.9660974205629397,Toluene,0.028646636698603827,False,True,True,-10.792942208629203,0.6891433695329139
6,Ammonia,50.0,Ammonia,True,0.9759511928630781,0.9638499332099274,Toluene,0.034434282471964575,False,True,True,-10.853050444310925,0.6779790456353164
6,Ammonia,50.0,Ammonia,True,0.9739248051156487,0.9607461610523191,Toluene,0.029178210599914708,False,True,True,-10.813198050589822,0.6953362183806684
6,Ammonia,50.0,Ammonia,True,0.9753796680588662,0.9631027491125294,Toluene,0.03722354453094686,False,True,True,-10.91380069813663,0.6870504825591961
6,Ammonia,50.0,Ammonia,True,0.9798905166837358,0.9698159552407563,Toluene,0.03046918273083762,False,True,True,-10.805600585864585,0.6827162806143829
6,Ammonia,50.0,Ammonia,True,0.9782181447862042,0.9675419733250994,Toluene,0.024539154049329003,False,True,True,-10.757668477335542,0.7000532952070533
6,Ammonia,50.0,Ammonia,True,0.9811460638782136,0.971683560635693,Toluene,0.032060881822115965,False,True,True,-10.746718434187141,0.6433941641725582
6,Ammonia,50.0,Ammonia,True,0.9784930423931608,0.9672232669963027,Toluene,0.022958112159433143,False,True,True,-10.771458114916099,0.7178385923563687
6,Ammonia,50.0,Ammonia,True,0.9766122738493068,0.9651303267463798,Toluene,0.029651700223442417,False,True,True,-10.810089771060698,0.690544511670855
6,Ammonia,50.0,Ammonia,True,0.9776054748448536,0.9661251687061259,Toluene,0.0353104822704185,False,True,True,-10.836888127035317,0.6642439031207924
6,Ammonia,50.0,Ammonia,True,0.9839668681217169,0.9754715085082045,Toluene,0.02764327134097441,False,True,True,-10.666847051675445,0.6340980965682541
6,Ammonia,50.0,Ammonia,True,0.9813688422821037,0.971796956996099,Toluene,0.02547947648092071,False,True,True,-10.745962323926632,0.6877940545859624
6,Ammonia,50.0,Ammonia,True,0.9813187672293149,0.9720984275698233,Toluene,0.026074533976687297,False,True,True,-10.713515653193072,0.6676751961143084
6,Ammonia,50.0,Ammonia,True,0.979730274010998,0.9696409893861226,Toluene,0.024081430145115115,False,True,True,-10.722377501057046,0.6856054366070942
6,Ammonia,50.0,Ammonia,True,0.9845064583214339,0.9764860991506327,Toluene,0.021788282403916306,False,True,True,-10.649273114880426,0.6643796840344652
6,Ammonia,50.0,Ammonia,True,0.9836106192531634,0.9753634889803854,Toluene,0.01770448568483394,False,True,True,-10.611936527405884,0.6725983217132054
6,Ammonia,50.0,Ammonia,True,0.9823909176906362,0.9733721832869644,Toluene,0.017390961922114687,False,True,True,-10.629177258243132,0.6835515478180457
6,Ammonia,50.0,Ammonia,True,0.9822580102887964,0.9731387354709228,Toluene,0.018109627441721197,False,True,True,-10.625554662740813,0.6768871675912829
6,Ammonia,50.0,Ammonia,True,0.9868648013814985,0.9799330245981834,Ethanol,0.0023005860403556137,False,True,True,-10.458465773617503,0.7227850896026863
6,Ammonia,50.0,Ammonia,True,0.987044748949987,0.9802405820615966,Toluene,0.0035085383942094314,False,True,True,-10.532860259447547,0.7252602907980839
6,Ammonia,50.0,Ammonia,True,0.9891309135448874,0.983453222176369,Toluene,0.005297281772105162,False,True,True,-10.485666884700551,0.6878968103146729
6,Ammonia,50.0,Ammonia,True,0.9886045895235213,0.9823616252039455,Toluene,0.0007991114196078771,False,True,True,-10.4730436496973,0.7104863189813677
6,Ammonia,50.0,Ammonia,True,0.9867879839431761,0.9797141954592313,Toluene,0.0028897344944188944,False,True,True,-10.477148928682976,0.6990279656942556
6,Ammonia,50.0,Ammonia,True,0.9878723169151138,0.9813495888516024,Toluene,0.0014613066324281761,False,True,True,-10.500766149841688,0.7213288310694673
6,Ammonia,50.0,Ammonia,True,0.9899830149078837,0.9846712843736704,Toluene,0.0005127725622938021,False,True,True,-10.477922203395613,0.7150477894449913
6,Ammonia,50.0,Ammonia,True,0.9902332644836813,0.9848807558876852,Toluene,0.012448644455517414,False,True,True,-10.408480416292678,0.6008110760393501
6,Ammonia,50.0,Ammonia,True,0.9888206481819115,0.982683001478482,Toluene,0.00025395554192231333,False,True,True,-10.450648737957732,0.7017425736542813
6,Ammonia,50.0,Ammonia,True,0.9885347254021302,0.9823815385246125,Ethanol,0.0095045502580236,False,True,True,-10.388768767838128,0.730658321612757
6,Ammonia,50.0,Ammonia,True,0.9882877699800535,0.9819121251341724,Toluene,0.008226480105619523,False,True,True,-10.466373541546972,0.658487697559442
6,Ammonia,50.0,Ammonia,True,0.9880942743199224,0.9816947974892332,Toluene,0.003943150774967491,False,True,True,-10.451411808398044,0.6781671475186205
6,Ammonia,50.0,Ammonia,True,0.9882180867423391,0.9818420263311592,Toluene,0.00797884458534198,False,True,True,-10.516366320587442,0.6868139447797968
6,Ammonia,50.0,Ammonia,True,0.98790733311975,0.9813893246818471,Toluene,0.013217968182634295,False,True,True,-10.540053990053831,0.6649521478045979
6,Ammonia,50.0,Ammonia,True,0.9839610327488847,0.9753626646149007,Toluene,0.02209373764411753,False,True,True,-10.57594208642311,0.6253105182135567
6,Ammonia,50.0,Ammonia,True,0.9860481631904948,0.9786071966477835,Toluene,0.0229902550022166,False,True,True,-10.606898134954918,0.6350440168156789
6,Ammonia,50.0,Ammonia,True,0.9837877509918704,0.97523619736818,Toluene,0.0210894479921373,False,True,True,-10.571323614630785,0.62953442880203
6,Ammonia,50.0,Ammonia,True,0.9865541333912384,0.9792633750764526,Toluene,0.02225364332566717,False,True,True,-10.620749537829191,0.6468878970749999
6,Ammonia,50.0,Ammonia,True,0.9884944144470762,0.9823921571355124,Toluene,0.015194374273593011,False,True,True,-10.547299809282476,0.6557746151646648
6,Ammonia,50.0,Ammonia,True,0.9878369813280925,0.9809978246827274,Toluene,0.009831538469442258,False,True,True,-10.489477550190673,0.6603889625128928
6,Ammonia,50.0,Ammonia,True,0.9906890380803464,0.985575291133856,Toluene,0.011293309112326141,False,True,True,-10.457530143894004,0.6340325298398327
6,Ammonia,50.0,Ammonia,True,0.9857327306782371,0.9779319532734165,Toluene,0.015435714359636692,False,True,True,-10.534621999254318,0.6476107336196917
6,Ammonia,50.0,Ammonia,True,0.9875663640221114,0.981029390745452,Toluene,0.002390383208648035,False,True,True,-10.445928604306419,0.6852547813320895
6,Ammonia,50.0,Ammonia,True,0.987958527640174,0.9814439803307463,Toluene,0.015295401344069167,False,True,True,-10.505968263408356,0.6336328974775481
6,Ammonia,50.0,Ammonia,True,0.9874382252472023,0.9806434506156425,Toluene,0.009626189601483861,False,True,True,-10.495421725842775,0.6648810490169268
6,Ammonia,50.0,Ammonia,True,0.9875768216265464,0.9809649448447322,Toluene,0.005561244352243624,False,True,True,-10.440125579164937,0.6615994150738627
6,Ammonia,50.0,Ammonia,True,0.9881346674623847,0.9821100010885317,Toluene,0.015547276148050678,False,True,True,-10.529538043733204,0.6442436615421759
6,Ammonia,50.0,Ammonia,True,0.9860998598741031,0.9785943164446016,Toluene,0.007184706993513641,False,True,True,-10.470869601748385,0.667642132283625
6,Ammonia,50.0,Ammonia,True,0.9871395988796804,0.9801496718182865,Toluene,0.012111673186578957,False,True,True,-10.466771141862347,0.6336510931192714
6,Ammonia,50.0,Ammonia,True,0.9883654499355496,0.9820526537035864,Toluene,0.01140712799850068,False,True,True,-10.416121683244315,0.6114278748320683
6,Ammonia,50.0,Ammonia,True,0.9901663488487337,0.9847099651208295,Toluene,0.002675614124276408,False,True,True,-10.361876100493966,0.6375551585645282
6,Ammonia,50.0,Ammonia,True,0.9916830759371047,0.9869507450611787,Toluene,0.010706971867210558,False,True,True,-10.381424104335952,0.5974789186547221
6,Ammonia,50.0,Ammonia,True,0.9915357016887574,0.9868940431165879,Ethanol,0.00423232595476734,False,True,True,-10.284571246089076,0.6382587715856612
6,Ammonia,50.0,Ammonia,True,0.9909715770690093,0.985888521240176,Ethanol,0.00450967026890828,False,True,True,-10.315095861232097,0.6570673786126973
6,Ammonia,50.0,Ammonia,True,0.990929503415786,0.9861942791280148,Ethanol,0.009683228220589457,False,True,True,-10.309734619531179,0.6867725850709456
6,Ammonia,50.0,Ammonia,True,0.9930222312893731,0.989136263051186,Ethanol,0.005342216607180583,False,True,True,-10.259902972390917,0.6313565930239823
6,Ammonia,50.0,Ammonia,True,0.9907991973626903,0.9855908509317185,Ethanol,0.011223879185487382,False,True,True,-10.267509751172039,0.6723919389603721
6,Ammonia,50.0,Ammonia,True,0.9908902094401824,0.9858096141240821,Ethanol,0.004154383678287285,False,True,True,-10.29103030795745,0.6413809861820224
6,Ammonia,50.0,Ammonia,True,0.9924293839475528,0.988109635861069,Ethanol,0.009588504112347287,False,True,True,-10.267088470119706,0.6618929106895198
6,Ammonia,50.0,Ammonia,True,0.9913696462641917,0.986528055312052,Ethanol,0.012731906179095653,False,True,True,-10.236382378134984,0.6639750362623651
6,Ammonia,50.0,Ammonia,True,0.9916011176539626,0.9870657519394839,Toluene,0.005410657803307684,False,True,True,-10.379591989427247,0.6298761506359216
6,Ammonia,50.0,Ammonia,True,0.9910309657614753,0.9859437159034776,Toluene,0.0018672114117986116,False,True,True,-10.378867796094815,0.6519652217093498
6,Ammonia,50.0,Ammonia,True,0.9907569048691908,0.9859039718520538,Toluene,0.0034479555942567436,False,True,True,-10.413112569426978,0.6605491256909232
6,Ammonia,50.0,Ammonia,True,0.9895864414432546,0.983980221784275,Toluene,0.00024545898315146285,False,True,True,-10.408535304018768,0.6786235773010255
6,Ammonia,50.0,Ammonia,True,0.9897485357769602,0.9841523619984212,Toluene,0.004654622101088459,False,True,True,-10.370544428397178,0.6297615971191876
6,Ammonia,50.0,Ammonia,True,0.9914397179379869,0.9868937987432745,Toluene,0.00549829324256669,False,True,True,-10.375415426931378,0.6270660697269954
6,Ammonia,50.0,Ammonia,True,0.9903473278658597,0.9849506820077075,Toluene,0.009418981694686074,False,True,True,-10.412460668782298,0.6220965413214442
6,Ammonia,50.0,Ammonia,True,0.9903632946867982,0.984901621743025,Toluene,0.013685254046544483,False,True,True,-10.432715652898779,0.6057150648654909
6,Ammonia,50.0,Ammonia,True,0.9913965828003592,0.9865473917025751,Toluene,0.008106549658925322,False,True,True,-10.391392981459411,0.6191694189857764
6,Ammonia,50.0,Ammonia,True,0.9914705642657965,0.9866736443302249,Toluene,0.006828588984678532,False,True,True,-10.367517928361126,0.6144246461199759
6,Ammonia,50.0,Ammonia,True,0.9912826359146146,0.9864088795476171,Toluene,0.0034187391473564873,False,True,True,-10.389497985300052,0.6478895759197943
6,Ammonia,50.0,Ammonia,True,0.9905978975718889,0.9854226778460071,Toluene,0.0073157746227403,False,True,True,-10.378533742394008,0.6172727679786948
6,Ammonia,50.0,Ammonia,True,0.9897735766077926,0.9838866111344089,Ethanol,0.0009626095149658121,False,True,True,-10.318115909426014,0.6364378899502554
6,Ammonia,50.0,Ammonia,True,0.9907239962857488,0.9856231453051781,Toluene,0.011501470795270693,False,True,True,-10.39340656711907,0.5988280570174938
6,Ammonia,50.0,Ammonia,True,0.9903062019636523,0.984923892916788,Toluene,0.012557661008037584,False,True,True,-10.415392162552365,0.6037607334147566
6,Ammonia,250.0,Ammonia,True,0.7062581687044409,0.4644974767440786,Ethanol,0.32578409296228955,False,False,False,-8.04971699105407,0.7612367424101438
6,Ammonia,250.0,Ammonia,True,0.6963878792618514,0.44528225535375976,Ethanol,0.32204601938790584,True,False,True,-7.996464190858995,0.7045641110873002
6,Ammonia,250.0,Ammonia,True,0.6675317495449024,0.39667237002125894,Ethanol,0.3246221966309019,True,False,True,-8.08292119404961,0.7810598175274494
6,Ammonia,250.0,Ammonia,True,0.6206695646732443,0.30578887518072057,Ethanol,0.33540479254243083,True,False,True,-8.041082911689276,0.7995638504477632
6,Ammonia,250.0,Ammonia,True,0.5077758756673271,0.14927690498484708,Ethanol,0.36073027986024886,True,False,True,-7.6225234041953,0.6194988499129724
6,Ammonia,50.0,Ammonia,True,0.5951289237939227,0.40020951364697976,Ethanol,0.006774614849958418,True,True,True,-12.734692378258778,2.05285825642409
6,Ammonia,50.0,Ammonia,True,0.6498984814556391,0.49084757744373037,Ethanol,0.007994239205999669,True,True,True,-12.641847804244144,2.0154499373940604
6,Ammonia,50.0,Ammonia,True,0.671435111400343,0.5221358273867026,Ethanol,0.012210394092610233,True,True,True,-12.529940574065217,2.0050576735846075
6,Ammonia,50.0,Ammonia,True,0.7107471517656537,0.5892164523454557,Ethanol,0.010988441231353898,False,True,True,-12.442468084341572,1.9372309024755932
6,Ammonia,50.0,Ammonia,True,0.7632937914592469,0.6745888265347526,Ethanol,0.01282686471712987,False,True,True,-12.33138527599906,1.8940295754570622
6,Ammonia,50.0,Ammonia,True,0.7782574113618859,0.6812570924687157,Ethanol,0.013636698573071033,False,True,True,-12.203893375878843,1.8273877982868152
6,Ammonia,50.0,Ammonia,True,0.8299104554918866,0.7593330078215009,Ethanol,0.013122073730650167,False,True,True,-12.064320098075703,1.73788875790089
6,Ammonia,50.0,Ammonia,True,0.8649771829064401,0.8047633328730952,Ethanol,0.01383605978653973,False,True,True,-11.958078364700055,1.682382139980598
6,Ammonia,50.0,Ammonia,True,0.9001483857309047,0.8553638386511373,Ethanol,0.011638943728433672,False,True,True,-11.823963788660674,1.5792877232538811
6,Ammonia,50.0,Ammonia,True,0.902115065614622,0.8548538913715431,Ethanol,0.014614448778042556,False,True,True,-11.673419746720826,1.5204445749143476
6,Ammonia,50.0,Ammonia,True,0.9322868520936747,0.899049465352631,Ethanol,0.018119295626080827,False,True,True,-11.509090953555475,1.4559391745778516
6,Ammonia,50.0,Ammonia,True,0.9519088918861108,0.9299862939905257,Ethanol,0.009262579530724813,False,True,True,-11.316885944544216,1.2610308017747591
6,Ammonia,50.0,Ammonia,True,0.9281970501278811,0.8950904590037563,Toluene,0.001867944258696017,False,True,True,-11.487619016044933,1.2576171047635731
6,Ammonia,50.0,Ammonia,True,0.9560789097530257,0.9340126070542524,Ethanol,0.018398266505077095,False,True,True,-11.174090189075562,1.2562256351227172
6,Ammonia,50.0,Ammonia,True,0.937411347570691,0.9048896089180253,Ethanol,0.0008628563372864245,False,True,True,-11.287617815973269,1.1717423397851898
6,Ammonia,50.0,Ammonia,True,0.9473651656532234,0.9207646436821111,Toluene,0.009606009308369306,False,True,True,-11.283547425735868,1.081305161889057
6,Ammonia,50.0,Ammonia,True,0.9475971856626534,0.922278404001438,Toluene,0.01697807175833218,False,True,True,-11.188792669648267,0.9723916696333367
6,Ammonia,50.0,Ammonia,True,0.9516102631676459,0.9277613778447598,Toluene,0.006432591313164404,False,True,True,-11.096266963254758,1.007814757188424
6,Ammonia,50.0,Ammonia,True,0.9652315985118353,0.9478205009968932,Toluene,0.013605895554868958,False,True,True,-11.081060789116348,0.9436916708420403
6,Ammonia,50.0,Ammonia,True,0.9617971556154591,0.9427806061775682,Toluene,0.011314273274050402,False,True,True,-10.989867055894127,0.9138016508880987
6,Ammonia,50.0,Ammonia,True,0.9691649654131047,0.9538848300467208,Toluene,0.011558956358629715,False,True,True,-10.953653188999406,0.8930126772977739
6,Ammonia,50.0,Ammonia,True,0.9749960904815007,0.9625114818165058,Toluene,0.006128810806541639,False,True,True,-10.83132648112199,0.8682345330306599
6,Ammonia,50.0,Ammonia,True,0.9774092454536474,0.9664532926907861,Toluene,0.0001504387338083895,False,True,True,-10.687847396068555,0.832986082652587
6,Ammonia,50.0,Ammonia,True,0.9792997551088573,0.9688193279705828,Toluene,0.012024693723281181,False,True,True,-10.816014235521179,0.8175875668406346
6,Ammonia,50.0,Ammonia,True,0.9796520027886378,0.9695813253900021,Toluene,0.011657133934859449,False,True,True,-10.765101787768291,0.7935190356189677
6,Ammonia,50.0,Ammonia,True,0.9788299260927421,0.9685106409586595,Toluene,0.013417961756666742,False,True,True,-10.748936788298602,0.7727056518577669
6,Ammonia,50.0,Ammonia,True,0.9794979309911268,0.9687836083153913,Toluene,0.013182624694527401,False,True,True,-10.703777284980962,0.7507892693268365
6,Ammonia,50.0,Ammonia,True,0.9815025921909608,0.972140595041458,Toluene,0.015314614233227383,False,True,True,-10.713174767238886,0.7409733236190856
6,Ammonia,50.0,Ammonia,True,0.9825332624257971,0.9737427237683594,Toluene,0.019795758798451954,False,True,True,-10.664236725254149,0.6853343018620376
6,Ammonia,50.0,Ammonia,True,0.9832771621441431,0.9749307684155792,Toluene,0.014433828617397863,False,True,True,-10.618722590538425,0.6979540465789994
6,Ammonia,50.0,Ammonia,True,0.9868731611926056,0.980103784921175,Toluene,0.0032196395784062277,False,True,True,-10.50368502423502,0.7113089113586836
6,Ammonia,50.0,Ammonia,True,0.992861394044882,0.9890323871972483,Toluene,0.026449449234900377,False,True,True,-10.472345872757264,0.5453371471074143
6,Ammonia,50.0,Ammonia,True,0.9889889156281058,0.9832750008736921,Toluene,0.007232714891468398,False,True,True,-10.502347921467392,0.6842058593006368
6,Ammonia,50.0,Ammonia,True,0.987171832777191,0.9805700337013373,Toluene,0.013899067602073103,False,True,True,-10.593167802768818,0.6882128513347262
6,Ammonia,50.0,Ammonia,True,0.9863629113982915,0.9796604496012336,Toluene,0.012211857347116271,False,True,True,-10.517750655168905,0.6598304510884275
6,Ammonia,50.0,Ammonia,True,0.9869976997199764,0.9805792421644127,Toluene,0.01899547553845673,False,True,True,-10.51269112045072,0.6132128831363253
6,Ammonia,50.0,Ammonia,True,0.9878169261657792,0.9814893005589072,Toluene,0.015711569029109446,False,True,True,-10.485528123392273,0.6203274540241211
6,Ammonia,50.0,Ammonia,True,0.9874834569943314,0.9806933773867398,Toluene,0.01780864002838896,False,True,True,-10.442421384551125,0.5846472010186087
6,Ammonia,50.0,Ammonia,True,0.9867485872493287,0.9795302737695887,Toluene,0.017738609063441234,False,True,True,-10.508124524362001,0.6189681128487544
6,Ammonia,50.0,Ammonia,True,0.9870139202620087,0.9806060090267523,Toluene,0.005641172203965656,False,True,True,-10.413629058983373,0.6467878492483118
6,Ammonia,50.0,Ammonia,True,0.9881250052945968,0.9818769302513779,Toluene,0.015723352153387864,False,True,True,-10.463595512648741,0.6088575369079776
6,Ammonia,50.0,Ammonia,True,0.9886790235578476,0.9828781547153546,Toluene,0.02208056823331847,False,True,True,-10.498401690460947,0.5861388608400996
6,Ammonia,50.0,Ammonia,True,0.9888494466541096,0.9829460958397647,Toluene,0.022190139891535707,False,True,True,-10.485146036247336,0.5787203561611013
6,Ammonia,50.0,Ammonia,True,0.9872064849623117,0.9807063526923606,Toluene,0.01658022220896748,False,True,True,-10.466358697849648,0.6048230458079081
6,Ammonia,50.0,Ammonia,True,0.9866322777621702,0.9798571411423787,Toluene,0.018128470494437894,False,True,True,-10.480996109952807,0.602494706157639
6,Ammonia,50.0,Ammonia,True,0.988339075961566,0.9823522612494338,Toluene,0.016659809901490016,False,True,True,-10.506334765062434,0.6250048641693897
6,Ammonia,50.0,Ammonia,True,0.9890541665475076,0.9834834339493832,Toluene,0.015519924523432843,False,True,True,-10.49214506449959,0.624998061333653
6,Ammonia,50.0,Ammonia,True,0.9880420386352731,0.9821253950490227,Toluene,0.022136953379878033,False,True,True,-10.458850097560521,0.56571807917622
6,Ammonia,50.0,Ammonia,True,0.9881985280806009,0.9822604169878716,Toluene,0.01345139980583221,False,True,True,-10.473208985433839,0.6284235888044875
6,Ammonia,50.0,Ammonia,True,0.9905165122099459,0.9856180555762198,Toluene,0.012072395028736936,False,True,True,-10.434209684704104,0.6167488622528401
6,Ammonia,50.0,Ammonia,True,0.9874836452008445,0.9811088677829567,Toluene,0.017999514889839325,False,True,True,-10.483972964221723,0.6048522132867075
6,Ammonia,50.0,Ammonia,True,0.9861189525109719,0.9791290730512721,Toluene,0.00938014601097978,False,True,True,-10.412053809328667,0.6221265316523127
6,Ammonia,50.0,Ammonia,True,0.9881066551848754,0.9818701915902966,Toluene,0.017910293545291365,False,True,True,-10.419795307877852,0.5723311676262411
6,Ammonia,50.0,Ammonia,True,0.977881429166854,0.9656654307618693,Ethanol,0.0033271486864621096,False,True,True,-10.457323087810185,0.7288964064258702
6,Ammonia,50.0,Ammonia,True,0.9882423811023221,0.9822714309559223,Toluene,0.04888050404325394,False,True,True,-10.376209276356308,0.362189074212288
6,Ammonia,50.0,Ammonia,True,0.9906571816215256,0.9858786648809895,Toluene,0.03287754921847997,False,True,True,-10.46756910257844,0.5027532272862706
6,Ammonia,50.0,Ammonia,True,0.9894567423637127,0.9838942160449754,Toluene,0.003349053802175278,False,True,True,-10.345129180471547,0.6241852998196449
6,Ammonia,50.0,Ammonia,True,0.9879761345873577,0.9816393885776924,Toluene,0.010773030485310761,False,True,True,-10.516910152085243,0.6687872145932473
6,Ammonia,50.0,Ammonia,True,0.9863167086715046,0.9792850277748048,Toluene,0.010355052456955123,False,True,True,-10.454414479755764,0.6384065319799821
6,Ammonia,50.0,Ammonia,True,0.9880899980383044,0.9819852785025677,Toluene,0.009511521585146275,False,True,True,-10.422577000392453,0.626891723129067
6,Ammonia,50.0,Ammonia,True,0.9862908721685112,0.9793552388829033,Toluene,0.008531101816896437,False,True,True,-10.448396165715673,0.6469236309190805
6,Ammonia,50.0,Ammonia,True,0.9895537419755723,0.9841822975827433,Toluene,0.011990839415753785,False,True,True,-10.399779178154791,0.5991118904816543
6,Ammonia,50.0,Ammonia,True,0.9899495172664816,0.9846958079971393,Toluene,0.011801548446442123,False,True,True,-10.460861725688927,0.6325290291951337
6,Ammonia,50.0,Ammonia,True,0.9902190243557263,0.9851717097600008,Toluene,0.004450528442870386,False,True,True,-10.42502632354833,0.660581308115377
6,Ammonia,50.0,Ammonia,True,0.9926053765788814,0.9886656660610573,Toluene,0.025593227790836816,False,True,True,-10.423795182774366,0.5263887782570514
6,Ammonia,50.0,Ammonia,True,0.9874142077300737,0.9810432253355938,Toluene,0.00682637204594827,False,True,True,-10.439403991162184,0.6530679656715993
6,Ammonia,50.0,Ammonia,True,0.9873451114907149,0.9808009522185797,Toluene,0.007122750580590835,False,True,True,-10.44588831878021,0.6546422855770017
6,Ammonia,50.0,Ammonia,True,0.9874579636576052,0.9811968513944064,Toluene,0.008092577925639985,False,True,True,-10.431936462139118,0.6409430996926017
6,Ammonia,50.0,Ammonia,True,0.9887763871261096,0.983076442040022,Toluene,0.008485972563034032,False,True,True,-10.430424936364837,0.6376186921437695
6,Ammonia,50.0,Ammonia,True,0.9887413469324566,0.9829387324047338,Toluene,0.006646284238305755,False,True,True,-10.417286092639346,0.6423357240287344
6,Ammonia,50.0,Ammonia,True,0.9899866618429665,0.9847936831596525,Toluene,0.02486380211490876,False,True,True,-10.460428205827922,0.5493413253399454
6,Ammonia,50.0,Ammonia,True,0.987222686514601,0.9806438647107666,Toluene,0.03412764405041088,False,True,True,-10.401433954686983,0.46282569293574005
6,Ammonia,50.0,Ammonia,True,0.9836604836014687,0.9756180727392015,Toluene,0.004206763668037114,False,True,True,-10.496798064574936,0.7010679613211492
6,Ammonia,50.0,Ammonia,True,0.9864609083224435,0.9797887965306393,Toluene,0.01237135762748262,False,True,True,-10.487123360446695,0.6426876923982975
6,Ammonia,50.0,Ammonia,True,0.991708883324892,0.9873475523693208,Toluene,0.005714407921983104,False,True,True,-10.415080999330488,0.6471031202599262
6,Ammonia,50.0,Ammonia,True,0.9873396329983516,0.981070856741507,Toluene,0.00656878599146117,False,True,True,-10.522383630334177,0.6993217924654537
6,Ammonia,50.0,Ammonia,True,0.9872323982872053,0.9807499184690364,Toluene,0.01116164812723938,False,True,True,-10.474470609233348,0.6438299988807776
6,Ammonia,50.0,Ammonia,True,0.9832391257251466,0.9743227468479915,Ethanol,0.0013021607588615826,False,True,True,-10.446016929444216,0.7093435485678682
6,Ammonia,50.0,Ammonia,True,0.9866515316628073,0.9790986034306366,Toluene,0.02873363317303962,False,True,True,-10.523984828156873,0.5565209590951348
6,Ammonia,50.0,Ammonia,True,0.9829594347471187,0.9745292294769307,Toluene,0.0061578107426951065,False,True,True,-10.498258751173765,0.6890521377043419
6,Ammonia,50.0,Ammonia,True,0.9847670633200312,0.9765887551118345,Toluene,0.022664807860485532,False,True,True,-10.43547823561054,0.5505445100376238
6,Ammonia,50.0,Ammonia,True,0.9864137025187449,0.9795589200528744,Toluene,0.0018113513513613897,False,True,True,-10.465453293225941,0.6996966066239135
6,Ammonia,50.0,Ammonia,True,0.9850819854340466,0.9777569496046277,Toluene,0.005543797146186906,False,True,True,-10.483842643760829,0.6853013241639985
6,Ammonia,50.0,Ammonia,True,0.9784437462675387,0.9675511498532683,Toluene,0.00925523913521249,False,True,True,-10.50895483876585,0.6744953474134338
6,Ammonia,50.0,Ammonia,True,0.9865099960147814,0.9798150537122614,Toluene,0.0035129612461633278,False,True,True,-10.46844926524263,0.6902202096616316
6,Ammonia,50.0,Ammonia,True,0.9857722259218138,0.9787914935128323,Toluene,0.004389320507915076,False,True,True,-10.516301707676316,0.7104342271981151
6,Ammonia,50.0,Ammonia,True,0.9852642639257974,0.9779347755476959,Toluene,0.009689612885637758,False,True,True,-10.511294960017242,0.6728978231442821
6,Ammonia,50.0,Ammonia,True,0.9828065635430924,0.9738986904872977,Toluene,0.046879622031078406,False,True,True,-10.446281952443188,0.40663609806981754
6,Ammonia,50.0,Ammonia,True,0.9880854352179429,0.9821028461336154,Toluene,0.005869199234958026,False,True,True,-10.560945694395516,0.7247083898038494
6,Ammonia,50.0,Ammonia,True,0.9852291456020654,0.9778233976789481,Toluene,0.045694030431894656,False,True,True,-10.452234137495271,0.4166000677062339
6,Ammonia,50.0,Ammonia,True,0.9833884861913637,0.9745191558006413,Toluene,0.005122613668221604,False,True,True,-10.567038742119921,0.7329930185629492
6,Ammonia,50.0,Ammonia,True,0.9820019507720231,0.973070633295524,Toluene,0.04399445673166566,False,True,True,-10.489187170908371,0.44423376236872963
6,Ammonia,50.0,Ammonia,True,0.9865607884469345,0.9798439790828604,Toluene,0.0050733520265731375,False,True,True,-10.507323039233233,0.7010638503685529
6,Ammonia,50.0,Ammonia,True,0.9854637310614014,0.9781839945001883,Toluene,0.011924478777811907,False,True,True,-10.606151634808938,0.7082094946955309
6,Ammonia,50.0,Ammonia,True,0.9837697690688094,0.9756379577855616,Toluene,0.004214686784776589,False,True,True,-10.56217334062746,0.7364504868673195
6,Ammonia,50.0,Ammonia,True,0.983685769009887,0.9756016908585922,Toluene,0.007912123655324616,False,True,True,-10.586930979037861,0.724955570851673
6,Ammonia,50.0,Ammonia,True,0.9938717031733553,0.9908240967905838,Toluene,0.03984275461686801,False,True,True,-10.438409169601846,0.4457599026454851
6,Ammonia,50.0,Ammonia,True,0.9865859159681888,0.9798343017029996,Toluene,8.55371827006129e-05,False,True,True,-10.545438686233531,0.755032929790139
6,Ammonia,50.0,Ammonia,True,0.9839338158059712,0.9758780034467485,Toluene,0.0035872315240183523,False,True,True,-10.544213855459072,0.7309049168043714
6,Ammonia,50.0,Ammonia,True,0.9843188754279851,0.976460073020527,Toluene,0.0009751635967289038,False,True,True,-10.534109105365403,0.7428414384283706
6,Ammonia,50.0,Ammonia,True,0.9849232023265997,0.9771216685618961,Ethanol,0.0004796092741676729,False,True,True,-10.549594063098178,0.7611261993884136
6,Ammonia,250.0,Ammonia,True,0.9174414114072577,0.8356546433708836,Acetone,0.10949613404786443,False,True,True,2.760101733553118,-3.7929008439088556
6,Ammonia,150.0,Ammonia,True,0.9647261431120663,0.9397482326587052,Ethylene,0.4360867041496496,False,False,False,-3.7300487925961234,-1.2430966140186954
6,Ammonia,250.0,Ammonia,True,0.9667392880341584,0.9345241035476194,Acetone,0.2510008818035455,False,False,False,2.2551844108484316,-2.9688767777169134
6,Ammonia,150.0,Ammonia,True,0.978318192341794,0.9628525156433773,Ethylene,0.4678068999720791,False,False,False,-3.5791906160409406,-1.3053266322248684
6,Ammonia,250.0,Ammonia,True,0.9753849590023436,0.9515235701850868,Acetone,0.258446912839682,False,False,False,2.4590765166592767,-3.0439973384546777
6,Ammonia,150.0,Ammonia,True,0.9819206334556232,0.9699125311120314,Ethylene,0.5236316255996954,False,False,False,-3.311895991005316,-1.3467279340959657
6,Ammonia,250.0,Ammonia,True,0.9811751322490673,0.9629076238281546,Acetone,0.21856039142985698,False,False,False,2.4448010500321953,-3.192436819577781
6,Ammonia,150.0,Ammonia,True,0.9872620063780014,0.9778805449246402,Ethylene,0.47151884301238867,False,False,False,-3.4470466322111863,-1.5847050765166766
6,Ammonia,250.0,Ammonia,True,0.9673165814104869,0.9357314263175915,Acetone,0.21664653669767037,False,False,False,1.9997106976398007,-2.959667962742234
6,Ammonia,150.0,Ammonia,True,0.9595671125117318,0.9315196058785217,Ethylene,0.3646533512423296,False,False,False,-4.034980146990973,-1.0731609490962857
6,Ammonia,250.0,Ammonia,True,0.9744199126080967,0.9502618549312323,Acetone,0.10030705829024145,False,True,True,0.974114081419999,-2.7695992193567003
6,Ammonia,150.0,Ammonia,True,0.9362782247988478,0.8916910268656068,Ethylene,0.2343903520777889,False,False,False,-4.512329030657861,-0.8315112903710005
6,Ammonia,250.0,Ammonia,True,0.9697692373608721,0.9415103869894142,Acetone,0.04846533393189634,False,True,True,0.5743047916906499,-2.5159528348179436
6,Ammonia,150.0,Ammonia,True,0.9593599727605574,0.9304494975574091,Ethylene,0.26008917785523644,False,False,False,-4.4239296565180934,-0.8866703436244623
6,Ammonia,250.0,Ammonia,True,0.9520037498650492,0.9075489575545233,Acetone,0.18837729646037865,False,False,False,1.1558123051959401,-2.3977369485746705
6,Ammonia,150.0,Ammonia,True,0.9563957266659311,0.9234711717199188,Ethylene,0.38411241189671214,False,False,False,-3.9591649171865404,-0.8078688748958155
6,Ammonia,250.0,Ammonia,True,0.9708466654738951,0.9422193837079076,Acetone,0.1655668674457169,False,False,False,2.3843330535235108,-3.3707768723082547
6,Ammonia,150.0,Ammonia,True,0.9903230740327194,0.9831049193189837,Ethylene,0.5074029688564231,False,False,False,-3.328221069424164,-1.462638255975478
6,Ammonia,250.0,Ammonia,True,0.9021896394047545,0.8056814492752012,Acetone,0.24916459132308558,False,False,False,3.0923941538679203,-3.347537072060444
6,Ammonia,150.0,Ammonia,True,0.9526049590030021,0.9170244929158899,Ethylene,0.627962806673319,False,False,False,-3.194575932638319,-0.5578578964887595
6,Ammonia,250.0,Ammonia,True,0.989429812764384,0.9791424948402718,Acetone,0.28179905840154645,False,False,False,3.374829508488135,-3.30065410057373
6,Ammonia,150.0,Ammonia,True,0.9997254264186707,0.9994803451641443,Ethylene,0.20509518529045936,False,False,False,-2.463987537418364,-2.9412161023384122
6,Ammonia,250.0,Ammonia,True,0.9219878475632625,0.8463819926611422,Acetone,0.5914952455341337,False,False,False,3.1706256819385716,-2.0454902635625176
6,Ammonia,150.0,Ammonia,True,0.9393239245170811,0.8958042144078165,Ethylene,0.7137374036485957,False,False,False,-2.9591722352464718,-0.48153434494391434
6,Ammonia,250.0,Ammonia,True,0.9492559876449892,0.9009623336756822,Acetone,0.6267642970582179,False,False,False,3.2707382350842455,-1.9312017647448176
6,Ammonia,150.0,Ammonia,True,0.8969721667579307,0.8197745447276764,Ethylene,0.7213901879353823,False,False,False,-2.9499174239815957,-0.3626399863458529
6,Ammonia,250.0,Ammonia,True,0.8793121565882138,0.7621964246422926,Acetone,0.6606153518777598,False,False,False,2.9585452013967664,-1.689375133707847
6,Ammonia,150.0,Ammonia,True,0.9167156510661516,0.8546714711238498,Ethylene,0.665059537469123,False,False,False,-3.10115691072393,-0.36589670655014533
6,Ammonia,250.0,Ammonia,True,0.8436384096931187,0.6921325992746546,Acetone,0.641722125303418,False,False,False,2.7635698235253354,-1.6510601109941225
6,Ammonia,150.0,Ammonia,True,0.8834656015948464,0.7972957338481619,Ethylene,0.5329955031282457,False,False,False,-3.4547015814291666,-0.2834233192050468
6,Ammonia,250.0,Ammonia,True,0.7669696873020702,0.5402740196923368,Acetone,0.6357040025250609,False,False,False,2.514927600392679,-1.4348210315304446
6,Ammonia,150.0,Ammonia,True,0.897013765340529,0.819074962822982,Ethylene,0.5115239967779077,False,False,False,-3.5034834409893256,-0.22531986667306028
6,Ammonia,250.0,Ammonia,True,0.9891116769633767,0.9786322649118429,Acetone,0.22811843760285652,False,False,False,2.721950015684171,-3.284573919893274
6,Ammonia,150.0,Ammonia,True,0.9826580792114951,0.9702390879603197,Ethylene,0.513659396303281,False,False,False,-3.3764746644734007,-1.3079128302688996
6,Ammonia,250.0,Ammonia,True,0.9969711373582282,0.9939918045542314,Ammonia,0.02361605103418181,False,True,True,2.643288227302715,-4.3242753345723735
6,Ammonia,150.0,Ammonia,True,0.99416471017099,0.9899522212027904,Ethylene,0.4570945582213796,False,False,False,-3.2805234143155064,-1.962339402547054
6,Ammonia,250.0,Ammonia,True,0.9815664941191095,0.963755439269139,Acetone,0.23074046911382193,False,False,False,2.5080017959671923,-3.1756051988885905
6,Ammonia,150.0,Ammonia,True,0.9811716677811182,0.9682680892557495,Ethylene,0.5006329107737042,False,False,False,-3.4624521839125117,-1.2362439252514734
6,Ammonia,250.0,Ammonia,True,0.9864501268851067,0.9733568157576719,Acetone,0.1692569875383187,False,False,False,2.216000375735995,-3.2666561150238103
6,Ammonia,150.0,Ammonia,True,0.9861337104834466,0.9759998930376235,Ethylene,0.48783036410562036,False,False,False,-3.457383397193055,-1.3913874771177663
6,Ammonia,250.0,Ammonia,True,0.9850694301456617,0.9706170718130781,Acetone,0.198767426776807,False,False,False,2.3051263304470093,-3.1985759097833677
6,Ammonia,150.0,Ammonia,True,0.9811300803418221,0.9671951353469151,Ethylene,0.4701879182795029,False,False,False,-3.5559719287640372,-1.3435309264113404
6,Ammonia,250.0,Ammonia,True,0.9841459940635885,0.9687374506158791,Acetone,0.2007120978415668,False,False,False,2.5327460694218127,-3.3059185728311284
6,Ammonia,150.0,Ammonia,True,0.9843539297816519,0.9729436851611658,Ethylene,0.4829126415477969,False,False,False,-3.479487559187066,-1.3929709059867388
6,Ammonia,250.0,Ammonia,True,0.9826090811132492,0.9657827741963658,Acetone,0.2610610252688101,False,False,False,2.6486434194961186,-3.1219970391667697
6,Ammonia,150.0,Ammonia,True,0.9879273866094173,0.9787517575232417,Ethylene,0.5174139814133181,False,False,False,-3.2702933387114013,-1.4747630762653214
6,Ammonia,250.0,Ammonia,True,0.9841957446952277,0.9688819830879813,Acetone,0.22706014227290672,False,False,False,2.600757155107712,-3.233919295904266
6,Ammonia,150.0,Ammonia,True,0.9877300785806282,0.9786301360290188,Ethylene,0.49858791485923276,False,False,False,-3.38988346210311,-1.4275314640136927
6,Ammonia,250.0,Ammonia,True,0.9877135619927329,0.9757322774178614,Acetone,0.22267398829160948,False,False,False,2.758946779917436,-3.322626441940101
6,Ammonia,150.0,Ammonia,True,0.987704595695222,0.9786169285212961,Ethylene,0.5335723844753819,False,False,False,-3.2210992794305273,-1.4206870548548887
6,Ammonia,250.0,Ammonia,True,0.9880340794970195,0.9763700860732659,Acetone,0.19198858592441018,False,False,False,2.736360679688952,-3.4367053040101414
6,Ammonia,150.0,Ammonia,True,0.9931140154023047,0.9881044858696816,Ethylene,0.5268582038054622,False,False,False,-3.134858571328338,-1.5951081175960626
6,Ammonia,250.0,Ammonia,True,0.9850165719442271,0.9704221722580895,Acetone,0.24187177279768382,False,False,False,3.0103069832643583,-3.3473135474812503
6,Ammonia,150.0,Ammonia,True,0.9899646912299516,0.9828276758828324,Ethylene,0.52125270182479,False,False,False,-3.216106188541072,-1.527473961488334
6,Ammonia,250.0,Ammonia,True,0.9836046688676975,0.9675369828735859,Acetone,0.25120339071359127,False,False,False,3.177974985175955,-3.369069258527304
6,Ammonia,150.0,Ammonia,True,0.9952348451668849,0.991286416141275,Ethylene,0.5016976836909189,False,False,False,-2.9699044731425412,-1.853328272791676
6,Ammonia,250.0,Ammonia,True,0.9953621890798244,0.9908498738006438,Acetone,0.15317959539651918,False,False,False,3.386408426156113,-3.881416809845438
6,Ammonia,150.0,Ammonia,True,0.9916788074604558,0.9856448609227645,Ethylene,0.5287633401088908,False,False,False,-3.114790804282677,-1.6059411001496042
6,Ammonia,250.0,Ammonia,True,0.9901485126528965,0.9805207270132044,Acetone,0.21721436938332414,False,False,False,3.289213032490025,-3.5536137020772345
6,Ammonia,150.0,Ammonia,True,0.9907244307453705,0.9836814190441207,Ethylene,0.5541080971678309,False,False,False,-3.0397014865498804,-1.5141753919422347
6,Ammonia,250.0,Ammonia,True,0.9896694207049944,0.9795694585495627,Acetone,0.21977750118692818,False,False,False,3.3468916758922242,-3.5621674453291514
6,Ammonia,150.0,Ammonia,True,0.9913149978639046,0.9848260682037175,Ethylene,0.5574535801469235,False,False,False,-2.95798702501055,-1.579427661064164
6,Ammonia,250.0,Ammonia,True,0.9859911027259503,0.9722168740286172,Acetone,0.22345959494313897,False,False,False,3.478734259783462,-3.588658931053787
6,Ammonia,150.0,Ammonia,True,0.9940128564423834,0.9894385384747384,Ethylene,0.5325117756621682,False,False,False,-2.8071558752815298,-1.7666112876761735
6,Ammonia,250.0,Ammonia,True,0.989024176376201,0.9782944723701102,Acetone,0.26231065086643063,False,False,False,3.451102393640625,-3.406638845521111
6,Ammonia,150.0,Ammonia,True,0.9917975725793466,0.9856902118925127,Ethylene,0.5696242341151215,False,False,False,-2.9262808669793925,-1.5319267933021659
6,Ammonia,250.0,Ammonia,True,0.9903553250289582,0.9809099897167864,Acetone,0.23284427632591398,False,False,False,3.5306472746125332,-3.5617087322441074
6,Ammonia,150.0,Ammonia,True,0.9917295541792027,0.9855773945062667,Ethylene,0.5847472166870191,False,False,False,-2.8101780061283845,-1.541994387176204
6,Ammonia,250.0,Ammonia,True,0.9901428640526442,0.9805218275043521,Acetone,0.25661410299875886,False,False,False,3.507802750035001,-3.4477490319401323
6,Ammonia,150.0,Ammonia,True,0.9907200084859975,0.9838198500472953,Ethylene,0.5989662443151298,False,False,False,-2.7138471197383778,-1.5317287093850775
6,Ammonia,250.0,Ammonia,True,0.9912211946116604,0.9826441522512281,Acetone,0.24682919217318142,False,False,False,3.5895203829803983,-3.5144522541897096
6,Ammonia,150.0,Ammonia,True,0.9925762843684154,0.987203572326272,Ethylene,0.5527711164455167,False,False,False,-2.859108207106409,-1.6803347568148406
6,Ammonia,250.0,Ammonia,True,0.993249110172902,0.9865913294119715,Acetone,0.166085113558782,False,False,False,3.7447869319862495,-3.9511174532051396
6,Ammonia,150.0,Ammonia,True,0.9914557300080562,0.9849041848569913,Ethylene,0.578837691680208,False,False,False,-2.7920917566226935,-1.5913895561366467
6,Ammonia,250.0,Ammonia,True,0.994544323430531,0.989150484170443,Acetone,0.14861688293037745,False,True,True,3.7736381039095153,-4.051343651243757
6,Ammonia,150.0,Ammonia,True,0.9932169230284926,0.9879675665169928,Ethylene,0.5652915824605962,False,False,False,-2.7847472672254807,-1.6489751581140677
6,Ammonia,250.0,Ammonia,True,0.9910826480021961,0.9823282591498045,Acetone,0.21629111734753517,False,False,False,3.771273102735346,-3.7087443557575757
6,Ammonia,150.0,Ammonia,True,0.9917534407382057,0.9855359893547081,Ethylene,0.5958149664693292,False,False,False,-2.7520443241590433,-1.5224307978841458
6,Ammonia,250.0,Ammonia,True,0.9897908438330049,0.9797875545853961,Acetone,0.24626425817910533,False,False,False,3.7203776958834585,-3.551250062088135
6,Ammonia,150.0,Ammonia,True,0.9919559308087635,0.9859961408635041,Ethylene,0.5727382577351975,False,False,False,-2.7134662478394938,-1.6347369166469297
6,Ammonia,250.0,Ammonia,True,0.9892811429475982,0.9787308605611907,Acetone,0.2240802692811309,False,False,False,3.8681599828385336,-3.6958994848990567
6,Ammonia,150.0,Ammonia,True,0.9924732825288239,0.9865795397044183,Ethylene,0.5891491165393505,False,False,False,-2.736519001703289,-1.5706312372509201
6,Ammonia,250.0,Ammonia,True,0.9897413446932432,0.9796682073868638,Acetone,0.23708133074601204,False,False,False,3.8100801765379306,-3.6174781161660907
6,Ammonia,150.0,Ammonia,True,0.9937282422925174,0.988992432857635,Ethylene,0.5656706229152435,False,False,False,-2.738705426759981,-1.6561533536370554
6,Ammonia,250.0,Ammonia,True,0.9877473334453737,0.9756923848828334,Acetone,0.23656523097096271,False,False,False,3.6779276272710457,-3.5859997127978755
6,Ammonia,150.0,Ammonia,True,0.9940425412259117,0.9895381407852452,Ethylene,0.5541152858465404,False,False,False,-2.817425287897653,-1.6840966099121872
6,Ammonia,250.0,Ammonia,True,0.9900462489655076,0.9802707675180775,Acetone,0.23525195768610813,False,False,False,3.7186868575599616,-3.603036491649327
6,Ammonia,150.0,Ammonia,True,0.9932844169163885,0.9881540399282062,Ethylene,0.5632411636382555,False,False,False,-2.756715321761304,-1.661862210399378
6,Ammonia,250.0,Ammonia,True,0.9932741662416136,0.9866835354986927,Acetone,0.20812404887836938,False,False,False,3.736494810202263,-3.738827345355085
6,Ammonia,150.0,Ammonia,True,0.991479248428166,0.985176840848443,Ethylene,0.5657340899320795,False,False,False,-2.8176904379001013,-1.6404739818995113
6,Ammonia,250.0,Ammonia,True,0.9916139311692441,0.983394066013981,Acetone,0.2247547899707036,False,False,False,3.791510089618709,-3.6728114382201884
6,Ammonia,150.0,Ammonia,True,0.9931480219716605,0.9881671242765315,Ethylene,0.573183095514353,False,False,False,-2.753801866588223,-1.625858591879722
6,Ammonia,250.0,Ammonia,True,0.9909124658659247,0.9820030554696154,Acetone,0.26471175566567234,False,False,False,3.903244618724027,-3.5037549914170336
6,Ammonia,150.0,Ammonia,True,0.9922139676799868,0.9863281692584116,Ethylene,0.5755786829632376,False,False,False,-2.771064630586564,-1.613607691984781
6,Ammonia,250.0,Ammonia,True,0.9945958472880673,0.9893180696306252,Acetone,0.23947232331791385,False,False,False,3.908892891572475,-3.629081952146305
6,Ammonia,150.0,Ammonia,True,0.9934009643925507,0.9884328522729907,Ethylene,0.5714818984508876,False,False,False,-2.7660862078426183,-1.6297463801416145
6,Ammonia,250.0,Ammonia,True,0.9899856905528179,0.9801409215604362,Acetone,0.2449596121195285,False,False,False,3.8705809814778576,-3.5933178309306393
6,Ammonia,150.0,Ammonia,True,0.9941312489148828,0.9897361455483054,Ethylene,0.5768902589877535,False,False,False,-2.6538380652193347,-1.6289977342938458
6,Ammonia,250.0,Ammonia,True,0.9936234375778691,0.9873729117811919,Acetone,0.24059206066390013,False,False,False,3.991538416718636,-3.6415992504204393
6,Ammonia,150.0,Ammonia,True,0.9941041323837752,0.9896377253060412,Ethylene,0.5817797674196168,False,False,False,-2.6052672282367197,-1.6179429730641994
6,Toluene,20.0,Ethylene,False,0.6419612101295215,0.5010477777609141,Ethanol,0.1451752362748149,True,True,True,-10.132309803371259,1.5200942128298047
6,Toluene,30.0,Ethylene,False,0.7328490532960896,0.5963843209911887,Ethanol,0.30292339381492844,False,False,False,-8.719842430929699,1.2292380357631498
6,Toluene,40.0,Ethylene,False,0.7385988822717664,0.5523278502606879,Ethanol,0.47917238165420045,False,False,False,-7.523252462559419,1.066645819647532
6,Toluene,50.0,Ethylene,False,0.7020895241656102,0.4631751703885081,Ethanol,0.48392217522654307,False,False,False,-6.5193080295940105,0.951823140712142
6,Toluene,60.0,Ethylene,False,0.6344416636480148,0.31334721875597227,Ethanol,0.35478579242455616,True,False,True,-5.697470756372011,0.8636885534511423
6,Toluene,70.0,Ethylene,False,0.51539004575196,0.06738228352355652,Ethanol,0.2002890482683207,True,False,True,-5.1667018837181065,0.7626183264976075
6,Toluene,80.0,Ammonia,False,0.5558670389207728,0.13712693314683272,Ethylene,0.08108732894159222,True,True,True,-4.307192565547382,0.700003535331813
6,Toluene,90.0,Ammonia,False,0.5301562436536014,0.08583131452278753,Ethylene,0.2327113244162707,True,False,True,-3.8845749504189815,0.6647922249669698
6,Toluene,100.0,Ammonia,False,0.571000791767738,0.16908150526923788,Ethylene,0.446897792007153,True,False,True,-3.2641081578071556,0.6362131212084338
6,Toluene,70.0,Ammonia,False,0.6143910031262716,0.2589949518486453,Ethanol,0.24960329724791294,True,False,True,-5.34215789715884,0.774370096466095
6,Toluene,80.0,Ammonia,False,0.5506042619435848,0.13142600483787642,Ethanol,0.028742897762900795,True,True,True,-4.6511700971001115,0.6862749983627549
6,Toluene,90.0,Ammonia,False,0.6499471198171164,0.3229810031891112,Ethylene,0.2503419396689295,True,False,True,-3.8662733249592782,0.6121952043487641
6,Toluene,100.0,Ammonia,False,0.7149828749149566,0.44842681580118293,Ethylene,0.478353794787312,False,False,False,-3.2306933946694705,0.5533325424816591
6,Toluene,20.0,Ethylene,False,0.5683755231812496,0.35240673664943867,Ethanol,0.154036885655738,True,False,True,-10.028329960039475,1.4947612945947013
6,Toluene,30.0,Ethylene,False,0.6961347029858515,0.5125168095301882,Ethanol,0.2967412355908471,True,False,True,-8.760395055736145,1.2324644502861382
6,Toluene,40.0,Ethylene,False,0.6694303506705502,0.4228001806136843,Ethanol,0.4581838802750816,True,False,True,-7.668861096107308,1.0824807592019667
6,Toluene,50.0,Ethylene,False,0.6707139521136161,0.39322915070870434,Ethanol,0.4913472105665549,True,False,True,-6.6771949637543,0.9588310924098222
6,Toluene,60.0,Ethylene,False,0.5946245855672075,0.22334324148652857,Ethanol,0.3682840691680137,True,False,True,-5.72070133067953,0.8956771271968382
6,Toluene,20.0,Ethylene,False,0.5003273461380899,0.28175272775994664,Ethanol,0.08523892603553149,True,True,True,-10.550498861120028,1.3863341320892737
6,Toluene,30.0,Ethylene,False,0.6070909034455919,0.37976685810135513,Ethanol,0.19541411681144924,True,False,True,-9.340101278930128,1.1539863098119567
6,Toluene,40.0,Ethylene,False,0.6433011657138098,0.4167872875534657,Ethanol,0.30952372541350615,True,False,True,-8.40343108710022,0.9690060790881332
6,Toluene,50.0,Ethylene,False,0.6031297390086833,0.31416633125002713,Ethanol,0.40175642753180857,True,False,True,-7.583582118195178,0.7692257043385224
6,Toluene,60.0,Ethylene,False,0.5459341277121377,0.17197149546123153,Ethanol,0.422613029139365,True,False,True,-6.8247356970696815,0.6586073643719119
6,Toluene,70.0,Ammonia,False,0.5308392046606181,0.1323850686003591,Ethanol,0.341926170714709,True,False,True,-6.293678836123341,0.4652039892433159
6,Toluene,80.0,Ammonia,False,0.47968776683812003,0.02289173447839038,Ethanol,0.23430486748472798,True,False,True,-5.683381196925497,0.40128773128862544
6,Toluene,90.0,Ammonia,False,0.5847942328141397,0.21884193842294797,Ethanol,0.04634650281947838,True,True,True,-4.962333522466314,0.332413143362142
6,Toluene,100.0,Ammonia,False,0.6041722157781905,0.25395118869666566,Ethylene,0.14017080515581015,True,True,True,-4.372726178310398,0.2969144288842062
6,Toluene,70.0,Ammonia,False,0.5170748192252945,0.1063616533509602,Ethanol,0.3780892103962988,True,False,True,-6.501019615394589,0.537788219173061
6,Toluene,80.0,Ammonia,False,0.5551887550614499,0.17234655357196832,Ethanol,0.24280085307534022,True,False,True,-5.734233686788547,0.3960317185077453
6,Toluene,90.0,Ammonia,False,0.5630874726592744,0.18153097690651576,Ethanol,0.08632296146825821,True,True,True,-5.108025061570757,0.3341113262348369
6,Toluene,100.0,Ammonia,False,0.5867863484178978,0.22481943507141128,Ethylene,0.05456531896550796,True,True,True,-4.6370686054416455,0.3058823579642346
6,Toluene,20.0,Ethylene,False,0.539397187984744,0.3267056629240356,Ethanol,0.07899031555456953,True,True,True,-10.544607808061162,1.3313860452810347
6,Toluene,30.0,Ethylene,False,0.6480057311819405,0.4887342106448358,Ethanol,0.1564810214598431,True,False,True,-9.527492085175362,1.0681687811545668
6,Toluene,40.0,Ethylene,False,0.6720505815040974,0.4739643031411187,Ethanol,0.2907592905719523,True,False,True,-8.419526336626529,0.8857092497342596
6,Toluene,50.0,Ethylene,False,0.5854102212649741,0.28341598249139593,Ethanol,0.3846094947486692,True,False,True,-7.594001631835463,0.702689084648863
6,Toluene,60.0,Ammonia,False,0.603127936782552,0.26346756424631246,Ethanol,0.39439716524067625,True,False,True,-7.095655201070341,0.501076109418075
6,Toluene,20.0,Ethylene,False,0.5630383061633719,0.38893813764470486,Ethanol,0.08049562918716245,True,True,True,-10.578721081958204,1.3693236523085701
6,Toluene,30.0,Ethylene,False,0.6543202965105825,0.46057998261232125,Ethanol,0.1947920957600991,True,False,True,-9.060353123026358,0.9077601735375073
6,Toluene,40.0,Ethylene,False,0.6466744823644461,0.403202972695705,Ethanol,0.31475752771588855,True,False,True,-7.8583482951517345,0.5757349018828662
6,Toluene,50.0,Ethylene,False,0.6215159589759391,0.34129915381952824,Ethanol,0.38501728931761015,True,False,True,-7.130841427508963,0.45077364814689563
6,Toluene,60.0,Ethylene,False,0.525995419051527,0.12843835983865892,Ethanol,0.3466535739029033,True,False,True,-6.562809728370693,0.3800725931854477
6,Toluene,70.0,Ammonia,False,0.4858005044305945,0.027305365475801313,Ethanol,0.2867350983442022,True,False,True,-6.068284808087183,0.34938753416019397
6,Toluene,80.0,Ammonia,False,0.5287212970426035,0.10695324677541873,Ethanol,0.18210401963803158,True,False,True,-5.5467573265724095,0.29378195213209474
6,Toluene,90.0,Ammonia,False,0.6150966680045469,0.2803088804029135,Ethanol,0.037828298109071345,True,True,True,-4.988709928869152,0.25422101856530677
6,Toluene,100.0,Ammonia,False,0.6357979200300337,0.3154189657786676,Ethylene,0.07805593903710129,True,True,True,-4.620913665182337,0.20626410611914447
6,Toluene,70.0,Ammonia,False,0.5640191045202059,0.18852920236940302,Ethanol,0.3696062869444389,True,False,True,-6.607761712846408,0.4687466691055088
6,Toluene,80.0,Ammonia,False,0.5775345718938222,0.21067968064773834,Ethanol,0.23106499941856098,True,False,True,-5.724088052536264,0.35372261873318
6,Toluene,90.0,Ammonia,False,0.6147642352428802,0.2750623140879384,Ethanol,0.12029629974560092,True,True,True,-5.285566969440732,0.2820025328909357
6,Toluene,100.0,Ammonia,False,0.6420523046843123,0.3263232668016859,Ethylene,0.04333402988217914,True,True,True,-4.672633564535304,0.3076400349162081
6,Toluene,20.0,Ethylene,False,0.5635700963646575,0.3784631050582274,Ethanol,0.07271111408495494,True,True,True,-10.70589574195548,1.4008426352409467
6,Toluene,30.0,Ethylene,False,0.6393862095953299,0.45358600541960414,Ethanol,0.16974529560126314,True,False,True,-9.419686363077375,1.0609796131218907
6,Toluene,40.0,Ethylene,False,0.6402576066170504,0.3996045136613781,Ethanol,0.2835639736716831,True,False,True,-8.356287154299036,0.7978096263187288
6,Toluene,50.0,Ethylene,False,0.593848212982608,0.2882163896776178,Ethanol,0.38407048235211655,True,False,True,-7.456819152841688,0.616125464673857
6,Toluene,60.0,Ethylene,False,0.5898143302560832,0.2701736252707219,Ethanol,0.3968735314439727,True,False,True,-6.90477223941423,0.5311103579084115
6,Toluene,50.0,Ethylene,False,0.8161196556004555,0.6767249140570711,Ethanol,0.4298414858499557,False,False,False,-6.588995501935582,0.7283343948960775
6,Toluene,50.0,Ethylene,False,0.5867624649068917,0.27376815011022904,Ethanol,0.3841248080934555,True,False,True,-7.263883990605406,0.5102941668289221
6,Toluene,50.0,Ethylene,False,0.6115301150399969,0.3280514484058301,Ethanol,0.38904012964843465,True,False,True,-7.4907228726263595,0.6569232965512461
6,Toluene,50.0,Ethylene,False,0.6502859986337913,0.4007128798046999,Ethanol,0.3700349977273144,True,False,True,-7.653978087662168,0.6792887225581533
6,Toluene,50.0,Ethylene,False,0.6431894474861046,0.3808058310508879,Ethanol,0.3647346017798381,True,False,True,-7.677316633311399,0.6718162459535197
6,Toluene,50.0,Ethylene,False,0.6236406109350545,0.3490357671385894,Ethanol,0.35434482814127577,True,False,True,-7.726960699287553,0.659823899213617
6,Toluene,50.0,Ethylene,False,0.5808653574286831,0.26439873213738196,Ethanol,0.34888476665327484,True,False,True,-7.749129241288649,0.6509546207314543
6,Toluene,50.0,Ethylene,False,0.5761638973358658,0.26757840765774876,Ethanol,0.36517499747594123,True,False,True,-7.658961073361632,0.6617216576098994
6,Toluene,50.0,Ethylene,False,0.595972327281608,0.2999735979937505,Ethanol,0.3594198585508848,True,False,True,-7.6974384208293385,0.6621864833954157
6,Toluene,50.0,Ethylene,False,0.5859252028940629,0.2764524948034539,Ethanol,0.35885198947345864,True,False,True,-7.655497300415883,0.6324966843180778
6,Toluene,50.0,Ethylene,False,0.5687272716590626,0.24380881759299672,Ethanol,0.35375617292598116,True,False,True,-7.727918906998121,0.6579158659369159
6,Toluene,50.0,Ethylene,False,0.5671547739529403,0.24568331263842474,Ethanol,0.3532814815415918,True,False,True,-7.730054169141259,0.6572824683438782
6,Toluene,50.0,Ethylene,False,0.5626907551796662,0.23314582037056114,Ethanol,0.36012086484631545,True,False,True,-7.671682280316056,0.6483560991868398
6,Toluene,50.0,Ethylene,False,0.5441591260467499,0.1928610079105853,Ethanol,0.36379462664904466,True,False,True,-7.6691499149983064,0.6624404610677974
6,Toluene,50.0,Ethylene,False,0.54801650024072,0.2015837818960935,Ethanol,0.36083615480837367,True,False,True,-7.706810727318361,0.6744899909218957
6,Toluene,50.0,Ethylene,False,0.572638537995748,0.25057471581108104,Ethanol,0.34867081347878215,True,False,True,-7.780245634843849,0.6709662648186221
6,Toluene,50.0,Ethylene,False,0.5751373776810137,0.25798883822254687,Ethanol,0.3469955747787542,True,False,True,-7.753526336725105,0.6457028198213718
6,Toluene,50.0,Ethylene,False,0.5558221824263604,0.20559500778508383,Ethanol,0.35521438474287115,True,False,True,-7.69237078815596,0.6407986932957059
6,Toluene,50.0,Ethylene,False,0.5703712251859644,0.2415944317286272,Ethanol,0.3548398073530776,True,False,True,-7.68638004514752,0.635296314760242
6,Toluene,50.0,Ethylene,False,0.5984100851912331,0.3031520093660282,Ethanol,0.3535108083076909,True,False,True,-7.7356108028849,0.6619744270009066
6,Toluene,50.0,Ethylene,False,0.5663708121333179,0.244628236800633,Ethanol,0.34989789042039127,True,False,True,-7.727929391578668,0.6412661670466643
6,Toluene,50.0,Ethylene,False,0.5949036999459382,0.2962139703213193,Ethanol,0.36602524071619214,True,False,True,-7.667814170935805,0.6711329856644516
6,Toluene,50.0,Ethylene,False,0.5920176341527458,0.2851878138409453,Ethanol,0.35680532174668383,True,False,True,-7.707655390457383,0.6576605913862593
6,Toluene,50.0,Ethylene,False,0.6123485956369907,0.3285214782193981,Ethanol,0.36918078863294645,True,False,True,-7.6615336242534156,0.6805640047399107
6,Toluene,50.0,Ethylene,False,0.565047493001607,0.2301293065113561,Ethanol,0.35886910552630535,True,False,True,-7.683151550871624,0.6504571616378383
6,Toluene,50.0,Ethylene,False,0.5836074193888352,0.26522746075008896,Ethanol,0.35741089990691,True,False,True,-7.719448944894758,0.6680858157367844
6,Toluene,50.0,Ethylene,False,0.6015231882727902,0.30608236067098815,Ethanol,0.36372273653492154,True,False,True,-7.694192162273083,0.6785834958725224
6,Toluene,50.0,Ethylene,False,0.6250171311411393,0.34667141766492693,Ethanol,0.35622660546174845,True,False,True,-7.726220228199109,0.6674707242175352
6,Toluene,50.0,Ethylene,False,0.5662304093387359,0.2369221964989504,Ethanol,0.3716782650264682,True,False,True,-7.631165046669903,0.6715136271339599
6,Toluene,50.0,Ethylene,False,0.5851626251598999,0.28158408512038147,Ethanol,0.35437856634533343,True,False,True,-7.7634057742123606,0.6844547966845828
6,Toluene,50.0,Ethylene,False,0.5401251606410261,0.18500006107025407,Ethanol,0.3492461898195813,True,False,True,-7.722653884615906,0.6349839919947942
6,Toluene,50.0,Ethylene,False,0.5758999338561116,0.26541303765253027,Ethanol,0.3493509570234205,True,False,True,-7.743165023890884,0.6489997486200658
6,Toluene,50.0,Ethylene,False,0.5587106879621498,0.2183283170683779,Ethanol,0.3530790828328536,True,False,True,-7.71592568976791,0.6470601238667036
6,Toluene,50.0,Ethylene,False,0.5492961258450929,0.20515544467477087,Ethanol,0.34078632232827144,True,False,True,-7.761563698775692,0.624176035876544
6,Toluene,50.0,Ethylene,False,0.5493533538323652,0.20589517830263454,Ethanol,0.3622520532086263,True,False,True,-7.661141741059432,0.6506375521885908
6,Toluene,50.0,Ethylene,False,0.5798314082088062,0.265480434834866,Ethanol,0.35225917497741527,True,False,True,-7.707675554731763,0.6381144310359443
6,Toluene,50.0,Ethylene,False,0.5480965305657982,0.21229245823726717,Ethanol,0.3475180139669889,True,False,True,-7.743183143020599,0.6410854290453161
6,Toluene,50.0,Ethylene,False,0.5795749705108849,0.2659135949036869,Ethanol,0.3515784810065555,True,False,True,-7.752113997870814,0.6646373545072184
6,Toluene,50.0,Ethylene,False,0.5219941441467242,0.1549797052589733,Ethanol,0.3370767292239654,True,False,True,-7.786901623462729,0.6249711725684354
6,Toluene,50.0,Ethylene,False,0.6009148824290672,0.3042133321200382,Ethanol,0.36496351252589326,True,False,True,-7.6402625149468575,0.6487488752446829
6,Toluene,50.0,Ethylene,False,0.5840743442937353,0.28187115242895505,Ethanol,0.3525411374476879,True,False,True,-7.743472201642442,0.6630239169677327
6,Toluene,50.0,Ethylene,False,0.5661450622706202,0.23648699424414155,Ethanol,0.3336808370369592,True,False,True,-7.829165937799742,0.6386613229661816
6,Toluene,50.0,Ethylene,False,0.5466315131934602,0.20199318849633757,Ethanol,0.33974196347787805,True,False,True,-7.772118585747326,0.6266679419879128
6,Toluene,50.0,Ethylene,False,0.5354206142633744,0.1791163868494935,Ethanol,0.3556470671205968,True,False,True,-7.710103538174587,0.6542849982967298
6,Toluene,50.0,Ethylene,False,0.5650116545979391,0.24444233902181767,Ethanol,0.32772738732413625,True,False,True,-7.829872350617398,0.6131271205738804
6,Toluene,50.0,Ethylene,False,0.569811968797083,0.2512423284466562,Ethanol,0.34409597488329563,True,False,True,-7.756393758492239,0.6350583634306233
6,Toluene,50.0,Ethylene,False,0.5595621102013614,0.22336880256796943,Ethanol,0.35394506480461996,True,False,True,-7.692453448308752,0.6354119842045244
6,Toluene,50.0,Ethylene,False,0.5831562637769359,0.2743353890669254,Ethanol,0.3427839762417639,True,False,True,-7.783521535889379,0.647511824929536
6,Toluene,50.0,Ethylene,False,0.5691190723362355,0.24648621776192015,Ethanol,0.3440623471212727,True,False,True,-7.7396517142079135,0.6238409223426918
6,Toluene,50.0,Ethylene,False,0.5533489896161321,0.2073678100660042,Ethanol,0.3395827807056696,True,False,True,-7.770246852483138,0.6247335294699408
6,Toluene,50.0,Ethylene,False,0.5789400110113634,0.2787468196895794,Ethanol,0.33644750579447613,True,False,True,-7.820178381257133,0.644659962258896
6,Toluene,50.0,Ethylene,False,0.5590713361855885,0.23980157900597604,Ethanol,0.35291624014439826,True,False,True,-7.7104542592728835,0.6427607472944294
6,Toluene,50.0,Ethylene,False,0.5263340853267311,0.16006996375651972,Ethanol,0.3367161253456501,True,False,True,-7.8146569204703304,0.642085298183255
6,Toluene,50.0,Ethylene,False,0.5370017606166285,0.17666574848647365,Ethanol,0.3445782627178129,True,False,True,-7.737272215705897,0.6244976668199426
6,Toluene,50.0,Ethylene,False,0.5518665036357548,0.21273458442712434,Ethanol,0.3351221339917259,True,False,True,-7.82126267861495,0.6395982554022389
6,Toluene,50.0,Ethylene,False,0.5760092091360838,0.2603496556066412,Ethanol,0.3381864985926785,True,False,True,-7.773990430341548,0.6211772764876038
6,Toluene,50.0,Ethylene,False,0.5158262129532961,0.1482312408314051,Ethanol,0.33791075851793395,True,False,True,-7.775278823080454,0.6208398981461708
6,Toluene,50.0,Ethylene,False,0.524217805365499,0.17244928363041606,Ethanol,0.33156935227218154,True,False,True,-7.789098611605725,0.6025673127832379
6,Toluene,50.0,Ethylene,False,0.5518768940750911,0.21814122869927988,Ethanol,0.34268465896467976,True,False,True,-7.728972242579394,0.6109160742288104
6,Toluene,50.0,Ethylene,False,0.5181167522740054,0.14351645509399302,Ethanol,0.32418853167780204,True,False,True,-7.819293076089338,0.5906507611941566
6,Toluene,50.0,Ethylene,False,0.5246944484026134,0.1700071797259861,Ethanol,0.3363157533354925,True,False,True,-7.761774737541293,0.6050167218183802
6,Toluene,50.0,Ethylene,False,0.6163474058962561,0.3528490818891427,Ethanol,0.32501685525796314,True,False,True,-7.867493068115034,0.6267967139765703
6,Toluene,50.0,Ethylene,False,0.5373715378963639,0.189577600396181,Ethanol,0.3256971519627547,True,False,True,-7.809883595561334,0.5909343906619047
6,Toluene,50.0,Ethylene,False,0.5335493990270682,0.17938425196701108,Ethanol,0.32320655481974214,True,False,True,-7.853458285584041,0.6093099641131282
6,Toluene,50.0,Ethylene,False,0.5393612828309984,0.19534559240403127,Ethanol,0.3165433441574289,True,False,True,-7.859216903386172,0.584097133692
6,Toluene,50.0,Ethylene,False,0.5925253885424718,0.2973678450900819,Ethanol,0.33091949421365363,True,False,True,-7.8014274883304076,0.6079488715924136
6,Toluene,50.0,Ethylene,False,0.5819295325687772,0.28801451343453166,Ethanol,0.3221864236306047,True,False,True,-7.8924505481964315,0.6314695254650688
6,Toluene,50.0,Ethylene,False,0.5586256311593718,0.23435736175184668,Ethanol,0.31935299057784916,True,False,True,-7.853631235417563,0.5925956918055701
6,Toluene,50.0,Ethylene,False,0.5519008843659872,0.2190464402344494,Ethanol,0.33171009715313143,True,False,True,-7.786795334258156,0.6016498764342326
6,Toluene,50.0,Ethylene,False,0.5494995738704938,0.21537841550500203,Ethanol,0.31586792265763153,True,False,True,-7.893749430911971,0.6045206174034851
6,Toluene,50.0,Ethylene,False,0.5485352991713683,0.22446133024764808,Ethanol,0.31502741212541296,True,False,True,-7.861986756584719,0.5793480997443619
6,Toluene,50.0,Ethylene,False,0.5250226002639998,0.1789061467675458,Ethanol,0.3198892204101673,True,False,True,-7.862939769875378,0.6012168128548738
6,Toluene,50.0,Ethylene,False,0.5517875157156931,0.2246420584587856,Ethanol,0.3020887501102598,True,False,True,-7.892736717056018,0.5435586764339384
6,Toluene,50.0,Ethylene,False,0.5823449788084524,0.3007813005551049,Ethanol,0.3458023054977541,True,False,True,-7.755660957952927,0.6419569757811207
6,Toluene,50.0,Ethylene,False,0.5994843489795154,0.31114549989223866,Ethanol,0.3241940029906143,True,False,True,-7.824227963507382,0.5939646043220538
6,Toluene,50.0,Ethylene,False,0.5959322814677056,0.30412640357045234,Ethanol,0.3152993573718621,True,False,True,-7.907247665973701,0.6112594919919568
6,Toluene,50.0,Ethylene,False,0.5713851339014336,0.2545963989622345,Ethanol,0.32524554094913577,True,False,True,-7.832548384604694,0.6041103433687133
6,Toluene,50.0,Ethylene,False,0.5909819206777025,0.3032405720276747,Ethanol,0.3189778330494446,True,False,True,-7.88175931000519,0.6100055830631996
6,Toluene,50.0,Ethylene,False,0.5798906957117282,0.28488707075991837,Ethanol,0.30733941240354645,True,False,True,-7.955799222920932,0.6095524002540561
6,Toluene,50.0,Ethylene,False,0.5225822211837245,0.16188604230578552,Ethanol,0.31958551640398464,True,False,True,-7.8334873455676775,0.58012685868472
6,Toluene,50.0,Ethylene,False,0.5394210930153764,0.19005998457119744,Ethanol,0.32388314073309055,True,False,True,-7.801120087995396,0.5772899584752461
6,Toluene,50.0,Ethylene,False,0.5468739797044038,0.2089168934149817,Ethanol,0.31573462725750256,True,False,True,-7.888966301868855,0.6006739456942337
6,Toluene,50.0,Ethylene,False,0.5946854027620186,0.30614737313654056,Ethanol,0.3097763403686064,True,False,True,-7.954136235403669,0.6192279837351657
6,Toluene,50.0,Ethylene,False,0.5957540762209803,0.30373129383953246,Ethanol,0.318416380467227,True,False,True,-7.869453141419162,0.5991807518820682
6,Toluene,50.0,Ethylene,False,0.5916899044449149,0.31148549301338857,Ethanol,0.321513653653494,True,False,True,-7.928258527662766,0.653400083303488
6,Toluene,50.0,Ethylene,False,0.5883361968041205,0.30136214408564094,Ethanol,0.3277175346531131,True,False,True,-7.826941376909048,0.6111117028855294
6,Toluene,50.0,Ethylene,False,0.5240741730725943,0.1684239029700198,Ethanol,0.3257862203713139,True,False,True,-7.79505561089535,0.5815101740140216
6,Toluene,50.0,Ethylene,False,0.5147172969140752,0.1446720865751589,Ethanol,0.3049173979365776,True,False,True,-7.915851864350522,0.5714625265253177
6,Toluene,50.0,Ethylene,False,0.5514077239990607,0.22853654678072893,Ethanol,0.3125463401090544,True,False,True,-7.8879204885844425,0.5859833102833083
6,Toluene,50.0,Ethylene,False,0.5287592406908812,0.17820573746076923,Ethanol,0.31650705422065073,True,False,True,-7.841450423015026,0.5720648649680251
6,Toluene,50.0,Ethylene,False,0.5704541086201549,0.2638838546810487,Ethanol,0.31184195898194517,True,False,True,-7.918995334972376,0.6040743574764583
6,Toluene,50.0,Ethylene,False,0.5621132864724753,0.24224555902963402,Ethanol,0.3081576341443734,True,False,True,-7.911520850425995,0.5827461005242183
6,Toluene,50.0,Ethylene,False,0.547895909554078,0.21866851047660973,Ethanol,0.32199614118013714,True,False,True,-7.843322464103399,0.5971900193148965
6,Toluene,50.0,Ethylene,False,0.5300360629724867,0.1736685208697441,Ethanol,0.30213239709628226,True,False,True,-7.939645387104192,0.5754025706005015
6,Toluene,50.0,Ethylene,False,0.5726771120200586,0.2660394319317664,Ethanol,0.3164844384135235,True,False,True,-7.879345445423022,0.597424368549242
6,Toluene,50.0,Ethylene,False,0.5415273566785782,0.21292085298686936,Ethanol,0.30396797214159904,True,False,True,-7.923710158569969,0.5726266993967453
6,Toluene,50.0,Ethylene,False,0.5174965113353567,0.16418025531756253,Ethanol,0.31374378074921616,True,False,True,-7.866049703100746,0.5764784950655817
6,Toluene,50.0,Ethylene,False,0.5566651858788073,0.24635315944118913,Ethanol,0.30315919546017245,True,False,True,-7.953024929398385,0.5891049917860679
6,Toluene,50.0,Ethylene,False,0.5552032029538749,0.2291342040477246,Ethanol,0.30566003889073773,True,False,True,-7.9202880119956545,0.5777350575971638
6,Toluene,50.0,Ethylene,False,0.5636175762837862,0.24247081037047402,Ethanol,0.32767152239061126,True,False,True,-7.786810312373086,0.5842164082456229
6,Toluene,50.0,Ethylene,False,0.9147874866937783,0.8531382582039408,Ethanol,0.4690057692959068,False,False,False,-6.39144808265712,0.9256588767451911
6,Toluene,50.0,Ethylene,False,0.7328592084964543,0.5612197609354427,Ethanol,0.42193032148905346,False,False,False,-7.268844506879598,0.6649215265451676
6,Toluene,50.0,Ethylene,False,0.6443581851616753,0.4077490890387888,Ethanol,0.3650991331741608,True,False,True,-7.640930646019504,0.6497553080226645
6,Toluene,50.0,Ethylene,False,0.6517727528218449,0.4179939147876115,Ethanol,0.38105866501485086,True,False,True,-7.596010795098697,0.688868502503453
6,Toluene,50.0,Ethylene,False,0.6668869952299862,0.4419194742099338,Ethanol,0.36144075346082594,True,False,True,-7.719649083101248,0.6856667527803594
6,Toluene,50.0,Ethylene,False,0.47362670092752257,0.04548917257115309,Ethanol,0.3225259653922548,True,False,True,-7.702889020162623,0.5084730683153732
6,Toluene,50.0,Ethylene,False,0.6027539300969101,0.32689780279478625,Ethanol,0.36206074057060444,True,False,True,-7.683660181449768,0.6644888770782307
6,Toluene,50.0,Ethylene,False,0.5220369860864643,0.16197666859136634,Ethanol,0.33091477578705036,True,False,True,-7.797647480406027,0.6054106802256854
6,Toluene,50.0,Ethylene,False,0.5750777276404142,0.2701367107129556,Ethanol,0.35511955302075515,True,False,True,-7.754116193747837,0.6813909342613613
6,Toluene,50.0,Ethylene,False,0.5642075862316682,0.24658507406343816,Ethanol,0.33683298588052457,True,False,True,-7.765620753113577,0.609782740655564
6,Toluene,50.0,Ethylene,False,0.562924495571291,0.23803492992595482,Ethanol,0.3368014047208231,True,False,True,-7.806767848318155,0.6371186697004837
6,Toluene,50.0,Ethylene,False,0.5669114601080789,0.25055404594619723,Ethanol,0.3414656153113797,True,False,True,-7.811871344862566,0.6609764136561725
6,Toluene,50.0,Ethylene,False,0.5986931435729423,0.30523600338407575,Ethanol,0.3352919135388771,True,False,True,-7.847261772347936,0.6581218627493015
6,Toluene,50.0,Ethylene,False,0.5631232044557847,0.23586627577925035,Ethanol,0.34342466295709184,True,False,True,-7.776500730382521,0.6455780930608498
6,Toluene,50.0,Ethylene,False,0.5732478387609958,0.25850435699145113,Ethanol,0.34757453055504794,True,False,True,-7.779111946715728,0.6654118333917499
6,Toluene,50.0,Ethylene,False,0.5818142102203138,0.2804847717174693,Ethanol,0.3582768147224143,True,False,True,-7.73792862369306,0.6842072562275838
6,Toluene,50.0,Ethylene,False,0.5094510743176165,0.1418448143041564,Ethanol,0.3484078689090375,True,False,True,-7.71939853965459,0.6292419244898464
6,Toluene,50.0,Ethylene,False,0.5483671669098351,0.20618775054859295,Ethanol,0.3444189618846356,True,False,True,-7.7737721955487915,0.6480683259769394
6,Toluene,50.0,Ethylene,False,0.5452321390642968,0.19435115587314972,Ethanol,0.3658444467426208,True,False,True,-7.708693784468118,0.6974193484378302
6,Toluene,50.0,Ethylene,False,0.5530331329124875,0.21618556577573983,Ethanol,0.35976901355842394,True,False,True,-7.719406759662351,0.6782611114379962
6,Toluene,50.0,Ethylene,False,0.6146062771204992,0.3301845152780898,Ethanol,0.38468567416551697,True,False,True,-7.59751322741205,0.7052754594212162
6,Toluene,50.0,Ethylene,False,0.5706236079036822,0.2421507934939282,Ethanol,0.383646604136049,True,False,True,-7.621881251607788,0.716661579725277
6,Toluene,50.0,Ethylene,False,0.5533075797647201,0.20675691463451007,Ethanol,0.3674251522847309,True,False,True,-7.675262428487225,0.6820342786141139
6,Toluene,50.0,Ethylene,False,0.5729684662444908,0.24152817167072893,Ethanol,0.3649752761421071,True,False,True,-7.746128928351869,0.7190010648481271
6,Toluene,50.0,Ethylene,False,0.5714544526722208,0.24282396922302135,Ethanol,0.3857403455585982,True,False,True,-7.611604082339121,0.7189186670556841
6,Toluene,50.0,Ethylene,False,0.5859102810921786,0.2690689848849171,Ethanol,0.3770011826269129,True,False,True,-7.6889027860642605,0.7325354423461062
6,Toluene,50.0,Ethylene,False,0.5961419960989838,0.2918533484615792,Ethanol,0.38527394511508944,True,False,True,-7.650528826152937,0.7426154230990165
6,Toluene,50.0,Ethylene,False,0.5391979819820454,0.1683184418134172,Ethanol,0.3858210819138044,True,False,True,-7.639315612057364,0.7375053481814053
6,Toluene,50.0,Ethylene,False,0.5466336615401194,0.19750742110444636,Ethanol,0.40113273425617285,True,False,True,-7.583513700134063,0.7665035580111024
6,Toluene,50.0,Ethylene,False,0.6245572636769424,0.35079951283297656,Ethanol,0.3861442244339402,True,False,True,-7.695089601408578,0.7766675484378371
6,Toluene,50.0,Ethylene,False,0.5840952178991163,0.28083973909205473,Ethanol,0.3938903325306461,True,False,True,-7.66930330706044,0.792833498293578
6,Toluene,50.0,Ethylene,False,0.4492261869547657,0.16035328967875945,Ethanol,0.376127834030656,True,False,True,-7.482720346030019,0.5985390103766338
6,Toluene,50.0,Ethylene,False,0.5685959553715751,0.22773930747537446,Ethanol,0.3787733639417988,True,False,True,-7.590676803669108,0.6757607969158198
6,Toluene,50.0,Ethylene,False,0.49313470843240814,0.07568299382408417,Ethanol,0.3773292603378892,True,False,True,-7.511117048191816,0.6204562530358808
6,Toluene,50.0,Ethylene,False,0.5515471496695538,0.20002747339961802,Ethanol,0.3689732919076527,True,False,True,-7.692775290175322,0.7003230514538167
6,Toluene,50.0,Ethylene,False,0.500574945647019,0.09546891097648696,Ethanol,0.36191147712080884,True,False,True,-7.646769844915106,0.6399276341479588
6,Toluene,50.0,Ethylene,False,0.5755399110967732,0.25853898530218145,Ethanol,0.3765619593729714,True,False,True,-7.661303144883227,0.7121651219232594
6,Toluene,50.0,Ethylene,False,0.5057011134157468,0.10664128576822396,Ethanol,0.3600870298574759,True,False,True,-7.637713373229617,0.6263906355395759
6,Toluene,50.0,Ethylene,False,0.5167166161567711,0.1375085024319152,Ethanol,0.37240089519359704,True,False,True,-7.631193603760677,0.6746151562669552
6,Toluene,50.0,Ethylene,False,0.5673626284183427,0.23654177544705135,Ethanol,0.3930835717630814,True,False,True,-7.582919064927009,0.7316657165925204
6,Toluene,50.0,Ethylene,False,0.5501424844104046,0.19221479088565685,Ethanol,0.3699238057492432,True,False,True,-7.681533644670029,0.6969477226679048
6,Toluene,50.0,Ethylene,False,0.5580163647388168,0.22313270733332452,Ethanol,0.35198962265229067,True,False,True,-7.738098983135356,0.6570468655198388
6,Toluene,50.0,Ethylene,False,0.5179859094870738,0.13511380640617837,Ethanol,0.3734902823552477,True,False,True,-7.595472624745224,0.656417010018503
6,Toluene,50.0,Ethylene,False,0.5344944755141013,0.1718012451111759,Ethanol,0.3658806120409924,True,False,True,-7.640004616576665,0.6524894280203936
6,Toluene,50.0,Ethylene,False,0.5610212775129558,0.23120238115809338,Ethanol,0.37101001817003276,True,False,True,-7.686422327358732,0.7048944597226837
6,Toluene,50.0,Ethylene,False,0.536068908125051,0.16315916672438208,Ethanol,0.3853118180953012,True,False,True,-7.575936987148747,0.6941156490439208
6,Toluene,50.0,Ethylene,False,0.5941906896726427,0.2877920300898533,Ethanol,0.39449315149451025,True,False,True,-7.529057792358602,0.7033480083536114
6,Toluene,50.0,Ammonia,False,0.44290841388151136,0.015794556839935192,Ethanol,0.417441940298868,True,False,True,-7.278325714893215,0.651887823796063
6,Toluene,50.0,Ethylene,False,0.5267617676958444,0.1388388875670084,Ethanol,0.40829165155684816,True,False,True,-7.37482171492741,0.6682652341594837
6,Toluene,50.0,Ethylene,False,0.594945752515673,0.2906470925438929,Ethanol,0.3841239002884473,True,False,True,-7.5976214082975995,0.702950847856842
6,Toluene,50.0,Ethylene,False,0.5423886779669795,0.18221033149934596,Ethanol,0.37546789359988986,True,False,True,-7.597946670456474,0.666364011844302
6,Toluene,50.0,Ethylene,False,0.49222489911905215,0.0701715823962889,Ethanol,0.4011263021986001,True,False,True,-7.413212436496788,0.6609858154826095
6,Toluene,50.0,Ethylene,False,0.5454123852644032,0.1864578379253875,Ethanol,0.3960381687310968,True,False,True,-7.518756585543536,0.703423050297474
6,Toluene,50.0,Ethylene,False,0.6468586971892116,0.3777398394338524,Ethanol,0.3713582682011578,True,False,True,-7.562315821180806,0.6267180297602382
6,Toluene,50.0,Ethylene,False,0.5458347747606817,0.1830879070264309,Ethanol,0.3853343656244361,True,False,True,-7.569398510424358,0.6900592980485758
6,Toluene,50.0,Ethylene,False,0.571064700486043,0.2466600487070547,Ethanol,0.398819701860395,True,False,True,-7.512504263214285,0.7112323507358768
6,Toluene,50.0,Ethylene,False,0.5893962679033795,0.27799003833450225,Ethanol,0.37107284195787893,True,False,True,-7.671732634717087,0.6954099707758403
6,Toluene,50.0,Ethylene,False,0.5630139548015486,0.2247315742564303,Ethanol,0.38153060305053715,True,False,True,-7.628687631449623,0.7120428658759517
6,Toluene,50.0,Ethylene,False,0.5688295888619436,0.2439478191348184,Ethanol,0.39431524600885043,True,False,True,-7.599623370692877,0.7478316041247187
6,Toluene,50.0,Ethylene,False,0.5864241598678085,0.2607190466691396,Ethanol,0.39256112306737667,True,False,True,-7.546247481825512,0.7059961154233099
6,Toluene,50.0,Ethylene,False,0.6241468262674373,0.35357451326273404,Ethanol,0.3795838206138134,True,False,True,-7.671190960031338,0.7318210281690264
6,Toluene,50.0,Ethylene,False,0.6170944682450435,0.3268754605867738,Ethanol,0.41057173146374926,True,False,True,-7.5074846214730755,0.7576592217002197
6,Toluene,50.0,Ethylene,False,0.55866568739955,0.21503764649965496,Ethanol,0.38937302261668977,True,False,True,-7.588066258505248,0.7191637189070106
6,Toluene,50.0,Ethylene,False,0.5770869156238871,0.25013980242062367,Ethanol,0.3940073452953754,True,False,True,-7.591786180127726,0.7413808379002642
6,Toluene,50.0,Ethylene,False,0.6412282891663872,0.3640108993302755,Ethanol,0.41219887550458073,True,False,True,-7.511414663573844,0.7670439890144227
6,Toluene,50.0,Ethylene,False,0.5998729518264151,0.284223248200104,Ethanol,0.40023862580746267,True,False,True,-7.572891063238324,0.7557221048685464
6,Toluene,50.0,Ethylene,False,0.6358453571416988,0.365622024253486,Ethanol,0.40423500656764566,True,False,True,-7.582979369543841,0.7794775839725517
6,Toluene,50.0,Ethylene,False,0.5959192321563503,0.28227613200002155,Ethanol,0.4084434775973662,True,False,True,-7.503765293436304,0.7463191685214204
6,Toluene,50.0,Ethylene,False,0.5908127605947309,0.2823503914271535,Ethanol,0.402713168788052,True,False,True,-7.576313335985263,0.7685549683677244
6,Toluene,50.0,Ethylene,False,0.578373731179071,0.2706631928728141,Ethanol,0.393281786662126,True,False,True,-7.622895256265307,0.758773439370149
6,Toluene,50.0,Ethylene,False,0.5243583528417001,0.14303404701707634,Ethanol,0.3782410043970975,True,False,True,-7.604079798492102,0.682054467694536
6,Toluene,50.0,Ethylene,False,0.5490717036755005,0.17949257114620343,Ethanol,0.395759979913239,True,False,True,-7.522051520936903,0.7043063855935515
6,Toluene,50.0,Ethylene,False,0.5435733003145627,0.1832303466069954,Ethanol,0.38763959941650505,True,False,True,-7.603661730057813,0.7218719186116765
6,Toluene,50.0,Ethylene,False,0.5777989026136008,0.25128735246601946,Ethanol,0.3776916181781235,True,False,True,-7.660298780666148,0.7163712802373252
6,Toluene,50.0,Ethylene,False,0.6092710496713832,0.3274607617502999,Ethanol,0.3732568223988818,True,False,True,-7.710241605064637,0.7306953598076641
6,Toluene,50.0,Ethylene,False,0.5839823081636335,0.2665777117174334,Ethanol,0.3916123066968634,True,False,True,-7.569116237074486,0.7165112000613981
6,Toluene,50.0,Ethylene,False,0.5244715707415943,0.14880038462781436,Ethanol,0.3577368630755539,True,False,True,-7.70522513068394,0.6600709558025942
6,Toluene,50.0,Ethylene,False,0.5325181871774419,0.17477802017155714,Ethanol,0.3501210761195161,True,False,True,-7.68719217539474,0.6156494736365296
6,Toluene,50.0,Ethylene,False,0.5963093746088335,0.2913630389584262,Ethanol,0.3539154151218235,True,False,True,-7.7136037134127315,0.6491326378455723
6,Toluene,50.0,Ethylene,False,0.5214655943357072,0.14741586494441944,Ethanol,0.36303509579983756,True,False,True,-7.637845401857114,0.6389966745712884
6,Toluene,50.0,Ethylene,False,0.5605443253579849,0.2156873449995333,Ethanol,0.37881171499216515,True,False,True,-7.599521950296813,0.6815634398341851
6,Toluene,50.0,Ethylene,False,0.567377903965407,0.23520987848770608,Ethanol,0.35334932598942353,True,False,True,-7.712767871276444,0.6461447978915461
6,Toluene,50.0,Ethylene,False,0.5728224612660926,0.24897061635117024,Ethanol,0.3648379199493592,True,False,True,-7.650636273110124,0.654890720078236
6,Toluene,50.0,Ethylene,False,0.5266577741410574,0.15109495432137787,Ethanol,0.368372545201617,True,False,True,-7.609888228641953,0.6438669897772006
6,Toluene,50.0,Ethylene,False,0.5310049899525439,0.16744514908289115,Ethanol,0.3710628967355589,True,False,True,-7.60472940279999,0.6519966809468247
6,Toluene,50.0,Ethylene,False,0.5717675755446555,0.24753776295778118,Ethanol,0.36232651626998685,True,False,True,-7.7086312612431955,0.6821425015889083
6,Toluene,50.0,Ethylene,False,0.5893523451230311,0.2782029925202532,Ethanol,0.35363151292395695,True,False,True,-7.717471803178346,0.6504601203125463
6,Toluene,50.0,Ethylene,False,0.5244256657000578,0.1521029564873273,Ethanol,0.3362634520082037,True,False,True,-7.713396975389012,0.5733799023503628
6,Toluene,50.0,Ethylene,False,0.5346853524534122,0.18473093374820315,Ethanol,0.35023185908769555,True,False,True,-7.703082573518399,0.6264166763435142
6,Toluene,50.0,Ethylene,False,0.5699313887010005,0.23877155989650145,Ethanol,0.3601997212317239,True,False,True,-7.681776957761647,0.6552665365791208
6,Toluene,50.0,Ethylene,False,0.5405227716363679,0.1768829031782821,Ethanol,0.3500936435194705,True,False,True,-7.717011184166771,0.6349247067069668
6,Toluene,50.0,Ethylene,False,0.5471322972719739,0.21110454556036873,Ethanol,0.31575840299600083,True,False,True,-7.909820992746368,0.6150542913918396
6,Toluene,50.0,Ethylene,False,0.5668693701145961,0.24422177306005705,Ethanol,0.3240725405109341,True,False,True,-7.860034832516461,0.6175641988822955
6,Toluene,50.0,Ethylene,False,0.6038933115995541,0.3152809044399991,Ethanol,0.3270657472701063,True,False,True,-7.842058185854435,0.6184677031097202
6,Toluene,50.0,Ethylene,False,0.5351191032154384,0.19243799113702253,Ethanol,0.31756228351955,True,False,True,-7.837841481764982,0.574243668820348
6,Toluene,50.0,Ethylene,False,0.501682049709326,0.12291576467196019,Ethanol,0.3149669738725553,True,False,True,-7.843917810282008,0.5670223144096368
6,Toluene,50.0,Ethylene,False,0.5592890505466817,0.24091342204338162,Ethanol,0.3084861962187083,True,False,True,-7.865062587569497,0.5529455680246089
6,Toluene,50.0,Ethylene,False,0.6029302737954945,0.32150595156671885,Ethanol,0.35236617986656077,True,False,True,-7.733399849595494,0.6555485168905847
6,Toluene,50.0,Ethylene,False,0.5937113748312949,0.30246577019250526,Ethanol,0.3436854669393183,True,False,True,-7.788961698116046,0.6551123021807661
6,Toluene,50.0,Ethylene,False,0.5738849194738819,0.2637565759482668,Ethanol,0.3344765510343984,True,False,True,-7.857703327161054,0.6617340570579135
6,Toluene,50.0,Ethylene,False,0.5599301253704627,0.1647544969284469,Acetone,0.756904631511391,True,False,True,2.671473880680384,-1.0016371975379117
6,Toluene,50.0,Ethylene,False,0.689862461553497,0.5244941667350808,Ethanol,0.3133098106948357,True,False,True,-6.034868247150091,0.48135903194669766
6,Toluene,50.0,Ethylene,False,0.570704211970041,0.2417061062452444,Ethanol,0.4341835899307194,True,False,True,-7.046657223854738,0.6978643966487001
6,Toluene,50.0,Ethylene,False,0.5500342528091392,0.20385174144484547,Ethanol,0.4420575557921968,True,False,True,-7.1689281767878725,0.7398687481057434
6,Toluene,50.0,Ethylene,False,0.4894528685207093,0.08490151904772164,Ethanol,0.43452820957565574,True,False,True,-7.23259517153576,0.7064534058979044
6,Toluene,50.0,Ethylene,False,0.5300223908668985,0.16123383478396952,Ethanol,0.4438106956418736,True,False,True,-7.275956335513476,0.7586329596166383
6,Toluene,50.0,Ethylene,False,0.5416910960176536,0.18889197212627945,Ethanol,0.423598487508265,True,False,True,-7.31326142658259,0.696029010222538
6,Toluene,50.0,Ethylene,False,0.5294308022353758,0.17725066795204064,Ethanol,0.4341380835655373,True,False,True,-7.3549934828956784,0.7631029156945791
6,Toluene,50.0,Ammonia,False,0.5227642519685112,0.1288634707396238,Ethanol,0.35784188908771075,True,False,True,-7.3586672199010925,0.45431715279838814
6,Toluene,50.0,Ethylene,False,0.549125090534932,0.2070089812030716,Ethanol,0.400614959799325,True,False,True,-7.547902738284305,0.7411846862238654
6,Toluene,50.0,Ethylene,False,0.5000583994841058,0.1214171986965229,Ethanol,0.4062556035768192,True,False,True,-7.511544512132288,0.7419792064620648
6,Toluene,50.0,Ethylene,False,0.46399730659049687,0.0442991493044394,Ethanol,0.4200981908337144,True,False,True,-7.4183579585665855,0.7425740832096984
6,Toluene,50.0,Ethylene,False,0.5202001747188592,0.15335520736579972,Ethanol,0.42360419113160735,True,False,True,-7.400779703176208,0.746600552212336
6,Toluene,50.0,Ethylene,False,0.4872017422400364,0.08465243294349767,Ethanol,0.4100344866092423,True,False,True,-7.436791290492734,0.7118061467379707
6,Toluene,50.0,Ammonia,False,0.789149982493882,0.6312548452720217,Ethanol,0.3501521912630566,False,False,False,-6.9508334727045655,0.29448681034139595
6,Toluene,50.0,Ethylene,False,0.5391128019383761,0.19367785312373337,Ethanol,0.4085993373241156,True,False,True,-7.513821249880961,0.7533276202057608
6,Toluene,50.0,Ethylene,False,0.4551192021737826,0.01843005112434276,Ethanol,0.4074597528889229,True,False,True,-7.469032442098713,0.7206259344851114
6,Toluene,50.0,Ammonia,False,0.560909849590387,0.2081747325939725,Ethanol,0.3304953399291038,True,False,True,-7.468532032846866,0.403343268394552
6,Toluene,50.0,Ethylene,False,0.514950802139205,0.15520136291726,Ethanol,0.3982626139257423,True,False,True,-7.571007791768655,0.7460551667368104
6,Toluene,50.0,Ethylene,False,0.4950570799529026,0.12034587032175315,Ethanol,0.4046006875063414,True,False,True,-7.499751606007783,0.7276111823787781
6,Toluene,50.0,Ethylene,False,0.5229330857132966,0.16940487379422248,Ethanol,0.38362587551066946,True,False,True,-7.639369058054438,0.728079041334161
6,Toluene,50.0,Ethylene,False,0.5474152739253337,0.20421714995438278,Ethanol,0.3857459561808339,True,False,True,-7.605578196681199,0.71502094164209
6,Toluene,50.0,Ethylene,False,0.4749629605815124,0.06561355069920471,Ethanol,0.4055128103614284,True,False,True,-7.497522630786692,0.7300600044428436
6,Toluene,50.0,Ethylene,False,0.495144408834341,0.1036083609915347,Ethanol,0.40604413613582546,True,False,True,-7.518149023712075,0.7452569678910888
6,Toluene,50.0,Ethylene,False,0.5514106585351768,0.21895504494590828,Ethanol,0.4151318760501467,True,False,True,-7.545703801834551,0.8017090442367398
6,Toluene,50.0,Ethylene,False,0.4902720137172782,0.1010519488723316,Ethanol,0.4012806552800483,True,False,True,-7.501883657874115,0.7149760534848633
6,Toluene,50.0,Ethylene,False,0.4974243856443101,0.10900318950960575,Ethanol,0.3968891959848697,True,False,True,-7.517374354520531,0.7061430800260621
6,Toluene,50.0,Ethylene,False,0.49668172723101617,0.10097429472571379,Ethanol,0.41168955897145304,True,False,True,-7.47221590107918,0.7403049801018824
6,Toluene,50.0,Ethylene,False,0.4940554177285095,0.10147359267705108,Ethanol,0.40424483874248396,True,False,True,-7.490207979982182,0.7201895998104936
6,Toluene,50.0,Ethylene,False,0.50295160491348,0.12584656245030296,Ethanol,0.4133371678079778,True,False,True,-7.439423274658758,0.7271389771272767
6,Toluene,50.0,Ethylene,False,0.4910167276814257,0.08738057127257287,Ethanol,0.40195145076815103,True,False,True,-7.482297794377146,0.7057071440774683
6,Toluene,50.0,Ethylene,False,0.5087784276342551,0.12685090309248093,Ethanol,0.41034879442002126,True,False,True,-7.463285083051879,0.7291912848238149
6,Toluene,50.0,Ethylene,False,0.4963116191880212,0.09437291884567806,Ethanol,0.4180708855862621,True,False,True,-7.429077384963703,0.7406028958299213
6,Toluene,50.0,Ethylene,False,0.5004938638057695,0.11870109395913947,Ethanol,0.3920785620234313,True,False,True,-7.5672254648701776,0.7172824227983825
6,Toluene,50.0,Ammonia,False,0.6755101935839124,0.4101482737642327,Ethanol,0.31564693772112523,True,False,True,-7.355591170476027,0.28309160976795833
6,Toluene,50.0,Ammonia,False,0.4565944005680647,0.02983937172913087,Ethanol,0.403429356762483,True,False,True,-7.486640712750089,0.7145662466957586
6,Toluene,50.0,Ammonia,False,0.6988422041864156,0.45711869648536885,Ethanol,0.3131934894148872,True,False,True,-7.3763024233546375,0.283959980478823
6,Toluene,50.0,Ethylene,False,0.5152851287731913,0.1467308390222115,Ethanol,0.3960647180889545,True,False,True,-7.521050264917146,0.7049646820342033
6,Toluene,50.0,Ethylene,False,0.5319572822787141,0.1730239798185499,Ethanol,0.399281483909641,True,False,True,-7.536191535417859,0.7280666133366431
6,Toluene,50.0,Ethylene,False,0.4714749097095516,0.11126592871135271,Ethanol,0.2990299356476556,True,False,True,-7.464588261287767,0.27362253320704877
6,Toluene,50.0,Ethylene,False,0.477033051518261,0.07943196955771448,Ethanol,0.3898167077003979,True,False,True,-7.541494051160675,0.6914196949435724
6,Toluene,50.0,Ethylene,False,0.5287225183595397,0.168001738319768,Ethanol,0.3986012530094418,True,False,True,-7.4897454348008905,0.6962522219837038
6,Toluene,50.0,Ethylene,False,0.4670789305780498,0.0499364960972587,Ethanol,0.37895433591933003,True,False,True,-7.6258542199142445,0.6991573165259508
6,Toluene,50.0,Ethylene,False,0.5420555852751164,0.2030799417071818,Ethanol,0.3822864060011596,True,False,True,-7.627136961153909,0.7142691075531172
6,Toluene,50.0,Ethylene,False,0.6649682497095463,0.42193493403315097,Ethanol,0.43571959717762127,True,False,True,-7.613514198041943,0.9381929017839501
6,Toluene,50.0,Ethylene,False,0.5708028844321784,0.2885256119997372,Ethanol,0.4165535182777624,True,False,True,-7.630112243663694,0.86511498868026
6,Toluene,50.0,Ethylene,False,0.6921512289693791,0.5037370300619627,Ethanol,0.44049880179983303,True,False,True,-7.855510212385971,1.1541627863725672
6,Toluene,50.0,Ammonia,False,0.5530004369306392,0.24790445330621724,Ethanol,0.22391325951013932,True,False,True,-7.559056859136972,0.020887733411283402
6,Toluene,50.0,Ethylene,False,0.5400336264736763,0.2383550262148375,Ethanol,0.3076492856757264,True,False,True,-7.698331586049858,0.4431042265344888
6,Toluene,50.0,Ethylene,False,0.5044494614087988,0.14128635037956627,Ethanol,0.3679956350678215,True,False,True,-7.702834232586981,0.702817846594993
6,Toluene,50.0,Ammonia,False,0.5983990961995034,0.2978574661863359,Ethanol,0.29238096516353923,True,False,True,-7.707484902871142,0.38484573633729463
6,Toluene,50.0,Ammonia,False,0.4535820233462753,0.032756548694573506,Ethanol,0.3398630530916987,True,False,True,-7.659125792702112,0.5543091593096984
6,Toluene,50.0,Ethylene,False,0.5624667551932183,0.2551066560759287,Ethanol,0.3650692842830687,True,False,True,-7.731491772223821,0.7094298120088772
6,Toluene,50.0,Ethylene,False,0.45236061605744593,0.03363548257221982,Ethanol,0.3351133013833631,True,False,True,-7.756027684098081,0.5960661764617747
6,Toluene,50.0,Ethylene,False,0.514328735634382,0.15734917583670371,Ethanol,0.3627813995978662,True,False,True,-7.744875731074843,0.7085480838318594
6,Toluene,50.0,Ethylene,False,0.44005508325371717,0.01209175087889558,Ethanol,0.3399039365886523,True,False,True,-7.6867496769950145,0.5718736755390852
6,Toluene,50.0,Ethylene,False,0.5029069784350734,0.14216934590557795,Ethanol,0.3507168440973078,True,False,True,-7.781713108632028,0.6809098420696928
6,Toluene,50.0,Ethylene,False,0.5128432307817586,0.16079875833038498,Ethanol,0.2832328965110785,True,False,True,-7.682352442828902,0.33187576171626504
6,Toluene,50.0,Ammonia,False,0.7695026919575787,0.5819936656443856,Ethanol,0.21911059223617804,False,False,False,-7.642267798895725,0.046588069004863696
6,Toluene,50.0,Ethylene,False,0.5282776440756733,0.19014574437009735,Ethanol,0.3476573167357515,True,False,True,-7.814317246832482,0.6898639876836602
6,Toluene,50.0,Ethylene,False,0.5235388399278742,0.17603022355801123,Ethanol,0.34154202501046527,True,False,True,-7.8227303866935065,0.6687489649472156
6,Toluene,50.0,Ethylene,False,0.4937475572648216,0.1224526376641702,Ethanol,0.3584051810703624,True,False,True,-7.715524183996208,0.6697745916561051
6,Toluene,50.0,Ethylene,False,0.513798644388198,0.15648489518395847,Ethanol,0.34155113985409463,True,False,True,-7.810728028301862,0.6605707864022008
6,Toluene,50.0,Ethylene,False,0.5423921067811756,0.22323081972602143,Ethanol,0.34340210279492916,True,False,True,-7.84022707202785,0.6890523806958101
6,Toluene,50.0,Ethylene,False,0.5113159891442413,0.16939750485389404,Ethanol,0.3261181589461245,True,False,True,-7.881396443894451,0.6412031578083879
6,Toluene,50.0,Ethylene,False,0.48931183851830956,0.12486534711315428,Ethanol,0.3285410242523031,True,False,True,-7.8874526279832535,0.6561180371233477
6,Toluene,50.0,Ethylene,False,0.5251388864613492,0.1816219187708561,Ethanol,0.3358995891123849,True,False,True,-7.819755194478524,0.6419751178147076
6,Toluene,50.0,Ammonia,False,0.8385698987037155,0.7139684203173592,Ethanol,0.17040429146835687,False,False,False,-7.684921279754349,-0.1276030686992415
6,Toluene,50.0,Ethylene,False,0.5248363031986342,0.18902604131451306,Ethanol,0.3389589055292733,True,False,True,-7.825835754640175,0.6595304753926404
6,Toluene,50.0,Ammonia,False,0.7505582676589667,0.5720857640357686,Ethanol,0.22886215398977675,False,False,False,-7.788617744962381,0.16936253059442183
6,Toluene,50.0,Ammonia,False,0.7357558200302777,0.5598471675391463,Ethanol,0.26153792028827366,False,False,False,-7.756849624315223,0.2860092889478134
6,Toluene,50.0,Ethylene,False,0.530719961719432,0.20942508255882225,Ethanol,0.33891622819903794,True,False,True,-7.795082263995832,0.6384558156199537
6,Toluene,50.0,Ethylene,False,0.5353966893594034,0.204186306310141,Ethanol,0.3248072619586586,True,False,True,-7.848393011093984,0.6128813389698371
6,Toluene,50.0,Ethylene,False,0.5264815994211464,0.18111411576600583,Ethanol,0.31958927817703175,True,False,True,-7.925395959245329,0.6428272785752773
6,Toluene,50.0,Ethylene,False,0.47493199729127783,0.08601362189979705,Ethanol,0.31176250631753033,True,False,True,-7.926381155894971,0.6088049647130583
6,Toluene,50.0,Ethylene,False,0.5057958687518486,0.17859902255544313,Ethanol,0.3163098093849053,True,False,True,-7.89907594094748,0.6101077934774239
6,Toluene,50.0,Ethylene,False,0.49850713136784336,0.14401920852533184,Ethanol,0.3210953955990236,True,False,True,-7.842657660703781,0.5928194979872004
6,Toluene,50.0,Ethylene,False,0.5094391302010524,0.16026844475731616,Ethanol,0.3019612810737254,True,False,True,-7.9580324578505905,0.5872509896248967
6,Toluene,50.0,Ethylene,False,0.4867705963857839,0.11945668641259799,Ethanol,0.3165129102334353,True,False,True,-7.8897729939634935,0.6046421458994543
6,Toluene,50.0,Ethylene,False,0.539390101342222,0.2206115452818434,Ethanol,0.33629636579600614,True,False,True,-7.809561568438047,0.6368026555137124
6,Toluene,50.0,Ethylene,False,0.5178950924622636,0.2029614264331,Ethanol,0.32665585971161326,True,False,True,-7.922425316746816,0.6722452814324134
6,Toluene,50.0,Ethylene,False,0.47736490677220106,0.1185267800651556,Ethanol,0.30426215659764144,True,False,True,-7.8812212542758555,0.5453406193563469
6,Toluene,50.0,Ethylene,False,0.5392157295958898,0.2209524927586085,Ethanol,0.31522615107008184,True,False,True,-7.88323004672043,0.5945452852312025
6,Toluene,50.0,Ethylene,False,0.49244823702210805,0.1301539913917228,Ethanol,0.31615274137289334,True,False,True,-7.910072040320148,0.6169684964688764
6,Toluene,50.0,Ethylene,False,0.5326273070469165,0.21682388321859863,Ethanol,0.3172101367671887,True,False,True,-7.900738020271881,0.6152152636725304
6,Toluene,50.0,Ethylene,False,0.5250043990699766,0.17876688702592353,Ethanol,0.3279454048162432,True,False,True,-7.804693717382376,0.5972279319088106
6,Toluene,50.0,Ethylene,False,0.5390122120601786,0.2338912323044791,Ethanol,0.3114087990638687,True,False,True,-7.980438353917612,0.6449892013940656
6,Toluene,50.0,Ammonia,False,0.5816469590012584,0.25587868421359855,Ethanol,0.2300986716253941,True,False,True,-7.88501038914181,0.231763206808339
6,Toluene,50.0,Ethylene,False,0.47397936324199236,0.08873395177292781,Ethanol,0.3133305268029739,True,False,True,-7.896890329648946,0.5955118526434033
6,Toluene,50.0,Ethylene,False,0.522291790791049,0.17696061665152796,Ethanol,0.32090298738378387,True,False,True,-7.898777592658794,0.630166066494196
6,Toluene,50.0,Ammonia,False,0.4735974925842717,0.063983458707702,Ethanol,0.26202883940676885,True,False,True,-7.937203446371412,0.39952549894962125
6,Toluene,50.0,Ethylene,False,0.5157467827196063,0.182985624503274,Ethanol,0.31274473459672414,True,False,True,-7.940680967762765,0.6230582232215304
6,Toluene,50.0,Ethylene,False,0.509240842204426,0.16443622693373355,Ethanol,0.3005129095637443,True,False,True,-7.9847862638663925,0.5993364797622103
6,Toluene,50.0,Ethylene,False,0.5140180782058704,0.16706593506014916,Ethanol,0.29677509641195754,True,False,True,-7.981049931820393,0.5801365759713428
6,Toluene,50.0,Ethylene,False,0.5258465395125848,0.21070882956780024,Ethanol,0.3026816467549424,True,False,True,-7.9807524021725325,0.6061878005624503
6,Toluene,50.0,Ethylene,False,0.4774549754601666,0.09730626432191508,Ethanol,0.30658066372678583,True,False,True,-7.916493406930518,0.5791998183859346
6,Toluene,50.0,Ethylene,False,0.5093305156981008,0.17680029957440246,Ethanol,0.32275197851399173,True,False,True,-7.898151387449584,0.6379091536379651
6,Toluene,50.0,Ethylene,False,0.49469924899988843,0.14980717613843764,Ethanol,0.3000382898116838,True,False,True,-7.945388280104824,0.5700961447426349
6,Toluene,50.0,Ammonia,False,0.6214214835119387,0.30866463178219433,Ethanol,0.20485170568978905,True,False,True,-7.818163501119662,0.08748913731425169
6,Toluene,50.0,Ethylene,False,0.4773687736064715,0.09896753339032527,Ethanol,0.3193268395632314,True,False,True,-7.854534768496304,0.5930894595026793
6,Toluene,50.0,Ethylene,False,0.5092799089840444,0.1646986953472907,Ethanol,0.29900709237991296,True,False,True,-7.926400382407075,0.5526860954645444
6,Toluene,50.0,Ethylene,False,0.4927004547741824,0.11602760707051546,Ethanol,0.3177325951988733,True,False,True,-7.856761825940351,0.5876333666753647
6,Toluene,50.0,Ethylene,False,0.4999636850531998,0.1468029434591086,Ethanol,0.28937721887221346,True,False,True,-7.990508741289281,0.5538746878087979
6,Toluene,50.0,Ethylene,False,0.4997434217290592,0.14510044528504068,Ethanol,0.2994984740458719,True,False,True,-7.957128939938347,0.5757416631495139
6,Toluene,100.0,Ammonia,False,0.600844653789015,0.27712852076888767,Ethanol,0.13213502764145443,True,True,True,-5.336450694467679,0.2803870329967562
6,Toluene,10.0,Ethylene,False,0.4347516372433564,0.10556313718236249,Ethanol,0.01926058320940076,True,True,True,-11.812586899724657,1.6527326375108788
6,Toluene,100.0,Ethylene,False,0.640622890625513,0.3976438583290405,Ethanol,0.03167582812139427,True,True,True,-4.89210524946194,0.3579021133289741
6,Toluene,10.0,Ethylene,False,0.47600383996065887,0.18341483187306223,Ethanol,0.02028407703582607,True,True,True,-11.794566072333893,1.6524906480898054
6,Toluene,100.0,Ethylene,False,0.5998106588834563,0.33963078715447487,Ethylene,0.0054812844334710484,True,True,True,-4.800849740762006,0.3048972244826541
6,Toluene,10.0,Ethylene,False,0.4328537436962888,0.15974763317734691,Ethanol,0.0020503695418865623,True,True,True,-11.72886920734314,1.4275743844267068
6,Toluene,100.0,Ethylene,False,0.4412992650611983,0.02522481934084142,Ethylene,0.01822466143251678,True,True,True,-4.873752844283247,0.1275091662454227
6,Toluene,10.0,Ethylene,False,0.4651074876190374,0.18249620730050903,Ethanol,0.01499218044870642,True,True,True,-11.836742053328203,1.6221275665926866
6,Toluene,100.0,Ethylene,False,0.791863693381909,0.6893027802421242,Ethylene,0.10840701507659012,False,True,True,-4.503883807377526,0.23963613600745198
6,Toluene,10.0,Ethylene,False,0.44271236742838627,0.14593993468038785,Ethanol,0.015591571457089823,True,True,True,-11.813989719642342,1.614770759745733
6,Toluene,100.0,Ammonia,False,0.5082984405132673,0.1317951967702436,Ethylene,0.07471535440458235,True,True,True,-4.756659939480745,-0.007229550296956368
6,Toluene,10.0,Ethylene,False,0.4474429881708127,0.12947738832830208,Ethanol,0.017816192482882316,True,True,True,-11.8051517189985,1.6328700101023115
6,Toluene,100.0,Ethylene,False,0.5624235344856807,0.2662853335838628,Ethylene,0.03904934506360593,True,True,True,-4.726808278075306,0.24438413502281278
6,Toluene,10.0,Ethylene,False,0.4331651715025192,0.11236766611890531,Ethanol,0.01694075596281122,True,True,True,-11.816357492481135,1.6304349466458716
6,Toluene,100.0,Ethylene,False,0.5652494998698646,0.2706269637158105,Ethylene,0.019189917250553246,True,True,True,-4.7875807382639755,0.25436242778440254
6,Toluene,10.0,Ethylene,False,0.46138891800246956,0.16888227543296314,Ethanol,0.016371503437175798,True,True,True,-11.808844200437727,1.6198756533206164
6,Toluene,100.0,Ethylene,False,0.5858037391712789,0.30830789931075386,Ethanol,0.02914180837730932,True,True,True,-4.962444153608795,0.2468433370616982
6,Toluene,10.0,Ethylene,False,0.46876522756525674,0.16449105899230076,Ethanol,0.016104001145043786,True,True,True,-11.84815545782861,1.6408124998448383
6,Toluene,100.0,Ethylene,False,0.5631135350106714,0.2574421846067483,Ethylene,0.0009546370303946435,True,True,True,-4.900704780271492,0.1798755838738821
6,Toluene,10.0,Ethylene,False,0.47722807437853115,0.16741783840095587,Ethanol,0.01770241312505241,True,True,True,-11.812258462270727,1.6359996491809266
6,Toluene,100.0,Ethylene,False,0.6183941482805883,0.36200556536811423,Ethanol,0.0006004467073061892,True,True,True,-4.872575395665529,0.22963930542817546
6,Toluene,10.0,Ethylene,False,0.4477426487885205,0.15652354226942217,Ethanol,0.011609760384245093,True,True,True,-11.859339986949312,1.5998189925183
6,Toluene,100.0,Ethylene,False,0.586295643135835,0.3090162828063288,Ethanol,0.008512601729260048,True,True,True,-4.913567319255715,0.2106878347382777
6,Toluene,10.0,Ethylene,False,0.46000778185474284,0.1623058025028256,Ethanol,0.014240261820317407,True,True,True,-11.856778710452284,1.6261610370607442
6,Toluene,100.0,Ethylene,False,0.5400613225022817,0.22821329260787943,Ethylene,0.019710407796118462,True,True,True,-4.8149455840331745,0.20971400195323442
6,Toluene,10.0,Ethylene,False,0.47941299354187167,0.21489188318725772,Ethanol,0.009217893032411419,True,True,True,-11.908256862624189,1.6030923436986282
6,Toluene,100.0,Ethylene,False,0.5786000468659668,0.3117169395030947,Ethanol,0.04222179715985305,True,True,True,-5.052189653927034,0.1898489540165494
6,Toluene,10.0,Ethylene,False,0.4387922137937213,0.12657410938719743,Ethanol,0.015779098583682257,True,True,True,-11.827848313547142,1.6251013937139738
6,Toluene,100.0,Ethylene,False,0.5811477501128068,0.289781682062662,Ethanol,0.001237096364489962,True,True,True,-4.900443488184876,0.19183609983965957
6,Toluene,10.0,Ethylene,False,0.4723558120833226,0.21793716420269676,Ethanol,0.00382065854128142,True,True,True,-11.818869851008829,1.4957260058481319
6,Toluene,100.0,Ethylene,False,0.5769834811554111,0.2981010077667607,Ethanol,0.009213138550711373,True,True,True,-4.901945666552231,0.23121295329005678
6,Toluene,10.0,Ethylene,False,0.45531939802341914,0.16109346424789367,Ethanol,0.01598699598902936,True,True,True,-11.829591242732066,1.6283535275307028
6,Toluene,100.0,Ethylene,False,0.5630341641873088,0.25188946830640535,Ethylene,0.01167129723493682,True,True,True,-4.8413047718247455,0.2121212804759424
6,Toluene,10.0,Ethylene,False,0.4352110046933379,0.1305183532459569,Ethanol,0.012329112809000219,True,True,True,-11.863722014728749,1.6100127509106883
6,Toluene,100.0,Ethylene,False,0.5597173947874883,0.2456654852641017,Ethylene,0.021507911887233097,True,True,True,-4.812138461629017,0.20446877029097466
6,Toluene,10.0,Ethylene,False,0.43437223990418833,0.14654540261876015,Ethanol,0.0123466429181745,True,True,True,-11.8221882273258,1.5856313347356343
6,Toluene,100.0,Ethylene,False,0.4936545177176722,0.13795576764907058,Ethanol,0.0013387430507291918,True,True,True,-4.938377047780675,0.13643387751142963
6,Toluene,10.0,Ethylene,False,0.4466754959658583,0.16340342674107255,Ethanol,0.007635736909065711,True,True,True,-11.930628636434363,1.5991734923056296
6,Toluene,100.0,Ethylene,False,0.5515344799761595,0.2450105197080687,Ethanol,0.018257945805932048,True,True,True,-4.964464109279583,0.1881158350363279
6,Toluene,10.0,Ethylene,False,0.41054411452653605,0.09800649864006489,Ethanol,0.010435235073083894,True,True,True,-11.902018683259769,1.6124249897377256
6,Toluene,100.0,Ethylene,False,0.5707852966881399,0.2878710741568397,Ethanol,0.02363756592139042,True,True,True,-4.9943081605456285,0.17385531865353904
6,Toluene,10.0,Ethylene,False,0.41703876782300825,0.10763539197824529,Ethanol,0.011396287846601641,True,True,True,-11.880772138646776,1.6101800362664396
6,Toluene,100.0,Ethylene,False,0.5584250476265722,0.2505405181361303,Ethanol,0.006206546999449641,True,True,True,-4.948510573590776,0.1476282606698874
6,Toluene,10.0,Ethylene,False,0.4300120925636337,0.14028257109906878,Ethanol,0.008985499276296051,True,True,True,-11.92507260549281,1.6103839462207115
6,Toluene,100.0,Ethylene,False,0.5976880667529144,0.3301946784081101,Ethanol,0.030742112879286392,True,True,True,-5.010963191164978,0.1874145503090124
6,Toluene,10.0,Ethylene,False,0.4437856631614938,0.16600628348009022,Ethanol,0.006079976130082736,True,True,True,-11.932623050550417,1.5837413641554774
6,Toluene,100.0,Ethylene,False,0.5043032261847633,0.15933174750947682,Ethylene,0.014413068505952517,True,True,True,-4.894973542109491,0.11595562727371682
6,Toluene,10.0,Ethylene,False,0.44368684326258173,0.14691045296565974,Ethanol,0.011009632841044666,True,True,True,-11.913558574567972,1.6253367137085057
6,Toluene,100.0,Ethylene,False,0.5618309526235219,0.25961479665323284,Ethanol,0.022428986669165856,True,True,True,-5.024958865213402,0.12431850313512875
6,Toluene,10.0,Ethylene,False,0.4051331638971175,0.12429088476258121,Ethanol,0.0031716792315126183,True,True,True,-11.911502257973249,1.5410891471746133
6,Toluene,100.0,Ethylene,False,0.5579030152167578,0.26258444709256806,Ethanol,0.02217292879892534,True,True,True,-5.012768669478886,0.140147361915742
6,Toluene,10.0,Ethylene,False,0.42714836873572665,0.15033672709220364,Ethanol,0.0059802034408975415,True,True,True,-11.954883752291227,1.5953845444708057
6,Toluene,100.0,Ethylene,False,0.563041711274009,0.273195118984661,Ethanol,0.03629932311359627,True,True,True,-5.060404724678838,0.1480951546713726
6,Toluene,10.0,Ethylene,False,0.4158187346351496,0.11904887554437066,Ethanol,0.007919829883130853,True,True,True,-11.920223081048462,1.5962018428696776
6,Toluene,100.0,Ethylene,False,0.543035805276462,0.23201719727192222,Ethanol,0.0073657139653892974,True,True,True,-4.999580994300182,0.07946158109867935
6,Toluene,10.0,Ethylene,False,0.41830555545180376,0.10973345397157169,Ethanol,0.0077516868817639,True,True,True,-11.941846616274578,1.606880480327311
6,Toluene,100.0,Ethylene,False,0.5802013566360963,0.3206847155809127,Ethanol,0.043390613825860985,True,True,True,-5.0974299421417015,0.13483455341515976
6,Toluene,10.0,Ethylene,False,0.393905462586885,0.0807174953939066,Ethanol,0.00790613771748997,True,True,True,-11.940749784345652,1.6079030038244053
6,Toluene,100.0,Ethylene,False,0.5426013648485364,0.24104152890967373,Ethanol,0.01764085145049376,True,True,True,-5.030689874056692,0.09056009116190611
6,Toluene,10.0,Ethylene,False,0.4232096945970838,0.13623536644953627,Ethanol,0.003141998186492534,True,True,True,-11.981272861223369,1.5799315527774989
6,Toluene,100.0,Ethylene,False,0.5493170284634696,0.2534525739473705,Ethanol,0.042510603329491206,True,True,True,-5.13294740143042,0.08252846488255272
6,Toluene,10.0,Ethylene,False,0.40952886650316767,0.11073452498740582,Ethanol,0.005973024670946233,True,True,True,-11.934534256219173,1.5836947669859958
6,Toluene,100.0,Ethylene,False,0.519941410530966,0.1974370919267059,Ethanol,0.016801150180283483,True,True,True,-5.051918495096869,0.055796033006501364
6,Toluene,10.0,Ethylene,False,0.4174791030598794,0.11911127308094693,Ethanol,0.006919714620181514,True,True,True,-11.977713551208026,1.6185616007324337
6,Toluene,100.0,Ethylene,False,0.5893760207775953,0.3161647428169322,Ethanol,0.03773959840258876,True,True,True,-5.083444585443968,0.1241968466788519
6,Toluene,10.0,Ethylene,False,0.3762198677016586,0.05092362694019087,Ethanol,0.007220631687079998,True,True,True,-11.969721979163506,1.617221182679541
6,Toluene,100.0,Ethylene,False,0.5739313519455176,0.3002426438780594,Ethanol,0.025088697717026678,True,True,True,-5.04798726501659,0.10614960635753463
6,Toluene,10.0,Ethylene,False,0.4013741005889258,0.09692477512809228,Ethanol,0.00703190401742678,True,True,True,-11.962866205386646,1.6112463564047994
6,Toluene,100.0,Ethylene,False,0.5996131606261236,0.3465850438752421,Ethanol,0.012252119341857505,True,True,True,-4.9998862836942255,0.10555646370609445
6,Toluene,10.0,Ethylene,False,0.4040297165612815,0.09915890790129456,Ethanol,0.008120937472618652,True,True,True,-11.94587806087878,1.613169985659103
6,Toluene,100.0,Ethylene,False,0.6064654439405337,0.3817027153141731,Ethanol,0.05620137518997689,True,True,True,-5.139576632055014,0.14528176250893027
6,Toluene,10.0,Ethylene,False,0.4018475267150372,0.09046132202538598,Ethanol,0.009314353138441296,True,True,True,-11.925038606388984,1.613884064886077
6,Toluene,100.0,Ethylene,False,0.5856454909115661,0.320538350789961,Ethanol,0.0374850185688488,True,True,True,-5.089335562358059,0.11484230475415637
6,Toluene,10.0,Ethylene,False,0.4343780677554177,0.15578068045155546,Ethanol,0.006277414110096481,True,True,True,-11.961990324783676,1.602631345450544
6,Toluene,100.0,Ethylene,False,0.49734838919512286,0.13941929971102612,Ethanol,0.001212572879715396,True,True,True,-4.988003734514541,0.06256910493230908
6,Toluene,10.0,Ethylene,False,0.4179136918860971,0.11421075145489751,Ethanol,0.0104479001189365,True,True,True,-11.917017546071476,1.6213444569229427
6,Toluene,100.0,Ethylene,False,0.5879214838681531,0.32331372465995767,Ethanol,0.010466263293767333,True,True,True,-4.9987341780594825,0.09756574296896613
6,Toluene,10.0,Ethylene,False,0.4236443322389645,0.13548157248261677,Ethanol,0.009738193868116123,True,True,True,-11.919953290981486,1.6154591096298625
6,Toluene,100.0,Ethylene,False,0.5311198848320936,0.21965831683459341,Ethanol,0.02811571421934903,True,True,True,-5.03764475549374,0.13663076521584824
6,Toluene,10.0,Ethylene,False,0.41544423023602245,0.11587557236317708,Ethanol,0.006810282550712258,True,True,True,-11.960398664246267,1.6074456641375718
6,Toluene,100.0,Ethylene,False,0.5573433092968875,0.2521741646648104,Ethanol,0.037808565030695095,True,True,True,-5.060992695207506,0.15514342115795732
6,Toluene,10.0,Ethylene,False,0.4248229926603023,0.1340098488670165,Ethanol,0.007066752971027446,True,True,True,-11.938530791355536,1.5976428127856372
6,Toluene,100.0,Ethylene,False,0.5686972052805939,0.28816067321424427,Ethanol,0.017897590645010945,True,True,True,-5.016668156861115,0.11188220614347753
6,Toluene,10.0,Ethylene,False,0.40717279246225924,0.08861209998977981,Ethanol,0.010671556895203682,True,True,True,-11.904673246764151,1.6165027938645815
6,Toluene,100.0,Ethylene,False,0.5644362832564845,0.27070134523937145,Ethanol,0.0014634361606431499,True,True,True,-4.96472076539295,0.09827261073618167
6,Toluene,10.0,Ethylene,False,0.4170477447465922,0.11737904683581496,Ethanol,0.005400750928735113,True,True,True,-11.978936306843318,1.6028680279067988
6,Toluene,100.0,Ethylene,False,0.564011278282906,0.27717254036318156,Ethanol,0.043227499617394034,True,True,True,-5.107299604982929,0.12072217261170634
6,Toluene,10.0,Ethylene,False,0.40187945044314294,0.07820897519532644,Ethanol,0.01102066626153665,True,True,True,-11.915623432731367,1.6266685169015849
6,Toluene,100.0,Ethylene,False,0.5384540928348335,0.22023637872319596,Ethanol,0.02194996980361503,True,True,True,-5.044201302779371,0.0946538383614727
6,Toluene,10.0,Ethylene,False,0.41706496845304675,0.12088482053312133,Ethanol,0.007815280055382193,True,True,True,-11.943189280696407,1.6083366898551956
6,Toluene,100.0,Ethylene,False,0.5857260030876269,0.3162744610265712,Ethanol,0.02398482582750253,True,True,True,-5.027588457720312,0.12887363294367166
6,Toluene,10.0,Ethylene,False,0.42039037564028514,0.11837451621110073,Ethanol,0.010229698896616632,True,True,True,-11.904691285214787,1.6117967491358225
6,Toluene,100.0,Ethylene,False,0.5774243123117907,0.3066688322825237,Ethanol,0.033998267258761906,True,True,True,-5.073839874680361,0.11762305161408612
6,Toluene,10.0,Ethylene,False,0.4234051493422177,0.13290574094090163,Ethanol,0.009857024989092597,True,True,True,-11.928330138358195,1.621621520948757
6,Toluene,100.0,Ethylene,False,0.5707118675669234,0.2835391728115335,Ethanol,0.005866799570587422,True,True,True,-4.974879582833456,0.10730459037068847
6,Toluene,10.0,Ethylene,False,0.42723729257834425,0.12917145578267442,Ethanol,0.0076877250718240565,True,True,True,-11.959273556149757,1.6162423688531342
6,Toluene,100.0,Ethylene,False,0.543454692685514,0.22435095476665756,Ethanol,0.015949219447245373,True,True,True,-5.002030822043652,0.12232666480415114
6,Toluene,10.0,Ethylene,False,0.45229456989516836,0.15804492983545254,Ethanol,0.00940675535673051,True,True,True,-11.929615443358346,1.6175385725358369
6,Toluene,100.0,Toluene,True,0.560864297436209,0.2588776304717814,Ethylene,0.09033421038947886,True,True,True,-4.6949836210563465,0.006072242610612691
6,Toluene,10.0,Ethylene,False,0.40959095764749337,0.10913327625883834,Ethanol,0.011834531371643961,True,True,True,-11.880485611866275,1.6146690335936165
