batch_id,gas_name,concentration_ppm,predicted_gas,predicted_ppm,absolute_error_ppm
10,Ethylene,10.0,Toluene,23.636444,13.636444091796875
10,Ethanol,50.0,Acetaldehyde,20.21325,29.78675079345703
10,Ethylene,250.0,Acetone,109.77563,140.22437286376953
10,Ethanol,600.0,Acetaldehyde,36.86882,563.1311798095703
10,Ethylene,150.0,Ethylene,63.597824,86.40217590332031
10,Ethanol,1000.0,Acetaldehyde,52.08281,947.9171905517578
10,Ethylene,50.0,Toluene,25.761078,24.238922119140625
10,Ethanol,200.0,Acetaldehyde,21.29586,178.70413970947266
10,Ethylene,100.0,Acetone,34.819954,65.18004608154297
10,Ethanol,800.0,Ethanol,413.99704,386.0029602050781
10,Ethylene,200.0,Acetone,76.836426,123.16357421875
10,Ethanol,400.0,Ethanol,225.80399,174.19601440429688
10,Ethylene,150.0,Acetone,56.528015,93.47198486328125
10,Ethanol,1000.0,Ethanol,937.5764,62.423583984375
10,Ethylene,50.0,Toluene,35.99479,14.005210876464844
10,Ethanol,200.0,Ethanol,114.40456,85.59544372558594
10,Ethylene,100.0,Acetone,42.650368,57.349632263183594
10,Ethanol,800.0,Ethanol,725.6661,74.33392333984375
10,Ethylene,200.0,Acetone,78.80031,121.19969177246094
10,Ethanol,400.0,Ethanol,255.20001,144.79998779296875
10,Ethylene,10.0,Toluene,33.48934,23.489341735839844
10,Ethanol,50.0,Acetaldehyde,22.129372,27.870628356933594
10,Ethylene,250.0,Acetone,97.70595,152.29405212402344
10,Ethanol,600.0,Ethanol,396.45435,203.545654296875
10,Ethylene,50.0,Toluene,33.27188,16.728118896484375
10,Ethanol,200.0,Ethanol,98.24922,101.75077819824219
10,Ethylene,100.0,Acetone,38.3845,61.615501403808594
10,Ethanol,800.0,Ethanol,595.3397,204.6602783203125
10,Ethylene,200.0,Acetone,73.73881,126.26119232177734
10,Ethanol,400.0,Ethanol,228.94199,171.05801391601562
10,Ethylene,10.0,Toluene,31.23558,21.235580444335938
10,Ethanol,50.0,Acetaldehyde,18.69062,31.30937957763672
10,Ethylene,250.0,Acetone,99.07683,150.9231719970703
10,Ethanol,600.0,Ethanol,396.51196,203.488037109375
10,Ethylene,150.0,Acetone,53.354538,96.64546203613281
10,Ethanol,1000.0,Ethanol,857.2408,142.75921630859375
10,Ethylene,10.0,Toluene,29.728325,19.72832489013672
10,Ethanol,50.0,Acetaldehyde,11.761513,38.238487243652344
10,Ethylene,50.0,Toluene,33.828644,16.171356201171875
10,Ethanol,200.0,Ethanol,98.48065,101.51934814453125
10,Ethylene,100.0,Acetone,38.17434,61.825660705566406
10,Ethanol,800.0,Ethanol,651.4646,148.535400390625
10,Ethylene,200.0,Acetone,72.25398,127.74601745605469
10,Ethanol,400.0,Ethanol,245.86258,154.13742065429688
10,Ethylene,250.0,Acetone,102.788864,147.2111358642578
10,Ethanol,600.0,Ethanol,422.83328,177.16671752929688
10,Ethylene,150.0,Acetone,58.08127,91.91873168945312
10,Ethanol,1000.0,Ethanol,896.0698,103.93017578125
10,Ethylene,200.0,Acetone,82.51455,117.4854507446289
10,Ethanol,400.0,Ethanol,241.85553,158.14447021484375
10,Ethylene,10.0,Toluene,32.680428,22.68042755126953
10,Ethanol,50.0,Acetaldehyde,23.879501,26.120498657226562
10,Ethylene,250.0,Acetone,97.2391,152.76090240478516
10,Ethanol,600.0,Ethanol,414.72522,185.2747802734375
10,Ethylene,150.0,Acetone,60.478172,89.5218276977539
10,Ethanol,1000.0,Ethanol,905.8467,94.1533203125
10,Ethylene,50.0,Toluene,40.268425,9.731575012207031
10,Ethanol,200.0,Ethanol,133.15208,66.84791564941406
10,Ethylene,100.0,Acetone,42.769005,57.230995178222656
10,Ethanol,800.0,Ethanol,675.6544,124.3455810546875
10,Ethylene,50.0,Toluene,42.584175,7.415824890136719
10,Ethanol,200.0,Ethanol,109.18161,90.81838989257812
10,Ethylene,100.0,Toluene,47.325638,52.67436218261719
10,Ethanol,800.0,Ethanol,673.05786,126.942138671875
10,Ethylene,200.0,Acetone,78.65343,121.34657287597656
10,Ethanol,400.0,Ethanol,242.01846,157.98153686523438
10,Ethylene,10.0,Toluene,34.11573,24.11573028564453
10,Ethanol,50.0,Acetaldehyde,25.453094,24.546905517578125
10,Ethylene,250.0,Acetone,98.61537,151.38462829589844
10,Ethanol,600.0,Ethanol,437.10876,162.8912353515625
10,Ethylene,150.0,Acetone,60.337532,89.66246795654297
10,Ethanol,1000.0,Ethanol,921.4887,78.51129150390625
10,Ethylene,150.0,Acetone,58.824554,91.17544555664062
10,Ethanol,1000.0,Ethanol,895.13873,104.86126708984375
10,Ethylene,50.0,Toluene,39.020294,10.979705810546875
10,Ethanol,200.0,Ethanol,103.13652,96.86347961425781
10,Ethylene,100.0,Acetone,34.34182,65.6581802368164
10,Ethanol,800.0,Ethanol,688.29785,111.7021484375
10,Ethylene,200.0,Acetone,69.672195,130.3278045654297
10,Ethanol,400.0,Ethanol,258.3373,141.66268920898438
10,Ethylene,10.0,Toluene,28.374184,18.374183654785156
10,Ethanol,50.0,Acetaldehyde,10.8396225,39.160377502441406
10,Ethylene,250.0,Acetone,93.58188,156.41812133789062
10,Ethanol,600.0,Ethanol,445.02902,154.97097778320312
10,Ethylene,250.0,Acetone,93.85712,156.14288330078125
10,Ethanol,600.0,Ethanol,444.11676,155.88323974609375
10,Ethylene,150.0,Acetone,51.541588,98.45841217041016
10,Ethanol,1000.0,Ethanol,931.9011,68.098876953125
10,Ethylene,10.0,Toluene,27.350632,17.350631713867188
10,Ethanol,50.0,Acetaldehyde,12.454735,37.545265197753906
10,Ethylene,50.0,Toluene,32.085297,17.914703369140625
10,Ethanol,200.0,Ethanol,109.527306,90.47269439697266
10,Ethylene,100.0,Acetone,35.636925,64.36307525634766
10,Ethanol,800.0,Ethanol,674.228,125.77197265625
10,Ethylene,200.0,Acetone,69.06169,130.9383087158203
10,Ethanol,400.0,Ethanol,261.19492,138.80508422851562
10,Ethylene,10.0,Toluene,28.919518,18.919517517089844
10,Ethanol,50.0,Acetaldehyde,10.769623,39.230377197265625
10,Ethylene,250.0,Acetone,92.2047,157.79530334472656
10,Ethanol,600.0,Ethanol,443.08167,156.9183349609375
10,Ethylene,150.0,Acetone,50.590385,99.40961456298828
10,Ethanol,1000.0,Ethanol,915.5038,84.4962158203125
10,Ethylene,50.0,Toluene,32.069695,17.93030548095703
10,Ethanol,200.0,Ethanol,109.3142,90.68579864501953
10,Ethylene,100.0,Acetone,35.079895,64.92010498046875
10,Ethanol,800.0,Ethanol,685.4956,114.50439453125
10,Ethylene,200.0,Acetone,71.1136,128.8863983154297
10,Ethanol,400.0,Ethanol,264.71545,135.2845458984375
10,Ethylene,50.0,Toluene,30.327614,19.672386169433594
10,Ethanol,200.0,Ethanol,107.89403,92.10597229003906
10,Ethylene,100.0,Acetone,35.77304,64.22695922851562
10,Ethanol,800.0,Ethanol,685.9456,114.05438232421875
10,Ethylene,200.0,Acetone,70.28412,129.71588134765625
10,Ethanol,400.0,Ethanol,264.52304,135.47695922851562
10,Ethylene,10.0,Toluene,28.605415,18.60541534423828
10,Ethanol,50.0,Acetaldehyde,15.295914,34.70408630371094
10,Ethylene,250.0,Acetone,94.791046,155.20895385742188
10,Ethanol,600.0,Ethanol,445.35867,154.64132690429688
10,Ethylene,150.0,Acetone,49.2063,100.793701171875
10,Ethanol,1000.0,Ethanol,913.00385,86.99615478515625
10,Toluene,1.0,Toluene,21.198524,20.198524475097656
10,Acetaldehyde,10.0,Ammonia,50.244034,40.24403381347656
10,Toluene,100.0,Ethylene,99.15556,0.8444366455078125
10,Acetaldehyde,150.0,Ammonia,552.2334,402.2333984375
10,Toluene,60.0,Ethylene,53.2567,6.7433013916015625
10,Acetaldehyde,250.0,Ammonia,656.0739,406.07391357421875
10,Toluene,20.0,Toluene,24.473473,4.473472595214844
10,Acetaldehyde,50.0,Ammonia,131.10457,81.10456848144531
10,Toluene,40.0,Toluene,22.75193,17.248069763183594
10,Acetaldehyde,200.0,Acetone,264.63245,64.6324462890625
10,Toluene,80.0,Ethylene,26.385567,53.61443328857422
10,Acetaldehyde,100.0,Ammonia,156.26352,56.263519287109375
10,Toluene,60.0,Toluene,18.22335,41.776649475097656
10,Acetaldehyde,250.0,Acetone,231.39272,18.607284545898438
10,Toluene,20.0,Toluene,22.266502,2.2665023803710938
10,Acetaldehyde,50.0,Ammonia,75.17195,25.171951293945312
10,Toluene,40.0,Toluene,18.337212,21.66278839111328
10,Acetaldehyde,200.0,Ammonia,288.77548,88.77548217773438
10,Toluene,80.0,Ethylene,31.972412,48.027587890625
10,Acetaldehyde,100.0,Ammonia,216.9426,116.94259643554688
10,Toluene,1.0,Toluene,16.891228,15.891227722167969
10,Acetaldehyde,10.0,Ammonia,45.717247,35.717247009277344
10,Toluene,100.0,Ethylene,40.704056,59.29594421386719
10,Acetaldehyde,150.0,Ammonia,284.8821,134.88211059570312
10,Toluene,20.0,Toluene,22.15715,2.1571502685546875
10,Acetaldehyde,50.0,Ammonia,109.4742,59.47419738769531
10,Toluene,40.0,Toluene,22.308731,17.691268920898438
10,Acetaldehyde,200.0,Ammonia,259.26172,59.26171875
10,Toluene,80.0,Toluene,24.640419,55.359580993652344
10,Acetaldehyde,100.0,Ammonia,159.78598,59.785980224609375
10,Toluene,1.0,Toluene,15.346832,14.346832275390625
10,Acetaldehyde,10.0,Acetaldehyde,22.121666,12.121665954589844
10,Toluene,100.0,Ethylene,31.14206,68.85794067382812
10,Acetaldehyde,150.0,Ammonia,198.67758,48.677581787109375
10,Toluene,60.0,Toluene,15.918541,44.081459045410156
10,Acetaldehyde,250.0,Acetone,226.25748,23.742523193359375
10,Toluene,1.0,Toluene,15.164429,14.1644287109375
10,Acetaldehyde,10.0,Acetaldehyde,16.354713,6.354713439941406
10,Toluene,20.0,Toluene,19.034851,0.96514892578125
10,Acetaldehyde,50.0,Ammonia,76.04056,26.040557861328125
10,Toluene,40.0,Toluene,15.939606,24.060394287109375
10,Acetaldehyde,200.0,Acetone,197.18112,2.818878173828125
10,Toluene,80.0,Toluene,18.257668,61.742332458496094
10,Acetaldehyde,100.0,Ammonia,130.01123,30.01123046875
10,Toluene,100.0,Toluene,23.246643,76.75335693359375
10,Acetaldehyde,150.0,Acetone,169.2032,19.203201293945312
10,Toluene,60.0,Toluene,14.524902,45.47509765625
10,Acetaldehyde,250.0,Acetone,222.89487,27.105133056640625
10,Toluene,80.0,Toluene,14.821861,65.17813873291016
10,Acetaldehyde,100.0,Ammonia,119.49345,19.493446350097656
10,Toluene,1.0,Toluene,14.213142,13.213142395019531
10,Acetaldehyde,10.0,Acetaldehyde,15.295776,5.2957763671875
10,Toluene,100.0,Toluene,24.312263,75.68773651123047
10,Acetaldehyde,150.0,Acetone,167.96024,17.960235595703125
10,Toluene,60.0,Toluene,13.459801,46.540199279785156
10,Acetaldehyde,250.0,Acetone,220.30179,29.698211669921875
10,Toluene,20.0,Toluene,17.790962,2.2090377807617188
10,Acetaldehyde,50.0,Ammonia,55.065193,5.065193176269531
10,Toluene,40.0,Toluene,12.418831,27.58116912841797
10,Acetaldehyde,200.0,Acetone,191.74962,8.250381469726562
10,Toluene,20.0,Toluene,20.176971,0.176971435546875
10,Acetaldehyde,50.0,Ammonia,55.035263,5.0352630615234375
10,Toluene,40.0,Toluene,15.312149,24.687850952148438
10,Acetaldehyde,200.0,Acetone,192.06454,7.935455322265625
10,Toluene,80.0,Toluene,19.211678,60.78832244873047
10,Acetaldehyde,100.0,Ammonia,104.21947,4.2194671630859375
10,Toluene,1.0,Toluene,13.362221,12.362220764160156
10,Acetaldehyde,10.0,Acetaldehyde,19.577744,9.577743530273438
10,Toluene,100.0,Toluene,25.786102,74.21389770507812
10,Acetaldehyde,150.0,Acetone,147.49367,2.5063323974609375
10,Toluene,60.0,Toluene,16.627007,43.37299346923828
10,Acetaldehyde,250.0,Acetone,212.72818,37.271820068359375
10,Toluene,60.0,Toluene,17.713203,42.28679656982422
10,Acetaldehyde,250.0,Acetone,213.13986,36.860137939453125
10,Toluene,20.0,Toluene,27.463097,7.463096618652344
10,Acetaldehyde,50.0,Acetaldehyde,57.43724,7.4372406005859375
10,Toluene,40.0,Toluene,22.25338,17.746620178222656
10,Acetaldehyde,200.0,Acetone,186.97421,13.025787353515625
10,Toluene,80.0,Toluene,19.65001,60.34999084472656
10,Acetaldehyde,100.0,Ammonia,100.08437,0.08437347412109375
10,Toluene,1.0,Toluene,15.123741,14.123741149902344
10,Acetaldehyde,10.0,Acetaldehyde,23.873825,13.873825073242188
10,Toluene,100.0,Toluene,30.031967,69.96803283691406
10,Acetaldehyde,150.0,Acetone,147.69055,2.3094482421875
10,Toluene,100.0,Toluene,20.49916,79.50083923339844
10,Acetaldehyde,150.0,Acetone,145.49539,4.504608154296875
10,Toluene,60.0,Toluene,17.816917,42.183082580566406
10,Acetaldehyde,250.0,Acetone,213.49973,36.500274658203125
10,Toluene,1.0,Toluene,16.39164,15.391639709472656
10,Acetaldehyde,10.0,Acetaldehyde,26.976852,16.976852416992188
10,Toluene,20.0,Toluene,26.298164,6.298164367675781
10,Acetaldehyde,50.0,Acetaldehyde,58.62979,8.629791259765625
10,Toluene,40.0,Toluene,20.898186,19.10181427001953
10,Acetaldehyde,200.0,Acetone,184.13988,15.860122680664062
10,Toluene,80.0,Toluene,17.643036,62.356964111328125
10,Acetaldehyde,100.0,Acetaldehyde,90.70624,9.29376220703125
10,Toluene,1.0,Toluene,19.831543,18.83154296875
10,Acetaldehyde,10.0,Acetaldehyde,26.307358,16.307357788085938
10,Toluene,100.0,Toluene,26.47625,73.52375030517578
10,Acetaldehyde,150.0,Acetone,144.12563,5.8743743896484375
10,Toluene,60.0,Toluene,16.69516,43.304840087890625
10,Acetaldehyde,250.0,Acetone,210.34637,39.65362548828125
10,Toluene,20.0,Toluene,26.174461,6.174461364746094
10,Acetaldehyde,50.0,Acetaldehyde,55.831047,5.831047058105469
10,Toluene,40.0,Toluene,21.151047,18.848953247070312
10,Acetaldehyde,200.0,Acetone,185.4835,14.516494750976562
10,Toluene,80.0,Toluene,19.905655,60.09434509277344
10,Acetaldehyde,100.0,Acetone,92.32683,7.6731719970703125
10,Toluene,20.0,Toluene,16.107056,3.8929443359375
10,Acetaldehyde,50.0,Acetaldehyde,46.495598,3.5044021606445312
10,Toluene,40.0,Toluene,7.797142,32.202857971191406
10,Acetaldehyde,200.0,Acetone,184.00145,15.998550415039062
10,Toluene,80.0,Toluene,12.4381485,67.56185150146484
10,Acetaldehyde,100.0,Acetone,90.869064,9.130935668945312
10,Toluene,1.0,Toluene,12.693832,11.693832397460938
10,Acetaldehyde,10.0,Acetaldehyde,15.430458,5.430458068847656
10,Toluene,100.0,Toluene,14.796768,85.20323181152344
10,Acetaldehyde,150.0,Acetone,144.25385,5.74615478515625
10,Toluene,60.0,Toluene,6.498413,53.5015869140625
10,Acetaldehyde,250.0,Acetone,220.504,29.496002197265625
10,Ethylene,10.0,Toluene,18.24826,8.248260498046875
10,Ethanol,50.0,Ethylene,4.7745667,45.225433349609375
10,Ethylene,250.0,Acetone,70.144684,179.85531616210938
10,Ethanol,600.0,Ethanol,455.91946,144.08053588867188
10,Ethylene,150.0,Acetone,36.78041,113.21958923339844
10,Ethanol,1000.0,Ethanol,895.0058,104.99420166015625
10,Ethylene,50.0,Toluene,33.032684,16.967315673828125
10,Ethanol,200.0,Ethanol,106.36042,93.63957977294922
10,Ethylene,100.0,Toluene,29.86808,70.13191986083984
10,Ethanol,800.0,Ethanol,672.9763,127.023681640625
10,Ethylene,200.0,Acetone,56.10974,143.8902587890625
10,Ethanol,400.0,Ethanol,276.06354,123.93646240234375
10,Ethylene,150.0,Acetone,36.22901,113.77098846435547
10,Ethanol,1000.0,Ethanol,902.53094,97.46905517578125
10,Ethylene,50.0,Toluene,33.6483,16.351699829101562
10,Ethanol,200.0,Ethanol,105.7802,94.21980285644531
10,Ethylene,100.0,Toluene,30.489655,69.51034545898438
10,Ethanol,800.0,Ethanol,668.61444,131.38555908203125
10,Ethylene,200.0,Acetone,57.201797,142.79820251464844
10,Ethanol,400.0,Ethanol,285.80518,114.19482421875
10,Ethylene,10.0,Toluene,24.048409,14.048408508300781
10,Ethanol,50.0,Acetaldehyde,7.216095,42.783905029296875
10,Ethylene,250.0,Acetone,75.17146,174.8285369873047
10,Ethanol,600.0,Ethanol,470.25934,129.74066162109375
10,Ethylene,50.0,Toluene,32.642273,17.35772705078125
10,Ethanol,200.0,Ethanol,111.04305,88.95694732666016
10,Ethylene,100.0,Toluene,29.807098,70.19290161132812
10,Ethanol,800.0,Ethanol,663.9816,136.01837158203125
10,Ethylene,200.0,Acetone,60.39782,139.60218048095703
10,Ethanol,400.0,Ethanol,289.48135,110.51864624023438
10,Ethylene,10.0,Toluene,25.62912,15.629119873046875
10,Ethanol,50.0,Acetaldehyde,13.354401,36.645599365234375
10,Ethylene,250.0,Acetone,78.460785,171.53921508789062
10,Ethanol,600.0,Ethanol,479.7341,120.26589965820312
10,Ethylene,150.0,Acetone,39.423225,110.57677459716797
10,Ethanol,1000.0,Ethanol,908.02576,91.9742431640625
10,Ethylene,10.0,Toluene,22.56311,12.5631103515625
10,Ethanol,50.0,Acetaldehyde,13.843002,36.15699768066406
10,Ethylene,50.0,Toluene,30.489136,19.5108642578125
10,Ethanol,200.0,Ethanol,107.40682,92.59317779541016
10,Ethylene,100.0,Toluene,27.349373,72.65062713623047
10,Ethanol,800.0,Ethanol,671.29846,128.7015380859375
10,Ethylene,200.0,Acetone,59.806488,140.19351196289062
10,Ethanol,400.0,Ethanol,298.18692,101.81307983398438
10,Ethylene,250.0,Acetone,79.79686,170.20314025878906
10,Ethanol,600.0,Ethanol,476.601,123.39898681640625
10,Ethylene,150.0,Acetone,53.282555,96.71744537353516
10,Ethanol,1000.0,Ethanol,908.9115,91.0885009765625
10,Ethylene,200.0,Acetone,65.01646,134.9835433959961
10,Ethanol,400.0,Ethanol,284.2918,115.70819091796875
10,Ethylene,10.0,Toluene,29.309624,19.30962371826172
10,Ethanol,50.0,Acetaldehyde,35.602608,14.397392272949219
10,Ethylene,250.0,Acetone,85.17052,164.82948303222656
10,Ethanol,600.0,Ethanol,455.60135,144.39865112304688
10,Ethylene,150.0,Acetone,52.58435,97.4156494140625
10,Ethanol,1000.0,Ethanol,908.59485,91.4051513671875
10,Ethylene,50.0,Toluene,41.695786,8.304214477539062
10,Ethanol,200.0,Ethanol,108.99141,91.00859069824219
10,Ethylene,100.0,Toluene,43.3843,56.615699768066406
10,Ethanol,800.0,Ethanol,675.07764,124.92236328125
10,Ethylene,50.0,Toluene,43.02697,6.973030090332031
10,Ethanol,200.0,Ethanol,109.00392,90.99607849121094
10,Ethylene,100.0,Acetone,42.998817,57.001182556152344
10,Ethanol,800.0,Ethanol,674.4195,125.58050537109375
10,Ethylene,200.0,Acetone,67.36044,132.63955688476562
10,Ethanol,400.0,Ethanol,288.09497,111.905029296875
10,Ethylene,10.0,Toluene,29.588448,19.58844757080078
10,Ethanol,50.0,Acetaldehyde,37.54477,12.455230712890625
10,Ethylene,250.0,Acetone,84.671555,165.3284454345703
10,Ethanol,600.0,Ethanol,477.69394,122.30606079101562
10,Ethylene,150.0,Acetone,52.893135,97.10686492919922
10,Ethanol,1000.0,Ethanol,908.5341,91.46588134765625
10,Ethylene,150.0,Acetone,54.459145,95.54085540771484
10,Ethanol,1000.0,Ethanol,896.0295,103.97052001953125
10,Ethylene,50.0,Toluene,43.769966,6.230033874511719
10,Ethanol,200.0,Ethanol,108.97125,91.02874755859375
10,Ethylene,100.0,Toluene,42.269478,57.73052215576172
10,Ethanol,800.0,Ethanol,663.73267,136.267333984375
10,Ethylene,200.0,Acetone,66.342354,133.65764617919922
10,Ethanol,400.0,Ethanol,292.7721,107.2279052734375
10,Ethylene,10.0,Toluene,27.690598,17.690597534179688
10,Ethanol,50.0,Acetaldehyde,25.98597,24.01403045654297
10,Ethylene,250.0,Acetone,84.10138,165.89862060546875
10,Ethanol,600.0,Ethanol,467.70132,132.29867553710938
10,Ethylene,250.0,Acetone,85.442505,164.5574951171875
10,Ethanol,600.0,Ethanol,481.58588,118.41412353515625
10,Ethylene,150.0,Acetone,54.49553,95.50447082519531
10,Ethanol,1000.0,Ethanol,908.47125,91.52874755859375
10,Ethylene,10.0,Toluene,26.972748,16.972747802734375
10,Ethanol,50.0,Acetaldehyde,26.93557,23.064430236816406
10,Ethylene,50.0,Toluene,39.207832,10.792167663574219
10,Ethanol,200.0,Ethanol,100.856186,99.14381408691406
10,Ethylene,100.0,Toluene,42.583588,57.416412353515625
10,Ethanol,800.0,Ethanol,683.43005,116.5699462890625
10,Ethylene,200.0,Acetone,66.42908,133.5709228515625
10,Ethanol,400.0,Ethanol,289.79358,110.2064208984375
10,Ethylene,10.0,Toluene,25.381378,15.381378173828125
10,Ethanol,50.0,Acetaldehyde,17.908485,32.091514587402344
10,Ethylene,250.0,Acetone,88.61815,161.38185119628906
10,Ethanol,600.0,Ethanol,475.64478,124.355224609375
10,Ethylene,150.0,Acetone,47.15499,102.84500885009766
10,Ethanol,1000.0,Ethanol,908.31177,91.688232421875
10,Ethylene,50.0,Toluene,34.341812,15.658187866210938
10,Ethanol,200.0,Ethanol,110.46955,89.53044891357422
10,Ethylene,100.0,Toluene,33.678726,66.32127380371094
10,Ethanol,800.0,Ethanol,667.37225,132.62774658203125
10,Ethylene,200.0,Acetone,66.155304,133.84469604492188
10,Ethanol,400.0,Ethanol,289.81992,110.18008422851562
10,Ethylene,50.0,Toluene,34.773155,15.226844787597656
10,Ethanol,200.0,Ethanol,113.463425,86.53657531738281
10,Ethylene,100.0,Acetone,33.468918,66.53108215332031
10,Ethanol,800.0,Ethanol,685.47656,114.5234375
10,Ethylene,200.0,Acetone,65.955956,134.0440444946289
10,Ethanol,400.0,Ethanol,292.0848,107.91519165039062
10,Ethylene,10.0,Toluene,24.688019,14.688018798828125
10,Ethanol,50.0,Acetaldehyde,24.724442,25.275558471679688
10,Ethylene,250.0,Acetone,89.676895,160.32310485839844
10,Ethanol,600.0,Ethanol,476.9295,123.07049560546875
10,Ethylene,150.0,Acetone,52.9737,97.02629852294922
10,Ethanol,1000.0,Ethanol,914.6547,85.34527587890625
10,Ethylene,10.0,Toluene,25.402748,15.402748107910156
10,Ethanol,50.0,Acetaldehyde,21.791664,28.208335876464844
10,Ethylene,250.0,Acetone,91.809105,158.1908950805664
10,Ethanol,600.0,Ethanol,479.80157,120.19842529296875
10,Ethylene,150.0,Acetone,47.223732,102.7762680053711
10,Ethanol,1000.0,Ethanol,1055.5128,55.5128173828125
10,Ethylene,50.0,Toluene,35.356865,14.643135070800781
10,Ethanol,200.0,Ethanol,110.832504,89.16749572753906
10,Ethylene,100.0,Toluene,33.86445,66.13555145263672
10,Ethanol,800.0,Ethanol,682.9231,117.076904296875
10,Ethylene,200.0,Acetone,67.470245,132.52975463867188
10,Ethanol,400.0,Ethanol,295.46915,104.53085327148438
10,Ethylene,150.0,Acetone,46.358322,103.64167785644531
10,Ethanol,1000.0,Ethanol,907.3621,92.63787841796875
10,Ethylene,50.0,Toluene,36.04946,13.950538635253906
10,Ethanol,200.0,Ethanol,107.257454,92.74254608154297
10,Ethylene,100.0,Toluene,31.144356,68.85564422607422
10,Ethanol,800.0,Ethanol,684.2075,115.79248046875
10,Ethylene,200.0,Acetone,68.67996,131.32003784179688
10,Ethanol,400.0,Ethanol,293.75974,106.24026489257812
10,Ethylene,10.0,Toluene,25.836212,15.836212158203125
10,Ethanol,50.0,Acetaldehyde,23.631294,26.36870574951172
10,Ethylene,250.0,Acetone,91.097466,158.90253448486328
10,Ethanol,600.0,Ethanol,475.9308,124.0692138671875
10,Ethylene,50.0,Toluene,29.891876,20.108123779296875
10,Ethanol,200.0,Ethanol,108.81329,91.18670654296875
10,Ethylene,100.0,Acetone,24.946022,75.0539779663086
10,Ethanol,800.0,Ethanol,688.89246,111.1075439453125
10,Ethylene,200.0,Acetone,61.812042,138.18795776367188
10,Ethanol,400.0,Ethanol,301.22986,98.7701416015625
10,Ethylene,10.0,Toluene,24.959839,14.9598388671875
10,Ethanol,50.0,Acetaldehyde,19.849983,30.15001678466797
10,Ethylene,250.0,Acetone,88.45404,161.54595947265625
10,Ethanol,600.0,Ethanol,480.37372,119.62628173828125
10,Ethylene,150.0,Acetone,42.603775,107.39622497558594
10,Ethanol,1000.0,Ethanol,919.8895,80.1104736328125
10,Ethylene,10.0,Toluene,23.979973,13.979972839355469
10,Ethanol,50.0,Acetaldehyde,20.356018,29.64398193359375
10,Ethylene,50.0,Toluene,26.946167,23.0538330078125
10,Ethanol,200.0,Ethanol,116.152084,83.84791564941406
10,Ethylene,100.0,Acetone,25.966858,74.03314208984375
10,Ethanol,800.0,Ethanol,684.25476,115.7452392578125
10,Ethylene,200.0,Acetone,62.65638,137.34362030029297
10,Ethanol,400.0,Ethanol,301.5684,98.43161010742188
10,Ethylene,250.0,Acetone,81.387985,168.6120147705078
10,Ethanol,600.0,Ethanol,486.03323,113.96676635742188
10,Ethylene,150.0,Acetone,41.62258,108.3774185180664
10,Ethanol,1000.0,Ethanol,904.22424,95.7757568359375
10,Ethylene,200.0,Acetone,61.803635,138.1963653564453
10,Ethanol,400.0,Ethanol,297.0756,102.92440795898438
10,Ethylene,10.0,Toluene,24.05452,14.054519653320312
10,Ethanol,50.0,Acetaldehyde,22.534119,27.46588134765625
10,Ethylene,250.0,Acetone,85.642235,164.3577651977539
10,Ethanol,600.0,Ethanol,484.08646,115.91354370117188
10,Ethylene,150.0,Acetone,40.196243,109.80375671386719
10,Ethanol,1000.0,Ethanol,925.31995,74.6800537109375
10,Ethylene,50.0,Toluene,30.113617,19.886383056640625
10,Ethanol,200.0,Ethanol,120.64456,79.35543823242188
10,Ethylene,100.0,Toluene,25.35659,74.6434097290039
10,Ethanol,800.0,Ethanol,689.5694,110.43060302734375
10,Ethylene,50.0,Toluene,33.90822,16.091781616210938
10,Ethanol,200.0,Ethanol,115.51738,84.48262023925781
10,Ethylene,100.0,Toluene,28.724144,71.2758560180664
10,Ethanol,800.0,Ethanol,707.57513,92.42486572265625
10,Ethylene,200.0,Acetone,61.72966,138.2703399658203
10,Ethanol,400.0,Ethanol,312.51727,87.48272705078125
10,Ethylene,10.0,Toluene,23.215866,13.215866088867188
10,Ethanol,50.0,Acetaldehyde,21.74253,28.257469177246094
10,Ethylene,250.0,Acetone,77.77591,172.22409057617188
10,Ethanol,600.0,Ethanol,510.49875,89.50125122070312
10,Ethylene,150.0,Acetone,41.499878,108.5001220703125
10,Ethanol,1000.0,Ethanol,980.11,19.8900146484375
10,Ethylene,150.0,Acetone,42.389305,107.6106948852539
10,Ethanol,1000.0,Ethanol,990.7581,9.24188232421875
10,Ethylene,50.0,Toluene,36.46962,13.530380249023438
10,Ethanol,200.0,Ethanol,125.46754,74.53246307373047
10,Ethylene,100.0,Toluene,33.306664,66.6933364868164
10,Ethanol,800.0,Ethanol,742.8172,57.18280029296875
10,Ethylene,200.0,Acetone,60.774704,139.2252960205078
10,Ethanol,400.0,Ethanol,309.17154,90.82846069335938
10,Ethylene,10.0,Toluene,25.403671,15.403671264648438
10,Ethanol,50.0,Acetaldehyde,11.871353,38.12864685058594
10,Ethylene,250.0,Acetone,79.74075,170.25924682617188
10,Ethanol,600.0,Ethanol,503.69556,96.304443359375
10,Ethylene,250.0,Acetone,75.82977,174.17022705078125
10,Ethanol,600.0,Ethanol,498.26044,101.73956298828125
10,Ethylene,150.0,Acetone,42.361748,107.63825225830078
10,Ethanol,1000.0,Ethanol,981.743,18.25701904296875
10,Ethylene,10.0,Toluene,23.651245,13.6512451171875
10,Ethanol,50.0,Acetaldehyde,14.687996,35.31200408935547
10,Ethylene,50.0,Toluene,34.421967,15.578033447265625
10,Ethanol,200.0,Ethanol,122.518524,77.48147583007812
10,Ethylene,100.0,Toluene,31.293938,68.70606231689453
10,Ethanol,800.0,Ethanol,735.0029,64.9970703125
10,Ethylene,200.0,Acetone,59.55146,140.44853973388672
10,Ethanol,400.0,Ethanol,297.4619,102.5380859375
10,Ethylene,10.0,Toluene,24.203804,14.203804016113281
10,Ethanol,50.0,Acetaldehyde,15.459938,34.540061950683594
10,Ethylene,250.0,Acetone,78.17314,171.8268585205078
10,Ethanol,600.0,Ethanol,490.6583,109.34170532226562
10,Ethylene,150.0,Acetone,41.489433,108.51056671142578
10,Ethanol,1000.0,Ethanol,978.4292,21.57080078125
10,Ethylene,50.0,Toluene,36.32498,13.675018310546875
10,Ethanol,200.0,Ethanol,112.7823,87.21769714355469
10,Ethylene,100.0,Toluene,32.090553,67.9094467163086
10,Ethanol,800.0,Ethanol,728.86975,71.1302490234375
10,Ethylene,200.0,Acetone,60.597122,139.4028778076172
10,Ethanol,400.0,Ethanol,293.81805,106.18194580078125
10,Ethylene,50.0,Toluene,34.649223,15.350776672363281
10,Ethanol,200.0,Ethanol,116.76894,83.2310562133789
10,Ethylene,100.0,Toluene,32.51541,67.48458862304688
10,Ethanol,800.0,Ethanol,730.8913,69.10870361328125
10,Ethylene,200.0,Acetone,58.25815,141.74185180664062
10,Ethanol,400.0,Ethanol,287.44217,112.55783081054688
10,Ethylene,10.0,Toluene,23.871895,13.871894836425781
10,Ethanol,50.0,Acetaldehyde,13.283379,36.71662139892578
10,Ethylene,250.0,Acetone,76.64365,173.35635375976562
10,Ethanol,600.0,Ethanol,481.17883,118.8211669921875
10,Ethylene,150.0,Acetone,45.491035,104.50896453857422
10,Ethanol,1000.0,Ethanol,960.643,39.35699462890625
10,Toluene,1.0,Toluene,10.305504,9.305503845214844
10,Acetaldehyde,10.0,Acetaldehyde,18.869888,8.869888305664062
10,Toluene,100.0,Acetone,61.825356,38.174644470214844
10,Acetaldehyde,150.0,Ethanol,316.07303,166.07302856445312
10,Toluene,60.0,Toluene,21.752357,38.247642517089844
10,Acetaldehyde,250.0,Acetaldehyde,271.8864,21.88641357421875
10,Toluene,20.0,Toluene,17.158127,2.8418731689453125
10,Acetaldehyde,50.0,Acetaldehyde,29.33503,20.66497039794922
10,Toluene,40.0,Toluene,14.901039,25.098960876464844
10,Acetaldehyde,200.0,Acetaldehyde,171.32253,28.677474975585938
10,Toluene,80.0,Ethylene,30.834251,49.165748596191406
10,Acetaldehyde,100.0,Acetaldehyde,65.683846,34.31615447998047
10,Toluene,60.0,Toluene,14.97831,45.021690368652344
10,Acetaldehyde,250.0,Acetaldehyde,208.3728,41.627197265625
10,Toluene,20.0,Toluene,16.64106,3.3589401245117188
10,Acetaldehyde,50.0,Acetaldehyde,31.673111,18.326889038085938
10,Toluene,40.0,Toluene,13.908188,26.091812133789062
10,Acetaldehyde,200.0,Acetaldehyde,181.93982,18.0601806640625
10,Toluene,80.0,Toluene,25.755127,54.244873046875
10,Acetaldehyde,100.0,Acetaldehyde,94.593124,5.4068756103515625
10,Toluene,1.0,Toluene,14.8990555,13.899055480957031
10,Acetaldehyde,10.0,Acetaldehyde,12.23761,2.23760986328125
10,Toluene,100.0,Ethylene,34.66004,65.33995819091797
10,Acetaldehyde,150.0,Acetaldehyde,138.63092,11.36907958984375
10,Toluene,20.0,Toluene,15.576363,4.423637390136719
10,Acetaldehyde,50.0,Acetaldehyde,34.790665,15.209335327148438
10,Toluene,40.0,Toluene,14.4676285,25.532371520996094
10,Acetaldehyde,200.0,Acetaldehyde,164.55798,35.4420166015625
10,Toluene,80.0,Toluene,21.28225,58.717750549316406
10,Acetaldehyde,100.0,Acetaldehyde,72.05075,27.949249267578125
10,Toluene,1.0,Toluene,14.474541,13.474540710449219
10,Acetaldehyde,10.0,Acetaldehyde,9.154015,0.8459854125976562
10,Toluene,100.0,Toluene,28.251373,71.74862670898438
10,Acetaldehyde,150.0,Acetaldehyde,119.11719,30.8828125
10,Toluene,60.0,Toluene,13.211052,46.78894805908203
10,Acetaldehyde,250.0,Acetaldehyde,195.40915,54.590850830078125
10,Toluene,1.0,Toluene,14.151123,13.151123046875
10,Acetaldehyde,10.0,Acetaldehyde,10.625801,0.6258010864257812
10,Toluene,20.0,Toluene,15.661392,4.3386077880859375
10,Acetaldehyde,50.0,Acetaldehyde,29.848534,20.151466369628906
10,Toluene,40.0,Toluene,13.2929535,26.707046508789062
10,Acetaldehyde,200.0,Acetaldehyde,155.58612,44.41387939453125
10,Toluene,80.0,Toluene,19.883896,60.11610412597656
10,Acetaldehyde,100.0,Acetaldehyde,67.58397,32.41603088378906
10,Toluene,100.0,Toluene,21.758598,78.24140167236328
10,Acetaldehyde,150.0,Acetaldehyde,114.26156,35.738441467285156
10,Toluene,60.0,Toluene,13.079941,46.92005920410156
10,Acetaldehyde,250.0,Acetaldehyde,196.62997,53.370025634765625
10,Toluene,80.0,Toluene,15.691437,64.30856323242188
10,Acetaldehyde,100.0,Acetaldehyde,68.47267,31.527328491210938
10,Toluene,1.0,Toluene,15.104233,14.104232788085938
10,Acetaldehyde,10.0,Acetaldehyde,6.8395615,3.1604385375976562
10,Toluene,100.0,Toluene,23.549858,76.45014190673828
10,Acetaldehyde,150.0,Acetaldehyde,121.15965,28.840347290039062
10,Toluene,60.0,Toluene,14.092506,45.907493591308594
10,Acetaldehyde,250.0,Acetaldehyde,198.5295,51.47050476074219
10,Toluene,20.0,Toluene,17.541252,2.4587478637695312
10,Acetaldehyde,50.0,Acetaldehyde,30.104988,19.89501190185547
10,Toluene,40.0,Toluene,15.37722,24.622779846191406
10,Acetaldehyde,200.0,Acetaldehyde,162.78279,37.21720886230469
10,Toluene,20.0,Toluene,20.379265,0.37926483154296875
10,Acetaldehyde,50.0,Acetaldehyde,35.14171,14.858291625976562
10,Toluene,40.0,Toluene,22.948792,17.05120849609375
10,Acetaldehyde,200.0,Acetaldehyde,166.27556,33.72444152832031
10,Toluene,80.0,Toluene,24.179543,55.820457458496094
10,Acetaldehyde,100.0,Acetaldehyde,67.896286,32.10371398925781
10,Toluene,1.0,Toluene,16.066872,15.066871643066406
10,Acetaldehyde,10.0,Acetaldehyde,9.118393,0.8816070556640625
10,Toluene,100.0,Toluene,32.02661,67.973388671875
10,Acetaldehyde,150.0,Acetaldehyde,123.59401,26.405990600585938
10,Toluene,60.0,Toluene,25.049652,34.950347900390625
10,Acetaldehyde,250.0,Acetaldehyde,203.49478,46.505218505859375
10,Toluene,60.0,Toluene,25.908775,34.091224670410156
10,Acetaldehyde,250.0,Acetaldehyde,205.40057,44.59942626953125
10,Toluene,20.0,Toluene,23.944565,3.9445648193359375
10,Acetaldehyde,50.0,Acetaldehyde,39.22277,10.777229309082031
10,Toluene,40.0,Toluene,26.412369,13.587631225585938
10,Acetaldehyde,200.0,Acetaldehyde,165.14093,34.85906982421875
10,Toluene,80.0,Toluene,28.127556,51.87244415283203
10,Acetaldehyde,100.0,Acetaldehyde,73.198746,26.801254272460938
10,Toluene,1.0,Toluene,16.90522,15.905220031738281
10,Acetaldehyde,10.0,Acetaldehyde,16.276428,6.27642822265625
10,Toluene,100.0,Toluene,33.519753,66.4802474975586
10,Acetaldehyde,150.0,Acetaldehyde,122.62067,27.37933349609375
10,Toluene,100.0,Toluene,30.07557,69.92443084716797
10,Acetaldehyde,150.0,Acetaldehyde,124.51214,25.48786163330078
10,Toluene,60.0,Toluene,24.496971,35.503028869628906
10,Acetaldehyde,250.0,Acetaldehyde,207.71045,42.28955078125
10,Toluene,1.0,Toluene,15.766975,14.766975402832031
10,Acetaldehyde,10.0,Acetaldehyde,6.954933,3.0450668334960938
10,Toluene,20.0,Toluene,20.021194,0.0211944580078125
10,Acetaldehyde,50.0,Acetaldehyde,33.133034,16.866966247558594
10,Toluene,40.0,Toluene,20.212578,19.78742218017578
10,Acetaldehyde,200.0,Acetaldehyde,159.42026,40.579742431640625
10,Toluene,80.0,Toluene,22.892792,57.107208251953125
10,Acetaldehyde,100.0,Acetaldehyde,67.45719,32.542808532714844
10,Toluene,1.0,Toluene,15.930977,14.930976867675781
10,Acetaldehyde,10.0,Acetaldehyde,12.151115,2.1511154174804688
10,Toluene,100.0,Toluene,28.996819,71.00318145751953
10,Acetaldehyde,150.0,Acetaldehyde,123.887245,26.112754821777344
10,Toluene,60.0,Toluene,26.676857,33.323143005371094
10,Acetaldehyde,250.0,Acetaldehyde,205.8894,44.110595703125
10,Toluene,20.0,Toluene,25.179558,5.179557800292969
10,Acetaldehyde,50.0,Acetaldehyde,39.87893,10.121070861816406
10,Toluene,40.0,Toluene,18.001831,21.9981689453125
10,Acetaldehyde,200.0,Acetaldehyde,162.0885,37.9114990234375
10,Toluene,80.0,Toluene,15.848473,64.15152740478516
10,Acetaldehyde,100.0,Acetaldehyde,68.66479,31.33521270751953
10,Toluene,20.0,Toluene,19.137047,0.8629531860351562
10,Acetaldehyde,50.0,Acetaldehyde,41.562347,8.437652587890625
10,Toluene,40.0,Toluene,20.936798,19.063201904296875
10,Acetaldehyde,200.0,Acetaldehyde,155.01859,44.981414794921875
10,Toluene,80.0,Toluene,23.000671,56.99932861328125
10,Acetaldehyde,100.0,Acetaldehyde,69.03764,30.962356567382812
10,Toluene,1.0,Toluene,13.678833,12.6788330078125
10,Acetaldehyde,10.0,Acetaldehyde,6.1900635,3.8099365234375
10,Toluene,100.0,Toluene,15.596695,84.40330505371094
10,Acetaldehyde,150.0,Acetaldehyde,115.38606,34.61393737792969
10,Toluene,60.0,Toluene,8.341782,51.65821838378906
10,Acetaldehyde,250.0,Acetaldehyde,201.10075,48.89924621582031
10,Toluene,1.0,Toluene,12.349571,11.349571228027344
10,Acetaldehyde,10.0,Acetaldehyde,3.9395905,6.0604095458984375
10,Toluene,100.0,Toluene,18.914398,81.08560180664062
10,Acetaldehyde,150.0,Acetaldehyde,111.98067,38.01933288574219
10,Toluene,60.0,Toluene,9.614113,50.385887145996094
10,Acetaldehyde,250.0,Acetaldehyde,193.60541,56.39459228515625
10,Toluene,20.0,Toluene,15.352715,4.647285461425781
10,Acetaldehyde,50.0,Acetaldehyde,32.156815,17.843185424804688
10,Toluene,40.0,Toluene,10.071144,29.928855895996094
10,Acetaldehyde,200.0,Acetaldehyde,149.76556,50.23443603515625
10,Toluene,80.0,Toluene,13.384468,66.61553192138672
10,Acetaldehyde,100.0,Acetaldehyde,68.105995,31.894004821777344
10,Toluene,60.0,Toluene,8.666809,51.33319091796875
10,Acetaldehyde,250.0,Acetaldehyde,190.92984,59.070159912109375
10,Toluene,20.0,Toluene,14.101425,5.8985748291015625
10,Acetaldehyde,50.0,Acetaldehyde,34.342865,15.657135009765625
10,Toluene,40.0,Toluene,11.138435,28.86156463623047
10,Acetaldehyde,200.0,Acetaldehyde,154.83017,45.169830322265625
10,Toluene,80.0,Toluene,13.219986,66.78001403808594
10,Acetaldehyde,100.0,Acetaldehyde,70.56576,29.434242248535156
10,Toluene,1.0,Toluene,13.370644,12.370643615722656
10,Acetaldehyde,10.0,Acetaldehyde,7.2542267,2.7457733154296875
10,Toluene,100.0,Toluene,19.102936,80.89706420898438
10,Acetaldehyde,150.0,Acetaldehyde,110.716995,39.28300476074219
10,Toluene,20.0,Toluene,15.691193,4.308807373046875
10,Acetaldehyde,50.0,Acetaldehyde,35.071365,14.928634643554688
10,Toluene,40.0,Toluene,13.075775,26.924224853515625
10,Acetaldehyde,200.0,Acetaldehyde,153.74397,46.25602722167969
10,Toluene,80.0,Toluene,13.248901,66.7510986328125
10,Acetaldehyde,100.0,Acetaldehyde,65.7182,34.28179931640625
10,Toluene,1.0,Toluene,12.737793,11.73779296875
10,Acetaldehyde,10.0,Acetaldehyde,5.616867,4.3831329345703125
10,Toluene,100.0,Toluene,17.286217,82.71378326416016
10,Acetaldehyde,150.0,Acetaldehyde,109.22068,40.779319763183594
10,Toluene,60.0,Toluene,9.1703415,50.82965850830078
10,Acetaldehyde,250.0,Acetaldehyde,190.70068,59.29931640625
10,Toluene,1.0,Toluene,12.836197,11.836196899414062
10,Acetaldehyde,10.0,Acetaldehyde,7.115242,2.8847579956054688
10,Toluene,20.0,Toluene,15.519333,4.4806671142578125
10,Acetaldehyde,50.0,Acetaldehyde,35.701553,14.298446655273438
10,Toluene,40.0,Toluene,11.022987,28.977012634277344
10,Acetaldehyde,200.0,Acetaldehyde,150.48311,49.51689147949219
10,Toluene,80.0,Toluene,14.892227,65.10777282714844
10,Acetaldehyde,100.0,Acetaldehyde,65.636154,34.36384582519531
10,Toluene,100.0,Toluene,19.139687,80.86031341552734
10,Acetaldehyde,150.0,Acetaldehyde,111.54443,38.45556640625
10,Toluene,60.0,Toluene,9.282593,50.7174072265625
10,Acetaldehyde,250.0,Acetaldehyde,198.77121,51.228790283203125
10,Toluene,80.0,Toluene,11.8498535,68.150146484375
10,Acetaldehyde,100.0,Acetaldehyde,68.18053,31.819473266601562
10,Toluene,1.0,Toluene,14.008774,13.008773803710938
10,Acetaldehyde,10.0,Acetaldehyde,7.4237366,2.576263427734375
10,Toluene,100.0,Toluene,19.74604,80.25395965576172
10,Acetaldehyde,150.0,Acetaldehyde,111.92969,38.0703125
10,Toluene,60.0,Toluene,10.795708,49.20429229736328
10,Acetaldehyde,250.0,Acetaldehyde,195.65918,54.3408203125
10,Toluene,20.0,Toluene,16.21672,3.7832794189453125
10,Acetaldehyde,50.0,Acetaldehyde,34.897194,15.102806091308594
10,Toluene,40.0,Toluene,12.422867,27.577133178710938
10,Acetaldehyde,200.0,Acetaldehyde,157.06685,42.93315124511719
10,Toluene,20.0,Toluene,17.309517,2.6904830932617188
10,Acetaldehyde,50.0,Acetaldehyde,39.92839,10.071609497070312
10,Toluene,40.0,Toluene,19.6726,20.32740020751953
10,Acetaldehyde,200.0,Acetaldehyde,154.4486,45.55140686035156
10,Toluene,80.0,Toluene,13.523712,66.47628784179688
10,Acetaldehyde,100.0,Acetaldehyde,66.03708,33.962921142578125
10,Toluene,1.0,Toluene,14.794472,13.794471740722656
10,Acetaldehyde,10.0,Acetaldehyde,12.6165085,2.6165084838867188
10,Toluene,100.0,Toluene,28.391823,71.6081771850586
10,Acetaldehyde,150.0,Acetaldehyde,115.33091,34.669090270996094
10,Toluene,60.0,Toluene,9.810852,50.18914794921875
10,Acetaldehyde,250.0,Acetaldehyde,189.1091,60.890899658203125
10,Toluene,60.0,Toluene,10.008713,49.99128723144531
10,Acetaldehyde,250.0,Acetaldehyde,194.75047,55.24952697753906
10,Toluene,20.0,Toluene,15.9646225,4.035377502441406
10,Acetaldehyde,50.0,Acetaldehyde,33.881714,16.1182861328125
10,Toluene,40.0,Toluene,11.667297,28.33270263671875
10,Acetaldehyde,200.0,Acetaldehyde,161.6402,38.35980224609375
10,Toluene,80.0,Toluene,22.746216,57.2537841796875
10,Acetaldehyde,100.0,Acetaldehyde,67.323135,32.67686462402344
10,Toluene,1.0,Toluene,15.146225,14.146224975585938
10,Acetaldehyde,10.0,Acetaldehyde,7.0099564,2.9900436401367188
10,Toluene,100.0,Toluene,17.797577,82.20242309570312
10,Acetaldehyde,150.0,Acetaldehyde,115.22641,34.773590087890625
10,Toluene,100.0,Toluene,17.036194,82.96380615234375
10,Acetaldehyde,150.0,Acetaldehyde,109.65158,40.348419189453125
10,Toluene,60.0,Toluene,11.4292755,48.57072448730469
10,Acetaldehyde,250.0,Acetaldehyde,197.26071,52.739288330078125
10,Toluene,1.0,Toluene,14.040451,13.040451049804688
10,Acetaldehyde,10.0,Acetaldehyde,5.6096954,4.3903045654296875
10,Toluene,20.0,Toluene,15.516159,4.4838409423828125
10,Acetaldehyde,50.0,Acetaldehyde,34.65834,15.341659545898438
10,Toluene,40.0,Toluene,14.296272,25.70372772216797
10,Acetaldehyde,200.0,Acetaldehyde,153.96646,46.033538818359375
10,Toluene,80.0,Toluene,14.441208,65.55879211425781
10,Acetaldehyde,100.0,Acetaldehyde,66.770706,33.22929382324219
10,Toluene,1.0,Toluene,13.524719,12.52471923828125
10,Acetaldehyde,10.0,Acetaldehyde,7.232071,2.7679290771484375
10,Toluene,100.0,Toluene,19.320038,80.67996215820312
10,Acetaldehyde,150.0,Acetaldehyde,111.87551,38.124488830566406
10,Toluene,60.0,Toluene,12.991531,47.00846862792969
10,Acetaldehyde,250.0,Acetaldehyde,191.34511,58.65489196777344
10,Toluene,20.0,Toluene,16.34124,3.6587600708007812
10,Acetaldehyde,50.0,Acetaldehyde,36.25531,13.74468994140625
10,Toluene,40.0,Toluene,12.761154,27.238845825195312
10,Acetaldehyde,200.0,Acetaldehyde,152.81699,47.183013916015625
10,Toluene,80.0,Toluene,12.870064,67.12993621826172
10,Acetaldehyde,100.0,Acetaldehyde,67.25742,32.742576599121094
10,Toluene,20.0,Toluene,17.022919,2.977081298828125
10,Acetaldehyde,50.0,Acetaldehyde,32.47625,17.52375030517578
10,Toluene,40.0,Toluene,16.325653,23.674346923828125
10,Acetaldehyde,200.0,Acetaldehyde,155.16298,44.83702087402344
10,Toluene,80.0,Toluene,16.952888,63.04711151123047
10,Acetaldehyde,100.0,Acetaldehyde,68.90171,31.098289489746094
10,Toluene,1.0,Toluene,14.543961,13.543960571289062
10,Acetaldehyde,10.0,Acetaldehyde,5.3168488,4.6831512451171875
10,Toluene,100.0,Toluene,16.534782,83.46521759033203
10,Acetaldehyde,150.0,Acetaldehyde,109.74625,40.253753662109375
10,Toluene,60.0,Toluene,14.567314,45.43268585205078
10,Acetaldehyde,250.0,Acetaldehyde,191.39731,58.602691650390625
10,Toluene,1.0,Toluene,14.213715,13.213714599609375
10,Acetaldehyde,10.0,Acetaldehyde,10.945839,0.9458389282226562
10,Toluene,100.0,Ethylene,51.136353,48.8636474609375
10,Acetaldehyde,150.0,Acetaldehyde,134.29355,15.706451416015625
10,Toluene,60.0,Toluene,16.10154,43.898460388183594
10,Acetaldehyde,250.0,Acetaldehyde,197.67517,52.3248291015625
10,Toluene,20.0,Toluene,18.841286,1.1587142944335938
10,Acetaldehyde,50.0,Acetaldehyde,36.309357,13.690643310546875
10,Toluene,40.0,Toluene,17.647606,22.352394104003906
10,Acetaldehyde,200.0,Acetaldehyde,160.03287,39.967132568359375
10,Toluene,80.0,Toluene,23.918594,56.08140563964844
10,Acetaldehyde,100.0,Acetaldehyde,73.19883,26.801170349121094
10,Toluene,60.0,Toluene,16.58171,43.41828918457031
10,Acetaldehyde,250.0,Acetaldehyde,198.91272,51.0872802734375
10,Toluene,20.0,Toluene,18.096436,1.903564453125
10,Acetaldehyde,50.0,Acetaldehyde,40.77848,9.221519470214844
10,Toluene,40.0,Toluene,18.119545,21.880455017089844
10,Acetaldehyde,200.0,Acetaldehyde,157.19685,42.80314636230469
10,Toluene,80.0,Toluene,26.101654,53.898345947265625
10,Acetaldehyde,100.0,Acetaldehyde,79.81291,20.187088012695312
10,Toluene,1.0,Toluene,13.499237,12.499237060546875
10,Acetaldehyde,10.0,Acetaldehyde,8.104668,1.8953323364257812
10,Toluene,100.0,Toluene,30.22528,69.77471923828125
10,Acetaldehyde,150.0,Acetaldehyde,125.5868,24.41320037841797
10,Toluene,20.0,Toluene,17.718292,2.281707763671875
10,Acetaldehyde,50.0,Acetaldehyde,43.215813,6.784187316894531
10,Toluene,40.0,Toluene,20.215141,19.78485870361328
10,Acetaldehyde,200.0,Acetaldehyde,168.06874,31.931259155273438
10,Toluene,80.0,Toluene,23.218132,56.78186798095703
10,Acetaldehyde,100.0,Acetaldehyde,78.63985,21.360153198242188
10,Toluene,1.0,Toluene,15.275299,14.275299072265625
10,Acetaldehyde,10.0,Acetaldehyde,4.6325684,5.367431640625
10,Toluene,100.0,Toluene,28.664612,71.33538818359375
10,Acetaldehyde,150.0,Acetaldehyde,118.421295,31.578704833984375
10,Toluene,60.0,Toluene,23.028458,36.97154235839844
10,Acetaldehyde,250.0,Acetaldehyde,195.49084,54.5091552734375
10,Toluene,1.0,Toluene,16.515137,15.51513671875
10,Acetaldehyde,10.0,Acetaldehyde,6.1464386,3.8535614013671875
10,Toluene,20.0,Toluene,18.177681,1.8223190307617188
10,Acetaldehyde,50.0,Acetaldehyde,41.70601,8.293991088867188
10,Toluene,40.0,Toluene,18.321564,21.678436279296875
10,Acetaldehyde,200.0,Acetaldehyde,162.24918,37.750823974609375
10,Toluene,80.0,Toluene,22.083878,57.91612243652344
10,Acetaldehyde,100.0,Acetaldehyde,74.539444,25.460556030273438
10,Toluene,100.0,Toluene,24.728714,75.27128601074219
10,Acetaldehyde,150.0,Acetaldehyde,120.87,29.12999725341797
10,Toluene,60.0,Toluene,23.425926,36.574073791503906
10,Acetaldehyde,250.0,Acetaldehyde,206.56546,43.434539794921875
10,Toluene,80.0,Toluene,24.707542,55.292457580566406
10,Acetaldehyde,100.0,Acetaldehyde,76.46532,23.534683227539062
10,Toluene,1.0,Toluene,16.692146,15.692146301269531
10,Acetaldehyde,10.0,Acetaldehyde,5.560051,4.439949035644531
10,Toluene,100.0,Toluene,26.095634,73.90436553955078
10,Acetaldehyde,150.0,Acetaldehyde,122.47062,27.529380798339844
10,Toluene,60.0,Toluene,15.126358,44.87364196777344
10,Acetaldehyde,250.0,Acetaldehyde,199.1948,50.805206298828125
10,Toluene,20.0,Toluene,16.617966,3.3820343017578125
10,Acetaldehyde,50.0,Acetaldehyde,40.016235,9.9837646484375
10,Toluene,40.0,Toluene,17.461967,22.53803253173828
10,Acetaldehyde,200.0,Acetaldehyde,164.00029,35.99971008300781
10,Toluene,20.0,Toluene,16.686577,3.3134231567382812
10,Acetaldehyde,50.0,Acetaldehyde,38.82303,11.176971435546875
10,Toluene,40.0,Toluene,17.05986,22.940139770507812
10,Acetaldehyde,200.0,Acetaldehyde,164.0181,35.981903076171875
10,Toluene,80.0,Toluene,20.657883,59.34211730957031
10,Acetaldehyde,100.0,Acetaldehyde,70.420044,29.5799560546875
10,Toluene,1.0,Toluene,15.873177,14.873176574707031
10,Acetaldehyde,10.0,Acetaldehyde,7.440567,2.5594329833984375
10,Toluene,100.0,Toluene,24.492584,75.50741577148438
10,Acetaldehyde,150.0,Acetaldehyde,115.83318,34.16681671142578
10,Toluene,60.0,Toluene,22.277237,37.72276306152344
10,Acetaldehyde,250.0,Acetaldehyde,199.83713,50.162872314453125
10,Toluene,60.0,Toluene,24.134651,35.86534881591797
10,Acetaldehyde,250.0,Acetaldehyde,207.13974,42.860260009765625
10,Toluene,20.0,Toluene,16.132599,3.867401123046875
10,Acetaldehyde,50.0,Acetaldehyde,38.359825,11.640174865722656
10,Toluene,40.0,Toluene,15.252708,24.747291564941406
10,Acetaldehyde,200.0,Acetaldehyde,155.18977,44.81022644042969
10,Toluene,80.0,Toluene,16.587837,63.41216278076172
10,Acetaldehyde,100.0,Acetaldehyde,70.688,29.311996459960938
10,Toluene,1.0,Toluene,15.918167,14.918167114257812
10,Acetaldehyde,10.0,Acetaldehyde,5.463829,4.536170959472656
10,Toluene,100.0,Toluene,20.752388,79.24761199951172
10,Acetaldehyde,150.0,Acetaldehyde,119.481575,30.51842498779297
10,Toluene,100.0,Toluene,19.30635,80.69364929199219
10,Acetaldehyde,150.0,Acetaldehyde,110.22342,39.776580810546875
10,Toluene,60.0,Toluene,14.507263,45.49273681640625
10,Acetaldehyde,250.0,Acetaldehyde,208.13567,41.86433410644531
10,Toluene,1.0,Toluene,15.929764,14.929763793945312
10,Acetaldehyde,10.0,Acetaldehyde,7.749977,2.2500228881835938
10,Toluene,20.0,Toluene,17.60402,2.3959808349609375
10,Acetaldehyde,50.0,Acetaldehyde,43.04077,6.959228515625
10,Toluene,40.0,Toluene,16.457176,23.542823791503906
10,Acetaldehyde,200.0,Acetaldehyde,156.9478,43.05220031738281
10,Toluene,80.0,Toluene,20.609055,59.39094543457031
10,Acetaldehyde,100.0,Acetaldehyde,72.66919,27.330810546875
10,Toluene,1.0,Toluene,14.937843,13.937843322753906
10,Acetaldehyde,10.0,Acetaldehyde,6.7202682,3.2797317504882812
10,Toluene,100.0,Toluene,26.54963,73.45037078857422
10,Acetaldehyde,150.0,Acetaldehyde,120.21496,29.78504180908203
10,Toluene,60.0,Toluene,16.471848,43.52815246582031
10,Acetaldehyde,250.0,Acetaldehyde,200.65166,49.34834289550781
10,Toluene,20.0,Toluene,17.471924,2.528076171875
10,Acetaldehyde,50.0,Acetaldehyde,43.849556,6.150444030761719
10,Toluene,40.0,Toluene,19.13198,20.868019104003906
10,Acetaldehyde,200.0,Acetaldehyde,164.69946,35.300537109375
10,Toluene,80.0,Toluene,17.93789,62.062110900878906
10,Acetaldehyde,100.0,Acetaldehyde,69.059555,30.940444946289062
10,Toluene,20.0,Toluene,17.874054,2.125946044921875
10,Acetaldehyde,50.0,Acetaldehyde,43.15664,6.843360900878906
10,Toluene,40.0,Toluene,18.961418,21.03858184814453
10,Acetaldehyde,200.0,Acetaldehyde,154.74731,45.252685546875
10,Toluene,80.0,Toluene,17.845337,62.1546630859375
10,Acetaldehyde,100.0,Acetaldehyde,72.043724,27.956275939941406
10,Toluene,1.0,Toluene,14.779152,13.779151916503906
10,Acetaldehyde,10.0,Acetaldehyde,6.8133698,3.1866302490234375
10,Toluene,100.0,Toluene,21.168945,78.8310546875
10,Acetaldehyde,150.0,Acetaldehyde,115.38865,34.611351013183594
10,Toluene,60.0,Toluene,17.92186,42.07814025878906
10,Acetaldehyde,250.0,Acetaldehyde,203.59863,46.4013671875
10,Acetone,2.5,Acetone,10.092941,7.5929412841796875
10,Acetaldehyde,10.0,Acetaldehyde,9.281914,0.7180862426757812
10,Acetone,250.0,Acetone,144.80789,105.19210815429688
10,Acetaldehyde,150.0,Acetaldehyde,113.9476,36.052398681640625
10,Acetone,150.0,Acetone,86.55774,63.4422607421875
10,Acetaldehyde,250.0,Acetaldehyde,173.6821,76.31790161132812
10,Acetone,50.0,Acetone,28.269508,21.730491638183594
10,Acetaldehyde,50.0,Acetaldehyde,26.024841,23.97515869140625
10,Acetone,100.0,Acetone,49.96927,50.030731201171875
10,Acetaldehyde,200.0,Acetaldehyde,135.45486,64.54513549804688
10,Acetone,200.0,Acetone,118.14247,81.85752868652344
10,Acetaldehyde,100.0,Acetaldehyde,55.13305,44.86695098876953
10,Acetone,150.0,Acetone,87.12609,62.87390899658203
10,Acetaldehyde,250.0,Acetaldehyde,187.1146,62.885406494140625
10,Acetone,50.0,Acetone,32.411987,17.5880126953125
10,Acetaldehyde,50.0,Acetaldehyde,27.041092,22.958908081054688
10,Acetone,100.0,Acetone,53.979897,46.020103454589844
10,Acetaldehyde,200.0,Acetaldehyde,149.19215,50.80784606933594
10,Acetone,200.0,Acetone,117.98389,82.01611328125
10,Acetaldehyde,100.0,Acetaldehyde,68.48883,31.51116943359375
10,Acetone,2.5,Acetone,10.973366,8.473365783691406
10,Acetaldehyde,10.0,Acetaldehyde,9.234062,0.7659378051757812
10,Acetone,250.0,Acetone,142.16148,107.83851623535156
10,Acetaldehyde,150.0,Acetaldehyde,124.38686,25.613136291503906
10,Acetone,50.0,Acetone,35.037354,14.962646484375
10,Acetaldehyde,50.0,Acetaldehyde,35.80471,14.195289611816406
10,Acetone,100.0,Acetone,51.45047,48.549530029296875
10,Acetaldehyde,200.0,Acetaldehyde,151.80759,48.192413330078125
10,Acetone,200.0,Acetone,116.6878,83.31220245361328
10,Acetaldehyde,100.0,Acetaldehyde,65.29229,34.70771026611328
10,Acetone,2.5,Acetone,11.594948,9.094947814941406
10,Acetaldehyde,10.0,Acetaldehyde,6.6557007,3.34429931640625
10,Acetone,250.0,Acetone,147.60878,102.39122009277344
10,Acetaldehyde,150.0,Acetaldehyde,108.84221,41.15779113769531
10,Acetone,150.0,Acetone,87.97249,62.02751159667969
10,Acetaldehyde,250.0,Acetaldehyde,190.78902,59.21098327636719
10,Acetone,2.5,Acetone,12.251427,9.751426696777344
10,Acetaldehyde,10.0,Acetaldehyde,5.455307,4.5446929931640625
10,Acetone,50.0,Acetone,33.854523,16.145477294921875
10,Acetaldehyde,50.0,Acetaldehyde,29.598656,20.401344299316406
10,Acetone,100.0,Acetone,56.035484,43.964515686035156
10,Acetaldehyde,200.0,Acetaldehyde,148.96631,51.03369140625
10,Acetone,200.0,Acetone,119.64189,80.35810852050781
10,Acetaldehyde,100.0,Acetaldehyde,54.21988,45.780120849609375
10,Acetone,250.0,Acetone,141.00478,108.99522399902344
10,Acetaldehyde,150.0,Acetaldehyde,97.150055,52.849945068359375
10,Acetone,150.0,Acetone,87.38356,62.61643981933594
10,Acetaldehyde,250.0,Acetaldehyde,174.8296,75.17039489746094
10,Acetone,200.0,Acetone,119.616295,80.38370513916016
10,Acetaldehyde,100.0,Acetaldehyde,57.0905,42.90950012207031
10,Acetone,2.5,Acetone,12.921753,10.4217529296875
10,Acetaldehyde,10.0,Acetaldehyde,5.671463,4.3285369873046875
10,Acetone,250.0,Acetone,144.57564,105.42436218261719
10,Acetaldehyde,150.0,Acetaldehyde,102.84694,47.15306091308594
10,Acetone,150.0,Acetone,92.6204,57.379600524902344
10,Acetaldehyde,250.0,Acetaldehyde,180.05655,69.94345092773438
10,Acetone,50.0,Acetone,36.736862,13.263137817382812
10,Acetaldehyde,50.0,Acetaldehyde,30.420479,19.57952117919922
10,Acetone,100.0,Acetone,60.241066,39.758934020996094
10,Acetaldehyde,200.0,Acetaldehyde,139.04446,60.955535888671875
10,Acetone,50.0,Acetone,37.462845,12.537155151367188
10,Acetaldehyde,50.0,Acetaldehyde,30.630608,19.36939239501953
10,Acetone,100.0,Acetone,58.437904,41.562095642089844
10,Acetaldehyde,200.0,Acetaldehyde,137.30307,62.696929931640625
10,Acetone,200.0,Acetone,121.63563,78.36437225341797
10,Acetaldehyde,100.0,Acetaldehyde,56.699646,43.30035400390625
10,Acetone,2.5,Acetone,16.22779,13.727790832519531
10,Acetaldehyde,10.0,Acetaldehyde,5.518341,4.481658935546875
10,Acetone,250.0,Acetone,144.70673,105.29327392578125
10,Acetaldehyde,150.0,Acetaldehyde,99.77093,50.22907257080078
10,Acetone,150.0,Acetone,93.07721,56.92279052734375
10,Acetaldehyde,250.0,Acetaldehyde,171.52576,78.4742431640625
10,Acetone,150.0,Acetone,90.31832,59.681678771972656
10,Acetaldehyde,250.0,Acetaldehyde,173.79337,76.20663452148438
10,Acetone,50.0,Acetone,38.187355,11.812644958496094
10,Acetaldehyde,50.0,Acetaldehyde,29.032608,20.967391967773438
10,Acetone,100.0,Acetone,60.872208,39.12779235839844
10,Acetaldehyde,200.0,Acetaldehyde,136.2919,63.708099365234375
10,Acetone,200.0,Acetone,120.68667,79.3133316040039
10,Acetaldehyde,100.0,Acetaldehyde,55.948715,44.05128479003906
10,Acetone,2.5,Acetone,18.286804,15.78680419921875
10,Acetaldehyde,10.0,Acetaldehyde,5.2654037,4.734596252441406
10,Acetone,250.0,Acetone,146.06273,103.93727111816406
10,Acetaldehyde,150.0,Acetaldehyde,95.105446,54.894554138183594
10,Acetone,250.0,Acetone,139.46825,110.53175354003906
10,Acetaldehyde,150.0,Acetaldehyde,93.118454,56.88154602050781
10,Acetone,150.0,Acetone,90.60336,59.396636962890625
10,Acetaldehyde,250.0,Acetaldehyde,169.02213,80.97787475585938
10,Acetone,2.5,Acetone,17.647041,15.147041320800781
10,Acetaldehyde,10.0,Acetaldehyde,5.312645,4.687355041503906
10,Acetone,50.0,Acetone,38.25167,11.748329162597656
10,Acetaldehyde,50.0,Acetaldehyde,32.31211,17.687889099121094
10,Acetone,100.0,Acetone,60.934967,39.065032958984375
10,Acetaldehyde,200.0,Acetaldehyde,140.40785,59.59214782714844
10,Acetone,200.0,Acetone,127.1254,72.87460327148438
10,Acetaldehyde,100.0,Acetaldehyde,54.085815,45.9141845703125
10,Acetone,2.5,Acetone,17.625488,15.12548828125
10,Acetaldehyde,10.0,Acetaldehyde,5.4799805,4.52001953125
10,Acetone,250.0,Acetone,147.97556,102.02444458007812
10,Acetaldehyde,150.0,Acetaldehyde,94.76038,55.23961639404297
10,Acetone,150.0,Acetone,94.10574,55.894256591796875
10,Acetaldehyde,250.0,Acetaldehyde,173.69337,76.30662536621094
10,Acetone,50.0,Acetone,38.8043,11.195701599121094
10,Acetaldehyde,50.0,Acetaldehyde,29.777733,20.222267150878906
10,Acetone,100.0,Acetone,60.23047,39.76953125
10,Acetaldehyde,200.0,Acetaldehyde,134.93869,65.06130981445312
10,Acetone,200.0,Acetone,123.25345,76.74655151367188
10,Acetaldehyde,100.0,Acetaldehyde,55.450035,44.549964904785156
10,Acetone,50.0,Acetone,40.560036,9.439964294433594
10,Acetaldehyde,50.0,Acetaldehyde,30.772575,19.22742462158203
10,Acetone,100.0,Acetone,60.771362,39.2286376953125
10,Acetaldehyde,200.0,Acetaldehyde,139.68712,60.31288146972656
10,Acetone,200.0,Acetone,122.22833,77.77166748046875
10,Acetaldehyde,100.0,Acetaldehyde,56.309166,43.690834045410156
10,Acetone,2.5,Acetone,17.491745,14.991744995117188
10,Acetaldehyde,10.0,Acetaldehyde,5.315056,4.684944152832031
10,Acetone,250.0,Acetone,148.02039,101.9796142578125
10,Acetaldehyde,150.0,Acetaldehyde,100.861244,49.138755798339844
10,Acetone,150.0,Acetone,94.7712,55.228797912597656
10,Acetaldehyde,250.0,Acetaldehyde,181.74347,68.25653076171875
10,Acetone,2.5,Acetone,16.49688,13.996879577636719
10,Acetaldehyde,10.0,Acetaldehyde,4.171501,5.828498840332031
10,Acetone,250.0,Acetone,148.05815,101.94184875488281
10,Acetaldehyde,150.0,Acetaldehyde,98.37954,51.620460510253906
10,Acetone,150.0,Acetone,94.48915,55.51084899902344
10,Acetaldehyde,250.0,Acetaldehyde,173.23029,76.76971435546875
10,Acetone,50.0,Acetone,39.666878,10.333122253417969
10,Acetaldehyde,50.0,Acetaldehyde,30.083061,19.91693878173828
10,Acetone,100.0,Acetone,60.65,39.349998474121094
10,Acetaldehyde,200.0,Acetaldehyde,137.88397,62.11602783203125
10,Acetone,200.0,Acetone,125.26357,74.7364273071289
10,Acetaldehyde,100.0,Acetaldehyde,58.108543,41.891456604003906
10,Acetone,150.0,Acetone,96.795746,53.204254150390625
10,Acetaldehyde,250.0,Acetaldehyde,181.9748,68.02520751953125
10,Acetone,50.0,Acetone,40.74009,9.259910583496094
10,Acetaldehyde,50.0,Acetaldehyde,33.15735,16.8426513671875
10,Acetone,100.0,Acetone,59.875908,40.12409210205078
10,Acetaldehyde,200.0,Acetaldehyde,140.52863,59.47137451171875
10,Acetone,200.0,Acetone,124.71652,75.28347778320312
10,Acetaldehyde,100.0,Acetaldehyde,56.38749,43.612510681152344
10,Acetone,2.5,Acetone,16.919968,14.419967651367188
10,Acetaldehyde,10.0,Acetaldehyde,5.3965073,4.603492736816406
10,Acetone,250.0,Acetone,145.93863,104.06137084960938
10,Acetaldehyde,150.0,Acetaldehyde,95.36406,54.63594055175781
10,Acetone,50.0,Acetone,41.831802,8.168197631835938
10,Acetaldehyde,50.0,Acetaldehyde,30.882912,19.117088317871094
10,Acetone,100.0,Acetone,60.149895,39.85010528564453
10,Acetaldehyde,200.0,Acetaldehyde,137.7779,62.22210693359375
10,Acetone,200.0,Acetone,125.74604,74.25395965576172
10,Acetaldehyde,100.0,Acetaldehyde,56.08152,43.918479919433594
10,Acetone,2.5,Acetone,17.818314,15.318313598632812
10,Acetaldehyde,10.0,Acetaldehyde,7.0551453,2.944854736328125
10,Acetone,250.0,Acetone,146.10542,103.89457702636719
10,Acetaldehyde,150.0,Acetaldehyde,100.9748,49.02519989013672
10,Acetone,150.0,Acetone,92.803154,57.19684600830078
10,Acetaldehyde,250.0,Acetaldehyde,183.10182,66.89817810058594
10,Acetone,2.5,Acetone,18.204727,15.704727172851562
10,Acetaldehyde,10.0,Acetaldehyde,6.0893555,3.91064453125
10,Acetone,50.0,Acetone,40.626076,9.373924255371094
10,Acetaldehyde,50.0,Acetaldehyde,30.444305,19.555694580078125
10,Acetone,100.0,Acetone,59.879692,40.12030792236328
10,Acetaldehyde,200.0,Acetaldehyde,137.05525,62.94474792480469
10,Acetone,200.0,Acetone,125.275955,74.72404479980469
10,Acetaldehyde,100.0,Acetaldehyde,55.778633,44.22136688232422
10,Acetone,250.0,Acetone,142.35863,107.64137268066406
10,Acetaldehyde,150.0,Acetaldehyde,97.01343,52.986572265625
10,Acetone,150.0,Acetone,95.74422,54.25578308105469
10,Acetaldehyde,250.0,Acetaldehyde,175.98305,74.01695251464844
10,Acetone,200.0,Acetone,124.72861,75.27139282226562
10,Acetaldehyde,100.0,Acetaldehyde,56.104584,43.895416259765625
10,Acetone,2.5,Acetone,17.427895,14.927894592285156
10,Acetaldehyde,10.0,Acetaldehyde,5.194084,4.805915832519531
10,Acetone,250.0,Acetone,146.52055,103.47944641113281
10,Acetaldehyde,150.0,Acetaldehyde,102.271385,47.728614807128906
10,Acetone,150.0,Acetone,94.58548,55.414520263671875
10,Acetaldehyde,250.0,Acetaldehyde,176.1781,73.8218994140625
10,Acetone,50.0,Acetone,41.37496,8.625038146972656
10,Acetaldehyde,50.0,Acetaldehyde,30.091125,19.90887451171875
10,Acetone,100.0,Acetone,62.1476,37.85240173339844
10,Acetaldehyde,200.0,Acetaldehyde,140.70656,59.29344177246094
10,Acetone,50.0,Acetone,42.4731,7.5269012451171875
10,Acetaldehyde,50.0,Acetaldehyde,30.890564,19.10943603515625
10,Acetone,100.0,Acetone,62.054993,37.94500732421875
10,Acetaldehyde,200.0,Acetaldehyde,136.83232,63.16767883300781
10,Acetone,200.0,Acetone,125.92854,74.07145690917969
10,Acetaldehyde,100.0,Acetaldehyde,56.347145,43.652854919433594
10,Acetone,2.5,Acetone,18.547447,16.047447204589844
10,Acetaldehyde,10.0,Acetaldehyde,5.8348846,4.1651153564453125
10,Acetone,250.0,Acetone,146.802,103.197998046875
10,Acetaldehyde,150.0,Acetaldehyde,100.843315,49.15668487548828
10,Acetone,150.0,Acetone,97.01554,52.984458923339844
10,Acetaldehyde,250.0,Acetaldehyde,173.64532,76.35467529296875
10,Acetone,150.0,Acetone,95.393715,54.606285095214844
10,Acetaldehyde,250.0,Acetaldehyde,177.12544,72.87455749511719
10,Acetone,50.0,Acetone,41.255394,8.744606018066406
10,Acetaldehyde,50.0,Acetaldehyde,27.93406,22.065940856933594
10,Acetone,100.0,Acetone,62.76651,37.233489990234375
10,Acetaldehyde,200.0,Acetaldehyde,136.05545,63.944549560546875
10,Acetone,200.0,Acetone,125.34584,74.65415954589844
10,Acetaldehyde,100.0,Acetaldehyde,54.114525,45.885475158691406
10,Acetone,2.5,Acetone,19.379631,16.87963104248047
10,Acetaldehyde,10.0,Acetaldehyde,5.4860992,4.5139007568359375
10,Acetone,250.0,Acetone,148.33757,101.66242980957031
10,Acetaldehyde,150.0,Acetaldehyde,96.188095,53.81190490722656
10,Acetone,250.0,Acetone,144.08075,105.91925048828125
10,Acetaldehyde,150.0,Acetaldehyde,97.50334,52.49665832519531
10,Acetone,150.0,Acetone,96.05443,53.94557189941406
10,Acetaldehyde,250.0,Acetaldehyde,180.09946,69.90054321289062
10,Acetone,2.5,Acetone,18.360931,15.860931396484375
10,Acetaldehyde,10.0,Acetaldehyde,3.8761978,6.123802185058594
10,Acetone,50.0,Acetone,41.495888,8.504112243652344
10,Acetaldehyde,50.0,Acetaldehyde,30.65606,19.34394073486328
10,Acetone,100.0,Acetone,62.024445,37.975555419921875
10,Acetaldehyde,200.0,Acetaldehyde,139.10149,60.89851379394531
10,Acetone,200.0,Acetone,126.70042,73.2995834350586
10,Acetaldehyde,100.0,Acetaldehyde,53.861397,46.13860321044922
10,Acetone,2.5,Acetone,17.538872,15.038871765136719
10,Acetaldehyde,10.0,Acetaldehyde,5.0355453,4.964454650878906
10,Acetone,250.0,Acetone,153.20853,96.79147338867188
10,Acetaldehyde,150.0,Acetaldehyde,96.73143,53.26856994628906
10,Acetone,150.0,Acetone,99.13933,50.86067199707031
10,Acetaldehyde,250.0,Acetaldehyde,164.26184,85.7381591796875
10,Acetone,50.0,Acetone,42.67684,7.323158264160156
10,Acetaldehyde,50.0,Acetaldehyde,27.82579,22.174209594726562
10,Acetone,100.0,Acetone,65.16404,34.835960388183594
10,Acetaldehyde,200.0,Acetaldehyde,138.02948,61.97052001953125
10,Acetone,200.0,Acetone,127.17107,72.82893371582031
10,Acetaldehyde,100.0,Acetaldehyde,55.807404,44.192596435546875
10,Acetone,50.0,Acetone,42.106773,7.893226623535156
10,Acetaldehyde,50.0,Acetaldehyde,27.586472,22.413528442382812
10,Acetone,100.0,Acetone,66.6637,33.3363037109375
10,Acetaldehyde,200.0,Acetaldehyde,135.24783,64.75216674804688
10,Acetone,200.0,Acetone,129.41101,70.5889892578125
10,Acetaldehyde,100.0,Acetaldehyde,53.82377,46.176231384277344
10,Acetone,2.5,Acetone,17.699257,15.199256896972656
10,Acetaldehyde,10.0,Acetaldehyde,5.6634064,4.3365936279296875
10,Acetone,250.0,Acetone,150.10701,99.89299011230469
10,Acetaldehyde,150.0,Acetaldehyde,96.457634,53.54236602783203
10,Acetone,150.0,Acetone,96.659325,53.340675354003906
10,Acetaldehyde,250.0,Acetaldehyde,172.1842,77.8157958984375
10,Acetone,2.5,Acetone,9.93232,7.432319641113281
10,Acetaldehyde,10.0,Ammonia,22.937943,12.937942504882812
10,Acetone,250.0,Acetone,155.40979,94.5902099609375
10,Acetaldehyde,150.0,Acetone,187.2663,37.26629638671875
10,Acetone,150.0,Acetone,101.00098,48.9990234375
10,Acetaldehyde,250.0,Acetone,237.61166,12.388336181640625
10,Acetone,50.0,Acetone,36.420105,13.57989501953125
10,Acetaldehyde,50.0,Ammonia,53.296898,3.2968978881835938
10,Acetone,100.0,Acetone,59.193382,40.806617736816406
10,Acetaldehyde,200.0,Acetone,196.65604,3.343963623046875
10,Acetone,200.0,Acetone,121.03404,78.96595764160156
10,Acetaldehyde,100.0,Ammonia,115.14897,15.148971557617188
10,Acetone,150.0,Acetone,99.9643,50.03569793701172
10,Acetaldehyde,250.0,Acetone,247.3736,2.62640380859375
10,Acetone,50.0,Acetone,36.425262,13.574737548828125
10,Acetaldehyde,50.0,Ammonia,62.965736,12.965736389160156
10,Acetone,100.0,Acetone,57.78544,42.214561462402344
10,Acetaldehyde,200.0,Acetone,204.34653,4.346527099609375
10,Acetone,200.0,Acetone,116.83792,83.16207885742188
10,Acetaldehyde,100.0,Ammonia,153.7471,53.747100830078125
10,Acetone,2.5,Acetone,13.827728,11.327728271484375
10,Acetaldehyde,10.0,Acetaldehyde,17.507095,7.5070953369140625
10,Acetone,250.0,Acetone,148.43806,101.56193542480469
10,Acetaldehyde,150.0,Acetone,217.03462,67.03462219238281
10,Acetone,50.0,Acetone,40.33796,9.662040710449219
10,Acetaldehyde,50.0,Ammonia,82.86131,32.86131286621094
10,Acetone,100.0,Acetone,54.706123,45.29387664794922
10,Acetaldehyde,200.0,Acetone,220.70705,20.707046508789062
10,Acetone,200.0,Acetone,120.129135,79.87086486816406
10,Acetaldehyde,100.0,Ammonia,119.93974,19.939743041992188
10,Acetone,2.5,Acetone,14.605011,12.105010986328125
10,Acetaldehyde,10.0,Acetaldehyde,11.71521,1.7152099609375
10,Acetone,250.0,Acetone,146.8297,103.17030334472656
10,Acetaldehyde,150.0,Acetone,157.23605,7.236053466796875
10,Acetone,150.0,Acetone,96.922424,53.07757568359375
10,Acetaldehyde,250.0,Acetone,216.34854,33.651458740234375
10,Acetone,2.5,Acetone,15.805992,13.305992126464844
10,Acetaldehyde,10.0,Acetaldehyde,12.506805,2.506805419921875
10,Acetone,50.0,Acetone,40.715034,9.284965515136719
10,Acetaldehyde,50.0,Acetaldehyde,47.666565,2.33343505859375
10,Acetone,100.0,Acetone,55.153915,44.84608459472656
10,Acetaldehyde,200.0,Acetone,182.35405,17.645950317382812
10,Acetone,200.0,Acetone,121.3032,78.6968002319336
10,Acetaldehyde,100.0,Acetaldehyde,84.897385,15.102615356445312
10,Acetone,250.0,Acetone,145.67352,104.32647705078125
10,Acetaldehyde,150.0,Acetone,131.53036,18.469635009765625
10,Acetone,150.0,Acetone,98.06674,51.933258056640625
10,Acetaldehyde,250.0,Acetone,210.3074,39.692596435546875
10,Acetone,200.0,Acetone,121.05137,78.9486312866211
10,Acetaldehyde,100.0,Acetaldehyde,82.14375,17.856246948242188
10,Acetone,2.5,Acetone,17.391228,14.891227722167969
10,Acetaldehyde,10.0,Acetaldehyde,11.238312,1.238311767578125
10,Acetone,250.0,Acetone,149.84583,100.1541748046875
10,Acetaldehyde,150.0,Acetone,129.69781,20.30218505859375
10,Acetone,150.0,Acetone,97.60372,52.396278381347656
10,Acetaldehyde,250.0,Acetone,204.41748,45.58251953125
10,Acetone,50.0,Acetone,40.409546,9.5904541015625
10,Acetaldehyde,50.0,Acetaldehyde,38.920723,11.079277038574219
10,Acetone,100.0,Acetone,57.97512,42.024879455566406
10,Acetaldehyde,200.0,Acetaldehyde,167.37228,32.627716064453125
10,Acetone,50.0,Acetone,40.8657,9.134300231933594
10,Acetaldehyde,50.0,Acetaldehyde,39.778595,10.221405029296875
10,Acetone,100.0,Acetone,59.118187,40.881813049316406
10,Acetaldehyde,200.0,Acetaldehyde,172.58017,27.419830322265625
10,Acetone,200.0,Acetone,124.57188,75.4281234741211
10,Acetaldehyde,100.0,Acetaldehyde,70.576935,29.423065185546875
10,Acetone,2.5,Acetone,17.250908,14.750907897949219
10,Acetaldehyde,10.0,Acetaldehyde,9.701714,0.29828643798828125
10,Acetone,250.0,Acetone,146.07996,103.9200439453125
10,Acetaldehyde,150.0,Acetaldehyde,117.87179,32.128211975097656
10,Acetone,150.0,Acetone,95.22479,54.77520751953125
10,Acetaldehyde,250.0,Acetaldehyde,200.6601,49.33990478515625
10,Acetone,150.0,Acetone,95.527664,54.47233581542969
10,Acetaldehyde,250.0,Acetaldehyde,196.31204,53.687957763671875
10,Acetone,50.0,Acetone,41.433838,8.566162109375
10,Acetaldehyde,50.0,Acetaldehyde,34.849915,15.15008544921875
10,Acetone,100.0,Acetone,58.987366,41.01263427734375
10,Acetaldehyde,200.0,Acetaldehyde,153.36871,46.63128662109375
10,Acetone,200.0,Acetone,125.563255,74.4367446899414
10,Acetaldehyde,100.0,Acetaldehyde,64.58771,35.41229248046875
10,Acetone,2.5,Acetone,16.435852,13.93585205078125
10,Acetaldehyde,10.0,Acetaldehyde,9.551437,0.4485626220703125
10,Acetone,250.0,Acetone,148.91618,101.08381652832031
10,Acetaldehyde,150.0,Acetaldehyde,115.05576,34.944236755371094
10,Acetone,250.0,Acetone,145.58421,104.41578674316406
10,Acetaldehyde,150.0,Acetaldehyde,104.98494,45.01506042480469
10,Acetone,150.0,Acetone,96.7688,53.231201171875
10,Acetaldehyde,250.0,Acetaldehyde,205.07011,44.92988586425781
10,Acetone,2.5,Acetone,15.918144,13.418144226074219
10,Acetaldehyde,10.0,Acetaldehyde,7.3395844,2.6604156494140625
10,Acetone,50.0,Acetone,39.917587,10.082412719726562
10,Acetaldehyde,50.0,Acetaldehyde,37.267418,12.732582092285156
10,Acetone,100.0,Acetone,59.936874,40.06312561035156
10,Acetaldehyde,200.0,Acetaldehyde,167.94608,32.053924560546875
10,Acetone,200.0,Acetone,126.61388,73.38612365722656
10,Acetaldehyde,100.0,Acetaldehyde,62.224243,37.7757568359375
10,Acetone,2.5,Acetone,14.676514,12.176513671875
10,Acetaldehyde,10.0,Acetaldehyde,6.7954254,3.2045745849609375
10,Acetone,250.0,Acetone,151.27315,98.72685241699219
10,Acetaldehyde,150.0,Acetaldehyde,104.427155,45.572845458984375
10,Acetone,150.0,Acetone,98.455475,51.544525146484375
10,Acetaldehyde,250.0,Acetaldehyde,195.27805,54.721954345703125
10,Acetone,50.0,Acetone,40.532127,9.467872619628906
10,Acetaldehyde,50.0,Acetaldehyde,31.067795,18.932205200195312
10,Acetone,100.0,Acetone,61.953476,38.04652404785156
10,Acetaldehyde,200.0,Acetaldehyde,159.34354,40.656463623046875
10,Acetone,200.0,Acetone,128.05028,71.94972229003906
10,Acetaldehyde,100.0,Acetaldehyde,62.99273,37.00727081298828
10,Acetone,50.0,Acetone,39.325584,10.674415588378906
10,Acetaldehyde,50.0,Acetaldehyde,35.08757,14.912429809570312
10,Acetone,100.0,Acetone,58.72078,41.27922058105469
10,Acetaldehyde,200.0,Acetaldehyde,159.26529,40.734710693359375
10,Acetone,200.0,Acetone,126.91597,73.08403015136719
10,Acetaldehyde,100.0,Acetaldehyde,61.516045,38.48395538330078
10,Acetone,2.5,Acetone,14.319099,11.819099426269531
10,Acetaldehyde,10.0,Acetaldehyde,9.5798645,0.420135498046875
10,Acetone,250.0,Acetone,150.63942,99.36058044433594
10,Acetaldehyde,150.0,Acetaldehyde,112.03914,37.96086120605469
10,Acetone,150.0,Acetone,98.50466,51.495338439941406
10,Acetaldehyde,250.0,Acetaldehyde,200.72253,49.2774658203125
10,Acetone,2.5,Acetone,19.098778,16.598777770996094
10,Acetaldehyde,10.0,Acetaldehyde,8.432289,1.5677108764648438
10,Acetone,250.0,Acetone,150.23558,99.76441955566406
10,Acetaldehyde,150.0,Acetaldehyde,109.575226,40.424774169921875
10,Acetone,150.0,Acetone,98.87454,51.125457763671875
10,Acetaldehyde,250.0,Acetaldehyde,195.3024,54.697601318359375
10,Acetone,50.0,Acetone,39.691444,10.308555603027344
10,Acetaldehyde,50.0,Acetaldehyde,32.626053,17.373947143554688
10,Acetone,100.0,Acetone,61.12735,38.872650146484375
10,Acetaldehyde,200.0,Acetaldehyde,154.4916,45.50840759277344
10,Acetone,200.0,Acetone,127.24492,72.75508117675781
10,Acetaldehyde,100.0,Acetaldehyde,59.80388,40.19612121582031
10,Acetone,150.0,Acetone,98.63529,51.364707946777344
10,Acetaldehyde,250.0,Acetaldehyde,200.05438,49.94561767578125
10,Acetone,50.0,Acetone,39.82189,10.178108215332031
10,Acetaldehyde,50.0,Acetaldehyde,33.620537,16.37946319580078
10,Acetone,100.0,Acetone,60.146904,39.85309600830078
10,Acetaldehyde,200.0,Acetaldehyde,159.58267,40.417327880859375
10,Acetone,200.0,Acetone,125.457664,74.5423355102539
10,Acetaldehyde,100.0,Acetaldehyde,61.120384,38.879615783691406
10,Acetone,2.5,Acetone,14.519081,12.019081115722656
10,Acetaldehyde,10.0,Acetaldehyde,7.707863,2.2921371459960938
10,Acetone,250.0,Acetone,150.14381,99.85618591308594
10,Acetaldehyde,150.0,Acetaldehyde,107.116936,42.88306427001953
10,Acetone,50.0,Acetone,39.27841,10.721588134765625
10,Acetaldehyde,50.0,Acetaldehyde,34.32702,15.672981262207031
10,Acetone,100.0,Acetone,62.87609,37.12390899658203
10,Acetaldehyde,200.0,Acetaldehyde,156.36209,43.637908935546875
10,Acetone,200.0,Acetone,129.69608,70.30392456054688
10,Acetaldehyde,100.0,Acetaldehyde,62.735626,37.264373779296875
10,Acetone,2.5,Acetone,13.108841,10.608840942382812
10,Acetaldehyde,10.0,Acetaldehyde,7.4892426,2.5107574462890625
10,Acetone,250.0,Acetone,149.26303,100.73696899414062
10,Acetaldehyde,150.0,Acetaldehyde,105.643425,44.35657501220703
10,Acetone,150.0,Acetone,99.01443,50.985572814941406
10,Acetaldehyde,250.0,Acetaldehyde,195.15297,54.84703063964844
10,Acetone,2.5,Acetone,13.435844,10.935844421386719
10,Acetaldehyde,10.0,Acetaldehyde,8.331169,1.6688308715820312
10,Acetone,50.0,Acetone,39.3236,10.676399230957031
10,Acetaldehyde,50.0,Acetaldehyde,33.590126,16.409873962402344
10,Acetone,100.0,Acetone,60.75611,39.24388885498047
10,Acetaldehyde,200.0,Acetaldehyde,156.36453,43.635467529296875
10,Acetone,200.0,Acetone,126.72238,73.27761840820312
10,Acetaldehyde,100.0,Acetaldehyde,58.128494,41.87150573730469
10,Acetone,250.0,Acetone,148.01329,101.98670959472656
10,Acetaldehyde,150.0,Acetaldehyde,98.13953,51.8604736328125
10,Acetone,150.0,Acetone,98.70198,51.29801940917969
10,Acetaldehyde,250.0,Acetaldehyde,193.53894,56.4610595703125
10,Acetone,200.0,Acetone,124.51648,75.4835205078125
10,Acetaldehyde,100.0,Acetaldehyde,60.962288,39.03771209716797
10,Acetone,2.5,Acetone,13.703995,11.203994750976562
10,Acetaldehyde,10.0,Acetaldehyde,7.751831,2.2481689453125
10,Acetone,250.0,Acetone,149.08102,100.91897583007812
10,Acetaldehyde,150.0,Acetaldehyde,108.488594,41.51140594482422
10,Acetone,150.0,Acetone,99.84384,50.156158447265625
10,Acetaldehyde,250.0,Acetaldehyde,197.79907,52.200927734375
10,Acetone,50.0,Acetone,41.408348,8.591651916503906
10,Acetaldehyde,50.0,Acetaldehyde,33.30979,16.690208435058594
10,Acetone,100.0,Acetone,61.491577,38.5084228515625
10,Acetaldehyde,200.0,Acetaldehyde,153.28233,46.71766662597656
10,Acetone,50.0,Acetone,39.70652,10.293479919433594
10,Acetaldehyde,50.0,Acetaldehyde,32.508797,17.49120330810547
10,Acetone,100.0,Acetone,61.732582,38.267417907714844
10,Acetaldehyde,200.0,Acetaldehyde,157.59265,42.4073486328125
10,Acetone,200.0,Acetone,127.30738,72.69261932373047
10,Acetaldehyde,100.0,Acetaldehyde,61.4972,38.50279998779297
10,Acetone,2.5,Acetone,14.825752,12.325752258300781
10,Acetaldehyde,10.0,Acetaldehyde,7.070999,2.9290008544921875
10,Acetone,250.0,Acetone,150.41847,99.58152770996094
10,Acetaldehyde,150.0,Acetaldehyde,101.496796,48.503204345703125
10,Acetone,150.0,Acetone,101.933365,48.06663513183594
10,Acetaldehyde,250.0,Acetaldehyde,190.78639,59.21360778808594
10,Acetone,150.0,Acetone,98.77962,51.22038269042969
10,Acetaldehyde,250.0,Acetaldehyde,198.10751,51.892486572265625
10,Acetone,50.0,Acetone,40.03878,9.961219787597656
10,Acetaldehyde,50.0,Acetaldehyde,31.023903,18.976097106933594
10,Acetone,100.0,Acetone,61.997147,38.00285339355469
10,Acetaldehyde,200.0,Acetaldehyde,147.89833,52.10166931152344
10,Acetone,200.0,Acetone,127.81778,72.18222045898438
10,Acetaldehyde,100.0,Acetaldehyde,58.17228,41.827720642089844
10,Acetone,2.5,Acetone,13.816765,11.316764831542969
10,Acetaldehyde,10.0,Acetaldehyde,8.144661,1.8553390502929688
10,Acetone,250.0,Acetone,151.34157,98.65843200683594
10,Acetaldehyde,150.0,Acetaldehyde,100.44927,49.55072784423828
10,Acetone,250.0,Acetone,146.91418,103.0858154296875
10,Acetaldehyde,150.0,Acetaldehyde,93.85388,56.1461181640625
10,Acetone,150.0,Acetone,99.51914,50.480857849121094
10,Acetaldehyde,250.0,Acetaldehyde,186.01982,63.98017883300781
10,Acetone,2.5,Acetone,14.084267,11.584266662597656
10,Acetaldehyde,10.0,Acetaldehyde,6.634636,3.3653640747070312
10,Acetone,50.0,Acetone,39.992393,10.007606506347656
10,Acetaldehyde,50.0,Acetaldehyde,33.323006,16.67699432373047
10,Acetone,100.0,Acetone,61.61281,38.38719177246094
10,Acetaldehyde,200.0,Acetaldehyde,151.74092,48.25907897949219
10,Acetone,200.0,Acetone,127.739555,72.26044464111328
10,Acetaldehyde,100.0,Acetaldehyde,54.290337,45.70966339111328
10,Acetone,2.5,Acetone,14.697067,12.197067260742188
10,Acetaldehyde,10.0,Acetaldehyde,5.627548,4.3724517822265625
10,Acetone,250.0,Acetone,148.94193,101.05807495117188
10,Acetaldehyde,150.0,Acetaldehyde,93.74737,56.25263214111328
10,Acetone,150.0,Acetone,98.39482,51.60517883300781
10,Acetaldehyde,250.0,Acetaldehyde,185.76112,64.23887634277344
10,Acetone,50.0,Acetone,39.8843,10.115699768066406
10,Acetaldehyde,50.0,Acetaldehyde,30.011429,19.988571166992188
10,Acetone,100.0,Acetone,61.065742,38.93425750732422
10,Acetaldehyde,200.0,Acetaldehyde,143.31712,56.68287658691406
10,Acetone,200.0,Acetone,126.38308,73.6169204711914
10,Acetaldehyde,100.0,Acetaldehyde,57.043488,42.956512451171875
10,Acetone,50.0,Acetone,39.57585,10.424148559570312
10,Acetaldehyde,50.0,Acetaldehyde,31.079552,18.920448303222656
10,Acetone,100.0,Acetone,62.610687,37.389312744140625
10,Acetaldehyde,200.0,Acetaldehyde,143.96542,56.034576416015625
10,Acetone,200.0,Acetone,126.242065,73.7579345703125
10,Acetaldehyde,100.0,Acetaldehyde,56.80813,43.191871643066406
10,Acetone,2.5,Acetone,14.3671875,11.8671875
10,Acetaldehyde,10.0,Acetaldehyde,6.30925,3.6907501220703125
10,Acetone,250.0,Acetone,151.65265,98.34735107421875
10,Acetaldehyde,150.0,Acetaldehyde,101.88063,48.11936950683594
10,Acetone,150.0,Acetone,99.37947,50.62052917480469
10,Acetaldehyde,250.0,Acetaldehyde,190.71172,59.28828430175781
10,Acetone,10.0,Toluene,31.663307,21.663307189941406
10,Ammonia,50.0,Toluene,14.673752,35.32624816894531
10,Acetone,250.0,Acetone,223.02594,26.97406005859375
10,Ammonia,600.0,Ammonia,455.5982,144.40179443359375
10,Acetone,150.0,Acetone,146.92863,3.0713653564453125
10,Ammonia,1000.0,Ammonia,749.7871,250.212890625
10,Acetone,50.0,Ethylene,43.756897,6.24310302734375
10,Ammonia,200.0,Ethylene,154.48148,45.518524169921875
10,Acetone,100.0,Ethylene,99.8255,0.17449951171875
10,Ammonia,800.0,Ammonia,590.92957,209.0704345703125
10,Acetone,200.0,Acetone,190.3068,9.693206787109375
10,Ammonia,400.0,Ammonia,302.11316,97.8868408203125
10,Acetone,150.0,Acetone,146.22922,3.770782470703125
10,Ammonia,1000.0,Ammonia,693.00903,306.990966796875
10,Acetone,50.0,Acetone,37.73661,12.263389587402344
10,Ammonia,200.0,Ethylene,123.94179,76.05821228027344
10,Acetone,100.0,Acetone,86.29196,13.708038330078125
10,Ammonia,800.0,Ammonia,527.6811,272.31890869140625
10,Acetone,200.0,Acetone,182.0898,17.910202026367188
10,Ammonia,400.0,Ammonia,279.4911,120.5089111328125
10,Acetone,10.0,Toluene,28.91262,18.912620544433594
10,Ammonia,50.0,Toluene,18.486557,31.513442993164062
10,Acetone,250.0,Acetone,232.3662,17.633804321289062
10,Ammonia,600.0,Ammonia,428.65213,171.34786987304688
10,Acetone,50.0,Acetone,50.698402,0.6984024047851562
10,Ammonia,200.0,Ammonia,186.76077,13.239227294921875
10,Acetone,100.0,Acetone,106.187195,6.18719482421875
10,Ammonia,800.0,Ammonia,647.9126,152.08740234375
10,Acetone,200.0,Ammonia,214.05588,14.055877685546875
10,Ammonia,400.0,Ammonia,336.80667,63.193328857421875
10,Acetone,10.0,Toluene,39.98622,29.986221313476562
10,Ammonia,50.0,Toluene,35.185455,14.814544677734375
10,Acetone,250.0,Ammonia,244.98477,5.015228271484375
10,Ammonia,600.0,Ammonia,508.78644,91.21356201171875
10,Acetone,150.0,Acetone,152.03674,2.0367431640625
10,Ammonia,1000.0,Ammonia,853.94745,146.05255126953125
10,Acetone,10.0,Toluene,42.48693,32.48693084716797
10,Ammonia,50.0,Toluene,26.11229,23.887710571289062
10,Acetone,50.0,Acetone,49.99362,0.006378173828125
10,Ammonia,200.0,Ammonia,195.14392,4.8560791015625
10,Acetone,100.0,Acetone,107.931404,7.931404113769531
10,Ammonia,800.0,Ammonia,693.1222,106.8778076171875
10,Acetone,200.0,Ammonia,205.80084,5.80084228515625
10,Ammonia,400.0,Ammonia,348.98392,51.016082763671875
10,Acetone,250.0,Ammonia,247.32555,2.6744537353515625
10,Ammonia,600.0,Ammonia,508.1093,91.89068603515625
10,Acetone,150.0,Acetone,155.91833,5.9183349609375
10,Ammonia,1000.0,Ammonia,821.82056,178.179443359375
10,Acetone,200.0,Acetone,193.97879,6.021209716796875
10,Ammonia,400.0,Ammonia,332.29654,67.70346069335938
10,Acetone,10.0,Toluene,35.869965,25.869964599609375
10,Ammonia,50.0,Toluene,32.636246,17.363754272460938
10,Acetone,250.0,Ammonia,247.63458,2.36541748046875
10,Ammonia,600.0,Ammonia,504.9323,95.06768798828125
10,Acetone,150.0,Acetone,148.67575,1.324249267578125
10,Ammonia,1000.0,Ammonia,766.006,233.9940185546875
10,Acetone,50.0,Acetone,47.446205,2.5537948608398438
10,Ammonia,200.0,Ammonia,182.38736,17.612640380859375
10,Acetone,100.0,Acetone,86.13157,13.868431091308594
10,Ammonia,800.0,Ammonia,629.4864,170.51361083984375
10,Acetone,50.0,Acetone,43.47857,6.521430969238281
10,Ammonia,200.0,Ammonia,183.45319,16.54681396484375
10,Acetone,100.0,Acetone,98.777596,1.2224044799804688
10,Ammonia,800.0,Ammonia,645.2095,154.79052734375
10,Acetone,200.0,Acetone,189.12677,10.87322998046875
10,Ammonia,400.0,Ammonia,343.88623,56.11376953125
10,Acetone,10.0,Toluene,36.132782,26.132781982421875
10,Ammonia,50.0,Toluene,33.717117,16.282882690429688
10,Acetone,250.0,Ammonia,237.339,12.660995483398438
10,Ammonia,600.0,Ammonia,517.40405,82.595947265625
10,Acetone,150.0,Acetone,149.17812,0.8218841552734375
10,Ammonia,1000.0,Ammonia,814.5395,185.46051025390625
10,Acetone,150.0,Acetone,145.70016,4.299835205078125
10,Ammonia,1000.0,Ammonia,811.8712,188.1287841796875
10,Acetone,50.0,Acetone,44.739967,5.260032653808594
10,Ammonia,200.0,Ammonia,176.42172,23.578277587890625
10,Acetone,100.0,Acetone,75.9261,24.073898315429688
10,Ammonia,800.0,Ammonia,602.3669,197.63311767578125
10,Acetone,200.0,Acetone,176.52722,23.4727783203125
10,Ammonia,400.0,Ammonia,323.3177,76.68231201171875
10,Acetone,10.0,Toluene,33.692734,23.692733764648438
10,Ammonia,50.0,Toluene,34.721054,15.278945922851562
10,Acetone,250.0,Acetone,228.75217,21.247833251953125
10,Ammonia,600.0,Ammonia,483.2165,116.78350830078125
10,Acetone,250.0,Acetone,216.7034,33.296600341796875
10,Ammonia,600.0,Ammonia,472.17517,127.8248291015625
10,Acetone,150.0,Acetone,126.416336,23.583663940429688
10,Ammonia,1000.0,Ammonia,730.64,269.3599853515625
10,Acetone,10.0,Toluene,27.680206,17.680206298828125
10,Ammonia,50.0,Toluene,26.11676,23.88323974609375
10,Acetone,50.0,Acetone,37.67296,12.327041625976562
10,Ammonia,200.0,Ammonia,168.14444,31.855560302734375
10,Acetone,100.0,Acetone,73.63373,26.36627197265625
10,Ammonia,800.0,Ammonia,609.0738,190.92620849609375
10,Acetone,200.0,Acetone,177.05165,22.948348999023438
10,Ammonia,400.0,Ammonia,326.06622,73.93377685546875
10,Acetone,10.0,Toluene,28.178673,18.178672790527344
10,Ammonia,50.0,Toluene,26.164833,23.835166931152344
10,Acetone,250.0,Acetone,219.94553,30.054473876953125
10,Ammonia,600.0,Ammonia,468.16708,131.83291625976562
10,Acetone,150.0,Acetone,125.13831,24.86168670654297
10,Ammonia,1000.0,Ammonia,786.5094,213.4906005859375
10,Acetone,50.0,Acetone,36.91478,13.085220336914062
10,Ammonia,200.0,Ammonia,171.76053,28.239471435546875
10,Acetone,100.0,Acetone,72.27251,27.727493286132812
10,Ammonia,800.0,Ammonia,617.99927,182.000732421875
10,Acetone,200.0,Acetone,182.8072,17.192794799804688
10,Ammonia,400.0,Ammonia,331.32187,68.67813110351562
10,Acetone,50.0,Acetone,38.29296,11.707038879394531
10,Ammonia,200.0,Ammonia,173.6154,26.384597778320312
10,Acetone,100.0,Acetone,71.064896,28.935104370117188
10,Ammonia,800.0,Ammonia,643.17487,156.82513427734375
10,Acetone,200.0,Acetone,175.88689,24.113113403320312
10,Ammonia,400.0,Ammonia,330.77957,69.22042846679688
10,Acetone,10.0,Acetone,27.65606,17.65605926513672
10,Ammonia,50.0,Toluene,30.569374,19.430625915527344
10,Acetone,250.0,Acetone,216.42651,33.573486328125
10,Ammonia,600.0,Ammonia,476.4438,123.55621337890625
10,Acetone,150.0,Acetone,121.00769,28.9923095703125
10,Ammonia,1000.0,Ammonia,739.08575,260.91424560546875
10,Toluene,1.0,Toluene,15.163712,14.163711547851562
10,Acetaldehyde,10.0,Acetaldehyde,17.103188,7.103187561035156
10,Toluene,100.0,Toluene,18.218788,81.78121185302734
10,Acetaldehyde,150.0,Acetaldehyde,121.80222,28.197776794433594
10,Toluene,60.0,Toluene,10.118301,49.88169860839844
10,Acetaldehyde,250.0,Acetaldehyde,196.19907,53.800933837890625
10,Toluene,20.0,Toluene,15.303093,4.696907043457031
10,Acetaldehyde,50.0,Acetaldehyde,36.37845,13.621551513671875
10,Toluene,40.0,Toluene,12.705078,27.294921875
10,Acetaldehyde,200.0,Acetaldehyde,158.48767,41.5123291015625
10,Toluene,80.0,Toluene,10.000267,69.9997329711914
10,Acetaldehyde,100.0,Acetaldehyde,67.988655,32.01134490966797
10,Toluene,60.0,Toluene,9.854126,50.1458740234375
10,Acetaldehyde,250.0,Acetaldehyde,194.1102,55.889801025390625
10,Toluene,20.0,Toluene,17.590263,2.4097366333007812
10,Acetaldehyde,50.0,Acetaldehyde,32.934105,17.065895080566406
10,Toluene,40.0,Toluene,12.511406,27.48859405517578
10,Acetaldehyde,200.0,Acetaldehyde,153.848,46.15199279785156
10,Toluene,80.0,Toluene,11.815712,68.18428802490234
10,Acetaldehyde,100.0,Acetaldehyde,75.58284,24.417160034179688
10,Toluene,1.0,Toluene,15.910095,14.91009521484375
10,Acetaldehyde,10.0,Acetaldehyde,22.545189,12.545188903808594
10,Toluene,100.0,Toluene,13.661217,86.33878326416016
10,Acetaldehyde,150.0,Acetaldehyde,118.03611,31.963890075683594
10,Toluene,20.0,Toluene,17.207458,2.79254150390625
10,Acetaldehyde,50.0,Acetaldehyde,38.356888,11.643112182617188
10,Toluene,40.0,Toluene,12.645836,27.354164123535156
10,Acetaldehyde,200.0,Acetaldehyde,153.71588,46.28411865234375
10,Toluene,80.0,Toluene,8.491455,71.508544921875
10,Acetaldehyde,100.0,Acetaldehyde,65.37866,34.621337890625
10,Toluene,1.0,Toluene,14.002647,13.002647399902344
10,Acetaldehyde,10.0,Acetaldehyde,21.414589,11.414588928222656
10,Toluene,100.0,Toluene,10.9300995,89.06990051269531
10,Acetaldehyde,150.0,Acetaldehyde,107.48207,42.51792907714844
10,Toluene,60.0,Toluene,7.450279,52.549720764160156
10,Acetaldehyde,250.0,Acetaldehyde,193.09343,56.90657043457031
10,Toluene,1.0,Toluene,11.451172,10.451171875
10,Acetaldehyde,10.0,Acetaldehyde,18.248825,8.248825073242188
10,Toluene,20.0,Toluene,13.901588,6.098411560058594
10,Acetaldehyde,50.0,Acetaldehyde,33.129295,16.870704650878906
10,Toluene,40.0,Toluene,11.157166,28.84283447265625
10,Acetaldehyde,200.0,Acetaldehyde,149.36688,50.63311767578125
10,Toluene,80.0,Toluene,8.48127,71.51873016357422
10,Acetaldehyde,100.0,Acetaldehyde,65.77956,34.22044372558594
10,Toluene,100.0,Toluene,10.918236,89.0817642211914
10,Acetaldehyde,150.0,Acetaldehyde,107.68318,42.31681823730469
10,Toluene,60.0,Toluene,6.186287,53.81371307373047
10,Acetaldehyde,250.0,Acetaldehyde,192.42801,57.571990966796875
10,Toluene,80.0,Toluene,4.585861,75.41413879394531
10,Acetaldehyde,100.0,Acetaldehyde,63.22754,36.7724609375
10,Toluene,1.0,Toluene,12.424965,11.424964904785156
10,Acetaldehyde,10.0,Acetaldehyde,20.415298,10.415298461914062
10,Toluene,100.0,Toluene,7.982086,92.01791381835938
10,Acetaldehyde,150.0,Acetaldehyde,115.13436,34.865638732910156
10,Toluene,60.0,Toluene,5.6314316,54.368568420410156
10,Acetaldehyde,250.0,Acetaldehyde,200.57251,49.427490234375
10,Toluene,20.0,Toluene,12.811798,7.188201904296875
10,Acetaldehyde,50.0,Acetaldehyde,30.491425,19.508575439453125
10,Toluene,40.0,Toluene,3.7704163,36.229583740234375
10,Acetaldehyde,200.0,Acetaldehyde,157.0422,42.957794189453125
10,Toluene,20.0,Toluene,13.277153,6.722846984863281
10,Acetaldehyde,50.0,Acetaldehyde,29.902573,20.097427368164062
10,Toluene,40.0,Toluene,6.917488,33.08251190185547
10,Acetaldehyde,200.0,Acetaldehyde,159.43188,40.568115234375
10,Toluene,80.0,Toluene,5.1005096,74.89949035644531
10,Acetaldehyde,100.0,Acetaldehyde,62.246727,37.753273010253906
10,Toluene,1.0,Toluene,13.159531,12.159530639648438
10,Acetaldehyde,10.0,Acetaldehyde,18.35891,8.358909606933594
10,Toluene,100.0,Toluene,12.438522,87.56147766113281
10,Acetaldehyde,150.0,Acetaldehyde,114.31396,35.68604278564453
10,Toluene,60.0,Toluene,5.873062,54.12693786621094
10,Acetaldehyde,250.0,Acetaldehyde,202.67606,47.323944091796875
10,Toluene,60.0,Toluene,5.966835,54.033164978027344
10,Acetaldehyde,250.0,Acetaldehyde,205.3927,44.6072998046875
10,Toluene,20.0,Toluene,17.783493,2.2165069580078125
10,Acetaldehyde,50.0,Acetaldehyde,34.091637,15.908363342285156
10,Toluene,40.0,Toluene,10.1931305,29.806869506835938
10,Acetaldehyde,200.0,Acetaldehyde,158.09503,41.90496826171875
10,Toluene,80.0,Toluene,8.479637,71.5203628540039
10,Acetaldehyde,100.0,Acetaldehyde,68.50075,31.499252319335938
10,Toluene,1.0,Toluene,13.450302,12.450302124023438
10,Acetaldehyde,10.0,Acetaldehyde,17.53482,7.534820556640625
10,Toluene,100.0,Toluene,7.5749817,92.42501831054688
10,Acetaldehyde,150.0,Acetaldehyde,112.50729,37.492706298828125
10,Toluene,100.0,Toluene,11.187119,88.81288146972656
10,Acetaldehyde,150.0,Acetaldehyde,110.87247,39.127532958984375
10,Toluene,60.0,Toluene,7.9322433,52.06775665283203
10,Acetaldehyde,250.0,Acetaldehyde,205.22571,44.7742919921875
10,Toluene,1.0,Toluene,13.890892,12.890892028808594
10,Acetaldehyde,10.0,Acetaldehyde,17.132462,7.1324615478515625
10,Toluene,20.0,Toluene,15.526619,4.473381042480469
10,Acetaldehyde,50.0,Acetaldehyde,33.988205,16.011795043945312
10,Toluene,40.0,Toluene,8.68428,31.315719604492188
10,Acetaldehyde,200.0,Acetaldehyde,160.84656,39.1534423828125
10,Toluene,80.0,Toluene,8.571732,71.42826843261719
10,Acetaldehyde,100.0,Acetaldehyde,68.356415,31.643585205078125
10,Toluene,1.0,Toluene,13.685501,12.685501098632812
10,Acetaldehyde,10.0,Acetaldehyde,18.136078,8.136077880859375
10,Toluene,100.0,Toluene,11.693092,88.3069076538086
10,Acetaldehyde,150.0,Acetaldehyde,112.78856,37.21144104003906
10,Toluene,60.0,Toluene,5.865593,54.13440704345703
10,Acetaldehyde,250.0,Acetaldehyde,199.69722,50.30278015136719
10,Toluene,20.0,Toluene,12.203903,7.7960968017578125
10,Acetaldehyde,50.0,Acetaldehyde,30.162079,19.837921142578125
10,Toluene,40.0,Toluene,6.45179,33.54821014404297
10,Acetaldehyde,200.0,Acetaldehyde,158.82938,41.170623779296875
10,Toluene,80.0,Toluene,6.0553513,73.94464874267578
10,Acetaldehyde,100.0,Acetaldehyde,65.062546,34.93745422363281
10,Toluene,20.0,Toluene,13.242546,6.757453918457031
10,Acetaldehyde,50.0,Acetaldehyde,31.068306,18.93169403076172
10,Toluene,40.0,Toluene,5.494667,34.505332946777344
10,Acetaldehyde,200.0,Acetaldehyde,157.79123,42.208770751953125
10,Toluene,80.0,Toluene,3.6070404,76.39295959472656
10,Acetaldehyde,100.0,Acetaldehyde,69.76969,30.230308532714844
10,Toluene,1.0,Toluene,11.889816,10.889816284179688
10,Acetaldehyde,10.0,Acetaldehyde,15.228897,5.2288970947265625
10,Toluene,100.0,Toluene,10.269974,89.73002624511719
10,Acetaldehyde,150.0,Acetaldehyde,119.053635,30.946365356445312
10,Toluene,60.0,Toluene,3.268097,56.731903076171875
10,Acetaldehyde,250.0,Acetaldehyde,203.55687,46.44313049316406
10,Acetone,10.0,Acetone,34.29792,24.29792022705078
10,Ammonia,50.0,Toluene,28.147331,21.85266876220703
10,Acetone,250.0,Acetone,137.5343,112.4656982421875
10,Ammonia,600.0,Ammonia,328.76425,271.2357482910156
10,Acetone,150.0,Acetone,97.19472,52.80528259277344
10,Ammonia,1000.0,Ammonia,670.8937,329.1063232421875
10,Acetone,50.0,Acetone,45.177643,4.822357177734375
10,Ammonia,200.0,Ammonia,168.89589,31.104110717773438
10,Acetone,100.0,Acetone,80.49953,19.500473022460938
10,Ammonia,800.0,Ammonia,616.70605,183.2939453125
10,Acetone,200.0,Acetone,170.02638,29.973617553710938
10,Ammonia,400.0,Ammonia,318.0576,81.94241333007812
10,Acetone,150.0,Acetone,142.2472,7.7528076171875
10,Ammonia,1000.0,Ammonia,829.9407,170.059326171875
10,Acetone,50.0,Acetone,44.023888,5.976112365722656
10,Ammonia,200.0,Ammonia,183.6713,16.328704833984375
10,Acetone,100.0,Acetone,88.92477,11.075233459472656
10,Ammonia,800.0,Ammonia,639.5229,160.47711181640625
10,Acetone,200.0,Acetone,181.52277,18.47723388671875
10,Ammonia,400.0,Ammonia,297.63736,102.36264038085938
10,Acetone,10.0,Toluene,32.96662,22.96662139892578
10,Ammonia,50.0,Toluene,29.08564,20.91436004638672
10,Acetone,250.0,Acetone,226.65259,23.347412109375
10,Ammonia,600.0,Ammonia,406.5532,193.44680786132812
10,Acetone,50.0,Acetone,45.725685,4.274314880371094
10,Ammonia,200.0,Ammonia,154.61404,45.385955810546875
10,Acetone,100.0,Acetone,86.546646,13.453353881835938
10,Ammonia,800.0,Ammonia,577.7613,222.23870849609375
10,Acetone,200.0,Acetone,179.6768,20.323196411132812
10,Ammonia,400.0,Ammonia,299.30252,100.69747924804688
10,Acetone,10.0,Toluene,34.846855,24.84685516357422
10,Ammonia,50.0,Toluene,30.952454,19.04754638671875
10,Acetone,250.0,Acetone,227.28836,22.711639404296875
10,Ammonia,600.0,Ammonia,474.0323,125.96771240234375
10,Acetone,150.0,Acetone,132.13657,17.863433837890625
10,Ammonia,1000.0,Ammonia,750.6298,249.37017822265625
10,Acetone,10.0,Toluene,37.18338,27.183380126953125
10,Ammonia,50.0,Toluene,32.95157,17.048431396484375
10,Acetone,50.0,Acetone,45.00821,4.991790771484375
10,Ammonia,200.0,Ammonia,178.63998,21.360015869140625
10,Acetone,100.0,Acetone,89.122055,10.877944946289062
10,Ammonia,800.0,Ammonia,628.2919,171.7081298828125
10,Acetone,200.0,Acetone,191.76962,8.230377197265625
10,Ammonia,400.0,Ammonia,337.11536,62.8846435546875
10,Acetone,250.0,Acetone,233.77908,16.220916748046875
10,Ammonia,600.0,Ammonia,485.19125,114.80874633789062
10,Acetone,150.0,Acetone,148.25136,1.7486419677734375
10,Ammonia,1000.0,Ammonia,792.7608,207.23919677734375
10,Acetone,200.0,Acetone,190.43698,9.563018798828125
10,Ammonia,400.0,Ammonia,347.2286,52.771392822265625
10,Acetone,10.0,Toluene,36.01496,26.01496124267578
10,Ammonia,50.0,Toluene,42.03672,7.963279724121094
10,Acetone,250.0,Acetone,226.98022,23.019775390625
10,Ammonia,600.0,Ammonia,504.61566,95.38433837890625
10,Acetone,150.0,Acetone,143.4596,6.5404052734375
10,Ammonia,1000.0,Ammonia,792.1893,207.81072998046875
10,Acetone,50.0,Acetone,48.49315,1.5068511962890625
10,Ammonia,200.0,Ammonia,185.58011,14.419891357421875
10,Acetone,100.0,Acetone,83.257996,16.74200439453125
10,Ammonia,800.0,Ammonia,637.7019,162.298095703125
10,Acetone,50.0,Acetone,47.472656,2.52734375
10,Ammonia,200.0,Ammonia,186.8559,13.14410400390625
10,Acetone,100.0,Acetone,86.14485,13.855148315429688
10,Ammonia,800.0,Ammonia,650.4397,149.560302734375
10,Acetone,200.0,Acetone,189.68198,10.318023681640625
10,Ammonia,400.0,Ammonia,349.5671,50.432891845703125
10,Acetone,10.0,Toluene,36.961334,26.961334228515625
10,Ammonia,50.0,Toluene,50.495155,0.49515533447265625
10,Acetone,250.0,Acetone,231.42484,18.575164794921875
10,Ammonia,600.0,Ammonia,486.99094,113.00906372070312
10,Acetone,150.0,Acetone,125.86623,24.133773803710938
10,Ammonia,1000.0,Ammonia,776.1588,223.8411865234375
10,Acetone,150.0,Acetone,124.64249,25.357513427734375
10,Ammonia,1000.0,Ammonia,816.62854,183.3714599609375
10,Acetone,50.0,Acetone,42.657097,7.342903137207031
10,Ammonia,200.0,Ammonia,176.46613,23.53387451171875
10,Acetone,100.0,Acetone,77.5878,22.412200927734375
10,Ammonia,800.0,Ammonia,671.237,128.76300048828125
10,Acetone,200.0,Acetone,182.45367,17.54632568359375
10,Ammonia,400.0,Ammonia,370.16925,29.83074951171875
10,Acetone,10.0,Toluene,33.981857,23.981857299804688
10,Ammonia,50.0,Ammonia,54.504974,4.504974365234375
10,Acetone,250.0,Acetone,230.49469,19.50531005859375
10,Ammonia,600.0,Ammonia,532.24994,67.75006103515625
10,Acetone,250.0,Acetone,227.02142,22.97857666015625
10,Ammonia,600.0,Ammonia,514.9404,85.0595703125
10,Acetone,150.0,Acetone,143.72618,6.2738189697265625
10,Ammonia,1000.0,Ammonia,829.18225,170.8177490234375
10,Acetone,10.0,Toluene,36.736183,26.736183166503906
10,Ammonia,50.0,Ammonia,57.18457,7.1845703125
10,Acetone,50.0,Acetone,45.472595,4.52740478515625
10,Ammonia,200.0,Ammonia,188.6933,11.30670166015625
10,Acetone,100.0,Acetone,84.00351,15.996490478515625
10,Ammonia,800.0,Ammonia,751.63074,48.3692626953125
10,Acetone,200.0,Acetone,186.54942,13.450576782226562
10,Ammonia,400.0,Ammonia,364.17847,35.821533203125
10,Acetone,10.0,Toluene,36.959923,26.959922790527344
10,Ammonia,50.0,Ammonia,56.0952,6.0951995849609375
10,Acetone,250.0,Acetone,227.60934,22.390655517578125
10,Ammonia,600.0,Ammonia,509.77286,90.22714233398438
10,Acetone,150.0,Acetone,137.49483,12.505172729492188
10,Ammonia,1000.0,Ammonia,821.1788,178.82122802734375
10,Acetone,50.0,Acetone,45.862175,4.137825012207031
10,Ammonia,200.0,Ammonia,198.03366,1.966339111328125
10,Acetone,100.0,Acetone,84.81177,15.188232421875
10,Ammonia,800.0,Ammonia,664.72107,135.2789306640625
10,Acetone,200.0,Acetone,188.28833,11.711669921875
10,Ammonia,400.0,Ammonia,365.45016,34.549835205078125
10,Acetone,50.0,Acetone,47.142807,2.8571929931640625
10,Ammonia,200.0,Ammonia,195.34903,4.650970458984375
10,Acetone,100.0,Acetone,86.412674,13.587326049804688
10,Ammonia,800.0,Ammonia,665.3052,134.69482421875
10,Acetone,200.0,Acetone,184.7781,15.221893310546875
10,Ammonia,400.0,Ammonia,361.18692,38.813079833984375
10,Acetone,10.0,Toluene,36.006264,26.006263732910156
10,Ammonia,50.0,Ammonia,54.048492,4.048492431640625
10,Acetone,250.0,Acetone,229.08417,20.91583251953125
10,Ammonia,600.0,Ammonia,521.1744,78.82562255859375
10,Acetone,150.0,Acetone,139.40746,10.592544555664062
10,Ammonia,1000.0,Ammonia,862.8466,137.15338134765625
10,Acetone,10.0,Toluene,37.754738,27.754737854003906
10,Ammonia,50.0,Ammonia,49.147446,0.8525543212890625
10,Acetone,250.0,Acetone,221.83939,28.160614013671875
10,Ammonia,600.0,Ammonia,510.89346,89.10653686523438
10,Acetone,150.0,Acetone,139.28384,10.716156005859375
10,Ammonia,1000.0,Ammonia,857.04706,142.95294189453125
10,Acetone,50.0,Acetone,44.924294,5.075706481933594
10,Ammonia,200.0,Ammonia,197.25339,2.746612548828125
10,Acetone,100.0,Acetone,81.280624,18.719375610351562
10,Ammonia,800.0,Ammonia,700.7543,99.2457275390625
10,Acetone,200.0,Acetone,189.46103,10.538970947265625
10,Ammonia,400.0,Ammonia,381.34467,18.65533447265625
10,Acetone,150.0,Acetone,132.39986,17.600143432617188
10,Ammonia,1000.0,Ammonia,887.53467,112.46533203125
10,Acetone,50.0,Acetone,40.871872,9.128128051757812
10,Ammonia,200.0,Ammonia,192.3688,7.631195068359375
10,Acetone,100.0,Acetone,78.34573,21.654266357421875
10,Ammonia,800.0,Ammonia,676.5973,123.4027099609375
10,Acetone,200.0,Acetone,170.95679,29.043212890625
10,Ammonia,400.0,Ammonia,367.331,32.66900634765625
10,Acetone,10.0,Toluene,30.839432,20.839431762695312
10,Ammonia,50.0,Ammonia,45.546432,4.4535675048828125
10,Acetone,250.0,Acetone,203.21939,46.780609130859375
10,Ammonia,600.0,Ammonia,521.9935,78.0064697265625
10,Acetone,50.0,Acetone,40.119034,9.880966186523438
10,Ammonia,200.0,Ammonia,190.95464,9.045364379882812
10,Acetone,100.0,Acetone,79.58446,20.415542602539062
10,Ammonia,800.0,Ammonia,686.03625,113.9637451171875
10,Acetone,200.0,Acetone,166.57399,33.42601013183594
10,Ammonia,400.0,Ammonia,370.89478,29.105224609375
10,Acetone,10.0,Toluene,27.077637,17.07763671875
10,Ammonia,50.0,Ammonia,46.98089,3.0191116333007812
10,Acetone,250.0,Acetone,216.16077,33.8392333984375
10,Ammonia,600.0,Ammonia,535.3701,64.6298828125
10,Acetone,150.0,Acetone,123.66045,26.33954620361328
10,Ammonia,1000.0,Ammonia,825.1545,174.84552001953125
10,Acetone,10.0,Toluene,29.333542,19.333541870117188
10,Ammonia,50.0,Ammonia,45.729424,4.270576477050781
10,Acetone,50.0,Acetone,43.052147,6.947853088378906
10,Ammonia,200.0,Ammonia,196.03827,3.96173095703125
10,Acetone,100.0,Acetone,76.282364,23.717636108398438
10,Ammonia,800.0,Ammonia,681.7853,118.2147216796875
10,Acetone,200.0,Acetone,177.06256,22.93743896484375
10,Ammonia,400.0,Ammonia,368.62973,31.370269775390625
10,Acetone,250.0,Acetone,221.00226,28.99774169921875
10,Ammonia,600.0,Ammonia,540.68427,59.31573486328125
10,Acetone,150.0,Acetone,120.739334,29.260665893554688
10,Ammonia,1000.0,Ammonia,809.606,190.39398193359375
10,Acetone,200.0,Acetone,167.95734,32.04266357421875
10,Ammonia,400.0,Ammonia,370.8798,29.120208740234375
10,Acetone,10.0,Toluene,29.521935,19.521934509277344
10,Ammonia,50.0,Ammonia,42.372536,7.627464294433594
10,Acetone,250.0,Acetone,209.4875,40.51249694824219
10,Ammonia,600.0,Ammonia,534.71014,65.28985595703125
10,Acetone,150.0,Acetone,123.04693,26.95307159423828
10,Ammonia,1000.0,Ammonia,821.6182,178.38177490234375
10,Acetone,50.0,Acetone,42.29854,7.7014617919921875
10,Ammonia,200.0,Ammonia,191.99945,8.00054931640625
10,Acetone,100.0,Acetone,78.26401,21.735992431640625
10,Ammonia,800.0,Ammonia,698.0728,101.92718505859375
10,Acetone,50.0,Acetone,46.262527,3.7374725341796875
10,Ammonia,200.0,Ammonia,194.6842,5.3157958984375
10,Acetone,100.0,Acetone,84.3107,15.689300537109375
10,Ammonia,800.0,Ammonia,668.70325,131.2967529296875
10,Acetone,200.0,Acetone,185.91302,14.08697509765625
10,Ammonia,400.0,Ammonia,383.05493,16.945068359375
10,Acetone,10.0,Toluene,36.790627,26.790626525878906
10,Ammonia,50.0,Ammonia,51.629005,1.6290054321289062
10,Acetone,250.0,Acetone,229.11201,20.887985229492188
10,Ammonia,600.0,Ammonia,539.9447,60.0552978515625
10,Acetone,150.0,Acetone,136.29544,13.704559326171875
10,Ammonia,1000.0,Ammonia,833.3251,166.6749267578125
10,Acetone,150.0,Acetone,129.99211,20.007888793945312
10,Ammonia,1000.0,Ammonia,834.3194,165.68060302734375
10,Acetone,50.0,Acetone,45.326935,4.673065185546875
10,Ammonia,200.0,Ammonia,187.8194,12.18060302734375
10,Acetone,100.0,Acetone,76.67528,23.324722290039062
10,Ammonia,800.0,Ammonia,682.97906,117.02093505859375
10,Acetone,200.0,Acetone,173.63762,26.362380981445312
10,Ammonia,400.0,Ammonia,363.80164,36.1983642578125
10,Acetone,10.0,Toluene,36.093285,26.093284606933594
10,Ammonia,50.0,Ammonia,47.374237,2.625762939453125
10,Acetone,250.0,Acetone,223.76607,26.233932495117188
10,Ammonia,600.0,Ammonia,529.436,70.56402587890625
10,Acetone,250.0,Acetone,230.57535,19.424652099609375
10,Ammonia,600.0,Ammonia,518.4501,81.5499267578125
10,Acetone,150.0,Acetone,129.94539,20.054611206054688
10,Ammonia,1000.0,Ammonia,795.983,204.01702880859375
10,Acetone,10.0,Toluene,31.647858,21.647857666015625
10,Ammonia,50.0,Ammonia,44.951996,5.048004150390625
10,Acetone,50.0,Acetone,44.02836,5.971641540527344
10,Ammonia,200.0,Ammonia,184.33865,15.661346435546875
10,Acetone,100.0,Acetone,79.06087,20.939132690429688
10,Ammonia,800.0,Ammonia,665.08624,134.91375732421875
10,Acetone,200.0,Acetone,180.4842,19.515792846679688
10,Ammonia,400.0,Ammonia,353.36636,46.633636474609375
10,Acetone,10.0,Toluene,34.876747,24.876747131347656
10,Ammonia,50.0,Ammonia,51.271523,1.2715225219726562
10,Acetone,250.0,Acetone,224.47574,25.524261474609375
10,Ammonia,600.0,Ammonia,506.65533,93.34466552734375
10,Acetone,150.0,Acetone,134.06436,15.935638427734375
10,Ammonia,1000.0,Ammonia,813.5722,186.42779541015625
10,Acetone,50.0,Acetone,44.21801,5.781990051269531
10,Ammonia,200.0,Ammonia,180.75099,19.249008178710938
10,Acetone,100.0,Acetone,82.61337,17.386627197265625
10,Ammonia,800.0,Ammonia,645.3327,154.66729736328125
10,Acetone,200.0,Acetone,182.92548,17.07452392578125
10,Ammonia,400.0,Ammonia,346.43082,53.569183349609375
10,Acetone,50.0,Acetone,45.331497,4.6685028076171875
10,Ammonia,200.0,Ammonia,184.28503,15.7149658203125
10,Acetone,100.0,Acetone,81.37024,18.6297607421875
10,Ammonia,800.0,Ammonia,660.4866,139.513427734375
10,Acetone,200.0,Acetone,183.07675,16.923248291015625
10,Ammonia,400.0,Ammonia,348.12762,51.87237548828125
10,Acetone,10.0,Toluene,35.914917,25.9149169921875
10,Ammonia,50.0,Toluene,51.880516,1.8805160522460938
10,Acetone,250.0,Acetone,223.34656,26.6534423828125
10,Ammonia,600.0,Ammonia,503.94604,96.053955078125
10,Acetone,150.0,Acetone,133.40602,16.593978881835938
10,Ammonia,1000.0,Ammonia,823.2576,176.74237060546875
10,Acetone,10.0,Acetone,20.34819,10.348190307617188
10,Ammonia,50.0,Toluene,31.385895,18.614105224609375
10,Acetone,250.0,Acetone,204.08865,45.911346435546875
10,Ammonia,600.0,Ammonia,435.1158,164.88418579101562
10,Acetone,150.0,Acetone,110.51019,39.48980712890625
10,Ammonia,1000.0,Ammonia,684.4489,315.55108642578125
10,Acetone,50.0,Acetone,37.345703,12.654296875
10,Ammonia,200.0,Ammonia,161.50854,38.491455078125
10,Acetone,100.0,Acetone,67.118484,32.88151550292969
10,Ammonia,800.0,Ammonia,577.671,222.3289794921875
10,Acetone,200.0,Acetone,169.08006,30.919937133789062
10,Ammonia,400.0,Ammonia,319.75842,80.2415771484375
10,Acetone,150.0,Acetone,117.605385,32.394615173339844
10,Ammonia,1000.0,Ammonia,710.97974,289.020263671875
10,Acetone,50.0,Acetone,38.31562,11.684379577636719
10,Ammonia,200.0,Ammonia,166.29814,33.70185852050781
10,Acetone,100.0,Acetone,68.903015,31.09698486328125
10,Ammonia,800.0,Ammonia,585.9257,214.07427978515625
10,Acetone,200.0,Acetone,163.59666,36.40333557128906
10,Ammonia,400.0,Ammonia,325.47913,74.5208740234375
10,Acetone,10.0,Acetone,21.248077,11.248077392578125
10,Ammonia,50.0,Toluene,35.20759,14.792411804199219
10,Acetone,250.0,Acetone,206.77728,43.22271728515625
10,Ammonia,600.0,Ammonia,440.2076,159.79238891601562
10,Acetone,50.0,Acetone,38.175392,11.824607849121094
10,Ammonia,200.0,Ammonia,157.82504,42.174957275390625
10,Acetone,100.0,Acetone,66.15909,33.840911865234375
10,Ammonia,800.0,Ammonia,539.158,260.84197998046875
10,Acetone,200.0,Acetone,159.37329,40.626708984375
10,Ammonia,400.0,Ammonia,305.13693,94.86306762695312
10,Acetone,10.0,Acetone,20.722107,10.72210693359375
10,Ammonia,50.0,Toluene,33.367065,16.6329345703125
10,Acetone,250.0,Acetone,202.6122,47.38780212402344
10,Ammonia,600.0,Ammonia,432.28632,167.71368408203125
10,Acetone,150.0,Acetone,114.56572,35.43428039550781
10,Ammonia,1000.0,Ammonia,669.8662,330.1337890625
10,Acetone,10.0,Acetone,20.058464,10.058464050292969
10,Ammonia,50.0,Toluene,33.620193,16.379806518554688
10,Acetone,50.0,Acetone,38.170914,11.829086303710938
10,Ammonia,200.0,Ammonia,160.74568,39.25431823730469
10,Acetone,100.0,Acetone,66.21462,33.785377502441406
10,Ammonia,800.0,Ammonia,576.4456,223.55438232421875
10,Acetone,200.0,Acetone,163.5377,36.46229553222656
10,Ammonia,400.0,Ammonia,321.07355,78.92645263671875
10,Acetone,250.0,Acetone,208.55391,41.44609069824219
10,Ammonia,600.0,Ammonia,453.857,146.14300537109375
10,Acetone,150.0,Acetone,114.64347,35.356529235839844
10,Ammonia,1000.0,Ammonia,692.4802,307.519775390625
10,Acetone,200.0,Acetone,160.704,39.29600524902344
10,Ammonia,400.0,Ammonia,321.09964,78.90036010742188
10,Acetone,10.0,Acetone,20.46762,10.467620849609375
10,Ammonia,50.0,Toluene,39.223404,10.776596069335938
10,Acetone,250.0,Acetone,203.10678,46.893218994140625
10,Ammonia,600.0,Ammonia,454.78143,145.21856689453125
10,Acetone,150.0,Acetone,114.665474,35.33452606201172
10,Ammonia,1000.0,Ammonia,722.6612,277.33880615234375
10,Acetone,50.0,Acetone,36.614998,13.385002136230469
10,Ammonia,200.0,Ammonia,168.14232,31.857681274414062
10,Acetone,100.0,Acetone,65.71521,34.2847900390625
10,Ammonia,800.0,Ammonia,611.1544,188.8455810546875
10,Acetone,50.0,Acetone,44.10517,5.894828796386719
10,Ammonia,200.0,Ammonia,178.41663,21.5833740234375
10,Acetone,100.0,Acetone,71.39702,28.602981567382812
10,Ammonia,800.0,Ammonia,625.15314,174.84686279296875
10,Acetone,200.0,Acetone,173.98514,26.014862060546875
10,Ammonia,400.0,Ammonia,328.04666,71.95333862304688
10,Acetone,10.0,Acetone,29.503624,19.503623962402344
10,Ammonia,50.0,Ammonia,53.57682,3.5768203735351562
10,Acetone,250.0,Acetone,216.21436,33.78564453125
10,Ammonia,600.0,Ammonia,478.99988,121.0001220703125
10,Acetone,150.0,Acetone,121.16613,28.83386993408203
10,Ammonia,1000.0,Ammonia,730.0769,269.923095703125
10,Acetone,150.0,Acetone,117.99741,32.002586364746094
10,Ammonia,1000.0,Ammonia,750.49854,249.50146484375
10,Acetone,50.0,Acetone,39.001137,10.998863220214844
10,Ammonia,200.0,Ammonia,175.20955,24.790451049804688
10,Acetone,100.0,Acetone,67.74222,32.257781982421875
10,Ammonia,800.0,Ammonia,625.19934,174.8006591796875
10,Acetone,200.0,Acetone,165.9125,34.087493896484375
10,Ammonia,400.0,Ammonia,338.1478,61.852203369140625
10,Acetone,10.0,Acetone,22.982254,12.982254028320312
10,Ammonia,50.0,Ammonia,48.775673,1.2243270874023438
10,Acetone,250.0,Acetone,213.14938,36.850616455078125
10,Ammonia,600.0,Ammonia,490.60376,109.396240234375
10,Acetone,250.0,Acetone,206.47397,43.526031494140625
10,Ammonia,600.0,Ammonia,495.6208,104.37921142578125
10,Acetone,150.0,Acetone,118.14928,31.850723266601562
10,Ammonia,1000.0,Ammonia,769.43524,230.56475830078125
10,Acetone,10.0,Acetone,23.181099,13.181098937988281
10,Ammonia,50.0,Ammonia,47.085625,2.9143753051757812
10,Acetone,50.0,Acetone,38.97116,11.028839111328125
10,Ammonia,200.0,Ammonia,178.5221,21.4779052734375
10,Acetone,100.0,Acetone,66.91757,33.082427978515625
10,Ammonia,800.0,Ammonia,623.7548,176.24517822265625
10,Acetone,200.0,Acetone,162.94966,37.05033874511719
10,Ammonia,400.0,Ammonia,347.30615,52.69384765625
10,Acetone,10.0,Acetone,22.163788,12.163787841796875
10,Ammonia,50.0,Ammonia,45.58232,4.4176788330078125
10,Acetone,250.0,Acetone,205.17493,44.8250732421875
10,Ammonia,600.0,Ammonia,491.82074,108.17926025390625
10,Acetone,150.0,Acetone,116.58685,33.41314697265625
10,Ammonia,1000.0,Ammonia,765.1179,234.882080078125
10,Acetone,50.0,Acetone,38.61621,11.3837890625
10,Ammonia,200.0,Ammonia,183.46806,16.531936645507812
10,Acetone,100.0,Acetone,70.178024,29.821975708007812
10,Ammonia,800.0,Ammonia,638.7172,161.28277587890625
10,Acetone,200.0,Acetone,162.84718,37.15281677246094
10,Ammonia,400.0,Ammonia,344.99564,55.004364013671875
10,Acetone,50.0,Acetone,38.89962,11.100379943847656
10,Ammonia,200.0,Ammonia,183.1725,16.827499389648438
10,Acetone,100.0,Acetone,69.3296,30.67040252685547
10,Ammonia,800.0,Ammonia,634.3754,165.62457275390625
10,Acetone,200.0,Acetone,165.12762,34.87237548828125
10,Ammonia,400.0,Ammonia,347.28494,52.715057373046875
10,Acetone,10.0,Acetone,22.360664,12.360664367675781
10,Ammonia,50.0,Ammonia,43.705276,6.2947235107421875
10,Acetone,250.0,Acetone,205.96211,44.03788757324219
10,Ammonia,600.0,Ammonia,495.45398,104.5460205078125
10,Acetone,150.0,Acetone,117.57511,32.424888610839844
10,Ammonia,1000.0,Ammonia,758.4829,241.51708984375
10,Acetone,10.0,Acetone,21.637016,11.637016296386719
10,Ammonia,50.0,Ammonia,43.894424,6.1055755615234375
10,Acetone,250.0,Acetone,199.96097,50.039031982421875
10,Ammonia,600.0,Ammonia,484.60568,115.39431762695312
10,Acetone,150.0,Acetone,118.45083,31.549171447753906
10,Ammonia,1000.0,Ammonia,767.5204,232.4796142578125
10,Acetone,50.0,Acetone,37.27752,12.722480773925781
10,Ammonia,200.0,Ammonia,180.61794,19.382064819335938
10,Acetone,100.0,Acetone,67.04562,32.954376220703125
10,Ammonia,800.0,Ammonia,641.7004,158.29962158203125
10,Acetone,200.0,Acetone,163.45505,36.544952392578125
10,Ammonia,400.0,Ammonia,344.7173,55.28271484375
10,Acetone,150.0,Acetone,124.446175,25.55382537841797
10,Ammonia,1000.0,Ammonia,764.6332,235.3668212890625
10,Acetone,50.0,Acetone,36.990417,13.00958251953125
10,Ammonia,200.0,Ammonia,179.65413,20.345870971679688
10,Acetone,100.0,Acetone,71.94913,28.050872802734375
10,Ammonia,800.0,Ammonia,630.4695,169.530517578125
10,Acetone,200.0,Acetone,170.11375,29.886245727539062
10,Ammonia,400.0,Ammonia,349.50784,50.492156982421875
10,Acetone,10.0,Acetone,27.216606,17.21660614013672
10,Ammonia,50.0,Ammonia,48.56732,1.43267822265625
10,Acetone,250.0,Acetone,201.54506,48.45494079589844
10,Ammonia,600.0,Ammonia,492.16568,107.83432006835938
10,Acetone,50.0,Acetone,39.47429,10.525711059570312
10,Ammonia,200.0,Ammonia,189.2475,10.75250244140625
10,Acetone,100.0,Acetone,78.64722,21.352783203125
10,Ammonia,800.0,Ammonia,641.4756,158.5244140625
10,Acetone,200.0,Acetone,163.90471,36.09529113769531
10,Ammonia,400.0,Ammonia,347.94183,52.05816650390625
10,Acetone,10.0,Acetone,24.607323,14.607322692871094
10,Ammonia,50.0,Ammonia,42.640823,7.3591766357421875
10,Acetone,250.0,Acetone,214.25323,35.74676513671875
10,Ammonia,600.0,Ammonia,498.7772,101.22280883789062
10,Acetone,150.0,Acetone,114.90498,35.09501647949219
10,Ammonia,1000.0,Ammonia,776.4808,223.51922607421875
10,Acetone,10.0,Acetone,28.97454,18.97454071044922
10,Ammonia,50.0,Ammonia,49.64373,0.35626983642578125
10,Acetone,50.0,Acetone,47.55487,2.44512939453125
10,Ammonia,200.0,Ammonia,193.1872,6.81280517578125
10,Acetone,100.0,Acetone,75.74964,24.25035858154297
10,Ammonia,800.0,Ammonia,644.1889,155.81109619140625
10,Acetone,200.0,Acetone,176.71321,23.286788940429688
10,Ammonia,400.0,Ammonia,355.1677,44.832305908203125
10,Acetone,250.0,Acetone,221.41855,28.581451416015625
10,Ammonia,600.0,Ammonia,497.6426,102.35739135742188
10,Acetone,150.0,Acetone,114.88042,35.11958312988281
10,Ammonia,1000.0,Ammonia,764.5297,235.47027587890625
10,Acetone,200.0,Acetone,155.01562,44.984375
10,Ammonia,400.0,Ammonia,349.41562,50.584381103515625
10,Acetone,10.0,Acetone,21.783768,11.783767700195312
10,Ammonia,50.0,Ammonia,41.374878,8.6251220703125
10,Acetone,250.0,Acetone,195.8354,54.16459655761719
10,Ammonia,600.0,Ammonia,502.0903,97.90969848632812
10,Acetone,150.0,Acetone,113.67723,36.32276916503906
10,Ammonia,1000.0,Ammonia,771.4791,228.5208740234375
10,Acetone,50.0,Acetone,38.68215,11.317848205566406
10,Ammonia,200.0,Ammonia,181.28368,18.716323852539062
10,Acetone,100.0,Acetone,68.53447,31.465530395507812
10,Ammonia,800.0,Ammonia,628.5225,171.47747802734375
10,Acetone,50.0,Acetone,38.340088,11.659912109375
10,Ammonia,200.0,Ammonia,183.92645,16.07354736328125
10,Acetone,100.0,Acetone,65.84125,34.15875244140625
10,Ammonia,800.0,Ammonia,633.1492,166.850830078125
10,Acetone,200.0,Acetone,156.32013,43.67987060546875
10,Ammonia,400.0,Ammonia,349.67957,50.3204345703125
10,Acetone,10.0,Acetone,20.80207,10.802070617675781
10,Ammonia,50.0,Ammonia,41.457214,8.54278564453125
10,Acetone,250.0,Acetone,197.63718,52.362823486328125
10,Ammonia,600.0,Ammonia,488.11215,111.88784790039062
10,Acetone,150.0,Acetone,113.45263,36.54737091064453
10,Ammonia,1000.0,Ammonia,760.749,239.2509765625
10,Acetone,150.0,Acetone,104.61357,45.38642883300781
10,Ammonia,1000.0,Ammonia,756.395,243.60498046875
10,Acetone,50.0,Acetone,40.136894,9.863105773925781
10,Ammonia,200.0,Ammonia,183.3929,16.607101440429688
10,Acetone,100.0,Acetone,65.34192,34.6580810546875
10,Ammonia,800.0,Ammonia,616.34296,183.65704345703125
10,Acetone,200.0,Acetone,159.64317,40.35682678222656
10,Ammonia,400.0,Ammonia,348.7478,51.252197265625
10,Acetone,10.0,Acetone,21.496475,11.496475219726562
10,Ammonia,50.0,Ammonia,42.589622,7.410377502441406
10,Acetone,250.0,Acetone,202.92953,47.070465087890625
10,Ammonia,600.0,Ammonia,492.20776,107.792236328125
10,Acetone,250.0,Acetone,203.65775,46.342254638671875
10,Ammonia,600.0,Ammonia,486.29932,113.70068359375
10,Acetone,150.0,Acetone,106.93002,43.069976806640625
10,Ammonia,1000.0,Ammonia,744.746,255.2540283203125
10,Acetone,10.0,Acetone,20.996834,10.996833801269531
10,Ammonia,50.0,Ammonia,42.208565,7.791435241699219
10,Acetone,50.0,Acetone,37.898567,12.101432800292969
10,Ammonia,200.0,Ammonia,186.9845,13.0155029296875
10,Acetone,100.0,Acetone,66.81974,33.180259704589844
10,Ammonia,800.0,Ammonia,650.17126,149.8287353515625
10,Acetone,200.0,Acetone,156.02504,43.97496032714844
10,Ammonia,400.0,Ammonia,352.52277,47.47723388671875
10,Acetone,10.0,Acetone,19.469795,9.469795227050781
10,Ammonia,50.0,Ammonia,40.796173,9.203826904296875
10,Acetone,250.0,Acetone,175.31519,74.684814453125
10,Ammonia,600.0,Ammonia,507.16916,92.83084106445312
10,Acetone,150.0,Acetone,108.82148,41.17852020263672
10,Ammonia,1000.0,Ammonia,773.3339,226.66607666015625
10,Acetone,50.0,Acetone,36.325706,13.674293518066406
10,Ammonia,200.0,Ammonia,185.57654,14.4234619140625
10,Acetone,100.0,Acetone,66.936325,33.06367492675781
10,Ammonia,800.0,Ammonia,647.92084,152.07916259765625
10,Acetone,200.0,Acetone,154.04909,45.95091247558594
10,Ammonia,400.0,Ammonia,358.88763,41.11236572265625
10,Acetone,50.0,Acetone,37.072296,12.927703857421875
10,Ammonia,200.0,Ammonia,191.74324,8.256759643554688
10,Acetone,100.0,Acetone,66.39641,33.60359191894531
10,Ammonia,800.0,Ammonia,653.4397,146.560302734375
10,Acetone,200.0,Acetone,153.96643,46.0335693359375
10,Ammonia,400.0,Ammonia,358.7862,41.21380615234375
10,Acetone,10.0,Acetone,19.290047,9.290046691894531
10,Ammonia,50.0,Ammonia,43.78434,6.215660095214844
10,Acetone,250.0,Acetone,187.59692,62.403076171875
10,Ammonia,600.0,Ammonia,505.63257,94.367431640625
10,Acetone,150.0,Acetone,112.010574,37.98942565917969
10,Ammonia,1000.0,Ammonia,771.54913,228.45086669921875
10,Ethylene,10.0,Toluene,15.471352,5.471351623535156
10,Ammonia,50.0,Ammonia,39.78077,10.219230651855469
10,Ethylene,250.0,Ethylene,119.590416,130.40958404541016
10,Ammonia,600.0,Ammonia,471.2756,128.72439575195312
10,Ethylene,150.0,Ethylene,80.777695,69.22230529785156
10,Ammonia,1000.0,Ammonia,736.9985,263.00152587890625
10,Ethylene,50.0,Toluene,29.56591,20.43408966064453
10,Ammonia,200.0,Ammonia,177.89883,22.101165771484375
10,Ethylene,100.0,Ethylene,57.669098,42.330902099609375
10,Ammonia,800.0,Ammonia,612.7965,187.2034912109375
10,Ethylene,200.0,Ethylene,95.88678,104.11322021484375
10,Ammonia,400.0,Ammonia,342.79877,57.20123291015625
10,Ethylene,150.0,Ethylene,83.120834,66.87916564941406
10,Ammonia,1000.0,Ammonia,718.1277,281.872314453125
10,Ethylene,50.0,Ethylene,31.820633,18.179367065429688
10,Ammonia,200.0,Ammonia,180.95872,19.041275024414062
10,Ethylene,100.0,Ethylene,65.72039,34.27960968017578
10,Ammonia,800.0,Ammonia,587.0426,212.9573974609375
10,Ethylene,200.0,Ethylene,99.529396,100.4706039428711
10,Ammonia,400.0,Ammonia,332.38504,67.61495971679688
10,Ethylene,10.0,Toluene,27.861725,17.861724853515625
10,Ammonia,50.0,Ammonia,48.85244,1.1475601196289062
10,Ethylene,250.0,Ethylene,132.68994,117.31005859375
10,Ammonia,600.0,Ammonia,497.04315,102.95684814453125
10,Ethylene,50.0,Ethylene,42.21319,7.786811828613281
10,Ammonia,200.0,Ammonia,179.27292,20.727081298828125
10,Ethylene,100.0,Ethylene,73.31459,26.685409545898438
10,Ammonia,800.0,Ammonia,594.05225,205.94775390625
10,Ethylene,200.0,Ethylene,103.63046,96.36953735351562
10,Ammonia,400.0,Ammonia,331.3412,68.6588134765625
10,Ethylene,10.0,Toluene,28.844513,18.844512939453125
10,Ammonia,50.0,Ammonia,56.24238,6.242378234863281
10,Ethylene,250.0,Ethylene,133.38255,116.61744689941406
10,Ammonia,600.0,Ammonia,484.66003,115.3399658203125
10,Ethylene,150.0,Ethylene,97.62689,52.37310791015625
10,Ammonia,1000.0,Ammonia,718.9168,281.08319091796875
10,Ethylene,10.0,Toluene,28.91452,18.914520263671875
10,Ammonia,50.0,Ammonia,57.321625,7.321624755859375
10,Ethylene,50.0,Toluene,44.87976,5.1202392578125
10,Ammonia,200.0,Ammonia,178.18906,21.810943603515625
10,Ethylene,100.0,Ethylene,77.44836,22.55164337158203
10,Ammonia,800.0,Ammonia,622.91895,177.0810546875
10,Ethylene,200.0,Ethylene,110.57411,89.42588806152344
10,Ammonia,400.0,Ammonia,341.46283,58.53717041015625
10,Ethylene,250.0,Ethylene,136.07954,113.92045593261719
10,Ammonia,600.0,Ammonia,492.63095,107.36904907226562
10,Ethylene,150.0,Ethylene,98.67499,51.32501220703125
10,Ammonia,1000.0,Ammonia,736.61646,263.383544921875
10,Ethylene,200.0,Ethylene,111.90994,88.09005737304688
10,Ammonia,400.0,Ammonia,338.31998,61.680023193359375
10,Ethylene,10.0,Toluene,23.37468,13.374679565429688
10,Ammonia,50.0,Ammonia,57.722343,7.722343444824219
10,Ethylene,250.0,Ammonia,134.42834,115.5716552734375
10,Ammonia,600.0,Ammonia,492.68198,107.31802368164062
10,Ethylene,150.0,Ethylene,99.33956,50.660438537597656
10,Ammonia,1000.0,Ammonia,743.6801,256.31988525390625
10,Ethylene,50.0,Toluene,45.24633,4.753669738769531
10,Ammonia,200.0,Ammonia,184.25674,15.743255615234375
10,Ethylene,100.0,Ethylene,76.88913,23.110870361328125
10,Ammonia,800.0,Ammonia,626.44525,173.55474853515625
10,Ethylene,50.0,Toluene,43.62555,6.37445068359375
10,Ammonia,200.0,Ammonia,183.83012,16.169876098632812
10,Ethylene,100.0,Ethylene,79.675934,20.324066162109375
10,Ammonia,800.0,Ammonia,621.7915,178.20849609375
10,Ethylene,200.0,Ethylene,113.33604,86.6639633178711
10,Ammonia,400.0,Ammonia,339.63852,60.361480712890625
10,Ethylene,10.0,Toluene,28.68679,18.686790466308594
10,Ammonia,50.0,Ammonia,60.84675,10.846748352050781
10,Ethylene,250.0,Ethylene,137.6638,112.33619689941406
10,Ammonia,600.0,Ammonia,478.1625,121.83749389648438
10,Ethylene,150.0,Ethylene,97.788475,52.211524963378906
10,Ammonia,1000.0,Ammonia,759.72736,240.27264404296875
10,Ethylene,150.0,Ethylene,98.4877,51.512298583984375
10,Ammonia,1000.0,Ammonia,763.5221,236.4779052734375
10,Ethylene,50.0,Toluene,40.9534,9.046600341796875
10,Ammonia,200.0,Ammonia,183.23903,16.760971069335938
10,Ethylene,100.0,Ethylene,82.379715,17.620285034179688
10,Ammonia,800.0,Ammonia,650.9177,149.082275390625
10,Ethylene,200.0,Ethylene,111.332794,88.66720581054688
10,Ammonia,400.0,Ammonia,340.78244,59.217559814453125
10,Ethylene,10.0,Toluene,27.796318,17.79631805419922
10,Ammonia,50.0,Ammonia,56.86267,6.8626708984375
10,Ethylene,250.0,Ethylene,137.84824,112.15176391601562
10,Ammonia,600.0,Ammonia,498.86905,101.13095092773438
10,Ethylene,250.0,Ethylene,136.31082,113.68917846679688
10,Ammonia,600.0,Ammonia,496.46677,103.53323364257812
10,Ethylene,150.0,Ethylene,86.09249,63.907508850097656
10,Ammonia,1000.0,Ammonia,768.60846,231.39154052734375
10,Ethylene,10.0,Toluene,15.785927,5.785926818847656
10,Ammonia,50.0,Ammonia,43.52363,6.476371765136719
10,Ethylene,50.0,Ethylene,29.626442,20.373558044433594
10,Ammonia,200.0,Ammonia,185.04962,14.95037841796875
10,Ethylene,100.0,Ethylene,69.30542,30.694580078125
10,Ammonia,800.0,Ammonia,638.37463,161.6253662109375
10,Ethylene,200.0,Ethylene,106.0739,93.92610168457031
10,Ammonia,400.0,Ammonia,349.48633,50.513671875
10,Ethylene,10.0,Toluene,15.6601715,5.6601715087890625
10,Ammonia,50.0,Ammonia,44.092484,5.9075164794921875
10,Ethylene,250.0,Ethylene,142.48181,107.5181884765625
10,Ammonia,600.0,Ammonia,495.94724,104.05276489257812
10,Ethylene,150.0,Ethylene,87.03685,62.96315002441406
10,Ammonia,1000.0,Ammonia,779.3914,220.60858154296875
10,Ethylene,50.0,Ethylene,32.48098,17.519020080566406
10,Ammonia,200.0,Ammonia,183.70938,16.290618896484375
10,Ethylene,100.0,Ethylene,68.378426,31.62157440185547
10,Ammonia,800.0,Ammonia,641.2801,158.71990966796875
10,Ethylene,200.0,Ethylene,106.98557,93.0144271850586
10,Ammonia,400.0,Ammonia,347.79135,52.208648681640625
10,Ethylene,50.0,Ethylene,32.90622,17.093780517578125
10,Ammonia,200.0,Ammonia,186.20946,13.790542602539062
10,Ethylene,100.0,Ethylene,67.28549,32.714508056640625
10,Ammonia,800.0,Ammonia,645.3272,154.67279052734375
10,Ethylene,200.0,Ethylene,107.231964,92.76803588867188
10,Ammonia,400.0,Ammonia,350.4546,49.54541015625
10,Ethylene,10.0,Toluene,14.935898,4.9358978271484375
10,Ammonia,50.0,Ammonia,42.701935,7.298065185546875
10,Ethylene,250.0,Ethylene,138.55827,111.44172668457031
10,Ammonia,600.0,Ammonia,501.1295,98.87051391601562
10,Ethylene,150.0,Ethylene,86.42627,63.57373046875
10,Ammonia,1000.0,Ammonia,763.658,236.34197998046875
10,Toluene,1.0,Toluene,13.815498,12.815498352050781
10,Ethanol,50.0,Acetone,33.40583,16.59416961669922
10,Toluene,100.0,Acetone,97.28964,2.710357666015625
10,Ethanol,600.0,Acetone,277.66794,322.3320617675781
10,Toluene,60.0,Acetone,45.945793,14.054206848144531
10,Ethanol,1000.0,Acetone,496.15186,503.84814453125
10,Toluene,20.0,Toluene,26.912003,6.9120025634765625
10,Ethanol,200.0,Acetone,118.14434,81.85565948486328
10,Toluene,40.0,Toluene,33.816322,6.183677673339844
10,Ethanol,800.0,Acetone,387.29962,412.70037841796875
10,Toluene,80.0,Acetone,67.308014,12.691986083984375
10,Ethanol,400.0,Acetone,203.5576,196.44239807128906
10,Toluene,60.0,Ethylene,48.845154,11.15484619140625
10,Ethanol,1000.0,Ammonia,504.35925,495.6407470703125
10,Toluene,20.0,Toluene,26.693878,6.693878173828125
10,Ethanol,200.0,Acetone,113.29457,86.70542907714844
10,Toluene,40.0,Toluene,36.19908,3.8009185791015625
10,Ethanol,800.0,Acetone,409.64636,390.3536376953125
10,Toluene,80.0,Acetone,67.664894,12.335105895996094
10,Ethanol,400.0,Acetone,203.30414,196.69586181640625
10,Toluene,1.0,Toluene,18.874054,17.874053955078125
10,Ethanol,50.0,Acetone,36.41091,13.589088439941406
10,Toluene,100.0,Acetone,100.90824,0.9082412719726562
10,Ethanol,600.0,Acetone,288.48163,311.51837158203125
10,Toluene,20.0,Toluene,24.159348,4.1593475341796875
10,Ethanol,200.0,Acetone,118.870834,81.12916564941406
10,Toluene,40.0,Toluene,35.55471,4.445289611816406
10,Ethanol,800.0,Acetone,394.43918,405.5608215332031
10,Toluene,80.0,Acetone,66.23862,13.761383056640625
10,Ethanol,400.0,Acetone,205.867,194.13299560546875
10,Toluene,1.0,Toluene,16.59034,15.590339660644531
10,Ethanol,50.0,Acetone,36.472046,13.5279541015625
10,Toluene,100.0,Acetone,99.54054,0.4594573974609375
10,Ethanol,600.0,Acetone,302.89008,297.10992431640625
10,Toluene,60.0,Ethylene,52.559174,7.440826416015625
10,Ethanol,1000.0,Acetone,488.99295,511.0070495605469
10,Toluene,1.0,Toluene,13.059364,12.059364318847656
10,Ethanol,50.0,Acetone,34.24778,15.752220153808594
10,Toluene,20.0,Toluene,23.584671,3.5846710205078125
10,Ethanol,200.0,Acetone,119.42089,80.57910919189453
10,Toluene,40.0,Ethylene,35.337646,4.662353515625
10,Ethanol,800.0,Acetone,401.215,398.7850036621094
10,Toluene,80.0,Acetone,66.436325,13.563674926757812
10,Ethanol,400.0,Acetone,198.38663,201.61337280273438
10,Toluene,100.0,Acetone,93.27141,6.7285919189453125
10,Ethanol,600.0,Acetone,277.64523,322.3547668457031
10,Toluene,60.0,Ethylene,48.407463,11.592536926269531
10,Ethanol,1000.0,Acetone,480.0508,519.9491882324219
10,Toluene,80.0,Ethylene,66.55879,13.441207885742188
10,Ethanol,400.0,Acetone,204.18372,195.8162841796875
10,Toluene,1.0,Toluene,15.482025,14.482025146484375
10,Ethanol,50.0,Acetone,34.375908,15.624092102050781
10,Toluene,100.0,Acetone,97.93966,2.0603408813476562
10,Ethanol,600.0,Acetone,279.6814,320.318603515625
10,Toluene,60.0,Ethylene,49.191498,10.808502197265625
10,Ethanol,1000.0,Acetone,495.1505,504.8494873046875
10,Toluene,20.0,Toluene,26.980865,6.980865478515625
10,Ethanol,200.0,Acetone,117.19641,82.8035888671875
10,Toluene,40.0,Toluene,36.92814,3.0718612670898438
10,Ethanol,800.0,Acetone,391.39673,408.603271484375
10,Toluene,20.0,Toluene,23.86412,3.8641204833984375
10,Ethanol,200.0,Ammonia,111.37775,88.62225341796875
10,Toluene,40.0,Toluene,33.66308,6.336921691894531
10,Ethanol,800.0,Acetone,364.30255,435.69744873046875
10,Toluene,80.0,Ethylene,66.21974,13.780258178710938
10,Ethanol,400.0,Acetone,200.76183,199.23817443847656
10,Toluene,1.0,Toluene,15.692551,14.692550659179688
10,Ethanol,50.0,Acetone,34.415436,15.584564208984375
10,Toluene,100.0,Acetone,96.66755,3.3324508666992188
10,Ethanol,600.0,Acetone,286.64087,313.359130859375
10,Toluene,60.0,Ethylene,50.9466,9.053398132324219
10,Ethanol,1000.0,Acetone,480.6613,519.3387145996094
10,Toluene,60.0,Ethylene,44.996483,15.003517150878906
10,Ethanol,1000.0,Acetone,498.41238,501.5876159667969
10,Toluene,20.0,Toluene,24.862762,4.862762451171875
10,Ethanol,200.0,Acetone,115.20798,84.79202270507812
10,Toluene,40.0,Toluene,34.501503,5.498497009277344
10,Ethanol,800.0,Acetone,382.12442,417.8755798339844
10,Toluene,80.0,Ethylene,67.1947,12.8052978515625
10,Ethanol,400.0,Acetone,198.9248,201.0751953125
10,Toluene,1.0,Toluene,14.658699,13.658699035644531
10,Ethanol,50.0,Acetone,34.98536,15.014640808105469
10,Toluene,100.0,Acetone,97.11185,2.888153076171875
10,Ethanol,600.0,Acetone,286.9225,313.0775146484375
10,Toluene,100.0,Acetone,93.6434,6.356597900390625
10,Ethanol,600.0,Acetone,287.35858,312.64141845703125
10,Toluene,60.0,Ethylene,47.412178,12.587821960449219
10,Ethanol,1000.0,Acetone,479.40393,520.5960693359375
10,Toluene,1.0,Toluene,14.355728,13.355728149414062
10,Ethanol,50.0,Acetone,31.384644,18.6153564453125
10,Toluene,20.0,Toluene,23.001915,3.0019149780273438
10,Ethanol,200.0,Acetone,118.63457,81.36543273925781
10,Toluene,40.0,Toluene,35.08174,4.9182586669921875
10,Ethanol,800.0,Acetone,377.65512,422.3448791503906
10,Toluene,80.0,Acetone,64.8242,15.175796508789062
10,Ethanol,400.0,Acetone,192.54926,207.45074462890625
10,Toluene,1.0,Toluene,16.345451,15.345451354980469
10,Ethanol,50.0,Acetone,29.503761,20.496238708496094
10,Toluene,100.0,Acetone,96.52462,3.4753799438476562
10,Ethanol,600.0,Acetone,285.58603,314.4139709472656
10,Toluene,60.0,Ethylene,50.388115,9.611885070800781
10,Ethanol,1000.0,Acetone,492.84787,507.1521301269531
10,Toluene,20.0,Toluene,25.300766,5.3007659912109375
10,Ethanol,200.0,Acetone,117.25441,82.74559020996094
10,Toluene,40.0,Toluene,34.54451,5.4554901123046875
10,Ethanol,800.0,Acetone,389.79068,410.2093200683594
10,Toluene,80.0,Acetone,66.22805,13.771949768066406
10,Ethanol,400.0,Acetone,194.85672,205.14328002929688
10,Toluene,20.0,Toluene,25.25119,5.251190185546875
10,Ethanol,200.0,Acetone,118.568405,81.43159484863281
10,Toluene,40.0,Toluene,35.607666,4.392333984375
10,Ethanol,800.0,Acetone,383.21997,416.780029296875
10,Toluene,80.0,Acetone,66.95015,13.049850463867188
10,Ethanol,400.0,Acetone,194.70242,205.29757690429688
10,Toluene,1.0,Toluene,16.696426,15.696426391601562
10,Ethanol,50.0,Acetone,33.23236,16.76763916015625
10,Toluene,100.0,Acetone,96.913574,3.08642578125
10,Ethanol,600.0,Acetone,285.48212,314.51788330078125
10,Toluene,60.0,Ethylene,49.867226,10.132774353027344
10,Ethanol,1000.0,Acetone,500.3392,499.6607971191406
10,Toluene,1.0,Toluene,12.753006,11.753005981445312
10,Ethanol,50.0,Ethanol,28.694649,21.30535125732422
10,Toluene,100.0,Toluene,63.126915,36.873085021972656
10,Ethanol,600.0,Ethanol,511.42856,88.57144165039062
10,Toluene,60.0,Toluene,27.642403,32.35759735107422
10,Ethanol,1000.0,Ethanol,973.1743,26.82568359375
10,Toluene,20.0,Toluene,20.84407,0.8440704345703125
10,Ethanol,200.0,Ethanol,132.43954,67.56045532226562
10,Toluene,40.0,Toluene,20.230904,19.76909637451172
10,Ethanol,800.0,Ethanol,719.00256,80.9974365234375
10,Toluene,80.0,Toluene,44.95276,35.0472412109375
10,Ethanol,400.0,Ethanol,342.3195,57.680511474609375
10,Toluene,60.0,Toluene,23.848015,36.15198516845703
10,Ethanol,1000.0,Ethanol,971.2163,28.78369140625
10,Toluene,20.0,Toluene,18.952065,1.0479354858398438
10,Ethanol,200.0,Ethanol,126.77985,73.22015380859375
10,Toluene,40.0,Toluene,17.974197,22.025802612304688
10,Ethanol,800.0,Ethanol,727.3384,72.66162109375
10,Toluene,80.0,Toluene,28.826569,51.173431396484375
10,Ethanol,400.0,Ethanol,322.1217,77.8782958984375
10,Toluene,1.0,Toluene,11.291374,10.291374206542969
10,Ethanol,50.0,Ethanol,30.34243,19.657569885253906
10,Toluene,100.0,Toluene,36.436844,63.56315612792969
10,Ethanol,600.0,Ethanol,514.4935,85.5064697265625
10,Toluene,20.0,Toluene,17.492294,2.5077056884765625
10,Ethanol,200.0,Ethanol,136.03918,63.9608154296875
10,Toluene,40.0,Toluene,18.461945,21.538055419921875
10,Ethanol,800.0,Ethanol,738.51013,61.4898681640625
10,Toluene,80.0,Toluene,26.54383,53.45616912841797
10,Ethanol,400.0,Ethanol,324.32953,75.67047119140625
10,Toluene,1.0,Toluene,14.266136,13.266136169433594
10,Ethanol,50.0,Ethanol,32.817467,17.182533264160156
10,Toluene,100.0,Toluene,28.20913,71.7908706665039
10,Ethanol,600.0,Ethanol,522.27423,77.72576904296875
10,Toluene,60.0,Toluene,19.058167,40.94183349609375
10,Ethanol,1000.0,Ethanol,998.4259,1.5740966796875
10,Toluene,1.0,Toluene,11.645317,10.645317077636719
10,Ethanol,50.0,Ethanol,26.790176,23.209823608398438
10,Toluene,20.0,Toluene,18.007675,1.9923248291015625
10,Ethanol,200.0,Ethanol,141.1129,58.88710021972656
10,Toluene,40.0,Toluene,17.529755,22.470245361328125
10,Ethanol,800.0,Ethanol,759.1272,40.872802734375
10,Toluene,80.0,Toluene,25.59874,54.40126037597656
10,Ethanol,400.0,Ethanol,337.38632,62.613677978515625
10,Toluene,100.0,Toluene,32.653854,67.34614562988281
10,Ethanol,600.0,Ethanol,536.8643,63.13568115234375
10,Toluene,60.0,Toluene,18.036842,41.963157653808594
10,Ethanol,1000.0,Ethanol,1136.3419,136.3419189453125
10,Toluene,80.0,Toluene,22.532875,57.467124938964844
10,Ethanol,400.0,Ethanol,327.92535,72.07464599609375
10,Toluene,1.0,Toluene,13.045761,12.045761108398438
10,Ethanol,50.0,Ethanol,26.502686,23.497314453125
10,Toluene,100.0,Toluene,31.0904,68.90959930419922
10,Ethanol,600.0,Ethanol,525.69995,74.300048828125
10,Toluene,60.0,Toluene,18.532127,41.467872619628906
10,Ethanol,1000.0,Ethanol,995.77936,4.22064208984375
10,Toluene,20.0,Toluene,17.564156,2.4358444213867188
10,Ethanol,200.0,Ethanol,137.6523,62.34770202636719
10,Toluene,40.0,Toluene,17.544662,22.455337524414062
10,Ethanol,800.0,Ethanol,765.30536,34.69464111328125
10,Toluene,20.0,Toluene,17.561562,2.4384384155273438
10,Ethanol,200.0,Ethanol,134.94046,65.05953979492188
10,Toluene,40.0,Toluene,16.725906,23.274093627929688
10,Ethanol,800.0,Ethanol,772.51276,27.48724365234375
10,Toluene,80.0,Toluene,25.99797,54.00202941894531
10,Ethanol,400.0,Ethanol,332.1127,67.88729858398438
10,Toluene,1.0,Toluene,13.606812,12.6068115234375
10,Ethanol,50.0,Ethanol,29.973076,20.02692413330078
10,Toluene,100.0,Toluene,24.658836,75.3411636352539
10,Ethanol,600.0,Ethanol,525.55194,74.44805908203125
10,Toluene,60.0,Toluene,19.305962,40.69403839111328
10,Ethanol,1000.0,Ethanol,1012.4534,12.45343017578125
10,Toluene,60.0,Toluene,18.485954,41.51404571533203
10,Ethanol,1000.0,Ethanol,1007.6107,7.6107177734375
10,Toluene,20.0,Toluene,16.781311,3.21868896484375
10,Ethanol,200.0,Ethanol,133.1796,66.82040405273438
10,Toluene,40.0,Toluene,18.264107,21.73589324951172
10,Ethanol,800.0,Ethanol,765.62463,34.3753662109375
10,Toluene,80.0,Toluene,24.075043,55.924957275390625
10,Ethanol,400.0,Ethanol,336.2514,63.74859619140625
10,Toluene,1.0,Toluene,12.958183,11.958183288574219
10,Ethanol,50.0,Ethanol,30.053307,19.946693420410156
10,Toluene,100.0,Toluene,29.610481,70.38951873779297
10,Ethanol,600.0,Ethanol,525.0627,74.93731689453125
10,Toluene,100.0,Toluene,24.632446,75.3675537109375
10,Ethanol,600.0,Ethanol,527.64856,72.3514404296875
10,Toluene,60.0,Toluene,17.328262,42.67173767089844
10,Ethanol,1000.0,Ethanol,1018.4944,18.494384765625
10,Toluene,1.0,Toluene,13.358025,12.358024597167969
10,Ethanol,50.0,Ethanol,28.698654,21.301345825195312
10,Toluene,20.0,Toluene,18.025421,1.974578857421875
10,Ethanol,200.0,Ethanol,128.1924,71.80760192871094
10,Toluene,40.0,Toluene,17.12333,22.876670837402344
10,Ethanol,800.0,Ethanol,747.8848,52.11517333984375
10,Toluene,80.0,Toluene,24.889763,55.11023712158203
10,Ethanol,400.0,Ethanol,338.16028,61.8397216796875
10,Toluene,1.0,Toluene,13.506729,12.506729125976562
10,Ethanol,50.0,Ethanol,30.668411,19.331588745117188
10,Toluene,100.0,Toluene,29.579178,70.42082214355469
10,Ethanol,600.0,Ethanol,521.8032,78.19677734375
10,Toluene,60.0,Toluene,18.766258,41.233741760253906
10,Ethanol,1000.0,Ethanol,997.05804,2.94195556640625
10,Toluene,20.0,Toluene,16.968323,3.03167724609375
10,Ethanol,200.0,Ethanol,130.98456,69.01544189453125
10,Toluene,40.0,Toluene,17.155136,22.844863891601562
10,Ethanol,800.0,Ethanol,754.28436,45.71563720703125
10,Toluene,80.0,Toluene,24.133392,55.866607666015625
10,Ethanol,400.0,Ethanol,330.94247,69.05752563476562
10,Toluene,20.0,Toluene,18.110123,1.8898773193359375
10,Ethanol,200.0,Ethanol,135.66342,64.33657836914062
10,Toluene,40.0,Toluene,16.870377,23.129623413085938
10,Ethanol,800.0,Ethanol,758.84406,41.15594482421875
10,Toluene,80.0,Toluene,25.423164,54.57683563232422
10,Ethanol,400.0,Ethanol,336.16925,63.83074951171875
10,Toluene,1.0,Toluene,14.131737,13.131736755371094
10,Ethanol,50.0,Acetaldehyde,24.211906,25.78809356689453
10,Toluene,100.0,Toluene,33.195892,66.80410766601562
10,Ethanol,600.0,Ethanol,529.35126,70.64874267578125
10,Toluene,60.0,Toluene,19.457016,40.54298400878906
10,Ethanol,1000.0,Ethanol,999.1861,0.81390380859375
10,Acetone,10.0,Toluene,16.012032,6.012031555175781
10,Ammonia,50.0,Toluene,19.656929,30.34307098388672
10,Acetone,250.0,Ammonia,136.06769,113.93231201171875
10,Ammonia,600.0,Ammonia,361.88065,238.11935424804688
10,Acetone,150.0,Toluene,36.412186,113.58781433105469
10,Ammonia,1000.0,Ammonia,581.8895,418.1104736328125
10,Acetone,50.0,Toluene,24.95971,25.04029083251953
10,Ammonia,200.0,Toluene,136.8307,63.16929626464844
10,Acetone,100.0,Toluene,22.619476,77.38052368164062
10,Ammonia,800.0,Ammonia,479.90308,320.096923828125
10,Acetone,200.0,Toluene,86.04685,113.9531478881836
10,Ammonia,400.0,Ammonia,298.50134,101.4986572265625
10,Acetone,150.0,Toluene,46.693367,103.30663299560547
10,Ammonia,1000.0,Ammonia,632.5672,367.43280029296875
10,Acetone,50.0,Toluene,25.653267,24.34673309326172
10,Ammonia,200.0,Toluene,115.31146,84.68853759765625
10,Acetone,100.0,Toluene,23.795624,76.20437622070312
10,Ammonia,800.0,Ammonia,467.18802,332.8119812011719
10,Acetone,200.0,Ammonia,89.8555,110.14450073242188
10,Ammonia,400.0,Ammonia,279.5781,120.42190551757812
10,Acetone,10.0,Toluene,18.88665,8.886650085449219
10,Ammonia,50.0,Toluene,15.456139,34.543861389160156
10,Acetone,250.0,Ammonia,133.60011,116.39988708496094
10,Ammonia,600.0,Ammonia,381.85114,218.14886474609375
10,Acetone,50.0,Toluene,29.78688,20.213119506835938
10,Ammonia,200.0,Toluene,99.532776,100.46722412109375
10,Acetone,100.0,Toluene,25.415398,74.58460235595703
10,Ammonia,800.0,Ammonia,445.97366,354.0263366699219
10,Acetone,200.0,Ammonia,93.71591,106.28408813476562
10,Ammonia,400.0,Ammonia,267.30838,132.69161987304688
10,Acetone,10.0,Toluene,18.982788,8.9827880859375
10,Ammonia,50.0,Toluene,13.673378,36.326622009277344
10,Acetone,250.0,Ammonia,132.01956,117.98043823242188
10,Ammonia,600.0,Ammonia,356.09854,243.90145874023438
10,Acetone,150.0,Toluene,40.374237,109.62576293945312
10,Ammonia,1000.0,Ammonia,555.0011,444.9989013671875
10,Acetone,10.0,Toluene,19.050697,9.050697326660156
10,Ammonia,50.0,Toluene,12.348297,37.651702880859375
10,Acetone,50.0,Toluene,28.470207,21.52979278564453
10,Ammonia,200.0,Toluene,95.37799,104.62200927734375
10,Acetone,100.0,Toluene,25.161919,74.83808135986328
10,Ammonia,800.0,Ammonia,449.819,350.1809997558594
10,Acetone,200.0,Ammonia,90.257996,109.74200439453125
10,Ammonia,400.0,Ammonia,268.36325,131.63674926757812
10,Acetone,250.0,Ammonia,134.83147,115.16853332519531
10,Ammonia,600.0,Ammonia,357.19562,242.80438232421875
10,Acetone,150.0,Toluene,38.837555,111.16244506835938
10,Ammonia,1000.0,Ammonia,530.41766,469.58233642578125
10,Acetone,200.0,Toluene,79.54967,120.45033264160156
10,Ammonia,400.0,Ammonia,261.18494,138.8150634765625
10,Acetone,10.0,Toluene,20.383736,10.383735656738281
10,Ammonia,50.0,Toluene,13.405937,36.59406280517578
10,Acetone,250.0,Ammonia,130.58966,119.41033935546875
10,Ammonia,600.0,Ammonia,362.65475,237.34524536132812
10,Acetone,150.0,Toluene,49.711105,100.28889465332031
10,Ammonia,1000.0,Ammonia,527.212,472.78802490234375
10,Acetone,50.0,Toluene,29.151947,20.848052978515625
10,Ammonia,200.0,Toluene,107.423004,92.57699584960938
10,Acetone,100.0,Toluene,24.19748,75.80252075195312
10,Ammonia,800.0,Ammonia,445.09708,354.9029235839844
10,Acetone,50.0,Toluene,27.831596,22.16840362548828
10,Ammonia,200.0,Toluene,110.09445,89.90554809570312
10,Acetone,100.0,Toluene,27.691109,72.30889129638672
10,Ammonia,800.0,Ammonia,449.15918,350.8408203125
10,Acetone,200.0,Ammonia,89.07505,110.9249496459961
10,Ammonia,400.0,Ammonia,281.66827,118.33172607421875
10,Acetone,10.0,Toluene,18.715752,8.715751647949219
10,Ammonia,50.0,Toluene,13.654068,36.34593200683594
10,Acetone,250.0,Ammonia,132.11342,117.88658142089844
10,Ammonia,600.0,Ammonia,354.96173,245.03826904296875
10,Acetone,150.0,Toluene,38.323097,111.6769027709961
10,Ammonia,1000.0,Ammonia,516.6932,483.30682373046875
10,Acetone,150.0,Toluene,38.567604,111.4323959350586
10,Ammonia,1000.0,Ammonia,510.42346,489.5765380859375
10,Acetone,50.0,Toluene,30.014938,19.985061645507812
10,Ammonia,200.0,Toluene,101.61143,98.3885726928711
10,Acetone,100.0,Toluene,26.059021,73.94097900390625
10,Ammonia,800.0,Ammonia,431.04355,368.9564514160156
10,Acetone,200.0,Ammonia,85.79831,114.20169067382812
10,Ammonia,400.0,Ammonia,277.65924,122.34075927734375
10,Acetone,10.0,Toluene,20.388779,10.388778686523438
10,Ammonia,50.0,Toluene,13.953651,36.046348571777344
10,Acetone,250.0,Ammonia,132.21004,117.78996276855469
10,Ammonia,600.0,Ammonia,361.80615,238.19384765625
10,Acetone,250.0,Ammonia,131.98451,118.01548767089844
10,Ammonia,600.0,Ammonia,356.35663,243.64337158203125
10,Acetone,150.0,Toluene,41.56613,108.43386840820312
10,Ammonia,1000.0,Ammonia,526.3508,473.649169921875
10,Acetone,10.0,Toluene,15.614304,5.6143035888671875
10,Ammonia,50.0,Toluene,15.16478,34.83522033691406
10,Acetone,50.0,Toluene,27.092934,22.907066345214844
10,Ammonia,200.0,Toluene,116.45816,83.54183959960938
10,Acetone,100.0,Toluene,26.639595,73.36040496826172
10,Ammonia,800.0,Ammonia,470.0194,329.9805908203125
10,Acetone,200.0,Ammonia,95.724365,104.275634765625
10,Ammonia,400.0,Ammonia,278.30936,121.69064331054688
10,Acetone,10.0,Toluene,14.889122,4.889122009277344
10,Ammonia,50.0,Toluene,14.602943,35.397056579589844
10,Acetone,250.0,Ammonia,133.8098,116.19020080566406
10,Ammonia,600.0,Ammonia,395.79352,204.20648193359375
10,Acetone,150.0,Toluene,49.700302,100.29969787597656
10,Ammonia,1000.0,Ammonia,511.87115,488.12884521484375
10,Acetone,50.0,Toluene,27.934784,22.065216064453125
10,Ammonia,200.0,Toluene,123.573135,76.42686462402344
10,Acetone,100.0,Toluene,27.755089,72.24491119384766
10,Ammonia,800.0,Ammonia,453.1856,346.81439208984375
10,Acetone,200.0,Ammonia,91.204506,108.79549407958984
10,Ammonia,400.0,Ammonia,264.36685,135.63314819335938
10,Acetone,50.0,Toluene,27.710785,22.289215087890625
10,Ammonia,200.0,Toluene,122.06639,77.93360900878906
10,Acetone,100.0,Toluene,24.105797,75.89420318603516
10,Ammonia,800.0,Ammonia,403.57324,396.4267578125
10,Acetone,200.0,Ammonia,88.18167,111.81832885742188
10,Ammonia,400.0,Ammonia,272.34708,127.65292358398438
10,Acetone,10.0,Toluene,18.093292,8.093292236328125
10,Ammonia,50.0,Toluene,17.707718,32.29228210449219
10,Acetone,250.0,Ammonia,129.72571,120.2742919921875
10,Ammonia,600.0,Ammonia,365.0456,234.95440673828125
10,Acetone,150.0,Toluene,38.643272,111.35672760009766
10,Ammonia,1000.0,Ammonia,519.38544,480.61456298828125
10,Toluene,1.0,Toluene,20.86242,19.86241912841797
10,Acetaldehyde,10.0,Ethylene,46.76821,36.768211364746094
10,Toluene,100.0,Acetone,182.1222,82.1221923828125
10,Acetaldehyde,150.0,Ammonia,313.7926,163.7926025390625
10,Toluene,60.0,Acetone,119.14838,59.14837646484375
10,Acetaldehyde,250.0,Ammonia,559.2473,309.247314453125
10,Toluene,20.0,Ethylene,47.65721,27.657211303710938
10,Acetaldehyde,50.0,Ammonia,118.079445,68.0794448852539
10,Toluene,40.0,Ethylene,85.89994,45.899940490722656
10,Acetaldehyde,200.0,Ammonia,447.3549,247.35488891601562
10,Toluene,80.0,Acetone,167.22159,87.22158813476562
10,Acetaldehyde,100.0,Ammonia,235.14114,135.14114379882812
10,Toluene,60.0,Ethylene,128.5132,68.51319885253906
10,Acetaldehyde,250.0,Ammonia,582.2205,332.22052001953125
10,Toluene,20.0,Ethylene,49.941597,29.94159698486328
10,Acetaldehyde,50.0,Ammonia,109.74092,59.74092102050781
10,Toluene,40.0,Ethylene,96.73828,56.73828125
10,Acetaldehyde,200.0,Ammonia,459.10977,259.1097717285156
10,Toluene,80.0,Acetone,170.41202,90.41201782226562
10,Acetaldehyde,100.0,Ammonia,231.22906,131.22906494140625
10,Toluene,1.0,Toluene,25.874283,24.874282836914062
10,Acetaldehyde,10.0,Ammonia,53.134583,43.13458251953125
10,Toluene,100.0,Acetone,186.2866,86.28660583496094
10,Acetaldehyde,150.0,Ammonia,328.5893,178.58929443359375
10,Toluene,20.0,Ethylene,42.129356,22.129356384277344
10,Acetaldehyde,50.0,Ammonia,108.23811,58.23811340332031
10,Toluene,40.0,Ethylene,87.657486,47.65748596191406
10,Acetaldehyde,200.0,Ammonia,401.17633,201.17633056640625
10,Toluene,80.0,Acetone,149.03967,69.0396728515625
10,Acetaldehyde,100.0,Ammonia,209.25447,109.25447082519531
10,Toluene,1.0,Toluene,26.709908,25.70990753173828
10,Acetaldehyde,10.0,Ammonia,49.934395,39.93439483642578
10,Toluene,100.0,Acetone,183.9196,83.91960144042969
10,Acetaldehyde,150.0,Ammonia,312.04733,162.04733276367188
10,Toluene,60.0,Ethylene,121.88776,61.88775634765625
10,Acetaldehyde,250.0,Ammonia,531.40216,281.40216064453125
10,Toluene,1.0,Toluene,25.499062,24.499061584472656
10,Acetaldehyde,10.0,Ammonia,46.36979,36.369789123535156
10,Toluene,20.0,Ethylene,37.51104,17.51103973388672
10,Acetaldehyde,50.0,Ammonia,104.935,54.93499755859375
10,Toluene,40.0,Ethylene,85.60042,45.60041809082031
10,Acetaldehyde,200.0,Ammonia,409.81412,209.81411743164062
10,Toluene,80.0,Acetone,146.24242,66.24241638183594
10,Acetaldehyde,100.0,Ammonia,212.64493,112.64492797851562
10,Toluene,100.0,Acetone,194.15369,94.1536865234375
10,Acetaldehyde,150.0,Ammonia,312.51486,162.51486206054688
10,Toluene,60.0,Acetone,117.32819,57.32819366455078
10,Acetaldehyde,250.0,Ammonia,527.937,277.93701171875
10,Toluene,80.0,Acetone,147.3498,67.34979248046875
10,Acetaldehyde,100.0,Ammonia,215.18755,115.18754577636719
10,Toluene,1.0,Toluene,25.995628,24.995628356933594
10,Acetaldehyde,10.0,Ammonia,48.742523,38.742523193359375
10,Toluene,100.0,Acetone,189.54129,89.54129028320312
10,Acetaldehyde,150.0,Ammonia,319.2002,169.2001953125
10,Toluene,60.0,Ethylene,121.286385,61.28638458251953
10,Acetaldehyde,250.0,Ammonia,508.34952,258.3495178222656
10,Toluene,20.0,Ethylene,41.605064,21.605064392089844
10,Acetaldehyde,50.0,Ammonia,108.00403,58.0040283203125
10,Toluene,40.0,Ethylene,94.61989,54.61988830566406
10,Acetaldehyde,200.0,Ammonia,426.23572,226.2357177734375
10,Toluene,20.0,Ethylene,39.331917,19.33191680908203
10,Acetaldehyde,50.0,Ammonia,108.38116,58.38115692138672
10,Toluene,40.0,Ethylene,90.007324,50.00732421875
10,Acetaldehyde,200.0,Ammonia,412.14606,212.14605712890625
10,Toluene,80.0,Acetone,157.01363,77.01362609863281
10,Acetaldehyde,100.0,Ammonia,225.81409,125.8140869140625
10,Toluene,1.0,Toluene,25.487823,24.487823486328125
10,Acetaldehyde,10.0,Ammonia,46.00724,36.007240295410156
10,Toluene,100.0,Acetone,171.1788,71.17880249023438
10,Acetaldehyde,150.0,Ammonia,302.22986,152.2298583984375
10,Toluene,60.0,Acetone,119.32633,59.326332092285156
10,Acetaldehyde,250.0,Ammonia,517.3862,267.38623046875
10,Toluene,60.0,Ethylene,117.38845,57.388450622558594
10,Acetaldehyde,250.0,Ammonia,509.69574,259.69573974609375
10,Toluene,20.0,Ethylene,42.4039,22.403900146484375
10,Acetaldehyde,50.0,Ammonia,104.0245,54.024497985839844
10,Toluene,40.0,Ethylene,88.34148,48.34147644042969
10,Acetaldehyde,200.0,Ammonia,413.69656,213.69656372070312
10,Toluene,80.0,Acetone,150.43391,70.43391418457031
10,Acetaldehyde,100.0,Ammonia,212.7928,112.79280090332031
10,Toluene,1.0,Toluene,22.119843,21.119842529296875
10,Acetaldehyde,10.0,Ammonia,49.397583,39.3975830078125
10,Toluene,100.0,Acetone,185.15778,85.15777587890625
10,Acetaldehyde,150.0,Ammonia,316.9295,166.92950439453125
10,Toluene,100.0,Acetone,186.8945,86.89450073242188
10,Acetaldehyde,150.0,Acetone,333.88766,183.88766479492188
10,Toluene,60.0,Ethylene,123.64715,63.64714813232422
10,Acetaldehyde,250.0,Ammonia,549.2058,299.205810546875
10,Toluene,1.0,Toluene,30.673141,29.673141479492188
10,Acetaldehyde,10.0,Ammonia,55.72003,45.72003173828125
10,Toluene,20.0,Ethylene,47.96878,27.968780517578125
10,Acetaldehyde,50.0,Ammonia,117.63988,67.63987731933594
10,Toluene,40.0,Ethylene,100.887314,60.88731384277344
10,Acetaldehyde,200.0,Ammonia,460.72296,260.72296142578125
10,Toluene,80.0,Acetone,172.82605,92.8260498046875
10,Acetaldehyde,100.0,Ammonia,229.15509,129.15509033203125
10,Toluene,1.0,Toluene,27.7249,26.724899291992188
10,Acetaldehyde,10.0,Ammonia,57.537064,47.53706359863281
10,Toluene,100.0,Acetone,192.41063,92.41062927246094
10,Acetaldehyde,150.0,Ammonia,345.48645,195.4864501953125
10,Toluene,60.0,Ethylene,127.25413,67.2541275024414
10,Acetaldehyde,250.0,Ammonia,544.6586,294.65863037109375
10,Toluene,20.0,Ethylene,48.63639,28.636390686035156
10,Acetaldehyde,50.0,Ammonia,105.83834,55.838340759277344
10,Toluene,40.0,Ethylene,91.40883,51.40882873535156
10,Acetaldehyde,200.0,Ammonia,439.39026,239.3902587890625
10,Toluene,80.0,Ethylene,168.64981,88.64981079101562
10,Acetaldehyde,100.0,Ammonia,216.98587,116.98587036132812
10,Toluene,20.0,Ethylene,46.00789,26.007888793945312
10,Acetaldehyde,50.0,Ammonia,106.04617,56.046173095703125
10,Toluene,40.0,Ethylene,87.27086,47.27085876464844
10,Acetaldehyde,200.0,Ammonia,420.944,220.94400024414062
10,Toluene,80.0,Acetone,165.62186,85.62185668945312
10,Acetaldehyde,100.0,Ammonia,214.69893,114.69892883300781
10,Toluene,1.0,Toluene,24.1464,23.146400451660156
10,Acetaldehyde,10.0,Acetone,51.67119,41.67118835449219
10,Toluene,100.0,Acetone,191.56622,91.56622314453125
10,Acetaldehyde,150.0,Ammonia,322.0632,172.06320190429688
10,Toluene,60.0,Ethylene,122.15933,62.159332275390625
10,Acetaldehyde,250.0,Ammonia,533.04126,283.041259765625
10,Ethylene,10.0,Toluene,13.899078,3.899078369140625
10,Ethanol,50.0,Ammonia,19.41948,30.580520629882812
10,Ethylene,250.0,Toluene,28.633026,221.36697387695312
10,Ethanol,600.0,Ethanol,175.0856,424.9143981933594
10,Ethylene,150.0,Toluene,19.900223,130.0997772216797
10,Ethanol,1000.0,Ethanol,247.60832,752.3916778564453
10,Ethylene,50.0,Toluene,23.025696,26.97430419921875
10,Ethanol,200.0,Ethanol,69.68854,130.31146240234375
10,Ethylene,100.0,Toluene,23.3255,76.67449951171875
10,Ethanol,800.0,Ethanol,223.68799,576.31201171875
10,Ethylene,200.0,Toluene,24.053162,175.94683837890625
10,Ethanol,400.0,Ethanol,128.48254,271.5174560546875
10,Ethylene,150.0,Toluene,22.78363,127.21636962890625
10,Ethanol,1000.0,Ethanol,274.95728,725.042724609375
10,Ethylene,50.0,Toluene,23.548416,26.451583862304688
10,Ethanol,200.0,Ethanol,73.50254,126.4974594116211
10,Ethylene,100.0,Toluene,26.286217,73.71378326416016
10,Ethanol,800.0,Ethanol,235.92432,564.07568359375
10,Ethylene,200.0,Toluene,25.49865,174.50135040283203
10,Ethanol,400.0,Ethanol,132.19473,267.8052673339844
10,Ethylene,10.0,Toluene,15.553772,5.55377197265625
10,Ethanol,50.0,Acetaldehyde,16.01149,33.98851013183594
10,Ethylene,250.0,Toluene,26.761398,223.2386016845703
10,Ethanol,600.0,Ethanol,180.79173,419.20826721191406
10,Ethylene,50.0,Toluene,25.623627,24.376373291015625
10,Ethanol,200.0,Ethanol,72.30249,127.697509765625
10,Ethylene,100.0,Toluene,27.200294,72.7997055053711
10,Ethanol,800.0,Ethanol,206.07385,593.9261474609375
10,Ethylene,200.0,Toluene,30.734222,169.26577758789062
10,Ethanol,400.0,Ethanol,124.92312,275.0768814086914
10,Ethylene,10.0,Toluene,23.034187,13.034187316894531
10,Ethanol,50.0,Ammonia,24.593544,25.406455993652344
10,Ethylene,250.0,Toluene,30.392258,219.6077423095703
10,Ethanol,600.0,Ethanol,175.14093,424.85906982421875
10,Ethylene,150.0,Toluene,19.19786,130.80213928222656
10,Ethanol,1000.0,Ethanol,281.88242,718.1175842285156
10,Ethylene,10.0,Toluene,11.733788,1.7337875366210938
10,Ethanol,50.0,Acetaldehyde,16.459274,33.54072570800781
10,Ethylene,50.0,Toluene,21.162361,28.83763885498047
10,Ethanol,200.0,Ethanol,73.274,126.72599792480469
10,Ethylene,100.0,Toluene,20.14827,79.85173034667969
10,Ethanol,800.0,Ethanol,239.71774,560.2822570800781
10,Ethylene,200.0,Toluene,22.281517,177.7184829711914
10,Ethanol,400.0,Ethanol,120.96399,279.0360107421875
10,Ethylene,250.0,Toluene,23.613815,226.3861846923828
10,Ethanol,600.0,Ethanol,186.83458,413.16542053222656
10,Ethylene,150.0,Toluene,20.430115,129.56988525390625
10,Ethanol,1000.0,Ethanol,306.51608,693.4839172363281
10,Ethylene,200.0,Toluene,24.583946,175.41605377197266
10,Ethanol,400.0,Ethanol,118.099655,281.9003448486328
10,Ethylene,10.0,Toluene,9.689583,0.31041717529296875
10,Ethanol,50.0,Acetaldehyde,14.932602,35.06739807128906
10,Ethylene,250.0,Toluene,25.40976,224.59024047851562
10,Ethanol,600.0,Ethanol,184.76593,415.23406982421875
10,Ethylene,150.0,Toluene,21.91745,128.08255004882812
10,Ethanol,1000.0,Ethanol,306.34912,693.65087890625
10,Ethylene,50.0,Toluene,21.194626,28.805374145507812
10,Ethanol,200.0,Ethanol,69.35045,130.64955139160156
10,Ethylene,100.0,Toluene,23.646301,76.35369873046875
10,Ethanol,800.0,Ethanol,248.49805,551.501953125
10,Ethylene,50.0,Toluene,25.02269,24.977310180664062
10,Ethanol,200.0,Ethanol,73.58537,126.41462707519531
10,Ethylene,100.0,Toluene,20.949104,79.05089569091797
10,Ethanol,800.0,Ethanol,236.60217,563.3978271484375
10,Ethylene,200.0,Toluene,24.564346,175.43565368652344
10,Ethanol,400.0,Ethanol,126.32834,273.6716613769531
10,Ethylene,10.0,Toluene,14.317589,4.317588806152344
10,Ethanol,50.0,Acetaldehyde,16.020782,33.979217529296875
10,Ethylene,250.0,Toluene,25.558678,224.44132232666016
10,Ethanol,600.0,Ethanol,186.50809,413.4919128417969
10,Ethylene,150.0,Toluene,21.676476,128.32352447509766
10,Ethanol,1000.0,Ethanol,329.49197,670.5080261230469
10,Ethylene,150.0,Toluene,22.569206,127.43079376220703
10,Ethanol,1000.0,Ethanol,340.2996,659.7004089355469
10,Ethylene,50.0,Toluene,23.936531,26.06346893310547
10,Ethanol,200.0,Ethanol,72.05839,127.94161224365234
10,Ethylene,100.0,Toluene,20.830292,79.16970825195312
10,Ethanol,800.0,Ethanol,257.70328,542.2967224121094
10,Ethylene,200.0,Toluene,21.550026,178.4499740600586
10,Ethanol,400.0,Ethanol,124.2745,275.72550201416016
10,Ethylene,10.0,Toluene,13.335632,3.33563232421875
10,Ethanol,50.0,Acetaldehyde,16.328163,33.671836853027344
10,Ethylene,250.0,Toluene,26.90274,223.09725952148438
10,Ethanol,600.0,Ethanol,187.33766,412.66233825683594
10,Ethylene,250.0,Toluene,23.817657,226.18234252929688
10,Ethanol,600.0,Ethanol,195.36127,404.63873291015625
10,Ethylene,150.0,Toluene,19.10492,130.89508056640625
10,Ethanol,1000.0,Ethanol,327.26944,672.7305603027344
10,Ethylene,10.0,Toluene,15.599876,5.599876403808594
10,Ethanol,50.0,Acetaldehyde,17.472496,32.527503967285156
10,Ethylene,50.0,Toluene,23.026352,26.973648071289062
10,Ethanol,200.0,Ethanol,70.66281,129.33718872070312
10,Ethylene,100.0,Toluene,20.25798,79.74201965332031
10,Ethanol,800.0,Ethanol,246.50055,553.4994506835938
10,Ethylene,200.0,Toluene,21.014137,178.9858627319336
10,Ethanol,400.0,Ethanol,129.21748,270.7825164794922
10,Ethylene,10.0,Toluene,13.517319,3.5173187255859375
10,Ethanol,50.0,Acetaldehyde,17.931099,32.06890106201172
10,Ethylene,250.0,Toluene,25.680443,224.3195571899414
10,Ethanol,600.0,Ethanol,197.84433,402.1556701660156
10,Ethylene,150.0,Toluene,21.71518,128.28482055664062
10,Ethanol,1000.0,Ethanol,330.96875,669.03125
10,Ethylene,50.0,Toluene,20.451317,29.548683166503906
10,Ethanol,200.0,Ethanol,67.07602,132.92398071289062
10,Ethylene,100.0,Toluene,18.180656,81.81934356689453
10,Ethanol,800.0,Ethanol,250.22641,549.7735900878906
10,Ethylene,200.0,Toluene,18.353996,181.64600372314453
10,Ethanol,400.0,Ethanol,136.57631,263.42369079589844
10,Ethylene,50.0,Toluene,21.0252,28.97480010986328
10,Ethanol,200.0,Ethanol,67.02182,132.97817993164062
10,Ethylene,100.0,Toluene,17.069412,82.93058776855469
10,Ethanol,800.0,Ethanol,242.75507,557.2449340820312
10,Ethylene,200.0,Toluene,16.25772,183.74227905273438
10,Ethanol,400.0,Ethanol,134.20677,265.79322814941406
10,Ethylene,10.0,Toluene,17.487053,7.487052917480469
10,Ethanol,50.0,Acetaldehyde,21.369278,28.630722045898438
10,Ethylene,250.0,Toluene,23.98056,226.01943969726562
10,Ethanol,600.0,Ethanol,195.46368,404.53631591796875
10,Ethylene,150.0,Toluene,15.801758,134.1982421875
10,Ethanol,1000.0,Ethanol,309.14713,690.8528747558594
10,Ethylene,10.0,Toluene,18.561737,8.561737060546875
10,Ethanol,50.0,Acetaldehyde,23.475945,26.52405548095703
10,Ethylene,250.0,Acetone,83.845245,166.15475463867188
10,Ethanol,600.0,Ethanol,603.346,3.34600830078125
10,Ethylene,150.0,Toluene,34.049156,115.95084381103516
10,Ethanol,1000.0,Ethanol,978.5113,21.48870849609375
10,Ethylene,50.0,Toluene,30.65664,19.343360900878906
10,Ethanol,200.0,Ethanol,143.51552,56.48448181152344
10,Ethylene,100.0,Toluene,31.884636,68.11536407470703
10,Ethanol,800.0,Ethanol,764.9432,35.05682373046875
10,Ethylene,200.0,Acetone,50.845413,149.1545867919922
10,Ethanol,400.0,Ethanol,368.36554,31.63446044921875
10,Ethylene,150.0,Toluene,35.2871,114.71289825439453
10,Ethanol,1000.0,Ethanol,1003.6485,3.64849853515625
10,Ethylene,50.0,Toluene,30.307312,19.69268798828125
10,Ethanol,200.0,Ethanol,141.89796,58.10203552246094
10,Ethylene,100.0,Toluene,32.201813,67.79818725585938
10,Ethanol,800.0,Ethanol,765.7453,34.25469970703125
10,Ethylene,200.0,Toluene,51.437737,148.56226348876953
10,Ethanol,400.0,Ethanol,354.19247,45.807525634765625
10,Ethylene,10.0,Toluene,19.896965,9.896965026855469
10,Ethanol,50.0,Acetaldehyde,24.587486,25.412513732910156
10,Ethylene,250.0,Acetone,82.207886,167.7921142578125
10,Ethanol,600.0,Ethanol,602.6702,2.67022705078125
10,Ethylene,50.0,Toluene,31.039742,18.96025848388672
10,Ethanol,200.0,Ethanol,166.92212,33.077880859375
10,Ethylene,100.0,Toluene,32.89435,67.10565185546875
10,Ethanol,800.0,Ethanol,832.993,32.99298095703125
10,Ethylene,200.0,Toluene,56.114296,143.88570404052734
10,Ethanol,400.0,Ethanol,399.31244,0.68756103515625
10,Ethylene,10.0,Toluene,23.016266,13.016265869140625
10,Ethanol,50.0,Acetaldehyde,25.295372,24.704627990722656
10,Ethylene,250.0,Acetone,88.11795,161.88204956054688
10,Ethanol,600.0,Ethanol,586.06964,13.93035888671875
10,Ethylene,150.0,Toluene,37.67476,112.32524108886719
10,Ethanol,1000.0,Ethanol,1048.2124,48.21240234375
10,Ethylene,10.0,Toluene,22.141327,12.141326904296875
10,Ethanol,50.0,Acetaldehyde,23.09388,26.90612030029297
10,Ethylene,50.0,Toluene,30.875313,19.12468719482422
10,Ethanol,200.0,Ethanol,151.04387,48.95613098144531
10,Ethylene,100.0,Toluene,33.406998,66.59300231933594
10,Ethanol,800.0,Ethanol,793.2093,6.79071044921875
10,Ethylene,200.0,Acetone,56.95887,143.04113006591797
10,Ethanol,400.0,Ethanol,364.83405,35.16595458984375
10,Ethylene,250.0,Acetone,82.15155,167.84844970703125
10,Ethanol,600.0,Ethanol,557.26416,42.73583984375
10,Ethylene,150.0,Toluene,40.117928,109.88207244873047
10,Ethanol,1000.0,Ethanol,1039.3527,39.3526611328125
10,Ethylene,200.0,Acetone,58.247375,141.75262451171875
10,Ethanol,400.0,Ethanol,361.21643,38.7835693359375
10,Ethylene,10.0,Toluene,22.062698,12.062698364257812
10,Ethanol,50.0,Acetaldehyde,23.504051,26.495948791503906
10,Ethylene,250.0,Acetone,84.752365,165.2476348876953
10,Ethanol,600.0,Ethanol,547.3337,52.66632080078125
10,Ethylene,150.0,Toluene,37.96415,112.03585052490234
10,Ethanol,1000.0,Ethanol,1023.7591,23.75909423828125
10,Ethylene,50.0,Toluene,30.527176,19.472824096679688
10,Ethanol,200.0,Ethanol,139.28323,60.716766357421875
10,Ethylene,100.0,Toluene,35.506447,64.4935531616211
10,Ethanol,800.0,Ethanol,769.3769,30.62310791015625
10,Ethylene,50.0,Toluene,31.970512,18.02948760986328
10,Ethanol,200.0,Ethanol,139.05334,60.9466552734375
10,Ethylene,100.0,Toluene,34.8584,65.1416015625
10,Ethanol,800.0,Ethanol,759.36237,40.63763427734375
10,Ethylene,200.0,Acetone,64.55148,135.44851684570312
10,Ethanol,400.0,Ethanol,350.55762,49.4423828125
10,Ethylene,10.0,Toluene,19.311157,9.3111572265625
10,Ethanol,50.0,Acetaldehyde,28.023209,21.976791381835938
10,Ethylene,250.0,Acetone,88.76985,161.2301483154297
10,Ethanol,600.0,Ethanol,541.9528,58.04718017578125
10,Ethylene,150.0,Toluene,41.069443,108.93055725097656
10,Ethanol,1000.0,Ethanol,1017.4338,17.43377685546875
10,Ethylene,150.0,Toluene,41.37314,108.62686157226562
10,Ethanol,1000.0,Ethanol,1014.9001,14.90008544921875
10,Ethylene,50.0,Toluene,30.991432,19.008567810058594
10,Ethanol,200.0,Ethanol,139.19348,60.8065185546875
10,Ethylene,100.0,Toluene,35.841843,64.15815734863281
10,Ethanol,800.0,Ethanol,765.4167,34.58331298828125
10,Ethylene,200.0,Acetone,67.37583,132.6241683959961
10,Ethanol,400.0,Ethanol,351.824,48.175994873046875
10,Ethylene,10.0,Toluene,19.706612,9.706611633300781
10,Ethanol,50.0,Acetaldehyde,25.338448,24.66155242919922
10,Ethylene,250.0,Acetone,87.31314,162.68685913085938
10,Ethanol,600.0,Ethanol,549.5207,50.47930908203125
10,Ethylene,250.0,Acetone,80.4967,169.50330352783203
10,Ethanol,600.0,Ethanol,555.8673,44.1326904296875
10,Ethylene,150.0,Acetone,41.994286,108.0057144165039
10,Ethanol,1000.0,Ethanol,1043.5914,43.5914306640625
10,Ethylene,10.0,Toluene,17.848305,7.848304748535156
10,Ethanol,50.0,Acetaldehyde,21.791687,28.20831298828125
10,Ethylene,50.0,Toluene,31.294983,18.70501708984375
10,Ethanol,200.0,Ethanol,137.19106,62.80894470214844
10,Ethylene,100.0,Toluene,32.191635,67.80836486816406
10,Ethanol,800.0,Ethanol,794.91003,5.0899658203125
10,Ethylene,200.0,Acetone,60.749657,139.2503433227539
10,Ethanol,400.0,Ethanol,351.27866,48.721343994140625
10,Ethylene,10.0,Toluene,15.5905,5.5904998779296875
10,Ethanol,50.0,Acetaldehyde,20.998405,29.00159454345703
10,Ethylene,250.0,Acetone,80.753784,169.2462158203125
10,Ethanol,600.0,Ethanol,536.6155,63.384521484375
10,Ethylene,150.0,Acetone,41.064514,108.93548583984375
10,Ethanol,1000.0,Ethanol,1013.8373,13.8372802734375
10,Ethylene,50.0,Toluene,30.044365,19.95563507080078
10,Ethanol,200.0,Ethanol,142.25943,57.740570068359375
10,Ethylene,100.0,Acetone,28.358833,71.64116668701172
10,Ethanol,800.0,Ethanol,779.8065,20.1934814453125
10,Ethylene,200.0,Acetone,57.075577,142.92442321777344
10,Ethanol,400.0,Ethanol,339.22803,60.77197265625
10,Ethylene,50.0,Toluene,30.398499,19.60150146484375
10,Ethanol,200.0,Ethanol,140.59457,59.405426025390625
10,Ethylene,100.0,Acetone,28.19902,71.80097961425781
10,Ethanol,800.0,Ethanol,773.848,26.1519775390625
10,Ethylene,200.0,Acetone,55.20063,144.79936981201172
10,Ethanol,400.0,Ethanol,326.40012,73.59988403320312
10,Ethylene,10.0,Toluene,15.221367,5.221366882324219
10,Ethanol,50.0,Acetaldehyde,19.33419,30.665809631347656
10,Ethylene,250.0,Acetone,73.33025,176.66974639892578
10,Ethanol,600.0,Ethanol,521.50684,78.4931640625
10,Ethylene,150.0,Acetone,40.858658,109.14134216308594
10,Ethanol,1000.0,Ethanol,1003.80646,3.80645751953125
10,Ethylene,10.0,Toluene,12.330414,2.330413818359375
10,Ethanol,50.0,Ammonia,42.31392,7.6860809326171875
10,Ethylene,250.0,Acetone,81.5264,168.47360229492188
10,Ethanol,600.0,Ethanol,452.75912,147.24087524414062
10,Ethylene,150.0,Acetone,38.86891,111.13108825683594
10,Ethanol,1000.0,Ethanol,890.2059,109.79412841796875
10,Ethylene,50.0,Toluene,27.916138,22.0838623046875
10,Ethanol,200.0,Ethanol,121.75819,78.24181365966797
10,Ethylene,100.0,Acetone,32.70623,67.29376983642578
10,Ethanol,800.0,Ethanol,738.35767,61.642333984375
10,Ethylene,200.0,Acetone,56.66398,143.33602142333984
10,Ethanol,400.0,Ethanol,310.78503,89.2149658203125
10,Ethylene,150.0,Acetone,42.763733,107.23626708984375
10,Ethanol,1000.0,Ethanol,942.62695,57.373046875
10,Ethylene,50.0,Toluene,29.82698,20.173019409179688
10,Ethanol,200.0,Ethanol,116.09899,83.90100860595703
10,Ethylene,100.0,Acetone,29.83937,70.16062927246094
10,Ethanol,800.0,Ethanol,644.97455,155.02545166015625
10,Ethylene,200.0,Acetone,55.91001,144.0899887084961
10,Ethanol,400.0,Ethanol,294.77496,105.22503662109375
10,Ethylene,10.0,Toluene,14.25032,4.2503204345703125
10,Ethanol,50.0,Ethanol,27.29763,22.702369689941406
10,Ethylene,250.0,Acetone,73.74185,176.25814819335938
10,Ethanol,600.0,Ethanol,474.65784,125.3421630859375
10,Ethylene,50.0,Toluene,29.576805,20.423194885253906
10,Ethanol,200.0,Ethanol,120.11879,79.88121032714844
10,Ethylene,100.0,Acetone,30.246735,69.75326538085938
10,Ethanol,800.0,Ethanol,613.10815,186.891845703125
10,Ethylene,200.0,Acetone,51.911087,148.0889129638672
10,Ethanol,400.0,Ethanol,276.33667,123.663330078125
10,Ethylene,10.0,Toluene,13.535217,3.53521728515625
10,Ethanol,50.0,Ethanol,32.59909,17.400909423828125
10,Ethylene,250.0,Acetone,71.414856,178.58514404296875
10,Ethanol,600.0,Ethanol,458.53323,141.46676635742188
10,Ethylene,150.0,Acetone,40.320496,109.67950439453125
10,Ethanol,1000.0,Ethanol,900.80054,99.199462890625
10,Ethylene,10.0,Toluene,14.134689,4.1346893310546875
10,Ethanol,50.0,Ethanol,24.993591,25.00640869140625
10,Ethylene,50.0,Toluene,27.751503,22.248497009277344
10,Ethanol,200.0,Ethanol,114.52057,85.47943115234375
10,Ethylene,100.0,Acetone,32.575424,67.42457580566406
10,Ethanol,800.0,Ethanol,705.0526,94.9473876953125
10,Ethylene,200.0,Acetone,54.12857,145.87142944335938
10,Ethanol,400.0,Ethanol,296.6856,103.31439208984375
10,Ethylene,250.0,Acetone,63.75701,186.24298858642578
10,Ethanol,600.0,Ethanol,490.42667,109.57333374023438
10,Ethylene,150.0,Acetone,39.90693,110.09307098388672
10,Ethanol,1000.0,Ethanol,941.14435,58.85565185546875
10,Ethylene,200.0,Acetone,53.777435,146.22256469726562
10,Ethanol,400.0,Ethanol,301.475,98.52499389648438
10,Ethylene,10.0,Toluene,13.058952,3.0589523315429688
10,Ethanol,50.0,Ethanol,24.29802,25.701980590820312
10,Ethylene,250.0,Acetone,67.62326,182.37673950195312
10,Ethanol,600.0,Ethanol,491.39923,108.60076904296875
10,Ethylene,150.0,Acetone,39.44803,110.55197143554688
10,Ethanol,1000.0,Ethanol,947.89594,52.10406494140625
10,Ethylene,50.0,Toluene,27.323013,22.676986694335938
10,Ethanol,200.0,Ethanol,124.42221,75.57778930664062
10,Ethylene,100.0,Acetone,32.92594,67.07405853271484
10,Ethanol,800.0,Ethanol,717.38824,82.61175537109375
10,Ethylene,50.0,Toluene,27.853287,22.146713256835938
10,Ethanol,200.0,Ethanol,120.72223,79.27777099609375
10,Ethylene,100.0,Acetone,32.037727,67.96227264404297
10,Ethanol,800.0,Ethanol,722.32825,77.6717529296875
10,Ethylene,200.0,Acetone,54.165337,145.83466339111328
10,Ethanol,400.0,Ethanol,301.2954,98.70458984375
10,Ethylene,10.0,Toluene,11.179626,1.17962646484375
10,Ethanol,50.0,Ethanol,26.868431,23.131568908691406
10,Ethylene,250.0,Acetone,69.05768,180.94232177734375
10,Ethanol,600.0,Ethanol,499.12555,100.87445068359375
10,Ethylene,150.0,Acetone,39.44783,110.55216979980469
10,Ethanol,1000.0,Ethanol,951.11725,48.88275146484375
10,Ethylene,150.0,Acetone,39.793144,110.20685577392578
10,Ethanol,1000.0,Ethanol,951.78015,48.2198486328125
10,Ethylene,50.0,Toluene,27.489708,22.510292053222656
10,Ethanol,200.0,Ethanol,124.14183,75.85816955566406
10,Ethylene,100.0,Acetone,33.629417,66.3705825805664
10,Ethanol,800.0,Ethanol,741.4366,58.56341552734375
10,Ethylene,200.0,Acetone,51.24482,148.75518035888672
10,Ethanol,400.0,Ethanol,315.10223,84.89776611328125
10,Ethylene,10.0,Toluene,13.200287,3.200286865234375
10,Ethanol,50.0,Ethanol,22.686386,27.313613891601562
10,Ethylene,250.0,Acetone,63.099327,186.90067291259766
10,Ethanol,600.0,Ethanol,503.283,96.71701049804688
10,Ethylene,250.0,Acetone,64.890045,185.10995483398438
10,Ethanol,600.0,Ethanol,512.0922,87.90777587890625
10,Ethylene,150.0,Acetone,37.282753,112.71724700927734
10,Ethanol,1000.0,Ethanol,998.6627,1.3372802734375
10,Ethylene,10.0,Toluene,13.274811,3.274810791015625
10,Ethanol,50.0,Ethanol,23.658653,26.341346740722656
10,Ethylene,50.0,Toluene,28.807312,21.19268798828125
10,Ethanol,200.0,Ethanol,130.30049,69.69950866699219
10,Ethylene,100.0,Acetone,27.866287,72.13371276855469
10,Ethanol,800.0,Ethanol,745.4962,54.5037841796875
10,Ethylene,200.0,Acetone,47.869972,152.1300277709961
10,Ethanol,400.0,Ethanol,299.2841,100.71591186523438
10,Ethylene,10.0,Toluene,10.546997,0.5469970703125
10,Ethanol,50.0,Ethanol,24.149567,25.850433349609375
10,Ethylene,250.0,Acetone,65.34697,184.6530303955078
10,Ethanol,600.0,Ethanol,507.42844,92.57156372070312
10,Ethylene,150.0,Acetone,35.34163,114.65837097167969
10,Ethanol,1000.0,Ethanol,1002.46014,2.46014404296875
10,Ethylene,50.0,Toluene,29.158768,20.841232299804688
10,Ethanol,200.0,Ethanol,130.15997,69.84002685546875
10,Ethylene,100.0,Toluene,31.197655,68.8023452758789
10,Ethanol,800.0,Ethanol,761.32166,38.6783447265625
10,Ethylene,200.0,Acetone,52.577347,147.4226531982422
10,Ethanol,400.0,Ethanol,313.1677,86.83230590820312
10,Ethylene,50.0,Toluene,29.801857,20.198143005371094
10,Ethanol,200.0,Ethanol,134.54514,65.45486450195312
10,Ethylene,100.0,Toluene,32.442993,67.5570068359375
10,Ethanol,800.0,Ethanol,759.26337,40.73663330078125
10,Ethylene,200.0,Acetone,50.12171,149.87828826904297
10,Ethanol,400.0,Ethanol,307.89774,92.10226440429688
10,Ethylene,10.0,Toluene,14.922821,4.922821044921875
10,Ethanol,50.0,Ethanol,25.031273,24.968727111816406
10,Ethylene,250.0,Acetone,68.167076,181.83292388916016
10,Ethanol,600.0,Ethanol,472.88214,127.11785888671875
10,Ethylene,150.0,Acetone,35.459213,114.54078674316406
10,Ethanol,1000.0,Ethanol,993.7181,6.28192138671875
10,Toluene,1.0,Toluene,24.543793,23.543792724609375
10,Ethanol,50.0,Ammonia,34.760727,15.239273071289062
10,Toluene,100.0,Ethylene,89.314705,10.685295104980469
10,Ethanol,600.0,Ethanol,574.1822,25.81781005859375
10,Toluene,60.0,Toluene,43.248726,16.75127410888672
10,Ethanol,1000.0,Ethanol,961.9297,38.0703125
10,Toluene,20.0,Toluene,31.457283,11.457283020019531
10,Ethanol,200.0,Ethanol,165.9909,34.00909423828125
10,Toluene,40.0,Toluene,34.321762,5.6782379150390625
10,Ethanol,800.0,Ethanol,826.10315,26.1031494140625
10,Toluene,80.0,Toluene,54.71698,25.28302001953125
10,Ethanol,400.0,Ethanol,365.317,34.683013916015625
10,Toluene,60.0,Toluene,42.721657,17.278343200683594
10,Ethanol,1000.0,Ethanol,1033.7734,33.7734375
10,Toluene,20.0,Toluene,32.73813,12.738128662109375
10,Ethanol,200.0,Ethanol,167.1397,32.86030578613281
10,Toluene,40.0,Toluene,31.104332,8.895668029785156
10,Ethanol,800.0,Ethanol,806.29254,6.29254150390625
10,Toluene,80.0,Toluene,62.153824,17.846176147460938
10,Ethanol,400.0,Ethanol,388.9646,11.035400390625
10,Toluene,1.0,Toluene,19.17237,18.17237091064453
10,Ethanol,50.0,Ethanol,42.03636,7.9636383056640625
10,Toluene,100.0,Ethylene,83.75233,16.24767303466797
10,Ethanol,600.0,Ethanol,603.2105,3.21051025390625
10,Toluene,20.0,Toluene,31.440071,11.440071105957031
10,Ethanol,200.0,Ethanol,171.55489,28.445114135742188
10,Toluene,40.0,Toluene,38.4078,1.5922012329101562
10,Ethanol,800.0,Ethanol,763.4877,36.5123291015625
10,Toluene,80.0,Toluene,60.875298,19.12470245361328
10,Ethanol,400.0,Ethanol,378.35416,21.645843505859375
10,Toluene,1.0,Toluene,25.677742,24.67774200439453
10,Ethanol,50.0,Ethanol,45.878616,4.1213836669921875
10,Toluene,100.0,Ethylene,84.56189,15.4381103515625
10,Ethanol,600.0,Ethanol,558.84625,41.15374755859375
10,Toluene,60.0,Toluene,51.006226,8.9937744140625
10,Ethanol,1000.0,Ethanol,1006.96173,6.96173095703125
10,Toluene,1.0,Toluene,27.609268,26.609268188476562
10,Ethanol,50.0,Ethanol,45.764977,4.235023498535156
10,Toluene,20.0,Toluene,33.557854,13.557853698730469
10,Ethanol,200.0,Ethanol,164.10976,35.89024353027344
10,Toluene,40.0,Toluene,40.07715,0.0771484375
10,Ethanol,800.0,Ethanol,806.2238,6.22381591796875
10,Toluene,80.0,Toluene,67.235275,12.764724731445312
10,Ethanol,400.0,Ethanol,377.94357,22.056427001953125
10,Toluene,100.0,Ethylene,96.91545,3.0845489501953125
10,Ethanol,600.0,Ethanol,593.03766,6.96234130859375
10,Toluene,60.0,Toluene,52.04772,7.952278137207031
10,Ethanol,1000.0,Ethanol,1063.7687,63.7686767578125
10,Toluene,80.0,Toluene,72.07481,7.925193786621094
10,Ethanol,400.0,Ethanol,379.58524,20.414764404296875
10,Toluene,1.0,Toluene,27.723885,26.72388458251953
10,Ethanol,50.0,Ethanol,36.44497,13.555030822753906
10,Toluene,100.0,Ethylene,89.65912,10.34088134765625
10,Ethanol,600.0,Ethanol,569.8994,30.1005859375
10,Toluene,60.0,Toluene,52.28232,7.717681884765625
10,Ethanol,1000.0,Ethanol,1048.3912,48.3912353515625
10,Toluene,20.0,Toluene,32.42521,12.425209045410156
10,Ethanol,200.0,Ethanol,152.72978,47.27021789550781
10,Toluene,40.0,Toluene,39.476776,0.523223876953125
10,Ethanol,800.0,Ethanol,808.44403,8.44403076171875
10,Toluene,20.0,Toluene,32.461296,12.461296081542969
10,Ethanol,200.0,Ethanol,152.9441,47.05589294433594
10,Toluene,40.0,Toluene,43.870438,3.8704376220703125
10,Ethanol,800.0,Ethanol,812.9428,12.94281005859375
10,Toluene,80.0,Toluene,71.33623,8.663772583007812
10,Ethanol,400.0,Ethanol,372.3069,27.693115234375
10,Toluene,1.0,Toluene,26.852684,25.852684020996094
10,Ethanol,50.0,Ethanol,40.444008,9.555992126464844
10,Toluene,100.0,Ethylene,86.95098,13.049018859863281
10,Ethanol,600.0,Ethanol,563.7115,36.28851318359375
10,Toluene,60.0,Toluene,51.688637,8.311363220214844
10,Ethanol,1000.0,Ethanol,1041.1417,41.1417236328125
10,Toluene,60.0,Toluene,53.472496,6.527503967285156
10,Ethanol,1000.0,Ethanol,1051.0952,51.09521484375
10,Toluene,20.0,Toluene,32.1679,12.167900085449219
10,Ethanol,200.0,Ethanol,150.67645,49.32354736328125
10,Toluene,40.0,Toluene,41.28586,1.285858154296875
10,Ethanol,800.0,Ethanol,814.73285,14.73284912109375
10,Toluene,80.0,Toluene,69.83482,10.165176391601562
10,Ethanol,400.0,Ethanol,368.56512,31.43487548828125
10,Toluene,1.0,Toluene,17.947083,16.94708251953125
10,Ethanol,50.0,Ethanol,33.23771,16.762290954589844
10,Toluene,100.0,Ethylene,94.031334,5.968666076660156
10,Ethanol,600.0,Ethanol,572.1461,27.8538818359375
10,Toluene,100.0,Ethylene,100.24756,0.24755859375
10,Ethanol,600.0,Ethanol,589.7126,10.28741455078125
10,Toluene,60.0,Toluene,51.989105,8.010894775390625
10,Ethanol,1000.0,Ethanol,1060.6753,60.67529296875
10,Toluene,1.0,Toluene,25.485641,24.485641479492188
10,Ethanol,50.0,Ethanol,31.932014,18.06798553466797
10,Toluene,20.0,Toluene,31.716019,11.716018676757812
10,Ethanol,200.0,Ethanol,143.51598,56.48402404785156
10,Toluene,40.0,Toluene,46.780144,6.780143737792969
10,Ethanol,800.0,Ethanol,797.8655,2.134521484375
10,Toluene,80.0,Toluene,73.582565,6.4174346923828125
10,Ethanol,400.0,Ethanol,358.70792,41.292083740234375
10,Toluene,1.0,Toluene,26.940948,25.940948486328125
10,Ethanol,50.0,Ethanol,38.966713,11.033287048339844
10,Toluene,100.0,Acetone,91.69375,8.306251525878906
10,Ethanol,600.0,Ethanol,569.2106,30.7894287109375
10,Toluene,60.0,Toluene,54.150772,5.8492279052734375
10,Ethanol,1000.0,Ethanol,1063.7892,63.7891845703125
10,Toluene,20.0,Toluene,29.40522,9.405220031738281
10,Ethanol,200.0,Ethanol,149.2851,50.71490478515625
10,Toluene,40.0,Toluene,40.267494,0.26749420166015625
10,Ethanol,800.0,Ethanol,804.18256,4.18255615234375
10,Toluene,80.0,Toluene,69.825165,10.174835205078125
10,Ethanol,400.0,Ethanol,362.05453,37.945465087890625
10,Toluene,20.0,Toluene,30.19162,10.191619873046875
10,Ethanol,200.0,Ethanol,141.73488,58.26512145996094
10,Toluene,40.0,Toluene,37.25051,2.7494888305664062
10,Ethanol,800.0,Ethanol,798.4195,1.58050537109375
10,Toluene,80.0,Toluene,71.78342,8.216583251953125
10,Ethanol,400.0,Ethanol,358.99942,41.000579833984375
10,Toluene,1.0,Toluene,19.878654,18.87865447998047
10,Ethanol,50.0,Ethanol,32.779114,17.22088623046875
10,Toluene,100.0,Acetone,90.94842,9.051582336425781
10,Ethanol,600.0,Ethanol,580.7476,19.25238037109375
10,Toluene,60.0,Toluene,54.90001,5.0999908447265625
10,Ethanol,1000.0,Ethanol,1074.114,74.114013671875
10,Toluene,1.0,Toluene,10.887344,9.887344360351562
10,Ethanol,50.0,Ethanol,28.422623,21.577377319335938
10,Toluene,100.0,Toluene,43.122368,56.87763214111328
10,Ethanol,600.0,Ethanol,623.59644,23.596435546875
10,Toluene,60.0,Toluene,24.924965,35.075035095214844
10,Ethanol,1000.0,Ethanol,1051.4092,51.4091796875
10,Toluene,20.0,Toluene,20.628174,0.628173828125
10,Ethanol,200.0,Ethanol,155.5165,44.48350524902344
10,Toluene,40.0,Toluene,22.02005,17.979949951171875
10,Ethanol,800.0,Ethanol,819.37317,19.3731689453125
10,Toluene,80.0,Toluene,28.690788,51.30921173095703
10,Ethanol,400.0,Ethanol,383.36926,16.6307373046875
10,Toluene,60.0,Toluene,22.708755,37.29124450683594
10,Ethanol,1000.0,Ethanol,1058.9858,58.98583984375
10,Toluene,20.0,Toluene,20.464111,0.464111328125
10,Ethanol,200.0,Ethanol,156.97023,43.02976989746094
10,Toluene,40.0,Toluene,20.371292,19.628707885742188
10,Ethanol,800.0,Ethanol,868.6754,68.6754150390625
10,Toluene,80.0,Toluene,25.155838,54.84416198730469
10,Ethanol,400.0,Ethanol,403.90402,3.904022216796875
10,Toluene,1.0,Toluene,12.637161,11.637161254882812
10,Ethanol,50.0,Ethanol,29.313362,20.68663787841797
10,Toluene,100.0,Toluene,27.692192,72.30780792236328
10,Ethanol,600.0,Ethanol,603.0461,3.04608154296875
10,Toluene,20.0,Toluene,18.249374,1.7506256103515625
10,Ethanol,200.0,Ethanol,167.1753,32.82470703125
10,Toluene,40.0,Toluene,18.902542,21.097457885742188
10,Ethanol,800.0,Ethanol,862.3866,62.3865966796875
10,Toluene,80.0,Toluene,22.967209,57.03279113769531
10,Ethanol,400.0,Ethanol,411.6111,11.611114501953125
10,Toluene,1.0,Toluene,12.174667,11.174667358398438
10,Ethanol,50.0,Ethanol,32.980057,17.019943237304688
10,Toluene,100.0,Toluene,28.528908,71.4710922241211
10,Ethanol,600.0,Ethanol,631.80743,31.80743408203125
10,Toluene,60.0,Toluene,19.452263,40.54773712158203
10,Ethanol,1000.0,Ethanol,1127.2979,127.2978515625
10,Toluene,1.0,Toluene,11.721413,10.721412658691406
10,Ethanol,50.0,Ethanol,34.758095,15.241905212402344
10,Toluene,20.0,Toluene,19.77581,0.22418975830078125
10,Ethanol,200.0,Ethanol,167.2081,32.791900634765625
10,Toluene,40.0,Toluene,20.14521,19.85478973388672
10,Ethanol,800.0,Ethanol,839.32947,39.3294677734375
10,Toluene,80.0,Toluene,25.671188,54.32881164550781
10,Ethanol,400.0,Ethanol,375.85004,24.14996337890625
10,Toluene,100.0,Toluene,29.575493,70.42450714111328
10,Ethanol,600.0,Ethanol,583.58704,16.4129638671875
10,Toluene,60.0,Toluene,19.101463,40.898536682128906
10,Ethanol,1000.0,Ethanol,1065.7452,65.7452392578125
10,Toluene,80.0,Toluene,24.311531,55.68846893310547
10,Ethanol,400.0,Ethanol,375.85394,24.14605712890625
10,Toluene,1.0,Ethylene,8.747032,7.747032165527344
10,Ethanol,50.0,Ethanol,33.844788,16.15521240234375
10,Toluene,100.0,Toluene,32.00068,67.99932098388672
10,Ethanol,600.0,Ethanol,584.8566,15.14337158203125
10,Toluene,60.0,Toluene,19.309975,40.690025329589844
10,Ethanol,1000.0,Ethanol,1081.2654,81.265380859375
10,Toluene,20.0,Toluene,20.003532,0.00353240966796875
10,Ethanol,200.0,Ethanol,157.17055,42.82945251464844
10,Toluene,40.0,Toluene,19.668419,20.331581115722656
10,Ethanol,800.0,Ethanol,825.8612,25.8612060546875
10,Toluene,20.0,Toluene,19.629097,0.37090301513671875
10,Ethanol,200.0,Ethanol,152.85135,47.148651123046875
10,Toluene,40.0,Toluene,19.438644,20.561355590820312
10,Ethanol,800.0,Ethanol,810.74133,10.7413330078125
10,Toluene,80.0,Toluene,26.738953,53.26104736328125
10,Ethanol,400.0,Ethanol,367.59473,32.4052734375
10,Toluene,1.0,Toluene,11.501999,10.501998901367188
10,Ethanol,50.0,Ethanol,28.792511,21.207489013671875
10,Toluene,100.0,Toluene,32.0055,67.99449920654297
10,Ethanol,600.0,Ethanol,571.89954,28.1004638671875
10,Toluene,60.0,Toluene,22.323448,37.676551818847656
10,Ethanol,1000.0,Ethanol,1038.3827,38.3826904296875
10,Toluene,60.0,Toluene,23.936821,36.06317901611328
10,Ethanol,1000.0,Ethanol,1045.0463,45.0462646484375
10,Toluene,20.0,Toluene,20.851112,0.8511123657226562
10,Ethanol,200.0,Ethanol,146.25162,53.748382568359375
10,Toluene,40.0,Toluene,20.968887,19.031112670898438
10,Ethanol,800.0,Ethanol,807.0035,7.00347900390625
10,Toluene,80.0,Toluene,26.663895,53.33610534667969
10,Ethanol,400.0,Ethanol,363.6909,36.309112548828125
10,Toluene,1.0,Toluene,13.277702,12.277702331542969
10,Ethanol,50.0,Ethanol,30.505127,19.494873046875
10,Toluene,100.0,Toluene,28.965134,71.03486633300781
10,Ethanol,600.0,Ethanol,544.9578,55.04217529296875
10,Toluene,100.0,Toluene,24.473877,75.526123046875
10,Ethanol,600.0,Ethanol,552.5814,47.4185791015625
10,Toluene,60.0,Toluene,20.127869,39.87213134765625
10,Ethanol,1000.0,Ethanol,1036.4103,36.4102783203125
10,Toluene,1.0,Toluene,13.797279,12.797279357910156
10,Ethanol,50.0,Ethanol,31.194588,18.80541229248047
10,Toluene,20.0,Toluene,19.620193,0.3798065185546875
10,Ethanol,200.0,Ethanol,138.71515,61.28485107421875
10,Toluene,40.0,Toluene,18.657265,21.342735290527344
10,Ethanol,800.0,Ethanol,790.1116,9.888427734375
10,Toluene,80.0,Toluene,23.963432,56.03656768798828
10,Ethanol,400.0,Ethanol,368.58945,31.410552978515625
10,Toluene,1.0,Toluene,11.122116,10.122116088867188
10,Ethanol,50.0,Ethanol,29.546455,20.45354461669922
10,Toluene,100.0,Toluene,26.074127,73.92587280273438
10,Ethanol,600.0,Ethanol,550.6692,49.330810546875
10,Toluene,60.0,Toluene,19.419014,40.58098602294922
10,Ethanol,1000.0,Ethanol,1027.0349,27.034912109375
10,Toluene,20.0,Toluene,19.453133,0.5468673706054688
10,Ethanol,200.0,Ethanol,136.95436,63.04563903808594
10,Toluene,40.0,Toluene,17.879555,22.120445251464844
10,Ethanol,800.0,Ethanol,801.2636,1.26361083984375
10,Toluene,80.0,Toluene,23.550919,56.44908142089844
10,Ethanol,400.0,Ethanol,357.44333,42.556671142578125
10,Toluene,20.0,Toluene,19.370125,0.6298751831054688
10,Ethanol,200.0,Ethanol,140.72604,59.273956298828125
10,Toluene,40.0,Toluene,18.527473,21.47252655029297
10,Ethanol,800.0,Ethanol,785.0967,14.9033203125
10,Toluene,80.0,Toluene,24.555939,55.444061279296875
10,Ethanol,400.0,Ethanol,362.2361,37.763885498046875
10,Toluene,1.0,Toluene,13.782227,12.7822265625
10,Ethanol,50.0,Ethanol,29.357872,20.642127990722656
10,Toluene,100.0,Toluene,27.964859,72.03514099121094
10,Ethanol,600.0,Ethanol,554.8216,45.17840576171875
10,Toluene,60.0,Toluene,20.2072,39.79280090332031
10,Ethanol,1000.0,Ethanol,1040.5286,40.528564453125
10,Ethylene,10.0,Ethylene,17.15567,7.155670166015625
10,Ammonia,50.0,Ammonia,21.17984,28.820159912109375
10,Ethylene,250.0,Ethylene,53.092674,196.9073257446289
10,Ammonia,600.0,Ammonia,327.95215,272.0478515625
10,Ethylene,150.0,Toluene,35.563904,114.43609619140625
10,Ammonia,1000.0,Ammonia,517.53485,482.46514892578125
10,Ethylene,50.0,Toluene,22.75505,27.244949340820312
10,Ammonia,200.0,Ammonia,116.76933,83.23066711425781
10,Ethylene,100.0,Toluene,27.061478,72.93852233886719
10,Ammonia,800.0,Ammonia,427.64474,372.3552551269531
10,Ethylene,200.0,Ethylene,47.085762,152.91423797607422
10,Ammonia,400.0,Ammonia,263.44977,136.55023193359375
10,Ethylene,150.0,Toluene,36.209854,113.79014587402344
10,Ammonia,1000.0,Ammonia,520.11084,479.88916015625
10,Ethylene,50.0,Toluene,22.501884,27.49811553955078
10,Ammonia,200.0,Ammonia,116.447174,83.55282592773438
10,Ethylene,100.0,Toluene,29.501236,70.49876403808594
10,Ammonia,800.0,Ammonia,426.05518,373.94482421875
10,Ethylene,200.0,Ethylene,43.813866,156.1861343383789
10,Ammonia,400.0,Ammonia,258.94574,141.05426025390625
10,Ethylene,10.0,Toluene,14.248985,4.248985290527344
10,Ammonia,50.0,Ammonia,22.290657,27.70934295654297
10,Ethylene,250.0,Ethylene,68.068085,181.93191528320312
10,Ammonia,600.0,Ammonia,329.02173,270.978271484375
10,Ethylene,50.0,Toluene,20.360481,29.63951873779297
10,Ammonia,200.0,Ammonia,115.71088,84.28912353515625
10,Ethylene,100.0,Toluene,28.570816,71.42918395996094
10,Ammonia,800.0,Ammonia,419.4932,380.5068054199219
10,Ethylene,200.0,Ethylene,44.94011,155.0598907470703
10,Ammonia,400.0,Ammonia,247.67407,152.325927734375
10,Ethylene,10.0,Toluene,15.083954,5.083953857421875
10,Ammonia,50.0,Ammonia,24.728294,25.271705627441406
10,Ethylene,250.0,Ethylene,62.773094,187.2269058227539
10,Ammonia,600.0,Ammonia,327.01096,272.9890441894531
10,Ethylene,150.0,Toluene,30.88028,119.11972045898438
10,Ammonia,1000.0,Ammonia,511.0215,488.9784851074219
10,Ethylene,10.0,Toluene,17.846664,7.8466644287109375
10,Ammonia,50.0,Ammonia,20.125122,29.8748779296875
10,Ethylene,50.0,Toluene,22.414543,27.58545684814453
10,Ammonia,200.0,Ammonia,113.19551,86.80448913574219
10,Ethylene,100.0,Toluene,28.253197,71.7468032836914
10,Ammonia,800.0,Ammonia,418.1319,381.86810302734375
10,Ethylene,200.0,Ethylene,50.099236,149.90076446533203
10,Ammonia,400.0,Ammonia,256.75647,143.2435302734375
10,Ethylene,250.0,Ethylene,69.99858,180.0014190673828
10,Ammonia,600.0,Ammonia,337.99646,262.0035400390625
10,Ethylene,150.0,Toluene,37.293022,112.70697784423828
10,Ammonia,1000.0,Ammonia,522.3369,477.6630859375
10,Ethylene,200.0,Ethylene,47.34742,152.65258026123047
10,Ammonia,400.0,Ammonia,260.14923,139.85076904296875
10,Ethylene,10.0,Toluene,14.494995,4.4949951171875
10,Ammonia,50.0,Ammonia,23.132545,26.867454528808594
10,Ethylene,250.0,Ethylene,66.66384,183.3361587524414
10,Ammonia,600.0,Ammonia,330.66882,269.3311767578125
10,Ethylene,150.0,Toluene,34.93181,115.06819152832031
10,Ammonia,1000.0,Ammonia,514.6976,485.30242919921875
10,Ethylene,50.0,Toluene,21.387527,28.612472534179688
10,Ammonia,200.0,Ammonia,119.99801,80.00199127197266
10,Ethylene,100.0,Toluene,28.013191,71.98680877685547
10,Ammonia,800.0,Ammonia,421.0199,378.9801025390625
10,Ethylene,50.0,Toluene,23.677856,26.3221435546875
10,Ammonia,200.0,Ammonia,121.70878,78.29122161865234
10,Ethylene,100.0,Toluene,28.945778,71.0542221069336
10,Ammonia,800.0,Ammonia,427.37146,372.6285400390625
10,Ethylene,200.0,Ethylene,54.78048,145.21952056884766
10,Ammonia,400.0,Ammonia,255.57974,144.42025756835938
10,Ethylene,10.0,Toluene,15.399277,5.3992767333984375
10,Ammonia,50.0,Ammonia,28.83139,21.168609619140625
10,Ethylene,250.0,Ethylene,71.76931,178.2306900024414
10,Ammonia,600.0,Ammonia,338.5189,261.4811096191406
10,Ethylene,150.0,Toluene,36.85135,113.14865112304688
10,Ammonia,1000.0,Ammonia,514.3834,485.6165771484375
10,Ethylene,150.0,Toluene,33.717888,116.28211212158203
10,Ammonia,1000.0,Ammonia,514.167,485.8330078125
10,Ethylene,50.0,Toluene,22.39302,27.606979370117188
10,Ammonia,200.0,Ammonia,122.813644,77.18635559082031
10,Ethylene,100.0,Toluene,29.772423,70.22757720947266
10,Ammonia,800.0,Ammonia,428.2612,371.7388000488281
10,Ethylene,200.0,Ethylene,53.64692,146.35308074951172
10,Ammonia,400.0,Ammonia,257.33167,142.6683349609375
10,Ethylene,10.0,Toluene,13.874619,3.8746185302734375
10,Ammonia,50.0,Ammonia,27.119263,22.8807373046875
10,Ethylene,250.0,Ethylene,87.19859,162.80140686035156
10,Ammonia,600.0,Ammonia,340.4118,259.58819580078125
10,Ethylene,250.0,Ethylene,74.81102,175.18898010253906
10,Ammonia,600.0,Ammonia,344.6107,255.38931274414062
10,Ethylene,150.0,Ethylene,42.85836,107.14163970947266
10,Ammonia,1000.0,Ammonia,513.1246,486.87542724609375
10,Ethylene,10.0,Ethylene,11.390503,1.3905029296875
10,Ammonia,50.0,Ammonia,25.942093,24.057907104492188
10,Ethylene,50.0,Toluene,24.8639,25.13610076904297
10,Ammonia,200.0,Ammonia,125.916565,74.08343505859375
10,Ethylene,100.0,Toluene,33.03475,66.96524810791016
10,Ammonia,800.0,Ammonia,423.43906,376.5609436035156
10,Ethylene,200.0,Ethylene,59.744034,140.25596618652344
10,Ammonia,400.0,Ammonia,262.2357,137.76431274414062
10,Ethylene,10.0,Ethylene,12.281746,2.2817459106445312
10,Ammonia,50.0,Ammonia,27.075615,22.92438507080078
10,Ethylene,250.0,Ethylene,77.04439,172.9556121826172
10,Ammonia,600.0,Ammonia,341.216,258.78399658203125
10,Ethylene,150.0,Ethylene,43.406364,106.59363555908203
10,Ammonia,1000.0,Ammonia,499.30988,500.69012451171875
10,Ethylene,50.0,Toluene,23.246193,26.753807067871094
10,Ammonia,200.0,Ammonia,128.24423,71.75576782226562
10,Ethylene,100.0,Toluene,32.726227,67.27377319335938
10,Ammonia,800.0,Ammonia,424.21463,375.7853698730469
10,Ethylene,200.0,Ethylene,62.02057,137.97943115234375
10,Ammonia,400.0,Ammonia,266.6404,133.35958862304688
10,Ethylene,50.0,Toluene,24.163864,25.836135864257812
10,Ammonia,200.0,Ammonia,133.74527,66.25473022460938
10,Ethylene,100.0,Toluene,32.939888,67.06011199951172
10,Ammonia,800.0,Ammonia,426.18588,373.8141174316406
10,Ethylene,200.0,Ethylene,60.59285,139.4071502685547
10,Ammonia,400.0,Ammonia,262.76804,137.23196411132812
10,Ethylene,10.0,Toluene,13.607689,3.6076889038085938
10,Ammonia,50.0,Ammonia,35.57367,14.42633056640625
10,Ethylene,250.0,Ethylene,77.33422,172.66577911376953
10,Ammonia,600.0,Ammonia,342.4881,257.51190185546875
10,Ethylene,150.0,Ethylene,45.49488,104.50511932373047
10,Ammonia,1000.0,Ammonia,503.93558,496.0644226074219
10,Ethylene,10.0,Toluene,16.24694,6.246940612792969
10,Ammonia,50.0,Ammonia,36.878555,13.121444702148438
10,Ethylene,250.0,Ethylene,104.65631,145.34368896484375
10,Ammonia,600.0,Ammonia,471.75394,128.24606323242188
10,Ethylene,150.0,Ethylene,50.895912,99.10408782958984
10,Ammonia,1000.0,Ammonia,722.2382,277.76177978515625
10,Ethylene,50.0,Ethylene,31.391495,18.608505249023438
10,Ammonia,200.0,Ammonia,162.72601,37.27398681640625
10,Ethylene,100.0,Ethylene,52.078888,47.921112060546875
10,Ammonia,800.0,Ammonia,604.7367,195.2633056640625
10,Ethylene,200.0,Ethylene,90.50722,109.49278259277344
10,Ammonia,400.0,Ammonia,320.96625,79.03375244140625
10,Ethylene,150.0,Ethylene,76.30316,73.69683837890625
10,Ammonia,1000.0,Ammonia,723.8503,276.14971923828125
10,Ethylene,50.0,Ethylene,30.23693,19.76306915283203
10,Ammonia,200.0,Ammonia,163.35588,36.64411926269531
10,Ethylene,100.0,Ethylene,56.13575,43.86425018310547
10,Ammonia,800.0,Ammonia,592.41144,207.58856201171875
10,Ethylene,200.0,Ethylene,91.311615,108.68838500976562
10,Ammonia,400.0,Ammonia,320.45963,79.54037475585938
10,Ethylene,10.0,Ethylene,14.131088,4.1310882568359375
10,Ammonia,50.0,Ammonia,36.9405,13.059501647949219
10,Ethylene,250.0,Ethylene,111.96618,138.03382110595703
10,Ammonia,600.0,Ammonia,451.83466,148.16534423828125
10,Ethylene,50.0,Ethylene,30.839638,19.160362243652344
10,Ammonia,200.0,Ammonia,164.483,35.516998291015625
10,Ethylene,100.0,Ethylene,57.364136,42.6358642578125
10,Ammonia,800.0,Ammonia,617.2895,182.71051025390625
10,Ethylene,200.0,Ethylene,89.79641,110.2035903930664
10,Ammonia,400.0,Ammonia,324.83292,75.16708374023438
10,Ethylene,10.0,Toluene,14.557762,4.557762145996094
10,Ammonia,50.0,Ammonia,36.515327,13.484672546386719
10,Ethylene,250.0,Ethylene,119.30649,130.69351196289062
10,Ammonia,600.0,Ammonia,473.14105,126.85894775390625
10,Ethylene,150.0,Ethylene,77.104935,72.89506530761719
10,Ammonia,1000.0,Ammonia,739.90857,260.0914306640625
10,Ethylene,10.0,Toluene,14.64138,4.641380310058594
10,Ammonia,50.0,Ammonia,36.601654,13.398345947265625
10,Ethylene,50.0,Ethylene,29.035645,20.96435546875
10,Ammonia,200.0,Ammonia,165.36014,34.639862060546875
10,Ethylene,100.0,Ethylene,59.49404,40.505958557128906
10,Ammonia,800.0,Ammonia,626.6658,173.334228515625
10,Ethylene,200.0,Ethylene,90.32024,109.67976379394531
10,Ammonia,400.0,Ammonia,331.96384,68.03616333007812
10,Ethylene,250.0,Ethylene,118.61177,131.3882293701172
10,Ammonia,600.0,Ammonia,488.9436,111.056396484375
10,Ethylene,150.0,Ethylene,78.40022,71.59977722167969
10,Ammonia,1000.0,Ammonia,752.84344,247.15655517578125
10,Ethylene,200.0,Ethylene,95.39364,104.60636138916016
10,Ammonia,400.0,Ammonia,329.5889,70.41110229492188
10,Ethylene,10.0,Toluene,14.677887,4.677886962890625
10,Ammonia,50.0,Ammonia,37.97973,12.020271301269531
10,Ethylene,250.0,Ethylene,121.833496,128.16650390625
10,Ammonia,600.0,Ammonia,480.5847,119.41531372070312
10,Ethylene,150.0,Ethylene,77.8297,72.17030334472656
10,Ammonia,1000.0,Ammonia,748.95544,251.0445556640625
10,Ethylene,50.0,Ethylene,31.273483,18.726516723632812
10,Ammonia,200.0,Ammonia,166.77158,33.228424072265625
10,Ethylene,100.0,Ethylene,57.071396,42.92860412597656
10,Ammonia,800.0,Ammonia,617.0165,182.9835205078125
10,Ethylene,50.0,Ethylene,30.872154,19.127845764160156
10,Ammonia,200.0,Ammonia,167.74986,32.25013732910156
10,Ethylene,100.0,Ethylene,60.439743,39.56025695800781
10,Ammonia,800.0,Ammonia,631.27545,168.72454833984375
10,Ethylene,200.0,Ethylene,92.520386,107.4796142578125
10,Ammonia,400.0,Ammonia,334.13605,65.86395263671875
10,Ethylene,10.0,Toluene,14.496979,4.496978759765625
10,Ammonia,50.0,Ammonia,38.841965,11.158035278320312
10,Ethylene,250.0,Ethylene,123.05254,126.94745635986328
10,Ammonia,600.0,Ammonia,486.61453,113.38546752929688
10,Ethylene,150.0,Ethylene,80.59088,69.40911865234375
10,Ammonia,1000.0,Ammonia,758.27026,241.729736328125
10,Ethylene,150.0,Ethylene,78.976135,71.02386474609375
10,Ammonia,1000.0,Ammonia,751.44977,248.55023193359375
10,Ethylene,50.0,Ethylene,31.572426,18.427574157714844
10,Ammonia,200.0,Ammonia,172.41826,27.581741333007812
10,Ethylene,100.0,Ethylene,65.6904,34.309600830078125
10,Ammonia,800.0,Ammonia,628.95874,171.041259765625
10,Ethylene,200.0,Ethylene,97.09755,102.90245056152344
10,Ammonia,400.0,Ammonia,337.78662,62.21337890625
10,Ethylene,10.0,Ethylene,12.441536,2.4415359497070312
10,Ammonia,50.0,Ammonia,38.550186,11.449813842773438
10,Ethylene,250.0,Ethylene,123.55461,126.44538879394531
10,Ammonia,600.0,Ammonia,483.96304,116.03695678710938
10,Ethylene,250.0,Ethylene,122.19523,127.80477142333984
10,Ammonia,600.0,Ammonia,479.3205,120.67950439453125
10,Ethylene,150.0,Ethylene,83.491196,66.50880432128906
10,Ammonia,1000.0,Ammonia,745.79706,254.20294189453125
10,Ethylene,10.0,Toluene,15.804024,5.804023742675781
10,Ammonia,50.0,Ammonia,37.954247,12.045753479003906
10,Ethylene,50.0,Ethylene,28.441566,21.558433532714844
10,Ammonia,200.0,Ammonia,171.97229,28.0277099609375
10,Ethylene,100.0,Ethylene,60.068794,39.93120574951172
10,Ammonia,800.0,Ammonia,631.5803,168.419677734375
10,Ethylene,200.0,Ethylene,97.47839,102.5216064453125
10,Ammonia,400.0,Ammonia,337.9876,62.01239013671875
10,Ethylene,10.0,Ethylene,13.168762,3.16876220703125
10,Ammonia,50.0,Ammonia,39.185425,10.8145751953125
10,Ethylene,250.0,Ethylene,126.84369,123.15631103515625
10,Ammonia,600.0,Ammonia,481.86642,118.13357543945312
10,Ethylene,150.0,Ethylene,81.77142,68.22857666015625
10,Ammonia,1000.0,Ammonia,775.92804,224.07196044921875
10,Ethylene,50.0,Toluene,31.63076,18.369239807128906
10,Ammonia,200.0,Ammonia,173.06314,26.936859130859375
10,Ethylene,100.0,Ethylene,60.22477,39.775230407714844
10,Ammonia,800.0,Ammonia,640.53735,159.462646484375
10,Ethylene,200.0,Ethylene,98.96321,101.03678894042969
10,Ammonia,400.0,Ammonia,349.58102,50.418975830078125
10,Ethylene,50.0,Ethylene,33.43589,16.564109802246094
10,Ammonia,200.0,Ammonia,179.67651,20.323486328125
10,Ethylene,100.0,Ethylene,58.332985,41.667015075683594
10,Ammonia,800.0,Ammonia,634.7471,165.2529296875
10,Ethylene,200.0,Ethylene,100.52797,99.47203063964844
10,Ammonia,400.0,Ammonia,346.18106,53.818939208984375
10,Ethylene,10.0,Toluene,14.638573,4.638572692871094
10,Ammonia,50.0,Ammonia,38.175278,11.824722290039062
10,Ethylene,250.0,Ethylene,131.0905,118.90950012207031
10,Ammonia,600.0,Ammonia,502.0958,97.90420532226562
10,Ethylene,150.0,Ethylene,82.37227,67.62773132324219
10,Ammonia,1000.0,Ammonia,765.42596,234.57403564453125
10,Ethylene,10.0,Ethylene,10.605293,0.6052932739257812
10,Ammonia,50.0,Ammonia,39.771645,10.228355407714844
10,Ethylene,250.0,Ethylene,114.40637,135.5936279296875
10,Ammonia,600.0,Ammonia,452.82135,147.17864990234375
10,Ethylene,150.0,Ethylene,81.45011,68.54988861083984
10,Ammonia,1000.0,Ammonia,708.7619,291.23809814453125
10,Ethylene,50.0,Ethylene,27.01207,22.987930297851562
10,Ammonia,200.0,Ammonia,173.72903,26.270965576171875
10,Ethylene,100.0,Ethylene,60.35238,39.647621154785156
10,Ammonia,800.0,Ammonia,589.773,210.22698974609375
10,Ethylene,200.0,Ethylene,98.13484,101.86515808105469
10,Ammonia,400.0,Ammonia,326.96088,73.03912353515625
10,Ethylene,150.0,Ethylene,84.32503,65.67497253417969
10,Ammonia,1000.0,Ammonia,692.037,307.9630126953125
10,Ethylene,50.0,Ethylene,29.486153,20.51384735107422
10,Ammonia,200.0,Ammonia,176.18216,23.817840576171875
10,Ethylene,100.0,Ethylene,67.08087,32.91912841796875
10,Ammonia,800.0,Ammonia,569.6169,230.38311767578125
10,Ethylene,200.0,Ethylene,103.5663,96.43370056152344
10,Ammonia,400.0,Ammonia,319.0377,80.96231079101562
10,Ethylene,10.0,Toluene,27.729454,17.729454040527344
10,Ammonia,50.0,Ammonia,48.68112,1.318878173828125
10,Ethylene,250.0,Ethylene,132.68791,117.31208801269531
10,Ammonia,600.0,Ammonia,454.65256,145.34744262695312
10,Ethylene,50.0,Toluene,43.56897,6.4310302734375
10,Ammonia,200.0,Ammonia,179.62683,20.3731689453125
10,Ethylene,100.0,Ethylene,71.61136,28.388641357421875
10,Ammonia,800.0,Ammonia,586.4736,213.52642822265625
10,Ethylene,200.0,Ethylene,109.7581,90.24189758300781
10,Ammonia,400.0,Ammonia,317.85022,82.1497802734375
10,Ethylene,10.0,Toluene,29.891434,19.891433715820312
10,Ammonia,50.0,Ammonia,58.258232,8.258232116699219
10,Ethylene,250.0,Ethylene,131.4024,118.59759521484375
10,Ammonia,600.0,Ammonia,450.34555,149.65444946289062
10,Ethylene,150.0,Ethylene,97.62408,52.37592315673828
10,Ammonia,1000.0,Ammonia,706.4496,293.5504150390625
10,Ethylene,10.0,Toluene,29.295692,19.295692443847656
10,Ammonia,50.0,Ammonia,60.570786,10.570785522460938
10,Ethylene,50.0,Toluene,47.134537,2.8654632568359375
10,Ammonia,200.0,Ammonia,177.3481,22.651901245117188
10,Ethylene,100.0,Ethylene,76.79688,23.20311737060547
10,Ammonia,800.0,Ammonia,599.38184,200.6181640625
10,Ethylene,200.0,Ethylene,113.43884,86.5611572265625
10,Ammonia,400.0,Ammonia,332.96127,67.03872680664062
10,Ethylene,250.0,Ethylene,136.30798,113.6920166015625
10,Ammonia,600.0,Ammonia,471.02734,128.97265625
10,Ethylene,150.0,Ethylene,100.75095,49.249046325683594
10,Ammonia,1000.0,Ammonia,764.58545,235.41455078125
10,Ethylene,200.0,Ethylene,113.90743,86.09256744384766
10,Ammonia,400.0,Ammonia,331.74817,68.2518310546875
10,Ethylene,10.0,Toluene,25.252441,15.25244140625
10,Ammonia,50.0,Ammonia,62.30622,12.306221008300781
10,Ethylene,250.0,Ethylene,134.8598,115.14019775390625
10,Ammonia,600.0,Ammonia,483.37305,116.626953125
10,Ethylene,150.0,Ethylene,102.11385,47.886146545410156
10,Ammonia,1000.0,Ammonia,730.6873,269.31268310546875
10,Ethylene,50.0,Toluene,47.37719,2.6228103637695312
10,Ammonia,200.0,Ammonia,183.47943,16.52056884765625
10,Ethylene,100.0,Ethylene,75.73218,24.267822265625
10,Ammonia,800.0,Ammonia,630.7562,169.2437744140625
10,Ethylene,50.0,Toluene,43.213478,6.786521911621094
10,Ammonia,200.0,Ammonia,186.72064,13.27935791015625
10,Ethylene,100.0,Ethylene,78.40202,21.597976684570312
10,Ammonia,800.0,Ammonia,665.83167,134.1683349609375
10,Ethylene,200.0,Ethylene,112.46286,87.53713989257812
10,Ammonia,400.0,Ammonia,349.57687,50.423126220703125
10,Ethylene,10.0,Toluene,26.381218,16.38121795654297
10,Ammonia,50.0,Ammonia,59.480484,9.480484008789062
10,Ethylene,250.0,Ethylene,135.90768,114.09231567382812
10,Ammonia,600.0,Ammonia,480.56827,119.43173217773438
10,Ethylene,150.0,Ethylene,96.77672,53.22328186035156
10,Ammonia,1000.0,Ammonia,759.2513,240.74871826171875
10,Ethylene,150.0,Ethylene,98.95635,51.04364776611328
10,Ammonia,1000.0,Ammonia,782.5345,217.46551513671875
10,Ethylene,50.0,Toluene,41.940735,8.05926513671875
10,Ammonia,200.0,Ammonia,185.3318,14.668197631835938
10,Ethylene,100.0,Ethylene,83.96857,16.03143310546875
10,Ammonia,800.0,Ammonia,668.9539,131.04608154296875
10,Ethylene,200.0,Ethylene,110.92958,89.07041931152344
10,Ammonia,400.0,Ammonia,345.3952,54.60479736328125
10,Ethylene,10.0,Toluene,28.010391,18.010391235351562
10,Ammonia,50.0,Ammonia,52.743706,2.7437057495117188
10,Ethylene,250.0,Ethylene,133.66606,116.33393859863281
10,Ammonia,600.0,Ammonia,477.04092,122.95907592773438
10,Ethylene,250.0,Ethylene,132.13773,117.86227416992188
10,Ammonia,600.0,Ammonia,481.7701,118.22988891601562
10,Ethylene,150.0,Ethylene,86.86403,63.13597106933594
10,Ammonia,1000.0,Ammonia,746.43915,253.56085205078125
10,Ethylene,10.0,Ethylene,14.181206,4.181205749511719
10,Ammonia,50.0,Ammonia,42.25168,7.748321533203125
10,Ethylene,50.0,Ethylene,29.911438,20.08856201171875
10,Ammonia,200.0,Ammonia,179.72458,20.275421142578125
10,Ethylene,100.0,Ethylene,71.86493,28.13507080078125
10,Ammonia,800.0,Ammonia,634.9361,165.06390380859375
10,Ethylene,200.0,Ethylene,109.57767,90.42233276367188
10,Ammonia,400.0,Ammonia,344.68088,55.319122314453125
10,Ethylene,10.0,Toluene,14.05999,4.059989929199219
10,Ammonia,50.0,Ammonia,42.6808,7.3191986083984375
10,Ethylene,250.0,Ethylene,141.32413,108.67587280273438
10,Ammonia,600.0,Ammonia,488.26486,111.73513793945312
10,Ethylene,150.0,Ethylene,84.40473,65.59526824951172
10,Ammonia,1000.0,Ammonia,772.3218,227.67822265625
10,Ethylene,50.0,Ethylene,32.111183,17.888816833496094
10,Ammonia,200.0,Ammonia,181.71808,18.28192138671875
10,Ethylene,100.0,Ethylene,69.82445,30.175552368164062
10,Ammonia,800.0,Ammonia,637.3791,162.62091064453125
10,Ethylene,200.0,Ethylene,105.03996,94.96003723144531
10,Ammonia,400.0,Ammonia,343.40598,56.594024658203125
10,Ethylene,50.0,Ethylene,34.739136,15.2608642578125
10,Ammonia,200.0,Ammonia,182.28645,17.713546752929688
10,Ethylene,100.0,Ethylene,71.01904,28.98095703125
10,Ammonia,800.0,Ammonia,635.1828,164.81719970703125
10,Ethylene,200.0,Ethylene,106.402405,93.59759521484375
10,Ammonia,400.0,Ammonia,347.58575,52.41424560546875
10,Ethylene,10.0,Toluene,16.62674,6.626739501953125
10,Ammonia,50.0,Ammonia,43.272285,6.727714538574219
10,Ethylene,250.0,Ethylene,137.05441,112.94558715820312
10,Ammonia,600.0,Ammonia,495.5402,104.45980834960938
10,Ethylene,150.0,Ethylene,85.44633,64.55367279052734
10,Ammonia,1000.0,Ammonia,770.5338,229.4661865234375
