batch_id,gas_name,concentration_ppm,PC1,PC2
1,Acetone,10.0,10.666590436290239,1.5447357139849183
1,Acetone,20.0,9.734951935174584,1.8379872977016574
1,Acetone,30.0,8.380374267233746,2.256573963261826
1,Acetone,40.0,7.531991067609699,2.62666958578765
1,Acetone,50.0,6.577421386273844,2.6909808553184678
1,Acetone,75.0,4.166734043459125,3.4192909095865347
1,Acetone,100.0,2.354062519320983,3.8395006137758094
1,Acetone,125.0,0.7269943263241002,4.260942778827027
1,Acetone,150.0,-0.9122689437012715,4.5743435767558704
1,Acetone,175.0,-2.333731332875801,4.834896639931353
1,Acetone,200.0,-4.039624989240482,5.0965707965719025
1,Acetone,225.0,-5.447231011667487,5.375081109602673
1,Acetone,250.0,-6.8877832646688395,5.746846402721688
1,Acetone,225.0,-8.301521962373865,5.834766578904669
1,Acetone,10.0,10.595616566027113,1.6216789745722524
1,Acetone,20.0,8.949725425337308,1.962035952395567
1,Acetone,30.0,7.6514720006972965,2.2315716812970288
1,Acetone,40.0,6.425408013128548,2.4369525264266625
1,Acetone,50.0,5.385614248188092,2.692376584644887
1,Acetone,75.0,3.1324858140257903,3.199511582787011
1,Acetone,100.0,1.088659977671158,3.5709597316909782
1,Acetone,125.0,-0.7576928775419881,3.8584591413313865
1,Acetone,150.0,-2.217896909146201,4.080026145446622
1,Acetone,175.0,-3.917025227664298,4.353367004935786
1,Acetone,200.0,-5.48545165824954,4.568353851639175
1,Acetone,225.0,-7.127413630790993,4.77353209502314
1,Acetone,250.0,-8.465267993226906,5.008908156556729
1,Acetone,275.0,-9.836980397161888,5.230492429161215
1,Acetone,10.0,10.696487849126052,1.6096539116298578
1,Acetone,20.0,9.331380447415135,1.998253137369968
1,Acetone,30.0,7.991653690342053,2.3078750228122105
1,Acetone,40.0,6.6832633706268485,2.537311613066333
1,Acetone,50.0,5.720824212703286,2.690520907188446
1,Acetone,75.0,3.5410614208033793,3.369645510833055
1,Acetone,100.0,1.543816409000735,3.7974803405065245
1,Acetone,125.0,-0.056476361366513704,4.2528384929843615
1,Acetone,150.0,-2.2187442521981118,4.40636281121233
1,Acetone,175.0,-3.436484331050389,4.5386007275989675
1,Acetone,200.0,-4.912313711651588,4.785400197740736
1,Acetone,225.0,-6.3297966130993135,5.586858864436951
1,Acetone,250.0,-7.721556355946182,5.359682857395896
1,Acetone,275.0,-8.8560189436172,5.576889021796585
1,Acetone,10.0,10.73209090904414,1.6131306152746203
1,Acetone,20.0,9.43748416709544,1.9799906352586494
1,Acetone,30.0,8.093903167749344,2.334897206775159
1,Acetone,40.0,7.202688035471147,2.452093946670837
1,Acetone,50.0,6.022394446698834,2.7782234536046606
1,Acetone,75.0,3.697334178780776,3.4534700131829705
1,Acetone,100.0,1.872566995121132,3.9889601815701496
1,Acetone,125.0,0.21555033403249965,4.300381152893765
1,Acetone,150.0,-1.3920579087216454,4.650202208510389
1,Acetone,175.0,-2.8085995038189684,4.896994984725757
1,Acetone,200.0,-4.609131646779233,4.962573136521
1,Acetone,225.0,-5.939374402172907,5.242507934954123
1,Acetone,250.0,-7.330962877155157,5.464211683845808
1,Acetone,275.0,-8.817693123114356,5.707388752856509
1,Acetone,10.0,10.674186163075145,1.676970927416453
1,Acetone,20.0,9.062329914827286,2.0403759845054927
1,Acetone,30.0,7.596960270336521,2.2791034841127242
1,Acetone,40.0,6.46448306433618,2.5412644485711184
1,Acetone,50.0,5.190748171771561,2.7478752018380885
1,Acetone,75.0,3.0249716386639465,3.2864330559765165
1,Acetone,100.0,1.279537511104468,3.8274091112858755
1,Acetone,125.0,-0.5010121272007411,4.225417553341981
1,Acetone,150.0,-1.9898696135195602,4.560961407580127
1,Acetone,175.0,-3.2929528076395176,4.77015795754323
1,Acetone,200.0,-4.720234928721584,5.006865685387473
1,Acetone,225.0,-5.943153865947863,5.365168478865468
1,Acetone,250.0,-7.34523464597975,5.625116714001565
1,Acetone,275.0,-8.653190755336828,5.822169916358842
1,Acetone,10.0,10.59395032979544,1.6447004285590656
1,Acetone,20.0,9.098676799752058,1.970242741002782
1,Acetone,30.0,7.768353654345713,2.266550321704288
1,Acetone,40.0,6.441443842455518,2.5412310544580645
1,Acetone,50.0,3.906764227678926,3.4726569123012334
1,Acetone,75.0,3.1976862928050673,3.290537345988498
1,Acetone,100.0,0.9604013742083569,3.6363244776220025
1,Acetone,125.0,-0.7509203333756612,3.948217572185599
1,Acetone,150.0,-2.577341541534577,4.14013255215
1,Acetone,175.0,-4.125946650229054,4.374073221093044
1,Acetone,200.0,-5.527586793780296,4.680874700512995
1,Acetone,225.0,-6.98119850772008,4.852431717822394
1,Acetone,250.0,-8.404645605986413,5.031447055733066
1,Acetone,275.0,-9.189781683138301,5.291461916417081
1,Acetaldehyde,10.0,10.737902815250688,0.9485922548419681
1,Acetaldehyde,50.0,6.09301120368073,-0.10870327373655474
1,Acetaldehyde,100.0,9.238752203827605,-1.4187986104454808
1,Acetaldehyde,100.0,2.3801110251509003,-1.5649209220071585
1,Acetaldehyde,200.0,-3.9972572264962367,-3.3746374969524906
1,Acetaldehyde,250.0,-6.518560412188513,-3.9508311378220395
1,Acetaldehyde,10.0,10.869693208981163,0.9205805504631684
1,Acetaldehyde,50.0,6.2375939766654325,-0.40527611996786383
1,Acetaldehyde,100.0,2.327584336207294,-1.6101785981203847
1,Acetaldehyde,150.0,-1.1725892832388833,-2.6401116362113473
1,Acetaldehyde,200.0,-4.156563960540015,-3.4296221672876057
1,Acetaldehyde,250.0,-6.820949980020913,-4.099142024982692
1,Acetaldehyde,10.0,10.598736378537609,0.8704534825713256
1,Acetaldehyde,50.0,6.128909349118959,-0.39619095966417195
1,Acetaldehyde,100.0,1.9451841990515137,-1.7225726014936678
1,Acetaldehyde,150.0,-1.2077021367401657,-2.674670952738577
1,Acetaldehyde,200.0,-4.105126555904139,-3.505927572127541
1,Acetaldehyde,250.0,-7.101895989958204,-4.205147743047493
1,Acetaldehyde,10.0,10.722282180984807,0.8918700564045505
1,Acetaldehyde,50.0,6.216399282865203,-0.3499311803325615
1,Acetaldehyde,100.0,2.087377672698029,-1.671646749678696
1,Acetaldehyde,150.0,-1.4448389154308168,-2.757460373475453
1,Acetaldehyde,200.0,-4.960420724418912,-3.785326374852668
1,Acetaldehyde,250.0,-7.661400956382502,-4.3983721211806035
1,Acetaldehyde,10.0,10.74764343827266,0.9373128983342572
1,Acetaldehyde,50.0,5.742563697219987,-0.6255631796001521
1,Acetaldehyde,100.0,1.461607438375879,-1.9490687340619568
1,Acetaldehyde,150.0,-2.0796994722924187,-3.022169900795953
1,Acetaldehyde,200.0,-4.666955522155688,-3.6313990449575293
1,Acetaldehyde,250.0,-7.79172890028336,-4.497296062889518
1,Acetaldehyde,10.0,10.609981850157519,0.8836792989396711
1,Acetaldehyde,50.0,5.9680391512008955,-0.5049043962917692
1,Acetaldehyde,100.0,1.8084422833100984,-1.8003449066972022
1,Acetaldehyde,150.0,-1.7817592984370703,-2.9070972271864903
1,Acetaldehyde,200.0,-4.944957081637316,-3.7565020844993313
1,Acetaldehyde,250.0,-7.136397185550411,-4.32144595104776
1,Acetaldehyde,10.0,10.677171655546427,0.8862763692394853
1,Acetaldehyde,50.0,6.361120066795474,-0.331787917207596
1,Acetaldehyde,100.0,2.306458905321446,-1.6618952676751255
1,Acetaldehyde,150.0,-1.106556082531831,-2.6427073752101085
1,Acetaldehyde,200.0,-3.9277615571475435,-3.3661510620353767
1,Acetaldehyde,250.0,-6.802790339466277,-4.045844485247725
1,Acetaldehyde,30.0,8.373455729895367,0.317801141298331
1,Acetaldehyde,75.0,3.9770439275634413,-0.89363591482514
1,Acetaldehyde,125.0,0.2627041569910401,-2.27311818956791
1,Acetaldehyde,175.0,-2.6110961632973986,-3.143606803124478
1,Acetaldehyde,225.0,-5.688387628233627,-3.822482070837038
1,Acetaldehyde,30.0,8.327210191495558,0.2555048457866366
1,Acetaldehyde,75.0,4.091490503385464,-1.031661434021131
1,Acetaldehyde,125.0,0.37120748994727504,-2.1587843581448567
1,Acetaldehyde,175.0,-3.017689523736447,-3.1180823513001865
1,Acetaldehyde,225.0,-5.803057748952653,-3.874625576667981
1,Acetaldehyde,30.0,7.7953552747892125,0.08451824859205509
1,Acetaldehyde,75.0,3.802066665400244,-1.1703702145297614
1,Acetaldehyde,125.0,-0.21014476406070906,-2.410629500708046
1,Acetaldehyde,175.0,-3.5159798429151534,-3.397153617647756
1,Acetaldehyde,225.0,-6.66729520808345,-4.3112146277448185
1,Acetaldehyde,275.0,-9.700487161976346,-4.746425400979519
1,Acetaldehyde,275.0,-9.533941869351393,-4.901199412828726
1,Acetaldehyde,275.0,-9.555646871543605,-4.8319965941988325
1,Acetaldehyde,30.0,8.160098859337673,0.14081300655211487
1,Acetaldehyde,75.0,4.1694944713937465,-0.9935317466111871
1,Acetaldehyde,125.0,0.11969761609175056,-2.296420365894311
1,Acetaldehyde,175.0,-2.9368437752634335,-3.1626450796508876
1,Acetaldehyde,225.0,-6.0352008610435455,-3.992354179322265
1,Acetaldehyde,275.0,-9.059298262433773,-4.635672290631901
1,Acetaldehyde,30.0,8.043790293161548,0.09504344331092293
1,Acetaldehyde,75.0,3.226486011457546,-1.4328780690946776
1,Acetaldehyde,125.0,-0.8493978404123849,-2.744697805211882
1,Acetaldehyde,10.0,10.630916500633193,0.9306265618010562
1,Acetaldehyde,50.0,5.585938643322905,-0.6281927402949722
1,Acetaldehyde,100.0,1.122540874802546,-2.0715341221151853
1,Acetaldehyde,275.0,-10.667483280571897,-5.306106280050826
1,Acetaldehyde,275.0,-10.17990907730021,-5.141899336552647
1,Acetaldehyde,20.0,8.747724350315277,0.40719382635200624
1,Acetaldehyde,40.0,6.490491971823967,-0.30708062217747617
1,Acetaldehyde,20.0,8.926083342166145,0.3747311941804447
1,Acetaldehyde,40.0,6.388728960135885,-0.4376036162031261
1,Acetaldehyde,20.0,8.919569558684094,0.40042920886596745
1,Acetaldehyde,40.0,6.431475724312701,-0.4020824068173207
1,Acetaldehyde,20.0,8.81760948005523,0.3545939427486481
1,Acetaldehyde,40.0,6.7812837456684685,-0.017018972220581095
1,Acetaldehyde,20.0,8.805705603234111,0.34924363017267535
1,Acetaldehyde,40.0,6.560135073146158,-0.3631047919557386
1,Acetaldehyde,20.0,9.178465453813768,0.5322967903503334
1,Acetaldehyde,40.0,6.583427191261154,-0.08323349773411097
1,Acetaldehyde,20.0,9.038570237619803,0.6695915326814516
1,Acetaldehyde,40.0,6.293516519645808,-0.32504464282035694
1,Ethanol,50.0,9.009014400684249,0.6560389082966049
1,Ethanol,100.0,8.462494917126477,0.7562423244103358
1,Ethanol,150.0,6.783951324118123,0.2541548896751655
1,Ethanol,200.0,5.362884506395608,-0.1702346719279233
1,Ethanol,250.0,4.676145494714627,-0.08200079073184166
1,Ethanol,300.0,3.678930163014305,-0.4991814397991279
1,Ethanol,350.0,3.0954281010982094,-0.7345425410757498
1,Ethanol,400.0,1.5317839213900528,-1.5510233698126286
1,Ethanol,450.0,1.0140815431680192,-0.84504965151544
1,Ethanol,500.0,-0.33545329597067525,-1.3699831898011563
1,Ethanol,600.0,-2.0937860381781617,-1.8432257493655233
1,Ethanol,700.0,-3.7588570776848753,-2.2573580217173705
1,Ethanol,800.0,-5.594475634618678,-2.4204846645384888
1,Ethanol,900.0,-5.704905780225394,-2.643929291341129
1,Ethanol,1000.0,-7.095929265913808,-3.0859865989830957
1,Ethanol,50.0,10.41459964435897,0.8830781117468666
1,Ethanol,100.0,8.822705138019213,0.6071515234941122
1,Ethanol,150.0,7.546282877947482,0.309888575337136
1,Ethanol,250.0,5.00078390210666,-0.423400159574143
1,Ethanol,300.0,4.7781090502639065,-0.03928613467227219
1,Ethanol,350.0,3.592442377484179,-0.37749837180333684
1,Ethanol,400.0,3.1029530519429334,-0.6767795587112939
1,Ethanol,200.0,7.046182349401292,0.1757536164849499
1,Ethanol,450.0,1.79128130307662,-0.8226066635964525
1,Ethanol,500.0,0.13390405296211297,-1.5639632960103333
1,Ethanol,600.0,-1.3194111498241912,-1.6242863398586131
1,Ethanol,700.0,-2.9489740368396666,-2.0450777985241757
1,Ethanol,800.0,-4.408933513358256,-2.484764718001931
1,Ethanol,900.0,-6.378315332821849,-3.511031937217704
1,Ethanol,1000.0,-7.171950965222673,-3.2904029388956615
1,Ethanol,50.0,10.402462467186488,0.8968361125076952
1,Ethanol,100.0,8.915298998725616,0.5718191346989006
1,Ethanol,200.0,6.402220332496521,0.1219523890971689
1,Ethanol,250.0,5.163877718188148,-0.17207168961231228
1,Ethanol,300.0,3.966027143217276,-0.48620215982578435
1,Ethanol,350.0,2.8712751680844555,-0.7422672873804103
1,Ethanol,400.0,1.079950632533067,-1.56527379741044
1,Ethanol,450.0,0.605891947101487,-1.1484720485771838
1,Ethanol,500.0,-0.327940006894608,-1.4737967466937942
1,Ethanol,600.0,-2.439561602215233,-1.8167568595644332
1,Ethanol,700.0,-3.6930928538088974,-2.3745120475135035
1,Ethanol,800.0,-5.112262169903529,-2.7674764277993162
1,Ethanol,1000.0,-4.997621026570226,-2.0029362281395477
1,Ethanol,900.0,-5.081193621059655,-1.947736210562932
1,Ethanol,150.0,7.621731818270388,0.36090958656280575
1,Ethanol,50.0,10.425149519678245,0.8947595831242664
1,Ethanol,100.0,9.063676272257084,0.6796126870791136
1,Ethanol,150.0,7.638156339043508,0.48179312408306124
1,Ethanol,200.0,6.71240760852999,0.21105159409989807
1,Ethanol,250.0,5.624752821055266,-0.029663889602766832
1,Ethanol,300.0,4.4850994358436,-0.26521251996695616
1,Ethanol,350.0,3.3111002710520188,-0.40649459959168616
1,Ethanol,400.0,2.622554272378102,-0.661773681923014
1,Ethanol,100.0,0.715007937150056,-1.4085418843536996
1,Ethanol,500.0,1.0780516845725197,-0.3702132558914743
1,Ethanol,600.0,-0.417685296371063,-1.1357586619959237
1,Ethanol,700.0,-2.172888257792935,-1.5868244223328312
1,Ethanol,800.0,-3.9468915883546827,-2.2661935602333307
1,Ethanol,900.0,-5.016020195867742,-2.4493464519108152
1,Ethanol,1000.0,-6.4371426222196835,-2.885969791221885
1,Ethanol,50.0,10.45671908876828,0.9699152207197849
1,Ethanol,100.0,9.090382713435023,0.6674607869806691
1,Ethanol,150.0,7.846036815636303,0.4222866951354768
1,Ethanol,200.0,6.566182245082398,0.17399944974620174
1,Ethanol,250.0,4.902223961645971,-0.15241575494448004
1,Ethanol,300.0,4.468262374683231,-0.2883577777381456
1,Ethanol,350.0,3.1099425529027735,-0.4253717659730788
1,Ethanol,400.0,1.616443585639196,-0.9861361976340816
1,Ethanol,450.0,1.2920874621646927,-0.9369351600573076
1,Ethanol,500.0,0.25731963371678335,-1.1672381135651622
1,Ethanol,600.0,-1.378406160864033,-1.496039238774839
1,Ethanol,700.0,-3.3904733741678377,-1.8367616232557478
1,Ethanol,800.0,-4.487830673991217,-2.2628990479564832
1,Ethanol,900.0,-6.05257217643603,-2.630549150929251
1,Ethanol,1000.0,-7.097483176547623,-3.02670668106788
1,Ethanol,1000.0,5.0121778296173725,2.119618694083559
1,Acetone,100.0,0.6148130147624408,3.3770421735021436
1,Acetone,200.0,-5.558667269191163,5.184929425670459
1,Acetone,50.0,4.69352967011373,3.0776780944615965
1,Acetone,275.0,-11.308297007217234,1.2939204912492257
1,Acetone,275.0,-14.95373792613125,6.319425301234912
1,Acetone,250.0,6.1744656427044,-1.1116349612307324
1,Acetaldehyde,275.0,-9.926304854199579,-7.848153049144547
1,Acetaldehyde,275.0,-7.540640032076819,-6.9699055345715815
1,Acetaldehyde,275.0,-7.724335626290156,-6.950103165529628
1,Acetaldehyde,50.0,5.55492419145918,-1.0116887030573884
1,Acetaldehyde,275.0,-8.004732736586874,-6.620393912640028
1,Acetaldehyde,50.0,5.539974930300464,-0.9958684021465096
1,Acetaldehyde,250.0,-9.623905657869953,-6.337612167140274
1,Acetaldehyde,250.0,-8.434390405637231,-4.123769370039964
1,Acetaldehyde,250.0,-7.132123726685163,-6.113784122599335
1,Acetaldehyde,250.0,-7.504824237341427,-6.2414250288077815
1,Ethanol,1000.0,-10.715097326427978,1.0660097675644449
1,Ethanol,1000.0,-5.990173472905493,-1.2630906534307529
1,Ethanol,1000.0,-6.720235618784123,-1.583335137538728
1,Ethanol,1000.0,-5.950842725864304,-1.6673291993941048
1,Ethanol,1000.0,-5.5124860516272385,-1.8210915506317298
1,Ethanol,1000.0,-9.795939249480698,-4.600759466745672
1,Ethanol,1000.0,-6.418572975475537,-2.3249689430045475
1,Ethylene,10.0,9.6686345060373,3.1429371089816045
1,Ethylene,20.0,7.419181446349381,4.916513041697108
1,Ethylene,30.0,6.042893182627325,6.029812235355798
1,Ethylene,40.0,4.717895102454883,7.053083339543997
1,Ethylene,50.0,3.30520029099988,7.961937919359546
1,Ethylene,75.0,0.8140937797678851,9.778173593357904
1,Ethylene,100.0,-1.109344755362225,11.270694779435486
1,Ethylene,125.0,-3.5481227880980155,12.720993511125126
1,Ethylene,150.0,-5.022508660173167,13.542071244771126
1,Ethylene,175.0,-6.690581189510075,14.65181205974781
1,Ethylene,200.0,-8.348410189583396,15.129416627338351
1,Ethylene,225.0,-10.023925481172961,16.025429375217477
1,Ethylene,250.0,-11.13004031252651,16.631649523721975
1,Ethylene,275.0,-13.246311342730028,18.281312773667935
1,Ethylene,300.0,-14.738374739280593,17.97995210446897
1,Ethylene,300.0,-6.944620325486282,13.960306991337752
1,Ethylene,275.0,-13.956915185259241,17.115511310192343
1,Ethylene,250.0,-11.676806204482084,16.259278205551414
1,Ethylene,10.0,9.735893798152878,3.4054539509467814
1,Ethylene,20.0,7.4651475432645364,5.222683735822824
1,Ethylene,30.0,5.833822741484766,6.326702698296978
1,Ethylene,40.0,4.222719264154286,7.452951693216986
1,Ethylene,50.0,3.18086262007867,8.044704264580712
1,Ethylene,75.0,0.3124612578778867,10.078338353815942
1,Ethylene,100.0,-1.5986736835935587,11.149841440535258
1,Ethylene,125.0,-3.8280882418283064,12.607523540439972
1,Ethylene,150.0,-6.014188955466441,13.63982300708869
1,Ethylene,175.0,-7.525154594880826,13.884850903640716
1,Ethylene,200.0,-9.311894922766731,15.802895914815526
1,Ethylene,225.0,-10.693833780808898,16.193040392166026
1,Ammonia,25.0,9.951576585003435,3.901885036607188
1,Ammonia,50.0,7.785750802344411,6.328181444682786
1,Ammonia,75.0,5.717885509176892,8.444076936498655
1,Ammonia,100.0,3.7565718792522502,10.412774668766271
1,Ammonia,125.0,1.1979609279203873,13.065589933741796
1,Ammonia,150.0,0.016531894920607342,14.003126645694298
1,Ammonia,175.0,-1.852007903572692,15.38047643879644
1,Ammonia,200.0,-2.356443061177475,15.995751943058123
1,Ammonia,250.0,-5.142409883005358,17.665459924868056
1,Ammonia,300.0,-8.839924935778335,19.99854459968954
1,Ammonia,350.0,-12.182105523264253,22.482955619109568
1,Ammonia,400.0,-16.114585309226896,24.157440320150076
1,Ammonia,450.0,-19.329277389724478,26.315120322726877
1,Ammonia,500.0,-22.35303288478826,28.532926732767194
1,Ammonia,25.0,10.138274589715612,3.4283008113463374
1,Ammonia,50.0,7.743101932979179,6.0738010222099135
1,Ammonia,75.0,5.799425404033585,8.112023897319276
1,Ammonia,200.0,3.5408049846194274,10.27198392108988
1,Ammonia,125.0,1.3546810434612286,12.353582602705325
1,Ammonia,150.0,-0.9113684618292761,14.123512329823331
1,Ammonia,175.0,-2.638815942805932,15.544013991402755
1,Ammonia,200.0,-4.376734480517311,16.81508728614794
1,Ammonia,250.0,-7.707370902068414,19.12539974492764
1,Ammonia,300.0,-8.533732956709104,19.780112776597313
1,Ammonia,350.0,-13.112475824469922,22.411015704268415
1,Ammonia,400.0,-17.082865794728253,24.60877566439384
1,Ammonia,450.0,-20.932616096070237,26.786438378686146
1,Ammonia,500.0,-25.361548165260817,29.783959707259676
1,Ammonia,25.0,9.927482335713796,3.82209870137786
1,Ammonia,50.0,6.77036669542222,7.104941149650891
1,Ammonia,75.0,4.862899920083523,8.86583807348407
1,Ammonia,100.0,2.9043491790649267,10.629447196314608
1,Ammonia,125.0,0.5231863670986845,12.211202774274254
1,Ammonia,150.0,-1.7673959332501874,13.700575546049645
1,Ammonia,175.0,-3.2450053957723908,15.285295082146769
1,Ammonia,200.0,-4.407911875510492,16.038782440065454
1,Ammonia,250.0,-8.17120166304086,18.689556615503427
1,Ammonia,300.0,-12.32924618071645,21.08077782574722
1,Ammonia,350.0,-14.088262351656928,22.322524709070805
1,Ammonia,400.0,-18.07202830268534,24.510880114739216
1,Ammonia,450.0,-22.26478998276269,26.373897384469146
1,Ammonia,500.0,-26.583880421964047,27.80756810171362
1,Ammonia,500.0,-25.83432524698003,27.672604712858213
1,Ammonia,450.0,-23.323574597186937,26.76654005067217
1,Ammonia,400.0,-17.208241105381443,22.65113446003195
1,Ammonia,350.0,-13.814633388634954,19.50154964236579
1,Ammonia,300.0,-12.80522796873566,20.928876699723705
1,Ammonia,250.0,-9.02530315600996,18.797974631103745
1,Ammonia,200.0,-5.338594746679124,16.23959394431957
1,Ammonia,175.0,-3.4961021512280888,14.872805883716461
1,Ammonia,150.0,-1.6254989429060314,13.296396161125957
1,Ammonia,125.0,0.3400096418497001,11.751820911695102
1,Ammonia,100.0,2.5590326617998227,10.163770327025151
1,Ammonia,75.0,4.3796185695748555,8.390440223956045
1,Ammonia,50.0,6.909693109511209,6.349216182270223
1,Ammonia,25.0,9.60020277435856,3.8356336667815887
1,Ammonia,25.0,9.591925033751888,3.8420555934889897
1,Ammonia,50.0,7.182033638515617,6.171601752377981
1,Ammonia,75.0,4.562062357810153,8.433556041635883
1,Ammonia,100.0,2.4077732658685647,10.460277979989465
1,Ammonia,125.0,0.11035417618105904,12.175652890461487
1,Ammonia,150.0,-2.6972016021944576,14.46280781750256
1,Ammonia,175.0,-4.180169660539575,15.209799576063444
1,Ammonia,200.0,-5.996056667388545,16.431214246724643
1,Ammonia,250.0,-9.801372224028391,18.666663746419523
1,Ammonia,300.0,-12.88018696384992,20.8229837866116
1,Ammonia,350.0,-19.073679450090754,24.06398141020132
1,Ammonia,400.0,-20.19684545380374,24.33710065741515
1,Ammonia,450.0,-26.885672688729116,26.778670788959584
1,Ammonia,500.0,-27.15722425142128,27.12664883241854
1,Toluene,30.0,4.32571622603916,6.048194378969596
1,Toluene,40.0,4.90436782132138,7.786064997738778
1,Toluene,45.0,4.665133750273049,8.047277156024164
1,Toluene,50.0,4.220637699807239,8.401025268633859
1,Toluene,55.0,3.7973814017120273,8.544333448927944
1,Toluene,60.0,3.2826996336003407,8.94665567364977
1,Toluene,65.0,3.1465459682856656,8.913844426543797
1,Toluene,70.0,3.238568899709725,8.889250994595868
1,Toluene,75.0,1.88810087067391,9.700567198036861
1,Toluene,10.0,9.115574624356498,4.624806209322619
1,Toluene,25.0,6.5330906075992,6.647035821422824
1,Toluene,30.0,5.9149789189542465,7.046765550413339
1,Toluene,35.0,5.164761238889844,7.580996035763103
1,Toluene,40.0,4.665448914127716,7.951928426220887
1,Toluene,45.0,4.103558932976613,8.258049774525704
1,Toluene,50.0,3.8839808334276427,8.434692886435366
1,Toluene,55.0,2.738052697443426,9.022536829927404
1,Toluene,60.0,2.6471716175653275,9.076133205968615
1,Toluene,65.0,2.6514236109791898,9.175432906847
1,Toluene,70.0,1.0084902636320832,10.907389084683377
1,Toluene,75.0,2.453448318662176,9.529851501985279
1,Toluene,5.0,10.612805098699324,3.046875369395633
1,Toluene,10.0,9.26603486627297,4.429674805472117
1,Toluene,15.0,8.11514506511892,5.585614303146578
1,Toluene,20.0,7.467119337237869,6.272687365762153
1,Toluene,25.0,6.703880962628856,6.9085636623921305
1,Toluene,30.0,6.044545110825338,7.40426226357331
1,Toluene,35.0,5.261536202712945,7.728956961563306
1,Toluene,40.0,4.657128065100803,8.057418381911871
1,Toluene,45.0,4.0898758271436675,8.656823150927087
1,Toluene,50.0,3.586032878996253,8.882444462803004
1,Toluene,55.0,3.2038102227659992,9.01698446346228
1,Toluene,60.0,2.545646163763867,8.875481100290582
1,Toluene,65.0,2.5313826194525353,9.212835657796115
1,Toluene,70.0,2.423811607328308,9.26047500098714
1,Toluene,75.0,1.8386480987414875,9.610257443786558
1,Toluene,5.0,10.469424316734136,2.982117395227657
1,Toluene,10.0,8.92211995127179,4.390340670077304
1,Toluene,15.0,7.921258338636385,5.418691519973299
1,Toluene,20.0,6.9678298334214785,6.200453478603114
1,Toluene,25.0,6.2978197305367125,6.7431103662075325
1,Toluene,30.0,5.691135673095944,7.242797429346319
1,Toluene,35.0,4.710934436864342,7.738035219152704
1,Toluene,40.0,4.20573082821557,7.9948456887495025
1,Toluene,45.0,4.206829551219858,8.237288778100297
1,Toluene,50.0,3.5374904870835255,8.699601721274867
1,Toluene,55.0,3.3086383271946347,8.859809589201232
1,Toluene,60.0,2.520651057999088,9.484356405171779
1,Toluene,65.0,2.4030185963462083,9.7759628865203
1,Toluene,70.0,2.485508077403273,9.624430327612469
1,Toluene,75.0,2.186141391785325,9.834029338422516
1,Toluene,5.0,10.372190808978656,3.3324620960325246
1,Toluene,10.0,9.079143393410074,4.391936613831433
1,Toluene,15.0,7.931466358986451,5.44385248756944
1,Toluene,20.0,6.968199035310093,6.2681151823534655
1,Toluene,25.0,6.237449731578335,6.760032679504388
1,Toluene,30.0,5.724885068061295,7.014182831278944
1,Toluene,35.0,4.875015493893824,7.811618303965401
1,Toluene,40.0,4.52750635042858,8.140802765142183
1,Toluene,45.0,4.072612400945998,8.356312475332153
1,Toluene,50.0,3.718333238134289,8.596009888686982
1,Toluene,55.0,3.082109955894952,8.901905894934615
1,Toluene,60.0,2.695632148739878,9.423027516030254
1,Toluene,65.0,2.8135782296793352,9.231897826028918
1,Toluene,75.0,2.255158749239677,9.89578939597963
1,Toluene,5.0,10.545709578197721,3.055274713802342
1,Toluene,15.0,7.978771789573134,5.595954198711474
1,Toluene,20.0,7.128274230682967,6.195884807612519
1,Toluene,5.0,10.446728106150767,2.94734813106173
1,Toluene,10.0,8.900635243693696,4.540135171259127
1,Toluene,15.0,7.88235038439413,5.433171783165969
1,Toluene,20.0,6.918791587725064,6.320656454803817
1,Toluene,25.0,6.288276366627608,6.811057860005672
1,Toluene,35.0,4.821941621924682,8.060613515244249
2,Acetone,10.0,9.788675390881691,1.580597972503612
2,Acetone,20.0,7.522411312847998,2.0911988225190377
2,Acetone,30.0,5.601729903494355,2.8874282146543258
2,Acetone,40.0,4.288359026325803,3.2717921874310867
2,Acetone,50.0,3.5888095830631475,3.0881418220383146
2,Acetone,75.0,0.9476350332510893,3.7645354447526325
2,Acetone,100.0,-1.2185308086856705,4.245211766819541
2,Acetone,125.0,-3.0063243248988027,4.624812727261999
2,Acetone,150.0,-4.873799174568004,5.014008888462076
2,Acetone,175.0,-6.838018885964321,5.540809844199477
2,Acetone,200.0,-8.36960027348765,5.8130509697169845
2,Acetone,225.0,-9.924618127138361,6.067003861198939
2,Acetone,250.0,-12.177784506449349,7.713580942143907
2,Acetone,275.0,-12.71820435235232,6.858127838293581
2,Acetone,10.0,9.523800324325904,1.3207223396062198
2,Acetone,20.0,7.467769414190442,1.7896957648947491
2,Acetone,30.0,5.92895631417327,2.272460285373727
2,Acetone,40.0,4.19020006962339,2.8449417410434688
2,Acetone,50.0,3.2113302986929293,3.0114519668391053
2,Acetone,75.0,0.1568942481796848,3.799125694585468
2,Acetone,100.0,-1.70327935129389,4.251807850595591
2,Acetone,125.0,-3.653381889970201,4.569550791325479
2,Acetone,150.0,-5.5339955863582615,4.926249959150467
2,Acetone,175.0,-7.1897605028545675,5.358313341294253
2,Acetone,200.0,-8.874920381084221,5.697220618068801
2,Acetone,225.0,-10.45003871188604,5.941270640434845
2,Acetone,250.0,-12.05833942448422,6.2988157316574105
2,Acetone,275.0,-13.17196640670671,6.730460596823573
2,Acetone,10.0,9.610510066551146,1.4616827451518883
2,Acetone,20.0,7.4059646546004565,1.8976382621400507
2,Acetone,30.0,5.751296513416883,2.3021754367420675
2,Acetone,40.0,4.277234940112403,2.7788607693168017
2,Acetone,50.0,3.0240742505181615,3.0459005526568332
2,Acetone,75.0,0.29444241042018904,3.7263661758765045
2,Acetone,100.0,-1.9998895005726287,4.189029020887919
2,Acetone,125.0,-3.971582340828944,4.5818590236843075
2,Acetone,150.0,-5.8913951071937785,4.971256522825038
2,Acetone,175.0,-7.673962001438061,5.366260895676352
2,Acetone,200.0,-9.37324038698601,5.659493144355743
2,Acetone,225.0,-10.831304963532917,6.038970309516186
2,Acetone,250.0,-12.452516132462222,6.314825575914349
2,Acetone,275.0,-13.75828297780811,6.618265059707244
2,Acetone,10.0,9.759079321332568,1.4787997805710937
2,Acetone,20.0,7.331964966173796,1.9023807278821399
2,Acetone,30.0,5.666666878952156,2.300607544466609
2,Acetone,40.0,4.150824812525269,2.72221617200218
2,Acetone,50.0,2.934109168722483,3.0218679085132902
2,Acetone,75.0,0.210184119639852,3.639607818861063
2,Acetone,100.0,-2.000174719700809,4.1535698838281485
2,Acetone,125.0,-4.141889154504872,4.623874970737915
2,Acetone,150.0,-6.021196898120459,4.96665910854084
2,Acetone,175.0,-7.8292837247523615,5.387273546277985
2,Acetone,200.0,-9.523955711518969,5.649641718881881
2,Acetone,225.0,-11.135576955820895,5.9369748910985916
2,Acetone,250.0,-12.499311279195588,6.313782954467773
2,Acetone,275.0,-13.832263400814753,6.704588035364543
2,Acetone,10.0,9.52452899935875,1.4792655654764397
2,Acetone,20.0,7.311752521898127,1.935981528171906
2,Acetone,30.0,5.61023944134213,2.2595889449071476
2,Acetone,40.0,4.075639045925476,2.6725966956037026
2,Acetone,50.0,2.7358707633523607,2.953831867070347
2,Acetone,75.0,-0.3288971218946734,3.778871013093569
2,Acetone,100.0,-2.2920251914390857,4.049430558980162
2,Acetone,125.0,-4.325437988085765,4.469303895167693
2,Acetone,150.0,-6.396885010370709,5.01408670523077
2,Acetone,175.0,-8.040803684045477,5.219465284775402
2,Acetone,200.0,-9.676512400737078,5.578192027931047
2,Acetone,225.0,-11.479327367352209,5.7355707005961625
2,Acetone,250.0,-12.823953771711025,5.9523681436850255
2,Acetone,275.0,-14.1388449956502,6.741304326014035
2,Acetaldehyde,125.0,-1.5820142313831316,-4.029910843423149
2,Acetaldehyde,150.0,-3.302789492846381,-4.649625742204339
2,Acetaldehyde,175.0,-4.876958755437715,-5.2327019976871005
2,Acetaldehyde,200.0,-6.330624648673945,-5.8117273522622686
2,Acetaldehyde,225.0,-7.930230179832786,-6.399491120361332
2,Acetaldehyde,250.0,-9.269087769065678,-6.932499320716566
2,Acetaldehyde,10.0,10.216695878243902,0.534956106262663
2,Acetaldehyde,20.0,8.36589418996408,-0.13220413679688267
2,Acetaldehyde,30.0,6.93555262024244,-0.6832306121153671
2,Acetaldehyde,40.0,5.695232071382773,-1.143255100491017
2,Acetaldehyde,50.0,4.582982173934871,-1.5999780654686198
2,Acetaldehyde,75.0,2.150946839464865,-2.5222337798515064
2,Acetaldehyde,100.0,-0.777263745191102,-4.536110706142039
2,Acetaldehyde,125.0,-1.7395176814540048,-4.101044497280253
2,Acetaldehyde,150.0,-3.34702335715606,-4.696674615171515
2,Acetaldehyde,175.0,-5.097629940711709,-5.411699024014616
2,Acetaldehyde,200.0,-6.640303117234666,-6.015585808527425
2,Acetaldehyde,225.0,-7.898517890200873,-6.472953070566244
2,Acetaldehyde,250.0,-9.26815440034931,-7.002182508225874
2,Acetaldehyde,10.0,10.219636701267905,0.5348524932494976
2,Acetaldehyde,20.0,8.421932568329474,-0.11170752653538661
2,Acetaldehyde,30.0,7.002479479340318,-0.6724502207979506
2,Acetaldehyde,40.0,5.793270704926072,-1.1362199359769596
2,Acetaldehyde,50.0,4.703148607812709,-1.5539688641726348
2,Acetaldehyde,75.0,2.33436559521647,-2.531617731137593
2,Acetaldehyde,100.0,0.2791180083031763,-3.34338564426109
2,Acetaldehyde,125.0,-1.6330623812613367,-4.09471836164793
2,Acetaldehyde,150.0,-3.3902492462815594,-4.78144437856835
2,Acetaldehyde,175.0,-4.985005899517678,-5.3830433570192575
2,Acetaldehyde,200.0,-6.4155574382388085,-5.933002246014089
2,Acetaldehyde,225.0,-7.892221029888727,-6.484296426282259
2,Acetaldehyde,250.0,-9.344786375274927,-7.019150319602622
2,Acetaldehyde,275.0,-10.715826826951092,-7.292725824501702
2,Acetaldehyde,275.0,-9.930747036061994,-7.076347920135154
2,Acetaldehyde,275.0,-9.337872910619236,-7.3432089925287665
2,Acetaldehyde,275.0,-12.583586532959854,-2.2779167129244673
2,Acetaldehyde,275.0,-11.402510587219481,-7.656574717447707
2,Acetaldehyde,50.0,4.446539233179626,-1.7639676266737685
2,Acetaldehyde,50.0,4.560009154130077,-1.7520957052429544
2,Acetaldehyde,50.0,4.186381365821985,-2.528917758174966
2,Acetaldehyde,50.0,3.9665739408181913,-1.8347137270596026
2,Acetaldehyde,50.0,4.289048620627966,-1.8904442150508391
2,Acetaldehyde,50.0,3.9768632707227707,-1.9627237944188027
2,Acetaldehyde,275.0,-12.809148911178767,-8.134675564796591
2,Acetaldehyde,275.0,-11.133856666977724,-8.109951013577147
2,Acetaldehyde,275.0,-11.385577660189929,-8.151177614950093
2,Acetaldehyde,275.0,-11.031795174442298,-7.99742890661964
2,Acetaldehyde,225.0,-8.621683957187487,-7.160627183091263
2,Acetaldehyde,225.0,-8.507394814341097,-7.099276821549351
2,Acetaldehyde,300.0,-14.116222006961259,2.34900443757708
2,Acetaldehyde,300.0,-10.462765437890932,-5.037862614786982
2,Acetaldehyde,10.0,9.919782572353164,0.22648474909028524
2,Acetaldehyde,20.0,8.343513088947915,-0.19341596946742598
2,Acetaldehyde,30.0,7.142843565387163,-0.37476189093652035
2,Acetaldehyde,40.0,5.901689053432198,-0.5056907553192276
2,Acetaldehyde,50.0,4.832056730052388,-0.9497646598236459
2,Acetaldehyde,75.0,2.4777539876797388,-1.8454938474319111
2,Acetaldehyde,100.0,0.4012375284610479,-2.828350244898707
2,Acetaldehyde,125.0,-1.3189581434858793,-3.6349866367279957
2,Acetaldehyde,150.0,-2.6290844579694466,-4.183878544250194
2,Acetaldehyde,175.0,-3.8064573288134547,-4.65793847696393
2,Acetaldehyde,200.0,-4.8541492916941875,-4.937261454134032
2,Acetaldehyde,225.0,-6.1174696650649585,-5.401594759950538
2,Acetaldehyde,250.0,-7.5333165163922455,-5.999981213857857
2,Acetaldehyde,275.0,-9.493631665442335,-4.498586655010557
2,Acetaldehyde,10.0,10.031604072476918,0.21015926995638493
2,Acetaldehyde,20.0,8.41830324447847,-0.26053167586737264
2,Acetaldehyde,30.0,7.108272262543177,-0.6798167224208397
2,Acetaldehyde,40.0,5.962231802099909,-1.0323405701323949
2,Acetaldehyde,50.0,4.849177624938522,-1.3858414765794684
2,Acetaldehyde,75.0,2.731104365849675,-2.1967605385244307
2,Acetaldehyde,100.0,1.0847552845620183,-2.820102752503728
2,Acetaldehyde,125.0,-0.5514387195976688,-3.4686996936085692
2,Acetaldehyde,150.0,-2.000479927292489,-4.0260215630885
2,Acetaldehyde,175.0,-3.5889636545655237,-4.628752704040701
2,Acetaldehyde,200.0,-5.024272191941971,-5.206083388046885
2,Acetaldehyde,225.0,-6.523363609197124,-5.747586427905008
2,Acetaldehyde,250.0,-7.9734935025267895,-6.266784843805867
2,Acetaldehyde,275.0,-10.011967682063615,-5.050589705641788
2,Acetaldehyde,10.0,9.852658654487922,0.08788424339638916
2,Acetaldehyde,20.0,8.365218565847512,-0.2988927127629203
2,Acetaldehyde,30.0,7.143227691057067,-0.6656448350330085
2,Acetaldehyde,40.0,5.989672581789871,-1.0452355030061922
2,Acetaldehyde,50.0,5.080702675041387,-1.4288486594157215
2,Acetaldehyde,75.0,2.853795632931475,-2.184058844169172
2,Acetaldehyde,100.0,1.1234986261174273,-2.9210504494700125
2,Acetaldehyde,125.0,-0.48120129015003127,-3.533667110562684
2,Acetaldehyde,150.0,-1.9744953453880973,-4.101653170378845
2,Acetaldehyde,175.0,-3.3396161264500956,-4.66023921874086
2,Acetaldehyde,200.0,-4.775348449709968,-5.17531634993823
2,Acetaldehyde,225.0,-6.040860923629451,-5.600171986151964
2,Acetaldehyde,250.0,-7.528176821502964,-6.122240081809412
2,Acetaldehyde,275.0,-9.384554056022127,-4.949884470165029
2,Acetaldehyde,300.0,-11.287043589732994,-2.8858977548034943
2,Acetaldehyde,300.0,-8.012747921485248,-4.589245391605465
2,Acetaldehyde,10.0,10.526430406595233,0.47450523321934523
2,Acetaldehyde,20.0,9.280064415796353,0.11988967892710324
2,Acetaldehyde,30.0,8.003297254164536,-0.18339989960117248
2,Acetaldehyde,40.0,6.934254858105191,-0.5237711208767782
2,Acetaldehyde,50.0,6.090170311879832,-0.8589263566404618
2,Acetaldehyde,75.0,4.144955525625948,-1.4699209324380116
2,Acetaldehyde,100.0,2.3237192147401275,-2.1439292222744992
2,Acetaldehyde,125.0,0.9958922176168049,-2.636482568619884
2,Acetaldehyde,150.0,-0.9385110210560899,-3.3013016447283774
2,Acetaldehyde,175.0,-3.0180537122091438,-4.173379213450994
2,Acetaldehyde,200.0,-4.7379817879434905,-5.123782705629288
2,Acetaldehyde,225.0,-6.509320950207955,-5.768728377706898
2,Acetaldehyde,250.0,-8.132352696776602,-6.4299561521285336
2,Acetaldehyde,275.0,-10.068278719458638,-5.245841280895698
2,Acetaldehyde,10.0,9.884275473807113,0.2724214556122863
2,Acetaldehyde,20.0,8.24465459553556,-0.3261874459111121
2,Acetaldehyde,30.0,6.780937809601708,-0.8330653361033009
2,Acetaldehyde,40.0,5.794918215565132,-1.2049963804128154
2,Acetaldehyde,50.0,4.860697610324007,-1.538295731197568
2,Acetaldehyde,75.0,2.7734179142951074,-2.366900655091123
2,Acetaldehyde,100.0,1.2499038934757027,-2.9645613202291448
2,Acetaldehyde,125.0,-0.3525641003666781,-3.5042850478602974
2,Acetaldehyde,150.0,-1.856379622241999,-4.044532274858249
2,Acetaldehyde,175.0,-3.3357724094508647,-4.605833004616669
2,Acetaldehyde,200.0,-5.014821211780796,-5.323007695581984
2,Acetaldehyde,225.0,-5.914864831613703,-5.585346047309946
2,Acetaldehyde,250.0,-6.681928472996308,-5.745172892356419
2,Acetaldehyde,275.0,-8.243653585362345,-4.39538085692914
2,Acetaldehyde,10.0,10.479219213488353,0.5176631192423137
2,Acetaldehyde,20.0,9.130222161643646,0.09037198925383833
2,Acetaldehyde,30.0,7.941738677121877,-0.27730635341131077
2,Acetaldehyde,40.0,6.744126234144698,-0.6603927740001335
2,Acetaldehyde,50.0,5.71854935312047,-1.0912382910373726
2,Acetaldehyde,75.0,3.65613837030587,-1.8928930547789915
2,Acetaldehyde,100.0,1.8716429186528027,-2.538364095056789
2,Acetaldehyde,125.0,0.1344817127526748,-3.22648438650288
2,Acetaldehyde,150.0,-1.4594645071203425,-3.840551186964845
2,Acetaldehyde,175.0,-2.9989687471935724,-4.4104198208885235
2,Acetaldehyde,200.0,-4.430009980887851,-4.95840512820935
2,Acetaldehyde,225.0,-5.910190725103207,-5.499689641111684
2,Acetaldehyde,250.0,-7.285222976549112,-6.019666885695057
2,Acetaldehyde,275.0,-9.08841554167669,-4.944945291746814
2,Acetaldehyde,250.0,-6.659356629366812,-4.545972754740487
2,Acetaldehyde,250.0,-6.131673198668044,-5.027960311053204
2,Acetaldehyde,250.0,-5.924733942248408,-5.131254158592805
2,Ammonia,12.0,10.680867163382446,2.7047091806893633
2,Ammonia,25.0,9.753062261529378,3.5979735563560324
2,Ammonia,38.0,8.691428944745146,4.61273292494473
2,Ammonia,50.0,7.638221823894122,5.790653796872311
2,Ammonia,62.0,6.606558560728253,6.822934969891348
2,Ammonia,75.0,5.564251160621692,7.8224022442516805
2,Ammonia,88.0,4.491656635127006,8.811185039747821
2,Acetone,500.0,-18.08077389035091,-16.531664325038346
2,Acetone,500.0,-8.39562107131854,-19.265155178333682
2,Acetone,500.0,-13.459981392937054,-11.803679200457468
2,Acetone,500.0,-51.772008631829316,-3.8998943557797827
2,Acetone,600.0,-73.58057704695389,-77.26837782596374
2,Acetone,600.0,-44.80268836498229,-20.249018388506567
2,Acetone,600.0,-4.898162101445212,-11.795728746295925
2,Acetone,600.0,-5.881963573645017,-14.14690799866856
2,Acetone,500.0,12.338700982629113,1.1797745110937752
2,Acetone,500.0,12.41850298469782,1.176438801986857
2,Acetone,500.0,12.397547328865059,1.1893754266838596
2,Acetone,500.0,12.40142533884126,1.1638692232729981
2,Acetone,600.0,12.380354912081831,1.1536306729708434
2,Acetone,600.0,12.40204904569915,1.157770164278649
2,Acetone,600.0,12.419001029433113,1.1801625058648013
2,Acetone,600.0,12.353395427920036,1.1495236357335927
2,Acetone,10.0,7.850692356109914,0.7286736434901481
2,Acetone,10.0,7.931565613635296,0.8942317106408956
2,Acetone,20.0,6.11933026548594,1.5648271430309024
2,Acetone,30.0,4.457735177151606,2.04993152545124
2,Acetone,40.0,3.0773415117139953,2.4944584548030413
2,Acetone,50.0,1.742946363294417,2.909121573268721
2,Acetone,75.0,-1.114922817667527,3.710936414251956
2,Acetone,100.0,-3.4694381210025766,4.367888002213528
2,Acetone,125.0,-5.55645224772702,4.996046790264717
2,Acetone,150.0,-7.547871104043835,5.487033113782197
2,Acetone,175.0,-9.353456679122631,5.997368538153304
2,Acetone,200.0,-11.056753556646823,6.452118821562715
2,Acetone,225.0,-12.768524018184682,6.869175840134492
2,Acetone,250.0,-14.214605128641068,7.269133904728807
2,Acetone,10.0,8.3815393482979,1.0728892969252846
2,Acetone,20.0,6.281655295896088,1.6932931727765554
2,Acetone,30.0,4.609430763038534,2.195888734556975
2,Acetone,40.0,3.1901365468891205,2.6915296315435504
2,Acetone,50.0,1.9439156769194152,3.081307834692542
2,Acetone,75.0,-0.8300254214036706,3.886513409098101
2,Acetone,100.0,-3.371830131310023,4.493709651229489
2,Acetone,125.0,-5.59173400154994,5.046923529204303
2,Acetone,150.0,-7.498890555854132,5.5911166922287485
2,Acetone,175.0,-9.340597743113225,5.994187310145022
2,Acetone,200.0,-11.042995136634985,6.41067336960842
2,Acetone,225.0,-12.779022674131589,6.740275479412825
2,Acetone,250.0,-14.325045792176153,7.146575364732816
2,Acetone,10.0,8.720668595181099,1.3208303626403852
2,Acetone,20.0,6.459951942639708,1.8735528614387205
2,Acetone,30.0,4.6907357321808005,2.3269687271019937
2,Acetone,40.0,3.3074616886921087,2.746648173546139
2,Acetone,50.0,1.9328185084171348,3.0914885681719633
2,Acetone,75.0,-1.0236641435696519,3.81542705605637
2,Acetone,100.0,-3.5742444707143917,4.3967961829538815
2,Acetone,125.0,-5.87284717251994,4.890807073333837
2,Acetone,150.0,-7.917262876213932,5.2929512685948845
2,Acetone,175.0,-9.778115600840755,5.758612522591453
2,Acetone,200.0,-11.574905926494763,6.154561692813219
2,Acetone,225.0,-13.452009275516305,6.528136047878854
2,Acetone,250.0,-14.961193194741954,6.866485669505663
2,Acetone,10.0,8.305667641715553,1.0500046616828675
2,Acetone,20.0,5.986531547525346,1.51867184667172
2,Acetone,30.0,4.151949232697783,1.92981821073883
2,Acetone,40.0,2.6833897691558786,2.3710474872354865
2,Acetone,50.0,1.3490504459107708,2.7140998104127445
2,Acetone,75.0,-1.662162373813015,3.436590249395735
2,Acetone,100.0,-4.059714641574548,4.060475191950646
2,Acetone,125.0,-6.321735281219627,4.571273055772579
2,Acetone,150.0,-8.35444132080856,5.084026854448809
2,Acetone,175.0,-10.29673837663967,5.436425439154837
2,Acetone,200.0,-12.069858065838671,5.854764740627697
2,Acetone,225.0,-13.677892314917427,6.280735902311468
2,Acetone,250.0,-15.462300089714946,6.6339422953643625
2,Acetone,10.0,8.488736401854093,1.1889479995529726
2,Acetone,20.0,6.055738965592199,1.5534995942080085
2,Acetone,30.0,4.376854524884192,2.0425951135005667
2,Acetone,40.0,2.934029170513244,2.6849029527909956
2,Acetone,50.0,1.7953466635750572,2.931564476725114
2,Acetone,75.0,-0.7688089115040103,3.713034931617171
2,Acetone,100.0,-3.166832787349088,4.3405795383596635
2,Acetone,125.0,-5.286277171450014,4.923761778457161
2,Acetone,150.0,-7.298620213009132,5.397203615537305
2,Acetone,175.0,-9.127996567289008,5.828298662492995
2,Acetone,200.0,-11.06907798731703,6.176528983867406
2,Acetone,225.0,-12.527778640458987,6.582900047430715
2,Acetone,250.0,-14.128664210129768,6.9861551523589815
2,Acetaldehyde,250.0,-5.8787733203794215,-5.065947991908038
2,Acetaldehyde,250.0,-6.059935057457664,-5.177020784255611
2,Acetaldehyde,250.0,-6.0303620871605315,-5.202702562659511
2,Acetaldehyde,250.0,-6.0041253517421795,-5.201476782056475
2,Acetaldehyde,250.0,-5.8497099915132,-5.311928238595829
2,Acetaldehyde,250.0,-5.420092820831613,-4.849031353749304
2,Acetaldehyde,250.0,-5.773020550970371,-4.889413664871693
2,Acetaldehyde,250.0,-4.8935548777826,-5.932473868828968
2,Acetaldehyde,250.0,-5.941820335959307,-5.321173709075328
2,Acetaldehyde,250.0,-5.2594652010675835,-5.1933399145790515
2,Acetaldehyde,250.0,-4.637776054804834,-4.754384481958268
2,Acetaldehyde,250.0,-5.9521200023152945,-5.092751381583467
2,Acetaldehyde,250.0,-6.334102951115979,-5.448125552010454
2,Acetaldehyde,250.0,-6.280841381972845,-5.385214027666923
2,Acetaldehyde,300.0,-9.680734058832813,-4.581525222914087
2,Acetaldehyde,300.0,-8.49030363994719,-5.481442462517533
2,Acetaldehyde,250.0,-5.7725251320684325,-5.018145405577563
2,Acetaldehyde,250.0,-4.967091335056866,-4.559068172654435
2,Acetaldehyde,250.0,-4.801604757633638,-4.8438201759844315
2,Acetaldehyde,250.0,-5.7213813643259535,-4.985145736559657
2,Acetaldehyde,250.0,-6.603270739989585,-5.41531759962665
2,Acetaldehyde,250.0,-7.136531316166052,-5.711061326360977
2,Acetaldehyde,300.0,-11.311002634405952,-7.257937277897979
2,Acetaldehyde,10.0,9.9428308224676,0.2815597031506268
2,Acetaldehyde,20.0,8.14469515650057,-0.32603055428855393
2,Acetaldehyde,30.0,6.498321073424011,-0.9378628955061997
2,Acetaldehyde,40.0,5.0101241033974855,-1.529525381857513
2,Acetaldehyde,50.0,3.7873469082255515,-2.065403663075296
2,Acetaldehyde,30.0,1.0140118445856776,-3.2232897860065273
2,Acetaldehyde,100.0,-1.171976082743617,-4.18187289256974
2,Acetaldehyde,125.0,-3.318233748640107,-5.149065764097969
2,Acetaldehyde,150.0,-5.242176748363211,-5.985188199881548
2,Acetaldehyde,175.0,-6.970906570161642,-6.642084651797942
2,Acetaldehyde,200.0,-8.921812413810818,-7.409960056699357
2,Acetaldehyde,225.0,-10.454303152501641,-8.137958545644095
2,Acetaldehyde,250.0,-11.850220859595582,-8.74239022084848
2,Acetaldehyde,10.0,9.354585955286526,-0.006011767194176324
2,Acetaldehyde,20.0,7.418208619155576,-0.6782140400027656
2,Acetaldehyde,30.0,5.695713590667046,-1.4078306448883011
2,Acetaldehyde,40.0,4.372872335367017,-1.8587358571196124
2,Acetaldehyde,50.0,3.049704067854497,-2.4898739387932363
2,Acetaldehyde,75.0,0.5273494655876498,-3.539620181137349
2,Acetaldehyde,100.0,-1.774854117061627,-4.5406679625988815
2,Acetaldehyde,125.0,-3.8721182075701335,-5.456743828525265
2,Acetaldehyde,150.0,-5.620910062361957,-6.16846709602432
2,Acetaldehyde,175.0,-7.3626327701619445,-6.908477262649361
2,Acetaldehyde,200.0,-9.04585873887476,-7.5996317704244865
2,Acetaldehyde,225.0,-10.430125478666486,-8.157753047928772
2,Acetaldehyde,250.0,-11.878470689417806,-8.756516595992446
2,Acetaldehyde,10.0,9.214474635467758,-0.1221870849753412
2,Acetaldehyde,20.0,7.216890162846872,-0.78164209134053
2,Acetaldehyde,30.0,5.703304441049714,-1.3894246005702107
2,Acetaldehyde,40.0,4.329787404079893,-1.9233938516770894
2,Acetaldehyde,50.0,3.1633858061896127,-2.4570953871809627
2,Acetaldehyde,75.0,0.5768591989777476,-3.5542374718430176
2,Acetaldehyde,100.0,-1.549545072002525,-4.472601782430819
2,Acetaldehyde,125.0,-3.5497002478334525,-5.319425538335977
2,Acetaldehyde,150.0,-5.502366088138321,-6.1735602720047895
2,Acetaldehyde,175.0,-7.184597311094525,-6.836013722866315
2,Acetaldehyde,200.0,-8.772219549381026,-7.505381382522828
2,Acetaldehyde,225.0,-10.058525884306002,-7.96884022473455
2,Acetaldehyde,250.0,-11.736762501596026,-8.46750570221958
2,Acetaldehyde,10.0,9.366851269093454,0.0005671740956981677
2,Acetaldehyde,20.0,7.361507989612956,-0.7834547541020784
2,Acetaldehyde,30.0,5.8813537795911355,-1.3305212573281802
2,Acetaldehyde,40.0,4.475677971480028,-1.8526438061250114
2,Acetaldehyde,50.0,3.0141442899972066,-2.1177456504811083
2,Acetaldehyde,75.0,0.45679366684477796,-3.560010651025728
2,Acetaldehyde,300.0,-40.89536910281121,-29.720032963054816
2,Acetaldehyde,250.0,-11.384577135237164,-8.610902869555286
2,Acetaldehyde,250.0,-12.043062654465917,-8.898047735261713
2,Acetaldehyde,250.0,-12.661994629107202,-8.8515255033304
2,Acetaldehyde,300.0,-15.337427945056003,-8.61967194062405
2,Acetaldehyde,300.0,-20.091747521010237,-11.562555579373333
2,Acetaldehyde,250.0,-11.882447881515843,-8.870571776394879
2,Acetaldehyde,250.0,-13.528725594883172,-8.641114747105373
2,Acetaldehyde,250.0,-12.061767395146775,-8.897128305865882
2,Acetaldehyde,250.0,-11.993629124416666,-8.831880734749104
2,Acetaldehyde,300.0,-15.434610117594005,-8.81211730781671
2,Acetaldehyde,300.0,-20.297318068120536,-11.198350087582119
2,Acetaldehyde,250.0,-15.337891709278379,-32.973055206078776
2,Acetaldehyde,250.0,-27.075855110939525,-32.33162573638244
2,Acetaldehyde,250.0,-7.537914050949922,-5.92021726769199
2,Acetaldehyde,250.0,-7.553354980259344,-5.956554332745957
2,Acetaldehyde,300.0,-12.167952151709086,-7.630353622536523
2,Acetaldehyde,300.0,-12.378491043969953,-8.125797390244685
2,Acetaldehyde,300.0,-12.774639943982509,-8.419746578571903
2,Acetaldehyde,300.0,-15.309820445749756,-9.812021664451708
2,Acetaldehyde,250.0,-17.841478069028785,-2.8036104087428275
2,Acetaldehyde,250.0,-9.244022272428424,-4.113662263099302
2,Acetaldehyde,250.0,-7.6689401640873145,-6.142181823599114
2,Acetaldehyde,250.0,-8.078372579991186,-6.307129027169387
2,Acetaldehyde,250.0,-8.246722963998312,-6.426722355639214
2,Acetaldehyde,300.0,-13.243083611186245,-4.462090953646263
2,Acetaldehyde,300.0,-10.328282532108895,-6.425756785827652
2,Acetaldehyde,300.0,-10.988147902472633,-6.901449587427321
2,Acetaldehyde,300.0,-10.865056378232039,-6.978639653147462
2,Acetaldehyde,250.0,-7.224049346071903,-6.197159405618216
2,Acetaldehyde,250.0,-8.469945096063386,-6.747967500952756
2,Acetaldehyde,250.0,-8.459092955716137,-6.74080324038131
2,Acetaldehyde,250.0,-8.54281905434436,-6.711266859062329
2,Acetaldehyde,300.0,-10.88916935472687,-6.0482265439255105
2,Acetaldehyde,300.0,-9.678597830579834,-6.7276296601824574
2,Acetaldehyde,300.0,-11.14034898487479,-7.216921447596594
2,Acetaldehyde,300.0,-10.991919601760753,-7.232554543480696
2,Acetaldehyde,10.0,9.695840219963067,0.14521568319792166
2,Acetaldehyde,20.0,8.049961874911657,-0.42077822738839965
2,Acetaldehyde,30.0,6.6101052282029915,-0.9517781855247913
2,Acetaldehyde,40.0,5.529291449229274,-1.4091168404257273
2,Acetaldehyde,50.0,4.383219487611854,-1.8273848072070344
2,Acetaldehyde,75.0,2.1471672837654308,-2.742335597850052
2,Acetaldehyde,100.0,0.09525138428248034,-3.5578048263566657
2,Acetaldehyde,125.0,-1.670633655658122,-4.2441574511489915
2,Acetaldehyde,150.0,-3.435397986558089,-4.942030382044184
2,Acetaldehyde,175.0,-5.131943674472023,-5.694312376457754
2,Acetaldehyde,200.0,-6.335684031723634,-6.201030397614928
2,Acetaldehyde,225.0,-7.7511299742200555,-6.624812896622839
2,Acetaldehyde,250.0,-9.189002953474802,-7.16562936566376
2,Acetaldehyde,10.0,9.618553845878424,0.08651033106636741
2,Acetaldehyde,20.0,7.963063010934793,-0.4876428750389514
2,Acetaldehyde,30.0,6.558244540499345,-1.0070763901633404
2,Acetaldehyde,40.0,5.330910378801257,-1.4874179371980503
2,Acetaldehyde,50.0,4.36530982868825,-1.8816401540212229
2,Acetaldehyde,75.0,1.943272105759065,-2.8232535845548514
2,Acetaldehyde,100.0,0.07846906183613889,-3.5833008552349574
2,Acetaldehyde,125.0,-1.9075348757054338,-4.442587138704796
2,Acetaldehyde,150.0,-3.500057732959186,-5.068053380374141
2,Acetaldehyde,175.0,-4.927453602717898,-5.652420427921436
2,Acetaldehyde,200.0,-6.453067574522906,-6.240979471591753
2,Acetaldehyde,225.0,-7.835777553573494,-6.763992977916533
2,Acetaldehyde,250.0,-9.125896367855374,-7.132128461612645
2,Acetaldehyde,10.0,9.65157514777902,0.09945819407712493
2,Acetaldehyde,20.0,7.966221619247755,-0.5023089512483508
2,Acetaldehyde,30.0,6.620840710572037,-1.0021697611682354
2,Acetaldehyde,40.0,5.4329143020403,-1.4792075570442624
2,Acetaldehyde,50.0,4.263479032080901,-1.9046819433109032
2,Acetaldehyde,75.0,2.055516305737673,-2.8697358905316905
2,Acetaldehyde,100.0,0.19553549874568277,-3.570748988147859
2,Acetaldehyde,125.0,-1.6574688980273484,-4.337144108950885
2,Acetaldehyde,150.0,-3.2633190919220367,-5.022399814417609
2,Acetaldehyde,175.0,-4.948013843507112,-5.586733866819002
2,Acetaldehyde,200.0,-6.437636461465858,-6.2125024919594205
2,Acetaldehyde,225.0,-8.751281074054274,-6.740539677004084
2,Acetaldehyde,250.0,-9.342398661970115,-7.270796326421745
2,Acetaldehyde,10.0,9.592886596393871,0.03452559434220539
2,Acetaldehyde,20.0,7.760922406817945,-0.610781126733867
2,Acetaldehyde,30.0,6.404809694540033,-1.1314356490725523
2,Acetaldehyde,40.0,5.161033573618548,-1.6149462318738275
2,Acetaldehyde,50.0,4.027184304194485,-2.0691783326208517
2,Acetaldehyde,75.0,1.6300217305435374,-3.066268547673023
2,Acetaldehyde,100.0,-0.5001356022170861,-3.906521425645498
2,Acetaldehyde,125.0,-2.3369741892770395,-4.683478911199101
2,Acetaldehyde,150.0,-4.150566519571037,-5.372319915184221
2,Acetaldehyde,175.0,-5.80653987993498,-6.008820689504299
2,Acetaldehyde,200.0,-7.112830183849733,-6.592450901129501
2,Acetaldehyde,225.0,-8.535433882248425,-7.129293729321374
2,Acetaldehyde,250.0,-10.226702361669293,-7.631686399598631
2,Acetaldehyde,10.0,9.442351971575665,-0.01978122425568296
2,Acetaldehyde,20.0,7.329228338226378,-0.6281859984669015
2,Acetaldehyde,30.0,6.13847528267798,-1.2502632857041729
2,Acetaldehyde,40.0,4.958402095763276,-1.7243772132107522
2,Acetaldehyde,50.0,3.8034866464905583,-2.201636467488409
2,Acetaldehyde,75.0,1.3983514611882641,-3.2017367414087805
2,Acetaldehyde,100.0,-0.7420562454311401,-4.1285235531346105
2,Acetaldehyde,125.0,-2.634278559825471,-4.822501459285863
2,Acetaldehyde,150.0,-4.233491177396698,-5.496367459204837
2,Acetaldehyde,175.0,-5.900280750680435,-6.14335076001841
2,Acetaldehyde,200.0,-7.339681443490861,-6.731961939687575
2,Acetaldehyde,200.0,-8.690326238028165,-7.202959304572114
2,Acetaldehyde,250.0,-10.058643443997324,-7.687746540540561
2,Ethylene,75.0,4.180348871886938,4.699530230099364
2,Ethylene,75.0,4.267103411436959,4.4831032301102605
2,Ethylene,75.0,4.12513796486321,4.443231726948049
2,Ethylene,75.0,4.06278863391303,4.43445380581819
2,Toluene,75.0,4.552238742391392,6.845288652721353
2,Toluene,75.0,4.330566417843919,6.073100572648729
2,Toluene,75.0,4.308989685273982,6.079865105044363
2,Toluene,75.0,3.167719718102761,6.88298367404221
2,Toluene,75.0,4.376264083953838,6.258363732739391
2,Acetaldehyde,100.0,-6.516120014856224,-7.461712781274531
2,Acetaldehyde,100.0,-6.6711399730109,-7.752991319565124
2,Acetaldehyde,100.0,-6.593400002854229,-6.68802903826691
2,Acetaldehyde,100.0,-3.538838029919088,-5.65627473039768
2,Acetaldehyde,100.0,-5.4166897094259685,-6.828052676390934
2,Acetaldehyde,100.0,-4.554277514321734,-5.958643089265612
2,Acetaldehyde,100.0,-7.977322295831345,-7.116099434029868
2,Acetaldehyde,100.0,-3.5303637590842007,-5.311606648712307
2,Acetaldehyde,100.0,-6.773863724856232,-7.41728876072389
2,Acetaldehyde,250.0,-20.25442657981227,-11.616446839122004
2,Acetaldehyde,250.0,-14.39122568982674,-10.156162921897842
2,Acetaldehyde,250.0,-15.075454072653846,-9.678748971759056
2,Acetaldehyde,100.0,-4.314660503177412,-6.378974052353992
2,Acetaldehyde,100.0,-4.5807916896068255,-6.440148791165562
2,Acetaldehyde,100.0,-6.289623411945324,-7.769096860970659
2,Acetaldehyde,100.0,-3.232624724798417,-5.837231831436205
2,Acetaldehyde,100.0,-6.122517524919868,-7.97759181179565
2,Acetaldehyde,100.0,-5.729725804529123,-7.637526320016872
2,Acetaldehyde,100.0,-6.278049102545261,-8.025725657660997
2,Acetaldehyde,100.0,-5.434726721149094,-7.265176680364852
2,Acetone,250.0,-16.044244444957826,-1.0431032624478502
2,Acetone,250.0,-13.56008374537338,3.959991544261785
2,Acetone,250.0,-9.617878108529498,2.993280550915778
2,Acetone,150.0,-9.512710327988314,1.3441250883309481
2,Acetone,150.0,-11.120519425708798,0.36686895556101007
2,Acetone,150.0,-12.06199371016723,-0.282830989130229
2,Acetone,100.0,-8.702539858106165,-1.5789841257946031
2,Acetone,100.0,-8.164112864183695,-0.25306134406744357
2,Acetone,50.0,-2.530748267723341,-1.4094170348741255
2,Acetone,50.0,-1.000959011799211,-0.11331186191265269
2,Acetone,250.0,-14.579438139705507,2.6430374500959526
2,Acetaldehyde,100.0,-5.26174169553503,-7.023377076702722
2,Acetaldehyde,100.0,-6.7170431626224945,-8.407812322044787
2,Acetaldehyde,50.0,-1.6754726631851025,-5.997074371782636
2,Acetaldehyde,150.0,-11.382777701997453,-10.187261461353211
2,Acetone,200.0,-17.24667978693182,-0.3387025316550939
2,Ethanol,500.0,-1.264738344238128,-2.6309385284969062
2,Ethanol,500.0,-1.4505347478869923,-2.711877964581781
2,Ethanol,500.0,-1.4848332331260528,-2.74831038342976
2,Ethanol,500.0,-1.4552908406958405,-2.7408085635663317
2,Ethanol,500.0,-1.580798255266466,-2.7870841520134784
2,Ethanol,500.0,-1.5872010065023885,-2.7622815919885553
2,Ethanol,500.0,-1.5257406528176578,-2.7417626081708146
2,Ethanol,500.0,-1.6327161125646115,-2.7759730375465708
2,Ethanol,500.0,-1.641377116510748,-2.7724432109391204
2,Ethanol,500.0,-1.5984121611742537,-2.799120908840918
2,Ethanol,500.0,-1.6485690396798254,-2.786681163943481
2,Ethanol,500.0,-1.605160909458087,-2.7596226451737365
2,Ethanol,500.0,-1.550018259133908,-2.7505621643899185
2,Ethanol,500.0,-1.6273826567977754,-2.804118224356585
2,Ethanol,500.0,-1.67393772042636,-2.7967767671879082
2,Ethanol,500.0,-1.698339893904965,-2.803299170027725
2,Ethanol,500.0,-1.6488561976400296,-2.799593319183511
2,Ethanol,500.0,-1.6972250005936627,-2.801130406923135
2,Ethanol,500.0,-1.721110538288606,-2.8070886216940965
2,Ethanol,500.0,-1.5980866447813489,-2.8144009031911117
2,Ethanol,400.0,-0.01731014350994889,-2.323159725263801
2,Ethanol,400.0,-0.1398924274012414,-2.3547318386478615
2,Ethanol,400.0,-0.08868535586181225,-2.3366885563940296
2,Ethanol,400.0,-0.0922115219890913,-2.3379602385413936
2,Ethanol,400.0,-0.14216926760426601,-2.331442711024835
2,Ethanol,400.0,-0.1555980950813028,-2.3458929479850847
2,Ethanol,400.0,-0.09244616882599513,-2.3326529679397776
2,Ethanol,400.0,-0.11823259743190458,-2.337945711808845
2,Ethanol,400.0,-0.2030108358758881,-2.3888772798135967
2,Ethanol,400.0,-0.18667090246834536,-2.354401178968128
2,Ethanol,400.0,-0.15809413612107096,-2.353912980532727
2,Ethanol,400.0,-0.19164253856792732,-2.35200627115434
2,Ethanol,400.0,-0.1736879542910837,-2.331545012962099
2,Ethanol,400.0,-0.2348123351607073,-2.349429422935286
2,Ethanol,400.0,-0.16237342801279658,-2.3681934190967566
2,Ethanol,400.0,-0.18822005227167293,-2.3790476595767247
2,Ethanol,400.0,-0.11635177816882304,-2.321909886581638
2,Ethanol,400.0,-0.1769384759677464,-2.34249426094986
2,Ethanol,400.0,-0.16791748875655355,-2.344879257292447
2,Ethanol,400.0,-0.1790559544727668,-2.3333307568360473
2,Ethanol,300.0,2.4000233273869283,-1.5358241034668436
2,Ethanol,300.0,2.3344870860806384,-1.5320103506740592
2,Ethanol,300.0,2.3591614677090513,-1.5281976491276332
2,Ethanol,300.0,2.357722287015243,-1.5251340396710062
2,Ethanol,300.0,2.31200717162092,-1.5304007882891069
2,Ethanol,300.0,2.3902084728704063,-1.5159578149311046
2,Ethanol,300.0,2.414453889719302,-1.5048533175916794
2,Ethanol,300.0,2.398848580656529,-1.5107316736674294
2,Ethanol,300.0,2.4395053622685796,-1.5056322007084586
2,Ethanol,300.0,2.4272636620101364,-1.5027981545453786
2,Ethanol,300.0,2.4143457319692074,-1.4925039843381371
2,Ethanol,300.0,2.3855818336627106,-1.5207508444840359
2,Ethanol,300.0,2.406175007967483,-1.516541882331984
2,Ethanol,300.0,2.4125097574259846,-1.4895717716487074
2,Ethanol,300.0,2.438888449727471,-1.48503692820348
2,Ethanol,300.0,2.3943989114776754,-1.5098508188251585
2,Ethanol,300.0,2.4366367028921263,-1.5121517548306962
2,Ethanol,300.0,2.415825042353581,-1.4951068900367115
2,Ethanol,300.0,2.403114174713588,-1.5033692154018445
2,Ethanol,300.0,2.447222513618685,-1.4710551108141403
2,Ethanol,200.0,5.320458154629017,-0.6079987426092083
2,Ethanol,200.0,5.3094867114791535,-0.5819118457142309
2,Ethanol,200.0,5.329127596577769,-0.5809421977085533
2,Ethanol,200.0,5.344723929017372,-0.5963219177111391
2,Ethanol,200.0,5.312657500644612,-0.607664008767699
2,Ethanol,200.0,5.290100037424242,-0.5879873312497546
2,Ethanol,200.0,5.27439670421828,-0.5976153366784246
2,Ethanol,200.0,5.286597180937134,-0.5874623565562327
2,Ethanol,200.0,5.295256868244303,-0.5960585451318352
2,Ethanol,200.0,5.363788973326451,-0.5564092907377852
2,Ethanol,200.0,5.345537598010415,-0.5901569774760691
2,Ethanol,200.0,5.296706909775238,-0.5927146778307648
2,Ethanol,200.0,5.28491096436259,-0.5852035643810685
2,Ethanol,200.0,5.309690253969934,-0.5934412985230754
2,Ethanol,200.0,5.363341899101285,-0.5720743084045922
2,Ethanol,200.0,5.35565837273789,-0.5797135177684694
2,Ethanol,200.0,5.314639857793267,-0.5960334742782487
2,Ethanol,200.0,5.344173037377097,-0.565965206767917
2,Ethanol,200.0,5.333080293264324,-0.5862060197753017
2,Ethanol,200.0,5.326379281811679,-0.5951551752365843
2,Ethanol,100.0,8.433585460124412,0.28191111984090145
2,Ethanol,100.0,8.333797449471819,0.2605833629269527
2,Ethanol,100.0,8.453867889123881,0.2867510575910489
2,Ethanol,100.0,8.37225394927151,0.2734780312036962
2,Ethanol,100.0,8.390205530824774,0.2842435217494697
2,Ethanol,100.0,8.421522098569683,0.2791773441116662
2,Ethanol,100.0,8.404824586899167,0.27134952302606974
2,Ethanol,100.0,8.397604225200062,0.25497365197326255
2,Ethanol,100.0,8.401998852569829,0.28048969246253863
2,Ethanol,100.0,8.42029042461742,0.27105583888629164
2,Ethanol,100.0,8.423664257431348,0.28039224272735774
2,Ethanol,100.0,8.427924691532612,0.2769109575469924
2,Ethanol,100.0,8.376077629449826,0.28484350635498173
2,Ethanol,100.0,8.42257163948837,0.26407426085801067
2,Ethanol,100.0,8.41386845749215,0.281104698778035
2,Ethanol,100.0,8.398055908489509,0.2910327388816177
2,Ethanol,100.0,8.406099273925541,0.2795980194951876
2,Ethanol,100.0,8.374407578629155,0.25996221605121766
2,Ethanol,100.0,8.412580769877852,0.2782946763546914
2,Ethanol,100.0,8.381532120342923,0.2733554410291513
2,Ethylene,250.0,-6.342103742633114,1.9573772023208182
2,Ethylene,250.0,-6.436374788115542,2.0553028630915544
2,Ethylene,250.0,-5.923149026249068,1.99941736890129
2,Ethylene,250.0,-5.969855413062015,1.9968077565189788
2,Ethylene,250.0,-6.102864971904717,1.9623746184628337
2,Ethylene,250.0,-6.044505939110474,1.9720771329193083
2,Ethylene,250.0,-6.077921835399165,1.9533527519739344
2,Ethylene,250.0,-6.474855766794127,1.880362273836075
2,Ethylene,250.0,-6.297276577537307,1.8237382117800334
2,Ethylene,250.0,-6.194353921488121,1.8493843506494303
2,Ethylene,250.0,-7.314558039256795,2.2002629957538327
2,Ethylene,250.0,-6.305504156287652,1.8479634628905475
2,Ethylene,250.0,-6.341171608368119,1.8547996690812043
2,Ethylene,250.0,-6.310952636830681,1.8659087364473994
2,Ethylene,250.0,-6.172695966086046,1.9046091911308443
2,Ethylene,250.0,-6.242100006790058,1.9197455329413766
2,Ethylene,250.0,-6.270594475901289,1.8545427273987225
2,Ethylene,250.0,-6.396566525473196,1.880565584362926
2,Ethylene,250.0,-6.353124786738218,1.8145756817056489
2,Ethylene,250.0,-6.371571254368951,1.8964516627688444
2,Ethylene,250.0,-6.365788974630176,1.8364823870535942
2,Ethylene,200.0,-5.587321010305778,1.381986262461881
2,Ethylene,200.0,-4.672453336875465,1.474513363159287
2,Ethylene,200.0,-4.8464260783829305,1.458935604302151
2,Ethylene,200.0,-4.7936727373564185,1.454705789844812
2,Ethylene,200.0,-4.802143139640183,1.366091831602191
2,Ethylene,200.0,-4.855077603091777,1.4490833511483485
2,Ethylene,200.0,-4.883547038951314,1.47328624096286
2,Ethylene,200.0,-4.840527162317718,1.4858417425256427
2,Ethylene,200.0,-4.850344970231833,1.4591725494926409
2,Ethylene,200.0,-4.844363629328593,1.5137014003552742
2,Ethylene,200.0,-4.748686926995028,1.5276528633888768
2,Ethylene,200.0,-4.918335955508502,1.509988356460158
2,Ethylene,200.0,-4.827461873095046,1.4760802499940002
2,Ethylene,200.0,-4.82104452830934,1.4871835703546437
2,Ethylene,200.0,-5.035497569619091,1.4753276867687621
2,Ethylene,200.0,-4.824947157800704,1.4653375637346524
2,Ethylene,200.0,-4.826265634463615,1.5062264287497766
2,Ethylene,200.0,-4.9951714691088585,1.4758740135184707
2,Ethylene,200.0,-4.88195061977906,1.5450938492783248
2,Ethylene,200.0,-4.928273199652318,1.5115788797065137
2,Ethylene,200.0,-4.912592356573701,1.4936580983302614
2,Ethylene,150.0,-2.601339301491089,1.6576115814244723
2,Ethylene,150.0,-1.8235907424834021,1.7201904415692468
2,Ethylene,150.0,-1.8132761613251374,1.7618088876774576
2,Ethylene,150.0,-1.9093992943624938,1.7306366122270112
2,Ethylene,150.0,-1.8921840084590045,1.7133257865687594
2,Ethylene,150.0,-1.868840315449788,1.7159910376225886
2,Ethylene,150.0,-2.0008501554994695,1.6813401760857059
2,Ethylene,150.0,-1.9405506705758595,1.724376128766123
2,Ethylene,150.0,-1.9733773297668271,1.7222835143869464
2,Ethylene,150.0,-2.0430473528251243,1.6970148731225356
2,Ethylene,150.0,-1.9348698484625662,1.7198833689133401
2,Ethylene,150.0,-1.969739863570708,1.742174261267465
2,Ethylene,150.0,-1.9523655059591019,1.7795614422205803
2,Ethylene,150.0,-2.0235221735401043,1.6691410013313208
2,Ethylene,150.0,-2.065547075959216,1.6946323657976856
2,Ethylene,150.0,-2.1430683329688773,1.672699237911619
2,Ethylene,150.0,-2.1593664126068677,1.63507446384985
2,Ethylene,150.0,-2.2342734103515522,1.606338971948507
2,Ethylene,150.0,-2.1977798466564242,1.6084056472713495
2,Ethylene,150.0,-2.2736422805266234,1.5727013350425851
2,Ethylene,150.0,-2.296623496386436,1.5365745218173867
2,Ethylene,100.0,0.07409050628342684,1.3234068350849977
2,Ethylene,100.0,0.786196484486279,1.4238515873905973
2,Ethylene,100.0,0.7368818981255484,1.424268326610671
2,Ethylene,100.0,0.713345107395111,1.3962948842844027
2,Ethylene,100.0,0.6959596744899911,1.407886623015324
2,Ethylene,100.0,0.6811147317077174,1.4188922558229524
2,Ethylene,100.0,0.6674718834775882,1.4235319924783985
2,Ethylene,100.0,0.7164672777602987,1.4401218176005155
2,Ethylene,100.0,0.6192735576035455,1.4419265670640244
2,Ethylene,100.0,0.7608750188352892,1.452636265950117
2,Ethylene,100.0,0.6879407176486538,1.474555083285054
2,Ethylene,100.0,0.7080213065778198,1.4605251150625853
2,Ethylene,100.0,0.692151472840385,1.442096700352704
2,Ethylene,100.0,0.722246881032639,1.439491338139516
2,Ethylene,100.0,0.737059322724823,1.4611961959669455
2,Ethylene,100.0,0.7468483555788547,1.4888135618902842
2,Ethylene,100.0,0.7897651413261527,1.4817279278871094
2,Ethylene,100.0,0.8010826489556372,1.517125034552297
2,Ethylene,100.0,0.7885639017434631,1.5162296315450015
2,Ethylene,100.0,0.8733864796733841,1.5254309217841873
2,Ethylene,100.0,0.8468819116122953,1.5465534221424522
2,Ethylene,50.0,3.8910598457135936,1.140319483499825
2,Ethylene,50.0,4.489318709487032,1.2477534264572763
2,Ethylene,50.0,4.44052844685848,1.2158151920179183
2,Ethylene,50.0,4.472313307992843,1.2352995834038265
2,Ethylene,50.0,4.404615174779539,1.2118331572909953
2,Ethylene,50.0,4.441273305122153,1.2269084347669479
2,Ethylene,50.0,4.441563694991684,1.228783333784884
2,Ethylene,50.0,4.375780399592195,1.2173182698693366
2,Ethylene,50.0,4.41806357672827,1.2309541746886414
2,Ethylene,50.0,4.368812473811438,1.19442546458298
2,Ethylene,50.0,4.446751682503452,1.2104215283637196
2,Ethylene,50.0,4.4025891088296545,1.2211351203062946
2,Ethylene,50.0,4.3707196330124045,1.193564389662084
2,Ethylene,50.0,4.3641643554159195,1.2126345781821284
2,Ethylene,50.0,4.314896195190426,1.1876886589187
2,Ethylene,50.0,4.279166622519858,1.1775009061710515
2,Ethylene,50.0,4.225366129740641,1.1418395872635172
2,Ethylene,50.0,4.206173906953854,1.1278241005400114
2,Ethylene,50.0,4.20591858155459,1.1477113427414372
2,Ethylene,50.0,4.167527094844288,1.1387751284227943
2,Ethylene,50.0,4.166997150685632,1.1003333383229907
2,Ammonia,300.0,-9.794230702843508,10.687067904065305
2,Ammonia,300.0,-10.272822905682405,10.67216161131139
2,Ammonia,300.0,-10.415906336475448,10.775276722380038
2,Ammonia,300.0,-10.410034725478468,10.799964488939171
2,Ammonia,300.0,-10.672026157330398,10.704942242644705
2,Ammonia,300.0,-10.723935703244852,10.722757062069558
2,Ammonia,300.0,-10.500936871686424,10.55207469910694
2,Ammonia,300.0,-12.100379611794072,10.220986101595916
2,Ammonia,300.0,-10.683896424732005,10.431364374424714
2,Ammonia,300.0,-10.537482137936772,10.492870633809442
2,Ammonia,300.0,-10.378806413174757,10.35646961731538
2,Ammonia,300.0,-10.2044935683107,10.349326717459906
2,Ammonia,300.0,-10.116384624152664,10.50983160861329
2,Ammonia,300.0,-9.991043021488272,10.373510411224386
2,Ammonia,300.0,-9.83854305013527,10.338035584489594
2,Ammonia,300.0,-9.782500348118251,10.321642448147347
2,Ammonia,300.0,-9.703820784405163,10.516180755965935
2,Ammonia,300.0,-9.576234915384783,10.407666133545947
2,Ammonia,300.0,-9.594433175023827,10.343012008704637
2,Ammonia,300.0,-9.62510059174742,10.36678885441613
2,Ammonia,250.0,-9.565332902382995,9.822184886457116
2,Ammonia,250.0,-9.555751231570824,9.78387728287909
2,Ammonia,250.0,-9.73318744035751,9.798345523455513
2,Ammonia,250.0,-9.694678564353886,9.807744279429395
2,Ammonia,250.0,-9.744927179343719,9.911727175193576
2,Ammonia,250.0,-9.66933828386373,9.847333452035938
2,Ammonia,250.0,-9.735044676744062,9.851337691985712
2,Ammonia,250.0,-9.681538379824415,9.899538271573906
2,Ammonia,250.0,-9.675580392926395,9.938156543292669
2,Ammonia,250.0,-9.582941904830033,9.909365867831568
2,Ammonia,250.0,-9.702269359035316,9.897019006473867
2,Ammonia,250.0,-9.681203212081542,9.869430170530373
2,Ammonia,250.0,-9.861820859169976,9.868871930425174
2,Ammonia,250.0,-9.668678302258115,9.962077165186681
2,Ammonia,250.0,-9.60245170963058,10.054246014548323
2,Ammonia,250.0,-9.611835696919364,9.941775532449359
2,Ammonia,250.0,-9.568915215350867,10.069183925862024
2,Ammonia,250.0,-9.56536203529781,10.00680025022099
2,Ammonia,250.0,-9.487234307915546,9.997870659053492
2,Ammonia,250.0,-9.496052436343126,9.998946130872792
2,Ammonia,200.0,-5.765081211891098,9.259233433275199
2,Ammonia,200.0,-5.845670256137134,9.174583315382502
2,Ammonia,200.0,-6.000897192956826,9.110089577610792
2,Ammonia,200.0,-6.15787700922322,9.165705223833967
2,Ammonia,200.0,-6.532231125180468,9.025317586978185
2,Ammonia,200.0,-6.705952123777029,8.879965842153133
2,Ammonia,200.0,-6.893717488727293,8.86908764670023
2,Ammonia,200.0,-6.8833452638181,8.784509386328038
2,Ammonia,200.0,-6.923389268807376,8.773146908901376
2,Ammonia,200.0,-6.8883527465690495,8.701681352031917
2,Ammonia,200.0,-7.009315204883339,8.903569365502241
2,Ammonia,200.0,-6.856361578425429,8.810794544136675
2,Ammonia,200.0,-6.80128995648414,8.78896976859302
2,Ammonia,200.0,-7.115872212865519,8.795360875786278
2,Ammonia,200.0,-6.867686172986841,8.769637704687629
2,Ammonia,200.0,-6.807982674615062,8.911397309395833
2,Ammonia,200.0,-6.606198150468614,8.88715019355235
2,Ammonia,200.0,-6.4715526703391655,8.924933060590746
2,Ammonia,200.0,-6.402026021138068,9.084614989744626
2,Ammonia,200.0,-6.278015538527327,9.190812360670845
2,Ammonia,150.0,-0.2302928982407721,7.271174577918357
2,Ammonia,150.0,-0.6076253893281531,7.438135906214998
2,Ammonia,150.0,-0.8457195815668238,7.609221558368385
2,Ammonia,150.0,-0.9074441969014685,7.572576097005545
2,Ammonia,150.0,-0.9513844189528616,7.626393573905514
2,Ammonia,150.0,-1.1157012437657048,7.645225927246628
2,Ammonia,150.0,-1.1010167120712795,7.598132756112098
2,Ammonia,150.0,-1.20293013829822,7.730282524459888
2,Ammonia,150.0,-1.3156915964611435,7.69571903660017
2,Ammonia,150.0,-1.3750569275301066,7.660206975027153
2,Ammonia,150.0,-1.4009200250998286,7.714561810802034
2,Ammonia,150.0,-1.4231807675835035,7.615104778660999
2,Ammonia,150.0,-1.5379424843089293,7.665562877984703
2,Ammonia,150.0,-1.5405603219576205,7.695240057720818
2,Ammonia,150.0,-1.595614850812383,7.669675537894808
2,Ammonia,150.0,-1.5676623894646113,7.651796762205977
2,Ammonia,150.0,-1.6692460334282757,7.600503515207059
2,Ammonia,150.0,-1.709763211648397,7.632932684532337
2,Ammonia,150.0,-1.7187253173099146,7.627204701294375
2,Ammonia,150.0,-1.767069697896239,7.651462046725082
2,Ammonia,100.0,2.1701514295945947,6.043595374319065
2,Ammonia,100.0,2.0879494130293503,6.0270946661681535
2,Ammonia,100.0,2.0880153098932412,6.028515863110105
2,Ammonia,100.0,2.0026588168328914,6.024548762924602
2,Ammonia,100.0,2.0300512144383593,5.9371837555913665
2,Ammonia,100.0,1.9831938900358506,5.963982913159136
2,Ammonia,100.0,1.9508579512490323,5.990227081234021
2,Ammonia,100.0,1.9917844311881903,5.948533698721294
2,Ammonia,100.0,1.9358424639603782,5.935018320828146
2,Ammonia,100.0,1.9232754463319228,5.930802608089415
2,Ammonia,100.0,1.837229778065592,5.908930250610754
2,Ammonia,100.0,1.7269425088954777,5.8790641990193055
2,Ammonia,100.0,1.682791687919928,5.83078221516767
2,Ammonia,100.0,1.561564762297518,5.83232963032
2,Ammonia,100.0,1.5797912328471442,5.804659811946679
2,Ammonia,100.0,1.516614822328782,5.7807252230129365
2,Ammonia,100.0,1.436144952741887,5.8046990755773615
2,Ammonia,100.0,1.5435909402972476,5.797037165010689
2,Ammonia,100.0,1.4959022385936847,5.743425430016261
2,Ammonia,100.0,1.42095570403059,5.7962075119272045
2,Ammonia,300.0,-11.332655884198411,11.373538857153328
2,Ammonia,300.0,-11.5386919513753,11.456740162447712
2,Ammonia,300.0,-11.837035463627926,11.325899155026425
2,Ammonia,300.0,-11.71006276147535,11.190157790914945
2,Ammonia,300.0,-11.944432369144662,11.20153751216259
2,Ammonia,300.0,-11.978168670353929,11.129360632953409
2,Ammonia,300.0,-12.103602913976644,11.15998939531169
2,Ammonia,300.0,-12.272449750023988,11.25154186503499
2,Ammonia,300.0,-12.34576582673381,11.274794843454842
2,Ammonia,300.0,-12.336880485478453,11.062176188185385
2,Ammonia,300.0,-12.38603602118606,11.152897831940118
2,Ammonia,300.0,-12.440989549397559,11.084921814069194
2,Ammonia,300.0,-12.717921994007874,11.35838417571716
2,Ammonia,300.0,-12.52992995480881,10.957459917350947
2,Ammonia,300.0,-12.571472771733598,11.15622468906909
2,Ammonia,300.0,-12.427719760120842,10.964134739254112
2,Ammonia,300.0,-12.70403651082572,11.058151905876088
2,Ammonia,300.0,-12.670459882352983,10.925782278091635
2,Ammonia,300.0,-12.80203086872628,10.956603534290652
2,Ammonia,300.0,-12.678094631270882,10.89265214531227
2,Ammonia,300.0,-12.723729926884513,11.001950835192092
2,Ammonia,300.0,-12.833401197776949,11.034592948338384
2,Ammonia,300.0,-12.68453880020964,11.005280208429971
2,Ammonia,300.0,-12.813983912515289,11.03224897466805
2,Ammonia,300.0,-12.790663434258025,10.943851133357912
2,Ammonia,300.0,-12.771969130508534,11.002830517406911
2,Ammonia,300.0,-12.78305490191345,11.038046868737464
2,Ammonia,300.0,-12.708126438379862,11.019370464077063
2,Ammonia,300.0,-12.758683437092103,11.051813318791151
2,Ammonia,300.0,-12.734178915461097,10.96826113732764
2,Ammonia,300.0,-12.784073308815627,11.126621834684531
2,Ammonia,300.0,-12.901249165150631,10.971883670137558
2,Ammonia,300.0,-12.872033712565626,10.922264552474662
2,Ammonia,300.0,-12.74269753601196,10.947408500324476
2,Ammonia,300.0,-12.880669967367055,10.978739175436624
2,Ammonia,300.0,-12.815338055450184,11.062515670167436
2,Ammonia,300.0,-12.961873276107202,10.987660244635155
2,Ammonia,300.0,-12.909919727326361,11.066940667421006
2,Ammonia,300.0,-12.874098607604191,10.885139905357358
2,Ammonia,300.0,-12.94807936565027,11.027224336684935
2,Ammonia,300.0,-12.941521015110373,11.054844576624383
2,Ammonia,300.0,-12.983610291141924,11.061352027672283
2,Ammonia,300.0,-13.074343981154282,11.089662373625634
2,Ammonia,300.0,-12.986802939598611,11.133942887070623
2,Ammonia,300.0,-12.928684431045069,10.955545695700279
2,Ammonia,300.0,-13.058299395503889,11.091278148510247
2,Ammonia,300.0,-13.039023978267032,10.911562346220018
2,Ammonia,300.0,-13.03666333318634,11.056346922251743
2,Ammonia,300.0,-13.0161414789979,11.06469436505664
2,Ammonia,300.0,-13.1297791008997,11.156579873652094
2,Ammonia,300.0,-13.051743378403435,11.19050831843841
2,Ammonia,300.0,-13.026598969654325,11.033528163292356
2,Ammonia,300.0,-13.052203378534116,11.06892524644422
2,Ammonia,300.0,-12.968505789163991,11.049033980811108
2,Ammonia,300.0,-12.910833050536601,11.184081245393694
2,Ammonia,300.0,-13.074279670993366,11.086397572612663
2,Ammonia,300.0,-13.1004222190717,11.1330945705943
2,Ammonia,300.0,-13.022880390133846,11.047449331513999
2,Ammonia,300.0,-13.076834983421413,11.070355374173976
2,Ammonia,300.0,-12.959810231110023,10.986905987764107
2,Ammonia,300.0,-13.159340087947195,11.15974056975029
2,Ammonia,300.0,-13.122409599101376,11.086811847817994
2,Ammonia,300.0,-13.094557513274637,10.958417357807226
2,Ammonia,300.0,-13.347298506257747,11.010375536452019
2,Ammonia,300.0,-13.150400024986881,11.019283657815361
2,Ammonia,300.0,-13.113664986481773,11.068061844709739
2,Ammonia,300.0,-12.999236212580584,10.987765492894248
2,Ammonia,300.0,-13.157943522027022,11.122132513636256
2,Ammonia,300.0,-13.182695175001017,11.080365228729338
2,Ammonia,300.0,-13.301382167117868,11.19560412779035
2,Ammonia,300.0,-13.129690229389823,11.03954940316976
2,Ammonia,300.0,-13.195684815894886,11.142616167075575
2,Ammonia,300.0,-13.16656912891459,10.994833081366833
2,Ammonia,300.0,-13.412017270091647,11.069389840844861
2,Ammonia,300.0,-13.34422740382313,11.177522537616662
2,Ammonia,300.0,-13.22911236163839,11.1743361696203
2,Ammonia,300.0,-13.158222024603209,11.109887722043803
2,Ammonia,300.0,-13.15547984046985,11.021815795816305
2,Ammonia,300.0,-13.16951936279435,11.05990729470297
2,Ammonia,300.0,-13.172665691328216,11.093629316710139
2,Ammonia,250.0,-9.861405599594038,10.890334194164943
2,Ammonia,250.0,-9.46573429779936,10.159448554236205
2,Ammonia,250.0,-9.648589808096869,10.062110875975979
2,Ammonia,250.0,-9.698400949920053,10.135314810991174
2,Ammonia,250.0,-9.839257255559579,10.201286478557721
2,Ammonia,250.0,-10.140306405439524,9.895492601760084
2,Ammonia,250.0,-10.231224907022876,9.935967330279373
2,Ammonia,250.0,-15.162651108689074,10.926820135896847
2,Ammonia,250.0,-10.129743424959306,9.919089950836536
2,Ammonia,250.0,-10.162702695115058,9.743518914089925
2,Ammonia,250.0,-10.094976831127443,9.728538756220392
2,Ammonia,250.0,-10.009344807026164,9.749334322986579
2,Ammonia,250.0,-10.079106375316298,9.70834432484803
2,Ammonia,250.0,-10.10041595577368,9.742636189672172
2,Ammonia,250.0,-9.996648000524045,9.861165693870916
2,Ammonia,250.0,-10.004327950356501,9.78163317607261
2,Ammonia,250.0,-10.006855814589471,9.78426718406696
2,Ammonia,250.0,-9.99196978269799,9.783605496194484
2,Ammonia,250.0,-10.043414419770484,9.666533479159531
2,Ammonia,250.0,-10.065933941455496,9.68887673392847
2,Ammonia,250.0,-10.175050789120457,9.71743111815296
2,Ammonia,250.0,-10.09498104477978,9.690476825604545
2,Ammonia,250.0,-9.9838309883576,9.644707771219169
2,Ammonia,250.0,-11.254467052000418,9.874770301788036
2,Ammonia,250.0,-10.258837385021767,9.753106531575995
2,Ammonia,250.0,-10.270298825832104,9.817935164626544
2,Ammonia,250.0,-10.368845057783323,9.650747183430019
2,Ammonia,250.0,-10.182053661058065,9.536317259925884
2,Ammonia,250.0,-10.369895007049408,9.559844151434412
2,Ammonia,250.0,-10.41872228259894,9.730990801725527
2,Ammonia,250.0,-10.414193336330742,9.616787268337864
2,Ammonia,250.0,-10.401315658438264,9.640355080872133
2,Ammonia,250.0,-10.387148861139773,9.636614795256687
2,Ammonia,250.0,-13.572230699523121,10.817880030474292
2,Ammonia,250.0,-10.357265535024519,9.574962012637249
2,Ammonia,250.0,-10.342391940403827,9.688783888263359
2,Ammonia,250.0,-10.303786000645875,9.625290550696478
2,Ammonia,250.0,-10.41440366817936,9.451886841675238
2,Ammonia,250.0,-10.487373025743484,9.663646002718103
2,Ammonia,250.0,-10.283989498658256,9.635739272786694
2,Ammonia,250.0,-10.448422008833168,9.610444407080829
2,Ammonia,250.0,-10.25135524440453,9.624162063140197
2,Ammonia,250.0,-10.316723816358524,9.633587726705066
2,Ammonia,250.0,-10.340570016701125,9.556768816892204
2,Ammonia,250.0,-10.39179499255764,9.759471527752654
2,Ammonia,250.0,-10.321384890379454,9.754100043626218
2,Ammonia,250.0,-10.319791409495945,9.79505492530189
2,Ammonia,250.0,-10.253608766717711,9.542142478512167
2,Ammonia,250.0,-10.34741944655364,9.540692403457145
2,Ammonia,250.0,-10.238208065284802,9.539769174039236
2,Ammonia,250.0,-10.20596631361758,9.478066171344905
2,Ammonia,250.0,-10.251770352438973,9.626991920948125
2,Ammonia,250.0,-10.307154022719105,9.594284462161292
2,Ammonia,250.0,-10.195644030180105,9.552191521349515
2,Ammonia,250.0,-9.95274078324363,9.685597122480427
2,Ammonia,250.0,-9.995990099966285,9.681809614202328
2,Ammonia,250.0,-9.970784035395305,9.805009586315844
2,Ammonia,250.0,-9.852985065938798,9.85007505570607
2,Ammonia,250.0,-9.745923617353544,9.907708253054862
2,Ammonia,250.0,-9.636986303437595,9.853293832010168
2,Ammonia,250.0,-9.539295928485224,9.826439476533073
2,Ammonia,250.0,-9.636348536498401,9.927049437055338
2,Ammonia,250.0,-9.74773179799511,9.983666622431409
2,Ammonia,250.0,-9.79854877846938,9.713066875514347
2,Ammonia,250.0,-9.984157179796671,9.803392553208685
2,Ammonia,250.0,-10.06113639703681,9.710979415941193
2,Ammonia,250.0,-10.157237143462671,9.706723084781084
2,Ammonia,250.0,-10.327304811532617,9.614993120194379
2,Ammonia,250.0,-10.341091024718352,9.766180907973963
2,Ammonia,250.0,-10.411029634297075,9.758151256692033
2,Ammonia,250.0,-10.339637535447007,9.559982159096352
2,Ammonia,250.0,-10.535150509146176,9.625134595711963
2,Ammonia,250.0,-10.417391195755021,9.591187684255203
2,Ammonia,250.0,-10.517647143732011,9.650379610363984
2,Ammonia,250.0,-10.562598860620755,9.497004959197328
2,Ammonia,250.0,-10.641243833275718,9.531109233142578
2,Ammonia,250.0,-10.54289631991495,9.582971527967786
2,Ammonia,250.0,-10.573576377574769,9.550556704361961
2,Ammonia,250.0,-10.49039245952546,9.479480062369174
2,Ammonia,250.0,-10.606003515886481,9.58580045685372
2,Ammonia,250.0,-10.506335200955492,9.550100187880128
2,Ammonia,250.0,-10.686144571587961,9.465675804875067
2,Ammonia,200.0,-6.36477923718143,9.343910278582781
2,Ammonia,200.0,-6.967059263354722,8.947776233217077
2,Ammonia,200.0,-7.055875097660024,8.967449821338276
2,Ammonia,200.0,-7.046699832373042,8.977731157815638
2,Ammonia,200.0,-7.148693048652351,8.967678103559363
2,Ammonia,200.0,-7.20913139899064,8.926661404589543
2,Ammonia,200.0,-7.139262347462987,8.937090350422293
2,Ammonia,200.0,-7.266139217294027,8.915271807217094
2,Ammonia,200.0,-7.337110203252806,8.955595966335228
2,Ammonia,200.0,-7.31795551752797,9.004091429260908
2,Ammonia,200.0,-7.199868904868651,8.932276341254065
2,Ammonia,200.0,-7.333778549646911,8.958709710878926
2,Ammonia,200.0,-7.330946755460756,8.918107382003303
2,Ammonia,200.0,-7.356563203811053,8.937356571563614
2,Ammonia,200.0,-7.3871131926499025,8.945367385212442
2,Ammonia,200.0,-7.250674313489143,8.909966832719652
2,Ammonia,200.0,-7.331460197238201,8.926643493468173
2,Ammonia,200.0,-7.242293211208688,8.949149346681216
2,Ammonia,200.0,-7.223332527409723,8.991063662186288
2,Ammonia,200.0,-7.237532006834087,8.999603304738212
2,Ammonia,200.0,-7.209740058650775,9.055257591751374
2,Ammonia,200.0,-7.272702604216761,9.08154121468103
2,Ammonia,200.0,-7.1181795347307615,8.962444878280364
2,Ammonia,200.0,-7.135701640530119,8.937852188444248
2,Ammonia,200.0,-7.0809944691633,9.137967055885856
2,Ammonia,200.0,-6.9735253684069445,9.024691071291919
2,Ammonia,200.0,-7.006994653657794,9.183802105183673
2,Ammonia,200.0,-7.050431073733243,9.148108554459977
2,Ammonia,200.0,-6.90863720975355,8.972385483279654
2,Ammonia,200.0,-7.010762123846564,9.038024172158723
2,Ammonia,200.0,-7.005772926630569,9.11233205996678
2,Ammonia,200.0,-6.949290872392192,8.982832031856413
2,Ammonia,200.0,-7.017792911519199,8.99390934857023
2,Ammonia,200.0,-6.840332618018387,8.938294717383075
2,Ammonia,200.0,-6.838873524568408,8.94226784447495
2,Ammonia,200.0,-6.883556676009654,8.969674494789734
2,Ammonia,200.0,-6.916120265774722,9.059518653552695
2,Ammonia,200.0,-6.912222325342557,9.064393012666553
2,Ammonia,200.0,-7.046018871625074,9.004895054727294
2,Ammonia,200.0,-6.925154983006025,8.85524659590631
2,Ammonia,200.0,-6.856992028723434,8.973955763569242
2,Ammonia,200.0,-6.857560911561425,9.022888002947242
2,Ammonia,200.0,-7.048380695535566,9.095919946067347
2,Ammonia,200.0,-6.900273042983953,8.959902741344
2,Ammonia,200.0,-6.890141881816172,9.050065915586394
2,Ammonia,200.0,-7.029639130845009,8.96990013608153
2,Ammonia,200.0,-6.995285156738029,9.005636235612187
2,Ammonia,200.0,-7.143398719739012,9.158800354473946
2,Ammonia,200.0,-7.032683722645465,9.017203576805665
2,Ammonia,200.0,-7.072080183857231,9.029122104335052
2,Ammonia,200.0,-7.11156492596775,9.04771379649097
2,Ammonia,200.0,-7.150367342837117,9.051617677555106
2,Ammonia,200.0,-7.155269145745003,8.994622209363415
2,Ammonia,200.0,-7.182396833142955,9.044534379134037
2,Ammonia,200.0,-7.1389731450104135,9.15008632047255
2,Ammonia,200.0,-7.156928226027136,8.94640438316124
2,Ammonia,200.0,-7.114806609881655,8.82566753842796
2,Ammonia,200.0,-7.0895841812498,8.883673494835522
2,Ammonia,200.0,-7.157283904556532,8.978576530956964
2,Ammonia,200.0,-7.159777686003762,9.001028919561081
2,Ammonia,200.0,-6.966105423117772,8.968559557367405
2,Ammonia,200.0,-7.087452209787467,8.934421457316077
2,Ammonia,200.0,-7.051455562570641,9.058754944730783
2,Ammonia,200.0,-7.0033858184424975,8.92519231288514
2,Ammonia,200.0,-6.927040232185951,8.919927660914736
2,Ammonia,200.0,-6.79700592284354,8.973866350327606
2,Ammonia,200.0,-6.806661943342641,8.89981244928482
2,Ammonia,200.0,-6.802069406849722,8.909079528436195
2,Ammonia,200.0,-7.019784737104025,9.006924949664473
2,Ammonia,200.0,-6.807553173598508,8.983131159063163
2,Ammonia,200.0,-6.867976413427724,8.999913878823694
2,Ammonia,200.0,-6.990932364223949,9.129152857702996
2,Ammonia,200.0,-6.8432996987126105,9.034086077138165
2,Ammonia,200.0,-6.88141258241579,9.075318390235829
2,Ammonia,200.0,-6.945131391093147,9.083871114671016
2,Ammonia,200.0,-6.887937117947314,8.96893212307017
2,Ammonia,200.0,-6.772515537489149,9.047075276038077
2,Ammonia,200.0,-6.889074189382417,9.039338603897637
2,Ammonia,200.0,-6.950666497734896,8.903482537070973
2,Ammonia,200.0,-7.065019187687781,9.051576579517365
2,Ammonia,200.0,-6.9370048004726135,9.041049550295535
2,Ammonia,50.0,8.175346343852642,3.685747358450485
2,Ammonia,50.0,8.178680161791783,3.7012054412406825
2,Ammonia,50.0,8.143527772947978,3.705841131329073
2,Ammonia,50.0,8.065015851730626,3.667272034865011
2,Ammonia,50.0,8.102165677583603,3.7247329833059677
2,Ammonia,50.0,8.09029073893426,3.7430202875985796
2,Ammonia,50.0,8.0265400927528,3.7440016921281214
2,Ammonia,50.0,8.021705121611253,3.7425067959170857
2,Ammonia,50.0,8.035334618487662,3.724955101523674
2,Ammonia,50.0,7.971111429111327,3.7039885739529805
2,Ammonia,50.0,7.993428319056821,3.751050718769108
2,Ammonia,50.0,8.003446888774812,3.7529693665089354
2,Ammonia,50.0,8.044597208391314,3.7451315371048315
2,Ammonia,50.0,8.07783271935712,3.760006274553192
2,Ammonia,50.0,8.0773283456788,3.7575489355670735
2,Ammonia,50.0,8.06891969537632,3.7767532472766177
2,Ammonia,50.0,8.175516552263288,3.7907424680832915
2,Ammonia,50.0,8.132302922190702,3.774310597364357
2,Ammonia,50.0,8.137802324355262,3.8002545796040463
2,Ammonia,50.0,8.141634752164036,3.8422663185229458
2,Ammonia,150.0,-2.716660119993859,8.52820733405326
2,Ammonia,150.0,0.09232017144861035,7.785839808036741
2,Ammonia,150.0,-0.09683209013863595,7.909925190612517
2,Ammonia,150.0,-0.24478687376570646,7.985580912225035
2,Ammonia,150.0,-0.3049121801157445,8.054405360933739
2,Ammonia,150.0,-0.31894227506968464,8.088214395998481
2,Ammonia,150.0,-0.4725566330850746,8.1033916054599
2,Ammonia,150.0,-0.5254140265072549,8.129512739961326
2,Ammonia,150.0,-0.5907934704377238,8.131293783397947
2,Ammonia,150.0,-0.5290758006722515,8.135750970480332
2,Ammonia,150.0,-0.5203329584398602,8.082626986288894
2,Ammonia,150.0,-0.6146441785390073,8.146744232123371
2,Ammonia,150.0,-0.583610782313998,8.180109029529206
2,Ammonia,150.0,-0.5779328179415423,8.152350465338543
2,Ammonia,150.0,-0.6270807278975616,8.176870923129334
2,Ammonia,150.0,-0.7408028095631195,8.107912172746532
2,Ammonia,150.0,-0.6953632845733944,8.156351628187208
2,Ammonia,150.0,-0.7878103274330558,8.17717025384146
2,Ammonia,150.0,-0.7811883560097108,8.14580570965802
2,Ammonia,150.0,-0.7430050985188067,8.092646575316111
2,Ammonia,150.0,-0.7761291200943568,8.141759757477747
2,Ammonia,150.0,-0.7835958883939215,8.168399644661992
2,Ammonia,150.0,-0.8120257721724763,8.208524650742792
2,Ammonia,150.0,-0.807301282466315,8.251073100516379
2,Ammonia,150.0,-0.8108291268969136,8.156099087318221
2,Ammonia,150.0,-0.8248484336193864,8.186297857024154
2,Ammonia,150.0,-0.7745114668333056,8.271679522588204
2,Ammonia,150.0,-0.6275230427281616,8.264278649984046
2,Ammonia,150.0,-0.6222370713663562,8.283709247975716
2,Ammonia,150.0,-0.5641924487494849,8.31903067994267
2,Ammonia,150.0,-0.5753260268252731,8.386648966632809
2,Ammonia,150.0,-0.47499354851873254,8.316456575732005
2,Ammonia,150.0,-0.4864286488659997,8.347875248604398
2,Ammonia,150.0,-0.526958238584947,8.419757965716007
2,Ammonia,150.0,-0.4767055525766225,8.414945931487916
2,Ammonia,150.0,-0.5002676177512467,8.435811654513303
2,Ammonia,150.0,-0.42695800719775634,8.454079737114464
2,Ammonia,150.0,-0.4670524780362059,8.47147233140575
2,Ammonia,150.0,-0.4259172541708879,8.380997207509637
2,Ammonia,150.0,-0.4313852240251266,8.430018771197057
2,Ammonia,150.0,-0.38135723396698257,8.358598413635912
2,Ammonia,150.0,-0.3866508836661103,8.40412363629674
2,Ammonia,150.0,-0.41608216611222754,8.370016033640978
2,Ammonia,150.0,-0.4213523879661429,8.504824353721553
2,Ammonia,150.0,-0.4438995510799703,8.403204655897591
2,Ammonia,150.0,-0.3453138357898298,8.38720304006477
2,Ammonia,150.0,-0.3485147872740399,8.465251793217838
2,Ammonia,150.0,-0.3513759841416022,8.384641425594038
2,Ammonia,150.0,-0.3286516393801381,8.43933220178123
2,Ammonia,150.0,-0.31456906406227086,8.409755806292683
2,Ammonia,150.0,-0.24091061255376905,8.403009971931212
2,Ammonia,150.0,-0.29019217083264853,8.41252581193091
2,Ammonia,150.0,-0.29458997698795747,8.446660778184858
2,Ammonia,150.0,-0.25342105548715216,8.454078570765365
2,Ammonia,150.0,-0.21167650048533954,8.370935106784074
2,Ammonia,150.0,-0.2696197834189628,8.45772597604427
2,Ammonia,150.0,-0.1723145338452885,8.383715570466226
2,Ammonia,150.0,-0.21514036123345384,8.329221196277622
2,Ammonia,150.0,-0.21767184192372432,8.405966884969402
2,Ammonia,150.0,-0.26105245336869637,8.360899764485799
2,Ammonia,150.0,-0.364743331571305,8.405549720770152
2,Ammonia,150.0,-0.36917250113247835,8.399529516321866
2,Ammonia,150.0,-0.3884254893953562,8.392251953804962
2,Ammonia,150.0,-0.4279466051117776,8.405241961212147
2,Ammonia,150.0,-0.3764992578630698,8.407206302077116
2,Ammonia,150.0,-0.3703764748021804,8.333123545152409
2,Ammonia,150.0,-0.3613621280918252,8.407146043649329
2,Ammonia,150.0,-0.4017229773412695,8.459204452810292
2,Ammonia,150.0,-0.32693366220806697,8.426444197571646
2,Ammonia,150.0,-0.3382565841841357,8.390043777375816
2,Ammonia,150.0,-0.3224703421224814,8.42310977427945
2,Ammonia,150.0,-0.34537945576721746,8.432070801535676
2,Ammonia,150.0,-0.34545926864647863,8.429502859214185
2,Ammonia,150.0,-0.32675816445879663,8.501524684750281
2,Ammonia,150.0,-0.3326877844745311,8.46533974210194
2,Ammonia,150.0,-0.3377894219830136,8.455265558472183
2,Ammonia,150.0,-0.4486103569465608,8.580402046997774
2,Ammonia,150.0,-0.37993555158845776,8.491940698829792
2,Ammonia,150.0,-0.40455846608640067,8.56270752180302
2,Ammonia,150.0,-0.42817232236151864,8.506446304212401
2,Ammonia,150.0,-0.37465938092508466,8.512574195422467
2,Ammonia,100.0,2.1413858197453077,6.757456248087228
2,Ammonia,100.0,3.6782264589375173,6.341976305546418
2,Ammonia,100.0,3.6427872221440074,6.371104423355179
2,Ammonia,100.0,3.616367005369397,6.354523089470557
2,Ammonia,100.0,3.5397621998392745,6.441630236883453
2,Ammonia,100.0,3.5133384357603745,6.380373573450747
2,Ammonia,100.0,3.4912949637926833,6.388141133676097
2,Ammonia,100.0,3.4340337915053887,6.4209276685740235
2,Ammonia,100.0,3.4050808026192465,6.442945910992587
2,Ammonia,100.0,3.390583882806192,6.4001668446765425
2,Ammonia,100.0,3.3536035938881397,6.415830313841849
2,Ammonia,100.0,3.331890405588262,6.397527262191969
2,Ammonia,100.0,3.3477705736039467,6.395212819560349
2,Ammonia,100.0,3.2156877164003976,6.355541407710419
2,Ammonia,100.0,3.1519887172692798,6.321972723894449
2,Ammonia,100.0,3.187310131984963,6.373712046120156
2,Ammonia,100.0,3.1500071267318717,6.341117552244923
2,Ammonia,100.0,3.1745209287956437,6.36929476011121
2,Ammonia,100.0,3.127162684935388,6.388892377300088
2,Ammonia,100.0,3.2117607302430424,6.333012168761344
2,Ammonia,100.0,3.2210917782304818,6.3498856377474695
2,Ammonia,100.0,3.281856006461235,6.349573987195856
2,Ammonia,100.0,3.198693174889715,6.443622773045269
2,Ammonia,100.0,3.3160238076460375,6.339729969776206
2,Ammonia,100.0,3.2183131400314595,6.400933095473768
2,Ammonia,100.0,3.3012986552567636,6.384128519510408
2,Ammonia,100.0,3.217957927444296,6.427582072770784
2,Ammonia,100.0,3.2335962471123523,6.443762112496309
2,Ammonia,100.0,3.1665643482194863,6.387621606748046
2,Ammonia,100.0,3.131715894512144,6.353406115144053
2,Ammonia,100.0,3.142129053984562,6.374167052588601
2,Ammonia,100.0,3.1714208656166676,6.35931330759249
2,Ammonia,100.0,3.1429793647640607,6.4237154051747165
2,Ammonia,100.0,3.1576032032104693,6.343583890298896
2,Ammonia,100.0,3.145745072873597,6.30655648402365
2,Ammonia,100.0,3.146089066930561,6.380745453154773
2,Ammonia,100.0,3.1508766171023996,6.3452800672467085
2,Ammonia,100.0,3.1242362195964932,6.314739262664105
2,Ammonia,100.0,3.1249690527703766,6.315163557836906
2,Ammonia,100.0,3.1480642948263555,6.359168530541937
2,Ammonia,100.0,3.1453123456847836,6.354601267135311
2,Ammonia,100.0,3.1500764870329374,6.347300825057085
2,Ammonia,100.0,3.1573211991136167,6.3173422474208625
2,Ammonia,100.0,3.1851190023174913,6.357682033357402
2,Ammonia,100.0,3.142555751357071,6.368119939242092
2,Ammonia,100.0,3.1794812551989753,6.343336721986565
2,Ammonia,100.0,3.217082247741728,6.348311928746302
2,Ammonia,100.0,3.2124331526707506,6.302398098971764
2,Ammonia,100.0,3.2820645729768194,6.34467983665351
2,Ammonia,100.0,3.178939614538749,6.362635725279383
2,Ammonia,100.0,3.164607223343213,6.351222388816326
2,Ammonia,100.0,3.2332574135974936,6.3484834612626075
2,Ammonia,100.0,3.2865820240041157,6.362247291904442
2,Ammonia,100.0,3.1824983727796035,6.389698999727055
2,Ammonia,100.0,3.235189141825695,6.313247886393072
2,Ammonia,100.0,3.1403167379008536,6.344126299884987
2,Ammonia,100.0,3.1721480673267686,6.308232439758555
2,Ammonia,100.0,3.108325094880418,6.317996347899927
2,Ammonia,100.0,3.0586124361481932,6.320871906802952
2,Ammonia,100.0,3.008931958496901,6.3025174559509045
2,Ammonia,100.0,2.990331484977377,6.319887411444698
2,Ammonia,100.0,3.0004603391642677,6.247635325571189
2,Ammonia,100.0,2.923197512935454,6.317997915465859
2,Ammonia,100.0,2.9701464173598833,6.311849141967426
2,Ammonia,100.0,2.891004365829418,6.319763814867981
2,Ammonia,100.0,2.91793489375756,6.265724599860377
2,Ammonia,100.0,2.86224267640862,6.237633354958174
2,Ammonia,100.0,2.829270490975311,6.2197132543171785
2,Ammonia,100.0,2.821090341565413,6.216820836489449
2,Ammonia,100.0,2.891244524219274,6.276535681453564
2,Ammonia,100.0,2.8706795670418384,6.227633082812297
2,Ammonia,100.0,2.873672809265881,6.160955435530936
2,Ammonia,100.0,2.8151719948265983,6.19128777398458
2,Ammonia,100.0,2.836489554425716,6.212073539257277
2,Ammonia,100.0,2.7959534163976483,6.281701015945614
2,Ammonia,100.0,2.7773093532083313,6.196374471655395
2,Ammonia,100.0,2.7343206999812315,6.250491787209617
2,Ammonia,100.0,2.698734802005621,6.196909553189201
2,Ammonia,100.0,2.8035983926667765,6.186230385105207
2,Ammonia,100.0,2.7703011598922123,6.162320181505389
2,Ammonia,100.0,2.815707350318765,6.226648874115779
3,Acetone,250.0,-19.133168634215195,0.6425550354419729
3,Acetone,250.0,-19.865085095691338,0.624721833840521
3,Acetone,250.0,-21.91763098676283,-0.7146764453656915
3,Acetone,250.0,-20.874567418183393,-1.3056741045103213
3,Acetone,250.0,-20.30560938724093,-1.0656915456480274
3,Acetone,250.0,-20.388769494984498,-1.0161964511651933
3,Acetone,250.0,-20.007080416872547,-1.0408356142185542
3,Acetone,250.0,-20.245384120643042,-0.9925151541717838
3,Acetone,250.0,-20.39706257306129,-1.038816275644038
3,Acetone,250.0,-20.054244804122902,-1.0042293386146721
3,Acetone,250.0,-20.209428748247763,-0.9344392394159713
3,Acetone,250.0,-20.22686253273762,-0.992680086787706
3,Acetone,250.0,-19.810425474448966,-1.0507795779292328
3,Acetone,250.0,-20.256097383019373,-1.0279673680263361
3,Acetone,250.0,-20.303825865691874,-0.9741497966923282
3,Acetone,250.0,-19.807996416575495,-1.067607369780608
3,Acetone,250.0,-20.045617457514272,-0.9643841732171625
3,Acetone,250.0,-20.27780015896725,-0.9308564063089464
3,Acetone,250.0,-20.026500327970354,-0.9548210242978354
3,Acetone,250.0,-20.109385619730087,-1.0021439403334165
3,Acetone,250.0,-20.238432861683368,-0.9043252867446853
3,Acetone,250.0,-19.82534465551988,-0.9603201807654761
3,Acetone,250.0,-20.0288505341818,-0.9465587255073822
3,Acetone,250.0,-20.092655976362696,-0.8721333245372124
3,Acetone,200.0,-17.190203641626276,-0.3506631171184389
3,Acetone,200.0,-16.022449807135075,-0.018614215498518213
3,Acetone,200.0,-17.64995123129628,-0.9089548903717998
3,Acetone,200.0,-17.130623725868887,-1.1949697863921047
3,Acetone,200.0,-16.429962193738362,-1.0226630397360417
3,Acetone,200.0,-16.183048947442312,-1.1207293218783045
3,Acetone,200.0,-16.476757251749603,-1.0702148945942616
3,Acetone,200.0,-16.41337961186141,-1.0413157257016412
3,Acetone,200.0,-16.499543742534744,-1.1020873002630793
3,Acetone,200.0,-16.569579814388288,-1.0646456406406304
3,Acetone,200.0,-16.503680390799015,-1.1426533327442927
3,Acetone,200.0,-16.578716616732653,-1.1081104678821223
3,Acetone,200.0,-16.45783396243849,-1.1729936049478795
3,Acetone,200.0,-16.663795068515732,-1.1992475247060328
3,Acetone,200.0,-16.567606842082252,-1.1786825744376688
3,Acetone,200.0,-16.523862003783794,-1.0943986255295253
3,Acetone,200.0,-16.560467783847127,-1.2174180660899128
3,Acetone,200.0,-16.63709907685638,-1.1848931339617301
3,Acetone,200.0,-16.678852465665084,-1.2408719815594764
3,Acetone,200.0,-16.475560019138413,-1.173228675620434
3,Acetone,200.0,-16.517752274815955,-1.1136249150465851
3,Acetone,200.0,-16.317230808914392,-1.1262650728559587
3,Acetone,200.0,-16.40248770413137,-1.0407875364033432
3,Acetone,200.0,-16.12394257372555,-1.101880909315214
3,Acetone,150.0,-12.961942809361211,-0.743162328494233
3,Acetone,150.0,-11.960314289727155,-0.2203052614693742
3,Acetone,150.0,-13.335616727949446,-0.6786916713615699
3,Acetone,150.0,-12.729511506325405,-0.924276528168818
3,Acetone,150.0,-11.951253391863167,-0.809740568158325
3,Acetone,150.0,-11.973605333948115,-0.8323360716204643
3,Acetone,150.0,-11.929849481701021,-0.8764682527160653
3,Acetone,150.0,-12.066757272641334,-0.8105894235290649
3,Acetone,150.0,-11.880600171925451,-0.8055554618949893
3,Acetone,150.0,-11.886240211032339,-0.8118836455524595
3,Acetone,150.0,-11.984210975549049,-0.8303228769077184
3,Acetone,150.0,-11.900557906105515,-0.7952221823246027
3,Acetone,150.0,-11.92317750289345,-0.8386570187753486
3,Acetone,150.0,-12.098303902113786,-0.8153260897279175
3,Acetone,150.0,-11.984804454991654,-0.8052152143422695
3,Acetone,150.0,-11.717206387694585,-0.7554463658439844
3,Acetone,150.0,-12.001484632084658,-0.7755172687343076
3,Acetone,150.0,-11.86448281776638,-0.8071967407672014
3,Acetone,150.0,-11.792271752667498,-0.7945336342741394
3,Acetone,150.0,-12.048312735850411,-0.795358275148996
3,Acetone,150.0,-11.827210222621021,-0.7702028739469298
3,Acetone,150.0,-11.943517187509253,-0.726677903686539
3,Acetone,150.0,-11.870446917334284,-0.7267871536097272
3,Acetone,150.0,-11.850482366799113,-0.8471563342807376
3,Acetone,100.0,-8.173654414031187,-0.9223524777263944
3,Acetone,100.0,-7.21810486105453,-0.12150999813439317
3,Acetone,100.0,-9.191124736309582,-1.1801961318629894
3,Acetone,100.0,-9.10935508631069,-1.2761617982961182
3,Acetone,100.0,-7.91249658533599,-1.2808068705616265
3,Acetone,100.0,-8.061768384271963,-1.341440087186026
3,Acetone,100.0,-8.00057650543113,-1.3169910816173833
3,Acetone,100.0,-8.208601754020178,-1.38447022737954
3,Acetone,100.0,-8.046102137489779,-1.2659835765134038
3,Acetone,100.0,-8.106562380125851,-1.3542384294640333
3,Acetone,100.0,-8.113898113583351,-1.3612098981855154
3,Acetone,100.0,-8.002948763483312,-1.3908247661140452
3,Acetone,100.0,-8.05497868600372,-1.3767305988734997
3,Acetone,100.0,-8.106084093721767,-1.3667636485978478
3,Acetone,100.0,-8.080903701977467,-1.3343722693650801
3,Acetone,100.0,-8.110278388127819,-1.3205588212400903
3,Acetone,100.0,-8.093073771099254,-1.348428518603068
3,Acetone,100.0,-8.182095885520233,-1.3904253468252568
3,Acetone,100.0,-7.983828988765322,-1.3054117635478395
3,Acetone,100.0,-8.131102833828757,-1.336558142112554
3,Acetone,100.0,-8.10325387706796,-1.366310081547645
3,Acetone,100.0,-8.112114103993285,-1.3871728065324458
3,Acetone,100.0,-8.064078727286162,-1.353321820853131
3,Acetone,100.0,-8.036563082167996,-1.3389859227232124
3,Acetone,50.0,-3.418275386684347,-1.7456499769170803
3,Acetone,50.0,-2.723510994957336,-1.098294074661564
3,Acetone,50.0,-3.539901449198525,-1.6574692971583787
3,Acetone,50.0,-3.1975932114875505,-1.6918442409454417
3,Acetone,50.0,-2.5381816828225596,-1.744029748478495
3,Acetone,50.0,-2.492869865221542,-1.661773850025952
3,Acetone,50.0,-2.609891997433468,-1.7599530066472315
3,Acetone,50.0,-2.565320024626882,-1.7456547000393159
3,Acetone,50.0,-2.715185697104655,-1.8029315805046278
3,Acetone,50.0,-2.5887808022334227,-1.7574317664513572
3,Acetone,50.0,-2.611394373048038,-1.6976253125159364
3,Acetone,50.0,-2.6501070693571362,-1.734005068487908
3,Acetone,50.0,-2.6242991677483243,-1.6997996046550718
3,Acetone,50.0,-2.6052211099437286,-1.736332620832269
3,Acetone,50.0,-2.6427902276561186,-1.735047391334012
3,Acetone,50.0,-2.670495852671526,-1.7262286879562962
3,Acetone,50.0,-2.627122132462792,-1.7686307272094564
3,Acetone,50.0,-2.681585159090022,-1.7860277834119263
3,Acetone,50.0,-2.657142027061776,-1.7427993996432258
3,Acetone,50.0,-2.6409692832000107,-1.775310427752464
3,Acetone,50.0,-2.6080919727303016,-1.7281643102892557
3,Acetone,50.0,-2.659512616103454,-1.7421255265629814
3,Acetone,50.0,-2.6898734714856505,-1.7380087115825307
3,Acetone,50.0,-2.646725746479985,-1.7848216914926978
3,Acetone,75.0,-5.376097818741951,-1.1920025623376995
3,Acetone,75.0,-3.4930765071263954,-0.2300829151816823
3,Acetone,75.0,-5.527915724857255,-1.014055546325545
3,Acetone,75.0,-5.409854274249387,-1.0461061425409122
3,Acetone,75.0,-4.583196276416223,-1.022352901817989
3,Acetone,75.0,-4.6419580113074375,-1.1600281993137147
3,Acetone,75.0,-4.59062282952593,-1.0852271602653512
3,Acetone,75.0,-4.687104417603994,-1.1089990484590213
3,Acetone,75.0,-4.752176444315557,-1.116928539728803
3,Acetone,75.0,-4.652814569033202,-1.0627918376063084
3,Acetone,75.0,-4.637495294678557,-1.1166298729234139
3,Acetone,75.0,-4.685181878002708,-1.1205925381108939
3,Acetone,75.0,-4.640074644028029,-1.1025722723405726
3,Acetone,75.0,-4.688800268524461,-1.1239492219651406
3,Acetone,75.0,-4.615178572945419,-1.115581686184423
3,Acetone,75.0,-4.601545372097149,-1.0542544512956111
3,Acetone,75.0,-4.671060416120911,-1.0994542461626975
3,Acetone,75.0,-4.621360949391671,-1.1449544050215605
3,Acetone,75.0,-4.757019786326485,-1.1171889132961164
3,Acetone,75.0,-4.700788195349887,-1.1154694226154964
3,Acetone,75.0,-4.606431647523949,-1.074561883295269
3,Acetone,75.0,-4.6745074120089845,-1.1278380166672848
3,Acetone,75.0,-4.6033107412367915,-1.1066305569836246
3,Acetone,75.0,-4.583123167752949,-1.0610084111211948
3,Acetone,125.0,-5.811253228528124,0.7985598356382835
3,Acetone,125.0,-9.21909257208837,0.22228006713067808
3,Acetone,125.0,-10.270669767562104,-0.45360717848906157
3,Acetone,125.0,-10.192533798169784,-0.6845216711344506
3,Acetone,125.0,-9.03251797200437,-0.5778996770204875
3,Acetone,125.0,-9.104322800796613,-0.6122873200024604
3,Acetone,125.0,-9.08920226165263,-0.5772211693718011
3,Acetone,125.0,-9.237516395800329,-0.670974962253398
3,Acetone,125.0,-9.18720180376581,-0.6282081971731818
3,Acetone,125.0,-9.085857591493811,-0.5862852388477803
3,Acetone,125.0,-9.009899343101857,-0.5999000967091744
3,Acetone,125.0,-9.052184523267695,-0.6112624712567879
3,Acetone,125.0,-9.113039825188292,-0.5989519195728052
3,Acetone,125.0,-9.167633180219257,-0.6624384941106557
3,Acetone,125.0,-9.173346434898686,-0.6368312526749521
3,Acetone,125.0,-9.226570100532017,-0.6646371920099123
3,Acetone,125.0,-9.186950383186607,-0.6625308652016166
3,Acetone,125.0,-9.146590030359386,-0.6490489229624733
3,Acetone,125.0,-9.127692978158372,-0.6617933421380628
3,Acetone,125.0,-9.165488950153982,-0.6721063640692174
3,Acetone,125.0,-9.153285699574825,-0.6452746473220339
3,Acetone,125.0,-9.135281827170324,-0.6578102396242052
3,Acetone,125.0,-9.068409204433483,-0.6333169633501473
3,Acetone,125.0,-9.190883919514937,-0.6733194867267857
3,Acetone,175.0,-11.341149966594,0.8311477901346846
3,Acetone,175.0,-12.17063004715483,1.1969754557845254
3,Acetone,175.0,-13.640929672428527,0.20832841826406204
3,Acetone,175.0,-13.516009117660293,-0.262167614468322
3,Acetone,175.0,-12.269986886408054,-0.03822191868164252
3,Acetone,175.0,-12.612803809133323,-0.1880817300794313
3,Acetone,175.0,-12.487011740227361,-0.24867744595513008
3,Acetone,175.0,-12.611930127388952,-0.22910033985640896
3,Acetone,175.0,-12.757940447268325,-0.24181805189616754
3,Acetone,175.0,-12.683729578213464,-0.2969703358738647
3,Acetone,175.0,-13.13756152268549,-0.470006654215586
3,Acetone,175.0,-13.45714236503696,-0.6226205281539529
3,Acetone,175.0,-13.684958076708309,-0.8058562632415662
3,Acetone,175.0,-13.848425956446766,-0.9372231116334598
3,Acetone,175.0,-14.005532253476172,-0.9911359154098245
3,Acetone,175.0,-14.07353249907022,-1.0044913222349514
3,Acetone,175.0,-14.212010254125968,-1.0364626620190807
3,Acetone,175.0,-14.235640224856628,-1.0860197383827725
3,Acetone,175.0,-14.174336745718225,-1.0887461237305966
3,Acetone,175.0,-14.245462580740172,-1.1668714038239318
3,Acetone,175.0,-14.355481521824371,-1.1356487806454154
3,Acetone,175.0,-14.388352413675364,-1.1824838931171167
3,Acetone,175.0,-14.426758461638233,-1.2342918255194177
3,Acetone,175.0,-14.412472212566092,-1.169120667275067
3,Acetone,225.0,-19.89503280265383,-0.23475242380767117
3,Acetone,225.0,-18.830150595912972,-0.3830148927439227
3,Acetone,225.0,-19.576435525953425,-0.917076549051489
3,Acetone,225.0,-19.206945082855658,-1.2138295453828005
3,Acetone,225.0,-17.945701461286088,-1.1647634295216445
3,Acetone,225.0,-17.89235814180312,-1.2462737799568042
3,Acetone,225.0,-17.972392609750763,-1.1891358908022553
3,Acetone,225.0,-17.93190744108158,-1.123665255667663
3,Acetone,225.0,-17.980302025793236,-1.167504529063133
3,Acetone,225.0,-17.89264660486769,-1.0727101793710583
3,Acetone,225.0,-17.996832976837844,-1.0528993074170074
3,Acetone,225.0,-17.91969862937463,-1.1814880529658884
3,Acetone,225.0,-17.794432356463414,-1.1044956117823934
3,Acetone,225.0,-17.82199931183226,-1.0156861653033575
3,Acetone,225.0,-17.690926832025816,-1.1029010712919924
3,Acetone,225.0,-17.756771837305596,-1.073062657981453
3,Acetone,225.0,-17.862745883314304,-1.0238574603432886
3,Acetone,225.0,-17.84396443250378,-0.9626732883633393
3,Acetone,225.0,-17.675488729358115,-1.0766914171603434
3,Acetone,225.0,-17.641686547014466,-1.0461265802117512
3,Acetone,225.0,-17.801534213509303,-1.088953610331586
3,Acetone,225.0,-17.60900011507813,-1.0114159208877707
3,Acetone,225.0,-17.755835407604078,-1.0194225762228737
3,Acetone,225.0,-17.689631009341873,-1.071671805305044
3,Acetone,25.0,3.797743347828994,-0.3032543989223698
3,Acetone,25.0,2.6288252047192544,-0.6633624554041322
3,Acetone,25.0,1.2067774929478572,-1.5203766758132085
3,Acetone,25.0,1.6242878125890212,-1.2869303899992721
3,Acetone,25.0,1.838234054193703,-1.5127502038010991
3,Acetone,25.0,1.921567652489583,-1.4365924844371023
3,Acetone,25.0,1.9091525589456824,-1.502013655719734
3,Acetone,25.0,1.5171119629420842,-2.0677389198340594
3,Acetone,25.0,1.9241899827468194,-1.4688597755190995
3,Acetone,25.0,1.9767424521558763,-1.428548400335283
3,Acetone,25.0,1.9650212907850289,-1.43476197282667
3,Acetone,25.0,1.9129298679669111,-1.4544101794257331
3,Acetone,25.0,1.9942335534148543,-1.4136571815878032
3,Acetone,25.0,1.9102115526262557,-1.4793341426425162
3,Acetone,25.0,1.8894331897601655,-1.527681919631782
3,Acetone,25.0,1.918244409555184,-1.4409054652357454
3,Acetone,25.0,1.8508198886092246,-1.5243478565022472
3,Acetone,25.0,1.818927556225014,-1.4955294128006493
3,Acetone,25.0,1.848460414778406,-1.494161188199173
3,Acetone,25.0,1.8877802240780694,-1.4732045385330246
3,Acetone,25.0,1.7960061537617344,-1.5810588522337738
3,Acetone,25.0,1.8730829942191394,-1.4766704694626418
3,Acetone,25.0,1.8900067789374049,-1.5360872640445637
3,Acetone,25.0,1.8456578323626367,-1.5446808096506923
3,Acetone,25.0,-0.3553585022011613,-1.7204281792435412
3,Acetone,25.0,2.01363294011556,-0.9973590414184986
3,Acetone,25.0,2.826428011960524,-0.4315530151239385
3,Acetone,25.0,3.0512725560673912,-0.3896638994992256
3,Acetone,25.0,3.4095386338279665,-0.44773022223164016
3,Acetone,25.0,3.4568145204750866,-0.41656536908042036
3,Acetone,25.0,3.5455952099877104,-0.3586478793099558
3,Acetone,25.0,3.4034854825408902,-0.46512445097506616
3,Acetone,25.0,3.417112230612451,-0.4307864131048704
3,Acetone,25.0,3.4718035536155543,-0.41248183292111296
3,Acetone,25.0,3.4867389843786514,-0.43981606918717403
3,Acetone,25.0,3.4824714018378655,-0.4363461175121286
3,Acetone,25.0,3.3860615903996423,-0.49742345809505634
3,Acetone,25.0,3.432957573633248,-0.4593574824553143
3,Acetone,25.0,3.4608119908977177,-0.4622883703555077
3,Acetone,25.0,3.4796455933421258,-0.43729361579323145
3,Acetone,25.0,3.3936294967895013,-0.5047193431644925
3,Acetone,25.0,3.4592855291659945,-0.4663674214874093
3,Acetone,25.0,3.3994582473643775,-0.5051246103188862
3,Acetone,25.0,3.384308356971304,-0.49992521659189987
3,Acetone,25.0,3.417166522900496,-0.4854048121051979
3,Acetone,25.0,3.6076033720514222,-0.3700587031821928
3,Acetone,25.0,3.5350262671903177,-0.3673523300001289
3,Acetone,25.0,3.5068731776531235,-0.4226858017075593
3,Acetone,250.0,-20.136495051604893,-0.22664080006504925
3,Acetone,250.0,-19.099083271841724,-0.1592377456998085
3,Acetone,250.0,-20.743962452545443,-0.7133895638894925
3,Acetone,250.0,-20.509010219091135,-1.0039871706323438
3,Acetone,250.0,-19.079334026321877,-0.8950058553648405
3,Acetone,250.0,-19.19658556761716,-0.9353408708538613
3,Acetone,250.0,-19.179397124890016,-0.9442196248345981
3,Acetone,250.0,-19.251628670406898,-0.9048143636493338
3,Acetone,250.0,-19.26240162140051,-0.9156583149333842
3,Acetone,250.0,-19.255310430624704,-0.9064889732598181
3,Acetone,250.0,-19.13589460525189,-0.9726170565575805
3,Acetone,250.0,-19.053016980812544,-0.9176672220579377
3,Acetone,250.0,-19.18652392406143,-0.9308322739475876
3,Acetone,250.0,-19.15579664948928,-0.8741185479873989
3,Acetone,250.0,-19.0650773333999,-0.865504608560623
3,Acetone,250.0,-19.14761703461836,-0.8373143830219058
3,Acetone,250.0,-19.11163132497007,-0.7778674871476153
3,Acetone,250.0,-19.045371573813707,-0.8993802184869684
3,Acetone,250.0,-19.034828789247996,-0.807221999547889
3,Acetone,250.0,-18.976447846185856,-0.855023255290307
3,Acetone,250.0,-18.945467838852455,-0.739941622318406
3,Acetone,250.0,-18.937424573961202,-0.7962951857423621
3,Acetone,250.0,-18.851144714617224,-0.7440417228959872
3,Acetone,250.0,-18.798627202936803,-0.7151776006843553
3,Acetone,200.0,-16.275243475186674,0.3851076956218508
3,Acetone,200.0,-15.036962022304353,0.49845374897709394
3,Acetone,200.0,-15.320134785585797,0.32649442661795625
3,Acetone,200.0,-15.06184509721253,-0.051032138361154236
3,Acetone,200.0,-13.93900599805976,0.003392576550058318
3,Acetone,200.0,-14.03865233857323,-0.00315996596078747
3,Acetone,200.0,-13.941043586674574,0.10118004295286874
3,Acetone,200.0,-13.965018557442363,0.037902375209645636
3,Acetone,200.0,-13.907246740920598,0.08982267249410443
3,Acetone,200.0,-13.995261125130488,0.14374358626710104
3,Acetone,200.0,-13.904956257598913,0.08710046451730853
3,Acetone,200.0,-13.969316215558328,0.014928074744721
3,Acetone,200.0,-13.965683895899984,0.04611332042494646
3,Acetone,200.0,-13.935746323833547,0.0356488096143453
3,Acetone,200.0,-14.008588089144316,-0.015793542214757778
3,Acetone,200.0,-14.0378034260262,-0.0033711901297799975
3,Acetone,200.0,-14.081827895267583,0.03501890498942131
3,Acetone,200.0,-14.151304862529377,-0.01726942007257982
3,Acetone,200.0,-14.124267918954152,-0.05683699223509955
3,Acetone,200.0,-14.29749633109207,-0.10641255637534248
3,Acetone,200.0,-14.205383637364934,-0.06962894332571716
3,Acetone,200.0,-14.168148437094958,-0.13214597530119676
3,Acetone,200.0,-14.24524341428528,-0.11508143867176307
3,Acetone,200.0,-14.30798975680303,-0.17883481637326
3,Acetone,150.0,-9.633113708973845,1.6623288181437579
3,Acetone,150.0,-9.721958591818298,1.3592521853618889
3,Acetone,150.0,-10.690933786189074,0.5722478096845142
3,Acetone,150.0,-10.511471301136037,0.39671386759512256
3,Acetone,150.0,-9.34893357849442,0.4010834497875222
3,Acetone,150.0,-9.44180229551228,0.38665658914061807
3,Acetone,150.0,-9.42795457843767,0.4000773463760509
3,Acetone,150.0,-9.450001851550292,0.3680311442440256
3,Acetone,150.0,-9.45371995532384,0.4174722378208771
3,Acetone,150.0,-9.414362157413786,0.41830456246015
3,Acetone,150.0,-9.450460365967034,0.4205799203135406
3,Acetone,150.0,-9.518223433312912,0.3818210115635383
3,Acetone,150.0,-9.39563654916039,0.4185124512275728
3,Acetone,150.0,-9.387841629605402,0.44192312428238933
3,Acetone,150.0,-9.415822442140295,0.43404814033026967
3,Acetone,150.0,-9.40460903050278,0.4186026955463396
3,Acetone,150.0,-9.39932671809434,0.4339978322769056
3,Acetone,150.0,-9.429812953684882,0.4391253160234505
3,Acetone,150.0,-9.41627167454465,0.4385251600778678
3,Acetone,150.0,-9.528387383268347,0.4187207573310609
3,Acetone,150.0,-9.462546028111275,0.46958440823385034
3,Acetone,150.0,-9.424389028024274,0.44977919792930465
3,Acetone,150.0,-9.387943392858643,0.49793671815227086
3,Acetone,150.0,-9.296836268711525,0.515474142559866
3,Acetone,100.0,-7.6401358791244105,0.39326288123715225
3,Acetone,100.0,-7.286537056762286,0.22154346801993913
3,Acetone,100.0,-7.93811267033556,-0.5092886912766459
3,Acetone,100.0,-7.929631298208756,-0.7012120509884864
3,Acetone,100.0,-6.908907054964548,-0.6887855991069166
3,Acetone,100.0,-6.853206653296371,-0.6514885103154402
3,Acetone,100.0,-6.902300799110232,-0.6913161117063394
3,Acetone,100.0,-6.988237056020235,-0.6693194884306166
3,Acetone,100.0,-6.9883978392900525,-0.6840093183197743
3,Acetone,100.0,-6.916716605399829,-0.6457001915981677
3,Acetone,100.0,-6.979397133391751,-0.6652038415003138
3,Acetone,100.0,-6.91684677768066,-0.6438152007252087
3,Acetone,100.0,-6.902945134649556,-0.5846111069954286
3,Acetone,100.0,-6.993536982210148,-0.6485889214909295
3,Acetone,100.0,-6.964198372205371,-0.630594237339224
3,Acetone,100.0,-6.934520954625904,-0.6285994512037929
3,Acetone,100.0,-6.973105876375044,-0.6318753167622887
3,Acetone,100.0,-6.94652331397474,-0.6266395359174907
3,Acetone,100.0,-7.003531671486408,-0.6433405917785024
3,Acetone,100.0,-6.900068348275519,-0.6006944292235085
3,Acetone,100.0,-6.880072000377499,-0.5876629924146448
3,Acetone,100.0,-6.922523007276764,-0.5504906620880327
3,Acetone,100.0,-6.902871985271779,-0.5841265529007402
3,Acetone,100.0,-6.845348242413884,-0.5421315953415665
3,Acetaldehyde,250.0,-15.271862341984642,-12.074566009884458
3,Acetaldehyde,250.0,-15.300279547135577,-12.17827653886911
3,Acetaldehyde,250.0,-16.33015056625796,-11.971954857726947
3,Acetaldehyde,250.0,-16.47062594559918,-12.528856180257197
3,Acetaldehyde,250.0,-14.814409456771298,-11.531891180746692
3,Acetaldehyde,250.0,-14.908780514141636,-11.607562281966345
3,Acetaldehyde,250.0,-14.88440834824115,-11.573137125996942
3,Acetaldehyde,250.0,-14.849948348656422,-11.58454500639591
3,Acetaldehyde,250.0,-14.914196008246691,-11.675153190070143
3,Acetaldehyde,250.0,-14.881329465130877,-11.614394123685353
3,Acetaldehyde,250.0,-14.94345440390743,-11.712028608777779
3,Acetaldehyde,250.0,-14.914897349359228,-11.69872545613544
3,Acetaldehyde,250.0,-14.985582318237148,-11.669240069464358
3,Acetaldehyde,250.0,-14.754566688107841,-11.64160710640574
3,Acetaldehyde,250.0,-14.776739979247864,-11.642703780775323
3,Acetaldehyde,250.0,-14.533204925418922,-11.50871329617353
3,Acetaldehyde,250.0,-14.82863125238234,-11.723590747386883
3,Acetaldehyde,250.0,-14.86110572720683,-11.73352548287462
3,Acetaldehyde,250.0,-14.75417887085369,-11.61696861275394
3,Acetaldehyde,250.0,-14.687333570735857,-11.543738766948918
3,Acetaldehyde,250.0,-14.655947965130212,-11.675332184755348
3,Acetaldehyde,250.0,-14.715839701948696,-11.58828156946618
3,Acetaldehyde,250.0,-14.706785395827302,-11.622798016986762
3,Acetaldehyde,250.0,-14.577027189373768,-11.499584092379015
3,Acetaldehyde,225.0,-12.10203699795423,-9.494133558690576
3,Acetaldehyde,225.0,-12.063009113827748,-9.766243792826673
3,Acetaldehyde,225.0,-13.916256073497767,-10.703700885785176
3,Acetaldehyde,225.0,-13.591713101786137,-11.01666599191663
3,Acetaldehyde,225.0,-12.503710252211006,-10.320622522068943
3,Acetaldehyde,225.0,-12.496627227310789,-10.387006936303601
3,Acetaldehyde,225.0,-12.490282953848494,-10.465705315334382
3,Acetaldehyde,225.0,-12.578390189519405,-10.45921613238881
3,Acetaldehyde,225.0,-12.709143479295951,-10.493529631789885
3,Acetaldehyde,225.0,-12.57160288877682,-10.412890916534566
3,Acetaldehyde,225.0,-12.682435222685534,-10.521951805712618
3,Acetaldehyde,225.0,-12.611999231386473,-10.475019680316255
3,Acetaldehyde,225.0,-12.522410395937328,-10.452787184981247
3,Acetaldehyde,225.0,-12.501208642449658,-10.405801198874082
3,Acetaldehyde,225.0,-12.474295915464978,-10.369315969420297
3,Acetaldehyde,225.0,-12.434538403194807,-10.45863920226387
3,Acetaldehyde,225.0,-12.444064189961113,-10.371224071026294
3,Acetaldehyde,225.0,-12.294719084106495,-10.361772551985768
3,Acetaldehyde,225.0,-12.290894319948007,-10.3574128361884
3,Acetaldehyde,225.0,-12.38444269048694,-10.388789205689879
3,Acetaldehyde,225.0,-12.433889704523272,-10.385028702480724
3,Acetaldehyde,225.0,-12.280567849074709,-10.329034281886987
3,Acetaldehyde,225.0,-12.307295084536236,-10.326887477180495
3,Acetaldehyde,225.0,-12.147099926941586,-10.213490959943051
3,Acetaldehyde,200.0,-11.074070144735602,-9.391566725550083
3,Acetaldehyde,200.0,-10.756269845490857,-9.450668519535405
3,Acetaldehyde,200.0,-12.38044921252567,-10.133091783250947
3,Acetaldehyde,200.0,-12.324214585401515,-10.509607402733504
3,Acetaldehyde,200.0,-11.155943117540824,-9.851183118363258
3,Acetaldehyde,200.0,-11.015354460708458,-9.811251156730316
3,Acetaldehyde,200.0,-11.209959612675478,-9.893076740896014
3,Acetaldehyde,200.0,-11.23370123469314,-9.93416992235751
3,Acetaldehyde,200.0,-11.286233203085995,-9.976439823793807
3,Acetaldehyde,200.0,-11.454701759914718,-10.029474225555864
3,Acetaldehyde,200.0,-11.270314928362064,-10.063119651409512
3,Acetaldehyde,200.0,-11.262641156282207,-9.950744603430218
3,Acetaldehyde,200.0,-11.063126728340418,-9.90231361786078
3,Acetaldehyde,200.0,-11.188341869123533,-10.025844496306712
3,Acetaldehyde,200.0,-11.347644704609635,-10.064678277780217
3,Acetaldehyde,200.0,-11.51527606097755,-10.134741985099021
3,Acetaldehyde,200.0,-11.572345390632407,-10.260097050773597
3,Acetaldehyde,200.0,-11.647835985959121,-10.235146900971827
3,Acetaldehyde,200.0,-11.680408797955392,-10.327120719320762
3,Acetaldehyde,200.0,-11.618680529097002,-10.365937959887718
3,Acetaldehyde,200.0,-11.647074735750255,-10.28459876632219
3,Acetaldehyde,200.0,-11.664856879272016,-10.3199638826658
3,Acetaldehyde,200.0,-11.673790792729589,-10.354737096100884
3,Acetaldehyde,200.0,-11.642926877990194,-10.381597078375211
3,Acetaldehyde,175.0,-8.468327904661946,-7.905948444978391
3,Acetaldehyde,175.0,-10.200072802906641,-9.335360602657186
3,Acetaldehyde,175.0,-10.118239050567617,-9.124979039793132
3,Acetaldehyde,175.0,-10.163987407614975,-9.494557775902628
3,Acetaldehyde,175.0,-9.182939284539673,-8.942906932879184
3,Acetaldehyde,175.0,-9.219799499272805,-9.021676164726248
3,Acetaldehyde,175.0,-9.173884982698377,-9.004500254016037
3,Acetaldehyde,175.0,-9.336479897672968,-9.08750155596245
3,Acetaldehyde,175.0,-9.33475005024035,-9.081631149373186
3,Acetaldehyde,175.0,-9.292296838497531,-9.06848608752636
3,Acetaldehyde,175.0,-9.353037215533,-9.130159616395762
3,Acetaldehyde,175.0,-9.31604123221245,-9.079684925968907
3,Acetaldehyde,175.0,-9.212543015189542,-9.020364256574274
3,Acetaldehyde,175.0,-9.140220466371963,-9.00782317599359
3,Acetaldehyde,175.0,-9.127614846916332,-9.022504220050347
3,Acetaldehyde,175.0,-9.087741123702324,-9.00488053292845
3,Acetaldehyde,175.0,-8.959622484771044,-8.999547282493433
3,Acetaldehyde,175.0,-9.051020851234265,-8.963268663708853
3,Acetaldehyde,175.0,-8.946734230191405,-8.947473942159618
3,Acetaldehyde,175.0,-8.821256148045586,-8.846973249370542
3,Acetaldehyde,175.0,-8.789087886557944,-8.799148870737366
3,Acetaldehyde,175.0,-8.701371203533235,-8.79740106404422
3,Acetaldehyde,175.0,-8.684514455562399,-8.761842863715943
3,Acetaldehyde,175.0,-8.679535219743126,-8.767034990008632
3,Acetaldehyde,150.0,-8.356980350011096,-8.544583762112334
3,Acetaldehyde,150.0,-8.333293915230152,-8.667790303427822
3,Acetaldehyde,150.0,-10.081812512026797,-9.530167440744027
3,Acetaldehyde,150.0,-9.99527308180079,-9.837066214197295
3,Acetaldehyde,150.0,-9.067108905608622,-9.322341128704142
3,Acetaldehyde,150.0,-9.210637655161603,-9.431015632451963
3,Acetaldehyde,150.0,-9.22007665300133,-9.461557915700595
3,Acetaldehyde,150.0,-9.274673164401795,-9.559217835269353
3,Acetaldehyde,150.0,-9.481005270045916,-9.619382321371676
3,Acetaldehyde,150.0,-9.374040128802946,-9.633672505494191
3,Acetaldehyde,150.0,-9.630215022444748,-9.703592237047705
3,Acetaldehyde,150.0,-9.625517712818036,-9.845748919067095
3,Acetaldehyde,150.0,-9.813966502883709,-9.914781747438456
3,Acetaldehyde,150.0,-9.757432280473862,-9.903464198033511
3,Acetaldehyde,150.0,-9.756270514206797,-9.90644298679586
3,Acetaldehyde,150.0,-9.633109722445148,-9.91570951181957
3,Acetaldehyde,150.0,-9.757263895479154,-9.917587142348827
3,Acetaldehyde,150.0,-9.837674967822378,-9.975255365154847
3,Acetaldehyde,150.0,-9.849050640889562,-10.064166276486958
3,Acetaldehyde,150.0,-9.876307199208052,-9.975573202726585
3,Acetaldehyde,150.0,-9.42866163207981,-9.788244072998888
3,Acetaldehyde,150.0,-9.582876174464936,-9.942063948763227
3,Acetaldehyde,150.0,-9.891867537154,-10.058780123717158
3,Acetaldehyde,150.0,-9.770395601506939,-10.027153641671543
3,Acetaldehyde,125.0,-4.441331962823033,-6.477325013259564
3,Acetaldehyde,125.0,-6.1931231824508375,-7.634731169910733
3,Acetaldehyde,125.0,-7.119841680325227,-8.06549573446151
3,Acetaldehyde,125.0,-7.049251902799062,-8.29933489990585
3,Acetaldehyde,125.0,-6.132991996098358,-7.796763129776599
3,Acetaldehyde,125.0,-6.093137069764162,-7.762235640196173
3,Acetaldehyde,125.0,-6.207481841632472,-7.846974826883068
3,Acetaldehyde,125.0,-6.074761586525275,-7.79419847248715
3,Acetaldehyde,125.0,-6.15348960131552,-7.794723828805413
3,Acetaldehyde,125.0,-6.077126309531381,-7.760661512242345
3,Acetaldehyde,125.0,-6.0227614861064,-7.803534801545527
3,Acetaldehyde,125.0,-5.9913784711054765,-7.774823800477898
3,Acetaldehyde,125.0,-5.990329579974101,-7.780728348736214
3,Acetaldehyde,125.0,-6.009071638413231,-7.791082156770526
3,Acetaldehyde,125.0,-5.896704936325161,-7.687862934951152
3,Acetaldehyde,125.0,-5.909401787538857,-7.760155119800655
3,Acetaldehyde,125.0,-6.020145960924948,-7.801936232979081
3,Acetaldehyde,125.0,-6.021431318964911,-7.878956305473916
3,Acetaldehyde,125.0,-6.087118074268818,-7.864131813523929
3,Acetaldehyde,125.0,-6.100236562120913,-7.8746136428666125
3,Acetaldehyde,125.0,-6.073070801282149,-7.8875583155684055
3,Acetaldehyde,125.0,-6.221289675721848,-7.935737693794873
3,Acetaldehyde,125.0,-6.1710639601597235,-7.97289664367529
3,Acetaldehyde,125.0,-6.1602634174316515,-7.934984019835083
3,Acetaldehyde,100.0,-4.4074991726919945,-7.114324895692998
3,Acetaldehyde,100.0,-3.6740175955857155,-6.632665483922452
3,Acetaldehyde,100.0,-5.640035667310992,-7.5815101601427015
3,Acetaldehyde,100.0,-5.363284254867973,-7.617285854946624
3,Acetaldehyde,100.0,-4.494112755540394,-7.1925726339154785
3,Acetaldehyde,100.0,-4.453597189793426,-7.103557874120179
3,Acetaldehyde,100.0,-4.452253812524931,-7.163370830898397
3,Acetaldehyde,100.0,-4.463617655388221,-7.14722283827436
3,Acetaldehyde,100.0,-4.464547557159491,-7.141213764857976
3,Acetaldehyde,100.0,-4.47294748196579,-7.207027117697868
3,Acetaldehyde,100.0,-4.433758735149829,-7.171785811014627
3,Acetaldehyde,100.0,-4.464182995944481,-7.174910661566201
3,Acetaldehyde,100.0,-4.426102894695017,-7.199636981908997
3,Acetaldehyde,100.0,-4.316208330459999,-7.126747292081048
3,Acetaldehyde,100.0,-4.49321676581984,-7.160921949436022
3,Acetaldehyde,100.0,-4.286381405793759,-7.167060504223796
3,Acetaldehyde,100.0,-4.288973642870534,-7.160689690297476
3,Acetaldehyde,100.0,-4.313495582926679,-7.126608014595006
3,Acetaldehyde,100.0,-4.3380480789337605,-7.14334611373326
3,Acetaldehyde,100.0,-4.244316350181665,-7.141453565554998
3,Acetaldehyde,100.0,-4.191384709094785,-7.095572484626253
3,Acetaldehyde,100.0,-4.3277218105084705,-7.136238176825174
3,Acetaldehyde,100.0,-4.2020139820153055,-7.142259956402802
3,Acetaldehyde,100.0,-4.212530768654476,-7.106938103373699
3,Acetaldehyde,75.0,-3.178968978901184,-6.631224132104739
3,Acetaldehyde,75.0,-3.1187644719897922,-6.617682162309912
3,Acetaldehyde,75.0,-3.0254213184382643,-6.432793192039139
3,Acetaldehyde,75.0,-2.962955890429808,-6.528165553287806
3,Acetaldehyde,75.0,-2.315432294481218,-6.2678192141697355
3,Acetaldehyde,75.0,-2.3387006372797408,-6.2681424973561874
3,Acetaldehyde,100.0,-2.278603655235158,-6.297852870019817
3,Acetaldehyde,100.0,-2.3260054596661,-6.316044699206927
3,Acetaldehyde,75.0,-2.3463516491119663,-6.2853261033104015
3,Acetaldehyde,75.0,-2.2294646581768753,-6.251998213217719
3,Acetaldehyde,75.0,-2.2167819751583804,-6.2141240152171875
3,Acetaldehyde,75.0,-2.1809808349570226,-6.183416759987891
3,Acetaldehyde,75.0,-2.087836459549981,-6.186217345244912
3,Acetaldehyde,75.0,-2.0777363484571025,-6.153932361707452
3,Acetaldehyde,75.0,-2.079577936953488,-6.181369231356221
3,Acetaldehyde,75.0,-2.0438898373732695,-6.15228935849196
3,Acetaldehyde,75.0,-2.03395061882346,-6.123141736018711
3,Acetaldehyde,50.0,-2.0289033278998114,-6.1781999796328595
3,Acetaldehyde,100.0,-1.966761593871841,-6.071188176636873
3,Acetaldehyde,75.0,-1.8631718968239677,-6.028727953507441
3,Acetaldehyde,75.0,-1.7657016845534115,-5.9974926148913985
3,Acetaldehyde,75.0,-1.7939125120441357,-5.987175600023319
3,Acetaldehyde,75.0,-1.6515145761118617,-5.919781232414798
3,Acetaldehyde,75.0,-1.7444590312901127,-5.9558564732718215
3,Acetaldehyde,50.0,1.7448043085140972,-4.135670677588107
3,Acetaldehyde,50.0,1.760496427761398,-4.102706188374903
3,Acetaldehyde,100.0,1.070588223478735,-4.402987361397115
3,Acetaldehyde,50.0,1.3770280214410227,-4.26155147499553
3,Acetaldehyde,50.0,1.8779494697266501,-4.124079986809002
3,Acetaldehyde,50.0,1.9082043941253684,-4.0713007335688065
3,Acetaldehyde,50.0,1.8991271790391306,-4.09687299596303
3,Acetaldehyde,50.0,1.9223184349604643,-4.113000269134933
3,Acetaldehyde,50.0,1.966037870033029,-4.122638018709238
3,Acetaldehyde,50.0,1.923501401869454,-4.1216090270884616
3,Acetaldehyde,50.0,1.9393617296403927,-4.093770348585202
3,Acetaldehyde,50.0,1.8963452341361005,-4.112205314094907
3,Acetaldehyde,50.0,1.9279647461350695,-4.117254807424849
3,Acetaldehyde,50.0,1.9751961121877293,-4.0948125673699405
3,Acetaldehyde,50.0,1.9861574459891442,-4.07294904439575
3,Acetaldehyde,50.0,2.0294664499165274,-4.067488212994354
3,Acetaldehyde,50.0,2.0083833302459047,-4.113005401967704
3,Acetaldehyde,50.0,1.9811322293894957,-4.116040239783071
3,Acetaldehyde,50.0,2.0221709337769425,-4.083433178612206
3,Acetaldehyde,50.0,2.027531784249541,-4.108130807203197
3,Acetaldehyde,50.0,2.0440278967126266,-4.086817611366076
3,Acetaldehyde,50.0,2.0255903691593202,-4.0690228670930635
3,Acetaldehyde,50.0,2.042641100906646,-4.06423420696646
3,Acetaldehyde,50.0,1.993869995964638,-4.120973785885717
3,Acetaldehyde,25.0,4.942396893247705,-3.034613794929499
3,Acetaldehyde,25.0,5.46664663989454,-2.5002955283493673
3,Acetaldehyde,25.0,4.103125650218049,-3.3011894319973525
3,Acetaldehyde,25.0,4.385235021747453,-3.0695726082613333
3,Acetaldehyde,25.0,4.601381897608512,-3.1653677839422563
3,Acetaldehyde,25.0,4.748507412218677,-3.0213629735571277
3,Acetaldehyde,25.0,4.802570230193018,-3.0206548265268887
3,Acetaldehyde,25.0,4.764480595804559,-3.0368500464462964
3,Acetaldehyde,25.0,4.789834928209986,-3.0541561937214734
3,Acetaldehyde,25.0,4.832829941331533,-3.0152514313129934
3,Acetaldehyde,25.0,4.773515127353511,-3.0474177456592124
3,Acetaldehyde,25.0,4.809451233921115,-3.0013909528905947
3,Acetaldehyde,25.0,4.805569099609047,-3.023424494675815
3,Acetaldehyde,25.0,4.889455910802503,-2.975321550067019
3,Acetaldehyde,25.0,4.860268219750629,-2.989727541148923
3,Acetaldehyde,25.0,4.83704868512955,-3.0301659866574218
3,Acetaldehyde,25.0,4.776394850772233,-3.034578134165161
3,Acetaldehyde,25.0,4.827716168704608,-3.0072864317364623
3,Acetaldehyde,25.0,4.761905692418684,-3.110621840335681
3,Acetaldehyde,25.0,4.7220237553045665,-3.102632801360781
3,Acetaldehyde,25.0,4.7335978168341155,-3.119990903360485
3,Acetaldehyde,25.0,4.743339023872876,-3.129998966349642
3,Acetaldehyde,25.0,4.748088658681495,-3.1732407297992036
3,Acetaldehyde,25.0,4.741947374942305,-3.1107665795866666
3,Acetaldehyde,25.0,4.276501678877105,-3.3274738142280436
3,Acetaldehyde,50.0,4.5828747903749365,-3.025658973103736
3,Acetaldehyde,25.0,3.178501722060793,-3.988560255359164
3,Acetaldehyde,25.0,3.4822894540986247,-3.648897426985464
3,Acetaldehyde,25.0,3.7281466751933197,-3.8185869137568247
3,Acetaldehyde,25.0,3.671594102355322,-3.758618377321477
3,Acetaldehyde,25.0,3.7300519986030047,-3.7397820456377056
3,Acetaldehyde,25.0,3.737975329629585,-3.7761752122863275
3,Acetaldehyde,25.0,3.7118248504507054,-3.767038748836186
3,Acetaldehyde,25.0,3.7006249525081425,-3.829763120382267
3,Acetaldehyde,25.0,3.6131806791901746,-3.8415892691073523
3,Acetaldehyde,25.0,3.704450805480197,-3.812192091165109
3,Acetaldehyde,25.0,3.5941248879375607,-3.8713766314303366
3,Acetaldehyde,25.0,3.560395475766705,-3.893661988884716
3,Acetaldehyde,25.0,3.541541829933184,-3.9205296731459645
3,Acetaldehyde,25.0,3.599983459842488,-3.9250498389749993
3,Acetaldehyde,25.0,3.5796558884584604,-3.9053433811729894
3,Acetaldehyde,25.0,3.6597739572991173,-3.86009074226531
3,Acetaldehyde,25.0,3.6552939341928443,-3.8470728192910695
3,Acetaldehyde,25.0,3.721553359292924,-3.7988122946624845
3,Acetaldehyde,25.0,3.7118232570338563,-3.7760805688239016
3,Acetaldehyde,25.0,3.7691857118410876,-3.7585699974019406
3,Acetaldehyde,25.0,3.748165135311239,-3.7544289414859575
3,Acetaldehyde,25.0,3.815197981084069,-3.7847007220868907
3,Acetaldehyde,50.0,-0.7451624236499753,-5.109789688058959
3,Acetaldehyde,50.0,1.175819795119287,-4.339412891957129
3,Acetaldehyde,50.0,-0.1726807883490449,-5.241970659147231
3,Acetaldehyde,50.0,0.05228935786828436,-5.164325403120769
3,Acetaldehyde,50.0,0.4417405940527192,-5.120572942940047
3,Acetaldehyde,50.0,0.49318827031186885,-5.082329056093678
3,Acetaldehyde,50.0,0.4020527430399245,-5.145979321015398
3,Acetaldehyde,50.0,0.5017926244397684,-5.059422787772071
3,Acetaldehyde,50.0,0.42333104483260475,-5.1478282617603215
3,Acetaldehyde,50.0,0.43819709797388395,-5.147539513204984
3,Acetaldehyde,50.0,0.5288515943985385,-5.091249218243685
3,Acetaldehyde,50.0,0.4648833462352384,-5.107507460395902
3,Acetaldehyde,50.0,0.48896953567743145,-5.0728101170099
3,Acetaldehyde,50.0,0.5089674711975778,-5.089504175544546
3,Acetaldehyde,50.0,0.6720858445751733,-5.002992576053592
3,Acetaldehyde,50.0,0.6796684395549355,-5.004822516771148
3,Acetaldehyde,50.0,0.7121210276452693,-4.9839370531097
3,Acetaldehyde,50.0,0.8200882067779609,-4.943410037817113
3,Acetaldehyde,50.0,0.8343848525655043,-4.91748870907077
3,Acetaldehyde,50.0,0.7743024523285996,-4.932311191388443
3,Acetaldehyde,50.0,0.888290004699316,-4.864854557303347
3,Acetaldehyde,50.0,0.8479026538263176,-4.896078617625051
3,Acetaldehyde,50.0,0.961822036410789,-4.866198044518765
3,Acetaldehyde,50.0,0.9728107447517401,-4.80270514419484
3,Acetaldehyde,75.0,-2.859685963504091,-6.855217583942996
3,Acetaldehyde,75.0,-2.259157054772239,-6.28784330671474
3,Acetaldehyde,75.0,-3.4643978822143597,-6.709826528096579
3,Acetaldehyde,75.0,-3.216560290495193,-6.767267045375826
3,Acetaldehyde,75.0,-2.6403207153004513,-6.532593141401137
3,Acetaldehyde,75.0,-2.684427718767207,-6.544379384474219
3,Acetaldehyde,75.0,-2.7123252458348306,-6.601845196284741
3,Acetaldehyde,75.0,-2.58531413635065,-6.499562167150943
3,Acetaldehyde,75.0,-2.5878148084199846,-6.47122032110024
3,Acetaldehyde,75.0,-2.4726697013067342,-6.40757547896732
3,Acetaldehyde,75.0,-2.500985585473246,-6.4698941589228305
3,Acetaldehyde,75.0,-2.697702118882216,-6.5655391046392255
3,Acetaldehyde,75.0,-2.8671363990275243,-6.6916608979281
3,Acetaldehyde,75.0,-2.8652997817072725,-6.686873899674586
3,Acetaldehyde,75.0,-2.8366319646812803,-6.671251988924512
3,Acetaldehyde,75.0,-2.9409323034792725,-6.7809944416954115
3,Acetaldehyde,75.0,-2.8457921439923886,-6.73168473076993
3,Acetaldehyde,75.0,-2.8644259791215827,-6.766257918365256
3,Acetaldehyde,75.0,-2.891470988575835,-6.806748199637605
3,Acetaldehyde,75.0,-2.9180218761942753,-6.825618654524995
3,Acetaldehyde,75.0,-2.79121107851655,-6.773565620213166
3,Acetaldehyde,75.0,-2.767758459285658,-6.755682424802448
3,Acetaldehyde,75.0,-2.751737039168952,-6.769709077894895
3,Acetaldehyde,75.0,-2.7061277990897334,-6.738229844557306
3,Acetaldehyde,100.0,-5.0450029282661335,-7.305135963707775
3,Acetaldehyde,100.0,-5.271008680709743,-7.663796705591293
3,Acetaldehyde,100.0,-6.307139868755218,-8.057358326873292
3,Acetaldehyde,100.0,-6.000296372929722,-8.160747869020863
3,Acetaldehyde,100.0,-5.116975766233508,-7.661628963650579
3,Acetaldehyde,100.0,-5.231970304239899,-7.7229946844649415
3,Acetaldehyde,100.0,-5.241518870803809,-7.784103007415492
3,Acetaldehyde,100.0,-5.130837694135394,-7.718445547741341
3,Acetaldehyde,100.0,-5.177969131464135,-7.773307839242132
3,Acetaldehyde,100.0,-5.072307849691409,-7.632723366481036
3,Acetaldehyde,100.0,-5.002950700550261,-7.643543964307774
3,Acetaldehyde,100.0,-5.072149696050617,-7.6637797702353
3,Acetaldehyde,100.0,-5.152337875091724,-7.730766771311454
3,Acetaldehyde,100.0,-5.267406825427095,-7.8334963910348545
3,Acetaldehyde,75.0,-5.1831446706669455,-7.788458950405246
3,Acetaldehyde,100.0,-5.186664493139853,-7.799997664744832
3,Acetaldehyde,100.0,-5.26811562173758,-7.818117254127387
3,Acetaldehyde,100.0,-5.197493764167046,-7.796182747193191
3,Acetaldehyde,100.0,-5.200173771604921,-7.812772927313204
3,Acetaldehyde,100.0,-5.16762325653562,-7.836324545389499
3,Acetaldehyde,100.0,-5.160104053888235,-7.818675715702027
3,Acetaldehyde,100.0,-5.045687935992452,-7.772860080885528
3,Acetaldehyde,100.0,-5.113886578063668,-7.776906917847372
3,Acetaldehyde,100.0,-5.1668264753045126,-7.840760005760608
3,Acetaldehyde,125.0,-4.481252675665238,-6.705403149878666
3,Acetaldehyde,125.0,-6.531413776943118,-8.105145956375452
3,Acetaldehyde,125.0,-8.44002739023972,-9.047917212444332
3,Acetaldehyde,125.0,-8.243206421702078,-9.378991417509313
3,Acetaldehyde,125.0,-7.394332333091698,-8.748421785410684
3,Acetaldehyde,125.0,-7.297785658827404,-8.741492486331282
3,Acetaldehyde,125.0,-7.431369339901893,-8.802598352865594
3,Acetaldehyde,125.0,-7.330700516717721,-8.80863498342981
3,Acetaldehyde,125.0,-7.3106740633921135,-8.74634449307173
3,Acetaldehyde,125.0,-7.292775118391713,-8.804602637179748
3,Acetaldehyde,125.0,-7.357946226870746,-8.759969380741888
3,Acetaldehyde,125.0,-7.1794826747682965,-8.671902812704785
3,Acetaldehyde,125.0,-7.140040995713749,-8.644593017069543
3,Acetaldehyde,125.0,-7.073631367102037,-8.710006036754129
3,Acetaldehyde,125.0,-7.0977439443270365,-8.65845448422589
3,Acetaldehyde,125.0,-7.237278389546145,-8.739224387993485
3,Acetaldehyde,125.0,-7.302738199859348,-8.777922428328486
3,Acetaldehyde,125.0,-6.976473842942555,-8.643914232022034
3,Acetaldehyde,125.0,-7.1118201344192205,-8.696815555373858
3,Acetaldehyde,125.0,-7.265352053685897,-8.696396112741862
3,Acetaldehyde,125.0,-7.025825013692689,-8.664138523640421
3,Acetaldehyde,125.0,-7.0729796671864,-8.690016463197125
3,Acetaldehyde,125.0,-7.143100288601928,-8.73862356842015
3,Acetaldehyde,125.0,-7.091700708530801,-8.678915841145264
3,Acetaldehyde,150.0,-8.516631811003094,-8.857373229921759
3,Acetaldehyde,150.0,-8.597858481763044,-8.993506548077455
3,Acetaldehyde,150.0,-11.20049465294939,-10.499558103325896
3,Acetaldehyde,150.0,-10.8737436736208,-10.65866118702547
3,Acetaldehyde,150.0,-9.778569962284598,-9.983178664395567
3,Acetaldehyde,150.0,-9.720606451005521,-9.978680363202686
3,Acetaldehyde,150.0,-9.706645056094395,-9.911140434171342
3,Acetaldehyde,150.0,-9.595107576667198,-9.857571629335883
3,Acetaldehyde,150.0,-9.58092215611919,-9.920117578384543
3,Acetaldehyde,150.0,-9.637867606482947,-9.886861695539539
3,Acetaldehyde,150.0,-9.526255904613839,-9.85418077123201
3,Acetaldehyde,150.0,-9.437296962975894,-9.809896491904516
3,Acetaldehyde,150.0,-9.69876524339075,-9.909988042033538
3,Acetaldehyde,150.0,-9.42484198379934,-9.86477179482855
3,Acetaldehyde,150.0,-9.557330140627107,-9.867148744766226
3,Acetaldehyde,150.0,-9.414256084422384,-9.868643062900448
3,Acetaldehyde,150.0,-9.309758889163112,-9.819103640931841
3,Acetaldehyde,150.0,-9.439106758327457,-9.868843334273327
3,Acetaldehyde,150.0,-9.47865948557288,-9.866327002611424
3,Acetaldehyde,150.0,-9.214851915104004,-9.719949830073743
3,Acetaldehyde,150.0,-9.25566215288792,-9.788189481249367
3,Acetaldehyde,150.0,-9.074074628780592,-9.678902697144594
3,Acetaldehyde,150.0,-9.247746885456813,-9.695608816701384
3,Acetaldehyde,150.0,-9.024815640945299,-9.6882919133895
3,Acetaldehyde,175.0,-11.658987775281762,-10.72769875071339
3,Acetaldehyde,175.0,-10.968185736275245,-10.38057727123201
3,Acetaldehyde,175.0,-9.12412382082357,-8.79121313674479
3,Acetaldehyde,175.0,-8.593642099800954,-8.75576997794051
3,Acetaldehyde,175.0,-7.371239757264465,-7.9957329815577625
3,Acetaldehyde,175.0,-7.219062657321159,-7.973000431689678
3,Acetaldehyde,175.0,-7.145813503171598,-7.815042710563987
3,Acetaldehyde,175.0,-7.084958968456334,-7.774877552204836
3,Acetaldehyde,175.0,-7.012598088666111,-7.729398191639047
3,Acetaldehyde,175.0,-6.965025742827389,-7.691969981773508
3,Acetaldehyde,175.0,-6.841215686567694,-7.65488114902885
3,Acetaldehyde,175.0,-6.697140140862935,-7.581843876627088
3,Acetaldehyde,175.0,-6.672141113859619,-7.517398003213467
3,Acetaldehyde,175.0,-6.770823476323882,-7.559500546872928
3,Acetaldehyde,175.0,-6.803907011434695,-7.642815369411244
3,Acetaldehyde,175.0,-6.833995027716603,-7.669665423327883
3,Acetaldehyde,175.0,-6.852773106665627,-7.654497141362985
3,Acetaldehyde,175.0,-6.895762154495945,-7.723475629525885
3,Acetaldehyde,175.0,-6.9059216069433935,-7.750723946953142
3,Acetaldehyde,175.0,-7.074031616898063,-7.816829297280843
3,Acetaldehyde,175.0,-7.120112159275489,-7.870384638249472
3,Acetaldehyde,175.0,-6.989399540373478,-7.756148671465581
3,Acetaldehyde,175.0,-7.056716790136213,-7.88127281338691
3,Acetaldehyde,175.0,-7.039380552214679,-7.796438891056255
3,Acetaldehyde,200.0,-10.75672938259131,-9.527820257669589
3,Acetaldehyde,175.0,-10.840088621830098,-9.750111126426685
3,Acetaldehyde,200.0,-13.795254319867242,-11.520505279171038
3,Acetaldehyde,200.0,-13.619193983842058,-11.883651383068104
3,Acetaldehyde,200.0,-12.512941833331627,-11.189648248499555
3,Acetaldehyde,200.0,-12.401713382992822,-11.14169753627352
3,Acetaldehyde,200.0,-12.355533999359775,-11.082017487060018
3,Acetaldehyde,200.0,-12.420437246038068,-11.220818043415866
3,Acetaldehyde,200.0,-12.447753119729585,-11.139019273884426
3,Acetaldehyde,200.0,-12.375410548538227,-11.128322825866874
3,Acetaldehyde,200.0,-12.303173255582621,-11.133194173438449
3,Acetaldehyde,200.0,-12.177277987496476,-11.023411769961397
3,Acetaldehyde,200.0,-12.249138716435466,-11.079837971706885
3,Acetaldehyde,200.0,-12.206064833374803,-11.067121653839134
3,Acetaldehyde,200.0,-12.203123039239438,-11.03728224236066
3,Acetaldehyde,200.0,-12.24752733483119,-11.102460561137498
3,Acetaldehyde,200.0,-12.193679985727123,-11.070040471140407
3,Acetaldehyde,200.0,-12.164817501900245,-11.047779843715672
3,Acetaldehyde,200.0,-12.185989972343465,-11.086292501524753
3,Acetaldehyde,200.0,-12.13180706607345,-11.068738887316329
3,Acetaldehyde,200.0,-12.235854296868512,-11.1247472613764
3,Acetaldehyde,200.0,-12.180171557906558,-11.087070724738156
3,Acetaldehyde,200.0,-12.113515035582525,-11.008860849440914
3,Acetaldehyde,200.0,-12.10613588515354,-11.053706161484746
3,Acetaldehyde,225.0,-13.428214317559828,-10.817997652972029
3,Acetaldehyde,225.0,-13.737039499616163,-11.286261399561383
3,Acetaldehyde,225.0,-15.90304208841169,-12.672446268543931
3,Acetaldehyde,225.0,-15.638912412401131,-12.84815129545663
3,Acetaldehyde,225.0,-14.336467527725738,-12.127697561812923
3,Acetaldehyde,225.0,-14.149165253575587,-12.046245760800208
3,Acetaldehyde,225.0,-14.171019240208459,-12.065043388328684
3,Acetaldehyde,225.0,-14.284547201746427,-12.148244019848875
3,Acetaldehyde,225.0,-14.182580717520661,-12.10588462243651
3,Acetaldehyde,225.0,-14.121240251153342,-12.095293268073943
3,Acetaldehyde,225.0,-14.159507183394425,-12.050666068909845
3,Acetaldehyde,125.0,-14.143591808373795,-12.143061104082992
3,Acetaldehyde,225.0,-14.145829175495829,-12.061853871865809
3,Acetaldehyde,225.0,-14.15883310032518,-12.098495698882477
3,Acetaldehyde,225.0,-14.024410182733876,-12.030502085266047
3,Acetaldehyde,225.0,-14.138733282838485,-12.120552885604772
3,Acetaldehyde,225.0,-14.143144259208054,-12.084645442381731
3,Acetaldehyde,225.0,-14.081382385154862,-12.023249930209445
3,Acetaldehyde,225.0,-14.043840292629433,-12.03262037826563
3,Acetaldehyde,225.0,-13.936096401139393,-11.973245409210874
3,Acetaldehyde,225.0,-13.798542682778482,-11.86864302079389
3,Acetaldehyde,225.0,-13.761806852956628,-11.935322711698394
3,Acetaldehyde,225.0,-13.84130499436189,-12.016739898396319
3,Acetaldehyde,225.0,-13.72490571846245,-11.858484870105544
3,Acetaldehyde,250.0,-14.811250677180235,-12.251089983927823
3,Acetaldehyde,250.0,-15.55555545877023,-12.152531556339058
3,Acetaldehyde,250.0,-17.76107503039222,-13.572221938113053
3,Acetaldehyde,250.0,-17.418950427267134,-13.918054638297887
3,Acetaldehyde,250.0,-16.342476052364074,-13.123657124234395
3,Acetaldehyde,250.0,-16.450239200816522,-13.219583718805865
3,Acetaldehyde,250.0,-16.334460269133906,-13.236625429587868
3,Acetaldehyde,250.0,-16.39621522149259,-13.21336434337251
3,Acetaldehyde,250.0,-16.446649668486234,-13.280235037873966
3,Acetaldehyde,250.0,-16.396232203951143,-13.240596923204258
3,Acetaldehyde,250.0,-16.439156980958657,-13.230943355944984
3,Acetaldehyde,250.0,-16.39584355971351,-13.344095630001155
3,Acetaldehyde,250.0,-16.31522359836262,-13.285961320933348
3,Acetaldehyde,250.0,-16.326322272023443,-13.28704911846849
3,Acetaldehyde,250.0,-16.444077802814316,-13.372808820522696
3,Acetaldehyde,250.0,-16.47529744032762,-13.302112273095833
3,Acetaldehyde,250.0,-16.387305822421943,-13.314274767363663
3,Acetaldehyde,250.0,-16.35841342399767,-13.35159738935004
3,Acetaldehyde,250.0,-16.300809071671285,-13.2972827187068
3,Acetaldehyde,250.0,-16.340597684273117,-13.371325229452868
3,Acetaldehyde,250.0,-16.279856794451845,-13.328291757807278
3,Acetaldehyde,250.0,-16.275809668942276,-13.309704069042262
3,Acetaldehyde,250.0,-16.206279806271382,-13.27616505929846
3,Acetaldehyde,250.0,-16.161150312578236,-13.276843349925946
3,Ethylene,250.0,-7.279197761375858,1.571282440775829
3,Ethylene,250.0,-4.636284033593528,1.5676030791167208
3,Ethylene,250.0,-6.051106699655685,0.9973642158551291
3,Ethylene,250.0,-5.334003596967041,0.9494079084845648
3,Ethylene,250.0,-5.02419992611181,0.9941104248264732
3,Ethylene,250.0,-5.094393654394566,0.9560994347639697
3,Ethylene,250.0,-5.172668799391398,0.8981999222392103
3,Ethylene,250.0,-5.305210012392763,0.8163064161408923
3,Ethylene,250.0,-5.318159853041616,0.8305500544745721
3,Ethylene,250.0,-5.404735232988076,0.785547141307949
3,Ethylene,250.0,-5.39655210395229,0.8046472593443249
3,Ethylene,250.0,-5.433518978318208,0.7901918782133596
3,Ethylene,250.0,-5.4405952068721115,0.7677557239287279
3,Ethylene,250.0,-5.475165673582419,0.72902648250953
3,Ethylene,250.0,-5.45427696095551,0.7923590509776521
3,Ethylene,250.0,-5.447493799379717,0.8059333795291512
3,Ethylene,250.0,-5.440599150550821,0.8193259628754106
3,Ethylene,250.0,-5.471606978512205,0.7700856452413419
3,Ethylene,250.0,-5.4561250629484155,0.8151918479295377
3,Ethylene,250.0,-5.5107293605799095,0.7571324925813542
3,Ethylene,250.0,-5.5214333087566745,0.7642499262745458
3,Ethylene,250.0,-5.567592270820129,0.733740592141506
3,Ethylene,250.0,-5.55404431954755,0.7847130262970681
3,Ethylene,250.0,-5.46346213742121,0.783508791112662
3,Ethylene,225.0,-6.16571319607544,0.5630920081623239
3,Ethylene,225.0,-4.657626726702573,0.7782848407100225
3,Ethylene,225.0,-4.897748075269192,1.0530911203420297
3,Ethylene,225.0,-4.111920451193791,1.0990627772515744
3,Ethylene,225.0,-3.647665929381196,1.1111473735453128
3,Ethylene,225.0,-3.726623240357258,1.1982357943722166
3,Ethylene,225.0,-3.7326803493331577,1.1593160718156394
3,Ethylene,225.0,-3.7025125466735793,1.1788868063714073
3,Ethylene,225.0,-3.6850581614994478,1.2264652595995102
3,Ethylene,225.0,-3.645804841766482,1.2230409293371245
3,Ethylene,225.0,-3.7436038073808033,1.1856022118577487
3,Ethylene,225.0,-3.68255114512816,1.1907754561632655
3,Ethylene,225.0,-3.7920167979788477,1.1502120771097466
3,Ethylene,225.0,-3.7540589648532223,1.154449366411112
3,Ethylene,225.0,-3.7585692730254583,1.1215638241236232
3,Ethylene,225.0,-3.781440320408102,1.15681731702455
3,Ethylene,225.0,-3.7623368107139266,1.1710218300992237
3,Ethylene,225.0,-3.757622944476441,1.1830643176842703
3,Ethylene,225.0,-3.7641964624803808,1.1562169163848355
3,Ethylene,225.0,-3.6859032770440994,1.1727378732732026
3,Ethylene,225.0,-3.7671094301013754,1.1415940626743146
3,Ethylene,225.0,-3.7462323077272535,1.1450437599118382
3,Ethylene,225.0,-3.7377154913617803,1.191849919385711
3,Ethylene,225.0,-3.7801768565978557,1.1570958564493792
3,Ethylene,200.0,-0.07340020364498187,2.0369754112826732
3,Ethylene,200.0,-2.0248857531638946,1.5718171126470761
3,Ethylene,200.0,-4.744239471471429,0.5422804977063069
3,Ethylene,200.0,-4.216343309285271,0.43867876852432874
3,Ethylene,200.0,-3.8502281032919417,0.4770173892067978
3,Ethylene,200.0,-3.9291702514243796,0.46962219674712347
3,Ethylene,200.0,-3.931095751871321,0.4873410430284578
3,Ethylene,200.0,-3.9198296682251392,0.45060836336259663
3,Ethylene,200.0,-4.011484573476545,0.46629578891370993
3,Ethylene,200.0,-3.9143134405732063,0.47456137626788775
3,Ethylene,200.0,-3.96740137388676,0.47772713056740873
3,Ethylene,200.0,-3.955314222381146,0.46728527184950325
3,Ethylene,200.0,-3.912395432441748,0.4783724663153653
3,Ethylene,200.0,-3.8898018982516023,0.49231167928948605
3,Ethylene,200.0,-3.9402802918048905,0.45003924476380475
3,Ethylene,200.0,-3.95940471999238,0.470576647741012
3,Ethylene,200.0,-4.016990632950382,0.4261371005089324
3,Ethylene,200.0,-3.9854175712200175,0.4324775075025778
3,Ethylene,200.0,-4.033790022864498,0.4795054391944351
3,Ethylene,200.0,-4.0117890110715635,0.44580518049611195
3,Ethylene,200.0,-4.033556867236769,0.4164566841308016
3,Ethylene,200.0,-4.0910912603069844,0.41025145425427545
3,Ethylene,200.0,-4.094449419651532,0.4126171109405448
3,Ethylene,200.0,-4.2036937815763435,0.39131206022230136
3,Ethylene,175.0,0.5625996326195069,2.0102371461924884
3,Ethylene,175.0,-0.5606116925401556,1.7451931820059199
3,Ethylene,175.0,-3.0467680110434023,0.8249892168135318
3,Ethylene,175.0,-2.287759504472065,0.8364749305481941
3,Ethylene,175.0,-2.0113966174594147,0.8973626081279162
3,Ethylene,175.0,-2.0021566329179206,0.9163906634523648
3,Ethylene,175.0,-1.8974853054259009,0.9511223068030857
3,Ethylene,175.0,-2.0537517907962535,0.9074241215111014
3,Ethylene,175.0,-2.0021872487617114,0.9025025246915506
3,Ethylene,175.0,-1.9639551384594158,0.9093820351931183
3,Ethylene,175.0,-1.967729640263619,0.9421608383445568
3,Ethylene,175.0,-1.978868265820498,0.9159229618608039
3,Ethylene,175.0,-1.967021365560517,0.9536985723134914
3,Ethylene,175.0,-1.9477998285590636,0.9239019468533785
3,Ethylene,175.0,-1.9715108338405687,0.9430425493545997
3,Ethylene,175.0,-1.9115783122299963,0.9888496115066933
3,Ethylene,175.0,-1.9680165264336946,0.9560056363187496
3,Ethylene,175.0,-1.9585028317872497,0.9400918772903992
3,Ethylene,175.0,-1.975010859036953,0.9566071406991872
3,Ethylene,175.0,-1.9661994306444754,1.0118883929229312
3,Ethylene,175.0,-1.9197805418996896,1.0022699142964189
3,Ethylene,175.0,-1.971905244830975,0.9804657803500497
3,Ethylene,175.0,-1.9952323624866581,0.9999679519460665
3,Ethylene,175.0,-1.9874738340357776,1.0126234845235
3,Ethylene,150.0,0.7277460821424939,1.7580944736426405
3,Ethylene,150.0,0.09539300560101222,1.525999030606978
3,Ethylene,150.0,-1.2311626825544673,1.228358199305226
3,Ethylene,150.0,-0.4928455214783998,1.241393164148373
3,Ethylene,150.0,-0.24488486295579726,1.248299563449943
3,Ethylene,150.0,-0.2560128275037495,1.2557221404659134
3,Ethylene,150.0,-0.3364482303797495,1.268934615404636
3,Ethylene,150.0,-0.339783538340457,1.2195277936313809
3,Ethylene,150.0,-0.3354199721780488,1.2449838661300032
3,Ethylene,150.0,-0.3890542928437618,1.2452001518335563
3,Ethylene,150.0,-0.3414658984003004,1.2373103332001725
3,Ethylene,150.0,-0.39590285853531276,1.2301611989914132
3,Ethylene,150.0,-0.34716203519956496,1.2765694564591883
3,Ethylene,150.0,-0.3183928314539179,1.2766299083136639
3,Ethylene,150.0,-0.3425572060984628,1.263671162405111
3,Ethylene,150.0,-0.33698386680973524,1.2470318923401789
3,Ethylene,150.0,-0.3712939788091223,1.2179688847850463
3,Ethylene,150.0,-0.3538771048449994,1.233656587130023
3,Ethylene,150.0,-0.36347246645355763,1.2112698365235512
3,Ethylene,150.0,-0.35069903522560214,1.2433102893448655
3,Ethylene,150.0,-0.33861203151191377,1.253676064751568
3,Ethylene,150.0,-0.3636418073950973,1.238863387780364
3,Ethylene,150.0,-0.3901772961317722,1.2224271562068645
3,Ethylene,150.0,-0.40251942101603844,1.207106992822948
3,Ethylene,125.0,1.016210695877296,1.4774462514753175
3,Ethylene,125.0,0.8469250275519834,1.303371022079264
3,Ethylene,125.0,-1.43982553850266,0.33615899818180245
3,Ethylene,125.0,-0.7277457148234509,0.397291858838815
3,Ethylene,125.0,-0.5164383615345026,0.3934129636951309
3,Ethylene,125.0,-0.48687875473661996,0.4211804031547992
3,Ethylene,125.0,-0.5284805736447828,0.4216580015920013
3,Ethylene,125.0,-0.5179326812727714,0.4925373517095125
3,Ethylene,125.0,-0.4565283266536424,0.4797418780163246
3,Ethylene,125.0,-0.5269598798053142,0.475586105450087
3,Ethylene,125.0,-0.5543123046564516,0.471700534511471
3,Ethylene,125.0,-0.6461872720629774,0.43868601332886376
3,Ethylene,125.0,-0.6268989356031487,0.4481290909961504
3,Ethylene,125.0,-0.6463317734709167,0.45624479183696154
3,Ethylene,125.0,-0.614011721982023,0.43649948829841234
3,Ethylene,125.0,-0.6200652113831786,0.46574025927638124
3,Ethylene,125.0,-0.609904117661532,0.5007241281295364
3,Ethylene,125.0,-0.6105835454700873,0.4869976599487714
3,Ethylene,125.0,-0.594699334671448,0.5010670063815054
3,Ethylene,125.0,-0.6290944827436391,0.5139363954823275
3,Ethylene,125.0,-0.5518500332986138,0.5109805893547579
3,Ethylene,125.0,-0.518469533377241,0.526676279526656
3,Ethylene,125.0,-0.4483217088742502,0.5556066503551055
3,Ethylene,125.0,-0.4620200157106559,0.5242360242771993
3,Ethylene,100.0,1.8518508863266674,1.111415283316837
3,Ethylene,100.0,1.7883527407141233,0.9489826692444733
3,Ethylene,100.0,-0.13401732264151833,0.24903719880491448
3,Ethylene,100.0,0.5702753018491171,0.34862752752101656
3,Ethylene,100.0,0.8559467870983009,0.37342324417076206
3,Ethylene,100.0,0.8003678999552413,0.39262575265853633
3,Ethylene,100.0,0.8218278854289488,0.40312432922034497
3,Ethylene,100.0,0.8622717135290289,0.4115243955806094
3,Ethylene,100.0,0.9780446507861011,0.4705332175401902
3,Ethylene,100.0,1.0394216079298213,0.5409767303361395
3,Ethylene,100.0,1.0823973256152088,0.5700209598952537
3,Ethylene,100.0,1.1412281959021748,0.6079126288789806
3,Ethylene,100.0,1.2266047431995035,0.6350563201166224
3,Ethylene,100.0,1.2629995040137993,0.6739198082861071
3,Ethylene,100.0,1.307020744132721,0.6853240984525368
3,Ethylene,100.0,1.2590510682700446,0.6755967626290422
3,Ethylene,100.0,1.291622025890063,0.6960302261699197
3,Ethylene,100.0,1.2721813442684091,0.6988131555945354
3,Ethylene,100.0,1.2920848688319535,0.7057446130339547
3,Ethylene,100.0,1.2546747248872485,0.7045854362220292
3,Ethylene,100.0,1.21365981585474,0.7111012102075026
3,Ethylene,100.0,1.2446523941285401,0.7164752260001281
3,Ethylene,100.0,1.2902649850903773,0.7434658915691937
3,Ethylene,100.0,1.2969471472916494,0.7631623932488545
3,Ethylene,75.0,4.127940104448468,1.277557762713242
3,Ethylene,75.0,3.6855498942804132,1.0948483161061513
3,Ethylene,75.0,1.5982867675987078,0.4291500731364379
3,Ethylene,75.0,2.2646982416400188,0.5365414577297613
3,Ethylene,75.0,2.5330654409835174,0.5308945108296408
3,Ethylene,75.0,2.5986411535869953,0.5747625042878356
3,Ethylene,75.0,2.560350298319846,0.569461136739951
3,Ethylene,75.0,2.626650944154731,0.590865767796071
3,Ethylene,75.0,2.6522046745967325,0.6467743044317553
3,Ethylene,75.0,2.6729467792770736,0.6646637880661782
3,Ethylene,75.0,2.704703271071785,0.6516994212014579
3,Ethylene,75.0,2.6384099679074704,0.63131007867838
3,Ethylene,75.0,2.6826249203098436,0.6396840926211249
3,Ethylene,75.0,2.641632737582561,0.6454506374431048
3,Ethylene,75.0,2.7042676932367966,0.6728290385065441
3,Ethylene,75.0,2.6697449722692936,0.6472337722676084
3,Ethylene,75.0,2.718918662156137,0.674250368776655
3,Ethylene,75.0,2.742026508755733,0.6334401854610819
3,Ethylene,75.0,2.740144303593823,0.6680480072170262
3,Ethylene,75.0,2.7412991790430925,0.6723682847892487
3,Ethylene,75.0,2.774146469123289,0.6677250094857491
3,Ethylene,75.0,2.709749501636034,0.6392285060243604
3,Ethylene,75.0,2.8051785671937117,0.6551397065960076
3,Ethylene,75.0,2.7588545547764864,0.6360764819432883
3,Acetone,10.0,9.130700683761127,1.5436767707844476
3,Acetone,10.0,8.673675723350552,1.5788271197202697
3,Acetone,10.0,9.057272856965746,1.5682799917030719
3,Acetone,10.0,8.974022693696417,1.555862488332407
3,Acetone,10.0,8.918233798845868,1.5372578646009856
3,Acetaldehyde,100.0,-4.57932149517642,-7.207389873367007
3,Acetaldehyde,100.0,-5.645877018996081,-7.992750791098047
3,Acetaldehyde,100.0,-5.892617455890764,-8.236917880656394
3,Acetaldehyde,100.0,-5.768244052117556,-8.320531741451646
3,Acetaldehyde,100.0,-5.746274779329189,-8.17872110684935
3,Acetaldehyde,100.0,-10.228765325057717,-6.235457082429825
3,Acetaldehyde,100.0,-10.281723309458538,-6.308363976422041
3,Acetaldehyde,100.0,-10.442826028812062,-6.199620501371777
3,Acetaldehyde,100.0,-10.38233455499316,-6.393694895139688
3,Acetaldehyde,100.0,-10.958931630814051,-6.421247750285691
3,Ethanol,300.0,-6.754503910495705,-1.3565699725231972
3,Ethanol,300.0,-1.4732135467333323,-0.6852721395765426
3,Ethanol,300.0,1.0162432943643962,-1.4262562187838745
3,Ethanol,300.0,-0.24256088359134734,-1.9429317338050796
3,Ethanol,300.0,-0.6615664150664085,-1.854421793796137
3,Ethanol,300.0,1.4316674231681803,-1.027932681875972
3,Ethanol,300.0,1.5324718631469083,-1.028872919815235
3,Ethanol,300.0,1.5719611133688682,-1.0336254724080305
3,Ethanol,300.0,1.4725523745961808,-1.0582075989635877
3,Ethanol,300.0,1.4330690952060792,-1.088572644744208
3,Ethanol,300.0,1.5157181676324425,-1.068623106883518
3,Ethanol,300.0,1.5653023141478435,-1.0473206879046142
3,Ethanol,300.0,1.698963084510926,-1.0285031207956388
3,Ethanol,300.0,1.8117885511560692,-1.0594686539130893
3,Ethanol,300.0,1.8984636082591926,-1.0647808759481048
3,Ethanol,300.0,2.0475307136510756,-1.071036080990059
3,Ethanol,300.0,2.2786271186845997,-1.0566679214087207
3,Ethanol,300.0,2.2924348758845725,-1.0759871959794187
3,Ethanol,300.0,2.3445640114566135,-1.0667157585229285
3,Ethanol,300.0,2.2374389637000567,-1.057657931894947
3,Ethanol,300.0,2.1413839861916166,-1.076035194636718
3,Ethanol,300.0,2.0753298808216596,-1.0823460173180532
3,Ethanol,300.0,2.0915607162361574,-1.0913672890389534
3,Ethanol,300.0,2.231418602244162,-1.08208277254571
3,Ethanol,275.0,1.8794190218251288,-1.4672084109448427
3,Ethanol,275.0,2.07073602399826,-1.5333249098764423
3,Ethanol,275.0,2.964024274854195,-1.2567328635907493
3,Ethanol,275.0,1.7464784615554863,-1.628990730941942
3,Ethanol,275.0,1.7618539455392557,-1.5799162360319845
3,Ethanol,275.0,3.6026222762604116,-0.7929874329524184
3,Ethanol,275.0,3.6417187972166487,-0.8188040147831387
3,Ethanol,275.0,3.692838208868911,-0.7925259375643332
3,Ethanol,275.0,3.666543956948969,-0.8308721942598066
3,Ethanol,275.0,3.6282712932716135,-0.8332741296615246
3,Ethanol,275.0,3.6570272819699214,-0.8311639121701014
3,Ethanol,275.0,3.667297240602468,-0.8166393860534613
3,Ethanol,275.0,3.601894176519651,-0.8425893015532946
3,Ethanol,275.0,3.659779885143168,-0.8221821673560625
3,Ethanol,275.0,3.7430727310665928,-0.8250841295288336
3,Ethanol,275.0,3.8148655114628442,-0.8072540859224231
3,Ethanol,275.0,3.853957345544647,-0.823185314011835
3,Ethanol,275.0,3.929901610452136,-0.8328446256516918
3,Ethanol,275.0,4.0074439840802585,-0.819788548112375
3,Ethanol,275.0,4.02127678147036,-0.8340108538491456
3,Ethanol,275.0,4.012553642886377,-0.8323339513820599
3,Ethanol,275.0,4.026518274767128,-0.8166064666723549
3,Ethanol,250.0,4.023653690352967,-0.8195761719786934
3,Ethanol,275.0,3.957585724747822,-0.844134651136993
3,Ethanol,250.0,5.165356497440596,-0.5177877601247844
3,Ethanol,250.0,3.348257689632269,-1.3246638482103816
3,Ethanol,250.0,3.4291152272278955,-1.2065272598911192
3,Ethanol,250.0,2.2902453142924295,-1.6018614946630312
3,Ethanol,250.0,3.9784570108087083,-0.75554211437552
3,Ethanol,250.0,3.956334457523641,-0.8009622821729884
3,Ethanol,250.0,3.9653891438059654,-0.8093729212082922
3,Ethanol,250.0,4.024076076307158,-0.7714411357315529
3,Ethanol,250.0,4.023729123440467,-0.7644128223962665
3,Ethanol,250.0,4.025925689990515,-0.7957085363919728
3,Ethanol,250.0,4.096435723746327,-0.7432055685859401
3,Ethanol,250.0,4.143614090139145,-0.7424502798768352
3,Ethanol,250.0,4.021181657601016,-0.7380716261583127
3,Ethanol,250.0,4.008937203464309,-0.7569804395313062
3,Ethanol,250.0,3.9971943323422545,-0.7319722748292
3,Ethanol,250.0,4.060580404886351,-0.7521051780760016
3,Ethanol,250.0,4.147248126757782,-0.7263039017498811
3,Ethanol,250.0,4.176918449489379,-0.7344788957545574
3,Ethanol,250.0,4.1031086420777125,-0.724443014250043
3,Ethanol,250.0,4.123618672950837,-0.73678227271863
3,Ethanol,250.0,4.12866431690621,-0.7146759558225447
3,Ethanol,250.0,4.165423383766963,-0.7030082042946946
3,Ethanol,250.0,4.188463206771356,-0.7217264132389053
3,Ethanol,250.0,4.141862174873973,-0.7643803567558205
3,Ethanol,225.0,3.6409422459150043,-1.174805247787376
3,Ethanol,225.0,3.982682346331623,-1.0928902736442427
3,Ethanol,225.0,4.394945325438686,-0.9194865447043482
3,Ethanol,225.0,3.5434148431189056,-1.30915048771541
3,Ethanol,225.0,5.117777605870296,-0.5749011654141687
3,Ethanol,225.0,5.068466616580882,-0.5613730713611966
3,Ethanol,225.0,5.114510672886556,-0.550519120889706
3,Ethanol,225.0,5.022486825582232,-0.5393354060706669
3,Ethanol,225.0,4.987986623210718,-0.5722779942408271
3,Ethanol,225.0,4.9893975335487735,-0.5522676069118974
3,Ethanol,225.0,5.036004669615928,-0.5601613232094691
3,Ethanol,225.0,5.013539059970436,-0.5680254556257134
3,Ethanol,225.0,5.068947463856668,-0.5739010633268287
3,Ethanol,225.0,5.018851174974879,-0.5583735798700276
3,Ethanol,225.0,4.961057060178321,-0.5659320411156998
3,Ethanol,225.0,5.014228937392152,-0.5252658085973017
3,Ethanol,225.0,5.025568649045016,-0.5729504797864249
3,Ethanol,225.0,5.060749526512231,-0.5562026257092025
3,Ethanol,225.0,5.019688049488518,-0.5705360109463689
3,Ethanol,225.0,4.999517757058204,-0.5801688291672636
3,Ethanol,225.0,5.018923990512068,-0.5582839307266615
3,Ethanol,225.0,5.032713869142251,-0.5566877084970878
3,Ethanol,225.0,5.017961497306136,-0.55349194837248
3,Ethanol,225.0,5.025898711396019,-0.5490756899969452
3,Ethanol,200.0,6.937799789565789,0.06977832939905554
3,Ethanol,200.0,4.814898964941732,-0.8324633732871755
3,Ethanol,200.0,5.168471653122135,-0.6539343537076026
3,Ethanol,200.0,4.3439340667545405,-1.047249756370917
3,Ethanol,200.0,5.817258916860417,-0.3512056652621835
3,Ethanol,200.0,6.024432029862787,-0.3138573805139006
3,Ethanol,200.0,5.965446314882685,-0.3163269356767514
3,Ethanol,200.0,5.9707729594949726,-0.32029061533020936
3,Ethanol,200.0,5.902248752860842,-0.32240624071811075
3,Ethanol,200.0,5.998077414370026,-0.3112799242044364
3,Ethanol,200.0,5.872958525395573,-0.3373828182518285
3,Ethanol,200.0,5.880232006426352,-0.3423870034965162
3,Ethanol,200.0,5.810729856655496,-0.3226598308083403
3,Ethanol,200.0,5.8248128526487655,-0.32311800744096736
3,Ethanol,200.0,5.841668224026809,-0.338598618839738
3,Ethanol,200.0,5.881568826073176,-0.3235386075570946
3,Ethanol,200.0,5.822601378996451,-0.319695639407047
3,Ethanol,200.0,5.846308766138427,-0.33431589994253436
3,Ethanol,200.0,5.752542152924836,-0.3432571465702077
3,Ethanol,200.0,5.780750623052314,-0.33609655217841533
3,Ethanol,200.0,5.891090023847485,-0.30735839419158384
3,Ethanol,200.0,5.863270988322093,-0.32291768100324403
3,Ethanol,200.0,5.86639339401698,-0.33210717040161974
3,Ethanol,200.0,5.841986210621634,-0.32633278393175674
3,Ethanol,175.0,5.167892673403649,-0.6527223090602724
3,Ethanol,175.0,5.595176320909717,-0.6012645747426844
3,Ethanol,175.0,5.858796415917262,-0.42820820704486684
3,Ethanol,175.0,5.127249132286145,-0.8280464752800805
3,Ethanol,175.0,6.529318904548713,-0.14615718407831818
3,Ethanol,175.0,6.618338252695041,-0.1314604261919702
3,Ethanol,175.0,6.649533975397018,-0.0995013471366284
3,Ethanol,175.0,6.610760659427233,-0.15044799140277942
3,Ethanol,175.0,6.580138978060633,-0.1492036359500264
3,Ethanol,175.0,6.660503542155411,-0.1420749400860834
3,Ethanol,175.0,6.650804858428193,-0.13535161618944713
3,Ethanol,175.0,6.61337140845919,-0.13265722225810245
3,Ethanol,175.0,6.647074190830223,-0.14391111946235913
3,Ethanol,175.0,6.6538450777385165,-0.11876558847715334
3,Ethanol,175.0,6.624036282785283,-0.1327008249174071
3,Ethanol,175.0,6.609323224234852,-0.13219821613614768
3,Ethanol,175.0,6.593098272333084,-0.14423859255286448
3,Ethanol,175.0,6.592952593700315,-0.13242348048467767
3,Ethanol,175.0,6.642785094617172,-0.11892131249010038
3,Ethanol,175.0,6.6536425598881,-0.12144954058515695
3,Ethanol,175.0,6.593877487708612,-0.14931319393842812
3,Ethanol,175.0,6.639784997702558,-0.1462980545718607
3,Ethanol,175.0,6.642204256665306,-0.1280647544480746
3,Ethanol,175.0,6.603476905804795,-0.15481608916694845
3,Ethanol,150.0,5.4706110193349575,-0.5064371373316131
3,Ethanol,150.0,6.196986646786855,-0.3589454597312155
3,Ethanol,150.0,6.524604192275576,-0.21675301493562102
3,Ethanol,150.0,5.830965802258745,-0.608953724237618
3,Ethanol,150.0,7.142411017797545,0.025574944202089812
3,Ethanol,150.0,7.204635113509466,0.04240880978902545
3,Ethanol,150.0,7.279840737046346,0.047706794019002026
3,Ethanol,150.0,7.208139393018321,0.05537077403124401
3,Ethanol,150.0,7.271876541005643,0.045432462687667916
3,Ethanol,150.0,7.282880250317592,0.06723381992701971
3,Ethanol,150.0,7.3312675640335145,0.09160093500510012
3,Ethanol,150.0,7.298193977245125,0.06701809741493991
3,Ethanol,150.0,7.317105064011295,0.059169425156359076
3,Ethanol,150.0,7.318226647823784,0.054825795363179476
3,Ethanol,150.0,7.277095293649517,0.06955671789945952
3,Ethanol,150.0,7.361711790873475,0.05338140147822522
3,Ethanol,150.0,7.263258048415969,0.039969618715643945
3,Ethanol,150.0,7.262464824823742,0.04573649542256811
3,Ethanol,150.0,7.3103452671474,0.05250887161760672
3,Ethanol,150.0,7.340897123350744,0.07738608842391186
3,Ethanol,150.0,7.39369420700945,0.059735511664721255
3,Ethanol,150.0,7.335044402993233,0.05767509570494185
3,Ethanol,150.0,7.31494613720285,0.05878572242973103
3,Ethanol,150.0,7.2744045375476984,0.04118940106648291
3,Ethanol,125.0,6.11030961921828,-0.2901603793872165
3,Ethanol,125.0,6.803290551465352,-0.13143396469158003
3,Ethanol,125.0,7.4452375015438506,0.07793720511502966
3,Ethanol,125.0,7.035324462108282,-0.24624666031957151
3,Ethanol,125.0,8.166758088925961,0.31302301140013433
3,Ethanol,125.0,8.154510681509247,0.3036483674504261
3,Ethanol,125.0,8.181611645468067,0.31859370445220886
3,Ethanol,125.0,8.097597608219287,0.3085677355698145
3,Ethanol,125.0,8.1394925353851,0.30734164697808164
3,Ethanol,125.0,8.087689815652741,0.30408418091922435
3,Ethanol,125.0,8.169613422969048,0.3075654390699987
3,Ethanol,125.0,8.113886747930598,0.2948263462606099
3,Ethanol,125.0,8.164432173046052,0.2878277014776875
3,Ethanol,125.0,8.141180415090663,0.2976505595107141
3,Ethanol,125.0,8.150354201793789,0.3106448189085808
3,Ethanol,125.0,8.170163528556536,0.32100478573805724
3,Ethanol,125.0,8.141243600893159,0.3041800498156442
3,Ethanol,125.0,8.179029530227718,0.30915335634516355
3,Ethanol,125.0,8.092725030718412,0.29786424999065203
3,Ethanol,125.0,8.145093648248327,0.30622150909502216
3,Ethanol,125.0,8.14096250445001,0.3011449184864934
3,Ethanol,125.0,8.178604221810984,0.31033068901563376
3,Ethanol,125.0,8.13212159924324,0.2935530862303218
3,Ethanol,125.0,8.187631983303458,0.2942832034356626
3,Ethanol,100.0,6.950809401472024,-0.047183554908408185
3,Ethanol,100.0,7.676890490389385,0.11984320570654236
3,Ethanol,100.0,8.19020905519631,0.3338293923023217
3,Ethanol,100.0,8.10814473098113,0.057816858263560755
3,Ethanol,100.0,9.050449646571867,0.5363214792897298
3,Ethanol,100.0,9.053297590145952,0.5363368558938045
3,Ethanol,100.0,9.048710601031384,0.5431436616143335
3,Ethanol,100.0,8.998646756427979,0.5334291934099533
3,Ethanol,100.0,9.040036276450023,0.5269524007541975
3,Ethanol,100.0,9.094909663502255,0.5492866287805923
3,Ethanol,100.0,9.061629577777637,0.5313894314384642
3,Ethanol,100.0,9.005405044131939,0.5385459220741354
3,Ethanol,100.0,9.101007281379642,0.5454573422678896
3,Ethanol,100.0,9.060219542183292,0.5310734248434079
3,Ethanol,100.0,9.041526462265933,0.5300851548964649
3,Ethanol,100.0,9.087301320231525,0.5383944232937522
3,Ethanol,100.0,9.09820190735476,0.5381964638463808
3,Ethanol,100.0,9.073847889726762,0.5410130385828837
3,Ethanol,100.0,9.066619680392519,0.5490178273722853
3,Ethanol,100.0,9.034408269393507,0.5274335219421337
3,Ethanol,100.0,9.046278772542724,0.5313785010006784
3,Ethanol,100.0,9.081730306956212,0.5316679437411657
3,Ethanol,100.0,9.035800115278139,0.5279513391023695
3,Ethanol,100.0,9.066048168341466,0.5429280451541273
3,Ethylene,50.0,4.569366870903223,0.6903397178538705
3,Ethylene,50.0,4.415025936672093,0.5650374376408173
3,Ethylene,50.0,3.2756106020829105,0.20019724099033487
3,Ethylene,50.0,3.9299112849125057,0.3436853104960466
3,Ethylene,50.0,4.0170822731020195,0.2845445919319227
3,Ethylene,50.0,4.060869798598427,0.3112913405798132
3,Ethylene,50.0,4.028008197846876,0.2883234307526154
3,Ethylene,50.0,4.081808255129604,0.30830842711069756
3,Ethylene,50.0,4.093813266129502,0.3167505465402244
3,Ethylene,50.0,4.030110578215486,0.2880971798666445
3,Ethylene,50.0,4.028853609470967,0.29564562277013223
3,Ethylene,50.0,4.045930581126294,0.31717204756323214
3,Ethylene,50.0,4.02673913669407,0.29101175010692665
3,Ethylene,50.0,4.017485936836786,0.3176361975011352
3,Ethylene,50.0,4.036047556790899,0.29110608168174323
3,Ethylene,50.0,4.007354276812484,0.2888333031194437
3,Ethylene,50.0,4.040797187235493,0.31003399775029894
3,Ethylene,50.0,4.042080265907986,0.32377708234579194
3,Ethylene,50.0,4.02537017856625,0.29901093614569285
3,Ethylene,50.0,4.043735629883717,0.296808577012529
3,Ethylene,50.0,4.017264944337007,0.2874316408269777
3,Ethylene,50.0,3.986587290202254,0.29399353505426995
3,Ethylene,50.0,4.082537552097062,0.3379835183513364
3,Ethylene,50.0,4.045160061930978,0.31151962879777534
3,Ethylene,25.0,6.320032885290173,0.4948999684792278
3,Ethylene,25.0,6.61458978255983,0.47430895296580067
3,Ethylene,25.0,5.966541747269024,0.2984987375981837
3,Ethylene,25.0,6.539467223504743,0.39490570731281216
3,Ethylene,25.0,6.565365670813582,0.36209629998027165
3,Ethylene,25.0,6.5370866548290305,0.3354699459029574
3,Ethylene,25.0,6.51206653496278,0.32407244114188405
3,Ethylene,25.0,6.529681974881024,0.32476174189799456
3,Ethylene,25.0,6.498198837490475,0.2979825415594146
3,Ethylene,25.0,6.518292993374432,0.295511418561842
3,Ethylene,25.0,6.578614469801543,0.3446768996522673
3,Ethylene,25.0,6.57083017543111,0.3239378513494047
3,Ethylene,25.0,6.590914872625654,0.34205108050966954
3,Ethylene,25.0,6.62666274825911,0.35670371231083103
3,Ethylene,25.0,6.580141676911441,0.3334917768683917
3,Ethylene,25.0,6.566460287842267,0.33231338832770696
3,Ethylene,25.0,6.546957067072416,0.31524215938871714
3,Ethylene,25.0,6.5409211101057085,0.31777715785000477
3,Ethylene,25.0,6.55646508386389,0.3413816132135195
3,Ethylene,25.0,6.6013254426282435,0.34597154891045395
3,Ethylene,25.0,6.548749572721472,0.32503402794506964
3,Ethylene,25.0,6.5692239990507,0.3404074559965156
3,Ethylene,25.0,6.616403314502108,0.36105865238967494
3,Ethylene,25.0,6.594030510629441,0.3627643737006527
3,Ammonia,250.0,-11.37931826738582,6.430261279725087
3,Ammonia,250.0,-10.84802138056724,6.470734066586144
3,Ammonia,250.0,-11.89899669035539,6.8676142744986235
3,Ammonia,250.0,-12.041579551308212,7.2205432783705685
3,Ammonia,250.0,-10.690866964336179,6.807287307117961
3,Ammonia,250.0,-10.791852412311252,6.835814748589842
3,Ammonia,250.0,-10.86787534101625,6.863359770063112
3,Ammonia,250.0,-10.788616535741978,6.810929826024639
3,Ammonia,250.0,-10.964753895525352,6.833666324344856
3,Ammonia,250.0,-11.011421249929418,7.013811360237602
3,Ammonia,250.0,-11.056722699624281,6.821478245410277
3,Ammonia,250.0,-10.835199314470287,6.9113377089158785
3,Ammonia,250.0,-10.906034934416295,6.7316863071773945
3,Ammonia,250.0,-10.890159386630126,6.86584272556802
3,Ammonia,250.0,-10.77153514147764,6.865643581785346
3,Ammonia,250.0,-10.710570706412797,6.861686439677893
3,Ammonia,250.0,-10.75385282254783,6.780232655040254
3,Ammonia,250.0,-10.717169908716972,6.8844433073190086
3,Ammonia,250.0,-10.801559801903618,6.912879901218421
3,Ammonia,250.0,-10.662421850518738,6.973895621126383
3,Ammonia,250.0,-10.640077427380591,6.890022010346431
3,Ammonia,250.0,-10.5519891264609,6.919082696141115
3,Ammonia,250.0,-10.616947987404313,6.979134962099502
3,Ammonia,250.0,-10.669271228927045,6.893396632134256
3,Ammonia,225.0,-9.715585215171965,8.408138032107649
3,Ammonia,225.0,-7.696321591082735,8.13989592078774
3,Ammonia,225.0,-9.521636831871014,7.640437581391669
3,Ammonia,225.0,-9.616570474989675,7.7940307582984705
3,Ammonia,225.0,-8.72973674361047,7.520890050231933
3,Ammonia,225.0,-8.653839471711503,7.605363885586132
3,Ammonia,225.0,-8.689245529007808,7.501052648130818
3,Ammonia,225.0,-8.648049439413029,7.603336041815267
3,Ammonia,225.0,-8.660030818897148,7.6033709468901405
3,Ammonia,225.0,-8.699854671716468,7.578815283143743
3,Ammonia,225.0,-8.698130794507728,7.660617448287458
3,Ammonia,225.0,-8.902446866915671,7.7534199705311675
3,Ammonia,225.0,-8.711735094435872,7.64555212823718
3,Ammonia,225.0,-8.522008750766187,7.518627677970024
3,Ammonia,225.0,-8.692424054448804,7.638468081092209
3,Ammonia,225.0,-8.527933919478137,7.552480652018925
3,Ammonia,225.0,-8.697312796404216,7.747221174876789
3,Ammonia,225.0,-8.652430615781746,7.550770842302722
3,Ammonia,225.0,-8.592442545270865,7.593774331281481
3,Ammonia,225.0,-8.567906452915192,7.704759942101903
3,Ammonia,225.0,-8.422469139319336,7.6473979639784275
3,Ammonia,225.0,-8.51993933261859,7.490172598052808
3,Ammonia,225.0,-8.549422454157227,7.609793134238007
3,Ammonia,225.0,-8.923483801328516,7.72338341784378
3,Ammonia,200.0,-8.208840842763479,8.201880781085444
3,Ammonia,200.0,-5.563916870936956,7.759986230405431
3,Ammonia,200.0,-6.342053350210499,7.899321524433776
3,Ammonia,200.0,-6.45141256083237,8.020964926991988
3,Ammonia,200.0,-5.474268866776666,7.774653201886057
3,Ammonia,200.0,-5.617847287897322,7.83893785321418
3,Ammonia,200.0,-5.552986666285842,7.693479131434758
3,Ammonia,200.0,-5.647682509049577,7.803513999263709
3,Ammonia,200.0,-5.541862438457582,7.792490206689884
3,Ammonia,200.0,-5.559805054887892,7.792499401739985
3,Ammonia,200.0,-5.694595044967933,7.856671525637093
3,Ammonia,200.0,-5.621314273606837,7.857723858234972
3,Ammonia,200.0,-5.6300128804310114,7.849976493291402
3,Ammonia,200.0,-5.640512931919399,7.851190863911105
3,Ammonia,200.0,-5.653400017310063,7.802590072351927
3,Ammonia,200.0,-5.635572320560067,7.826058946355198
3,Ammonia,200.0,-5.7234181846888434,7.832812536568585
3,Ammonia,200.0,-5.6785093851534185,7.722271961632761
3,Ammonia,200.0,-5.589214015813896,7.756317492796859
3,Ammonia,200.0,-5.750376633417819,7.72027659785746
3,Ammonia,200.0,-5.706752902541938,7.7951198532637225
3,Ammonia,200.0,-5.6401425466649195,7.74968736350236
3,Ammonia,200.0,-5.6668254277189325,7.761472870150709
3,Ammonia,200.0,-5.641805259352235,7.841958745844708
3,Ammonia,175.0,-5.5555398089155625,7.924583885500342
3,Ammonia,175.0,-4.293950973465097,7.581709749208409
3,Ammonia,175.0,-4.4924724630855035,7.2966112025687835
3,Ammonia,175.0,-4.672917860003941,7.407879015277715
3,Ammonia,175.0,-3.9136907231528264,7.052486848042402
3,Ammonia,175.0,-3.9937299890160425,7.07389465195298
3,Ammonia,175.0,-3.9716411879168696,7.140531390389715
3,Ammonia,175.0,-4.129731946761649,7.2570335045313215
3,Ammonia,175.0,-4.075207604229001,7.20684517171054
3,Ammonia,175.0,-3.877076294998776,7.187213735852676
3,Ammonia,175.0,-3.9695612370424698,7.110580736373558
3,Ammonia,175.0,-3.832032742030961,7.127309286274159
3,Ammonia,175.0,-3.8667535111019733,7.218440154779992
3,Ammonia,175.0,-3.7808720997991547,7.228250417966568
3,Ammonia,175.0,-3.7519426937675346,7.233750551348721
3,Ammonia,175.0,-3.7703388754939207,7.247047894025659
3,Ammonia,175.0,-3.687631814184263,7.210724301764398
3,Ammonia,175.0,-3.702919610624486,7.311296156530996
3,Ammonia,175.0,-3.594216858541311,7.228097780222618
3,Ammonia,175.0,-3.635415962797394,7.298222772090385
3,Ammonia,175.0,-3.610868971143328,7.273123065204981
3,Ammonia,175.0,-3.506118583342312,7.2116144739516495
3,Ammonia,175.0,-3.6179751145087544,7.2968214252657555
3,Ammonia,175.0,-3.553849233771867,7.259505732045043
3,Ammonia,150.0,-1.704751606473225,8.210670995602927
3,Ammonia,150.0,-0.20062299309608167,7.7225372458686605
3,Ammonia,150.0,-1.1519597081621424,7.241083703066158
3,Ammonia,150.0,-0.9994785292164274,7.291270108973005
3,Ammonia,150.0,-0.2654873296250443,6.993585617588475
3,Ammonia,150.0,-0.2650120484022364,6.9816270896283585
3,Ammonia,150.0,-0.2934640552993943,6.960555032523136
3,Ammonia,150.0,-0.25818439489278416,6.964587671487754
3,Ammonia,150.0,-0.2808506064827544,6.930201896461404
3,Ammonia,150.0,-0.3144801807022518,6.9444010885008245
3,Ammonia,150.0,-0.3770495400335961,7.027737256711021
3,Ammonia,150.0,-0.4067899905698719,6.979461072893634
3,Ammonia,150.0,-0.3169688280548753,6.988359969499432
3,Ammonia,150.0,-0.3381266114862489,6.834272314962835
3,Ammonia,150.0,-0.4670864990241905,7.0016578867954955
3,Ammonia,150.0,-0.4229485383840063,6.894020410577234
3,Ammonia,150.0,-0.4528965787225682,6.8927684586169615
3,Ammonia,150.0,-0.4881326055779908,6.948055447995069
3,Ammonia,150.0,-0.5383331815133404,6.975291070207668
3,Ammonia,150.0,-0.5016179957119499,6.93318335040175
3,Ammonia,150.0,-0.49968859960415846,6.955853046052404
3,Ammonia,150.0,-0.5340446049731837,6.989651483929998
3,Ammonia,150.0,-0.5423728603811281,6.979846253717424
3,Ammonia,150.0,-0.5362502825611617,7.033060558748219
3,Ammonia,125.0,2.8853270956941888,6.6744851780779255
3,Ammonia,125.0,0.7525768435901181,6.75668300558193
3,Ammonia,125.0,0.18856283364349238,6.319041917465145
3,Ammonia,125.0,0.5487597030411255,6.224962345828844
3,Ammonia,125.0,1.1150477602653637,6.0327807420561115
3,Ammonia,125.0,1.0762079028551408,6.0125021274635895
3,Ammonia,125.0,1.1315519642633665,6.022556699751071
3,Ammonia,125.0,1.1241184382690772,6.048287124027861
3,Ammonia,125.0,1.0579937121063148,6.038173701856313
3,Ammonia,125.0,1.0803947358108685,6.067922773984831
3,Ammonia,125.0,1.0785264549446947,6.04416102235887
3,Ammonia,125.0,1.0411294700096467,6.077364410517693
3,Ammonia,125.0,1.0520564490639417,6.037045027715923
3,Ammonia,125.0,1.1166923186595954,6.0012894878796645
3,Ammonia,125.0,1.1052819549167539,6.042076030735299
3,Ammonia,125.0,1.0796842106271887,5.993583657073338
3,Ammonia,125.0,1.0470181812291917,6.054884829587589
3,Ammonia,125.0,1.1791607286835293,6.028311891701053
3,Ammonia,125.0,1.138870875573939,5.98710365730333
3,Ammonia,125.0,1.1112995886124406,6.058753447065349
3,Ammonia,125.0,1.122103346631762,6.00194783209162
3,Ammonia,125.0,1.1453467712334724,6.008560735794853
3,Ammonia,125.0,1.139228519420157,6.010301046607048
3,Ammonia,125.0,1.1270421894097185,6.034089472626403
3,Ammonia,100.0,-1.3852939381513967,5.99366852090047
3,Ammonia,100.0,1.2048396253063913,5.379144292102153
3,Ammonia,100.0,1.4369507331989246,5.0989127484499335
3,Ammonia,100.0,2.330456231547467,4.871823306458363
3,Ammonia,100.0,2.6660537827976194,4.726286591021947
3,Ammonia,100.0,2.6012929774844125,4.7902735607226345
3,Ammonia,100.0,2.5694712093000067,4.720276101438735
3,Ammonia,100.0,2.5536985909664893,4.724801925802072
3,Ammonia,100.0,2.617136304987385,4.741065889727746
3,Ammonia,100.0,2.5283962635098245,4.834018322445617
3,Ammonia,100.0,2.5577825441289295,4.808851529634737
3,Ammonia,100.0,2.6093773706622594,4.746903498254202
3,Ammonia,100.0,2.57546089128984,4.842465944110528
3,Ammonia,100.0,2.630011407025451,4.768970715534898
3,Ammonia,100.0,2.636553485322438,4.806482327435259
3,Ammonia,100.0,2.6659793986740112,4.797835553925882
3,Ammonia,100.0,2.633517896153826,4.765665636563684
3,Ammonia,100.0,2.6203126629103974,4.7779271864397375
3,Ammonia,100.0,2.6447218997159965,4.767896366906581
3,Ammonia,100.0,2.6192447064823337,4.755426160425949
3,Ammonia,100.0,2.6385121014359663,4.777188631039972
3,Ammonia,100.0,2.649914637656932,4.7604438253247965
3,Ammonia,100.0,2.62558320419686,4.828406033289476
3,Ammonia,100.0,2.5800471332129877,4.75727041127054
3,Ammonia,75.0,4.797632248473445,4.871479482028965
3,Ammonia,75.0,4.3073208975237645,5.044278979653697
3,Ammonia,75.0,4.67987270929063,4.647112491495743
3,Ammonia,75.0,4.0697170342591065,4.999932267233365
3,Ammonia,75.0,5.92365362281012,4.136686629932546
3,Ammonia,75.0,6.02160236815115,4.138564849887689
3,Ammonia,75.0,5.956146911976246,4.151385983996751
3,Ammonia,75.0,5.964975568231724,4.1620647229976715
3,Ammonia,75.0,5.918400677020004,4.1536360494114115
3,Ammonia,75.0,5.938877379577862,4.143761224952332
3,Ammonia,75.0,5.891997316519398,4.18717161888917
3,Ammonia,75.0,5.897820829760523,4.151334231746372
3,Ammonia,75.0,5.935278342617639,4.138115710644911
3,Ammonia,75.0,5.9249760404366,4.119833459213613
3,Ammonia,75.0,5.873859449458057,4.1669614608379115
3,Ammonia,75.0,5.8915692628898215,4.1571687116681595
3,Ammonia,75.0,5.8842021058270975,4.14886924927016
3,Ammonia,75.0,5.925394489704189,4.156651145995652
3,Ammonia,75.0,5.89710396549559,4.156723630932703
3,Ammonia,75.0,5.929970587589029,4.145882722299264
3,Ammonia,75.0,5.956674880077221,4.186867491392169
3,Ammonia,75.0,5.972039066451197,4.176831824007956
3,Ammonia,75.0,5.944046498061772,4.181535217732035
3,Ammonia,75.0,5.986505031457733,4.149734955735955
3,Ammonia,50.0,5.269355240898063,4.323823489890017
3,Ammonia,50.0,6.885173449206195,3.9238787366343177
3,Ammonia,50.0,6.558977571884307,3.5130800724589974
3,Ammonia,50.0,6.12310755170749,3.846559028230959
3,Ammonia,50.0,8.632885361718909,2.7498726002407086
3,Ammonia,50.0,8.4212817224587,2.8421697248235622
3,Ammonia,50.0,8.38846420019172,2.856763087354562
3,Ammonia,50.0,8.392737763073452,2.8526298015225753
3,Ammonia,50.0,8.339445417816725,2.876746122394431
3,Ammonia,50.0,8.38856601291538,2.8788868002681505
3,Ammonia,50.0,8.409966731328241,2.8761516575995665
3,Ammonia,50.0,8.412501268562638,2.8637663033907725
3,Ammonia,50.0,8.412526890134918,2.88776833015104
3,Ammonia,50.0,8.39280650300186,2.887908721177744
3,Ammonia,50.0,8.397575346020249,2.9096206932514534
3,Ammonia,50.0,8.411452045350174,2.887850218544592
3,Ammonia,50.0,8.445593986721432,2.9150068301108654
3,Ammonia,50.0,8.394659035466672,2.880250477855556
3,Ammonia,50.0,8.425046282730722,2.900916386375947
3,Ammonia,50.0,8.411349944743643,2.885072157673457
3,Ammonia,50.0,8.46291633956032,2.8925571155888927
3,Ammonia,50.0,8.465169829069614,2.895094716858316
3,Ammonia,50.0,8.49523491939419,2.928354386606646
3,Ammonia,50.0,8.445986517942845,2.9109690956131398
3,Ammonia,275.0,-12.825539417259487,7.525358968424563
3,Ammonia,275.0,-14.990995326562627,7.7559089443219955
3,Ammonia,275.0,-15.70892114778542,7.568387683904157
3,Ammonia,275.0,-16.65495222678534,7.960249004624416
3,Ammonia,275.0,-15.499090142769257,7.925220173326901
3,Ammonia,275.0,-14.134705189375579,7.331291580963013
3,Ammonia,275.0,-14.33488803193617,7.454923084385299
3,Ammonia,275.0,-14.241227427215847,7.4087229436136814
3,Ammonia,275.0,-14.364792305821412,7.507142831417754
3,Ammonia,275.0,-14.130998125790217,7.48203456614289
3,Ammonia,275.0,-14.247336751547138,7.438867606911578
3,Ammonia,275.0,-14.382185786618567,7.288519232336569
3,Ammonia,275.0,-14.414704467325643,7.2812840095513245
3,Ammonia,275.0,-14.187330605952651,7.308114080676136
3,Ammonia,275.0,-14.299319943024718,7.171018442901301
3,Ammonia,275.0,-14.01720909781676,7.321120316935919
3,Ammonia,275.0,-15.731265963980318,7.634181999347078
3,Ammonia,275.0,-13.87775078845399,7.367190429928482
3,Ammonia,275.0,-13.988337375945463,7.376009938952748
3,Ammonia,275.0,-13.934743297797294,7.36263886617071
3,Ammonia,275.0,-13.990011386059576,7.471536118699983
3,Ammonia,275.0,-13.96636469269813,7.365577834341611
3,Ammonia,275.0,-14.059768058178255,7.401874859449037
3,Ammonia,275.0,-14.14421951835135,7.230870174564322
3,Ammonia,300.0,-23.201013306286143,8.837116613488785
3,Ammonia,300.0,-18.142171896294606,7.770175082694947
3,Ammonia,300.0,-21.0781156963082,5.829703752245659
3,Ammonia,300.0,-21.872366073057247,6.451788009656698
3,Ammonia,300.0,-20.59703086315311,6.174469630626032
3,Ammonia,300.0,-19.206307817308197,5.7846275154457345
3,Ammonia,300.0,-19.258890063642177,5.753741004124658
3,Ammonia,300.0,-19.29146122102007,5.798977990820696
3,Ammonia,300.0,-19.20889548765185,5.977584848099095
3,Ammonia,300.0,-19.28805429927273,5.8895805670011105
3,Ammonia,300.0,-19.176277802607547,5.8696137449122405
3,Ammonia,300.0,-19.378514159251104,6.095713828899735
3,Ammonia,300.0,-19.198449185918673,5.781975806084194
3,Ammonia,300.0,-19.260382457534853,5.6832654731418115
3,Ammonia,300.0,-19.412080050553012,5.6950591403348545
3,Ammonia,300.0,-19.293844622910456,5.623128542987359
3,Ammonia,300.0,-19.449532036253352,5.7861841849458715
3,Ammonia,300.0,-19.49709490010963,5.885118261873746
3,Ammonia,300.0,-19.388817392689432,5.787828071232384
3,Ammonia,300.0,-19.281582747684332,5.825318422078439
3,Ammonia,300.0,-19.244426610788857,5.729458137279265
3,Ammonia,300.0,-19.234452744169168,5.877465019481856
3,Ammonia,300.0,-19.34678584750953,5.886529172095955
3,Ammonia,300.0,-19.072455809178408,5.851622952204554
3,Ammonia,100.0,6.699749434918615,0.45319545711746173
3,Ammonia,100.0,7.789643465743265,0.4730663689516184
3,Ammonia,100.0,7.708194899733953,0.4576066901064078
3,Ammonia,100.0,7.289939583640185,0.5470505901536279
3,Ammonia,100.0,6.547231286784813,0.7655986957577785
3,Ammonia,100.0,5.516822650824566,1.142679799913807
3,Ammonia,100.0,8.740305281027164,1.7317849288701193
3,Ammonia,100.0,8.915620016647548,1.7296757087311567
3,Ammonia,100.0,9.023944118782964,1.7033036710506486
3,Ammonia,100.0,9.090861660647523,1.6854424074078356
3,Ammonia,100.0,9.174154647656255,1.7093758696657197
4,Acetone,100.0,-3.3742578769795974,1.5987881332362508
4,Acetone,100.0,-6.624476237033129,-1.1471419388817572
4,Acetone,100.0,-7.132952283959468,-1.369123039541581
4,Acetone,100.0,-7.53977438019709,-1.591725611775878
4,Acetone,100.0,-7.529783171890369,-1.5619745153449944
4,Acetone,100.0,-7.588642999157748,-1.5947813795963597
4,Acetone,100.0,-7.574396294145925,-1.555865392623502
4,Acetone,100.0,-7.417843065070181,-1.53546424178875
4,Acetone,100.0,-10.858969690473426,0.4795920929088932
4,Acetone,100.0,-11.436214383405348,0.8064817896648658
4,Acetone,100.0,-12.147365726403722,0.7474184696174164
4,Acetone,100.0,-11.211143177584688,0.892255631279172
4,Acetone,100.0,-11.233707092752557,0.9634116711535429
4,Acetone,100.0,-3.6209809890962723,-2.10852327497663
4,Acetone,100.0,-4.184860116156255,-1.8271287735859711
4,Acetone,100.0,-5.302511012916811,-1.872745062732908
4,Acetone,100.0,-4.18795014381428,-1.9166289090163888
4,Acetone,100.0,-5.472188094105061,-1.9570900338260326
4,Acetone,50.0,-1.1208329861334188,-0.8558869710940883
4,Acetone,50.0,-1.4994727322658552,-0.7259533303194393
4,Acetone,50.0,-1.7036213992824139,-1.1326387678986751
4,Acetone,50.0,-2.3416758478006066,-0.9738249165555158
4,Acetone,50.0,-2.0008775815524174,-1.3667262292289561
4,Acetone,150.0,-10.522070835975628,-2.5076949653997778
4,Acetone,150.0,-11.785209770679714,-2.1810053047829507
4,Acetone,150.0,-15.853534061735516,-8.982147147900815
4,Acetone,150.0,-11.031267039791523,-2.0938184388497296
4,Acetone,150.0,-11.520116576138372,-1.6815914155677552
4,Acetone,200.0,-15.515577958584375,-2.1924143864542858
4,Acetone,200.0,-14.436105777037007,-2.181306789096543
4,Acetone,200.0,-14.309590078302719,-2.3412269741468674
4,Acetone,200.0,-14.70053848521691,-2.1678147321053927
4,Acetone,200.0,-16.16263112077399,-1.8184939941696223
4,Acetone,250.0,-16.770857280968894,-2.451729163355801
4,Acetone,250.0,-19.47988389110195,-1.706182058328798
4,Acetone,250.0,-19.02555652722889,-1.8585348015575307
4,Acetone,250.0,-19.938250753933563,-1.7879463800395494
4,Acetone,250.0,-19.659277680635405,-1.797578655125439
4,Acetone,250.0,-18.22349609673674,-0.9904689687765551
4,Acetone,250.0,-18.18669230764582,-1.6943597443800305
4,Acetone,250.0,-22.177233562154612,-1.1142119914642992
4,Acetone,250.0,-19.360490228297685,-1.8786442333385933
4,Acetone,250.0,-18.216408725023097,-1.7872562120582138
4,Acetone,250.0,-18.08448776823302,-1.80946510602626
4,Acetone,250.0,-18.266912927345118,-1.9157045581386543
4,Acetone,250.0,-18.315161177857867,-2.0625882235841595
4,Acetone,250.0,-18.429225518573343,-2.1277835558604474
4,Acetone,250.0,-22.347676669190474,-2.6999252825896454
4,Acetone,250.0,-19.922450983605714,-1.0886505375512132
4,Acetone,250.0,-16.919492460931732,-1.20565819388334
4,Acetone,250.0,-17.282042227829354,-1.6839897341907581
4,Acetone,250.0,-17.541804232465324,-1.8861815134472617
4,Acetaldehyde,100.0,-5.942893660986249,-6.810123370316419
4,Acetaldehyde,100.0,-6.283574087783087,-7.087750865715835
4,Acetaldehyde,100.0,-4.9865051733370365,-7.130471421115172
4,Acetaldehyde,100.0,-5.843503179505063,-7.0059691562347215
4,Acetaldehyde,100.0,-7.038654199093336,-7.155058521183642
4,Acetaldehyde,100.0,-6.485139302205255,-5.086975981240907
4,Acetaldehyde,100.0,-7.603599589550126,-9.417160957468562
4,Acetaldehyde,100.0,-7.34886568029285,-9.406378703533408
4,Acetaldehyde,100.0,-8.144125886558117,-9.228949489491216
4,Acetaldehyde,100.0,-7.155240362919961,-9.295796378965086
4,Acetaldehyde,100.0,-7.29069634653923,-9.35996320575438
4,Acetaldehyde,100.0,-7.8994775497114835,-8.609685951364881
4,Acetaldehyde,100.0,-5.499889206689811,-8.032782921612508
4,Acetaldehyde,100.0,-8.380475873567594,-8.90609893156718
4,Acetaldehyde,100.0,-5.734683406073792,-8.150874780444688
4,Acetaldehyde,100.0,-8.439606255510183,-8.9447243366266
4,Acetaldehyde,100.0,-5.959071336318809,-8.300610160128862
4,Acetaldehyde,100.0,-8.162260667469077,-8.792671682840982
4,Acetaldehyde,100.0,-5.815797097568161,-8.22259167071364
4,Acetaldehyde,100.0,-8.161091509899116,-8.693075183879861
4,Acetaldehyde,100.0,-5.8254720109822395,-8.122923366979412
4,Acetaldehyde,100.0,-5.4632098032465315,-8.694165375421106
4,Acetaldehyde,100.0,-5.504316536328448,-8.728599351362698
4,Acetaldehyde,100.0,-5.469318036255995,-8.691853003354883
4,Acetaldehyde,100.0,-5.543428078035105,-8.776791844942107
4,Acetaldehyde,100.0,-5.5058035331968735,-8.725873467034102
4,Acetaldehyde,100.0,-7.18355083264416,-8.443852655805898
4,Acetaldehyde,100.0,-4.267255423037214,-7.539467737168636
4,Acetaldehyde,100.0,-4.598699892248982,-7.7253285079928755
4,Acetaldehyde,100.0,-4.752779108473641,-7.847720982508773
4,Acetaldehyde,100.0,-4.966621208044621,-8.002705081043626
4,Acetaldehyde,100.0,-4.989037777858418,-8.056548131786833
4,Acetaldehyde,100.0,-6.584530799031332,-9.368099291012829
4,Acetaldehyde,100.0,-6.516550692925401,-9.287228396647524
4,Acetaldehyde,100.0,-5.95902827611881,-8.970097678212046
4,Acetaldehyde,100.0,-5.624247048272037,-8.631755525652867
4,Acetaldehyde,100.0,-5.54231787812697,-8.656732285979272
4,Acetaldehyde,100.0,-6.002051636821762,-7.597312773996327
4,Acetaldehyde,100.0,-3.1735883010495787,-6.858434801896392
4,Acetaldehyde,100.0,-3.410992154718293,-6.985080203667516
4,Acetaldehyde,100.0,-3.70690835829183,-7.180185850628053
4,Acetaldehyde,100.0,-3.817190988959016,-7.257059538569219
4,Acetaldehyde,100.0,-4.151215347062826,-7.426689434487945
4,Ethylene,100.0,1.0351711820350735,0.44264803325231983
4,Ethylene,100.0,0.9288052978766141,0.28597144394647955
4,Ethylene,100.0,0.7443952120918074,0.15834713066222522
4,Ethylene,100.0,0.8527811214684454,0.16809616334050334
4,Ethylene,100.0,0.8290676888274608,0.15392253523811825
4,Ethylene,100.0,0.9493752028116054,0.183235474382033
4,Ethylene,100.0,0.8590124208409997,0.1604163661870592
4,Ethylene,100.0,0.7736483020470161,0.10305170356832678
4,Ethylene,100.0,-2.474242726465465,2.237119679873957
4,Ethylene,100.0,-2.9365592380755583,1.9667164208239163
4,Ethylene,100.0,-3.175501803316023,2.0459634133899813
4,Ethylene,100.0,-2.8370463515990587,2.07457670411849
4,Ethylene,100.0,-2.749654657941834,2.090924533355488
4,Ethylene,100.0,-1.1123803478022596,2.4741409037470055
4,Ethylene,100.0,-2.6116059145606085,2.4858900174754024
4,Ethylene,100.0,-2.9680472309723895,2.598542909762424
4,Ethylene,100.0,-2.70656531826121,2.5268035047180994
4,Ethylene,100.0,-2.4150600696027498,2.7124871136882533
4,Acetone,250.0,-17.975178779601052,-0.7208716924504605
4,Acetone,250.0,-15.168178820697921,-1.0503906362471913
4,Acetone,250.0,-15.291049656242341,-1.3148440094502398
4,Acetone,250.0,-15.595862517865696,-1.5305441563673396
4,Acetone,250.0,-15.61039747992331,-1.6460550383069372
4,Acetone,250.0,-15.86530335968819,-1.6852143860178783
4,Acetone,250.0,-19.40244591735786,-1.259443030029561
4,Acetone,250.0,-16.31482358861591,-1.4882871416346042
4,Acetone,250.0,-16.46040307244758,-1.8133958441192037
4,Acetone,250.0,-16.697769525998545,-2.0868894222655507
4,Acetone,250.0,-16.88561860652841,-2.092673800508751
4,Acetone,250.0,-16.9579805196908,-2.2139965150108947
4,Ethanol,250.0,2.6966939215200414,-1.7905295772235619
4,Ethanol,250.0,4.466268081384112,-0.8147796650346624
4,Ethanol,250.0,4.551708542310681,-0.801483834512126
4,Ethanol,250.0,4.516084870599957,-0.8164630141635022
4,Ethanol,250.0,4.490060864976427,-0.8206220215105412
4,Ethanol,250.0,4.511020809775566,-0.8296001311831437
4,Ethanol,250.0,3.055619563199904,-1.9992801730642664
4,Ethanol,250.0,4.92584390134597,-0.940349741911127
4,Ethanol,250.0,4.8029263356780385,-0.9187337913161369
4,Ethanol,250.0,4.928386518435162,-0.8817083645087233
4,Ethanol,250.0,4.937849191330465,-0.9115511336541465
4,Ethanol,250.0,4.8969049929389525,-0.8984635522050095
4,Ethylene,250.0,-9.157781685432608,-1.237410116649705
4,Ethylene,250.0,-6.790364759252095,-0.8470979800355408
4,Ethylene,250.0,-6.801856073795497,-0.9367228541510427
4,Ethylene,250.0,-6.872514413632821,-0.9826271798113998
4,Ethylene,250.0,-7.003666909027601,-1.0798280924152452
4,Ethylene,250.0,-7.198241656042369,-1.1906241568987508
4,Ethylene,250.0,-8.493132067563204,-0.6828406284612485
4,Ethylene,250.0,-6.07755989364806,-0.39921854751273717
4,Ethylene,250.0,-6.379202862884395,-0.5432432352160466
4,Ethylene,250.0,-6.476857293887954,-0.6077144399859977
4,Ethylene,250.0,-6.433039070340325,-0.6704491552298446
4,Ethylene,250.0,-6.613759438382747,-0.7253583441992804
4,Ammonia,250.0,-10.608401363419892,5.037781695405486
4,Ammonia,250.0,-10.345576280913907,4.703312802276823
4,Ammonia,250.0,-10.66621012321828,4.596579978819303
4,Ammonia,250.0,-10.847422115309339,4.351054773301806
4,Ammonia,250.0,-11.169752173312473,4.427170631695778
4,Ammonia,250.0,-11.249846981702548,4.4439829178072445
4,Ammonia,250.0,-9.958896600041106,6.244856352299284
4,Ammonia,250.0,-9.54762664088541,5.890678436970045
4,Ammonia,250.0,-9.835798585765719,5.6660026876494465
4,Ammonia,250.0,-10.073543469211867,5.595328479783499
4,Ammonia,250.0,-10.229360069273287,5.526054502588464
4,Ammonia,250.0,-10.25895837628514,5.500717458390958
5,Acetone,100.0,-7.911968703701692,-1.1452463721736679
5,Acetone,100.0,-5.505158923645984,-1.0330447162721388
5,Acetone,100.0,-5.6515944155735465,-1.1990729341257025
5,Acetone,100.0,-5.723736302809865,-1.3284310008025015
5,Acetone,100.0,-5.843092187199977,-1.5283813396335382
5,Acetone,100.0,-5.777685064555084,-1.5109589332843594
5,Acetone,100.0,-9.047288514354031,-1.735970761704178
5,Acetone,100.0,-6.667387163353863,-1.6357715623024929
5,Acetone,100.0,-6.813050315371496,-1.8175886335924576
5,Acetone,100.0,-7.058023622571414,-2.051465837887936
5,Acetone,100.0,-6.997618268036967,-2.153923027669576
5,Acetone,100.0,-7.157807029333377,-2.2019771204471676
5,Acetone,250.0,-21.29511394314556,-1.8823942197348804
5,Acetone,250.0,-18.10429409680987,-2.113280390313124
5,Acetone,250.0,-18.382048831198407,-2.5192008664185344
5,Acetone,250.0,-18.361053735583983,-2.671295338934097
5,Acetone,250.0,-22.27023620064674,-2.228480848734935
5,Acetone,250.0,-18.7082693487662,-2.847511007949447
5,Acetone,250.0,-17.736671040044353,-0.8079831630231583
5,Acetone,250.0,-18.088438346473076,-1.6030757774124471
5,Acetone,250.0,-17.71883439903406,-1.362576466587128
5,Acetone,250.0,-18.137054730464,-1.5753660997407288
5,Acetone,250.0,-18.340661774821765,-1.7884974613961109
5,Acetone,250.0,-17.830202678184808,-1.2662558296312636
5,Acetone,250.0,-17.214955355079592,-1.0969023666508226
5,Acetone,250.0,-17.860271487303514,-1.473243929344787
5,Acetone,250.0,-18.039246845718324,-1.5725320566982928
5,Acetone,250.0,-18.205697561798136,-1.6352936913312803
5,Acetaldehyde,50.0,-0.6205329413495466,-6.611836066814763
5,Acetaldehyde,50.0,0.653347441530514,-5.422291086109279
5,Acetaldehyde,50.0,0.19321379949959225,-5.300112490750132
5,Acetaldehyde,50.0,1.173728367625279,-5.131965814242968
5,Acetaldehyde,50.0,-0.09213036110605152,-5.958810678302535
5,Acetaldehyde,50.0,-0.07803105309426943,-5.861042109628743
5,Acetaldehyde,50.0,-0.2813898114196886,-6.013842149180095
5,Acetaldehyde,50.0,-0.42568920573343016,-6.163144702441416
5,Acetaldehyde,50.0,-0.16611299301272622,-5.880804268686389
5,Acetaldehyde,50.0,0.07058754634729583,-5.8342464622715715
5,Acetaldehyde,50.0,-0.3310758975401373,-6.048126380198065
5,Acetaldehyde,50.0,0.1508103863037141,-5.814800465944234
5,Acetaldehyde,50.0,-0.23309098870140668,-5.939803714792158
5,Acetaldehyde,50.0,-0.3812503249061567,-6.262044555416392
5,Acetaldehyde,50.0,-0.10180276137729878,-5.712624883318063
5,Acetaldehyde,50.0,-0.08340213933584056,-5.77053984199887
5,Acetaldehyde,50.0,-0.9059091133027465,-6.401584413190592
5,Acetaldehyde,50.0,-1.1854610602477187,-6.561681898317451
5,Acetaldehyde,50.0,-0.3261575015729724,-6.0569518370508435
5,Acetaldehyde,50.0,0.6429057195740352,-5.360975649654595
5,Acetaldehyde,225.0,-14.637506570017141,-12.77265218118017
5,Acetaldehyde,225.0,-12.604303165108181,-11.274523477774288
5,Acetaldehyde,225.0,-13.301453948809986,-11.377088877013083
5,Acetaldehyde,225.0,-11.758237792334313,-10.56046947225073
5,Acetaldehyde,225.0,-14.592614016167738,-12.517041471154878
5,Acetaldehyde,225.0,-14.613130393654888,-12.36568622844318
5,Acetaldehyde,225.0,-14.859321604991997,-12.461993251983325
5,Acetaldehyde,225.0,-15.140251443502054,-12.833000655965044
5,Acetaldehyde,225.0,-14.551034203383974,-12.282316523013494
5,Acetaldehyde,225.0,-13.886454405515504,-12.11668003710131
5,Acetaldehyde,225.0,-14.573064994090359,-12.405197523242494
5,Acetaldehyde,225.0,-13.508988587403707,-11.845732612994533
5,Acetaldehyde,225.0,-14.52205754141713,-12.323017086789243
5,Acetaldehyde,225.0,-14.224705354003397,-12.237802592372347
5,Acetaldehyde,225.0,-13.84890300961366,-11.648141471214858
5,Acetaldehyde,225.0,-13.73040397076883,-11.576119922384635
5,Acetaldehyde,225.0,-15.154626465866405,-12.793554262845806
5,Acetaldehyde,225.0,-15.486164580351105,-12.937779629728482
5,Acetaldehyde,225.0,-13.351333996136482,-11.69806155749023
5,Acetaldehyde,225.0,-11.236414604433987,-10.363865245919527
5,Ethanol,250.0,-9.617149965539886,3.1043182381860484
5,Ethanol,250.0,-2.133623994787654,-0.5641269136614618
5,Ethanol,250.0,0.5560505209099187,-1.0986234151468237
5,Ethanol,250.0,1.2232655883386552,-1.245602313617812
5,Ethanol,250.0,1.5168968944009449,-1.3894086095390263
5,Ethanol,250.0,1.857609901397441,-1.3883114249173258
5,Ethanol,250.0,2.058404506637623,-1.4186875566443113
5,Ethanol,250.0,2.0526992835589892,-1.5103644386193082
5,Ethanol,250.0,2.1974203733604476,-1.5489987792812439
5,Ethanol,250.0,2.409725382005495,-1.493418885326243
5,Ethanol,250.0,1.8921388386316593,-1.4564744705974078
5,Ethanol,250.0,1.5247597279505931,-1.526234968637439
5,Ethanol,250.0,2.47457244789664,-1.6470411089961037
5,Ethanol,250.0,2.6564782702613736,-1.6374749191356293
5,Ethanol,250.0,2.8508010891238262,-1.6210481499687968
5,Ethanol,250.0,2.936783858457259,-1.6231046001547773
5,Ethanol,250.0,2.8928970555370883,-1.6417644686901103
5,Ethanol,250.0,2.9225996478008605,-1.6583357364241829
5,Ethanol,250.0,3.071419355136272,-1.6662366787774037
5,Ethanol,250.0,3.0748262282118213,-1.6956670500176112
5,Ethylene,250.0,-6.222339144203228,-0.36814530365964343
5,Ethylene,250.0,-7.378348562949696,-0.7295423589891258
5,Ethylene,250.0,-7.076450527087338,-0.591951920669721
5,Ethylene,250.0,-7.3715457512131195,-0.694769249844671
5,Ethylene,250.0,-7.522756136800409,-0.7830776715017412
5,Ethylene,250.0,-7.725156325079843,-0.7989346293508459
5,Ethylene,250.0,-6.7925963119288895,-0.7483648658459978
5,Ethylene,250.0,-6.597882080511892,-0.6060692117931892
5,Ethylene,250.0,-6.73259993732128,-0.666570727468122
5,Ethylene,250.0,-7.397959011211656,-1.0047379383425576
5,Ethylene,250.0,-6.727420623479517,-0.5097089096618549
5,Ethylene,250.0,-7.122833083407974,-0.7863092601104392
5,Ethylene,250.0,-6.974256632515729,-0.7714983336104063
5,Ethylene,250.0,-7.242126862102516,-0.7568795468227602
5,Ethylene,250.0,-6.977857098294561,-0.7033481909302546
5,Ethylene,250.0,-7.562478249166633,-0.9797529362537291
5,Ethylene,200.0,-5.351263572278574,-0.7911282554882358
5,Ethylene,200.0,-4.761828914068547,-0.4667063030289324
5,Ethylene,200.0,-4.980922248577692,-0.2924522349752502
5,Ethylene,200.0,-4.091340640846447,-0.04414674689972506
5,Ethylene,200.0,-5.503988852913502,-0.7463956618066495
5,Ethylene,200.0,-5.253981525690101,-0.4427050210042846
5,Ethylene,200.0,-5.293434329885193,-0.5059871215226369
5,Ethylene,200.0,-5.315888229825263,-0.6027367654827228
5,Ethylene,200.0,-5.269498836974746,-0.4840925051978011
5,Ethylene,200.0,-4.657609391871161,-0.511631430515029
5,Ethylene,200.0,-5.28240539857796,-0.4725278612540841
5,Ethylene,200.0,-4.604464889148411,-0.4556313737591016
5,Ethylene,200.0,-5.1958490895340494,-0.4638020922044424
5,Ethylene,200.0,-4.866655659082238,-0.41230578677080226
5,Ethylene,200.0,-4.864453996145315,0.020332673803200228
5,Ethylene,200.0,-4.744369829132454,-0.06369000626486562
5,Ethylene,200.0,-5.4322940684956,-0.5120229102033679
5,Ethylene,200.0,-5.489566516922821,-0.5527939335827496
5,Ethylene,200.0,-4.36099966060612,-0.19862580967020987
5,Ethylene,200.0,-3.2192434946209176,0.20639499098288394
5,Ethylene,200.0,-5.037819540689545,-0.611553122129172
5,Ethylene,200.0,-4.60567904059415,-0.2343373388940269
5,Ethylene,200.0,-4.7572981361852955,0.07059121035293553
5,Ethylene,200.0,-3.891691274574932,0.09045247079634362
5,Ethylene,200.0,-5.251666580556496,-0.6567771122916135
5,Ethylene,200.0,-5.471771871090316,-0.4997813325430706
5,Ethylene,200.0,-6.537990789376509,-0.5186219542048311
5,Ethylene,200.0,-5.696584018021417,-0.447478166235825
5,Ethylene,200.0,-5.542211016501658,-0.37890618935305836
5,Ethylene,200.0,-5.033087853586715,-0.49306384181147334
5,Ammonia,200.0,-4.065780252534418,2.4545756650900747
5,Ammonia,200.0,-1.7637653568099871,2.3503252719619865
5,Ammonia,200.0,-5.132353162006976,3.1483484099651196
5,Ammonia,200.0,-4.931048304970659,3.312039896871109
5,Ammonia,200.0,-6.530959993910701,3.149937633586563
5,Ammonia,200.0,-6.551416017728081,3.182235959660891
5,Ammonia,200.0,-6.685551895774001,3.126873474231526
5,Ammonia,200.0,-7.098728204169546,3.330448136168156
5,Ammonia,200.0,-6.964008860482191,3.3898843520441666
5,Ammonia,200.0,-6.6724369431354384,3.185561780418959
5,Ammonia,200.0,-7.014378004282156,3.350503336911826
5,Ammonia,200.0,-6.715685071906538,3.3951138718195493
5,Ammonia,200.0,-7.19743520321198,3.3623118350579997
5,Ammonia,200.0,-6.984680096362772,3.3816768045916414
5,Ammonia,200.0,-6.859074889674278,3.512287624946972
5,Ammonia,200.0,-7.383627920340682,3.1161339498982934
5,Ammonia,200.0,-8.376670581594432,3.0400047695007997
5,Ammonia,200.0,-8.505764036555,3.0458962930337847
5,Ammonia,200.0,-7.480375574203166,3.2253053298083088
5,Ammonia,200.0,-6.446542529166324,3.36800626928734
5,Ammonia,175.0,-5.151764574783713,3.956267105441519
5,Ammonia,175.0,-5.341424420689228,3.427108536397833
5,Ammonia,175.0,-5.5686020987181495,3.325962569852413
5,Ammonia,175.0,-4.9450439047510875,3.4458122602227252
5,Ammonia,175.0,-6.493220790391919,3.160086908733453
5,Ammonia,175.0,-6.2672460638668035,3.399208000367201
5,Ammonia,175.0,-6.4542817307378515,3.10264479466919
5,Ammonia,175.0,-6.481312294268431,3.1748021225110086
5,Ammonia,175.0,-6.564630223732542,3.2640737775847377
5,Ammonia,175.0,-6.2776857602975396,3.1062882329032715
5,Ammonia,175.0,-6.5553960874486945,3.3003906672494145
5,Ammonia,175.0,-6.051893105278936,3.2256927122356895
5,Ammonia,175.0,-6.300030364779497,3.5973124896174786
5,Ammonia,175.0,-6.186925775467496,3.415789281715339
5,Ammonia,175.0,-5.946506383354755,3.509920148483285
5,Ammonia,175.0,-5.819026049561063,3.7461589115006464
5,Ammonia,175.0,-6.764999418770513,3.440963118550023
5,Ammonia,175.0,-6.675364885200847,3.5451148809130886
5,Ammonia,175.0,-5.973648381705512,3.6095471053351593
5,Ammonia,175.0,-5.144287842903971,3.7878712029514445
5,Ammonia,500.0,-43.61766476921547,4.002680278704466
5,Ammonia,500.0,-34.09976432305827,6.372146528481655
5,Ammonia,500.0,-32.619978457433156,6.015708442534311
5,Ammonia,175.0,-5.717201248174593,4.655663372666627
5,Ammonia,175.0,-6.555965552001958,4.424960245855579
5,Ammonia,175.0,-6.933044061285545,4.753347208101479
5,Ammonia,175.0,-6.129767489405578,4.729671058204518
5,Ammonia,175.0,-7.294011996570649,4.387042420557642
5,Ammonia,175.0,-7.326715066978947,4.573730601063552
5,Ammonia,175.0,-7.532881283685068,4.455797827616575
5,Ammonia,175.0,-8.010003743676158,4.49902946121117
5,Ammonia,175.0,-7.19565938055265,4.735305471968476
5,Ammonia,175.0,-6.962798955635537,4.4361934294352325
5,Ammonia,200.0,-7.990803793133968,5.257478356165093
5,Ammonia,200.0,-8.925206733899014,5.324817957315473
5,Ammonia,200.0,-9.226056239345313,5.490154015718827
5,Ammonia,200.0,-8.527161945464838,5.364736790974932
5,Ammonia,200.0,-10.288862102607736,5.110073631864434
5,Ammonia,200.0,-9.782492560004508,5.395542052013334
5,Ammonia,200.0,-10.007488253521341,5.080851042503103
5,Ammonia,200.0,-10.051174765065621,5.365268508550527
5,Ammonia,200.0,-9.63859250677908,5.24657404527744
5,Ammonia,200.0,-9.291774956219752,5.048926507358271
6,Acetaldehyde,225.0,-14.952946689711212,-12.689713784348159
6,Acetaldehyde,225.0,-12.72793433821362,-10.830926842635927
6,Acetaldehyde,225.0,-13.349963714240403,-10.979105816095991
6,Acetaldehyde,225.0,-12.431466877383667,-10.518805020579737
6,Acetaldehyde,225.0,-14.757801109298462,-12.217575248684685
6,Acetaldehyde,225.0,-14.513236858206776,-12.076969981484089
6,Acetaldehyde,225.0,-15.089355527381452,-12.32034014865041
6,Acetaldehyde,225.0,-15.386785009627928,-12.695697688533446
6,Acetaldehyde,225.0,-14.660334629577827,-12.177059168424243
6,Acetaldehyde,225.0,-14.090105078856276,-12.034585340140397
6,Acetaldehyde,50.0,0.08301410792348791,-5.796477123275169
6,Acetaldehyde,50.0,-0.752649768128238,-6.279506135979372
6,Acetaldehyde,50.0,-0.8303659041785952,-6.0309859491322175
6,Acetaldehyde,50.0,-0.06281193511858305,-5.771501770179058
6,Acetaldehyde,50.0,-1.3327642879293806,-6.696921566090177
6,Acetaldehyde,50.0,-1.2838276141903053,-6.519064501285086
6,Acetaldehyde,50.0,-1.3930598776591423,-6.545638073952782
6,Acetaldehyde,50.0,-1.6591542044127203,-6.867937922304311
6,Acetaldehyde,50.0,-1.330139304421215,-6.545213740305123
6,Acetaldehyde,50.0,-1.1508870697542508,-6.438302688453561
6,Acetaldehyde,100.0,-4.784374151699065,-8.77449460976028
6,Acetaldehyde,100.0,-3.9706738398846584,-8.196495321533776
6,Acetaldehyde,100.0,-4.582134687953699,-8.250077286965178
6,Acetone,100.0,-7.730070204668317,-2.94593270172008
6,Acetone,100.0,-6.336156574862383,-2.2942275299339476
6,Acetone,100.0,-5.187940238733121,-2.0789806455466064
6,Acetone,100.0,-4.828600177827391,-1.8901113924311665
6,Acetone,100.0,-4.761874663653849,-1.8259509231387971
6,Acetone,100.0,-4.968398294732012,-1.7837905568947978
6,Acetone,100.0,-4.996773050478396,-1.8725173354205191
6,Acetone,100.0,-5.205817211010717,-1.9358339651379095
6,Acetone,100.0,-5.258357667306694,-1.9649102285165945
6,Acetone,100.0,-4.8576101292135645,-1.82833765074502
6,Acetone,100.0,-5.112147080346721,-1.832770745118254
6,Acetone,100.0,-5.2098097075465555,-1.8720653012863522
6,Acetone,100.0,-5.237492103578861,-1.8616598182380142
6,Acetone,100.0,-5.396759568199426,-1.935248133187669
6,Acetone,100.0,-5.273220828843629,-1.9100987963879756
6,Acetone,100.0,-5.428585345902373,-1.9554612001850138
6,Acetone,100.0,-5.265147145079881,-1.8365028549221165
6,Acetone,100.0,-5.327759127685779,-1.8401461576225941
6,Acetone,100.0,-5.5343737661422505,-1.9306833421617087
6,Acetone,100.0,-5.382775727638242,-1.9322509433503998
6,Acetone,100.0,-5.428618990455865,-1.851664494320658
6,Acetone,100.0,-5.391946770749307,-1.943091343354472
6,Acetone,100.0,-5.306700086427418,-1.8349477994131516
6,Acetone,100.0,-5.5570876511359195,-1.9999125679451728
6,Acetone,100.0,-5.434174171624684,-1.882646555358895
6,Acetone,100.0,-5.572207749711276,-1.995877522127625
6,Acetone,100.0,-5.711136453768446,-2.080879543922431
6,Acetone,100.0,-5.536734467717386,-1.9716565383380882
6,Acetone,100.0,-5.4956035937258,-1.9803310038685435
6,Acetone,100.0,-5.560673181606618,-1.9653556384663924
6,Acetone,100.0,-5.488289004303751,-1.8801346244690087
6,Acetone,100.0,-5.552116741038753,-1.9505584378722072
6,Acetone,100.0,-5.586181712982796,-2.0065615695562147
6,Acetone,100.0,-5.505319989643835,-1.9110019347105625
6,Acetone,100.0,-5.644727902107832,-1.9557848940048363
6,Acetone,100.0,-5.6172488468809325,-1.9346153282134866
6,Acetone,100.0,-5.71800848654231,-2.0458209849962152
6,Acetone,100.0,-5.679307177363568,-1.993866269873775
6,Acetone,100.0,-5.66755541504763,-2.054799261186913
6,Acetone,100.0,-5.717943716356021,-2.0781900888075047
6,Acetone,100.0,-5.746758067966323,-2.0898095405532136
6,Acetone,100.0,-5.810658457081562,-2.136632748193415
6,Acetone,100.0,-5.828298236724398,-2.0763514043869495
6,Acetone,100.0,-5.749985005046434,-2.066679413465934
6,Acetone,100.0,-5.777370703977596,-2.0219089659424254
6,Acetone,100.0,-5.675207421541588,-2.000371872170521
6,Acetone,100.0,-5.899213305167806,-2.071923996162871
6,Acetone,100.0,-5.69922612969561,-2.074022951280704
6,Acetone,100.0,-5.8248435530387805,-2.0158650089715926
6,Acetone,100.0,-5.768182973864801,-2.0504699235666854
6,Acetone,100.0,-5.82185575677319,-2.1100371185689175
6,Acetone,50.0,-3.9226569661643054,-3.0462259615990197
6,Acetone,50.0,-3.649704500146875,-3.317814425218242
6,Acetone,50.0,-2.6427312801773426,-3.307069770207198
6,Acetone,50.0,-2.1060851587797664,-3.163903271725841
6,Acetone,50.0,-1.9694050242870231,-3.135313268745741
6,Acetone,50.0,-1.7973768842858375,-3.1091793823869733
6,Acetone,50.0,-1.893796921879569,-3.094247229721324
6,Acetone,50.0,-2.020239104223423,-3.2066497334025357
6,Acetone,50.0,-2.0649294169742025,-3.243189713992089
6,Acetone,50.0,-2.174460793349884,-3.2962720439229054
6,Acetone,50.0,-2.141219496399232,-3.2630536817604088
6,Acetone,50.0,-1.964517833733626,-3.2172654796228923
6,Acetone,50.0,-2.123265118476739,-3.286237060789269
6,Acetone,50.0,-2.0206314539475314,-3.2106893170112905
6,Acetone,50.0,-2.114239994633493,-3.242579049190553
6,Acetone,50.0,-1.992635676192003,-3.1609758741864584
6,Acetone,50.0,-2.1132279655162964,-3.2455369620431744
6,Acetone,50.0,-2.284047643416874,-3.3659439971998495
6,Acetone,50.0,-2.224283292083911,-3.258737833096307
6,Acetone,50.0,-2.209212422984764,-3.2626892460451566
6,Acetone,50.0,-2.2148491893476883,-3.27164868155021
6,Acetone,50.0,-2.1965819599212186,-3.2764189959697902
6,Acetone,50.0,-2.212283345762196,-3.2516179209431098
6,Acetone,50.0,-2.170383205474085,-3.2721905841328716
6,Acetone,50.0,-2.134313727810293,-3.1663896360214965
6,Acetone,50.0,-2.2349017400403315,-3.287931796839813
6,Acetone,50.0,-2.10473759083961,-3.2394019707306927
6,Acetone,50.0,-2.194768825782171,-3.206193622719112
6,Acetone,50.0,-1.954627185709408,-3.1748112166135596
6,Acetone,50.0,-2.199512291235779,-3.2282900736226203
6,Acetone,50.0,-2.1182985857180987,-3.163163292360306
6,Acetone,50.0,-2.1195717988756466,-3.2190247864046215
6,Acetone,50.0,-2.2327071286357194,-3.3003502814317565
6,Acetone,50.0,-2.203813775893987,-3.2979297261526486
6,Acetone,50.0,-2.226093346899196,-3.3336308633528247
6,Acetone,50.0,-2.143397317598163,-3.232464432117467
6,Acetone,50.0,-2.074775286916319,-3.2859935479661377
6,Acetone,50.0,-2.046851874404232,-3.190500142106145
6,Acetone,50.0,-1.9862634304136912,-3.133629825995509
6,Acetone,50.0,-2.157104223013293,-3.2967503918276644
6,Acetone,50.0,-2.1998072498704593,-3.1944968785697054
6,Acetone,50.0,-2.1258902221308236,-3.166016187440918
6,Acetone,50.0,-2.1938867466311684,-3.2711314107561007
6,Acetone,50.0,-2.1715425681363563,-3.2957369974699118
6,Acetone,50.0,-2.2724005719760845,-3.272444989069306
6,Acetone,50.0,-2.2646180879127527,-3.3286837308678607
6,Acetone,50.0,-2.0989979555061637,-3.2249236816782747
6,Acetone,50.0,-1.9992771341836464,-3.150365062075178
6,Acetone,50.0,-2.120034007187975,-3.1996236222903653
6,Acetone,50.0,-1.8449102052925614,-3.047366921488009
6,Acetone,50.0,-1.9321385196354264,-3.1818468369662325
6,Acetone,50.0,-2.053047123465095,-3.1332455581301573
6,Acetone,50.0,-2.001632881285609,-3.158290834510532
6,Acetone,50.0,-2.084354612173237,-3.2327792983461685
6,Acetone,50.0,-2.177884269429712,-3.2414799296126695
6,Acetone,50.0,-2.1813385692390326,-3.2134264082207764
6,Acetone,50.0,-2.094385044952663,-3.147950147264839
6,Acetone,50.0,-2.1400840297664625,-3.2542881342908454
6,Acetone,50.0,-2.0263644775904734,-3.1268160619200738
6,Acetone,50.0,-1.982933119788377,-3.1486173848523817
6,Acetone,50.0,-2.041895549476571,-3.1407299671936837
6,Acetone,50.0,-2.0473921626556635,-3.1721159926298514
6,Acetone,50.0,-1.9845299790797903,-3.153767380462141
6,Acetone,50.0,-2.157794265427471,-3.208244578574217
6,Acetone,50.0,-1.9351002255655088,-3.120155164461086
6,Acetone,50.0,-2.1108522190846375,-3.265793358495153
6,Acetone,50.0,-2.0334577403894616,-3.176894636370989
6,Acetone,50.0,-1.984164244656504,-3.1226608971273464
6,Acetone,50.0,-1.9084426484294104,-3.0385178038909713
6,Acetone,50.0,-2.018061880787972,-3.077370672067468
6,Acetone,50.0,-1.9214526716854297,-2.989851409289673
6,Acetone,50.0,-2.0730473209160345,-3.0606059231211016
6,Acetone,50.0,-2.084665287956325,-3.168884678913561
6,Acetone,50.0,-2.019301063422727,-3.0587640338421984
6,Acetone,50.0,-2.1297934629705395,-3.154910088942381
6,Acetone,50.0,-2.1155577758444153,-3.135436928074032
6,Acetone,50.0,-2.0949326074370824,-3.1315861440132737
6,Acetone,50.0,-2.1023277983225466,-3.1900950567128796
6,Acetone,50.0,-2.1858259909225852,-3.1495134446794992
6,Acetone,50.0,-2.0539216716545154,-3.1209023763644077
6,Acetone,50.0,-2.112663757889389,-3.1400325366552213
6,Acetone,50.0,-2.1206864708156745,-3.1049918475144556
6,Acetone,50.0,-2.058630718075735,-3.1520774130172367
6,Acetone,50.0,-2.029946332573506,-3.059434527765522
6,Acetone,50.0,-1.9964041639028265,-3.0888152090742134
6,Acetone,50.0,-2.0181472211018243,-3.0387861059485024
6,Acetone,50.0,-2.1270292749308433,-3.112920049468522
6,Acetone,50.0,-2.12906340475106,-3.088327080669455
6,Acetone,50.0,-2.129180146591454,-3.081560544577331
6,Acetone,50.0,-2.225988583397204,-3.1565552827942835
6,Acetone,50.0,-2.169367509859521,-3.1427047915459907
6,Acetone,50.0,-2.114242437405827,-3.1093195527165634
6,Acetone,50.0,-2.077725870321766,-3.134672453835856
6,Acetone,50.0,-2.0166919850608025,-3.0525448667641815
6,Acetone,50.0,-2.1310212692306973,-3.134082371477383
6,Acetone,50.0,-2.104988662923123,-3.0911133622823823
6,Acetone,50.0,-2.1475066401503513,-3.148129401829529
6,Acetone,50.0,-2.17128733223086,-3.1572600220925517
6,Acetone,50.0,-2.0347565299538766,-3.079157288203167
6,Acetone,50.0,-2.205042664408654,-3.1707655645263304
6,Acetone,50.0,-2.130863093956536,-3.106990620026569
6,Acetone,50.0,-2.1549760410624685,-3.1660181007885075
6,Acetone,50.0,-2.2250343227369416,-2.786764950456289
6,Acetone,50.0,-2.3070754484086153,-3.2113429221939023
6,Acetone,50.0,-2.148833382282907,-3.173824665966548
6,Acetone,50.0,-2.09481143582343,-3.075351635402982
6,Acetone,50.0,-2.072856145630888,-3.1098237968842244
6,Acetone,50.0,-1.9720251563420528,-2.9977428003876634
6,Acetone,50.0,-2.0455919461789223,-3.1251968320565444
6,Acetone,50.0,-2.076767014291028,-3.066099562709607
6,Acetone,50.0,-2.0580325109960382,-3.0206677352235722
6,Acetone,50.0,-2.1764250582485363,-3.144255968971942
6,Acetone,50.0,-2.0134315021755564,-3.0368674079224625
6,Acetone,50.0,-2.0467118543440965,-3.065505346588282
6,Acetone,50.0,-2.0405408936893643,-3.004749377071373
6,Acetone,50.0,-2.10371710548081,-3.0368083682139475
6,Acetone,50.0,-2.0435484891335265,-3.1084201514394527
6,Acetone,50.0,-2.1497649986267486,-3.1101878788592074
6,Acetone,50.0,-2.2476670940306285,-3.2095078468306486
6,Acetone,50.0,-2.1540019935283095,-3.114727472803336
6,Acetone,50.0,-2.120069353140624,-3.06325478460975
6,Acetone,50.0,-2.071298611487716,-3.0480364494259597
6,Acetone,50.0,-2.098993514733168,-3.1030708714806625
6,Acetone,50.0,-2.1570286559660916,-3.08538569055926
6,Acetone,50.0,-2.2201048667923686,-3.1853533661965545
6,Acetone,50.0,-2.233358817914601,-3.206461864953557
6,Acetone,50.0,-2.26995133140407,-3.195106361163344
6,Acetone,50.0,-2.2883736866712843,-3.2414302238635435
6,Acetone,50.0,-2.1238973786517468,-3.1328984687501458
6,Acetone,50.0,-2.1367175251323456,-3.112032854086798
6,Acetone,50.0,-2.1207086280052114,-3.053546711331822
6,Acetone,50.0,-2.0310514998223406,-3.0192719966687322
6,Acetone,50.0,-2.1508670625215123,-3.126683996913466
6,Acetone,50.0,-2.2778027540808696,-3.2331104204643712
6,Acetone,50.0,-2.189032439313788,-3.210542182508579
6,Acetone,50.0,-2.0604725701907514,-3.0837505319389336
6,Acetone,50.0,-2.1567211380038684,-3.1226044184087867
6,Acetone,50.0,-2.024061935661235,-3.080305985619281
6,Acetone,50.0,-2.0623929207419756,-3.0793623806202484
6,Acetone,50.0,-2.16850599635422,-3.14054373318722
6,Acetone,50.0,-2.2434714813764374,-3.184312973895063
6,Acetone,50.0,-2.373818423973676,-3.1751768503261344
6,Acetone,50.0,-2.173072506645906,-3.1706020990688906
6,Acetone,50.0,-2.149234568439232,-3.081015906951447
6,Acetone,50.0,-2.09383532310404,-3.0888501342972075
6,Acetone,50.0,-2.0581425429700504,-3.0954343296609688
6,Acetone,50.0,-2.2260091992707034,-3.1550242018327554
6,Acetone,50.0,-2.31774873845415,-3.1559682514974305
6,Acetone,50.0,-2.143377606880665,-3.1218126487707294
6,Acetone,50.0,-2.1979597222254297,-3.1208500461307604
6,Acetone,50.0,-2.095791865302736,-3.0696073612003323
6,Acetone,50.0,-2.1022526246426203,-3.0703845996678316
6,Acetone,50.0,-2.0960643422792966,-3.083858749363391
6,Acetone,50.0,-2.119328307292748,-3.061408012432083
6,Acetone,50.0,-2.2163792022254505,-3.1198773857651703
6,Acetone,50.0,-2.177472949292534,-3.099242464470961
6,Acetone,50.0,-2.25936789357338,-3.192526716263027
6,Acetone,50.0,-2.1347104892315913,-3.0579286503119825
6,Acetone,50.0,-2.1367169837583173,-3.129485380120366
6,Acetone,50.0,-2.1406637320228326,-3.078587119550471
6,Acetone,50.0,-2.157999229743521,-3.1469828732669236
6,Acetone,50.0,-2.148371278183869,-3.0882903432355366
6,Acetone,50.0,-2.1319731362891585,-3.033370010370611
6,Acetone,50.0,-2.22053100726617,-3.138419320474214
6,Acetone,50.0,-2.20732329210539,-3.115441773581186
6,Acetone,50.0,-2.1504358668263426,-3.150749918451692
6,Acetone,50.0,-2.119197723851677,-3.059816455665166
6,Acetone,50.0,-2.1125360550058137,-3.1042182450667926
6,Acetone,50.0,-2.1319287375714038,-3.107809641631994
6,Acetone,50.0,-2.2157421275890807,-3.1430030198735466
6,Acetone,50.0,-2.310279077319112,-3.1738831086788037
6,Acetone,50.0,-2.2538594036317465,-3.146150548749311
6,Acetone,50.0,-2.160319556872716,-3.133741183062841
6,Acetone,50.0,-2.146800119086837,-3.0999572895509067
6,Acetone,50.0,-2.1519140296455017,-3.1138181531949334
6,Acetone,50.0,-2.1228324917474377,-3.0915642161638237
6,Acetone,50.0,-2.2709052032024855,-3.238348028280268
6,Acetone,50.0,-2.052853334468385,-3.075012785325998
6,Acetone,50.0,-2.105234774870464,-3.0879906344139747
6,Acetone,50.0,-2.1092344422432348,-3.1115306798782827
6,Acetone,50.0,-2.205421275678652,-3.138654854281397
6,Acetone,50.0,-2.218328494231943,-3.1482179213623365
6,Acetone,50.0,-2.17284713655767,-3.1776692602047087
6,Acetone,50.0,-2.083739245358474,-3.1264251384020962
6,Acetone,50.0,-2.228196154412138,-3.186516942927707
6,Acetone,50.0,-2.2635802029221517,-3.1839329282424
6,Acetone,50.0,-2.146168687720146,-3.1097799887578343
6,Acetone,50.0,-2.1244532170407506,-3.123562953416067
6,Acetone,50.0,-2.1448702481711313,-3.118557031260098
6,Acetone,50.0,-2.1482711612232843,-3.1401775909021574
6,Acetone,50.0,-2.1584159204442446,-3.1275025162297556
6,Acetone,50.0,-2.054201480102361,-3.0694243011973046
6,Acetone,50.0,-2.1932169178989764,-3.099694843854775
6,Acetone,50.0,-2.1267002037188467,-3.1002426862140298
6,Acetone,50.0,-2.0605324593887997,-3.0827161592978922
6,Acetone,50.0,-2.0310151965551952,-3.0889204386458546
6,Acetone,50.0,-2.2189016474770247,-3.188847307867283
6,Acetone,50.0,-2.062272583690991,-3.0372071604111297
6,Acetone,50.0,-2.04885621569146,-3.0326428939116217
6,Acetone,50.0,-2.2630124918115517,-3.128211486435726
6,Acetone,50.0,-2.3059314929310264,-2.969670185388637
6,Acetone,50.0,-2.188144558686042,-3.1435244375064957
6,Acetone,50.0,-2.2882214866384842,-3.1819096438754984
6,Acetone,50.0,-2.2798200868162013,-3.1287617525233897
6,Acetone,50.0,-2.025594937163105,-3.061527884551256
6,Acetone,75.0,-4.787725479933718,-2.875503717635637
6,Acetone,100.0,-7.0125999792750955,-3.0787502565513196
6,Acetone,125.0,-8.852423023137387,-2.944594392747031
6,Acetone,150.0,-10.762788036874381,-3.1114396433061278
6,Acetone,175.0,-12.449929290824146,-3.081838057166438
6,Acetone,200.0,-14.097610854247685,-3.173998444439584
6,Acetone,225.0,-15.628999731286937,-3.2491894755069697
6,Acetone,250.0,-17.052194817222396,-3.3547490201951913
6,Acetaldehyde,100.0,-6.536950078293339,-10.022804488372161
6,Acetaldehyde,100.0,-5.343060824833393,-8.714699861885887
6,Acetaldehyde,100.0,-4.452806933025943,-8.462676557034747
6,Acetaldehyde,100.0,-4.176260336502464,-8.468591225661454
6,Acetaldehyde,100.0,-4.172448065036423,-8.353354943002559
6,Acetaldehyde,100.0,-4.0667429778099615,-8.328728428753985
6,Acetaldehyde,100.0,-4.194040853086014,-8.28585018832054
6,Acetaldehyde,100.0,-4.170340339440649,-8.392491055805996
6,Acetaldehyde,100.0,-4.227284757297751,-8.41263106212294
6,Acetaldehyde,100.0,-4.082402075241526,-8.399474861239478
6,Acetaldehyde,100.0,-4.21895386253774,-8.344023860508488
6,Acetaldehyde,100.0,-4.15719445149104,-8.334565946683597
6,Acetaldehyde,100.0,-4.2615304354466925,-8.384093538644214
6,Acetaldehyde,100.0,-4.240149031249083,-8.334986696558918
6,Acetaldehyde,100.0,-4.1796917796612725,-8.337092142437385
6,Acetaldehyde,100.0,-4.290872664388574,-8.475367333592128
6,Acetaldehyde,100.0,-4.160548795004885,-8.348299828832545
6,Acetaldehyde,100.0,-4.1824534635884225,-8.387604242144459
6,Acetaldehyde,100.0,-4.157989688123136,-8.382596247934439
6,Acetaldehyde,100.0,-4.26787081192324,-8.360530058890966
6,Acetaldehyde,100.0,-4.136688310445841,-8.283773213378467
6,Acetaldehyde,100.0,-4.186765536448119,-8.433948248889083
6,Acetaldehyde,100.0,-4.261653985435199,-8.447165178150174
6,Acetaldehyde,100.0,-4.214656380331926,-8.364941470847858
6,Acetaldehyde,100.0,-4.173822736923843,-8.368949820201749
6,Acetaldehyde,100.0,-4.244070964359547,-8.428793221532453
6,Acetaldehyde,100.0,-4.257550868103525,-8.390591680923215
6,Acetaldehyde,100.0,-4.215694657508506,-8.31254100974901
6,Acetaldehyde,100.0,-4.226342548156322,-8.352278810703876
6,Acetaldehyde,100.0,-4.137375699002602,-8.353398154237338
6,Acetaldehyde,100.0,-4.1668148673794505,-8.378880377378467
6,Acetaldehyde,100.0,-4.162886807718025,-8.305705909290273
6,Acetaldehyde,100.0,-4.112657686377982,-8.362270737434766
6,Acetaldehyde,100.0,-4.316745543864808,-8.451456851735642
6,Acetaldehyde,100.0,-4.168638731896615,-8.32247809101622
6,Acetaldehyde,100.0,-4.126039245750776,-8.30530444167378
6,Acetaldehyde,100.0,-4.159422853184254,-8.298179105100893
6,Acetaldehyde,100.0,-4.179781027513741,-8.272896353887859
6,Acetaldehyde,100.0,-3.999376783442083,-8.268036107516119
6,Acetaldehyde,100.0,-4.188088525413896,-8.295579975092497
6,Acetaldehyde,100.0,-4.187645125459632,-8.254808477354848
6,Acetaldehyde,100.0,-4.064921607643315,-8.322360922565112
6,Acetaldehyde,100.0,-4.2844940482075655,-8.384633879957606
6,Acetaldehyde,100.0,-4.143251381522256,-8.297989432142977
6,Acetaldehyde,100.0,-4.021197535985107,-8.278307718951675
6,Acetaldehyde,100.0,-4.145018135727318,-8.216480363508829
6,Acetaldehyde,100.0,-3.963940651023057,-8.197868748568816
6,Acetaldehyde,100.0,-4.100694432791005,-8.287558338299489
6,Acetaldehyde,100.0,-4.198328055474936,-8.30336847717061
6,Acetaldehyde,100.0,-4.048626632373206,-8.245597773833708
6,Acetaldehyde,100.0,-3.9021823409188077,-8.20038897170624
6,Acetaldehyde,50.0,0.7287446833410827,-5.742789151869727
6,Acetaldehyde,50.0,0.7712532887376382,-5.675091642927387
6,Acetaldehyde,50.0,0.10899400033346579,-5.833752112321262
6,Acetaldehyde,50.0,0.758244420982829,-5.602269504623444
6,Acetaldehyde,50.0,-0.4464904247163077,-6.490468611153055
6,Acetaldehyde,50.0,-0.4926095568589924,-6.304867568520859
6,Acetaldehyde,50.0,-0.603461144351592,-6.432656023538797
6,Acetaldehyde,50.0,-0.8241456135984554,-6.692828383793741
6,Acetaldehyde,50.0,-0.6748864888577136,-6.439081782423971
6,Acetaldehyde,50.0,-0.2859771249891418,-6.308012639231786
6,Acetaldehyde,50.0,-0.7601008972768241,-6.498982461008248
6,Acetaldehyde,50.0,-0.2614534761173949,-6.227347003329066
6,Acetaldehyde,50.0,-0.6119442324043358,-6.449535657716912
6,Acetaldehyde,50.0,-0.434960336857908,-6.384558884487978
6,Acetaldehyde,50.0,-0.3780099480862932,-6.026711321778005
6,Acetaldehyde,50.0,-0.3417200317723526,-5.994482952492115
6,Acetaldehyde,50.0,-0.9414416756511966,-6.614313637012009
6,Acetaldehyde,50.0,-1.127441681810823,-6.681996390811883
6,Acetaldehyde,50.0,-0.24496578047099388,-6.234756974192567
6,Acetaldehyde,50.0,0.4950410248458844,-5.632778756651731
6,Acetaldehyde,225.0,-14.362523966025888,-13.33015456925502
6,Acetaldehyde,225.0,-12.736959498508089,-11.658680354194177
6,Acetaldehyde,225.0,-13.599735656806347,-11.773017103621523
6,Acetaldehyde,225.0,-11.62110424350401,-10.78455427105029
6,Acetaldehyde,225.0,-14.227150406470571,-12.68660716603241
6,Acetaldehyde,225.0,-14.425723954515837,-12.52798211787265
6,Acetaldehyde,225.0,-14.201003289482118,-12.367205194977615
6,Acetaldehyde,225.0,-14.572808184795218,-12.830022187826062
6,Acetaldehyde,225.0,-14.533117079509113,-12.596477085387535
6,Acetaldehyde,225.0,-13.701557510730293,-12.251249911116222
6,Acetaldehyde,50.0,-0.27177521375865404,-6.227827707009249
6,Acetaldehyde,50.0,-1.1012778506232674,-6.788341267685461
6,Acetaldehyde,50.0,-1.4054415023286868,-6.69428927851202
6,Acetaldehyde,50.0,-0.6245400158004129,-6.455081680247628
6,Acetaldehyde,50.0,-1.998120110044467,-7.365914669734309
6,Acetaldehyde,50.0,-1.97783504670402,-7.307109496540518
6,Acetaldehyde,50.0,-2.0075850727467626,-7.354813602057291
6,Acetaldehyde,50.0,-2.1680186778622916,-7.468851203824651
6,Acetaldehyde,50.0,-2.0878141935546597,-7.335433676302795
6,Acetaldehyde,50.0,-1.8065921102566966,-7.300793254478659
6,Acetaldehyde,50.0,-1.6728405700345372,-6.356766096641562
6,Acetaldehyde,75.0,-4.577248626743872,-7.1821767877953535
6,Acetaldehyde,100.0,-6.248087673719892,-8.05973154361584
6,Acetaldehyde,125.0,-7.838266602692784,-8.993295054962612
6,Acetaldehyde,150.0,-9.1710802178571,-9.621132973858078
6,Acetaldehyde,175.0,-10.215523647482716,-10.367227630847507
6,Acetaldehyde,200.0,-11.671126207381256,-10.941644235049656
6,Acetaldehyde,225.0,-12.70223408770468,-11.592613675210734
6,Acetaldehyde,250.0,-14.076977993079828,-12.174850084057981
6,Ethanol,250.0,1.6268415294996763,-0.37118855137286055
6,Ethanol,250.0,2.252204577018929,-0.6586490102242502
6,Ethanol,250.0,2.7319119993139322,-0.8034164860776474
6,Ethanol,250.0,3.0094612333495934,-0.7864933505921554
6,Ethanol,250.0,3.202696332455517,-0.8308861845750833
6,Ethanol,250.0,3.3183160629158257,-0.9478883728609442
6,Ethanol,250.0,3.4587227514617482,-0.921221748197096
6,Ethanol,250.0,3.590382892397266,-0.9063305030598839
6,Ethanol,250.0,3.5450261366326066,-0.9247531636170951
6,Ethanol,250.0,3.609378569036751,-0.9204405466311417
6,Ethanol,250.0,3.479271808777251,-0.9387283654105315
6,Ethanol,250.0,3.353789589484458,-1.1019910168192542
6,Ethanol,250.0,3.2881031365325204,-1.1321021215017466
6,Ethanol,250.0,3.39012571898028,-1.1914984912377133
6,Ethanol,250.0,3.4103598521789786,-1.3405729764516472
6,Ethanol,250.0,3.464685170239881,-1.3286575540135988
6,Ethanol,250.0,3.5136010026330506,-1.3750851661193715
6,Ethanol,250.0,3.6154790510543755,-1.4277945288233655
6,Ethanol,250.0,3.562596577809219,-1.409421872825072
6,Ethanol,250.0,3.569790364047211,-1.4478142696758596
6,Ethanol,250.0,3.595734449107091,-1.4515999319911013
6,Ethanol,250.0,3.6708660859006312,-1.4305453377253388
6,Ethanol,250.0,3.532067935981632,-1.5618871360225035
6,Ethanol,250.0,3.57082250453871,-1.606477068318961
6,Ethanol,250.0,3.6178565417385973,-1.5732843861850794
6,Ethanol,250.0,3.7319240588913947,-1.5184528566035553
6,Ethanol,250.0,3.8028851736647074,-1.4998359749768968
6,Ethanol,250.0,3.9145951385756574,-1.4224424273253369
6,Ethanol,250.0,3.870288749776949,-1.443709394578264
6,Ethanol,250.0,3.8584794881571365,-1.450179087551205
6,Ethanol,250.0,3.8100758778649544,-1.416002954595651
6,Ethanol,250.0,3.958265523328492,-1.4825822778095779
6,Ethanol,250.0,4.055461453967348,-1.4337878044187233
6,Ethanol,250.0,4.095380381432799,-1.439991835035662
6,Ethanol,250.0,4.086684445011356,-1.4263373594566457
6,Ethanol,250.0,4.019515126754003,-1.5278798320569298
6,Ethanol,250.0,4.052294616498014,-1.4947648254791412
6,Ethanol,250.0,4.0470475582635,-1.5146890536832789
6,Ethanol,250.0,4.039495597845234,-1.5256840364856328
6,Ethanol,250.0,4.126545436670232,-1.4953749735981987
6,Ethanol,250.0,4.186126515223125,-1.4979917731649843
6,Ethanol,250.0,4.120406191226028,-1.5333629860177893
6,Ethanol,250.0,4.175097712696395,-1.5371164372827526
6,Ethanol,250.0,4.179310484379571,-1.4954008688197715
6,Ethanol,250.0,4.186952997811912,-1.5079609087682677
6,Ethanol,250.0,4.227435106023435,-1.5101386820777287
6,Ethanol,250.0,4.1741721438056905,-1.467617424452157
6,Ethanol,250.0,4.2184765834624045,-1.46976781259937
6,Ethanol,250.0,4.273392325063291,-1.4595058063795168
6,Ethanol,250.0,4.17447728964568,-1.536554802013164
6,Ethanol,250.0,4.1703248233437025,-1.4872169514044487
6,Ethanol,250.0,3.1761738150943057,-1.785600689314629
6,Ethanol,250.0,3.8189499847677606,-1.6230563486795253
6,Ethanol,250.0,3.905771437921547,-1.563686187853783
6,Ethanol,250.0,3.9897217865359407,-1.567410199830402
6,Ethanol,250.0,4.120718881455476,-1.5001083711716707
6,Ethanol,250.0,4.230998181008783,-1.4897809475520452
6,Ethanol,250.0,4.200302406603034,-1.5484061627052224
6,Ethanol,250.0,4.3348082456774515,-1.4983231621937774
6,Ethanol,250.0,4.329578318650706,-1.4948944143161482
6,Ethanol,250.0,4.220694085948649,-1.4916027952574367
6,Ethanol,250.0,4.255196545957429,-1.4555677413363328
6,Ethanol,250.0,4.32748982178925,-1.4877902560646643
6,Ethanol,250.0,4.344019658843811,-1.480866215054714
6,Ethanol,250.0,4.370350153237654,-1.4120913416162384
6,Ethanol,250.0,4.426031436111823,-1.4754597724674599
6,Ethanol,250.0,4.40795191484949,-1.460806506816519
6,Ethanol,250.0,4.353654520828042,-1.4813312177508426
6,Ethanol,250.0,4.453428422379179,-1.4530942808029599
6,Ethanol,250.0,4.377977107099306,-1.4737280112350575
6,Ethanol,250.0,4.4100094641232195,-1.4759051302432271
6,Ethanol,250.0,4.297040470969972,-1.5160592263824069
6,Ethanol,250.0,4.391530285722411,-1.4742818187216804
6,Ethanol,250.0,4.439361862325871,-1.4152993541022194
6,Ethanol,250.0,4.327806120145858,-1.5049271464448502
6,Ethanol,250.0,4.369835115816762,-1.5010915256480273
6,Ethanol,250.0,4.39376295662312,-1.4762832545395042
6,Ethanol,250.0,4.403059029585935,-1.463907348827622
6,Ethanol,250.0,4.315312208708088,-1.5001645595138946
6,Ethanol,250.0,4.407957056279724,-1.4498878056306206
6,Ethanol,250.0,4.367562408683596,-1.4443772216246173
6,Ethanol,250.0,4.410261920851984,-1.4674667088915607
6,Ethanol,250.0,4.4669858911508795,-1.4277125060772577
6,Ethanol,250.0,4.4697754270906165,-1.4210675834239157
6,Ethanol,250.0,4.462150717818196,-1.4410792599183186
6,Ethanol,250.0,4.4004349514974335,-1.4540583019317233
6,Ethanol,250.0,4.49248654230266,-1.3875096316344937
6,Ethanol,250.0,4.337953457855773,-1.4777380887677756
6,Ethanol,250.0,4.3849380731840295,-1.489947425635229
6,Ethanol,250.0,4.498946288054339,-1.4619090596502582
6,Ethanol,250.0,4.443475570570451,-1.44192876118879
6,Ethanol,250.0,4.530515655549993,-1.4363658152450531
6,Ethanol,250.0,4.554570851703059,-1.4697463427502342
6,Ethanol,250.0,4.496645134797181,-1.4683035693630444
6,Ethanol,250.0,4.518087923392652,-1.452086494771549
6,Ethanol,250.0,4.530000703380752,-1.4823236412475507
6,Ethanol,250.0,4.531533880455047,-1.4580625545253059
6,Ethanol,250.0,4.532996329495789,-1.444316296539652
6,Ethanol,250.0,4.565366449074557,-1.4823094363576432
6,Ethanol,250.0,4.529190018546031,-1.4783763785817152
6,Ethanol,250.0,4.5705428137011985,-1.4637434472447832
6,Ethanol,50.0,6.9291330085988,1.6624506381258721
6,Ethanol,75.0,4.266851862865838,1.7675825446832056
6,Ethanol,100.0,1.7817907353656521,1.7202451381534491
6,Ethanol,125.0,-0.8582355222483073,1.7061275506494218
6,Ethanol,150.0,-2.3141173322022586,1.700977126999309
6,Ethanol,175.0,-4.131316963274111,1.6701509574830526
6,Ethanol,200.0,-5.898922618607618,1.6702579961720863
6,Ethanol,225.0,-7.712351499826447,1.7918520050899605
6,Ethanol,250.0,-9.433188702996263,1.7939727861964416
6,Ethylene,200.0,-2.5679602080874093,-0.7735742003569265
6,Ethylene,200.0,-2.4875041904998043,-0.3702072748496728
6,Ethylene,200.0,-3.0612926600502375,-0.26327252500325665
6,Ethylene,200.0,-2.4093194641533917,-0.32701402524949313
6,Ethylene,200.0,-3.689328188104365,-0.958104091144691
6,Ethylene,200.0,-3.614429757784631,-0.806386808201807
6,Ethylene,200.0,-3.9454900040630596,-0.8421583055800648
6,Ethylene,200.0,-3.8606735062483764,-0.9620937225824712
6,Ethylene,200.0,-3.8560743346457493,-0.8140896686267012
6,Ethylene,200.0,-3.3115409431564364,-0.871805866587363
6,Ethylene,200.0,-3.8578581657822975,-0.9561667359574919
6,Ethylene,200.0,-3.1525709392561287,-0.8450848323341041
6,Ethylene,200.0,-3.8724716521388505,-0.9521575712180532
6,Ethylene,200.0,-3.595238118266159,-0.9696683476870056
6,Ethylene,200.0,-3.5847384555683415,-0.5399737467933811
6,Ethylene,200.0,-3.5036393695299073,-0.46187285185750276
6,Ethylene,200.0,-4.045021259205307,-1.0090684085743646
6,Ethylene,200.0,-4.095591264899407,-1.02797551036411
6,Ethylene,200.0,-3.1825838303926757,-0.7148697884376285
6,Ethylene,200.0,-2.2979875698331114,-0.5143628147550248
6,Ethylene,50.0,4.701475928181605,-0.6273153258195101
6,Ethylene,75.0,2.9838488713469102,-0.5974800965948416
6,Ethylene,100.0,1.5611717739002204,-0.6256113968171061
6,Ethylene,125.0,0.28716098573017723,-0.8364140425263265
6,Ethylene,150.0,-0.9707209560477353,-0.9035201622749577
6,Ethylene,175.0,-2.155988009214765,-1.0763572545587088
6,Ethylene,200.0,-3.294844378874929,-1.211757437130821
6,Ethylene,225.0,-4.566611564949446,-1.3312491397405468
6,Ethylene,250.0,-5.89082458766878,-1.6861720658275727
6,Ammonia,250.0,-9.066800546845956,1.1602976091298804
6,Ammonia,250.0,-9.011933417343243,1.3405043506180794
6,Ammonia,250.0,-9.190826347422666,1.3506442810349923
6,Ammonia,250.0,-8.977085950089606,1.4137869527046958
6,Ammonia,250.0,-9.206208545562886,1.4551231321678986
6,Ammonia,250.0,-9.259226466363907,1.5485317699971506
6,Ammonia,250.0,-9.380740053381508,1.502609494142397
6,Ammonia,250.0,-9.140892000902662,1.5257064622656662
6,Ammonia,250.0,-9.278267761280365,1.2519456206215847
6,Ammonia,250.0,-9.382200372627842,1.3650755477578493
6,Ammonia,250.0,-9.114373653473761,1.397615177643512
6,Ammonia,250.0,-9.122899279990591,1.4090896357194824
6,Ammonia,250.0,-9.22163936073491,1.4031086982397896
6,Ammonia,250.0,-9.106316290302654,1.419176494128977
6,Ammonia,250.0,-9.102294830104809,1.4100677180940746
6,Ammonia,250.0,-9.107853214923315,1.4748983104353477
6,Ammonia,250.0,-9.11170625922137,1.3780669058981936
6,Ammonia,250.0,-9.190109054008577,1.2637010271860007
6,Ammonia,250.0,-8.876266008525489,1.287844041000551
6,Ammonia,250.0,-9.05019224104839,1.2261763935520091
6,Ammonia,250.0,-8.672988927576212,1.3318148692331633
6,Ammonia,250.0,-8.928429949025984,1.5538200840962744
6,Ammonia,250.0,-8.940986527698342,1.5378461718430123
6,Ammonia,250.0,-8.989636244630034,1.4254109163682114
6,Ammonia,250.0,-8.933339281178723,1.601048964299465
6,Ammonia,250.0,-8.919802445120256,1.46872720956677
6,Ammonia,250.0,-9.041695397345922,1.3993217222638832
6,Ammonia,250.0,-8.983094515864357,1.5880476069668092
6,Ammonia,250.0,-9.265001018037466,1.5414283362911743
6,Ammonia,250.0,-8.945208371735719,1.6850002188411244
6,Ammonia,250.0,-8.937828421441095,1.6442521600029927
6,Ammonia,250.0,-8.913829320723542,1.5750976352818793
6,Ammonia,250.0,-9.059833711268379,1.4587943832204155
6,Ammonia,250.0,-9.120183547315655,1.5367945388455961
6,Ammonia,250.0,-8.886454558542576,1.5726360387281473
6,Ammonia,250.0,-9.101650380666293,1.461477374514838
6,Ammonia,250.0,-9.133652938121744,1.7413273868549821
6,Ammonia,250.0,-9.051178169138302,1.7014512329120866
6,Ammonia,250.0,-9.233595230784616,1.4299228280490937
6,Ammonia,250.0,-8.982023825569176,1.488942070675729
6,Ammonia,250.0,-8.905940498974342,1.3180394614810211
6,Ammonia,250.0,-9.104583267558638,1.4915422072937385
6,Ammonia,250.0,-9.247808188610504,1.5695474081740504
6,Ammonia,250.0,-9.060042809514357,1.8090280466714488
6,Ammonia,250.0,-9.246183870498566,1.6038366107477353
6,Ammonia,250.0,-9.09713465997972,1.51784600888526
6,Ammonia,250.0,-9.158028138885403,1.4870278726561863
6,Ammonia,250.0,-9.089301858140633,1.4623341695918404
6,Ammonia,250.0,-8.966029181050557,1.4489970888286217
6,Ammonia,250.0,-8.73627654895958,1.4577337080490425
6,Ammonia,250.0,-8.903294058001206,1.4478991095646665
6,Ammonia,250.0,-9.327027199879904,1.617805861356256
6,Ammonia,250.0,-9.146670957721378,1.5506120865430362
6,Ammonia,250.0,-9.333704204616987,1.657885770188985
6,Ammonia,250.0,-9.21295839379682,1.6038969773767202
6,Ammonia,175.0,-4.127268153670883,2.3967653632186536
6,Ammonia,175.0,-4.779917663561976,2.236855986116114
6,Ammonia,175.0,-4.973643947296916,2.2983525394752844
6,Ammonia,175.0,-4.220563032779585,2.3426161069328053
6,Ammonia,175.0,-5.677506660083579,2.1115701630446178
6,Ammonia,175.0,-5.550914305678578,2.3241233339898733
6,Ammonia,175.0,-5.642210040889767,2.1305653533569884
6,Ammonia,175.0,-5.768815753964758,2.2930269822479663
6,Ammonia,175.0,-5.759607097603761,2.3388467772589308
6,Ammonia,175.0,-5.390523671225403,2.210740620679424
6,Ammonia,175.0,-5.672820222099912,2.378611417919471
6,Ammonia,175.0,-5.273251872043193,2.379515614086353
6,Ammonia,175.0,-5.852918717769394,2.26224470704752
6,Ammonia,175.0,-5.857689911955634,2.2773443511100853
6,Ammonia,175.0,-5.272741075173784,2.3547659501756812
6,Ammonia,175.0,-5.251148652574251,2.4698942435942493
6,Ammonia,175.0,-6.116162701410108,2.1848244882411287
6,Ammonia,175.0,-6.3524241193312525,2.2612713104165763
6,Ammonia,175.0,-5.500957039300861,2.3663373159838414
6,Ammonia,175.0,-4.716515805059607,2.3806208701800364
6,Ammonia,175.0,-5.0397002689520205,2.36628613916964
6,Ammonia,175.0,-6.086510910829774,1.6985166551758408
6,Ammonia,175.0,-6.415366014640198,1.9663050191737221
6,Ammonia,175.0,-5.520177229823694,1.8082620209525677
6,Ammonia,175.0,-7.305448035759337,1.6436919539576478
6,Ammonia,175.0,-7.007692838088143,1.8727451107729756
6,Ammonia,175.0,-7.218379250949003,1.6362253991692537
6,Ammonia,175.0,-7.20504507484329,1.98490462117297
6,Ammonia,175.0,-7.028064799817117,1.948149821040965
6,Ammonia,175.0,-6.764054135326245,1.723080485406916
6,Ammonia,200.0,-7.723748609052073,2.265541935819214
6,Ammonia,200.0,-8.406327414127277,2.229757623883261
6,Ammonia,200.0,-8.554621630932223,2.3224555281457553
6,Ammonia,200.0,-7.83108861276662,2.191578456263316
6,Ammonia,200.0,-9.422837930739593,1.934242736591451
6,Ammonia,200.0,-9.035909424303545,1.9312995940451094
6,Ammonia,200.0,-9.53435863848658,1.9408769777177746
6,Ammonia,200.0,-9.390748906902399,2.2453984026804847
6,Ammonia,200.0,-9.090097526094784,2.414711598532776
6,Ammonia,200.0,-9.053239558554338,2.060191791571374
6,Ammonia,50.0,6.360375663593795,1.6685711091913749
6,Ammonia,75.0,3.275191830568683,1.7337632506772112
6,Ammonia,100.0,0.481153059764734,1.4187083978995594
6,Ammonia,125.0,-1.4851263521393532,1.3744239592157146
6,Ammonia,150.0,-2.805413434657888,1.3413135603342088
6,Ammonia,175.0,-4.315249242900106,1.280625140296105
6,Ammonia,200.0,-5.69988732908184,1.2240224157192678
6,Ammonia,225.0,-6.967107908773045,1.4879564171099207
6,Ammonia,250.0,-8.494175427258751,1.5514368671395926
6,Ammonia,250.0,-1.0717062889898619,1.6061427800465322
6,Ammonia,150.0,4.622560627245233,1.473516335176854
6,Ammonia,50.0,9.5574351008594,0.8842590689315377
6,Ammonia,225.0,2.057165902770187,1.4779499657181128
6,Ammonia,75.0,8.138124456865054,0.8063278604110906
6,Ammonia,175.0,4.438754641776149,1.4614294781158745
6,Ammonia,200.0,3.8782150822999824,1.5778620268013555
6,Ammonia,100.0,6.9232686910294285,0.8566532672168412
6,Ammonia,125.0,6.543184535178025,1.4920061550936377
6,Ammonia,175.0,4.4839144050841435,1.595193816600314
6,Ammonia,200.0,3.1400267742892694,1.7420405124172458
6,Ammonia,100.0,6.320233397466485,1.024467051043293
6,Ammonia,125.0,5.4237471184882144,1.7512330031054082
6,Ammonia,250.0,-1.170024648398531,2.0721500991496646
6,Ammonia,150.0,2.792584113776282,2.089455413997253
6,Ammonia,50.0,8.650012162599639,1.1433535903551355
6,Ammonia,225.0,-2.5395618433174487,2.618154358226085
6,Ammonia,75.0,6.009179315743224,1.336380891488882
6,Ammonia,225.0,-3.834156651099761,2.923794603599918
6,Ammonia,75.0,5.778171870267663,1.5583380076879174
6,Ammonia,175.0,-1.5053490462038133,2.7842387071480705
6,Ammonia,200.0,-3.593054194215535,2.9363586110797897
6,Ammonia,100.0,2.6374154103813034,1.6713076926391333
6,Ammonia,125.0,1.1911792839618662,2.6388634810405858
6,Ammonia,250.0,-8.261958110947774,2.8921426133364805
6,Ammonia,150.0,-0.8684718162737893,2.7593415048406253
6,Ammonia,50.0,7.768536060646263,1.4129955294468792
6,Ammonia,125.0,0.5769543296945666,2.5985700756889694
6,Ammonia,250.0,-7.8066268860073595,2.6476359178307853
6,Ammonia,150.0,-0.6163085437277448,2.718633532285539
6,Ammonia,50.0,7.725004056042559,1.37846388039002
6,Ammonia,225.0,-6.60264719457841,2.889330661395338
6,Ammonia,75.0,5.160117920247141,1.626699386590944
6,Ammonia,175.0,-2.3878347511250873,2.9335986380783514
6,Ammonia,200.0,-3.9925801309757576,2.987422196911361
6,Ammonia,100.0,2.604612718422222,1.6979841804657456
6,Toluene,20.0,6.841722169371073,0.6767267534013037
6,Toluene,30.0,5.601005955249087,0.7713597586393357
6,Toluene,40.0,4.64302796684667,0.7926776919411875
6,Toluene,50.0,3.7376537582159313,0.8196670222833755
6,Toluene,60.0,2.7475461746192735,0.7629941954701235
6,Toluene,70.0,2.002678219852125,0.7382215245312336
6,Toluene,80.0,1.2829211869096482,0.6991574680069413
6,Toluene,90.0,0.7630578887498491,0.5735388119687465
6,Toluene,100.0,0.19831437092053358,0.5805413530843594
6,Acetone,50.0,2.296696303143466,0.10752568561072587
6,Acetone,250.0,-13.367083879095267,-0.31933905691929876
6,Acetone,125.0,-4.6590571895736925,0.15534993392697688
6,Acetone,175.0,-8.023289812617136,0.13603333585655117
6,Acetone,200.0,-10.73348018692626,-0.33097881809825785
6,Acetone,75.0,-0.10398393434925962,0.16656568848470993
6,Acetone,100.0,-2.4284692356965722,0.11961830186600335
6,Acetone,225.0,-11.68584842996253,-0.3440586066791246
6,Acetone,150.0,-7.335655327525501,-0.49922749654108683
6,Acetone,75.0,-0.20178469701461124,0.027819892844042574
6,Acetone,100.0,-2.6565243099476636,0.04247439647123518
6,Acetone,225.0,-11.847038814325964,-0.32021681009451247
6,Acetone,150.0,-7.35321851491607,-0.4622882131696719
6,Acetone,50.0,2.170316470133971,-0.16064516971102327
6,Acetone,250.0,-13.515696099490011,-0.8619760325558389
6,Acetone,125.0,-4.84621995004521,-0.24218517833382475
6,Acetone,175.0,-8.432333177858936,-0.259624703191414
6,Acetone,200.0,-11.230793889898282,-0.716766721013288
6,Acetone,75.0,-0.3373327649240241,-0.1228027886951149
6,Acetone,100.0,-2.677043525928822,-0.11115038740660506
6,Acetone,225.0,-11.76055850130813,-0.6168148933694954
6,Acetone,150.0,-7.557674213817851,-0.6413362158277152
6,Acetone,50.0,1.9598770430774464,-0.044861654512748414
6,Acetone,250.0,-13.480313302584026,-1.0559644279718814
6,Acetone,125.0,-4.835699957774632,-0.27480539390042846
6,Acetone,175.0,-8.799281116281351,-0.304835282041251
6,Acetone,200.0,-11.425571336921669,-0.8510032831235768
6,Acetone,50.0,0.9835565019318231,-1.083789999361943
6,Acetone,75.0,-1.6932582107805152,-1.0927187120647768
6,Acetone,100.0,-3.924950921151352,-1.0223836577954202
6,Acetone,125.0,-6.081460180543082,-0.9480848767005888
6,Acetone,150.0,-7.817265482290206,-0.8932708939918677
6,Acetone,175.0,-9.4419713603237,-0.9737906695237654
6,Acetone,200.0,-10.958987476446671,-1.0140103658206119
6,Acetone,225.0,-12.375937344690414,-1.0431062038753882
6,Acetone,250.0,-13.79237766124833,-1.1406463779401255
6,Acetone,175.0,-9.124758352480816,-0.9017125110100452
6,Acetone,200.0,-10.904981112906125,-0.9208430183700184
6,Acetone,225.0,-12.519929548135147,-1.0214411852934202
6,Acetone,250.0,-13.907128337443222,-1.230351892265966
6,Acetone,50.0,0.8055162885076529,-1.11261174372414
6,Acetone,75.0,-1.868283132649237,-1.1133352389184399
6,Acetone,100.0,-4.062068047363252,-1.0557372148095079
6,Acetone,125.0,-6.216061692375464,-1.0092022086869863
6,Acetone,150.0,-8.022145288017482,-1.0166481504330545
6,Acetone,50.0,0.050872789851033856,-1.4080471227836286
6,Acetone,50.0,-0.8885677022958547,-1.6040551541994998
6,Acetone,50.0,-0.7806225170040235,-1.9516321585075558
6,Acetone,50.0,-0.5171735995644705,-1.6505230307422527
6,Acetone,50.0,-0.21250210004385575,-1.8464063442307819
6,Acetone,50.0,-0.3198517279683703,-1.8554264308547301
6,Acetone,50.0,-0.3422740081840997,-1.8692142140963688
6,Acetone,50.0,-0.36050059882689917,-1.8683591845698606
6,Acetone,50.0,-0.25619924506521613,-1.8024258647776745
6,Acetone,50.0,-0.43202516150126025,-1.8837006757368333
6,Acetone,50.0,-0.4061551623006327,-1.849967866111097
6,Acetone,50.0,-0.32033858918686564,-1.8457759798818747
6,Acetone,50.0,-0.3349037279906151,-1.900382020708486
6,Acetone,50.0,-0.24449420913799383,-1.8187372916601354
6,Acetone,50.0,-0.36840189927305855,-1.825588120015357
6,Acetone,50.0,-0.3984133092482539,-1.9008043057039141
6,Acetone,50.0,-0.3640784708502635,-1.8609609573848995
6,Acetone,50.0,-0.4560242857778754,-1.9253133397435453
6,Acetone,50.0,-0.3946723105297052,-1.824774548178942
6,Acetone,50.0,-0.31059975124816863,-1.8119827918217954
6,Acetone,50.0,-0.40003912686841747,-1.801640634774328
6,Acetone,50.0,-0.3932502258643113,-1.8451012386197843
6,Acetone,50.0,-0.5053424701313354,-1.8699293235988772
6,Acetone,50.0,-0.40587687659921706,-1.8761276637743443
6,Acetone,50.0,-0.4706304155074413,-1.6975450498487814
6,Acetone,50.0,-0.5305946574525848,-1.8966294302512785
6,Acetone,50.0,-0.5343088134157048,-1.919126736974735
6,Acetone,50.0,-0.5484069992285969,-1.9012187644680412
6,Acetone,50.0,-0.5898212842518541,-1.9022690820324257
6,Acetone,50.0,-0.49603589691800004,-1.8331942433453774
6,Acetone,50.0,-0.49311675433783914,-1.811089848237616
6,Acetone,50.0,-0.5345520593165801,-1.8739640025017803
6,Acetone,50.0,-0.5350974429475591,-1.9019674375858453
6,Acetone,50.0,-0.5877592099024479,-1.8989614916274387
6,Acetone,50.0,-0.49500913170253563,-1.8432826348093625
6,Acetone,50.0,-0.5661683311594229,-1.9028752628334917
6,Acetone,50.0,-0.6519611097514122,-1.9487998903837087
6,Acetone,50.0,-0.5605190688481104,-1.8876594323123255
6,Acetone,50.0,-0.5971152309041418,-1.9041828193981107
6,Acetone,50.0,-0.630944173500035,-1.8056128195865673
6,Acetone,50.0,-0.5703350792008097,-1.926223088515214
6,Acetone,50.0,-0.6165056892367188,-1.8537162776877378
6,Acetone,50.0,-0.6021770874392424,-1.8522762767021863
6,Acetone,50.0,-0.6540734204782185,-1.846411324309425
6,Acetone,50.0,-0.6474012530649752,-1.8573097945779864
6,Acetone,50.0,-0.5454186563340804,-1.8569450949575272
6,Acetone,50.0,-0.5922308407345012,-1.8517711822341045
6,Acetone,50.0,-0.71468269799386,-1.9248139278886778
6,Acetone,50.0,-0.6350095459060559,-1.8644158294883093
6,Acetone,50.0,-0.5781803856684706,-1.818562155259118
6,Acetone,50.0,-0.5286084895188392,-1.83160860900401
6,Acetone,50.0,-0.5566726342695498,-1.835978343286095
6,Acetone,50.0,-0.6646608150506145,-1.9085085619541085
6,Acetone,50.0,-0.6569419126083453,-1.854003263836717
6,Acetone,50.0,-0.5770186877934625,-1.8715172837516392
6,Acetone,50.0,-0.7029681637492162,-1.77101899128008
6,Acetone,50.0,-0.6911311683093758,-1.9526716972152367
6,Acetone,50.0,-0.6432406370886102,-1.8348596862370758
6,Acetone,50.0,-0.686110033310659,-1.8458361180621843
6,Acetone,50.0,-0.6952345232717992,-1.9416076668741191
6,Acetone,50.0,-0.7878817198024644,-1.9366418129754515
6,Acetone,50.0,-0.7188405065807747,-1.926851527653492
6,Acetone,50.0,-0.6026414874597036,-1.835237289725071
6,Acetone,50.0,-0.6259218761780058,-1.8888985567610042
6,Acetone,50.0,-0.6695196916833536,-1.8987727742202136
6,Acetone,50.0,-0.6465528996450621,-1.8407672619477549
6,Acetone,50.0,-0.7472960213546394,-1.9126968885217164
6,Acetone,50.0,-0.6332330212923947,-1.8777284745731555
6,Acetone,50.0,-0.6563858529107082,-1.904984383330275
6,Acetone,50.0,-0.6317881848241369,-1.8142308368284648
6,Acetone,50.0,-0.6523458171276781,-1.9003225672279525
6,Acetone,50.0,-1.348078825548923,-1.6803125430791095
6,Acetone,50.0,-0.7811007378445866,-1.979589721463379
6,Acetone,50.0,-0.7966063981687711,-1.9341130401959596
6,Acetone,50.0,-0.639223474768296,-1.8587932344714964
6,Acetone,50.0,-0.796893613490573,-1.9119454086987113
6,Acetone,50.0,-0.6873693384532247,-1.8742214848627492
6,Acetone,50.0,-0.7536088772018643,-1.865745050928363
6,Acetone,50.0,-0.6869884146166464,-1.8723970161602799
6,Acetone,50.0,-0.7127528406733994,-1.8947808282607312
6,Acetone,50.0,-0.7460364666014329,-1.8694385298503453
6,Acetone,50.0,-0.7172208924807386,-1.8360040597969387
6,Acetone,50.0,-0.7934326726737737,-1.8928658503156457
6,Acetone,50.0,-0.6928604829090959,-1.8915621090182964
6,Acetone,50.0,-0.7108320914057038,-1.8216999989451508
6,Acetone,50.0,-0.7882083453640797,-1.9409111643298
6,Acetone,50.0,-0.7047892079469461,-1.8850812177530598
6,Acetone,50.0,-0.8202483719942679,-1.9564222752044047
6,Acetone,50.0,-0.7364623907744817,-1.9104740217909928
6,Acetone,50.0,-0.8652974990282595,-1.9636329289444343
6,Acetone,50.0,-0.769762720916947,-1.8476289002793387
6,Acetone,50.0,-0.8031053885672923,-1.8858289433081528
6,Acetone,50.0,-0.7737767808829538,-1.9092021377440227
6,Acetone,50.0,-0.8041544963636845,-1.9191402658147805
6,Acetone,50.0,-0.7890067461657938,-1.8993955697215186
6,Acetone,50.0,-0.7252139972327244,-1.8440999637818094
6,Acetone,50.0,-0.7889266825788913,-1.878065695246676
6,Acetone,50.0,-0.8761052758938397,-1.9494942805958495
6,Acetone,50.0,-0.7278646359635196,-1.893448589781835
6,Acetone,50.0,-0.8538278500792698,-1.933168679418537
6,Acetone,50.0,-0.7154618576163448,-1.6197390648381902
6,Acetone,50.0,-0.8565545137888774,-1.9313595564066133
6,Acetone,50.0,-0.7525863064490396,-1.905529734646032
6,Acetone,50.0,-0.9067502372754954,-1.4736490872385795
6,Acetone,50.0,-0.5013716227337146,-2.169820027926977
6,Acetone,100.0,-2.2860621721046885,-0.29453551106764775
6,Acetone,10.0,6.03937318837741,-1.4645591863423661
6,Acetone,100.0,-2.2150025334356247,-0.3847977642622242
6,Acetone,10.0,6.270964648836852,-1.4446053545501718
6,Acetone,100.0,-2.323089294996132,-0.38606022257686573
6,Acetone,10.0,6.287020913645657,-1.281381483451449
6,Acetone,100.0,-2.7280031378189573,-0.44648663956964163
6,Acetone,10.0,6.14629892635213,-1.47833763242295
6,Acetone,100.0,-2.8821725153007907,-0.5549314632412268
6,Acetone,10.0,6.1260362602272975,-1.5042415526302853
6,Acetone,100.0,-2.8700743694871793,-0.5714901932905913
6,Acetone,10.0,6.0060133747333415,-1.5956169813503491
6,Acetone,100.0,-3.0897450785584724,-0.6421546271966905
6,Acetone,10.0,5.909289696712157,-1.6562277807558095
6,Acetone,100.0,-2.9646026393566154,-0.6208772604180187
6,Acetone,10.0,5.895891649821572,-1.6689622302186877
6,Acetone,100.0,-3.1010343706427563,-0.6229778279975545
6,Acetone,10.0,6.0339816660965,-1.5503414626380243
6,Acetone,100.0,-3.215997816124953,-0.7260682997172831
6,Acetone,10.0,5.9156819374840905,-1.6009868379543146
6,Acetone,100.0,-3.223864044952141,-0.7583574607204149
6,Acetone,10.0,5.920064447088746,-1.6362743714049741
6,Acetone,100.0,-3.290700204671714,-0.7546894793210235
6,Acetone,10.0,5.912399857340559,-1.6056689250427976
6,Acetone,100.0,-3.104221382086493,-0.6677425032228396
6,Acetone,10.0,5.917372699080736,-1.6455577084366202
6,Acetone,100.0,-3.1684738302151745,-0.6781355456913833
6,Acetone,10.0,5.8767692178316375,-1.6521898043473455
6,Acetone,100.0,-3.1368685971210257,-0.6940216325010955
6,Acetone,10.0,5.786744354111663,-1.6414485811618698
6,Acetone,100.0,-3.060751506494564,-0.6326136478527424
6,Acetone,10.0,5.775291189364947,-1.735876443123215
6,Acetone,100.0,-3.0742377682602826,-0.6459565168526412
6,Acetone,10.0,5.743922420260613,-1.7358283756126909
6,Acetone,100.0,-3.1623727735585065,-0.6518549446248879
6,Acetone,10.0,5.8204817580088,-1.6406616954348883
6,Acetone,100.0,-3.1295005464571317,-0.7838274442964894
6,Acetone,10.0,5.863352754229322,-1.5362330233409207
6,Acetone,100.0,-3.2577036639510966,-0.7003419086600116
6,Acetone,10.0,5.904674793851999,-1.6095651877215749
6,Acetone,100.0,-3.3067398132657853,-0.7903034759690581
6,Acetone,10.0,5.7514604118868755,-1.7357231097652126
6,Acetone,100.0,-3.249100904342522,-0.7702721281104542
6,Acetone,10.0,5.87701551771323,-1.620404429982845
6,Acetone,100.0,-3.25176846269258,-0.7595142068523293
6,Acetone,10.0,5.872278961247244,-1.681588679353123
6,Acetone,100.0,-3.3817832547083846,-0.6376953007508234
6,Acetone,10.0,5.674724090691631,-1.838902972164176
6,Acetone,100.0,-3.4436339874596547,-0.7210139136334311
6,Acetone,10.0,5.6923126005647084,-1.8069455116625988
6,Acetone,100.0,-3.3828431393360767,-0.7910432757457924
6,Acetone,10.0,5.668799658010018,-1.7922523067720346
6,Acetone,100.0,-3.4287320827039833,-0.8283908868319402
6,Acetone,10.0,5.691753990506819,-1.8029119112497387
6,Acetone,100.0,-3.509050750898691,-0.8249059993199656
6,Acetone,10.0,5.6446996863558425,-1.8462484439291011
6,Acetone,100.0,-3.4686551744116256,-0.8617604661866712
6,Acetone,10.0,5.702515567649468,-1.8039453601712887
6,Acetone,100.0,-3.5598077999022584,-0.6767918099019534
6,Acetone,10.0,5.6021456864260815,-1.8572931891897835
6,Acetone,100.0,-3.3273867864943627,-1.192716253989976
6,Acetone,10.0,5.7730767360365025,-1.5890881183016339
6,Acetone,100.0,-3.170248047097164,-1.5247942720084093
6,Acetone,10.0,5.683996684885193,-1.9216707844080316
6,Acetone,100.0,-3.3363063216598983,-1.6869247596977384
6,Acetone,10.0,5.750416486264804,-1.9312373659295152
6,Acetone,100.0,-3.3260729870671875,-1.6583014545583719
6,Acetone,10.0,5.676563193851814,-2.0078205044944237
6,Acetone,100.0,-3.2077022620518596,-1.6385547280978827
6,Acetone,10.0,5.85199387524222,-1.8421583360613296
6,Acetone,100.0,-3.277957567789891,-1.8166432745352554
6,Acetone,10.0,5.627516706555159,-1.6565158073102288
6,Acetone,100.0,-3.62789280729073,-0.9616824008719692
6,Acetone,10.0,5.64586322895442,-1.650241903243471
6,Acetone,100.0,-3.7279712831425824,-1.0013413112189955
6,Acetone,10.0,5.662579300617808,-1.810863115587575
6,Acetone,100.0,-3.691998859366644,-1.0896895376339972
6,Acetone,10.0,5.521174913832148,-1.607298914449279
6,Acetone,100.0,-3.973292812730896,-1.0446348752968349
6,Acetone,10.0,5.455420313127077,-1.7231248514958033
6,Acetone,100.0,-3.8609889106000415,-1.180703386179494
6,Acetone,10.0,5.25821859048003,-2.1385121594751864
6,Acetone,100.0,-3.9379628745197706,-1.3185981007807526
6,Acetone,10.0,5.1633504878810434,-2.0857558409601817
6,Acetone,100.0,-4.0916754888997335,-1.3901239372522707
6,Acetone,10.0,5.174878037875844,-2.04101237153524
6,Acetone,100.0,-3.997621731966933,-1.2766636954810286
6,Acetone,10.0,5.093590303896017,-2.1459121313164022
6,Acetone,100.0,-4.021111605828244,-1.3338110895388766
6,Acetone,10.0,5.253611531099788,-2.1383212686538897
6,Acetone,100.0,-4.166310548431755,-1.4994996384764774
6,Acetone,10.0,5.146973655153419,-2.119233135041345
6,Acetone,100.0,-4.136278014194599,-1.484069289402655
6,Acetone,10.0,4.984611846846215,-2.33510760470688
6,Acetone,100.0,-4.125603690963156,-1.4546329443635464
6,Acetone,10.0,5.055892997115309,-2.3092554232563445
6,Acetone,100.0,-4.2994926216826,-1.5583271672134886
6,Acetone,10.0,4.918264107219912,-2.3921379449984235
6,Acetone,100.0,-4.228871976861474,-1.4552348697201376
6,Acetone,10.0,4.853188050991259,-2.4738145330240404
6,Acetaldehyde,50.0,1.3801382831840494,-4.678646622289142
6,Acetaldehyde,250.0,-12.706724465611762,-10.049944312205678
6,Acetaldehyde,125.0,-4.996011146129505,-7.2332987800305055
6,Acetaldehyde,175.0,-8.31614417269562,-8.367152907345362
6,Acetaldehyde,200.0,-9.828344040886382,-9.558246912467188
6,Acetaldehyde,75.0,-0.7049227529064951,-5.610035380769558
6,Acetaldehyde,100.0,-3.37222058539088,-6.420310058261175
6,Acetaldehyde,225.0,-11.344510215082792,-9.762715421599747
6,Acetaldehyde,150.0,-6.6594136518152425,-8.430552869751342
6,Acetaldehyde,75.0,-1.0261564791169684,-5.847736773608251
6,Acetaldehyde,100.0,-3.138516573611964,-6.397535325583848
6,Acetaldehyde,225.0,-10.916782203584694,-9.612063563915896
6,Acetaldehyde,150.0,-6.588185189913253,-8.455352349022318
6,Acetaldehyde,50.0,1.518384689293498,-4.843824078688162
6,Acetaldehyde,250.0,-11.753420019038193,-10.33289052561538
6,Acetaldehyde,125.0,-4.9352211764022025,-7.879790108050193
6,Acetaldehyde,175.0,-7.80515711325009,-8.62986844252734
6,Acetaldehyde,200.0,-9.403493520565045,-9.713244550599347
6,Acetaldehyde,50.0,1.4480871943922926,-4.848890744731165
6,Acetaldehyde,250.0,-12.123618544380921,-10.334537856003731
6,Acetaldehyde,125.0,-4.418137008493719,-7.354093023954104
6,Acetaldehyde,175.0,-7.6802426152941745,-8.62278522716261
6,Acetaldehyde,200.0,-9.407167481613245,-9.725961010038457
6,Acetaldehyde,75.0,-0.7068973303451555,-5.780371098502885
6,Acetaldehyde,100.0,-2.6024593335853017,-6.529312665367935
6,Acetaldehyde,225.0,-10.573441334860014,-9.990529486963606
6,Acetaldehyde,150.0,-6.1421807260946215,-8.291318644000249
6,Acetaldehyde,50.0,1.4999189637273935,-4.7475101639820165
6,Acetaldehyde,75.0,-1.0249382129909823,-5.675515259778106
6,Acetaldehyde,100.0,-4.00366004251512,-6.407803838188843
6,Acetaldehyde,125.0,-4.974191555806226,-7.179492994822479
6,Acetaldehyde,150.0,-6.440117302732376,-8.003887473675542
6,Acetaldehyde,175.0,-7.888421492935391,-8.705862644700183
6,Acetaldehyde,200.0,-9.336414341793283,-9.42903705705061
6,Acetaldehyde,225.0,-10.705387394488723,-10.198350082928531
6,Acetaldehyde,250.0,-11.776453104444036,-10.61494190716141
6,Acetaldehyde,50.0,9.73705705324436,0.4954509079462688
6,Acetaldehyde,50.0,1.5950866748991415,-3.6382952770255272
6,Acetaldehyde,50.0,1.4422115779828126,-3.6837023753618565
6,Acetaldehyde,50.0,1.5852125341115413,-3.789761591695924
6,Acetaldehyde,50.0,1.9327597150918174,-3.7349045229656577
6,Acetaldehyde,50.0,1.975744878717533,-3.6427463007197645
6,Acetaldehyde,50.0,1.9279703735210207,-3.685040048100403
6,Acetaldehyde,50.0,1.9569538857492719,-3.709231924729896
6,Acetaldehyde,50.0,1.9948818761476157,-3.677106065124796
6,Acetaldehyde,50.0,2.071508159177915,-3.5757316282403
6,Acetaldehyde,50.0,2.028087926082352,-3.772102378273343
6,Acetaldehyde,50.0,1.9766360437987531,-3.7458539929219126
6,Acetaldehyde,50.0,1.7814261749500857,-3.938306439983985
6,Acetaldehyde,50.0,1.7232283788455338,-3.963122292054012
6,Acetaldehyde,50.0,1.6023060438044128,-4.085794913555198
6,Acetaldehyde,50.0,1.518983448675272,-4.153735098419828
6,Acetaldehyde,50.0,1.391077770452687,-4.294368098536594
6,Acetaldehyde,50.0,1.384298624090504,-4.272478370365301
6,Acetaldehyde,50.0,1.298131422986353,-4.393095844750773
6,Acetaldehyde,50.0,1.3210898275634075,-4.345657278604943
6,Acetaldehyde,50.0,1.2820577241341071,-4.444427946792603
6,Acetaldehyde,50.0,1.371629232919761,-4.383240654225533
6,Acetaldehyde,50.0,1.322200556880287,-4.448755078498865
6,Acetaldehyde,50.0,1.421065669215691,-4.3414117474589755
6,Acetaldehyde,50.0,1.3827619027808535,-4.426406777114536
6,Acetaldehyde,50.0,1.401306156485627,-4.401110421623158
6,Acetaldehyde,50.0,1.4245851630156736,-4.380044899646276
6,Acetaldehyde,50.0,1.4744725017919669,-4.387983673873625
6,Acetaldehyde,50.0,1.4230012083806647,-4.352665353686116
6,Acetaldehyde,50.0,1.3885343517964208,-4.426447713875584
6,Acetaldehyde,50.0,1.4749366836403162,-4.4355607696981725
6,Acetaldehyde,50.0,1.4239773428018927,-4.458356120503029
6,Acetaldehyde,50.0,1.464163582755716,-4.3877926296182626
6,Acetaldehyde,50.0,1.546088698605622,-4.378485249681856
6,Acetaldehyde,50.0,1.4670751108954976,-4.445114480906004
6,Acetaldehyde,50.0,1.4863570318084518,-4.526675146883637
6,Acetaldehyde,50.0,1.46016673513607,-4.4738903793636196
6,Acetaldehyde,50.0,1.4452949174817746,-4.485367335653812
6,Acetaldehyde,50.0,1.4586402860497572,-4.475288152245673
6,Acetaldehyde,50.0,1.4622332729195306,-4.489581757587447
6,Acetaldehyde,50.0,1.517354313850885,-4.439053067483169
6,Acetaldehyde,50.0,1.4939725705499394,-4.537792952889826
6,Acetaldehyde,50.0,1.4185358488839248,-4.525448547630465
6,Acetaldehyde,50.0,1.52768948534332,-4.416051547824163
6,Acetaldehyde,50.0,1.5437023879286866,-4.500818196139687
6,Acetaldehyde,50.0,1.5161515746667946,-4.479820384534298
6,Acetaldehyde,50.0,1.415483012286666,-4.478562700542227
6,Acetaldehyde,50.0,1.5845074997176005,-4.450061176407194
6,Acetaldehyde,50.0,1.583634426699044,-4.4952592913280025
6,Acetaldehyde,50.0,1.4659646712031111,-4.508971006351518
6,Acetaldehyde,50.0,1.4989776221969964,-4.488491837825607
6,Acetaldehyde,50.0,1.4894618098072125,-4.504304053496334
6,Acetaldehyde,50.0,1.4709594838920965,-4.543323649796108
6,Acetaldehyde,50.0,1.5451414157059606,-4.4929645226343515
6,Acetaldehyde,50.0,1.5133468270494301,-4.5843160475542035
6,Acetaldehyde,50.0,1.5098070526334757,-4.485207867818509
6,Acetaldehyde,50.0,1.5588535861731387,-4.4906811494613095
6,Acetaldehyde,50.0,1.552478954716326,-4.436414298252376
6,Acetaldehyde,50.0,1.5652542150245938,-4.521139906276006
6,Acetaldehyde,50.0,1.4545873920175576,-4.568107840620125
6,Acetaldehyde,50.0,1.614991867241121,-4.540118951926109
6,Acetaldehyde,50.0,1.638766345016301,-4.495615968674981
6,Acetaldehyde,50.0,1.5512876591060414,-4.540636609080739
6,Acetaldehyde,50.0,1.584652677369894,-4.551187931607553
6,Acetaldehyde,50.0,1.6353335390494113,-4.49648700987516
6,Acetaldehyde,50.0,1.4728355912268452,-4.589266958379233
6,Acetaldehyde,50.0,1.5741608311437498,-4.543535752099562
6,Acetaldehyde,50.0,1.544087169592521,-4.545025029738592
6,Acetaldehyde,50.0,1.5246606712995596,-4.593926347002094
6,Acetaldehyde,50.0,1.5814669341017893,-4.465866745564113
6,Acetaldehyde,50.0,1.560311131478897,-4.561032731287472
6,Acetaldehyde,50.0,1.5436788624571693,-4.518915179354721
6,Acetaldehyde,50.0,1.6170896552367156,-4.532033829869445
6,Acetaldehyde,50.0,1.5631486814712083,-4.5688585813233145
6,Acetaldehyde,50.0,1.5379058590383048,-4.568029394008216
6,Acetaldehyde,50.0,1.7134350520692216,-4.5103517390054675
6,Acetaldehyde,50.0,1.6471704049924933,-4.50333162907274
6,Acetaldehyde,50.0,1.6745034081395267,-4.447426311434536
6,Acetaldehyde,50.0,1.677998194555157,-4.4201372980093945
6,Acetaldehyde,50.0,1.8412928791796161,-4.385276996515249
6,Acetaldehyde,50.0,1.7589557625135992,-4.408985449472498
6,Acetaldehyde,50.0,1.6522800754662803,-4.490893593699503
6,Acetaldehyde,50.0,1.6141506192781672,-4.408255598675276
6,Acetaldehyde,50.0,1.605028958537144,-4.502027954407476
6,Acetaldehyde,50.0,1.5749333439848017,-4.49469331212951
6,Acetaldehyde,50.0,1.5913971549594161,-4.526211796034034
6,Acetaldehyde,50.0,1.6334812167532191,-4.432587312392007
6,Acetaldehyde,50.0,1.5742237614510073,-4.533249306313702
6,Acetaldehyde,50.0,1.5212881574926096,-4.577747044468369
6,Acetaldehyde,50.0,1.5467904214334638,-4.592619400436413
6,Acetaldehyde,50.0,1.4732242369521882,-4.611487929984629
6,Acetaldehyde,50.0,1.4149909655908628,-4.646375800246387
6,Acetaldehyde,50.0,1.581484744786713,-4.582497594845334
6,Acetaldehyde,50.0,1.4507149788004676,-4.636116624941072
6,Acetaldehyde,50.0,1.493482511222779,-4.584838571146443
6,Acetaldehyde,50.0,1.4628451889683225,-4.661567221688477
6,Acetaldehyde,50.0,1.4609472201943643,-4.586703461875275
6,Acetaldehyde,50.0,1.4110709085034556,-4.621306503571125
6,Acetaldehyde,50.0,1.4283685895923708,-4.640988205907818
6,Acetaldehyde,50.0,1.361927825265327,-4.674236616147062
6,Acetaldehyde,50.0,1.3984946719942235,-4.617484507177688
6,Acetaldehyde,50.0,1.4589675495610863,-4.616137117254776
6,Acetaldehyde,50.0,1.4466998770876083,-4.676468999450054
6,Acetaldehyde,50.0,1.4473278657658681,-4.635090345563682
6,Acetaldehyde,50.0,1.3989031063301205,-4.653925154295568
6,Acetaldehyde,50.0,-0.7948754687227804,-4.741205052177641
6,Acetaldehyde,50.0,0.8952908231044583,-4.450683592204895
6,Acetaldehyde,50.0,1.5945245320473578,-4.323903929836866
6,Acetaldehyde,50.0,1.7254051634239072,-4.2591796857387365
6,Acetaldehyde,50.0,1.8045408778818248,-4.355101973914123
6,Acetaldehyde,50.0,2.0039939790292802,-4.335025022544587
6,Acetaldehyde,50.0,1.919220927706915,-4.364107752890893
6,Acetaldehyde,50.0,1.9097520693405068,-4.339211031404114
6,Acetaldehyde,50.0,1.93600601783787,-4.369968033503994
6,Acetaldehyde,50.0,1.9072649985395824,-4.385222403911874
6,Acetaldehyde,50.0,1.8409490751710726,-4.400144553959766
6,Acetaldehyde,50.0,1.743334100397249,-4.481692421771682
6,Acetaldehyde,50.0,1.8794009248352068,-4.391694995015684
6,Acetaldehyde,50.0,1.843426032257424,-4.4502713544290105
6,Acetaldehyde,50.0,1.9644556795903276,-4.359458027405548
6,Acetaldehyde,50.0,1.8209322244432065,-4.44465163245803
6,Acetaldehyde,50.0,1.7392043169786489,-4.405827238617673
6,Acetaldehyde,50.0,1.8626168392327334,-4.39195011772793
6,Acetaldehyde,50.0,1.7911328366983648,-4.410772161460269
6,Acetaldehyde,50.0,1.9004484156247152,-4.443514792525759
6,Acetaldehyde,50.0,1.7400070204172247,-4.4926144348055495
6,Acetaldehyde,50.0,1.7934172507621058,-4.508786867015293
6,Acetaldehyde,50.0,1.6814442359335853,-4.537356514280365
6,Acetaldehyde,50.0,1.7909306221073324,-4.466867417537523
6,Acetaldehyde,50.0,1.8385340245182669,-4.410630950810109
6,Acetaldehyde,50.0,1.8036969865281707,-4.4242411729901985
6,Acetaldehyde,50.0,1.8057858830659526,-4.4603200240465055
6,Acetaldehyde,50.0,1.749602801776532,-4.466609191812638
6,Acetaldehyde,50.0,1.7175541358519109,-4.500028411830683
6,Acetaldehyde,50.0,1.7718158434832365,-4.47593944447182
6,Acetaldehyde,50.0,1.7837255829212688,-4.497715573382111
6,Acetaldehyde,50.0,1.7673550688181838,-4.494150579722013
6,Acetaldehyde,50.0,1.6792540971585548,-4.501750590546562
6,Acetaldehyde,50.0,1.6881794854188998,-4.523464470241645
6,Acetaldehyde,50.0,1.5838057880758372,-4.5801767753141265
6,Acetaldehyde,50.0,1.6189375709002727,-4.571360720576566
6,Acetaldehyde,50.0,1.5901415447138512,-4.645957165851005
6,Acetaldehyde,50.0,1.6001236256904983,-4.63589466059781
6,Acetaldehyde,50.0,1.7275852134084793,-4.483536778671536
6,Acetaldehyde,50.0,1.6461094407894725,-4.540194800262484
6,Acetaldehyde,50.0,1.7677182901163349,-4.489416488099532
6,Acetaldehyde,50.0,1.6865161394879296,-4.527521770067792
6,Acetaldehyde,50.0,1.7855836105732927,-4.4872223413761025
6,Acetaldehyde,50.0,1.6122138335026206,-4.576878516105722
6,Acetaldehyde,50.0,1.5423782532297172,-4.524692609244989
6,Acetaldehyde,50.0,1.7240004976505983,-4.547614281711122
6,Acetaldehyde,50.0,1.6858653801900065,-4.5755673525481795
6,Acetaldehyde,50.0,1.6975504936386487,-4.5998692063996645
6,Acetaldehyde,50.0,1.5851931671108708,-4.650923591900054
6,Acetaldehyde,50.0,1.6388895768414782,-4.575379095710353
6,Acetaldehyde,50.0,1.4034949628237197,-4.6893151814282845
6,Acetaldehyde,50.0,1.5005008766034416,-4.629507735442548
6,Acetaldehyde,50.0,1.5323957657828702,-4.6109481160112695
6,Acetaldehyde,50.0,1.5130174064330035,-4.68173362387854
6,Acetaldehyde,50.0,1.5033818683048337,-4.626039595600899
6,Acetaldehyde,50.0,1.4990550179163766,-4.6328815404061885
6,Acetaldehyde,50.0,1.635968415497769,-4.564299644157801
6,Acetaldehyde,50.0,1.600258575083358,-4.610051940880408
6,Acetaldehyde,50.0,1.6229252197450363,-4.600476970303744
6,Acetaldehyde,50.0,1.5512476973826679,-4.615964892715335
6,Acetaldehyde,50.0,1.5560835124924208,-4.644003085177111
6,Acetaldehyde,50.0,1.5334455322916452,-4.657786720431288
6,Acetaldehyde,50.0,1.6041599468828087,-4.575292875823189
6,Acetaldehyde,50.0,1.5666507288078018,-4.616538357360568
6,Acetaldehyde,50.0,1.5792728950796038,-4.624068062294511
6,Acetaldehyde,50.0,1.6054253501270617,-4.577128084212255
6,Acetaldehyde,50.0,1.6607280016277461,-4.560694547874386
6,Acetaldehyde,50.0,1.7142982000891414,-4.576758824310971
6,Acetaldehyde,50.0,1.6812623795502264,-4.556435887319909
6,Acetaldehyde,50.0,1.6099672202643085,-4.604721438359903
6,Acetaldehyde,50.0,1.7060962840282468,-4.525356883761221
6,Acetaldehyde,50.0,1.7231952353480233,-4.612214709891094
6,Acetaldehyde,50.0,1.7315018226481695,-4.534778588077776
6,Acetaldehyde,50.0,1.733486407627587,-4.465859520320881
6,Acetaldehyde,50.0,1.6186552607090978,-4.648763660164898
6,Acetaldehyde,50.0,1.6659221827997834,-4.578799518091915
6,Acetaldehyde,50.0,1.7033412833236399,-4.551338924242155
6,Acetaldehyde,50.0,1.5767929685103332,-4.661812020338685
6,Acetaldehyde,50.0,1.7234654370551197,-4.624584456122521
6,Acetaldehyde,50.0,1.7483670902207127,-4.604240962815339
6,Acetaldehyde,50.0,1.729170288466792,-4.597188668124602
6,Acetaldehyde,50.0,1.6863122673117916,-4.640254805620462
6,Acetaldehyde,50.0,1.7163584120611242,-4.553245236567354
6,Acetaldehyde,50.0,1.765658712854438,-4.522306293155027
6,Acetaldehyde,50.0,1.787499016946878,-4.559782495500619
6,Acetaldehyde,50.0,1.7684596648641593,-4.558039544792633
6,Acetaldehyde,50.0,1.8985677763911915,-4.422588716148617
6,Acetaldehyde,50.0,1.8599823693452133,-4.488724003880151
6,Acetaldehyde,50.0,1.8527988402613533,-4.533514077724228
6,Acetaldehyde,50.0,1.9321384013185896,-4.479976464263242
6,Acetaldehyde,50.0,1.9192887414276485,-4.5113488114812945
6,Acetaldehyde,50.0,2.00058727409697,-4.413905103428056
6,Acetaldehyde,50.0,2.095584663977928,-4.365711656041364
6,Acetaldehyde,50.0,2.056410927089084,-4.335035105464707
6,Acetaldehyde,50.0,2.090737327766451,-4.316200910361816
6,Acetaldehyde,50.0,2.081206412871288,-4.339010671059198
6,Acetaldehyde,50.0,2.056094305624253,-4.360076783393318
6,Acetaldehyde,50.0,2.162338306626643,-4.2782985521839905
6,Acetaldehyde,50.0,2.052598365412536,-4.346799833188892
6,Acetaldehyde,50.0,2.131175328328386,-4.266006472789174
6,Acetaldehyde,50.0,2.1536793973533337,-4.2996783730784065
6,Acetaldehyde,50.0,2.057549121582348,-4.3619555368315766
6,Acetaldehyde,50.0,2.102245604508155,-4.332113226132717
6,Acetaldehyde,50.0,2.0998504683368715,-4.27852378224264
6,Acetaldehyde,50.0,2.2238811982846305,-4.211815511023607
6,Acetaldehyde,50.0,3.0924924337295994,0.10158492486862213
6,Acetaldehyde,50.0,1.1390202264151326,-3.6023967735513747
6,Acetaldehyde,50.0,1.6714607667666717,-3.8714436359907953
6,Acetaldehyde,50.0,1.6130033528407186,-3.7722052994200856
6,Acetaldehyde,50.0,1.9328179354456247,-4.051093664252946
6,Acetaldehyde,50.0,2.192569916525629,-3.8228148982247023
6,Acetaldehyde,50.0,1.8399692369350256,-4.001136045113524
6,Acetaldehyde,50.0,1.7965752745100716,-4.044285124031048
6,Acetaldehyde,50.0,1.8222748770402308,-4.043223129685329
6,Acetaldehyde,50.0,1.8347400328888528,-3.961014978367556
6,Acetaldehyde,50.0,1.7160109934372445,-3.8124476538022285
6,Acetaldehyde,50.0,1.79337548452245,-3.943542048218843
6,Acetaldehyde,50.0,1.808512607713513,-4.011203787073748
6,Acetaldehyde,50.0,2.0006225978026837,-4.009414472365802
6,Acetaldehyde,50.0,1.7966566310056251,-4.0611695437570425
6,Acetaldehyde,50.0,1.802227340732069,-4.110488334101642
6,Acetaldehyde,50.0,1.8193330559271577,-4.1373746054783345
6,Acetaldehyde,50.0,1.828958316296723,-4.085766085488455
6,Acetaldehyde,50.0,1.8800558894855715,-4.099501356555146
6,Acetaldehyde,50.0,1.7324189121600764,-4.071265506106994
6,Acetaldehyde,50.0,1.881930761613842,-4.154896910352952
6,Acetaldehyde,50.0,1.8148548648147516,-3.9184768741228537
6,Acetaldehyde,50.0,1.9294566850026709,-4.083848874678546
6,Acetaldehyde,50.0,1.8185383661774874,-4.117975409187043
6,Acetaldehyde,50.0,1.8155285504363488,-4.125981459893594
6,Acetaldehyde,50.0,1.9749086748288054,-4.172349557747861
6,Acetaldehyde,50.0,1.9512690448446475,-4.1877370871559805
6,Acetaldehyde,50.0,1.9728198934753918,-4.147071384917138
6,Acetaldehyde,50.0,1.8926145204311045,-4.017383869616712
6,Acetaldehyde,50.0,1.8714654242574165,-4.178149323687344
6,Acetaldehyde,50.0,1.8758204291396918,-4.003071403729287
6,Acetaldehyde,50.0,1.9739781185987695,-4.091606175020927
6,Acetaldehyde,50.0,1.912549176147286,-4.0888890141415954
6,Acetaldehyde,50.0,1.9599546763417228,-4.12890843691544
6,Acetaldehyde,50.0,1.9432337137511841,-4.139673939410319
6,Acetaldehyde,50.0,2.1227512884006106,-4.168990306105262
6,Acetaldehyde,50.0,1.9477692583011377,-4.299450125464006
6,Acetaldehyde,50.0,2.0110666296993163,-4.280984709435838
6,Acetaldehyde,50.0,2.0956307532687886,-4.235707685489276
6,Acetaldehyde,50.0,2.028093025728142,-4.2149843372804146
6,Acetaldehyde,50.0,1.935386999358213,-4.311679947316479
6,Acetaldehyde,50.0,1.9325118851945187,-4.307592191890864
6,Acetaldehyde,50.0,1.8436446579200347,-4.240426194374423
6,Acetaldehyde,50.0,1.9768849950343736,-4.3101659305632305
6,Acetaldehyde,50.0,1.8790128332787104,-4.234612646587774
6,Acetaldehyde,50.0,1.9570922052756683,-4.244830314103845
6,Acetaldehyde,50.0,1.9019549795411483,-4.231872821389973
6,Acetaldehyde,50.0,1.881625190627945,-4.224734450714839
6,Acetaldehyde,50.0,1.9463035842858867,-4.336134533068363
6,Acetaldehyde,50.0,1.876215762061766,-4.326528496111836
6,Acetaldehyde,50.0,1.9293100425791052,-4.375109258307299
6,Acetaldehyde,50.0,1.8953458119899909,-4.3575412026782185
6,Acetaldehyde,50.0,1.8165835850268137,-4.349715274323575
6,Acetaldehyde,50.0,1.9834085233540697,-4.321983363426141
6,Acetaldehyde,50.0,1.8944949567170786,-4.340169081743415
6,Acetaldehyde,50.0,1.921249454391671,-4.369161949325271
6,Acetaldehyde,50.0,2.0203057564357403,-4.355714720786923
6,Acetaldehyde,50.0,1.9816820347325093,-4.366278868591925
6,Acetaldehyde,50.0,1.9430336186788764,-4.330308271004461
6,Acetaldehyde,50.0,2.0606640046945737,-4.33828251114829
6,Acetaldehyde,50.0,1.8944903395084935,-4.423334566041234
6,Acetaldehyde,50.0,1.8670374243817467,-4.422170442941697
6,Acetaldehyde,50.0,1.8836508023283263,-4.419104323155458
6,Acetaldehyde,50.0,1.8578389346560193,-4.429713662512778
6,Acetaldehyde,50.0,1.9170695527247488,-4.397918077953306
6,Acetaldehyde,50.0,1.8544095486853933,-4.464677714329346
6,Acetaldehyde,50.0,1.87403060128666,-4.392272015890677
6,Acetaldehyde,50.0,1.9382836350105785,-4.393960441006667
6,Acetaldehyde,50.0,1.8758270431606756,-4.427798331773115
6,Acetaldehyde,50.0,1.8938137337857799,-4.425569663408275
6,Acetaldehyde,50.0,1.9295095202756543,-4.380098668181465
6,Acetaldehyde,50.0,1.9139075748498362,-4.4295029490259195
6,Acetaldehyde,50.0,1.8919888440189963,-4.465986674210054
6,Acetaldehyde,50.0,1.8766871739603992,-4.416406062466955
6,Acetaldehyde,50.0,1.790978260139422,-4.514856895523371
6,Acetaldehyde,50.0,1.9094079601681253,-4.421720158472528
6,Acetaldehyde,50.0,1.8561620620699315,-4.457748165693949
6,Acetaldehyde,50.0,1.8222214477727063,-4.5006803290956725
6,Acetaldehyde,50.0,1.8405304483669924,-4.448471592191273
6,Acetaldehyde,50.0,1.9112397194038389,-4.433343320285123
6,Acetaldehyde,50.0,1.836956095593957,-4.499121306031645
6,Acetaldehyde,50.0,1.8274857871737031,-4.4725563014918
6,Acetaldehyde,50.0,1.8481345333272252,-4.457076270993849
6,Acetaldehyde,50.0,1.2990009529333413,-4.602872137670509
6,Acetaldehyde,50.0,1.6241083165074566,-4.647839263422045
6,Acetaldehyde,50.0,1.1248546822556882,-5.1609908683451655
6,Acetaldehyde,50.0,0.9755456899768513,-5.246537810320317
6,Acetaldehyde,50.0,-0.27040757398358206,-6.536056854618679
6,Acetaldehyde,50.0,1.0100520499880672,-5.3511826722513
6,Acetaldehyde,50.0,1.0535064035535608,-5.241300446884402
6,Acetaldehyde,50.0,0.9308822544548883,-5.288461442616553
6,Acetaldehyde,50.0,0.993274270924645,-5.317712578345603
6,Acetaldehyde,50.0,0.9812094743716889,-5.287543448823831
6,Acetaldehyde,50.0,1.0073609840276228,-5.317657126136152
6,Acetaldehyde,50.0,0.9393668787102013,-5.33897502074895
6,Acetaldehyde,50.0,0.9195756359654286,-5.319109313151972
6,Acetaldehyde,50.0,0.8998127105216019,-5.3224093701478585
6,Acetaldehyde,50.0,1.0308835609656724,-5.258858233096816
6,Acetaldehyde,50.0,0.8574691290864844,-5.3297732855391
6,Acetaldehyde,50.0,0.9612039460192653,-5.31431155154457
6,Acetaldehyde,50.0,1.0306723622162288,-5.273304679795927
6,Acetaldehyde,50.0,1.0673098703063677,-5.247010167893378
6,Acetaldehyde,50.0,1.044061811940983,-5.27784888538884
6,Acetaldehyde,50.0,1.1862998376757472,-5.204617414142379
6,Acetaldehyde,50.0,1.0660295575589014,-5.261178267995608
6,Acetaldehyde,100.0,-6.623105532624099,-4.218958655928274
6,Acetaldehyde,10.0,10.211958384545138,0.503837810697967
6,Acetaldehyde,100.0,-5.780322032427409,-4.296497141171057
6,Acetaldehyde,10.0,10.243913175169293,0.4901779547746955
6,Acetaldehyde,100.0,-6.118465136255893,-4.4212116793429415
6,Acetaldehyde,10.0,10.265936910871394,0.6222758285191045
6,Acetaldehyde,100.0,-6.112732779956985,-4.397206470910416
6,Acetaldehyde,10.0,10.278218602574597,0.4972464403325165
6,Acetaldehyde,100.0,-6.115085934686899,-4.622714474144973
6,Acetaldehyde,10.0,10.315963340754449,0.5192330229911015
6,Acetaldehyde,100.0,-5.740190755082904,-4.637282462627032
6,Acetaldehyde,10.0,10.279496121472956,0.48876511350614
6,Acetaldehyde,100.0,-5.665829865414092,-4.746144096708177
6,Acetaldehyde,10.0,10.316658010657145,0.477631880353762
6,Acetaldehyde,100.0,-5.561883101664508,-4.751131011364273
6,Acetaldehyde,10.0,10.367277409651667,0.49796890443080544
6,Acetaldehyde,100.0,-5.452442778713437,-4.9139258619369
6,Acetaldehyde,10.0,10.3263147205546,0.46802313417238794
6,Acetaldehyde,100.0,-5.126518465065728,-4.899278161145426
6,Acetaldehyde,10.0,10.370347052440406,0.4696604954672836
6,Acetaldehyde,100.0,-5.045384166509556,-5.013717528549484
6,Acetaldehyde,10.0,10.37269050212887,0.47115535695811106
6,Acetaldehyde,100.0,-4.886136738734487,-4.892620936867482
6,Acetaldehyde,10.0,10.351417846768582,0.4530933803833937
6,Acetaldehyde,100.0,-5.297250358569294,-4.821063032303937
6,Acetaldehyde,10.0,10.270024503552776,0.5018177979007556
6,Acetaldehyde,100.0,-5.6612689662450455,-4.683163158281981
6,Acetaldehyde,10.0,10.348063444869592,0.532288734025298
6,Acetaldehyde,100.0,-5.936468476855288,-4.589420865974192
6,Acetaldehyde,10.0,10.267886302503568,0.5231318748132612
6,Acetaldehyde,100.0,-6.0381183010511545,-4.497425730145033
6,Acetaldehyde,10.0,10.326676661739235,0.5506221188693244
6,Acetaldehyde,100.0,-6.091153692904129,-4.8980635581730505
6,Acetaldehyde,10.0,10.295463094076764,0.5444925727346432
6,Acetaldehyde,100.0,-6.098856757880258,-4.611736033019483
6,Acetaldehyde,10.0,10.320647014508355,0.5341488142615909
6,Acetaldehyde,100.0,-5.984318171607419,-4.657810482929765
6,Acetaldehyde,10.0,10.317785016708235,0.5208366565327507
6,Acetaldehyde,100.0,-6.010302352467329,-4.691472562923673
6,Acetaldehyde,10.0,10.309154751962415,0.6118809508597848
6,Acetaldehyde,100.0,-5.761566775342911,-4.683410699760401
6,Acetaldehyde,10.0,10.3955613521815,0.5408950680643159
6,Acetaldehyde,100.0,-5.55315420344101,-4.675474032128457
6,Acetaldehyde,10.0,10.379614955444174,0.5572230445023234
6,Acetaldehyde,100.0,-5.592430933487205,-4.733405278180082
6,Acetaldehyde,10.0,10.39181225290526,0.6006702421050428
6,Acetaldehyde,100.0,-5.537221970516514,-4.840926617882331
6,Acetaldehyde,10.0,10.393956819268611,0.6243011929840715
6,Acetaldehyde,100.0,-5.183798303959475,-4.653965390788964
6,Acetaldehyde,10.0,10.333106011128944,0.6137056914298519
6,Acetaldehyde,100.0,-5.227109143009831,-4.842962330036954
6,Acetaldehyde,10.0,10.412234147036099,0.5938036016000375
6,Acetaldehyde,100.0,-5.300175983050696,-4.752409288152031
6,Acetaldehyde,10.0,10.421233092847096,0.5288711858195797
6,Acetaldehyde,100.0,-5.165890481548538,-4.972802729286286
6,Acetaldehyde,10.0,10.394505422644354,0.5744508500233307
6,Acetaldehyde,100.0,-5.204980352975223,-4.762796679598507
6,Acetaldehyde,10.0,10.46910684524763,0.4930885523025005
6,Acetaldehyde,100.0,-4.859213314866362,-5.033800759207713
6,Acetaldehyde,10.0,10.459338560005094,0.608394845535429
6,Acetaldehyde,100.0,-4.73115459122422,-5.576724125113334
6,Acetaldehyde,10.0,10.484944016868166,0.4941509544971597
6,Acetaldehyde,100.0,-4.615376408365812,-5.483938471010456
6,Acetaldehyde,10.0,10.494667416173193,0.49163626141701416
6,Acetaldehyde,100.0,-4.61470359085619,-5.518614686421924
6,Acetaldehyde,10.0,10.46183735389051,0.4677553525509103
6,Acetaldehyde,100.0,-4.419027218094637,-5.494601569952924
6,Acetaldehyde,10.0,10.52097882548379,0.5129358695036532
6,Acetaldehyde,100.0,-4.478419251032053,-5.554925956362904
6,Acetaldehyde,10.0,10.536173790613464,0.5173984105757493
6,Acetaldehyde,100.0,-4.863110743218072,-4.671127692706614
6,Acetaldehyde,10.0,10.41669372445442,0.6840867901515401
6,Acetaldehyde,100.0,-4.744328748208412,-5.1298766590757605
6,Acetaldehyde,10.0,10.471439379879941,0.7165310540214123
6,Acetaldehyde,100.0,-4.787547640349824,-5.170589233256996
6,Acetaldehyde,10.0,10.503722485069767,0.5646786279724214
6,Acetaldehyde,100.0,-4.589415327689891,-5.335051126693559
6,Acetaldehyde,10.0,10.458808375666624,0.4952817924617145
6,Acetaldehyde,100.0,-4.776205794139928,-5.49822017183667
6,Acetaldehyde,10.0,10.496134286838528,0.5132511087882823
6,Acetaldehyde,100.0,-4.627209280521002,-5.421551572584815
6,Acetaldehyde,10.0,10.441118885687528,0.553263001354962
6,Acetaldehyde,100.0,-4.537397093153435,-5.559443830254782
6,Acetaldehyde,10.0,10.409742291444191,0.48584582087412415
6,Acetaldehyde,100.0,-4.526974520226557,-5.522623234296624
6,Acetaldehyde,10.0,10.454609974691497,0.46921177174867174
6,Acetaldehyde,100.0,-4.602852985905962,-5.370233609504817
6,Acetaldehyde,10.0,10.37017563703865,0.5549182039654936
6,Acetaldehyde,100.0,-4.51616272115316,-5.545399496714035
6,Acetaldehyde,10.0,10.40114453352435,0.5058497050162988
6,Acetaldehyde,100.0,-4.450107887094526,-5.646120977844323
6,Acetaldehyde,10.0,10.413893090821608,0.45146841185877445
6,Acetaldehyde,100.0,-4.410225076631227,-5.666257277598554
6,Acetaldehyde,10.0,10.384853171975458,0.4840399939524406
6,Acetaldehyde,100.0,-4.366098048696435,-5.694267322864629
6,Acetaldehyde,10.0,10.38085310083488,0.5507867501255524
6,Acetaldehyde,100.0,-4.219223485015458,-5.664988769700817
6,Acetaldehyde,10.0,10.426282179571778,0.45094388965818766
6,Acetaldehyde,100.0,-4.195285729922565,-5.745949262872484
6,Acetaldehyde,10.0,10.430947202675775,0.446263202078152
6,Ammonia,50.0,8.186101975827796,1.480242596844207
6,Ammonia,75.0,5.500549632977698,1.988074522042757
6,Ammonia,150.0,-1.7208939300790267,2.050497323812995
6,Ammonia,250.0,-7.83622934609426,3.2737258162530534
6,Ammonia,225.0,-7.163185012256783,3.1491688397838415
6,Ammonia,200.0,-5.8567281577232215,2.1018856651224924
6,Ammonia,175.0,-3.3526338911525815,2.982353075994291
6,Ammonia,100.0,2.683338012439834,2.2068144619805574
6,Ammonia,125.0,0.34320752523893494,2.9438726475378747
6,Ammonia,225.0,-7.5980026556994185,2.113172260915816
6,Ammonia,200.0,-6.100255191816565,2.228676250726595
6,Ammonia,175.0,-3.610447872411805,2.954133657939374
6,Ammonia,100.0,2.550736957272836,2.2700428467093294
6,Ammonia,125.0,0.10690948722822259,2.9362487529703176
6,Ammonia,50.0,8.129355765649587,1.609155051156642
6,Ammonia,75.0,5.340660125368472,2.2055394063468516
6,Ammonia,150.0,-2.3286577861656985,2.1414821246510503
6,Ammonia,250.0,-8.966517226337235,3.346822019815392
6,Ammonia,50.0,8.137390703113594,1.6169653141221971
6,Ammonia,75.0,5.388573145317634,2.2267733415844986
6,Ammonia,150.0,-2.3236963741577177,2.2988648024784446
6,Ammonia,250.0,-8.999155586428772,3.3720336532412967
6,Ammonia,225.0,-7.873914573947832,3.4034399508046023
6,Ammonia,200.0,-6.227252413602865,2.466942950385057
6,Ammonia,175.0,-3.824196671509848,3.2607146865645427
6,Ammonia,100.0,2.431524461319747,2.409417591880638
6,Ammonia,125.0,0.4049800514438959,3.4589828508556777
6,Ammonia,50.0,8.509304660177891,1.8260200786406366
6,Ammonia,75.0,5.898075600311294,2.478926455775344
6,Ammonia,150.0,-1.6336050292570536,3.070896559959309
6,Ammonia,250.0,-8.364308786354297,4.158585603988521
6,Ammonia,225.0,-7.315795566738203,3.8823534052288964
6,Ammonia,200.0,-5.438937899582909,3.100778895004931
6,Ammonia,175.0,-3.1797667370101546,3.761109404796953
6,Ammonia,100.0,3.2614095980214195,2.8520661051938037
6,Ammonia,125.0,0.652297781206301,3.2247746013230874
6,Ammonia,225.0,-7.0239543059392755,3.3705958763560067
6,Ammonia,200.0,-5.063888146724387,2.996107578085612
6,Ammonia,175.0,-2.868319307493964,3.7333349396693327
6,Ammonia,100.0,3.421885309578018,2.8289537851383906
6,Ammonia,125.0,0.8924156877438199,3.2430704540835213
6,Ammonia,50.0,8.612736969169795,1.6872305154977216
6,Ammonia,75.0,6.0084726761526595,2.349024941714225
6,Ammonia,150.0,-1.664543724975665,2.638226339996964
6,Ammonia,250.0,-8.217724861715112,3.794442609666769
6,Ammonia,225.0,-6.959240070943443,3.851601906022834
6,Ammonia,200.0,-5.193479211195216,3.0683136185486197
6,Ammonia,175.0,-3.080919216659779,3.7358377088326042
6,Ammonia,100.0,3.1988556861773696,2.7080384812510676
6,Ammonia,125.0,0.6271656481486211,3.204595800830518
6,Ammonia,50.0,8.530499889281757,1.681464499757314
6,Ammonia,75.0,5.857718223706944,2.279021813870778
6,Ammonia,150.0,-1.8843435728924582,2.6979404340350164
6,Ammonia,250.0,-8.943425465537286,3.9350015356066863
6,Ammonia,250.0,-9.1169080097702,1.7339865355659165
6,Ammonia,250.0,-3.2499867422684505,1.3205763467517329
6,Ammonia,250.0,0.29549584481312835,1.5367686558212572
6,Ammonia,50.0,9.71312565921866,1.3809315643257776
6,Ammonia,50.0,9.70748988558372,1.4178970245344358
6,Ammonia,50.0,9.69146694046327,1.4222806194453281
6,Ammonia,50.0,9.769331877736803,1.4338498808022493
6,Ammonia,50.0,9.78403291260045,1.4630027429051922
6,Ammonia,50.0,9.782533724697446,1.4492330569506984
6,Ammonia,50.0,9.76241808204788,1.4399934846160225
6,Ammonia,50.0,9.751471098593523,1.4526283656447978
6,Ammonia,50.0,9.793729789712721,1.4416973352838185
6,Ammonia,50.0,9.777881696217673,1.4392292863456813
6,Ammonia,50.0,9.738022880362129,1.4403679048643332
6,Ammonia,50.0,9.70976236210443,1.4462088999564253
6,Ammonia,50.0,9.649523489501954,1.4533585631613168
6,Ammonia,50.0,9.610296990192804,1.4602349887701835
6,Ammonia,50.0,9.540816825939235,1.485685010966654
6,Ammonia,50.0,9.436149008494398,1.4878883739688449
6,Ammonia,50.0,9.393956353001997,1.504061825542449
6,Ammonia,50.0,9.257461164978997,1.5293062371700685
6,Ammonia,50.0,9.19742562880755,1.6138547385236417
6,Ammonia,50.0,9.062886367687549,1.623682516101376
6,Ammonia,50.0,8.955357395834422,1.686142731171928
6,Ammonia,50.0,8.834449787228541,1.7156086185645403
6,Ammonia,50.0,8.783379287180805,1.7791077406060685
6,Ammonia,50.0,8.637348881280616,1.7819250247501646
6,Ammonia,50.0,8.57393663469201,1.822916918135213
6,Ammonia,50.0,8.371937163579974,1.8456555270279642
6,Ammonia,50.0,8.284165247097528,1.8512856808737603
6,Ammonia,50.0,8.248495038193328,1.902141385795847
6,Ammonia,50.0,8.155222812266603,1.8945456756980719
6,Ammonia,50.0,8.065956714221777,1.9274581005592983
6,Ammonia,50.0,8.039114925674399,1.9515340316297436
6,Ammonia,50.0,8.035160299623913,1.9975048065871177
6,Ammonia,50.0,7.900034650143777,1.9838553239827723
6,Ammonia,50.0,7.848367289183098,1.9798200526540277
6,Ammonia,50.0,7.768969811536821,1.991769036371464
6,Ammonia,50.0,7.73199181675975,2.022353173488095
6,Ammonia,50.0,7.691231451501854,2.0434086755366576
6,Ammonia,50.0,7.67784059372865,2.101800431644667
6,Ammonia,50.0,7.58139676932637,2.095968635998939
6,Ammonia,50.0,7.592974471767421,2.1049411629913433
6,Ammonia,50.0,7.558776353248086,2.132532545589878
6,Ammonia,50.0,7.596337758514628,2.115028526738039
6,Ammonia,50.0,7.550402630939104,2.112850306931805
6,Ammonia,50.0,7.490338120620449,2.1711346678992864
6,Ammonia,50.0,7.496971158145586,2.203639124505161
6,Ammonia,50.0,7.524089967871762,2.141691551295662
6,Ammonia,50.0,7.503822769449536,2.158893877020364
6,Ammonia,50.0,7.450533245729061,2.1251933619030856
6,Ammonia,50.0,7.472437683119874,2.1614807165705368
6,Ammonia,50.0,7.429009897414747,2.166932785687956
6,Ammonia,50.0,7.466075660173505,2.1507660737165226
6,Ammonia,50.0,7.382428785214453,2.1732969413930854
6,Ammonia,50.0,7.444037243074767,2.154728933133205
6,Ammonia,50.0,7.334060064903624,2.1610162525681953
6,Ammonia,50.0,7.315171831682519,2.1522526643060567
6,Ammonia,50.0,7.373298671472716,2.179234198683232
6,Ammonia,50.0,7.31357485838442,2.156027965432888
6,Ammonia,50.0,7.311206383358805,2.161901508842016
6,Ammonia,50.0,7.240559667889523,2.1573568222456903
6,Ammonia,50.0,7.268648180014144,2.1896042640644806
6,Ammonia,50.0,7.26222053884411,2.189459713603055
6,Ammonia,50.0,7.266363243008621,2.168668274879464
6,Ammonia,50.0,7.219889198277542,2.1628202589526593
6,Ammonia,50.0,7.203643627112854,2.1485995578933297
6,Ammonia,50.0,7.20512234354677,2.160884656805753
6,Ammonia,50.0,7.188476349410408,2.146742673855698
6,Ammonia,50.0,7.233994693126117,2.125462719255142
6,Ammonia,50.0,7.212561973945003,2.132256762517995
6,Ammonia,50.0,7.179325211580722,2.1083684809522896
6,Ammonia,50.0,7.2479017762447855,2.144591936459483
6,Ammonia,50.0,7.210464703416473,2.15089790987916
6,Ammonia,50.0,7.2561687286192695,2.1634104265372502
6,Ammonia,50.0,7.248618993154745,2.158875888631503
6,Ammonia,50.0,7.270568411684081,2.11999168000913
6,Ammonia,50.0,7.24636259002332,2.1040909746698975
6,Ammonia,50.0,7.234167013990753,2.119552584013431
6,Ammonia,50.0,7.24630668810309,2.117522069563008
6,Ammonia,50.0,7.3029423787841745,2.1653265270700905
6,Ammonia,50.0,7.31370139944967,2.18381187888346
6,Ammonia,50.0,7.273454747829441,2.0855557009654553
6,Ammonia,50.0,7.2333122435490225,2.106666658714716
6,Ammonia,50.0,7.258608324038702,2.169214609746801
6,Ammonia,50.0,7.27777403079922,2.1133376819760934
6,Ammonia,50.0,7.331644961005069,2.068833512960812
6,Ammonia,50.0,7.36505329353682,2.118180386508308
6,Ammonia,50.0,7.314832552999891,2.0516136136607552
6,Ammonia,50.0,7.3011178764088935,2.015375760495005
6,Ammonia,50.0,7.323419015335546,2.0978449102274657
6,Ammonia,50.0,7.3468361197242125,2.1049947689075035
6,Ammonia,50.0,7.3648977907013276,2.1328640809083903
6,Ammonia,50.0,7.348177083749142,2.1089086970752047
6,Ammonia,50.0,7.352667125808637,2.104931714286832
6,Ammonia,50.0,7.3864452276618024,2.0910199296323975
6,Ammonia,50.0,7.393097162126256,2.0715614900368693
6,Ammonia,50.0,7.292164371148209,2.0942686776731767
6,Ammonia,50.0,7.389128396488201,2.0339738421883
6,Ammonia,50.0,7.370843230186866,2.077338005985259
6,Ammonia,50.0,7.500508408248357,2.077462881208154
6,Ammonia,50.0,7.4355386425244925,2.0484382969428228
6,Ammonia,50.0,7.412825616584183,2.1059867476074365
6,Ammonia,250.0,-8.513446101972876,4.2821261854298225
6,Ammonia,250.0,-5.25845996988794,4.443191166464158
6,Ammonia,250.0,-5.326478951034165,4.460398347814743
6,Ammonia,50.0,8.053572205308742,2.255855832190785
6,Ammonia,50.0,7.937366647598559,2.253444174880431
6,Ammonia,50.0,7.810621948769162,2.1907405771551622
6,Ammonia,50.0,7.843815388541652,2.2033450969618973
6,Ammonia,50.0,7.824684294850626,2.2248682737976866
6,Ammonia,50.0,7.834351049102606,2.2518811479274183
6,Ammonia,50.0,7.854405573002214,2.2801662617508516
6,Ammonia,50.0,7.776896032277181,2.2335697144682167
6,Ammonia,50.0,7.790118854853193,2.2462766176787206
6,Ammonia,50.0,7.759193715772494,2.23579482622661
6,Ammonia,50.0,7.726509679989337,2.2344038619018187
6,Ammonia,50.0,7.770200465294887,2.2969528824203307
6,Ammonia,50.0,7.762101157027719,2.2390764498903644
6,Ammonia,50.0,7.6782627443775935,2.158439041821668
6,Ammonia,50.0,7.624240408772571,2.158810190462017
6,Ammonia,50.0,7.637517062963544,2.17552817789697
6,Ammonia,50.0,7.682760868986469,2.1905958393747573
6,Ammonia,50.0,7.604812487620675,2.1491211896163165
6,Ammonia,50.0,7.665086672637641,2.1790320239608914
6,Ammonia,50.0,7.659492440263086,2.184477045251433
6,Ammonia,50.0,7.6455342538799895,2.1873022769785546
6,Ammonia,50.0,7.708121331038944,2.2047979210060413
6,Ammonia,50.0,7.678378085173407,2.200782796953315
6,Ammonia,50.0,7.695650007227621,2.20417445237579
6,Ammonia,50.0,7.777937530505446,2.2431821699281334
6,Ammonia,50.0,7.750856991522731,2.2161644570351884
6,Ammonia,50.0,7.748550608795006,2.1946523058366503
6,Ammonia,50.0,7.710589570454979,2.2636573796028463
6,Ammonia,50.0,7.768905641934354,2.263480133181826
6,Ammonia,50.0,7.733998375310591,2.236711914659232
6,Ammonia,50.0,7.835171094868908,2.276702546336473
6,Ammonia,50.0,7.731771227551852,2.2637175547544897
6,Ammonia,50.0,7.682811290508584,2.229053672385928
6,Ammonia,50.0,7.661694396890088,2.2855006363307435
6,Ammonia,50.0,7.698409719359043,2.221891412613743
6,Ammonia,50.0,7.722172843116896,2.262393741981588
6,Ammonia,50.0,7.748986021612492,2.27962701484252
6,Ammonia,50.0,7.550594045368207,2.287946679307071
6,Ammonia,50.0,7.664405640251176,2.233542901600243
6,Ammonia,50.0,7.627066281853412,2.2435473960058743
6,Ammonia,50.0,7.635833116538662,2.235291593594464
6,Ammonia,50.0,7.558205116165454,2.250034249575082
6,Ammonia,50.0,7.519914167247426,2.229995971753675
6,Ammonia,50.0,7.534799383677187,2.2180638917047055
6,Ammonia,50.0,7.531200124453063,2.2089297672921253
6,Ammonia,50.0,7.37690435843828,2.1305732524506604
6,Ammonia,50.0,7.4604893819876805,2.1438208865968997
6,Ammonia,50.0,7.405342223020411,2.1858994579528077
6,Ammonia,50.0,7.388506798377801,2.1563065528580116
6,Ammonia,50.0,7.390716426311588,2.160009642212657
6,Ammonia,50.0,7.425545132971507,2.1551873304341655
6,Ammonia,50.0,7.400393833241082,2.144673157729383
6,Ammonia,50.0,7.29373713907773,2.2813766049114452
6,Ammonia,50.0,7.37014130409821,2.1502014316385476
6,Ammonia,50.0,7.3131873580713105,2.1207073725757697
6,Ammonia,50.0,7.3767785211776085,2.2062541733378085
6,Ammonia,50.0,7.357684525832184,2.180897846463972
6,Ammonia,50.0,7.427794879653934,2.196691414783377
6,Ammonia,50.0,7.448826019339009,2.2246456959015846
6,Ammonia,50.0,7.473580634820724,2.264107442375072
6,Ammonia,50.0,7.505887903709972,2.2692489707750414
6,Ammonia,50.0,7.467495016596256,2.2793643905949734
6,Ammonia,50.0,7.522412527101973,2.264613676433336
6,Ammonia,50.0,7.454385352217905,2.2325308614523505
6,Ammonia,50.0,7.3928245153898215,2.209939099195246
6,Ammonia,50.0,7.363499719643504,2.2465597429321362
6,Ammonia,50.0,7.431622520205606,2.234157926532041
6,Ammonia,50.0,7.365974961527853,2.191600937864657
6,Ammonia,50.0,7.399693932962568,2.2443180326727346
6,Ammonia,50.0,7.413926365468093,2.1962174361614037
6,Ammonia,50.0,7.345208955185831,2.1962548102082247
6,Ammonia,50.0,7.430498013439335,2.2390764988944065
6,Ammonia,50.0,7.376151643588579,2.1892794271727367
6,Ammonia,50.0,7.360930888819194,2.236058162894732
6,Ammonia,50.0,7.298917308566468,2.2463262404438673
6,Ammonia,50.0,7.2520355190301835,2.2103404255588828
6,Ammonia,50.0,7.276435519536683,2.2752199606085384
6,Ammonia,50.0,7.1839892841264135,2.186349269475634
6,Ammonia,50.0,7.219086133031565,2.189747593807114
6,Ammonia,50.0,7.219439935334548,2.151800573175428
6,Ammonia,50.0,7.158497286593452,2.1909627375173226
6,Ammonia,50.0,7.16624294334145,2.140622249468116
6,Ammonia,50.0,7.181892880639499,2.191816610310092
6,Ammonia,50.0,7.169366350498307,2.163043203846973
6,Ammonia,50.0,7.137711484727782,2.1459787093613327
6,Ammonia,50.0,7.280276549105109,2.2220884566811647
6,Ammonia,50.0,7.279338734070241,2.2071088936549272
6,Ammonia,50.0,7.3226566683684,2.194079955107647
6,Ammonia,50.0,7.319447939876347,2.1699602180636184
6,Ammonia,50.0,7.261157701616304,2.2119842073433653
6,Ammonia,50.0,7.278986524821195,2.2271524401915
6,Ammonia,50.0,7.313267957526538,2.2130458656405287
6,Ammonia,50.0,7.328239931243359,2.256426461301627
6,Ammonia,50.0,7.292892962805175,2.2334825741319353
6,Ammonia,50.0,7.261584798074751,2.236326425386467
6,Ammonia,50.0,7.2905817457781055,2.2086365401897616
6,Ammonia,50.0,7.27281977458662,2.2429365423413263
6,Ammonia,50.0,7.211369491476721,2.1875673367938546
6,Ammonia,50.0,7.280925746709564,2.2652249955167663
6,Ammonia,50.0,7.302585348146446,2.258051259910271
6,Ammonia,250.0,4.835788971976165,1.58321710162673
6,Ammonia,250.0,4.75664867481827,1.5681132783971885
6,Ammonia,250.0,4.865477345515109,1.4896475700891683
6,Ammonia,250.0,4.82553448258177,1.445501197947147
6,Ammonia,250.0,4.308556578169902,1.4953693108389619
6,Ammonia,50.0,10.075038744026685,1.1439807005322327
6,Ammonia,50.0,9.968290533917367,1.178191248431966
6,Ammonia,50.0,9.847320493648292,1.1666392461909587
6,Ammonia,50.0,9.744303887918514,1.2224856133195996
6,Ammonia,50.0,9.621889543264412,1.2429141410739772
6,Ammonia,50.0,9.46233737579515,1.285131905023118
6,Ammonia,50.0,9.300459258701537,1.3630303397049055
6,Ammonia,50.0,9.175782649982022,1.3964246527711424
6,Ammonia,50.0,9.017002097917603,1.4926819649990433
6,Ammonia,50.0,8.83682550289614,1.5166241539110161
6,Ammonia,50.0,8.65833512248775,1.5578055492430742
6,Ammonia,50.0,8.4047519384697,1.7345128673143388
6,Ammonia,50.0,8.574386604056144,1.784721235783427
6,Ammonia,50.0,8.26002962835573,1.708365671621378
6,Ammonia,50.0,8.343687028825036,1.8170375183487433
6,Ammonia,50.0,8.310349743664165,1.9264280584526068
6,Ammonia,50.0,8.187947051098067,2.0242808101497474
6,Ammonia,50.0,8.095267740390637,1.9496031631084174
6,Ammonia,50.0,8.06908167605182,2.0232434827560923
6,Ammonia,50.0,7.967402304267755,2.03953283948221
6,Ammonia,50.0,7.928137729787625,2.060337625209989
6,Ammonia,50.0,7.797108239793689,2.0541229939430523
6,Ammonia,50.0,7.639764999572784,2.0671845436314693
6,Ammonia,50.0,7.77478402943733,2.1017818408834565
6,Ammonia,50.0,7.7110587502374806,2.128701149799977
6,Ammonia,50.0,7.691127015108107,2.1505005980214293
6,Ammonia,50.0,7.6418277167336495,2.146414876253151
6,Ammonia,50.0,7.646437174047798,2.167810689985586
6,Ammonia,50.0,7.578273385312891,2.215921499821858
6,Ammonia,50.0,7.5411708159191235,2.1843125674697794
6,Ammonia,50.0,7.433446891651982,2.175953165310176
6,Ammonia,50.0,7.348117994613918,2.3489635677706038
6,Ammonia,50.0,7.417013798604126,2.189423423550566
6,Ammonia,50.0,7.498399615392173,2.2145184454564513
6,Ammonia,50.0,7.419011917158685,2.2115673921244756
6,Ammonia,50.0,7.410582123196064,2.2663951016702404
6,Ammonia,50.0,7.378883385668875,2.2411712851574825
6,Ammonia,50.0,7.326434695046665,2.2760194399627074
6,Ammonia,50.0,7.403402443403649,2.26474811909917
6,Ammonia,50.0,7.307577147844142,2.191758840806101
6,Ammonia,50.0,7.35492628589759,2.2593486042293844
6,Ammonia,50.0,7.390004503788243,2.296547692524535
6,Ammonia,50.0,7.364695435183646,2.3069031035090966
6,Ammonia,50.0,7.357704251452705,2.2591664686784396
6,Ammonia,50.0,7.3798698358017045,2.260342286595545
6,Ammonia,50.0,7.402611997476825,2.25819568052585
6,Ammonia,50.0,7.3969035322906045,2.247275625703359
6,Ammonia,50.0,7.3406154114067865,2.306918594710866
6,Ammonia,50.0,7.368541939123039,2.2426130641381343
6,Ammonia,50.0,7.3345192181755765,2.2543726160099795
6,Ammonia,50.0,7.366342249692018,2.2617536927986333
6,Ammonia,50.0,7.315656466039793,2.208168613771599
6,Ammonia,50.0,7.297910818517418,2.280554455787576
6,Ammonia,50.0,7.39367693720715,2.078839626542259
6,Ammonia,50.0,7.1869541338382,2.547402696995689
6,Ammonia,50.0,7.334138215882944,2.3847781265882744
6,Ammonia,50.0,7.247103188619225,2.2268812064423678
6,Ammonia,50.0,7.431792655256578,2.21751815069799
6,Ammonia,50.0,7.349772001371674,2.2083950607364975
6,Ammonia,50.0,7.313974580879651,2.2427145326523266
6,Ammonia,50.0,7.349239504820968,2.203610894367156
6,Ammonia,50.0,7.2850811801120585,2.255594724688172
6,Ammonia,50.0,7.3585968677135085,2.238312756911192
6,Ammonia,50.0,7.324096382472597,2.189445686402601
6,Ammonia,50.0,7.30001210654101,2.353684933040865
6,Ammonia,50.0,7.344639985271276,2.2136017322944124
6,Ammonia,50.0,7.353188518764751,2.200887400771178
6,Ammonia,50.0,7.329934375328439,2.2091513979730366
6,Ammonia,50.0,7.338088959181044,2.2103402553349047
6,Ammonia,50.0,7.323026735328511,2.204373703109672
6,Ammonia,50.0,7.327411176005319,2.3271425074796794
6,Ammonia,50.0,7.250518792943446,2.4236599191500114
6,Ammonia,50.0,7.417762325196984,2.1549731613408856
6,Ammonia,50.0,7.380080993956217,2.2247467487177413
6,Ammonia,50.0,7.32591156196068,2.2170557238020896
6,Ammonia,50.0,7.4333375976656875,2.175222109208885
6,Ammonia,50.0,7.381690979085282,2.2098551880056228
6,Ammonia,50.0,7.357875082038869,2.1221800963801747
6,Ammonia,50.0,7.4059076923458536,2.3523985643278174
6,Ammonia,50.0,7.396756466820923,2.1579243250709146
6,Ammonia,50.0,7.302566747476205,2.316723451626867
6,Ammonia,50.0,7.379809990069132,2.1601586274293623
6,Ammonia,50.0,7.389272115717778,2.1586315099096858
6,Ammonia,50.0,7.406619571186576,2.1824031461917492
6,Ammonia,50.0,7.369932957791445,2.1714266009965018
6,Ammonia,50.0,7.425600044608776,2.15757379689463
6,Ammonia,50.0,7.414827535469575,2.190862450881329
6,Ammonia,50.0,7.2720394258987655,2.5037491657447095
6,Ammonia,50.0,7.493237559701838,2.15204532201194
6,Ammonia,50.0,7.28800066357727,2.4823839390956985
6,Ammonia,50.0,7.483651474416184,2.1393248455610974
6,Ammonia,50.0,7.323221640464327,2.4781813533370625
6,Ammonia,50.0,7.4242269214180165,2.1553844321891105
6,Ammonia,50.0,7.526299949964321,2.1871810852743274
6,Ammonia,50.0,7.484976203820297,2.1423476709705613
6,Ammonia,50.0,7.50733127963823,2.1497692116904226
6,Ammonia,50.0,7.271319024262473,2.4363823646149303
6,Ammonia,50.0,7.474944949008559,2.1252775930432817
6,Ammonia,50.0,7.468763111359373,2.1392915879831325
6,Ammonia,50.0,7.469438952517018,2.12168200223388
6,Ammonia,50.0,7.476612431014939,2.114339471084853
6,Ammonia,250.0,-7.710575471755676,4.649796265041176
6,Ammonia,150.0,-0.1805281097491052,2.624478039927035
6,Ammonia,250.0,-6.811603970162286,3.733813550465387
6,Ammonia,150.0,-0.33596981528532327,2.694786236381207
6,Ammonia,250.0,-7.006427944310934,3.7700295862296755
6,Ammonia,150.0,-0.7002585364678451,2.7299662685590005
6,Ammonia,250.0,-7.054489296653367,3.9425145401805213
6,Ammonia,150.0,-0.5646854249831637,2.9906819861369907
6,Ammonia,250.0,-6.5453441043650855,3.7903732859639683
6,Ammonia,150.0,0.17270740920484237,2.564399880271154
6,Ammonia,250.0,-5.44569401570342,3.797036703787965
6,Ammonia,150.0,0.7291921911296538,2.404199690271948
6,Ammonia,250.0,-4.9358154950338085,3.5704684466254535
6,Ammonia,150.0,0.6232604625188809,2.4498966227164485
6,Ammonia,250.0,-5.471442164321476,3.279091005018723
6,Ammonia,150.0,0.18609306896057526,2.2245967879702073
6,Ammonia,250.0,-6.99647927513391,4.232833041203205
6,Ammonia,150.0,-0.6367302661435276,2.869330474486071
6,Ammonia,250.0,-7.701131114013858,3.998792277002776
6,Ammonia,150.0,-0.46854180864237566,1.7104161726057703
6,Ammonia,250.0,-8.004795653735805,3.9452582089850967
6,Ammonia,150.0,-1.9450777146748779,4.401999496191305
6,Ammonia,250.0,-7.360700550529997,2.372550493286368
6,Ammonia,150.0,-0.691945809495908,1.5227753051560535
6,Ammonia,250.0,-7.440052269999658,2.139678312789516
6,Ammonia,150.0,-0.7010564010316015,1.400652405577282
6,Ammonia,250.0,-7.050589441204965,2.0514190610620675
6,Ammonia,150.0,-0.5172111139137179,1.4231502980371535
6,Ammonia,250.0,-6.869226669444389,2.0227260769483313
6,Ammonia,150.0,-0.14268628436239306,1.4077773260836404
6,Ammonia,250.0,-6.559867024992921,1.8164611613650021
6,Ammonia,150.0,-0.05433353286120485,1.3722839188534506
6,Ammonia,250.0,-7.3206251285270225,3.9476088457259384
6,Ammonia,150.0,-0.5539843047931376,2.6722271811048457
6,Ammonia,250.0,-7.612649059194812,5.2981193692907285
6,Ammonia,150.0,-0.833633862721991,3.415098677202839
6,Ammonia,250.0,-7.076070411900817,3.9089557582179317
6,Ammonia,150.0,-0.4414271400020839,2.5794911726565366
6,Ammonia,250.0,-6.795097538441554,4.046223536607569
6,Ammonia,150.0,-0.48514866683514823,2.7906580707120794
6,Ammonia,250.0,-6.880750351216121,3.987458758122223
6,Ammonia,150.0,-0.37812396174435164,2.780558132155873
6,Ammonia,250.0,-7.150548503933524,4.066232912757611
6,Ammonia,150.0,-0.4743418481492388,2.7886633885921843
6,Ammonia,250.0,-7.216198320346057,3.8483219133620654
6,Ammonia,150.0,-0.7036505710981968,2.8744462618950317
6,Ammonia,250.0,-7.178601335800427,3.9441826746789337
6,Ammonia,150.0,-0.5434741255356043,2.851356311234112
6,Ammonia,250.0,-7.376430726940334,4.014737607253627
6,Ammonia,150.0,-0.7353822098211207,2.7937204219744527
6,Ammonia,250.0,-7.387469032450193,4.170138302061065
6,Ammonia,150.0,-0.8629389624556426,2.91691415550979
6,Ammonia,250.0,-7.630920860314146,4.008975385656501
6,Ammonia,150.0,-0.7607645440674705,2.8833596312506695
6,Ammonia,250.0,-7.83240330920769,4.052727040089609
6,Ammonia,150.0,-1.1260112506678734,3.2592844051772714
6,Ammonia,250.0,-8.177862348229821,4.554823833154743
6,Ammonia,150.0,-0.890811826582076,2.951161323572742
6,Ammonia,250.0,-7.995942499563561,4.20770774741789
6,Ammonia,150.0,-0.9302768781401856,2.8422766227633307
6,Ammonia,250.0,-8.033096562502832,4.183724513613867
6,Ammonia,150.0,-1.040686853286663,2.886158895154624
6,Ammonia,250.0,-8.217776214867875,4.221520882369084
6,Ammonia,150.0,-1.2557494028482856,3.0759471692408598
6,Ammonia,250.0,-8.12393637216199,4.039569239385617
6,Ammonia,150.0,-1.0542122383596977,2.841807572739223
6,Ammonia,250.0,-8.230920370330066,4.145217486331899
6,Ammonia,150.0,-1.1773883755554702,2.8247230456859036
6,Ammonia,250.0,-8.17969054315718,4.053349569447586
6,Ammonia,150.0,-1.2833866820755366,2.7885667932116553
6,Ammonia,250.0,-8.294824944297277,4.108893182061603
6,Ammonia,150.0,-1.1652513294398628,2.96251026938865
6,Ammonia,250.0,-8.585324752089265,4.622366636151149
6,Ammonia,150.0,-1.2218059479590586,2.8673442321569387
6,Ammonia,250.0,-8.661800471033336,4.727223035136388
6,Ammonia,150.0,-1.2487362335868772,2.9520490797834915
6,Ammonia,250.0,-8.51720232694028,4.255405805148278
6,Ammonia,150.0,-1.244041881966002,2.7918009716842453
6,Ammonia,250.0,-8.425717596556701,4.088257351463593
6,Ammonia,150.0,-1.2976220091551316,2.8742936441753435
6,Ammonia,250.0,-8.6138152636801,4.268654001549539
6,Ammonia,150.0,-1.259584576243774,2.86479782143376
6,Ammonia,250.0,-8.538266206940994,4.176574093327068
6,Ammonia,150.0,-1.2787800367517161,2.9240789037458113
6,Ammonia,250.0,-8.378084266983237,4.14599474157028
6,Ammonia,150.0,-1.1999927691381118,2.9670938223432195
6,Ammonia,250.0,-8.4427965753315,4.1407591538851465
6,Ammonia,150.0,-1.2518240208237552,2.9648075545001396
6,Ammonia,250.0,-8.48558725025198,4.286029676700327
6,Ammonia,150.0,-1.1967126141579965,2.934501154691475
6,Ammonia,250.0,-8.509118543136719,4.239647574836848
6,Ammonia,150.0,-1.2642730562095255,2.8830767143861524
6,Ammonia,250.0,-8.597684785169553,4.043602540627938
6,Ammonia,150.0,-1.2411885550660287,2.900102429521749
6,Ammonia,250.0,-8.624873865959161,4.162289223856186
6,Ammonia,150.0,-1.2252041592647354,2.8925947771579867
6,Ammonia,250.0,-8.597635559109245,4.153677056121803
6,Ammonia,150.0,-1.3530471625894323,2.908690369095289
6,Ammonia,250.0,-8.718171376272501,4.159881711750775
6,Ammonia,150.0,-1.4008715367160371,2.889946881616631
6,Toluene,20.0,7.223914635944298,1.068413868179777
6,Toluene,30.0,5.694516106062154,1.1363031412459754
6,Toluene,40.0,4.421764178574169,1.0744664590820374
6,Toluene,50.0,3.3688087379428198,0.993251204861372
6,Toluene,60.0,2.510921125319373,0.9161650830186192
6,Toluene,70.0,1.933014866677331,0.9194103980068493
6,Toluene,80.0,1.051968677290282,0.8253285144698183
6,Toluene,90.0,0.592796521366276,0.7353572341433862
6,Toluene,100.0,-0.03704901727515713,0.6622702687551418
6,Toluene,70.0,2.1350473764178273,0.9546257167270168
6,Toluene,80.0,1.383237760652982,0.8914913013779093
6,Toluene,90.0,0.5767896113666467,0.8443758808790965
6,Toluene,100.0,-0.10311677411495627,0.7684768288467931
6,Toluene,20.0,7.1213086171214615,1.1010224116199567
6,Toluene,30.0,5.736992284180914,1.1362003455490435
6,Toluene,40.0,4.578155475242977,1.0833021895232113
6,Toluene,50.0,3.536959387637495,1.032337598090192
6,Toluene,60.0,2.5432253742527897,0.9116082414638602
6,Toluene,20.0,7.624011013379148,1.3480263563855694
6,Toluene,30.0,6.304805525931114,1.3714268325084726
6,Toluene,40.0,5.292687155271677,1.3885636305432045
6,Toluene,50.0,4.410961263366579,1.464329651427415
6,Toluene,60.0,3.613548596789113,1.4385954958657046
6,Toluene,70.0,3.0001818271171947,1.5516505234807019
6,Toluene,80.0,2.36415062821239,1.4806275335491397
6,Toluene,90.0,1.6019481582824013,1.4081434083769129
6,Toluene,100.0,0.997647987465598,1.3239440921977421
6,Toluene,70.0,3.2504392400429976,1.4801088067864638
6,Toluene,80.0,2.4249128207458197,1.500052007476188
6,Toluene,90.0,1.7659712791129991,1.427922763470741
6,Toluene,100.0,1.2566165474787905,1.362563387782364
6,Toluene,20.0,7.606138720189917,1.4067653323827631
6,Toluene,30.0,6.473348790871395,1.5141863858195062
6,Toluene,40.0,5.290464294580523,1.4880291353210686
6,Toluene,50.0,4.396848103266281,1.5449069965581572
6,Toluene,60.0,3.856011034565591,1.6762022962274006
6,Toluene,20.0,7.6480076406988555,1.3860789536631273
6,Toluene,30.0,5.949226656506268,1.6251306041612508
6,Toluene,40.0,4.614844206961795,1.7593363103474946
6,Toluene,50.0,3.8287686797797753,1.7521277202243932
6,Toluene,60.0,3.252496494527391,1.729297514301136
6,Toluene,70.0,2.7394257773746045,1.6604391857088707
6,Toluene,80.0,2.1962900506731717,1.6344081194442541
6,Toluene,90.0,1.6160995660034956,1.5359914267518087
6,Toluene,100.0,1.227563448847288,1.5161832440318408
6,Toluene,70.0,3.3496232842779854,1.6200239162152716
6,Toluene,80.0,2.400602140206113,1.614264474156271
6,Toluene,90.0,1.9362582356648015,1.5763471015310568
6,Toluene,100.0,1.320612013049907,1.41769674411563
6,Toluene,20.0,7.790325498737134,1.3725029212784483
6,Toluene,30.0,6.35595893039797,1.5343044789099256
6,Toluene,40.0,5.206726204797778,1.6142958110079073
6,Toluene,50.0,4.239974211486009,1.6574120948133229
6,Toluene,60.0,3.641144814086792,1.6207063114850873
6,Toluene,50.0,3.285798343426267,1.4634557350770587
6,Toluene,50.0,3.989769067718322,1.7246586959432237
6,Toluene,50.0,4.285261514333586,1.6132514630329975
6,Toluene,50.0,4.464054530566893,1.592808987007769
6,Toluene,50.0,4.471548093085695,1.5976556753982305
6,Toluene,50.0,4.526204367044443,1.6338890047508663
6,Toluene,50.0,4.553607289401956,1.6614604956420458
6,Toluene,50.0,4.452503171332292,1.6207766999622
6,Toluene,50.0,4.493999928060692,1.6195060415645084
6,Toluene,50.0,4.440066332148465,1.6323148166476502
6,Toluene,50.0,4.521792298310933,1.6448473929601388
6,Toluene,50.0,4.529838753995298,1.6372337330743092
6,Toluene,50.0,4.4768652145045404,1.6477889917130577
6,Toluene,50.0,4.472882078153255,1.6407182578635342
6,Toluene,50.0,4.50588136196888,1.6316531566407666
6,Toluene,50.0,4.586834915112615,1.6313893918234759
6,Toluene,50.0,4.54766430647381,1.6624986908988468
6,Toluene,50.0,4.501080163286105,1.6810783977410129
6,Toluene,50.0,4.4838290728548875,1.6535951435398826
6,Toluene,50.0,4.526068570965988,1.6244936545941624
6,Toluene,50.0,4.528690869266121,1.6605523818311634
6,Toluene,50.0,4.474047827392199,1.6248035201533024
6,Toluene,50.0,4.507921177281322,1.6477274779186586
6,Toluene,50.0,4.46944862056045,1.580917314172518
6,Toluene,50.0,4.4821707211427455,1.6430633332259734
6,Toluene,50.0,4.524485882919668,1.6199675690296675
6,Toluene,50.0,4.501781682670809,1.5925333205272323
6,Toluene,50.0,4.532315173932301,1.6246073943014396
6,Toluene,50.0,4.4287848766110995,1.6082241073175465
6,Toluene,50.0,4.572989522772819,1.6141472682474605
6,Toluene,50.0,4.517884583281222,1.6737419490673426
6,Toluene,50.0,4.5482332907845455,1.646194299999666
6,Toluene,50.0,4.511949757904014,1.6469438454499847
6,Toluene,50.0,4.561698650353859,1.6841536927669158
6,Toluene,50.0,4.457774328454133,1.6426116127310613
6,Toluene,50.0,4.49716967149756,1.6487340091896332
6,Toluene,50.0,4.541302151539656,1.6565522694200963
6,Toluene,50.0,4.562681646734389,1.64036506439757
6,Toluene,50.0,4.581381362196259,1.6906538329973027
6,Toluene,50.0,4.435439619926644,1.6348763880999102
6,Toluene,50.0,4.550207413590979,1.6365956668936599
6,Toluene,50.0,4.632144076831244,1.6690010686997916
6,Toluene,50.0,4.56761088258751,1.6914426564058969
6,Toluene,50.0,4.52133805421076,1.6295696220097655
6,Toluene,50.0,4.620630115348991,1.7059310484652608
6,Toluene,50.0,4.548919970751551,1.6569121825843844
6,Toluene,50.0,4.494422125860665,1.6688526169120432
6,Toluene,50.0,4.586426640676541,1.655777015255954
6,Toluene,50.0,4.541648951695311,1.6807034465983886
6,Toluene,50.0,4.569263756893488,1.6933252188989472
6,Toluene,50.0,4.618724515550845,1.6741279361310748
6,Toluene,50.0,4.503308147385305,1.6469195150159417
6,Toluene,50.0,4.619861246286244,1.6894348236696657
6,Toluene,50.0,4.5302428095841805,1.686839534709589
6,Toluene,50.0,4.618097853491906,1.6738161030758258
6,Toluene,50.0,4.569616221368175,1.6871610890596322
6,Toluene,50.0,4.563351137954809,1.7050520024488098
6,Toluene,50.0,4.57829546108205,1.7263534635985935
6,Toluene,50.0,4.513182017896907,1.672160718941249
6,Toluene,50.0,4.606014542025253,1.746109304484656
6,Toluene,50.0,4.5549615707653315,1.7061566392854604
6,Toluene,50.0,4.654870445613201,1.7029830889633546
6,Toluene,50.0,4.591089501229994,1.7244510259393013
6,Toluene,50.0,4.644113067247562,1.7352773151242562
6,Toluene,50.0,4.647416887841204,1.7636865327635147
6,Toluene,50.0,4.595662327860051,1.703129586176814
6,Toluene,50.0,4.688045099423659,1.7050577318030649
6,Toluene,50.0,4.644658988981448,1.7439606458909964
6,Toluene,50.0,4.570415456258078,1.717935009755145
6,Toluene,50.0,4.684653576399423,1.733316376850319
6,Toluene,50.0,4.650851645227423,1.7498744973113638
6,Toluene,50.0,4.65034029016775,1.7302025684093432
6,Toluene,50.0,4.6717090631694935,1.799357565905231
6,Toluene,50.0,4.545162278085658,1.6432790839815428
6,Toluene,50.0,4.608760569116458,1.7183771779782127
6,Toluene,50.0,4.702470453339579,1.7316661185247717
6,Toluene,50.0,4.622755891891818,1.7342055940812577
6,Toluene,50.0,4.670740951774905,1.7262242045878609
6,Toluene,50.0,4.740455001571236,1.742176248505555
6,Toluene,50.0,4.619980593624212,1.7545872947776044
6,Toluene,50.0,4.5958758908403015,1.763871394162371
6,Toluene,50.0,4.676493611002374,1.7449839354919479
6,Toluene,50.0,4.743376284505846,1.7234923967555194
6,Toluene,50.0,4.656292404733257,1.7342785186265268
6,Toluene,50.0,4.731747320994051,1.6726749782086654
6,Toluene,50.0,4.618995874036532,1.7020214593293337
6,Toluene,50.0,4.588893945535443,1.755932548093753
6,Toluene,50.0,4.698551411865603,1.7877259582459335
6,Toluene,50.0,4.670863859391145,1.7442417172393485
6,Toluene,50.0,4.625887021350979,1.7728438248409257
6,Toluene,50.0,4.714181499359545,1.741911536042533
6,Toluene,50.0,4.695847657553789,1.7695210766637968
6,Toluene,50.0,4.629403623388167,1.732996136469702
6,Toluene,50.0,4.717388595331837,1.7837122769220966
6,Toluene,50.0,4.674987553984361,1.7457025806155368
6,Toluene,50.0,4.708159592014651,1.7691660489553236
6,Toluene,50.0,4.634781519932737,1.7658407736730606
6,Toluene,50.0,4.731065561170524,1.762749204427234
6,Toluene,50.0,4.703881501400323,1.7693648945978726
6,Toluene,50.0,4.565865787845657,1.7337627709976349
6,Toluene,50.0,3.1086311746626447,1.170769184537984
6,Toluene,50.0,4.034242020501131,1.5112918697398439
6,Toluene,50.0,4.431231781515442,1.5993155022820706
6,Toluene,50.0,4.390311297180085,1.5612499095524197
6,Toluene,50.0,4.515668000464765,1.588303611977283
6,Toluene,50.0,4.464142797251408,1.8107728768826967
6,Toluene,50.0,4.480614067779689,1.6056262656605333
6,Toluene,50.0,4.599124407220303,1.6856121159033
6,Toluene,50.0,4.556053146389143,1.6080884454398157
6,Toluene,50.0,4.566968866645587,1.7035166656233889
6,Toluene,50.0,4.610203143144415,1.672994303756436
6,Toluene,50.0,4.61420200231496,1.654378734329027
6,Toluene,50.0,4.646404499268868,1.6519260926081243
6,Toluene,50.0,4.5851630256350555,1.6566568496536918
6,Toluene,50.0,4.581306742706449,1.6299193203388518
6,Toluene,50.0,4.545161086289955,1.5853054050875122
6,Toluene,50.0,4.520022340058566,1.6621705455553168
6,Toluene,50.0,4.575893637536939,1.6608806204698803
6,Toluene,50.0,4.519233663539434,1.5891550585132073
6,Toluene,50.0,4.533886811394116,1.6051659038674007
6,Toluene,50.0,4.408711293694438,1.542892126577547
6,Toluene,50.0,4.435828018325723,1.5444462652093094
6,Toluene,50.0,4.492272207630485,1.5898400954297063
6,Toluene,50.0,4.573448999335292,1.5747963304453454
6,Toluene,50.0,4.428725267342684,1.5407630759704471
6,Toluene,50.0,4.5248876873649655,1.5146153964540667
6,Toluene,50.0,4.480337815131504,1.5015465707893747
6,Toluene,50.0,4.465250438281676,1.5182915055573358
6,Toluene,50.0,4.419149357544705,1.487819589174183
6,Toluene,50.0,4.529981036084596,1.4706858710383366
6,Toluene,50.0,4.500813687910165,1.4570046940263666
6,Toluene,50.0,4.268167277549297,1.6098044655485941
6,Toluene,50.0,4.391771523715194,1.5814704298174038
6,Toluene,50.0,4.293926918207639,1.6419404911110616
6,Toluene,50.0,4.509145717693237,1.5777626412427843
6,Toluene,50.0,4.447458261881792,1.652188346757994
6,Toluene,50.0,4.48044649765313,1.5445506233142292
6,Toluene,50.0,4.447232297826513,1.6582305319285946
6,Toluene,50.0,4.442426404202795,1.5990773435037025
6,Toluene,50.0,4.396802272411652,1.5121445063685224
6,Toluene,50.0,4.502040111991971,1.595316735255762
6,Toluene,50.0,4.5355431723224235,1.6304507495370344
6,Toluene,50.0,4.397091355278541,1.6335871358113878
6,Toluene,50.0,4.441526851319464,1.6308447397769055
6,Toluene,50.0,4.502284609934669,1.5667785726475554
6,Toluene,50.0,4.399243535914876,1.5714408765240315
6,Toluene,50.0,4.352173700391295,1.532074338533073
6,Toluene,50.0,4.075263292020267,1.5440696979837256
6,Toluene,50.0,4.1759462865769885,1.546551668816865
6,Toluene,50.0,4.405773033409623,1.5498009907176442
6,Toluene,50.0,4.392103319182214,1.5898655692198893
6,Toluene,50.0,4.224657853785178,1.5736825702754302
6,Toluene,50.0,4.334565255002808,1.53661262701704
6,Toluene,50.0,4.336377197143361,1.6141455582846573
6,Toluene,50.0,4.379125325835913,1.5700799138591783
6,Toluene,50.0,4.324086469901688,1.5075312417271978
6,Toluene,50.0,4.492283408160223,1.587488487152263
6,Toluene,50.0,4.447470853973263,1.547380861540496
6,Toluene,50.0,4.429397528658328,1.4988282683222116
6,Toluene,50.0,4.370435110370513,1.5194216106687541
6,Toluene,50.0,4.4956681294626035,1.5252168044217156
6,Toluene,50.0,4.343115408188322,1.4624978561821869
6,Toluene,50.0,4.417352790472025,1.524576890790372
6,Toluene,50.0,4.417866316237734,1.5127596876932432
6,Toluene,50.0,4.338966197520016,1.448907325712237
6,Toluene,50.0,4.402194611092164,1.468397160360861
6,Toluene,50.0,4.408296929968345,1.4228194381354222
6,Toluene,50.0,4.330336857426549,1.477087651855444
6,Toluene,50.0,4.411966001183661,1.4710628034751263
6,Toluene,50.0,4.444809803143114,1.4894488341298575
6,Toluene,50.0,4.413289410496264,1.5917004674393713
6,Toluene,50.0,4.354455972133013,1.5531731550574792
6,Toluene,50.0,4.422920177154118,1.5302106776248547
6,Toluene,50.0,4.4938932336465705,1.5596813082968541
6,Toluene,50.0,4.532297158467825,1.5364417037816167
6,Toluene,50.0,4.3904478173372095,1.5330584207063398
6,Toluene,50.0,4.521100353952242,1.6276849319390694
6,Toluene,50.0,4.473718383345949,1.6719109924177478
6,Toluene,50.0,4.507494201798346,1.621216545592078
6,Toluene,50.0,4.4286930529633874,1.644389412724533
6,Toluene,50.0,4.4045662223850135,1.584014790635248
6,Toluene,50.0,4.510346478368534,1.637658395312902
6,Toluene,50.0,4.449086887619007,1.6358787779830617
6,Toluene,50.0,4.413575460522007,1.6602046864860658
6,Toluene,50.0,4.41756262745323,1.6261309796080927
6,Toluene,50.0,4.510775180995089,1.5984850527419132
6,Toluene,50.0,4.514272065061112,1.6407105185326667
6,Toluene,50.0,4.482848141221084,1.7277687580404808
6,Toluene,50.0,4.498558444039878,1.6517944946181204
6,Toluene,50.0,4.480715421928567,1.630332167221654
6,Toluene,50.0,4.51244521571449,1.6531192755739381
6,Toluene,50.0,4.710677528382475,1.7343771171101316
6,Toluene,50.0,4.6510688644516724,1.7069275762776697
6,Toluene,50.0,4.641981775530918,1.7066848034483564
6,Toluene,50.0,4.623912286291812,1.7615092566528818
6,Toluene,50.0,4.6338670753900875,1.7665388234586334
6,Toluene,50.0,4.634591109189791,1.8020165731739501
6,Toluene,50.0,4.523258042965617,1.6312011959552257
6,Toluene,50.0,4.586757944223951,1.651371966140493
6,Toluene,50.0,4.668327287668847,1.6641661659763987
6,Toluene,50.0,-7.231343206657639,1.0978552454498443
6,Toluene,50.0,2.644570676972133,1.4574005457806019
6,Toluene,50.0,3.836764110893174,1.4846442075288342
6,Toluene,50.0,3.981937218441723,1.4762012875908859
6,Toluene,50.0,4.044140318417966,1.5404955421469944
6,Toluene,50.0,4.1002967440260045,1.4744542341579983
6,Toluene,50.0,4.12128734872044,1.5630957039575089
6,Toluene,50.0,4.188295378006244,1.4912330056624774
6,Toluene,50.0,4.088742413346679,1.8671173069072966
6,Toluene,50.0,4.377310580444444,1.542856298682615
6,Toluene,50.0,4.347608438354912,1.5546363124186298
6,Toluene,50.0,4.239039215990916,1.5391314248062133
6,Toluene,50.0,4.227781861777592,1.5121853435996029
6,Toluene,50.0,4.259561062892515,1.566635029656537
6,Toluene,50.0,3.6011434022362416,2.002144230106326
6,Toluene,50.0,4.351454354166893,1.533181768350079
6,Toluene,50.0,4.298597790469546,1.5779325892004539
6,Toluene,50.0,4.196424523995925,1.934991710014158
6,Toluene,50.0,4.393243839599373,1.5544657452374304
6,Toluene,50.0,4.319959136761968,1.556931748007646
6,Toluene,50.0,4.461737204470987,1.5803597104474836
6,Toluene,50.0,4.432147956444615,1.5933055981362616
6,Toluene,50.0,4.33589973743068,1.5575733225067014
6,Toluene,50.0,4.3551488911162535,1.5412788289987391
6,Toluene,50.0,4.390596876164646,1.4723318269250232
6,Toluene,50.0,4.329370826766649,1.5718675685563694
6,Toluene,50.0,4.339984823252828,1.590771464966398
6,Toluene,50.0,4.306478336581301,1.5474343569811972
6,Toluene,50.0,4.316487222259273,1.5640047178959309
6,Toluene,50.0,4.257755424141704,1.5481135666633155
6,Toluene,50.0,4.301505361268504,1.5771699943982624
6,Toluene,50.0,4.293586209194277,1.557159581052778
6,Toluene,50.0,4.261103587284408,1.5420347136933854
6,Toluene,50.0,4.387402591229306,1.5808256098594125
6,Toluene,50.0,4.037888506192596,2.055460310863073
6,Toluene,50.0,4.312175606930913,1.5782764379186063
6,Toluene,50.0,4.065128455557983,2.042542908707856
6,Toluene,50.0,4.337761081604168,1.5851562996786643
6,Toluene,50.0,4.3572666290776985,1.5669801472678082
6,Toluene,50.0,4.160024193399204,2.0845509539653126
6,Toluene,50.0,4.359573378002328,1.5944265674621214
6,Toluene,50.0,4.30436547336896,1.5906340578571387
6,Toluene,50.0,4.448737877255086,1.6384611392161748
6,Toluene,50.0,4.458568329940215,1.5899684564821197
6,Toluene,50.0,4.520435123655235,1.3170852555550099
6,Toluene,50.0,4.513093083052006,1.4190762487943531
6,Toluene,50.0,4.820952950961694,1.1124950824020408
6,Toluene,50.0,4.175225864140515,2.4269211521007197
6,Toluene,50.0,4.428466901547479,1.922864180690497
6,Toluene,50.0,4.525718818006604,1.6364136085665888
6,Toluene,50.0,4.443207723509404,2.0028328445788057
6,Toluene,50.0,4.42070565238444,1.790123032428649
6,Toluene,50.0,4.557950011744073,1.6078341385329702
6,Toluene,50.0,4.550986657182422,1.7727565888744208
6,Toluene,50.0,4.558328144474519,1.6353546183696996
6,Toluene,50.0,4.462286641288728,1.7884482827521442
6,Toluene,50.0,4.597283944554793,1.6752659604339637
6,Toluene,50.0,4.3725318049922715,2.047875732058128
6,Toluene,50.0,4.262655733960203,2.3820180916479
6,Toluene,50.0,4.634589530816472,1.660534750436159
6,Toluene,50.0,4.636638142053463,1.6866915341123807
6,Toluene,50.0,4.531963993532583,1.662499932758223
6,Toluene,50.0,4.618364396330979,1.7109662780727848
6,Toluene,50.0,4.653503263908798,1.6659999216334762
6,Toluene,50.0,4.677457610175559,1.7374672816863443
6,Toluene,50.0,4.703958423812725,1.7248691162647296
6,Toluene,50.0,4.62279966532276,1.735746191213169
6,Toluene,50.0,4.25649509284024,2.6023090862467217
6,Toluene,50.0,4.63669957322479,1.7110482929215067
6,Toluene,50.0,4.45341826318378,2.267119920215976
6,Toluene,50.0,4.477036921702401,2.1090311649958937
6,Toluene,50.0,4.601141298017883,1.7262332252057004
6,Toluene,50.0,4.641822231253246,1.7522736432759494
6,Toluene,50.0,4.73446526039447,1.7471116625714642
6,Toluene,50.0,4.72766890992246,1.8010626296435834
6,Toluene,50.0,4.694594285152401,1.7831974750641628
6,Toluene,50.0,4.6373685515999075,1.7939952138372317
6,Toluene,50.0,4.745063931689527,1.809941761233736
6,Toluene,50.0,4.684057414837611,1.793038204328296
6,Toluene,50.0,4.606360478836729,1.721563953342155
6,Toluene,50.0,4.735692716714129,1.6919451179844582
6,Toluene,50.0,4.662390563859273,1.8598275275014169
6,Toluene,50.0,4.672003214577958,1.7887521390984782
6,Toluene,50.0,4.696593353320067,1.771908001194056
6,Toluene,50.0,4.689921089460822,1.7638472045077913
6,Toluene,50.0,4.598524139663081,1.7833995009180934
6,Toluene,50.0,4.772640073577921,1.7508408191164395
6,Toluene,50.0,4.564743219618651,2.1998879015331885
6,Toluene,50.0,4.694096309116296,1.8050374006261038
6,Toluene,50.0,4.705010974677694,1.7689794616680954
6,Toluene,50.0,4.678416906833845,2.0479167606682362
6,Toluene,50.0,4.744959292820053,1.766547407036081
6,Toluene,50.0,4.783041498983608,1.8096558372017177
6,Toluene,50.0,4.772674346912721,1.8264052666914403
6,Toluene,50.0,4.769749037053341,1.7746964217621666
6,Toluene,50.0,4.707519112112592,1.8254510412097629
6,Toluene,50.0,4.708730355167199,1.7314357581577537
6,Toluene,50.0,4.734744515405652,1.8215965676783024
6,Toluene,50.0,4.4441240724619755,2.364182042901462
6,Toluene,50.0,4.648273864251256,1.797607684255782
6,Toluene,50.0,4.708696609528079,1.8454372230704867
6,Toluene,50.0,4.653159602166084,1.8009663407471015
6,Toluene,50.0,4.776306550640398,1.865491495211358
6,Toluene,50.0,4.743170519224084,1.8373858634835154
6,Toluene,100.0,1.981113473487171,1.5944012603942985
6,Toluene,10.0,8.967507430270228,1.2947480876017619
6,Toluene,100.0,1.4971913538493082,1.4622103694700876
6,Toluene,10.0,8.94540234636017,1.2904743175335944
6,Toluene,100.0,1.385554943998472,1.5212158649111458
6,Toluene,10.0,8.803776633506232,1.521212606545934
6,Toluene,100.0,1.4204156250543623,1.7151410872235822
6,Toluene,10.0,8.98314855030123,1.3443812057394948
6,Toluene,100.0,0.9591721792528131,1.2993522165756828
6,Toluene,10.0,8.962105074320984,1.347011521910472
6,Toluene,100.0,1.2533927856126372,1.8465093041812317
6,Toluene,10.0,8.950685233675943,1.316880059837761
6,Toluene,100.0,1.2991972804300849,1.5832439604718875
6,Toluene,10.0,8.968547382422653,1.3200409467418268
6,Toluene,100.0,1.3547642800056827,1.5617249721917974
6,Toluene,10.0,8.95854657638809,1.3353265721543557
6,Toluene,100.0,1.5398552381734492,1.605987077652298
6,Toluene,10.0,8.990919952212554,1.298947617592859
6,Toluene,100.0,1.4565157759150724,1.699541402999207
6,Toluene,10.0,8.960198418527957,1.3055768642939107
6,Toluene,100.0,1.4332991536270574,1.6054926245882117
6,Toluene,10.0,9.00493215027588,1.3595698235660627
6,Toluene,100.0,1.4779215109529658,1.644397218860511
6,Toluene,10.0,9.005196439941228,1.3306529502469957
6,Toluene,100.0,1.3695585051095938,1.6289036436120112
6,Toluene,10.0,9.061302665774615,1.389823852109131
6,Toluene,100.0,1.6077514176500032,1.7150982864853073
6,Toluene,10.0,8.97760914926306,1.3414269783644392
6,Toluene,100.0,1.460518400507148,1.676061818996361
6,Toluene,10.0,8.928579711205867,1.4778090315969588
6,Toluene,100.0,1.4587712380892623,1.6114568497644175
6,Toluene,10.0,8.983732672697485,1.3240481317849775
6,Toluene,100.0,1.3988891956947291,1.6284719495748767
6,Toluene,10.0,9.017138441353309,1.3590732873316937
6,Toluene,100.0,1.358099371195971,1.6364579424442036
6,Toluene,10.0,8.958538606484053,1.3731676313996188
6,Toluene,100.0,1.4835766807217967,1.7197922380171928
6,Toluene,10.0,9.08165426593754,1.3955913720779562
6,Toluene,100.0,1.5144773050150109,1.6773888842182465
6,Toluene,10.0,9.057949756162596,1.3783602680019558
6,Toluene,100.0,1.5421195177567235,1.710613374922513
6,Toluene,10.0,9.033793087089915,1.3772584787070867
6,Toluene,100.0,1.483687063930415,1.7233571828752472
6,Toluene,10.0,9.081948482048299,1.3870062151020104
6,Toluene,100.0,1.5522241300051953,1.6827747338927352
6,Toluene,10.0,9.08386642827611,1.4096101989244734
6,Toluene,100.0,1.4394636380287669,1.759069321077736
6,Toluene,10.0,9.077804601971613,1.3620617269422841
6,Toluene,100.0,1.5665686679512352,1.7632059879301858
6,Toluene,10.0,9.05121969632752,1.4475252052588754
6,Toluene,100.0,1.5533558600108428,1.7341895699000607
6,Toluene,10.0,9.108828172852663,1.419345827830956
6,Toluene,100.0,1.6032340216331236,1.74939533809757
6,Toluene,10.0,9.075697999312261,1.4013067353768924
6,Toluene,100.0,1.5266472732809966,1.8230432796506935
6,Toluene,10.0,9.095074230050392,1.3908287446455057
6,Toluene,100.0,1.633734538879133,1.767194792833519
6,Toluene,10.0,9.103069014507781,1.400399125757812
6,Toluene,100.0,1.559009952761298,1.8231758004415912
6,Toluene,10.0,9.13411598674765,1.4333410738648227
6,Toluene,100.0,1.6631158121002507,1.8482472121254159
6,Toluene,10.0,9.087753033202004,1.4187487842439788
6,Toluene,100.0,1.573034830860571,1.8390338188579491
6,Toluene,10.0,9.136557971226349,1.397163086620185
6,Toluene,100.0,1.622212910024745,1.7825788081554022
6,Toluene,10.0,9.138485585455378,1.4012298383570176
6,Toluene,100.0,1.5803790079730675,1.794791331239225
6,Toluene,10.0,9.125545519290668,1.402794159310844
6,Toluene,100.0,1.5234816566685256,1.7649141330453657
6,Toluene,10.0,9.105029967508122,1.384725723746613
6,Toluene,100.0,1.6586254201160742,1.7553969501540245
6,Toluene,10.0,9.084001165619439,1.3845838521546163
6,Toluene,100.0,1.6130315759781577,1.7762460056764207
6,Toluene,10.0,9.127684255274369,1.4081709865853795
6,Toluene,100.0,1.5100504181148415,1.8403588464218203
6,Toluene,10.0,9.078647228802712,1.3790140246350875
6,Toluene,100.0,1.5208815645712432,1.7693124226843293
6,Toluene,10.0,9.07780476374092,1.3791076764201098
6,Toluene,100.0,1.5751766169211951,1.7683363883284082
6,Toluene,10.0,9.120452495012287,1.4022149106001416
6,Toluene,100.0,1.612890870282785,1.749856602332433
6,Toluene,10.0,9.095531228872927,1.4090278876802858
6,Toluene,100.0,1.5536363790446566,1.7742953379201027
6,Toluene,10.0,9.063426334030524,1.3759531970868892
6,Toluene,100.0,1.5052974754347648,1.7835580725449207
6,Toluene,10.0,9.135373861751914,1.414971674095177
6,Toluene,100.0,1.651288685170394,1.7942951762053654
6,Toluene,10.0,9.076425536470595,1.3643173008714882
6,Toluene,100.0,1.5682073029564134,1.8092217302426818
6,Toluene,10.0,9.106703385967657,1.4121893183421728
6,Toluene,100.0,1.5793703917949982,1.744699514719553
6,Toluene,10.0,9.061683443744888,1.3798141545479612
6,Toluene,100.0,1.6178259051161625,1.7868173176432853
6,Toluene,10.0,9.0972243825083,1.3791822629352317
6,Toluene,100.0,1.5106076889859141,1.7794204143925836
6,Toluene,10.0,9.119074104270007,1.393867732681084
6,Toluene,100.0,1.5344634481265105,1.7641071265950767
6,Toluene,10.0,9.081416352550034,1.3680759388841488
6,Toluene,100.0,1.1899772129419854,1.7237877668210488
6,Toluene,10.0,9.044701597000307,1.3793829543871892
7,Acetone,100.0,-3.6515356433510404,-1.3796315774196979
7,Acetone,10.0,5.242985188183674,-2.070190557234132
7,Acetaldehyde,100.0,-7.221884733398812,-4.464496570257171
7,Acetaldehyde,10.0,10.09267023671475,0.562398610756056
7,Acetone,200.0,-11.202146810893657,-1.1217705841263712
7,Acetone,20.0,3.125583046698427,-2.1062036262264585
7,Acetaldehyde,250.0,-21.693589273863736,-12.302985163171448
7,Acetaldehyde,110.0,-3.6881223187764247,-5.031439020424549
7,Acetone,150.0,-8.692655182754617,-1.3439242388461528
7,Acetone,50.0,0.4931976546064882,-1.5228579823537238
7,Acetaldehyde,30.0,5.2988823335986295,-1.7215681533412535
7,Acetaldehyde,80.0,-0.8239130141245893,-3.738672893606357
7,Acetone,180.0,-9.120743521507363,-1.4656055305982294
7,Acetone,80.0,-2.1707989856791836,-1.4445207212326323
7,Acetaldehyde,20.0,7.6385978858081085,-0.5454473899112643
7,Acetaldehyde,70.0,0.3837191295049434,-3.743659005332321
7,Acetone,250.0,-13.535394216763718,-1.478825948866542
7,Acetone,210.0,-11.204331033014935,-1.1488941743035688
7,Acetaldehyde,150.0,-8.907491707401162,-10.16420387264657
7,Acetaldehyde,50.0,3.3120940433530066,-3.0230854946907995
7,Acetone,230.0,-11.99778747100819,-2.4555902706957022
7,Acetone,120.0,-4.945814124369214,-1.9415177115793143
7,Acetaldehyde,210.0,-5.279364096832367,-8.048136466863298
7,Acetaldehyde,190.0,-9.641886840503242,-10.943357931621419
7,Acetone,90.0,-3.00868665193246,-2.318473497955315
7,Acetone,170.0,-8.340664857588257,-2.258650028294906
7,Acetaldehyde,80.0,4.182505398939739,-2.7305984125581086
7,Acetaldehyde,230.0,-12.071153239660616,-11.686692752096922
7,Acetone,240.0,-12.459602866892904,-2.787989281343482
7,Acetone,60.0,-0.17581514545198623,-2.2517355462429998
7,Acetaldehyde,130.0,-6.523581338006851,-8.570197786792706
7,Acetaldehyde,90.0,-0.6362735621362997,-4.803512676246341
7,Acetone,190.0,-9.576170285291271,-2.6207959581992806
7,Acetone,30.0,2.4813470177824297,-2.3681737637268254
7,Acetaldehyde,160.0,-10.375288714768288,-12.256329512220708
7,Acetaldehyde,240.0,-12.631720449743927,-11.523194329095052
7,Acetone,220.0,-11.249946994836014,-2.867287989649148
7,Acetone,110.0,-4.197702714864743,-2.1785947473632112
7,Acetaldehyde,220.0,-13.67758263883153,-13.404575507862726
7,Acetaldehyde,60.0,2.32998060082405,-3.6658402912676835
7,Acetone,130.0,-6.0646258811418186,-2.0866494636480533
7,Acetone,40.0,1.0325013142936474,-1.8414967725141544
7,Acetaldehyde,200.0,-12.95405633597208,-12.81022392569197
7,Acetaldehyde,85.0,-4.856395409301271,-7.8518140981655415
7,Acetone,70.0,-1.50832554374125,-2.306941112839291
7,Acetaldehyde,210.0,-12.660642429900536,-13.207042511794322
7,Acetaldehyde,170.0,-8.180605487487957,-10.567365395610368
7,Acetone,140.0,-6.685745101585288,-2.561435151204802
7,Acetone,160.0,-7.914186781259523,-2.3914353189470785
7,Acetaldehyde,180.0,-11.083281140477535,-12.951318093356303
7,Acetone,100.0,-3.629688311082294,-2.277814054966176
7,Acetone,10.0,5.158991884976975,-2.5020848027982767
7,Acetaldehyde,10.0,-2.7163582363311125,-6.800459401261151
7,Acetone,200.0,-10.538708139444383,-2.9505744401373395
7,Acetone,20.0,3.7053941432857247,-2.478112803482147
7,Acetaldehyde,250.0,-14.349375561710966,-13.825376261328094
7,Acetaldehyde,110.0,-1.7141850635528637,-5.947925633424074
7,Acetone,150.0,-7.302151667538202,-2.719539509686783
7,Acetone,50.0,0.44750077582076847,-2.409231989181638
7,Acetaldehyde,30.0,5.957412910573643,-1.8608911991813486
7,Acetaldehyde,110.0,0.38116681020626253,-4.5308990491100225
7,Acetone,180.0,-9.215275613758115,-2.7368606014986487
7,Acetone,80.0,-2.149516023704129,-2.29437007078934
7,Acetaldehyde,20.0,7.973966215820301,-0.7128489300328176
7,Acetaldehyde,70.0,1.3332735089401333,-3.947147583931538
7,Acetone,250.0,-13.264599470835277,-3.0280461023478176
7,Acetone,210.0,-10.662300783311617,-2.5235900932959927
7,Acetaldehyde,150.0,-7.800587870365189,-10.325836886677314
7,Acetaldehyde,50.0,3.808849354493756,-2.9237425408867117
7,Acetone,230.0,-12.082140369666597,-2.8913108236381286
7,Acetone,120.0,-5.0200395180485025,-2.1716093504447773
7,Acetaldehyde,120.0,-4.54297228307725,-7.870215443852561
7,Acetaldehyde,180.0,-8.910627454953831,-10.80946382810318
7,Acetone,90.0,-2.9584261656843207,-2.396812934277636
7,Acetone,170.0,-8.541215646431972,-2.5492102170062636
7,Acetaldehyde,40.0,4.555331587950818,-2.520520429286007
7,Acetaldehyde,230.0,-11.3834077756791,-11.740710450767935
7,Acetone,240.0,-12.602964594094063,-2.915379459780988
7,Acetone,60.0,-0.0556264925124352,-2.0620401494960703
7,Acetaldehyde,10.0,-5.438346393697644,-8.400057541666191
7,Acetaldehyde,90.0,0.16857105822140875,-4.661480650240063
7,Acetone,190.0,-9.862086684491894,-2.728998551533759
7,Acetone,30.0,2.813092048918794,-2.17835088871088
7,Acetaldehyde,160.0,-9.435873675961234,-11.86363464861464
7,Acetaldehyde,70.0,-11.500564521631553,-11.40929789920656
7,Acetone,220.0,-11.40380067139069,-2.8973256544297805
7,Acetone,110.0,-4.29607266291885,-2.136239737516916
7,Acetaldehyde,220.0,-12.83744298825869,-13.256302504269014
7,Acetaldehyde,60.0,2.8941237297337032,-3.3064957837704396
7,Acetone,130.0,-6.672490186879071,-2.2527151635523013
7,Acetone,40.0,1.5913464652068758,-2.1997729611881147
7,Acetaldehyde,200.0,-11.825973838567316,-13.058631471011113
7,Acetaldehyde,140.0,-4.132361381533113,-7.245423340457062
7,Acetone,70.0,-1.1392027576647588,-2.0616428319523075
7,Acetaldehyde,210.0,-12.199468619560932,-13.20982444990178
7,Acetaldehyde,170.0,-7.66694932730983,-10.208501052276363
7,Acetone,140.0,-6.507250239096294,-2.520412760301595
7,Acetone,160.0,-7.6461127404220575,-2.4225236419327745
7,Acetaldehyde,180.0,-10.367584844361128,-12.596852333307044
7,Acetone,100.0,-3.443315779867919,-2.148873376665793
7,Acetone,10.0,5.533491912886695,-2.2702034612711945
7,Acetaldehyde,100.0,-2.0274673256787796,-6.108725862503317
7,Acetone,200.0,-10.471314940587737,-2.8570106271558595
7,Acetone,20.0,4.020509771311871,-2.2063022675623074
7,Acetaldehyde,250.0,-13.546087177249287,-13.46916486980473
7,Acetaldehyde,110.0,-1.1194930073915514,-5.411687488110085
7,Acetone,150.0,-7.303977677843342,-2.718353798351585
7,Acetone,50.0,0.7921145263370264,-2.1477300619877373
7,Acetaldehyde,30.0,6.244854963334555,-1.6548618866347578
7,Acetaldehyde,80.0,0.9052337996459868,-4.191406529125082
7,Acetone,180.0,-9.102094083030481,-2.811092777466221
7,Acetone,80.0,-2.419388610395333,-0.9640114627213033
7,Acetaldehyde,20.0,8.12456194184567,-0.6052750862521947
7,Acetaldehyde,70.0,1.7306423396553787,-3.4483209273357094
7,Acetone,250.0,-13.759465971902522,-1.4759536089768972
7,Acetone,210.0,-10.97685024580377,-1.0939592398109395
7,Acetaldehyde,150.0,-7.013406347885527,-9.416791153292541
7,Acetaldehyde,50.0,4.22889949106028,-2.442208821343088
7,Acetone,230.0,-12.4235753380094,-1.3372708005538485
7,Acetone,120.0,-4.742566984370791,-1.6717607137833865
7,Acetaldehyde,120.0,-3.881784377125364,-7.258577660643261
7,Acetaldehyde,190.0,-8.519062829886456,-10.520253765858754
7,Acetone,90.0,-2.7339259176092114,-1.968698230699169
7,Acetone,170.0,-8.316756372432781,-1.952295231464797
7,Acetaldehyde,50.0,4.845111702518682,-2.3871259580611097
7,Acetaldehyde,40.0,-10.809315346874616,-11.24602823947062
7,Acetone,240.0,-12.569137507081766,-2.6174216957195284
7,Acetone,60.0,0.04370546934121789,-1.7346478203398348
7,Acetaldehyde,130.0,-4.844802993320523,-7.927813302324
7,Acetaldehyde,90.0,0.5124909289860626,-4.381729481791938
7,Acetone,190.0,-9.581248946243003,-2.390922891555638
7,Acetone,30.0,3.0069068313778025,-1.8893973350437971
7,Acetaldehyde,160.0,-8.788861088759669,-11.302208372262902
7,Acetaldehyde,240.0,-11.034470408601349,-11.074073154513245
7,Acetone,220.0,-11.391135889495088,-2.569515296327277
7,Acetone,110.0,-4.024623918793851,-1.7186179170168734
7,Acetaldehyde,220.0,-12.50799999734348,-12.900231853004293
7,Acetaldehyde,60.0,3.1699416836685597,-3.0984134693827854
7,Acetone,130.0,-5.8383216065468515,-2.151379430175759
7,Acetone,40.0,1.737728021920915,-1.9490479664217024
7,Acetaldehyde,200.0,-11.558152003054182,-12.874040941957615
7,Acetaldehyde,140.0,-3.748301097240046,-7.035938731105609
7,Acetone,70.0,-1.147168786114468,-1.8762544752017394
7,Acetaldehyde,210.0,-11.741258392442804,-12.910093686938707
7,Acetaldehyde,170.0,-7.217984279734513,-9.849281181272033
7,Acetone,140.0,-6.480953271521641,-2.312128722146879
7,Acetone,160.0,-7.606528712964096,-2.1381265819925823
7,Acetaldehyde,100.0,-10.060706757697892,-12.43521840762923
7,Acetone,100.0,-3.381040129708688,-1.9868870293603735
7,Acetone,10.0,5.6948143885127624,-2.0999784184330044
7,Acetaldehyde,100.0,-1.6435546977217779,-5.651488078891503
7,Acetone,200.0,-10.997969023129702,-1.4810821135079242
7,Acetone,20.0,3.983358517739128,-1.6546667468960061
7,Acetaldehyde,250.0,-13.5828617381378,-12.834942766330707
7,Acetaldehyde,110.0,-1.0903709573323248,-5.089843377790309
7,Acetone,150.0,-7.778710970823987,-1.3878113888731374
7,Acetone,50.0,0.5921847469383053,-1.395293108394697
7,Acetaldehyde,55.0,6.373909997028785,-1.396424244250976
7,Acetaldehyde,80.0,0.9010625236203015,-3.976253437958997
7,Acetone,180.0,-9.783609181385302,-1.3181348928380727
7,Acetone,80.0,-2.052041286829594,-1.1558833593605906
7,Acetaldehyde,20.0,8.177960426543805,-0.43046842012788594
7,Acetaldehyde,70.0,1.819469629806963,-3.445700143451227
7,Acetone,250.0,-13.82825258307917,-1.6422859980965352
7,Acetone,210.0,-11.015344926216647,-1.0947176640948195
7,Acetaldehyde,150.0,-6.798952010054884,-9.113423709107046
7,Acetaldehyde,50.0,4.239963775096297,-2.4971758182598345
7,Acetone,230.0,-12.654000479542654,-1.4394415012580601
7,Acetone,120.0,-5.2603072573964615,-0.9936973072439739
7,Acetaldehyde,120.0,-3.811475792785423,-6.745369722066769
7,Acetaldehyde,190.0,-8.379798296195538,-10.292486067370504
7,Acetone,90.0,-3.117121377119442,-1.3506600339911492
7,Acetone,170.0,-8.890793267946794,-1.0424653450775379
7,Acetaldehyde,40.0,4.775152807000903,-2.0249856023730564
7,Acetaldehyde,230.0,-10.534651191796735,-11.094951031219102
7,Acetone,240.0,-12.727736959480414,-2.412075019523782
7,Acetone,60.0,-0.029391140278777306,-1.661483389687688
7,Acetaldehyde,130.0,-4.585475921800999,-7.49361550198694
7,Acetaldehyde,10.0,0.6239154185093091,-4.363314030246511
7,Acetone,190.0,-9.758372910994444,-2.352245409088612
7,Acetone,30.0,3.1293143967361554,-1.8786027936600487
7,Acetaldehyde,160.0,-8.14575538612962,-10.595993877496124
7,Acetaldehyde,170.0,-10.933821619156697,-11.063594146104265
7,Acetone,220.0,-11.387897271000424,-2.6561328433177156
7,Acetone,110.0,-3.970627113077325,-1.786903119679911
7,Acetaldehyde,220.0,-12.33985549979569,-12.97188278999878
7,Acetaldehyde,60.0,3.3202233307206366,-2.9942608246183626
7,Acetone,130.0,-5.727401344315717,-2.2865919074291856
7,Acetone,40.0,1.975658873948005,-1.897432958955646
7,Acetaldehyde,30.0,-11.178534355675774,-12.78715828985868
7,Acetaldehyde,140.0,-3.489662688215386,-6.84526570201085
7,Acetone,70.0,-1.0996935793883003,-1.5995633174850912
7,Acetaldehyde,210.0,-11.73208981129959,-12.203922344678904
7,Acetaldehyde,170.0,-7.154630377420227,-9.755748364438976
7,Acetone,140.0,-6.503275804186235,-2.1860657601475357
7,Acetone,160.0,-7.615891959515314,-2.0839657386432147
7,Acetaldehyde,180.0,-9.792638627236077,-12.154929074974437
7,Acetone,100.0,-3.452363374552633,-1.772208477115656
7,Acetone,10.0,5.4996461798540075,-1.9977578524458592
7,Acetaldehyde,100.0,-1.6166964213212676,-5.570745421325532
7,Acetone,200.0,-11.164914263766747,-1.2497849171256725
7,Acetone,20.0,3.9862759032600903,-1.406360472714416
7,Acetaldehyde,250.0,-13.549964415953873,-12.750045698620232
7,Acetaldehyde,110.0,-0.9329049556259581,-5.233325975448238
7,Acetone,150.0,-7.567819391903333,-1.3349596358553977
7,Acetone,50.0,0.5459353402855935,-1.4506127709015917
7,Acetaldehyde,30.0,6.4276212645328545,-1.4757648312483516
7,Acetaldehyde,80.0,0.9956070796526618,-3.9338941523298248
7,Acetone,180.0,-9.587470773761101,-1.293518925654051
7,Acetone,80.0,-2.071631292218076,-1.1521023135968065
7,Acetaldehyde,70.0,1.8748540558194506,-3.3526821709677352
7,Acetone,250.0,-13.956184500051261,-1.5938229457388025
7,Acetone,210.0,-11.178292618437075,-1.2596707400123421
7,Acetaldehyde,150.0,-6.535144568791003,-8.977971542558958
7,Acetaldehyde,50.0,4.3497697844196415,-2.5393604432716983
7,Acetone,230.0,-12.876186013018097,-1.3587713316909986
7,Acetone,120.0,-5.301830878544064,-1.0183945509968497
7,Acetaldehyde,120.0,-3.6975485823216405,-6.716153431095634
7,Acetaldehyde,190.0,-8.440958977817465,-10.241044510781611
7,Acetone,90.0,-3.1386562288968807,-1.2650706513865018
7,Acetone,170.0,-8.895363118864475,-1.0902161709645228
7,Acetaldehyde,40.0,4.904902124886122,-2.1074070823962687
7,Acetaldehyde,230.0,-10.940048875954528,-11.053407508543003
7,Acetone,240.0,-13.370739761545224,-1.5301399469590673
7,Acetone,60.0,-0.12702754130719446,-1.2036766491607187
7,Acetaldehyde,130.0,-4.479791196307031,-7.222130872012899
7,Acetaldehyde,90.0,0.5402999486145849,-4.122266579840334
7,Acetone,190.0,-10.298359083600051,-1.4420392102348631
7,Acetone,30.0,2.8232622791048705,-1.451846867126911
7,Acetaldehyde,160.0,-8.403936423589418,-10.821380142386014
7,Acetaldehyde,240.0,-11.03063829834205,-10.709565113903754
7,Acetone,220.0,-12.146127445545002,-1.412026189049639
7,Acetone,110.0,-4.483056376658393,-1.052214905557306
7,Acetaldehyde,220.0,-12.466988639815938,-12.523886798464199
7,Acetaldehyde,60.0,3.1588168700217873,-2.6724147745955533
7,Acetone,130.0,-6.319231226791004,-1.3419507978018046
7,Acetone,40.0,1.6283627711609259,-1.329651956009984
7,Acetaldehyde,200.0,-11.389126134585657,-12.375934032023329
7,Acetaldehyde,140.0,-3.5305925961878475,-6.449583619359528
7,Acetone,70.0,-1.544540201136899,-1.123681668812527
7,Acetaldehyde,210.0,-11.749810822865134,-12.647240522636325
7,Acetaldehyde,170.0,-7.5562929212999155,-9.579167674118622
7,Acetone,140.0,-7.173205026337687,-1.306809869940738
7,Acetone,160.0,-8.425745780109693,-1.2174744719252766
7,Acetaldehyde,180.0,-10.05621276379463,-12.16848329904768
7,Acetone,100.0,-3.8616817072296845,-1.1844455658311615
7,Acetone,10.0,5.5907187097673745,-1.7066449756631614
7,Acetaldehyde,100.0,-1.620896512691785,-5.612566090465666
7,Acetone,200.0,-11.360597478828993,-1.3979775708788191
7,Acetone,20.0,4.029671388858091,-1.5331165411082388
7,Acetaldehyde,250.0,-13.542668211180539,-12.999303153449766
7,Acetaldehyde,110.0,-1.1207477396879302,-4.732442872492729
7,Acetone,150.0,-8.1758811744923,-0.755136505438185
7,Acetone,50.0,0.6387748863638736,-1.385918602693814
7,Acetaldehyde,30.0,6.480389594881781,-1.3934353777407422
7,Acetaldehyde,80.0,1.1304337050744253,-3.767393361559701
7,Acetone,180.0,-9.861647076623191,-1.3731636150195672
7,Acetone,80.0,-2.1663836401133922,-1.2138836344541781
7,Acetaldehyde,70.0,1.9311077396951382,-3.3528735822935065
7,Acetone,250.0,-14.042260887364762,-1.5829292800090713
7,Acetone,210.0,-11.30837600079033,-0.9492819567507828
7,Acetaldehyde,150.0,-6.7359313594757175,-9.18190414280296
7,Acetaldehyde,50.0,4.147095520072555,-2.3919563214646553
7,Acetone,230.0,-12.830827880681456,-1.7056289575177148
7,Acetone,120.0,-5.241303839940994,-1.0303389824806533
7,Acetaldehyde,120.0,-3.609932652079937,-6.74234475317326
7,Acetaldehyde,190.0,-8.468353317685478,-9.714282018811472
7,Acetone,90.0,-3.08477378403049,-1.6157997534626458
7,Acetone,170.0,-8.85312074854085,-1.7952089462119756
7,Acetaldehyde,10.0,4.97179039270395,-2.2482900608712826
7,Acetaldehyde,230.0,-10.720393407396024,-11.33788411696421
7,Acetone,240.0,-13.192288534277486,-2.254575569911445
7,Acetone,60.0,-0.1357260914691062,-1.5138649272701226
7,Acetaldehyde,130.0,-4.506738548518702,-7.6709818235304095
7,Acetaldehyde,90.0,0.6658157071295301,-4.411609168017893
7,Acetone,190.0,-10.17387506052065,-2.29238990640628
7,Acetone,30.0,2.7468443040279396,-1.9086122441636086
7,Acetaldehyde,160.0,-8.748716045883715,-11.64649749231522
7,Acetaldehyde,240.0,-11.014984358811146,-11.254716097933738
7,Acetone,220.0,-12.1413020946155,-2.343471603580687
7,Acetone,110.0,-4.526054590398742,-1.7497136859242266
7,Acetaldehyde,220.0,-12.295076501683022,-13.153185713759184
7,Acetaldehyde,60.0,3.0964727828124055,-3.2275131263958823
7,Acetone,130.0,-6.27447653081917,-2.0978361515451347
7,Acetone,40.0,1.2184765724409146,-1.9280805174308526
7,Acetaldehyde,200.0,-11.565137046267179,-13.111113431349848
7,Acetaldehyde,140.0,-3.8719185450063653,-7.4440977678175395
7,Acetone,70.0,-1.438373305768312,-1.9313182260867023
7,Acetaldehyde,210.0,-11.687096846502524,-13.113089277531913
7,Acetaldehyde,170.0,-7.388190328980102,-10.418889406243645
7,Acetone,140.0,-7.103778568048931,-2.2448581265826184
7,Acetone,160.0,-8.165950518369103,-2.072672002634697
7,Acetaldehyde,180.0,-10.10525633478286,-12.724856325032123
7,Acetone,100.0,-3.326168014791151,-1.846403332528503
7,Acetone,10.0,5.650471989591014,-2.007923751539436
7,Acetaldehyde,100.0,-2.12523496688971,-5.868987456119185
7,Acetone,200.0,-11.26550457204118,-2.245647526587753
7,Acetone,20.0,4.023136059832314,-1.9278049979618668
7,Acetaldehyde,250.0,-12.885578296395705,-12.8579624097759
7,Acetaldehyde,110.0,-0.7660203023451249,-5.24649619650378
7,Acetone,150.0,-7.25149556764366,-2.192099516576741
7,Acetone,50.0,1.0047322063568798,-1.7649070215439282
7,Acetaldehyde,30.0,6.545599924506216,-1.4819329432577129
7,Acetaldehyde,80.0,1.1687694981797008,-4.03000257252208
7,Acetone,180.0,-9.02840654209685,-2.2610864136116433
7,Acetone,80.0,-1.8328523466188937,-1.8473975666879796
7,Acetaldehyde,70.0,2.2234212527638735,-3.451706405337431
7,Acetone,250.0,-13.117049011487453,-2.6949458796770958
7,Acetone,210.0,-10.642401712747535,-2.2100551164659774
7,Acetaldehyde,150.0,-6.415402855812379,-9.522317404538422
7,Acetaldehyde,50.0,4.378545180517823,-2.655319049413418
7,Acetone,230.0,-11.994974817377233,-2.6773192828623524
7,Acetone,120.0,-4.912723515953532,-1.8870672826685373
7,Acetaldehyde,120.0,-3.5379028089396836,-7.351828992117502
7,Acetaldehyde,190.0,-8.452071941820762,-10.27745973002809
7,Acetone,90.0,-2.7102742884891997,-2.0430304940414916
7,Acetone,170.0,-8.40386710763043,-2.1457544624675493
7,Acetaldehyde,40.0,4.6357457348706985,-2.3603886372642684
7,Acetaldehyde,230.0,-11.639783260794319,-11.200751481864918
7,Acetone,240.0,-12.596758410289802,-2.634058153509276
7,Acetone,60.0,-0.11889992388289757,-1.8309717623962845
7,Acetaldehyde,130.0,-5.119665957246325,-8.18055395976937
7,Acetaldehyde,90.0,0.5054924470366007,-4.430154840287545
7,Acetone,190.0,-9.761772191878308,-2.3998097906647233
7,Acetone,30.0,2.8074043490964344,-2.0719107089952855
7,Acetaldehyde,160.0,-8.86378895823618,-11.623091148228031
7,Acetaldehyde,240.0,-10.922983016079149,-11.220189503821668
7,Acetone,220.0,-11.547486744315979,-2.6321091395739775
7,Acetone,110.0,-4.177575632706735,-1.9149333288243493
7,Acetaldehyde,220.0,-12.008277386358447,-13.022849061455668
7,Acetaldehyde,60.0,3.2338857224917676,-3.1974878556079185
7,Acetone,130.0,-6.095995852905284,-2.368693245422081
7,Acetone,40.0,1.6320344632528248,-2.051861740816098
7,Acetaldehyde,200.0,-11.03082085462586,-12.874533580567515
7,Acetaldehyde,140.0,-3.845725125873251,-7.619243280872943
7,Acetone,70.0,-1.4136194736710939,-2.0755781148351917
7,Acetaldehyde,210.0,-11.38397937418048,-13.116775883675851
7,Acetaldehyde,170.0,-7.203626113355906,-10.197872418118878
7,Acetone,140.0,-6.770522927698672,-2.410327724581419
7,Acetone,160.0,-8.039930971679706,-2.379526396464953
7,Acetaldehyde,180.0,-10.013893875312453,-12.645723135840026
7,Acetone,100.0,-3.817103583823923,-1.9566327902269547
7,Acetone,10.0,5.33827126564201,-2.2465886999353515
7,Acetaldehyde,100.0,-1.8176169813944245,-6.257614368975261
7,Acetone,200.0,-10.952316106770239,-2.470883137224171
7,Acetone,20.0,3.876594362863241,-2.2060601604727035
7,Acetaldehyde,250.0,-13.234273758457118,-13.505342325414604
7,Acetaldehyde,110.0,-1.0736397709351615,-5.609983085719641
7,Acetone,150.0,-7.782279944162701,-2.2227059730022143
7,Acetone,50.0,0.5235526886858825,-2.0127099550253256
7,Acetaldehyde,30.0,6.3932848026838425,-1.5790993894460579
7,Acetaldehyde,80.0,1.1896158275732565,-4.117510184536133
7,Acetone,180.0,-9.670477199001581,-2.403996360987406
7,Acetone,80.0,-2.1483678494362164,-1.855132176983022
7,Acetaldehyde,280.0,2.042704132214239,-3.64573064641726
7,Acetone,250.0,-13.709281522616662,-2.730504527040859
7,Acetone,210.0,-11.226155246383373,-2.20117725293999
7,Acetaldehyde,150.0,-6.746468886700681,-9.852017675976217
7,Acetaldehyde,50.0,4.371316699178878,-2.651420078584164
7,Acetone,230.0,-12.694430649254308,-2.690132774143946
7,Acetone,120.0,-5.205071030994238,-1.8883743350830235
7,Acetaldehyde,120.0,-3.625173019200609,-7.411943988327747
7,Acetaldehyde,190.0,-8.132297001074791,-10.692128606431957
7,Acetone,90.0,-3.1804260558866515,-2.05802809759248
7,Acetone,170.0,-8.725605591151876,-2.1202093116062413
7,Acetaldehyde,40.0,5.0288152079848665,-2.3301780217191275
7,Acetaldehyde,230.0,-10.183245762830506,-11.301848246101502
7,Acetone,240.0,-13.070605562232421,-2.6440517738401
7,Acetone,60.0,-0.25022521931751124,-1.895243559787519
7,Acetaldehyde,130.0,-4.537326098009712,-8.016632094470074
7,Acetaldehyde,90.0,0.7248097392121094,-4.438173109396615
7,Acetone,190.0,-10.12443939811226,-2.4131635868130905
7,Acetone,30.0,2.808769438029238,-2.012563442647424
7,Acetaldehyde,160.0,-8.540583496680785,-11.63186899621938
7,Acetaldehyde,240.0,-10.719139356974678,-11.217691581036199
7,Acetone,220.0,-11.783786861343824,-2.4952408931784538
7,Acetone,110.0,-4.648665589881605,-1.2267067640555058
7,Acetaldehyde,220.0,-12.039825252120773,-12.698884611706996
7,Acetaldehyde,60.0,3.244752630701747,-2.70625727486897
7,Acetone,130.0,-6.182495228183785,-1.7788081321926132
7,Acetone,40.0,1.1702585215781398,-1.3979005217628073
7,Acetaldehyde,200.0,-11.197600235651745,-12.254308642187544
7,Acetaldehyde,140.0,-3.555506349471281,-7.085087037169847
7,Acetone,70.0,-1.4469874748532578,-1.3758756781332857
7,Acetaldehyde,210.0,-11.181011400576402,-12.58958654943433
7,Acetaldehyde,170.0,-6.831033553175847,-9.843943050157474
7,Acetone,140.0,-7.137592194862708,-1.4790649321484224
7,Acetone,160.0,-8.381858153581748,-1.260237789925855
7,Acetaldehyde,180.0,-9.746785371566236,-12.218702907967543
7,Acetone,100.0,-3.946266964549157,-1.2493765305516025
7,Acetone,10.0,5.358972010701794,-2.1205366567723947
7,Acetaldehyde,100.0,-1.535353861542249,-5.836507725834767
7,Acetone,200.0,-11.249650736854797,-1.5968239368290216
7,Acetone,20.0,3.97184353176642,-1.869488752337402
7,Acetaldehyde,250.0,-12.990249726965887,-13.161908824916335
7,Acetaldehyde,110.0,-0.7983750893572236,-5.206449553001656
7,Acetone,150.0,-7.925997297947147,-1.4619494431975602
7,Acetone,50.0,0.5045220192672039,-1.6301917665111056
7,Acetaldehyde,30.0,6.53054086363735,-1.4033920588879665
7,Acetaldehyde,80.0,1.3689512955580307,-3.849607654892245
7,Acetone,180.0,-9.390322119310794,-2.4220679959119886
7,Acetone,80.0,-1.9180545308324535,-1.797221059180852
7,Acetaldehyde,70.0,1.9537645150622303,-3.285935737204356
7,Acetone,250.0,-13.68239377406357,-2.3901105072083184
7,Acetone,210.0,-10.967411032801598,-2.023675661207174
7,Acetaldehyde,50.0,4.4490003856388896,-2.430994976494942
7,Acetone,230.0,-12.61225548318534,-2.1021669831470406
7,Acetone,120.0,-5.198778733427354,-1.5021837832232217
7,Acetaldehyde,120.0,-3.262755313055132,-6.98441129585158
7,Acetaldehyde,190.0,-7.955565481702183,-10.381344788814847
7,Acetone,90.0,-3.103796171702571,-1.6876424658573077
7,Acetone,170.0,-8.939547361269998,-1.6804356621096141
7,Acetaldehyde,40.0,5.134870503680043,-2.193461383548587
7,Acetaldehyde,230.0,-10.414721850001776,-10.946488907254237
7,Acetone,240.0,-13.674557746383634,-1.0658369404231
7,Acetaldehyde,130.0,-4.426784226896773,-7.636209390502951
7,Acetaldehyde,90.0,0.9012454923712865,-4.123302740158975
7,Acetone,190.0,-9.810123802926629,-2.445178303710987
7,Acetone,30.0,2.791293277162863,-1.832877309996646
7,Acetaldehyde,160.0,-8.508675186580048,-11.451410415998208
7,Acetaldehyde,240.0,-10.526777278611366,-11.019269005122355
7,Acetone,220.0,-11.872357384598377,-2.2766987751227843
7,Acetone,110.0,-4.2030917321305745,-1.6899412267430234
7,Acetaldehyde,220.0,-11.536159201686031,-12.762972674475774
7,Acetaldehyde,60.0,3.538320936197841,-2.9520572132986564
7,Acetone,130.0,-5.9830895850470815,-2.131071505201382
7,Acetone,40.0,1.6479046421101273,-1.9907944093611678
7,Acetaldehyde,200.0,-10.748776161566862,-12.661708172683065
7,Acetaldehyde,140.0,-3.6224366021586976,-6.741568922007591
7,Acetone,70.0,-1.414557061361675,-1.1599434207975374
7,Acetaldehyde,210.0,-11.216146365000755,-12.587173541402372
7,Acetaldehyde,170.0,-7.012280389892114,-9.458065075517352
7,Acetone,140.0,-7.216914985300509,-1.269608662278765
7,Acetone,160.0,-8.381542431871905,-1.0532197497701528
7,Acetaldehyde,180.0,-9.600920591809452,-12.054123255354032
7,Acetone,100.0,-3.9181769316253536,-1.129292223192762
7,Acetone,10.0,5.568597596291609,-1.9109188730764848
7,Acetaldehyde,100.0,-1.482173687944859,-5.7464179626349
7,Acetone,200.0,-11.345562846346116,-1.4656029922685525
7,Acetone,20.0,3.978345338464668,-1.6476546431933055
7,Acetaldehyde,250.0,-12.758265369569155,-12.949052058132816
7,Acetaldehyde,110.0,-0.773271381530135,-5.160173029848514
7,Acetone,150.0,-8.337047656519836,-0.7132376188620885
7,Acetone,50.0,0.48052137506929915,-1.4196482035053535
7,Acetaldehyde,30.0,6.612965515542066,-1.371938140066292
7,Acetaldehyde,80.0,1.444248490900198,-3.8319788643924593
7,Acetone,180.0,-9.83056318705344,-1.312195478735493
7,Acetone,80.0,-2.387017164797352,-0.8437245621369883
7,Acetaldehyde,70.0,2.171026691038755,-3.451226278167108
7,Acetone,250.0,-14.319809663711592,-1.6666700294091483
7,Acetone,210.0,-11.352508362538513,-1.1259201231193987
7,Acetaldehyde,150.0,-6.4710186526389375,-9.1538397346197
7,Acetaldehyde,50.0,4.558384465240086,-2.4042518132135986
7,Acetone,230.0,-12.939615067539627,-1.485260068418356
7,Acetone,120.0,-5.248971825553446,-1.0286982021293156
7,Acetaldehyde,120.0,-3.3417553906920245,-6.924190892009604
7,Acetaldehyde,190.0,-7.838277699528749,-10.24173810262705
7,Acetone,90.0,-3.2695257316713957,-1.3654026167905864
7,Acetone,170.0,-9.044090394782648,-1.1766579602680929
7,Acetaldehyde,40.0,5.0498097661179475,-1.991262167205657
7,Acetaldehyde,230.0,-10.193331328098994,-11.15212450208858
7,Acetone,240.0,-13.472032298576543,-1.5219316351386276
7,Acetone,60.0,-0.3256463142616302,-1.355468795979603
7,Acetaldehyde,130.0,-4.143021436038046,-7.529076546944378
7,Acetaldehyde,90.0,0.8266291328936599,-4.2628259634647145
7,Acetone,190.0,-10.629185958885147,-1.5516292197503998
7,Acetone,30.0,2.7418776601499717,-1.7113690726018438
7,Acetaldehyde,160.0,-8.53831277963454,-11.341987685920415
7,Acetaldehyde,240.0,-10.596774462733794,-10.987952636255585
7,Acetone,220.0,-12.55328266378617,-1.5762377374577285
7,Acetone,110.0,-4.708761003331049,-1.2322693580156154
7,Acetaldehyde,220.0,-12.014565074703912,-12.930420647798705
7,Acetaldehyde,60.0,3.4419276775255225,-2.9219627586802863
7,Acetone,130.0,-6.653985324113181,-1.4389832193050114
7,Acetone,40.0,1.5099055766140426,-1.569623508959591
7,Acetaldehyde,200.0,-11.102993891651042,-12.441307753747099
7,Acetaldehyde,140.0,-3.4592418969385506,-6.90744982181098
7,Acetone,70.0,-1.7101303724533472,-1.337057188321461
7,Acetaldehyde,210.0,-11.217707005072885,-12.71420587492437
7,Acetaldehyde,170.0,-7.013594901391584,-9.825032598661037
7,Acetone,140.0,-7.3312486967952415,-1.4048448145807761
7,Acetone,160.0,-8.732359417158698,-1.3228257493019928
7,Acetaldehyde,180.0,-9.704023328830727,-12.242166285825522
7,Acetone,100.0,-4.097543338313208,-1.273961102458218
7,Acetone,10.0,5.459854955365649,-2.008228697923859
7,Acetaldehyde,100.0,-1.437193379295079,-5.747490862492965
7,Acetone,200.0,-11.538238510164526,-1.5985704923346373
7,Acetone,20.0,3.9477176336485926,-1.8070499531525799
7,Acetaldehyde,250.0,-13.162757637431291,-13.226074774973137
7,Acetaldehyde,110.0,-0.7990184146217402,-5.222133538285804
7,Acetone,150.0,-8.063357612033503,-1.5111354228104232
7,Acetone,50.0,0.0358960960978647,-1.4519408350549974
7,Acetaldehyde,30.0,6.567330983501061,-1.3179588663432795
7,Acetaldehyde,80.0,1.257388853787673,-3.912773224215426
7,Acetone,180.0,-10.236813087570496,-1.5800863637575475
7,Acetone,80.0,-2.3846249575188536,-1.342397099249866
7,Acetaldehyde,70.0,2.169472777196395,-3.3832395072490034
7,Acetone,250.0,-14.267587839630515,-1.7712791706821647
7,Acetone,210.0,-11.461992316801258,-1.3413724044661466
7,Acetaldehyde,150.0,-6.0579929535035735,-8.763898272616702
7,Acetaldehyde,50.0,4.220501709089783,-2.6200197292368412
7,Acetone,230.0,-13.932780498718161,-2.4952068260035425
7,Acetone,120.0,-6.234908945572041,-1.6599148105348855
7,Acetaldehyde,120.0,-4.360378030196677,-7.783583188501901
7,Acetaldehyde,190.0,-8.8393689822892,-10.973970293498036
7,Acetone,90.0,-4.071870972397967,-1.9342368110985537
7,Acetone,170.0,-10.037097059471018,-1.861236424464732
7,Acetaldehyde,10.0,4.760238577657144,-2.430903528285553
7,Acetaldehyde,230.0,-11.24642368218559,-11.879150230141494
7,Acetone,240.0,-14.548758441883994,-2.268129711288426
7,Acetone,60.0,-1.1770155733035226,-1.7557365095664983
7,Acetaldehyde,130.0,-5.573701820860157,-8.81600809156272
7,Acetaldehyde,90.0,0.24632601996739054,-4.707655861737916
7,Acetone,190.0,-11.589840009074742,-2.043758853853944
7,Acetone,30.0,2.0075675879353607,-2.019085951555036
7,Acetaldehyde,160.0,-9.51509171080556,-12.316822643247246
7,Acetaldehyde,240.0,-11.710401916579665,-11.960558498881701
7,Acetone,220.0,-13.49877262676671,-2.2921625359593802
7,Acetone,110.0,-5.639796267906939,-1.7336052878078791
7,Acetaldehyde,220.0,-13.084851191753678,-13.627698638064846
7,Acetaldehyde,60.0,2.9304156461891315,-3.192689898919013
7,Acetone,130.0,-7.408838516385886,-1.9646735682104381
7,Acetone,40.0,0.7512556073867631,-2.1408193122374097
7,Acetaldehyde,200.0,-12.14414159437368,-13.656150253531708
7,Acetaldehyde,140.0,-4.672507510725768,-8.101398599675493
7,Acetone,70.0,-2.5038853413629547,-2.001548073901636
7,Acetaldehyde,210.0,-12.351127934511654,-13.724974511651952
7,Acetaldehyde,170.0,-8.174148633934717,-10.742953339861858
7,Acetone,140.0,-8.335532100340146,-1.9978882147684944
7,Acetone,160.0,-9.537496938901343,-1.896880465942782
7,Acetaldehyde,180.0,-10.902853592042595,-13.239050149133206
7,Acetone,100.0,-4.864036877238788,-1.782084564678965
7,Acetone,10.0,4.851134126035354,-2.3798463821687936
7,Acetaldehyde,100.0,-1.6818886657755459,-6.174904413876832
7,Acetone,200.0,-11.594364047932562,-1.6539789703683716
7,Acetone,20.0,3.783894799768737,-2.003201798642693
7,Acetaldehyde,250.0,-13.077635184581238,-13.385159498917803
7,Acetaldehyde,110.0,-0.8098499005700277,-5.106711926106833
7,Acetone,150.0,-8.012213180099693,-1.4990549476872392
7,Acetone,50.0,0.33374380647882684,-1.6562234630912034
7,Acetaldehyde,30.0,6.3789457811745045,-1.2745244859012768
7,Acetaldehyde,80.0,1.242747119024947,-3.853619395915397
7,Acetone,180.0,-10.081487536832944,-1.5972022624591566
7,Acetone,80.0,-2.3803398868859955,-1.398817019229764
7,Acetaldehyde,70.0,2.208739721100558,-3.4963566406723565
7,Acetone,250.0,-14.475471048369494,-1.9206171864516148
7,Acetone,210.0,-11.804706134716058,-1.47734877873039
7,Acetaldehyde,150.0,-6.983448867820047,-10.07883625135635
7,Acetaldehyde,50.0,4.433623633526044,-2.555508607258445
7,Acetone,230.0,-13.104446773948872,-1.8016557319262885
7,Acetone,120.0,-5.666578375730411,-1.363171922436472
7,Acetaldehyde,120.0,-3.7300843877207264,-7.456945434242544
7,Acetaldehyde,190.0,-8.26597380437706,-10.270105342344346
7,Acetone,90.0,-3.7589581863588606,-1.5996147915585732
7,Acetone,170.0,-9.260552376017074,-1.5634478043171813
7,Acetaldehyde,230.0,-10.397982756105531,-11.499179735656305
7,Acetone,240.0,-14.191430086696071,-1.7570291618575535
7,Acetone,60.0,-0.5806837944219743,-1.7899845497988949
7,Acetaldehyde,130.0,-5.111307015779429,-8.31910970585172
7,Acetaldehyde,90.0,0.5726197715265676,-4.097697498396128
7,Acetone,190.0,-10.904010258873324,-1.8506154173037535
7,Acetone,30.0,2.365452708181961,-2.039165619394126
7,Acetaldehyde,160.0,-8.765415733424435,-11.786227982894914
7,Acetaldehyde,240.0,-10.69589913600749,-11.444561239230204
7,Acetone,220.0,-12.587916452680957,-1.9527083755358938
7,Acetone,110.0,-5.015036211044913,-1.4474799876354447
7,Acetaldehyde,210.0,-12.174718338382261,-13.056673317022906
7,Acetaldehyde,60.0,3.2504718094792113,-2.9046277883514025
7,Acetone,130.0,-6.9283025621286,-1.5487799153452988
7,Acetone,40.0,1.1189893675409146,-1.9107391629911608
7,Acetaldehyde,200.0,-11.307441993290857,-12.856497234197912
7,Acetaldehyde,140.0,-4.117637706532327,-7.741336359951537
7,Acetone,70.0,-1.9517634048193422,-1.6661582797299697
7,Acetaldehyde,210.0,-11.563845880427062,-13.011268568126685
7,Acetaldehyde,170.0,-7.267441358029631,-10.068693721186252
7,Acetone,140.0,-7.756033556439999,-1.6888205108377952
7,Acetone,160.0,-8.935656590472565,-1.524533927362951
7,Acetaldehyde,180.0,-10.062455651062,-12.350247190306668
7,Ethylene,100.0,5.235644411643558,0.7617177849007674
7,Ethylene,10.0,9.912917145231283,0.43944446217846855
7,Ammonia,300.0,-10.819449715394208,3.159220976729403
7,Ammonia,50.0,8.187878910389987,1.517659995232099
7,Ethylene,200.0,0.7524431772307064,0.26614664265560817
7,Ethylene,20.0,9.07900486394092,0.4031687944573165
7,Ammonia,110.0,2.5862522322597177,2.53802808327169
7,Ammonia,220.0,-4.828617931832084,2.4775856116385153
7,Ethylene,150.0,2.738247772912012,0.4359489163041086
7,Ethylene,50.0,7.122070229924481,0.5370219820112415
7,Ammonia,120.0,1.7900610037558904,2.868694600689957
7,Ammonia,280.0,-7.869558590215471,2.686551877711536
7,Ethylene,180.0,1.2699266108970146,0.24421637145669348
7,Ethylene,80.0,5.194955887766657,0.39187077939700965
7,Ammonia,80.0,5.601232919654369,2.0845433938997284
7,Ammonia,290.0,-8.258444850518144,2.6732264762421516
7,Ethylene,250.0,-1.6584681025764785,0.009056734267494405
7,Ethylene,210.0,-1.0189183238794925,0.01123346239613782
7,Ammonia,150.0,-0.09310621787925419,2.7362410007785507
7,Ammonia,200.0,-3.283727489088264,2.244319308392492
7,Ethylene,230.0,-1.1407489033757527,-0.0019584397321213854
7,Ethylene,120.0,2.941142627048,0.2496838080913733
7,Ammonia,250.0,-6.823059980936707,2.8752185526968783
7,Ammonia,60.0,7.2189769653401585,1.747090362384463
7,Ethylene,90.0,5.0529440720076595,0.660637606420341
7,Ethylene,170.0,0.5199151156682129,0.06946478426444523
7,Ammonia,160.0,-0.9498723667717648,2.782898288435968
7,Ammonia,240.0,-5.8297550550673725,2.39970941402337
7,Ethylene,240.0,-1.5851882189446236,-0.10600744604857562
7,Ethylene,60.0,6.061318033478625,0.515036723584269
7,Ammonia,260.0,-7.63466990320989,2.8494404721650084
7,Ammonia,130.0,0.9768043482587627,1.9578457592629976
7,Ethylene,190.0,0.48733058489437997,0.15491578819070292
7,Ethylene,30.0,8.114033526857197,0.4110442867924354
7,Ammonia,170.0,-1.9530133814581776,2.8194471822588465
7,Ammonia,230.0,-5.7170678946240825,2.488760369202643
7,Ethylene,220.0,-1.0635556404900162,0.06370403802310581
7,Ethylene,110.0,3.315057432078745,0.3544126253742999
7,Ammonia,270.0,-8.824133888143939,2.8014426496018525
7,Ammonia,180.0,-2.5700003470663244,2.3528577699444013
7,Ethylene,130.0,2.9931015122954374,0.42056399657924726
7,Ethylene,40.0,7.249302143922045,0.6465038801754002
7,Ammonia,190.0,-3.548539069154935,2.9395663563751593
7,Ammonia,90.0,4.261204203012586,1.935856560935923
7,Ammonia,140.0,-0.02015398678028506,2.2436106953161863
7,Ethylene,70.0,6.146148499825748,0.6452501642046617
7,Ammonia,70.0,6.494916750393429,2.0533692413441917
7,Ammonia,100.0,3.409064728377603,1.9562317914768201
7,Ethylene,140.0,2.5467823618445165,0.39947729737672766
7,Ethylene,160.0,0.8857212279360605,0.18234710462812798
7,Ammonia,210.0,-4.692011795098699,3.032482929727182
7,Ethylene,100.0,4.371273549389814,0.548250371502644
7,Ethylene,10.0,9.594956326408612,0.4600347901321238
7,Ammonia,300.0,-10.55170898454265,2.9932171505967045
7,Ammonia,50.0,8.065978835690071,1.7127085111171638
7,Ethylene,200.0,-0.3735550463370758,0.3784944900018253
7,Ethylene,20.0,8.877572411496281,0.43419337822645465
7,Ammonia,110.0,2.5391566015479237,2.6321573068745994
7,Ammonia,220.0,-5.047782107615273,2.4891670508652393
7,Ethylene,150.0,2.0904126291098457,0.3670368034884467
7,Ethylene,50.0,6.81064619859755,0.47662278338053066
7,Ammonia,120.0,1.6684568890573337,2.859893092818098
7,Ammonia,280.0,-8.70518728189581,2.6587034142982793
7,Ethylene,180.0,0.6723068000475085,0.3265213534420111
7,Ethylene,80.0,4.949452122269582,0.39333936871754566
7,Ammonia,80.0,5.246453899474913,2.413731400162094
7,Ammonia,290.0,-9.317848134302855,2.729402261129061
7,Ethylene,250.0,-2.2655102887926875,-0.0006914888301313408
7,Ethylene,210.0,-1.2377831486475617,-0.3255715741102893
7,Ammonia,150.0,-0.5970492346709461,2.889969622230427
7,Ammonia,200.0,-4.147690904116951,2.499953507354033
7,Ethylene,230.0,-1.4597900171391585,-0.03134791091295757
7,Ethylene,120.0,2.7951276444456683,0.3290058157708201
7,Ammonia,250.0,-8.27908963950711,4.224532548819865
7,Ammonia,60.0,7.011185579979618,1.873701534421805
7,Ethylene,90.0,4.865509749532271,0.3731745148604413
7,Ethylene,170.0,0.20296544049105397,-0.018014435819874684
7,Ammonia,160.0,-1.7736405762988994,3.506638882661257
7,Ammonia,240.0,-6.746122425013525,2.7117196724512223
7,Ethylene,240.0,-2.043781959505384,-0.07055146774126236
7,Ethylene,60.0,5.964921553421627,0.5350604573113528
7,Ammonia,260.0,-7.66120792824126,1.277110127811369
7,Ammonia,130.0,1.1229394042601617,1.0586064376259958
7,Ethylene,190.0,0.5102709555869028,-0.49294735320445154
7,Ethylene,30.0,8.157744321952555,0.2048890001913817
7,Ammonia,170.0,-1.7107976603045603,1.7426101377937704
7,Ammonia,230.0,-5.844837096344331,2.635536652991949
7,Ethylene,220.0,-1.3018103418249227,0.015742808609485535
7,Ethylene,110.0,3.1853427758119435,0.42972193364026817
7,Ammonia,270.0,-8.752841399872713,3.0786363078811174
7,Ammonia,180.0,-2.70388060522518,2.461347407014742
7,Ethylene,130.0,2.8462944054137473,0.4920883166113069
7,Ethylene,40.0,7.317337692544481,0.4425484517297395
7,Ammonia,190.0,-3.6266751693846144,3.034030305460232
7,Ammonia,90.0,4.28947761760017,1.9346144773350984
7,Ammonia,140.0,-0.11187045968273497,2.1738118489380414
7,Ethylene,70.0,6.007589067381076,0.7130824777615198
7,Ammonia,70.0,6.6943316328035465,2.191722708052209
7,Ammonia,100.0,3.436063526080017,2.0149442335082814
7,Ethylene,140.0,2.3332357884180324,0.3877263706279523
7,Ethylene,160.0,0.7417264808340468,0.10577594599880005
7,Ammonia,210.0,-4.688825064562206,3.086273598571294
7,Ethylene,100.0,4.2901877304090625,0.5522901703998622
7,Ethylene,10.0,9.556311928564885,0.602333438750185
7,Ammonia,300.0,-10.419884693452673,3.1150944203050317
7,Ammonia,50.0,8.206516421924356,1.5455902735326341
7,Ethylene,200.0,-0.5310522918962217,0.2378095909785765
7,Ethylene,20.0,8.79113517855714,0.41768614670658105
7,Ammonia,110.0,2.6257226557622526,2.6821884637335773
7,Ammonia,220.0,-5.158041620175264,3.0953254374144046
7,Ethylene,150.0,1.8357011723416943,0.399469812163783
7,Ethylene,50.0,6.743660950362905,0.49218266438129593
7,Ammonia,120.0,1.7838563409851926,2.9338351608861064
7,Ammonia,280.0,-8.434356435592695,2.81611501385493
7,Ethylene,180.0,0.6186913561754813,0.34883965517300053
7,Ethylene,80.0,4.94062060134088,0.5425252391701558
7,Ammonia,80.0,5.344159506929108,2.579258125816795
7,Ammonia,290.0,-8.937385805187999,2.940044295764067
7,Ethylene,250.0,-2.3595618658651,-0.1107014361205659
7,Ethylene,210.0,-1.4060501295274845,-0.03841469592755838
7,Ammonia,150.0,-0.29964918939755886,2.9751092102070933
7,Ammonia,200.0,-3.735054710452996,2.7425128133647165
7,Ethylene,230.0,-1.6300699887463461,-0.03366752048446012
7,Ethylene,120.0,2.849123521121277,0.3817768508235727
7,Ammonia,250.0,-7.18716422377544,3.2528979712218327
7,Ammonia,60.0,7.324406680021863,1.648694237595199
7,Ethylene,90.0,4.770010148996569,0.657497861765058
7,Ethylene,170.0,0.21659547642797206,0.08571003584382948
7,Ammonia,160.0,-1.2854576765400534,3.0582842043236647
7,Ammonia,240.0,-6.387320961250803,2.8791725633325584
7,Ethylene,240.0,-1.9464939187274581,-0.00386267639676815
7,Ethylene,60.0,5.990841285910454,0.5396052596766574
7,Ammonia,260.0,-8.18323016073478,3.1270953546808307
7,Ammonia,130.0,0.9517648409087842,2.2867355852178552
7,Ethylene,190.0,-0.0544092703452148,0.13276487929522615
7,Ethylene,30.0,7.992062361948065,0.6354726252027317
7,Ammonia,170.0,-2.223672759735094,3.1149378318180565
7,Ammonia,230.0,-5.855890597235876,2.7429555346374572
7,Ethylene,220.0,-1.1559334064324744,0.06965694839445268
7,Ethylene,110.0,3.2281087862296483,0.3359648743486939
7,Ammonia,270.0,-8.846528731090421,3.1610296679956957
7,Ammonia,180.0,-2.798493770586839,2.5269385531434305
7,Ethylene,130.0,2.7500436211472103,0.5760934951068941
7,Ethylene,40.0,7.2570551220169035,0.5804415179942433
7,Ammonia,190.0,-3.7482121584136903,3.151194671756591
7,Ammonia,90.0,4.222604604603295,1.9449496834189024
7,Ammonia,140.0,-0.1887574028180301,2.642080067829625
7,Ethylene,70.0,6.014781277024011,0.7295913042869372
7,Ammonia,70.0,6.682577716432059,2.1262515232724395
7,Ammonia,100.0,3.375100595844753,2.238557471623652
7,Ethylene,140.0,2.1371641680692655,0.3800702691008514
7,Ethylene,160.0,0.6275719341462304,0.09559187072784842
7,Ammonia,210.0,-4.5666591733595725,1.840620647627015
7,Ethylene,100.0,4.555821485325197,0.18795001906448078
7,Ethylene,15.0,9.714848346665683,0.2795625308316593
7,Ammonia,300.0,-10.136178240379806,1.4223049575645563
7,Ammonia,50.0,8.164144783165542,1.6908090080359808
7,Ethylene,200.0,-0.7043336683509741,0.6604806417579172
7,Ethylene,20.0,8.606502660843276,0.8307330520957846
7,Ammonia,110.0,2.418653915526008,2.678643865800387
7,Ammonia,220.0,-5.39667313249468,2.595067287239279
7,Ethylene,150.0,1.701108179695918,0.7651298276514418
7,Ethylene,50.0,6.762636050718859,0.46388371520577903
7,Ammonia,120.0,1.5360245270790385,2.857431066406842
7,Ammonia,280.0,-8.565688952661466,1.7144004253794125
7,Ethylene,180.0,0.6314693095591477,0.5383491846084388
7,Ethylene,80.0,5.059214932874603,0.46617036703964065
7,Ammonia,80.0,5.308253935422967,2.173594065365882
7,Ammonia,290.0,-9.77591406798526,2.921419377611463
7,Ethylene,250.0,-2.2737110256033453,0.23921020818596103
7,Ethylene,210.0,-1.262682764406754,-0.17133607076078647
7,Ammonia,150.0,-0.8108683797134743,2.9385651340374364
7,Ammonia,200.0,-4.242584735313772,2.3805590946356943
7,Ethylene,230.0,-1.4450035071196219,-0.148670479090946
7,Ethylene,120.0,2.6440793915688476,0.5249569813924994
7,Ammonia,250.0,-8.222218029404512,3.3414899187113045
7,Ammonia,60.0,7.033023300352084,1.6816122755804743
7,Ethylene,90.0,4.666102773770254,0.92285044201083
7,Ethylene,170.0,0.3063192604999295,0.013517826873356712
7,Ammonia,160.0,-1.7125847598814763,3.1822028708573273
7,Ammonia,240.0,-6.943951655747511,2.4056811601762598
7,Ethylene,240.0,-1.9995734693216631,-0.25095831768681903
7,Ethylene,60.0,6.052014701782224,0.3455866479750123
7,Ammonia,260.0,-8.817877275929796,2.816863311276146
7,Ammonia,130.0,0.750474362973,1.3295871788838902
7,Ethylene,190.0,0.14679502703042857,-0.021155896965622638
7,Ethylene,30.0,7.993939933697295,0.5341757707743698
7,Ammonia,170.0,-2.7698916595196073,2.8335422387010176
7,Ammonia,230.0,-6.888734335361712,3.5950996258983134
7,Ethylene,220.0,-1.121360049695062,-0.03541464204778207
7,Ethylene,110.0,3.1292905846427326,0.25960812101325054
7,Ammonia,270.0,-9.415511185850356,3.1020527314555792
7,Ammonia,180.0,-3.762774440423023,3.526245042719639
7,Ethylene,130.0,2.932772070342081,0.4750593935729858
7,Ethylene,40.0,7.246050351940212,0.4999735860674514
7,Ammonia,190.0,-4.213024178919324,3.1324360069690576
7,Ammonia,90.0,3.8115273379110888,1.9644935065622808
7,Ammonia,140.0,-0.7044392610790021,2.563299503787936
7,Ethylene,70.0,5.982471561514419,0.747880465815802
7,Ammonia,70.0,6.199971073053155,2.3981443508223217
7,Ammonia,100.0,2.940856451153874,2.1408512844051106
7,Ethylene,140.0,2.382317328501381,0.4647519819028755
7,Ethylene,160.0,0.7896714221312437,0.06732643550154187
7,Ammonia,210.0,-5.6074458059305075,3.1170681301715963
7,Ethylene,100.0,3.949218594918936,0.9525653342669347
7,Ethylene,10.0,9.47901256977877,0.27929105148360245
7,Ammonia,300.0,-11.82231424187559,2.9775448477630055
7,Ammonia,50.0,7.742313896448944,1.6734831479142314
7,Ethylene,200.0,-0.2880126373602606,-0.32889454396240153
7,Ethylene,20.0,8.778163722392025,0.2126275109762076
7,Ammonia,110.0,2.120941194306835,2.1636778757737085
7,Ammonia,220.0,-5.670653114498867,1.4808334100725535
7,Ethylene,150.0,1.741660451114974,0.6190703364638661
7,Ethylene,50.0,6.607428573965868,0.3527059272836569
7,Ammonia,120.0,1.0337713175581291,3.2117900686271015
7,Ammonia,280.0,-9.829671904132889,2.6678357128242323
7,Ethylene,180.0,0.22903457327128876,0.4598860665313794
7,Ethylene,80.0,4.758531343559561,0.37539490332719655
7,Ammonia,80.0,4.869420451074768,2.5716384495729643
7,Ammonia,290.0,-9.909754952954863,1.726646720639254
7,Ethylene,250.0,-2.4514452619820832,-0.5683750967085524
7,Ethylene,210.0,-1.639895368974386,-0.32172650882154485
7,Ammonia,150.0,-1.0897179268638675,2.8721126580461678
7,Ammonia,200.0,-4.958392926208253,2.3518736148602843
7,Ethylene,230.0,-1.8173996954886231,-0.23285677814761216
7,Ethylene,120.0,2.42177705598841,0.12701540466530714
7,Ammonia,250.0,-8.616377427923956,3.0100913329206587
7,Ammonia,60.0,6.986679712707405,1.6382101583564554
7,Ethylene,90.0,4.715545795933177,0.5546706959556161
7,Ethylene,170.0,0.06626583563232444,-0.08340437469843202
7,Ammonia,160.0,-1.9130306580278371,3.0032533307240965
7,Ammonia,240.0,-6.772831247595927,1.861200410255899
7,Ethylene,240.0,-2.5111913498199394,0.6140979166789096
7,Ethylene,60.0,5.959432915633394,0.5033459281025432
7,Ammonia,260.0,-9.342234067635951,3.311180058912949
7,Ammonia,130.0,0.20404163710998535,2.0589769603197334
7,Ethylene,190.0,-0.044004619507584844,0.0850879448382863
7,Ethylene,30.0,7.924541719919807,0.6254559185877835
7,Ammonia,170.0,-2.8860408774257387,3.2721146755021113
7,Ammonia,230.0,-6.805150444673369,2.9839692227066523
7,Ethylene,220.0,-1.344980767760359,0.0011001361174922978
7,Ethylene,110.0,3.1219322851131053,0.3598869076660488
7,Ammonia,270.0,-9.880273877569442,3.339269426802276
7,Ammonia,180.0,-3.437367646985866,2.620877245349812
7,Ethylene,130.0,2.7226921446817465,0.5052399125255871
7,Ethylene,40.0,7.3059885171078935,0.4487171074398968
7,Ammonia,190.0,-4.213459541319869,3.341503550784011
7,Ammonia,90.0,3.8520788349109116,2.530628893067317
7,Ammonia,140.0,-0.0909318294826885,2.326741616231747
7,Ethylene,70.0,6.129742651693773,0.8390409681708233
7,Ammonia,70.0,6.59364514355623,2.2488751331316563
7,Ammonia,100.0,3.1772734020406053,2.4023647565276747
7,Ethylene,140.0,2.5388606653284747,0.5886813521150953
7,Ethylene,160.0,0.9252976113735408,0.5003218060765358
7,Ammonia,210.0,-5.253449958304722,3.9283071733451713
7,Ethylene,100.0,4.549578382424087,0.6834603110856039
7,Ethylene,10.0,9.408621288660061,0.9114197636104389
7,Ammonia,300.0,-11.006644352119253,3.9923806593213134
7,Ammonia,50.0,8.037140197838843,1.7944985961001652
7,Ethylene,200.0,-0.1570081258921461,0.36985438805627047
7,Ethylene,20.0,8.71458425220585,0.5695379930787349
7,Ammonia,110.0,2.703872753434605,2.36796270298037
7,Ammonia,220.0,-4.929662558205763,1.8666838566579251
7,Ethylene,150.0,2.4349394437170626,0.10550475822137248
7,Ethylene,50.0,6.953255934034919,0.3941490531628769
7,Ammonia,120.0,1.9636858701144455,2.310681519492596
7,Ammonia,280.0,-8.3825869199906,1.6130077719236742
7,Ethylene,180.0,1.161571575527449,-0.108868287398058
7,Ethylene,80.0,5.178105260624548,0.13477860858865306
7,Ammonia,80.0,5.527865342103161,1.9530599876262322
7,Ammonia,290.0,-8.832286012941744,1.5914303099806557
7,Ethylene,250.0,-1.5461391778081215,-0.515000891060591
7,Ethylene,210.0,-0.7187176893819648,-0.4405897464704299
7,Ammonia,150.0,0.028843971804082495,2.4421419872037053
7,Ammonia,200.0,-3.4356166633362926,1.7430370937375648
7,Ethylene,230.0,-0.7723052534881285,-0.4361691143679851
7,Ethylene,120.0,3.2864959686305566,0.08108709624297093
7,Ammonia,250.0,-6.572949764016083,2.1963065741199004
7,Ammonia,60.0,7.347662091866518,1.4697805892741174
7,Ethylene,90.0,5.263498769975018,0.37963866908589433
7,Ethylene,170.0,1.0081242656840077,-0.21547249940343222
7,Ammonia,160.0,-0.8094973716530054,2.3506003574096606
7,Ammonia,240.0,-5.716745764329539,1.7682477355338007
7,Ethylene,240.0,-1.1031658818845713,-0.4101951460726632
7,Ethylene,60.0,6.345865138485561,0.29266088884822433
7,Ammonia,260.0,-7.323083551770831,2.124190657642863
7,Ammonia,130.0,1.3182397076009884,1.6930049515515035
7,Ethylene,190.0,0.8866896160971693,-0.041760183275355044
7,Ethylene,30.0,8.25829076322166,0.3420147624978271
7,Ammonia,170.0,-1.4116124733336939,2.4823615144884124
7,Ammonia,230.0,-5.084268772173632,1.8468413959782697
7,Ethylene,220.0,-0.44435009064751846,-0.2585184912249308
7,Ethylene,110.0,3.9135673901559165,0.21967333647437595
7,Ammonia,270.0,-7.707452383839673,2.2898846244346935
7,Ammonia,180.0,-2.0672516188568064,1.8613768518817975
7,Ethylene,130.0,3.455877724247709,0.2966714323819449
7,Ethylene,40.0,7.5859689673827,0.3623119715567692
7,Ammonia,190.0,-2.708473816590389,2.4871490151759374
7,Ammonia,90.0,4.649500330020692,1.673263568295825
7,Ammonia,140.0,0.5998092735963118,1.7683830038774149
7,Ethylene,70.0,6.507592293212972,0.626420973305344
7,Ammonia,70.0,7.016773876653721,1.940662681807487
7,Ammonia,100.0,3.939954904449615,1.763234459645366
7,Ethylene,140.0,3.07618043508037,0.26191843836354123
7,Ethylene,160.0,1.7031212724978375,0.02062975231106096
7,Ammonia,210.0,-3.7479240189926593,2.5402969615950157
7,Ethylene,100.0,5.379201384926662,0.6552258127608914
7,Ethylene,10.0,9.902738277868202,0.48380988124984065
7,Ammonia,300.0,-8.715172686365124,2.6143677096218494
7,Ammonia,50.0,8.631779915147451,1.5177454019051966
7,Ethylene,200.0,1.2075542434219004,0.17545894715054222
7,Ethylene,20.0,9.189370958549796,0.4435222289536292
7,Ammonia,110.0,3.6150545849840627,2.3946080528171065
7,Ammonia,220.0,-3.501021789052158,2.2114365837589136
7,Ethylene,150.0,3.1421599000875835,0.36290791147175794
7,Ethylene,50.0,7.367153381635394,0.5074019218378352
7,Ammonia,120.0,2.7781555920753638,2.4956942861487263
7,Ammonia,280.0,-6.923146720494633,2.1425779179455406
7,Ethylene,180.0,1.9425847064891268,0.2619895063954408
7,Ethylene,80.0,5.7815995195735415,0.48861457448327805
7,Ammonia,80.0,6.121429694837927,2.0909833284961006
7,Ammonia,290.0,-7.498485619972787,2.1509316242583583
7,Ethylene,250.0,-0.6357334360455132,-0.07439079024358844
7,Ethylene,210.0,0.23819074846796884,-0.017120870925928757
7,Ammonia,150.0,0.8136418868934553,2.6251994187087058
7,Ammonia,200.0,-2.5078852787770787,2.104729582120979
7,Ethylene,230.0,0.017943216120132294,-0.02894703232725561
7,Ethylene,120.0,3.8814951884032802,0.36504841621759393
7,Ammonia,250.0,-5.623424107864957,2.579435638723586
7,Ammonia,60.0,7.725495448490307,1.5792275760521957
7,Ethylene,90.0,5.709704957721511,0.6069300321048832
7,Ethylene,170.0,1.6100845561957946,0.10546779312174084
7,Ammonia,160.0,0.008084368221376972,2.59775233970481
7,Ammonia,240.0,-4.583880317240336,2.100075110779211
7,Ethylene,240.0,-0.1787789993319922,-0.032219580007145546
7,Ethylene,60.0,6.810020360227681,0.5260076488962204
7,Ammonia,260.0,-6.163816927557272,2.5369708589460354
7,Ammonia,130.0,2.0675611495460773,1.9489636606584528
7,Ethylene,190.0,1.5514747511658593,0.2261787332967604
7,Ethylene,30.0,8.552994322984267,0.5575303779740722
7,Ammonia,170.0,-0.5456132052718335,2.709540427202218
7,Ammonia,230.0,-3.8937976285393368,2.140248590028719
7,Ethylene,220.0,0.46189730569315707,0.08519300050742284
7,Ethylene,110.0,4.318451338439391,0.38923033235430954
7,Ammonia,270.0,-7.080188220806387,2.3105993880661986
7,Ammonia,180.0,-1.3785849025566947,1.9150639255019557
7,Ethylene,130.0,3.7275315257928368,0.3838742772958986
7,Ethylene,50.0,7.696998280892212,0.3813023769345127
7,Ammonia,190.0,-2.7013516559955915,2.342164952613026
7,Ammonia,90.0,4.86202226724167,1.630784204332868
7,Ammonia,140.0,0.7900412012002077,1.6997193305526466
7,Ethylene,70.0,6.556021901433175,0.5721939617628108
7,Ammonia,70.0,7.0259368416903945,1.8211391025200916
7,Ammonia,100.0,3.9592238894739626,1.582734066151614
7,Ethylene,140.0,2.973556166789636,0.18165904925012027
7,Ethylene,160.0,1.387769994724013,-0.2746935490480273
7,Ammonia,210.0,-4.150613314297969,2.0879808602400654
7,Ethylene,100.0,4.707161501547694,0.24921401486813025
7,Ethylene,10.0,9.639917484172683,0.2723049690736639
7,Ammonia,300.0,-9.913919811314623,1.583405232694029
7,Ammonia,50.0,8.354821837776516,1.3058081755770536
7,Ethylene,200.0,0.30026322251578286,-0.4109631458838318
7,Ethylene,20.0,8.940096627464895,0.2969317783260601
7,Ammonia,110.0,3.082260903838275,2.0886020265221514
7,Ammonia,220.0,-4.560512034385202,1.4661164755253098
7,Ethylene,150.0,2.526002885794535,-0.01786812796662103
7,Ethylene,50.0,7.047888290731838,0.29116561699497234
7,Ammonia,120.0,2.086677043002741,2.054973233986641
7,Ammonia,280.0,-8.114072754806868,1.3384368104133213
7,Ethylene,180.0,1.287957612630359,-0.22785870058419608
7,Ethylene,80.0,5.369993166414535,0.18043697152488286
7,Ammonia,80.0,5.750098002192889,1.8486793164837931
7,Ammonia,290.0,-8.600423786004702,1.3372167129448196
7,Ethylene,250.0,-1.4781133406405407,-0.6822084813170114
7,Ethylene,210.0,-0.6089117949286096,-0.5565638335950606
7,Ammonia,150.0,-0.005079326433098222,2.237511398174059
7,Ammonia,200.0,-3.3182768659334747,1.4408364906936615
7,Ethylene,230.0,-0.6220239141758935,-0.5411423941282725
7,Ethylene,120.0,3.3529695340352736,0.026656934462169494
7,Ammonia,250.0,-6.585044838216155,1.9851832405609449
7,Ammonia,60.0,7.515949941454045,1.4093388375043991
7,Ethylene,90.0,5.372976453293506,0.3761895387298074
7,Ethylene,170.0,1.2618544179430164,-0.11784313067614552
7,Ammonia,160.0,-0.4257483967292195,2.7093055710194904
7,Ammonia,240.0,-5.222611281981309,2.2206994646172658
7,Ethylene,240.0,-0.715550337799881,-0.17265495141028284
7,Ethylene,60.0,6.667267038793406,0.5009486937195871
7,Ammonia,260.0,-6.706001102230871,2.7393649255130588
7,Ammonia,130.0,1.8313800507211686,2.0775770704374836
7,Ethylene,190.0,1.3315704952456542,0.27225972811001053
7,Ethylene,30.0,8.502447052286579,0.5433761912639494
7,Ammonia,170.0,-0.7849703844053357,2.915816837376953
7,Ammonia,230.0,-4.343988837200685,2.5617787085303108
7,Ethylene,220.0,0.2558278800510529,0.16900791376461163
7,Ethylene,110.0,4.332668383321826,0.555197435049468
7,Ammonia,270.0,-7.104400199707916,3.0544626934741768
7,Ammonia,180.0,-1.195537749876022,2.5498589322472553
7,Ethylene,130.0,3.9870317902214722,0.6591839250580818
7,Ethylene,40.0,7.938968247533669,0.6327400829914207
7,Ammonia,190.0,-1.8703535982882171,3.160024713134451
7,Ammonia,90.0,5.2622740028477635,2.078951001159649
7,Ammonia,140.0,1.4049103620764076,2.4161603152467346
7,Ethylene,70.0,6.863107079633825,0.8972942667875221
7,Ammonia,70.0,7.305373795369488,2.1523763092563177
7,Ammonia,100.0,4.504301970442279,2.200291933573816
7,Ethylene,140.0,3.6640160740854615,0.7281459359808122
7,Ethylene,160.0,2.3105641037177427,0.5047408726866596
7,Ammonia,210.0,-3.0292622479828895,3.2914553184170465
7,Ethylene,100.0,5.452013775760313,0.8401893767595351
7,Ethylene,10.0,9.970670629942397,0.5884776401987314
7,Ammonia,300.0,-8.693750400798233,3.263049085572187
7,Ammonia,50.0,8.817642605359232,1.6634319268114788
7,Ethylene,200.0,1.3140349464594063,0.5091094945796705
7,Ethylene,20.0,9.355129915934961,0.6831049611704115
7,Ammonia,110.0,3.814499587592911,2.845062642839489
7,Ammonia,220.0,-3.0819862480868787,3.010539919741035
7,Ethylene,150.0,3.4292343072801,0.7664170260554299
7,Ethylene,50.0,7.526581300888039,0.8064700706627698
7,Ammonia,120.0,3.0502472342699076,2.9796528717952695
7,Ammonia,280.0,-6.453758874930639,3.052129692442139
7,Ethylene,180.0,2.303681068222384,0.6470590197193277
7,Ethylene,80.0,5.967845586536408,0.734234213290269
7,Ammonia,80.0,6.313898702084143,2.240783547140628
7,Ammonia,290.0,-7.214604224180562,3.1135981669827073
7,Ethylene,250.0,-0.36723557509313387,0.24590246779406466
7,Ethylene,210.0,0.3625916813716756,0.279180637073957
7,Ammonia,150.0,0.9087928916340811,3.0115414979623054
7,Ammonia,200.0,-2.1774086116781093,2.7513521515887733
7,Ethylene,230.0,0.24807998394825453,0.3277753261600661
7,Ethylene,120.0,4.13810987007286,0.6505808411026632
7,Ammonia,250.0,-5.4586845219545586,3.2501937200007958
7,Ammonia,60.0,7.968094302767268,1.8039424161483206
7,Ethylene,90.0,5.904621410929329,0.8523235792183584
7,Ethylene,170.0,2.1333099639610493,0.514436349415254
7,Ammonia,160.0,0.28654679170574354,3.0690278276257277
7,Ammonia,240.0,-4.194796783051196,2.8583223720071103
7,Ethylene,240.0,0.3119394170578703,0.3552572500441306
7,Ethylene,60.0,7.148801813954341,0.7623609568172248
7,Ammonia,260.0,-5.9190879664793625,3.2423416708206068
7,Ammonia,130.0,2.384581685083675,2.372526226029319
7,Ethylene,190.0,2.132285939331013,0.4952791882849593
7,Ethylene,30.0,8.747194301660826,0.6781050269491709
7,Ammonia,170.0,-0.3342827806524586,3.1357541817437466
7,Ammonia,230.0,-3.681554763913601,2.882979221005512
7,Ethylene,220.0,1.1325198616571712,0.4906259867622234
7,Ethylene,110.0,4.838330859818025,0.716348960131515
7,Ammonia,270.0,-6.331222726085608,3.3339695381801175
7,Ammonia,180.0,-0.8104772438526845,2.6405511426419297
7,Ethylene,130.0,4.17929305944618,0.6458275769569434
7,Ethylene,40.0,7.903001534229462,0.5605838907093338
7,Ammonia,190.0,-2.54276773454544,2.7760850357443596
7,Ammonia,90.0,4.935173923127345,1.8475053805237074
7,Ammonia,140.0,0.8210388210177103,1.926028178690518
7,Ethylene,70.0,6.760387565457722,0.7109463753285028
7,Ammonia,70.0,7.208608510235267,2.041169224017497
7,Ammonia,100.0,4.201574691767501,1.9751705653638452
7,Ethylene,140.0,3.652895352380968,0.48104161327561756
7,Ethylene,160.0,2.1419705629293424,0.29070309829879265
7,Ammonia,210.0,-3.4527295857633393,2.860661994198948
7,Ethylene,100.0,5.350274930054759,0.6572048275755485
7,Ethylene,10.0,9.821291729060668,0.41206084437452434
7,Ammonia,300.0,-8.953444297944035,2.73336842499079
7,Ammonia,50.0,8.559803118020454,1.5321024440600663
7,Ethylene,200.0,1.0214949799022317,0.11242338413666886
7,Ethylene,20.0,9.067283189635052,0.4076247126283417
7,Ammonia,110.0,3.148974412123891,2.4563806668730725
7,Ammonia,220.0,-4.285899458047266,2.1590511011137568
7,Ethylene,150.0,2.8572170861517283,0.2721833120202479
7,Ethylene,50.0,7.120005194239566,0.3582211316957055
7,Ammonia,120.0,2.1118793985180786,2.447337323087274
7,Ammonia,280.0,-8.24680250941678,1.9542997691130843
7,Ethylene,180.0,1.3629593657275831,-0.08626970398815324
7,Ethylene,80.0,5.213289483762915,0.19174717490746537
7,Ammonia,80.0,5.525632435573286,1.970256998002322
7,Ammonia,290.0,-9.328290584456745,1.6835290340529985
7,Ethylene,250.0,-1.783999981531267,-0.5850657032835792
7,Ethylene,210.0,-0.88186095880634,-0.5604688753636966
7,Ammonia,150.0,-0.5702336132220575,2.318489551039653
7,Ammonia,200.0,-4.16819132584353,1.635088391383002
7,Ethylene,230.0,-1.2428691896909791,-0.6176753207811414
7,Ethylene,120.0,2.937014336261173,-0.14476823185448595
7,Ammonia,250.0,-7.97960126705168,1.9266346360813054
7,Ammonia,60.0,7.054877820106907,1.3425165322257964
7,Ethylene,90.0,4.934347819606425,0.16526787115735508
7,Ethylene,170.0,0.32522752557953943,-0.5302288125660504
7,Ammonia,160.0,-1.7374775699259057,2.2013044460876636
7,Ammonia,240.0,-7.092835724571921,1.3021384856830145
7,Ethylene,240.0,-1.7968747766728421,-0.7214735814152649
7,Ethylene,60.0,6.051438030061889,0.09631302054664012
7,Ammonia,260.0,-8.948469597022125,1.7601745933280037
7,Ammonia,130.0,0.2585514007904763,1.360291722002305
7,Ethylene,190.0,0.3276623003678686,-0.46337138368737973
7,Ethylene,30.0,8.00238455655603,0.21801129711447995
7,Ammonia,170.0,-2.698305330370276,2.141603749318473
7,Ammonia,230.0,-6.477337567532515,1.3358192663548056
7,Ethylene,220.0,-1.1289959683502377,-0.7213323121067234
7,Ethylene,30.0,3.3161840121785597,-0.14941971558068687
7,Ammonia,270.0,-9.650371392638949,1.6159507020113637
7,Ammonia,180.0,-3.414705402709393,1.3661768132117837
7,Ethylene,130.0,2.932954075701728,-0.05607880522558879
7,Ethylene,40.0,7.284662390148236,0.16849855793091562
7,Ammonia,190.0,-4.221242747873659,2.0221202838405605
7,Ammonia,90.0,4.089397651914185,1.4757608318801687
7,Ammonia,140.0,-0.34368212789635344,1.446028083398061
7,Ethylene,70.0,6.061853758366545,0.33841937969240704
7,Ammonia,70.0,6.409570021768184,1.7533669980612845
7,Ammonia,100.0,2.832727196792625,1.4442346358432565
7,Ethylene,140.0,2.3267617641097167,-0.16491035474428486
7,Ethylene,160.0,0.6123802096400142,-0.5697814042524554
7,Ammonia,210.0,-5.673359468273262,2.060596885131516
7,Ethylene,100.0,4.286018516671858,0.10446458609133481
7,Ethylene,10.0,9.487848315309176,0.1670474496611062
7,Ammonia,300.0,-11.853369752034954,1.5191405015762274
7,Ammonia,50.0,7.897123420895651,1.2420193161025483
7,Ethylene,200.0,-0.33472220328403013,-0.6441630545153579
7,Ethylene,10.0,8.487778840347927,0.06707234396083286
7,Ammonia,110.0,2.364321743254289,2.0935323850794028
7,Ammonia,220.0,-5.727230161879258,1.362251129686777
7,Ethylene,150.0,2.0206851977784344,-0.1352560335069175
7,Ethylene,50.0,6.670954412391161,0.1743043400910145
7,Ammonia,120.0,1.3791758887219676,2.171460427052933
7,Ammonia,280.0,-9.557688662688372,1.2265670040145467
7,Ethylene,180.0,0.7221093094207173,-0.3760923719365681
7,Ethylene,80.0,4.945011700121423,0.03281107328248506
7,Ammonia,80.0,5.282932662112337,1.8716413568882624
7,Ammonia,290.0,-9.74382122479991,1.528838003231191
7,Ethylene,250.0,-2.1721738169876605,-0.8328030433965364
7,Ethylene,210.0,-1.2321288654855331,-0.7029857605205935
7,Ammonia,150.0,-0.7043942394410174,2.309026105317325
7,Ammonia,200.0,-4.222373399225681,1.4970658087336404
7,Ethylene,230.0,-1.382234831264059,-0.6674925571397268
7,Ethylene,120.0,2.780776967270737,-0.12318993083625566
7,Ammonia,250.0,-7.798299618325828,2.010592304789015
7,Ammonia,60.0,7.090363130841367,1.3902010687881938
7,Ethylene,90.0,4.817588099488787,0.23350545923124472
7,Ethylene,170.0,0.1200589217438318,-0.5849026627520949
7,Ammonia,160.0,-1.602288186625948,2.378776941638697
7,Ammonia,240.0,-7.113009378859116,1.4882653575573654
7,Ethylene,240.0,-2.056077711612394,-0.8002240883024304
7,Ethylene,60.0,6.060772236451872,0.14658299246310996
7,Ammonia,260.0,-9.006107305157787,1.8504301966571874
7,Ammonia,130.0,0.41129071768688696,1.4221431127289137
7,Ethylene,190.0,-0.10498668788162212,-0.546115925938254
7,Ethylene,30.0,7.996011464425784,0.196324463898278
7,Ammonia,170.0,-2.7669361613083283,2.0701701021696084
7,Ammonia,230.0,-6.721157227445649,1.2746699152776853
7,Ethylene,220.0,-1.2049943492123258,-0.810749312743602
7,Ethylene,110.0,3.1687965490130674,-0.19259293587708787
7,Ammonia,270.0,-9.561174683767023,1.5361762395693368
7,Ammonia,180.0,-3.2431928425412644,1.3515213950813856
7,Ethylene,130.0,2.9451310972840274,-0.07780841225761212
7,Ethylene,40.0,7.341076339707973,0.16422438258908603
7,Ammonia,190.0,-4.164004950369634,2.0072156429223447
7,Ammonia,90.0,3.9583640037060395,1.3864029208599031
7,Ammonia,140.0,-0.44871179108776427,1.24961708468723
7,Ethylene,70.0,6.1603506101234,0.2823726015688592
7,Ammonia,70.0,6.4704055933484685,1.7304012434065943
7,Ammonia,100.0,2.9951973045691807,1.3469290524292752
7,Ethylene,140.0,2.53029304594771,-0.23560194280805888
7,Ethylene,160.0,0.8359285765961922,-0.5511799610958691
7,Ammonia,210.0,-5.4709896293638085,1.8888573007990477
7,Ethylene,100.0,4.357690475372327,0.03164656907091125
7,Ethylene,10.0,9.452100825284564,0.10277873036516576
7,Ammonia,300.0,-11.40299741428178,1.2805447268296408
7,Ammonia,50.0,7.957635493378642,1.2484906528953872
7,Ethylene,200.0,-0.2775367503110051,-0.6364772935634538
7,Ethylene,20.0,8.70353493619099,0.15217669115954688
7,Ammonia,110.0,2.1708746977072897,2.017027332246358
7,Ammonia,220.0,-5.656756104231721,1.1944227413062436
7,Ethylene,150.0,2.166761516439836,-0.20469334673080436
7,Ethylene,50.0,6.689080716681866,0.08449765555330133
7,Ammonia,120.0,1.5084696747402262,2.0189550746289746
7,Ammonia,280.0,-9.387240864415933,1.0416303341551356
7,Ethylene,180.0,0.8014128708812756,-0.4642338723051113
7,Ethylene,80.0,5.005495542702212,-0.06925483838699449
7,Ammonia,80.0,5.286378939382983,1.7609043068210715
7,Ammonia,290.0,-9.941369247134716,0.9512096367421485
7,Ethylene,250.0,-2.1254485568772044,-0.9882452655792544
7,Ethylene,210.0,-1.3194067156349727,-0.9115652547413942
7,Ammonia,150.0,-0.6289109373568859,2.1588135374534296
7,Ammonia,200.0,-4.53690650835306,1.2791498161389239
7,Ethylene,230.0,-1.370837950761489,-0.7889250114785351
7,Ethylene,120.0,2.8026085654506456,-0.23577369213712418
7,Ammonia,250.0,-7.953986592611584,1.8900699492077535
7,Ammonia,60.0,7.086216229587681,1.373513054523271
7,Ethylene,90.0,4.906663984193082,0.1474098067457343
7,Ethylene,170.0,0.2904152100463135,-0.5861787747146971
7,Ammonia,160.0,-1.6290577514313551,2.152932268880381
7,Ammonia,240.0,-6.795303708820019,1.3813291384593012
7,Ethylene,240.0,-1.8789398947339846,-0.8077523781609911
7,Ethylene,60.0,6.083390380261837,0.053955940733884315
7,Ammonia,260.0,-8.858320564273969,1.7124610430051095
7,Ammonia,130.0,0.3701097272393764,1.3998170479220322
7,Ethylene,190.0,-0.03759492964122234,-0.5448325874324519
7,Ethylene,30.0,7.980607448893508,0.16477167140969448
7,Ammonia,170.0,-2.7041277839756095,2.1507766754744795
7,Ammonia,230.0,-6.59658434863525,1.4002891207118435
7,Ethylene,220.0,-1.3600463377657592,-0.7800120917707009
7,Ethylene,110.0,3.1446920160925393,-0.22088959548471798
7,Ammonia,270.0,-9.528993945649757,1.7049755367027548
7,Ammonia,180.0,-3.270898755468398,1.4091945016787757
7,Ethylene,130.0,2.6786178702191403,-0.1355961452062424
7,Ethylene,40.0,7.163107026225136,0.13509466235605583
7,Ammonia,190.0,-4.324926700536799,2.0877644909572375
7,Ammonia,90.0,3.948659586042967,1.4034616365278196
7,Ammonia,140.0,-0.5536737103092314,1.3230678676595955
7,Ethylene,70.0,5.986326349435497,0.2991217240230231
7,Ammonia,70.0,6.5126635270637045,1.8112492073770574
7,Ammonia,100.0,2.9084727667603603,1.392639975548751
7,Ethylene,140.0,2.1452817497026877,-0.2991452666281789
7,Ethylene,160.0,0.596535009134956,-0.5935265510329581
7,Ammonia,210.0,-5.711107493039912,1.81874394357821
7,Toluene,100.0,0.3915116750281236,-0.5263510156449546
7,Toluene,1.0,10.195628116169816,0.37217101439838063
7,Ethanol,50.0,0.06535685559945638,-3.0645597208146658
7,Ethanol,100.0,10.21694506209929,0.5647776605693069
7,Toluene,5.0,9.216267875354445,0.3422769072126216
7,Toluene,10.0,8.247540530664308,0.4644916334836988
7,Ethanol,110.0,6.432497278978466,-0.5454568952898471
7,Ethanol,220.0,2.943025283311638,-1.6268747537542205
7,Toluene,60.0,3.0418393064930678,0.04201165194425103
7,Toluene,20.0,7.329312498413773,0.6480394098439767
7,Ethanol,120.0,5.973535540387623,-0.6543109226475917
7,Ethanol,280.0,1.2116593480757292,-2.3693313202223294
7,Toluene,70.0,2.1157592981446833,-0.10322033790748569
7,Toluene,30.0,6.217321768653461,0.6622233038489728
7,Ethanol,130.0,0.973330620696906,-2.4411930825762664
7,Toluene,95.0,0.561596604665265,-0.361597783779765
7,Toluene,85.0,2.2481389785389827,0.4234302858952335
7,Ethanol,200.0,3.79316013439366,-1.4369078829510145
7,Toluene,45.0,4.548814121124565,0.23932371210158898
7,Toluene,65.0,3.291219917323096,0.5494544612009407
7,Ethanol,250.0,1.4458703698008848,-2.52365514724199
7,Ethanol,60.0,9.618878761023034,0.41119212755107254
7,Toluene,15.0,7.7721341241648485,0.4432884471069016
7,Toluene,50.0,4.152164296662372,0.5962768337157605
7,Ethanol,10.0,4.36996839390125,-1.325537339030416
7,Ethanol,240.0,2.7375124788127834,-1.8402142773980716
7,Toluene,40.0,4.725445373074905,0.19986658275086022
7,Toluene,35.0,5.671814689702153,0.753524759103365
7,Ethanol,10.0,1.4421559205141952,-2.6220485359272563
7,Ethanol,130.0,6.768490254767085,-0.48406728117560965
7,Toluene,75.0,1.7173150494483935,-0.2167854814419245
7,Toluene,90.0,1.6404724694708273,0.3719821295595633
7,Ethanol,230.0,3.7820046700654895,-1.6523816533721016
7,Toluene,80.0,1.6365398238680138,-0.14297080790930447
7,Toluene,55.0,4.307517419598252,0.6642566759735085
7,Ethanol,180.0,5.4425005299170826,-1.0310472329022997
7,Toluene,25.0,6.584139268252585,0.3980833259711139
7,Toluene,2.5,9.760393407613464,0.4670947929120167
7,Ethanol,190.0,4.060062210113731,-1.658732022055325
7,Ethanol,180.0,8.52958783548453,0.0649463887725477
7,Ethanol,140.0,6.693852189394992,-0.5252798975168805
7,Ethanol,70.0,9.5256540605498,0.38740784826640084
7,Ethanol,280.0,8.165044862705638,-0.0023263433136915357
7,Ethanol,210.0,4.509012166713167,-1.345812619289133
7,Toluene,100.0,-0.192105803891248,-0.4936670162269003
7,Toluene,1.0,10.249191176313602,0.4072158327575743
7,Ethanol,300.0,1.1614446528604618,-2.9894998350710202
7,Ethanol,60.0,10.513086222576757,0.5989179938132242
7,Toluene,5.0,9.160852456505978,0.33872385813829453
7,Toluene,10.0,8.304431822010113,0.5537524991722034
7,Ethanol,220.0,4.2321925415066906,-1.4755544257639515
7,Toluene,60.0,2.7883695255065066,0.11360329791885614
7,Toluene,20.0,7.233449087768399,0.6969645100571801
7,Ethanol,280.0,2.7913257520402914,-2.178647642141244
7,Toluene,70.0,2.0329821494207843,-0.106555479012682
7,Toluene,30.0,6.315876545312619,0.6904516942332196
7,Ethanol,290.0,2.445065747150317,-2.2884859199819276
7,Toluene,95.0,0.4602619375258939,-0.39784814732360296
7,Toluene,85.0,2.169813075198653,0.48028314420945256
7,Ethanol,200.0,4.821702762288895,-1.2537962507136424
7,Toluene,45.0,4.477875315186959,0.2585428037215817
7,Toluene,65.0,3.2686817471579337,0.5261574817183481
7,Ethanol,100.0,9.976046208647146,0.4848224699468366
7,Toluene,15.0,7.765781508036935,0.43910400911434533
7,Toluene,50.0,4.2337750945392685,0.6172544992055197
7,Ethanol,240.0,3.316041425101,-1.7726061206805828
7,Toluene,40.0,4.875988520205676,0.3081841725459947
7,Toluene,35.0,5.696863940414883,0.7146912580407077
7,Ethanol,10.0,1.7550489919361942,-2.6048898777042346
7,Ethanol,130.0,6.962101380585632,-0.4153021878120009
7,Toluene,75.0,1.9175455606300693,-0.08526137162454918
7,Toluene,90.0,1.770712963349374,0.4431972819708554
7,Ethanol,230.0,3.498623611356752,-1.659353931205264
7,Toluene,80.0,1.9818164531844948,0.025687497607337212
7,Toluene,55.0,4.4925643290431525,0.7103165482930666
7,Ethanol,270.0,1.325126216117733,-2.7218939232531514
7,Ethanol,180.0,5.08089108194996,-1.015495827192984
7,Toluene,25.0,6.681771276766497,0.4678733240740403
7,Toluene,10.0,9.824972212983988,0.46956136345462135
7,Ethanol,190.0,3.6576564462608308,-1.708603597961103
7,Ethanol,90.0,8.31201367604131,0.07424948338904855
7,Ethanol,10.0,6.381734795651944,-0.5416358540410123
7,Ethanol,70.0,9.355602141532705,0.354821144267592
7,Ethanol,100.0,7.930375460450723,-0.00496853278577594
7,Ethanol,210.0,4.090365247251574,-1.3479977329078872
7,Toluene,100.0,0.2761183042476132,-0.2640044108143376
7,Toluene,1.0,10.245332524901215,0.41462200944782035
7,Ethanol,300.0,0.4474810149923079,-3.035305891879307
7,Ethanol,10.0,10.413812430287303,0.5887876317936431
7,Toluene,5.0,9.334719977581633,0.45850666773209264
7,Toluene,10.0,8.37867557036316,0.5703775579897228
7,Ethanol,130.0,6.808659510760386,-0.5551621571854797
7,Ethanol,220.0,3.7548794647157218,-1.4873188140222946
7,Toluene,60.0,3.01249996363454,0.16850304705129665
7,Toluene,20.0,7.377366318239154,0.7162153784253703
7,Ethanol,280.0,2.219000083027117,-2.197642640736202
7,Toluene,70.0,2.355556258121688,0.0575696796394245
7,Toluene,130.0,6.413702949873678,0.7320127614925996
7,Ethanol,290.0,1.873022579454892,-2.303173891771328
7,Toluene,95.0,0.7767408319135355,-0.3033594626456864
7,Toluene,85.0,2.380312760831885,0.5064285095791465
7,Ethanol,200.0,4.474477461272802,-1.280290709735162
7,Toluene,45.0,4.662618984940906,0.27667287926679235
7,Toluene,65.0,3.3852945353765582,0.6280233912756172
7,Ethanol,100.0,9.96767484899171,0.5005759137032136
7,Toluene,15.0,7.874396819445033,0.5233794980495691
7,Toluene,50.0,4.289858708744144,0.6504133016502479
7,Ethanol,240.0,3.194241615511935,-1.7767713155734783
7,Toluene,40.0,5.006430807248383,0.3249754235979234
7,Toluene,35.0,5.737524749315408,0.7034976345304019
7,Ethanol,260.0,1.5928181912759996,-2.6678647470607175
7,Ethanol,130.0,6.893120126170886,-0.38784091529228665
7,Toluene,75.0,2.0281062456529217,-0.12177637973609845
7,Toluene,90.0,1.8166068096208587,0.361070603943958
7,Ethanol,230.0,3.5789916841406764,-1.647906191116276
7,Toluene,80.0,1.8151278913321012,-0.10278978252646932
7,Toluene,55.0,4.365994979902564,0.6184891090751241
7,Ethanol,270.0,1.4199796540656964,-2.7550201404587567
7,Ethanol,180.0,5.2571687007548995,-1.041702730043906
7,Toluene,25.0,6.679074972674001,0.43497176799794696
7,Toluene,2.5,9.7920833494384,0.4511839239432396
7,Ethanol,190.0,3.78438505238898,-1.696241188635893
7,Ethanol,90.0,8.428104300595436,0.09810034988266195
7,Ethanol,140.0,6.572802980961245,-0.486143509083576
7,Ethanol,70.0,9.425889128840854,0.39410238293287775
7,Ethanol,2.5,8.053555314817704,0.013161644325538771
7,Ethanol,10.0,4.207781639568043,-1.3474594665857862
7,Toluene,100.0,-0.02557843907676315,-0.3778348231425051
7,Toluene,1.0,10.336040565404868,0.4371406974932387
7,Ethanol,300.0,0.5463615132976792,-3.091201738260558
7,Ethanol,50.0,10.50017473550735,0.6089730910656405
7,Toluene,5.0,9.255230573929008,0.39316629298144534
7,Toluene,10.0,8.32081016720471,0.5568543217432138
7,Ethanol,10.0,3.9385457358188423,-1.46089488479128
7,Toluene,60.0,3.122990125263088,0.05074990398273084
7,Toluene,20.0,7.346419930240822,0.6664806602488466
7,Ethanol,280.0,2.342368118895942,-2.22794689372703
7,Toluene,70.0,2.3859877546914823,-0.031065007600123387
7,Toluene,30.0,6.367429701327005,0.7139972416423013
7,Ethanol,5.0,2.126671180297713,-2.3373218952074137
7,Toluene,95.0,0.7235684366037287,-0.3550168244914596
7,Toluene,85.0,2.2735907013869716,0.468471668597156
7,Ethanol,200.0,4.656732749753826,-1.3156593198726938
7,Toluene,45.0,4.6206361728702765,0.1986348000767642
7,Toluene,65.0,3.4193633261027623,0.5850988778089372
7,Ethanol,60.0,9.96800429179198,0.4784371132125505
7,Toluene,15.0,7.767235166164558,0.39992344989386386
7,Toluene,50.0,4.36587757535412,0.5529888382856452
7,Ethanol,240.0,3.5370670740631645,-1.775158134768164
7,Toluene,40.0,4.943165069268502,0.21124746070340597
7,Toluene,35.0,5.692381866225281,0.6511726837702869
7,Ethanol,260.0,1.8560029153314694,-2.663239810760484
7,Ethanol,130.0,7.0340485200106935,-0.401576012922236
7,Toluene,75.0,1.9732357360227193,-0.146375800336561
7,Toluene,90.0,1.642536690126908,0.3169188539271856
7,Ethanol,70.0,3.910897190888621,-1.6843281547358282
7,Toluene,80.0,1.7197646047193054,-0.23332773616308333
7,Toluene,55.0,4.222248934688395,0.6231891411312449
7,Ethanol,180.0,5.31773036751048,-1.1086099308523596
7,Toluene,25.0,6.544410772793191,0.33397076302043943
7,Toluene,10.0,9.666435787886883,0.40091964087258763
7,Ethanol,10.0,3.9472486609069186,-1.7786584674437154
7,Ethanol,90.0,8.513176225490902,0.06123088186659513
7,Ethanol,140.0,6.63648276679637,-0.5514677566315787
7,Ethanol,70.0,9.472625071721941,0.3980721032777129
7,Ethanol,100.0,8.102139889362304,-0.022148358301783636
7,Ethanol,210.0,4.384335640043041,-1.422597541123643
7,Toluene,100.0,0.016144062648599324,-0.5846050992207485
7,Toluene,1.0,10.132302099609788,0.3231118686006748
7,Ethanol,300.0,0.8535573029583153,-3.202734493443172
7,Ethanol,50.0,10.413696728731026,0.5816667148852951
7,Toluene,5.0,9.077459732122355,0.2413796133640569
7,Toluene,10.0,8.246669597819345,0.43495316650864524
7,Ethanol,220.0,4.136791231085897,-1.5466426342071677
7,Toluene,60.0,2.9242786367517746,-0.06542622477288734
7,Toluene,230.0,7.272463441264102,0.6050222176542163
7,Ethanol,280.0,2.6814660277844227,-2.2349399594580976
7,Toluene,70.0,2.355966150374487,-0.13265603503583367
7,Toluene,30.0,6.245627663706689,0.5988238337955226
7,Ethanol,290.0,2.417123899041748,-2.3108263515034086
7,Toluene,95.0,0.502277094785845,-0.5500316443733849
7,Toluene,85.0,2.1174609517766294,0.318331845159154
7,Ethanol,200.0,4.879205781233622,-1.3257994687653598
7,Toluene,45.0,4.2682055439216295,0.02469069457195659
7,Toluene,65.0,3.1358747476052473,0.40958256587334957
7,Toluene,15.0,7.597348445315955,0.3132093892710207
7,Toluene,50.0,4.0910616863789935,0.45203071672192646
7,Ethanol,240.0,3.7962453243252607,-1.7832598718135955
7,Toluene,40.0,4.646461809317464,0.07720678574636343
7,Toluene,35.0,5.538131806628993,0.4910115624984501
7,Ethanol,300.0,7.278549589246132,-0.4082241604249691
7,Toluene,75.0,1.7374991918982918,-0.3409072697520618
7,Toluene,90.0,1.5157704614365741,0.16196038773681654
7,Ethanol,10.0,4.283939628307164,-1.6626311889058443
7,Toluene,80.0,1.474330101801739,-0.3107418412911232
7,Toluene,55.0,4.034862304008316,0.45888380504718623
7,Ethanol,180.0,5.755127233229672,-1.0352218679690182
7,Toluene,25.0,6.3039321704093325,0.18444161136607995
7,Toluene,2.5,9.565724732594653,0.3191515647825049
7,Ethanol,190.0,4.341756623171786,-1.7028459574624604
7,Ethanol,90.0,8.656432514795839,0.057910282009055035
7,Ethanol,140.0,6.880562966425048,-0.569525817364535
7,Ethanol,70.0,9.561410897871504,0.3365951760219938
7,Ethanol,100.0,8.308314890492339,-0.04164081436213836
7,Ethanol,210.0,4.890022145712043,-1.333390990817197
7,Toluene,100.0,-0.147095056555555,-0.7491649475588427
7,Toluene,1.0,10.0220399975647,0.24649115563828589
7,Ethanol,10.0,1.3924285598332131,-3.0851859948370515
7,Toluene,5.0,9.05302225229345,0.2212680786621882
7,Toluene,10.0,8.15217274172043,0.38893704543558416
7,Ethanol,40.0,4.632002602980202,-1.460395745425211
7,Toluene,60.0,2.738377340590875,-0.15386295723384572
7,Toluene,160.0,7.228201994183723,0.5480744285207438
7,Ethanol,290.0,3.2141115601426784,-2.1117843671436103
7,Toluene,70.0,2.0449774143650834,-0.324491319593559
7,Toluene,30.0,6.151534027246762,0.5360854556087901
7,Ethanol,290.0,2.9792326287954722,-2.221765898150272
7,Toluene,95.0,0.3602144868103966,-0.6168026354091338
7,Toluene,85.0,2.0064113985702785,0.25807086868831913
7,Ethanol,200.0,5.35824824627651,-1.2039452820246914
7,Toluene,45.0,4.250551393311641,0.0015739593993290937
7,Toluene,65.0,3.066855275192545,0.3595900302772375
7,Toluene,15.0,7.462558354409338,0.23324697711456213
7,Toluene,50.0,3.99667379060967,0.3892005788912066
7,Ethanol,240.0,4.2139790864272495,-1.6124949985261001
7,Toluene,40.0,4.582904497013649,0.10805120704418456
7,Toluene,35.0,5.565804300322257,0.48805775721287237
7,Ethanol,130.0,7.529019761499684,-0.3504812098280787
7,Toluene,75.0,1.6837515461803954,-0.38102569355529503
7,Toluene,90.0,1.59375604794542,0.2205442333322749
7,Ethanol,230.0,4.489148944218876,-1.5431186784981277
7,Toluene,80.0,1.520965015022115,-0.3854893049219223
7,Toluene,55.0,4.1884058353007205,0.4409314060120266
7,Ethanol,180.0,6.014099171421959,-0.9698796020173609
7,Toluene,25.0,6.359816507968499,0.21970261443139147
7,Toluene,2.5,9.664737992456397,0.3518730441949748
7,Ethanol,190.0,4.430053760848449,-1.7736242699676323
7,Ethanol,140.0,8.874616671394577,0.11401492169396313
7,Ethanol,140.0,7.02865337924727,-0.49412444994471355
7,Ethanol,10.0,9.702501437275988,0.358301669943756
7,Ethanol,10.0,8.44983308091436,-0.016098674721651104
7,Ethanol,210.0,5.080613571238123,-1.2760475278596457
7,Toluene,100.0,0.23065790004086212,-0.6825827388230659
7,Toluene,10.0,10.20259603025366,0.31016628295671106
7,Ethanol,300.0,1.9987901563902413,-2.855226215895254
7,Toluene,5.0,9.204938441657053,0.2932028936810735
7,Toluene,10.0,8.251836060752211,0.45065330637602913
7,Ethanol,220.0,4.814564763707665,-1.4254371171942197
7,Toluene,60.0,2.864990937982806,-0.09985429002559296
7,Toluene,20.0,7.217446912062443,0.49125779158598426
7,Ethanol,280.0,3.362455690473368,-2.09817632491865
7,Toluene,70.0,2.0988499646030534,-0.27962778059561677
7,Toluene,30.0,6.2203293411396,0.5387541277169005
7,Ethanol,290.0,3.044432765166434,-2.1773027800554914
7,Toluene,95.0,0.5416537706133829,-0.5268419390053222
7,Toluene,85.0,2.164867817806272,0.2811009374027782
7,Ethanol,200.0,5.134242547553541,-1.2884535675322917
7,Toluene,45.0,4.458370313194627,0.07509633266973438
7,Toluene,65.0,3.1215101893332875,0.406443241435946
7,Toluene,15.0,7.701570161806564,0.3308954034866523
7,Toluene,50.0,4.159656966278864,0.456708518572809
7,Ethanol,240.0,3.7525230206443054,-1.756473252460552
7,Toluene,40.0,4.926997206437211,0.11477170229015869
7,Toluene,35.0,5.590293009216114,0.5145736858344291
7,Ethanol,130.0,7.29727985109939,-0.38082627782043527
7,Toluene,75.0,2.0088613190959177,-0.2695232289115163
7,Toluene,90.0,1.6377174929518752,0.21643444380503893
7,Ethanol,230.0,4.284339803825745,-1.595297275777143
7,Toluene,80.0,1.7707267536383409,-0.34621232424190296
7,Toluene,160.0,4.196271849688628,0.44451848818079914
7,Ethanol,180.0,6.064300572368312,-0.9498390507569905
7,Toluene,25.0,6.457453324513455,0.26629460955373174
7,Toluene,220.0,9.718077675419245,0.3871105169854848
7,Ethanol,90.0,8.934329331598875,0.10474289545994991
7,Ethanol,140.0,7.218526533848716,-0.4876732596011904
7,Ethanol,70.0,9.783330139047894,0.3684703706671683
7,Ethanol,100.0,8.560355275826812,-0.013193792205810838
7,Ethanol,210.0,5.246977253907689,-1.3039417175005867
7,Toluene,100.0,-0.034841171943680777,-0.5960435195117165
7,Toluene,10.0,10.213233511115481,0.35236363464097264
7,Ethanol,10.0,2.054519841010209,-2.899053934731066
7,Toluene,5.0,9.115259012199552,0.2887698585947669
7,Toluene,10.0,8.261235940955006,0.4372400123954792
7,Ethanol,220.0,5.083803892459356,-1.4244882668369512
7,Toluene,60.0,2.8116063201529884,-0.15053301866927582
7,Toluene,20.0,7.178539864074079,0.4856694331453713
7,Ethanol,280.0,3.684362975922983,-2.0038651457896672
7,Toluene,70.0,2.0954314106907987,-0.29489782269066245
7,Toluene,30.0,6.266890445751115,0.5893081990138967
7,Ethanol,290.0,3.4496598440201054,-2.1444620736713356
7,Toluene,95.0,0.5576436628092458,-0.4588484432508444
7,Toluene,85.0,2.157993440745674,0.292926760181227
7,Ethanol,200.0,5.681393088945798,-1.1592994128210958
7,Toluene,45.0,4.4377940392125526,0.08668584655688563
7,Toluene,65.0,3.2147763904551767,0.40985056375449463
7,Toluene,15.0,7.6992841080556085,0.3902644042056431
7,Toluene,50.0,4.1080437332909225,0.507789953102405
7,Ethanol,240.0,4.42492312190059,-1.6399668891348564
7,Toluene,40.0,4.8419095306340205,0.14819073965571325
7,Toluene,35.0,5.718256910282564,0.5647343751803717
7,Ethanol,130.0,7.558168562087592,-0.36323093564592457
7,Toluene,75.0,1.8854815955283044,-0.25568922365138386
7,Toluene,90.0,1.7575357961519886,0.21800001935566912
7,Ethanol,230.0,4.638935250539593,-1.5271148570482729
7,Toluene,80.0,1.8112631185863668,-0.2178771410242064
7,Toluene,55.0,4.347283188544441,0.5327549722887827
7,Ethanol,180.0,5.960409158547652,-0.9870686019292807
7,Toluene,25.0,6.511974267960182,0.2669268271778007
7,Toluene,30.0,9.7488507203193,0.3957548409507705
7,Ethanol,190.0,4.619417208905408,-1.6622805071765638
7,Ethanol,90.0,8.89582806679211,0.10487187961970057
7,Ethanol,140.0,7.162299341160641,-0.4773011834107906
7,Ethanol,70.0,9.815651765789958,0.38976548742119027
7,Ethanol,100.0,8.5115054271479,0.018372048857457645
7,Ethanol,220.0,5.020738037651478,-1.3049938785798691
7,Toluene,100.0,0.2025340337711076,-0.5597856293236124
7,Toluene,120.0,10.233557583428839,0.3751988645104487
7,Ethanol,300.0,1.6529470061290503,-3.0023663147071775
7,Toluene,5.0,9.184915905347028,0.3182335658171646
7,Toluene,10.0,8.291509440030149,0.46265244144110057
7,Ethanol,220.0,4.7622408556102584,-1.429519202067732
7,Toluene,60.0,2.994342877836253,-0.1020509503508946
7,Toluene,20.0,7.296795891707245,0.5403076235170053
7,Ethanol,140.0,3.3118220090701205,-2.0678960509689137
7,Toluene,70.0,2.243215569294022,-0.2359682897874841
7,Toluene,30.0,6.230123989922305,0.5736179106263655
7,Ethanol,290.0,3.081563346688693,-2.150100697178866
7,Toluene,95.0,0.6048588893766488,-0.5062132789347397
7,Toluene,85.0,2.1000657600268826,0.2912197922557928
7,Ethanol,200.0,5.386410131465611,-1.2256925926671896
7,Toluene,45.0,4.350958904441645,0.09225490058271968
7,Toluene,65.0,3.320376278884654,0.38738595889196137
7,Toluene,15.0,7.6512459167261,0.31822911725643027
7,Toluene,50.0,4.1886192079360125,0.4228654783266348
7,Ethanol,220.0,4.301851787699095,-1.6442652560850461
7,Toluene,40.0,4.774204434604924,0.1444571425038332
7,Toluene,35.0,5.661519263797665,0.5322843773091683
7,Ethanol,130.0,7.5286666290974535,-0.3999179111804325
7,Toluene,75.0,1.82894154832581,-0.31871862384088956
7,Toluene,90.0,1.642674908972378,0.19728314869390312
7,Ethanol,230.0,4.738490512686225,-1.4947828405542858
7,Toluene,80.0,1.7115484504968788,-0.30819258875492556
7,Toluene,55.0,4.195189896695502,0.4455811148031471
7,Ethanol,180.0,6.0558489999505465,-0.9569956563083974
7,Toluene,25.0,6.4141173920053145,0.22397727218277844
7,Toluene,220.0,9.648345580037265,0.35646928956335877
7,Ethanol,10.0,4.5473757307920195,-1.7038400062801358
7,Ethanol,90.0,8.86806091776097,0.10275290747671992
7,Ethanol,140.0,7.12705800969978,-0.5063129236250427
7,Ethanol,20.0,9.790779946389435,0.38892200673939153
7,Ethanol,70.0,8.501576268109732,0.005037452608778431
7,Ethanol,50.0,5.086801340952194,-1.3159106506815754
7,Toluene,100.0,0.17127884624697845,-0.6312677062076163
7,Toluene,1.0,10.108750471418979,0.30325542443988684
7,Ethanol,120.0,1.8194412167846536,-2.9802550339414875
7,Toluene,5.0,9.070511643856767,0.2634549539797344
7,Toluene,10.0,8.214747873904292,0.44052879045122795
7,Ethanol,220.0,4.890321435617211,-1.4140474724726075
7,Toluene,60.0,2.892902399386354,-0.16077224276077812
7,Toluene,20.0,7.309944340829106,0.591804247435959
7,Ethanol,280.0,3.513345029698757,-2.03176564027893
7,Toluene,70.0,2.246101591158859,-0.22675995227641663
7,Toluene,30.0,6.255544446302304,0.5534133503030562
7,Ethanol,290.0,3.253891559098196,-2.1645301284410303
7,Toluene,95.0,0.6109096179738578,-0.5360029262549474
7,Toluene,85.0,2.1393421653345235,0.3388970393105273
7,Ethanol,200.0,5.480676348419135,-1.1897727360958739
7,Toluene,45.0,4.4916239644428355,0.08310546958991306
7,Toluene,65.0,3.18526199932626,0.426927673641105
7,Toluene,15.0,7.588520921013039,0.2993477773351757
7,Toluene,50.0,4.221345099709085,0.4381410777929148
7,Ethanol,240.0,4.4388418712755495,-1.6460706848510989
7,Toluene,40.0,4.705487519123604,0.08462763550348902
7,Toluene,35.0,5.660007486410678,0.5136587755982317
7,Ethanol,70.0,7.561350529137314,-0.38930135163870516
7,Toluene,75.0,1.835986663253504,-0.29355866434043004
7,Toluene,90.0,1.7302357118284233,0.24809421203359838
7,Ethanol,120.0,4.77560363862469,-1.5454179438642675
7,Toluene,80.0,1.6251767431586375,-0.313363401898172
7,Toluene,55.0,4.064196575315631,0.4753335622812677
7,Ethanol,180.0,6.137893817143228,-0.9552322585178515
7,Toluene,25.0,6.474215146523432,0.278466505503138
7,Toluene,2.5,9.62806109370302,0.336635105353632
7,Ethanol,90.0,8.936977832204901,0.10524618510716162
7,Ethanol,120.0,7.243265145780971,-0.49214008823381467
7,Ethanol,70.0,9.768503503135127,0.36326671261104065
7,Ethanol,100.0,8.61026448561298,-0.009166768101036745
7,Ethanol,210.0,5.220090600130835,-1.280059658738101
7,Toluene,100.0,0.062219096471009955,-0.68802635186857
7,Toluene,1.0,10.142592450665424,0.33350967817381744
7,Ethanol,300.0,1.8614742613460988,-2.9613186494608086
7,Toluene,5.0,9.111171439111468,0.2591581444507417
7,Toluene,10.0,8.194276274697092,0.4250624202261723
7,Ethanol,220.0,5.034776870845651,-1.4133617431568777
7,Toluene,60.0,2.7948200002557195,-0.16120190940702753
7,Toluene,20.0,7.186380890480325,0.5363713861873612
7,Ethanol,280.0,3.574386040153576,-1.9836506429918699
7,Toluene,70.0,2.24650289014198,-0.22666500672478557
7,Toluene,30.0,6.293943224973018,0.6249885965101978
7,Ethanol,240.0,3.345035689531784,-2.1288550723679505
7,Toluene,95.0,0.5868423428545252,-0.523839086125496
7,Toluene,85.0,2.0183153279796335,0.3351300421565031
7,Ethanol,200.0,5.625452060476775,-1.1511253557543972
7,Toluene,45.0,4.351755269785341,0.09125187821906804
7,Toluene,65.0,3.1991178095693398,0.37948104724827214
7,Toluene,15.0,7.637761129524004,0.3381280707167509
7,Toluene,50.0,4.12007596648684,0.44392151275589153
7,Ethanol,240.0,4.641173309232138,-1.5481648283607123
7,Toluene,40.0,4.773760728469946,0.13318363482216644
7,Toluene,35.0,5.609823956533547,0.5517027112996243
7,Ethanol,130.0,7.7274868835691,-0.33706243824962634
7,Toluene,75.0,1.8508391696599653,-0.32843067339985627
7,Toluene,90.0,1.581461130029284,0.17193910949252583
7,Ethanol,230.0,4.847888560003418,-1.4873401770741328
7,Toluene,80.0,1.7080323587468438,-0.32784873576641566
7,Toluene,55.0,4.214828064821128,0.534416320225731
7,Ethanol,180.0,6.306558089449224,-0.8980308408970643
7,Toluene,25.0,6.425808259840386,0.24294767096745734
7,Toluene,2.5,9.653157748451841,0.35878384293211296
7,Ethanol,100.0,9.055082891314044,0.14831532183206278
7,Ethanol,140.0,7.254346896342299,-0.5006293653449941
7,Ethanol,70.0,9.82987020593019,0.35729058063857805
7,Ethanol,180.0,8.516811629908934,-0.04964987080042519
7,Ethanol,200.0,5.330638349859917,-1.2322321187663985
7,Toluene,100.0,0.08881238999399879,-0.6451570667846275
7,Toluene,1.0,10.158195839663966,0.3129328851909403
7,Ethanol,50.0,1.9777148272760794,-2.973996608919543
7,Toluene,5.0,9.147380571508034,0.2765329046590027
7,Toluene,10.0,8.206790517454797,0.4677110005391912
7,Ethanol,220.0,5.073447353750293,-1.3589294249123376
7,Toluene,60.0,2.9404896224105976,-0.1116973035697944
7,Toluene,20.0,7.186049660811934,0.5570857421271815
7,Ethanol,200.0,3.598059541004237,-2.025092984390896
7,Toluene,70.0,2.264657384513235,-0.22526379900951127
7,Toluene,30.0,6.25246256378821,0.5756280617038377
7,Ethanol,290.0,3.3114775635786966,-2.1574832246034963
7,Toluene,95.0,0.7680588888512172,-0.4543578372594684
7,Toluene,85.0,2.0902547178085125,0.3225361611610728
7,Ethanol,140.0,5.687144768036168,-1.1375960014948385
7,Toluene,45.0,4.536326551119129,0.16182286533352236
7,Toluene,65.0,3.2808513337916,0.43275141866048433
7,Toluene,15.0,7.657134978335559,0.3575282205482362
7,Toluene,50.0,4.2235477177878495,0.4938186161865906
7,Ethanol,240.0,4.561626563456939,-1.6013675121654414
7,Toluene,40.0,4.858668175984073,0.14845260380201353
7,Toluene,35.0,5.682943840523739,0.573193161997971
7,Ethanol,130.0,7.7237467055692495,-0.3354618312119255
7,Toluene,75.0,2.0154181050623485,-0.18960330109896084
7,Toluene,90.0,1.7999952076797356,0.2799095163695147
7,Ethanol,230.0,4.8228802078217825,-1.5129238638224225
7,Toluene,80.0,1.784286418884143,-0.28053431506248505
7,Toluene,55.0,4.234046665728756,0.5284030277946812
7,Ethanol,180.0,6.219084572243184,-0.9222584625741608
7,Toluene,25.0,6.445260984972865,0.2772431128760375
7,Toluene,2.5,9.684044332374542,0.3804951783469908
7,Ethanol,90.0,9.06036946325122,0.14123806794254876
7,Ethanol,140.0,7.252945074624757,-0.4754733949253305
7,Ethanol,70.0,9.807814420696692,0.37485528960287007
7,Ethanol,100.0,8.57601638334608,-0.0010549175210595627
7,Ethanol,210.0,5.271743815871641,-1.2573599350709712
7,Toluene,10.0,7.827685505352056,0.5495956023427592
7,Toluene,10.0,7.8431452659976575,0.518945017123244
7,Toluene,10.0,8.037537144692125,0.5657935553404602
7,Toluene,10.0,8.066019944386802,0.5145776825816288
7,Toluene,10.0,8.171036230861514,0.5646141596774781
7,Toluene,10.0,8.14851207454963,0.5908121318192459
7,Toluene,110.0,8.181432656780226,0.5595338301953793
7,Toluene,10.0,8.182731462497696,0.5768298736686998
7,Toluene,10.0,8.179495293675785,0.5850513148393989
7,Toluene,10.0,8.171513739988542,0.5844952214176519
7,Toluene,10.0,8.211446823805584,0.5931740138864715
7,Toluene,10.0,8.220540908731987,0.642464010779067
7,Toluene,10.0,8.26887717321141,0.659796041315584
7,Toluene,10.0,8.236520325059166,0.6556435490439355
7,Toluene,10.0,8.188944765575934,0.6196670729308216
7,Toluene,10.0,8.228669343092335,0.5906292493509872
7,Toluene,10.0,8.232643073305978,0.6349929205060889
7,Toluene,10.0,8.232626648961784,0.6281260571444469
7,Toluene,10.0,8.26241874124768,0.6242656794768077
7,Toluene,10.0,8.231313027338938,0.5998283961109877
7,Toluene,10.0,8.234528316778338,0.616910380709078
7,Toluene,10.0,8.311262596390309,0.6562297809384177
7,Toluene,10.0,8.204093639356886,0.6305133621119858
7,Toluene,80.0,8.320985688370746,0.6441467923909885
7,Toluene,10.0,8.30158063267277,0.6159059002279034
7,Toluene,10.0,8.335628265992893,0.6274568781530324
7,Toluene,10.0,8.366093882162536,0.6630159204980551
7,Toluene,10.0,8.386244471972228,0.6667337542235269
7,Toluene,10.0,8.414631992945099,0.6612233300298787
7,Toluene,10.0,8.383938859724214,0.7069047000544174
7,Toluene,150.0,8.398454356865146,0.6671668973627995
7,Toluene,10.0,8.371747206560523,0.6633377067991786
7,Toluene,10.0,8.384992711713293,0.6566630402568202
7,Toluene,10.0,8.353387808601553,0.6447686997434109
7,Toluene,10.0,8.35649757942619,0.6635474739165457
7,Toluene,10.0,8.393318647352203,0.6768844599372434
7,Toluene,10.0,8.323788718466025,0.6426608812544172
7,Toluene,10.0,8.34114704382621,0.623356220694561
7,Toluene,10.0,8.393512474709341,0.682142173258958
7,Toluene,10.0,8.308712957851114,0.6187980247223654
7,Toluene,10.0,8.372949473944361,0.6630943187773745
7,Toluene,100.0,8.379695027348077,0.6651240941630657
7,Toluene,10.0,8.359690354327773,0.6768000219206579
7,Toluene,10.0,8.37081109401328,0.680583232755051
7,Toluene,10.0,8.351421254148866,0.7056860386590634
7,Toluene,10.0,8.384169138079034,0.6604987792989607
7,Toluene,10.0,8.373030297768771,0.6937644899936286
7,Toluene,10.0,8.373114950945261,0.6801399699371858
7,Toluene,10.0,8.34627170333441,0.672300212417847
7,Toluene,10.0,8.317438723278652,0.6538995213397953
7,Toluene,10.0,8.370411888984345,0.6752853532413811
7,Toluene,10.0,8.322318238103156,0.6745325195398418
7,Toluene,10.0,8.320173975189888,0.6562287719738811
7,Acetone,100.0,-1.9358142720342608,-1.9798757857263634
7,Acetone,10.0,6.409706175587456,-1.7472624329918631
7,Ethanol,300.0,2.865797667170404,-2.514966425338846
7,Ethanol,50.0,10.717489044652796,0.5865341163092563
7,Acetone,200.0,-8.5002562507814,-2.1534557199998234
7,Acetone,20.0,5.149181183542236,-1.6437491770999813
7,Ethanol,220.0,5.32686273310984,-1.2990558714649705
7,Acetone,150.0,-5.407512262258704,-2.2290309596728073
7,Acetone,50.0,2.2529291289819215,-1.4438515069349007
7,Ethanol,280.0,4.139854639008617,-1.842032828383433
7,Acetone,180.0,-7.148390368770505,-2.2569391993370282
7,Acetone,80.0,-0.10778413596022171,-1.2504142503654236
7,Ethanol,290.0,4.069573799023663,-1.814809817126929
7,Acetone,250.0,-11.223484584434098,-2.548150650492592
7,Acetone,210.0,-8.31805520028077,-1.3520596323156346
7,Ethanol,200.0,6.186455919693669,-0.954654481504176
7,Acetone,230.0,-10.124348654955561,-2.5591214171809806
7,Acetone,120.0,-3.1691808677462796,-1.2571700883080212
7,Ethanol,10.0,10.445966274744311,0.5158349227110643
7,Acetone,90.0,-1.5777174572636834,-2.0236792502060243
7,Acetone,170.0,-6.391575326027866,-1.426287516078794
7,Ethanol,240.0,5.2509964008767716,-1.33323632446173
7,Acetone,240.0,-11.11728505207296,-2.6632552854739426
7,Acetone,60.0,1.2319714328395153,-1.3569098088120932
7,Ethanol,10.0,8.107022068282784,-0.24163384363084545
7,Acetone,190.0,-8.251960768924516,-2.429711755893234
7,Acetone,30.0,3.819221014587043,-1.6629165179564018
7,Ethanol,230.0,5.448782704740352,-1.2859046292095508
7,Acetone,220.0,-9.922463211046509,-2.521811110391943
7,Acetone,110.0,-2.704003070202566,-1.3328061251422012
7,Ethanol,10.0,6.936570569614698,-0.6564223165934098
7,Acetone,130.0,-4.6270455422844226,-2.229194679209084
7,Acetone,40.0,2.8023615305241014,-1.5669940246473895
7,Ethanol,90.0,9.354543265702082,0.21105566990093425
7,Ethanol,140.0,7.765953850343454,-0.3279647250909293
7,Acetone,70.0,-0.24518753855283984,-2.07016585701788
7,Ethanol,100.0,8.980957427173443,0.08710131897402634
7,Acetone,140.0,-5.315452805953843,-2.2468600655608597
7,Acetone,160.0,-6.128998650582919,-1.386307911922894
7,Acetone,100.0,-2.4994297799794554,-2.1016867921560483
7,Acetone,10.0,6.408818602901373,-1.6866904187939709
7,Ethanol,300.0,2.981275119372151,-2.5219538858703596
7,Ethanol,60.0,10.844538012211979,0.6253588096471367
7,Acetone,200.0,-9.1486734416994,-2.534909194718907
7,Acetone,20.0,4.9943673128604225,-1.6613502245447112
7,Ethanol,220.0,5.779646942329623,-1.1132588631126132
7,Acetone,150.0,-5.962233018442451,-2.397948707170078
7,Acetone,50.0,1.937704706571918,-1.4284909119902256
7,Ethanol,210.0,4.426987412534794,-1.7358179523814599
7,Acetone,180.0,-7.765573591059481,-2.4815483757123027
7,Acetone,80.0,-0.6152628864109226,-1.3677142586262665
7,Ethanol,290.0,4.263863178951675,-1.7627914115729273
7,Acetone,250.0,-11.946674037162737,-2.850702302318554
7,Acetone,210.0,-8.857303988842247,-1.5857246909159153
7,Ethanol,200.0,6.221911056685415,-0.9261907952958164
7,Acetone,230.0,-10.622685465957264,-2.715523839039792
7,Acetone,120.0,-3.4985890722929995,-1.3457452374859737
7,Ethanol,60.0,10.49383145579353,0.5622116439248055
7,Acetone,90.0,-1.8147871061954772,-2.072273108804108
7,Acetone,170.0,-6.822021147030527,-1.5284682179950688
7,Ethanol,240.0,5.2088604406386265,-1.3347964493733753
7,Acetone,240.0,-11.278850709652179,-2.758748285172592
7,Acetone,60.0,0.9930134525224619,-1.3937261446327833
7,Ethanol,130.0,8.08337425499163,-0.21349891686812503
7,Acetone,190.0,-8.54949133633133,-2.5367859564624218
7,Acetone,30.0,3.92032014517249,-1.565526072390487
7,Ethanol,230.0,5.317125002805296,-1.2616789335842715
7,Acetone,220.0,-10.101727564457374,-2.728437912532962
7,Acetone,110.0,-2.8640533499310212,-1.3028671660767246
7,Ethanol,160.0,6.68587624681372,-0.71106423630899
7,Acetone,130.0,-4.682747213017084,-2.2675766862637445
7,Acetone,40.0,2.9040911876961704,-1.4839260946809834
7,Ethanol,90.0,9.252082720142562,0.22150880837604636
7,Ethanol,240.0,7.556378925455017,-0.37830374703159964
7,Acetone,70.0,-0.061685581472606256,-2.0496308526712665
7,Ethanol,230.0,8.837308307854535,0.08238847573345522
7,Acetone,140.0,-5.465160514953333,-2.2811418812982414
7,Acetone,160.0,-6.16277944680036,-1.416796731932657
7,Acetone,100.0,-2.4065565268281297,-2.0423482451997135
7,Acetone,10.0,6.4112386557273195,-1.7136515166621757
7,Ethanol,300.0,2.6053222373006264,-2.563046080477641
7,Ethanol,50.0,10.780523524015143,0.6162212661433102
7,Acetone,200.0,-9.159107621964646,-2.565034674013782
7,Acetone,20.0,5.084005586141727,-1.5659371060128193
7,Ethanol,240.0,5.494306199061258,-1.2030358623499748
7,Acetone,150.0,-5.985553895544435,-2.3648252347378294
7,Acetone,50.0,1.8785510821030225,-1.4485919476535731
7,Ethanol,280.0,4.076967343413052,-1.7617635623009849
7,Acetone,180.0,-7.801335143884276,-2.482351864892737
7,Acetone,80.0,-0.5666256420580614,-1.3464274872494664
7,Ethanol,290.0,3.783791914884175,-1.9150448510582783
7,Acetone,250.0,-11.875045777121068,-2.8786767467716934
7,Acetone,210.0,-9.047195444925524,-1.5817296513986105
7,Ethanol,200.0,6.002065458435167,-0.9634957868635826
7,Acetone,230.0,-10.930799807587897,-2.9252519297375206
7,Acetone,120.0,-3.71056766293862,-1.4166298554623171
7,Ethanol,60.0,10.428149866124896,0.556775686988321
7,Acetone,90.0,-1.9703673829823258,-2.18935467862924
7,Acetone,170.0,-6.847663231514257,-1.5703562297359739
7,Ethanol,240.0,5.007164083673265,-1.37626483833462
7,Acetone,240.0,-11.636845180792333,-2.932333967226386
7,Acetone,60.0,0.9596640659921768,-1.4431812748789197
7,Ethanol,200.0,7.96534062847004,-0.2047130775719632
7,Acetone,190.0,-8.64069022256883,-2.653621493088858
7,Acetone,30.0,3.857507250827929,-1.5797759316970497
7,Ethanol,230.0,5.300751251975517,-1.271155543414865
7,Acetone,220.0,-10.253979188167719,-2.8424054907263354
7,Acetone,110.0,-2.8170150046819056,-1.3657518344678734
7,Ethanol,180.0,6.626456564470874,-0.7096297865378446
7,Acetone,130.0,-4.631713766735569,-2.249519385840189
7,Acetone,40.0,2.793771904368995,-1.5494947691114254
7,Ethanol,90.0,9.267516360471907,0.2172513191515558
7,Ethanol,140.0,7.569390708108275,-0.36772596894180654
7,Acetone,70.0,-0.3297279436270898,-2.1728980144672483
7,Ethanol,100.0,8.792765358056922,0.046258958159633094
7,Acetone,140.0,-5.365203219782777,-2.2547159344720478
7,Acetone,160.0,-6.112266137519159,-1.4805842849680881
7,Acetone,100.0,-2.460092616561763,-2.1301438581759338
7,Acetone,10.0,6.3934505182583035,-1.6633793398998808
7,Ethanol,300.0,2.5997005499978236,-2.6030462485333605
7,Ethanol,50.0,10.748875332657516,0.6037345953925481
7,Acetone,200.0,-8.976598492867083,-2.605525918886693
7,Acetone,20.0,5.1219198748105725,-1.5799930254031191
7,Ethanol,220.0,5.467291926029158,-1.1903381321586832
7,Acetone,150.0,-5.8040534966956905,-2.502691929784352
7,Acetone,50.0,1.905700044116685,-1.5665983193813906
7,Ethanol,280.0,4.127820222505003,-1.753749645677755
7,Acetone,180.0,-7.786351411601728,-2.51807234861223
7,Acetone,80.0,-0.5087904543686742,-1.4834800114559146
7,Ethanol,290.0,3.957616592657148,-1.8245255572427208
7,Acetone,250.0,-11.835758058455289,-2.9183011376986068
7,Acetone,210.0,-8.70078297747043,-1.611580582131423
7,Ethanol,200.0,6.057286595912661,-0.9764118458317989
7,Acetone,230.0,-10.653126866047282,-2.8450020801409424
7,Acetone,120.0,-3.3845487596856203,-1.365413926549515
7,Ethanol,60.0,10.386425342915322,0.5127741058014408
7,Acetone,90.0,-1.79535588759312,-2.2500404409696295
7,Acetone,170.0,-6.651264437262666,-1.656277053602512
7,Ethanol,240.0,5.073353813603478,-1.3900082898530346
7,Acetone,240.0,-11.30677181047779,-2.9615444715729384
7,Acetone,60.0,1.0725506083124596,-1.4775830379223116
7,Ethanol,130.0,7.989099481440517,-0.23871502348317133
7,Acetone,190.0,-8.457896952062825,-2.762947318432582
7,Acetone,30.0,3.8094831214757363,-1.649326079821846
7,Ethanol,230.0,5.420605693275362,-1.2682424136987502
7,Acetone,220.0,-10.046024682131769,-2.841588853584945
7,Acetone,110.0,-2.739176409105395,-1.3918397620584015
7,Ethanol,180.0,6.648565591511118,-0.7752688698275291
7,Acetone,130.0,-4.77082551757545,-2.3968416622500555
7,Acetone,40.0,2.7854671055870277,-1.6033289808299496
7,Ethanol,140.0,9.250625901622612,0.18913022109983618
7,Ethanol,140.0,7.596111114387609,-0.3583868187424772
7,Acetone,70.0,-0.22902148282695298,-2.2576169284827827
7,Ethanol,100.0,8.863653533575144,0.08429564587410604
7,Acetone,140.0,-5.277804632820398,-2.5161162651506945
7,Acetone,160.0,-5.902018342708239,-1.5407366588360771
7,Acetone,100.0,-2.3352062972060144,-2.281300899342635
7,Acetone,10.0,6.318879003587286,-1.8133776437812772
7,Ethanol,300.0,2.6676277900321295,-2.5959498363317604
7,Acetone,200.0,-9.027240347622387,-2.744788752026236
7,Acetone,20.0,5.000894560111216,-1.6804792488450064
7,Ethanol,220.0,5.508009477493072,-1.2633460762893145
7,Acetone,150.0,-5.930391222847083,-2.514923559158405
7,Acetone,50.0,1.909030827480644,-1.59641891999201
7,Ethanol,280.0,4.195254593723757,-1.7823501174630305
7,Acetone,180.0,-7.7596703473119675,-2.643156850329982
7,Acetone,80.0,-0.535399769675663,-1.5120103916410046
7,Ethanol,290.0,3.8567001899544984,-1.9044175876381035
7,Acetone,250.0,-11.853451253451144,-3.0946751297944557
7,Acetone,210.0,-8.735254757854884,-1.7264408353345835
7,Ethanol,200.0,6.045610690961663,-1.0009008037713212
7,Acetone,230.0,-10.688318735209826,-3.008852145215711
7,Acetone,120.0,-3.5161138121476747,-1.4491056645111977
7,Ethanol,50.0,10.414678927232446,0.5258043815916005
7,Acetone,90.0,-1.8176654263169743,-2.2120706842325806
7,Acetone,170.0,-6.892864072494884,-1.6806203311993928
7,Ethanol,240.0,5.089864373689815,-1.3918163762394433
7,Acetone,240.0,-11.374524822111002,-3.0802404075770933
7,Acetone,60.0,0.9770389568640175,-1.5228767523161648
7,Ethanol,130.0,8.051855368588425,-0.24303823533846255
7,Acetone,190.0,-8.240643061555565,-2.71323116668106
7,Acetone,30.0,3.9120297857013218,-1.6264724949207563
7,Ethanol,230.0,5.354373562043752,-1.2781939514126497
7,Acetone,220.0,-11.311902939063827,-2.806038303127484
7,Acetone,110.0,-2.706753993798023,-1.4211997522460187
7,Ethanol,180.0,6.704728770640893,-0.7432099892287022
7,Acetone,130.0,-4.640282542602072,-2.463497141651352
7,Acetone,40.0,2.871680897127674,-1.6110407995568266
7,Ethanol,90.0,9.302790265087872,0.19776436408190173
7,Ethanol,100.0,7.633295068497692,-0.3760690764547551
7,Acetone,70.0,-0.15157658396065726,-2.197973720751327
7,Ethanol,100.0,8.8839976118513,0.06530831926310644
7,Acetone,140.0,-5.397182241333103,-2.439718348584373
7,Acetone,160.0,-6.126794556805824,-1.633643397310917
7,Acetone,100.0,-2.495568074698005,-2.254179990049654
7,Acetone,10.0,6.256583475005037,-1.8719154122585036
7,Ethanol,10.0,2.7166619200386837,-2.6230243044589527
7,Acetone,200.0,-8.948013077268985,-2.7232015246925987
7,Acetone,20.0,5.072417630113993,-1.660473606417206
7,Ethanol,220.0,5.549636959980569,-1.2211438502007474
7,Acetone,150.0,-5.915582284507293,-2.4593672283977006
7,Acetone,50.0,2.0205268239717586,-1.5162026409689224
7,Ethanol,280.0,4.207290320809734,-1.7804087418517196
7,Acetone,180.0,-7.6352922844520155,-2.6304971734896117
7,Acetone,80.0,-0.4997109922650152,-1.4577709683036295
7,Ethanol,240.0,3.9655710459846047,-1.8627350685676962
7,Acetone,250.0,-11.753139353256797,-3.1098298844580134
7,Acetone,210.0,-8.853562228983897,-1.770240693319429
7,Ethanol,200.0,6.048251817287221,-1.0211636349326767
7,Acetone,230.0,-10.818458530336999,-3.0275545170341225
7,Acetone,120.0,-3.3502719372851986,-1.5257392840350217
7,Acetone,90.0,-1.8821515039125485,-2.260442665060712
7,Acetone,170.0,-6.572610900791515,-1.566232298629319
7,Ethanol,240.0,5.186043776246177,-1.3604318176661712
7,Acetone,240.0,-11.360725337058776,-2.9816692395724327
7,Acetone,60.0,1.02272243807892,-1.517845281998716
7,Ethanol,130.0,8.009380446301297,-0.2666722671081717
7,Acetone,190.0,-8.511664692766876,-2.792219917859128
7,Acetone,30.0,3.854092983495604,-1.6579550639306393
7,Ethanol,230.0,5.328169838259226,-1.3196744000445897
7,Acetone,220.0,-10.295624243780775,-2.947057848380665
7,Acetone,110.0,-2.8290300261038985,-1.456715451114103
7,Ethanol,260.0,6.628866619367322,-0.7828233642523996
7,Acetone,130.0,-4.6249804453158205,-2.396020644448082
7,Acetone,40.0,2.836059681346362,-1.662834882985663
7,Ethanol,90.0,9.256159583021276,0.20257800498773407
7,Ethanol,140.0,7.666113886177397,-0.3588618441032823
7,Acetone,70.0,-0.48107330270826704,-2.389434956743455
7,Ethanol,100.0,8.831674586368994,0.06799331734875845
7,Acetone,140.0,-5.556235362457517,-2.6148595676416604
7,Acetone,160.0,-6.441409512668691,-1.826551019037178
7,Acetone,100.0,-2.6316919902180174,-1.8736106038318345
7,Acetone,10.0,6.23050693973888,-1.8503468076395955
7,Ethanol,300.0,2.8338129290505716,-2.589152936299785
7,Ethanol,50.0,10.816195747513557,0.6269501013425665
7,Acetone,200.0,-9.326708140783133,-2.77668148046522
7,Acetone,20.0,4.86737973454213,-1.8186476038093007
7,Ethanol,220.0,5.561671234015507,-1.1961193778936494
7,Acetone,150.0,-6.17686945373962,-2.6553796433557824
7,Acetone,50.0,1.875995832149985,-1.6011849891493923
7,Ethanol,200.0,4.1609159563064555,-1.8298300606075644
7,Acetone,180.0,-8.192734539477769,-2.819529828933169
7,Acetone,80.0,-0.7487646862340589,-1.5929219712988645
7,Ethanol,290.0,3.908149705808915,-1.8827581295558433
7,Acetone,250.0,-12.260110752075008,-3.2808325456946053
7,Acetone,210.0,-9.122490673314397,-1.9275987619102302
7,Ethanol,200.0,6.029704477742104,-1.014948093805082
7,Acetone,230.0,-11.159856878362609,-3.243312804603605
7,Acetone,120.0,-3.6324259087923534,-1.5723770624687423
7,Ethanol,60.0,10.428274278232317,0.5272884050992639
7,Acetone,90.0,-2.1043999606023562,-2.411298055500984
7,Acetone,170.0,-6.848371892579104,-1.8295743644819717
7,Ethanol,240.0,5.111619311279057,-1.3979265296978418
7,Acetone,240.0,-11.661208265682516,-3.257089666706349
7,Acetone,60.0,0.9053591747873165,-1.5981940866321966
7,Ethanol,120.0,8.018807992182236,-0.27114804331301795
7,Acetone,190.0,-8.836845304458151,-3.0774226055268814
7,Acetone,30.0,3.7460556593701213,-1.719899368066336
7,Ethanol,230.0,5.331175482622082,-1.3204333221562403
7,Acetone,220.0,-10.559931876607068,-3.209844669087597
7,Acetone,110.0,-3.035262609993865,-1.5823641845338725
7,Ethanol,180.0,6.629377602823947,-0.8368917098820627
7,Acetone,130.0,-4.832051070739649,-2.548013860492971
7,Acetone,40.0,2.6639528726356763,-1.740737015474283
7,Ethanol,90.0,9.237365029584765,0.15495047281398674
7,Ethanol,140.0,7.55026207562205,-0.4217310906988608
7,Acetone,70.0,-0.42124074136108364,-2.33377375208067
7,Ethanol,100.0,8.830080173341075,0.03530758076443493
7,Acetone,140.0,-5.761801168944967,-2.71028578936811
7,Acetone,160.0,-6.301461179183766,-1.735079628910542
7,Acetone,100.0,-2.8912563669362963,-2.4942096488086216
7,Acetone,10.0,6.22285173186433,-1.8843607188004137
7,Ethanol,10.0,2.5810303694851466,-2.641824795873024
7,Acetone,200.0,-9.264595715779155,-2.8734815348045735
7,Acetone,20.0,4.998443816935859,-1.722187064588452
7,Ethanol,220.0,5.494282352151015,-1.2469299481262566
7,Acetone,150.0,-6.211498569818996,-2.680239835576927
7,Acetone,50.0,1.7570441374819816,-1.6814305206824316
7,Ethanol,280.0,4.064185787910646,-1.8492515727360872
7,Acetone,180.0,-8.188596302431371,-2.843559301403488
7,Acetone,80.0,-0.7877979167749327,-1.5834054554752817
7,Ethanol,290.0,3.85869489291394,-1.9178547925763092
7,Acetone,250.0,-12.299910939950665,-3.3295051038904644
7,Acetone,210.0,-9.170787095583327,-1.8971336253124211
7,Ethanol,200.0,6.067405358421759,-1.0167238541651002
7,Acetone,230.0,-11.183429113421782,-3.201731949092228
7,Acetone,120.0,-3.6718945415237143,-1.5496192911871707
7,Ethanol,60.0,10.418594130763202,0.5092029716605461
7,Acetone,90.0,-2.118350676734825,-2.3675471183039414
7,Acetone,170.0,-7.049175923689774,-1.8074217519217477
7,Ethanol,240.0,5.122428100291612,-1.390386421748016
7,Acetone,240.0,-11.578079031722899,-3.181349109936541
7,Acetone,60.0,0.923707008944725,-1.5685471106555462
7,Ethanol,130.0,8.044262582789212,-0.28335771827130524
7,Acetone,190.0,-8.739437732956738,-2.991380370368258
7,Acetone,30.0,3.8108855290149584,-1.690689415684477
7,Ethanol,230.0,5.335193105050645,-1.3017548013345601
7,Acetone,220.0,-10.503223273161277,-3.0411463974975006
7,Acetone,110.0,-2.9071888145370015,-1.4795307702359044
7,Ethanol,20.0,6.666018007319423,-0.7769846222144653
7,Acetone,130.0,-4.906070715149808,-2.5853126763710543
7,Acetone,40.0,2.7403425117727735,-1.7015735776331302
7,Ethanol,10.0,9.2770323003414,0.17836859336231967
7,Ethanol,140.0,7.5916235644985095,-0.4100209214452869
7,Acetone,70.0,-0.3571577031695503,-2.3349566312641916
7,Ethanol,130.0,8.857252908419298,0.03415547718721251
7,Acetone,140.0,-5.4572381091069815,-2.602228542658397
7,Acetone,160.0,-6.2970023690515005,-1.698929205477651
7,Acetone,100.0,-2.5971450375679463,-2.34244078951275
7,Acetone,10.0,6.311971629986761,-1.7755719749468144
7,Ethanol,100.0,2.586397570622488,-2.7843006924140403
7,Ethanol,50.0,10.767657266707797,0.6052226213403726
7,Acetone,200.0,-9.327855210364858,-2.9665952589456355
7,Acetone,20.0,5.002430377777257,-1.6778746556495852
7,Ethanol,220.0,5.428313424066622,-1.2430675307234054
7,Acetone,150.0,-6.2292884926454075,-2.6811692807936964
7,Acetone,50.0,1.8661066128049517,-1.6282354580476734
7,Ethanol,280.0,4.175357204599231,-1.7793651282350442
7,Acetone,180.0,-8.198940876590141,-2.873887855535293
7,Acetone,80.0,-0.7125369546045071,-1.5919529414774414
7,Ethanol,290.0,3.984456781354926,-1.8964618962420452
7,Acetone,250.0,-12.141414156477742,-3.3405761440641246
7,Acetone,210.0,-9.08424468646623,-1.9261727799784714
7,Ethanol,200.0,6.109051855144868,-1.0259433152108943
7,Acetone,230.0,-10.994584423824266,-3.172000498868361
7,Acetone,120.0,-3.5009265086601142,-1.6133865023803795
7,Ethanol,60.0,10.433072816476079,0.5238234519261172
7,Acetone,90.0,-1.948678603514982,-2.3270586286296866
7,Acetone,170.0,-6.776150347735619,-1.8199348480473196
7,Ethanol,240.0,5.138062813079367,-1.3768959590182024
7,Acetone,240.0,-11.785762764213812,-3.3554667449734015
7,Acetone,60.0,0.9953878804726106,-1.5156803205614808
7,Ethanol,130.0,8.087767998501796,-0.26193139228714224
7,Acetone,190.0,-8.869978838361256,-3.1367640245762147
7,Acetone,30.0,3.82415423164481,-1.6859427633200696
7,Ethanol,230.0,5.353043342712188,-1.3036505248952173
7,Acetone,220.0,-10.592821841951396,-3.20623953088019
7,Acetone,110.0,-2.878820482564766,-1.607031698455958
7,Ethanol,180.0,6.724658748429607,-0.7595203562357168
7,Acetone,130.0,-4.853826615824809,-2.5784356473526695
7,Acetone,40.0,2.7387970153062744,-1.713539448260698
7,Ethanol,90.0,9.260252118055602,0.1710841684113799
7,Ethanol,140.0,7.647332273270794,-0.3897948678675254
7,Acetone,70.0,-0.367823038852156,-2.407816663722104
7,Ethanol,5.0,8.86853455861472,0.06809257558010359
7,Acetone,140.0,-5.629663816557391,-2.7547498627730986
7,Acetone,160.0,-6.171988715248317,-1.8576753725942692
7,Acetone,100.0,-2.6762512434150882,-2.471137108651908
7,Acetone,10.0,6.196505842805519,-1.9119171457585356
7,Ethanol,2.5,2.759925746931588,-2.67556570401395
7,Acetone,200.0,-9.548846344819642,-3.0636718986063753
7,Acetone,20.0,4.878848318290309,-1.865210803085512
7,Ethanol,220.0,5.55175209899845,-1.246762555316705
7,Acetone,150.0,-6.310247769717506,-2.8969315654031513
7,Acetone,50.0,1.7388837177915772,-1.8028847814734874
7,Ethanol,280.0,4.286383722237891,-1.7759901945981513
7,Acetone,180.0,-8.18117428040782,-2.9652530744783503
7,Acetone,80.0,-0.7805606718973652,-1.7837657497255097
7,Ethanol,290.0,4.046669833014524,-1.8674778755062666
7,Acetone,250.0,-12.136263180839315,-3.3836347089391876
7,Acetone,210.0,-8.912765449669903,-1.9126472166775823
7,Ethanol,200.0,6.161192665941558,-1.0084713273310744
7,Acetone,230.0,-11.149331327378128,-3.233806146073206
7,Acetone,120.0,-3.582667360326207,-1.7362402651463422
7,Ethanol,100.0,10.416794672746546,0.4897692685166451
7,Acetone,90.0,-2.0250600640498035,-2.4803714922107987
7,Acetone,170.0,-6.966169470259792,-2.0210306648720615
7,Ethanol,240.0,5.160801992187115,-1.402408634707024
7,Acetone,240.0,-11.659434070133596,-3.3570344557412293
7,Acetone,60.0,0.9535902971988625,-1.6464601316988217
7,Ethanol,50.0,8.092696820015963,-0.2613181916486087
7,Acetone,190.0,-8.82165424210257,-3.0533934654793984
7,Acetone,30.0,3.8551700559634763,-1.718453217203544
7,Ethanol,230.0,5.4137669923161456,-1.3236361213299692
7,Acetone,220.0,-10.599963164375456,-3.2607542633159876
7,Acetone,110.0,-2.939382552983103,-1.5840343609247065
7,Ethanol,180.0,6.7571141131104655,-0.7926110826427843
7,Acetone,130.0,-4.7950252604153905,-2.642392731130391
7,Acetone,40.0,2.792214349702721,-1.6741584614173466
7,Ethanol,90.0,9.309752292698196,0.18072729164131088
7,Ethanol,140.0,7.728611828499291,-0.37368170990603505
7,Acetone,70.0,-0.3582036982789182,-2.3709082008297737
7,Ethanol,90.0,8.923812138479033,0.06614434805293068
7,Acetone,140.0,-5.678822312222627,-2.69322102276713
7,Acetone,160.0,-6.3431115851622195,-1.8601297967446542
7,Acetone,100.0,-2.63359779890881,-2.3995544142097214
7,Acetone,10.0,6.389336100258688,-1.7606492810998475
7,Acetone,200.0,-9.442683935955571,-2.971200024047959
7,Acetone,20.0,5.0385354168683,-1.6853222352438832
7,Ethanol,220.0,5.057768405894081,-1.893251064566795
7,Acetone,150.0,-6.261324379776928,-2.7939737887533163
7,Acetone,50.0,1.9231004477733373,-1.6075522635836836
7,Ethanol,230.0,4.331959600769162,-1.7328967579121315
7,Acetone,180.0,-7.634260063822972,-2.677120089547939
7,Acetone,80.0,-0.5119943748267014,-1.515588297102818
7,Ethanol,290.0,4.1000816858750895,-1.8360989176841422
7,Acetone,250.0,-11.844798468364326,-3.2456174691564117
7,Acetone,210.0,-9.42357626377298,-2.726135856959616
7,Ethanol,200.0,6.208935705972134,-0.9730798058939824
7,Acetone,230.0,-10.734365356013534,-3.0214717948921708
7,Acetone,120.0,-3.2632151420552997,-1.4618733611835752
7,Acetone,90.0,-1.7514592346764435,-2.253816391429715
7,Acetone,170.0,-6.56437324009713,-1.5740496694752935
7,Ethanol,240.0,5.375311425255255,-1.3485133955733657
7,Acetone,240.0,-11.220623938623294,-3.184518477650478
7,Acetone,25.0,1.2049466337940544,-1.5053947171332998
7,Ethanol,130.0,8.112142534275756,-0.2422287016725392
7,Acetone,190.0,-8.539927644071097,-3.003979550496646
7,Acetone,30.0,3.971978121329797,-1.6570046316717435
7,Ethanol,230.0,5.564455335863163,-1.2491344628667114
7,Acetone,220.0,-10.403313186313246,-3.266455386590307
7,Acetone,110.0,-2.7112715806558674,-1.573873275445917
7,Ethanol,180.0,6.788128478997893,-0.762408952299301
7,Acetone,130.0,-4.6661303606298805,-2.647276960836089
7,Acetone,40.0,2.7671527699805347,-1.7698728760551647
7,Ethanol,90.0,9.32952593388384,0.1820657994609585
7,Ethanol,140.0,7.8008411581515125,-0.35041571456879084
7,Acetone,70.0,-0.3638461200508233,-2.4052924001211866
7,Ethanol,100.0,8.898730310221652,0.0579309249664313
7,Acetone,140.0,-5.486748862344074,-2.821927450789605
7,Acetone,160.0,-6.139125318307731,-1.8466017859598125
7,Acetone,100.0,-2.5751507049298707,-2.442199772902736
7,Acetone,10.0,6.361011756469801,-1.8302716105092864
7,Ethanol,50.0,2.8970748785437443,-2.5379566804076443
7,Acetone,200.0,-9.233016343993194,-3.048964864602446
7,Acetone,20.0,5.016812397468303,-1.7913709642583284
7,Ethanol,220.0,5.7135664630586875,-1.1877671298339403
7,Acetone,150.0,-6.151726482086414,-2.8485480846278017
7,Acetone,50.0,1.8548824834199318,-1.7229650325266725
7,Ethanol,280.0,4.296758734530173,-1.771792038397002
7,Acetone,180.0,-8.058882760032558,-3.0585783643318796
7,Acetone,80.0,-0.6533013890533886,-1.6560542527615247
7,Ethanol,290.0,4.078966757186059,-1.8703178138932839
7,Acetone,250.0,-12.28070310454119,-3.421484038029188
7,Acetone,210.0,-9.085125280140964,-2.023129995768302
7,Ethanol,200.0,6.129383778559922,-1.0215276218238685
7,Acetone,230.0,-11.097500586701445,-3.3821030116411057
7,Acetone,120.0,-3.617936782381987,-1.6921312394557282
7,Ethanol,2.5,10.393158937602578,0.5006766797843519
7,Acetone,90.0,-2.1410311874655825,-2.444974486509989
7,Acetone,170.0,-6.895756749793407,-1.9531879601522641
7,Ethanol,240.0,5.163470062866279,-1.4137411968281948
7,Acetone,240.0,-11.941215399915125,-3.6247937346403067
7,Acetone,60.0,0.8619838656078594,-1.7030229029563086
7,Ethanol,100.0,8.039355060041549,-0.2907724966943464
7,Acetone,190.0,-9.108087112111798,-3.3285502451810745
7,Acetone,30.0,3.6755303996234407,-1.8542261366139154
7,Ethanol,230.0,5.398385654933031,-1.3390527309860072
7,Acetone,220.0,-10.697248661748096,-3.4069589495266315
7,Acetone,110.0,-2.9711209044132856,-1.6895137434229568
7,Ethanol,180.0,6.676850393441385,-0.8051041787287555
7,Acetone,130.0,-4.958623343233105,-2.789335400872556
7,Acetone,40.0,2.742344998961346,-1.773045474709639
7,Ethanol,90.0,9.298957317216168,0.18233695531022584
7,Ethanol,140.0,7.603138170987732,-0.4044658828661578
7,Acetone,70.0,-0.33673773121555833,-2.438262944857103
7,Ethanol,100.0,8.86677699494257,0.017103911706616976
7,Acetone,140.0,-5.602207949578498,-2.697452941162384
7,Acetone,160.0,-6.198108385428427,-1.804706094201055
7,Acetone,10.0,6.20095256956824,-1.6728258930652478
7,Acetone,10.0,6.206921363302845,-1.7994965491986141
7,Acetone,10.0,6.222044739822399,-1.7395437888627423
7,Acetone,10.0,6.188679069878471,-1.7552861661725179
7,Acetone,50.0,6.418661421829795,-1.5789689264860998
7,Acetone,10.0,6.40591042964319,-1.5978710336267115
7,Acetone,10.0,6.277210451328141,-1.6495581448439998
7,Acetone,10.0,6.377861659193158,-1.5467079694002546
7,Acetone,10.0,6.32155307913227,-1.6049321699985373
7,Acetone,10.0,6.359629988442934,-1.6018237964561968
7,Acetone,10.0,6.195539275948502,-1.7471592758310432
7,Acetone,10.0,6.343357290821243,-1.5780625536791424
7,Acetone,10.0,6.326465316201536,-1.586575245841921
7,Acetone,10.0,6.19619766747744,-1.7046450460511513
7,Acetone,10.0,6.27442540672516,-1.6464299874083521
7,Acetone,10.0,6.417800952729568,-1.5366443289717462
7,Acetone,10.0,6.384503379275508,-1.5722062925763878
7,Acetone,10.0,6.3638346701302,-1.5162995849945764
7,Acetone,5.0,6.156319214864986,-1.6878331882723512
7,Acetone,10.0,6.166061535447171,-1.6418553157418827
7,Acetone,10.0,6.210444344362724,-1.619075958894169
7,Acetone,10.0,6.246125336011139,-1.5864868941873158
7,Acetone,10.0,6.27367589669004,-1.6078813886239443
7,Acetone,10.0,6.249904425584491,-1.6190920645415525
7,Acetone,10.0,6.342408609997586,-1.5450312273281617
7,Acetone,10.0,6.289506289645615,-1.5491164452337811
7,Acetone,10.0,6.295634956010998,-1.578303301614568
7,Acetone,90.0,6.358765185062226,-1.5405569660628013
7,Acetone,10.0,6.291676035726031,-1.5400442643335068
7,Acetone,10.0,6.299062328406141,-1.563257313105922
7,Acetone,10.0,6.366132747237279,-1.4870673647673174
7,Acetone,10.0,6.227825614470874,-1.5799124726208884
7,Acetone,10.0,6.254358841356529,-1.6021557525414178
7,Acetone,10.0,6.231427560062694,-1.5974657942187531
7,Acetone,10.0,6.209189490164318,-1.6509546574582685
7,Acetone,10.0,6.22471814653402,-1.623463868375094
7,Acetone,10.0,6.252175632414222,-1.6454776979625838
7,Acetone,20.0,6.379252418307373,-1.5021159437905514
7,Acetone,10.0,6.382777327973568,-1.5037566480856532
7,Acetone,10.0,6.347838924507966,-1.5587837395865047
7,Acetone,10.0,6.3906583809119955,-1.4558280988542016
7,Acetone,10.0,6.272911272379982,-1.6055848931316956
7,Acetone,10.0,6.342637032169199,-1.553065080161202
7,Acetone,2.5,6.416151011458298,-1.501071120491774
7,Acetone,30.0,6.397726968380752,-1.4660957755945965
7,Acetone,10.0,6.424938921055937,-1.5082431128121039
7,Acetone,240.0,6.337381372665219,-1.5241084145362829
7,Acetone,10.0,6.435991880868429,-1.4526009954837813
7,Acetone,40.0,6.447721005090317,-1.4464114954690588
7,Acetone,10.0,6.364358571292967,-1.5394679236854019
7,Ethylene,50.0,9.780247997028068,0.3379660983991277
7,Ethylene,10.0,9.570182448663818,0.27815467781295966
7,Ethylene,10.0,9.429881241701386,0.20165617925461984
7,Ethylene,2.5,9.417991355454628,0.19802262726691122
7,Ethylene,10.0,9.3041320461986,0.15906705902046175
7,Ethylene,90.0,9.259794519924291,0.10733598235163042
7,Ethylene,300.0,9.298026382238529,0.14998015852161747
7,Ethylene,70.0,9.344601066255029,0.184589363286387
7,Ethylene,140.0,9.29120036054705,0.14576790030830314
7,Ethylene,100.0,9.285590689652969,0.10752024179105561
7,Ethylene,70.0,9.281875779234918,0.09613253882754995
7,Ethylene,10.0,9.246762850812456,0.07408322473364443
7,Ethylene,10.0,9.286460406833122,0.10923240046563124
7,Ethylene,10.0,9.301094129062381,0.08102892686836562
7,Ethylene,10.0,9.238529923809232,0.0494952470416205
7,Ethylene,10.0,9.267322931485497,0.07118854545461305
7,Ethylene,10.0,9.313692076049733,0.07926827258453098
7,Ethylene,5.0,9.246004704875533,0.05231692299923568
7,Ethylene,10.0,9.31767275537985,0.11805477354387105
7,Ethylene,10.0,9.271548896366772,0.08744421578880039
7,Ethylene,100.0,9.249994504329278,0.07022148720684776
7,Ethylene,70.0,9.281840769050687,0.09876963480754512
7,Ethylene,10.0,9.282139558635222,0.09812814520847059
7,Ethylene,10.0,9.19758709011835,0.04713998697486713
7,Ethylene,140.0,9.186349999309334,0.04885043790509362
7,Ethylene,300.0,9.193966860135626,-0.0004980896321526921
7,Ethylene,10.0,9.188864072875422,0.08669112521443148
7,Ethylene,10.0,9.243139564842531,0.08678929059029639
7,Ethylene,10.0,9.182173273744091,0.06238874487992622
7,Ethylene,10.0,9.215663619475253,0.06960312086080993
7,Ethylene,50.0,9.182518888272808,0.04818113517890156
7,Ethylene,10.0,9.149967499984069,0.03057691503191187
7,Ethylene,10.0,9.156062798371712,0.03686116859023663
7,Ethylene,10.0,9.161096336779206,0.013041866198621245
7,Ethylene,10.0,9.115784183156215,0.013283876112730374
7,Ethylene,10.0,9.139637872532896,0.02419275821716146
7,Ethylene,10.0,9.083103809261836,-0.00851793095618066
7,Ethylene,90.0,9.122312372141067,-0.0024576352996692045
7,Ethylene,90.0,9.106522138817288,-0.02489365898382101
7,Ethylene,10.0,9.157181305061098,0.029804411024054074
7,Ethylene,10.0,9.07395701619481,-0.032553507640722866
7,Ethylene,10.0,9.165143915825626,0.009105670730379108
7,Ethylene,10.0,9.120735954032371,0.008497408539463142
7,Ethylene,10.0,9.078065689723529,-0.02506798050506761
7,Ethylene,10.0,9.128294111006896,0.00019430642030232462
7,Ethylene,30.0,9.155207524055625,0.0007431852158623441
7,Ethylene,70.0,9.081480276004438,-0.03657882441097256
7,Ethylene,10.0,9.079686589163588,0.006648963018673641
7,Ethylene,90.0,9.148534372730865,0.028832547808734312
7,Ethylene,10.0,9.114290509699803,0.01979514181303338
7,Toluene,100.0,2.742529803955364,0.4594821975384818
7,Ammonia,300.0,-7.093362650939188,0.8131835324301543
7,Ammonia,40.0,8.983834209940389,1.0908386659783942
7,Toluene,10.0,10.345584889626089,0.8754069567243655
7,Toluene,10.0,9.23567834704316,0.7871801290528622
7,Ammonia,110.0,4.302857160396723,1.5238604384239511
7,Ammonia,220.0,-1.9871176877085728,1.0130876858208129
7,Toluene,60.0,5.000044151879193,0.9288297601069527
7,Toluene,20.0,8.22676568663968,0.8942695162315834
7,Ammonia,120.0,3.667494033121618,1.5692282642112145
7,Ammonia,280.0,-5.194898676459488,0.8033914056937106
7,Toluene,70.0,4.345343232407722,0.7569419506013875
7,Toluene,30.0,7.305965735028301,0.9439445537969264
7,Ammonia,120.0,6.641842282727686,1.3364590055515562
7,Ammonia,290.0,-5.87616907146342,0.6418937371007838
7,Toluene,95.0,2.8474470192670203,0.4280944598143725
7,Toluene,85.0,3.5840332081634987,0.5453454581492965
7,Ammonia,150.0,1.5766049481586821,1.4004152141354953
7,Ammonia,200.0,-1.3773491136191263,0.7285889060179331
7,Toluene,45.0,6.484456024940997,0.8916293837529877
7,Toluene,50.0,4.50942919919319,0.6774158655014862
7,Ammonia,250.0,-4.7028862475410405,0.9341524774088383
7,Ammonia,60.0,7.959823876683961,1.0294892032938228
7,Toluene,15.0,9.093935634887378,0.9751733028125068
7,Toluene,50.0,5.5210609873225565,0.7561451411798659
7,Ammonia,160.0,0.5152109118476093,1.3800936861960973
7,Ammonia,240.0,-3.863001314145725,0.5948095417710125
7,Toluene,40.0,6.770695310931271,0.9416719008170968
7,Toluene,35.0,6.847063554861625,0.8894278171274563
7,Ammonia,260.0,-5.504228039224562,0.8920108448436046
7,Ammonia,130.0,2.3129007318218022,0.7178211805222151
7,Toluene,75.0,4.031024331691258,0.5530592283084231
7,Toluene,90.0,3.151968128467282,0.4727340291581646
7,Ammonia,170.0,0.01857968081724376,1.4154410574754561
7,Ammonia,230.0,-3.345322996047079,0.6775885767632699
7,Toluene,80.0,4.14881197954703,0.6032248724426061
7,Toluene,55.0,5.611416811413693,0.8173105010270612
7,Ammonia,270.0,-5.725257782447556,0.8470895135154534
7,Ammonia,180.0,-0.29335094960105307,0.7476240851242459
7,Toluene,25.0,8.326283848095258,1.0593383132267133
7,Toluene,2.5,10.527953913662348,0.7208221892652732
7,Ammonia,190.0,-1.1768703385803618,1.3229033790417828
7,Ammonia,90.0,5.448708626565581,0.9378401756055657
7,Ammonia,140.0,1.7556111439920556,0.7235764728632906
7,Ammonia,60.0,7.17826999741276,1.046939116006214
7,Ammonia,100.0,4.4372241984207665,0.7778788922511265
7,Ammonia,210.0,-2.2190682365382774,0.6520053570962896
7,Toluene,100.0,2.737272644812237,0.37829437075113176
7,Ammonia,300.0,-7.774189288034707,0.7151534221536563
7,Ammonia,50.0,8.801608537508649,1.0320454196433468
7,Toluene,70.0,10.45365459802844,0.8673901793833403
7,Toluene,10.0,9.305693890992583,0.8086217631924094
7,Ammonia,110.0,3.6050191495777013,1.4594127882917192
7,Ammonia,220.0,-3.163087770893732,0.5967888374986898
7,Toluene,60.0,5.234096507482887,0.8635048636369783
7,Toluene,20.0,8.33816301103204,0.9466698083161057
7,Ammonia,120.0,2.956707759873201,1.4771089862154587
7,Ammonia,280.0,-6.436859346544343,0.5656348203608629
7,Toluene,70.0,4.691227406722806,0.7715981137986683
7,Toluene,30.0,7.559930258133174,0.9912348741882612
7,Ammonia,80.0,6.017696024206734,1.3755916178250438
7,Ammonia,290.0,-7.242970628248264,0.6530334953112408
7,Toluene,95.0,3.3412869761320723,0.5576856060267068
7,Toluene,85.0,3.928422513131699,0.6157213092874938
7,Ammonia,150.0,0.4792988609736351,1.497916607158561
7,Ammonia,200.0,-2.506279059172186,0.8835151356263811
7,Toluene,45.0,6.682140210398801,0.9673970804745126
7,Toluene,65.0,4.950964934596573,0.7917015334129094
7,Ammonia,250.0,-6.0999662375530574,1.062359387389146
7,Ammonia,60.0,7.704254760557611,1.1179328091785135
7,Toluene,100.0,9.346304624792616,1.0734345394056495
7,Toluene,50.0,5.749588519419277,0.8810436155741939
7,Ammonia,160.0,-0.3391189897829605,1.562432449093895
7,Ammonia,140.0,-5.190384779744381,0.844781711394094
7,Toluene,40.0,7.095581827108193,1.0358480586634489
7,Toluene,45.0,7.085554076001266,1.002638692876317
7,Ammonia,260.0,-7.153113734055396,1.033592170869216
7,Ammonia,130.0,1.4904797295859644,0.8187700977068304
7,Toluene,75.0,4.680037863962394,0.8515558086859301
7,Toluene,90.0,3.580120389352331,0.5998030798287056
7,Ammonia,170.0,-0.8249165665775174,1.6104156809697174
7,Ammonia,230.0,-4.7524319677864835,0.801255999140584
7,Toluene,80.0,4.535796825504097,0.7827784336063264
7,Toluene,55.0,5.984071144731756,0.9513120020554043
7,Ammonia,270.0,-7.541212815601464,1.098453421631245
7,Ammonia,180.0,-1.6964930705945311,0.940205672260705
7,Toluene,25.0,8.501823138454508,1.1308438076872613
7,Toluene,2.5,10.560455875269133,0.7730355469596562
7,Ammonia,190.0,-2.8445256377956145,1.4760120999065163
7,Ammonia,90.0,4.66992736906841,0.9973245424372008
7,Ammonia,140.0,0.8111502410866436,0.9352182714893195
7,Ammonia,70.0,6.5022835268426125,1.034847515908625
7,Ammonia,100.0,3.717915450313395,0.9799009515881028
7,Ammonia,210.0,-3.6835448680795886,0.9167860298325267
7,Toluene,100.0,3.2982768301319174,0.6049718295619441
7,Ammonia,300.0,-9.600437041514656,0.7796831070281862
7,Ammonia,50.0,8.383439962064484,1.0257409478964752
7,Toluene,10.0,10.555433575126553,0.9714549704577831
7,Toluene,10.0,9.4985308680405,0.9057519798918467
7,Ammonia,110.0,2.9243093044732307,1.6083513554194073
7,Ammonia,220.0,-4.068401677301461,0.8808712799577384
7,Toluene,60.0,5.6015976014827515,0.9563376292242949
7,Toluene,100.0,8.53213214753649,1.0427718528069791
7,Ammonia,120.0,2.320369030895255,1.713486118738072
7,Ammonia,280.0,-7.632988808526986,0.7792154060896148
7,Toluene,70.0,5.030809146821734,0.8790786091312122
7,Toluene,30.0,7.71059939493661,1.0790647027016431
7,Ammonia,80.0,5.804857426304687,1.4994954732045027
7,Ammonia,290.0,-8.078186296149047,0.8066652872778504
7,Toluene,95.0,3.854636495075916,0.7606767680696029
7,Toluene,10.0,4.067308427380237,0.7500374116133921
7,Ammonia,150.0,0.36825633521995765,1.6509221039017032
7,Ammonia,200.0,-2.932854870929482,0.9384987308624418
7,Toluene,45.0,7.013880466348587,1.0758398631773358
7,Toluene,65.0,4.99183365118477,0.8912027803845839
7,Ammonia,250.0,-6.370836795333478,1.2476776669731322
7,Ammonia,60.0,7.444309470771327,1.0264087415967242
7,Toluene,15.0,9.439076870625284,1.086192833327595
7,Toluene,50.0,6.063005938279444,1.0265440054111301
7,Ammonia,160.0,-0.6204346547753927,1.6696122931275952
7,Ammonia,240.0,-5.263475400579565,0.919268129713122
7,Toluene,40.0,7.318075396444072,1.180502121622541
7,Toluene,35.0,7.147771827787485,1.0579417043094386
7,Ammonia,260.0,-7.189672425092786,1.0432140341870884
7,Ammonia,140.0,1.4182667304607344,0.9440618673792024
7,Toluene,85.0,4.867176548810952,0.8803691780610802
7,Toluene,90.0,3.871306990586357,0.7348506570669819
7,Ammonia,170.0,-1.0415383310166566,1.6523994080123883
7,Ammonia,230.0,-4.682662878850206,0.9629993963645169
7,Toluene,80.0,4.936595014109568,0.9286637409387626
7,Toluene,55.0,6.155872431076793,1.0173487880590821
7,Ammonia,270.0,-7.745381070051841,0.9969544061380565
7,Ammonia,180.0,-1.7387229643411806,1.0357541500223342
7,Toluene,25.0,8.606967135374665,1.1830765519322173
7,Toluene,10.0,10.651592578835738,0.8082452348393593
7,Ammonia,190.0,-2.993889274014683,1.5787083041607715
7,Ammonia,90.0,4.576969461216649,1.0112893204221365
7,Ammonia,140.0,0.6947921920738979,0.9700544604109433
7,Ammonia,70.0,6.500320251763289,1.1109099522626968
7,Ammonia,100.0,3.8067329745194822,1.0816098992409704
7,Ammonia,210.0,-3.7869603653196466,0.8596579156808808
7,Toluene,100.0,3.667208043064554,0.7401773771039014
7,Ammonia,300.0,-9.668215207669265,0.9528431842393138
7,Ammonia,50.0,8.439350889008981,1.0741358518171662
7,Toluene,5.0,10.633202439818701,1.0182750715101667
7,Toluene,10.0,9.659787032018205,1.0105154984174014
7,Ammonia,110.0,3.0603160703045615,1.7023967228086803
7,Ammonia,220.0,-4.223628091011572,1.029579104652589
7,Toluene,60.0,6.026225497698135,1.0985779035527232
7,Toluene,20.0,8.765662712560514,1.1219785010951804
7,Ammonia,120.0,2.328091880570364,1.7894483604191904
7,Ammonia,280.0,-7.751000084791132,0.8037979833371306
7,Toluene,70.0,5.462058398173644,1.0026392195988603
7,Toluene,30.0,7.858449514167537,1.110264033244137
7,Ammonia,80.0,5.674869098813278,1.5445695345160593
7,Ammonia,290.0,-8.19839227267896,0.895593145819497
7,Toluene,95.0,4.172902338053046,0.7976981029734752
7,Toluene,85.0,4.7453956865397515,0.9327046761120095
7,Ammonia,150.0,0.49186714358660216,1.823033342477279
7,Ammonia,200.0,-2.6770459014691004,1.1461391355263457
7,Toluene,45.0,7.324519596850795,1.1816943275043517
7,Toluene,65.0,5.625889440719288,1.053820126063237
7,Ammonia,250.0,-6.186142098694664,1.5304759921729658
7,Ammonia,60.0,7.499839255035174,1.1007250435319489
7,Toluene,15.0,9.574079936193765,1.125713694157268
7,Toluene,50.0,6.487457691590686,1.1134144532346617
7,Ammonia,100.0,-0.23611127846110203,1.9190708608725253
7,Ammonia,240.0,-4.8364100444380425,1.254961291521482
7,Toluene,40.0,7.759387270306138,1.2624901584867527
7,Toluene,35.0,7.8115403272704755,1.2562332947339803
7,Ammonia,260.0,-6.4023754041675875,1.8081333044185959
7,Ammonia,130.0,2.0539851566296434,1.2858416903507175
7,Toluene,75.0,5.776683740202129,1.181812419422797
7,Toluene,90.0,4.905005675646687,1.164760957770041
7,Ammonia,170.0,-0.2754921586080343,2.1040885039489026
7,Ammonia,230.0,-3.891809831059046,1.5956695970577401
7,Toluene,80.0,5.5735854469069555,1.0979485441745096
7,Toluene,55.0,6.590793917595109,1.2092019573576043
7,Ammonia,270.0,-7.318379234203071,1.5063638226359257
7,Ammonia,180.0,-1.5331839393351059,1.059189789678777
7,Toluene,25.0,8.790847554001637,1.2424812026545857
7,Ammonia,190.0,-2.6657501297177593,1.6113067760687205
7,Ammonia,90.0,4.656353449241913,1.0431377065644318
7,Ammonia,140.0,0.5206465882624292,0.8970758774351044
7,Ammonia,70.0,6.438808950019959,1.0366091136405942
7,Ammonia,100.0,3.7161587817573536,0.9555948290087031
7,Ammonia,210.0,-3.8108319839773945,0.8740640986292958
7,Toluene,100.0,4.092572296263098,0.7536213002610502
7,Ammonia,300.0,-9.794206198369793,0.9066015402916642
7,Ammonia,50.0,8.32380703397592,0.9926968936095067
7,Toluene,5.0,10.582531055714737,0.9853598241022409
7,Toluene,10.0,9.633381733741563,0.8897707550037319
7,Ammonia,110.0,2.8380599341626107,1.6944438484532027
7,Ammonia,220.0,-4.1969919763256245,0.8815601194047755
7,Toluene,60.0,6.1757758415465185,1.0699103136237198
7,Toluene,20.0,8.865432606917476,1.1012293461346638
7,Ammonia,120.0,2.341746280611045,1.7158364600813574
7,Ammonia,280.0,-7.632962667295374,0.9025514419418893
7,Toluene,30.0,5.637159276288438,0.9613732335843856
7,Toluene,30.0,8.155110486948749,1.2027242425137588
7,Ammonia,55.0,5.729716420145804,1.5497322297485507
7,Ammonia,290.0,-7.996541885215976,0.9680327791201369
7,Toluene,95.0,4.465338379499561,0.9055470027740724
7,Toluene,85.0,4.775812474998786,0.964944901793505
7,Ammonia,150.0,0.37947309887249964,1.6853780581188091
7,Ammonia,200.0,-2.8468576308670643,1.0237846981884782
7,Toluene,45.0,7.326654429944103,1.216440524824716
7,Toluene,65.0,5.706318065216236,1.09142226038712
7,Ammonia,250.0,-6.387433577217453,1.403621976011032
7,Ammonia,60.0,7.559296115479131,1.1634802030104214
7,Toluene,15.0,9.610275431890171,1.1907698894046135
7,Toluene,50.0,6.396245579973354,1.0674060800861678
7,Ammonia,160.0,-0.5498218735805003,1.647513186114998
7,Ammonia,240.0,-5.233100270449633,0.924971034073547
7,Toluene,40.0,7.610369273659787,1.1804869945635077
7,Toluene,35.0,7.558128297925941,1.1771277323703566
7,Ammonia,260.0,-7.334029618317118,1.2375817860171168
7,Ammonia,130.0,1.4288222862225144,0.9744368412678512
7,Toluene,75.0,5.405256238360189,0.9831077899380084
7,Toluene,90.0,4.249651145325571,0.9006673498884973
7,Ammonia,170.0,-1.375685687141346,1.6925984242318994
7,Ammonia,230.0,-5.156901111182688,0.899477503925395
7,Toluene,80.0,5.080633721307889,0.9589822033065405
7,Toluene,55.0,6.309041114187255,1.1245931031547207
7,Ammonia,270.0,-8.141381192714105,1.219394474191989
7,Ammonia,180.0,-2.0803935474027613,1.0138689357786987
7,Toluene,25.0,8.763370744989448,1.2274129334532842
7,Toluene,2.5,10.657772218988235,0.8101460955078482
7,Ammonia,190.0,-3.2200602824587445,1.4567174458161956
7,Ammonia,90.0,4.37724247406934,0.9806584586465356
7,Ammonia,140.0,0.5304621994533651,0.961237779495275
7,Ammonia,70.0,6.45659351378408,1.2370094241787346
7,Ammonia,100.0,3.478343473032667,1.0152949966624532
7,Ammonia,210.0,-4.148731446169809,0.9250138979623284
7,Toluene,100.0,3.9861453395329223,0.7360113249309037
7,Ammonia,300.0,-10.580568346207949,0.5985117161905739
7,Ammonia,50.0,8.277595362975658,1.0934936223967844
7,Toluene,10.0,10.562568749918864,0.9781116863073087
7,Toluene,160.0,9.603170542301115,0.9681971413287006
7,Ammonia,110.0,2.683056796704197,1.642881054749846
7,Ammonia,220.0,-4.773655745034954,0.8062384513017884
7,Toluene,60.0,6.079070069420952,1.0544686843064477
7,Toluene,20.0,8.828350091662283,1.086468238262087
7,Ammonia,120.0,2.038246935774324,1.6793484745850125
7,Ammonia,280.0,-8.396793578956489,0.6478749547839302
7,Toluene,50.0,5.499607936724486,1.005081010518336
7,Toluene,30.0,7.9469400761907965,1.1364831354165457
7,Ammonia,80.0,5.586379153624494,1.499848085484977
7,Ammonia,290.0,-8.79645237948403,0.7634227155745911
7,Toluene,95.0,4.2177656988997505,0.8135491041808391
7,Toluene,85.0,4.595894384423446,0.9330101592868211
7,Ammonia,150.0,0.007680025716462263,1.732809555855697
7,Ammonia,200.0,-3.5039999243429074,0.9307417414524495
7,Toluene,45.0,7.266460633809486,1.1427028313985108
7,Toluene,65.0,5.645365781867526,1.040410335684428
7,Ammonia,250.0,-6.8951703300623794,1.3000161351682762
7,Ammonia,60.0,7.290152394594403,1.057296095637509
7,Toluene,15.0,9.5562632817288,1.1497675935093827
7,Toluene,50.0,6.345478373822746,1.0386373188841107
7,Ammonia,160.0,-0.8884126917463898,1.7130022604897353
7,Ammonia,240.0,-5.933929902014925,0.8948153878008771
7,Toluene,40.0,7.5348512996414305,1.2134918697017147
7,Toluene,35.0,7.5622475260783455,1.1336218201581556
7,Ammonia,260.0,-7.866727314346985,0.9716669509115456
7,Ammonia,130.0,0.9373475338405917,0.7329252419766282
7,Toluene,70.0,4.935954185655205,0.5452890015539666
7,Toluene,90.0,4.2268696828375605,0.5370554496181427
7,Ammonia,170.0,-2.2113911770094115,0.9681002842694459
7,Ammonia,230.0,-6.14868253428445,0.21742974650118166
7,Toluene,80.0,4.972749722994119,0.6463608798537055
7,Toluene,55.0,6.2621655473667355,0.9097280121467243
7,Ammonia,270.0,-9.416837488463452,0.14863784154579404
7,Ammonia,180.0,-2.545772234287598,0.49717806705704565
7,Toluene,10.0,8.725776324117401,1.1200915415137822
7,Toluene,2.5,10.638604654584206,0.7673489131967836
7,Ammonia,190.0,-3.983783758532286,0.8359516803861975
7,Ammonia,90.0,4.099453990303175,0.6595303565586538
7,Ammonia,140.0,0.16916562591897558,0.5816273356868201
7,Ammonia,70.0,6.343667728925052,0.9559614871255502
7,Ammonia,100.0,3.3984765829828234,0.7818692949118167
7,Ammonia,210.0,-4.679151490539586,0.402565300478574
7,Toluene,180.0,4.069758781037821,0.7132210655214504
7,Ammonia,300.0,-10.795589345464904,0.07415977324268959
7,Ammonia,50.0,8.344756016379279,0.9608596628151599
7,Toluene,10.0,10.632767139823656,0.9249004769968759
7,Toluene,10.0,9.689924878531905,0.9165896705472076
7,Ammonia,110.0,2.6714279425019294,1.4076921933136342
7,Ammonia,220.0,-5.018610093689885,0.39819696243333147
7,Toluene,60.0,6.21753367971397,0.9326345475660733
7,Toluene,140.0,8.865327046254938,1.067312462356336
7,Ammonia,120.0,1.827556588863438,1.400808110269399
7,Ammonia,280.0,-8.852793296483082,0.20397629241899168
7,Toluene,70.0,5.606961277032414,0.8482812980230188
7,Toluene,30.0,8.01621013599007,1.0803405422180314
7,Ammonia,80.0,5.561989900996017,1.3179889907314901
7,Ammonia,290.0,-9.267989770168349,0.11138816607116434
7,Toluene,95.0,4.26120452253652,0.6710355846873903
7,Toluene,85.0,4.742021031051519,0.8070274830663158
7,Ammonia,150.0,-0.39650799522234503,1.2314928252138333
7,Ammonia,200.0,-3.7444507187752634,0.5413044438084368
7,Toluene,10.0,7.19007768167312,1.0353577505547134
7,Toluene,50.0,5.598952892030735,0.8999698375050652
7,Ammonia,250.0,-7.583299198047057,0.49824042777912736
7,Ammonia,60.0,7.357693045162182,1.0037654613426943
7,Toluene,15.0,9.578992808276258,1.1307057526153268
7,Toluene,50.0,6.298778034997833,0.9110711199508275
7,Ammonia,160.0,-1.4630791885695669,1.1998561403861454
7,Ammonia,240.0,-6.67062024097612,0.27099958583383044
7,Toluene,40.0,7.461244238383116,1.0577755852160196
7,Toluene,35.0,7.589048860430648,1.0841894677476664
7,Ammonia,260.0,-8.46829756124269,0.3992349147923528
7,Ammonia,130.0,0.8923106626583373,0.6872673023854124
7,Toluene,60.0,5.313625386040574,0.8348729636497341
7,Toluene,90.0,4.347630370003523,0.7199724955906143
7,Ammonia,170.0,-1.868447241916424,1.1907673073954776
7,Ammonia,230.0,-5.819617872354364,0.37645967839277955
7,Toluene,80.0,5.156932908583786,0.8090010548855554
7,Toluene,55.0,6.398035533106443,0.9641386476159405
7,Ammonia,55.0,-8.984124072177412,0.3816223678521791
7,Ammonia,180.0,-2.430359039208129,0.682467818237001
7,Toluene,25.0,8.725585134055923,1.121554629390781
7,Toluene,50.0,10.821750796505453,0.8695022758966731
7,Ammonia,190.0,-3.6404069210137213,1.0770782752032038
7,Ammonia,30.0,4.297754101639612,0.8531442104674806
7,Ammonia,140.0,0.14638573398106372,0.6281396160723763
7,Ammonia,70.0,6.257343108554439,0.9550860674077447
7,Ammonia,100.0,3.426029545558256,0.8673016723612134
7,Ammonia,210.0,-4.68309380544555,0.5247473255910472
7,Toluene,100.0,4.140097540857734,0.6320772474565656
7,Ammonia,300.0,-11.081822270919279,0.1634118826386292
7,Ammonia,50.0,8.267884775527227,0.9423400172459032
7,Toluene,5.0,10.66418100047577,0.975011989518261
7,Toluene,10.0,9.777267267554432,0.9607746924221757
7,Ammonia,110.0,2.594884608928289,1.4083909840972697
7,Ammonia,220.0,-5.185309651026786,0.4683230997538926
7,Toluene,60.0,6.14024965476071,0.9634204095271046
7,Toluene,20.0,8.915839984376973,1.0855775050264755
7,Ammonia,120.0,1.8464584367271075,1.4647326417715263
7,Ammonia,280.0,-9.064481707099109,0.06130459713404912
7,Toluene,70.0,5.808982604192635,0.9257921201962853
7,Toluene,30.0,8.180470517422927,1.113349751945539
7,Ammonia,80.0,5.5219884992015,1.3670050891584615
7,Ammonia,290.0,-9.595329401071583,0.1304824904527425
7,Toluene,10.0,4.415133694232536,0.6829517365371094
7,Toluene,85.0,4.7624866333013145,0.8211958803203043
7,Ammonia,150.0,-0.35578619778782905,1.3561480205793512
7,Ammonia,110.0,-3.963781297368931,0.5450519453717202
7,Toluene,45.0,7.3424441987489795,1.1122648149148244
7,Toluene,230.0,5.641322007381385,0.9190329148090431
7,Ammonia,250.0,-7.660252591186917,0.6078059194863422
7,Ammonia,60.0,7.304515471072121,1.0250118423294414
7,Toluene,10.0,9.67196651209604,1.1467123837874775
7,Toluene,50.0,6.456775832775911,0.9862638812663759
7,Ammonia,40.0,-1.4565660141990984,1.2594075346056952
7,Ammonia,240.0,-6.388949684197517,0.39688738654242106
7,Toluene,40.0,7.628987882832127,1.1337337646700798
7,Toluene,35.0,7.695509487947814,1.1436069203549295
7,Ammonia,260.0,-8.39548651003526,0.510328156826105
7,Ammonia,130.0,0.9342609544286851,0.6738914474883831
7,Toluene,75.0,5.463212091181046,0.845519393609219
7,Toluene,90.0,4.49368272803313,0.7768942193680926
7,Ammonia,170.0,-2.0546587665377376,1.2658616523744268
7,Ammonia,230.0,-5.721110767632541,0.49418587298730393
7,Toluene,80.0,5.181458059409091,0.8314387535012006
7,Toluene,55.0,6.446369681350862,1.037751765264313
7,Ammonia,270.0,-8.978561246933639,0.4355883817732816
7,Ammonia,180.0,-2.4593578070221507,0.6241785558030367
7,Toluene,25.0,8.837174632910758,1.1985808995336458
7,Toluene,2.5,10.825429589278222,0.8803126201579696
7,Ammonia,190.0,-3.5430933352044316,1.1543227647006944
7,Ammonia,90.0,4.359517018960444,0.9081547188509168
7,Ammonia,140.0,0.11857891826546418,0.6704178074665224
7,Ammonia,70.0,6.278738251985621,1.0407181768102902
7,Ammonia,100.0,3.413557627620165,0.9036728615039739
7,Ammonia,210.0,-4.574414581032931,0.5209376864991431
7,Toluene,100.0,4.165057941857526,0.7156234406157134
7,Ammonia,300.0,-11.167412224402657,0.353905274435767
7,Ammonia,50.0,8.295588344951437,1.0253304783577017
7,Toluene,190.0,10.701693230825015,1.012949396298809
7,Toluene,10.0,9.810844482722164,0.9952966198929214
7,Ammonia,10.0,2.5669816668885956,1.4920512785839959
7,Ammonia,220.0,-5.243817048464261,0.5718534685090393
7,Toluene,60.0,6.182110842530247,1.0243397729273676
7,Toluene,20.0,8.983873877550622,1.157441263042319
7,Ammonia,120.0,1.7795810213648797,1.4667584336666888
7,Ammonia,280.0,-8.95922109786786,0.27519025969430827
7,Toluene,70.0,5.800036372887245,0.9679000504946437
7,Toluene,30.0,8.186729918038543,1.1582292683780335
7,Ammonia,80.0,5.525620868971355,1.4028512385112244
7,Ammonia,290.0,-9.434188401093712,0.24981509671177035
7,Toluene,95.0,4.386834727268227,0.7320098431875336
7,Toluene,85.0,4.837007912907162,0.9307022683521086
7,Ammonia,150.0,-0.32758908904433487,1.4321357977507008
7,Ammonia,200.0,-3.927433986958801,0.7006044144909386
7,Toluene,45.0,7.467601415989802,1.1849352338975458
7,Toluene,65.0,5.8180445664228255,0.9810323159948792
7,Ammonia,250.0,-7.627611203403809,0.7973681137156583
7,Ammonia,60.0,7.3439230845511965,1.0919269446241464
7,Toluene,10.0,9.688776788100693,1.1642034446706826
7,Toluene,50.0,6.510174023296165,1.079869493583599
7,Ammonia,160.0,-1.2417849661934095,1.402747918355589
7,Ammonia,240.0,-6.487143863819064,0.5236706127274537
7,Toluene,40.0,7.659518345322254,1.1618979087380035
7,Toluene,35.0,7.716189569367125,1.1573688080640065
7,Ammonia,260.0,-8.363265831427105,0.733966258872777
7,Ammonia,130.0,1.0586152330872856,0.861468245139281
7,Toluene,75.0,5.475079601319556,0.9774960608844491
7,Toluene,90.0,4.499368121913516,0.8273298619745915
7,Ammonia,170.0,-2.014631032391809,1.3356798027645382
7,Ammonia,230.0,-5.803537302443493,0.5639287891728784
7,Toluene,80.0,5.288084264052127,0.9129469019501375
7,Toluene,55.0,6.449647951507759,1.077106315738234
7,Ammonia,270.0,-9.10383958474924,0.5307610186971339
7,Ammonia,180.0,-2.513602001673214,0.71063546532488
7,Toluene,25.0,8.90156786266205,1.1877451079742531
7,Toluene,160.0,10.838288768427534,0.9151614552502845
7,Ammonia,190.0,-3.739240533342037,1.1311828900461844
7,Ammonia,90.0,4.343526579981493,0.9640006475558509
7,Ammonia,140.0,0.15077569905123217,0.8064912493174817
7,Ammonia,70.0,6.3835727980367745,1.0914379519396566
7,Ammonia,100.0,3.388415154597494,0.9610323615109106
7,Ammonia,210.0,-4.761018643855455,0.6382881899276778
7,Toluene,100.0,4.308643939640657,0.6981256255512261
7,Ammonia,300.0,-11.196232057957111,0.32916804764263324
7,Ammonia,50.0,8.366749091905735,1.0287715577741101
7,Toluene,50.0,10.699977741826595,1.015412169502763
7,Toluene,10.0,9.82119372962097,1.0312441858895853
7,Ammonia,110.0,2.5464615859781397,1.5013653554078092
7,Ammonia,220.0,-5.217821131946864,0.558274889130318
7,Toluene,60.0,6.311825950858416,1.1011099291574378
7,Toluene,20.0,8.98366718573847,1.110472987058536
7,Ammonia,120.0,1.838890415455489,1.5235754432035682
7,Ammonia,280.0,-9.232942261104533,0.31469909964734366
7,Toluene,70.0,5.880777733386315,1.0004377308329597
7,Toluene,30.0,8.225508578087705,1.1429489081326907
7,Ammonia,10.0,5.466076318050002,1.3993372975531717
7,Ammonia,290.0,-9.497176326784166,0.17379953792333638
7,Toluene,80.0,4.562596212755361,0.7746725096882082
7,Toluene,85.0,4.940129977444577,0.8874683707326184
7,Ammonia,150.0,-0.3855267035908623,1.3447852656610217
7,Ammonia,200.0,-3.9161021689108075,0.6550669835306963
7,Toluene,45.0,7.380190732387287,1.113253939958819
7,Toluene,65.0,5.82818738589054,0.9771049035156434
7,Ammonia,250.0,-7.752046419922856,0.7890452947741443
7,Ammonia,60.0,7.297445581198812,1.0056584948909348
7,Toluene,15.0,9.691387820518468,1.1508833420831663
7,Toluene,45.0,6.530446430943868,1.064523933255158
7,Ammonia,160.0,-1.416825864913052,1.2900410537936264
7,Ammonia,240.0,-6.591161159132789,0.41611987440586695
7,Toluene,40.0,7.7504771944041,1.1679960002528782
7,Toluene,35.0,7.720763475515885,1.1377864886307039
7,Ammonia,260.0,-8.66203357953277,0.599793582354589
7,Ammonia,130.0,0.9524222795614776,0.7397834999636258
7,Toluene,75.0,5.560514885383921,0.9680293556581014
7,Toluene,90.0,4.555554813103824,0.8744216332717462
7,Ammonia,170.0,-1.8406637891380215,1.3484006037976446
7,Ammonia,230.0,-5.964765803009104,0.4676847259852024
7,Toluene,80.0,5.2877131076207675,1.020019372246073
7,Toluene,55.0,6.548291159948353,1.0940180494908014
7,Ammonia,270.0,-9.262695130702346,0.5596652719379015
7,Ammonia,180.0,-2.5336518169609152,0.759987604450657
7,Toluene,25.0,8.982548327356675,1.254917560492817
7,Toluene,2.5,10.827487742464989,0.8966168204241356
7,Ammonia,190.0,-3.734065621976521,1.122163535539122
7,Ammonia,90.0,4.407629226486541,0.958478539147789
7,Ammonia,140.0,0.10220828618067183,0.7905314264095954
7,Ammonia,90.0,6.277264040455362,1.0330132569006674
7,Ammonia,100.0,3.385248352993877,0.8813513124069631
7,Ammonia,120.0,-4.882680616128352,0.5697859791404267
7,Toluene,100.0,4.461517614738826,0.757883003750337
7,Ammonia,300.0,-11.412052182465496,0.11681902246680205
7,Ammonia,50.0,8.245145480410722,1.0145408652134635
7,Toluene,50.0,10.705460325597285,0.9913197974047252
7,Toluene,10.0,9.865256589591803,1.0125086772908916
7,Ammonia,110.0,2.430544210380772,1.4399284027050303
7,Ammonia,220.0,-5.436746415837159,0.4469103579644099
7,Toluene,60.0,6.492261824254306,1.066343018833409
7,Toluene,20.0,9.070239767487914,1.1555445853018778
7,Ammonia,120.0,1.7143818709909517,1.4554456905962567
7,Ammonia,280.0,-9.185341948527958,0.12587360798454914
7,Toluene,70.0,5.959777442115022,0.9510739941986502
7,Toluene,30.0,8.216789221980502,1.1278361271050463
7,Ammonia,80.0,5.480341625960888,1.4218009862081171
7,Ammonia,290.0,-10.133648228278819,0.3951026456254577
7,Toluene,95.0,4.5770265985118606,0.7777534646650458
7,Toluene,85.0,4.911551024594604,1.1324567561769066
7,Ammonia,150.0,-0.658368153502379,1.8461256226626936
7,Ammonia,200.0,-4.365015403223755,1.1368756337633914
7,Toluene,45.0,7.351042989793285,1.391611416034347
7,Toluene,65.0,5.773332521713404,1.1634735584368667
7,Ammonia,250.0,-7.9578254629898,1.2138849305277035
7,Ammonia,60.0,7.070690031523307,1.2518242229231349
7,Toluene,15.0,9.694777694156167,1.2923172885406469
7,Toluene,50.0,6.504802444804792,1.2978485819627648
7,Ammonia,160.0,-1.667426640634736,2.0734783876908263
7,Ammonia,240.0,-6.865665626584705,1.3103443922424727
7,Toluene,40.0,7.706839370190329,1.3789147313105912
7,Toluene,35.0,7.712551324408549,1.3212299313408598
7,Ammonia,260.0,-8.893744197530992,1.4593242614769388
7,Ammonia,130.0,0.7595669700183503,1.2691884499221564
7,Toluene,75.0,5.666718067846016,1.1361299290706472
7,Toluene,90.0,4.58973190211461,1.0887855401819906
7,Ammonia,170.0,-2.1940837567632006,1.6999592081418269
7,Ammonia,230.0,-6.001999246829058,0.9601758911042071
7,Toluene,80.0,5.387202069842817,1.1008197517638116
7,Toluene,55.0,6.628578732865373,1.224585902216051
7,Ammonia,270.0,-9.404019353035405,1.1160003389091377
7,Ammonia,180.0,-2.81377018738988,1.1839296031652116
7,Toluene,25.0,8.898825266727089,1.3119725278463208
7,Toluene,2.5,10.773884944469723,0.9059689827454982
7,Ammonia,190.0,-4.024884928094685,1.681615646521953
7,Ammonia,90.0,4.080562885850222,1.1459591324673883
7,Ammonia,140.0,-0.10062580454439062,1.1041563131527101
7,Ammonia,70.0,6.082757998293148,1.2692459101083802
7,Ammonia,100.0,3.0757058556032786,1.2341113895936415
7,Ammonia,210.0,-5.075168672036236,1.1089412548779054
7,Toluene,100.0,4.205413213594204,0.9481042225261599
7,Ammonia,300.0,-11.673668995690829,1.0193447337436863
7,Ammonia,50.0,8.130499266240045,1.2026122481623283
7,Toluene,5.0,10.689068827194943,1.1030837979482817
7,Toluene,10.0,9.754619003223254,1.1093600970205562
7,Ammonia,110.0,2.30842165027244,1.8138937950139418
7,Ammonia,220.0,-5.739316501590693,1.0205681666750321
7,Toluene,60.0,6.352280215119065,1.2312648937095088
7,Toluene,20.0,8.962598435777352,1.2236910109239652
7,Ammonia,120.0,1.5430705462291852,1.7309967612729664
7,Ammonia,280.0,-9.335528232779897,0.7881156229790675
7,Toluene,70.0,5.808677693314393,1.1331187791156394
7,Toluene,30.0,8.22952304519073,1.2914476373235202
7,Ammonia,80.0,5.268414181347218,1.647421981613321
7,Ammonia,290.0,-9.96125764591831,0.8091414011477339
7,Toluene,95.0,4.567454678851172,1.0157425451868254
7,Toluene,85.0,4.814570280330403,1.1272455473342897
7,Ammonia,150.0,-0.6225331491366842,1.811174052624396
7,Ammonia,200.0,-4.1595673069835675,1.1757747588674967
7,Toluene,45.0,7.369656718325871,1.3020432501649861
7,Toluene,65.0,5.8264069361415105,1.1842292460611183
7,Ammonia,250.0,-8.011113607368271,1.2845288347545336
7,Ammonia,60.0,7.153393826052624,1.192529828583047
7,Toluene,15.0,9.694961909187557,1.251126976900235
7,Toluene,50.0,6.541731548205289,1.2288646011715623
7,Ammonia,160.0,-1.752497277867792,1.7692623881441374
7,Ammonia,240.0,-6.830942761367668,0.9759582189375546
7,Toluene,40.0,7.742496208157829,1.344176504130358
7,Toluene,35.0,7.720730127893983,1.2330273567846355
7,Ammonia,260.0,-8.772751608816117,1.3034892702261338
7,Ammonia,130.0,0.6629656317566344,1.1517749431461128
7,Toluene,75.0,5.486573177906936,1.151936015443922
7,Toluene,90.0,4.554635453210631,1.1120818992939148
7,Ammonia,170.0,-2.303435515930367,1.8484197320464444
7,Ammonia,230.0,-6.187262718283783,1.113067414928654
7,Toluene,80.0,5.352513999436989,1.18182885889058
7,Toluene,55.0,6.6082595515022495,1.2923355578535296
7,Ammonia,270.0,-9.283662198456458,1.3638535894990405
7,Ammonia,180.0,-2.8531914646246395,1.1628572651460383
7,Toluene,25.0,8.924411784934868,1.3713760834824062
7,Toluene,2.5,10.800920228827911,0.9434463365394615
7,Ammonia,190.0,-3.982860668492322,1.7154673480377454
7,Ammonia,90.0,4.006693514628271,1.2048733988191593
7,Ammonia,140.0,-0.038858905051581884,1.2059635785299816
7,Ammonia,70.0,6.124971419172049,1.293868527392639
7,Ammonia,100.0,3.1367531302685476,1.2912923961220943
7,Ammonia,210.0,-5.003335340690879,1.1224561205135029
7,Ethylene,100.0,4.581832948536164,0.11815048092121168
7,Ethylene,100.0,4.288221762804868,0.02421977993365001
7,Acetaldehyde,125.0,-8.470235907851242,-5.101591032422554
7,Acetaldehyde,100.0,-5.482728751764832,-3.6278569379832293
7,Acetaldehyde,10.0,9.682114862067552,0.7043561385677021
7,Acetaldehyde,125.0,-6.7949175192653755,-4.934972930555037
7,Acetaldehyde,125.0,-5.0218106144526,-5.020289525719615
7,Ethylene,100.0,4.816897879408846,0.2856441805356441
7,Ethylene,100.0,4.340295255417617,0.10046094070447842
7,Ethylene,100.0,4.1527354601091515,0.007971005989551014
7,Ethylene,10.0,9.657327350564156,0.3417311806439801
7,Acetaldehyde,100.0,-5.194163047670661,-4.525346889097437
7,Acetaldehyde,10.0,10.492217143308295,0.528954342537206
7,Ethylene,100.0,4.338694792200561,0.07302207766546656
7,Ethylene,10.0,9.737075550052854,0.3593830360845936
7,Acetaldehyde,100.0,-4.976740641974846,-4.762522483594346
7,Acetaldehyde,10.0,10.568406717023079,0.5887119108839051
7,Ethylene,100.0,4.357724552273837,0.14633829313458538
7,Ethylene,10.0,9.67622012640523,0.34399151587967547
7,Acetaldehyde,100.0,-5.628676736376665,-4.73501447596785
7,Acetaldehyde,10.0,10.44194387631869,0.5583675944200531
7,Ethylene,100.0,4.436721392885933,0.0704567678927756
7,Ethylene,10.0,9.74833453818995,0.3453127958823644
7,Acetaldehyde,100.0,-6.037652775857128,-4.9778044566504285
7,Acetaldehyde,60.0,10.514309304365744,0.569917394987206
7,Ethylene,100.0,4.415713731601039,0.08904880034555693
7,Ethylene,10.0,9.715714217202889,0.35302431532911976
7,Acetaldehyde,100.0,-5.505567756587368,-4.839788245895033
7,Acetaldehyde,10.0,10.526525179983354,0.5429278400631156
7,Ethylene,100.0,4.35292471193395,0.028757488332678254
7,Ethylene,10.0,9.662245805234326,0.30175084447481915
7,Acetaldehyde,100.0,-4.847909199813992,-4.917862245711325
7,Acetaldehyde,10.0,10.54846207894451,0.5454196952929982
7,Ethylene,100.0,4.2850306530302875,0.05552431049904871
7,Ethylene,10.0,9.628680320726177,0.29314150015286145
7,Acetaldehyde,100.0,-4.645536277646487,-4.903975186002535
7,Acetaldehyde,10.0,10.586675158468319,0.543042248165085
7,Ethylene,100.0,4.247064032851387,0.07110496862505512
7,Ethylene,10.0,9.64395277510929,0.34681990020832415
7,Acetaldehyde,100.0,-4.545415963689051,-4.899866414435518
7,Acetaldehyde,10.0,10.576184105136852,0.560789553302177
7,Ethylene,100.0,4.193571709805898,0.044628800147026346
7,Ethylene,10.0,9.619291941837808,0.3278797236698555
7,Acetaldehyde,100.0,-4.288759603198087,-4.89720451335774
7,Acetaldehyde,20.0,10.630130331472566,0.5879710026633582
7,Ethylene,100.0,4.121261700822175,0.05240715868884404
7,Ethylene,10.0,9.618748218477144,0.3250365477155047
7,Acetaldehyde,100.0,-4.031220775180497,-4.937164189902772
7,Acetaldehyde,10.0,10.648234694151029,0.564600694372962
7,Ethylene,100.0,4.010120354269034,0.0037492237200535262
7,Ethylene,10.0,9.62331391078115,0.3153453337078475
7,Acetaldehyde,100.0,-3.7167698941470597,-4.793678350325748
7,Acetaldehyde,10.0,10.6806948917616,0.5701646219622225
7,Ethylene,100.0,4.009555554636024,-0.0038291732077072515
7,Ethylene,10.0,9.613719209692377,0.32437884012491053
7,Acetaldehyde,100.0,-4.026556600763121,-4.764132681175297
7,Acetaldehyde,10.0,10.621696201143894,0.5922528638080289
7,Ethylene,100.0,4.192105257794917,0.0767572673886672
7,Ethylene,10.0,9.582533241694689,0.30017487594579195
7,Acetaldehyde,100.0,-4.876580370750137,-4.7050753712185935
7,Acetaldehyde,10.0,10.531610887729263,0.5804635145912266
7,Ethylene,100.0,4.186126051534934,0.06905142007563059
7,Ethylene,10.0,9.604307344139118,0.27479534439252035
7,Acetaldehyde,100.0,-5.251245620279349,-4.518054943548234
7,Acetaldehyde,10.0,10.479783361097539,0.5797842345485279
7,Ethylene,100.0,4.291447591684696,0.0854777632360803
7,Ethylene,10.0,9.627362471131105,0.32700609902372574
7,Acetaldehyde,100.0,-5.476990211920929,-4.491753405378796
7,Acetaldehyde,10.0,10.48849069611169,0.5892613986071724
7,Ethylene,100.0,4.219057627967758,0.1041220179644718
7,Ethylene,10.0,9.606198962695833,0.3078754745581242
7,Acetaldehyde,100.0,-5.596499256703299,-4.569772408358099
7,Acetaldehyde,10.0,10.507562640825562,0.6162031279777186
7,Ethylene,100.0,4.24045759976032,0.07505116653541
7,Ethylene,10.0,9.5898380833618,0.2845155056544592
7,Acetaldehyde,100.0,-5.38975100046302,-4.464149831063305
7,Acetaldehyde,10.0,10.524774395055164,0.596363678746433
7,Ethylene,100.0,4.2251443019106825,0.09388198153810157
7,Ethylene,10.0,9.629004251525336,0.31278127032355063
7,Acetaldehyde,100.0,-5.200942410742231,-4.548210605806212
7,Acetaldehyde,10.0,10.580832201538692,0.619469188224204
7,Ethylene,100.0,4.189489702208411,0.06071579379807915
7,Ethylene,35.0,9.599059283343934,0.31336538897787014
7,Acetaldehyde,100.0,-5.133208074205493,-4.650384300774008
7,Acetaldehyde,10.0,10.579737458464487,0.5953463485264161
7,Ethylene,100.0,4.144306760692782,0.08045920030807777
7,Ethylene,10.0,9.625429521378791,0.32381514800840616
7,Acetaldehyde,100.0,-4.888675564742591,-4.500772047994666
7,Acetaldehyde,10.0,10.566098344370761,0.6150525365529806
7,Ethylene,100.0,4.145023289376208,0.052168292187057895
7,Ethylene,10.0,9.588007153553441,0.3003551605027652
7,Acetaldehyde,100.0,-4.87808059559665,-4.580961734377897
7,Acetaldehyde,10.0,10.614390044364196,0.5792287766462761
7,Ethylene,100.0,4.1452259362844766,0.08455544060956141
7,Ethylene,10.0,9.646493940140925,0.341083270176797
7,Acetaldehyde,100.0,-4.486048944725855,-4.482312605706749
7,Acetaldehyde,10.0,10.60104606536607,0.597618173662507
7,Ethylene,100.0,4.1757956748029,0.10115733608384449
7,Ethylene,10.0,9.592464531652409,0.277724852287212
7,Acetaldehyde,100.0,-4.373325152448933,-4.488392189523141
7,Acetaldehyde,10.0,10.601723966934717,0.6103390161913341
7,Ethylene,100.0,4.122876185047856,0.07660148016993311
7,Ethylene,10.0,9.555267032745636,0.2910289645036517
7,Acetaldehyde,100.0,-4.43122390960402,-4.518943373989114
7,Acetaldehyde,200.0,10.6467706729064,0.5965586682242041
7,Ethylene,100.0,4.093329946356353,0.07974901359847776
7,Ethylene,10.0,9.62082001095021,0.3154039223232682
7,Acetaldehyde,100.0,-4.258291392747398,-4.536503848365286
7,Acetaldehyde,10.0,10.642718868751341,0.6129699373907055
7,Ethylene,100.0,4.130507650237593,0.07903342807773843
7,Ethylene,10.0,9.557458446115037,0.2730479263558585
7,Acetaldehyde,100.0,-4.274500153713518,-4.662362374554852
7,Acetaldehyde,10.0,10.638003438094886,0.5914015509590242
7,Ethylene,100.0,4.036299749416697,0.027261237009038215
7,Ethylene,10.0,9.565950032946066,0.32697597614703044
7,Acetaldehyde,100.0,-4.094796381137779,-4.579160014015407
7,Acetaldehyde,10.0,10.60657001469543,0.5778601591380015
7,Ethylene,100.0,4.026828510935639,0.0384993270130769
7,Ethylene,10.0,9.574983130681334,0.31712474390231854
7,Acetaldehyde,100.0,-4.034521195721457,-4.639722058488282
7,Acetaldehyde,10.0,10.631746729836047,0.5924914813456901
7,Ethylene,100.0,4.113691751226717,0.023748409445564642
7,Ethylene,10.0,9.531323597501059,0.2519562606828091
7,Acetaldehyde,100.0,-3.998441984091884,-4.607886996754808
7,Acetaldehyde,10.0,10.657002612568288,0.6024202394199542
7,Ethylene,100.0,4.09033385324731,0.057766012146073874
7,Ethylene,10.0,9.544658590668401,0.2689866345948462
7,Acetaldehyde,100.0,-3.9655390394558365,-4.667143991102302
7,Acetaldehyde,10.0,10.617293452568147,0.582095031393914
7,Ethylene,100.0,4.070314969932172,0.02643577308308438
7,Ethylene,10.0,9.545192907886333,0.3036093491768818
7,Acetaldehyde,100.0,-3.7747241106537635,-4.6214863406550775
7,Acetaldehyde,10.0,10.677203584631902,0.5998930424398866
7,Ethylene,100.0,4.051646771272885,-0.004518884266904505
7,Ethylene,10.0,9.529406983972128,0.30988861146544106
7,Acetaldehyde,100.0,-3.801722948079665,-4.590281919644029
7,Acetaldehyde,10.0,10.632318145512878,0.5737668309947819
7,Ethylene,100.0,4.060166341696976,0.03530869098236785
7,Ethylene,10.0,9.524516299610013,0.2852718099310222
7,Acetaldehyde,100.0,-3.6973885741766557,-4.609101873710759
7,Acetaldehyde,10.0,10.67818450501169,0.5913785059117599
7,Ethylene,100.0,3.9766561829041778,0.02113554731299121
7,Ethylene,10.0,9.524400237442313,0.2729653366053808
7,Acetaldehyde,100.0,-3.5900715440706104,-4.693466098416995
7,Acetaldehyde,10.0,10.661001819323426,0.5843392219897797
7,Ethylene,100.0,3.9837693925677162,-0.004219735446311331
7,Ethylene,10.0,9.50659961955591,0.26774927220736944
7,Acetaldehyde,100.0,-3.598535883024378,-4.6480127482113485
7,Acetaldehyde,10.0,10.696167731638708,0.5974492946435632
7,Ethylene,100.0,4.008175109942048,-0.0028764385799854215
7,Ethylene,10.0,9.545893026394388,0.28229728842072227
7,Acetaldehyde,100.0,-3.513057591382487,-4.711109487628283
7,Acetaldehyde,10.0,10.728201843587359,0.5967767286489655
7,Ethylene,100.0,4.04553747676966,-0.007484422307805238
7,Ethylene,10.0,9.54871438481913,0.2928217869628903
7,Acetaldehyde,100.0,-3.4683363343733866,-4.6861075215718495
7,Acetaldehyde,10.0,10.671784536672758,0.5792910795793768
7,Ethylene,100.0,4.097136636611017,-0.011341965152167257
7,Ethylene,10.0,9.567187294234543,0.2592202071930792
7,Acetaldehyde,100.0,-3.4608795763188502,-4.7892590140853954
7,Acetaldehyde,10.0,10.677468354336034,0.56565807999481
7,Ethylene,100.0,4.148792756986658,0.009364770380419418
7,Ethylene,10.0,9.559334065037552,0.25330138202881197
7,Acetaldehyde,100.0,-3.3388724207142824,-4.760497385541779
7,Acetaldehyde,120.0,10.679231401749803,0.57350482601127
7,Ethylene,100.0,4.1798774082638275,-0.03559065363959393
7,Ethylene,10.0,9.538839185654256,0.2418058281958969
7,Acetaldehyde,100.0,-3.2105429998913086,-4.824407877101931
7,Acetaldehyde,10.0,10.710494604718827,0.5697820127394757
7,Ethylene,100.0,4.113710361592085,0.01046868947093861
7,Ethylene,10.0,9.524458313377805,0.2456530542425452
7,Acetaldehyde,100.0,-3.1447684915934837,-4.835589674589966
7,Acetaldehyde,10.0,10.731524214419611,0.5972821741617254
7,Ethylene,100.0,4.078889673526075,-0.004939774204222384
7,Ethylene,10.0,9.562671428085826,0.26562223733280904
7,Acetaldehyde,100.0,-3.1196762355222725,-4.812000199030178
7,Acetaldehyde,10.0,10.686067137829895,0.5619956176349469
7,Ethylene,100.0,4.065354434144588,-0.018593929375484486
7,Ethylene,10.0,9.557272947204208,0.2600114474009881
7,Acetaldehyde,100.0,-2.932295957356857,-4.820747217099637
7,Acetaldehyde,10.0,10.708473412846947,0.563605427590909
7,Ethylene,100.0,4.149062502421863,-0.02693402443069491
7,Ethylene,10.0,9.530735801395132,0.24553405674126175
7,Acetaldehyde,100.0,-3.0195934712292978,-4.842364984011198
7,Acetaldehyde,10.0,10.692268670014933,0.5615671134969368
7,Ethylene,100.0,4.1547528774931255,0.010082910126378514
7,Ethylene,10.0,9.556205793997375,0.2531594072839086
7,Acetaldehyde,100.0,-2.915853879195065,-4.862420439344152
7,Acetaldehyde,10.0,10.68638020234266,0.5756969221902657
7,Ethylene,100.0,4.09068859768869,-0.050567435474093606
7,Ethylene,10.0,9.560188545737951,0.2912205422262366
7,Acetaldehyde,100.0,-2.7878554481926687,-4.793454935030872
7,Acetaldehyde,200.0,10.699295860451619,0.5813025468200136
7,Ethylene,100.0,4.097986456115773,-0.0051689081083136435
7,Ethylene,10.0,9.573935473288524,0.2835804005064542
7,Acetaldehyde,100.0,-2.7495801158188837,-4.760928405501603
7,Acetaldehyde,10.0,10.717129102152144,0.5757119526127606
7,Ethylene,100.0,4.165717493543221,0.04686770267376478
7,Ethylene,10.0,9.521581442789838,0.2500575629942323
7,Acetaldehyde,100.0,-2.7818388456701264,-4.8267969305988965
7,Acetaldehyde,10.0,10.753545935017957,0.5977393756272525
7,Ethylene,100.0,4.1223909400310275,0.03190932361186425
7,Ethylene,50.0,9.55755454105446,0.2833294010640128
7,Acetaldehyde,100.0,-2.6466158703050535,-4.795470760740773
7,Acetaldehyde,100.0,10.760954292143555,0.592573710713606
7,Ethylene,100.0,4.060193316389838,0.016579040063673382
7,Ethylene,10.0,9.515117819916876,0.27103239870740814
7,Acetaldehyde,100.0,-2.5746823801377814,-4.90088649809645
7,Acetaldehyde,180.0,10.75595320924975,0.5830318255179051
7,Ethylene,100.0,4.236487097599715,0.16377790181888446
7,Ethylene,10.0,9.588569476315145,0.3052197652246169
7,Acetaldehyde,100.0,-2.1980982145043626,-4.556054463394642
7,Acetaldehyde,10.0,10.746073673053841,0.5671274278249019
7,Ethylene,200.0,-0.28385670940004726,-0.37867424935451366
7,Ethylene,20.0,8.798068648416695,0.2525979457575032
7,Acetaldehyde,250.0,-14.04900585986506,-10.820427558772678
7,Acetaldehyde,110.0,-0.7512968865585911,-3.882919731070518
7,Ethylene,150.0,2.0405370029746757,-0.015805583357173303
7,Ethylene,50.0,6.793753830069586,0.29079927111578996
7,Acetaldehyde,30.0,6.808951682514546,-0.8827191385337705
7,Acetaldehyde,80.0,1.3294193900281013,-2.9022838203547483
7,Ethylene,180.0,0.6588644938431027,-0.21029222427967237
7,Ethylene,80.0,5.018817264019017,0.16403383856208917
7,Acetaldehyde,20.0,8.621893531577822,-0.10689837259577606
7,Acetaldehyde,70.0,2.074757877419182,-2.559398737323174
7,Ethylene,250.0,-2.1392129249354115,-0.662165944622048
7,Ethylene,210.0,-0.7271674067357434,-0.5021519822807979
7,Acetaldehyde,150.0,-5.8827132964421445,-6.742092228836545
7,Acetaldehyde,50.0,4.528447167186622,-1.8916973895399765
7,Ethylene,230.0,-1.2903418519625771,-0.47929599258759337
7,Ethylene,120.0,3.10276596359414,-0.07375409244169201
7,Acetaldehyde,120.0,-3.3458640570452247,-5.186017576471179
7,Acetaldehyde,190.0,-8.644614416907022,-8.350301320345391
7,Ethylene,90.0,4.693389672385169,0.1336409936050979
7,Ethylene,170.0,0.6046544217509273,-0.33749609213414
7,Acetaldehyde,40.0,5.304324389612811,-1.5170988298555317
7,Acetaldehyde,230.0,-10.353948648692947,-9.116891889051288
7,Ethylene,240.0,-1.6713472969600547,-0.519394748683069
7,Ethylene,60.0,6.1792568872728575,0.17216524076485548
7,Acetaldehyde,130.0,-3.104088574031589,-5.715784599956922
7,Acetaldehyde,90.0,1.5681292928785526,-3.40818166185855
7,Ethylene,190.0,0.16808729776017617,-0.3127590335453
7,Ethylene,30.0,8.040510026952438,0.210332866073142
7,Acetaldehyde,160.0,-7.00127044704522,-8.752517238364005
7,Acetaldehyde,240.0,-10.169184032636986,-9.083124396468602
7,Ethylene,220.0,-0.985341029950876,-0.43543708562092415
7,Ethylene,70.0,3.5495777048349084,0.04689985828126623
7,Acetaldehyde,220.0,-10.522166962981462,-10.55001026410446
7,Acetaldehyde,60.0,4.131488783131575,-2.2752805837824615
7,Ethylene,130.0,2.7086132243898864,-0.0017190494143491815
7,Ethylene,40.0,7.319704610998863,0.2054156326527692
7,Acetaldehyde,200.0,-9.531213102587742,-10.403304251434923
7,Acetaldehyde,70.0,-1.895679851428991,-5.188610402595474
7,Ethylene,110.0,3.685313107195733,0.10149254333668628
7,Ethylene,70.0,5.5385544546729255,0.16296741716577326
7,Acetaldehyde,210.0,-9.757307415616953,-10.38392811766944
7,Acetaldehyde,170.0,-5.233233675224863,-7.683900822655233
7,Ethylene,140.0,2.2866005280394015,-0.02555854473924326
7,Ethylene,160.0,1.151661679267564,-0.306618563456737
7,Acetaldehyde,180.0,-7.398546126309948,-9.655556674640582
7,Ethylene,100.0,4.235302441224199,0.2524753446564028
7,Ethylene,10.0,9.570472426957423,0.2897597658360302
7,Acetaldehyde,100.0,-0.2607790793011998,-4.374902337164176
7,Ethylene,200.0,-0.45490272538660204,-0.5534023025049757
7,Ethylene,20.0,8.798390627528548,0.2901014790184562
7,Acetaldehyde,250.0,-11.579027787426762,-10.859642130106748
7,Acetaldehyde,110.0,0.2737422113371812,-4.0601178848650425
7,Ethylene,150.0,1.8552881946488926,-0.10580880903637696
7,Ethylene,50.0,6.74488708148074,0.21741245839029885
7,Acetaldehyde,30.0,7.2122763593869585,-0.9080442837952043
7,Acetaldehyde,80.0,2.1792776444447597,-2.9500779401377786
7,Ethylene,180.0,0.5215636422681131,-0.35562489267293496
7,Ethylene,50.0,5.101702030878294,0.14382679477145438
7,Acetaldehyde,20.0,8.907191926644229,-0.09938619101199866
7,Acetaldehyde,70.0,2.9129513580753277,-2.54638105408263
7,Ethylene,250.0,-2.0349081719257742,-0.6425000084379436
7,Ethylene,210.0,-0.6373377420059912,-0.5475980842057162
7,Acetaldehyde,150.0,-4.408420037302621,-6.936561286335209
7,Acetaldehyde,50.0,5.2505243952815075,-1.8388271665384681
7,Ethylene,230.0,-1.4027131236446653,-0.5234323323608107
7,Ethylene,120.0,3.13574662307665,-0.09658797943090705
7,Acetaldehyde,120.0,-1.8718087896774014,-5.27583603381963
7,Acetaldehyde,190.0,-6.268193300187669,-8.290990418639087
7,Ethylene,90.0,4.578260866250677,0.04563637991732731
7,Ethylene,170.0,0.6268733531646783,-0.38411843629030307
7,Acetaldehyde,5.0,5.878166261056572,-1.5634860079380273
7,Acetaldehyde,230.0,-9.147209327897748,-9.123918673860421
7,Ethylene,240.0,-1.703492111761072,-0.6020373197189659
7,Ethylene,100.0,6.309268149315265,0.18248860362417046
7,Acetaldehyde,130.0,-2.66296585384523,-5.734255922756061
7,Acetaldehyde,90.0,1.8228254751200943,-3.3973886675495715
7,Ethylene,190.0,0.15455339603979637,-0.3958221487187708
7,Ethylene,30.0,8.128710253345364,0.305092772522753
7,Acetaldehyde,160.0,-6.607760284522671,-8.659887295140557
7,Acetaldehyde,240.0,-9.50614308610995,-8.985115086640823
7,Ethylene,220.0,-0.8520603753215964,-0.5003762090459433
7,Ethylene,110.0,3.6564775012133,-0.03570856316256992
7,Acetaldehyde,220.0,-10.155736120062095,-10.510341251613063
7,Acetaldehyde,60.0,4.404980954757326,-2.1993531519101555
7,Ethylene,130.0,2.697037598764878,-0.1019950320522955
7,Ethylene,65.0,7.32949915353239,0.2227919678977986
7,Acetaldehyde,200.0,-8.995020783506634,-10.30410382152127
7,Acetaldehyde,140.0,-1.9104353220085346,-5.245704449046382
7,Ethylene,110.0,3.635527461874512,-0.046528226942808976
7,Ethylene,90.0,5.5167174164514945,0.07344076782705873
7,Acetaldehyde,210.0,-9.397495288723809,-10.328423589250091
7,Acetaldehyde,170.0,-5.102789980135646,-7.768126133272484
7,Ethylene,140.0,2.3380262338717404,-0.1252930405905912
7,Ethylene,160.0,1.2034452192578577,-0.3052625255948227
7,Acetaldehyde,180.0,-7.191044069701419,-9.720821131930569
7,Ethylene,100.0,4.159575087497973,0.04832896669750496
7,Ethylene,10.0,9.626356090129812,0.32165956934690637
7,Acetaldehyde,100.0,-0.1820390342892285,-4.393715750833539
7,Ethylene,200.0,-0.458041991719347,-0.5269961616414423
7,Ethylene,20.0,8.845232694647734,0.27415890321116326
7,Acetaldehyde,250.0,-11.48674444739124,-11.004587292059865
7,Acetaldehyde,110.0,0.35392454684386254,-4.087558566103574
7,Ethylene,150.0,1.7967105232234932,-0.2347119213991505
7,Ethylene,50.0,6.755303316322914,0.19277045151278654
7,Acetaldehyde,40.0,7.276474375467676,-0.8836612877788782
7,Acetaldehyde,100.0,2.336414659104204,-3.044849308276328
7,Ethylene,180.0,0.5283198293253472,-0.3056329936537226
7,Ethylene,80.0,5.051198247606561,0.09611537477651132
7,Acetaldehyde,20.0,8.954651830783687,-0.08550461361110277
7,Acetaldehyde,70.0,3.0775457639083292,-2.5474555431045256
7,Ethylene,250.0,-2.0885916205721653,-0.7254505250936522
7,Ethylene,210.0,-0.5685430047330453,-0.5423547173883615
7,Acetaldehyde,150.0,-4.22824034186523,-6.915778823677071
7,Acetaldehyde,50.0,5.365141363544935,-1.7815534084817342
7,Ethylene,230.0,-1.334248452525706,-0.6062027764714139
7,Ethylene,120.0,3.136171863792527,-0.08725016138015664
7,Acetaldehyde,120.0,-1.5954567833139333,-5.157324144175137
7,Acetaldehyde,190.0,-5.969464093216324,-8.103028232301984
7,Ethylene,90.0,4.645012400995041,0.21740828727118594
7,Ethylene,170.0,0.6938234694948271,-0.26900075520142636
7,Acetaldehyde,40.0,5.895211769737447,-1.4269695393880297
7,Acetaldehyde,230.0,-8.780912790504981,-9.086831796537998
7,Ethylene,70.0,-1.6565951849893694,-0.6419576534863527
7,Ethylene,60.0,6.293691368135085,0.1620441420481465
7,Acetaldehyde,130.0,-2.503284255863661,-5.707016977924072
7,Acetaldehyde,90.0,1.9356108990891785,-3.2675249577931553
7,Ethylene,190.0,0.14823114564587647,-0.35959628511836844
7,Ethylene,30.0,8.124910175718844,0.294118675644583
7,Acetaldehyde,160.0,-6.505147578288002,-8.407186033541732
7,Acetaldehyde,10.0,-9.308859838791122,-9.135530371861712
7,Acetaldehyde,220.0,-9.80952069941397,-10.585254421005759
7,Acetaldehyde,60.0,4.467786469337523,-2.196583449353169
7,Ethylene,130.0,2.7240342098530386,-0.18461819812234806
7,Ethylene,40.0,7.368225269252427,0.173342709652798
7,Acetaldehyde,200.0,-8.816612735188668,-10.257050385542515
7,Acetaldehyde,280.0,-1.7979783546714496,-5.299045743932159
7,Ethylene,70.0,5.478603908036474,0.028528462670564348
7,Acetaldehyde,210.0,-9.239900903921288,-10.447411826914761
7,Acetaldehyde,170.0,-4.86684850349467,-7.719196363979559
7,Ethylene,140.0,2.3247165165885892,-0.23714280540783583
7,Ethylene,160.0,1.2076415597379593,-0.4284459850875603
7,Acetaldehyde,300.0,-6.976951794108811,-9.644278818773651
7,Acetaldehyde,100.0,0.04878729530097328,-4.337115456891624
7,Ethylene,200.0,-0.5328098434500821,-0.6715360683459317
7,Ethylene,20.0,8.793631953753327,0.2160595483407239
7,Acetaldehyde,250.0,-11.138185972259874,-10.932146940533633
7,Acetaldehyde,110.0,0.5058850859304163,-4.07661300096271
7,Ethylene,100.0,1.7156998630829745,-0.3456264972302785
7,Ethylene,50.0,6.751255497248834,0.17048794210198842
7,Acetaldehyde,10.0,7.2600513564765805,-0.9059794492600194
7,Acetaldehyde,80.0,2.38954013697051,-3.0734299724714913
7,Acetaldehyde,90.0,8.970881752488106,-0.12311201661321394
7,Acetaldehyde,90.0,2.995220887874841,-2.6803443493260954
7,Ethylene,250.0,-2.3691395736875274,-0.7902720647743454
7,Ethylene,210.0,-1.100549328191074,-0.21154301130095307
7,Acetaldehyde,50.0,5.343903986190387,-1.8050083255584266
7,Ethylene,230.0,-1.414415237738662,-0.6794259671855222
7,Acetaldehyde,120.0,-1.755216196519575,-5.435027721179016
7,Acetaldehyde,190.0,-6.091807454243754,-8.308899232783086
7,Acetaldehyde,40.0,5.914988781140888,-1.5402050103816243
7,Acetaldehyde,230.0,-8.922893775702326,-9.187137137097125
7,Ethylene,240.0,-1.7492645596333876,-0.6273418856247991
7,Acetaldehyde,130.0,-2.497951355152997,-5.900655063862511
7,Acetaldehyde,90.0,1.9731892654657255,-3.37936180894828
7,Acetaldehyde,160.0,-6.5561406990216184,-8.950411856098828
7,Acetaldehyde,240.0,-9.151836121472122,-9.271596046108728
7,Ethylene,110.0,3.5828241270586796,-0.1721098805944056
7,Acetaldehyde,220.0,-9.700269334806078,-10.644905366657543
7,Acetaldehyde,60.0,4.515832387243182,-2.225204212207958
7,Ethylene,130.0,2.712488066960117,-0.23761159240941399
7,Ethylene,40.0,7.35349333518011,0.13266913292857901
7,Acetaldehyde,200.0,-8.791552593689472,-10.5518473412409
7,Acetaldehyde,10.0,-1.6109985658363641,-5.303326486035204
7,Ethylene,110.0,3.575089069660865,0.09621744469956983
7,Ethylene,70.0,5.544850276270225,0.14072475847168087
7,Acetaldehyde,210.0,-9.040920788824339,-10.299636818589985
7,Acetaldehyde,170.0,-4.605823637518023,-7.630855617828693
7,Ethylene,140.0,2.198792296543138,0.12119168175464387
7,Ethylene,160.0,1.11140769184206,-0.22808841598302523
7,Acetaldehyde,180.0,-7.1271090967413135,-9.911282070984214
7,Ethylene,100.0,4.136240596681372,0.11143689679360494
7,Ethylene,10.0,9.54568112467054,0.24471155771263098
7,Acetaldehyde,100.0,-0.4437442442716871,-4.880893370984811
7,Ethylene,200.0,-0.6751938747903052,-0.5132645245282386
7,Ethylene,20.0,8.7282092284147,0.23102307222871865
7,Acetaldehyde,250.0,-11.276989774618723,-11.049235824330658
7,Acetaldehyde,110.0,0.3937767330407929,-4.172430119226638
7,Ethylene,150.0,1.6286588854489426,-0.17664283389724836
7,Ethylene,50.0,6.652194251109876,0.18139618425014825
7,Acetaldehyde,30.0,7.25072449548153,-0.9750464244689229
7,Acetaldehyde,80.0,2.281032213331269,-3.1049466728054345
7,Ethylene,180.0,0.4156381694236604,-0.32567338000453805
7,Ethylene,110.0,4.873890822239263,0.06296164598421279
7,Acetaldehyde,70.0,3.075850492762724,-2.600601374238704
7,Ethylene,250.0,-2.418069210232692,-0.6857315033149279
7,Ethylene,210.0,-1.0041412652695978,-0.6475018810634724
7,Acetaldehyde,150.0,-4.511842303225216,-7.400527589478601
7,Acetaldehyde,50.0,5.263410993257603,-1.8963789523238581
7,Ethylene,230.0,-1.634012481237635,-0.6368107053974839
7,Ethylene,120.0,2.94427417699344,-0.12849030127093505
7,Acetaldehyde,120.0,-1.788907335562703,-5.514158406497232
7,Acetaldehyde,190.0,-6.260139552745198,-8.633758269504964
7,Ethylene,90.0,4.473156023827784,0.0197760473346182
7,Ethylene,170.0,0.23938361358876062,-0.48053601975841914
7,Acetaldehyde,40.0,5.821194694978661,-1.6694840260014836
7,Acetaldehyde,230.0,-8.932683184610754,-9.393498081503337
7,Ethylene,240.0,-2.1317113432102714,-0.6507316279522726
7,Ethylene,60.0,6.051122249795689,0.13602905178792504
7,Acetaldehyde,130.0,-2.9122333711308683,-6.177738210532293
7,Acetaldehyde,90.0,1.7969319102400956,-3.5382769032404258
7,Ethylene,190.0,-0.23215051339048548,-0.4826042660180559
7,Ethylene,30.0,7.914215298634623,0.15465742795043488
7,Acetaldehyde,160.0,-6.956461020902142,-9.306502782509558
7,Acetaldehyde,240.0,-9.548359923793802,-9.448167314228938
7,Ethylene,220.0,-1.5117534132470347,-0.7169034967077454
7,Ethylene,110.0,3.2895408168743234,-0.16294814258388363
7,Acetaldehyde,220.0,-10.273298470896929,-10.950855510939697
7,Acetaldehyde,60.0,4.24399353345024,-2.310752182638441
7,Ethylene,130.0,2.42842500542293,-0.22872392709149114
7,Ethylene,20.0,7.252217313407391,0.15968350657446143
7,Acetaldehyde,200.0,-9.197649550531088,-10.760593909276771
7,Acetaldehyde,140.0,-2.176384952079434,-5.746074979122811
7,Ethylene,110.0,3.482182898116057,-0.09077472965972827
7,Ethylene,70.0,5.356170398483686,-0.0012562325381835864
7,Acetaldehyde,210.0,-9.706298958911848,-10.946776421583417
7,Acetaldehyde,170.0,-5.210905643531663,-8.102939355793168
7,Ethylene,140.0,2.0918333291805564,-0.23939421786623863
7,Ethylene,160.0,0.9175046285713926,-0.4473866492802284
7,Acetaldehyde,50.0,-7.659258805630425,-10.303316733711254
7,Ethylene,100.0,4.024384948979721,-0.029226096017695116
7,Ethylene,10.0,9.510083455033065,0.22393011778600433
7,Acetaldehyde,100.0,-0.4460309480074243,-4.774704957485674
7,Ethylene,200.0,-0.7497457076937148,-0.6671808996998008
7,Ethylene,20.0,8.715044386590025,0.2192959707100446
7,Acetaldehyde,250.0,-11.492743311935788,-11.525493469875007
7,Acetaldehyde,110.0,0.1607280365650337,-4.467919749625803
7,Ethylene,150.0,1.507744834676789,-0.3362406726909861
7,Ethylene,50.0,6.616353460947734,0.09732958583060404
7,Acetaldehyde,80.0,1.448397678905639,-4.266716191007313
7,Ethylene,180.0,0.12547345424791237,-0.5762487128145958
7,Ethylene,80.0,4.733296663213786,-0.12172180469897183
7,Acetaldehyde,70.0,2.890437971345475,-2.8831233746301432
7,Ethylene,250.0,-2.746342407561398,-1.0120310634276775
7,Ethylene,210.0,-1.2845298712284576,-0.8476248921185723
7,Acetaldehyde,150.0,-4.9015449783588405,-7.9086075259532045
7,Acetaldehyde,50.0,5.229333353030009,-1.9222107463588043
7,Ethylene,230.0,-1.8493736843794943,-0.8305920175636491
7,Ethylene,120.0,2.7642835373235313,-0.2608804385878248
7,Acetaldehyde,120.0,-2.176054250632968,-6.032668108828752
7,Acetaldehyde,190.0,-6.374163115000583,-8.971327780566346
7,Ethylene,90.0,4.390699881046236,-0.05327784791346564
7,Ethylene,170.0,0.1897421802041359,-0.6607956180883938
7,Acetaldehyde,300.0,5.724320741959639,-1.7223352140633132
7,Acetaldehyde,230.0,-9.030315772445608,-9.895965497595682
7,Ethylene,240.0,-2.313855311879938,-0.8467702892681908
7,Ethylene,60.0,5.945105534083213,-0.015783775725598734
7,Acetaldehyde,130.0,-3.14366144106788,-6.657957842663773
7,Acetaldehyde,90.0,1.4316330994311646,-3.842355295229861
7,Ethylene,190.0,-0.3632373428298064,-0.6528369917577264
7,Ethylene,30.0,7.800422652824489,0.07656327819696856
7,Acetaldehyde,160.0,-7.2333728963637745,-9.750364842454536
7,Acetaldehyde,240.0,-9.619792050489213,-9.816707779376284
7,Ethylene,220.0,-1.6101538661902897,-0.8249101208180872
7,Ethylene,30.0,3.1867994074804735,-0.24376081212964057
7,Acetaldehyde,220.0,-10.293826402695515,-11.34479406652544
7,Acetaldehyde,60.0,4.190914951434576,-2.3902328108385436
7,Ethylene,130.0,2.2697769593290498,-0.25364162067809365
7,Ethylene,40.0,7.0968218506478875,0.08169975818986142
7,Acetaldehyde,200.0,-9.364802499585535,-11.080458738246087
7,Acetaldehyde,140.0,-2.3764186152456817,-6.052334246620306
7,Ethylene,110.0,3.266367316736831,-0.14170695394121982
7,Ethylene,70.0,5.268546886746815,-0.04746863006357435
7,Acetaldehyde,210.0,-9.672019547553946,-11.090646385281152
7,Acetaldehyde,170.0,-5.150320875104943,-8.266412144404617
7,Ethylene,140.0,1.7685221106262574,-0.2722842687691742
7,Ethylene,160.0,0.747364542830148,-0.5304759602284248
7,Acetaldehyde,180.0,-7.597974337327202,-10.308511601087625
7,Ethylene,100.0,3.6727282176442357,-0.12661681012729745
7,Ethylene,10.0,9.399610188865585,0.18456613585188672
7,Acetaldehyde,100.0,-0.5387423185559457,-4.859718326909934
7,Ethylene,200.0,-1.1824149125628942,-0.8095507916311441
7,Ethylene,60.0,8.597940347537564,0.15956690040718202
7,Acetaldehyde,250.0,-11.426572433988108,-11.544239886751102
7,Acetaldehyde,110.0,0.2044607905824924,-4.375767114692129
7,Ethylene,150.0,1.2981984144053944,-0.42402584405254623
7,Ethylene,50.0,6.473305787152932,0.10836413043860281
7,Acetaldehyde,30.0,7.147971321661114,-1.0409696098525874
7,Acetaldehyde,80.0,2.2351347206807963,-3.3022609616052794
7,Ethylene,180.0,-0.0957459526702299,-0.5995236189863152
7,Ethylene,80.0,4.634845956940695,-0.09884951044067167
7,Acetaldehyde,70.0,2.9132721098050696,-2.876141895304688
7,Ethylene,250.0,-2.79355820458024,-0.9412251304971219
7,Ethylene,210.0,-1.3492042794924528,-0.6949164815602387
7,Acetaldehyde,130.0,-5.111419796914417,-8.415643217858953
7,Acetaldehyde,50.0,5.340279047900881,-1.7477223637424486
7,Acetaldehyde,120.0,-1.9959651131742369,-5.770713259702266
7,Acetaldehyde,190.0,-6.3497018795109375,-8.712764326096087
7,Ethylene,90.0,4.373640930946952,-0.04434261944532269
7,Ethylene,170.0,0.1917222398556062,-0.5911852922717784
7,Acetaldehyde,40.0,5.789614327809751,-1.6400474878196891
7,Acetaldehyde,230.0,-8.946901147693268,-9.489199519261954
7,Ethylene,240.0,-2.1892623884077334,-0.7917048066855761
7,Ethylene,210.0,5.97988165092124,0.0841636310487737
7,Acetaldehyde,130.0,-2.793494547892212,-6.319493185570902
7,Acetaldehyde,90.0,1.6880218828348355,-3.6062425772070412
7,Ethylene,190.0,-0.39099312223910737,-0.5617391470323734
7,Ethylene,30.0,7.930338682059369,0.17244509682290904
7,Acetaldehyde,160.0,-6.6742544994043955,-9.182834131788812
7,Acetaldehyde,240.0,-9.206445161434358,-9.455643867994626
7,Ethylene,220.0,-1.4299867344491237,-0.7187843832316835
7,Ethylene,110.0,3.359473750015504,-0.15915551783615944
7,Acetaldehyde,220.0,-9.902067796600427,-10.88095202172307
7,Acetaldehyde,60.0,4.357470944050626,-2.366297880605492
7,Ethylene,130.0,2.317607185779537,-0.2656251810664711
7,Ethylene,40.0,7.066447235591902,0.0647025507091327
7,Acetaldehyde,200.0,-8.997998236530572,-10.722453638138111
7,Acetaldehyde,140.0,-2.153685825650344,-5.78591578293731
7,Ethylene,70.0,5.274753602396786,0.007273919980454124
7,Acetaldehyde,210.0,-9.325879986739876,-10.820844761978863
7,Acetaldehyde,170.0,-5.067239800821764,-8.043116485627042
7,Ethylene,140.0,1.779120024552823,-0.24814721814822624
7,Ethylene,160.0,0.632524721317315,-0.49057590859726413
7,Acetaldehyde,180.0,-7.408007879354262,-10.104047967523465
7,Ethylene,100.0,3.8431181629428566,-0.035434970401602275
7,Ethylene,10.0,9.463507645603634,0.24354971750641138
7,Acetaldehyde,100.0,-0.34931429394795693,-4.705985468984058
7,Ethylene,200.0,-1.124102246070927,-0.65601569439504
7,Ethylene,20.0,8.63898912855188,0.21745823672453474
7,Acetaldehyde,250.0,-11.26405226642444,-11.378093219989779
7,Acetaldehyde,110.0,0.22508735342275196,-4.353840368843278
7,Ethylene,150.0,1.2808312428927036,-0.32424553588679794
7,Ethylene,50.0,6.4763651036512595,0.13204300116238846
7,Acetaldehyde,280.0,7.216745104066546,-0.9341613592896963
7,Acetaldehyde,80.0,2.245219483773711,-3.1417570716471666
7,Ethylene,180.0,0.04772448014702482,-0.501770309219677
7,Ethylene,80.0,4.6482972419424025,-0.03184188146736072
7,Acetaldehyde,70.0,3.037587990062653,-2.7090975808756568
7,Ethylene,250.0,-2.7847796579863218,-0.8918548047110898
7,Ethylene,210.0,-1.2595869421560504,-0.7121989338160715
7,Acetaldehyde,150.0,-4.752094645015677,-7.830723924197882
7,Acetaldehyde,50.0,5.381613021080301,-1.784618295217631
7,Ethylene,230.0,-1.950425255473874,-0.7721092475078127
7,Ethylene,120.0,2.7594827903516426,-0.20453257280295378
7,Acetaldehyde,120.0,-1.7642563944487155,-5.6148255484876035
7,Acetaldehyde,190.0,-5.949654110811118,-8.369041436381645
7,Ethylene,90.0,4.3733039370926825,0.016029994122715142
7,Ethylene,170.0,0.19676728728800869,-0.553185945026753
7,Acetaldehyde,40.0,5.950950150287036,-1.5577710020492888
7,Acetaldehyde,230.0,-8.629939039923881,-9.44492003983054
7,Ethylene,240.0,-2.157978003130932,-0.6898186725828167
7,Ethylene,60.0,6.049684933769197,0.10781789802582584
7,Acetaldehyde,130.0,-2.7204953116317347,-6.134894976066956
7,Acetaldehyde,90.0,1.8287112022268233,-3.5486808930474973
7,Ethylene,190.0,-0.27669757794244704,-0.5043064833092329
7,Ethylene,30.0,7.9599184317249705,0.2040285242556113
7,Acetaldehyde,160.0,-6.517044694556795,-8.979701543665087
7,Acetaldehyde,240.0,-8.973381328328289,-9.28338392263301
7,Ethylene,220.0,-1.450349763964274,-0.6679656167787528
7,Ethylene,110.0,3.254283998525181,-0.0947905279627499
7,Acetaldehyde,220.0,-9.841207088796432,-10.87270951849226
7,Acetaldehyde,60.0,4.351289682739963,-2.3100894059933634
7,Ethylene,130.0,2.2547105565506267,-0.19355279570698908
7,Ethylene,20.0,7.171813467294693,0.13923457347387047
7,Acetaldehyde,200.0,-8.79242860794372,-10.610319842341486
7,Acetaldehyde,140.0,-2.0536841800272807,-5.690827934703884
7,Ethylene,110.0,3.2632913284658303,-0.07677946541157482
7,Ethylene,70.0,5.2943832339361645,0.01555480056730593
7,Acetaldehyde,200.0,-9.372332490010844,-10.65130678843881
7,Acetaldehyde,170.0,-4.857736848068075,-7.869440237598588
7,Ethylene,140.0,1.8478525819701137,-0.21281687084575565
7,Ethylene,160.0,0.7654354122614944,-0.4185519381075268
7,Acetaldehyde,180.0,-7.071199941875138,-9.945992131677768
7,Ethylene,100.0,3.8762627177361932,-0.009238313700828749
7,Ethylene,10.0,9.50793651878615,0.2681763038942224
7,Acetaldehyde,100.0,-0.2016528235826617,-4.6300361554823315
7,Ethylene,200.0,-0.9102152256228484,-0.5685111999545881
7,Ethylene,20.0,8.707255769934845,0.24894188596709016
7,Acetaldehyde,250.0,-10.915372356244793,-11.115015451068778
7,Acetaldehyde,110.0,0.40392620668886997,-4.255916271442014
7,Ethylene,150.0,1.4358084943550493,-0.25879973700509384
7,Ethylene,50.0,6.555072361343798,0.12108000615743494
7,Acetaldehyde,2.5,7.350910567659866,-0.8992441242688306
7,Acetaldehyde,80.0,2.399608961255821,-3.134701708740267
7,Ethylene,100.0,0.20395354970141327,-0.4574705435173214
7,Ethylene,80.0,4.785212547173007,0.03129288686355088
7,Acetaldehyde,70.0,3.2517532022256717,-2.600990939898769
7,Ethylene,250.0,-2.6262078057789773,-0.7690264523065496
7,Ethylene,210.0,-1.1467662420107254,-0.738578113064369
7,Acetaldehyde,290.0,-4.405205241098906,-7.724824802578601
7,Acetaldehyde,40.0,5.58691117036927,-1.6909741278135184
7,Ethylene,230.0,-1.7144665425781587,-0.6964081798837637
7,Ethylene,120.0,2.836077840626597,-0.11915916831439448
7,Acetaldehyde,120.0,-1.6704331879715602,-5.528999045522425
7,Acetaldehyde,190.0,-5.897466483670538,-8.304062875291136
7,Ethylene,90.0,4.438672920169391,0.09026978105761678
7,Ethylene,170.0,0.3858541696794671,-0.48968034341020095
7,Acetaldehyde,40.0,6.074412250933531,-1.5062372909046748
7,Acetaldehyde,230.0,-8.601708612539415,-9.308373173771848
7,Ethylene,240.0,-2.1033612455516058,-0.6816588324577337
7,Ethylene,60.0,6.13564440580072,0.16308680900386208
7,Acetaldehyde,130.0,-2.5379837132585177,-6.148518085963717
7,Acetaldehyde,90.0,1.947443643775138,-3.4194430730322405
7,Ethylene,190.0,-0.13555331949761867,-0.3835265592050065
7,Ethylene,30.0,7.969799636200628,0.20903677510709442
7,Acetaldehyde,160.0,-6.166773207367793,-8.850114049457398
7,Acetaldehyde,240.0,-8.95506913045275,-9.251798887191507
7,Ethylene,220.0,-1.2649318612835203,-0.5290247721105551
7,Ethylene,110.0,3.308532944553344,-0.14121182301619034
7,Acetaldehyde,220.0,-9.36149392240306,-10.659736200201834
7,Acetaldehyde,60.0,4.491587879399609,-2.2727904237809624
7,Ethylene,130.0,2.3641731366592813,-0.19984614924785954
7,Ethylene,40.0,7.193415570225212,0.1350165927601288
7,Acetaldehyde,200.0,-8.625355588441492,-10.552332818421812
7,Acetaldehyde,140.0,-1.8973468792012311,-5.661213332603582
7,Ethylene,110.0,3.311247037457862,-0.09397391499464913
7,Ethylene,70.0,5.284055086330886,-0.0024618141121627106
7,Acetaldehyde,210.0,-9.114225522758684,-10.626463499597941
7,Acetaldehyde,170.0,-4.741300176967434,-7.8183969605757175
7,Ethylene,140.0,1.885415090344704,-0.3104564142646364
7,Ethylene,160.0,0.756869185513471,-0.5024334559662963
7,Acetaldehyde,180.0,-7.056705209516001,-9.953062166198237
7,Ethylene,100.0,3.8590816434996094,-0.08112365872516211
7,Ethylene,10.0,9.509121641645221,0.223077846955004
7,Acetaldehyde,100.0,-0.07720037250665529,-4.598636015763748
7,Ethylene,200.0,-0.9580211217056004,-0.6486365741229517
7,Ethylene,20.0,8.744747099710702,0.22004353069945773
7,Acetaldehyde,250.0,-10.917856782739852,-11.289055286228166
7,Acetaldehyde,110.0,0.4183812645010343,-4.289437245467081
7,Ethylene,150.0,1.4436602498569593,-0.3379357360575253
7,Ethylene,50.0,6.615673754080456,0.0979261025297919
7,Acetaldehyde,30.0,7.266372850628289,-0.9601104744098864
7,Acetaldehyde,80.0,2.3461403237395824,-3.1748079672718537
7,Ethylene,180.0,-0.00981408987826032,-0.5198448352503454
7,Ethylene,80.0,4.734091272802795,-0.05225448353805788
7,Acetaldehyde,70.0,3.0745890404741982,-2.7570560694035082
7,Ethylene,250.0,-2.6875189850896612,-0.9414652569285588
7,Ethylene,210.0,-1.2084655096109274,-0.8036862572218388
7,Acetaldehyde,150.0,-4.715811750841712,-7.8302900973960625
7,Acetaldehyde,50.0,5.377648019448873,-1.811698847459174
7,Ethylene,230.0,-2.05684964655045,-0.8562695898348271
7,Ethylene,120.0,2.7539178829913777,-0.23548423306618052
7,Acetaldehyde,120.0,-1.835132191424413,-5.756909654258867
7,Acetaldehyde,190.0,-6.136812189805126,-8.518826240312066
7,Ethylene,110.0,4.366025065111709,-0.006621728667228549
7,Ethylene,170.0,0.15312191212602252,-0.6572046084909362
7,Acetaldehyde,40.0,5.890461982426036,-1.6045056837299834
7,Acetaldehyde,230.0,-8.592448933108153,-9.464711656144091
7,Ethylene,240.0,-2.3329700754075207,-0.8446796177669493
7,Ethylene,60.0,5.990161454526066,0.03925259479019624
7,Acetaldehyde,130.0,-2.5805658667145437,-6.261420149356209
7,Acetaldehyde,90.0,1.7761207429546018,-3.603511784051102
7,Ethylene,190.0,-0.4958027319298776,-0.6207814041165378
7,Ethylene,30.0,7.87291424460438,0.16596043913707845
7,Acetaldehyde,160.0,-6.620648721257596,-9.237881954419409
7,Acetaldehyde,240.0,-9.046415289506216,-9.556252190613632
7,Ethylene,220.0,-1.7274683426079693,-0.7576627331542504
7,Ethylene,110.0,3.19602282733907,-0.2287919165546131
7,Acetaldehyde,220.0,-9.804943046121172,-11.016091561936898
7,Acetaldehyde,60.0,4.4366265810717,-2.314942055757986
7,Ethylene,130.0,2.297396668027872,-0.27094941548681745
7,Ethylene,40.0,7.123849676759227,0.07146644539884034
7,Acetaldehyde,200.0,-8.922539801025454,-10.81079291852149
7,Acetaldehyde,140.0,-2.2869986322244364,-6.103382884531369
7,Ethylene,110.0,3.3098136322185847,-0.13141882224703694
7,Ethylene,60.0,5.337570728798499,-0.04654807971544555
7,Acetaldehyde,210.0,-9.341591732996537,-10.914943147558025
7,Acetaldehyde,170.0,-5.050885596978843,-8.18081049480825
7,Ethylene,140.0,2.000921140583549,-0.26900231541812214
7,Ethylene,160.0,0.8320503031895345,-0.5414535616809062
7,Acetaldehyde,180.0,-7.475095226434879,-10.360975125796436
7,Ethylene,100.0,3.671069666455014,-0.15803756280368805
7,Ethylene,10.0,9.354981207674214,0.12525957913460528
7,Acetaldehyde,100.0,-0.37253097921179595,-4.817725687771302
7,Ethylene,200.0,-0.945190767038086,-0.6617628938853659
7,Ethylene,20.0,8.56792054006357,0.11975274558570946
7,Acetaldehyde,250.0,-11.112983998583656,-11.33220652473243
7,Acetaldehyde,110.0,0.29671999118967357,-4.379925291740161
7,Ethylene,150.0,1.3373703349438393,-0.4025928129278831
7,Ethylene,50.0,6.41249610084267,-0.00016882851332493038
7,Acetaldehyde,30.0,7.090639882217589,-1.0753573658243145
7,Acetaldehyde,110.0,2.3492609006372516,-3.1704785115269756
7,Ethylene,180.0,-0.02049319007000616,-0.5758026418144967
7,Ethylene,80.0,4.731629756557375,-0.0520217852070223
7,Acetaldehyde,70.0,3.163691135339644,-2.7246533603395298
7,Ethylene,250.0,-2.662575159016397,-0.8898104980850051
7,Ethylene,210.0,-1.1449518073320273,-0.7955239838261399
7,Acetaldehyde,150.0,-5.086433482627253,-8.325909716957208
7,Acetaldehyde,50.0,5.287439441675468,-1.900335639532332
7,Ethylene,230.0,-1.8534414085645379,-0.7864972306673599
7,Ethylene,120.0,2.7118015820453,-0.29765813536964564
7,Acetaldehyde,100.0,-1.9085643155841068,-5.744648787577138
7,Acetaldehyde,190.0,-6.39443203847637,-8.496481610380544
7,Ethylene,90.0,4.444337595961696,-0.04483433446083359
7,Ethylene,170.0,0.1885772540059534,-0.6558824756837206
7,Acetaldehyde,40.0,5.909501146699905,-1.5723022588511093
7,Acetaldehyde,230.0,-8.769807901765816,-9.518671072388702
7,Ethylene,240.0,-2.2052422678868404,-0.8365346480489604
7,Ethylene,60.0,6.011794769433799,0.06596686491739026
7,Acetaldehyde,130.0,-2.8963889911578415,-6.585596358174871
7,Ethylene,190.0,-0.4191130168482585,-0.5675228364349304
7,Ethylene,30.0,7.86245450636608,0.14508497226077788
7,Acetaldehyde,160.0,-6.480837512400745,-9.308285769357258
7,Acetaldehyde,240.0,-8.893366594722467,-9.457204338703896
7,Ethylene,220.0,-1.3945217147051692,-0.5874161561717904
7,Ethylene,110.0,3.248663186267365,-0.1142116996443856
7,Acetaldehyde,220.0,-9.578686816704804,-10.938513092979251
7,Acetaldehyde,60.0,4.433819715199534,-2.329400501059336
7,Ethylene,130.0,2.26366002007597,-0.16072599296297535
7,Ethylene,40.0,7.047491696715608,0.08666876886319111
7,Acetaldehyde,200.0,-8.706884401024917,-10.611494121584027
7,Acetaldehyde,140.0,-2.212926630897284,-6.284132674072668
7,Ethylene,110.0,3.223700336524935,-0.07893889250010988
7,Ethylene,70.0,5.1572212882891275,-0.01651812220501878
7,Acetaldehyde,210.0,-9.00965003521833,-10.786129678147635
7,Acetaldehyde,170.0,-4.723975875592866,-7.949325207600725
7,Ethylene,140.0,1.8183577766093229,-0.24102127293322473
7,Ethylene,160.0,0.6461060569689537,-0.4582379827009883
7,Acetaldehyde,180.0,-7.010977392815626,-10.013033951627744
7,Ethylene,100.0,3.8303173596047015,-0.00792174358673681
7,Ethylene,10.0,9.335729888759573,0.1721739829152092
7,Acetaldehyde,100.0,-0.21223455552773055,-4.83311230668523
7,Ethylene,200.0,-1.152061224492929,-0.5651781126660881
7,Ethylene,20.0,8.619284062615836,0.21449984545607517
7,Acetaldehyde,250.0,-10.922879464998427,-11.254230767697724
7,Acetaldehyde,110.0,0.4128843732918705,-4.323830607087134
7,Ethylene,150.0,1.2752241295895228,-0.27003918963098483
7,Ethylene,50.0,6.451341287758517,0.09620755467159324
7,Acetaldehyde,30.0,7.249833389069768,-0.9512886871764358
7,Acetaldehyde,120.0,2.515952661106713,-3.098402801713491
7,Ethylene,180.0,-0.047530324366574554,-0.4712102380545999
7,Ethylene,80.0,4.664786074079461,-0.027487529968316483
7,Acetaldehyde,70.0,3.254987123412848,-2.6788484071581853
7,Ethylene,250.0,-2.734653708271337,-0.7690589326147997
7,Ethylene,210.0,-1.3436064803672783,-0.6559767767725702
7,Acetaldehyde,150.0,-4.948506662996049,-8.329719206417431
7,Acetaldehyde,50.0,5.405353549415216,-1.8570489790859634
7,Ethylene,230.0,-1.9594428799094805,-0.656097328151229
7,Ethylene,120.0,2.7542701426598026,-0.139562712444473
7,Acetaldehyde,120.0,-1.8766997057101338,-5.800198439529982
7,Acetaldehyde,190.0,-5.856807168843867,-8.53665349303304
7,Ethylene,90.0,4.342629526856918,0.09315451574986795
7,Ethylene,170.0,0.1089274249051359,-0.48503051050130275
7,Acetaldehyde,10.0,6.018880117276698,-1.5945317520511548
7,Acetaldehyde,230.0,-8.271181585764324,-9.372719639652715
7,Ethylene,240.0,-2.191781777627817,-0.7032829110964156
7,Ethylene,60.0,5.977733577259467,0.0690958473765395
7,Acetaldehyde,130.0,-2.574013254310091,-6.393989485515572
7,Acetaldehyde,90.0,2.0667915117386806,-3.416051013793288
7,Ethylene,190.0,-0.4143299238662482,-0.2803600274660499
7,Acetaldehyde,160.0,-6.2622281372924755,-9.197586740108706
7,Acetaldehyde,240.0,-8.753961150142151,-9.587451564512307
7,Acetaldehyde,220.0,-9.420354066042925,-10.971645658984789
7,Acetaldehyde,60.0,4.456925989841283,-2.3874448676194375
7,Acetaldehyde,200.0,-8.809563974899644,-10.893093884534844
7,Acetaldehyde,140.0,-2.2574801490269,-6.34705435453927
7,Acetaldehyde,210.0,-9.228639188573773,-10.914934938437792
7,Acetaldehyde,300.0,-4.695442173602911,-8.065485195942022
7,Acetaldehyde,180.0,-7.1375810861061035,-10.139293765814273
7,Ammonia,100.0,7.95108641874424,-0.500756287989914
7,Ammonia,100.0,5.564794732129576,1.2115662679490433
7,Ethylene,100.0,4.5965840019577175,0.19890275112730627
7,Ethylene,100.0,4.555208512745239,0.31803881536819845
7,Ammonia,100.0,4.984487397505551,1.8195295428362186
7,Ethylene,100.0,4.9168268440162235,0.7817508335846255
7,Ammonia,100.0,4.431993610397284,2.677485424279069
7,Ammonia,100.0,4.481597330757469,2.6368747635534695
7,Ethylene,100.0,4.516324933730553,0.7811764441652296
7,Ammonia,100.0,5.0110890797184,1.9548836477772646
7,Ethanol,120.0,3.070493215734122,1.7005671103397946
7,Ethanol,120.0,2.7240662951610624,1.5550961931226788
7,Ethanol,120.0,7.341671785877279,-0.09649486252345318
7,Ethanol,120.0,7.6321092096872984,-0.12302523335980943
7,Ethanol,120.0,6.722096534360746,-0.03302607454289802
8,Ethylene,100.0,5.361154860089182,0.49342331410478185
8,Ammonia,25.0,8.134932538575017,1.0566187797253446
8,Ethylene,100.0,5.151300577746891,0.3763528777114233
8,Ammonia,25.0,8.11621909802692,1.0767241231357876
8,Ethylene,100.0,5.150857657494563,0.3394698958268835
8,Ammonia,25.0,8.145205794603495,1.074829633786686
8,Ammonia,25.0,8.119381391774342,1.1047192195953406
8,Ammonia,25.0,8.089296590099963,1.0673390943099217
8,Ammonia,25.0,8.135651386101967,1.0928226578041538
8,Ammonia,25.0,8.111034745901812,1.048340078105346
8,Ammonia,25.0,8.172654683113294,1.0936335769287515
8,Ammonia,25.0,8.100463442883811,1.0580862722804383
8,Ammonia,25.0,8.159586544536289,1.0713075870635944
8,Ammonia,25.0,8.073819866308785,1.043979591312645
8,Ammonia,25.0,8.115571051942693,1.0499066810055844
8,Ammonia,25.0,8.147150852201797,1.0593277924373932
8,Ammonia,25.0,8.121687389683386,1.0584644075035945
8,Ammonia,25.0,8.114984932382264,1.0472719089727343
8,Ammonia,25.0,8.123412509003218,1.0289050273529832
8,Ammonia,25.0,8.098094570376908,1.0391562336731595
8,Ammonia,25.0,8.132672672792893,1.0452938461352004
8,Ammonia,25.0,8.123003128281658,1.035482828398933
8,Ammonia,25.0,8.12405981712023,1.0340046681457842
8,Ammonia,25.0,8.182462576669629,1.0466091143924903
8,Ammonia,25.0,8.161827002459411,1.054095399532525
8,Ammonia,25.0,8.156847511016494,1.0471968984827218
8,Ammonia,25.0,8.199946440453164,1.065852864432386
8,Ammonia,25.0,8.149335103231486,1.02430257471342
8,Ammonia,100.0,8.170362699711578,1.0495442131903403
8,Ammonia,25.0,8.164072538149048,1.0438627345478781
8,Ammonia,25.0,8.122162922146131,1.0401927635341173
8,Ammonia,25.0,8.129052084527384,1.0434738305766813
8,Ammonia,100.0,8.105968992975344,1.0173429654694433
8,Ammonia,25.0,8.10122465303336,1.0268651378483358
8,Ammonia,25.0,8.14382305895231,1.0176313460017066
8,Ammonia,25.0,8.07342087516654,0.9972251059164893
8,Ammonia,25.0,8.065731831394672,1.018046810810262
8,Ammonia,25.0,8.102460087844902,1.0151174315350218
8,Ammonia,25.0,8.05798905068377,1.0244607832256412
8,Ammonia,25.0,8.10594196254663,1.0105211312372913
8,Ammonia,25.0,8.05497983883525,1.0225599287873786
8,Ammonia,25.0,8.079823293738226,1.04298138906791
8,Ammonia,25.0,8.096731208892114,1.0539492008151388
8,Ammonia,25.0,8.109047098206675,1.0518746099389515
8,Ammonia,25.0,8.074714157163815,1.0358759933371817
8,Ammonia,25.0,8.064608893520813,1.036505242324765
8,Ammonia,25.0,8.014705520328322,1.0110874439360467
8,Ammonia,25.0,7.999094584352699,0.9934500744738173
8,Ammonia,25.0,8.034736093463499,1.0545751426435535
8,Ammonia,100.0,8.046404169797139,1.0395421692364084
8,Ammonia,25.0,8.030858792269857,0.9997605490698216
8,Ammonia,25.0,8.048360854884892,1.0042525960142064
8,Ammonia,25.0,7.998412822636969,1.0117638827048787
8,Ammonia,100.0,8.170624003747182,1.027307736391613
8,Ammonia,25.0,8.130426655993864,1.0163449553239499
8,Ammonia,25.0,8.176409390446866,1.0313985160731969
8,Ammonia,25.0,8.138880495990787,1.0394750541707853
8,Ammonia,100.0,8.101029060143022,1.009694390613091
8,Ammonia,100.0,8.100161206329236,0.9964593111164188
8,Ammonia,100.0,8.132668755563136,1.0231899225058414
8,Ammonia,25.0,8.050811396792618,1.0231228078438555
8,Ammonia,100.0,8.088840967814551,1.0056187809746575
8,Ammonia,100.0,8.066719238232444,1.0003371390345783
8,Ammonia,100.0,8.059194533443709,0.9868762204541311
8,Ammonia,100.0,8.035280513098721,0.9996176247896377
8,Ammonia,100.0,8.056022790500379,0.9694393422568408
8,Ammonia,100.0,8.12634016734939,1.037201319522713
8,Ammonia,100.0,8.07672324506036,1.0496308050370586
8,Ammonia,100.0,8.071029576804053,1.028468963920178
8,Ammonia,100.0,7.93282798032774,1.010995231741397
8,Ammonia,100.0,7.8919224206044944,1.0499480809067014
8,Ammonia,100.0,7.8428757475833,1.0808575111601513
8,Ammonia,100.0,7.649898975032919,1.0822919475454653
8,Ammonia,100.0,7.537375667616914,1.1209380798432196
8,Ammonia,100.0,7.349542133353797,1.1749905074695384
8,Ammonia,100.0,7.211758045854432,1.2006119227963927
8,Ammonia,100.0,6.955892834488442,1.1961445652918314
8,Ammonia,100.0,6.789586316032588,1.2692204146288133
8,Ammonia,25.0,6.636843075649467,1.2978078151196362
8,Ammonia,100.0,6.46259357305355,1.313375664327499
8,Ammonia,100.0,6.205471482573204,1.351846145158211
8,Ammonia,100.0,6.007255629257121,1.418269405892166
8,Ammonia,100.0,5.909634927084153,1.4130202767809397
8,Ammonia,100.0,5.737088727279437,1.4452386741309586
8,Ammonia,100.0,5.478876599363645,1.4720653185841215
8,Ammonia,100.0,5.374529014737806,1.4712622694294424
8,Ammonia,100.0,5.360147154164686,1.52880701697366
8,Ammonia,100.0,5.213380309323443,1.5521794404023381
8,Ammonia,100.0,5.0958747502570665,1.5647622721645664
8,Ammonia,100.0,5.041608954994371,1.5722217368048068
8,Ammonia,100.0,4.9702117285004945,1.659287173937338
8,Ammonia,100.0,4.876296370845671,1.6305046170003958
8,Ammonia,100.0,4.9186982040360006,1.6581550084454009
8,Ammonia,100.0,4.860930867171409,1.6595067805797563
8,Ammonia,100.0,4.763675496830959,1.6681573683462643
8,Ammonia,100.0,4.782634533443258,1.704558885032316
8,Ammonia,100.0,4.7469916106472985,1.6855902513900567
8,Ammonia,100.0,4.7448122728239674,1.7534301761626587
8,Ammonia,100.0,4.738161823164876,1.7562743038184256
8,Ammonia,100.0,4.602016400707572,1.6475612986801529
8,Ammonia,100.0,4.676493094725477,1.7592630217642549
8,Ammonia,100.0,4.675268808144529,1.7483068136007074
8,Ammonia,100.0,4.628366943727682,1.763107918315189
8,Ethanol,120.0,4.092436777645457,1.6330358953534987
8,Ethanol,120.0,3.9387274400518177,1.6529701719422167
8,Ethanol,120.0,3.355282444077732,1.331714783842196
8,Ethanol,120.0,3.1674788401469254,1.192221535958898
8,Ethanol,100.0,3.1657025490254016,1.1629617886019463
8,Ethanol,120.0,3.236949756989262,1.0933318498012146
8,Ethanol,100.0,3.3623890119585105,0.9670344996371406
8,Ethanol,120.0,3.9027171589921914,0.6233803659162886
8,Ethanol,120.0,4.070396605855564,0.4473162506047146
8,Ethylene,100.0,3.783103872453059,-0.6255965243773707
8,Ethanol,120.0,5.665047564596502,-0.1852595880310724
8,Ethanol,120.0,6.009935223404824,-0.17679138797168803
8,Ethanol,10.0,6.133241773440398,-0.23856992226054452
8,Ethanol,120.0,6.214456511313254,-0.28661792790179536
8,Ethanol,25.0,6.337621998351797,-0.3504285691758428
8,Ethanol,120.0,6.38601637605541,-0.4149965886496027
8,Ethanol,120.0,6.440313978099366,-0.4471900187047219
8,Ethanol,120.0,6.62922594360525,-0.45408549530726966
8,Ethanol,120.0,6.816616785796296,-0.44545293360960925
8,Ethanol,120.0,6.925189045298916,-0.46744524963619016
8,Ethanol,120.0,6.8886245634999925,-0.5062991280121729
8,Ethanol,120.0,7.033064999887237,-0.4862800405367618
8,Ethanol,120.0,7.099953443384372,-0.5058964413545917
8,Ethanol,100.0,7.0113666090091895,-0.5018287809962876
8,Ethylene,100.0,3.558407156111173,-0.9479747188534515
8,Ethylene,120.0,3.55088939323425,-0.9164067301573489
8,Ethylene,100.0,3.7712915480418308,-0.8301828696284206
8,Ethylene,100.0,3.727940120102814,-0.8074988784174852
8,Ethanol,120.0,5.491221717773856,-0.5235620031649273
8,Ethanol,120.0,5.543527055429097,-0.45904168881508595
8,Ammonia,100.0,4.017064441226189,0.8730569475639235
8,Ammonia,100.0,3.7006920859801373,0.9039838500521375
8,Ammonia,100.0,3.5518761164233497,0.8957905742691369
8,Ammonia,120.0,3.5140356663765693,0.846073472585133
8,Ammonia,120.0,3.7511564722367234,0.8835688232290491
8,Ammonia,120.0,3.5798671959543586,0.7515797924713591
8,Ethylene,100.0,3.4096810529734833,0.07911286617703263
8,Ethylene,100.0,4.702804479449705,0.1369158436384416
8,Ammonia,100.0,4.587901465428187,1.5728848316666095
8,Ammonia,100.0,4.412008726327793,1.6141672011782975
8,Ammonia,100.0,4.641215867264055,1.6907795645488648
8,Ethylene,120.0,1.9088810317969156,-0.6841876780434286
8,Ethylene,100.0,2.713991903101019,-0.9670899367588193
8,Ethylene,120.0,4.725929029000338,0.011910685987017153
8,Ammonia,100.0,4.138742182475496,1.5487646828418415
8,Ammonia,100.0,4.153889662869592,1.6602258650351058
8,Ammonia,100.0,4.090844125578716,1.6225974812121657
8,Ammonia,100.0,3.9341988832011183,1.5526333361427056
8,Ammonia,100.0,4.263213197837993,1.6614209199810162
8,Ethylene,100.0,2.783216294595004,-0.22447710336608637
8,Ammonia,500.0,-19.125677414620426,-2.912306891892955
8,Ammonia,25.0,-12.162913771231091,1.1790280077734183
8,Ammonia,500.0,-12.905913879984373,0.7542965445274079
8,Ethylene,100.0,5.762969239735062,0.698224838682432
8,Ammonia,100.0,6.123662494330038,2.0778676657083306
8,Ammonia,100.0,5.713109731363588,2.277511088257252
8,Ammonia,100.0,5.584682636538988,2.2838573720109943
8,Ammonia,100.0,5.737597601220161,2.388133582950772
8,Ammonia,100.0,5.411433032588229,2.0473069960839045
8,Ammonia,100.0,5.410826375613646,1.9934718219806737
8,Ethylene,100.0,3.678660234045558,-0.8442915691116801
8,Ammonia,100.0,8.696298798973764,0.7968902228087897
8,Ethylene,100.0,3.6238498789691116,-0.5253480798596485
8,Ammonia,100.0,3.031562810631722,1.341086739905568
8,Ethylene,100.0,3.713275361061852,-0.4047048338278682
8,Ammonia,100.0,3.834721968975861,1.3408825891284475
8,Ethylene,100.0,3.788703008131914,-0.32757621836825823
8,Ammonia,100.0,3.3564542749293365,1.461475721931879
8,Ethylene,100.0,3.7949976810114463,-0.3529513903320407
8,Ammonia,100.0,3.300998126177878,1.2805713547049882
8,Ethylene,100.0,3.7956546727014646,-0.34873914012321294
8,Ammonia,100.0,3.045324046495942,1.3404861013175642
8,Ethylene,100.0,3.723063587852577,-0.34124808124313977
8,Ammonia,100.0,3.0936335992189763,1.5465962088526448
8,Ethylene,100.0,4.308851333424439,-0.154026721620939
8,Ammonia,100.0,2.731794011865917,1.4470540862959058
8,Ammonia,100.0,3.6942664139608574,1.7183048072667908
8,Ammonia,100.0,2.8032206399329356,1.3848357162073317
8,Ethylene,100.0,4.030936558978868,-0.28852173703008027
8,Ammonia,100.0,2.398142445308698,1.6139215672159453
8,Ethylene,100.0,3.9484947709594547,-0.21058906157622864
8,Ammonia,100.0,3.2581885436525786,1.68648460815605
8,Ethylene,100.0,4.316135196071808,-0.00752151157182697
8,Ammonia,100.0,3.0479314667283997,1.6383741582211613
8,Ethylene,100.0,5.064229550186547,-0.510457585343843
8,Ammonia,100.0,3.2479360922399176,1.2580298358377704
8,Ethylene,100.0,4.016010166673006,-0.24993776094548134
8,Ammonia,100.0,2.820565752946836,1.4576929080577263
8,Ethylene,100.0,3.9928651680936444,-0.2027546705488619
8,Ammonia,100.0,2.7241817562107284,1.341705558267038
8,Ethylene,100.0,3.9136341130670544,-0.4797338351349687
8,Ammonia,100.0,2.5635364433539163,0.5893368605356223
8,Ethylene,100.0,3.544437502199498,-0.5329921261467921
8,Ammonia,100.0,2.3089608650421742,1.1465397304658616
8,Ethylene,100.0,3.6214905539206192,-0.44895659887841416
8,Ammonia,100.0,2.7944778156115353,1.4974901389681816
8,Ethylene,100.0,3.8169170561920396,-0.4641505704200579
8,Ammonia,100.0,3.0390923071436204,1.33746271276044
8,Toluene,10.0,8.40920352704229,0.7247211905203512
8,Ethanol,120.0,4.404456534405707,-0.8322710143452596
8,Toluene,10.0,6.775858083734001,-0.3725601379056705
8,Ethanol,120.0,4.978393175136716,-0.6312169372752268
8,Toluene,10.0,7.797482882053846,0.14949388267843983
8,Ethanol,120.0,4.353237662006774,-0.6473550217424455
8,Toluene,10.0,7.494001104539739,-0.011704046119976363
8,Ethanol,120.0,4.672043710405505,-0.8232639849302669
8,Toluene,10.0,7.410174599952768,-0.2827972171807391
8,Ethanol,120.0,5.213972609559715,-1.1539289649535822
8,Toluene,10.0,7.6096154477718105,-0.3720775170393736
8,Ethanol,120.0,5.62246982356223,-1.1518151316487684
8,Toluene,10.0,7.4636131573410305,0.10056761128889063
8,Ethanol,120.0,5.700249180038714,-0.9781726864489187
8,Toluene,10.0,7.653825732869891,0.02574883253684937
8,Ethanol,25.0,5.707228537509556,-0.9303668746600929
8,Toluene,10.0,7.667409197148426,-0.18275096780563033
8,Ethanol,120.0,5.70091179396865,-0.6852474052690394
8,Toluene,10.0,7.266912837651913,0.4858555912411622
8,Ethanol,120.0,5.0642139228557514,0.5723988014636754
8,Toluene,10.0,7.0741115826020815,-0.054343936257875224
8,Toluene,10.0,6.755285960959686,-0.1813210776414211
8,Ethanol,120.0,4.3065662478145565,0.6882093612382004
8,Toluene,10.0,7.918181770318499,0.009277054646183332
8,Ethanol,120.0,5.5112720553054135,0.46581077708479135
8,Toluene,10.0,7.551152126167827,0.5099104223378054
8,Ethanol,100.0,6.190147170305103,-0.7738099633676558
8,Toluene,10.0,7.138165558158804,0.5072550894304171
8,Ethanol,120.0,5.160576124933077,1.2037139430827808
8,Ethanol,120.0,6.342617431302608,-0.712168065872225
8,Toluene,10.0,7.4429759566644895,0.6075505129218258
8,Toluene,10.0,7.833799871774437,-0.16440036125182528
8,Toluene,10.0,7.511487581347552,0.4563547603120484
8,Acetone,10.0,4.343402640738563,-2.4896349261707535
8,Acetaldehyde,10.0,3.193170995664702,-2.2245807827143897
8,Acetone,10.0,4.188141292581359,-2.389245960148012
8,Acetaldehyde,10.0,7.026559788981669,-0.00947290389398514
8,Acetone,10.0,3.9465000106625356,-2.3109196721498817
8,Acetaldehyde,10.0,7.461931735302161,-0.5031065349201842
8,Acetone,10.0,4.108952500584686,-3.0565499844429525
8,Acetaldehyde,10.0,7.479938557759456,-0.5286380757418603
8,Acetone,10.0,3.7670137479405836,-2.6728239241596463
8,Acetaldehyde,10.0,7.373911024382122,-0.20083487229342278
8,Acetone,10.0,3.991603044703375,-3.331531542287736
8,Acetaldehyde,10.0,7.577607385720132,-0.5349059124418123
8,Acetone,10.0,4.520674822380688,-2.807679235067721
8,Acetaldehyde,10.0,7.6985036636973545,-0.43018910761504225
8,Acetone,10.0,4.353813912160282,-2.729714306010765
8,Acetaldehyde,10.0,7.82194975342503,-0.43473834380913784
8,Acetone,10.0,4.523553110671306,-2.8469375500066025
8,Acetaldehyde,10.0,7.954521600076767,-0.3882080034201334
8,Acetone,10.0,4.690482009117736,-2.6740746981595542
8,Acetaldehyde,10.0,7.736128555684089,0.008573240505375574
8,Acetone,10.0,4.57340827521909,-2.723309368224675
8,Acetaldehyde,10.0,7.904208403116799,-0.2821361168008959
8,Acetone,10.0,4.4348519882166855,-2.8679806797279075
8,Acetaldehyde,10.0,7.894443735446173,-0.44993416028762206
8,Acetone,10.0,4.325165383679182,-3.0002684915918825
8,Acetaldehyde,10.0,8.028880119290791,-0.38036424149950904
8,Acetone,10.0,4.476227626344566,-2.666539992747151
8,Acetaldehyde,10.0,7.755334643252638,0.10688862443883608
8,Acetone,10.0,4.724511509399947,-2.57761285095408
8,Acetaldehyde,10.0,8.074339966576018,-0.30734461258015894
8,Acetone,10.0,4.3014638396666305,-2.551707685044384
8,Acetaldehyde,10.0,8.057979666887203,-0.3681608732896833
8,Acetone,10.0,4.15296879081511,-3.536430182919616
8,Acetaldehyde,10.0,8.130660755777791,-0.2664188892548714
8,Acetone,10.0,4.854631518581521,-2.5781745909799025
8,Acetaldehyde,10.0,7.868503474349554,-0.03904387402322083
8,Acetone,10.0,4.519184121382544,-2.787347169082787
8,Acetaldehyde,10.0,8.257616079888733,-0.26555718585796706
8,Acetone,10.0,5.033338231018719,-2.38454237641429
8,Acetaldehyde,10.0,8.245955290519879,-0.2747270974764923
8,Acetone,10.0,4.064016121712944,-3.164821340698393
8,Acetaldehyde,10.0,8.164080977735013,-0.3695557295047156
8,Acetone,10.0,4.416509607329552,-2.8464720232880167
8,Acetaldehyde,10.0,8.181888870509079,-0.38831340132406134
8,Acetone,10.0,4.606120624069247,-2.7288289938109562
8,Acetaldehyde,10.0,8.322810874788013,-0.2382949060412693
8,Acetone,10.0,5.017704457792927,-2.4414618793893457
8,Acetaldehyde,10.0,8.349504706433528,-0.2804165576020545
8,Acetone,10.0,4.624103897501532,-2.836307350818044
8,Acetaldehyde,10.0,8.167477536813413,-0.40107278104737
8,Acetone,10.0,3.99206242135058,-3.3615060459424697
8,Acetaldehyde,10.0,8.221602172743935,-0.3415523967796589
8,Acetone,10.0,4.378363199786882,-2.9571672104171416
8,Acetaldehyde,10.0,8.151423406944426,-0.3426748891815548
8,Acetone,10.0,4.609788580743049,-2.7674378741600636
8,Acetaldehyde,10.0,8.327002266103301,-0.2756260042910443
8,Acetone,10.0,4.679793770914659,-2.7764584066409035
8,Acetaldehyde,10.0,8.357586290174492,-0.3419031159799772
8,Acetone,10.0,4.673494247433662,-2.786921387138659
8,Acetaldehyde,10.0,8.522714878016933,-0.22285283877847661
9,Ammonia,100.0,8.41987823598905,0.4507861803078221
9,Ethylene,100.0,2.2650630217215504,-0.7486297552256919
9,Ammonia,100.0,7.990620349277763,0.837962171124311
9,Ethylene,100.0,2.3057471195453774,-0.5287269036482999
9,Ammonia,100.0,7.846687820464316,1.172053826732537
9,Ethylene,100.0,3.0242491216715384,-0.5811670084238979
9,Ammonia,100.0,7.887480685205943,1.2783525112129508
9,Ethylene,100.0,3.5341886333452024,-0.30790490324757647
9,Ammonia,100.0,7.598960575971549,1.827283997454256
9,Ethylene,100.0,3.625553694978479,-0.25497172563417275
9,Ammonia,100.0,7.774972480328086,1.2459038759215022
9,Ethylene,100.0,3.2778499433923547,-0.3591275247152394
9,Ammonia,100.0,7.712681732045341,1.2907797350475654
9,Ethylene,100.0,3.287219122315022,-0.38479722593047017
9,Ammonia,100.0,7.749780620924344,0.922934998331333
9,Ethylene,100.0,2.4699214014911126,-0.4777315422049954
9,Ethylene,100.0,2.387036106470184,-1.2700404685537052
9,Ammonia,100.0,7.216891293064297,0.57064901538483
9,Ammonia,100.0,7.225583073962442,1.059988958273454
9,Ethylene,100.0,2.5019004059942764,-0.7991765729684096
9,Ammonia,100.0,6.850338261075497,2.0705238380941546
9,Ethylene,100.0,2.9297332033505628,-0.753718897707516
9,Ammonia,100.0,7.104562774737345,1.098603274939867
9,Ethylene,100.0,1.963815571366749,-0.27938619294159006
9,Ammonia,100.0,7.0936619365632145,1.0798227856714993
9,Ethylene,100.0,1.9726643592838933,-0.8576603467475802
9,Ammonia,100.0,6.676668183745954,1.4494956259272695
9,Ammonia,100.0,7.05075502790067,0.9303640923730099
9,Ethylene,100.0,1.9358739216948841,-0.46276463002389084
9,Ammonia,100.0,7.156004149324664,0.8645754666623967
9,Ethylene,100.0,1.7489466568216636,0.1847878952521523
9,Ammonia,100.0,3.746083154246725,3.27010989648187
9,Ethylene,100.0,2.3679746364438228,-1.218645929704957
9,Ammonia,100.0,7.152943288396058,1.6141481063471788
9,Ethylene,100.0,3.18785861406055,-0.5325571596221919
9,Ammonia,100.0,7.127119114213368,2.234462100734178
9,Ethylene,100.0,3.2154803290671463,-0.5962373977147142
9,Ammonia,100.0,7.65581501933049,1.225780285614482
9,Ethylene,100.0,3.24721903350014,-0.5465739712199726
9,Ammonia,100.0,7.162030125151336,1.6869973025132747
9,Ethylene,100.0,2.408145299550096,-1.2662136254478074
9,Ammonia,100.0,7.704532908899967,0.6754823305171389
9,Ammonia,100.0,7.48506988491698,1.023114999241557
9,Ethylene,100.0,2.5762364237416384,-1.0487855559277397
9,Ethylene,100.0,3.0605908267880633,-0.8438861115941254
9,Ammonia,100.0,7.73321163335503,1.0784916598869438
9,Ethylene,100.0,3.0275054061172573,-0.8528513681012606
9,Ammonia,100.0,7.532474277160343,1.216880077161077
9,Ethylene,100.0,3.0981459230917667,-1.350325737397125
9,Ammonia,100.0,7.971848667405998,0.7306561574752234
9,Ethylene,100.0,3.6727807824045575,-1.0210037965805807
9,Ammonia,100.0,8.142119363037496,0.7604596325373139
9,Ammonia,100.0,8.08402719370924,1.2130836667116454
9,Toluene,10.0,8.595592058983833,-0.2017876712403774
9,Acetone,10.0,7.060024326177597,-0.6438255093639953
9,Acetone,10.0,6.775756790490441,-0.7706978702307623
9,Acetone,10.0,6.624296060203569,-0.8225352256603812
9,Acetone,10.0,6.6159845671356745,-0.8872288415849175
9,Acetone,10.0,6.413030168607477,-0.9300852724964299
9,Acetone,10.0,6.474145715913034,-0.9329427245354842
9,Acetone,10.0,6.403585375293258,-1.0093658920211102
9,Acetone,10.0,6.419197550914791,-1.0120603077022365
9,Acetone,10.0,6.122150358469392,-1.2235993770034777
9,Acetone,10.0,6.399084695295169,-1.0270630214733687
9,Acetone,10.0,5.850871858379782,-1.3925970420261136
9,Acetone,10.0,6.178170655059174,-1.1875757112157497
9,Acetone,10.0,6.029437793213033,-1.28345269248865
9,Acetone,10.0,5.8783255290680145,-1.3057585073179234
9,Acetone,10.0,5.859379552396364,-1.3831878389914452
9,Acetone,10.0,5.843748156348309,-1.413398521136441
9,Acetone,10.0,5.847681127468455,-1.358144243915205
9,Acetone,10.0,5.518987617515928,-1.330997604040468
9,Acetone,10.0,5.875048767365943,-1.381806721324709
9,Acetone,10.0,5.831113600256295,-1.4129130877592708
9,Acetone,10.0,5.852830340218933,-1.4065171821437104
9,Acetone,10.0,5.853069565901422,-1.402232142878766
9,Acetone,10.0,5.845181043114402,-1.4029417723209723
9,Acetone,10.0,5.859948458386589,-1.3977575591625933
9,Acetone,10.0,5.818183292113965,-1.3991532978074077
9,Acetone,10.0,5.902508766661262,-1.3609796128009846
9,Acetone,10.0,5.833412648496899,-1.4196116093704232
9,Acetone,10.0,5.873497914419202,-1.400339766067211
9,Acetone,10.0,5.918279628907373,-1.3716666900778895
9,Acetone,10.0,5.869077720554203,-1.4273909088534642
9,Acetone,10.0,5.863389503130638,-1.3954305035841157
9,Acetone,10.0,5.83472463254593,-1.4353609736498736
9,Acetone,10.0,5.9029464688059585,-1.3812680542168614
9,Acetone,10.0,5.864846411383002,-1.4044416723118658
9,Acetone,10.0,5.781119375674462,-1.4607176878383863
9,Acetone,10.0,5.622120779843927,-1.4094157572473613
9,Acetone,10.0,5.776110082582146,-1.4460390331726554
9,Acetone,10.0,5.751520509418524,-1.4472128990282584
9,Acetone,10.0,5.746754220955268,-1.4461788799874533
9,Acetone,10.0,5.741230918985801,-1.4307161623938978
9,Acetone,10.0,5.752631190032425,-1.456066866272099
9,Acetone,10.0,5.785768580187742,-1.4375370935437823
9,Acetone,10.0,5.732547089130252,-1.4713137395620768
9,Acetone,10.0,5.765139048355684,-1.4274144217387634
9,Acetone,10.0,5.753830821302563,-1.4428366953110006
9,Acetone,10.0,5.695309573361444,-1.4724896560346896
9,Acetone,10.0,5.7529853915213796,-1.434857176425312
9,Acetone,10.0,5.705374956313885,-1.4595245041292453
9,Acetone,10.0,5.670698959126373,-1.5473508787942458
9,Acetone,10.0,5.718214393648193,-1.4598904623207043
9,Acetone,10.0,5.6857010615293335,-1.508919135429236
9,Acetone,10.0,5.710442832248931,-1.4697608366799253
9,Acetone,10.0,5.6730801940292634,-1.481624248070813
9,Acetone,10.0,5.661793173460058,-1.5072532293724108
9,Acetone,10.0,5.694053611884128,-1.479233866034402
9,Acetone,10.0,5.710403768645925,-1.4743228395422212
9,Acetone,10.0,5.707886140189528,-1.456855976807688
9,Acetone,10.0,5.666041303240423,-1.4610480332658822
9,Acetone,10.0,5.733336834011399,-1.4645265695200473
9,Acetone,10.0,5.747552686663495,-1.431705254361454
9,Acetone,10.0,5.727469070555234,-1.454164983677596
9,Acetaldehyde,10.0,7.939161997539849,0.003183161815874327
9,Acetaldehyde,10.0,8.378642534509314,0.18661524062873946
9,Acetaldehyde,10.0,8.404646186906456,0.06176850894869538
9,Acetaldehyde,10.0,8.623242972208825,0.13286675141993903
9,Acetaldehyde,10.0,8.584640418233793,0.09283876163699786
9,Acetaldehyde,10.0,8.580390500272955,0.015797869591993696
9,Acetaldehyde,10.0,8.69284869906175,0.054742164215894354
9,Acetaldehyde,10.0,8.743500759921659,0.07653452993320987
9,Acetaldehyde,10.0,8.750843159212758,0.03236523853584045
9,Acetaldehyde,10.0,8.812074957446484,0.06280266163992552
9,Acetaldehyde,10.0,8.796622849640574,0.043535248823139534
9,Acetaldehyde,10.0,8.826105335042909,0.05426146785127033
9,Acetaldehyde,10.0,8.796029145476858,0.055374879907909305
9,Acetaldehyde,10.0,8.840460175496114,0.06081155171257619
9,Acetaldehyde,10.0,8.817761476201241,0.05090002842436624
9,Acetaldehyde,10.0,8.83587031489737,0.05212161536574814
9,Acetaldehyde,10.0,8.854567267041467,0.06246461499213813
9,Acetaldehyde,10.0,8.780429687588018,0.07903204273672851
9,Acetaldehyde,10.0,8.760319364560596,0.07849694206822318
9,Acetaldehyde,10.0,8.681646047361276,0.09933422061003758
9,Acetaldehyde,10.0,8.578071491527732,0.10786978102237875
9,Acetaldehyde,10.0,8.46318185956204,0.11539955928725
9,Acetaldehyde,10.0,8.33666909321133,0.11226274497649028
9,Acetaldehyde,10.0,8.364091162797894,0.13984919328773907
9,Acetaldehyde,10.0,8.396880822277796,0.10227761041286368
9,Acetaldehyde,10.0,8.456094097916557,0.10893523688193187
9,Acetaldehyde,10.0,8.512865383996672,0.10195375660209555
9,Acetaldehyde,10.0,8.597623394645685,0.10988792456108785
9,Acetaldehyde,10.0,8.661605400181186,0.1028254688156121
9,Acetaldehyde,10.0,8.713861741743598,0.09188565869281623
9,Acetaldehyde,10.0,8.746417754986805,0.07458792456736411
9,Acetaldehyde,10.0,8.682896849438364,0.0500027539913301
9,Acetaldehyde,10.0,8.810533277326968,0.08118870085514991
9,Acetaldehyde,10.0,8.805022613704594,0.06296549318848008
9,Acetaldehyde,10.0,8.843953848614207,0.07013539936155946
9,Acetaldehyde,10.0,8.826011867690694,0.08359280182228512
9,Acetaldehyde,10.0,8.831821940651619,0.034918673024067495
9,Acetaldehyde,10.0,8.849046032024852,0.06874273652046234
9,Acetaldehyde,10.0,8.858109992573548,0.05855127453551197
9,Acetaldehyde,10.0,8.87247407944999,0.048492554271375714
9,Acetaldehyde,10.0,8.880157202846778,0.07641095498806535
9,Acetaldehyde,10.0,8.882331750325465,0.04219951710275215
9,Acetaldehyde,10.0,8.882696632622139,0.04512938595210992
9,Acetaldehyde,10.0,8.901805802625436,0.07019382749483076
9,Acetaldehyde,10.0,8.868165973792212,0.06515469869952249
9,Acetaldehyde,10.0,8.917873396203182,0.051720158096028056
9,Acetaldehyde,10.0,8.878815874469172,0.04606483918938488
9,Acetaldehyde,10.0,8.887068295744067,0.05086744150425637
9,Acetaldehyde,10.0,8.901780733345563,0.04666512770682335
9,Acetaldehyde,10.0,8.897891513281479,0.06213580796016655
9,Acetaldehyde,10.0,8.910183474235216,0.055613324663190536
9,Acetaldehyde,10.0,8.850076742201608,0.09292457698355845
9,Acetaldehyde,10.0,8.884680964132944,0.05518785227590269
9,Acetaldehyde,10.0,8.908923100956056,0.05658369365120912
9,Acetaldehyde,10.0,8.715935104704261,0.08126049038037768
9,Ethanol,120.0,7.118147902579183,-0.1549341008743613
9,Ethanol,120.0,6.970027538360587,-0.16499706843785897
9,Ethanol,120.0,6.926848220949618,-0.15515178616329856
9,Ethanol,120.0,6.954796736297064,-0.16423634056871173
9,Ethanol,120.0,6.977457361547679,-0.17741447566107496
9,Ethanol,120.0,7.032371337251899,-0.15196473536977725
9,Ethanol,120.0,7.117871802747403,-0.14867610683005633
9,Ethanol,120.0,7.22112454222728,-0.1458441254636828
9,Ethanol,120.0,7.158009498047391,-0.14767896885565698
9,Ethanol,120.0,7.112401805901869,-0.2001466757448078
9,Ethanol,120.0,7.089784723033276,-0.14611698678427254
9,Ethanol,120.0,7.054159475094296,-0.17984348554977445
9,Ethanol,120.0,7.032131437029779,-0.1789542944475518
9,Ethanol,120.0,6.9737617914720404,-0.16716047089008199
9,Ethanol,120.0,6.9122327713076865,-0.18312313536373453
9,Ethanol,120.0,6.8745532982071245,-0.1775261043044171
9,Ethanol,100.0,6.807935560859027,-0.1823921749144628
9,Ethanol,120.0,6.754984035299179,-0.1704552219713174
9,Ethanol,120.0,6.719194489125054,-0.14707303385298537
9,Ethanol,120.0,6.648532363590729,-0.15233544988238468
9,Ethanol,120.0,6.647199909499785,-0.1187776595039288
9,Ethanol,120.0,6.469182345659017,-0.1340926001900798
9,Ethanol,120.0,6.547984952894575,-0.10932257690998581
9,Ethanol,120.0,6.38069690863851,-0.07287395425476016
9,Ethanol,120.0,6.517320543690752,-0.10020119078971466
9,Ethanol,120.0,6.528852892023288,-0.09318015837880385
9,Ethanol,120.0,6.566243508550312,-0.0340926866338266
9,Ethanol,120.0,6.651251121580247,-0.014541428535197253
9,Ethanol,120.0,6.645052260549369,-0.03763802327847742
9,Ethanol,120.0,6.704020872220692,-0.019259234668086
9,Ethanol,120.0,6.733923506406714,-0.002761627032689363
9,Ethanol,120.0,6.767952353596845,-0.018565443114355516
9,Ethanol,120.0,6.796684943441182,-0.004945252403825051
9,Ethanol,120.0,6.804547201238925,0.0044738378038688765
9,Ethanol,120.0,6.819961634147405,0.017225518933442683
9,Ethanol,120.0,6.848420832742589,-0.015632602430785358
9,Ethanol,120.0,6.893504164406509,0.05747612268632358
9,Ethanol,120.0,6.846621799144377,0.007504423030101709
9,Ethanol,120.0,6.883507200619051,0.03120919722200626
9,Ethanol,120.0,6.90834018914596,0.02638623819974078
9,Ethanol,120.0,6.927477180730398,0.04159625819485374
9,Ethanol,120.0,6.88963531804817,0.010781373623148986
9,Ethanol,120.0,6.922806312771106,0.023394318380903677
9,Ethanol,120.0,6.920681779860591,0.002351867754511571
9,Ethanol,120.0,6.907252313557736,0.03012100966607669
9,Ethanol,120.0,6.964790318589325,0.028368826412589483
9,Ethanol,120.0,6.90195622068127,0.001273572704883943
9,Ethanol,120.0,6.952237226976009,0.01633165054099381
9,Ethanol,120.0,6.9222311936606395,-0.009837033590476373
9,Ethanol,120.0,6.955954015145855,0.020844262472738292
9,Ethanol,120.0,6.940839763998748,0.005856512181140429
9,Ethanol,120.0,6.8989148193145065,-0.012348211705147275
9,Ethanol,120.0,6.673186336097492,0.009251607773983489
9,Ethanol,120.0,6.919694022625923,0.00023015703380357313
9,Ethanol,120.0,6.907331807562574,-0.028896072936583105
9,Ethanol,120.0,6.912811145457961,-0.0021205133936214385
9,Ethanol,120.0,6.9352948775779915,-0.041613122784224174
9,Ethanol,120.0,6.892823621089685,-0.016395754231287595
9,Ethanol,120.0,6.955752334996429,-0.05648698456279437
9,Ethanol,120.0,6.968012539197007,-0.03483546401410543
9,Ethanol,120.0,6.9556185637557295,-0.05196216775760307
9,Ethanol,120.0,6.9280099857912365,-0.09777660563021123
9,Ethanol,120.0,6.629583181292401,0.02402692138146006
9,Ethanol,120.0,6.998350113091189,-0.08115176628064745
9,Ethanol,120.0,6.967674732661126,-0.08085349764955499
9,Ethanol,100.0,7.02931646238758,-0.07855517892455688
9,Ethanol,120.0,7.046029884090392,-0.07032440013759854
9,Ethanol,120.0,7.050904180959073,-0.08580569563557429
9,Ethanol,120.0,7.044828801398068,-0.10467331938356506
9,Ethanol,120.0,7.062825716590508,-0.09223463622824206
9,Ethanol,120.0,7.078949151029172,-0.10875755821604821
9,Ethanol,120.0,7.082558644098491,-0.04890030842049
9,Ethanol,120.0,7.125399445889819,-0.15931472942341465
9,Ethanol,120.0,7.122168556330199,-0.1725474980364887
9,Ethanol,120.0,7.146375458902653,-0.17936398570346787
9,Ethanol,120.0,7.135367299414654,-0.1634293271487596
9,Ethanol,120.0,7.164919763707168,-0.16941369222637434
9,Ethanol,120.0,7.179765712359442,-0.15958244054134146
9,Ethanol,120.0,7.17354235536832,-0.15558073783191917
9,Ethanol,120.0,7.186645755456567,-0.1689659008363756
9,Ethanol,120.0,7.1918477513065096,-0.15716303693459413
9,Ethanol,120.0,7.1907613970853115,-0.17624331721102257
9,Ethanol,120.0,7.205703884755225,-0.2117884069978485
9,Ethanol,120.0,7.208547454990132,-0.18838341714251305
9,Ethanol,120.0,7.258591056352152,-0.1757128261460021
9,Ethanol,120.0,7.206618870108203,-0.1896807743718242
9,Ethanol,120.0,7.276216388928739,-0.18264265361980253
9,Ethanol,120.0,7.20156363170197,-0.15331787651113593
9,Ethanol,120.0,7.212235651841574,-0.14285730421045806
9,Ethanol,120.0,7.263073194780799,-0.12790831111301046
9,Ethanol,120.0,7.256198131004672,-0.12471852300747105
9,Ethanol,120.0,7.239722130755919,-0.13181623860287867
9,Ethanol,120.0,7.261875410730058,-0.1414206629796262
9,Ethanol,120.0,7.222232153633487,-0.13381957045736376
9,Ethanol,120.0,7.2329553045939186,-0.1630320286922778
9,Ethanol,120.0,7.259666736005554,-0.13906969741403719
9,Ethanol,120.0,7.2739892879264385,-0.12439924788912635
9,Ethanol,120.0,7.2476057164673096,-0.16300503917587245
9,Ethanol,120.0,7.229316500387528,-0.1739637860194145
9,Ethanol,120.0,7.265550052026799,-0.15319697935934226
9,Ethylene,100.0,8.776083382047704,1.2427031003509914
9,Ethylene,100.0,8.45424112688236,1.256965287057479
9,Ethylene,100.0,8.119952143291751,1.2495092619982178
9,Ethylene,100.0,7.920512918851205,1.2645177243198922
9,Ethylene,100.0,7.727108380058008,1.2475303160815128
9,Ethylene,100.0,7.543406775649314,1.2729823443614412
9,Ethylene,100.0,7.283994733315438,1.2931315090626916
9,Ethylene,100.0,7.1559463697278805,1.2516874599716465
9,Ethylene,100.0,6.9449830424532575,1.261773363623553
9,Ethylene,100.0,6.704715067599042,1.3498360219705576
9,Ethylene,100.0,6.6521841351251085,1.2317104811259851
9,Ethylene,100.0,6.519865321386746,1.217668409632724
9,Ethylene,100.0,6.44268054700243,1.247697809466497
9,Ethylene,100.0,6.332051600412592,1.184927842436549
9,Ethylene,100.0,6.176252501346731,1.2157457182233258
9,Ethylene,100.0,6.097801133407752,1.2175817751351363
9,Ethylene,100.0,6.031725270012881,1.2223969833620214
9,Ethylene,100.0,5.948772367420878,1.176767516765624
9,Ethylene,100.0,5.833825433920784,1.1588508657023073
9,Ethylene,100.0,5.797194871907811,1.1635336896929716
9,Ethylene,100.0,5.7332950259653925,1.2075602154381835
9,Ethylene,100.0,5.712030100539758,1.194007766726607
9,Ethylene,100.0,5.576739862355396,1.204517961139822
9,Ethylene,100.0,5.5623098501818955,1.1566973868788704
9,Ethylene,100.0,5.4966383104447125,1.1767616985911415
9,Ethylene,100.0,5.427272092826837,1.113686134753725
9,Ethylene,100.0,5.375941709224793,1.1228554660712908
9,Ethylene,100.0,5.33906757094031,1.169594829026319
9,Ethylene,100.0,5.332047725383461,1.1887563283594802
9,Ethylene,100.0,5.254791432820104,1.1778549356276715
9,Ethylene,100.0,5.240272495767593,1.1508503621039046
9,Ethylene,100.0,5.1612536435960275,1.1336068241271662
9,Ethylene,100.0,5.187163333736106,1.1297136391504563
9,Ethylene,100.0,5.159261980382688,1.182711863106242
9,Ethylene,100.0,5.177392715787014,1.145189981631271
9,Ethylene,100.0,5.186024564345495,1.144852437050328
9,Ethylene,100.0,5.07446475482638,1.16407730390564
9,Ethylene,100.0,5.0159312559081615,1.1592955989369351
9,Ethylene,100.0,5.0141402090630045,1.1872969091948986
9,Ethylene,100.0,5.036581686622032,1.1840899773915756
9,Ethylene,100.0,4.982085989722487,1.1710502844825506
9,Ethylene,100.0,4.914350787377197,1.1683856782622786
9,Ethylene,100.0,4.9301673915538125,1.15207831024941
9,Ethylene,100.0,4.941383357042758,1.1963963148581498
9,Ethylene,100.0,4.898679553787806,1.2281709203898896
9,Ethylene,100.0,4.856933553011264,1.1338892683856496
9,Ethylene,100.0,4.891922745159146,1.0814422427679198
9,Ethylene,100.0,4.851972060732456,1.0673073292603872
9,Ethylene,100.0,4.844101527822418,1.0663949395117827
9,Ethylene,100.0,4.874236266050642,1.0578613154702485
9,Ammonia,100.0,4.095189782565459,2.9824486960091217
9,Ammonia,100.0,4.14629668236975,2.9702219606761573
9,Ammonia,100.0,4.159393726055475,2.9695601538476337
9,Ammonia,100.0,4.134405088944764,2.94861539786337
9,Ammonia,100.0,4.131076679622658,2.983024557213766
9,Ammonia,100.0,4.096001458443875,2.9039253334671815
9,Ammonia,100.0,4.074168837245544,2.98398175922227
9,Ammonia,100.0,4.011580126351271,3.003183332724688
9,Ammonia,100.0,4.041374618923932,2.9005577405758878
9,Ammonia,100.0,4.005379618588015,2.932738971426322
9,Ammonia,100.0,4.062898417549733,2.928188354637064
9,Ammonia,100.0,4.054908791144108,2.9014993162152227
9,Ammonia,100.0,4.068543875808054,2.927628324790892
9,Ammonia,100.0,4.000655503106712,2.864822740893175
9,Ammonia,100.0,4.0561386834435265,2.9653346519660904
9,Ammonia,100.0,4.048124520472003,2.9228979245991216
9,Ammonia,100.0,4.0130512829295375,2.8992946262353665
9,Ammonia,100.0,4.088407163383304,2.925586001495953
9,Ammonia,100.0,4.076166000814039,2.925134849291587
9,Ammonia,100.0,4.079987743370269,2.910940402219089
9,Ammonia,100.0,4.071811904818158,2.9341600135509753
9,Ammonia,100.0,4.099436881967656,2.8930405465991416
9,Ammonia,100.0,4.117202438489622,2.9057131223693844
9,Ammonia,100.0,4.123798814217365,2.9031996317375546
9,Ammonia,100.0,4.159364043688318,2.8953694181076908
9,Ammonia,100.0,4.168941490536598,2.894155616513162
9,Ammonia,100.0,4.221219375002542,2.8717121281689586
9,Ammonia,100.0,4.163704003733826,2.8930302104843033
9,Ammonia,100.0,4.144222257945556,2.9703315081528054
9,Ammonia,100.0,4.211101498407716,2.993553535478391
9,Ammonia,100.0,4.290572006245148,2.8092497515959916
9,Ammonia,100.0,4.230080011386504,2.8520519282193186
9,Ammonia,100.0,4.22749322214609,2.993637860207755
9,Ammonia,100.0,4.214414783076969,2.9354917340755846
9,Ammonia,100.0,4.211000798823985,2.9292010913264654
9,Ammonia,100.0,4.168898673630749,2.9225452977210487
9,Ammonia,100.0,4.020751044155899,2.963959683258441
9,Ammonia,100.0,4.195197445713916,2.9545215118643897
9,Ammonia,100.0,4.161991687413133,3.092072780251308
9,Ammonia,100.0,4.172133648858645,2.956127256263357
9,Ammonia,100.0,4.190179325645479,3.0013677345474075
9,Ammonia,100.0,4.193257505527237,2.936519144652439
9,Ammonia,100.0,4.189943028783856,2.961151256983521
9,Ammonia,100.0,4.2593668205667585,2.93618485073956
9,Ammonia,100.0,4.2674088451994825,2.956020115732025
9,Ammonia,100.0,4.262367956421015,2.815110351637693
9,Ammonia,100.0,4.286996199219927,2.880857725686664
9,Ammonia,100.0,4.299056832191842,2.883810969097624
9,Ammonia,100.0,4.321700635139638,2.86089614419514
9,Ammonia,100.0,4.295629105768649,2.852882836145404
9,Toluene,10.0,4.064900780798797,-0.9116494624685676
9,Toluene,10.0,3.465517023189205,-1.2364243251149192
9,Toluene,10.0,4.100557944036063,-1.1794110454497946
9,Toluene,10.0,4.574862800962962,-0.9683560270443529
9,Toluene,10.0,4.644102128511714,-1.0088997651521852
9,Toluene,10.0,4.954408425616442,-0.9788887070457608
9,Toluene,10.0,5.266969664150838,-0.911602733683046
9,Toluene,10.0,5.668575658761797,-0.6798159627242787
9,Toluene,10.0,5.945327298382256,-0.5684727249618091
9,Toluene,10.0,5.5500326111237115,-0.7425134188023783
9,Toluene,10.0,5.644393340636341,-0.7542550067954806
9,Toluene,10.0,5.721292369635991,-0.7101274115119429
9,Toluene,10.0,5.802049021943026,-0.6935647608898471
9,Toluene,10.0,5.898412055569476,-0.6487873791005467
9,Toluene,10.0,5.933301161679479,-0.6588892111458907
9,Toluene,10.0,5.997582578515396,-0.6240476421727439
9,Toluene,10.0,6.006013287279786,-0.6468807149004524
9,Toluene,10.0,6.013531337988524,-0.6756262669751072
9,Toluene,10.0,6.043434009169104,-0.6017968198674374
9,Toluene,10.0,6.07320647107442,-0.5987818451098983
9,Toluene,10.0,6.099597175407886,-0.6184915875773159
9,Toluene,10.0,6.127740003833841,-0.5734405575552175
9,Toluene,10.0,6.10142251006677,-0.6412299355733442
9,Toluene,10.0,6.12844324996957,-0.5994703878762788
9,Toluene,10.0,6.1214991423439775,-0.6299205012763882
9,Toluene,10.0,6.19803054723396,-0.579766457173233
9,Toluene,10.0,6.18835573607294,-0.6327299136356249
9,Toluene,10.0,6.202362462318953,-0.594808352052959
9,Toluene,10.0,6.173895814424255,-0.6407729744178621
9,Toluene,10.0,6.161544046679144,-0.560239420827222
9,Toluene,10.0,6.186717881143531,-0.5551159214950114
9,Toluene,10.0,6.269248938562006,-0.5861366121728648
9,Toluene,10.0,6.2633029311338415,-0.5742253146948915
9,Toluene,10.0,6.35124942765543,-0.5461195983102906
9,Toluene,10.0,6.279548817029704,-0.5789751375610173
9,Toluene,10.0,6.321569623211775,-0.5606146548489164
9,Toluene,10.0,6.347993789523894,-0.533402290164705
9,Toluene,10.0,6.338867303707311,-0.5680374140145507
9,Toluene,10.0,6.359389649225313,-0.5518920932568525
9,Toluene,10.0,6.341991253883281,-0.5454132578154137
9,Toluene,10.0,6.3360496969436655,-0.5427873155105272
9,Toluene,10.0,6.321464985991631,-0.5538583112825552
9,Toluene,10.0,6.380086292341232,-0.5744368932813326
9,Toluene,10.0,6.38816474978738,-0.5044137949701886
9,Toluene,10.0,6.361742795346125,-0.5633824679408381
9,Toluene,10.0,6.3831209259121495,-0.5460408661338014
9,Toluene,10.0,6.439319524166439,-0.48768798277007186
9,Toluene,10.0,6.3999928087979825,-0.5507597115261561
9,Toluene,10.0,6.39012874092889,-0.5316246611161782
9,Toluene,10.0,6.404695302927945,-0.5071594383728358
9,Toluene,10.0,6.464948548094258,-0.49753313293511275
9,Toluene,10.0,6.486152816678717,-0.4822765221736273
9,Toluene,10.0,6.486370149544376,-0.4813762403597518
9,Toluene,10.0,6.468962070410692,-0.5167196867550101
9,Toluene,10.0,6.474182475020734,-0.49853117176083067
9,Toluene,10.0,6.464720041686767,-0.5043080478661796
9,Toluene,10.0,6.385780513018683,-0.5105526502254026
9,Toluene,10.0,6.485063362621393,-0.49831212359372584
9,Toluene,10.0,6.452957126240479,-0.4947206957365904
9,Toluene,10.0,6.424310909081946,-0.4817849095311859
9,Toluene,10.0,6.496847368018273,-0.4808367242874056
9,Toluene,10.0,6.4264013588108515,-0.507077819285992
9,Toluene,10.0,6.430035227111283,-0.5111466657834769
9,Toluene,10.0,6.372735428530759,-0.573410653751684
9,Toluene,10.0,6.43939747126065,-0.523616514817441
9,Toluene,10.0,6.433063288677225,-0.5449920402958859
9,Toluene,10.0,6.462665022202572,-0.5158898609866548
9,Toluene,10.0,6.475390470507921,-0.5406238977275448
9,Toluene,10.0,6.469260932605413,-0.49871044228345957
9,Toluene,10.0,6.433210976382223,-0.569199006427393
9,Toluene,10.0,6.422299723426119,-0.5264209382868806
9,Toluene,10.0,6.414297412585144,-0.5617844045351199
9,Toluene,10.0,6.383262451743578,-0.6090963933866321
9,Toluene,10.0,6.423601946730384,-0.6381387513928449
9,Toluene,10.0,6.452355829112701,-0.6921568981665189
9,Toluene,10.0,6.47787566965118,-0.6298117915732765
9,Toluene,10.0,6.462345228765439,-0.5571136030929286
9,Toluene,10.0,6.533594299872314,-0.5936311472747366
9,Toluene,10.0,6.47788215341204,-0.5838925387529267
9,Toluene,10.0,6.502192480888346,-0.5880905618009238
9,Toluene,10.0,6.510343504306765,-0.6356362716373535
9,Toluene,10.0,6.533216276000463,-0.6346961224715653
9,Toluene,10.0,6.5092249890569,-0.6367566984360061
9,Toluene,10.0,6.500370366699058,-0.6450752422655265
9,Toluene,10.0,6.529127068719169,-0.6132723536356872
9,Toluene,10.0,6.545877451849509,-0.6181623934473263
9,Toluene,10.0,6.553658565705543,-0.5787415196742374
9,Toluene,10.0,6.547649918348679,-0.6293395396870624
9,Toluene,10.0,6.555059696532318,-0.527830462671876
9,Toluene,10.0,6.461280702833246,-0.5536089911353831
9,Toluene,10.0,6.5435345609777995,-0.5113233675536359
9,Toluene,10.0,6.499574509469281,-0.5534425197968911
9,Toluene,10.0,6.514143453569568,-0.5096639294853411
9,Toluene,10.0,6.453520946694678,-0.5805856669686802
9,Toluene,10.0,6.5406715929625285,-0.5182752123055223
9,Toluene,10.0,6.509336591378578,-0.5210221430009778
9,Toluene,10.0,6.5162643784716625,-0.49347943632412644
9,Toluene,10.0,6.557614697614479,-0.4913553420276565
9,Toluene,10.0,6.541037543082638,-0.5066508861031733
9,Toluene,10.0,6.51683020160169,-0.5411117454012092
10,Ethylene,10.0,9.571081074933165,0.6752261730575173
10,Ethanol,50.0,10.922692312662923,0.38315477152784105
10,Ethylene,250.0,0.541741196040988,1.8263675009708042
10,Ethanol,600.0,7.798130226215639,-0.5533382905304003
10,Ethylene,150.0,3.8675564596912517,1.854569978577152
10,Ethanol,1000.0,6.10691669727166,-1.0990592042031098
10,Ethylene,50.0,7.619718868024304,1.1311108817361137
10,Ethanol,200.0,9.651506608635033,0.32695330107250864
10,Ethylene,100.0,5.530012329355181,1.355792678348877
10,Ethanol,800.0,2.442966413641956,-0.9884728540180185
10,Ethylene,200.0,2.601189242445881,1.333254213799206
10,Ethanol,400.0,4.889397820115525,-0.9734158718432996
10,Ethylene,150.0,3.8203889768423793,1.244943494347327
10,Ethanol,1000.0,-4.23321020021039,-3.3008249130731655
10,Ethylene,50.0,7.587990617766666,0.6833961259856121
10,Ethanol,200.0,7.422805386504689,-0.4170514444514025
10,Ethylene,100.0,5.457260844900921,0.8949102690643217
10,Ethanol,800.0,-1.7932807553572772,-2.961791797277845
10,Ethylene,200.0,2.3156157930155685,1.1914846452058827
10,Ethanol,400.0,4.299406192670257,-1.3466646539143188
10,Ethylene,10.0,9.527607970781272,0.2112066221444679
10,Ethanol,50.0,9.981662075914693,0.15385673025821256
10,Ethylene,250.0,0.556188701430438,1.2687797732214738
10,Ethanol,600.0,1.7499574166262877,-2.1513031430807503
10,Ethylene,50.0,7.56154206367873,0.7630210675666099
10,Ethanol,200.0,7.777816490863776,-0.2695180107669258
10,Ethylene,100.0,5.561814504278755,1.0848825996721272
10,Ethanol,800.0,-0.5597988585967596,-2.716644891049345
10,Ethylene,200.0,2.443631755331473,1.234090639689592
10,Ethanol,400.0,4.673154004249952,-1.2463871400336615
10,Ethylene,10.0,9.585143709401,0.30686073867526575
10,Ethanol,50.0,10.06688860000962,0.27416835270154416
10,Ethylene,250.0,0.66042092814451,1.3913225461026693
10,Ethanol,600.0,1.6559640253943761,-1.986792405039874
10,Ethylene,150.0,3.964123761700978,1.2697640170862605
10,Ethanol,1000.0,-3.236090614852645,-3.4586331985538163
10,Ethylene,10.0,9.81770983376557,0.3351869333321283
10,Ethanol,50.0,10.308845838751596,0.3280272354161047
10,Ethylene,50.0,7.495901865409969,0.7492440151314786
10,Ethanol,200.0,7.622206241779818,-0.3782754385836948
10,Ethylene,100.0,5.55915406616896,1.0623330559008899
10,Ethanol,800.0,-0.9772434712528516,-2.845598933778367
10,Ethylene,200.0,2.5376520385461374,1.2300818121155686
10,Ethanol,400.0,4.6320338922888995,-1.2671331776414918
10,Ethylene,250.0,0.5024498120794217,1.387213072313864
10,Ethanol,600.0,1.4450367710430683,-2.266446608123935
10,Ethylene,150.0,3.6487676427343554,1.2611622708368049
10,Ethanol,1000.0,-3.988789691176917,-3.625379074158101
10,Ethylene,200.0,2.1152880266229155,1.4024174898213668
10,Ethanol,400.0,4.1797483701490155,-1.3884034791486097
10,Ethylene,10.0,9.447176756595747,0.17007345532507437
10,Ethanol,50.0,9.970355718047399,0.23017362289861384
10,Ethylene,250.0,0.3412624209922716,1.339581743809902
10,Ethanol,600.0,1.2655371350734042,-2.301130089585607
10,Ethylene,150.0,3.5944939363163484,1.267211997117603
10,Ethanol,1000.0,-4.556430324079492,-3.973229685870724
10,Ethylene,50.0,7.426275860696206,0.7207401769340392
10,Ethanol,200.0,6.980505624299418,-0.439194147893974
10,Ethylene,100.0,5.419538801941915,1.0864635426900184
10,Ethanol,800.0,-1.9593932923847028,-3.170542112537013
10,Ethylene,50.0,7.160499184618084,0.5785801250650093
10,Ethanol,200.0,7.152529551129339,-0.514668138034125
10,Ethylene,100.0,5.236551430714041,1.1410314647367514
10,Ethanol,800.0,-2.014094151510387,-3.1995035524656217
10,Ethylene,200.0,1.9424985670437358,1.3303096794964062
10,Ethanol,400.0,3.899908901731542,-1.4831810828289422
10,Ethylene,10.0,9.403950172409292,0.17473768310088572
10,Ethanol,50.0,9.917199843028756,0.2602941455123507
10,Ethylene,250.0,0.3803284600648016,1.53267417379015
10,Ethanol,600.0,1.167849011298069,-2.330235016601394
10,Ethylene,150.0,3.7453498576903694,1.3926980450305926
10,Ethanol,1000.0,-4.924839011982954,-3.936365027181746
10,Ethylene,150.0,3.717296290652965,1.205538764465429
10,Ethanol,1000.0,-4.638917294763222,-4.034694715118628
10,Ethylene,50.0,7.375088561757131,0.5791633188838751
10,Ethanol,200.0,7.444565235082941,-0.41506511562783244
10,Ethylene,100.0,5.743972807938537,1.0583854117823779
10,Ethanol,800.0,-1.5535218663654058,-3.064101532180504
10,Ethylene,200.0,2.659491214487627,1.3052776373383197
10,Ethanol,400.0,4.370218844127405,-1.3445406501202213
10,Ethylene,10.0,9.793909044952716,0.29639515663797633
10,Ethanol,50.0,10.324235133313273,0.36634496798739996
10,Ethylene,250.0,1.066200118406604,1.4109207428593382
10,Ethanol,600.0,1.2995657812588766,-2.3082064311325543
10,Ethylene,250.0,1.2546642879567036,1.4347164368152323
10,Ethanol,600.0,1.3195296424685037,-2.3310848947999183
10,Ethylene,150.0,4.229768369927329,1.2942113381480738
10,Ethanol,1000.0,-4.064548303748817,-3.8746927896038397
10,Ethylene,10.0,9.84526259730419,0.291302606049249
10,Ethanol,50.0,10.360585187940973,0.40510746531606295
10,Ethylene,50.0,7.643912313964446,0.8203893478790302
10,Ethanol,200.0,7.431459121684368,-0.42163735067506297
10,Ethylene,100.0,5.733869464753427,1.1161526951559917
10,Ethanol,800.0,-1.4732173231277321,-3.2159269576301925
10,Ethylene,200.0,2.748345955449816,1.312415303323099
10,Ethanol,400.0,4.345544532728298,-1.4257955870939996
10,Ethylene,10.0,9.810296959807673,0.2965423732687809
10,Ethanol,50.0,10.37852504521961,0.40747220944076123
10,Ethylene,250.0,1.091873520244992,1.4385953462092969
10,Ethanol,600.0,1.2930188641377804,-2.3839426293299493
10,Ethylene,150.0,4.253332607390918,1.3066917016409967
10,Ethanol,1000.0,-4.142754420009137,-4.071722567911745
10,Ethylene,50.0,7.808963552125919,0.8057262644178883
10,Ethanol,200.0,7.4133021852864145,-0.42221757801977744
10,Ethylene,100.0,5.781948755460701,1.1652948531453442
10,Ethanol,800.0,-1.6684922366266695,-3.3148600376168567
10,Ethylene,200.0,2.7128220801458878,1.367492867633414
10,Ethanol,400.0,4.222482534659232,-1.459115705071557
10,Ethylene,50.0,7.766884822959929,0.8336922925142736
10,Ethanol,200.0,7.403826293646811,-0.4287577737964074
10,Ethylene,100.0,5.752903501958913,1.1401425712713418
10,Ethanol,800.0,-1.7630864705443625,-3.363546647619856
10,Ethylene,200.0,2.7346922924809998,1.4266803721041
10,Ethanol,400.0,4.144536146884122,-1.467418749234052
10,Ethylene,10.0,9.91548956281276,0.36792491838915076
10,Ethanol,50.0,10.392883111294116,0.46639927636791173
10,Ethylene,250.0,1.1143112972486304,1.6070161421925895
10,Ethanol,600.0,1.1196294419839485,-2.5022381174608643
10,Ethylene,150.0,4.269217857876514,1.40240811882999
10,Ethanol,1000.0,-4.3883085014486625,-4.217446934494308
10,Toluene,1.0,10.759780677607473,0.8791618484612298
10,Acetaldehyde,10.0,8.305692927047307,2.3052758646093734
10,Toluene,100.0,3.9397755920243767,2.000575543675956
10,Acetaldehyde,150.0,-24.221135035979923,12.06716626484337
10,Toluene,60.0,7.260534536581018,1.7616770787273413
10,Acetaldehyde,250.0,-33.783439369251056,6.799980667773008
10,Toluene,20.0,9.43577063737289,1.1707461232383225
10,Acetaldehyde,50.0,2.522046794448263,2.540429369818903
10,Toluene,40.0,8.106806425431943,1.4130700720052807
10,Acetaldehyde,200.0,-9.485355150450406,-0.020802236135801417
10,Toluene,80.0,5.922764205553763,1.621528926545159
10,Acetaldehyde,100.0,0.37591552522411464,0.6222352138612074
10,Toluene,60.0,7.022258205525564,1.5028415622318652
10,Acetaldehyde,250.0,-9.511236311153615,-1.8576326570166315
10,Toluene,20.0,9.224359970441386,1.1658184168052366
10,Acetaldehyde,50.0,4.993613432469628,0.6901048060246809
10,Toluene,40.0,8.044536348468345,1.3994518065430315
10,Acetaldehyde,200.0,-10.231888448032667,0.34466713136060545
10,Toluene,80.0,6.487197426316498,1.7401469699595298
10,Acetaldehyde,100.0,-3.211966752067959,2.0772134632735306
10,Toluene,1.0,10.906204388523875,0.7061783107791221
10,Acetaldehyde,10.0,9.45601875515881,0.9471938285130495
10,Toluene,100.0,5.537107333260616,1.7544381632627715
10,Acetaldehyde,150.0,-8.79558438004571,1.8729032092476443
10,Toluene,20.0,9.481152370686338,1.1982220289137449
10,Acetaldehyde,50.0,3.6357256470689236,1.6428617027847099
10,Toluene,40.0,8.297851447984588,1.4914649543580207
10,Acetaldehyde,200.0,-9.887136852053523,-0.09505159270005047
10,Toluene,80.0,6.35429418662722,1.7067120329645113
10,Acetaldehyde,100.0,-0.026845536470329993,0.5381483944742556
10,Toluene,1.0,10.979065224476702,0.7486182483125914
10,Acetaldehyde,10.0,10.100676000678286,0.7376571364513674
10,Toluene,100.0,5.508208372915543,1.7869160010936602
10,Acetaldehyde,150.0,-3.63497077659793,-0.14981975898739916
10,Toluene,60.0,7.515206921244901,1.635440271490865
10,Acetaldehyde,250.0,-9.038790133643724,-2.0521178128884
10,Toluene,1.0,11.025081328031469,0.7608043533195875
10,Acetaldehyde,10.0,10.411197153625135,0.7689300098558276
10,Toluene,20.0,9.309453149095383,1.2114213728908716
10,Acetaldehyde,50.0,5.206010605492886,0.7537873076103478
10,Toluene,40.0,8.253388570877043,1.4908049438572863
10,Acetaldehyde,200.0,-5.87695363853681,-1.437450278225085
10,Toluene,80.0,6.3541524073212345,1.6924372761018958
10,Acetaldehyde,100.0,1.3061377979766806,0.06925730762243401
10,Toluene,100.0,5.864553730849283,1.7901910681000295
10,Acetaldehyde,150.0,-2.3660236459949933,-0.6023007879562314
10,Toluene,60.0,7.551745382617282,1.644946597255144
10,Acetaldehyde,250.0,-8.601480011265876,-2.1478710544958535
10,Toluene,80.0,6.686214391136022,1.7046870563285972
10,Acetaldehyde,100.0,1.679021157681782,-0.10493584877666877
10,Toluene,1.0,11.031817102069066,0.7938605486435625
10,Acetaldehyde,10.0,10.465726781371174,0.7724956347580026
10,Toluene,100.0,5.70905975866954,1.8076903821799928
10,Acetaldehyde,150.0,-2.38189052253171,-0.6262682939227624
10,Toluene,60.0,7.508714550164158,1.6592409283765248
10,Acetaldehyde,250.0,-7.587106970168712,-2.468206894894625
10,Toluene,20.0,9.465531472582926,1.2567945835517156
10,Acetaldehyde,50.0,5.978060475765871,0.32587627206388886
10,Toluene,40.0,8.32701246922418,1.5123544806890559
10,Acetaldehyde,200.0,-5.146321127245078,-1.687108856338877
10,Toluene,20.0,9.314962626211035,1.2345873850226228
10,Acetaldehyde,50.0,5.880918040768706,0.3124439425889709
10,Toluene,40.0,8.158631488766805,1.5084034736384082
10,Acetaldehyde,200.0,-5.0164314983128415,-1.7519043171824944
10,Toluene,80.0,6.1968684278104735,1.7243636066850339
10,Acetaldehyde,100.0,1.9377960057050647,-0.3580955263344947
10,Toluene,1.0,10.848051308845418,0.7511199442026641
10,Acetaldehyde,10.0,10.373616746080833,0.649247439992584
10,Toluene,100.0,5.219003526330594,1.793826955425557
10,Acetaldehyde,150.0,-1.7165602229450858,-1.169440328345077
10,Toluene,60.0,7.001857258908133,1.5920168935222658
10,Acetaldehyde,250.0,-7.9127351715245595,-2.4271208471453782
10,Toluene,60.0,6.901355689594639,1.5710978937830253
10,Acetaldehyde,250.0,-7.413124539626263,-2.8810448872200403
10,Toluene,20.0,8.90140586159522,1.1111468261956712
10,Acetaldehyde,50.0,5.766835875897246,0.01115481004865088
10,Toluene,40.0,7.752126022036798,1.4570842409926494
10,Acetaldehyde,200.0,-4.445885385771937,-2.053629302572341
10,Toluene,80.0,5.913364779500414,1.5924261666331878
10,Acetaldehyde,100.0,1.6996881265466854,-0.5027919109777907
10,Toluene,1.0,10.577208175270822,0.6171032064820213
10,Acetaldehyde,10.0,10.109038481549414,0.5294028966579787
10,Toluene,100.0,4.910737414231496,1.737966876817456
10,Acetaldehyde,150.0,-1.5279142573811573,-1.1748257887805318
10,Toluene,100.0,5.637931003982666,1.829194773648795
10,Acetaldehyde,150.0,-1.5702083462927994,-1.1719545685606987
10,Toluene,60.0,6.972742659735399,1.5628357904970276
10,Acetaldehyde,250.0,-7.664044359829807,-2.6697782465206252
10,Toluene,1.0,10.526096530810914,0.5484700252331821
10,Acetaldehyde,10.0,10.043095230805513,0.47935785679015147
10,Toluene,20.0,8.770693958517958,1.098915644172876
10,Acetaldehyde,50.0,5.512289170729301,0.07397955952317352
10,Toluene,40.0,7.737928751238818,1.4172779386040417
10,Acetaldehyde,200.0,-4.030028021909468,-2.2163561427164686
10,Toluene,80.0,5.744317146151366,1.6681460162475368
10,Acetaldehyde,100.0,2.433300490598684,-0.6257233822675538
10,Toluene,1.0,10.476561527817179,0.5935199124549974
10,Acetaldehyde,10.0,10.21568021401731,0.6342632965445204
10,Toluene,100.0,4.881132304990604,1.7239819974494872
10,Acetaldehyde,150.0,-1.3487596408015838,-1.220432383930083
10,Toluene,60.0,6.897384062133087,1.61156938430277
10,Acetaldehyde,250.0,-6.981068485327994,-2.5523731446050513
10,Toluene,20.0,8.895087413107289,1.134903760214695
10,Acetaldehyde,50.0,5.846167231896781,0.018893556990342925
10,Toluene,40.0,7.686601422177622,1.4044215308938732
10,Acetaldehyde,200.0,-4.439474121340396,-1.8661997608791916
10,Toluene,80.0,5.846872688832117,1.7663931613756134
10,Acetaldehyde,100.0,3.0745501171856464,-0.5101550306985293
10,Toluene,20.0,9.416976028732712,1.3138918639124495
10,Acetaldehyde,50.0,6.87500959473806,0.2148699133983713
10,Toluene,40.0,8.32625841803887,1.6059938984199202
10,Acetaldehyde,200.0,-2.9434609063651562,-1.8270802272700546
10,Toluene,80.0,6.635025643221858,1.8896054665019635
10,Acetaldehyde,100.0,3.215031030663675,-0.2903412027037746
10,Toluene,1.0,11.068813374567796,0.844234967033398
10,Acetaldehyde,10.0,10.747515732668315,0.7945976290083668
10,Toluene,100.0,5.734436450988457,1.9163870770483464
10,Acetaldehyde,150.0,-0.225430454477984,-0.8156143558736775
10,Toluene,60.0,7.602593029329674,1.787896827029378
10,Acetaldehyde,250.0,-5.6441828005485455,-2.190217759429203
10,Ethylene,10.0,10.185569335938714,0.2846664110120126
10,Ethanol,50.0,10.25996428393067,0.19658309581012867
10,Ethylene,250.0,3.6633072420823343,0.9220900654233721
10,Ethanol,600.0,1.3366817958091004,-2.5611540952361436
10,Ethylene,150.0,6.221242595198731,1.0438571884655221
10,Ethanol,1000.0,-4.384122848565322,-4.445009896175717
10,Ethylene,50.0,8.927767275803701,0.7265166494973401
10,Ethanol,200.0,7.637026464311833,-0.3996519155741895
10,Ethylene,100.0,7.36979875747188,1.0323150027220693
10,Ethanol,800.0,-1.9237927819377474,-3.6626135660706165
10,Ethylene,200.0,4.9264106954389995,1.3379410879465627
10,Ethanol,400.0,4.22904227837204,-1.4862889970537145
10,Ethylene,150.0,6.049543907890256,1.3447156964036548
10,Ethanol,1000.0,-4.881972844882145,-4.7144697837855345
10,Ethylene,50.0,8.79736709513066,0.8125049675237717
10,Ethanol,200.0,7.607991363146688,-0.37582533309598304
10,Ethylene,100.0,7.1459708019163655,1.1327598243568404
10,Ethanol,800.0,-2.168816140819553,-3.786580363309604
10,Ethylene,200.0,4.612257269807416,1.3581760016164082
10,Ethanol,400.0,4.077226337486741,-1.531364965545639
10,Ethylene,10.0,10.354024235659638,0.5032149194842618
10,Ethanol,50.0,10.62618285769212,0.5736039165589392
10,Ethylene,250.0,3.2682475048713537,1.6981751438836388
10,Ethanol,600.0,0.5771047103086454,-2.740253032962905
10,Ethylene,50.0,8.729783935897185,0.8789528959311289
10,Ethanol,200.0,7.465561979390993,-0.3331865189616576
10,Ethylene,100.0,7.117561362043883,1.109363029033523
10,Ethanol,800.0,-2.6034873626625465,-3.8867751286312044
10,Ethylene,200.0,4.589898011233022,1.3362351741971776
10,Ethanol,400.0,3.9610456553966076,-1.534287715529643
10,Ethylene,10.0,10.271355119200168,0.4598078404644665
10,Ethanol,50.0,10.634539315953258,0.5908157044018024
10,Ethylene,250.0,3.1333491707026364,1.6660772060453333
10,Ethanol,600.0,0.49868874987453504,-2.8218138251800835
10,Ethylene,150.0,5.854059479929196,1.3856264179605624
10,Ethanol,1000.0,-5.270069348133764,-4.813323094332472
10,Ethylene,10.0,10.396497991198473,0.5367255602876261
10,Ethanol,50.0,10.6798424974696,0.5862900301263161
10,Ethylene,50.0,8.589343424702513,0.88410379429882
10,Ethanol,200.0,7.450292057324968,-0.3306799727127015
10,Ethylene,100.0,7.084331889923714,1.22325432828865
10,Ethanol,800.0,-2.518613519726458,-3.8735960446764937
10,Ethylene,200.0,4.571595102772535,1.5195726307954835
10,Ethanol,400.0,3.750361530728376,-1.6079240839909703
10,Ethylene,250.0,2.987266257215075,1.9127638791029564
10,Ethanol,600.0,-0.2628267355053505,-3.018173878855182
10,Ethylene,150.0,5.130337864865333,1.3552790102697114
10,Ethanol,1000.0,-6.478328530959656,-5.094869489374724
10,Ethylene,200.0,3.8237651867980533,1.5334940238205343
10,Ethanol,400.0,3.1304727871411697,-1.800501731346691
10,Ethylene,10.0,9.712192281932495,0.3138413801846322
10,Ethanol,50.0,9.960217562974128,0.3018927059342328
10,Ethylene,250.0,2.2873640214007898,1.8192405296084186
10,Ethanol,600.0,-0.3671354241309781,-3.090695991899036
10,Ethylene,150.0,5.054029424098877,1.3510250846684757
10,Ethanol,1000.0,-6.643749545321782,-5.137965348033027
10,Ethylene,50.0,8.050087481811278,0.6852633706096277
10,Ethanol,200.0,6.6800862064703495,-0.6958210106487046
10,Ethylene,100.0,6.36116744727321,1.0979394152514406
10,Ethanol,800.0,-3.5863741692187583,-4.152089460224395
10,Ethylene,50.0,7.915434045544037,0.6186972253315449
10,Ethanol,200.0,6.699274835715578,-0.6109440437206795
10,Ethylene,100.0,6.22109048954186,0.9432066841875689
10,Ethanol,800.0,-3.6699091153841854,-4.187202933168908
10,Ethylene,200.0,3.5316083753379006,1.3955527830535412
10,Ethanol,400.0,2.9722044348056054,-1.8768722528222295
10,Ethylene,10.0,9.592395590958532,0.22944034292472
10,Ethanol,50.0,9.952552757208748,0.3397065198649001
10,Ethylene,250.0,2.136978881778982,1.79827725143331
10,Ethanol,600.0,-0.5924003398954717,-3.1675079753387467
10,Ethylene,150.0,4.955884899694804,1.3314814942283033
10,Ethanol,1000.0,-6.608370311504435,-5.2057649232826115
10,Ethylene,150.0,4.986434151696905,1.2931889546838256
10,Ethanol,1000.0,-6.4880606123809725,-5.140027304993165
10,Ethylene,50.0,7.934618685678662,0.5862138281530282
10,Ethanol,200.0,6.6759955904795785,-0.6280815066500884
10,Ethylene,100.0,6.335143566412228,1.1369415596098686
10,Ethanol,800.0,-3.5867910991790537,-4.2633847535664335
10,Ethylene,200.0,3.870573690787035,1.5440994151788634
10,Ethanol,400.0,3.271492221870907,-1.775710358186301
10,Ethylene,10.0,9.91930315034201,0.44837498354526106
10,Ethanol,50.0,10.248315705073164,0.5144782512381569
10,Ethylene,250.0,2.303573372848054,1.8478606820097498
10,Ethanol,600.0,-0.3108618400523685,-3.091119135845357
10,Ethylene,250.0,2.5891022875819916,1.8956645383358168
10,Ethanol,600.0,-0.2727667443200251,-3.0125773369645588
10,Ethylene,150.0,5.213199548668274,1.5523809027074582
10,Ethanol,1000.0,-6.6168872633524805,-5.218174426711414
10,Ethylene,10.0,9.93069937441451,0.46109195456345886
10,Ethanol,50.0,10.151349789030942,0.4270511403743003
10,Ethylene,50.0,7.909749018338172,0.8235286417217809
10,Ethanol,200.0,6.4654372674516365,-0.6692119186366343
10,Ethylene,100.0,6.28478855407314,1.1859772883854134
10,Ethanol,800.0,-4.206416263838662,-4.408505878452168
10,Ethylene,200.0,4.019379793624881,1.671123743712046
10,Ethanol,400.0,3.2592386768518318,-1.7610940742042775
10,Ethylene,10.0,10.140337574556755,0.5267905941424215
10,Ethanol,50.0,10.423738229742597,0.4998757467744241
10,Ethylene,250.0,2.4383741373627035,1.9432227562670257
10,Ethanol,600.0,-0.3304952015057731,-3.121385468156163
10,Ethylene,150.0,5.386330996027503,1.5749582090403413
10,Ethanol,1000.0,-6.406112035169995,-5.2328850081246685
10,Ethylene,50.0,8.424479786321209,0.94209000763437
10,Ethanol,200.0,7.051002259487158,-0.44980498771912114
10,Ethylene,100.0,6.651672686427888,1.3032483509230592
10,Ethanol,800.0,-3.663887389079196,-4.304941053314693
10,Ethylene,200.0,3.9244541695530635,1.6586081561629178
10,Ethanol,400.0,3.230327746271023,-1.8020103042010007
10,Ethylene,50.0,8.444586788252089,0.9865779943868589
10,Ethanol,200.0,6.9548079203719055,-0.4252514458696171
10,Ethylene,100.0,6.6564086566847385,1.3548510627594852
10,Ethanol,800.0,-3.8478640888471114,-4.307695531841907
10,Ethylene,200.0,4.002434848161377,1.7224780984077894
10,Ethanol,400.0,3.179656501823293,-1.8009382574852775
10,Ethylene,10.0,10.160620653994997,0.5351675750786404
10,Ethanol,50.0,10.478445030452885,0.5918724923331994
10,Ethylene,250.0,2.4081743986020454,2.03518839924382
10,Ethanol,600.0,-0.6059294208308326,-3.163494746459869
10,Ethylene,150.0,5.31558406158457,1.6784508072214321
10,Ethanol,1000.0,-6.9113160659770365,-5.309676043923416
10,Ethylene,10.0,10.182826962236554,0.5168557405141991
10,Ethanol,50.0,10.540927689574978,0.5518499330132426
10,Ethylene,250.0,2.454316057905185,1.9585802029310522
10,Ethanol,600.0,-0.43571883793354155,-3.112135392976838
10,Ethylene,150.0,5.303781189606891,1.5303147638644974
10,Ethanol,1000.0,-8.704244207869761,-5.2546391140304864
10,Ethylene,50.0,8.458813427735679,0.956770830459703
10,Ethanol,200.0,6.928266298998651,-0.4961887379202025
10,Ethylene,100.0,6.673428200292407,1.356393235353179
10,Ethanol,800.0,-3.8376505472783666,-4.345381390106081
10,Ethylene,200.0,3.9495353041835637,1.7445014265045196
10,Ethanol,400.0,3.1034728779957352,-1.82379864103874
10,Ethylene,150.0,5.356317069849934,1.5951058142157826
10,Ethanol,1000.0,-6.849999513579341,-5.3793515700285255
10,Ethylene,50.0,8.420064442852585,0.936021269685829
10,Ethanol,200.0,6.96787190817407,-0.4495740218457886
10,Ethylene,100.0,6.780464873281829,1.41581308292635
10,Ethanol,800.0,-3.8608898489467016,-4.314240768060538
10,Ethylene,200.0,4.042474286470833,1.7233031413686206
10,Ethanol,400.0,3.0906111708745048,-1.8223503177330738
10,Ethylene,10.0,10.191335397930246,0.538497541338272
10,Ethanol,50.0,10.587024879146458,0.5980712300480255
10,Ethylene,250.0,2.538005784976091,2.048253843381574
10,Ethanol,600.0,-0.398329747026446,-3.179860469021236
10,Ethylene,50.0,8.69531325309648,1.043407524945983
10,Ethanol,200.0,7.170314882743532,-0.38374348699187677
10,Ethylene,100.0,6.995330653819676,1.4420136177610143
10,Ethanol,800.0,-3.6761289532195343,-4.386561673961578
10,Ethylene,200.0,4.302515249355145,1.7384360619322734
10,Ethanol,400.0,3.29423355695197,-1.7806618582375267
10,Ethylene,10.0,10.395128348971069,0.6109916550930672
10,Ethanol,50.0,10.852240599901766,0.7165722694743705
10,Ethylene,250.0,2.7901658168342376,1.927946824470243
10,Ethanol,600.0,-0.20230461208377234,-3.073517408366659
10,Ethylene,150.0,5.6710830892709785,1.5572220674162407
10,Ethanol,1000.0,-6.324255118087139,-5.2768340630596
10,Ethylene,10.0,10.472733802348953,0.6567003608765069
10,Ethanol,50.0,10.867655712928396,0.7114508854193783
10,Ethylene,50.0,8.584584722158478,1.0999967757252487
10,Ethanol,200.0,7.132037351978934,-0.40556748881873633
10,Ethylene,100.0,6.92581776254505,1.3801585490226678
10,Ethanol,800.0,-3.419224724102497,-4.283644943626652
10,Ethylene,200.0,4.272253297378983,1.6688769547924656
10,Ethanol,400.0,3.423174366054545,-1.7614442433160291
10,Ethylene,250.0,3.043240914618475,1.8534833810339353
10,Ethanol,600.0,-0.0017181072026436707,-3.0386720768660593
10,Ethylene,150.0,5.708017899570967,1.5824155659507304
10,Ethanol,1000.0,-6.260490732471816,-5.297722120900638
10,Ethylene,200.0,4.428905786266081,1.6373206994551466
10,Ethanol,400.0,3.4583888613439204,-1.7334563651521353
10,Ethylene,10.0,10.395472355249673,0.5881650881101294
10,Ethanol,50.0,10.840739052775245,0.7230673984951798
10,Ethylene,250.0,2.870233754844757,1.918308360239766
10,Ethanol,600.0,-0.21174656434503072,-3.105454625019757
10,Ethylene,150.0,5.7425540834420445,1.5227234315157212
10,Ethanol,1000.0,-6.336635092913836,-5.272126043155886
10,Ethylene,50.0,8.775898778541716,0.9426284351116608
10,Ethanol,200.0,7.236696155462031,-0.3722981486899098
10,Ethylene,100.0,7.096915101039006,1.2945623701914248
10,Ethanol,800.0,-3.764702598775343,-4.351056159707643
10,Ethylene,50.0,8.544644315733096,0.8413596136082295
10,Ethanol,200.0,7.019446080368211,-0.4563487969271871
10,Ethylene,100.0,7.058118867209852,1.2026162871424873
10,Ethanol,800.0,-3.6273429774770203,-4.237298229668438
10,Ethylene,200.0,4.417991832310908,1.3157832705468155
10,Ethanol,400.0,3.3089853794583375,-1.761916851292084
10,Ethylene,10.0,10.134613829023653,0.4304092229000788
10,Ethanol,50.0,10.42000064035605,0.5190872096359851
10,Ethylene,250.0,3.0883622309542416,1.4701801600478497
10,Ethanol,600.0,-0.10630696473051267,-2.9601600894808198
10,Ethylene,150.0,5.769826353833241,1.2021063841603032
10,Ethanol,1000.0,-6.1549192175717184,-4.98096592543418
10,Ethylene,150.0,5.844472300284353,1.1247744584424977
10,Ethanol,1000.0,-5.888554719593553,-4.8808230142531706
10,Ethylene,50.0,8.64516018929992,0.6813633200252129
10,Ethanol,200.0,7.310884444603419,-0.4376752049066511
10,Ethylene,100.0,7.119552392661143,0.9714827571379845
10,Ethanol,800.0,-2.886556940228227,-3.94782038839411
10,Ethylene,200.0,4.693419060445438,1.2258415159696197
10,Ethanol,400.0,3.7498157021341383,-1.6684120794128674
10,Ethylene,10.0,10.231952717676638,0.42578936401266865
10,Ethanol,50.0,10.431945468843388,0.4266639564925545
10,Ethylene,250.0,3.1467509384348147,1.4234349974562326
10,Ethanol,600.0,0.5159856411643963,-2.7607305600179957
10,Ethylene,250.0,3.390366433394939,1.385540367672585
10,Ethanol,600.0,0.5351537154387469,-2.7509059725426943
10,Ethylene,150.0,5.762915390073418,1.0749679916873651
10,Ethanol,1000.0,-5.424795879802511,-4.714302508274131
10,Ethylene,10.0,10.16610222141985,0.33638842829867693
10,Ethanol,50.0,10.440611813325537,0.41584354458899886
10,Ethylene,50.0,8.518557054485184,0.7163667445611418
10,Ethanol,200.0,7.386353158438796,-0.4833542118834004
10,Ethylene,100.0,7.010805363026984,0.8708144712931191
10,Ethanol,800.0,-2.4876117412329855,-3.7557987059530102
10,Ethylene,200.0,4.542038759206594,1.0801362881629089
10,Ethanol,400.0,4.03819616655614,-1.5481069004378025
10,Ethylene,10.0,10.164235713803183,0.3447048853250418
10,Ethanol,50.0,10.371670370572556,0.41012016866353884
10,Ethylene,250.0,3.13850946154061,1.2545689901655408
10,Ethanol,600.0,0.8236013029347979,-2.672242891566711
10,Ethylene,150.0,5.73793531228968,0.9838618688577925
10,Ethanol,1000.0,-5.071228678959217,-4.60825512019403
10,Ethylene,50.0,8.573491305985502,0.573543584591413
10,Ethanol,200.0,7.496868377916643,-0.4403363466354565
10,Ethylene,100.0,7.042317943422495,0.8311169379340901
10,Ethanol,800.0,-2.1653373488304646,-3.6634739813874075
10,Ethylene,200.0,4.5493650537944905,1.0688397051596263
10,Ethanol,400.0,4.131675795240362,-1.4839325682664937
10,Ethylene,50.0,8.557893330782138,0.5757215116255283
10,Ethanol,200.0,7.533234550393374,-0.4634092384362075
10,Ethylene,100.0,6.922789556862776,0.765425344046653
10,Ethanol,800.0,-2.100816517251643,-3.6089641658123934
10,Ethylene,200.0,4.499736471763069,0.9651514941103946
10,Ethanol,400.0,4.140060968516683,-1.5534946768049975
10,Ethylene,10.0,10.047395036958825,0.23249982155636492
10,Ethanol,50.0,10.275541260893757,0.23621404313787972
10,Ethylene,250.0,3.1481070547536247,1.1195675854785692
10,Ethanol,600.0,1.0214778683126795,-2.5833873343431852
10,Ethylene,150.0,5.58097855976951,0.8744354992367255
10,Ethanol,1000.0,-4.816759982772284,-4.488577377342139
10,Toluene,1.0,10.727079087208873,0.3162529551568126
10,Acetaldehyde,10.0,10.744174409891238,0.6675362426024941
10,Toluene,100.0,3.518132502481345,0.6845603518666261
10,Acetaldehyde,150.0,0.7829414479894587,-2.800313638226749
10,Toluene,60.0,6.089797146231438,0.8729461280739319
10,Acetaldehyde,250.0,-5.178900624664392,-4.755933020048949
10,Toluene,20.0,8.740267811594421,0.7705194721544856
10,Acetaldehyde,50.0,7.791982544802736,-0.2535490024544003
10,Toluene,40.0,7.233530934193237,0.932102888222248
10,Acetaldehyde,200.0,-0.45738051493035026,-2.8803679033713463
10,Toluene,80.0,4.836937787450178,1.092981227142548
10,Acetaldehyde,100.0,4.875768839349014,-1.2346704976689629
10,Toluene,60.0,6.262684307344499,0.9562460750442855
10,Acetaldehyde,250.0,-2.758860867119196,-3.8785360165857834
10,Toluene,20.0,8.848401996060419,0.8082732806057691
10,Acetaldehyde,50.0,7.616459857692532,-0.40620183829911527
10,Toluene,40.0,7.425967709217723,0.9272007338176623
10,Acetaldehyde,200.0,-1.5270024548651084,-3.103771515661491
10,Toluene,80.0,5.332218394675395,1.061552241930594
10,Acetaldehyde,100.0,3.8240642909521796,-1.3234090563949577
10,Toluene,1.0,10.883483267324085,0.5199878062324467
10,Acetaldehyde,10.0,10.496622576854525,0.363105294261968
10,Toluene,100.0,4.542018642063078,1.0908450344077911
10,Acetaldehyde,150.0,0.9317105993995354,-2.228426242431469
10,Toluene,20.0,9.138211245786993,0.8748889835716656
10,Acetaldehyde,50.0,7.409421438016784,-0.32609166889429575
10,Toluene,40.0,7.836946656499056,1.0011612246039434
10,Acetaldehyde,200.0,-1.3837124564922736,-3.0320035512077217
10,Toluene,80.0,5.774415962392127,1.2004752717624125
10,Acetaldehyde,100.0,4.499930132950014,-1.212311713817652
10,Toluene,1.0,10.955346144403718,0.5907258420438154
10,Acetaldehyde,10.0,10.604605495256195,0.40368841720843024
10,Toluene,100.0,4.860986095062194,1.1753782459009814
10,Acetaldehyde,150.0,1.7357368740278016,-2.0553388926500884
10,Toluene,60.0,7.057969920891724,1.1126120511042095
10,Acetaldehyde,250.0,-3.0832823052612084,-3.7320961430067046
10,Toluene,1.0,11.025283297002689,0.639987188158352
10,Acetaldehyde,10.0,10.5819143737088,0.35097927382458427
10,Toluene,20.0,9.129370615327678,0.8884220999001623
10,Acetaldehyde,50.0,7.53171143591154,-0.3011736548490039
10,Toluene,40.0,7.959427229159971,1.1291508118268765
10,Acetaldehyde,200.0,-0.7789841795165576,-2.854469447950741
10,Toluene,80.0,5.782855322078679,1.2854304341097849
10,Acetaldehyde,100.0,4.64762788801331,-1.109430429258908
10,Toluene,100.0,5.2079180519039925,1.2340464494419698
10,Acetaldehyde,150.0,1.8511942570545408,-2.0101864990634173
10,Toluene,60.0,7.153409731808014,1.1665986468305032
10,Acetaldehyde,250.0,-3.2489446039139893,-3.6830565936821396
10,Toluene,80.0,6.2214892810775755,1.2679426697433938
10,Acetaldehyde,100.0,4.628908875178806,-1.120828504036929
10,Toluene,1.0,11.045854127972554,0.6676052313522524
10,Acetaldehyde,10.0,10.737871352227883,0.5285363404513442
10,Toluene,100.0,5.199675702205319,1.3050286111090714
10,Acetaldehyde,150.0,1.8862758412920797,-1.9109617351835226
10,Toluene,60.0,7.260525049226351,1.2815541697183066
10,Acetaldehyde,250.0,-2.8400654484846948,-3.5462854395457044
10,Toluene,20.0,9.371775277326002,1.048687976966428
10,Acetaldehyde,50.0,7.878252707125035,-0.10441162842700082
10,Toluene,40.0,8.125071411272922,1.2376156640377967
10,Acetaldehyde,200.0,-0.7873355202033766,-2.7224786392039704
10,Toluene,20.0,9.118790663392565,0.9563275151527846
10,Acetaldehyde,50.0,7.601103338398066,-0.14857620319485468
10,Toluene,40.0,7.638847451662004,1.1319834073495005
10,Acetaldehyde,200.0,-1.2057410974309204,-2.745154491114883
10,Toluene,80.0,5.73395002013007,1.2969540327238493
10,Acetaldehyde,100.0,4.359245949282501,-1.19659436816555
10,Toluene,1.0,10.853786640447375,0.665997850852806
10,Acetaldehyde,10.0,10.770215364865411,0.6350734687436106
10,Toluene,100.0,4.743444578235444,1.358776230223525
10,Acetaldehyde,150.0,1.428899530091319,-2.068294248879411
10,Toluene,60.0,6.761192391103453,1.137879172613545
10,Acetaldehyde,250.0,-3.612363774499837,-3.6638728716913875
10,Toluene,60.0,6.750442883859866,1.1933320614626108
10,Acetaldehyde,250.0,-3.5542481274035493,-3.656691317408913
10,Toluene,20.0,9.009014078381258,0.9042446418199431
10,Acetaldehyde,50.0,7.310354954510998,-0.2861077167292394
10,Toluene,40.0,7.6401577243527194,0.9878343156825775
10,Acetaldehyde,200.0,-1.4019594254570298,-2.975487548477677
10,Toluene,80.0,5.629392626895659,1.2231254637992348
10,Acetaldehyde,100.0,4.369039672576638,-1.2202508582530622
10,Toluene,1.0,10.829684281926639,0.6345841593961542
10,Acetaldehyde,10.0,10.34646334820596,0.4467984403457555
10,Toluene,100.0,4.728847621964733,1.2629540059910758
10,Acetaldehyde,150.0,1.4672123543294793,-1.9973917006912942
10,Toluene,100.0,5.145083406394892,1.2435925704891122
10,Acetaldehyde,150.0,1.3955048203858853,-2.0278191097836804
10,Toluene,60.0,7.181283509082746,1.2899724150210043
10,Acetaldehyde,250.0,-3.4952043225193643,-3.750605054282646
10,Toluene,1.0,10.943584711643588,0.6784233113588962
10,Acetaldehyde,10.0,10.748484785941638,0.6160479485039817
10,Toluene,20.0,9.138440022712105,0.9360277981534827
10,Acetaldehyde,50.0,7.452906515360397,-0.16801131270865358
10,Toluene,40.0,8.020193713882643,1.172155000690932
10,Acetaldehyde,200.0,-1.0706993507218798,-3.071920389397627
10,Toluene,80.0,6.025160391067434,1.3121184660476735
10,Acetaldehyde,100.0,4.490844442525974,-1.1827846655882799
10,Toluene,1.0,10.816445794325325,0.5956615277608757
10,Acetaldehyde,10.0,10.560729492102622,0.5618325449776757
10,Toluene,100.0,4.910278682904915,1.3337490106911296
10,Acetaldehyde,150.0,1.1940947561877815,-2.173760806040657
10,Toluene,60.0,6.659104015659971,1.080837668448822
10,Acetaldehyde,250.0,-3.85853362163936,-3.7919116878406416
10,Toluene,20.0,8.87166307611716,0.8249051221313537
10,Acetaldehyde,50.0,7.1179502337562095,-0.33228263255854606
10,Toluene,40.0,7.7464428708203386,1.0820656924974155
10,Acetaldehyde,200.0,-1.2658365196776036,-2.888226148564398
10,Toluene,80.0,6.140250608874609,1.4463571500299306
10,Acetaldehyde,100.0,4.480866621265242,-1.1066748071114623
10,Toluene,20.0,9.191941027887776,1.0428007496086207
10,Acetaldehyde,50.0,7.182548682923292,-0.31797687184188583
10,Toluene,40.0,7.6602339904641426,1.1306009695296295
10,Acetaldehyde,200.0,-1.1320522359550622,-3.0900460391488958
10,Toluene,80.0,5.865547530089832,1.5009891021412332
10,Acetaldehyde,100.0,4.126277266081682,-1.182845623612977
10,Toluene,1.0,11.027544324942596,0.6700043292542711
10,Acetaldehyde,10.0,10.849318874620614,0.6505073750303638
10,Toluene,100.0,5.251446713025464,1.3776504939978431
10,Acetaldehyde,150.0,1.5648127355599972,-1.9977784854608325
10,Toluene,60.0,7.222069080396535,1.3403672754024993
10,Acetaldehyde,250.0,-3.4647218345362814,-3.6756781844873694
10,Toluene,1.0,11.09324053596058,0.7500199247804396
10,Acetaldehyde,10.0,10.865505279067024,0.6625598401410013
10,Toluene,100.0,5.25065408490769,1.4447916493992177
10,Acetaldehyde,150.0,1.700998810393107,-2.0082591080500185
10,Toluene,60.0,7.225278652297616,1.3749792418008941
10,Acetaldehyde,250.0,-3.1553796236493907,-3.7184538927361372
10,Toluene,20.0,9.281740286347691,1.0349505767022846
10,Acetaldehyde,50.0,7.528429010960984,-0.23393626443744592
10,Toluene,40.0,8.027900778868164,1.2326115696822397
10,Acetaldehyde,200.0,-1.26815479534073,-3.084551795652016
10,Toluene,80.0,5.9812240172543,1.371904200800224
10,Acetaldehyde,100.0,4.285138568126941,-1.2816814489993273
10,Toluene,60.0,7.043814682519347,1.3094050122442946
10,Acetaldehyde,250.0,-3.6598137599222937,-3.9878582051822744
10,Toluene,20.0,9.220478616877731,1.0269992666406595
10,Acetaldehyde,50.0,7.3696587627277985,-0.28078924566538876
10,Toluene,40.0,7.916203841453806,1.1668966733813162
10,Acetaldehyde,200.0,-1.3460169759147012,-3.2818273365168036
10,Toluene,80.0,6.003984225387307,1.2895644372276207
10,Acetaldehyde,100.0,4.2304466906958424,-1.2910489254189141
10,Toluene,1.0,11.049900283880188,0.6961049054680355
10,Acetaldehyde,10.0,10.830972356181261,0.679294755263208
10,Toluene,100.0,5.040237719826191,1.2684513236502073
10,Acetaldehyde,150.0,1.2490113638838893,-2.2587921950788017
10,Toluene,20.0,9.18794634196535,0.986420817505068
10,Acetaldehyde,50.0,7.4119826209415685,-0.2978983937437518
10,Toluene,40.0,7.958547496580269,1.1515632373547318
10,Acetaldehyde,200.0,-1.3752222357040274,-3.280564153145624
10,Toluene,80.0,6.036120944209506,1.3093770995716778
10,Acetaldehyde,100.0,4.211348491521887,-1.345406651998987
10,Toluene,1.0,10.974698240427557,0.6690008373073992
10,Acetaldehyde,10.0,10.83141928081005,0.6612915487144596
10,Toluene,100.0,5.091367636552417,1.3142581086293652
10,Acetaldehyde,150.0,1.370660522390933,-2.2185481998674565
10,Toluene,60.0,7.104077388983277,1.275700325802865
10,Acetaldehyde,250.0,-3.369708383304473,-4.011860076963217
10,Toluene,1.0,11.078228285865109,0.7203027698515582
10,Acetaldehyde,10.0,10.88484909776407,0.6906823818183228
10,Toluene,20.0,9.07530759558305,1.0017610428706956
10,Acetaldehyde,50.0,7.314275883723152,-0.25371660941220037
10,Toluene,40.0,7.9554642115553085,1.2201932218158345
10,Acetaldehyde,200.0,-1.2093433991359404,-3.197290882158993
10,Toluene,80.0,5.954081977316253,1.3926224503173295
10,Acetaldehyde,100.0,4.308502039553054,-1.2077636685530255
10,Toluene,100.0,5.379060877094672,1.403318904419405
10,Acetaldehyde,150.0,1.4726717658076638,-2.1771346909036797
10,Toluene,60.0,7.1865121733350374,1.3595346259049577
10,Acetaldehyde,250.0,-3.6581492040033803,-3.899124647136291
10,Toluene,80.0,6.2239314430578,1.3876089525514355
10,Acetaldehyde,100.0,4.221962048131415,-1.2743493404461195
10,Toluene,1.0,11.075298698234628,0.682756544463015
10,Acetaldehyde,10.0,10.905483292586606,0.7070983844630956
10,Toluene,100.0,5.132251002525872,1.3680246043259683
10,Acetaldehyde,150.0,1.216697530593496,-2.195725148503221
10,Toluene,60.0,7.1533326688171925,1.3582449767482305
10,Acetaldehyde,250.0,-3.599768634279641,-3.9530978403156247
10,Toluene,20.0,9.25727020573563,1.0396129845991502
10,Acetaldehyde,50.0,7.426046000214945,-0.23786624465335557
10,Toluene,40.0,7.989157521694602,1.270363079736251
10,Acetaldehyde,200.0,-1.639953415121741,-3.1798842191120102
10,Toluene,20.0,9.126256361397935,1.0234300745132745
10,Acetaldehyde,50.0,7.068733614894496,-0.3145077874691278
10,Toluene,40.0,7.61174989589799,1.1928202794921992
10,Acetaldehyde,200.0,-1.5100098892791962,-3.2329874478151255
10,Toluene,80.0,6.032483183226597,1.4059480836767022
10,Acetaldehyde,100.0,4.294393444671258,-1.2728089810325747
10,Toluene,1.0,10.956556516308003,0.7450662162657176
10,Acetaldehyde,10.0,10.515152955216596,0.4883075766736672
10,Toluene,100.0,4.663874347992247,1.341046193508814
10,Acetaldehyde,150.0,1.2652611375203366,-2.4085411265517034
10,Toluene,60.0,7.140815382637848,1.3601663866265556
10,Acetaldehyde,250.0,-3.4713087882353744,-3.9249623020344964
10,Toluene,60.0,7.145880008018334,1.3246214368680334
10,Acetaldehyde,250.0,-3.380025218565475,-3.988892219358203
10,Toluene,20.0,9.271964328909851,1.0693773979042203
10,Acetaldehyde,50.0,7.490150513864806,-0.2135158897431984
10,Toluene,40.0,8.04720085955837,1.281440122135019
10,Acetaldehyde,200.0,-1.6836483737145853,-3.190555511255303
10,Toluene,80.0,5.615642948957149,1.4177342348505295
10,Acetaldehyde,100.0,4.315434766630927,-1.2085356037476513
10,Toluene,1.0,10.793596537521678,0.5901260528104867
10,Acetaldehyde,10.0,10.910589091262247,0.7091812571856577
10,Toluene,100.0,5.1531093345476195,1.4007968825784238
10,Acetaldehyde,150.0,1.3602585370581923,-2.177284928079852
10,Toluene,100.0,5.525289269688803,1.4481924937727493
10,Acetaldehyde,150.0,1.5420102645016498,-2.1229200443937697
10,Toluene,60.0,7.214077792400107,1.3528571619214746
10,Acetaldehyde,250.0,-3.9610677160876366,-3.8291245652642982
10,Toluene,1.0,11.075273843806054,0.7664696850371204
10,Acetaldehyde,10.0,10.867165080094443,0.6165409930801209
10,Toluene,20.0,9.167717370813836,1.0850008799333264
10,Acetaldehyde,50.0,7.3744837054643675,-0.1740632302509164
10,Toluene,40.0,8.033780910811872,1.289855522136836
10,Acetaldehyde,200.0,-1.2362059154210694,-3.1719680658435396
10,Toluene,80.0,6.0410587519847665,1.4395274926425945
10,Acetaldehyde,100.0,4.400111190578384,-1.2350155374563572
10,Toluene,1.0,11.06718863198753,0.7253379957236269
10,Acetaldehyde,10.0,10.89641440982231,0.6985261396585543
10,Toluene,100.0,5.08537326083625,1.3980368423157825
10,Acetaldehyde,150.0,1.33917395101322,-2.1991339095608193
10,Toluene,60.0,7.204607972974315,1.3181306481635615
10,Acetaldehyde,250.0,-3.572027013531681,-3.989576979237529
10,Toluene,20.0,9.323138996329682,1.0516835585841133
10,Acetaldehyde,50.0,7.41037812142257,-0.24635650929217978
10,Toluene,40.0,8.077873556779434,1.246363595796455
10,Acetaldehyde,200.0,-1.4397415226088843,-3.24805587989271
10,Toluene,80.0,6.198588709931321,1.3555265880041143
10,Acetaldehyde,100.0,4.247781336112685,-1.2868178811091455
10,Toluene,20.0,9.261021758386825,1.0533247548735303
10,Acetaldehyde,50.0,7.356711518321198,-0.27910049598769004
10,Toluene,40.0,8.074078280416218,1.1910318173115175
10,Acetaldehyde,200.0,-1.3404349867549958,-3.153156352516138
10,Toluene,80.0,6.259418187216191,1.3073645400848706
10,Acetaldehyde,100.0,4.232269321272009,-1.2822662631503499
10,Toluene,1.0,11.044113294789879,0.679621626445946
10,Acetaldehyde,10.0,10.848694757178484,0.6577586372001952
10,Toluene,100.0,5.386730847889681,1.2438601584624704
10,Acetaldehyde,150.0,1.3355973975810433,-2.2490250869701987
10,Toluene,60.0,7.287690791986041,1.1918735030134417
10,Acetaldehyde,250.0,-3.6293654190715934,-4.0334331113540856
10,Toluene,1.0,10.807168746505388,0.4955629894055694
10,Acetaldehyde,10.0,10.825691367626568,0.6689218499701101
10,Toluene,100.0,3.8741999041673827,1.0689126613164446
10,Acetaldehyde,150.0,0.9893088466315922,-2.2682898518811574
10,Toluene,60.0,6.2113069041369355,0.931254325461439
10,Acetaldehyde,250.0,-3.406009590341991,-3.860438178418134
10,Toluene,20.0,8.774657546550655,0.7194055459804961
10,Acetaldehyde,50.0,7.477741452607683,-0.21753395720571705
10,Toluene,40.0,7.34386679796235,0.8649862596076038
10,Acetaldehyde,200.0,-1.3734658213408415,-3.2648765081195945
10,Toluene,80.0,5.0855958927862295,0.9963805824577396
10,Acetaldehyde,100.0,4.198878562674718,-1.2725985827479933
10,Toluene,60.0,6.391721068005552,0.8800052508128776
10,Acetaldehyde,250.0,-4.719823622687608,-4.19654380555149
10,Toluene,20.0,8.986126246401984,0.7572396850181479
10,Acetaldehyde,50.0,7.132374391295123,-0.24876221947122015
10,Toluene,40.0,7.602523347479466,0.8563068446916512
10,Acetaldehyde,200.0,-2.346364634128751,-3.4240102595894326
10,Toluene,80.0,5.449348052506878,0.9468620035045078
10,Acetaldehyde,100.0,3.5410405773029567,-1.3061181501249963
10,Toluene,1.0,10.932601122541286,0.5165819081479684
10,Acetaldehyde,10.0,10.717630141709575,0.6237413683327347
10,Toluene,100.0,4.567915519978255,0.8725543713822363
10,Acetaldehyde,150.0,0.10430410179899426,-2.394465093427325
10,Toluene,20.0,9.086130769468332,0.7348698301568062
10,Acetaldehyde,50.0,7.015909786175374,-0.23257865732534053
10,Toluene,40.0,7.800907922431359,0.8669273109943081
10,Acetaldehyde,200.0,-2.6673319414498944,-3.422281340571802
10,Toluene,80.0,5.773520811950458,0.9234343522822861
10,Acetaldehyde,100.0,3.648752197074168,-1.3357565202173451
10,Toluene,1.0,10.933188345887258,0.5402914144533364
10,Acetaldehyde,10.0,10.715063211860599,0.6306049574433422
10,Toluene,100.0,4.8230045058361055,0.7931419265295162
10,Acetaldehyde,150.0,0.3686213759747377,-2.401141871529325
10,Toluene,60.0,7.074895459539895,0.9622485003988666
10,Acetaldehyde,250.0,-4.61030152680233,-4.275698327649966
10,Toluene,1.0,10.973714657453845,0.5641341464737526
10,Acetaldehyde,10.0,10.733208818250239,0.6103260664633079
10,Toluene,20.0,9.06990368905838,0.7940298462715304
10,Acetaldehyde,50.0,6.838941905357829,-0.2580477593767187
10,Toluene,40.0,7.8701382709180345,0.9271119644801902
10,Acetaldehyde,200.0,-2.3398316775692707,-3.33526024794878
10,Toluene,80.0,5.796498850912295,0.9731900321535297
10,Acetaldehyde,100.0,3.6011921464511283,-1.3185129657805952
10,Toluene,100.0,5.293686545859011,0.9530564890997388
10,Acetaldehyde,150.0,0.4796550917149965,-2.3345401980315135
10,Toluene,60.0,7.174588536110145,0.9308860408098686
10,Acetaldehyde,250.0,-4.958032896825585,-4.204489653693615
10,Toluene,80.0,6.234308205128808,0.9342350680148539
10,Acetaldehyde,100.0,3.5809127584505744,-1.3776219229584434
10,Toluene,1.0,10.996849599301566,0.6027177639763869
10,Acetaldehyde,10.0,10.741995644415642,0.6723478623621371
10,Toluene,100.0,5.115553663060862,1.013506633050273
10,Acetaldehyde,150.0,0.19981301211600025,-2.2960941320499275
10,Toluene,60.0,7.147433490701848,0.9947606278548192
10,Acetaldehyde,250.0,-4.879394408022832,-4.288135816083446
10,Toluene,20.0,9.280175371687228,0.865624052333709
10,Acetaldehyde,50.0,6.9809831088731675,-0.3076324115327279
10,Toluene,40.0,8.002007422807567,0.9765489632117459
10,Acetaldehyde,200.0,-2.5425084548209993,-3.347391435762986
10,Toluene,20.0,9.190705876470284,0.8365930959698987
10,Acetaldehyde,50.0,6.936239983297299,-0.2900519492888543
10,Toluene,40.0,7.8987386195022635,0.9657858770858389
10,Acetaldehyde,200.0,-2.437347278111959,-3.3919165818532826
10,Toluene,80.0,5.900407826967894,0.9735936282632335
10,Acetaldehyde,100.0,3.5902535261620434,-1.427546787087934
10,Toluene,1.0,10.993155964969525,0.6055920544097039
10,Acetaldehyde,10.0,10.78048373371361,0.6801751411383447
10,Toluene,100.0,5.076425267238732,0.891836581686731
10,Acetaldehyde,150.0,0.6438551574440009,-2.387855552621185
10,Toluene,60.0,7.095295609786262,0.9244208079254655
10,Acetaldehyde,250.0,-4.807054785601865,-4.207655906709249
10,Toluene,60.0,7.052353229659401,0.9482916353092569
10,Acetaldehyde,250.0,-4.779742366488732,-4.241924112069208
10,Toluene,20.0,9.219418889449667,0.8285854971641073
10,Acetaldehyde,50.0,7.002671328150931,-0.34012230945683863
10,Toluene,40.0,7.987758143816596,1.042156288432811
10,Acetaldehyde,200.0,-2.239320395755523,-3.3998934168610178
10,Toluene,80.0,6.022632552153804,1.0790078577745206
10,Acetaldehyde,100.0,3.691608247799099,-1.3579490878550742
10,Toluene,1.0,11.002712962896263,0.6483665702320212
10,Acetaldehyde,10.0,10.754693226568813,0.667091897539932
10,Toluene,100.0,5.121172379208514,1.0619323412501063
10,Acetaldehyde,150.0,0.457042779303087,-2.3536584372665583
10,Toluene,100.0,5.47173391304767,1.0906519909170738
10,Acetaldehyde,150.0,0.7089010554463039,-2.3541353389827715
10,Toluene,60.0,7.180309628526118,1.0484050380681194
10,Acetaldehyde,250.0,-4.818868664351151,-4.233961476635696
10,Toluene,1.0,11.01678334821798,0.6311426554731652
10,Acetaldehyde,10.0,10.769089675936431,0.6616418794210605
10,Toluene,20.0,9.094444301288837,0.8495182422147056
10,Acetaldehyde,50.0,6.718734909990268,-0.3226135289253308
10,Toluene,40.0,7.937285388106982,0.979867985532721
10,Acetaldehyde,200.0,-2.445820674355017,-3.565818783498397
10,Toluene,80.0,5.834968843797935,1.0554334024940257
10,Acetaldehyde,100.0,3.5193020250467932,-1.4868696628090847
10,Toluene,1.0,10.886023050166918,0.5923158359181473
10,Acetaldehyde,10.0,10.633777213699053,0.5646073493715539
10,Toluene,100.0,4.88328298464027,1.0799673318194563
10,Acetaldehyde,150.0,0.3409663319237041,-2.4404824457467615
10,Toluene,60.0,7.061606295743974,1.027255667341645
10,Acetaldehyde,250.0,-4.595700581530288,-4.202069805187024
10,Toluene,20.0,9.215994265847241,0.8770447835444352
10,Acetaldehyde,50.0,6.879796782213329,-0.30843606157744546
10,Toluene,40.0,7.945853186821575,0.9797628720204224
10,Acetaldehyde,200.0,-2.4715951795974083,-3.4061474449122984
10,Toluene,80.0,6.0092172721217985,1.0805662167926122
10,Acetaldehyde,100.0,3.497696170296476,-1.445345747024169
10,Toluene,20.0,9.174372568315228,0.8825311317253212
10,Acetaldehyde,50.0,6.899503686881566,-0.38576416066242336
10,Toluene,40.0,7.935218033736207,0.9904414182942157
10,Acetaldehyde,200.0,-2.3845858200671937,-3.4968508327327426
10,Toluene,80.0,6.0406889380400175,1.0137790013716201
10,Acetaldehyde,100.0,3.374054728913905,-1.471197721885959
10,Toluene,1.0,10.98717485078647,0.6323659003030685
10,Acetaldehyde,10.0,10.757546768043586,0.6578769026818017
10,Toluene,100.0,5.1497642997193,0.991804456702418
10,Acetaldehyde,150.0,0.33937849204777604,-2.4721498910262762
10,Toluene,60.0,7.043534455217627,1.0640317611585972
10,Acetaldehyde,250.0,-4.9801871076884625,-4.260440729923526
10,Acetone,2.5,9.25371135929944,-0.6169936558963449
10,Acetaldehyde,10.0,10.981914099329996,0.7829318112480966
10,Acetone,250.0,-3.8344048195427147,2.090281931881015
10,Acetaldehyde,150.0,1.424507496935741,-2.027943425753172
10,Acetone,150.0,0.6461203299359407,1.2874144557075264
10,Acetaldehyde,250.0,-3.0373049418242264,-3.687817453666305
10,Acetone,50.0,5.713292679716176,0.17935855871676357
10,Acetaldehyde,50.0,7.893249951310488,-0.12399659228575817
10,Acetone,100.0,2.811672925777377,0.8575595378223835
10,Acetaldehyde,200.0,-0.6056014879394732,-3.016121825176158
10,Acetone,200.0,-1.9930900183383886,1.5710740971611505
10,Acetaldehyde,100.0,4.752820329724132,-1.1781917204907257
10,Acetone,150.0,0.3200802308863948,1.1906935191866126
10,Acetaldehyde,250.0,-3.634723131252599,-3.8079458797535044
10,Acetone,50.0,5.558512007885501,0.08659609662908216
10,Acetaldehyde,50.0,7.727748020774889,-0.10487471851191225
10,Acetone,100.0,2.638966563283944,0.7895292871513957
10,Acetaldehyde,200.0,-1.2904843674649975,-3.048228677882392
10,Acetone,200.0,-2.111172461363879,1.523956726942379
10,Acetaldehyde,100.0,4.0703780965047445,-1.156788800267889
10,Acetone,2.5,9.189349123345718,-0.7870969348121682
10,Acetaldehyde,10.0,10.971084072038463,0.7963345515521585
10,Acetone,250.0,-4.389348905276433,1.7806886017330095
10,Acetaldehyde,150.0,0.3298236979272411,-2.160878742802195
10,Acetone,50.0,5.506862452769707,-0.09252904431531361
10,Acetaldehyde,50.0,7.303545318400602,-0.07431444882538107
10,Acetone,100.0,2.714591106078741,0.7213300267551835
10,Acetaldehyde,200.0,-2.111596017371322,-3.071829579760611
10,Acetone,200.0,-1.9855562712143486,1.5797652776661655
10,Acetaldehyde,100.0,4.2211973247031285,-1.153372823307046
10,Acetone,2.5,9.074027173261682,-0.8639050039519403
10,Acetaldehyde,10.0,10.958441543579902,0.7320648515670795
10,Acetone,250.0,-4.6379344797310385,1.780942724545807
10,Acetaldehyde,150.0,1.2608862524157425,-2.084280807357816
10,Acetone,150.0,0.14008710609683603,1.0843829288496378
10,Acetaldehyde,250.0,-3.701396371066579,-3.8040832215650497
10,Acetone,2.5,9.019547113516474,-0.9514124221794744
10,Acetaldehyde,10.0,10.965881426402909,0.7075519726060259
10,Acetone,50.0,5.06116326338874,-0.07898026154207945
10,Acetaldehyde,50.0,7.528706094375829,-0.10226057834193455
10,Acetone,100.0,2.295087098841824,0.6137770605921691
10,Acetaldehyde,200.0,-1.2592765776092194,-3.0050407221075406
10,Acetone,200.0,-2.4466961165342243,1.3919290993237095
10,Acetaldehyde,100.0,4.389759573763318,-1.227577324972369
10,Acetone,250.0,-4.72454237763347,1.5040217185055325
10,Acetaldehyde,150.0,1.5363778048975694,-2.186287624408195
10,Acetone,150.0,-0.06503431341085503,0.9325866302139592
10,Acetaldehyde,250.0,-3.696126133971458,-3.8325638970181233
10,Acetone,200.0,-2.394634858699061,1.3017756225027415
10,Acetaldehyde,100.0,4.405196656789491,-1.2786712914045848
10,Acetone,2.5,8.909370418374008,-1.0237772438155412
10,Acetaldehyde,10.0,10.90570562241449,0.6942727168624565
10,Acetone,250.0,-5.093392217545971,1.5179655904860778
10,Acetaldehyde,150.0,1.3002179768825803,-2.2516248201604445
10,Acetone,150.0,-0.4398129654889947,0.7938779684209692
10,Acetaldehyde,250.0,-3.726959583066871,-4.078145854182339
10,Acetone,50.0,4.780477280032405,-0.46033777470753146
10,Acetaldehyde,50.0,7.520450149194131,-0.26973162314536075
10,Acetone,100.0,1.8122226269402935,0.23995726784021254
10,Acetaldehyde,200.0,-1.323767589947418,-3.233076035692324
10,Acetone,50.0,4.694944061414027,-0.4880939797519166
10,Acetaldehyde,50.0,7.44675392472692,-0.26164673828117374
10,Acetone,100.0,1.7529725544351433,0.2010940387763352
10,Acetaldehyde,200.0,-1.4136984008439348,-3.3174729324236267
10,Acetone,200.0,-3.011860783852977,1.0591037237652163
10,Acetaldehyde,100.0,4.227915759061582,-1.4030704484075387
10,Acetone,2.5,8.738473380045551,-1.1780115811533898
10,Acetaldehyde,10.0,10.850235291476295,0.6542556840686804
10,Acetone,250.0,-5.474364876698105,1.3085796537859506
10,Acetaldehyde,150.0,1.4541015058694284,-2.39792324301921
10,Acetone,150.0,-0.7145239011022396,0.6771335045659186
10,Acetaldehyde,250.0,-3.405876085119616,-4.108967068119006
10,Acetone,150.0,-0.7015591113146321,0.679064717387325
10,Acetaldehyde,250.0,-3.408019990463704,-4.087380169874964
10,Acetone,50.0,4.712594970541134,-0.5176813051319604
10,Acetaldehyde,50.0,7.533805169141332,-0.30558091384462677
10,Acetone,100.0,1.687533586274067,0.1803268655994658
10,Acetaldehyde,200.0,-1.047856978432479,-3.264440454794044
10,Acetone,200.0,-3.2056096131523493,0.9991289662160389
10,Acetaldehyde,100.0,4.2807584011290505,-1.4144479797381675
10,Acetone,2.5,8.597299385374694,-1.2735943120571942
10,Acetaldehyde,10.0,10.84233590516808,0.6608082570358177
10,Acetone,250.0,-5.683732832376952,1.1191851479148265
10,Acetaldehyde,150.0,1.3237258949964597,-2.469484637767645
10,Acetone,250.0,-5.4472913467379405,1.1262411518581286
10,Acetaldehyde,150.0,1.4061956336713493,-2.5414878077158227
10,Acetone,150.0,-0.8194474959448836,0.43617352842284474
10,Acetaldehyde,250.0,-3.61012584559209,-4.171463834810781
10,Acetone,2.5,8.712316193156644,-1.21348811248494
10,Acetaldehyde,10.0,10.88914140377647,0.6701414740477933
10,Acetone,50.0,4.473540081966015,-0.4497449101783224
10,Acetaldehyde,50.0,7.256374168687733,-0.32084131659014664
10,Acetone,100.0,1.6626562504409095,0.2839211151852018
10,Acetaldehyde,200.0,-1.416384430066373,-3.5653195310301933
10,Acetone,200.0,-3.5137031079882437,1.0112330268233838
10,Acetaldehyde,100.0,4.244169634679263,-1.4876141835905479
10,Acetone,2.5,8.680600735207411,-1.234993621515177
10,Acetaldehyde,10.0,10.915901258191019,0.6866448436887473
10,Acetone,250.0,-6.065206749132514,1.0878544487825914
10,Acetaldehyde,150.0,1.1739708820784285,-2.6265563877328826
10,Acetone,150.0,-0.959937551640579,0.5884201526312367
10,Acetaldehyde,250.0,-3.696900653210193,-4.352019198951408
10,Acetone,50.0,4.620652386197922,-0.39704411814161183
10,Acetaldehyde,50.0,7.293339286761919,-0.4143295543481715
10,Acetone,100.0,1.445608233684047,0.13683616881594507
10,Acetaldehyde,200.0,-1.7986075814751243,-3.654144587194886
10,Acetone,200.0,-3.55754334315477,0.9018058089129637
10,Acetaldehyde,100.0,3.924322835650711,-1.583734188074885
10,Acetone,50.0,4.5456846718453185,-0.48917917219336315
10,Acetaldehyde,50.0,7.215364349233424,-0.4227189969344434
10,Acetone,100.0,1.4924613304246335,0.2947408992555459
10,Acetaldehyde,200.0,-1.6848651216177841,-3.5884447594210327
10,Acetone,200.0,-3.6124202007300004,0.9541227642481468
10,Acetaldehyde,100.0,3.742512970300614,-1.6061626412263297
10,Acetone,2.5,8.80449735547484,-1.1329365819332167
10,Acetaldehyde,10.0,10.89029829540863,0.6894333379974177
10,Acetone,250.0,-6.1249095658109285,1.1597259569755038
10,Acetaldehyde,150.0,0.6721881188263338,-2.716273344305429
10,Acetone,150.0,-0.9876908548609422,0.5878691494203606
10,Acetaldehyde,250.0,-4.344759514104504,-4.4195658999667735
10,Acetone,2.5,8.83161275580539,-1.123487580826899
10,Acetaldehyde,10.0,10.904263089670206,0.7014038322661944
10,Acetone,250.0,-6.141314302580468,1.0983522341583334
10,Acetaldehyde,150.0,0.6482956007520452,-2.7678981556913507
10,Acetone,150.0,-1.0299814686421798,0.49095055411365196
10,Acetaldehyde,250.0,-4.289098667863933,-4.620161385218481
10,Acetone,50.0,4.593309837060958,-0.4664298144382884
10,Acetaldehyde,50.0,7.16626329286992,-0.47757107213025674
10,Acetone,100.0,1.399203935162873,0.06968618025099323
10,Acetaldehyde,200.0,-1.9290386585224766,-3.6441264982342356
10,Acetone,200.0,-3.6558414036491804,0.9211442270405324
10,Acetaldehyde,100.0,3.7021846666030647,-1.6588586773300837
10,Acetone,150.0,-1.2804299992318318,0.4942813461943023
10,Acetaldehyde,250.0,-4.3594830957174535,-4.492743491208862
10,Acetone,50.0,4.461313183891938,-0.523935835526743
10,Acetaldehyde,50.0,7.165576462532314,-0.3876297591840259
10,Acetone,100.0,1.412582866121971,0.09429640167476937
10,Acetaldehyde,200.0,-2.054855434565191,-3.66333458591786
10,Acetone,200.0,-3.703091018011025,0.8861971018082976
10,Acetaldehyde,100.0,3.8048894889348035,-1.66008857515426
10,Acetone,2.5,8.758443355975755,-1.1738128308343179
10,Acetaldehyde,10.0,10.878616134733319,0.66454541014532
10,Acetone,250.0,-6.354283668803196,0.9978746823501492
10,Acetaldehyde,150.0,0.4748029675149936,-2.8642142112934343
10,Acetone,50.0,4.479460503806251,-0.5659987925721061
10,Acetaldehyde,50.0,7.111356241101855,-0.4685306377515749
10,Acetone,100.0,1.2540476117864214,0.08885539351739005
10,Acetaldehyde,200.0,-2.0218901640942866,-3.845013777454303
10,Acetone,200.0,-3.8057292547823742,0.9698603090002793
10,Acetaldehyde,100.0,3.8394855092725244,-1.6374420205781852
10,Acetone,2.5,8.619159211486046,-1.3120668856647186
10,Acetaldehyde,10.0,10.854863614708314,0.7052449888847955
10,Acetone,250.0,-6.364392392181353,1.1157791205699714
10,Acetaldehyde,150.0,0.6727666908502258,-2.7481501970787434
10,Acetone,150.0,-1.228861094827568,0.5056409442213281
10,Acetaldehyde,250.0,-4.245668057574862,-4.667385062021763
10,Acetone,2.5,8.617174787620995,-1.2948287403228744
10,Acetaldehyde,10.0,10.903073778262499,0.6824555559904484
10,Acetone,50.0,4.248328818625352,-0.49313259407568694
10,Acetaldehyde,50.0,7.030691873315282,-0.47229331442121614
10,Acetone,100.0,1.2753816281520152,0.10064089902182621
10,Acetaldehyde,200.0,-2.00525163696075,-3.809719624842565
10,Acetone,200.0,-3.834683056428767,0.7923946342612684
10,Acetaldehyde,100.0,3.6021389759810076,-1.7516374796945182
10,Acetone,250.0,-6.11959247188044,1.0192847637658455
10,Acetaldehyde,150.0,0.6567764515371806,-2.8773455687191194
10,Acetone,150.0,-1.273222734924359,0.33874892472835644
10,Acetaldehyde,250.0,-4.418088737787984,-4.548770583253921
10,Acetone,200.0,-3.740174648849016,0.8373866177595177
10,Acetaldehyde,100.0,3.671726169765908,-1.753799475040731
10,Acetone,2.5,8.685559422416386,-1.249403808248416
10,Acetaldehyde,10.0,10.875829581640257,0.6838178320274962
10,Acetone,250.0,-6.320056086658117,0.9907522884755479
10,Acetaldehyde,150.0,0.5192116554197922,-2.827098237143254
10,Acetone,150.0,-1.2870030708838187,0.3507259345312195
10,Acetaldehyde,250.0,-4.370873096915079,-4.632722401304108
10,Acetone,50.0,4.419899277023151,-0.5312227217922244
10,Acetaldehyde,50.0,7.155542801791667,-0.4747927870170903
10,Acetone,100.0,1.2531979460597102,0.03954503166025298
10,Acetaldehyde,200.0,-2.1188946114784706,-3.7841834656885642
10,Acetone,50.0,4.282668351658369,-0.6727447186908518
10,Acetaldehyde,50.0,7.009630598893345,-0.5041588239587532
10,Acetone,100.0,1.0820862112165723,-0.060096808695061774
10,Acetaldehyde,200.0,-2.1577317305213697,-3.858461837953366
10,Acetone,200.0,-4.022541889494053,0.5716383023571375
10,Acetaldehyde,100.0,3.573302285235682,-1.839094047507583
10,Acetone,2.5,8.563794611366388,-1.3230395219230071
10,Acetaldehyde,10.0,10.886868969779075,0.653089775694516
10,Acetone,250.0,-6.480223086851016,0.7944632339149104
10,Acetaldehyde,150.0,0.5752264522976033,-2.9066706938045486
10,Acetone,150.0,-1.3401607169472056,0.44256796929598174
10,Acetaldehyde,250.0,-4.047078655269551,-4.615033129248466
10,Acetone,150.0,-1.2767124754003165,0.44632970449191184
10,Acetaldehyde,250.0,-4.164128217082657,-4.67407028694775
10,Acetone,50.0,4.388185807013299,-0.5929219460181082
10,Acetaldehyde,50.0,7.277354613810944,-0.45306771811950836
10,Acetone,100.0,1.2479002568050368,0.05471621138126755
10,Acetaldehyde,200.0,-1.6464508540062963,-3.716087252801513
10,Acetone,200.0,-3.90554895702136,0.7106963311545383
10,Acetaldehyde,100.0,3.7453465266443264,-1.786955295175242
10,Acetone,2.5,8.63934714395722,-1.29215983698076
10,Acetaldehyde,10.0,10.841662205332115,0.6381046066157281
10,Acetone,250.0,-6.4510626367262915,0.7838594940947827
10,Acetaldehyde,150.0,0.5178514937944306,-2.950403105299604
10,Acetone,250.0,-6.110628594203011,0.713539656756873
10,Acetaldehyde,150.0,0.9236085348951418,-2.779085724470582
10,Acetone,150.0,-1.2429871547023574,0.3529492331781938
10,Acetaldehyde,250.0,-4.199315445985269,-4.6630221400165865
10,Acetone,2.5,8.666842611258101,-1.2629320612794195
10,Acetaldehyde,10.0,10.918284004309958,0.6767444625239258
10,Acetone,50.0,4.280589934315178,-0.51243846512663
10,Acetaldehyde,50.0,7.13245353561451,-0.4214300596868667
10,Acetone,100.0,1.3215771296986372,-0.05189684947752775
10,Acetaldehyde,200.0,-1.7024571355629796,-3.7338819107619194
10,Acetone,200.0,-3.793491061089535,0.668510835159765
10,Acetaldehyde,100.0,4.011359637943714,-1.6722768762496973
10,Acetone,2.5,8.68187869704548,-1.2533529115221562
10,Acetaldehyde,10.0,10.888399781349097,0.679005062001291
10,Acetone,250.0,-6.468151700858778,0.5573188893420188
10,Acetaldehyde,150.0,0.8449576136129237,-2.8986797358623018
10,Acetone,150.0,-1.2964929266415293,0.19646766778965646
10,Acetaldehyde,250.0,-3.882198480281936,-4.680247130971607
10,Acetone,50.0,4.427694723302665,-0.6457227625238422
10,Acetaldehyde,50.0,7.2084612275361994,-0.48489200460497894
10,Acetone,100.0,1.3749512667916954,-0.002004109614187829
10,Acetaldehyde,200.0,-1.6980267765692854,-3.7070895843019436
10,Acetone,200.0,-3.723965469317612,0.42494614330231373
10,Acetaldehyde,100.0,3.8350580261930065,-1.687850210021634
10,Acetone,50.0,4.406929718278594,-0.6794205637846941
10,Acetaldehyde,50.0,7.309222155364128,-0.4617276585586489
10,Acetone,100.0,1.3890304473814687,-0.1612735858556071
10,Acetaldehyde,200.0,-1.536286381501897,-3.7863214552199134
10,Acetone,200.0,-3.612518128734906,0.49890437649762165
10,Acetaldehyde,100.0,4.0114619575564365,-1.4739941376398424
10,Acetone,2.5,8.779128866127136,-1.1642315732016268
10,Acetaldehyde,10.0,10.909435779820953,0.6627504593761891
10,Acetone,250.0,-6.433671174697027,1.0121593814335998
10,Acetaldehyde,150.0,0.7859852021609106,-2.7586244423729234
10,Acetone,150.0,-1.22673226264617,0.4676288473088108
10,Acetaldehyde,250.0,-4.089980339831661,-4.457988125984841
10,Acetone,2.5,9.575381286355586,-0.5240494592820294
10,Acetaldehyde,10.0,10.448602428374016,0.9845044525521366
10,Acetone,250.0,-4.719759340117786,1.6468193222905112
10,Acetaldehyde,150.0,-4.335756578070193,-0.6144533569205314
10,Acetone,150.0,-0.20227999393731327,1.1725807836006996
10,Acetaldehyde,250.0,-9.266414533387621,-2.503790719824285
10,Acetone,50.0,5.326797504871374,0.08879120063369669
10,Acetaldehyde,50.0,5.972844589450883,0.4070388056334888
10,Acetone,100.0,2.269355703124009,0.7122696874884463
10,Acetaldehyde,200.0,-5.03193260389837,-2.046714873540339
10,Acetone,200.0,-2.999462134266999,1.356160115408083
10,Acetaldehyde,100.0,1.4885585042060274,-0.31190535908623473
10,Acetone,150.0,-0.31486937484055627,1.0285461124738469
10,Acetaldehyde,250.0,-10.915244461099942,-2.526664176871617
10,Acetone,50.0,5.392711492186186,0.0632242991894404
10,Acetaldehyde,50.0,5.614131217791012,0.46856878920702
10,Acetone,100.0,2.3400048040587342,0.5824704531224737
10,Acetaldehyde,200.0,-7.004885090184346,-1.8276319353656072
10,Acetone,200.0,-2.6646718452045617,1.2710390501269728
10,Acetaldehyde,100.0,-0.25521690786577306,0.12531399102868632
10,Acetone,2.5,9.427819745379141,-0.7175905194984766
10,Acetaldehyde,10.0,10.590899031054997,0.9255979252604499
10,Acetone,250.0,-5.019970637301732,1.4271357866216685
10,Acetaldehyde,150.0,-5.829507557295017,-0.39730654545952715
10,Acetone,50.0,5.497478341605338,-0.10587822276345789
10,Acetaldehyde,50.0,4.870947535573018,0.7478601582198234
10,Acetone,100.0,2.550586415856646,0.5927532653596305
10,Acetaldehyde,200.0,-7.831203255601265,-1.4804455121622162
10,Acetone,200.0,-2.703551912987502,1.313361117948524
10,Acetaldehyde,100.0,1.1336566837373216,-0.4629396078322866
10,Acetone,2.5,9.149745612964551,-0.8781632258354626
10,Acetaldehyde,10.0,10.747876982561502,0.8344370416153408
10,Acetone,250.0,-5.270726859781806,1.2900484207717433
10,Acetaldehyde,150.0,-2.4938593870347256,-1.4509201436482104
10,Acetone,150.0,-0.37238198562970176,0.738005722905936
10,Acetaldehyde,250.0,-7.843067306850932,-3.204802592538888
10,Acetone,2.5,9.043370391714477,-1.005620525882805
10,Acetaldehyde,10.0,10.803066801338915,0.7481048262233774
10,Acetone,50.0,4.884538535636265,-0.2900779793514148
10,Acetaldehyde,50.0,6.03698602053423,0.0892606671327249
10,Acetone,100.0,2.135501960513479,0.3561814951643179
10,Acetaldehyde,200.0,-4.549523357929964,-2.511438325450733
10,Acetone,200.0,-3.121097777461418,1.06857167116458
10,Acetaldehyde,100.0,2.5397241507592705,-0.9378909124511963
10,Acetone,250.0,-5.615155887650147,1.2733381026785946
10,Acetaldehyde,150.0,-0.8841926199468501,-1.7413770678954876
10,Acetone,150.0,-0.7014263425067784,0.6843125290074419
10,Acetaldehyde,250.0,-6.9231240793132045,-3.2430909931380296
10,Acetone,200.0,-3.1086690467082474,0.9246408748126815
10,Acetaldehyde,100.0,2.732747979004996,-1.0159674601366449
10,Acetone,2.5,8.829529888953935,-1.1573369532725843
10,Acetaldehyde,10.0,10.807455382874174,0.7687154871653666
10,Acetone,250.0,-5.75874484842991,0.9978511672488081
10,Acetaldehyde,150.0,-0.8589574726547611,-1.9683270824901222
10,Acetone,150.0,-0.7203341712704313,0.5433952788265821
10,Acetaldehyde,250.0,-6.183670150982551,-3.5978504550719532
10,Acetone,50.0,4.767790266320972,-0.44391750272061964
10,Acetaldehyde,50.0,6.856615325070955,-0.06887462611042014
10,Acetone,100.0,1.7746073632224275,0.14843445997045715
10,Acetaldehyde,200.0,-3.2784780844914967,-2.800084995990364
10,Acetone,50.0,4.77121867459447,-0.43367469537872516
10,Acetaldehyde,50.0,6.737578223735719,-0.10050103535911212
10,Acetone,100.0,1.6913151575927046,0.13865358937033728
10,Acetaldehyde,200.0,-3.35739906002036,-2.818616195389439
10,Acetone,200.0,-3.3786505562245344,1.0238378822570093
10,Acetaldehyde,100.0,3.23629339255739,-1.0845498988945896
10,Acetone,2.5,8.831496531659585,-1.1403032201296759
10,Acetaldehyde,10.0,10.865539311979171,0.7617155145337086
10,Acetone,250.0,-5.81426886466121,1.0616171995950403
10,Acetaldehyde,150.0,0.04259363091614207,-2.0726403800168196
10,Acetone,150.0,-0.7966158926928575,0.5422695245040308
10,Acetaldehyde,250.0,-4.874776963770057,-3.6343084182691805
10,Acetone,150.0,-0.8117634708082531,0.5869528675306638
10,Acetaldehyde,250.0,-5.03595094476019,-3.6503368473882296
10,Acetone,50.0,4.782541310685171,-0.5119811865130106
10,Acetaldehyde,50.0,7.138050332421025,-0.12729688674772877
10,Acetone,100.0,1.753654232269397,0.19805404073666683
10,Acetaldehyde,200.0,-2.381973161765404,-2.97752508445935
10,Acetone,200.0,-3.3689132223518024,1.026293193769735
10,Acetaldehyde,100.0,3.6547536800328566,-1.1388782986538275
10,Acetone,2.5,8.827426878405639,-1.14177984544247
10,Acetaldehyde,10.0,10.936534532805778,0.7607862992813491
10,Acetone,250.0,-5.869910445249917,1.1578529392788475
10,Acetaldehyde,150.0,0.36796519193407046,-1.9691500208720802
10,Acetone,250.0,-5.645885134205838,1.304292244733406
10,Acetaldehyde,150.0,0.7195134359549699,-2.0268238756921666
10,Acetone,150.0,-0.7978930276369112,0.6462566795425038
10,Acetaldehyde,250.0,-4.8310680213564705,-3.523990549172491
10,Acetone,2.5,8.858340585426443,-1.0922080416022697
10,Acetaldehyde,10.0,10.957913190865899,0.7396517245842231
10,Acetone,50.0,4.720725621211928,-0.3268222879677435
10,Acetaldehyde,50.0,6.94389155008078,0.013215717190775455
10,Acetone,100.0,1.8509231244145112,0.33803428997900564
10,Acetaldehyde,200.0,-2.1790189879787407,-2.9067270864714203
10,Acetone,200.0,-3.3282749366216002,1.150152219695371
10,Acetaldehyde,100.0,3.944730062104226,-1.0834340707954448
10,Acetone,2.5,8.981994305691252,-0.9886168012553745
10,Acetaldehyde,10.0,11.001913945785759,0.7543976600481721
10,Acetone,250.0,-5.953921107767968,1.1851154043990095
10,Acetaldehyde,150.0,0.7707012288382795,-2.0071535321229947
10,Acetone,150.0,-0.784641668790175,0.7421065703078158
10,Acetaldehyde,250.0,-4.250856725950432,-3.646348768645773
10,Acetone,50.0,4.841873051511673,-0.3120845886887829
10,Acetaldehyde,50.0,7.259488895617517,-0.04895749911910367
10,Acetone,100.0,1.805301694240393,0.3455952820388684
10,Acetaldehyde,200.0,-2.2563987499760505,-2.7866147049690597
10,Acetone,200.0,-3.3181461206892955,1.0491881713701194
10,Acetaldehyde,100.0,3.7073608747338063,-1.0695134917068243
10,Acetone,50.0,4.851233599508721,-0.30501735568086763
10,Acetaldehyde,50.0,7.2219801893983755,-0.05419850487705324
10,Acetone,100.0,1.7780774509007689,0.3361601750318633
10,Acetaldehyde,200.0,-1.9467655341297438,-2.8457997952115885
10,Acetone,200.0,-3.3710865760687354,1.149362981005062
10,Acetaldehyde,100.0,3.7160984575980947,-1.0515107771050471
10,Acetone,2.5,8.951516272616715,-1.021681117284214
10,Acetaldehyde,10.0,10.958689074236542,0.7710450165571391
10,Acetone,250.0,-5.933743305436045,1.2294836397481332
10,Acetaldehyde,150.0,0.3876954584391897,-2.0082078993253933
10,Acetone,150.0,-0.8228529659268703,0.7019001202338968
10,Acetaldehyde,250.0,-4.808004355816098,-3.4866628760278746
10,Acetone,2.5,8.733470840169824,-1.3709747593360524
10,Acetaldehyde,10.0,11.010375986749562,0.7957426120214931
10,Acetone,250.0,-5.904521656064711,1.2185262272357378
10,Acetaldehyde,150.0,0.5412561198658331,-2.0346747421865334
10,Acetone,150.0,-0.7954250122943541,0.7181545080924635
10,Acetaldehyde,250.0,-4.2390024077221895,-3.6536827062230364
10,Acetone,50.0,4.830068128718166,-0.2998327203348374
10,Acetaldehyde,50.0,7.31724318547303,-0.08535188493854003
10,Acetone,100.0,1.760184124417358,0.41203845425198776
10,Acetaldehyde,200.0,-1.9860836760495086,-2.8185285659123824
10,Acetone,200.0,-3.468825540557031,1.146986314093491
10,Acetaldehyde,100.0,3.8264845876742815,-1.0826188744292782
10,Acetone,150.0,-0.8945647181067863,0.804955335139166
10,Acetaldehyde,250.0,-4.395515763121855,-3.6114654235190375
10,Acetone,50.0,4.838895272278102,-0.23452087675618302
10,Acetaldehyde,50.0,7.2421522400709675,-0.046000891237540364
10,Acetone,100.0,1.7517755218895579,0.4253432551742524
10,Acetaldehyde,200.0,-2.09950443491697,-2.8284696083877794
10,Acetone,200.0,-3.447466091014706,1.1439475240373607
10,Acetaldehyde,100.0,3.9184488787974834,-1.1167318521713774
10,Acetone,2.5,8.934965477710277,-1.0209265715803335
10,Acetaldehyde,10.0,11.026037231092255,0.7679686315868129
10,Acetone,250.0,-6.021134337938612,1.2314389414432263
10,Acetaldehyde,150.0,0.6128122265892543,-2.0482833759051626
10,Acetone,50.0,4.849567248594736,-0.29929568674163226
10,Acetaldehyde,50.0,7.280315534851834,-0.09832794334473932
10,Acetone,100.0,1.6818457983888637,0.3069479851328369
10,Acetaldehyde,200.0,-1.9652485675317846,-2.988198061298197
10,Acetone,200.0,-3.4557645535496326,0.9690331691833256
10,Acetaldehyde,100.0,3.864562444384875,-1.1638600381726893
10,Acetone,2.5,9.045092154350815,-0.9625549226484297
10,Acetaldehyde,10.0,11.04634246068231,0.7661766384033291
10,Acetone,250.0,-6.243333518698085,1.2983605610675808
10,Acetaldehyde,150.0,0.6315653625738638,-2.115412617030839
10,Acetone,150.0,-0.9128169482573852,0.7661448673283175
10,Acetaldehyde,250.0,-4.119099569234183,-3.7157218188272645
10,Acetone,2.5,9.040820017574852,-0.9770119344032301
10,Acetaldehyde,10.0,11.052113552330487,0.7558506425955135
10,Acetone,50.0,4.668324862139084,-0.23577899980733605
10,Acetaldehyde,50.0,7.147787840613391,-0.08213318157118914
10,Acetone,100.0,1.740648014691086,0.41780723889575166
10,Acetaldehyde,200.0,-1.96355871577598,-2.9504117079167607
10,Acetone,200.0,-3.462847519313236,1.1354287245724306
10,Acetaldehyde,100.0,3.9475435121849123,-1.1256947939081423
10,Acetone,250.0,-5.96097720491596,1.2008018162219227
10,Acetaldehyde,150.0,0.9072373427799012,-2.069123353074359
10,Acetone,150.0,-0.870419621320785,0.6712759844047813
10,Acetaldehyde,250.0,-4.592100155447003,-3.7465204336223676
10,Acetone,200.0,-3.370586329047237,1.0299456427486786
10,Acetaldehyde,100.0,3.7992791889873327,-1.2152126565676675
10,Acetone,2.5,9.013991953441526,-0.9873344293601074
10,Acetaldehyde,10.0,11.026585488727301,0.7575802110281418
10,Acetone,250.0,-6.037588199480633,1.289399780726538
10,Acetaldehyde,150.0,0.5179015370696947,-2.0689976934492704
10,Acetone,150.0,-0.8334420844514974,0.7606344203645716
10,Acetaldehyde,250.0,-4.419261897850099,-3.7953388625089888
10,Acetone,50.0,4.82015938322048,-0.25420923680277757
10,Acetaldehyde,50.0,7.390696363544815,-0.1129789562159186
10,Acetone,100.0,1.8286766169244408,0.4047045108527121
10,Acetaldehyde,200.0,-2.006772294393189,-2.8671919482513597
10,Acetone,50.0,4.8283759630483996,-0.2219869389748898
10,Acetaldehyde,50.0,7.305473356370018,-0.08555239404101805
10,Acetone,100.0,1.7752867194919981,0.47596390289538415
10,Acetaldehyde,200.0,-2.1771673127886353,-2.981525090632721
10,Acetone,200.0,-3.488442943353873,1.1904632764858492
10,Acetaldehyde,100.0,3.809155374805041,-1.2176471969713087
10,Acetone,2.5,8.996904312186714,-0.9832366177362148
10,Acetaldehyde,10.0,11.04221675362397,0.7646513980150303
10,Acetone,250.0,-6.0756475748015175,1.2512249522750514
10,Acetaldehyde,150.0,0.728371454200499,-2.2143549000292717
10,Acetone,150.0,-0.9785275346811352,0.7866868722802395
10,Acetaldehyde,250.0,-4.091318820193868,-3.739955903251324
10,Acetone,150.0,-0.8863517743319008,0.8445142226654025
10,Acetaldehyde,250.0,-4.155618175494976,-3.7893924927719467
10,Acetone,50.0,4.827390727563543,-0.24901153118654532
10,Acetaldehyde,50.0,7.396160426421489,-0.16194021058236108
10,Acetone,100.0,1.7215461759496657,0.45630074734785975
10,Acetaldehyde,200.0,-1.6667865093839453,-2.9357651794125452
10,Acetone,200.0,-3.501856698178089,1.2287852092309637
10,Acetaldehyde,100.0,3.937803363135628,-1.1995833982454855
10,Acetone,2.5,9.094794474322995,-0.9074300951462273
10,Acetaldehyde,10.0,11.075987724243767,0.7883564753447724
10,Acetone,250.0,-6.22003821267356,1.1836574950475212
10,Acetaldehyde,150.0,0.7372157271776558,-2.1552975618039785
10,Acetone,250.0,-5.802699846992136,1.2949404898750185
10,Acetaldehyde,150.0,0.9914955237854096,-2.202644732075592
10,Acetone,150.0,-0.8333953988850028,0.7324433368038127
10,Acetaldehyde,250.0,-4.3834888693828695,-3.816613382697811
10,Acetone,2.5,9.100935282196176,-0.9196824351640696
10,Acetaldehyde,10.0,11.049095663956043,0.781568483801178
10,Acetone,50.0,4.66523459449025,-0.21900826468012594
10,Acetaldehyde,50.0,7.156781431920165,-0.1107396350751951
10,Acetone,100.0,1.773799739659111,0.429057437732705
10,Acetaldehyde,200.0,-1.7245775670278327,-3.1417640985885122
10,Acetone,200.0,-3.5101924413936403,1.227963586902044
10,Acetaldehyde,100.0,4.1878069524925845,-1.2196368686945116
10,Acetone,2.5,9.052134183632942,-0.9556796327599544
10,Acetaldehyde,10.0,11.10808608701904,0.7687227576313029
10,Acetone,250.0,-6.241997118316816,1.257417484228334
10,Acetaldehyde,150.0,1.0706207186236998,-2.154216762726448
10,Acetone,150.0,-0.9403706323016552,0.7739195318895461
10,Acetaldehyde,250.0,-4.036071667918215,-3.9081611490551214
10,Acetone,50.0,4.847098104936539,-0.20137872519465957
10,Acetaldehyde,50.0,7.329266729420636,-0.1729358088262214
10,Acetone,100.0,1.7205276365832325,0.3725967607578861
10,Acetaldehyde,200.0,-1.9159834690846231,-3.0713691376720034
10,Acetone,200.0,-3.505317133837516,1.1519432061555823
10,Acetaldehyde,100.0,3.987928405243875,-1.2142535113564585
10,Acetone,50.0,4.815915730616616,-0.21632011387430342
10,Acetaldehyde,50.0,7.420312440034272,-0.14141597428652009
10,Acetone,100.0,1.6677857027693057,0.39689674214933984
10,Acetaldehyde,200.0,-1.527687661561719,-3.0202331536930584
10,Acetone,200.0,-3.5394950657643363,1.0529383804780226
10,Acetaldehyde,100.0,4.019031414514129,-1.1784672208014917
10,Acetone,2.5,8.970498949820108,-0.9863068764160337
10,Acetaldehyde,10.0,11.060826294709846,0.7861768540728968
10,Acetone,250.0,-6.104880419037833,1.324299828877961
10,Acetaldehyde,150.0,0.7396555032912489,-2.175230428566437
10,Acetone,150.0,-0.8688509871374593,0.7069514479768368
10,Acetaldehyde,250.0,-4.226809085782896,-3.7830370609750026
10,Acetone,10.0,9.178281944655405,0.7608922208876066
10,Ammonia,50.0,6.090934092593664,1.3180734739570747
10,Acetone,250.0,-3.2210137294684933,3.723216031493656
10,Ammonia,600.0,-18.541297942593133,7.712944245643507
10,Acetone,150.0,1.6484087727732701,3.3188380837205056
10,Ammonia,1000.0,-40.78021780506425,9.52258370675937
10,Acetone,50.0,7.0242645722021155,1.7753073692513976
10,Ammonia,200.0,-0.7334435715307429,4.2889556052804565
10,Acetone,100.0,4.058990899523777,2.6572551803957
10,Ammonia,800.0,-28.60231121135817,8.914965727414243
10,Acetone,200.0,-1.0722661238855054,3.6627057223091155
10,Ammonia,400.0,-8.974187901094327,6.341337677181377
10,Acetone,150.0,1.4109362396996363,3.112516318177643
10,Ammonia,1000.0,-35.888927098880096,6.609745857994512
10,Acetone,50.0,6.883386816849045,1.619422167522901
10,Ammonia,200.0,0.6330565568218529,3.4396436678551225
10,Acetone,100.0,3.9640597984334196,2.3396818044584773
10,Ammonia,800.0,-23.970390942244716,6.967554430797253
10,Acetone,200.0,-1.0126992393626832,3.4796221694563982
10,Ammonia,400.0,-7.217713319506989,5.330786384796695
10,Acetone,10.0,9.244218830725902,0.6620457256419052
10,Ammonia,50.0,5.999279186639979,1.3681156921260715
10,Acetone,250.0,-3.786613353989217,3.875513964475928
10,Ammonia,600.0,-17.25665100875348,7.540867001841096
10,Acetone,50.0,5.994553429523786,1.778307322085962
10,Ammonia,200.0,-1.4885070837459748,4.461066008056179
10,Acetone,100.0,3.04081866783859,2.751695648336395
10,Ammonia,800.0,-32.952047488795735,12.973013854576298
10,Acetone,200.0,-2.5620257789995513,4.570018162725626
10,Ammonia,400.0,-11.174148372254518,7.838545953743265
10,Acetone,10.0,8.603852733078506,0.8126992080651317
10,Ammonia,50.0,4.920233197066442,1.8220869839186113
10,Acetone,250.0,-5.297398747636782,4.929836977378675
10,Ammonia,600.0,-22.271426644852422,11.160121255700659
10,Acetone,150.0,0.24674167338262268,3.58256959824631
10,Ammonia,1000.0,-48.04384708976783,14.943704167981902
10,Acetone,10.0,8.722797147273935,0.7646970594701574
10,Ammonia,50.0,5.031941416686837,1.7924707094562826
10,Acetone,50.0,5.864724969332192,1.6138220842852014
10,Ammonia,200.0,-1.9423679337784117,4.829133403638774
10,Acetone,100.0,2.8894484934143,2.692792086001903
10,Ammonia,800.0,-34.296889876428146,14.396462217634213
10,Acetone,200.0,-2.485418587598406,4.366634682872365
10,Ammonia,400.0,-11.275897039387814,7.955649578715074
10,Acetone,250.0,-5.244205716144201,4.821485014675996
10,Ammonia,600.0,-22.930754209187292,11.732494023241037
10,Acetone,150.0,0.18423351059150608,3.6826938609269404
10,Ammonia,1000.0,-46.91413685586509,13.983737496679172
10,Acetone,200.0,-2.294739079896614,4.28158680936554
10,Ammonia,400.0,-11.191495008130955,8.294420797758152
10,Acetone,10.0,8.609981598090165,0.5871711843802673
10,Ammonia,50.0,5.352905081133859,1.852997366611506
10,Acetone,250.0,-5.150561125846773,4.597537994345295
10,Ammonia,600.0,-22.347018136123832,11.299301461967381
10,Acetone,150.0,0.14070872180781482,3.4970651402281274
10,Ammonia,1000.0,-46.759932343487975,13.180565117247701
10,Acetone,50.0,5.98804518112118,1.6117833714105192
10,Ammonia,200.0,-1.0514455044058744,4.947956330550408
10,Acetone,100.0,3.3705173806498134,2.38090983963256
10,Ammonia,800.0,-32.11185766862135,11.966210601510047
10,Acetone,50.0,6.2221519414811945,1.5556079640900309
10,Ammonia,200.0,-1.2378975405988637,5.033538967013171
10,Acetone,100.0,2.972901869668364,2.5273539916929093
10,Ammonia,800.0,-33.33126819863846,13.311284086129506
10,Acetone,200.0,-2.1375458852263547,3.9014477801634095
10,Ammonia,400.0,-10.536559634496971,7.815813288785243
10,Acetone,10.0,8.746967994171507,0.5621025347000402
10,Ammonia,50.0,5.806592878102558,2.1092276990368473
10,Acetone,250.0,-4.924573476150217,4.294896026395408
10,Ammonia,600.0,-22.262249428494354,11.26754580158912
10,Acetone,150.0,0.4212693851018704,3.2802245819292715
10,Ammonia,1000.0,-47.73548658376262,14.956313107453976
10,Acetone,150.0,0.6023975217798415,3.333964842325875
10,Ammonia,1000.0,-46.1905719761366,12.721777322350217
10,Acetone,50.0,6.086983665039919,1.5184649459001887
10,Ammonia,200.0,-0.7521807621395857,4.871326888134484
10,Acetone,100.0,3.8049555538898745,2.263823773698057
10,Ammonia,800.0,-28.623003045754693,8.68594371767113
10,Acetone,200.0,-1.116364266150481,3.5503460961360185
10,Ammonia,400.0,-9.220632117657134,7.0355923496503685
10,Acetone,10.0,8.924429215617895,0.5871308343840982
10,Ammonia,50.0,6.143991885239478,2.2583617667752085
10,Acetone,250.0,-4.353209191491948,4.175248969334133
10,Ammonia,600.0,-19.01151399946342,8.359486562028806
10,Acetone,250.0,-3.5060511378639028,4.021016946746653
10,Ammonia,600.0,-18.99454872439428,8.172104461373564
10,Acetone,150.0,1.2538422926548038,3.0685554124660044
10,Ammonia,1000.0,-40.15690174876361,8.247899191014852
10,Acetone,10.0,9.317464457411143,0.5243501047345804
10,Ammonia,50.0,6.878936391862661,2.0918298555427777
10,Acetone,50.0,6.639783277365482,1.3741494411342685
10,Ammonia,200.0,0.17822690766797009,4.721957909363926
10,Acetone,100.0,3.783443834123858,2.2768223232103315
10,Ammonia,800.0,-28.376837510062632,8.535543590146963
10,Acetone,200.0,-1.1327263803155125,3.5806207310734735
10,Ammonia,400.0,-8.925802478911717,7.016858029413069
10,Acetone,10.0,9.266971583194923,0.5134530782574249
10,Ammonia,50.0,6.867728385212694,2.1816182872087846
10,Acetone,250.0,-3.6336599851959845,3.71187587477096
10,Ammonia,600.0,-18.807228616072585,7.953164206692555
10,Acetone,150.0,1.3066981814296512,2.94595450944563
10,Ammonia,1000.0,-40.183283533704405,7.962454872050037
10,Acetone,50.0,6.689750553269367,1.4415433999304745
10,Ammonia,200.0,0.09640776648462296,4.928854962906428
10,Acetone,100.0,3.70042255877111,2.2553308538137187
10,Ammonia,800.0,-29.198461901757256,8.933002890724293
10,Acetone,200.0,-1.3955123822495148,3.7191362820732445
10,Ammonia,400.0,-9.332226069053242,7.458382496188952
10,Acetone,50.0,6.477353200403523,1.3892931213835753
10,Ammonia,200.0,-0.06320484734217763,5.023406400486412
10,Acetone,100.0,3.627714646819688,2.2101022002417943
10,Ammonia,800.0,-29.589513364673778,8.442822546999743
10,Acetone,200.0,-1.3902435000889264,3.6201323545638777
10,Ammonia,400.0,-9.463671285914728,7.222824745382194
10,Acetone,10.0,9.174010161470392,0.4458527593233029
10,Ammonia,50.0,7.091455184049189,2.256920370035304
10,Acetone,250.0,-3.9792322315078796,3.8297225055579136
10,Ammonia,600.0,-19.48828708479196,8.555131728386229
10,Acetone,150.0,1.2119122349159055,2.9679918235013987
10,Ammonia,1000.0,-40.46053064865477,8.523695044808338
10,Toluene,1.0,10.945058744794844,0.8172050906749614
10,Acetaldehyde,10.0,10.42650289329311,0.5381617627111618
10,Toluene,100.0,6.051044246446626,1.94172732669192
10,Acetaldehyde,150.0,1.3223908886419984,-1.1276874914778598
10,Toluene,60.0,7.615881414717192,1.7045142535299298
10,Acetaldehyde,250.0,-3.1441023943770947,-2.6281339684243
10,Toluene,20.0,9.51752140070504,1.2597898917020476
10,Acetaldehyde,50.0,7.51593896988312,-0.03340210911719973
10,Toluene,40.0,8.379566876521945,1.526349465714242
10,Acetaldehyde,200.0,-0.7995477832329683,-2.060071776796188
10,Toluene,80.0,6.798882139913957,1.8270500543374633
10,Acetaldehyde,100.0,4.499431645447785,-0.6881664346346058
10,Toluene,60.0,7.579370875003057,1.6656168965303713
10,Acetaldehyde,250.0,-2.9675832857686686,-2.7877553546704377
10,Toluene,20.0,9.439241943223049,1.3219168453129173
10,Acetaldehyde,50.0,7.548661332543407,-0.15833716468856932
10,Toluene,40.0,8.351057875392748,1.530253206203514
10,Acetaldehyde,200.0,-0.8137376703352067,-2.019402004800858
10,Toluene,80.0,6.71476037492822,1.7752426515435396
10,Acetaldehyde,100.0,4.079418596966186,-0.5807049467525226
10,Toluene,1.0,10.890980559960017,0.7512895228803895
10,Acetaldehyde,10.0,10.31877009023673,0.39122545837768935
10,Toluene,100.0,6.119621130933793,1.887905869992081
10,Acetaldehyde,150.0,1.3194792699395321,-1.2339872747389846
10,Toluene,20.0,9.458493765705978,1.2638645405469549
10,Acetaldehyde,50.0,7.306552306435552,-0.16251561451424484
10,Toluene,40.0,8.34698242996826,1.4986293781352567
10,Acetaldehyde,200.0,-0.874716518715073,-2.1139477910669804
10,Toluene,80.0,6.826534366823889,1.7838619455366416
10,Acetaldehyde,100.0,4.650906173294168,-0.7458381914044454
10,Toluene,1.0,10.894274974645075,0.8041684073585764
10,Acetaldehyde,10.0,10.32921069414595,0.272919085610661
10,Toluene,100.0,6.091170254682382,1.9331775963893423
10,Acetaldehyde,150.0,2.000098748424851,-1.3389917545016927
10,Toluene,60.0,7.636534451632309,1.6860204703035955
10,Acetaldehyde,250.0,-2.427928127313833,-2.709858289964817
10,Toluene,1.0,10.905069509689989,0.7960298660820563
10,Acetaldehyde,10.0,10.449020373848168,0.401385328821884
10,Toluene,20.0,9.511074709593078,1.3608891242583012
10,Acetaldehyde,50.0,7.6902701526024275,-0.027510498900047125
10,Toluene,40.0,8.51636929948174,1.6327178763183117
10,Acetaldehyde,200.0,-0.05450587101977808,-1.933448640829888
10,Toluene,80.0,7.009374052049667,1.8993237748420364
10,Acetaldehyde,100.0,4.999452033184859,-0.5311347944895803
10,Toluene,100.0,6.441368262226109,2.049240659996422
10,Acetaldehyde,150.0,2.414880894670285,-1.162878760422822
10,Toluene,60.0,7.798713639603997,1.804856326486627
10,Acetaldehyde,250.0,-2.2597477290028047,-2.524534709001217
10,Toluene,80.0,7.05658756307951,1.8804401660159462
10,Acetaldehyde,100.0,5.149287202247601,-0.5143646711931782
10,Toluene,1.0,11.087577561526977,0.9097272864948137
10,Acetaldehyde,10.0,10.661699367532943,0.5129831345187654
10,Toluene,100.0,6.386728545226793,2.061172468610963
10,Acetaldehyde,150.0,2.6797092607250463,-0.8807673216659261
10,Toluene,60.0,7.901160274919816,1.9084265743723703
10,Acetaldehyde,250.0,-1.9095461332635089,-2.3128013254368467
10,Toluene,20.0,9.698751798361217,1.4478497110339843
10,Acetaldehyde,50.0,8.160735758738712,0.21839815014112673
10,Toluene,40.0,8.711129516562563,1.7708807482565172
10,Acetaldehyde,200.0,0.2081014622330432,-1.5869900342503567
10,Toluene,20.0,9.666573933317554,1.4920842812447466
10,Acetaldehyde,50.0,8.165520506274849,0.27136427000986457
10,Toluene,40.0,8.60134678285118,1.767342993359558
10,Acetaldehyde,200.0,0.1911531448603364,-1.5579348749807103
10,Toluene,80.0,7.04634591301933,2.0699625724610202
10,Acetaldehyde,100.0,5.525943428711471,-0.26071848844963225
10,Toluene,1.0,11.08854669024597,0.9316360239864162
10,Acetaldehyde,10.0,10.835149049066683,0.6692108774704743
10,Toluene,100.0,5.992091338365864,2.1148666319013745
10,Acetaldehyde,150.0,2.6830395867809855,-0.9324826353832127
10,Toluene,60.0,7.725083309336728,1.9479562289798202
10,Acetaldehyde,250.0,-2.342646416913922,-2.1979064753884434
10,Toluene,60.0,7.716618946032562,1.9121562868658513
10,Acetaldehyde,250.0,-2.276736249484655,-2.248460160997263
10,Toluene,20.0,9.47468659027146,1.45401679534115
10,Acetaldehyde,50.0,7.844078306140481,0.11721701650022606
10,Toluene,40.0,8.366410703457895,1.7621080426348237
10,Acetaldehyde,200.0,-0.04305646464060102,-1.6212153520145476
10,Toluene,80.0,6.80082081166279,2.0873183475940063
10,Acetaldehyde,100.0,5.225053579117248,-0.2686988418227815
10,Toluene,1.0,10.704724460361568,0.7631259423597161
10,Acetaldehyde,10.0,10.635537400513826,0.6030929507341927
10,Toluene,100.0,5.980590767568816,2.025222325679705
10,Acetaldehyde,150.0,2.5871591639897025,-0.8577776299223866
10,Toluene,100.0,6.344648955573351,2.17133079497937
10,Acetaldehyde,150.0,2.6393004223239953,-0.8570027606786026
10,Toluene,60.0,7.732831614587705,1.9332495873378301
10,Acetaldehyde,250.0,-2.3239446160349817,-2.280569095832325
10,Toluene,1.0,10.983956174703197,0.8836678254053169
10,Acetaldehyde,10.0,10.663411354158477,0.5684352609540676
10,Toluene,20.0,9.348598476346648,1.3579464787380353
10,Acetaldehyde,50.0,7.941760519033803,0.29045885754707407
10,Toluene,40.0,8.470178005600157,1.7415751700571507
10,Acetaldehyde,200.0,0.17956792433989235,-1.6542477158269622
10,Toluene,80.0,6.785974557846771,2.0748017662687834
10,Acetaldehyde,100.0,5.1800464513059445,-0.38630474808580323
10,Toluene,1.0,10.927749932751704,0.9267718819689312
10,Acetaldehyde,10.0,10.702248070449949,0.6038327628384741
10,Toluene,100.0,5.936712427073403,2.1696278183008646
10,Acetaldehyde,150.0,2.6625891585037396,-0.8649679335292435
10,Toluene,60.0,7.751134624220177,1.9686517863656081
10,Acetaldehyde,250.0,-2.136271806127081,-2.187786741452498
10,Toluene,20.0,9.671819525802922,1.5169068602074798
10,Acetaldehyde,50.0,8.098615437696887,0.31367612007225065
10,Toluene,40.0,8.539310394812269,1.781305512919171
10,Acetaldehyde,200.0,0.023893895477505707,-1.5708775347974977
10,Toluene,80.0,6.931445590168448,2.0962981982040563
10,Acetaldehyde,100.0,5.406586331374711,-0.2667737699113969
10,Toluene,20.0,9.567437966421023,1.5131514913368576
10,Acetaldehyde,50.0,8.15649611821554,0.23244553251409109
10,Toluene,40.0,8.56868924199151,1.8179118541990607
10,Acetaldehyde,200.0,0.11497847600758909,-1.5248824903213758
10,Toluene,80.0,6.964514248529127,2.1060121220846177
10,Acetaldehyde,100.0,5.346685141034465,-0.1838719588436403
10,Toluene,1.0,11.114303563602302,0.9788584316302886
10,Acetaldehyde,10.0,10.929189247888562,0.7415388736339551
10,Toluene,100.0,6.176745072243751,2.2363857718211264
10,Acetaldehyde,150.0,2.54912207515236,-0.7585356807734387
10,Toluene,60.0,7.800218667401355,2.0124169846244615
10,Acetaldehyde,250.0,-2.2735443893572556,-2.1702924910776327
10,Acetone,10.0,7.717873146312915,-1.1101957772398956
10,Ammonia,50.0,9.039643037855084,0.043410773099127824
10,Acetone,250.0,-4.911149841874468,2.4501536900982663
10,Ammonia,600.0,-10.379296960244554,-0.30153925130210607
10,Acetone,150.0,1.3144783029326792,2.4197528177095045
10,Ammonia,1000.0,-37.36916201807596,6.037315577222653
10,Acetone,50.0,6.808712376476531,1.4499781699535663
10,Ammonia,200.0,0.24396781144706992,5.078556973249626
10,Acetone,100.0,3.88039791309693,2.4005110274081227
10,Ammonia,800.0,-30.41330692960265,12.624674104938569
10,Acetone,200.0,-0.4674267293528941,3.1986443540976266
10,Ammonia,400.0,-9.193541473920169,8.006191923932128
10,Acetone,150.0,1.486003016755594,3.026164281549787
10,Ammonia,1000.0,-45.00002352789152,14.650600036197751
10,Acetone,50.0,6.805910335230651,1.4653288544418126
10,Ammonia,200.0,-0.4185354307705989,5.608585782475588
10,Acetone,100.0,3.9267861297552265,2.409504033175486
10,Ammonia,800.0,-29.264273772379465,11.600742592243597
10,Acetone,200.0,-1.020468986942133,3.7042495448335044
10,Ammonia,400.0,-7.215337007818316,6.6541894657857705
10,Acetone,10.0,9.33465555438916,0.4539449137579786
10,Ammonia,50.0,6.877771167138653,2.0115167340878672
10,Acetone,250.0,-3.7089437623838424,4.035685644344329
10,Ammonia,600.0,-14.214213758714422,6.815887873327398
10,Acetone,50.0,6.7035927949510485,1.444848648677014
10,Ammonia,200.0,1.175103276399427,4.528153635133247
10,Acetone,100.0,3.77094795166126,2.4010747370199677
10,Ammonia,800.0,-26.35670324441729,9.952309155808708
10,Acetone,200.0,-1.2239476459473533,3.7259405604601055
10,Ammonia,400.0,-8.129669056786962,7.945870122115708
10,Acetone,10.0,9.142366268686038,0.5021400344239596
10,Ammonia,50.0,6.718430720682734,2.293801992591468
10,Acetone,250.0,-4.042639032217458,4.360018964080519
10,Ammonia,600.0,-18.710519088792754,10.518270887950543
10,Acetone,150.0,1.360772776016964,2.991703785196357
10,Ammonia,1000.0,-41.45612821312997,12.621347030992114
10,Acetone,10.0,9.164250603450505,0.5539381214122509
10,Ammonia,50.0,6.900733809933153,2.400577385713548
10,Acetone,50.0,6.467847482602911,1.4611452099819522
10,Ammonia,200.0,0.09974441141164302,5.6936696254197114
10,Acetone,100.0,3.4077549166839516,2.462702990040608
10,Ammonia,800.0,-31.436825837893547,12.996929166652173
10,Acetone,200.0,-1.6779114301599065,3.8522398588644275
10,Ammonia,400.0,-10.142213921656177,8.928781509820308
10,Acetone,250.0,-4.532134463549327,4.23479112188717
10,Ammonia,600.0,-21.10630335924604,10.687818298132028
10,Acetone,150.0,0.6277435178439048,3.2195397404686332
10,Ammonia,1000.0,-43.9981207177702,13.576193898363329
10,Acetone,200.0,-1.6849610681581384,4.0205227693614365
10,Ammonia,400.0,-10.404913186482306,9.15228886810721
10,Acetone,10.0,9.226672982205141,0.5110286898877977
10,Ammonia,50.0,7.246911757902164,2.400388085419748
10,Acetone,250.0,-4.42912174932826,4.2653319836689425
10,Ammonia,600.0,-19.80982998367653,9.85897948313859
10,Acetone,150.0,0.8088934793141817,3.26445989965943
10,Ammonia,1000.0,-43.9518122855514,13.217647740863486
10,Acetone,50.0,6.475343032820446,1.4673321865843525
10,Ammonia,200.0,-0.15536727065948303,6.0618909744535
10,Acetone,100.0,3.2829295759488324,2.37951268801456
10,Ammonia,800.0,-32.794587144601046,12.897134548903392
10,Acetone,50.0,6.377917747326418,1.4511549598414613
10,Ammonia,200.0,-0.3593130488217254,6.11571539516981
10,Acetone,100.0,3.2186812316211006,2.3739122500503314
10,Ammonia,800.0,-32.68500471772301,12.495629249900775
10,Acetone,200.0,-1.8507822072833033,3.8584402640157944
10,Ammonia,400.0,-10.633549458399536,8.74126111348713
10,Acetone,10.0,9.22890575145898,0.5450495379039327
10,Ammonia,50.0,7.554367092926519,2.375839337849217
10,Acetone,250.0,-4.506583147251175,4.1297607400719
10,Ammonia,600.0,-21.491420660601282,11.075118750710248
10,Acetone,150.0,1.1971248241097938,2.899704270951169
10,Ammonia,1000.0,-41.712538699617156,10.39424636957016
10,Acetone,150.0,1.4031813660807038,2.9634234061438502
10,Ammonia,1000.0,-44.28847318228058,11.83243736823538
10,Acetone,50.0,6.697905025047996,1.385296144076615
10,Ammonia,200.0,0.6353924638512807,5.5708298344676095
10,Acetone,100.0,3.575883486266607,2.2673508177887998
10,Ammonia,800.0,-31.882514063892188,12.38459073101753
10,Acetone,200.0,-1.636750385022223,3.7687383174382965
10,Ammonia,400.0,-10.862795093795626,8.90116489946685
10,Acetone,10.0,9.13309244879407,0.44565446927614544
10,Ammonia,50.0,7.770597648367501,2.3667794466125813
10,Acetone,250.0,-4.395792095852472,4.189692195345439
10,Ammonia,600.0,-21.637378172752946,11.13321426708835
10,Acetone,250.0,-3.8661386007734695,4.209314003507533
10,Ammonia,600.0,-20.255189562032445,9.62284539452087
10,Acetone,150.0,0.8721359504145907,3.2773119843105873
10,Ammonia,1000.0,-45.727070501572605,13.784487551159309
10,Acetone,10.0,9.2901014630759,0.5457112889868362
10,Ammonia,50.0,7.9357640688464945,2.350013011595697
10,Acetone,50.0,6.422718066242595,1.4254111467480106
10,Ammonia,200.0,0.174279867639196,6.252800297541115
10,Acetone,100.0,3.4951426424821572,2.5453702234062208
10,Ammonia,800.0,-33.740280773065436,14.099580950022755
10,Acetone,200.0,-1.614404432607101,4.193996709955276
10,Ammonia,400.0,-10.76380285568236,9.403509022871464
10,Acetone,10.0,9.30715614163442,0.6438250628882993
10,Ammonia,50.0,8.065223080766176,2.3929999048975574
10,Acetone,250.0,-4.357350291741893,4.624992931061745
10,Ammonia,600.0,-22.103795761842626,11.271473025539116
10,Acetone,150.0,0.8229669548571202,3.4231873672232775
10,Ammonia,1000.0,-46.79447184399691,14.726778836983375
10,Acetone,50.0,6.647776416943913,1.638979152857891
10,Ammonia,200.0,0.11040479324079673,6.420872868654847
10,Acetone,100.0,3.535832784333296,2.7582160875648256
10,Ammonia,800.0,-33.95432342489242,13.009990093294098
10,Acetone,200.0,-1.4984549880964455,4.260159112702901
10,Ammonia,400.0,-10.87201499168187,9.437468961933224
10,Acetone,50.0,6.582205049888312,1.7266040891544243
10,Ammonia,200.0,-0.04837490808533479,6.37380535432942
10,Acetone,100.0,3.499632252021791,2.7543723657750134
10,Ammonia,800.0,-34.364576990552436,13.74227457705876
10,Acetone,200.0,-1.569238446393146,4.096636872509299
10,Ammonia,400.0,-11.22401484627962,9.669951073438407
10,Acetone,10.0,9.360771217244633,0.6467336586113603
10,Ammonia,50.0,8.32820495619068,2.395121809554318
10,Acetone,250.0,-4.253020129072579,4.40999759675697
10,Ammonia,600.0,-23.06013389652832,12.11926831458918
10,Acetone,150.0,0.9318054224993099,3.516757843436243
10,Ammonia,1000.0,-47.23390570018776,15.936750641494598
10,Acetone,10.0,9.43443052982055,0.6779699501434984
10,Ammonia,50.0,8.638110804634724,2.3401189588527687
10,Acetone,250.0,-3.764333313910603,4.323661638364823
10,Ammonia,600.0,-21.73942726010248,11.036106579902635
10,Acetone,150.0,0.8850816238997992,3.6274390179684763
10,Ammonia,1000.0,-47.72035691602667,15.398478525849509
10,Acetone,50.0,6.713896598169941,1.7434778243703637
10,Ammonia,200.0,0.030488487603049747,6.459405840228851
10,Acetone,100.0,3.6891237688651204,2.7812687772818254
10,Ammonia,800.0,-35.053712246948784,14.205931143458342
10,Acetone,200.0,-1.5808883281382844,4.354766433933365
10,Ammonia,400.0,-10.922251834096386,9.309796568517886
10,Acetone,150.0,1.1395854982809324,3.5113750507105723
10,Ammonia,1000.0,-46.37930570386109,14.643957744243513
10,Acetone,50.0,7.033282314081759,1.7052406495808947
10,Ammonia,200.0,0.7183445005680601,6.0049924334690505
10,Acetone,100.0,4.08099239331876,2.64881404738975
10,Ammonia,800.0,-31.6355101551857,10.58534084686127
10,Acetone,200.0,-0.8861923463570546,4.005829575449535
10,Ammonia,400.0,-9.735515452256411,8.567801560660374
10,Acetone,10.0,9.650179104183554,0.7116280200189433
10,Ammonia,50.0,8.9789861626719,2.335537283411219
10,Acetone,250.0,-3.209444716744008,3.879701197703816
10,Ammonia,600.0,-19.81297123347871,8.698149498507323
10,Acetone,50.0,7.1502039571714135,1.6721245218018315
10,Ammonia,200.0,0.8503067591729732,5.885963841804159
10,Acetone,100.0,3.9587582446797014,2.6807319459462717
10,Ammonia,800.0,-31.841255253927127,10.31334593338017
10,Acetone,200.0,-0.6780631590853387,3.802200417073238
10,Ammonia,400.0,-9.567436485635175,8.0450933161096
10,Acetone,10.0,9.72478131506841,0.6564663217624015
10,Ammonia,50.0,8.754923940184888,2.2949125951146794
10,Acetone,250.0,-3.6857875577303565,4.191814103713484
10,Ammonia,600.0,-21.011007620787005,9.598745803210234
10,Acetone,150.0,1.4858584769101781,3.3556734109507524
10,Ammonia,1000.0,-43.26761285035592,10.604092719227708
10,Acetone,10.0,9.771749223229216,0.7293583065150813
10,Ammonia,50.0,9.016325111290486,2.3779955254565124
10,Acetone,50.0,6.997156198638435,1.6150334164308993
10,Ammonia,200.0,0.7025140127309282,5.967649431399554
10,Acetone,100.0,4.121632771821454,2.597733295454965
10,Ammonia,800.0,-32.00891312529232,10.954247180193192
10,Acetone,200.0,-0.9160643947737149,4.084508427910437
10,Ammonia,400.0,-10.070166470611285,8.491055258069716
10,Acetone,250.0,-3.5037246198140535,4.286301013110217
10,Ammonia,600.0,-21.008112287460182,9.288968607956829
10,Acetone,150.0,1.5344350589296223,3.341062519348177
10,Ammonia,1000.0,-42.84025581069469,9.509239748119718
10,Acetone,200.0,-0.7228855262923951,3.899676883195178
10,Ammonia,400.0,-9.713827135613627,8.070635440942233
10,Acetone,10.0,9.813088436601078,0.7356311152315529
10,Ammonia,50.0,9.272211326762815,2.3138799554997354
10,Acetone,250.0,-3.1188615856216653,3.858037768757037
10,Ammonia,600.0,-20.797589024073215,9.243029247132693
10,Acetone,150.0,1.5229748851063143,3.384064747482823
10,Ammonia,1000.0,-44.71383454411417,11.570253660762381
10,Acetone,50.0,7.168310127005321,1.709052888674117
10,Ammonia,200.0,0.48351975804258895,6.120486109537268
10,Acetone,100.0,4.0046219700010965,2.697713730985216
10,Ammonia,800.0,-33.9423853335189,11.74168662742225
10,Acetone,50.0,6.90858745145274,1.777770876297568
10,Ammonia,200.0,0.12875585647193274,6.362829891027658
10,Acetone,100.0,3.8188440350972344,2.7849877767536975
10,Ammonia,800.0,-33.55803223550749,11.294335028078676
10,Acetone,200.0,-1.5097909281393451,4.269924359440897
10,Ammonia,400.0,-10.682723546942512,8.631926276089628
10,Acetone,10.0,9.52739230469231,0.6794444603345821
10,Ammonia,50.0,8.730701030181002,2.344223581018138
10,Acetone,250.0,-4.201119385649279,4.337287183519611
10,Ammonia,600.0,-22.306114023919893,10.018954141739368
10,Acetone,150.0,1.0067305921507852,3.4487946225548027
10,Ammonia,1000.0,-47.03449007177059,13.3199684406798
10,Acetone,150.0,1.3520540444124476,3.427652196332592
10,Ammonia,1000.0,-45.44759170464987,11.246165715186995
10,Acetone,50.0,6.933171315145665,1.6539767427755208
10,Ammonia,200.0,0.43094916479714124,5.8505916204834705
10,Acetone,100.0,3.8730663064743056,2.470065367040479
10,Ammonia,800.0,-33.823244548091104,11.255762153217265
10,Acetone,200.0,-0.8974334817504998,3.7390546728425975
10,Ammonia,400.0,-10.764051402754294,8.266407536489348
10,Acetone,10.0,9.499137319581832,0.60230022340184
10,Ammonia,50.0,8.751784110142111,2.2449518728465225
10,Acetone,250.0,-4.018562098953023,4.070596291618677
10,Ammonia,600.0,-22.176040853731596,9.407345685442511
10,Acetone,250.0,-3.7776601588866336,4.238186277167305
10,Ammonia,600.0,-22.691718985805643,9.639309566570303
10,Acetone,150.0,1.4419645677062862,3.1664046777484907
10,Ammonia,1000.0,-44.29010413846562,9.034857234652726
10,Acetone,10.0,9.7077159811601,0.6556169107324415
10,Ammonia,50.0,8.64804140895633,2.2523424378067043
10,Acetone,50.0,6.861585215954256,1.4916176241016317
10,Ammonia,200.0,0.6237929461593531,5.59653979271955
10,Acetone,100.0,3.9604689312515204,2.5147347591167404
10,Ammonia,800.0,-34.39376808874054,11.479689744957138
10,Acetone,200.0,-1.0133510496293494,3.81477346888672
10,Ammonia,400.0,-10.079074399080042,7.568304974337011
10,Acetone,10.0,9.49569194806942,0.6468596965726777
10,Ammonia,50.0,8.230678682891613,2.295387630717581
10,Acetone,250.0,-3.6262930177529245,4.007256834243164
10,Ammonia,600.0,-21.654133912966163,9.011319895395047
10,Acetone,150.0,1.4292260273182391,3.3376002802489815
10,Ammonia,1000.0,-46.56661222554841,10.355553690169973
10,Acetone,50.0,6.9571660715304855,1.5210578759825164
10,Ammonia,200.0,0.32332515668933864,5.531805735210868
10,Acetone,100.0,3.961739600730774,2.5066439799999745
10,Ammonia,800.0,-34.20771030158374,11.491538879703535
10,Acetone,200.0,-1.1235846200444801,3.8962517712940974
10,Ammonia,400.0,-10.189766249834044,7.7184099197659135
10,Acetone,50.0,6.9343593105241785,1.5762172781102142
10,Ammonia,200.0,0.24185934560310335,5.626187038291238
10,Acetone,100.0,4.092237569212316,2.5157033218701224
10,Ammonia,800.0,-33.55979323142881,10.501500667868102
10,Acetone,200.0,-0.7459293206721886,3.733555130851085
10,Ammonia,400.0,-9.933929487605546,7.425274927765602
10,Acetone,10.0,9.412879163157227,0.6384887174036507
10,Ammonia,50.0,8.063338386563576,2.346395706764626
10,Acetone,250.0,-3.5180383870937773,3.8836870864372615
10,Ammonia,600.0,-21.435735043963465,8.92109013235358
10,Acetone,150.0,1.51775872736732,3.1078526370948043
10,Ammonia,1000.0,-45.53452580745501,9.845043831403174
10,Acetone,10.0,9.205464815311556,0.026326558372774422
10,Ammonia,50.0,7.880577946470113,1.9416996869152057
10,Acetone,250.0,-3.430306913502355,2.3725066782942568
10,Ammonia,600.0,-15.97085020178583,6.8012760653465785
10,Acetone,150.0,1.4644926088929493,1.9002585096301774
10,Ammonia,1000.0,-35.243892646030126,7.029695475846966
10,Acetone,50.0,6.924432680228316,0.8280860402293985
10,Ammonia,200.0,0.8792765587145938,4.545290735717873
10,Acetone,100.0,3.911030949836384,1.4325767853463351
10,Ammonia,800.0,-26.642167651395997,7.15449003621442
10,Acetone,200.0,-0.8825458860397528,2.2927778582662515
10,Ammonia,400.0,-8.35684533648572,6.458807044049345
10,Acetone,150.0,1.3632086110092314,1.8792415303707344
10,Ammonia,1000.0,-37.93951174520168,6.62830752058131
10,Acetone,50.0,6.823855787128367,0.7952267889902633
10,Ammonia,200.0,0.5379593632012594,4.7033303184744835
10,Acetone,100.0,3.7871316909286312,1.45864649404496
10,Ammonia,800.0,-28.24624116042252,7.467499326238747
10,Acetone,200.0,-0.7153786448105128,2.229678999582479
10,Ammonia,400.0,-8.550108633728676,6.281049955623694
10,Acetone,10.0,9.381044066057926,0.07511038263567908
10,Ammonia,50.0,7.70140119151804,1.9472330190716998
10,Acetone,250.0,-3.2192548060899417,2.322524539610836
10,Ammonia,600.0,-16.52468613108879,6.431887052299587
10,Acetone,50.0,6.654052752557495,0.7712524945856027
10,Ammonia,200.0,1.0069418353289672,4.3465186647583725
10,Acetone,100.0,3.697157311527269,1.3510269603123626
10,Ammonia,800.0,-23.806634751847774,6.394727503548813
10,Acetone,200.0,-0.9500269679470681,2.0846051854096626
10,Ammonia,400.0,-7.084746335016108,5.685736475459916
10,Acetone,10.0,9.245849026233458,-0.01578780186303354
10,Ammonia,50.0,7.869675983844878,1.7882535969199775
10,Acetone,250.0,-3.564434794368071,2.1639647711222847
10,Ammonia,600.0,-16.003457779786114,5.989044440428338
10,Acetone,150.0,1.264661581828759,1.757536179372991
10,Ammonia,1000.0,-35.38199100933592,5.629333800574692
10,Acetone,10.0,9.390536208611225,0.04402021381681841
10,Ammonia,50.0,7.862010395466166,1.8327580809647441
10,Acetone,50.0,6.50864950643482,0.6721390700971068
10,Ammonia,200.0,0.9995996505146112,4.342291110184482
10,Acetone,100.0,3.684347134822882,1.359912053471311
10,Ammonia,800.0,-26.41348954277447,6.223229689880197
10,Acetone,200.0,-0.9421156169172259,2.133534329509243
10,Ammonia,400.0,-8.063830714571624,5.8405065143765205
10,Acetone,250.0,-3.4369684076764115,2.290543135045537
10,Ammonia,600.0,-17.656014743417238,6.05388148298318
10,Acetone,150.0,1.2811388489791362,1.7725719014894035
10,Ammonia,1000.0,-37.19287304366687,5.174711807757916
10,Acetone,200.0,-0.8475676360258966,2.1165637525966896
10,Ammonia,400.0,-8.046496419475027,5.893255670404738
10,Acetone,10.0,9.36756743968563,0.04683989850831262
10,Ammonia,50.0,7.937231127005482,1.862321453149465
10,Acetone,250.0,-3.4013117113934257,2.0735457457855793
10,Ammonia,600.0,-17.466370035074437,6.209067162666108
10,Acetone,150.0,1.2480907312988396,1.644398820492991
10,Ammonia,1000.0,-36.9976091232728,4.727466870938602
10,Acetone,50.0,6.675909715729625,0.6847709829141188
10,Ammonia,200.0,0.6731066398438861,4.695157639507263
10,Acetone,100.0,3.6685061374102057,1.3651158693021475
10,Ammonia,800.0,-27.690690774844423,6.886869472264055
10,Acetone,50.0,6.474667851645807,0.851555277493477
10,Ammonia,200.0,-0.10786815204984465,5.2281652219303485
10,Acetone,100.0,3.2833832447194875,1.5822771902110497
10,Ammonia,800.0,-29.78322573811305,8.538296111488812
10,Acetone,200.0,-1.5895573019232245,2.564256322398918
10,Ammonia,400.0,-9.913098215909171,7.190764938780326
10,Acetone,10.0,9.010160801500088,0.037169169693286326
10,Ammonia,50.0,7.581844948194925,2.0598727647789543
10,Acetone,250.0,-4.333932337097162,2.7525325254242494
10,Ammonia,600.0,-19.997229674678643,8.469364485612434
10,Acetone,150.0,0.826954054386521,2.0692723283216563
10,Ammonia,1000.0,-40.627330474201315,7.754719950128103
10,Acetone,150.0,1.214543940553357,2.010126549436062
10,Ammonia,1000.0,-40.56404469323508,7.307324108042374
10,Acetone,50.0,6.6286953723022854,0.7650739455685299
10,Ammonia,200.0,0.4823887354448447,5.057739422465133
10,Acetone,100.0,3.4987951708670497,1.4931978250631521
10,Ammonia,800.0,-29.543031107283372,8.522830255318164
10,Acetone,200.0,-1.322667542571042,2.5064286989974844
10,Ammonia,400.0,-9.606989199710247,7.466030068427727
10,Acetone,10.0,9.238317695261902,0.04006949992341782
10,Ammonia,50.0,8.290896123875935,2.116865182127427
10,Acetone,250.0,-4.082444613147703,2.7813087380084993
10,Ammonia,600.0,-19.52161420072685,8.112321153622196
10,Acetone,250.0,-3.7877046192106176,2.8451585720390913
10,Ammonia,600.0,-19.803498629580243,8.11602144775747
10,Acetone,150.0,0.9974527135197924,2.0600026253543837
10,Ammonia,1000.0,-41.506680955528346,8.413364217048459
10,Acetone,10.0,9.369054873327615,0.09189027020458014
10,Ammonia,50.0,8.448981819204198,2.0397224045208504
10,Acetone,50.0,6.296219123041819,0.6984962500304445
10,Ammonia,200.0,0.4664666351387599,5.317885442873429
10,Acetone,100.0,3.402467838856448,1.4910575272093982
10,Ammonia,800.0,-29.74609505432231,8.594604322117794
10,Acetone,200.0,-1.4340206625695322,2.5298106221704453
10,Ammonia,400.0,-9.595558351118457,7.258313772337935
10,Acetone,10.0,9.221046005557668,0.005743837578001264
10,Ammonia,50.0,8.473817640475163,2.015754373681451
10,Acetone,250.0,-4.110596048886629,2.6388085857197066
10,Ammonia,600.0,-19.83619643410278,8.030700313186838
10,Acetone,150.0,0.8626074081539237,2.0831360131335765
10,Ammonia,1000.0,-41.10726928785825,7.635979565299496
10,Acetone,50.0,6.517036044074962,0.7228769647465402
10,Ammonia,200.0,0.18945774024522463,5.412686541957521
10,Acetone,100.0,3.41067030093774,1.5066024230377246
10,Ammonia,800.0,-30.420165615253428,8.286879072352018
10,Acetone,200.0,-1.3432057248681923,2.441135686014766
10,Ammonia,400.0,-9.767980342293885,7.252252137214748
10,Acetone,50.0,6.356709294680277,0.8022590144674577
10,Ammonia,200.0,0.2745814954909514,5.369874016781053
10,Acetone,100.0,3.283961183924365,1.483039200496282
10,Ammonia,800.0,-30.68117395982013,8.525804369071246
10,Acetone,200.0,-1.432279975708575,2.425962937420923
10,Ammonia,400.0,-9.600535117947487,7.106920815945599
10,Acetone,10.0,9.279944724439941,0.027793412013897793
10,Ammonia,50.0,8.67712424878915,2.0416106275374615
10,Acetone,250.0,-3.994234279937638,2.6016643397301484
10,Ammonia,600.0,-19.886848455424467,7.822582594007638
10,Acetone,150.0,0.9200712875454701,2.023307184178522
10,Ammonia,1000.0,-40.790554407976856,7.618893520611307
10,Acetone,10.0,9.350277378179554,0.05519634470335046
10,Ammonia,50.0,8.735036907964295,2.0402266035839762
10,Acetone,250.0,-3.732798258227712,2.583498853359491
10,Ammonia,600.0,-19.59838152582945,7.923380433348168
10,Acetone,150.0,0.940058635139529,1.9980200366358707
10,Ammonia,1000.0,-40.47408608510623,7.712358412288301
10,Acetone,50.0,6.604913699123876,0.7323754648977272
10,Ammonia,200.0,0.5571437230174939,5.223575886126465
10,Acetone,100.0,3.5274730326405925,1.5228565993928318
10,Ammonia,800.0,-30.227083480223435,8.406519702514794
10,Acetone,200.0,-1.2637546566680806,2.477889666867528
10,Ammonia,400.0,-9.653061926858763,7.280806049709336
10,Acetone,150.0,0.832004914659033,2.0988671046341905
10,Ammonia,1000.0,-41.83160134599762,8.781789539419579
10,Acetone,50.0,6.689801279502619,0.7652028951996743
10,Ammonia,200.0,0.6976792599003978,5.272226394845598
10,Acetone,100.0,3.312863254019741,1.667054033736364
10,Ammonia,800.0,-32.44697921166546,10.365379182810674
10,Acetone,200.0,-1.545320995771814,2.77653911835003
10,Ammonia,400.0,-10.223455715860261,7.76421451069942
10,Acetone,10.0,9.177527999625712,0.11705796879944495
10,Ammonia,50.0,8.649110307288922,2.0798051659692542
10,Acetone,250.0,-4.0963287149218655,2.7265306601913077
10,Ammonia,600.0,-19.64896476248824,7.834318057260176
10,Acetone,50.0,6.5406904648918,0.8287683357296729
10,Ammonia,200.0,0.04601006825822261,5.614849449701871
10,Acetone,100.0,3.0253955805329795,1.731920493696146
10,Ammonia,800.0,-29.827831064866363,7.6633885847207734
10,Acetone,200.0,-1.4760382192088721,2.6173506160290065
10,Ammonia,400.0,-10.695891215360946,7.8577429081210735
10,Acetone,10.0,9.179122598170965,0.03921219015110313
10,Ammonia,50.0,8.986378780013661,2.044436561377169
10,Acetone,250.0,-4.330345384329402,2.807752800601296
10,Ammonia,600.0,-20.688295259874316,8.324554499329459
10,Acetone,150.0,0.9646489320997153,2.157101448176787
10,Ammonia,1000.0,-47.407149980755335,12.494941903132988
10,Acetone,10.0,9.040175507421614,0.059173168389465604
10,Ammonia,50.0,8.65482672562668,2.078980229114122
10,Acetone,50.0,6.00226453761354,0.8326097889021337
10,Ammonia,200.0,-0.4821603552854507,5.9433940831633585
10,Acetone,100.0,2.9374222404245955,1.6864569273530237
10,Ammonia,800.0,-34.012986886469356,11.134621975002714
10,Acetone,200.0,-2.0703327311550064,2.8612404683164088
10,Ammonia,400.0,-11.44174002658134,8.591925469302879
10,Acetone,250.0,-4.793359961694607,3.2503161085346512
10,Ammonia,600.0,-19.78984727048815,7.310228067856423
10,Acetone,150.0,1.110244046053203,2.048462377692096
10,Ammonia,1000.0,-40.82547215849462,7.349860215546813
10,Acetone,200.0,-1.1367104982858958,2.407386278176581
10,Ammonia,400.0,-9.957167914606119,7.232516172588354
10,Acetone,10.0,9.32683311110523,0.04552854853318698
10,Ammonia,50.0,9.063597504191485,2.050462650313895
10,Acetone,250.0,-3.95314622354169,2.4006783585179887
10,Ammonia,600.0,-20.54804665611358,8.237131551855398
10,Acetone,150.0,1.084339219488188,2.0654599135425045
10,Ammonia,1000.0,-40.37469823720766,6.750741788399825
10,Acetone,50.0,6.705998046007572,0.7747819368441804
10,Ammonia,200.0,0.588755299693616,5.336314293058945
10,Acetone,100.0,3.5463180434174912,1.5772237183522904
10,Ammonia,800.0,-30.263383937886537,7.665075079721234
10,Acetone,50.0,6.642616401459446,0.8297047520731238
10,Ammonia,200.0,0.5723330934381033,5.267694510889892
10,Acetone,100.0,3.573839248504628,1.534700451018281
10,Ammonia,800.0,-29.803140823128075,7.131198841072502
10,Acetone,200.0,-1.1687379976120043,2.343771123127744
10,Ammonia,400.0,-9.437404978236998,6.7674458823589525
10,Acetone,10.0,9.366682807509605,0.08183533232499941
10,Ammonia,50.0,9.122276964355088,2.0612892697694454
10,Acetone,250.0,-3.7958648122324155,2.357711919116826
10,Ammonia,600.0,-19.873493485603063,7.18897864363782
10,Acetone,150.0,1.0896829926786782,1.9421379961830265
10,Ammonia,1000.0,-40.58435825122114,6.573018742874286
10,Acetone,150.0,1.3746183996153627,1.9107081672386956
10,Ammonia,1000.0,-40.55459299927572,6.425772222689031
10,Acetone,50.0,6.698212140990814,0.7948067124644079
10,Ammonia,200.0,0.7257893593813332,5.093932576199029
10,Acetone,100.0,3.665069386474632,1.4001418514703141
10,Ammonia,800.0,-30.051555901325305,7.341118348563339
10,Acetone,200.0,-1.157391999445548,2.357381662995266
10,Ammonia,400.0,-9.798138972638242,6.7946894149751325
10,Acetone,10.0,9.337387055696537,0.039299223448752536
10,Ammonia,50.0,9.074940469222025,2.048900019717687
10,Acetone,250.0,-3.8106014104780916,2.3293923955886946
10,Ammonia,600.0,-19.589495284892806,6.866038094101655
10,Acetone,250.0,-3.5490121265397794,2.4416349630010807
10,Ammonia,600.0,-19.586571874685507,6.617599879585354
10,Acetone,150.0,1.257875501766515,1.8634172772264337
10,Ammonia,1000.0,-39.935595693726285,5.679822550507185
10,Acetone,10.0,9.435766536559033,0.07885898044777939
10,Ammonia,50.0,9.179617065822042,2.0522348389211307
10,Acetone,50.0,6.475056270337372,0.6825803129215294
10,Ammonia,200.0,0.4710659288963001,5.387872323533806
10,Acetone,100.0,3.5884658110873593,1.5501341234422414
10,Ammonia,800.0,-29.766703815502748,7.820512131255262
10,Acetone,200.0,-1.187456891672461,2.4500794478079446
10,Ammonia,400.0,-9.694961053413401,7.227985026946583
10,Acetone,10.0,9.570829816211727,0.1406700931002211
10,Ammonia,50.0,9.261143181664199,2.0822719623145973
10,Acetone,250.0,-3.3033931461989714,2.354590182570071
10,Ammonia,600.0,-19.22099300940747,7.5853182893876525
10,Acetone,150.0,1.2745929480191225,1.9745172797336863
10,Ammonia,1000.0,-39.776046441569356,7.165186679566985
10,Acetone,50.0,6.729618124873894,0.706649472786303
10,Ammonia,200.0,0.6568337589661747,5.498280078012246
10,Acetone,100.0,3.6045310916314914,1.494583660496379
10,Ammonia,800.0,-29.664864624607443,8.022848496029637
10,Acetone,200.0,-1.0176966363725448,2.4194343224344594
10,Ammonia,400.0,-9.553914723738393,7.324265624016263
10,Acetone,50.0,6.553377678814533,0.7810008170704705
10,Ammonia,200.0,0.3768869969888865,5.603970075853675
10,Acetone,100.0,3.517103443471346,1.4499760018490795
10,Ammonia,800.0,-30.122673426186193,7.8335300462907345
10,Acetone,200.0,-1.1727528333476664,2.3381068181240963
10,Ammonia,400.0,-9.725328156420192,7.085192846398929
10,Acetone,10.0,9.375344533489073,0.06608603585279824
10,Ammonia,50.0,9.096467793899263,2.088157284533806
10,Acetone,250.0,-3.774486770484314,2.320447994057305
10,Ammonia,600.0,-19.40457509946446,7.269934476430288
10,Acetone,150.0,1.1303039769593202,1.8529624896611516
10,Ammonia,1000.0,-39.93334893612502,6.966055645981057
10,Ethylene,10.0,10.907716481320227,0.7414262917812565
10,Ammonia,50.0,9.10982999268124,1.9619405261258493
10,Ethylene,250.0,3.0932496694576086,1.0648188890815706
10,Ammonia,600.0,-18.307815849121948,6.498248720677292
10,Ethylene,150.0,5.981017570620388,1.0794287409335503
10,Ammonia,1000.0,-38.82308684885945,5.762089399864863
10,Ethylene,50.0,9.34457306721773,0.8653535212607009
10,Ammonia,200.0,0.6796039034180705,4.869079228027897
10,Ethylene,100.0,7.376459260127548,0.9222851501508613
10,Ammonia,800.0,-28.816010567462286,6.565280092495065
10,Ethylene,200.0,4.540824090355038,1.004528027230739
10,Ammonia,400.0,-9.400463160520172,6.31661319700691
10,Ethylene,150.0,5.848716052879309,1.039958683626948
10,Ammonia,1000.0,-39.59673987718965,5.457296766455829
10,Ethylene,50.0,9.305857368305553,0.8122592460291164
10,Ammonia,200.0,0.5664470709087589,4.941810236903726
10,Ethylene,100.0,7.341103108026364,0.9822870537692735
10,Ammonia,800.0,-28.591108556456934,6.320773119513527
10,Ethylene,200.0,4.418333827156189,0.9982043050291209
10,Ammonia,400.0,-9.908354128622726,6.731808728320076
10,Ethylene,10.0,10.649962956572773,0.7123602190989777
10,Ammonia,50.0,8.78284573791675,2.0401273947476506
10,Ethylene,250.0,2.3807471657341184,1.001282412933122
10,Ammonia,600.0,-21.033258047743125,8.821506954851158
10,Ethylene,50.0,8.888508972494638,0.9584240388054803
10,Ammonia,200.0,-0.15768994900406177,5.510876512297925
10,Ethylene,100.0,6.91821576395685,1.1497712603182815
10,Ammonia,800.0,-31.30812751186642,8.495620550142522
10,Ethylene,200.0,4.015624274565547,1.281256419217355
10,Ammonia,400.0,-10.670336600928596,7.45293415549587
10,Ethylene,10.0,10.527505471285158,0.755797473560024
10,Ammonia,50.0,8.561523586680194,2.1500845125040366
10,Ethylene,250.0,2.274818267819312,1.2522132572476572
10,Ammonia,600.0,-21.41760512951332,8.092949633906688
10,Ethylene,150.0,5.335674841258384,1.2416320982949576
10,Ammonia,1000.0,-44.920126321170436,9.829359300880615
10,Ethylene,10.0,10.614034481066732,0.8053337099243366
10,Ammonia,50.0,8.670777801840355,2.209147396977199
10,Ethylene,50.0,8.744430428354757,0.9662566839438798
10,Ammonia,200.0,-0.025029137569922876,5.48573162918331
10,Ethylene,100.0,6.912289829383269,1.2000419111393108
10,Ammonia,800.0,-32.01350626017751,8.816621935753238
10,Ethylene,200.0,3.830683435124046,1.3380031825308292
10,Ammonia,400.0,-10.943723396442957,7.61754636982448
10,Ethylene,250.0,2.3028545896302144,1.3960774795468855
10,Ammonia,600.0,-21.87000552581236,8.41499592657357
10,Ethylene,150.0,5.344867661972737,1.321333571339434
10,Ammonia,1000.0,-45.01340013925029,9.234560576456566
10,Ethylene,200.0,3.9559839552997937,1.358483985429931
10,Ammonia,400.0,-10.69621131083415,7.285574143166755
10,Ethylene,10.0,10.711186517474017,0.7365422906272517
10,Ammonia,50.0,8.637309839243889,2.24360730164975
10,Ethylene,250.0,2.1509937410821878,1.3163343159326608
10,Ammonia,600.0,-21.678738572733216,8.264306284128748
10,Ethylene,150.0,5.30584164416551,1.2817008954863913
10,Ammonia,1000.0,-45.447624467339516,9.196714321827997
10,Ethylene,50.0,8.847930328323843,1.001626899954115
10,Ammonia,200.0,-0.17291105962614367,5.481108961701259
10,Ethylene,100.0,7.080195979004523,1.2451083778773198
10,Ammonia,800.0,-33.37321476657615,10.173955786603786
10,Ethylene,50.0,8.871978470702013,1.0150289650240005
10,Ammonia,200.0,-0.32285062760330735,5.770026002555392
10,Ethylene,100.0,6.883816753805977,1.245512316694876
10,Ammonia,800.0,-34.26428342040133,10.557555821918108
10,Ethylene,200.0,3.6871158354764466,1.493804351442996
10,Ammonia,400.0,-11.390391686049606,8.10049106358819
10,Ethylene,10.0,10.590193250506529,0.8008549673098306
10,Ammonia,50.0,8.521906989928134,2.2967335756478646
10,Ethylene,250.0,2.025337029369817,1.3733851216456865
10,Ammonia,600.0,-22.429908887187942,8.811324703066267
10,Ethylene,150.0,5.3044997967036975,1.3768255072351288
10,Ammonia,1000.0,-46.29253491888164,9.861678337960429
10,Ethylene,150.0,5.467104624562707,1.3630255042465114
10,Ammonia,1000.0,-47.19247571780324,11.309081985572064
10,Ethylene,50.0,8.934083790104614,1.0486766669570156
10,Ammonia,200.0,-0.24877163922056916,5.912673013803767
10,Ethylene,100.0,6.91002721749317,1.2998929210599617
10,Ammonia,800.0,-33.38156073547664,9.695844343698292
10,Ethylene,200.0,3.8496256364948622,1.4076687061098556
10,Ammonia,400.0,-11.346727377073117,7.989146420282405
10,Ethylene,10.0,10.673029875866941,0.8107478471155767
10,Ammonia,50.0,8.749297217602145,2.26542462302949
10,Ethylene,250.0,2.469672108899042,1.2868464105301685
10,Ammonia,600.0,-20.23255990190281,7.440133519053819
10,Ethylene,250.0,2.6571253205494942,1.3711864878978146
10,Ammonia,600.0,-20.17616727423372,7.272839460389249
10,Ethylene,150.0,5.671917064034691,1.2748121093800318
10,Ammonia,1000.0,-41.47261513437043,6.513564282975767
10,Ethylene,10.0,10.86656409092257,0.7377748774831372
10,Ammonia,50.0,9.159727170099424,2.0685895733439676
10,Ethylene,50.0,9.055286353638344,0.9072932644335415
10,Ammonia,200.0,0.4521610850634548,5.105623194299422
10,Ethylene,100.0,7.133586083027672,1.167615033560529
10,Ammonia,800.0,-29.879363251581772,7.045884913688327
10,Ethylene,200.0,4.205844653214352,1.296990865136463
10,Ammonia,400.0,-9.594311260317397,6.646152031873569
10,Ethylene,10.0,10.845203619180017,0.7483351689652986
10,Ammonia,50.0,9.151405987377958,2.071005598696733
10,Ethylene,250.0,2.472051752487062,1.280535051465228
10,Ammonia,600.0,-19.962475029695508,6.905108869402371
10,Ethylene,150.0,5.624061105686561,1.2797007197173331
10,Ammonia,1000.0,-40.78025148481733,6.285695327167681
10,Ethylene,50.0,9.204214076366501,0.9400936177078705
10,Ammonia,200.0,0.562645954416333,5.009037485231965
10,Ethylene,100.0,7.260695812323536,1.1157226536543106
10,Ammonia,800.0,-30.559989887376727,6.700835531229638
10,Ethylene,200.0,4.246604152952725,1.262722824211115
10,Ammonia,400.0,-9.892308146684,6.554084016896585
10,Ethylene,50.0,9.100320399972325,0.9207077544774506
10,Ammonia,200.0,0.3018681963512422,5.152127892194698
10,Ethylene,100.0,7.163337197655594,1.163872210784748
10,Ammonia,800.0,-30.30988697331768,6.949473571653246
10,Ethylene,200.0,4.208075402108414,1.251532195495589
10,Ammonia,400.0,-9.771208494003828,6.559809447664361
10,Ethylene,10.0,10.842268477184453,0.7313276168863392
10,Ammonia,50.0,9.188427632098492,2.0821493108771887
10,Ethylene,250.0,2.545612651689108,1.2303293737546548
10,Ammonia,600.0,-19.941606917011757,6.569623954046871
10,Ethylene,150.0,5.7130227907456055,1.2422969704772044
10,Ammonia,1000.0,-40.843190610293256,6.142356238231463
10,Toluene,1.0,10.606107886150136,0.4444993593672299
10,Ethanol,50.0,10.046889347601235,1.2299383957522885
10,Toluene,100.0,2.3601461411243103,0.8556956148484639
10,Ethanol,600.0,-8.982705422736453,2.721217157923169
10,Toluene,60.0,5.425853236321759,0.8527324034853789
10,Ethanol,1000.0,-23.052297601357104,3.9960303848927388
10,Toluene,20.0,8.637077938723559,0.6459293031373214
10,Ethanol,200.0,4.274081342869396,2.0941245711073413
10,Toluene,40.0,6.827307695594565,0.8496046848951481
10,Ethanol,800.0,-16.235335352620393,3.5628619666939585
10,Toluene,80.0,4.115528760894424,0.8162003592685838
10,Ethanol,400.0,-2.538533622940287,2.9543934487404466
10,Toluene,60.0,5.5186722792941465,0.8906621332025046
10,Ethanol,1000.0,-23.980662969405206,4.676284728134336
10,Toluene,20.0,8.752089539150475,0.6917070890979572
10,Ethanol,200.0,4.389237640979962,2.0866506525171054
10,Toluene,40.0,7.02109961216694,0.8360750518197837
10,Ethanol,800.0,-15.72069322001587,2.6286600209340674
10,Toluene,80.0,4.397656063830098,0.8916854166745118
10,Ethanol,400.0,-2.4947562095195916,2.550454459984018
10,Toluene,1.0,10.707651179654754,0.5297197506594885
10,Ethanol,50.0,10.069582635440181,1.2081737727014947
10,Toluene,100.0,2.7928049076670334,1.1047515111364958
10,Ethanol,600.0,-9.599744998898666,3.122519631609579
10,Toluene,20.0,8.6980764601546,0.7049209056337338
10,Ethanol,200.0,4.093699443083772,2.2323745642251622
10,Toluene,40.0,7.040574805567499,0.9396725437178445
10,Ethanol,800.0,-16.815259529653524,3.5113016106534616
10,Toluene,80.0,4.587555977925108,1.0163729633099892
10,Ethanol,400.0,-2.6245930898454577,2.7671586845983525
10,Toluene,1.0,10.721740900055748,0.49895628280898896
10,Ethanol,50.0,10.008336931340256,1.2611059393487773
10,Toluene,100.0,3.2747344064863206,1.2500548546392207
10,Ethanol,600.0,-10.143350742352585,3.581399824888776
10,Toluene,60.0,5.830411928309406,1.0983929366326453
10,Ethanol,1000.0,-23.3848115237743,3.518614930830567
10,Toluene,1.0,10.813929213826594,0.6206200940259174
10,Ethanol,50.0,10.108580301489303,1.2069343133535961
10,Toluene,20.0,8.703113124043856,0.7487050119516279
10,Ethanol,200.0,4.084654587130975,2.089629856083672
10,Toluene,40.0,7.177975231211693,0.9924155809044686
10,Ethanol,800.0,-16.349864161259003,3.0840449474072944
10,Toluene,80.0,4.644619032708381,1.016318001519583
10,Ethanol,400.0,-2.494137508531458,2.593895196325546
10,Toluene,100.0,3.617829062107167,1.2187770618960767
10,Ethanol,600.0,-9.146526110214676,2.7079884005016295
10,Toluene,60.0,6.056394022399,1.0554339796194476
10,Ethanol,1000.0,-22.708997059452045,3.305904328495361
10,Toluene,80.0,4.8371036682426825,1.0118752065952459
10,Ethanol,400.0,-2.334040225959824,2.6030595450812957
10,Toluene,1.0,10.800024352263293,0.5335465876295455
10,Ethanol,50.0,10.103269485572802,1.1857397099610643
10,Toluene,100.0,3.5096073087733686,1.2136571982448263
10,Ethanol,600.0,-9.218977296344962,2.6044715745379077
10,Toluene,60.0,6.088916171668979,1.0834935104823056
10,Ethanol,1000.0,-22.870045948887533,2.9238197504576595
10,Toluene,20.0,8.91263271114028,0.7036214789873567
10,Ethanol,200.0,4.286429015872082,2.0336144290176565
10,Toluene,40.0,7.355813468997188,1.0004289956802204
10,Ethanol,800.0,-16.31175546732035,2.884879639623271
10,Toluene,20.0,8.915179612197598,0.8035277524966585
10,Ethanol,200.0,3.6479643392337633,2.5382335835863405
10,Toluene,40.0,7.224363623416352,0.9336294365079879
10,Ethanol,800.0,-15.967608507271384,2.4895517328783368
10,Toluene,80.0,4.702988079217122,0.9965767280474938
10,Ethanol,400.0,-2.4895443803212705,2.443085507784977
10,Toluene,1.0,10.759358142153301,0.5177020288490528
10,Ethanol,50.0,10.067100287919773,1.1740738739679322
10,Toluene,100.0,3.3187221112075527,1.0736025602896366
10,Ethanol,600.0,-9.25332554088811,2.5391799906160415
10,Toluene,60.0,6.021950539394678,1.0382745592787601
10,Ethanol,1000.0,-22.78461896590921,3.0340745812158088
10,Toluene,60.0,6.136972420763197,1.0462216074611461
10,Ethanol,1000.0,-22.833348394018614,3.2525379514964117
10,Toluene,20.0,8.93609606517722,0.7585956195147208
10,Ethanol,200.0,4.293981991208437,2.0798218089440854
10,Toluene,40.0,7.309949958060956,0.9881683376740685
10,Ethanol,800.0,-16.09349957399874,2.9429644699204207
10,Toluene,80.0,4.857878744358919,1.0924355227215463
10,Ethanol,400.0,-2.3198266677921118,2.438840783912993
10,Toluene,1.0,10.80684604236259,0.5472782953248312
10,Ethanol,50.0,10.115677070843159,1.2038713760448312
10,Toluene,100.0,3.489976588760215,1.2201165791064446
10,Ethanol,600.0,-9.418368272246076,2.8477375000021725
10,Toluene,100.0,3.75863999455713,1.20808724219577
10,Ethanol,600.0,-9.169598811873845,2.8476067669552227
10,Toluene,60.0,6.098085681214996,1.027134025319901
10,Ethanol,1000.0,-23.12657791148393,3.1230964265566175
10,Toluene,1.0,10.824880842064031,0.5580877554963845
10,Ethanol,50.0,10.153030793208627,1.166159814899962
10,Toluene,20.0,8.814158096057946,0.7895059677347969
10,Ethanol,200.0,4.143109990470978,1.9721635588678295
10,Toluene,40.0,7.271694771762633,0.9600325440233888
10,Ethanol,800.0,-15.981150499555303,2.6015973873097034
10,Toluene,80.0,4.777717323160986,0.9976292022846418
10,Ethanol,400.0,-2.368907347579204,2.206978034746096
10,Toluene,1.0,10.8309796599486,0.5966206493844385
10,Ethanol,50.0,10.088650508052279,1.132833939602173
10,Toluene,100.0,3.416769829838197,1.141118919610011
10,Ethanol,600.0,-9.262555609700952,2.3268856840885785
10,Toluene,60.0,5.984629521607322,1.050929830136854
10,Ethanol,1000.0,-22.656841318839785,2.5570392637834187
10,Toluene,20.0,8.902367194571083,0.6963156492724261
10,Ethanol,200.0,4.273562619839565,1.9906539948145094
10,Toluene,40.0,7.284543049649235,0.895263979388102
10,Ethanol,800.0,-15.8930128845964,2.473614265714302
10,Toluene,80.0,4.753096809346839,0.9937205613234178
10,Ethanol,400.0,-2.3493282363832724,2.2092095412779273
10,Toluene,20.0,8.851988629722108,0.6902775144809166
10,Ethanol,200.0,4.117231713121057,1.9627629615730833
10,Toluene,40.0,7.220916951539259,0.9136704530542349
10,Ethanol,800.0,-16.36186023868471,2.4026762514919087
10,Toluene,80.0,4.790737998756368,1.0935535402577694
10,Ethanol,400.0,-2.425370189824299,2.1242100450206673
10,Toluene,1.0,10.855967279340748,0.6067691997381401
10,Ethanol,50.0,10.136993388329937,1.1797470106673071
10,Toluene,100.0,3.4397797814391318,1.1576748110002968
10,Ethanol,600.0,-9.30551375593526,2.1296999535860675
10,Toluene,60.0,6.026875502388216,1.0069808924773775
10,Ethanol,1000.0,-23.05042203360821,2.298416169609506
10,Toluene,1.0,10.953155054915738,0.45107097654068395
10,Ethanol,50.0,10.689418579677435,0.6664710947965297
10,Toluene,100.0,4.625235178978825,0.8000872263821196
10,Ethanol,600.0,0.34299421986119055,-3.046837028482707
10,Toluene,60.0,6.883113666743562,0.7200216964073802
10,Ethanol,1000.0,-5.425255270059286,-5.101622001298173
10,Toluene,20.0,9.08904387294872,0.5594278146701841
10,Ethanol,200.0,7.368235569933572,-0.39647708153412475
10,Toluene,40.0,7.8083572600374955,0.7464985080320785
10,Ethanol,800.0,-2.7463900167713877,-4.222081830064823
10,Toluene,80.0,5.458681692440658,0.7102749905758478
10,Ethanol,400.0,3.564541831634303,-1.7589421301738715
10,Toluene,60.0,7.002183015256643,0.7009154209084261
10,Ethanol,1000.0,-5.573063824695958,-5.235264139590858
10,Toluene,20.0,9.18214349820476,0.6291423293846313
10,Ethanol,200.0,7.242961593117056,-0.39979827676742136
10,Toluene,40.0,7.910277462548725,0.7306697578547738
10,Ethanol,800.0,-2.970338433349044,-4.255414254731867
10,Toluene,80.0,6.054453921817168,0.6639773115153782
10,Ethanol,400.0,3.557978987820555,-1.8053988040888338
10,Toluene,1.0,10.97556984916922,0.4429949988574199
10,Ethanol,50.0,10.707735520732829,0.6615552186936825
10,Toluene,100.0,5.037253798073184,0.6635889030023572
10,Ethanol,600.0,0.12564868895682196,-3.139747763405748
10,Toluene,20.0,9.196665023931617,0.6488242744993127
10,Ethanol,200.0,7.169162263740911,-0.44726525785351884
10,Toluene,40.0,8.01664015824717,0.740750063548981
10,Ethanol,800.0,-3.1700328332016707,-4.232522136054152
10,Toluene,80.0,6.167019489052056,0.6949378329806659
10,Ethanol,400.0,3.4925695195736925,-1.7813992918890256
10,Toluene,1.0,10.96191145569352,0.4975896194269042
10,Ethanol,50.0,10.710045621089906,0.6616521557977059
10,Toluene,100.0,5.144139413890701,0.6683238411779696
10,Ethanol,600.0,-0.016108382841825766,-3.129606543547178
10,Toluene,60.0,7.1524963638380585,0.712517801809396
10,Ethanol,1000.0,-5.952849237029199,-5.227789123929917
10,Toluene,1.0,11.000838125619895,0.4455081206832406
10,Ethanol,50.0,10.704717736030078,0.6521452954602768
10,Toluene,20.0,9.09229765564548,0.6833886308369732
10,Ethanol,200.0,7.010862761808878,-0.444414862385692
10,Toluene,40.0,7.9702062783418475,0.6978986222833542
10,Ethanol,800.0,-3.0617097984415755,-4.215936811128397
10,Toluene,80.0,6.109541214210629,0.5673142278223408
10,Ethanol,400.0,3.6482687064187522,-1.7371916581480062
10,Toluene,100.0,5.435367464348682,0.5913758869656115
10,Ethanol,600.0,0.27055007427289735,-3.0252570595639328
10,Toluene,60.0,7.216041519086718,0.6701862284179716
10,Ethanol,1000.0,-6.400774105748174,-5.0725644100222596
10,Toluene,80.0,6.430399046013456,0.6446703991884933
10,Ethanol,400.0,3.5226184122742303,-1.821395565016883
10,Toluene,1.0,11.070307826438276,0.5481299161180394
10,Ethanol,50.0,10.70346384882596,0.6738659735611409
10,Toluene,100.0,5.419556468908097,0.7169649766238453
10,Ethanol,600.0,-0.1271073006926403,-3.1866618588422564
10,Toluene,60.0,7.2653882758405945,0.7310149318840886
10,Ethanol,1000.0,-6.104512647746923,-5.306546977720243
10,Toluene,20.0,9.343311326230143,0.664530542705139
10,Ethanol,200.0,7.16211607643742,-0.432914831104239
10,Toluene,40.0,8.075518030583085,0.7246570055407506
10,Ethanol,800.0,-3.228449993188779,-4.230630913558405
10,Toluene,20.0,9.281485188921533,0.672604306405978
10,Ethanol,200.0,7.178229460624943,-0.42993498623906046
10,Toluene,40.0,8.00630494278599,0.7252671384029887
10,Ethanol,800.0,-3.2323892785857278,-4.245441127553084
10,Toluene,80.0,6.253087960293674,0.710463039446452
10,Ethanol,400.0,3.4798022334403353,-1.7992244301176161
10,Toluene,1.0,11.038662358477307,0.5376734586374597
10,Ethanol,50.0,10.676129604615259,0.6512585242263323
10,Toluene,100.0,5.2662503047847995,0.7275450555620868
10,Ethanol,600.0,-0.05551563084654585,-3.171995682693812
10,Toluene,60.0,7.239636339123713,0.7963961947153174
10,Ethanol,1000.0,-6.084345603639534,-5.301658929993828
10,Toluene,60.0,7.215713357110241,0.7396471760184303
10,Ethanol,1000.0,-5.925138815013277,-5.265686037258661
10,Toluene,20.0,9.288067764952887,0.6532588536995744
10,Ethanol,200.0,7.182479702255288,-0.4110227629937614
10,Toluene,40.0,8.051427904222578,0.7651560460177467
10,Ethanol,800.0,-3.322514345357436,-4.311875606464707
10,Toluene,80.0,6.344926430743145,0.7224219439904445
10,Ethanol,400.0,3.434436984017055,-1.807120543157765
10,Toluene,1.0,11.080253081494678,0.5743025324016297
10,Ethanol,50.0,10.726035683642763,0.6696652204202884
10,Toluene,100.0,5.410293165298856,0.821809838474699
10,Ethanol,600.0,-0.07285919160065163,-3.1638339421639383
10,Toluene,100.0,5.714707746825814,0.7672811667446504
10,Ethanol,600.0,0.07998455601240509,-3.1033165088874184
10,Toluene,60.0,7.363162188979109,0.8345789296596022
10,Ethanol,1000.0,-6.102132133572514,-5.296078223125698
10,Toluene,1.0,11.069033149393508,0.5394676033866703
10,Ethanol,50.0,10.732568831172772,0.6622505984343103
10,Toluene,20.0,9.178844476968564,0.7044294418374069
10,Ethanol,200.0,7.021177261445218,-0.4430369117971132
10,Toluene,40.0,8.131843983154763,0.8462400719577163
10,Ethanol,800.0,-3.419799627682677,-4.289208098075879
10,Toluene,80.0,6.352895814416548,0.7755692528310857
10,Ethanol,400.0,3.3791408835767007,-1.8200962504174538
10,Toluene,1.0,11.106024285688044,0.578274439307064
10,Ethanol,50.0,10.70157710021386,0.663409203921505
10,Toluene,100.0,5.389091623826717,0.875924574317938
10,Ethanol,600.0,-0.07895606542434157,-3.1649927817593895
10,Toluene,60.0,7.215431623399652,0.7770734886381289
10,Ethanol,1000.0,-6.054819065228993,-5.244585187959754
10,Toluene,20.0,9.349485945629135,0.720996721162505
10,Ethanol,200.0,7.225617142540047,-0.4176867384578457
10,Toluene,40.0,8.107189301658781,0.7912712404548077
10,Ethanol,800.0,-3.1911739632250606,-4.29683874059479
10,Toluene,80.0,6.320847117610696,0.7330644912313692
10,Ethanol,400.0,3.425234618074169,-1.8470309064448402
10,Toluene,20.0,9.329328353315224,0.7208376366117677
10,Ethanol,200.0,7.070610080098436,-0.4477843555498173
10,Toluene,40.0,8.124515824367107,0.8002279942254117
10,Ethanol,800.0,-3.469581926311438,-4.3276599406094665
10,Toluene,80.0,6.378351136465391,0.8204626602581945
10,Ethanol,400.0,3.388174865519889,-1.8118479254826716
10,Toluene,1.0,11.072431231165105,0.5746098931150414
10,Ethanol,50.0,10.750992120908025,0.6713237594627268
10,Toluene,100.0,5.367280295654989,0.8495885359956572
10,Ethanol,600.0,-0.1466817198061067,-3.1565484744705805
10,Toluene,60.0,7.258031187494236,0.8152322052149993
10,Ethanol,1000.0,-6.202816630253927,-5.308314742370636
10,Acetone,10.0,9.2275751822547,-0.001464464055613766
10,Ammonia,50.0,7.973958075523851,1.5497352345880302
10,Acetone,250.0,0.3329329502947503,1.3396540916636344
10,Ammonia,600.0,-9.317831827920484,2.172606534403423
10,Acetone,150.0,3.878685857400797,1.182739149344171
10,Ammonia,1000.0,-23.600387408254164,1.278108814179216
10,Acetone,50.0,7.294858820987844,0.4790092303830858
10,Ammonia,200.0,2.657917302573755,2.4502281390839156
10,Acetone,100.0,5.490731959056034,0.8825909573287076
10,Ammonia,800.0,-17.20270295148918,1.7781625972376554
10,Acetone,200.0,2.065469572580949,1.5225140754156818
10,Ammonia,400.0,-4.090381367604382,2.8608825872720813
10,Acetone,150.0,3.6968694609710733,1.2968459281028792
10,Ammonia,1000.0,-25.459062893243726,1.4173725658466754
10,Acetone,50.0,7.274793792966762,0.5047238651036547
10,Ammonia,200.0,2.2873828186407503,2.1293697706372026
10,Acetone,100.0,5.424007743754654,0.9297199954233701
10,Ammonia,800.0,-16.937817301037555,1.5580727326435666
10,Acetone,200.0,2.17873628886581,1.4753096056688493
10,Ammonia,400.0,-3.946564142679847,2.3455455528635474
10,Acetone,10.0,9.282335738849687,0.08812943333861717
10,Ammonia,50.0,6.809638082378045,1.213770506488447
10,Acetone,250.0,0.62064936696421,1.3652325179295104
10,Ammonia,600.0,-10.027407516485882,2.256962859684359
10,Acetone,50.0,7.509014410233519,0.6432800021642522
10,Ammonia,200.0,2.4314605405280028,1.8640731288293546
10,Acetone,100.0,5.590561190951376,0.9139603467672625
10,Ammonia,800.0,-15.747625963725765,1.200143282440509
10,Acetone,200.0,2.435692446792673,1.5477251865872181
10,Ammonia,400.0,-3.3042204100706254,2.059543460147786
10,Acetone,10.0,9.579942555375656,0.18727978399884657
10,Ammonia,50.0,6.850337058001043,1.0960306577622527
10,Acetone,250.0,0.8531289695660719,1.346604118570075
10,Ammonia,600.0,-9.550876676373129,1.675736791952289
10,Acetone,150.0,4.100734471474705,1.2244820497913744
10,Ammonia,1000.0,-23.926346323416382,-0.39465972191371
10,Acetone,10.0,9.459273782808133,0.1687684417896527
10,Ammonia,50.0,6.887545537642225,1.120687313057104
10,Acetone,50.0,7.560721049417767,0.595897772769214
10,Ammonia,200.0,2.3963667499222185,1.8741837728722752
10,Acetone,100.0,5.679176538995795,0.994150800105304
10,Ammonia,800.0,-15.931175592004543,1.1595657804680248
10,Acetone,200.0,2.5263264806060337,1.4923514180418915
10,Ammonia,400.0,-3.374280333052902,2.155472789882391
10,Acetone,250.0,0.9564962290388902,1.5842466961106783
10,Ammonia,600.0,-9.685966357046263,1.342772763927014
10,Acetone,150.0,4.162592069078347,1.1965142790659216
10,Ammonia,1000.0,-23.89125919472748,-1.3434900526275328
10,Acetone,200.0,2.63952493177821,1.477530717946828
10,Ammonia,400.0,-3.3335090102001894,1.8644326441418952
10,Acetone,10.0,9.467006971558135,0.2109012875566315
10,Ammonia,50.0,6.919135369781263,1.0923112551432828
10,Acetone,250.0,0.9806944731565732,1.3850194159569114
10,Ammonia,600.0,-10.103224800784554,1.6397652360275472
10,Acetone,150.0,3.8913334351652744,1.3815739694915175
10,Ammonia,1000.0,-23.775257539412603,-1.2342430191440812
10,Acetone,50.0,7.555289124988437,0.571965436104258
10,Ammonia,200.0,2.402247009019189,1.8398074244601588
10,Acetone,100.0,5.691294339096585,0.9260058899094498
10,Ammonia,800.0,-16.237489105517145,0.730746088510354
10,Acetone,50.0,7.586410472245096,0.6085780483931391
10,Ammonia,200.0,2.376305922382534,1.9514688013646815
10,Acetone,100.0,5.559144618507667,0.9721144164575197
10,Ammonia,800.0,-16.266838682548354,0.6967485945005136
10,Acetone,200.0,2.446913237373213,1.5296139563943294
10,Ammonia,400.0,-3.7230278361370535,2.4454676497344656
10,Acetone,10.0,9.335980068046704,0.13843023775516322
10,Ammonia,50.0,6.930042682588999,1.1068546942121762
10,Acetone,250.0,0.868840151000559,1.4585098458830696
10,Ammonia,600.0,-9.69163990918476,1.193749252929859
10,Acetone,150.0,4.100345056621965,1.2605029116483037
10,Ammonia,1000.0,-23.661377479295627,-1.5722852189898753
10,Acetone,150.0,4.199078451293199,1.3125613983165414
10,Ammonia,1000.0,-23.973997132977203,-2.168632034055969
10,Acetone,50.0,7.595420697276615,0.6702701293484216
10,Ammonia,200.0,2.4395275552895557,1.8262911983424368
10,Acetone,100.0,5.583674428261766,0.9239834483469637
10,Ammonia,800.0,-16.003329534642596,0.23266177780350686
10,Acetone,200.0,2.498044431222524,1.4066778057250797
10,Ammonia,400.0,-3.687812693968173,2.261068440101477
10,Acetone,10.0,9.52722235867619,0.1673557266021735
10,Ammonia,50.0,6.8489039210017175,1.0312499285822943
10,Acetone,250.0,0.7860530433712228,1.369034317799453
10,Ammonia,600.0,-9.981157566538647,1.4308980779128648
10,Acetone,250.0,0.9183887679337602,1.4907553051350038
10,Ammonia,600.0,-9.925662264097376,1.004693810123223
10,Acetone,150.0,3.921441965961273,1.1322382897598142
10,Ammonia,1000.0,-24.39218567321652,-1.7709864587034514
10,Acetone,10.0,9.203939461173325,-0.07001253540593057
10,Ammonia,50.0,6.8513659781099525,0.9569029192099803
10,Acetone,50.0,7.163695455430557,0.3106681949923259
10,Ammonia,200.0,2.0336433374706404,1.7041666549320211
10,Acetone,100.0,5.22922256303861,0.6450915252022377
10,Ammonia,800.0,-17.330251212009664,1.2706656890200225
10,Acetone,200.0,1.9899710520524572,1.3525734658170985
10,Ammonia,400.0,-4.1976425649505575,1.981580246980205
10,Acetone,10.0,9.188068947379765,-0.047214647240437856
10,Ammonia,50.0,6.654630885167772,0.9559914219640451
10,Acetone,250.0,0.3681158639298964,1.111454343686137
10,Ammonia,600.0,-11.794751479015229,1.829005583587704
10,Acetone,150.0,3.58376976217466,1.0030589165894332
10,Ammonia,1000.0,-24.159321640909745,-2.059441699765747
10,Acetone,50.0,7.382745561889422,0.41808346188758766
10,Ammonia,200.0,2.232163544853373,1.7022496446689683
10,Acetone,100.0,5.235329841158875,0.6463419636003768
10,Ammonia,800.0,-16.67524417932449,0.4480852576880726
10,Acetone,200.0,2.059480638053468,1.2959322652102598
10,Ammonia,400.0,-3.777408809686763,1.8336360740284356
10,Acetone,50.0,7.286761127777203,0.3745941464624805
10,Ammonia,200.0,2.152061350175289,1.6886380574665132
10,Acetone,100.0,5.391587540780393,0.7333438915238258
10,Ammonia,800.0,-18.599001361810384,-1.633824446848575
10,Acetone,200.0,2.2971822753268096,1.2576983415233192
10,Ammonia,400.0,-3.8230813514350372,1.961152320730467
10,Acetone,10.0,9.425969553299929,0.01924783234032354
10,Ammonia,50.0,6.940133548628064,1.0355725356913876
10,Acetone,250.0,0.6001453032619694,1.0786637843465219
10,Ammonia,600.0,-10.201304974357198,1.2487418028009378
10,Acetone,150.0,3.8759936634999517,0.9083899429075075
10,Ammonia,1000.0,-24.151269070033752,-1.8247873228858857
10,Toluene,1.0,10.660871603913762,1.1709693032266235
10,Acetaldehyde,10.0,9.986641524003055,1.564705426732278
10,Toluene,100.0,1.0313287479132491,4.153997134255064
10,Acetaldehyde,150.0,-8.490752997525453,5.580174469977019
10,Toluene,60.0,4.600100459188455,3.3573032136409493
10,Acetaldehyde,250.0,-26.118579321544942,10.474841713806713
10,Toluene,20.0,8.116199934945078,2.150813428080949
10,Acetaldehyde,50.0,4.0016494715039,3.465035086994028
10,Toluene,40.0,6.15709531184524,2.8415469618228637
10,Acetaldehyde,200.0,-18.19657947654243,8.293428318559034
10,Toluene,80.0,2.290739516609238,4.152387438894207
10,Acetaldehyde,100.0,-2.8427432417234177,5.362200486744229
10,Toluene,60.0,4.094314964270839,3.6211341752707162
10,Acetaldehyde,250.0,-28.05085515363908,11.423827216379692
10,Toluene,20.0,8.145762810199955,2.1635131884476166
10,Acetaldehyde,50.0,4.283053549770872,3.1581874119551654
10,Toluene,40.0,5.918847600824705,2.954831790761555
10,Acetaldehyde,200.0,-18.68732011572175,8.538764687557283
10,Toluene,80.0,2.312017823889917,4.2447963789058365
10,Acetaldehyde,100.0,-3.1435356005571022,5.202776588816491
10,Toluene,1.0,10.654177356644,1.2417365203215311
10,Acetaldehyde,10.0,9.910206052716305,1.5981955406304102
10,Toluene,100.0,0.8571444520759056,4.369735120760651
10,Acetaldehyde,150.0,-9.486093922831405,6.0071711807670445
10,Toluene,20.0,8.266697659160485,2.0417063961478576
10,Acetaldehyde,50.0,4.3921842109730225,2.8249881441344225
10,Toluene,40.0,6.065687983506293,2.792920159772522
10,Acetaldehyde,200.0,-16.315353821608277,6.421334226274316
10,Toluene,80.0,2.526137174159997,3.8293631566721866
10,Acetaldehyde,100.0,-2.1472542698948094,4.117274366270113
10,Toluene,1.0,10.383486639568934,0.9789395713665876
10,Acetaldehyde,10.0,10.067452674150399,1.536320679167315
10,Toluene,100.0,0.8580649257006032,4.31494236675662
10,Acetaldehyde,150.0,-9.20918824081327,5.679999989800284
10,Toluene,60.0,4.435755658102015,3.370514093237545
10,Acetaldehyde,250.0,-23.800795745991948,7.817719152611264
10,Toluene,1.0,10.610573946028335,1.211117276412485
10,Acetaldehyde,10.0,10.141269549904122,1.5213406023425537
10,Toluene,20.0,8.255603051126444,2.0238956054001873
10,Acetaldehyde,50.0,4.501655241122311,2.9220335219112186
10,Toluene,40.0,6.185515043400053,2.801812452364142
10,Acetaldehyde,200.0,-16.449140798803654,6.61719866974565
10,Toluene,80.0,2.6305051928089846,3.878739117091197
10,Acetaldehyde,100.0,-1.8235090378505663,4.2849665002115565
10,Toluene,100.0,0.8033954452403005,4.456688979140773
10,Acetaldehyde,150.0,-8.97532745891585,5.390451822676865
10,Toluene,60.0,4.535370543966069,3.3686346529431472
10,Acetaldehyde,250.0,-23.887676904823703,7.647487650819439
10,Toluene,80.0,2.8490845745002913,3.8696716370933184
10,Acetaldehyde,100.0,-1.9799853490916042,4.402314786615304
10,Toluene,1.0,10.68452856724644,1.1935722047487802
10,Acetaldehyde,10.0,10.116854223445436,1.5489075247246182
10,Toluene,100.0,0.7941723328475557,4.405363104447552
10,Acetaldehyde,150.0,-9.775428790584947,6.266161341392381
10,Toluene,60.0,4.282684737651017,3.5623347975372965
10,Acetaldehyde,250.0,-23.544824154961354,7.40806188277409
10,Toluene,20.0,8.415248400392368,2.059476821976217
10,Acetaldehyde,50.0,4.5744201781224225,2.9597200847239638
10,Toluene,40.0,6.130210280236064,2.8361341842051666
10,Acetaldehyde,200.0,-16.93790823323403,7.007803670547783
10,Toluene,20.0,8.31146690340242,2.1095796740560893
10,Acetaldehyde,50.0,4.430275504746777,3.0795069255365193
10,Toluene,40.0,6.178726662411496,2.8365233260481393
10,Acetaldehyde,200.0,-16.89406539485602,7.021569273720311
10,Toluene,80.0,2.5191197460552353,4.042207977289858
10,Acetaldehyde,100.0,-2.597614287330567,4.877115817091244
10,Toluene,1.0,10.6651499537286,1.2121866534046835
10,Acetaldehyde,10.0,10.161902972908232,1.5365844093191101
10,Toluene,100.0,0.9847237121775178,4.219164784022148
10,Acetaldehyde,150.0,-9.144334153116315,5.589826699147699
10,Toluene,60.0,4.460492618852202,3.399801758174039
10,Acetaldehyde,250.0,-23.761459878654932,7.399412586432952
10,Toluene,60.0,4.505149572129322,3.4075122631623493
10,Acetaldehyde,250.0,-24.09615781877368,7.438665779861952
10,Toluene,20.0,8.299900039336814,2.0693793171821766
10,Acetaldehyde,50.0,4.482693416168146,3.066490388175868
10,Toluene,40.0,6.2069626130039115,2.8571552518719674
10,Acetaldehyde,200.0,-16.701917814121675,6.583500479708335
10,Toluene,80.0,2.600828601868563,3.882996853993458
10,Acetaldehyde,100.0,-2.088397928587923,4.231099037367833
10,Toluene,1.0,10.678820870566309,1.2287627756358652
10,Acetaldehyde,10.0,10.107168456156089,1.5907964287541703
10,Toluene,100.0,0.820650520751924,4.324838148191466
10,Acetaldehyde,150.0,-9.453737111712549,5.816704695873478
10,Toluene,100.0,1.0413158834291338,4.359572217217074
10,Acetaldehyde,150.0,-8.823117329742031,4.863903420283922
10,Toluene,60.0,4.336529717644047,3.483004366478554
10,Acetaldehyde,250.0,-25.524088602265337,8.251941573551525
10,Toluene,1.0,10.465611024484394,1.282161591325592
10,Acetaldehyde,10.0,9.891471370867134,1.6051043993895062
10,Toluene,20.0,7.956098277947353,2.1393340315693377
10,Acetaldehyde,50.0,4.002682903061635,3.2111499096354668
10,Toluene,40.0,5.839979607160229,2.9553468559254648
10,Acetaldehyde,200.0,-19.04443323078166,8.502248521700778
10,Toluene,80.0,2.187941175274795,4.194928368980176
10,Acetaldehyde,100.0,-3.07953334436607,5.17250116834474
10,Toluene,1.0,10.476795065861042,1.2500216307621406
10,Acetaldehyde,10.0,9.749082321537594,1.5755222614963602
10,Toluene,100.0,0.443364106285888,4.533188135757237
10,Acetaldehyde,150.0,-10.8094786397356,7.040304122005747
10,Toluene,60.0,3.960629584435756,3.431219691629351
10,Acetaldehyde,250.0,-24.34198048971581,7.754252377577965
10,Toluene,20.0,8.21194385012052,2.06082870983257
10,Acetaldehyde,50.0,4.464905086179739,2.952166074697609
10,Toluene,40.0,6.141865341809862,2.724954471314012
10,Acetaldehyde,200.0,-17.510929475407732,7.317459802346326
10,Toluene,80.0,2.3076112923039527,3.9305577153378537
10,Acetaldehyde,100.0,-2.310672553687992,4.208927268174494
10,Toluene,20.0,8.198029010452153,1.9903115145041426
10,Acetaldehyde,50.0,4.360512746371712,2.9182360994439636
10,Toluene,40.0,6.100314385008554,2.7257892740100678
10,Acetaldehyde,200.0,-16.828526078529027,6.790882360109714
10,Toluene,80.0,2.61112102012261,3.8627128734471867
10,Acetaldehyde,100.0,-2.0060994234791294,4.303571906889444
10,Toluene,1.0,10.595119198874128,1.1733003748207882
10,Acetaldehyde,10.0,9.795863074437626,1.3289016640980764
10,Toluene,100.0,1.038592218751244,4.163407619062657
10,Acetaldehyde,150.0,-9.719587114506304,5.647398227689434
10,Toluene,60.0,4.4264109441616695,3.229559288833011
10,Acetaldehyde,250.0,-23.46176558088498,7.404802102532293
10,Ethylene,10.0,10.963742633727849,0.6627746719352843
10,Ethanol,50.0,10.153827048685049,0.8327932193080533
10,Ethylene,250.0,5.139737105605718,1.3416970505938255
10,Ethanol,600.0,-2.3298739914861044,-3.2692843017501714
10,Ethylene,150.0,7.412250123489947,1.2309804262408883
10,Ethanol,1000.0,-8.236773833105705,-6.308483312816135
10,Ethylene,50.0,9.439513401496999,0.8837990027850877
10,Ethanol,200.0,6.993873020712158,-0.0993020477890906
10,Ethylene,100.0,8.15001007455893,1.0031342244417276
10,Ethanol,800.0,-3.661837943077258,-4.338524397884358
10,Ethylene,200.0,6.190576547026515,1.1129415719180211
10,Ethanol,400.0,3.1702565606749995,-1.4581144147866563
10,Ethylene,150.0,7.1768921823967,1.0403080024475122
10,Ethanol,1000.0,-6.589474355379503,-5.441913611356704
10,Ethylene,50.0,9.372168469077495,0.8222361754871955
10,Ethanol,200.0,7.131539774075467,-0.11393803628944475
10,Ethylene,100.0,8.072931772897304,0.9657224735175479
10,Ethanol,800.0,-3.396540291679995,-4.122677750547308
10,Ethylene,200.0,6.133837031468633,1.0166020919814638
10,Ethanol,400.0,3.1834549990048697,-1.271447357644925
10,Ethylene,10.0,10.754355449878442,0.5318975826010056
10,Ethanol,50.0,10.51626522861832,0.7127876987638918
10,Ethylene,250.0,5.220708593549905,1.140077395826071
10,Ethanol,600.0,-1.5926079431933076,-2.8490944052196503
10,Ethylene,50.0,9.447100273808298,0.927896610498265
10,Ethanol,200.0,6.266244749076169,-0.06989235912913638
10,Ethylene,100.0,8.112537409646041,0.9960269581438673
10,Ethanol,800.0,-6.288833574388626,-4.9739901614814075
10,Ethylene,200.0,6.201840053889226,1.0227564246197138
10,Ethanol,400.0,2.0364174746675485,-1.655015167057904
10,Ethylene,10.0,10.547426647216264,0.45153078471169406
10,Ethanol,50.0,10.27334753679822,0.6400427098380937
10,Ethylene,250.0,5.0988479547300765,0.8258745118948573
10,Ethanol,600.0,-0.9901135644411124,-3.0861495314017744
10,Ethylene,150.0,6.964189737707274,0.8864859862715551
10,Ethanol,1000.0,-6.572106887737435,-5.690248564940541
10,Ethylene,10.0,10.646178790141057,0.39736143269164015
10,Ethanol,50.0,10.487855611727548,0.629936019797755
10,Ethylene,50.0,9.060966310737816,0.6814430305514391
10,Ethanol,200.0,6.87355762007639,-0.182311546602699
10,Ethylene,100.0,7.838793637447962,0.8056724660946186
10,Ethanol,800.0,-3.2653694000301026,-4.281426941520775
10,Ethylene,200.0,5.866233952104188,0.8056394754744245
10,Ethanol,400.0,3.537994164836902,-1.4471116927918353
10,Ethylene,250.0,4.917922883916032,0.8547444986207603
10,Ethanol,600.0,0.22334838317783945,-2.7786999726804527
10,Ethylene,150.0,6.779082740414276,0.7796604809356491
10,Ethanol,1000.0,-5.806275029041629,-5.157166239947777
10,Ethylene,200.0,5.790857345366791,0.8377240511292641
10,Ethanol,400.0,3.6325077209704855,-1.4301620435511015
10,Ethylene,10.0,10.564891567446985,0.34089286796144125
10,Ethanol,50.0,10.501434998739068,0.6326441112169948
10,Ethylene,250.0,4.773562362037052,0.7772239957153544
10,Ethanol,600.0,0.11659112627923342,-2.8022664636238575
10,Ethylene,150.0,6.788093522223857,0.7565380866857904
10,Ethanol,1000.0,-5.431619265874601,-5.089201201095615
10,Ethylene,50.0,9.099784560255532,0.6881701533100931
10,Ethanol,200.0,7.318915658123711,-0.1906907012463374
10,Ethylene,100.0,7.75964103027564,0.7264751290185569
10,Ethanol,800.0,-2.6463342851233125,-3.9655450623198365
10,Ethylene,50.0,8.96891329679755,0.6102126491162068
10,Ethanol,200.0,7.292916550968514,-0.1783107823780428
10,Ethylene,100.0,7.6345279338159795,0.7774631344252515
10,Ethanol,800.0,-2.7957164648141646,-4.0385457917663565
10,Ethylene,200.0,5.514204116481861,0.8065167668468579
10,Ethanol,400.0,3.6844653067800546,-1.4782809154548566
10,Ethylene,10.0,10.498075238601224,0.34725280628046246
10,Ethanol,50.0,10.640511136489724,0.714415012074499
10,Ethylene,250.0,4.471178311337943,0.8494473640568253
10,Ethanol,600.0,0.17990307992530205,-2.9069012050733227
10,Ethylene,150.0,6.571946676045697,0.7890607248053102
10,Ethanol,1000.0,-5.390991743894605,-5.098123629199299
10,Ethylene,150.0,6.546097394028494,0.7400981511246612
10,Ethanol,1000.0,-5.141384976394963,-5.068148456951142
10,Ethylene,50.0,8.941199930195483,0.6305617387328007
10,Ethanol,200.0,7.32785323833065,-0.2093521302350008
10,Ethylene,100.0,7.607914661698884,0.7822760640150952
10,Ethanol,800.0,-2.6819644363597965,-4.068694212742274
10,Ethylene,200.0,5.512145059243703,0.8136328954499864
10,Ethanol,400.0,3.783279867391738,-1.4634442885318242
10,Ethylene,10.0,10.49182310709689,0.3332598926016834
10,Ethanol,50.0,10.7353353053281,0.6921155320772674
10,Ethylene,250.0,4.41447504860452,0.8917241320967018
10,Ethanol,600.0,0.27826803282868245,-2.843903915298789
10,Ethylene,250.0,4.626600821850353,0.8140463078955805
10,Ethanol,600.0,0.5298526249817135,-2.7337044662418353
10,Ethylene,150.0,6.6024476626399755,0.8414218225765895
10,Ethanol,1000.0,-5.368693368128889,-5.083992253170875
10,Ethylene,10.0,10.49139795353258,0.34791505573654014
10,Ethanol,50.0,10.740853175967723,0.7063246943519317
10,Ethylene,50.0,8.869969311438927,0.6682041168375255
10,Ethanol,200.0,7.144349154053119,-0.2167101374529558
10,Ethylene,100.0,7.678048434539677,0.8014282397730754
10,Ethanol,800.0,-2.8351289273432503,-4.166340617515953
10,Ethylene,200.0,5.600997572017575,0.8096197317021574
10,Ethanol,400.0,3.763640573482248,-1.5293013973346175
10,Ethylene,10.0,10.563855568965936,0.4051583263706247
10,Ethanol,50.0,10.746393194882495,0.7203591963119458
10,Ethylene,250.0,4.507896805217964,1.0069364532277554
10,Ethanol,600.0,0.20482574461012676,-2.870680556705459
10,Ethylene,150.0,6.631678645138142,0.9135133453019557
10,Ethanol,1000.0,-5.440030465947295,-5.031882684706243
10,Ethylene,50.0,9.069370124942541,0.7535764419677281
10,Ethanol,200.0,7.400944057302524,-0.15867261812381672
10,Ethylene,100.0,7.646914607527224,0.9320273461605224
10,Ethanol,800.0,-2.864241388677322,-4.109942346149523
10,Ethylene,200.0,5.546921854606148,1.013936774270798
10,Ethanol,400.0,3.6196970990523223,-1.5371567082593327
10,Ethylene,50.0,9.047465833992833,0.7952758219285793
10,Ethanol,200.0,7.22687003222336,-0.22222339735875904
10,Ethylene,100.0,7.68439449572194,0.9650675685134565
10,Ethanol,800.0,-3.110141425101452,-4.259662564309443
10,Ethylene,200.0,5.617268461875197,1.0768824217937294
10,Ethanol,400.0,3.681356297497394,-1.5508226619353866
10,Ethylene,10.0,10.53265636346254,0.45667672573011125
10,Ethanol,50.0,10.753996915297918,0.7585983854398046
10,Ethylene,250.0,4.3904312123652085,1.1766884420171846
10,Ethanol,600.0,-0.020135621004305115,-2.962696336081704
10,Ethylene,150.0,6.680597702090467,1.084177546089622
10,Ethanol,1000.0,-5.677558783795436,-5.28504176669143
10,Ethylene,10.0,10.529673501239046,0.5137209988093205
10,Ethanol,50.0,10.651225243709955,0.8223428528933023
10,Ethylene,250.0,3.2754400650607223,1.3444632854487824
10,Ethanol,600.0,-2.8161906144595314,-2.9586905903134575
10,Ethylene,150.0,6.126718427332065,1.126073686318258
10,Ethanol,1000.0,-8.551058996087953,-5.356457898080863
10,Ethylene,50.0,8.92531831356207,0.75403073885784
10,Ethanol,200.0,6.747247067029231,-0.2326194193574087
10,Ethylene,100.0,7.347825304654306,0.9923700405240737
10,Ethanol,800.0,-4.762860682445825,-4.338753888325337
10,Ethylene,200.0,4.7971797725922185,1.0771995506396894
10,Ethanol,400.0,2.547680202602471,-1.6207416709232298
10,Ethylene,150.0,6.045131531725681,1.0451088658373846
10,Ethanol,1000.0,-8.054497356594698,-5.479816602930959
10,Ethylene,50.0,8.940744825409771,0.7199235083866762
10,Ethanol,200.0,6.741916736430287,-0.2880289527823513
10,Ethylene,100.0,7.316128195546472,0.9391970645595548
10,Ethanol,800.0,-4.7536653340730135,-4.429220499916957
10,Ethylene,200.0,4.855374675795477,1.1057655668223332
10,Ethanol,400.0,2.5245299118148634,-1.7223976234730312
10,Ethylene,10.0,10.543403807892872,0.5433295811427769
10,Ethanol,50.0,10.735550436837494,0.7511566984776544
10,Ethylene,250.0,3.4505562514573613,1.2457920176016153
10,Ethanol,600.0,-2.571195549021436,-3.100545184144158
10,Ethylene,50.0,8.964838984394587,0.7542869320453279
10,Ethanol,200.0,6.2752102735348965,-0.19043017813869437
10,Ethylene,100.0,7.358665768896382,0.9804784376012814
10,Ethanol,800.0,-7.22127240413779,-4.281322909442587
10,Ethylene,200.0,4.767509846824521,1.0562593122232684
10,Ethanol,400.0,1.6838580304947892,-1.5738184387015626
10,Ethylene,10.0,10.448931772034442,0.5031956499662914
10,Ethanol,50.0,10.672031919736378,0.7588652176868809
10,Ethylene,250.0,3.3187068311020456,1.3528715574348302
10,Ethanol,600.0,-2.1108739308606954,-3.111088129050887
10,Ethylene,150.0,5.958166345253891,1.1766058019727752
10,Ethanol,1000.0,-8.532962830748563,-5.4136944853067686
10,Ethylene,10.0,10.50503509804172,0.5441234513819415
10,Ethanol,50.0,10.723107736304266,0.7523389825730984
10,Ethylene,50.0,8.705794118041787,0.82195493192783
10,Ethanol,200.0,6.452807913424467,-0.2873586460046027
10,Ethylene,100.0,7.189490213644825,1.0758637808037685
10,Ethanol,800.0,-5.037006758695466,-4.376746435732432
10,Ethylene,200.0,4.685437601443717,1.208390383550662
10,Ethanol,400.0,2.51761942252585,-1.7253876412435516
10,Ethylene,250.0,3.4668786008753623,1.3517327918572206
10,Ethanol,600.0,-1.2035500113132778,-3.1201214253018885
10,Ethylene,150.0,5.915312594876658,1.1346730205304367
10,Ethanol,1000.0,-8.125827483858462,-5.420718069800889
10,Ethylene,200.0,4.727808974823742,1.1371919819238319
10,Ethanol,400.0,2.583072677783129,-1.6996678429016696
10,Ethylene,10.0,10.470911219214424,0.5270128269217679
10,Ethanol,50.0,10.719131180881215,0.7251463252934274
10,Ethylene,250.0,3.253957063813528,1.3561400350596289
10,Ethanol,600.0,-1.4852918637110228,-3.214562138886567
10,Ethylene,150.0,5.933125238108488,1.0939756292459522
10,Ethanol,1000.0,-8.00779953590569,-5.465679933601575
10,Ethylene,50.0,8.850431889746316,0.7629008146875393
10,Ethanol,200.0,6.837486324585482,-0.2835185870904448
10,Ethylene,100.0,7.199447437188397,1.0113375106130207
10,Ethanol,800.0,-4.680384602077225,-4.4416737852981205
10,Ethylene,50.0,8.753598109619606,0.742413037753475
10,Ethanol,200.0,6.847844997907651,-0.34077287957966984
10,Ethylene,100.0,7.147199300853917,1.0152603395562292
10,Ethanol,800.0,-4.779746676361746,-4.441335972265475
10,Ethylene,200.0,4.540075680383359,1.1738005713150406
10,Ethanol,400.0,2.7015262694787805,-1.7462241283347966
10,Ethylene,10.0,10.48223574015272,0.5290305731384696
10,Ethanol,50.0,10.747672508663697,0.7256638807967994
10,Ethylene,250.0,3.1343498522301343,1.3547792961532152
10,Ethanol,600.0,-1.2777027734549724,-3.1730540095544977
10,Ethylene,150.0,5.908205878388738,1.225179013353267
10,Ethanol,1000.0,-7.467348402654666,-5.445567980653422
10,Ethylene,150.0,5.914354116030695,1.1840634994488557
10,Ethanol,1000.0,-7.26061927116241,-5.365967795266974
10,Ethylene,50.0,8.822189499291714,0.8045627252595697
10,Ethanol,200.0,6.920869430074348,-0.301571301080096
10,Ethylene,100.0,7.179408152923708,1.0598685275546442
10,Ethanol,800.0,-4.4368802961077325,-4.374393460554204
10,Ethylene,200.0,4.66127863566499,1.2272017947129628
10,Ethanol,400.0,2.928084496352091,-1.7067324304703435
10,Ethylene,10.0,10.509288033512531,0.5540298040056617
10,Ethanol,50.0,10.74389499754769,0.702931119130946
10,Ethylene,250.0,3.2965666642058737,1.4093106446888053
10,Ethanol,600.0,-0.8040185527396759,-3.0431777424948243
10,Ethylene,250.0,3.5391448955676825,1.254576327022609
10,Ethanol,600.0,-0.44559967665384415,-2.9039812152135047
10,Ethylene,150.0,5.985131334087927,1.0462723394153157
10,Ethanol,1000.0,-6.88020107045363,-5.128633646137522
10,Ethylene,10.0,10.46724379290876,0.4824114863910265
10,Ethanol,50.0,10.715363007630458,0.6806992430385131
10,Ethylene,50.0,8.71747305039749,0.7189550487438197
10,Ethanol,200.0,6.981058390447822,-0.3212636050527819
10,Ethylene,100.0,7.287253552687105,0.9169002869974336
10,Ethanol,800.0,-3.8163981183180575,-4.010320308420869
10,Ethylene,200.0,4.9202604633612905,1.070795321061749
10,Ethanol,400.0,3.40719657610696,-1.533056667362277
10,Ethylene,10.0,10.425954040609517,0.4258963999759225
10,Ethanol,50.0,10.686796458303261,0.6481134994764938
10,Ethylene,250.0,3.498877600423747,1.2487598797998138
10,Ethanol,600.0,0.041175705660265176,-2.769008354486051
10,Ethylene,150.0,6.007802631628976,0.9411569356870448
10,Ethanol,1000.0,-5.904738946765842,-4.782970971327455
10,Ethylene,50.0,8.80529774150894,0.6644053089861544
10,Ethanol,200.0,7.388632890911997,-0.2407417995154141
10,Ethylene,100.0,7.179278295008348,0.8289491461039127
10,Ethanol,800.0,-3.048180211477328,-3.811933267745695
10,Ethylene,200.0,4.732895153702735,0.9583336068421624
10,Ethanol,400.0,3.6095482901346876,-1.4725854419251274
10,Ethylene,50.0,8.739665113950075,0.6357423848731584
10,Ethanol,200.0,7.232531290404639,-0.29733783514684475
10,Ethylene,100.0,7.031884992970826,0.7292283684212583
10,Ethanol,800.0,-3.0900430003509967,-3.8233315956390426
10,Ethylene,200.0,4.580744036520486,0.8029266000570746
10,Ethanol,400.0,3.7281557437005417,-1.5056611994986195
10,Ethylene,10.0,10.290462207693587,0.346411797272256
10,Ethanol,50.0,10.643023829036023,0.6049713756181094
10,Ethylene,250.0,3.229083753962492,1.0160040268770558
10,Ethanol,600.0,0.314203598398925,-2.6837198807149645
10,Ethylene,150.0,5.75966008793974,0.7588409366532521
10,Ethanol,1000.0,-5.697328011598172,-4.679407677651206
10,Ethylene,10.0,10.616216386163632,0.4430234738210524
10,Ethanol,50.0,9.99261899283164,0.7571759133720875
10,Ethylene,250.0,3.6493297280138757,1.0593887359258034
10,Ethanol,600.0,-4.580422132740244,-4.272126158576813
10,Ethylene,150.0,6.203738085680371,0.8137767609911015
10,Ethanol,1000.0,-10.345382261345039,-6.912696956596821
10,Ethylene,50.0,8.803378608997749,0.48034184015749704
10,Ethanol,200.0,6.315227815316486,-0.46600947887344335
10,Ethylene,100.0,7.1995735283690605,0.5885328879812054
10,Ethanol,800.0,-5.30326301385632,-5.154857405100453
10,Ethylene,200.0,4.553246408225524,0.6064654880573599
10,Ethanol,400.0,2.278138717072788,-2.058991779423707
10,Ethylene,150.0,5.734443950962743,0.6108549364021455
10,Ethanol,1000.0,-8.37124359058687,-5.919630157858077
10,Ethylene,50.0,8.718926207125474,0.4272619027741623
10,Ethanol,200.0,6.181612548221666,-0.5755477031154325
10,Ethylene,100.0,7.3219961870266195,0.7203712711979424
10,Ethanol,800.0,-6.477275428584112,-5.180011473621996
10,Ethylene,200.0,4.886545397707242,0.7488640790397953
10,Ethanol,400.0,1.4219262934819208,-2.162279491428246
10,Ethylene,10.0,10.421172371390236,0.33141517289596784
10,Ethanol,50.0,10.249101109672772,0.5425600449848785
10,Ethylene,250.0,3.3619729316546803,0.8475435458667752
10,Ethanol,600.0,-2.7632814005700057,-3.873083917561951
10,Ethylene,50.0,8.75702042911824,0.48685204612566635
10,Ethanol,200.0,6.031320990944612,-0.5041893658964504
10,Ethylene,100.0,7.185651690373817,0.5878881669806822
10,Ethanol,800.0,-7.243615456338038,-5.584138963074087
10,Ethylene,200.0,4.853501653950238,0.7706730143626552
10,Ethanol,400.0,1.03233626676801,-2.368745643764939
10,Ethylene,10.0,10.316552718974668,0.22167317413990753
10,Ethanol,50.0,10.269042729544303,0.6168869124965205
10,Ethylene,250.0,3.2678570026195453,0.8403571143369094
10,Ethanol,600.0,-2.8283289376888416,-4.012896855164289
10,Ethylene,150.0,5.722996332134461,0.6080659422534729
10,Ethanol,1000.0,-8.907768425752275,-6.428926148463873
10,Ethylene,10.0,10.132257776985941,0.07169510737104491
10,Ethanol,50.0,10.280644021778313,0.41472497647948314
10,Ethylene,50.0,8.49889024256725,0.3976223731331865
10,Ethanol,200.0,6.1240302857807105,-0.5823661740936662
10,Ethylene,100.0,6.966315352651686,0.5467295221635478
10,Ethanol,800.0,-5.305436703728415,-5.10313266130819
10,Ethylene,200.0,4.323850982529684,0.5456407096061148
10,Ethanol,400.0,2.241448079881017,-2.1535781946375483
10,Ethylene,250.0,3.0868127227244995,0.666856294970718
10,Ethanol,600.0,-1.2850149687960017,-3.5180613496593875
10,Ethylene,150.0,5.500511120563646,0.5179472464616292
10,Ethanol,1000.0,-7.93836059429463,-5.919088119108782
10,Ethylene,200.0,4.3625924611646205,0.5446107960330339
10,Ethanol,400.0,2.3867964807063546,-2.113112502716316
10,Ethylene,10.0,10.033705813642678,0.049496224452828017
10,Ethanol,50.0,10.298077998339913,0.3995058693999442
10,Ethylene,250.0,2.9381352881579037,0.705390078100982
10,Ethanol,600.0,-1.5698978813415756,-3.5672055713421558
10,Ethylene,150.0,5.609633664968385,0.5890790285024782
10,Ethanol,1000.0,-7.854559097975376,-5.9315956118450055
10,Ethylene,50.0,8.433793258395417,0.23684005594718147
10,Ethanol,200.0,6.520432606992196,-0.6099604655865282
10,Ethylene,100.0,6.741667470771306,0.3345459610742549
10,Ethanol,800.0,-4.606404542109489,-4.80033780029216
10,Ethylene,50.0,8.314186478650248,0.16018346839545955
10,Ethanol,200.0,6.608175485472508,-0.6421267836465099
10,Ethylene,100.0,6.744900882009448,0.3612101747951399
10,Ethanol,800.0,-4.66945390586914,-4.845917180372443
10,Ethylene,200.0,4.170809767284891,0.3821675340710127
10,Ethanol,400.0,2.625062223894442,-2.021595588238162
10,Ethylene,10.0,10.002957385044867,0.01981080386220951
10,Ethanol,50.0,10.32172870430816,0.39382344198020414
10,Ethylene,250.0,2.8232185412828206,0.5354798987215437
10,Ethanol,600.0,-1.167542128234254,-3.5319385966089314
10,Ethylene,150.0,5.402890721984513,0.44222697108544295
10,Ethanol,1000.0,-6.97557498936325,-5.630345892236463
10,Ethylene,150.0,5.360285615902755,0.31236571919503253
10,Ethanol,1000.0,-6.710459737743679,-5.567881572785404
10,Ethylene,50.0,8.320535456223064,0.20229084292879232
10,Ethanol,200.0,6.801687089914153,-0.5894714827388465
10,Ethylene,100.0,6.668105424123825,0.2539571210226093
10,Ethanol,800.0,-4.063477053786279,-4.592519496157241
10,Ethylene,200.0,4.3393124012261435,0.4762706219598232
10,Ethanol,400.0,3.1709162565911595,-1.8065690392480107
10,Ethylene,10.0,10.1476446618343,0.16868785730033511
10,Ethanol,50.0,10.508113555268123,0.5210655060303863
10,Ethylene,250.0,2.7856421743547184,0.39812342954897056
10,Ethanol,600.0,-0.8348568775150178,-3.469868214555928
10,Ethylene,250.0,2.9603778750859293,0.3868755071512959
10,Ethanol,600.0,-0.6120445598047416,-3.3600726890269454
10,Ethylene,150.0,5.377073477696219,0.2604697199392818
10,Ethanol,1000.0,-6.861742570698165,-5.6057941930313655
10,Ethylene,10.0,10.031976494489099,0.06009068731672214
10,Ethanol,50.0,10.479245732440473,0.4658217600532466
10,Ethylene,50.0,8.193967309777504,0.145120130523858
10,Ethanol,200.0,6.69447102519792,-0.5904716395558984
10,Ethylene,100.0,6.761252998626076,0.27720547143907454
10,Ethanol,800.0,-4.10426506968863,-4.582717609149465
10,Ethylene,200.0,4.187702726947273,0.20623728647454892
10,Ethanol,400.0,2.920751931241591,-2.083215553120425
10,Ethylene,10.0,9.953897430819335,-0.0413717684565255
10,Ethanol,50.0,10.394554009117819,0.43304742293658716
10,Ethylene,250.0,2.825364982807531,0.3489759968048193
10,Ethanol,600.0,-0.45234818479749744,-3.3055660939372182
10,Ethylene,150.0,5.476484313685608,0.35376184313815023
10,Ethanol,1000.0,-6.377537330614164,-5.4299756679460645
10,Ethylene,50.0,8.406587438643403,0.21037810401240564
10,Ethanol,200.0,7.119193673962201,-0.45486671968102427
10,Ethylene,100.0,6.804483411266453,0.34931855205417117
10,Ethanol,800.0,-3.5829669664506385,-4.4111302649789845
10,Ethylene,200.0,4.247229471088962,0.31981582062104547
10,Ethanol,400.0,3.311292108126197,-1.802261297100763
10,Ethylene,50.0,8.402208493251884,0.2415957914778526
10,Ethanol,200.0,7.00699364908597,-0.48332867432262866
10,Ethylene,100.0,6.739696039295756,0.2937113098515515
10,Ethanol,800.0,-3.7006037472012427,-4.418427871456491
10,Ethylene,200.0,4.185241716951405,0.28276040949350256
10,Ethanol,400.0,3.2843784730399856,-1.7802939758256626
10,Ethylene,10.0,10.070777196471193,0.140780502041623
10,Ethanol,50.0,10.521901253388485,0.5714811432194998
10,Ethylene,250.0,2.6267519132609647,0.37786364283650353
10,Ethanol,600.0,-1.6447142229260348,-4.800155966402957
10,Ethylene,150.0,5.426339146352491,0.38223979310419043
10,Ethanol,1000.0,-6.555627130600821,-5.425542749584999
10,Toluene,1.0,11.000588195924198,0.7550603645887681
10,Ethanol,50.0,9.934694933649261,0.9270705357961123
10,Toluene,100.0,4.54798579820122,1.3667989381620878
10,Ethanol,600.0,-5.808422757297576,-3.8196375236197215
10,Toluene,60.0,6.85870014342025,1.1742355506086941
10,Ethanol,1000.0,-11.686935019820359,-6.264692018964838
10,Toluene,20.0,9.195218508300755,0.8534891357576814
10,Ethanol,200.0,5.578146978281873,-0.22378501885658258
10,Toluene,40.0,7.7945378594608625,1.0664467638849244
10,Ethanol,800.0,-8.153697875652727,-6.216409243843217
10,Toluene,80.0,5.457859442128449,1.111398821891864
10,Ethanol,400.0,1.465934966858821,-1.7811278183158707
10,Toluene,60.0,6.572397610875481,1.1687109353859582
10,Ethanol,1000.0,-9.785503537184722,-5.8744684314205715
10,Toluene,20.0,9.03818669612489,0.8710765719495686
10,Ethanol,200.0,5.7334705212786945,-0.21507446862153795
10,Toluene,40.0,7.983793310631849,1.057559790397967
10,Ethanol,800.0,-8.343608539024608,-4.848283978077205
10,Toluene,80.0,5.713081969311326,1.1735034248160907
10,Ethanol,400.0,0.49512093558924364,-1.8269206719159405
10,Toluene,1.0,10.98615839536608,0.6709102166197365
10,Ethanol,50.0,10.207688926832004,0.7882240292236228
10,Toluene,100.0,4.389762760006106,1.2931065064506044
10,Ethanol,600.0,-3.9639334910804394,-3.5588645296232793
10,Toluene,20.0,9.310761609572454,0.9215109975847522
10,Ethanol,200.0,5.279023426644298,-0.18615283413874426
10,Toluene,40.0,7.9611913650846065,1.1423287368586441
10,Ethanol,800.0,-10.325647484687606,-4.9620860008110945
10,Toluene,80.0,5.908644607767578,1.3802895493654608
10,Ethanol,400.0,-0.4971234324993615,-1.8563860945828639
10,Toluene,1.0,10.940198838190351,0.7437325985858407
10,Ethanol,50.0,10.071607293909068,0.8222042163858008
10,Toluene,100.0,4.540921544447626,1.443195965415886
10,Ethanol,600.0,-4.962202265866557,-3.690497430179991
10,Toluene,60.0,6.734365635625139,1.2360503106450955
10,Ethanol,1000.0,-11.537702589195554,-6.249181584395645
10,Toluene,1.0,10.73245577807897,0.6870069864872815
10,Ethanol,50.0,10.294704423704673,0.7653773165647134
10,Toluene,20.0,9.022368477024372,0.9143826261359221
10,Ethanol,200.0,5.510001309654424,-0.2830312730780679
10,Toluene,40.0,7.83252331457769,1.1262147796198483
10,Ethanol,800.0,-6.978183317696139,-4.848115866847255
10,Toluene,80.0,5.498410539876628,1.2039623231027359
10,Ethanol,400.0,1.4634204093254357,-1.81293125266596
10,Toluene,100.0,4.575432806495794,1.3379136730480585
10,Ethanol,600.0,-2.3248696871984182,-3.2945977951451333
10,Toluene,60.0,6.866423161576239,1.1764319133040304
10,Ethanol,1000.0,-9.259747893191951,-5.721642221054418
10,Toluene,80.0,5.7680285057794,1.1803819022319784
10,Ethanol,400.0,1.6065447091402505,-1.7644042772888733
10,Toluene,1.0,10.774746682076298,0.6957737026879998
10,Ethanol,50.0,10.265556316822034,0.778932895998363
10,Toluene,100.0,4.289785142204248,1.4068806562952954
10,Ethanol,600.0,-2.6811924375116027,-3.396884908907154
10,Toluene,60.0,6.731799612853057,1.1743800055338052
10,Ethanol,1000.0,-9.46466899371656,-5.725073864183102
10,Toluene,20.0,9.076075152700543,0.8919110057770239
10,Ethanol,200.0,6.214112776668813,-0.3041336735635489
10,Toluene,40.0,7.774313327865602,1.0967883446890356
10,Ethanol,800.0,-5.996664938454763,-4.534768808957009
10,Toluene,20.0,9.05072087017637,0.8639485772520322
10,Ethanol,200.0,6.229840591076741,-0.29543217760984936
10,Toluene,40.0,7.654157735686725,1.084955831520604
10,Ethanol,800.0,-5.802254095603186,-4.416336409569895
10,Toluene,80.0,5.349210972329241,1.2072621458370583
10,Ethanol,400.0,2.0960205034222663,-1.7269773113753504
10,Toluene,1.0,10.687127114606758,0.6751014014947999
10,Ethanol,50.0,10.331025033037994,0.7058279607550753
10,Toluene,100.0,4.187048024797992,1.2978601414137256
10,Ethanol,600.0,-2.0028886673692057,-3.3627626928574754
10,Toluene,60.0,6.509211113136404,1.1673451456573896
10,Ethanol,1000.0,-8.444188176516617,-5.61384578912233
10,Toluene,60.0,6.496335160394688,1.0512436404438583
10,Ethanol,1000.0,-8.033778575727306,-5.527600140878788
10,Toluene,20.0,9.055908898353124,0.8565182117460621
10,Ethanol,200.0,6.420805990616427,-0.35370362635679287
10,Toluene,40.0,7.6004628494699515,1.0526067588182813
10,Ethanol,800.0,-5.124602633101441,-4.480644666430009
10,Toluene,80.0,5.614924243525247,1.0571373144784322
10,Ethanol,400.0,2.6593502106414832,-1.8161955758250363
10,Toluene,1.0,10.875132081576611,0.6238765387314982
10,Ethanol,50.0,10.50913861039722,0.673198373454779
10,Toluene,100.0,4.142680962623653,1.2410644253948178
10,Ethanol,600.0,-1.4360266004629674,-3.316710234142911
10,Toluene,100.0,4.444327656568325,1.224396131891065
10,Ethanol,600.0,-1.4258472943378888,-3.1347211739899716
10,Toluene,60.0,6.46992695655677,1.1414932043459807
10,Ethanol,1000.0,-8.179560534146061,-5.512250293141045
10,Toluene,1.0,10.701840478148583,0.6492938117365219
10,Ethanol,50.0,10.386380205957833,0.6706783796497938
10,Toluene,20.0,8.901110877678637,0.8666502616998158
10,Ethanol,200.0,6.283632672705268,-0.41704106953978326
10,Toluene,40.0,7.469304546278298,1.0871163840151676
10,Ethanol,800.0,-5.281711491692521,-4.59050129887892
10,Toluene,80.0,5.315142433927505,1.1385355089087734
10,Ethanol,400.0,2.237637514895583,-1.8412590622544933
10,Toluene,1.0,10.707402859907484,0.6539983639532543
10,Ethanol,50.0,10.468843951617815,0.6830260460678959
10,Toluene,100.0,4.183721410461089,1.1859716285899782
10,Ethanol,600.0,-1.3219716382217637,-3.382612741240812
10,Toluene,60.0,6.638316915421863,1.0263811199603798
10,Ethanol,1000.0,-7.327012198685124,-5.543377641521321
10,Toluene,20.0,9.102001461948467,0.7848699893340038
10,Ethanol,200.0,6.820480168172028,-0.372385201856532
10,Toluene,40.0,7.711416581677462,0.9839059031893874
10,Ethanol,800.0,-4.431497684177407,-4.5197723214122405
10,Toluene,80.0,5.553416259839349,1.0210476041054344
10,Ethanol,400.0,2.7298105530512866,-1.8633557018754319
10,Toluene,20.0,9.112383910432722,0.8173934862860995
10,Ethanol,200.0,6.552500152719301,-0.4509225992777199
10,Toluene,40.0,7.753779769419839,0.9294152006728331
10,Ethanol,800.0,-4.917013642085804,-4.674591605739728
10,Toluene,80.0,5.589701475307423,1.0957277887923986
10,Ethanol,400.0,2.5987202387531405,-1.8804091567416215
10,Toluene,1.0,10.911585341140652,0.6460717782131433
10,Ethanol,50.0,10.575253137535293,0.6455878208078989
10,Toluene,100.0,4.2957439439346565,1.2130968548702552
10,Ethanol,600.0,-1.2985684204081427,-3.3883471897231625
10,Toluene,60.0,6.630454028636234,1.0411008386385683
10,Ethanol,1000.0,-7.776586421798736,-5.576026699637529
10,Toluene,1.0,11.174762520725546,0.5641440174671402
10,Ethanol,50.0,10.5787745760242,0.7278527062219111
10,Toluene,100.0,5.430100148727112,0.9388857954154703
10,Ethanol,600.0,-2.482408186609461,-3.1577121400465784
10,Toluene,60.0,7.48645647053499,0.9032390728645532
10,Ethanol,1000.0,-8.891147315126533,-5.518557701605855
10,Toluene,20.0,9.538134524285756,0.7964041289306408
10,Ethanol,200.0,6.466727057038787,-0.28861739002495473
10,Toluene,40.0,8.348406444927702,0.8902146371769708
10,Ethanol,800.0,-4.989451341532034,-4.5094239288474665
10,Toluene,80.0,6.506258824213872,0.870926130409351
10,Ethanol,400.0,2.3462588368421105,-1.8124619334941214
10,Toluene,60.0,7.475746417986085,0.8870972060559789
10,Ethanol,1000.0,-7.98846344585826,-5.645843830448532
10,Toluene,20.0,9.554871835303096,0.7525978966449184
10,Ethanol,200.0,6.472832330489412,-0.3803633583781281
10,Toluene,40.0,8.358125988238136,0.8343353477314587
10,Ethanol,800.0,-5.851632381068262,-4.445451930984272
10,Toluene,80.0,6.576079410787214,0.8043348394318883
10,Ethanol,400.0,1.9386764178958829,-1.7792523522400183
10,Toluene,1.0,11.134941650492056,0.5511090010504907
10,Ethanol,50.0,10.597318127369263,0.6506656357862171
10,Toluene,100.0,5.752416714003852,0.9163219538092601
10,Ethanol,600.0,-2.110122398956705,-3.295516908851386
10,Toluene,20.0,9.575879177358145,0.7389240686440468
10,Ethanol,200.0,6.355307898144891,-0.3275577690290313
10,Toluene,40.0,8.404736463358514,0.7849866506377655
10,Ethanol,800.0,-6.621398738450989,-4.379368206436499
10,Toluene,80.0,6.668014126412388,0.7932779547806129
10,Ethanol,400.0,1.5241505850302228,-1.7534560127097225
10,Toluene,1.0,11.127837201265612,0.5290988417779154
10,Ethanol,50.0,10.598772370988268,0.67835308032616
10,Toluene,100.0,5.712789817511189,0.818418673699018
10,Ethanol,600.0,-2.413448201108674,-3.2286849833370384
10,Toluene,60.0,7.581220806501158,0.7769241725444385
10,Ethanol,1000.0,-8.599316672696139,-5.49846441401424
10,Toluene,1.0,11.12333046673685,0.534525113073806
10,Ethanol,50.0,10.693852449519436,0.6719906066093244
10,Toluene,20.0,9.361027614926806,0.6806585679798964
10,Ethanol,200.0,6.309105401032481,-0.4112961076509717
10,Toluene,40.0,8.333145328022077,0.6990129755264928
10,Ethanol,800.0,-5.0006024058252665,-4.503542987216881
10,Toluene,80.0,6.556674024070616,0.6387531514677726
10,Ethanol,400.0,2.5041086137428334,-1.845257905286133
10,Toluene,100.0,5.957490362498534,0.7230350908176348
10,Ethanol,600.0,-1.1674424816067412,-3.244657732218489
10,Toluene,60.0,7.64290464340422,0.7579513928923902
10,Ethanol,1000.0,-7.888021538391808,-5.5650507163858265
10,Toluene,80.0,6.791934134582262,0.703671168035478
10,Ethanol,400.0,2.4406807417696426,-1.8399168223095876
10,Toluene,1.0,11.20086424783467,0.5469650125202268
10,Ethanol,50.0,10.656233198370554,0.6290494211749309
10,Toluene,100.0,5.772720059878393,0.7699608774659
10,Ethanol,600.0,-1.7413999286283437,-3.3541387589456515
10,Toluene,60.0,7.613303696556892,0.7122443785359692
10,Ethanol,1000.0,-8.03971830895113,-5.5829021443019125
10,Toluene,20.0,9.584197536838074,0.6661786890193615
10,Ethanol,200.0,6.679075924210977,-0.4250894110935453
10,Toluene,40.0,8.376121206334169,0.6746524034536324
10,Ethanol,800.0,-4.740880714678283,-4.528459803335133
10,Toluene,20.0,9.521985428159498,0.6720872683552119
10,Ethanol,200.0,6.749701035587498,-0.40056229377062674
10,Toluene,40.0,8.391298132393288,0.7172363998502814
10,Ethanol,800.0,-4.811607125376482,-4.591110871265384
10,Toluene,80.0,6.6260745832269805,0.680795022310129
10,Ethanol,400.0,2.647228394606044,-1.8550854592858814
10,Toluene,1.0,11.156701438413453,0.5331017648708481
10,Ethanol,50.0,10.672601587512949,0.6440057887133245
10,Toluene,100.0,5.693880164902541,0.7667935358291206
10,Ethanol,600.0,-1.4897524648633869,-3.3662009960108934
10,Toluene,60.0,7.526640027556692,0.7933775166005657
10,Ethanol,1000.0,-7.666998588475883,-5.63972975330071
10,Toluene,60.0,7.538536979315769,0.7788074427420892
10,Ethanol,1000.0,-7.125733601798389,-5.453719120295428
10,Toluene,20.0,9.489893810078653,0.6548077526731192
10,Ethanol,200.0,6.810658954130649,-0.387771109322706
10,Toluene,40.0,8.313928790633414,0.7289920963680989
10,Ethanol,800.0,-4.57678551998447,-4.515190466151214
10,Toluene,80.0,6.583772108947703,0.7502516292210369
10,Ethanol,400.0,2.7983933039939566,-1.7385807577617383
10,Toluene,1.0,11.16105695581198,0.5991372248607436
10,Ethanol,50.0,10.674522781352424,0.6706753154298194
10,Toluene,100.0,5.595234488608339,0.9123945022812865
10,Ethanol,600.0,-1.1058317381760077,-3.30133720115763
10,Toluene,100.0,5.940431950444948,0.878273041319275
10,Ethanol,600.0,-0.917773332285963,-3.2021821084907147
10,Toluene,60.0,7.5456602350654585,0.9138794801311362
10,Ethanol,1000.0,-7.474079553190424,-5.53884838306863
10,Toluene,1.0,11.160495711392342,0.6050686843298002
10,Ethanol,50.0,10.731616544576294,0.6908261188958968
10,Toluene,20.0,9.346108039738809,0.7874072039933195
10,Ethanol,200.0,6.466013192802123,-0.4390239917408923
10,Toluene,40.0,8.206569629243692,0.7975427262221265
10,Ethanol,800.0,-4.849126896249156,-4.551269311870314
10,Toluene,80.0,6.4998563420528255,0.8810372298364694
10,Ethanol,400.0,2.626523932295815,-1.828781190639814
10,Toluene,1.0,11.13779396056992,0.5632658920353611
10,Ethanol,50.0,10.659428459227245,0.6734232223865221
10,Toluene,100.0,5.583829414911021,0.9595179202692747
10,Ethanol,600.0,-1.105945182127442,-3.3423955687635427
10,Toluene,60.0,7.5372641392803095,0.9447982387082653
10,Ethanol,1000.0,-7.080341824797329,-5.483906322001123
10,Toluene,20.0,9.472185231931396,0.7223231809457409
10,Ethanol,200.0,6.881821068966216,-0.3971855577890854
10,Toluene,40.0,8.283965665430255,0.8432097654264247
10,Ethanol,800.0,-4.430001110599333,-4.456804307319858
10,Toluene,80.0,6.5164975189475705,0.8594759583963556
10,Ethanol,400.0,2.707705827553192,-1.8609020126206388
10,Toluene,20.0,9.43109381507233,0.7341955332310817
10,Ethanol,200.0,6.593684235246349,-0.4706486554806937
10,Toluene,40.0,8.29607920182731,0.8604620712072968
10,Ethanol,800.0,-4.6728658837238,-4.602620413088131
10,Toluene,80.0,6.50904516276516,0.8664981133141771
10,Ethanol,400.0,2.762005144215457,-1.8461133502689475
10,Toluene,1.0,11.12858858882184,0.5783272302715516
10,Ethanol,50.0,10.652092045102536,0.6308809951492462
10,Toluene,100.0,5.607829008996118,0.8578653590372474
10,Ethanol,600.0,-1.0212165660011885,-3.2896775299222845
10,Toluene,60.0,7.406539455585766,0.7913994370549694
10,Ethanol,1000.0,-7.564294982223644,-5.537906668585079
10,Ethylene,10.0,11.214368362201302,0.7757325172742245
10,Ammonia,50.0,9.973267256284641,1.4801836713562218
10,Ethylene,250.0,5.511284287872625,1.1762794184679117
10,Ammonia,600.0,-7.946454616104917,2.427560514362131
10,Ethylene,150.0,7.61079198027769,1.1251786239965087
10,Ammonia,1000.0,-20.808338079653645,0.40356584744335827
10,Ethylene,50.0,9.931594594886137,0.94744792178897
10,Ammonia,200.0,4.2039699141470015,2.8422910100559564
10,Ethylene,100.0,8.620320060435956,1.0349376069317757
10,Ammonia,800.0,-14.844813531410002,1.7483882371414314
10,Ethylene,200.0,6.55224532423261,1.099642237008601
10,Ammonia,400.0,-2.439417423940526,3.093267663582862
10,Ethylene,150.0,7.457778263376532,1.1482048574729098
10,Ammonia,1000.0,-21.218925858306466,0.28084487909458766
10,Ethylene,50.0,9.862129311293183,0.9540106555598366
10,Ammonia,200.0,4.194364173389649,2.748562701168514
10,Ethylene,100.0,8.489856616874476,1.030869480299319
10,Ammonia,800.0,-14.666187135576758,1.4710340731970146
10,Ethylene,200.0,6.584491430195159,1.0674630017143942
10,Ammonia,400.0,-2.259309698469926,2.838784518740255
10,Ethylene,10.0,11.158144140087735,0.7629716209075714
10,Ammonia,50.0,9.930642364826188,1.4504737214005294
10,Ethylene,250.0,5.2654243324335415,0.9342531534838124
10,Ammonia,600.0,-8.557398075790365,1.770204207897339
10,Ethylene,50.0,9.759948557070972,1.006317139544266
10,Ammonia,200.0,4.148494434837669,2.6941705064986743
10,Ethylene,100.0,8.379102416414735,1.0026896282808537
10,Ammonia,800.0,-14.697255243476894,1.0412556602920269
10,Ethylene,200.0,6.481421611965511,1.1278040611911289
10,Ammonia,400.0,-1.9701935483553032,2.6948197255440216
10,Ethylene,10.0,11.090329741037952,0.7304967793922459
10,Ammonia,50.0,9.895989491222819,1.386211653660418
10,Ethylene,250.0,5.209985021352927,1.0489208674760502
10,Ammonia,600.0,-8.176164303277078,2.063961283636052
10,Ethylene,150.0,7.410404711326085,1.0259422926216477
10,Ammonia,1000.0,-20.469414421509537,-0.27887942740559807
10,Ethylene,10.0,11.123035736360436,0.7839268820425077
10,Ammonia,50.0,9.87623520384076,1.4204858002694558
10,Ethylene,50.0,9.664510797257854,0.8992262450845022
10,Ammonia,200.0,4.215693095751279,2.660380565692002
10,Ethylene,100.0,8.391826608509449,1.0135290706265887
10,Ammonia,800.0,-14.826005002115389,0.9962407880165015
10,Ethylene,200.0,6.365146761745417,1.0140348907832117
10,Ammonia,400.0,-2.541682800232115,2.6924521477498895
10,Ethylene,250.0,5.214600564670288,0.9336763530245524
10,Ammonia,600.0,-9.202997035883458,1.7923783556957666
10,Ethylene,150.0,7.333419481649665,1.0181967827762577
10,Ammonia,1000.0,-22.076979783107586,-0.7099988513614258
10,Ethylene,200.0,6.401477772084659,0.9602981270549279
10,Ammonia,400.0,-2.6423011195665604,2.704877186245277
10,Ethylene,10.0,11.093933673521114,0.7121407897049665
10,Ammonia,50.0,9.761131537598205,1.3623458583407102
10,Ethylene,250.0,5.009365463803645,0.8869986559094633
10,Ammonia,600.0,-9.062406478949633,1.7320899866238817
10,Ethylene,150.0,7.279280587267325,0.9677412762809564
10,Ammonia,1000.0,-21.714213207834696,-0.7109327150725328
10,Ethylene,50.0,9.727275397255823,0.8491338057034792
10,Ammonia,200.0,4.066803569019668,2.6376056760734374
10,Ethylene,100.0,8.343773479976454,0.95657570742964
10,Ammonia,800.0,-15.32473480785975,0.8170780728228894
10,Ethylene,50.0,9.676763285458936,0.8650797241959902
10,Ammonia,200.0,3.986455327742641,2.5725651364062547
10,Ethylene,100.0,8.3271982282928,0.905887379998664
10,Ammonia,800.0,-15.939302740787856,0.33827579353988857
10,Ethylene,200.0,6.287848842176749,0.9307129766713135
10,Ammonia,400.0,-2.900179242739548,2.3806180733830855
10,Ethylene,10.0,11.049126523636273,0.7004629091897562
10,Ammonia,50.0,9.771719806861576,1.3599950282089415
10,Ethylene,250.0,4.934292425991906,0.8264118322640768
10,Ammonia,600.0,-9.458889225450196,1.7010900009256718
10,Ethylene,150.0,7.2189861731466864,0.9517163943426525
10,Ammonia,1000.0,-22.33480678430357,-0.9198202891291073
10,Ethylene,150.0,7.390060685216897,0.9262814588434126
10,Ammonia,1000.0,-22.202151872152633,-1.0056684566471774
10,Ethylene,50.0,9.74857197505917,0.8539595078014675
10,Ammonia,200.0,4.007109215530405,2.637084060439131
10,Ethylene,100.0,8.301002969933084,0.9113534549738445
10,Ammonia,800.0,-15.966388085106102,0.5069003889184496
10,Ethylene,200.0,6.261215511164824,0.9556569408197086
10,Ammonia,400.0,-2.9680801939787322,2.373482080883769
10,Ethylene,10.0,11.068212697489848,0.6939511997677167
10,Ammonia,50.0,9.763101002215603,1.3667020313799276
10,Ethylene,250.0,4.797529714652744,1.0190315146409912
10,Ammonia,600.0,-9.727361537328465,1.3084633052616792
10,Ethylene,250.0,5.132095600238726,0.8877442026756903
10,Ammonia,600.0,-9.750734759069108,1.4438404403237037
10,Ethylene,150.0,7.2135076927801745,0.9340260274574409
10,Ammonia,1000.0,-22.67203674922192,-1.421095147204733
10,Ethylene,10.0,11.1620453069055,0.7132443743846725
10,Ammonia,50.0,9.796221950895502,1.350286155101008
10,Ethylene,50.0,9.588909682291062,0.8725035744776689
10,Ammonia,200.0,3.8316961958922318,2.5590102961059333
10,Ethylene,100.0,8.193788929441505,0.9215216595690197
10,Ammonia,800.0,-15.955297674756231,0.35342423323639477
10,Ethylene,200.0,6.132400868701725,0.9757014891878688
10,Ammonia,400.0,-3.0872012651635914,2.4789742879769734
10,Ethylene,10.0,11.078683936753897,0.7103862435631061
10,Ammonia,50.0,9.813998230784083,1.430486570256021
10,Ethylene,250.0,4.790859509575841,0.8180530076373026
10,Ammonia,600.0,-9.88526357220307,1.2643553009047113
10,Ethylene,150.0,7.161838006916184,0.9600522574463076
10,Ammonia,1000.0,-23.11280693711789,-1.994873133915938
10,Ethylene,50.0,9.676286185300487,0.8785068621834967
10,Ammonia,200.0,3.870293454894009,2.512508423684932
10,Ethylene,100.0,8.218555546753029,0.9563041086788696
10,Ammonia,800.0,-16.300976116048165,-0.09566809127986725
10,Ethylene,200.0,6.065672200679734,0.9357555964192684
10,Ammonia,400.0,-3.182863139287258,2.4942308840490424
10,Ethylene,50.0,9.594159687601344,0.8728985300243423
10,Ammonia,200.0,3.743312521719663,2.6478649265807896
10,Ethylene,100.0,8.190220648851001,0.9078938279113772
10,Ammonia,800.0,-16.42912351465297,-0.015837187227298762
10,Ethylene,200.0,6.009326270865364,0.8833049222801839
10,Ammonia,400.0,-3.1076487004506315,2.3335239265785765
10,Ethylene,10.0,11.06663196349917,0.6936397301857317
10,Ammonia,50.0,9.843277485828251,1.382643600738111
10,Ethylene,250.0,4.7335752879705675,0.7423797794212689
10,Ammonia,600.0,-10.012936222692945,1.0756003976706179
10,Ethylene,150.0,7.083073698049111,0.8828925122295638
10,Ammonia,1000.0,-23.305281958029934,-2.2869372890174304
10,Ethylene,10.0,10.997719028410435,0.7512725284158984
10,Ammonia,50.0,9.488139961777629,1.846343196012968
10,Ethylene,250.0,3.9123824305449624,1.0340508988344046
10,Ammonia,600.0,-16.916079846339564,6.26623504883704
10,Ethylene,150.0,6.139314456422875,0.6884678457897502
10,Ammonia,1000.0,-36.36856107197915,4.978823434635876
10,Ethylene,50.0,9.593040513138057,0.9416952165096725
10,Ammonia,200.0,1.779297668035024,4.619962994778831
10,Ethylene,100.0,7.905495512681295,1.0421314704374138
10,Ammonia,800.0,-26.850516146342528,5.861396655420381
10,Ethylene,200.0,5.266440089685843,1.1561370745426274
10,Ammonia,400.0,-7.594314977458317,5.785872046099936
10,Ethylene,150.0,6.425186987002195,1.1296051701895302
10,Ammonia,1000.0,-37.05478297619239,4.979874025630608
10,Ethylene,50.0,9.537821464570825,0.910520491148947
10,Ammonia,200.0,1.7650528466237738,4.555429190143448
10,Ethylene,100.0,7.844720371317391,0.9860090243930106
10,Ammonia,800.0,-26.75946734353623,5.207423741609809
10,Ethylene,200.0,5.191974135799128,1.1212636133215679
10,Ammonia,400.0,-7.507112041927374,5.300020153834194
10,Ethylene,10.0,10.980264641924173,0.7562047177602597
10,Ammonia,50.0,9.460840092876815,1.8623116480810151
10,Ethylene,250.0,3.5760658617156653,0.9765131749767787
10,Ammonia,600.0,-17.182712594079934,5.069212614855215
10,Ethylene,50.0,9.466820601289271,0.8945175072610322
10,Ammonia,200.0,1.4142144380661075,4.812356298702022
10,Ethylene,100.0,7.713785760473414,1.1359807385056897
10,Ammonia,800.0,-27.373069383530815,5.999322410769793
10,Ethylene,200.0,5.0606200988609435,1.284214795998526
10,Ammonia,400.0,-7.78682185626815,5.986258765854943
10,Ethylene,10.0,10.964211711191059,0.7714480989495579
10,Ammonia,50.0,9.485744248570581,1.9619621201350426
10,Ethylene,250.0,3.2924944545535717,1.204572819144243
10,Ammonia,600.0,-17.586104995041513,6.178020691248184
10,Ethylene,150.0,6.34185045153968,1.2551462485750502
10,Ammonia,1000.0,-37.376606466230484,5.033006961033119
10,Ethylene,10.0,10.979123646886498,0.7855785956965712
10,Ammonia,50.0,9.45878612751876,1.9821055712209115
10,Ethylene,50.0,9.333891811720967,0.9216855826621543
10,Ammonia,200.0,1.5054016944110857,4.6781527388723525
10,Ethylene,100.0,7.699115690272212,1.1080128642451712
10,Ammonia,800.0,-27.85883273930427,6.001641429588961
10,Ethylene,200.0,4.974306288366064,1.1576427206713045
10,Ammonia,400.0,-8.151176311880011,6.076816189133809
10,Ethylene,250.0,3.341495276943901,1.2321183920166396
10,Ammonia,600.0,-18.357017501391915,6.12409579473084
10,Ethylene,150.0,6.246136031924815,1.2092505351702325
10,Ammonia,1000.0,-38.68455982332002,5.075329829237669
10,Ethylene,200.0,5.007370042039975,1.2427857080518163
10,Ammonia,400.0,-8.068235272302903,5.987022717490723
10,Ethylene,10.0,10.974412459105148,0.7750690470440198
10,Ammonia,50.0,9.436401494411308,1.9881331537741538
10,Ethylene,250.0,3.0831218469201676,1.1073813564951396
10,Ammonia,600.0,-18.085662230815004,6.207167337229973
10,Ethylene,150.0,6.260255632923773,1.1616211788995598
10,Ammonia,1000.0,-38.469901310309034,4.96528226518502
10,Ethylene,50.0,9.481915941924669,0.9371374265387163
10,Ammonia,200.0,1.4121460706711153,4.6722788526368255
10,Ethylene,100.0,7.674620446090613,1.0603166257793246
10,Ammonia,800.0,-27.978857858810173,5.536036060592642
10,Ethylene,50.0,9.45509580750429,0.9859932653596895
10,Ammonia,200.0,1.3672560401297946,4.670145822079162
10,Ethylene,100.0,7.679944273058492,1.0930643336497476
10,Ammonia,800.0,-28.48242995535711,5.9150395630733845
10,Ethylene,200.0,4.836308076774395,1.0959997769204621
10,Ammonia,400.0,-8.504008515371705,6.052353106946469
10,Ethylene,10.0,10.946188002186313,0.7703046393716514
10,Ammonia,50.0,9.407087423119696,2.003906193911845
10,Ethylene,250.0,3.154265989611075,1.13343323483544
10,Ammonia,600.0,-18.419731376962982,6.217131535055146
10,Ethylene,150.0,6.147578815760938,1.1840080285745471
10,Ammonia,1000.0,-39.08117817548616,5.350494640893123
10,Ethylene,150.0,6.344079579831445,1.2310950633366844
10,Ammonia,1000.0,-39.10792520288495,5.2310578589121794
10,Ethylene,50.0,9.503158487488339,0.9680230580288611
10,Ammonia,200.0,1.2930669230225764,4.7931202493359875
10,Ethylene,100.0,7.621852704443393,1.075579908505913
10,Ammonia,800.0,-28.68452442356142,5.6557939786474645
10,Ethylene,200.0,4.8157904628546175,1.152062466283197
10,Ammonia,400.0,-8.589511563714376,5.870028705090269
10,Ethylene,10.0,10.974624124717792,0.7486654311584402
10,Ammonia,50.0,9.446664196901843,1.9540046541003953
10,Ethylene,250.0,3.1580437214342227,1.0981893820277875
10,Ammonia,600.0,-18.708771325671602,5.837843246539663
10,Ethylene,250.0,3.3440536975261455,1.1488078702418036
10,Ammonia,600.0,-18.687318115636458,5.752501954570036
10,Ethylene,150.0,6.214138371753454,1.1676525410963392
10,Ammonia,1000.0,-39.28066470185011,4.842560009772679
10,Ethylene,10.0,11.024670640619961,0.8413353713874553
10,Ammonia,50.0,9.472784576359526,2.0067144157874046
10,Ethylene,50.0,9.264401262493532,0.924245412638972
10,Ammonia,200.0,1.203748403479134,4.79328382664883
10,Ethylene,100.0,7.593951389849658,1.1196630009157729
10,Ammonia,800.0,-28.6168071886756,5.595214970816624
10,Ethylene,200.0,4.799961256851594,1.150732327822132
10,Ammonia,400.0,-8.657132622139232,5.801111736861062
10,Ethylene,10.0,10.985869314200468,0.789558869216549
10,Ammonia,50.0,9.449816229636989,1.9804664969424444
10,Ethylene,250.0,3.127891157682022,1.0671067751067902
10,Ammonia,600.0,-18.73483812924698,5.572856949945898
10,Ethylene,150.0,6.14952681900387,1.2382283997704275
10,Ammonia,1000.0,-40.19371916263794,5.211837159744777
10,Ethylene,50.0,9.449811589605728,1.0029476356265956
10,Ammonia,200.0,1.1487644204665475,4.833352072349138
10,Ethylene,100.0,7.611305809750537,1.1124176677684978
10,Ammonia,800.0,-29.33894933335353,6.508647066708199
10,Ethylene,200.0,4.727766070594031,1.2771157168597642
10,Ammonia,400.0,-8.928400680279436,6.224483224374134
10,Ethylene,50.0,9.331876749692913,1.0298900633586896
10,Ammonia,200.0,0.8917296214508234,4.931693108352601
10,Ethylene,100.0,7.506166344784204,1.1486507368198902
10,Ammonia,800.0,-29.203677977162986,5.931858273023413
10,Ethylene,200.0,4.665412591857974,1.2158688608120796
10,Ammonia,400.0,-9.0081825126081,6.01624261018134
10,Ethylene,10.0,10.965920846167105,0.8043006548156941
10,Ammonia,50.0,9.410755923205372,1.9816592215794921
10,Ethylene,250.0,2.959458529965183,1.1050568368893603
10,Ammonia,600.0,-19.26383942197054,6.049665981111544
10,Ethylene,150.0,6.097547921806568,1.2146704724106887
10,Ammonia,1000.0,-40.00477654552599,4.811002550299769
10,Ethylene,10.0,10.90479307151806,0.6851523437589864
10,Ammonia,50.0,8.866974205054543,1.7492488831563557
10,Ethylene,250.0,3.474936322090251,0.9858948889430916
10,Ammonia,600.0,-16.569792396684893,6.829130682215119
10,Ethylene,150.0,6.494325096452435,1.049249659053767
10,Ammonia,1000.0,-36.626784748567744,6.190217809413598
10,Ethylene,50.0,9.62630940031611,0.8810072947559296
10,Ammonia,200.0,0.8514846847572917,4.7773430338370515
10,Ethylene,100.0,7.821895480663226,0.9542929254066508
10,Ammonia,800.0,-27.556766994979167,6.4957604650124425
10,Ethylene,200.0,5.239792137718916,1.0872672786779458
10,Ammonia,400.0,-8.753785294586407,5.988466146272284
10,Ethylene,150.0,6.380457444781456,1.040302968788625
10,Ammonia,1000.0,-37.953198337192205,5.654301369184048
10,Ethylene,50.0,9.577551577915456,0.8907566194951955
10,Ammonia,200.0,0.6609382861529149,4.778725119939106
10,Ethylene,100.0,7.627174345780251,0.9838438362249988
10,Ammonia,800.0,-26.88876812573256,6.6523702972259935
10,Ethylene,200.0,4.910683297228475,1.084116310110562
10,Ammonia,400.0,-9.333016496443218,6.570558361239886
10,Ethylene,10.0,10.65681990353339,0.6971452353043142
10,Ammonia,50.0,8.316243227491805,1.8132074888314715
10,Ethylene,250.0,2.7502869399229164,1.1136224929986942
10,Ammonia,600.0,-19.46947290358802,7.829673047758011
10,Ethylene,50.0,8.789313257494012,0.7537155018839715
10,Ammonia,200.0,-0.21467788859745773,5.01827309820598
10,Ethylene,100.0,6.91689704326559,0.9204690972712946
10,Ammonia,800.0,-29.908418000242975,8.842416535109551
10,Ethylene,200.0,4.173706150294597,1.0849564223283645
10,Ammonia,400.0,-9.953278228886028,6.988959269580377
10,Ethylene,10.0,10.37779730529927,0.6202815577483766
10,Ammonia,50.0,7.9442926614801035,1.6925875063808853
10,Ethylene,250.0,2.4578171441188315,1.0301416995134864
10,Ammonia,600.0,-19.618314099156585,7.3906892708540335
10,Ethylene,150.0,5.3797136770685885,1.0731821053976887
10,Ammonia,1000.0,-43.159229437382116,9.78404850574312
10,Ethylene,10.0,10.349092985279228,0.5392087853921588
10,Ammonia,50.0,7.902399543432793,1.7472380163065884
10,Ethylene,50.0,8.603011113816606,0.7290041592996909
10,Ammonia,200.0,0.013356363544095614,4.957828814455075
10,Ethylene,100.0,6.858086689152035,0.9599769359378306
10,Ammonia,800.0,-30.715685066764056,8.545590626421522
10,Ethylene,200.0,3.922870312718389,1.1131536094692789
10,Ammonia,400.0,-10.69808747242966,6.998133762247967
10,Ethylene,250.0,2.317242991413819,1.168362979955329
10,Ammonia,600.0,-21.272869682765997,7.7475477043246395
10,Ethylene,150.0,5.223659765698879,0.9890976385170163
10,Ammonia,1000.0,-45.52805125918246,10.17714962608862
10,Ethylene,200.0,3.9508007664757594,0.9884018574870337
10,Ammonia,400.0,-10.549611397090736,6.664500308875933
10,Ethylene,10.0,10.547298573666827,0.5521622163176111
10,Ammonia,50.0,7.898981527143399,1.8480464862453048
10,Ethylene,250.0,2.1009161445269218,0.9645133228705731
10,Ammonia,600.0,-21.335100645396796,7.9916774090539935
10,Ethylene,150.0,5.231485271613882,1.0052972897588695
10,Ammonia,1000.0,-45.24889954111412,8.784315221618087
10,Ethylene,50.0,8.66286283254612,0.7504556805432001
10,Ammonia,200.0,-0.4235501680182686,4.79653578142843
10,Ethylene,100.0,6.85065978783027,1.0644088699048213
10,Ammonia,800.0,-33.26253373037191,10.8262563721733
10,Ethylene,50.0,8.74374373518141,0.8921553091583764
10,Ammonia,200.0,-0.6749985146568438,5.637899959900955
10,Ethylene,100.0,6.759378450242162,1.079929536988988
10,Ammonia,800.0,-35.007197889771064,12.1344290820095
10,Ethylene,200.0,3.5717517845466555,1.3448137468805477
10,Ammonia,400.0,-11.982402209567722,8.427475673812587
10,Ethylene,10.0,10.32310310662639,0.621189842101652
10,Ammonia,50.0,7.724245220918725,1.9631160378516452
10,Ethylene,250.0,1.9180761667859196,1.2324027155279988
10,Ammonia,600.0,-22.72789270178101,8.985180933619771
10,Ethylene,150.0,5.161539923865593,1.265182388445602
10,Ammonia,1000.0,-47.203152726752805,10.057036210453356
10,Ethylene,150.0,5.295011725994802,1.2061506123230326
10,Ammonia,1000.0,-48.33698928249357,11.894558204680566
10,Ethylene,50.0,8.747452878950511,0.8250554447262283
10,Ammonia,200.0,-0.6812843547730114,5.570281443346897
10,Ethylene,100.0,6.858263926975225,1.0464690895681579
10,Ammonia,800.0,-34.19902360505082,10.941404619430285
10,Ethylene,200.0,3.7830074817784225,1.2516810781452805
10,Ammonia,400.0,-11.694086100304057,8.123814581392626
10,Ethylene,10.0,10.452709516965413,0.6449449940071212
10,Ammonia,50.0,8.089560499781381,1.9028539907175528
10,Ethylene,250.0,2.539108479162898,1.2475779393152353
10,Ammonia,600.0,-19.62375079739136,7.527533831365436
10,Ethylene,250.0,2.677846966279234,1.2632290568798332
10,Ammonia,600.0,-19.799380018390146,7.085762100815022
10,Ethylene,150.0,5.649480081885305,1.183053023065944
10,Ammonia,1000.0,-40.8968628885385,6.044077337917286
10,Ethylene,10.0,10.880105500228293,0.7240110231660467
10,Ammonia,50.0,8.778225112159783,1.892612115619053
10,Ethylene,50.0,9.06787007666689,0.8794676437423365
10,Ammonia,200.0,0.5162388075699563,4.975241308600083
10,Ethylene,100.0,7.115778966543685,1.0840370222386642
10,Ammonia,800.0,-29.32783665829517,7.441003999186477
10,Ethylene,200.0,4.072805964288503,1.3582350857131769
10,Ammonia,400.0,-9.52245204042539,6.703237748927294
10,Ethylene,10.0,10.84124784259519,0.7371707987739047
10,Ammonia,50.0,8.897872838235754,1.9233308611870197
10,Ethylene,250.0,2.4312230241232275,1.2403334141910531
10,Ammonia,600.0,-19.609561471832226,7.199523712645539
10,Ethylene,150.0,5.576713939950275,1.2239733848865741
10,Ammonia,1000.0,-40.09466836910457,6.6894564522913695
10,Ethylene,50.0,9.159506947748472,0.9004976916909586
10,Ammonia,200.0,0.48921635568507743,4.974384331969321
10,Ethylene,100.0,7.208945304734134,1.082772963648692
10,Ammonia,800.0,-30.454769439214086,6.747318521556602
10,Ethylene,200.0,4.194502033949543,1.1807057103127836
10,Ammonia,400.0,-9.878193944312512,6.483423093484946
10,Ethylene,50.0,9.089342117136326,0.9327719335161663
10,Ammonia,200.0,0.29461620754336404,4.989316580101785
10,Ethylene,100.0,7.1328582089772405,1.1542418180313645
10,Ammonia,800.0,-29.76092660379487,7.0267128422157334
10,Ethylene,200.0,4.0812707647766056,1.2036646905129276
10,Ammonia,400.0,-9.750525691724476,6.750416455982909
10,Ethylene,10.0,10.796744478608822,0.723902252670619
10,Ammonia,50.0,8.947031700357448,1.9491598110294324
10,Ethylene,250.0,2.453272315373641,1.1839804750635918
10,Ammonia,600.0,-19.628479529421615,7.035012309564111
10,Ethylene,150.0,5.664422657758114,1.2772781171721799
10,Ammonia,1000.0,-40.48849585253408,7.0194066294079835
