batch_id,gas_name,concentration_ppm,predicted_gas,predicted_ppm,absolute_error_ppm
10,Ethylene,10.0,Toluene,25.642746,15.642745971679688
10,Ethanol,50.0,Acetaldehyde,30.48043,19.519569396972656
10,Ethylene,250.0,Ethylene,116.634674,133.36532592773438
10,Ethanol,600.0,Acetaldehyde,43.75837,556.2416305541992
10,Ethylene,150.0,Ethylene,69.4635,80.5364990234375
10,Ethanol,1000.0,Acetaldehyde,56.272385,943.7276153564453
10,Ethylene,50.0,Acetone,33.406662,16.593338012695312
10,Ethanol,200.0,Acetaldehyde,28.382973,171.61702728271484
10,Ethylene,100.0,Ethylene,43.035873,56.96412658691406
10,Ethanol,800.0,Ethanol,411.25653,388.74346923828125
10,Ethylene,200.0,Acetone,77.754486,122.24551391601562
10,Ethanol,400.0,Ethanol,228.9424,171.05760192871094
10,Ethylene,150.0,Ethylene,62.509445,87.49055480957031
10,Ethanol,1000.0,Ethanol,889.66656,110.33343505859375
10,Ethylene,50.0,Acetone,38.670982,11.329017639160156
10,Ethanol,200.0,Ethanol,124.50801,75.49198913574219
10,Ethylene,100.0,Acetone,44.129333,55.87066650390625
10,Ethanol,800.0,Ethanol,685.8735,114.12652587890625
10,Ethylene,200.0,Acetone,80.29483,119.70516967773438
10,Ethanol,400.0,Ethanol,256.5489,143.45111083984375
10,Ethylene,10.0,Toluene,26.892677,16.892677307128906
10,Ethanol,50.0,Acetaldehyde,28.721695,21.278305053710938
10,Ethylene,250.0,Acetone,106.16632,143.83367919921875
10,Ethanol,600.0,Ethanol,393.97626,206.02374267578125
10,Ethylene,50.0,Acetone,37.71305,12.286949157714844
10,Ethanol,200.0,Ethanol,107.623825,92.37617492675781
10,Ethylene,100.0,Acetone,46.666885,53.33311462402344
10,Ethanol,800.0,Ethanol,570.5073,229.49267578125
10,Ethylene,200.0,Acetone,74.74838,125.25161743164062
10,Ethanol,400.0,Ethanol,232.74716,167.25283813476562
10,Ethylene,10.0,Toluene,27.73674,17.736740112304688
10,Ethanol,50.0,Acetaldehyde,26.771416,23.22858428955078
10,Ethylene,250.0,Acetone,105.19748,144.80252075195312
10,Ethanol,600.0,Ethanol,398.74197,201.25802612304688
10,Ethylene,150.0,Acetone,55.22371,94.77629089355469
10,Ethanol,1000.0,Ethanol,812.9139,187.08612060546875
10,Ethylene,10.0,Toluene,21.875336,11.875335693359375
10,Ethanol,50.0,Acetaldehyde,21.54203,28.457969665527344
10,Ethylene,50.0,Acetone,37.51013,12.4898681640625
10,Ethanol,200.0,Ethanol,107.75166,92.24833679199219
10,Ethylene,100.0,Acetone,47.70955,52.29045104980469
10,Ethanol,800.0,Ethanol,621.01416,178.98583984375
10,Ethylene,200.0,Acetone,71.87953,128.12046813964844
10,Ethanol,400.0,Ethanol,246.49274,153.50726318359375
10,Ethylene,250.0,Acetone,112.67172,137.32827758789062
10,Ethanol,600.0,Ethanol,419.13223,180.86776733398438
10,Ethylene,150.0,Acetone,58.588303,91.41169738769531
10,Ethanol,1000.0,Ethanol,851.1882,148.81182861328125
10,Ethylene,200.0,Acetone,83.966354,116.03364562988281
10,Ethanol,400.0,Ethanol,248.52643,151.47357177734375
10,Ethylene,10.0,Toluene,27.744606,17.744606018066406
10,Ethanol,50.0,Acetaldehyde,30.858002,19.141998291015625
10,Ethylene,250.0,Acetone,103.4997,146.50029754638672
10,Ethanol,600.0,Ethanol,415.17407,184.825927734375
10,Ethylene,150.0,Acetone,61.79039,88.20960998535156
10,Ethanol,1000.0,Ethanol,869.4607,130.539306640625
10,Ethylene,50.0,Acetone,42.730583,7.269416809082031
10,Ethanol,200.0,Ethanol,144.165,55.83500671386719
10,Ethylene,100.0,Acetone,51.69536,48.30464172363281
10,Ethanol,800.0,Ethanol,646.9737,153.02630615234375
10,Ethylene,50.0,Acetone,43.21572,6.784278869628906
10,Ethanol,200.0,Ethanol,121.835014,78.16498565673828
10,Ethylene,100.0,Acetone,55.580833,44.419166564941406
10,Ethanol,800.0,Ethanol,644.92816,155.07183837890625
10,Ethylene,200.0,Acetone,77.95526,122.04473876953125
10,Ethanol,400.0,Ethanol,247.94876,152.05123901367188
10,Ethylene,10.0,Toluene,28.638199,18.638198852539062
10,Ethanol,50.0,Acetaldehyde,32.872177,17.127822875976562
10,Ethylene,250.0,Acetone,106.600006,143.39999389648438
10,Ethanol,600.0,Ethanol,436.80313,163.19686889648438
10,Ethylene,150.0,Acetone,61.038162,88.96183776855469
10,Ethanol,1000.0,Ethanol,877.90265,122.09735107421875
10,Ethylene,150.0,Acetone,59.305847,90.69415283203125
10,Ethanol,1000.0,Ethanol,848.02,151.97998046875
10,Ethylene,50.0,Acetone,40.056473,9.943527221679688
10,Ethanol,200.0,Ethanol,113.25195,86.748046875
10,Ethylene,100.0,Acetone,44.554543,55.445457458496094
10,Ethanol,800.0,Ethanol,659.41565,140.5843505859375
10,Ethylene,200.0,Acetone,68.64854,131.3514633178711
10,Ethanol,400.0,Ethanol,257.583,142.4169921875
10,Ethylene,10.0,Toluene,20.796982,10.796981811523438
10,Ethanol,50.0,Acetaldehyde,23.367935,26.632064819335938
10,Ethylene,250.0,Acetone,95.2691,154.73090362548828
10,Ethanol,600.0,Ethanol,442.86108,157.138916015625
10,Ethylene,250.0,Acetone,95.44864,154.55136108398438
10,Ethanol,600.0,Ethanol,442.95532,157.044677734375
10,Ethylene,150.0,Acetone,51.16703,98.83296966552734
10,Ethanol,1000.0,Ethanol,881.34344,118.65655517578125
10,Ethylene,10.0,Toluene,19.414238,9.414237976074219
10,Ethanol,50.0,Acetaldehyde,23.278389,26.72161102294922
10,Ethylene,50.0,Acetone,36.682243,13.317756652832031
10,Ethanol,200.0,Ethanol,118.52824,81.47176361083984
10,Ethylene,100.0,Acetone,46.908768,53.09123229980469
10,Ethanol,800.0,Ethanol,647.11365,152.8863525390625
10,Ethylene,200.0,Acetone,66.1199,133.88009643554688
10,Ethanol,400.0,Ethanol,259.92767,140.07232666015625
10,Ethylene,10.0,Toluene,20.892021,10.892021179199219
10,Ethanol,50.0,Acetaldehyde,22.19339,27.806610107421875
10,Ethylene,250.0,Acetone,92.71794,157.2820587158203
10,Ethanol,600.0,Ethanol,442.09213,157.90786743164062
10,Ethylene,150.0,Acetone,49.039795,100.960205078125
10,Ethanol,1000.0,Ethanol,862.9471,137.05291748046875
10,Ethylene,50.0,Acetone,35.42807,14.571929931640625
10,Ethanol,200.0,Ethanol,117.651245,82.3487548828125
10,Ethylene,100.0,Acetone,47.049545,52.95045471191406
10,Ethanol,800.0,Ethanol,656.0292,143.9708251953125
10,Ethylene,200.0,Acetone,68.524216,131.4757843017578
10,Ethanol,400.0,Ethanol,263.43365,136.56634521484375
10,Ethylene,50.0,Acetone,34.954002,15.045997619628906
10,Ethanol,200.0,Ethanol,118.1265,81.87349700927734
10,Ethylene,100.0,Acetone,45.377716,54.622283935546875
10,Ethanol,800.0,Ethanol,655.9225,144.0775146484375
10,Ethylene,200.0,Acetone,66.251205,133.74879455566406
10,Ethanol,400.0,Ethanol,263.3931,136.60690307617188
10,Ethylene,10.0,Toluene,19.957108,9.957107543945312
10,Ethanol,50.0,Acetaldehyde,25.619843,24.380157470703125
10,Ethylene,250.0,Acetone,95.698364,154.3016357421875
10,Ethanol,600.0,Ethanol,445.67575,154.32424926757812
10,Ethylene,150.0,Acetone,49.15056,100.84944152832031
10,Ethanol,1000.0,Ethanol,861.741,138.25897216796875
10,Toluene,1.0,Toluene,26.6753,25.67530059814453
10,Acetaldehyde,10.0,Ammonia,58.762337,48.76233673095703
10,Toluene,100.0,Ethylene,104.85677,4.856773376464844
10,Acetaldehyde,150.0,Ammonia,619.0683,469.06829833984375
10,Toluene,60.0,Ethylene,60.716393,0.7163925170898438
10,Acetaldehyde,250.0,Ammonia,702.4409,452.44091796875
10,Toluene,20.0,Toluene,23.711906,3.7119064331054688
10,Acetaldehyde,50.0,Ammonia,137.38335,87.38334655761719
10,Toluene,40.0,Ethylene,25.240822,14.759178161621094
10,Acetaldehyde,200.0,Ammonia,289.5044,89.50439453125
10,Toluene,80.0,Ethylene,41.215714,38.78428649902344
10,Acetaldehyde,100.0,Ammonia,151.71968,51.71968078613281
10,Toluene,60.0,Toluene,29.4197,30.580299377441406
10,Acetaldehyde,250.0,Ammonia,263.09232,13.092315673828125
10,Toluene,20.0,Toluene,22.380447,2.3804473876953125
10,Acetaldehyde,50.0,Ammonia,82.179,32.17900085449219
10,Toluene,40.0,Toluene,23.821259,16.178741455078125
10,Acetaldehyde,200.0,Ammonia,307.98312,107.98312377929688
10,Toluene,80.0,Ethylene,47.0093,32.990699768066406
10,Acetaldehyde,100.0,Ammonia,218.3417,118.34170532226562
10,Toluene,1.0,Toluene,18.677696,17.677696228027344
10,Acetaldehyde,10.0,Ammonia,50.17421,40.17420959472656
10,Toluene,100.0,Ethylene,60.366615,39.633384704589844
10,Acetaldehyde,150.0,Ammonia,299.59457,149.59457397460938
10,Toluene,20.0,Toluene,21.37967,1.379669189453125
10,Acetaldehyde,50.0,Ammonia,114.413414,64.41341400146484
10,Toluene,40.0,Toluene,26.065903,13.934097290039062
10,Acetaldehyde,200.0,Ammonia,285.5825,85.58248901367188
10,Toluene,80.0,Toluene,43.65599,36.34400939941406
10,Acetaldehyde,100.0,Ammonia,157.51312,57.51312255859375
10,Toluene,1.0,Toluene,17.955315,16.95531463623047
10,Acetaldehyde,10.0,Acetaldehyde,35.6771,25.677101135253906
10,Toluene,100.0,Ethylene,52.358215,47.64178466796875
10,Acetaldehyde,150.0,Ammonia,209.7878,59.78779602050781
10,Toluene,60.0,Toluene,28.25621,31.743789672851562
10,Acetaldehyde,250.0,Acetone,255.4693,5.46929931640625
10,Toluene,1.0,Toluene,16.437637,15.437637329101562
10,Acetaldehyde,10.0,Acetaldehyde,32.392487,22.392486572265625
10,Toluene,20.0,Toluene,19.87603,0.12397003173828125
10,Acetaldehyde,50.0,Ammonia,79.756195,29.756195068359375
10,Toluene,40.0,Toluene,21.00335,18.99665069580078
10,Acetaldehyde,200.0,Ammonia,217.05667,17.056671142578125
10,Toluene,80.0,Ethylene,37.79158,42.20841979980469
10,Acetaldehyde,100.0,Ammonia,138.4284,38.42840576171875
10,Toluene,100.0,Ethylene,44.708504,55.29149627685547
10,Acetaldehyde,150.0,Ammonia,187.60323,37.60322570800781
10,Toluene,60.0,Toluene,25.451805,34.548194885253906
10,Acetaldehyde,250.0,Acetone,243.00528,6.994720458984375
10,Toluene,80.0,Toluene,32.781258,47.21874237060547
10,Acetaldehyde,100.0,Ammonia,125.12029,25.12029266357422
10,Toluene,1.0,Toluene,17.100983,16.100982666015625
10,Acetaldehyde,10.0,Acetaldehyde,32.542534,22.54253387451172
10,Toluene,100.0,Ethylene,47.963486,52.03651428222656
10,Acetaldehyde,150.0,Ammonia,186.08572,36.085723876953125
10,Toluene,60.0,Toluene,25.490501,34.509498596191406
10,Acetaldehyde,250.0,Acetone,224.60567,25.394332885742188
10,Toluene,20.0,Toluene,18.851875,1.1481246948242188
10,Acetaldehyde,50.0,Ammonia,63.73992,13.739921569824219
10,Toluene,40.0,Toluene,19.773735,20.22626495361328
10,Acetaldehyde,200.0,Acetone,202.67331,2.673309326171875
10,Toluene,20.0,Toluene,20.5709,0.5708999633789062
10,Acetaldehyde,50.0,Ammonia,64.58142,14.5814208984375
10,Toluene,40.0,Toluene,22.333672,17.66632843017578
10,Acetaldehyde,200.0,Acetone,198.99017,1.00982666015625
10,Toluene,80.0,Toluene,38.350296,41.64970397949219
10,Acetaldehyde,100.0,Ammonia,110.26138,10.261383056640625
10,Toluene,1.0,Toluene,20.070656,19.070655822753906
10,Acetaldehyde,10.0,Acetaldehyde,33.801758,23.8017578125
10,Toluene,100.0,Ethylene,49.61772,50.38227844238281
10,Acetaldehyde,150.0,Ammonia,158.49551,8.495513916015625
10,Toluene,60.0,Toluene,29.651276,30.348724365234375
10,Acetaldehyde,250.0,Acetone,217.95789,32.0421142578125
10,Toluene,60.0,Toluene,30.523064,29.47693634033203
10,Acetaldehyde,250.0,Acetone,211.00871,38.99128723144531
10,Toluene,20.0,Toluene,25.4123,5.412300109863281
10,Acetaldehyde,50.0,Acetaldehyde,66.375,16.375
10,Toluene,40.0,Toluene,28.233803,11.766197204589844
10,Acetaldehyde,200.0,Acetone,186.38622,13.613784790039062
10,Toluene,80.0,Toluene,38.423958,41.57604217529297
10,Acetaldehyde,100.0,Ammonia,107.82881,7.8288116455078125
10,Toluene,1.0,Toluene,21.840767,20.84076690673828
10,Acetaldehyde,10.0,Acetaldehyde,37.027428,27.027427673339844
10,Toluene,100.0,Toluene,50.22158,49.778419494628906
10,Acetaldehyde,150.0,Ammonia,156.9972,6.9971923828125
10,Toluene,100.0,Toluene,45.615906,54.38409423828125
10,Acetaldehyde,150.0,Ammonia,156.32101,6.321014404296875
10,Toluene,60.0,Toluene,29.62545,30.374549865722656
10,Acetaldehyde,250.0,Acetone,213.65543,36.344573974609375
10,Toluene,1.0,Toluene,22.933487,21.933486938476562
10,Acetaldehyde,10.0,Acetaldehyde,38.436905,28.436904907226562
10,Toluene,20.0,Toluene,24.99588,4.995880126953125
10,Acetaldehyde,50.0,Acetaldehyde,65.839584,15.839584350585938
10,Toluene,40.0,Toluene,26.684998,13.31500244140625
10,Acetaldehyde,200.0,Acetone,180.94847,19.051528930664062
10,Toluene,80.0,Toluene,39.554993,40.44500732421875
10,Acetaldehyde,100.0,Acetaldehyde,101.237854,1.23785400390625
10,Toluene,1.0,Toluene,26.840874,25.84087371826172
10,Acetaldehyde,10.0,Acetaldehyde,36.373962,26.37396240234375
10,Toluene,100.0,Toluene,48.204025,51.79597473144531
10,Acetaldehyde,150.0,Acetone,150.15999,0.1599884033203125
10,Toluene,60.0,Toluene,29.57766,30.422340393066406
10,Acetaldehyde,250.0,Acetone,211.34598,38.654022216796875
10,Toluene,20.0,Toluene,23.885674,3.8856735229492188
10,Acetaldehyde,50.0,Acetaldehyde,65.49208,15.492080688476562
10,Toluene,40.0,Toluene,27.813087,12.186912536621094
10,Acetaldehyde,200.0,Acetone,179.94095,20.059051513671875
10,Toluene,80.0,Toluene,39.179703,40.82029724121094
10,Acetaldehyde,100.0,Acetaldehyde,95.076675,4.9233245849609375
10,Toluene,20.0,Toluene,17.983559,2.0164413452148438
10,Acetaldehyde,50.0,Acetaldehyde,51.53898,1.5389785766601562
10,Toluene,40.0,Toluene,17.250076,22.749923706054688
10,Acetaldehyde,200.0,Acetone,179.80505,20.1949462890625
10,Toluene,80.0,Toluene,31.64399,48.35601043701172
10,Acetaldehyde,100.0,Ammonia,94.31324,5.686759948730469
10,Toluene,1.0,Toluene,18.128372,17.128372192382812
10,Acetaldehyde,10.0,Acetaldehyde,31.38234,21.382339477539062
10,Toluene,100.0,Ethylene,37.141724,62.8582763671875
10,Acetaldehyde,150.0,Acetone,151.45233,1.45233154296875
10,Toluene,60.0,Toluene,20.243073,39.756927490234375
10,Acetaldehyde,250.0,Acetone,215.0151,34.984893798828125
10,Ethylene,10.0,Acetone,14.450813,4.450813293457031
10,Ethanol,50.0,Acetaldehyde,13.823143,36.176856994628906
10,Ethylene,250.0,Acetone,63.63627,186.36373138427734
10,Ethanol,600.0,Ethanol,465.70233,134.29766845703125
10,Ethylene,150.0,Acetone,45.001495,104.99850463867188
10,Ethanol,1000.0,Ethanol,863.4697,136.5302734375
10,Ethylene,50.0,Toluene,28.125496,21.87450408935547
10,Ethanol,200.0,Ethanol,107.041435,92.95856475830078
10,Ethylene,100.0,Acetone,38.265076,61.73492431640625
10,Ethanol,800.0,Ethanol,669.71844,130.28155517578125
10,Ethylene,200.0,Acetone,53.546974,146.4530258178711
10,Ethanol,400.0,Ethanol,277.01608,122.98391723632812
10,Ethylene,150.0,Acetone,48.04033,101.95967102050781
10,Ethanol,1000.0,Ethanol,872.81635,127.18365478515625
10,Ethylene,50.0,Toluene,31.12162,18.878379821777344
10,Ethanol,200.0,Ethanol,107.003365,92.99663543701172
10,Ethylene,100.0,Acetone,39.71782,60.28218078613281
10,Ethanol,800.0,Ethanol,669.3056,130.69439697265625
10,Ethylene,200.0,Acetone,54.600685,145.3993148803711
10,Ethanol,400.0,Ethanol,283.9233,116.07669067382812
10,Ethylene,10.0,Toluene,16.888763,6.888763427734375
10,Ethanol,50.0,Acetaldehyde,16.981178,33.018821716308594
10,Ethylene,250.0,Acetone,65.997116,184.0028839111328
10,Ethanol,600.0,Ethanol,478.03333,121.9666748046875
10,Ethylene,50.0,Toluene,30.30938,19.69062042236328
10,Ethanol,200.0,Ethanol,112.63162,87.36837768554688
10,Ethylene,100.0,Acetone,39.867287,60.132713317871094
10,Ethanol,800.0,Ethanol,667.6896,132.3104248046875
10,Ethylene,200.0,Acetone,57.440147,142.55985260009766
10,Ethanol,400.0,Ethanol,288.1276,111.87240600585938
10,Ethylene,10.0,Toluene,18.161964,8.161964416503906
10,Ethanol,50.0,Acetaldehyde,20.53894,29.4610595703125
10,Ethylene,250.0,Acetone,73.798836,176.20116424560547
10,Ethanol,600.0,Ethanol,487.1658,112.83419799804688
10,Ethylene,150.0,Acetone,51.38864,98.61135864257812
10,Ethanol,1000.0,Ethanol,877.99493,122.00506591796875
10,Ethylene,10.0,Toluene,15.328484,5.328483581542969
10,Ethanol,50.0,Acetaldehyde,22.000992,27.999008178710938
10,Ethylene,50.0,Toluene,30.176216,19.82378387451172
10,Ethanol,200.0,Ethanol,110.67183,89.32817077636719
10,Ethylene,100.0,Acetone,38.523987,61.47601318359375
10,Ethanol,800.0,Ethanol,676.0599,123.94012451171875
10,Ethylene,200.0,Acetone,56.097458,143.9025421142578
10,Ethanol,400.0,Ethanol,298.8043,101.19570922851562
10,Ethylene,250.0,Acetone,77.38937,172.61062622070312
10,Ethanol,600.0,Ethanol,488.16406,111.8359375
10,Ethylene,150.0,Acetone,58.340378,91.65962219238281
10,Ethanol,1000.0,Ethanol,878.6184,121.381591796875
10,Ethylene,200.0,Acetone,66.40927,133.59072875976562
10,Ethanol,400.0,Ethanol,287.79822,112.2017822265625
10,Ethylene,10.0,Toluene,27.831589,17.831588745117188
10,Ethanol,50.0,Acetaldehyde,38.62558,11.374420166015625
10,Ethylene,250.0,Acetone,83.263176,166.73682403564453
10,Ethanol,600.0,Ethanol,468.62305,131.376953125
10,Ethylene,150.0,Acetone,58.687706,91.31229400634766
10,Ethanol,1000.0,Ethanol,876.6541,123.34588623046875
10,Ethylene,50.0,Toluene,42.80323,7.196769714355469
10,Ethanol,200.0,Ethanol,117.595764,82.40423583984375
10,Ethylene,100.0,Acetone,50.44348,49.5565185546875
10,Ethanol,800.0,Ethanol,672.5466,127.45343017578125
10,Ethylene,50.0,Acetone,41.989647,8.010353088378906
10,Ethanol,200.0,Ethanol,119.29269,80.70731353759766
10,Ethylene,100.0,Acetone,48.47905,51.52095031738281
10,Ethanol,800.0,Ethanol,673.0811,126.91888427734375
10,Ethylene,200.0,Acetone,67.28497,132.71502685546875
10,Ethanol,400.0,Ethanol,290.4091,109.59091186523438
10,Ethylene,10.0,Toluene,25.87059,15.870590209960938
10,Ethanol,50.0,Acetaldehyde,40.27774,9.722259521484375
10,Ethylene,250.0,Acetone,81.44063,168.5593719482422
10,Ethanol,600.0,Ethanol,490.556,109.44400024414062
10,Ethylene,150.0,Acetone,57.66117,92.33882904052734
10,Ethanol,1000.0,Ethanol,873.85236,126.14764404296875
10,Ethylene,150.0,Acetone,58.81156,91.18843841552734
10,Ethanol,1000.0,Ethanol,867.78186,132.2181396484375
10,Ethylene,50.0,Acetone,41.923767,8.07623291015625
10,Ethanol,200.0,Ethanol,117.32796,82.67204284667969
10,Ethylene,100.0,Acetone,49.184135,50.81586456298828
10,Ethanol,800.0,Ethanol,657.7141,142.285888671875
10,Ethylene,200.0,Acetone,64.865616,135.13438415527344
10,Ethanol,400.0,Ethanol,298.33942,101.66058349609375
10,Ethylene,10.0,Toluene,27.491714,17.491714477539062
10,Ethanol,50.0,Acetaldehyde,33.051537,16.948463439941406
10,Ethylene,250.0,Acetone,80.0768,169.92320251464844
10,Ethanol,600.0,Ethanol,478.5029,121.49710083007812
10,Ethylene,250.0,Acetone,81.96537,168.03462982177734
10,Ethanol,600.0,Ethanol,496.83127,103.16873168945312
10,Ethylene,150.0,Acetone,58.68138,91.31861877441406
10,Ethanol,1000.0,Ethanol,873.79913,126.20086669921875
10,Ethylene,10.0,Toluene,27.632736,17.632736206054688
10,Ethanol,50.0,Acetaldehyde,27.797516,22.202484130859375
10,Ethylene,50.0,Toluene,41.60849,8.391510009765625
10,Ethanol,200.0,Ethanol,107.44136,92.55863952636719
10,Ethylene,100.0,Acetone,51.109818,48.89018249511719
10,Ethanol,800.0,Ethanol,675.56305,124.43695068359375
10,Ethylene,200.0,Acetone,69.02359,130.97640991210938
10,Ethanol,400.0,Ethanol,297.92142,102.07858276367188
10,Ethylene,10.0,Toluene,24.739563,14.73956298828125
10,Ethanol,50.0,Acetaldehyde,24.091919,25.9080810546875
10,Ethylene,250.0,Acetone,82.541306,167.4586944580078
10,Ethanol,600.0,Ethanol,488.64352,111.35647583007812
10,Ethylene,150.0,Acetone,54.745697,95.25430297851562
10,Ethanol,1000.0,Ethanol,875.571,124.42901611328125
10,Ethylene,50.0,Toluene,36.353714,13.646286010742188
10,Ethanol,200.0,Ethanol,118.42611,81.57389068603516
10,Ethylene,100.0,Acetone,45.177177,54.82282257080078
10,Ethanol,800.0,Ethanol,662.8112,137.18878173828125
10,Ethylene,200.0,Acetone,63.269943,136.7300567626953
10,Ethanol,400.0,Ethanol,298.8271,101.17291259765625
10,Ethylene,50.0,Toluene,36.189003,13.810997009277344
10,Ethanol,200.0,Ethanol,120.47046,79.529541015625
10,Ethylene,100.0,Acetone,45.20543,54.79457092285156
10,Ethanol,800.0,Ethanol,679.7417,120.25830078125
10,Ethylene,200.0,Acetone,63.955986,136.04401397705078
10,Ethanol,400.0,Ethanol,300.4511,99.54888916015625
10,Ethylene,10.0,Toluene,22.601448,12.601448059082031
10,Ethanol,50.0,Acetaldehyde,28.784912,21.215087890625
10,Ethylene,250.0,Acetone,83.46771,166.53228759765625
10,Ethanol,600.0,Ethanol,489.6172,110.3828125
10,Ethylene,150.0,Acetone,59.830925,90.16907501220703
10,Ethanol,1000.0,Ethanol,877.096,122.90399169921875
10,Ethylene,10.0,Toluene,22.262825,12.262825012207031
10,Ethanol,50.0,Acetaldehyde,24.331009,25.668991088867188
10,Ethylene,250.0,Acetone,86.93014,163.06986236572266
10,Ethanol,600.0,Ethanol,494.24478,105.75521850585938
10,Ethylene,150.0,Acetone,56.14496,93.85504150390625
10,Ethanol,1000.0,Ethanol,990.96185,9.03814697265625
10,Ethylene,50.0,Toluene,35.837692,14.162307739257812
10,Ethanol,200.0,Ethanol,116.53942,83.46057891845703
10,Ethylene,100.0,Acetone,45.4039,54.596099853515625
10,Ethanol,800.0,Ethanol,671.0053,128.99468994140625
10,Ethylene,200.0,Acetone,65.0851,134.91490173339844
10,Ethanol,400.0,Ethanol,304.13968,95.86032104492188
10,Ethylene,150.0,Acetone,53.28489,96.7151107788086
10,Ethanol,1000.0,Ethanol,866.24,133.760009765625
10,Ethylene,50.0,Toluene,37.078423,12.921577453613281
10,Ethanol,200.0,Ethanol,115.4944,84.50559997558594
10,Ethylene,100.0,Acetone,45.361168,54.638832092285156
10,Ethanol,800.0,Ethanol,672.92535,127.07464599609375
10,Ethylene,200.0,Acetone,65.71205,134.28794860839844
10,Ethanol,400.0,Ethanol,305.6217,94.3782958984375
10,Ethylene,10.0,Toluene,22.06015,12.060150146484375
10,Ethanol,50.0,Acetaldehyde,25.955574,24.04442596435547
10,Ethylene,250.0,Acetone,86.97371,163.0262908935547
10,Ethanol,600.0,Ethanol,486.52014,113.4798583984375
10,Ethylene,50.0,Toluene,30.425392,19.574607849121094
10,Ethanol,200.0,Ethanol,115.324905,84.67509460449219
10,Ethylene,100.0,Acetone,39.284187,60.71581268310547
10,Ethanol,800.0,Ethanol,674.0646,125.9354248046875
10,Ethylene,200.0,Acetone,56.187027,143.81297302246094
10,Ethanol,400.0,Ethanol,306.9072,93.09280395507812
10,Ethylene,10.0,Toluene,17.107895,7.1078948974609375
10,Ethanol,50.0,Acetaldehyde,23.332603,26.667396545410156
10,Ethylene,250.0,Acetone,78.75384,171.24616241455078
10,Ethanol,600.0,Ethanol,491.35233,108.64767456054688
10,Ethylene,150.0,Acetone,47.51584,102.48416137695312
10,Ethanol,1000.0,Ethanol,876.4522,123.54779052734375
10,Ethylene,10.0,Toluene,15.872856,5.872856140136719
10,Ethanol,50.0,Acetaldehyde,22.7434,27.25659942626953
10,Ethylene,50.0,Toluene,29.607498,20.392501831054688
10,Ethanol,200.0,Ethanol,118.9733,81.02670288085938
10,Ethylene,100.0,Acetone,39.30127,60.69873046875
10,Ethanol,800.0,Ethanol,676.41864,123.58135986328125
10,Ethylene,200.0,Acetone,55.966316,144.03368377685547
10,Ethanol,400.0,Ethanol,303.50046,96.49954223632812
10,Ethylene,250.0,Acetone,72.007065,177.99293518066406
10,Ethanol,600.0,Ethanol,495.95,104.04998779296875
10,Ethylene,150.0,Acetone,47.004623,102.99537658691406
10,Ethanol,1000.0,Ethanol,867.06555,132.9344482421875
10,Ethylene,200.0,Acetone,54.377243,145.6227569580078
10,Ethanol,400.0,Ethanol,300.64868,99.351318359375
10,Ethylene,10.0,Toluene,15.857292,5.857292175292969
10,Ethanol,50.0,Acetaldehyde,24.50521,25.494789123535156
10,Ethylene,250.0,Acetone,77.12501,172.87499237060547
10,Ethanol,600.0,Ethanol,494.42337,105.57662963867188
10,Ethylene,150.0,Acetone,47.849113,102.15088653564453
10,Ethanol,1000.0,Ethanol,881.899,118.10101318359375
10,Ethylene,50.0,Toluene,28.792671,21.20732879638672
10,Ethanol,200.0,Ethanol,120.167206,79.83279418945312
10,Ethylene,100.0,Acetone,38.46415,61.535850524902344
10,Ethanol,800.0,Ethanol,677.6469,122.35308837890625
10,Ethylene,50.0,Toluene,34.08988,15.910118103027344
10,Ethanol,200.0,Ethanol,118.35705,81.64295196533203
10,Ethylene,100.0,Acetone,39.94249,60.05751037597656
10,Ethanol,800.0,Ethanol,696.3458,103.6541748046875
10,Ethylene,200.0,Acetone,60.050865,139.94913482666016
10,Ethanol,400.0,Ethanol,311.68268,88.31732177734375
10,Ethylene,10.0,Toluene,19.435806,9.435806274414062
10,Ethanol,50.0,Acetaldehyde,27.256004,22.743995666503906
10,Ethylene,250.0,Acetone,72.68286,177.317138671875
10,Ethanol,600.0,Ethanol,520.33093,79.6690673828125
10,Ethylene,150.0,Acetone,51.108475,98.89152526855469
10,Ethanol,1000.0,Ethanol,936.41614,63.5838623046875
10,Ethylene,150.0,Acetone,50.973724,99.02627563476562
10,Ethanol,1000.0,Ethanol,947.00836,52.99163818359375
10,Ethylene,50.0,Toluene,33.008446,16.991554260253906
10,Ethanol,200.0,Ethanol,129.58934,70.41065979003906
10,Ethylene,100.0,Acetone,41.576706,58.42329406738281
10,Ethanol,800.0,Ethanol,725.8278,74.17218017578125
10,Ethylene,200.0,Acetone,60.8441,139.15589904785156
10,Ethanol,400.0,Ethanol,305.53192,94.46807861328125
10,Ethylene,10.0,Toluene,18.512909,8.512908935546875
10,Ethanol,50.0,Acetaldehyde,21.2789,28.721099853515625
10,Ethylene,250.0,Acetone,73.72446,176.27554321289062
10,Ethanol,600.0,Ethanol,511.54343,88.45657348632812
10,Ethylene,250.0,Acetone,69.34593,180.65406799316406
10,Ethanol,600.0,Ethanol,507.20477,92.79522705078125
10,Ethylene,150.0,Acetone,50.514206,99.48579406738281
10,Ethanol,1000.0,Ethanol,940.88983,59.11016845703125
10,Ethylene,10.0,Toluene,16.90075,6.900749206542969
10,Ethanol,50.0,Acetaldehyde,21.36222,28.637779235839844
10,Ethylene,50.0,Toluene,33.287415,16.71258544921875
10,Ethanol,200.0,Ethanol,124.49423,75.50576782226562
10,Ethylene,100.0,Acetone,39.50557,60.49443054199219
10,Ethanol,800.0,Ethanol,716.1929,83.80712890625
10,Ethylene,200.0,Acetone,58.297623,141.70237731933594
10,Ethanol,400.0,Ethanol,298.92783,101.07217407226562
10,Ethylene,10.0,Acetone,17.35817,7.3581695556640625
10,Ethanol,50.0,Acetaldehyde,23.716301,26.28369903564453
10,Ethylene,250.0,Acetone,71.17871,178.8212890625
10,Ethanol,600.0,Ethanol,499.72083,100.2791748046875
10,Ethylene,150.0,Acetone,49.604103,100.3958969116211
10,Ethanol,1000.0,Ethanol,934.8616,65.138427734375
10,Ethylene,50.0,Toluene,33.38491,16.615089416503906
10,Ethanol,200.0,Ethanol,120.55328,79.44671630859375
10,Ethylene,100.0,Acetone,39.60933,60.39067077636719
10,Ethanol,800.0,Ethanol,710.2025,89.7974853515625
10,Ethylene,200.0,Acetone,60.097427,139.90257263183594
10,Ethanol,400.0,Ethanol,295.75797,104.24203491210938
10,Ethylene,50.0,Toluene,31.03096,18.969039916992188
10,Ethanol,200.0,Ethanol,122.25555,77.74445343017578
10,Ethylene,100.0,Acetone,39.82338,60.17662048339844
10,Ethanol,800.0,Ethanol,712.389,87.61102294921875
10,Ethylene,200.0,Acetone,57.748154,142.25184631347656
10,Ethanol,400.0,Ethanol,289.9736,110.02639770507812
10,Ethylene,10.0,Acetone,17.014587,7.01458740234375
10,Ethanol,50.0,Acetaldehyde,21.85801,28.141990661621094
10,Ethylene,250.0,Acetone,69.21819,180.78180694580078
10,Ethanol,600.0,Ethanol,491.94287,108.05712890625
10,Ethylene,150.0,Acetone,52.885483,97.11451721191406
10,Ethanol,1000.0,Ethanol,920.04047,79.95953369140625
10,Toluene,1.0,Acetone,4.9237137,3.9237136840820312
10,Acetaldehyde,10.0,Acetaldehyde,23.790558,13.790557861328125
10,Toluene,100.0,Ethylene,60.285233,39.71476745605469
10,Acetaldehyde,150.0,Ethanol,312.79892,162.79891967773438
10,Toluene,60.0,Toluene,34.98871,25.01129150390625
10,Acetaldehyde,250.0,Acetaldehyde,287.68106,37.681060791015625
10,Toluene,20.0,Toluene,21.947182,1.9471817016601562
10,Acetaldehyde,50.0,Acetaldehyde,37.205345,12.794654846191406
10,Toluene,40.0,Toluene,25.953178,14.046821594238281
10,Acetaldehyde,200.0,Acetaldehyde,196.2048,3.795196533203125
10,Toluene,80.0,Ethylene,44.38067,35.61933135986328
10,Acetaldehyde,100.0,Acetaldehyde,75.12155,24.878448486328125
10,Toluene,60.0,Ethylene,29.786224,30.213775634765625
10,Acetaldehyde,250.0,Acetaldehyde,231.32394,18.676055908203125
10,Toluene,20.0,Toluene,20.254425,0.254425048828125
10,Acetaldehyde,50.0,Acetaldehyde,37.95051,12.049491882324219
10,Toluene,40.0,Toluene,24.356903,15.643096923828125
10,Acetaldehyde,200.0,Acetaldehyde,210.9523,10.952301025390625
10,Toluene,80.0,Ethylene,43.3659,36.63410186767578
10,Acetaldehyde,100.0,Acetaldehyde,97.87421,2.12579345703125
10,Toluene,1.0,Toluene,9.108513,8.108512878417969
10,Acetaldehyde,10.0,Acetaldehyde,26.81549,16.81549072265625
10,Toluene,100.0,Ethylene,55.4738,44.52619934082031
10,Acetaldehyde,150.0,Acetaldehyde,161.22063,11.220626831054688
10,Toluene,20.0,Toluene,18.916252,1.0837478637695312
10,Acetaldehyde,50.0,Acetaldehyde,40.212135,9.787864685058594
10,Toluene,40.0,Toluene,22.26966,17.73033905029297
10,Acetaldehyde,200.0,Acetaldehyde,193.37827,6.621734619140625
10,Toluene,80.0,Ethylene,40.4088,39.59120178222656
10,Acetaldehyde,100.0,Acetaldehyde,77.33473,22.665267944335938
10,Toluene,1.0,Toluene,8.692154,7.6921539306640625
10,Acetaldehyde,10.0,Acetaldehyde,25.573784,15.573783874511719
10,Toluene,100.0,Ethylene,50.5925,49.407501220703125
10,Acetaldehyde,150.0,Acetaldehyde,137.71849,12.281509399414062
10,Toluene,60.0,Toluene,24.83245,35.16754913330078
10,Acetaldehyde,250.0,Acetaldehyde,220.50674,29.493255615234375
10,Toluene,1.0,Toluene,8.693016,7.693016052246094
10,Acetaldehyde,10.0,Acetaldehyde,25.989494,15.989494323730469
10,Toluene,20.0,Toluene,18.063736,1.9362640380859375
10,Acetaldehyde,50.0,Acetaldehyde,37.288254,12.711746215820312
10,Toluene,40.0,Toluene,21.292442,18.707557678222656
10,Acetaldehyde,200.0,Acetaldehyde,177.63318,22.3668212890625
10,Toluene,80.0,Ethylene,39.050873,40.949127197265625
10,Acetaldehyde,100.0,Acetaldehyde,74.08916,25.910842895507812
10,Toluene,100.0,Ethylene,44.262535,55.737464904785156
10,Acetaldehyde,150.0,Acetaldehyde,130.00578,19.994216918945312
10,Toluene,60.0,Toluene,24.947945,35.05205535888672
10,Acetaldehyde,250.0,Acetaldehyde,219.21405,30.78594970703125
10,Toluene,80.0,Toluene,33.239166,46.760833740234375
10,Acetaldehyde,100.0,Acetaldehyde,73.76936,26.230636596679688
10,Toluene,1.0,Toluene,10.55275,9.552749633789062
10,Acetaldehyde,10.0,Acetaldehyde,23.795525,13.795524597167969
10,Toluene,100.0,Ethylene,46.89617,53.10382843017578
10,Acetaldehyde,150.0,Acetaldehyde,134.45073,15.549270629882812
10,Toluene,60.0,Toluene,26.220253,33.779747009277344
10,Acetaldehyde,250.0,Acetaldehyde,212.50632,37.493682861328125
10,Toluene,20.0,Toluene,19.89096,0.109039306640625
10,Acetaldehyde,50.0,Acetaldehyde,33.985184,16.014816284179688
10,Toluene,40.0,Toluene,23.446869,16.553131103515625
10,Acetaldehyde,200.0,Acetaldehyde,179.38986,20.610137939453125
10,Toluene,20.0,Toluene,22.124802,2.1248016357421875
10,Acetaldehyde,50.0,Acetaldehyde,40.260345,9.739654541015625
10,Toluene,40.0,Toluene,31.827728,8.172271728515625
10,Acetaldehyde,200.0,Acetaldehyde,181.02936,18.97064208984375
10,Toluene,80.0,Toluene,41.408394,38.59160614013672
10,Acetaldehyde,100.0,Acetaldehyde,77.73234,22.267662048339844
10,Toluene,1.0,Toluene,17.723717,16.723716735839844
10,Acetaldehyde,10.0,Acetaldehyde,25.206139,15.206138610839844
10,Toluene,100.0,Toluene,52.83654,47.16345977783203
10,Acetaldehyde,150.0,Acetaldehyde,135.77231,14.227691650390625
10,Toluene,60.0,Toluene,35.929657,24.070343017578125
10,Acetaldehyde,250.0,Acetaldehyde,212.86255,37.137451171875
10,Toluene,60.0,Toluene,34.90555,25.094451904296875
10,Acetaldehyde,250.0,Acetaldehyde,215.14781,34.85218811035156
10,Toluene,20.0,Toluene,24.54306,4.543060302734375
10,Acetaldehyde,50.0,Acetaldehyde,44.550354,5.44964599609375
10,Toluene,40.0,Toluene,31.689835,8.310165405273438
10,Acetaldehyde,200.0,Acetaldehyde,178.13052,21.869476318359375
10,Toluene,80.0,Toluene,42.55301,37.446990966796875
10,Acetaldehyde,100.0,Acetaldehyde,78.06554,21.934463500976562
10,Toluene,1.0,Toluene,19.351128,18.35112762451172
10,Acetaldehyde,10.0,Acetaldehyde,28.724892,18.724891662597656
10,Toluene,100.0,Toluene,51.776764,48.223236083984375
10,Acetaldehyde,150.0,Acetaldehyde,136.87013,13.129867553710938
10,Toluene,100.0,Toluene,45.1603,54.839698791503906
10,Acetaldehyde,150.0,Acetaldehyde,138.64336,11.356643676757812
10,Toluene,60.0,Toluene,31.763062,28.2369384765625
10,Acetaldehyde,250.0,Acetaldehyde,212.29723,37.70277404785156
10,Toluene,1.0,Toluene,16.503098,15.503097534179688
10,Acetaldehyde,10.0,Acetaldehyde,23.877502,13.87750244140625
10,Toluene,20.0,Toluene,23.875603,3.8756027221679688
10,Acetaldehyde,50.0,Acetaldehyde,37.919205,12.080795288085938
10,Toluene,40.0,Toluene,25.019287,14.980712890625
10,Acetaldehyde,200.0,Acetaldehyde,171.56876,28.431243896484375
10,Toluene,80.0,Toluene,39.60418,40.39582061767578
10,Acetaldehyde,100.0,Acetaldehyde,75.73504,24.26496124267578
10,Toluene,1.0,Toluene,18.242737,17.24273681640625
10,Acetaldehyde,10.0,Acetaldehyde,27.524155,17.524154663085938
10,Toluene,100.0,Toluene,50.71804,49.281959533691406
10,Acetaldehyde,150.0,Acetaldehyde,137.10577,12.89422607421875
10,Toluene,60.0,Toluene,34.02716,25.97283935546875
10,Acetaldehyde,250.0,Acetaldehyde,212.5892,37.410797119140625
10,Toluene,20.0,Toluene,24.999817,4.99981689453125
10,Acetaldehyde,50.0,Acetaldehyde,45.571915,4.4280853271484375
10,Toluene,40.0,Toluene,24.19497,15.805030822753906
10,Acetaldehyde,200.0,Acetaldehyde,173.98187,26.01812744140625
10,Toluene,80.0,Toluene,34.074196,45.925804138183594
10,Acetaldehyde,100.0,Acetaldehyde,74.22422,25.775779724121094
10,Toluene,20.0,Toluene,21.25219,1.2521896362304688
10,Acetaldehyde,50.0,Acetaldehyde,45.53457,4.465431213378906
10,Toluene,40.0,Toluene,27.663055,12.336944580078125
10,Acetaldehyde,200.0,Acetaldehyde,167.4478,32.55220031738281
10,Toluene,80.0,Toluene,42.050194,37.949806213378906
10,Acetaldehyde,100.0,Acetaldehyde,78.79847,21.20153045654297
10,Toluene,1.0,Toluene,11.727783,10.727783203125
10,Acetaldehyde,10.0,Acetaldehyde,23.19526,13.195259094238281
10,Toluene,100.0,Ethylene,41.380608,58.61939239501953
10,Acetaldehyde,150.0,Acetaldehyde,128.45053,21.549468994140625
10,Toluene,60.0,Toluene,21.22525,38.774749755859375
10,Acetaldehyde,250.0,Acetaldehyde,206.48114,43.51885986328125
10,Toluene,1.0,Toluene,10.502563,9.5025634765625
10,Acetaldehyde,10.0,Acetaldehyde,22.058228,12.0582275390625
10,Toluene,100.0,Ethylene,42.568764,57.431236267089844
10,Acetaldehyde,150.0,Acetaldehyde,124.795746,25.204254150390625
10,Toluene,60.0,Toluene,23.12687,36.873130798339844
10,Acetaldehyde,250.0,Acetaldehyde,201.42706,48.57293701171875
10,Toluene,20.0,Toluene,17.909203,2.0907974243164062
10,Acetaldehyde,50.0,Acetaldehyde,35.73416,14.265838623046875
10,Toluene,40.0,Toluene,19.06733,20.93267059326172
10,Acetaldehyde,200.0,Acetaldehyde,163.87817,36.121826171875
10,Toluene,80.0,Toluene,33.20852,46.791481018066406
10,Acetaldehyde,100.0,Acetaldehyde,71.31263,28.68737030029297
10,Toluene,60.0,Toluene,22.359932,37.64006805419922
10,Acetaldehyde,250.0,Acetaldehyde,198.47208,51.527923583984375
10,Toluene,20.0,Toluene,16.788261,3.2117385864257812
10,Acetaldehyde,50.0,Acetaldehyde,37.215332,12.78466796875
10,Toluene,40.0,Toluene,19.500511,20.499488830566406
10,Acetaldehyde,200.0,Acetaldehyde,166.56644,33.433563232421875
10,Toluene,80.0,Toluene,32.77231,47.227691650390625
10,Acetaldehyde,100.0,Acetaldehyde,73.31424,26.685760498046875
10,Toluene,1.0,Toluene,10.187675,9.187675476074219
10,Acetaldehyde,10.0,Acetaldehyde,23.526672,13.52667236328125
10,Toluene,100.0,Ethylene,43.22799,56.772010803222656
10,Acetaldehyde,150.0,Acetaldehyde,124.12355,25.876449584960938
10,Toluene,20.0,Toluene,18.301018,1.6989822387695312
10,Acetaldehyde,50.0,Acetaldehyde,37.091583,12.908416748046875
10,Toluene,40.0,Toluene,21.027634,18.972366333007812
10,Acetaldehyde,200.0,Acetaldehyde,166.28928,33.710723876953125
10,Toluene,80.0,Toluene,32.726517,47.27348327636719
10,Acetaldehyde,100.0,Acetaldehyde,70.823006,29.17699432373047
10,Toluene,1.0,Toluene,12.882828,11.882827758789062
10,Acetaldehyde,10.0,Acetaldehyde,22.410027,12.410026550292969
10,Toluene,100.0,Ethylene,43.454033,56.54596710205078
10,Acetaldehyde,150.0,Acetaldehyde,123.31514,26.684860229492188
10,Toluene,60.0,Toluene,22.777824,37.22217559814453
10,Acetaldehyde,250.0,Acetaldehyde,198.65965,51.34034729003906
10,Toluene,1.0,Toluene,10.780144,9.780143737792969
10,Acetaldehyde,10.0,Acetaldehyde,22.948761,12.948760986328125
10,Toluene,20.0,Toluene,18.892242,1.107757568359375
10,Acetaldehyde,50.0,Acetaldehyde,38.073982,11.926017761230469
10,Toluene,40.0,Toluene,19.973892,20.026107788085938
10,Acetaldehyde,200.0,Acetaldehyde,163.58334,36.416656494140625
10,Toluene,80.0,Toluene,35.31552,44.684478759765625
10,Acetaldehyde,100.0,Acetaldehyde,70.324875,29.675125122070312
10,Toluene,100.0,Ethylene,41.374275,58.62572479248047
10,Acetaldehyde,150.0,Acetaldehyde,123.86374,26.136260986328125
10,Toluene,60.0,Toluene,22.26706,37.732940673828125
10,Acetaldehyde,250.0,Acetaldehyde,203.48438,46.515625
10,Toluene,80.0,Toluene,30.454063,49.545936584472656
10,Acetaldehyde,100.0,Acetaldehyde,72.561935,27.438064575195312
10,Toluene,1.0,Toluene,9.188423,8.188423156738281
10,Acetaldehyde,10.0,Acetaldehyde,23.366272,13.36627197265625
10,Toluene,100.0,Ethylene,44.386894,55.61310577392578
10,Acetaldehyde,150.0,Acetaldehyde,125.658485,24.341514587402344
10,Toluene,60.0,Toluene,23.332626,36.66737365722656
10,Acetaldehyde,250.0,Acetaldehyde,201.94473,48.055267333984375
10,Toluene,20.0,Toluene,18.240326,1.759674072265625
10,Acetaldehyde,50.0,Acetaldehyde,37.69851,12.301490783691406
10,Toluene,40.0,Toluene,20.455261,19.54473876953125
10,Acetaldehyde,200.0,Acetaldehyde,170.2392,29.76080322265625
10,Toluene,20.0,Toluene,20.225662,0.2256622314453125
10,Acetaldehyde,50.0,Acetaldehyde,45.37538,4.6246185302734375
10,Toluene,40.0,Toluene,27.482246,12.517753601074219
10,Acetaldehyde,200.0,Acetaldehyde,166.71506,33.284942626953125
10,Toluene,80.0,Toluene,33.240723,46.75927734375
10,Acetaldehyde,100.0,Acetaldehyde,70.848785,29.151214599609375
10,Toluene,1.0,Toluene,16.55275,15.552749633789062
10,Acetaldehyde,10.0,Acetaldehyde,26.22789,16.227890014648438
10,Toluene,100.0,Toluene,50.223022,49.7769775390625
10,Acetaldehyde,150.0,Acetaldehyde,124.40485,25.59515380859375
10,Toluene,60.0,Toluene,23.39576,36.60424041748047
10,Acetaldehyde,250.0,Acetaldehyde,196.84132,53.15867614746094
10,Toluene,60.0,Toluene,23.277596,36.72240447998047
10,Acetaldehyde,250.0,Acetaldehyde,199.2795,50.72050476074219
10,Toluene,20.0,Toluene,18.67189,1.3281097412109375
10,Acetaldehyde,50.0,Acetaldehyde,37.410133,12.589866638183594
10,Toluene,40.0,Toluene,20.729813,19.270187377929688
10,Acetaldehyde,200.0,Acetaldehyde,174.03738,25.962615966796875
10,Toluene,80.0,Toluene,40.0036,39.99639892578125
10,Acetaldehyde,100.0,Acetaldehyde,71.467125,28.532875061035156
10,Toluene,1.0,Toluene,16.71727,15.717269897460938
10,Acetaldehyde,10.0,Acetaldehyde,23.014755,13.014755249023438
10,Toluene,100.0,Ethylene,43.064423,56.935577392578125
10,Acetaldehyde,150.0,Acetaldehyde,126.74146,23.25853729248047
10,Toluene,100.0,Toluene,39.931152,60.06884765625
10,Acetaldehyde,150.0,Acetaldehyde,122.535736,27.464263916015625
10,Toluene,60.0,Toluene,23.741661,36.258338928222656
10,Acetaldehyde,250.0,Acetaldehyde,206.73022,43.269775390625
10,Toluene,1.0,Toluene,14.615471,13.615470886230469
10,Acetaldehyde,10.0,Acetaldehyde,22.159447,12.159446716308594
10,Toluene,20.0,Toluene,18.670998,1.3290023803710938
10,Acetaldehyde,50.0,Acetaldehyde,37.264557,12.735443115234375
10,Toluene,40.0,Toluene,21.084473,18.91552734375
10,Acetaldehyde,200.0,Acetaldehyde,166.99693,33.00306701660156
10,Toluene,80.0,Toluene,34.668877,45.33112335205078
10,Acetaldehyde,100.0,Acetaldehyde,72.56125,27.438751220703125
10,Toluene,1.0,Toluene,11.987221,10.987220764160156
10,Acetaldehyde,10.0,Acetaldehyde,23.1857,13.185699462890625
10,Toluene,100.0,Toluene,44.153786,55.846214294433594
10,Acetaldehyde,150.0,Acetaldehyde,124.85561,25.144386291503906
10,Toluene,60.0,Toluene,24.258171,35.74182891845703
10,Acetaldehyde,250.0,Acetaldehyde,198.72237,51.27763366699219
10,Toluene,20.0,Toluene,18.65332,1.3466796875
10,Acetaldehyde,50.0,Acetaldehyde,37.592453,12.407546997070312
10,Toluene,40.0,Toluene,20.204208,19.795791625976562
10,Acetaldehyde,200.0,Acetaldehyde,165.7923,34.20770263671875
10,Toluene,80.0,Toluene,31.152771,48.84722900390625
10,Acetaldehyde,100.0,Acetaldehyde,72.5132,27.486801147460938
10,Toluene,20.0,Toluene,18.583878,1.4161224365234375
10,Acetaldehyde,50.0,Acetaldehyde,38.135925,11.86407470703125
10,Toluene,40.0,Toluene,22.245453,17.754547119140625
10,Acetaldehyde,200.0,Acetaldehyde,169.89621,30.103790283203125
10,Toluene,80.0,Toluene,31.719902,48.28009796142578
10,Acetaldehyde,100.0,Acetaldehyde,73.73992,26.26007843017578
10,Toluene,1.0,Toluene,11.384308,10.384307861328125
10,Acetaldehyde,10.0,Acetaldehyde,22.192192,12.192192077636719
10,Toluene,100.0,Toluene,41.513268,58.486732482910156
10,Acetaldehyde,150.0,Acetaldehyde,122.802025,27.197975158691406
10,Toluene,60.0,Toluene,23.294434,36.70556640625
10,Acetaldehyde,250.0,Acetaldehyde,199.84738,50.152618408203125
10,Toluene,1.0,Acetone,8.66555,7.665550231933594
10,Acetaldehyde,10.0,Acetaldehyde,23.233238,13.233238220214844
10,Toluene,100.0,Ethylene,61.973824,38.02617645263672
10,Acetaldehyde,150.0,Acetaldehyde,155.573,5.572998046875
10,Toluene,60.0,Toluene,31.651474,28.348526000976562
10,Acetaldehyde,250.0,Acetaldehyde,228.36008,21.639923095703125
10,Toluene,20.0,Toluene,24.745369,4.745368957519531
10,Acetaldehyde,50.0,Acetaldehyde,39.994858,10.005142211914062
10,Toluene,40.0,Toluene,27.74118,12.258819580078125
10,Acetaldehyde,200.0,Acetaldehyde,179.88947,20.11053466796875
10,Toluene,80.0,Ethylene,42.643013,37.35698699951172
10,Acetaldehyde,100.0,Acetaldehyde,76.74219,23.2578125
10,Toluene,60.0,Toluene,31.306679,28.693321228027344
10,Acetaldehyde,250.0,Acetaldehyde,228.16869,21.831314086914062
10,Toluene,20.0,Toluene,22.23188,2.2318801879882812
10,Acetaldehyde,50.0,Acetaldehyde,42.80127,7.19873046875
10,Toluene,40.0,Toluene,24.92588,15.074119567871094
10,Acetaldehyde,200.0,Acetaldehyde,183.4516,16.54840087890625
10,Toluene,80.0,Toluene,44.297676,35.70232391357422
10,Acetaldehyde,100.0,Acetaldehyde,86.472046,13.5279541015625
10,Toluene,1.0,Ethylene,7.273987,6.27398681640625
10,Acetaldehyde,10.0,Acetaldehyde,24.135918,14.135917663574219
10,Toluene,100.0,Ethylene,51.973045,48.026954650878906
10,Acetaldehyde,150.0,Acetaldehyde,151.1836,1.18359375
10,Toluene,20.0,Toluene,22.241302,2.241302490234375
10,Acetaldehyde,50.0,Acetaldehyde,45.49482,4.505180358886719
10,Toluene,40.0,Toluene,24.87075,15.129249572753906
10,Acetaldehyde,200.0,Acetaldehyde,186.99146,13.008544921875
10,Toluene,80.0,Toluene,39.147964,40.85203552246094
10,Acetaldehyde,100.0,Acetaldehyde,82.0401,17.95989990234375
10,Toluene,1.0,Ethylene,9.256393,8.256393432617188
10,Acetaldehyde,10.0,Acetaldehyde,21.989746,11.98974609375
10,Toluene,100.0,Ethylene,51.191612,48.808387756347656
10,Acetaldehyde,150.0,Acetaldehyde,140.58344,9.41656494140625
10,Toluene,60.0,Toluene,28.425865,31.574134826660156
10,Acetaldehyde,250.0,Acetaldehyde,211.2938,38.706207275390625
10,Toluene,1.0,Ethylene,10.973106,9.973106384277344
10,Acetaldehyde,10.0,Acetaldehyde,23.293228,13.293228149414062
10,Toluene,20.0,Toluene,21.416946,1.4169464111328125
10,Acetaldehyde,50.0,Acetaldehyde,43.729492,6.2705078125
10,Toluene,40.0,Toluene,24.421074,15.578926086425781
10,Acetaldehyde,200.0,Acetaldehyde,176.65645,23.343551635742188
10,Toluene,80.0,Toluene,37.949295,42.05070495605469
10,Acetaldehyde,100.0,Acetaldehyde,79.04062,20.959381103515625
10,Toluene,100.0,Toluene,43.326256,56.673744201660156
10,Acetaldehyde,150.0,Acetaldehyde,142.24191,7.758087158203125
10,Toluene,60.0,Toluene,26.836754,33.163246154785156
10,Acetaldehyde,250.0,Acetaldehyde,218.02347,31.976531982421875
10,Toluene,80.0,Toluene,32.988907,47.01109313964844
10,Acetaldehyde,100.0,Acetaldehyde,81.87567,18.12432861328125
10,Toluene,1.0,Ethylene,11.24752,10.247520446777344
10,Acetaldehyde,10.0,Acetaldehyde,23.281776,13.281776428222656
10,Toluene,100.0,Ethylene,48.6343,51.365699768066406
10,Acetaldehyde,150.0,Acetaldehyde,137.92549,12.074508666992188
10,Toluene,60.0,Toluene,22.219429,37.78057098388672
10,Acetaldehyde,250.0,Acetaldehyde,204.05463,45.94537353515625
10,Toluene,20.0,Toluene,18.631844,1.3681564331054688
10,Acetaldehyde,50.0,Acetaldehyde,41.634743,8.365257263183594
10,Toluene,40.0,Toluene,21.984444,18.01555633544922
10,Acetaldehyde,200.0,Acetaldehyde,173.63672,26.36328125
10,Toluene,20.0,Toluene,20.665565,0.6655654907226562
10,Acetaldehyde,50.0,Acetaldehyde,41.830772,8.169227600097656
10,Toluene,40.0,Toluene,22.962822,17.03717803955078
10,Acetaldehyde,200.0,Acetaldehyde,173.00087,26.999130249023438
10,Toluene,80.0,Toluene,34.741188,45.258811950683594
10,Acetaldehyde,100.0,Acetaldehyde,76.21594,23.7840576171875
10,Toluene,1.0,Ethylene,9.549591,8.549591064453125
10,Acetaldehyde,10.0,Acetaldehyde,23.594872,13.594871520996094
10,Toluene,100.0,Toluene,47.135506,52.86449432373047
10,Acetaldehyde,150.0,Acetaldehyde,131.8306,18.169403076171875
10,Toluene,60.0,Toluene,26.124123,33.875877380371094
10,Acetaldehyde,250.0,Acetaldehyde,208.45078,41.549224853515625
10,Toluene,60.0,Toluene,27.96753,32.032470703125
10,Acetaldehyde,250.0,Acetaldehyde,209.74628,40.25372314453125
10,Toluene,20.0,Toluene,20.428062,0.42806243896484375
10,Acetaldehyde,50.0,Acetaldehyde,41.313133,8.686866760253906
10,Toluene,40.0,Toluene,19.514153,20.48584747314453
10,Acetaldehyde,200.0,Acetaldehyde,166.97946,33.020538330078125
10,Toluene,80.0,Toluene,33.375893,46.624107360839844
10,Acetaldehyde,100.0,Acetaldehyde,76.056885,23.943115234375
10,Toluene,1.0,Toluene,11.329605,10.329605102539062
10,Acetaldehyde,10.0,Acetaldehyde,22.216927,12.216926574707031
10,Toluene,100.0,Toluene,45.64653,54.35346984863281
10,Acetaldehyde,150.0,Acetaldehyde,134.61111,15.388885498046875
10,Toluene,100.0,Toluene,39.31257,60.68743133544922
10,Acetaldehyde,150.0,Acetaldehyde,126.97276,23.027236938476562
10,Toluene,60.0,Toluene,22.15586,37.844139099121094
10,Acetaldehyde,250.0,Acetaldehyde,210.36406,39.63594055175781
10,Toluene,1.0,Toluene,9.489449,8.489448547363281
10,Acetaldehyde,10.0,Acetaldehyde,22.956367,12.956367492675781
10,Toluene,20.0,Toluene,20.655228,0.6552276611328125
10,Acetaldehyde,50.0,Acetaldehyde,45.600266,4.3997344970703125
10,Toluene,40.0,Toluene,19.0756,20.924400329589844
10,Acetaldehyde,200.0,Acetaldehyde,168.39241,31.607589721679688
10,Toluene,80.0,Toluene,36.117737,43.88226318359375
10,Acetaldehyde,100.0,Acetaldehyde,81.531494,18.468505859375
10,Toluene,1.0,Toluene,14.068764,13.068763732910156
10,Acetaldehyde,10.0,Acetaldehyde,23.589523,13.589523315429688
10,Toluene,100.0,Toluene,49.037003,50.96299743652344
10,Acetaldehyde,150.0,Acetaldehyde,135.62906,14.370941162109375
10,Toluene,60.0,Toluene,22.890152,37.10984802246094
10,Acetaldehyde,250.0,Acetaldehyde,204.8359,45.164093017578125
10,Toluene,20.0,Toluene,20.257278,0.2572784423828125
10,Acetaldehyde,50.0,Acetaldehyde,47.22706,2.7729415893554688
10,Toluene,40.0,Toluene,22.872566,17.12743377685547
10,Acetaldehyde,200.0,Acetaldehyde,172.01501,27.9849853515625
10,Toluene,80.0,Toluene,32.205544,47.794456481933594
10,Acetaldehyde,100.0,Acetaldehyde,75.23436,24.765640258789062
10,Toluene,20.0,Toluene,20.126854,0.12685394287109375
10,Acetaldehyde,50.0,Acetaldehyde,44.771675,5.228324890136719
10,Toluene,40.0,Toluene,21.536743,18.4632568359375
10,Acetaldehyde,200.0,Acetaldehyde,167.75565,32.244354248046875
10,Toluene,80.0,Toluene,31.913933,48.08606719970703
10,Acetaldehyde,100.0,Acetaldehyde,78.76045,21.239547729492188
10,Toluene,1.0,Toluene,11.234032,10.234031677246094
10,Acetaldehyde,10.0,Acetaldehyde,22.8656,12.8656005859375
10,Toluene,100.0,Toluene,45.398277,54.601722717285156
10,Acetaldehyde,150.0,Acetaldehyde,129.86119,20.138809204101562
10,Toluene,60.0,Toluene,23.285965,36.71403503417969
10,Acetaldehyde,250.0,Acetaldehyde,207.25641,42.74359130859375
10,Acetone,2.5,Acetone,8.766472,6.266471862792969
10,Acetaldehyde,10.0,Acetaldehyde,24.097084,14.097084045410156
10,Acetone,250.0,Acetone,125.51643,124.48356628417969
10,Acetaldehyde,150.0,Acetaldehyde,131.99765,18.002349853515625
10,Acetone,150.0,Acetone,55.542976,94.45702362060547
10,Acetaldehyde,250.0,Acetaldehyde,202.31879,47.68121337890625
10,Acetone,50.0,Acetone,20.460922,29.539077758789062
10,Acetaldehyde,50.0,Acetaldehyde,31.277908,18.722091674804688
10,Acetone,100.0,Acetone,31.352913,68.64708709716797
10,Acetaldehyde,200.0,Acetaldehyde,158.66243,41.33757019042969
10,Acetone,200.0,Acetone,92.79901,107.20098876953125
10,Acetaldehyde,100.0,Acetaldehyde,63.962173,36.03782653808594
10,Acetone,150.0,Acetone,58.530518,91.469482421875
10,Acetaldehyde,250.0,Acetaldehyde,213.12042,36.87957763671875
10,Acetone,50.0,Acetone,22.1147,27.885299682617188
10,Acetaldehyde,50.0,Acetaldehyde,33.932793,16.06720733642578
10,Acetone,100.0,Acetone,32.73575,67.26425170898438
10,Acetaldehyde,200.0,Acetaldehyde,174.66808,25.331924438476562
10,Acetone,200.0,Acetone,92.41072,107.58927917480469
10,Acetaldehyde,100.0,Acetaldehyde,73.40899,26.59101104736328
10,Acetone,2.5,Acetone,8.335381,5.835380554199219
10,Acetaldehyde,10.0,Acetaldehyde,25.636566,15.636566162109375
10,Acetone,250.0,Acetone,126.10914,123.89086151123047
10,Acetaldehyde,150.0,Acetaldehyde,154.251,4.251007080078125
10,Acetone,50.0,Acetone,22.946732,27.053268432617188
10,Acetaldehyde,50.0,Acetaldehyde,38.113922,11.886077880859375
10,Acetone,100.0,Acetone,33.337494,66.66250610351562
10,Acetaldehyde,200.0,Acetaldehyde,181.44469,18.555313110351562
10,Acetone,200.0,Acetone,97.49622,102.50377655029297
10,Acetaldehyde,100.0,Acetaldehyde,69.58446,30.415542602539062
10,Acetone,2.5,Acetone,8.474457,5.974456787109375
10,Acetaldehyde,10.0,Acetaldehyde,23.11869,13.118690490722656
10,Acetone,250.0,Acetone,132.77167,117.22833251953125
10,Acetaldehyde,150.0,Acetaldehyde,129.43834,20.561660766601562
10,Acetone,150.0,Acetone,60.760162,89.23983764648438
10,Acetaldehyde,250.0,Acetaldehyde,204.30449,45.69551086425781
10,Acetone,2.5,Acetone,7.488266,4.9882659912109375
10,Acetaldehyde,10.0,Acetaldehyde,22.479225,12.479225158691406
10,Acetone,50.0,Acetone,22.51567,27.484329223632812
10,Acetaldehyde,50.0,Acetaldehyde,34.881966,15.118034362792969
10,Acetone,100.0,Acetone,35.51774,64.48226165771484
10,Acetaldehyde,200.0,Acetaldehyde,168.26517,31.734832763671875
10,Acetone,200.0,Acetone,94.51234,105.48766326904297
10,Acetaldehyde,100.0,Acetaldehyde,63.603516,36.396484375
10,Acetone,250.0,Acetone,138.86848,111.13151550292969
10,Acetaldehyde,150.0,Acetaldehyde,113.73382,36.26618194580078
10,Acetone,150.0,Acetone,63.752335,86.24766540527344
10,Acetaldehyde,250.0,Acetaldehyde,195.27336,54.72663879394531
10,Acetone,200.0,Acetone,96.224335,103.77566528320312
10,Acetaldehyde,100.0,Acetaldehyde,66.23668,33.76332092285156
10,Acetone,2.5,Acetone,8.2920685,5.7920684814453125
10,Acetaldehyde,10.0,Acetaldehyde,22.911331,12.911331176757812
10,Acetone,250.0,Acetone,132.05125,117.94874572753906
10,Acetaldehyde,150.0,Acetaldehyde,118.57701,31.422988891601562
10,Acetone,150.0,Acetone,69.39032,80.60968017578125
10,Acetaldehyde,250.0,Acetaldehyde,193.13907,56.860931396484375
10,Acetone,50.0,Acetone,25.1279,24.872100830078125
10,Acetaldehyde,50.0,Acetaldehyde,35.511436,14.488563537597656
10,Acetone,100.0,Acetone,38.785065,61.214935302734375
10,Acetaldehyde,200.0,Acetaldehyde,157.39796,42.60203552246094
10,Acetone,50.0,Acetone,25.58258,24.41741943359375
10,Acetaldehyde,50.0,Acetaldehyde,35.17797,14.822029113769531
10,Acetone,100.0,Acetone,38.811577,61.18842315673828
10,Acetaldehyde,200.0,Acetaldehyde,156.11356,43.886444091796875
10,Acetone,200.0,Acetone,100.09339,99.90660858154297
10,Acetaldehyde,100.0,Acetaldehyde,66.273705,33.726295471191406
10,Acetone,2.5,Acetone,7.461525,4.961524963378906
10,Acetaldehyde,10.0,Acetaldehyde,22.911049,12.911048889160156
10,Acetone,250.0,Acetone,138.11925,111.88075256347656
10,Acetaldehyde,150.0,Acetaldehyde,111.881424,38.11857604980469
10,Acetone,150.0,Acetone,71.12246,78.8775405883789
10,Acetaldehyde,250.0,Acetaldehyde,187.2594,62.7406005859375
10,Acetone,150.0,Acetone,66.381836,83.6181640625
10,Acetaldehyde,250.0,Acetaldehyde,187.44754,62.552459716796875
10,Acetone,50.0,Acetone,26.523178,23.476821899414062
10,Acetaldehyde,50.0,Acetaldehyde,33.892387,16.10761260986328
10,Acetone,100.0,Acetone,38.954254,61.045745849609375
10,Acetaldehyde,200.0,Acetaldehyde,153.5681,46.43190002441406
10,Acetone,200.0,Acetone,94.45115,105.5488510131836
10,Acetaldehyde,100.0,Acetaldehyde,66.38134,33.61865997314453
10,Acetone,2.5,Acetone,9.52285,7.022850036621094
10,Acetaldehyde,10.0,Acetaldehyde,22.779503,12.779502868652344
10,Acetone,250.0,Acetone,140.87991,109.12008666992188
10,Acetaldehyde,150.0,Acetaldehyde,108.903275,41.09672546386719
10,Acetone,250.0,Acetone,151.49132,98.50868225097656
10,Acetaldehyde,150.0,Acetaldehyde,107.12402,42.8759765625
10,Acetone,150.0,Acetone,71.41353,78.58647155761719
10,Acetaldehyde,250.0,Acetaldehyde,185.72989,64.27011108398438
10,Acetone,2.5,Acetone,8.104477,5.6044769287109375
10,Acetaldehyde,10.0,Acetaldehyde,22.720505,12.720504760742188
10,Acetone,50.0,Acetone,26.87899,23.121009826660156
10,Acetaldehyde,50.0,Acetaldehyde,37.002625,12.99737548828125
10,Acetone,100.0,Acetone,40.61467,59.38533020019531
10,Acetaldehyde,200.0,Acetaldehyde,155.33783,44.66217041015625
10,Acetone,200.0,Acetone,100.236946,99.76305389404297
10,Acetaldehyde,100.0,Acetaldehyde,64.12001,35.87998962402344
10,Acetone,2.5,Acetone,8.042801,5.5428009033203125
10,Acetaldehyde,10.0,Acetaldehyde,22.784653,12.784652709960938
10,Acetone,250.0,Acetone,134.30173,115.69827270507812
10,Acetaldehyde,150.0,Acetaldehyde,107.70268,42.29731750488281
10,Acetone,150.0,Acetone,73.812675,76.18732452392578
10,Acetaldehyde,250.0,Acetaldehyde,186.82608,63.173919677734375
10,Acetone,50.0,Acetone,27.35196,22.648040771484375
10,Acetaldehyde,50.0,Acetaldehyde,34.942543,15.057456970214844
10,Acetone,100.0,Acetone,41.69593,58.30406951904297
10,Acetaldehyde,200.0,Acetaldehyde,153.0196,46.98039245605469
10,Acetone,200.0,Acetone,99.76449,100.23551177978516
10,Acetaldehyde,100.0,Acetaldehyde,63.76133,36.238670349121094
10,Acetone,50.0,Acetone,28.67099,21.329010009765625
10,Acetaldehyde,50.0,Acetaldehyde,35.53602,14.463981628417969
10,Acetone,100.0,Acetone,40.72357,59.27642822265625
10,Acetaldehyde,200.0,Acetaldehyde,154.97527,45.02473449707031
10,Acetone,200.0,Acetone,92.49989,107.50010681152344
10,Acetaldehyde,100.0,Acetaldehyde,65.20586,34.79414367675781
10,Acetone,2.5,Acetone,8.189812,5.689811706542969
10,Acetaldehyde,10.0,Acetaldehyde,22.545563,12.545562744140625
10,Acetone,250.0,Acetone,137.18979,112.81021118164062
10,Acetaldehyde,150.0,Acetaldehyde,115.29937,34.70063018798828
10,Acetone,150.0,Acetone,72.35001,77.64998626708984
10,Acetaldehyde,250.0,Acetaldehyde,190.18501,59.81498718261719
10,Acetone,2.5,Acetone,8.793381,6.2933807373046875
10,Acetaldehyde,10.0,Acetaldehyde,22.144363,12.144363403320312
10,Acetone,250.0,Acetone,139.1312,110.86880493164062
10,Acetaldehyde,150.0,Acetaldehyde,114.47681,35.523193359375
10,Acetone,150.0,Acetone,72.584,77.41600036621094
10,Acetaldehyde,250.0,Acetaldehyde,187.0919,62.90809631347656
10,Acetone,50.0,Acetone,27.899696,22.100303649902344
10,Acetaldehyde,50.0,Acetaldehyde,35.378426,14.621574401855469
10,Acetone,100.0,Acetone,42.47133,57.52867126464844
10,Acetaldehyde,200.0,Acetaldehyde,155.49966,44.500335693359375
10,Acetone,200.0,Acetone,96.99263,103.00736999511719
10,Acetaldehyde,100.0,Acetaldehyde,67.240845,32.7591552734375
10,Acetone,150.0,Acetone,75.76265,74.23735046386719
10,Acetaldehyde,250.0,Acetaldehyde,191.25331,58.74668884277344
10,Acetone,50.0,Acetone,28.34748,21.65251922607422
10,Acetaldehyde,50.0,Acetaldehyde,37.568573,12.431427001953125
10,Acetone,100.0,Acetone,41.869522,58.13047790527344
10,Acetaldehyde,200.0,Acetaldehyde,157.27666,42.72334289550781
10,Acetone,200.0,Acetone,97.35982,102.64018249511719
10,Acetaldehyde,100.0,Acetaldehyde,65.99156,34.00843811035156
10,Acetone,2.5,Acetone,7.8562775,5.3562774658203125
10,Acetaldehyde,10.0,Acetaldehyde,22.92218,12.92218017578125
10,Acetone,250.0,Acetone,149.80058,100.19941711425781
10,Acetaldehyde,150.0,Acetaldehyde,113.475006,36.524993896484375
10,Acetone,50.0,Acetone,30.065147,19.934852600097656
10,Acetaldehyde,50.0,Acetaldehyde,35.449936,14.550064086914062
10,Acetone,100.0,Acetone,41.52189,58.478111267089844
10,Acetaldehyde,200.0,Acetaldehyde,153.31274,46.687255859375
10,Acetone,200.0,Acetone,100.81429,99.18570709228516
10,Acetaldehyde,100.0,Acetaldehyde,64.57687,35.423126220703125
10,Acetone,2.5,Acetone,6.7767334,4.2767333984375
10,Acetaldehyde,10.0,Acetaldehyde,23.318443,13.318443298339844
10,Acetone,250.0,Acetone,148.42612,101.57388305664062
10,Acetaldehyde,150.0,Acetaldehyde,115.8536,34.146400451660156
10,Acetone,150.0,Acetone,71.51204,78.48796081542969
10,Acetaldehyde,250.0,Acetaldehyde,190.17737,59.8226318359375
10,Acetone,2.5,Acetone,8.273407,5.773406982421875
10,Acetaldehyde,10.0,Acetaldehyde,23.230652,13.23065185546875
10,Acetone,50.0,Acetone,28.014778,21.98522186279297
10,Acetaldehyde,50.0,Acetaldehyde,35.77729,14.222709655761719
10,Acetone,100.0,Acetone,42.808907,57.19109344482422
10,Acetaldehyde,200.0,Acetaldehyde,153.12857,46.871429443359375
10,Acetone,200.0,Acetone,104.21449,95.78550720214844
10,Acetaldehyde,100.0,Acetaldehyde,64.68251,35.31748962402344
10,Acetone,250.0,Acetone,157.43085,92.56915283203125
10,Acetaldehyde,150.0,Acetaldehyde,111.42091,38.57908630371094
10,Acetone,150.0,Acetone,72.783195,77.21680450439453
10,Acetaldehyde,250.0,Acetaldehyde,187.17892,62.821075439453125
10,Acetone,200.0,Acetone,96.63502,103.36498260498047
10,Acetaldehyde,100.0,Acetaldehyde,66.21556,33.78443908691406
10,Acetone,2.5,Acetone,7.0075455,4.507545471191406
10,Acetaldehyde,10.0,Acetaldehyde,22.468178,12.468177795410156
10,Acetone,250.0,Acetone,139.35872,110.64128112792969
10,Acetaldehyde,150.0,Acetaldehyde,116.388504,33.61149597167969
10,Acetone,150.0,Acetone,72.64843,77.35157012939453
10,Acetaldehyde,250.0,Acetaldehyde,185.72766,64.2723388671875
10,Acetone,50.0,Acetone,28.600182,21.399818420410156
10,Acetaldehyde,50.0,Acetaldehyde,35.74675,14.253250122070312
10,Acetone,100.0,Acetone,44.47168,55.5283203125
10,Acetaldehyde,200.0,Acetaldehyde,157.27992,42.72007751464844
10,Acetone,50.0,Acetone,29.794708,20.205291748046875
10,Acetaldehyde,50.0,Acetaldehyde,36.372505,13.627494812011719
10,Acetone,100.0,Acetone,45.894325,54.105674743652344
10,Acetaldehyde,200.0,Acetaldehyde,153.76414,46.23585510253906
10,Acetone,200.0,Acetone,103.17671,96.82328796386719
10,Acetaldehyde,100.0,Acetaldehyde,65.980034,34.01996612548828
10,Acetone,2.5,Acetone,8.449982,5.949981689453125
10,Acetaldehyde,10.0,Acetaldehyde,22.604721,12.604721069335938
10,Acetone,250.0,Acetone,140.87732,109.1226806640625
10,Acetaldehyde,150.0,Acetaldehyde,114.41919,35.580810546875
10,Acetone,150.0,Acetone,77.06682,72.93318176269531
10,Acetaldehyde,250.0,Acetaldehyde,185.2386,64.76139831542969
10,Acetone,150.0,Acetone,76.62251,73.37748718261719
10,Acetaldehyde,250.0,Acetaldehyde,187.43915,62.56085205078125
10,Acetone,50.0,Acetone,30.259605,19.740394592285156
10,Acetaldehyde,50.0,Acetaldehyde,33.488068,16.511932373046875
10,Acetone,100.0,Acetone,44.84703,55.15296936035156
10,Acetaldehyde,200.0,Acetaldehyde,150.95161,49.04838562011719
10,Acetone,200.0,Acetone,99.33201,100.6679916381836
10,Acetaldehyde,100.0,Acetaldehyde,64.28865,35.71134948730469
10,Acetone,2.5,Acetone,8.808426,6.3084259033203125
10,Acetaldehyde,10.0,Acetaldehyde,21.749641,11.749641418457031
10,Acetone,250.0,Acetone,146.5599,103.44009399414062
10,Acetaldehyde,150.0,Acetaldehyde,112.1177,37.882301330566406
10,Acetone,250.0,Acetone,157.56537,92.43463134765625
10,Acetaldehyde,150.0,Acetaldehyde,110.15698,39.843017578125
10,Acetone,150.0,Acetone,77.72302,72.2769775390625
10,Acetaldehyde,250.0,Acetaldehyde,188.65796,61.342041015625
10,Acetone,2.5,Acetone,7.986664,5.486663818359375
10,Acetaldehyde,10.0,Acetaldehyde,21.681084,11.681083679199219
10,Acetone,50.0,Acetone,29.660698,20.33930206298828
10,Acetaldehyde,50.0,Acetaldehyde,36.02011,13.979888916015625
10,Acetone,100.0,Acetone,45.307022,54.69297790527344
10,Acetaldehyde,200.0,Acetaldehyde,154.21881,45.78118896484375
10,Acetone,200.0,Acetone,104.10123,95.89877319335938
10,Acetaldehyde,100.0,Acetaldehyde,64.7249,35.27510070800781
10,Acetone,2.5,Acetone,7.172722,4.672721862792969
10,Acetaldehyde,10.0,Acetaldehyde,21.913109,11.913108825683594
10,Acetone,250.0,Acetone,143.09198,106.90802001953125
10,Acetaldehyde,150.0,Acetaldehyde,108.68168,41.318321228027344
10,Acetone,150.0,Acetone,82.59043,67.4095687866211
10,Acetaldehyde,250.0,Acetaldehyde,180.1987,69.80130004882812
10,Acetone,50.0,Acetone,32.004494,17.995506286621094
10,Acetaldehyde,50.0,Acetaldehyde,33.74463,16.25537109375
10,Acetone,100.0,Acetone,47.27072,52.729278564453125
10,Acetaldehyde,200.0,Acetaldehyde,153.09903,46.900970458984375
10,Acetone,200.0,Acetone,109.561325,90.43867492675781
10,Acetaldehyde,100.0,Acetaldehyde,66.21208,33.78791809082031
10,Acetone,50.0,Acetone,32.063477,17.9365234375
10,Acetaldehyde,50.0,Acetaldehyde,33.859276,16.140724182128906
10,Acetone,100.0,Acetone,48.783127,51.21687316894531
10,Acetaldehyde,200.0,Acetaldehyde,151.45825,48.541748046875
10,Acetone,200.0,Acetone,114.41528,85.584716796875
10,Acetaldehyde,100.0,Acetaldehyde,64.18927,35.81072998046875
10,Acetone,2.5,Acetone,7.7007675,5.200767517089844
10,Acetaldehyde,10.0,Acetaldehyde,22.68946,12.689460754394531
10,Acetone,250.0,Acetone,142.63705,107.36294555664062
10,Acetaldehyde,150.0,Acetaldehyde,111.49813,38.501869201660156
10,Acetone,150.0,Acetone,74.3528,75.64720153808594
10,Acetaldehyde,250.0,Acetaldehyde,185.07945,64.92054748535156
10,Acetone,2.5,Acetone,8.731667,6.231666564941406
10,Acetaldehyde,10.0,Acetaldehyde,31.926918,21.926918029785156
10,Acetone,250.0,Acetone,208.73468,41.26531982421875
10,Acetaldehyde,150.0,Ammonia,208.26959,58.26959228515625
10,Acetone,150.0,Acetone,83.043884,66.95611572265625
10,Acetaldehyde,250.0,Acetone,240.92032,9.079681396484375
10,Acetone,50.0,Acetone,27.112762,22.887237548828125
10,Acetaldehyde,50.0,Ammonia,61.89672,11.896720886230469
10,Acetone,100.0,Acetone,42.185974,57.81402587890625
10,Acetaldehyde,200.0,Acetone,192.4734,7.5265960693359375
10,Acetone,200.0,Acetone,134.90697,65.09303283691406
10,Acetaldehyde,100.0,Ammonia,119.65014,19.65013885498047
10,Acetone,150.0,Acetone,77.67111,72.32888793945312
10,Acetaldehyde,250.0,Acetone,262.65906,12.6590576171875
10,Acetone,50.0,Acetone,27.170998,22.829002380371094
10,Acetaldehyde,50.0,Ammonia,67.64756,17.647560119628906
10,Acetone,100.0,Acetone,43.274315,56.725685119628906
10,Acetaldehyde,200.0,Ammonia,226.5035,26.503494262695312
10,Acetone,200.0,Acetone,144.54953,55.450469970703125
10,Acetaldehyde,100.0,Ammonia,163.01273,63.012725830078125
10,Acetone,2.5,Acetone,9.053978,6.553977966308594
10,Acetaldehyde,10.0,Acetaldehyde,27.996033,17.99603271484375
10,Acetone,250.0,Acetone,198.62677,51.37322998046875
10,Acetaldehyde,150.0,Ammonia,239.11641,89.11640930175781
10,Acetone,50.0,Acetone,29.138245,20.86175537109375
10,Acetaldehyde,50.0,Ammonia,86.11102,36.11102294921875
10,Acetone,100.0,Acetone,40.85315,59.1468505859375
10,Acetaldehyde,200.0,Ammonia,243.49759,43.497589111328125
10,Acetone,200.0,Acetone,131.06595,68.93405151367188
10,Acetaldehyde,100.0,Ammonia,127.20842,27.208419799804688
10,Acetone,2.5,Acetone,8.777618,6.277618408203125
10,Acetaldehyde,10.0,Acetaldehyde,29.211632,19.211631774902344
10,Acetone,250.0,Acetone,179.2526,70.74740600585938
10,Acetaldehyde,150.0,Ammonia,172.11809,22.118087768554688
10,Acetone,150.0,Acetone,75.62927,74.3707275390625
10,Acetaldehyde,250.0,Acetone,224.156,25.843994140625
10,Acetone,2.5,Acetone,8.240517,5.740516662597656
10,Acetaldehyde,10.0,Acetaldehyde,27.52066,17.520660400390625
10,Acetone,50.0,Acetone,29.69918,20.300819396972656
10,Acetaldehyde,50.0,Acetaldehyde,55.124367,5.124366760253906
10,Acetone,100.0,Acetone,38.934654,61.065345764160156
10,Acetaldehyde,200.0,Acetone,189.95119,10.048812866210938
10,Acetone,200.0,Acetone,121.91754,78.08245849609375
10,Acetaldehyde,100.0,Acetaldehyde,91.95239,8.047607421875
10,Acetone,250.0,Acetone,185.39,64.61000061035156
10,Acetaldehyde,150.0,Acetaldehyde,150.94942,0.9494171142578125
10,Acetone,150.0,Acetone,75.43471,74.56529235839844
10,Acetaldehyde,250.0,Acetone,221.4361,28.56390380859375
10,Acetone,200.0,Acetone,113.89154,86.10845947265625
10,Acetaldehyde,100.0,Acetaldehyde,89.19954,10.800460815429688
10,Acetone,2.5,Acetone,7.464493,4.9644927978515625
10,Acetaldehyde,10.0,Acetaldehyde,27.311928,17.311927795410156
10,Acetone,250.0,Acetone,174.99472,75.00527954101562
10,Acetaldehyde,150.0,Acetaldehyde,143.81084,6.1891632080078125
10,Acetone,150.0,Acetone,74.65716,75.34284210205078
10,Acetaldehyde,250.0,Acetaldehyde,214.92688,35.0731201171875
10,Acetone,50.0,Acetone,28.740822,21.259178161621094
10,Acetaldehyde,50.0,Acetaldehyde,42.911163,7.088836669921875
10,Acetone,100.0,Acetone,42.3011,57.69889831542969
10,Acetaldehyde,200.0,Acetaldehyde,174.51825,25.48175048828125
10,Acetone,50.0,Acetone,28.887978,21.112022399902344
10,Acetaldehyde,50.0,Acetaldehyde,43.759216,6.24078369140625
10,Acetone,100.0,Acetone,44.373184,55.62681579589844
10,Acetaldehyde,200.0,Acetaldehyde,177.67162,22.328384399414062
10,Acetone,200.0,Acetone,114.48694,85.5130615234375
10,Acetaldehyde,100.0,Acetaldehyde,79.86868,20.131317138671875
10,Acetone,2.5,Acetone,8.515694,6.015693664550781
10,Acetaldehyde,10.0,Acetaldehyde,25.96547,15.965469360351562
10,Acetone,250.0,Acetone,170.31676,79.68324279785156
10,Acetaldehyde,150.0,Acetaldehyde,129.63454,20.365463256835938
10,Acetone,150.0,Acetone,74.38548,75.61451721191406
10,Acetaldehyde,250.0,Acetaldehyde,202.93735,47.062652587890625
10,Acetone,150.0,Acetone,73.00325,76.99674987792969
10,Acetaldehyde,250.0,Acetaldehyde,202.37292,47.6270751953125
10,Acetone,50.0,Acetone,30.046753,19.9532470703125
10,Acetaldehyde,50.0,Acetaldehyde,37.021698,12.978302001953125
10,Acetone,100.0,Acetone,43.169296,56.83070373535156
10,Acetaldehyde,200.0,Acetaldehyde,163.06793,36.93206787109375
10,Acetone,200.0,Acetone,111.69286,88.30713653564453
10,Acetaldehyde,100.0,Acetaldehyde,72.57833,27.421669006347656
10,Acetone,2.5,Acetone,7.1867065,4.68670654296875
10,Acetaldehyde,10.0,Acetaldehyde,25.907928,15.907928466796875
10,Acetone,250.0,Acetone,162.62625,87.37374877929688
10,Acetaldehyde,150.0,Acetaldehyde,126.68638,23.313621520996094
10,Acetone,250.0,Acetone,169.32788,80.672119140625
10,Acetaldehyde,150.0,Acetaldehyde,119.29428,30.705718994140625
10,Acetone,150.0,Acetone,77.17068,72.8293228149414
10,Acetaldehyde,250.0,Acetaldehyde,204.58426,45.415740966796875
10,Acetone,2.5,Acetone,8.979759,6.479759216308594
10,Acetaldehyde,10.0,Acetaldehyde,24.718086,14.718086242675781
10,Acetone,50.0,Acetone,28.487495,21.51250457763672
10,Acetaldehyde,50.0,Acetaldehyde,41.389282,8.6107177734375
10,Acetone,100.0,Acetone,43.145317,56.85468292236328
10,Acetaldehyde,200.0,Acetaldehyde,166.19429,33.80570983886719
10,Acetone,200.0,Acetone,105.48784,94.51216125488281
10,Acetaldehyde,100.0,Acetaldehyde,68.7287,31.27130126953125
10,Acetone,2.5,Acetone,7.602997,5.102996826171875
10,Acetaldehyde,10.0,Acetaldehyde,24.020447,14.02044677734375
10,Acetone,250.0,Acetone,159.05675,90.94325256347656
10,Acetaldehyde,150.0,Acetaldehyde,119.63454,30.365463256835938
10,Acetone,150.0,Acetone,76.985,73.01499938964844
10,Acetaldehyde,250.0,Acetaldehyde,194.1879,55.812103271484375
10,Acetone,50.0,Acetone,28.793999,21.20600128173828
10,Acetaldehyde,50.0,Acetaldehyde,34.785637,15.214363098144531
10,Acetone,100.0,Acetone,45.42347,54.57653045654297
10,Acetaldehyde,200.0,Acetaldehyde,165.0152,34.98480224609375
10,Acetone,200.0,Acetone,106.79503,93.20497131347656
10,Acetaldehyde,100.0,Acetaldehyde,70.92014,29.079856872558594
10,Acetone,50.0,Acetone,28.336784,21.66321563720703
10,Acetaldehyde,50.0,Acetaldehyde,37.563835,12.436164855957031
10,Acetone,100.0,Acetone,41.761787,58.23821258544922
10,Acetaldehyde,200.0,Acetaldehyde,162.31183,37.68817138671875
10,Acetone,200.0,Acetone,109.41611,90.58389282226562
10,Acetaldehyde,100.0,Acetaldehyde,70.5099,29.490097045898438
10,Acetone,2.5,Acetone,7.287697,4.787696838378906
10,Acetaldehyde,10.0,Acetaldehyde,26.305824,16.305824279785156
10,Acetone,250.0,Acetone,163.23474,86.7652587890625
10,Acetaldehyde,150.0,Acetaldehyde,125.32339,24.676612854003906
10,Acetone,150.0,Acetone,76.2783,73.7217025756836
10,Acetaldehyde,250.0,Acetaldehyde,202.94266,47.057342529296875
10,Acetone,2.5,Acetone,6.742485,4.242485046386719
10,Acetaldehyde,10.0,Acetaldehyde,25.099045,15.099044799804688
10,Acetone,250.0,Acetone,156.73386,93.26614379882812
10,Acetaldehyde,150.0,Acetaldehyde,123.27524,26.724761962890625
10,Acetone,150.0,Acetone,76.20294,73.79705810546875
10,Acetaldehyde,250.0,Acetaldehyde,194.0921,55.90789794921875
10,Acetone,50.0,Acetone,28.209244,21.790756225585938
10,Acetaldehyde,50.0,Acetaldehyde,36.092323,13.907676696777344
10,Acetone,100.0,Acetone,42.89518,57.104820251464844
10,Acetaldehyde,200.0,Acetaldehyde,161.01382,38.986175537109375
10,Acetone,200.0,Acetone,105.18346,94.81654357910156
10,Acetaldehyde,100.0,Acetaldehyde,69.257164,30.742835998535156
10,Acetone,150.0,Acetone,75.03605,74.96395111083984
10,Acetaldehyde,250.0,Acetaldehyde,198.15387,51.84613037109375
10,Acetone,50.0,Acetone,28.300117,21.69988250732422
10,Acetaldehyde,50.0,Acetaldehyde,36.25821,13.741790771484375
10,Acetone,100.0,Acetone,41.587852,58.412147521972656
10,Acetaldehyde,200.0,Acetaldehyde,163.98425,36.0157470703125
10,Acetone,200.0,Acetone,104.938675,95.06132507324219
10,Acetaldehyde,100.0,Acetaldehyde,68.081024,31.918975830078125
10,Acetone,2.5,Acetone,7.698303,5.19830322265625
10,Acetaldehyde,10.0,Acetaldehyde,24.261162,14.261161804199219
10,Acetone,250.0,Acetone,165.92294,84.07705688476562
10,Acetaldehyde,150.0,Acetaldehyde,121.16157,28.83843231201172
10,Acetone,50.0,Acetone,28.398384,21.60161590576172
10,Acetaldehyde,50.0,Acetaldehyde,36.764076,13.235923767089844
10,Acetone,100.0,Acetone,45.83216,54.16783905029297
10,Acetaldehyde,200.0,Acetaldehyde,160.13087,39.86912536621094
10,Acetone,200.0,Acetone,113.72907,86.27092742919922
10,Acetaldehyde,100.0,Acetaldehyde,69.004974,30.995025634765625
10,Acetone,2.5,Acetone,7.2205734,4.720573425292969
10,Acetaldehyde,10.0,Acetaldehyde,24.62976,14.6297607421875
10,Acetone,250.0,Acetone,169.42566,80.5743408203125
10,Acetaldehyde,150.0,Acetaldehyde,120.886856,29.113143920898438
10,Acetone,150.0,Acetone,75.59865,74.40135192871094
10,Acetaldehyde,250.0,Acetaldehyde,192.4617,57.538299560546875
10,Acetone,2.5,Acetone,6.037346,3.5373458862304688
10,Acetaldehyde,10.0,Acetaldehyde,24.481522,14.481521606445312
10,Acetone,50.0,Acetone,27.627647,22.372352600097656
10,Acetaldehyde,50.0,Acetaldehyde,36.268295,13.731704711914062
10,Acetone,100.0,Acetone,42.95881,57.04119110107422
10,Acetaldehyde,200.0,Acetaldehyde,159.69136,40.30863952636719
10,Acetone,200.0,Acetone,108.303024,91.69697570800781
10,Acetaldehyde,100.0,Acetaldehyde,66.351776,33.648223876953125
10,Acetone,250.0,Acetone,174.58054,75.41946411132812
10,Acetaldehyde,150.0,Acetaldehyde,114.423645,35.57635498046875
10,Acetone,150.0,Acetone,73.54916,76.45084381103516
10,Acetaldehyde,250.0,Acetaldehyde,198.20314,51.79685974121094
10,Acetone,200.0,Acetone,116.09204,83.907958984375
10,Acetaldehyde,100.0,Acetaldehyde,69.381485,30.618515014648438
10,Acetone,2.5,Acetone,6.595207,4.095207214355469
10,Acetaldehyde,10.0,Acetaldehyde,24.436142,14.436141967773438
10,Acetone,250.0,Acetone,167.24084,82.7591552734375
10,Acetaldehyde,150.0,Acetaldehyde,123.26704,26.73296356201172
10,Acetone,150.0,Acetone,77.42409,72.57591247558594
10,Acetaldehyde,250.0,Acetaldehyde,195.44989,54.55010986328125
10,Acetone,50.0,Acetone,30.652786,19.347213745117188
10,Acetaldehyde,50.0,Acetaldehyde,36.428818,13.571182250976562
10,Acetone,100.0,Acetone,43.338776,56.661224365234375
10,Acetaldehyde,200.0,Acetaldehyde,160.98875,39.01124572753906
10,Acetone,50.0,Acetone,28.146828,21.853172302246094
10,Acetaldehyde,50.0,Acetaldehyde,35.480217,14.519783020019531
10,Acetone,100.0,Acetone,42.76835,57.231651306152344
10,Acetaldehyde,200.0,Acetaldehyde,163.71072,36.289276123046875
10,Acetone,200.0,Acetone,116.48897,83.51103210449219
10,Acetaldehyde,100.0,Acetaldehyde,69.14109,30.858909606933594
10,Acetone,2.5,Acetone,8.104042,5.604042053222656
10,Acetaldehyde,10.0,Acetaldehyde,23.828957,13.828956604003906
10,Acetone,250.0,Acetone,181.69455,68.30545043945312
10,Acetaldehyde,150.0,Acetaldehyde,118.20074,31.79926300048828
10,Acetone,150.0,Acetone,79.031235,70.96876525878906
10,Acetaldehyde,250.0,Acetaldehyde,191.15488,58.845123291015625
10,Acetone,150.0,Acetone,75.2446,74.75540161132812
10,Acetaldehyde,250.0,Acetaldehyde,194.06528,55.934722900390625
10,Acetone,50.0,Acetone,28.60234,21.397659301757812
10,Acetaldehyde,50.0,Acetaldehyde,35.986916,14.013084411621094
10,Acetone,100.0,Acetone,43.138092,56.861907958984375
10,Acetaldehyde,200.0,Acetaldehyde,156.66612,43.33387756347656
10,Acetone,200.0,Acetone,110.82437,89.17562866210938
10,Acetaldehyde,100.0,Acetaldehyde,66.71167,33.288330078125
10,Acetone,2.5,Acetone,8.199448,5.6994476318359375
10,Acetaldehyde,10.0,Acetaldehyde,25.112976,15.11297607421875
10,Acetone,250.0,Acetone,169.08952,80.91047668457031
10,Acetaldehyde,150.0,Acetaldehyde,117.24462,32.75537872314453
10,Acetone,250.0,Acetone,174.76376,75.23623657226562
10,Acetaldehyde,150.0,Acetaldehyde,111.93066,38.06934356689453
10,Acetone,150.0,Acetone,75.30644,74.69355773925781
10,Acetaldehyde,250.0,Acetaldehyde,192.53207,57.467926025390625
10,Acetone,2.5,Acetone,8.141411,5.641410827636719
10,Acetaldehyde,10.0,Acetaldehyde,24.00315,14.003150939941406
10,Acetone,50.0,Acetone,28.520866,21.47913360595703
10,Acetaldehyde,50.0,Acetaldehyde,36.913315,13.086685180664062
10,Acetone,100.0,Acetone,42.936813,57.06318664550781
10,Acetaldehyde,200.0,Acetaldehyde,156.40718,43.59281921386719
10,Acetone,200.0,Acetone,111.97308,88.02691650390625
10,Acetaldehyde,100.0,Acetaldehyde,64.25781,35.7421875
10,Acetone,2.5,Acetone,8.219498,5.7194976806640625
10,Acetaldehyde,10.0,Acetaldehyde,22.684868,12.684867858886719
10,Acetone,250.0,Acetone,166.76797,83.23202514648438
10,Acetaldehyde,150.0,Acetaldehyde,111.78992,38.2100830078125
10,Acetone,150.0,Acetone,75.55654,74.4434585571289
10,Acetaldehyde,250.0,Acetaldehyde,187.18317,62.81683349609375
10,Acetone,50.0,Acetone,28.91581,21.084190368652344
10,Acetaldehyde,50.0,Acetaldehyde,35.520813,14.47918701171875
10,Acetone,100.0,Acetone,41.902855,58.097145080566406
10,Acetaldehyde,200.0,Acetaldehyde,155.76437,44.235626220703125
10,Acetone,200.0,Acetone,117.703125,82.296875
10,Acetaldehyde,100.0,Acetaldehyde,65.78702,34.212982177734375
10,Acetone,50.0,Acetone,29.029099,20.970901489257812
10,Acetaldehyde,50.0,Acetaldehyde,36.265778,13.734222412109375
10,Acetone,100.0,Acetone,44.22133,55.77867126464844
10,Acetaldehyde,200.0,Acetaldehyde,153.5731,46.42689514160156
10,Acetone,200.0,Acetone,108.19987,91.80013275146484
10,Acetaldehyde,100.0,Acetaldehyde,65.217064,34.782936096191406
10,Acetone,2.5,Acetone,8.29303,5.79302978515625
10,Acetaldehyde,10.0,Acetaldehyde,23.608383,13.608383178710938
10,Acetone,250.0,Acetone,166.52576,83.4742431640625
10,Acetaldehyde,150.0,Acetaldehyde,119.687996,30.31200408935547
10,Acetone,150.0,Acetone,77.32702,72.67298126220703
10,Acetaldehyde,250.0,Acetaldehyde,190.95624,59.04376220703125
10,Acetone,10.0,Acetone,30.23922,20.239219665527344
10,Ammonia,50.0,Toluene,23.225014,26.774986267089844
10,Acetone,250.0,Ethylene,235.2455,14.754501342773438
10,Ammonia,600.0,Ammonia,510.05966,89.94033813476562
10,Acetone,150.0,Ethylene,147.4798,2.52020263671875
10,Ammonia,1000.0,Ammonia,851.41876,148.58123779296875
10,Acetone,50.0,Acetone,41.741898,8.258102416992188
10,Ammonia,200.0,Ethylene,185.23813,14.761871337890625
10,Acetone,100.0,Ethylene,105.346016,5.346015930175781
10,Ammonia,800.0,Ammonia,665.3415,134.65850830078125
10,Acetone,200.0,Ethylene,198.43965,1.5603485107421875
10,Ammonia,400.0,Ammonia,355.6929,44.307098388671875
10,Acetone,150.0,Ethylene,148.63245,1.3675537109375
10,Ammonia,1000.0,Ammonia,754.48816,245.5118408203125
10,Acetone,50.0,Acetone,35.21859,14.781410217285156
10,Ammonia,200.0,Ethylene,152.54823,47.45176696777344
10,Acetone,100.0,Ethylene,89.46118,10.538818359375
10,Ammonia,800.0,Ammonia,585.6445,214.35552978515625
10,Acetone,200.0,Ethylene,190.17969,9.8203125
10,Ammonia,400.0,Ammonia,315.8825,84.11749267578125
10,Acetone,10.0,Acetone,29.110275,19.110275268554688
10,Ammonia,50.0,Toluene,21.376984,28.623016357421875
10,Acetone,250.0,Ammonia,243.60207,6.3979339599609375
10,Ammonia,600.0,Ammonia,487.18823,112.811767578125
10,Acetone,50.0,Acetone,49.694633,0.30536651611328125
10,Ammonia,200.0,Ammonia,210.86871,10.86871337890625
10,Acetone,100.0,Acetone,112.00084,12.000839233398438
10,Ammonia,800.0,Ammonia,722.02515,77.974853515625
10,Acetone,200.0,Ammonia,223.17145,23.17144775390625
10,Ammonia,400.0,Ammonia,383.0997,16.900299072265625
10,Acetone,10.0,Acetone,36.295776,26.2957763671875
10,Ammonia,50.0,Toluene,37.72242,12.277580261230469
10,Acetone,250.0,Ammonia,261.20306,11.20306396484375
10,Ammonia,600.0,Ammonia,567.1782,32.82177734375
10,Acetone,150.0,Ethylene,160.61398,10.613983154296875
10,Ammonia,1000.0,Ammonia,957.9811,42.0189208984375
10,Acetone,10.0,Toluene,36.001625,26.001625061035156
10,Ammonia,50.0,Toluene,34.16095,15.83905029296875
10,Acetone,50.0,Acetone,45.78102,4.2189788818359375
10,Ammonia,200.0,Ammonia,234.06064,34.060638427734375
10,Acetone,100.0,Ethylene,115.750305,15.75030517578125
10,Ammonia,800.0,Ammonia,775.6847,24.3153076171875
10,Acetone,200.0,Ammonia,216.43144,16.431442260742188
10,Ammonia,400.0,Ammonia,379.31793,20.68206787109375
10,Acetone,250.0,Ammonia,264.96365,14.963653564453125
10,Ammonia,600.0,Ammonia,559.99945,40.00054931640625
10,Acetone,150.0,Ethylene,163.76822,13.768218994140625
10,Ammonia,1000.0,Ammonia,922.75006,77.24993896484375
10,Acetone,200.0,Ammonia,206.76393,6.7639312744140625
10,Ammonia,400.0,Ammonia,374.23904,25.760955810546875
10,Acetone,10.0,Acetone,33.475327,23.475326538085938
10,Ammonia,50.0,Toluene,38.490524,11.509475708007812
10,Acetone,250.0,Ammonia,265.136,15.135986328125
10,Ammonia,600.0,Ammonia,561.18933,38.8106689453125
10,Acetone,150.0,Ethylene,159.1029,9.1029052734375
10,Ammonia,1000.0,Ammonia,888.2746,111.72540283203125
10,Acetone,50.0,Acetone,41.846443,8.153556823730469
10,Ammonia,200.0,Ammonia,224.81573,24.81573486328125
10,Acetone,100.0,Acetone,95.328476,4.6715240478515625
10,Ammonia,800.0,Ammonia,703.3099,96.69012451171875
10,Acetone,50.0,Acetone,36.38054,13.619461059570312
10,Ammonia,200.0,Ammonia,223.12918,23.129180908203125
10,Acetone,100.0,Ethylene,107.03664,7.0366363525390625
10,Ammonia,800.0,Ammonia,731.8259,68.174072265625
10,Acetone,200.0,Ethylene,198.24075,1.759246826171875
10,Ammonia,400.0,Ammonia,388.012,11.988006591796875
10,Acetone,10.0,Acetone,33.94175,23.941749572753906
10,Ammonia,50.0,Toluene,44.793373,5.206626892089844
10,Acetone,250.0,Ammonia,256.18332,6.183319091796875
10,Ammonia,600.0,Ammonia,578.19,21.80999755859375
10,Acetone,150.0,Ethylene,155.26689,5.2668914794921875
10,Ammonia,1000.0,Ammonia,929.8195,70.18048095703125
10,Acetone,150.0,Ethylene,150.59056,0.5905609130859375
10,Ammonia,1000.0,Ammonia,910.8402,89.1597900390625
10,Acetone,50.0,Acetone,40.363655,9.636344909667969
10,Ammonia,200.0,Ammonia,216.0763,16.0762939453125
10,Acetone,100.0,Acetone,75.57119,24.428810119628906
10,Ammonia,800.0,Ammonia,663.638,136.36199951171875
10,Acetone,200.0,Ethylene,189.78876,10.21124267578125
10,Ammonia,400.0,Ammonia,370.28082,29.71917724609375
10,Acetone,10.0,Toluene,32.51233,22.5123291015625
10,Ammonia,50.0,Toluene,46.619034,3.3809661865234375
10,Acetone,250.0,Ammonia,246.43091,3.569091796875
10,Ammonia,600.0,Ammonia,526.1773,73.82269287109375
10,Acetone,250.0,Ethylene,233.93414,16.06585693359375
10,Ammonia,600.0,Ammonia,520.5838,79.41619873046875
10,Acetone,150.0,Ethylene,138.48846,11.51153564453125
10,Ammonia,1000.0,Ammonia,809.2274,190.7725830078125
10,Acetone,10.0,Acetone,25.13784,15.137840270996094
10,Ammonia,50.0,Toluene,38.18711,11.812889099121094
10,Acetone,50.0,Acetone,31.286293,18.713706970214844
10,Ammonia,200.0,Ammonia,199.38501,0.614990234375
10,Acetone,100.0,Acetone,73.36482,26.635177612304688
10,Ammonia,800.0,Ammonia,667.47235,132.52764892578125
10,Acetone,200.0,Ethylene,188.10916,11.890838623046875
10,Ammonia,400.0,Ammonia,370.9528,29.047210693359375
10,Acetone,10.0,Acetone,25.738579,15.738578796386719
10,Ammonia,50.0,Toluene,37.1679,12.832099914550781
10,Acetone,250.0,Ethylene,236.2172,13.782806396484375
10,Ammonia,600.0,Ammonia,517.6484,82.35162353515625
10,Acetone,150.0,Ethylene,135.91006,14.089935302734375
10,Ammonia,1000.0,Ammonia,858.2344,141.765625
10,Acetone,50.0,Acetone,30.868752,19.131248474121094
10,Ammonia,200.0,Ammonia,208.0013,8.001296997070312
10,Acetone,100.0,Acetone,72.779465,27.220535278320312
10,Ammonia,800.0,Ammonia,679.3702,120.62982177734375
10,Acetone,200.0,Ethylene,193.76572,6.234283447265625
10,Ammonia,400.0,Ammonia,371.34348,28.656524658203125
10,Acetone,50.0,Acetone,30.89724,19.102760314941406
10,Ammonia,200.0,Ammonia,212.86694,12.866943359375
10,Acetone,100.0,Acetone,71.55733,28.442672729492188
10,Ammonia,800.0,Ammonia,709.90485,90.09515380859375
10,Acetone,200.0,Ethylene,188.96213,11.037872314453125
10,Ammonia,400.0,Ammonia,371.3732,28.626800537109375
10,Acetone,10.0,Acetone,25.201729,15.201728820800781
10,Ammonia,50.0,Toluene,37.68489,12.315109252929688
10,Acetone,250.0,Ethylene,234.95917,15.04083251953125
10,Ammonia,600.0,Ammonia,528.456,71.54400634765625
10,Acetone,150.0,Ethylene,135.44727,14.552734375
10,Ammonia,1000.0,Ammonia,821.5732,178.42681884765625
10,Toluene,1.0,Toluene,18.946968,17.94696807861328
10,Acetaldehyde,10.0,Acetaldehyde,33.440964,23.440963745117188
10,Toluene,100.0,Toluene,43.560997,56.439002990722656
10,Acetaldehyde,150.0,Acetaldehyde,129.61842,20.381576538085938
10,Toluene,60.0,Toluene,21.199333,38.80066680908203
10,Acetaldehyde,250.0,Acetaldehyde,201.31223,48.687774658203125
10,Toluene,20.0,Toluene,16.694473,3.3055267333984375
10,Acetaldehyde,50.0,Acetaldehyde,44.01554,5.984458923339844
10,Toluene,40.0,Toluene,18.019005,21.980995178222656
10,Acetaldehyde,200.0,Acetaldehyde,163.39151,36.608489990234375
10,Toluene,80.0,Toluene,29.876793,50.123207092285156
10,Acetaldehyde,100.0,Acetaldehyde,75.745514,24.254486083984375
10,Toluene,60.0,Toluene,20.290222,39.70977783203125
10,Acetaldehyde,250.0,Acetaldehyde,199.68774,50.312255859375
10,Toluene,20.0,Toluene,17.635452,2.3645477294921875
10,Acetaldehyde,50.0,Acetaldehyde,43.256805,6.743194580078125
10,Toluene,40.0,Toluene,18.402122,21.597877502441406
10,Acetaldehyde,200.0,Acetaldehyde,161.71085,38.289154052734375
10,Toluene,80.0,Toluene,30.186417,49.81358337402344
10,Acetaldehyde,100.0,Acetaldehyde,84.22528,15.77471923828125
10,Toluene,1.0,Toluene,20.35051,19.350509643554688
10,Acetaldehyde,10.0,Acetaldehyde,35.823654,25.823654174804688
10,Toluene,100.0,Toluene,40.043617,59.956382751464844
10,Acetaldehyde,150.0,Acetaldehyde,127.84027,22.15972900390625
10,Toluene,20.0,Toluene,17.299957,2.700042724609375
10,Acetaldehyde,50.0,Acetaldehyde,47.794342,2.205657958984375
10,Toluene,40.0,Toluene,18.93937,21.060630798339844
10,Acetaldehyde,200.0,Acetaldehyde,160.87952,39.1204833984375
10,Toluene,80.0,Toluene,29.050484,50.94951629638672
10,Acetaldehyde,100.0,Acetaldehyde,75.859726,24.140274047851562
10,Toluene,1.0,Toluene,19.96296,18.96295928955078
10,Acetaldehyde,10.0,Acetaldehyde,34.594963,24.59496307373047
10,Toluene,100.0,Toluene,36.2034,63.796600341796875
10,Acetaldehyde,150.0,Acetaldehyde,120.428696,29.571304321289062
10,Toluene,60.0,Toluene,19.107666,40.892333984375
10,Acetaldehyde,250.0,Acetaldehyde,198.37173,51.628265380859375
10,Toluene,1.0,Toluene,18.563179,17.56317901611328
10,Acetaldehyde,10.0,Acetaldehyde,33.788307,23.788307189941406
10,Toluene,20.0,Toluene,16.04358,3.9564208984375
10,Acetaldehyde,50.0,Acetaldehyde,43.094093,6.905906677246094
10,Toluene,40.0,Toluene,17.098274,22.90172576904297
10,Acetaldehyde,200.0,Acetaldehyde,157.35963,42.64036560058594
10,Toluene,80.0,Toluene,28.265083,51.73491668701172
10,Acetaldehyde,100.0,Acetaldehyde,73.00363,26.996368408203125
10,Toluene,100.0,Toluene,35.007042,64.99295806884766
10,Acetaldehyde,150.0,Acetaldehyde,118.1267,31.87329864501953
10,Toluene,60.0,Toluene,18.63247,41.367530822753906
10,Acetaldehyde,250.0,Acetaldehyde,197.05171,52.94828796386719
10,Toluene,80.0,Toluene,23.26564,56.73435974121094
10,Acetaldehyde,100.0,Acetaldehyde,70.06961,29.930389404296875
10,Toluene,1.0,Toluene,16.796745,15.796745300292969
10,Acetaldehyde,10.0,Acetaldehyde,32.939857,22.939857482910156
10,Toluene,100.0,Toluene,32.712326,67.28767395019531
10,Acetaldehyde,150.0,Acetaldehyde,120.63586,29.36414337158203
10,Toluene,60.0,Toluene,18.607697,41.392303466796875
10,Acetaldehyde,250.0,Acetaldehyde,203.03558,46.96441650390625
10,Toluene,20.0,Toluene,14.995979,5.004020690917969
10,Acetaldehyde,50.0,Acetaldehyde,38.223312,11.776687622070312
10,Toluene,40.0,Toluene,13.737595,26.262405395507812
10,Acetaldehyde,200.0,Acetaldehyde,162.92117,37.078826904296875
10,Toluene,20.0,Toluene,16.126335,3.8736648559570312
10,Acetaldehyde,50.0,Acetaldehyde,36.91935,13.080650329589844
10,Toluene,40.0,Toluene,16.905502,23.094497680664062
10,Acetaldehyde,200.0,Acetaldehyde,165.02548,34.974517822265625
10,Toluene,80.0,Toluene,23.574928,56.425071716308594
10,Acetaldehyde,100.0,Acetaldehyde,67.15175,32.84825134277344
10,Toluene,1.0,Toluene,18.761093,17.761093139648438
10,Acetaldehyde,10.0,Acetaldehyde,31.68312,21.683120727539062
10,Toluene,100.0,Toluene,33.60112,66.39888000488281
10,Acetaldehyde,150.0,Acetaldehyde,123.27111,26.72888946533203
10,Toluene,60.0,Toluene,20.480125,39.519874572753906
10,Acetaldehyde,250.0,Acetaldehyde,204.78798,45.21202087402344
10,Toluene,60.0,Toluene,20.767448,39.23255157470703
10,Acetaldehyde,250.0,Acetaldehyde,209.1709,40.8291015625
10,Toluene,20.0,Toluene,19.11734,0.882659912109375
10,Acetaldehyde,50.0,Acetaldehyde,44.273796,5.726203918457031
10,Toluene,40.0,Toluene,18.745789,21.25421142578125
10,Acetaldehyde,200.0,Acetaldehyde,163.83543,36.16456604003906
10,Toluene,80.0,Toluene,29.645073,50.35492706298828
10,Acetaldehyde,100.0,Acetaldehyde,74.35768,25.642318725585938
10,Toluene,1.0,Toluene,21.64402,20.644020080566406
10,Acetaldehyde,10.0,Acetaldehyde,32.41691,22.416908264160156
10,Toluene,100.0,Toluene,30.522453,69.47754669189453
10,Acetaldehyde,150.0,Acetaldehyde,120.38876,29.611236572265625
10,Toluene,100.0,Toluene,34.204193,65.79580688476562
10,Acetaldehyde,150.0,Acetaldehyde,120.30047,29.69953155517578
10,Toluene,60.0,Toluene,20.668602,39.331398010253906
10,Acetaldehyde,250.0,Acetaldehyde,204.21756,45.782440185546875
10,Toluene,1.0,Toluene,19.385788,18.385787963867188
10,Acetaldehyde,10.0,Acetaldehyde,32.383102,22.383102416992188
10,Toluene,20.0,Toluene,19.177582,0.822418212890625
10,Acetaldehyde,50.0,Acetaldehyde,41.780655,8.219345092773438
10,Toluene,40.0,Toluene,17.874077,22.12592315673828
10,Acetaldehyde,200.0,Acetaldehyde,165.23062,34.769378662109375
10,Toluene,80.0,Toluene,27.228714,52.77128601074219
10,Acetaldehyde,100.0,Acetaldehyde,76.40248,23.597518920898438
10,Toluene,1.0,Toluene,20.743896,19.743896484375
10,Acetaldehyde,10.0,Acetaldehyde,32.233788,22.233787536621094
10,Toluene,100.0,Toluene,35.187904,64.81209564208984
10,Acetaldehyde,150.0,Acetaldehyde,121.7839,28.216102600097656
10,Toluene,60.0,Toluene,19.739952,40.260047912597656
10,Acetaldehyde,250.0,Acetaldehyde,202.88852,47.111480712890625
10,Toluene,20.0,Toluene,14.8619,5.138099670410156
10,Acetaldehyde,50.0,Acetaldehyde,36.174095,13.825904846191406
10,Toluene,40.0,Toluene,16.596596,23.403404235839844
10,Acetaldehyde,200.0,Acetaldehyde,165.43526,34.56474304199219
10,Toluene,80.0,Toluene,26.11766,53.88233947753906
10,Acetaldehyde,100.0,Acetaldehyde,69.53813,30.461868286132812
10,Toluene,20.0,Toluene,15.883202,4.116798400878906
10,Acetaldehyde,50.0,Acetaldehyde,37.96723,12.032768249511719
10,Toluene,40.0,Toluene,16.011139,23.988861083984375
10,Acetaldehyde,200.0,Acetaldehyde,167.90427,32.095733642578125
10,Toluene,80.0,Toluene,24.368584,55.63141632080078
10,Acetaldehyde,100.0,Acetaldehyde,71.734,28.26599884033203
10,Toluene,1.0,Toluene,16.313187,15.313186645507812
10,Acetaldehyde,10.0,Acetaldehyde,29.51886,19.51885986328125
10,Toluene,100.0,Toluene,33.31211,66.6878890991211
10,Acetaldehyde,150.0,Acetaldehyde,125.55354,24.446456909179688
10,Toluene,60.0,Toluene,18.991776,41.00822448730469
10,Acetaldehyde,250.0,Acetaldehyde,203.62741,46.372589111328125
10,Acetone,10.0,Acetone,28.761642,18.761642456054688
10,Ammonia,50.0,Toluene,34.96859,15.031410217285156
10,Acetone,250.0,Acetone,182.65857,67.3414306640625
10,Ammonia,600.0,Ammonia,347.15405,252.845947265625
10,Acetone,150.0,Acetone,101.81979,48.180206298828125
10,Ammonia,1000.0,Ammonia,746.45685,253.54315185546875
10,Acetone,50.0,Acetone,37.02175,12.978248596191406
10,Ammonia,200.0,Ammonia,200.71545,0.7154541015625
10,Acetone,100.0,Acetone,82.88582,17.114181518554688
10,Ammonia,800.0,Ammonia,700.37366,99.6263427734375
10,Acetone,200.0,Ethylene,177.77979,22.22021484375
10,Ammonia,400.0,Ammonia,373.52588,26.47412109375
10,Acetone,150.0,Ethylene,143.95302,6.0469818115234375
10,Ammonia,1000.0,Ammonia,957.7446,42.25537109375
10,Acetone,50.0,Acetone,38.44117,11.558830261230469
10,Ammonia,200.0,Ammonia,223.28894,23.2889404296875
10,Acetone,100.0,Ethylene,90.405685,9.594314575195312
10,Ammonia,800.0,Ammonia,704.8247,95.17529296875
10,Acetone,200.0,Ethylene,188.71945,11.280548095703125
10,Ammonia,400.0,Ammonia,342.8868,57.113189697265625
10,Acetone,10.0,Acetone,26.024956,16.02495574951172
10,Ammonia,50.0,Toluene,38.672844,11.327156066894531
10,Acetone,250.0,Ethylene,237.43298,12.5670166015625
10,Ammonia,600.0,Ammonia,457.1806,142.81939697265625
10,Acetone,50.0,Acetone,37.271576,12.728424072265625
10,Ammonia,200.0,Ammonia,173.80688,26.193115234375
10,Acetone,100.0,Acetone,91.31838,8.681617736816406
10,Ammonia,800.0,Ammonia,644.49927,155.500732421875
10,Acetone,200.0,Ethylene,186.19485,13.805145263671875
10,Ammonia,400.0,Ammonia,352.7583,47.24169921875
10,Acetone,10.0,Acetone,29.942184,19.942184448242188
10,Ammonia,50.0,Toluene,40.053688,9.946311950683594
10,Acetone,250.0,Ammonia,239.58331,10.41668701171875
10,Ammonia,600.0,Ammonia,524.9381,75.0618896484375
10,Acetone,150.0,Ethylene,142.17503,7.8249664306640625
10,Ammonia,1000.0,Ammonia,846.7126,153.28741455078125
10,Acetone,10.0,Acetone,32.86183,22.861831665039062
10,Ammonia,50.0,Toluene,37.208885,12.791114807128906
10,Acetone,50.0,Acetone,38.006195,11.993804931640625
10,Ammonia,200.0,Ammonia,211.98068,11.980682373046875
10,Acetone,100.0,Acetone,97.290695,2.7093048095703125
10,Ammonia,800.0,Ammonia,714.014,85.98602294921875
10,Acetone,200.0,Ethylene,197.47774,2.5222625732421875
10,Ammonia,400.0,Ammonia,392.28525,7.714752197265625
10,Acetone,250.0,Ammonia,249.07231,0.9276885986328125
10,Ammonia,600.0,Ammonia,553.3904,46.609619140625
10,Acetone,150.0,Ethylene,151.76242,1.762420654296875
10,Ammonia,1000.0,Ammonia,899.6659,100.3341064453125
10,Acetone,200.0,Ethylene,197.1694,2.830596923828125
10,Ammonia,400.0,Ammonia,401.39066,1.390655517578125
10,Acetone,10.0,Acetone,30.50914,20.509140014648438
10,Ammonia,50.0,Toluene,43.528816,6.471183776855469
10,Acetone,250.0,Ethylene,244.71251,5.2874908447265625
10,Ammonia,600.0,Ammonia,545.79095,54.20904541015625
10,Acetone,150.0,Ethylene,151.97751,1.977508544921875
10,Ammonia,1000.0,Ammonia,881.98413,118.015869140625
10,Acetone,50.0,Acetone,40.990593,9.009407043457031
10,Ammonia,200.0,Ammonia,217.56812,17.568115234375
10,Acetone,100.0,Acetone,84.991425,15.008575439453125
10,Ammonia,800.0,Ammonia,732.72003,67.27996826171875
10,Acetone,50.0,Acetone,40.181618,9.818382263183594
10,Ammonia,200.0,Ammonia,216.01837,16.01837158203125
10,Acetone,100.0,Acetone,88.129395,11.87060546875
10,Ammonia,800.0,Ammonia,737.2043,62.79571533203125
10,Acetone,200.0,Ethylene,196.88605,3.11395263671875
10,Ammonia,400.0,Ammonia,392.46936,7.5306396484375
10,Acetone,10.0,Acetone,31.541779,21.541778564453125
10,Ammonia,50.0,Toluene,50.97161,0.9716110229492188
10,Acetone,250.0,Ethylene,248.96814,1.0318603515625
10,Ammonia,600.0,Ammonia,561.9869,38.01312255859375
10,Acetone,150.0,Acetone,135.14378,14.856216430664062
10,Ammonia,1000.0,Ammonia,857.072,142.927978515625
10,Acetone,150.0,Ethylene,135.35219,14.647811889648438
10,Ammonia,1000.0,Ammonia,900.3505,99.64947509765625
10,Acetone,50.0,Acetone,35.244835,14.755165100097656
10,Ammonia,200.0,Ammonia,209.62225,9.62225341796875
10,Acetone,100.0,Acetone,74.890915,25.109085083007812
10,Ammonia,800.0,Ammonia,748.0629,51.93707275390625
10,Acetone,200.0,Ethylene,192.71829,7.281707763671875
10,Ammonia,400.0,Ammonia,419.61127,19.61126708984375
10,Acetone,10.0,Acetone,30.069733,20.069732666015625
10,Ammonia,50.0,Ammonia,55.705658,5.705657958984375
10,Acetone,250.0,Ethylene,245.47627,4.5237274169921875
10,Ammonia,600.0,Ammonia,581.15906,18.8409423828125
10,Acetone,250.0,Ethylene,241.00174,8.998260498046875
10,Ammonia,600.0,Ammonia,569.1136,30.88641357421875
10,Acetone,150.0,Ethylene,151.15987,1.1598663330078125
10,Ammonia,1000.0,Ammonia,918.9757,81.0242919921875
10,Acetone,10.0,Acetone,31.856422,21.856422424316406
10,Ammonia,50.0,Ammonia,58.48295,8.482948303222656
10,Acetone,50.0,Acetone,36.20423,13.795768737792969
10,Ammonia,200.0,Ammonia,212.12518,12.12518310546875
10,Acetone,100.0,Acetone,85.716866,14.283134460449219
10,Ammonia,800.0,Ammonia,849.83844,49.83843994140625
10,Acetone,200.0,Ethylene,195.62506,4.37493896484375
10,Ammonia,400.0,Ammonia,405.19705,5.197052001953125
10,Acetone,10.0,Acetone,32.48694,22.4869384765625
10,Ammonia,50.0,Ammonia,63.646507,13.646507263183594
10,Acetone,250.0,Ethylene,243.80032,6.199676513671875
10,Ammonia,600.0,Ammonia,560.98376,39.0162353515625
10,Acetone,150.0,Ethylene,151.03374,1.0337371826171875
10,Ammonia,1000.0,Ammonia,920.4578,79.54217529296875
10,Acetone,50.0,Acetone,37.57775,12.422248840332031
10,Ammonia,200.0,Ammonia,214.00473,14.004730224609375
10,Acetone,100.0,Acetone,86.99983,13.000167846679688
10,Ammonia,800.0,Ammonia,738.0357,61.96429443359375
10,Acetone,200.0,Ethylene,196.44672,3.55328369140625
10,Ammonia,400.0,Ammonia,404.4807,4.480712890625
10,Acetone,50.0,Acetone,39.148094,10.851905822753906
10,Ammonia,200.0,Ammonia,214.01872,14.018722534179688
10,Acetone,100.0,Acetone,88.70009,11.299911499023438
10,Ammonia,800.0,Ammonia,757.10675,42.89324951171875
10,Acetone,200.0,Ethylene,196.48398,3.516021728515625
10,Ammonia,400.0,Ammonia,406.16522,6.16522216796875
10,Acetone,10.0,Acetone,30.099907,20.09990692138672
10,Ammonia,50.0,Ammonia,62.457207,12.457206726074219
10,Acetone,250.0,Ethylene,243.98553,6.01446533203125
10,Ammonia,600.0,Ammonia,592.58057,7.41943359375
10,Acetone,150.0,Ethylene,152.59537,2.595367431640625
10,Ammonia,1000.0,Ammonia,963.8244,36.17559814453125
10,Acetone,10.0,Toluene,31.130768,21.130767822265625
10,Ammonia,50.0,Ammonia,57.917778,7.917778015136719
10,Acetone,250.0,Ethylene,236.72505,13.274948120117188
10,Ammonia,600.0,Ammonia,556.6426,43.357421875
10,Acetone,150.0,Acetone,152.74957,2.74957275390625
10,Ammonia,1000.0,Ammonia,952.94934,47.0506591796875
10,Acetone,50.0,Acetone,38.12435,11.875648498535156
10,Ammonia,200.0,Ammonia,215.77753,15.77752685546875
10,Acetone,100.0,Acetone,83.1785,16.821502685546875
10,Ammonia,800.0,Ammonia,778.19086,21.80914306640625
10,Acetone,200.0,Ethylene,197.49454,2.505462646484375
10,Ammonia,400.0,Ammonia,412.99747,12.997467041015625
10,Acetone,150.0,Ethylene,149.58508,0.4149169921875
10,Ammonia,1000.0,Ammonia,982.19965,17.80035400390625
10,Acetone,50.0,Acetone,33.161575,16.838424682617188
10,Ammonia,200.0,Ammonia,213.22159,13.221588134765625
10,Acetone,100.0,Acetone,73.40317,26.596832275390625
10,Ammonia,800.0,Ammonia,728.88196,71.1180419921875
10,Acetone,200.0,Ethylene,191.41606,8.583938598632812
10,Ammonia,400.0,Ammonia,397.04138,2.9586181640625
10,Acetone,10.0,Acetone,26.483467,16.48346710205078
10,Ammonia,50.0,Ammonia,54.967934,4.967933654785156
10,Acetone,250.0,Ethylene,237.45404,12.54595947265625
10,Ammonia,600.0,Ammonia,550.5857,49.414306640625
10,Acetone,50.0,Acetone,32.177887,17.822113037109375
10,Ammonia,200.0,Ammonia,210.62726,10.62725830078125
10,Acetone,100.0,Acetone,75.594765,24.405235290527344
10,Ammonia,800.0,Ammonia,728.6127,71.3873291015625
10,Acetone,200.0,Ethylene,192.61856,7.381439208984375
10,Ammonia,400.0,Ammonia,393.5732,6.426788330078125
10,Acetone,10.0,Acetone,22.881973,12.881973266601562
10,Ammonia,50.0,Ammonia,55.902153,5.902153015136719
10,Acetone,250.0,Ethylene,240.01276,9.98724365234375
10,Ammonia,600.0,Ammonia,568.2929,31.70709228515625
10,Acetone,150.0,Ethylene,141.62573,8.374267578125
10,Ammonia,1000.0,Ammonia,889.126,110.8740234375
10,Acetone,10.0,Acetone,24.364426,14.364425659179688
10,Ammonia,50.0,Ammonia,55.16291,5.162910461425781
10,Acetone,50.0,Acetone,33.531464,16.468536376953125
10,Ammonia,200.0,Ammonia,211.55386,11.553863525390625
10,Acetone,100.0,Acetone,71.74635,28.253646850585938
10,Ammonia,800.0,Ammonia,723.49304,76.5069580078125
10,Acetone,200.0,Ethylene,194.67148,5.328521728515625
10,Ammonia,400.0,Ammonia,399.1747,0.825286865234375
10,Acetone,250.0,Ethylene,243.13245,6.8675537109375
10,Ammonia,600.0,Ammonia,563.04724,36.9527587890625
10,Acetone,150.0,Ethylene,137.68758,12.312423706054688
10,Ammonia,1000.0,Ammonia,871.2899,128.7100830078125
10,Acetone,200.0,Ethylene,188.46611,11.533889770507812
10,Ammonia,400.0,Ammonia,396.53238,3.467620849609375
10,Acetone,10.0,Acetone,23.647316,13.647315979003906
10,Ammonia,50.0,Ammonia,52.279488,2.2794876098632812
10,Acetone,250.0,Ethylene,234.92116,15.078842163085938
10,Ammonia,600.0,Ammonia,555.4735,44.5264892578125
10,Acetone,150.0,Ethylene,140.70126,9.298736572265625
10,Ammonia,1000.0,Ammonia,885.1502,114.84979248046875
10,Acetone,50.0,Acetone,34.388374,15.611625671386719
10,Ammonia,200.0,Ammonia,209.3274,9.327392578125
10,Acetone,100.0,Acetone,75.14673,24.853271484375
10,Ammonia,800.0,Ammonia,749.61615,50.38385009765625
10,Acetone,50.0,Acetone,38.61196,11.388038635253906
10,Ammonia,200.0,Ammonia,212.0854,12.085403442382812
10,Acetone,100.0,Acetone,82.26248,17.737518310546875
10,Ammonia,800.0,Ammonia,731.0828,68.91717529296875
10,Acetone,200.0,Ethylene,196.73987,3.2601318359375
10,Ammonia,400.0,Ammonia,401.70087,1.70086669921875
10,Acetone,10.0,Acetone,30.671196,20.67119598388672
10,Ammonia,50.0,Ammonia,60.803368,10.803367614746094
10,Acetone,250.0,Ethylene,243.0734,6.926605224609375
10,Ammonia,600.0,Ammonia,570.4345,29.56549072265625
10,Acetone,150.0,Ethylene,150.6474,0.64739990234375
10,Ammonia,1000.0,Ammonia,926.73486,73.26513671875
10,Acetone,150.0,Ethylene,145.6158,4.3842010498046875
10,Ammonia,1000.0,Ammonia,896.9439,103.05609130859375
10,Acetone,50.0,Acetone,36.726875,13.273124694824219
10,Ammonia,200.0,Ammonia,209.53989,9.539886474609375
10,Acetone,100.0,Acetone,74.37181,25.628189086914062
10,Ammonia,800.0,Ammonia,747.46497,52.5350341796875
10,Acetone,200.0,Ethylene,189.75902,10.240982055664062
10,Ammonia,400.0,Ammonia,390.8687,9.13128662109375
10,Acetone,10.0,Acetone,29.170609,19.170608520507812
10,Ammonia,50.0,Ammonia,57.412117,7.412117004394531
10,Acetone,250.0,Ethylene,236.46634,13.533660888671875
10,Ammonia,600.0,Ammonia,557.593,42.406982421875
10,Acetone,250.0,Ethylene,241.53531,8.464691162109375
10,Ammonia,600.0,Ammonia,571.06036,28.93963623046875
10,Acetone,150.0,Ethylene,144.07271,5.9272918701171875
10,Ammonia,1000.0,Ammonia,861.6578,138.34222412109375
10,Acetone,10.0,Acetone,26.162819,16.162818908691406
10,Ammonia,50.0,Ammonia,52.51454,2.5145416259765625
10,Acetone,50.0,Acetone,34.234413,15.765586853027344
10,Ammonia,200.0,Ammonia,204.03246,4.0324554443359375
10,Acetone,100.0,Acetone,73.80678,26.193222045898438
10,Ammonia,800.0,Ammonia,736.22437,63.775634765625
10,Acetone,200.0,Ethylene,189.64767,10.352325439453125
10,Ammonia,400.0,Ammonia,385.32428,14.67572021484375
10,Acetone,10.0,Acetone,29.204697,19.204696655273438
10,Ammonia,50.0,Toluene,51.405075,1.4050750732421875
10,Acetone,250.0,Ethylene,236.26852,13.731475830078125
10,Ammonia,600.0,Ammonia,544.1334,55.8665771484375
10,Acetone,150.0,Ethylene,147.25906,2.740936279296875
10,Ammonia,1000.0,Ammonia,888.43317,111.56683349609375
10,Acetone,50.0,Acetone,37.980988,12.019012451171875
10,Ammonia,200.0,Ammonia,202.34027,2.34027099609375
10,Acetone,100.0,Acetone,80.95515,19.04485321044922
10,Ammonia,800.0,Ammonia,731.80414,68.19586181640625
10,Acetone,200.0,Ethylene,189.98878,10.011215209960938
10,Ammonia,400.0,Ammonia,383.544,16.45599365234375
10,Acetone,50.0,Acetone,37.3265,12.673500061035156
10,Ammonia,200.0,Ammonia,207.17677,7.1767730712890625
10,Acetone,100.0,Acetone,81.00195,18.998046875
10,Ammonia,800.0,Ammonia,714.92896,85.071044921875
10,Acetone,200.0,Ethylene,190.70609,9.293914794921875
10,Ammonia,400.0,Ammonia,374.1502,25.84979248046875
10,Acetone,10.0,Acetone,30.566551,20.566551208496094
10,Ammonia,50.0,Toluene,51.668465,1.6684646606445312
10,Acetone,250.0,Ethylene,234.25543,15.74456787109375
10,Ammonia,600.0,Ammonia,543.67365,56.32635498046875
10,Acetone,150.0,Ethylene,144.26575,5.7342529296875
10,Ammonia,1000.0,Ammonia,892.3814,107.61859130859375
10,Acetone,10.0,Acetone,13.879311,3.8793106079101562
10,Ammonia,50.0,Toluene,36.523064,13.476936340332031
10,Acetone,250.0,Ethylene,229.45956,20.540435791015625
10,Ammonia,600.0,Ammonia,481.9578,118.04220581054688
10,Acetone,150.0,Acetone,113.108406,36.89159393310547
10,Ammonia,1000.0,Ammonia,740.40485,259.59515380859375
10,Acetone,50.0,Acetone,30.768204,19.231796264648438
10,Ammonia,200.0,Ammonia,198.21135,1.7886505126953125
10,Acetone,100.0,Acetone,60.195816,39.80418395996094
10,Ammonia,800.0,Ammonia,632.64136,167.358642578125
10,Acetone,200.0,Ethylene,182.71815,17.281845092773438
10,Ammonia,400.0,Ammonia,354.22656,45.7734375
10,Acetone,150.0,Ethylene,122.54021,27.459793090820312
10,Ammonia,1000.0,Ammonia,779.3041,220.6959228515625
10,Acetone,50.0,Acetone,31.471596,18.528404235839844
10,Ammonia,200.0,Ammonia,201.48267,1.482666015625
10,Acetone,100.0,Acetone,60.175697,39.824302673339844
10,Ammonia,800.0,Ammonia,642.2587,157.74127197265625
10,Acetone,200.0,Ethylene,181.72203,18.277969360351562
10,Ammonia,400.0,Ammonia,358.67838,41.321624755859375
10,Acetone,10.0,Acetone,14.580093,4.5800933837890625
10,Ammonia,50.0,Toluene,38.941788,11.058212280273438
10,Acetone,250.0,Ethylene,229.16794,20.832061767578125
10,Ammonia,600.0,Ammonia,485.14886,114.85113525390625
10,Acetone,50.0,Acetone,28.676186,21.323814392089844
10,Ammonia,200.0,Ammonia,191.01035,8.989654541015625
10,Acetone,100.0,Acetone,56.442863,43.55713653564453
10,Ammonia,800.0,Ammonia,592.42035,207.57965087890625
10,Acetone,200.0,Ethylene,182.84833,17.15167236328125
10,Ammonia,400.0,Ammonia,336.72183,63.278167724609375
10,Acetone,10.0,Acetone,13.763397,3.763397216796875
10,Ammonia,50.0,Toluene,37.749252,12.250747680664062
10,Acetone,250.0,Ethylene,229.68593,20.314071655273438
10,Ammonia,600.0,Ammonia,472.82898,127.1710205078125
10,Acetone,150.0,Acetone,120.0259,29.974098205566406
10,Ammonia,1000.0,Ammonia,732.02966,267.9703369140625
10,Acetone,10.0,Acetone,13.639946,3.6399459838867188
10,Ammonia,50.0,Toluene,37.67906,12.320938110351562
10,Acetone,50.0,Acetone,29.233337,20.76666259765625
10,Ammonia,200.0,Ammonia,193.5028,6.4971923828125
10,Acetone,100.0,Acetone,56.26909,43.73091125488281
10,Ammonia,800.0,Ammonia,624.7492,175.25079345703125
10,Acetone,200.0,Ethylene,184.59146,15.408538818359375
10,Ammonia,400.0,Ammonia,353.45,46.54998779296875
10,Acetone,250.0,Ethylene,229.88605,20.11395263671875
10,Ammonia,600.0,Ammonia,494.84683,105.15316772460938
10,Acetone,150.0,Acetone,120.250824,29.749176025390625
10,Ammonia,1000.0,Ammonia,747.7098,252.29022216796875
10,Acetone,200.0,Ethylene,180.23346,19.76654052734375
10,Ammonia,400.0,Ammonia,354.0368,45.96319580078125
10,Acetone,10.0,Acetone,13.094284,3.0942840576171875
10,Ammonia,50.0,Toluene,40.996765,9.00323486328125
10,Acetone,250.0,Ethylene,228.21106,21.7889404296875
10,Ammonia,600.0,Ammonia,496.74667,103.25332641601562
10,Acetone,150.0,Acetone,118.25235,31.747650146484375
10,Ammonia,1000.0,Ammonia,776.50226,223.49774169921875
10,Acetone,50.0,Acetone,28.656654,21.343345642089844
10,Ammonia,200.0,Ammonia,197.9368,2.063201904296875
10,Acetone,100.0,Acetone,58.338295,41.661705017089844
10,Ammonia,800.0,Ammonia,651.3456,148.6544189453125
10,Acetone,50.0,Acetone,34.477577,15.522422790527344
10,Ammonia,200.0,Ammonia,208.62833,8.628326416015625
10,Acetone,100.0,Acetone,68.8714,31.12860107421875
10,Ammonia,800.0,Ammonia,682.33746,117.66253662109375
10,Acetone,200.0,Ethylene,187.70273,12.297271728515625
10,Ammonia,400.0,Ammonia,369.71927,30.280731201171875
10,Acetone,10.0,Acetone,24.082397,14.0823974609375
10,Ammonia,50.0,Toluene,54.102303,4.102302551269531
10,Acetone,250.0,Ethylene,236.17778,13.822219848632812
10,Ammonia,600.0,Ammonia,531.2749,68.72509765625
10,Acetone,150.0,Acetone,130.97432,19.025680541992188
10,Ammonia,1000.0,Ammonia,811.26056,188.73944091796875
10,Acetone,150.0,Acetone,123.28431,26.71569061279297
10,Ammonia,1000.0,Ammonia,813.8427,186.15728759765625
10,Acetone,50.0,Acetone,30.95028,19.049720764160156
10,Ammonia,200.0,Ammonia,201.03223,1.0322265625
10,Acetone,100.0,Acetone,62.32979,37.67021179199219
10,Ammonia,800.0,Ammonia,682.01776,117.98223876953125
10,Acetone,200.0,Ethylene,187.5212,12.478805541992188
10,Ammonia,400.0,Ammonia,378.31717,21.682830810546875
10,Acetone,10.0,Acetone,16.952103,6.9521026611328125
10,Ammonia,50.0,Ammonia,59.91358,9.913581848144531
10,Acetone,250.0,Ethylene,235.78223,14.2177734375
10,Ammonia,600.0,Ammonia,536.77277,63.22723388671875
10,Acetone,250.0,Ethylene,236.25288,13.747116088867188
10,Ammonia,600.0,Ammonia,540.9079,59.09210205078125
10,Acetone,150.0,Acetone,124.93356,25.066436767578125
10,Ammonia,1000.0,Ammonia,839.7213,160.2786865234375
10,Acetone,10.0,Acetone,17.850655,7.850654602050781
10,Ammonia,50.0,Ammonia,57.7894,7.789398193359375
10,Acetone,50.0,Acetone,30.365547,19.63445281982422
10,Ammonia,200.0,Ammonia,205.30838,5.308380126953125
10,Acetone,100.0,Acetone,55.35791,44.64208984375
10,Ammonia,800.0,Ammonia,674.6017,125.3983154296875
10,Acetone,200.0,Ethylene,187.27742,12.722579956054688
10,Ammonia,400.0,Ammonia,385.25473,14.745269775390625
10,Acetone,10.0,Acetone,15.259064,5.259063720703125
10,Ammonia,50.0,Ammonia,56.7844,6.784400939941406
10,Acetone,250.0,Ethylene,234.50171,15.498291015625
10,Ammonia,600.0,Ammonia,540.9101,59.08990478515625
10,Acetone,150.0,Acetone,125.35005,24.649948120117188
10,Ammonia,1000.0,Ammonia,824.671,175.3289794921875
10,Acetone,50.0,Acetone,30.027481,19.972518920898438
10,Ammonia,200.0,Ammonia,210.1807,10.180694580078125
10,Acetone,100.0,Acetone,63.094513,36.905487060546875
10,Ammonia,800.0,Ammonia,683.75085,116.2491455078125
10,Acetone,200.0,Ethylene,185.94705,14.052947998046875
10,Ammonia,400.0,Ammonia,383.06354,16.93646240234375
10,Acetone,50.0,Acetone,30.802711,19.197288513183594
10,Ammonia,200.0,Ammonia,207.1734,7.17340087890625
10,Acetone,100.0,Acetone,62.278732,37.72126770019531
10,Ammonia,800.0,Ammonia,684.9566,115.04339599609375
10,Acetone,200.0,Ethylene,186.4308,13.569198608398438
10,Ammonia,400.0,Ammonia,384.7886,15.211395263671875
10,Acetone,10.0,Acetone,15.244156,5.2441558837890625
10,Ammonia,50.0,Ammonia,55.145317,5.145317077636719
10,Acetone,250.0,Ethylene,234.75961,15.240386962890625
10,Ammonia,600.0,Ammonia,538.3811,61.618896484375
10,Acetone,150.0,Acetone,125.28253,24.71746826171875
10,Ammonia,1000.0,Ammonia,818.20905,181.79095458984375
10,Acetone,10.0,Acetone,15.452362,5.452362060546875
10,Ammonia,50.0,Ammonia,54.845413,4.8454132080078125
10,Acetone,250.0,Ethylene,228.99507,21.004928588867188
10,Ammonia,600.0,Ammonia,531.0545,68.94549560546875
10,Acetone,150.0,Acetone,126.13323,23.86676788330078
10,Ammonia,1000.0,Ammonia,825.4836,174.51641845703125
10,Acetone,50.0,Acetone,28.806717,21.193283081054688
10,Ammonia,200.0,Ammonia,205.21521,5.2152099609375
10,Acetone,100.0,Acetone,57.016342,42.98365783691406
10,Ammonia,800.0,Ammonia,690.50244,109.49755859375
10,Acetone,200.0,Ethylene,185.8882,14.111801147460938
10,Ammonia,400.0,Ammonia,381.0494,18.950592041015625
10,Acetone,150.0,Ethylene,132.46431,17.535690307617188
10,Ammonia,1000.0,Ammonia,837.5463,162.45367431640625
10,Acetone,50.0,Acetone,27.624725,22.375274658203125
10,Ammonia,200.0,Ammonia,206.54236,6.5423583984375
10,Acetone,100.0,Acetone,67.2788,32.72119903564453
10,Ammonia,800.0,Ammonia,715.2109,84.78912353515625
10,Acetone,200.0,Ethylene,188.05893,11.941070556640625
10,Ammonia,400.0,Ammonia,387.99347,12.00653076171875
10,Acetone,10.0,Acetone,22.52951,12.529510498046875
10,Ammonia,50.0,Ammonia,60.108986,10.108985900878906
10,Acetone,250.0,Ethylene,231.14822,18.851776123046875
10,Ammonia,600.0,Ammonia,536.1353,63.86468505859375
10,Acetone,50.0,Acetone,30.015427,19.984573364257812
10,Ammonia,200.0,Ammonia,210.5466,10.546600341796875
10,Acetone,100.0,Acetone,76.660965,23.339035034179688
10,Ammonia,800.0,Ammonia,678.6012,121.3988037109375
10,Acetone,200.0,Ethylene,185.19873,14.80126953125
10,Ammonia,400.0,Ammonia,389.27042,10.729583740234375
10,Acetone,10.0,Acetone,19.920876,9.920875549316406
10,Ammonia,50.0,Ammonia,54.358223,4.358222961425781
10,Acetone,250.0,Ethylene,233.75816,16.241836547851562
10,Ammonia,600.0,Ammonia,542.08673,57.91326904296875
10,Acetone,150.0,Acetone,124.60976,25.390243530273438
10,Ammonia,1000.0,Ammonia,895.16003,104.8399658203125
10,Acetone,10.0,Acetone,25.591331,15.591331481933594
10,Ammonia,50.0,Ammonia,60.05951,10.05950927734375
10,Acetone,50.0,Acetone,38.535294,11.464706420898438
10,Ammonia,200.0,Ammonia,213.77603,13.776031494140625
10,Acetone,100.0,Acetone,70.08691,29.91309356689453
10,Ammonia,800.0,Ammonia,724.7149,75.28509521484375
10,Acetone,200.0,Ethylene,192.72849,7.271514892578125
10,Ammonia,400.0,Ammonia,398.44016,1.559844970703125
10,Acetone,250.0,Ethylene,244.27571,5.7242889404296875
10,Ammonia,600.0,Ammonia,540.8059,59.194091796875
10,Acetone,150.0,Acetone,122.800995,27.199005126953125
10,Ammonia,1000.0,Ammonia,816.6102,183.3897705078125
10,Acetone,200.0,Ethylene,178.1242,21.87579345703125
10,Ammonia,400.0,Ammonia,382.57956,17.420440673828125
10,Acetone,10.0,Acetone,14.860962,4.8609619140625
10,Ammonia,50.0,Ammonia,53.77694,3.7769393920898438
10,Acetone,250.0,Ethylene,229.40454,20.595458984375
10,Ammonia,600.0,Ammonia,545.9775,54.02252197265625
10,Acetone,150.0,Acetone,120.52139,29.478607177734375
10,Ammonia,1000.0,Ammonia,815.58234,184.41766357421875
10,Acetone,50.0,Acetone,29.096642,20.903358459472656
10,Ammonia,200.0,Ammonia,198.6388,1.3612060546875
10,Acetone,100.0,Acetone,56.874214,43.12578582763672
10,Ammonia,800.0,Ammonia,677.9628,122.03717041015625
10,Acetone,50.0,Acetone,29.625359,20.37464141845703
10,Ammonia,200.0,Ammonia,208.73035,8.7303466796875
10,Acetone,100.0,Acetone,53.357956,46.64204406738281
10,Ammonia,800.0,Ammonia,679.52185,120.4781494140625
10,Acetone,200.0,Ethylene,182.97758,17.022415161132812
10,Ammonia,400.0,Ammonia,382.99103,17.00897216796875
10,Acetone,10.0,Acetone,15.000916,5.00091552734375
10,Ammonia,50.0,Ammonia,53.294556,3.2945556640625
10,Acetone,250.0,Ethylene,229.9957,20.004302978515625
10,Ammonia,600.0,Ammonia,531.33417,68.66583251953125
10,Acetone,150.0,Acetone,119.278366,30.721633911132812
10,Ammonia,1000.0,Ammonia,806.32477,193.67523193359375
10,Acetone,150.0,Acetone,108.83829,41.161712646484375
10,Ammonia,1000.0,Ammonia,803.8772,196.122802734375
10,Acetone,50.0,Acetone,32.120514,17.879486083984375
10,Ammonia,200.0,Ammonia,206.81506,6.8150634765625
10,Acetone,100.0,Acetone,53.252098,46.747901916503906
10,Ammonia,800.0,Ammonia,665.47766,134.5223388671875
10,Acetone,200.0,Ethylene,184.40324,15.596755981445312
10,Ammonia,400.0,Ammonia,376.6282,23.371795654296875
10,Acetone,10.0,Acetone,14.851875,4.851875305175781
10,Ammonia,50.0,Ammonia,52.600586,2.6005859375
10,Acetone,250.0,Ethylene,227.35611,22.643890380859375
10,Ammonia,600.0,Ammonia,529.00793,70.9920654296875
10,Acetone,250.0,Ethylene,228.28983,21.710174560546875
10,Ammonia,600.0,Ammonia,520.9719,79.028076171875
10,Acetone,150.0,Acetone,111.37979,38.620208740234375
10,Ammonia,1000.0,Ammonia,781.26025,218.73974609375
10,Acetone,10.0,Acetone,14.385368,4.385368347167969
10,Ammonia,50.0,Ammonia,53.529,3.5289993286132812
10,Acetone,50.0,Acetone,28.224098,21.775901794433594
10,Ammonia,200.0,Ammonia,211.55804,11.55804443359375
10,Acetone,100.0,Acetone,53.791695,46.20830535888672
10,Ammonia,800.0,Ammonia,685.5607,114.43927001953125
10,Acetone,200.0,Ethylene,181.17473,18.825271606445312
10,Ammonia,400.0,Ammonia,385.26068,14.73931884765625
10,Acetone,10.0,Acetone,13.570702,3.5707015991210938
10,Ammonia,50.0,Ammonia,52.077545,2.077545166015625
10,Acetone,250.0,Ethylene,220.33032,29.669677734375
10,Ammonia,600.0,Ammonia,541.807,58.1929931640625
10,Acetone,150.0,Acetone,115.02593,34.97406768798828
10,Ammonia,1000.0,Ammonia,825.4567,174.54327392578125
10,Acetone,50.0,Acetone,26.419228,23.580772399902344
10,Ammonia,200.0,Ammonia,210.52704,10.52703857421875
10,Acetone,100.0,Acetone,57.694748,42.30525207519531
10,Ammonia,800.0,Ammonia,690.29517,109.704833984375
10,Acetone,200.0,Ethylene,178.4513,21.5487060546875
10,Ammonia,400.0,Ammonia,384.3787,15.621307373046875
10,Acetone,50.0,Acetone,27.420448,22.579551696777344
10,Ammonia,200.0,Ammonia,216.73813,16.738128662109375
10,Acetone,100.0,Acetone,53.893982,46.10601806640625
10,Ammonia,800.0,Ammonia,696.3752,103.62481689453125
10,Acetone,200.0,Ethylene,179.2181,20.781906127929688
10,Ammonia,400.0,Ammonia,387.6011,12.398895263671875
10,Acetone,10.0,Acetone,13.236481,3.236480712890625
10,Ammonia,50.0,Ammonia,55.26999,5.269989013671875
10,Acetone,250.0,Ethylene,232.61081,17.389190673828125
10,Ammonia,600.0,Ammonia,540.2672,59.7327880859375
10,Acetone,150.0,Acetone,118.36935,31.630653381347656
10,Ammonia,1000.0,Ammonia,827.30444,172.695556640625
10,Ethylene,10.0,Acetone,13.598106,3.5981063842773438
10,Ammonia,50.0,Ammonia,50.103226,0.1032257080078125
10,Ethylene,250.0,Ethylene,121.81603,128.18396759033203
10,Ammonia,600.0,Ammonia,513.72174,86.27825927734375
10,Ethylene,150.0,Ethylene,84.78042,65.2195816040039
10,Ammonia,1000.0,Ammonia,773.95435,226.045654296875
10,Ethylene,50.0,Ethylene,26.059792,23.940208435058594
10,Ammonia,200.0,Ammonia,205.28848,5.288482666015625
10,Ethylene,100.0,Ethylene,51.078224,48.921775817871094
10,Ammonia,800.0,Ammonia,660.14624,139.853759765625
10,Ethylene,200.0,Ethylene,98.60231,101.39768981933594
10,Ammonia,400.0,Ammonia,371.88287,28.11712646484375
10,Ethylene,150.0,Ethylene,85.566666,64.43333435058594
10,Ammonia,1000.0,Ammonia,767.97864,232.0213623046875
10,Ethylene,50.0,Ethylene,27.021011,22.978988647460938
10,Ammonia,200.0,Ammonia,197.7881,2.2118988037109375
10,Ethylene,100.0,Ethylene,57.64834,42.351661682128906
10,Ammonia,800.0,Ammonia,627.7169,172.2830810546875
10,Ethylene,200.0,Ethylene,100.154976,99.84502410888672
10,Ammonia,400.0,Ammonia,362.44196,37.55804443359375
10,Ethylene,10.0,Toluene,24.417282,14.417282104492188
10,Ammonia,50.0,Ammonia,59.776978,9.7769775390625
10,Ethylene,250.0,Ethylene,135.60359,114.39640808105469
10,Ammonia,600.0,Ammonia,547.54443,52.45556640625
10,Ethylene,50.0,Ethylene,42.01265,7.9873504638671875
10,Ammonia,200.0,Ammonia,199.10916,0.890838623046875
10,Ethylene,100.0,Ethylene,72.45159,27.54840850830078
10,Ammonia,800.0,Ammonia,659.2824,140.71759033203125
10,Ethylene,200.0,Ethylene,113.97571,86.0242919921875
10,Ammonia,400.0,Ammonia,365.40814,34.59185791015625
10,Ethylene,10.0,Toluene,29.739128,19.73912811279297
10,Ammonia,50.0,Ammonia,66.51338,16.513381958007812
10,Ethylene,250.0,Ethylene,141.27454,108.7254638671875
10,Ammonia,600.0,Ammonia,524.2346,75.765380859375
10,Ethylene,150.0,Ethylene,99.97266,50.02734375
10,Ammonia,1000.0,Ammonia,827.53595,172.46405029296875
10,Ethylene,10.0,Toluene,29.53907,19.53907012939453
10,Ammonia,50.0,Ammonia,69.643524,19.643524169921875
10,Ethylene,50.0,Toluene,45.295624,4.704376220703125
10,Ammonia,200.0,Ammonia,197.25761,2.7423858642578125
10,Ethylene,100.0,Ethylene,77.14031,22.85968780517578
10,Ammonia,800.0,Ammonia,678.91504,121.0849609375
10,Ethylene,200.0,Ethylene,115.92105,84.07894897460938
10,Ammonia,400.0,Ammonia,375.99484,24.005157470703125
10,Ethylene,250.0,Ammonia,143.35692,106.64308166503906
10,Ammonia,600.0,Ammonia,531.2181,68.78192138671875
10,Ethylene,150.0,Ethylene,101.13608,48.863922119140625
10,Ammonia,1000.0,Ammonia,835.80884,164.191162109375
10,Ethylene,200.0,Ethylene,117.86858,82.13141632080078
10,Ammonia,400.0,Ammonia,372.02393,27.97607421875
10,Ethylene,10.0,Toluene,20.355202,10.355201721191406
10,Ammonia,50.0,Ammonia,69.53194,19.531936645507812
10,Ethylene,250.0,Ammonia,142.93492,107.06507873535156
10,Ammonia,600.0,Ammonia,531.8884,68.111572265625
10,Ethylene,150.0,Ethylene,101.74654,48.25346374511719
10,Ammonia,1000.0,Ammonia,833.3884,166.611572265625
10,Ethylene,50.0,Toluene,47.566162,2.433837890625
10,Ammonia,200.0,Ammonia,201.41833,1.4183349609375
10,Ethylene,100.0,Ethylene,75.46054,24.539459228515625
10,Ammonia,800.0,Ammonia,711.79553,88.2044677734375
10,Ethylene,50.0,Ethylene,43.662613,6.3373870849609375
10,Ammonia,200.0,Ammonia,206.95596,6.955963134765625
10,Ethylene,100.0,Ethylene,78.407425,21.592575073242188
10,Ammonia,800.0,Ammonia,717.55475,82.44525146484375
10,Ethylene,200.0,Ethylene,119.63811,80.36189270019531
10,Ammonia,400.0,Ammonia,383.8472,16.152801513671875
10,Ethylene,10.0,Toluene,27.722313,17.722312927246094
10,Ammonia,50.0,Ammonia,73.65648,23.656478881835938
10,Ethylene,250.0,Ethylene,143.92932,106.0706787109375
10,Ammonia,600.0,Ammonia,540.10034,59.899658203125
10,Ethylene,150.0,Ethylene,99.72879,50.271209716796875
10,Ammonia,1000.0,Ammonia,869.503,130.49700927734375
10,Ethylene,150.0,Ethylene,99.62529,50.37471008300781
10,Ammonia,1000.0,Ammonia,886.061,113.93902587890625
10,Ethylene,50.0,Toluene,40.637695,9.3623046875
10,Ammonia,200.0,Ammonia,205.0163,5.01629638671875
10,Ethylene,100.0,Ethylene,82.490814,17.509185791015625
10,Ammonia,800.0,Ammonia,712.20905,87.79095458984375
10,Ethylene,200.0,Ethylene,116.57362,83.42637634277344
10,Ammonia,400.0,Ammonia,385.33026,14.66973876953125
10,Ethylene,10.0,Toluene,24.87349,14.873489379882812
10,Ammonia,50.0,Ammonia,69.57468,19.574676513671875
10,Ethylene,250.0,Ethylene,135.71854,114.28146362304688
10,Ammonia,600.0,Ammonia,540.6955,59.30450439453125
10,Ethylene,250.0,Ethylene,136.03299,113.96701049804688
10,Ammonia,600.0,Ammonia,541.4641,58.535888671875
10,Ethylene,150.0,Ethylene,88.94299,61.0570068359375
10,Ammonia,1000.0,Ammonia,818.3173,181.68267822265625
10,Ethylene,10.0,Acetone,14.17131,4.1713104248046875
10,Ammonia,50.0,Ammonia,54.59658,4.596580505371094
10,Ethylene,50.0,Ethylene,25.576233,24.42376708984375
10,Ammonia,200.0,Ammonia,210.44495,10.4449462890625
10,Ethylene,100.0,Ethylene,65.8909,34.109100341796875
10,Ammonia,800.0,Ammonia,674.0276,125.972412109375
10,Ethylene,200.0,Ethylene,105.74832,94.25167846679688
10,Ammonia,400.0,Ammonia,385.06622,14.93377685546875
10,Ethylene,10.0,Acetone,13.05526,3.0552597045898438
10,Ammonia,50.0,Ammonia,53.49539,3.495391845703125
10,Ethylene,250.0,Ethylene,137.82416,112.17584228515625
10,Ammonia,600.0,Ammonia,536.6818,63.31817626953125
10,Ethylene,150.0,Ethylene,88.35154,61.648460388183594
10,Ammonia,1000.0,Ammonia,825.1185,174.8814697265625
10,Ethylene,50.0,Ethylene,26.375786,23.62421417236328
10,Ammonia,200.0,Ammonia,209.87651,9.876510620117188
10,Ethylene,100.0,Ethylene,63.817432,36.18256759643555
10,Ammonia,800.0,Ammonia,679.68896,120.31103515625
10,Ethylene,200.0,Ethylene,106.550705,93.44929504394531
10,Ammonia,400.0,Ammonia,381.14722,18.852783203125
10,Ethylene,50.0,Ethylene,27.016579,22.983421325683594
10,Ammonia,200.0,Ammonia,212.48322,12.48321533203125
10,Ethylene,100.0,Ethylene,61.423416,38.57658386230469
10,Ammonia,800.0,Ammonia,678.07904,121.92095947265625
10,Ethylene,200.0,Ethylene,106.865585,93.13441467285156
10,Ammonia,400.0,Ammonia,384.21146,15.788543701171875
10,Ethylene,10.0,Acetone,13.231964,3.231964111328125
10,Ammonia,50.0,Ammonia,52.848938,2.84893798828125
10,Ethylene,250.0,Ethylene,134.70001,115.29998779296875
10,Ammonia,600.0,Ammonia,534.85077,65.14923095703125
10,Ethylene,150.0,Ethylene,85.26668,64.73332214355469
10,Ammonia,1000.0,Ammonia,806.2679,193.73211669921875
10,Toluene,1.0,Acetone,8.901398,7.901397705078125
10,Ethanol,50.0,Acetone,37.340546,12.659454345703125
10,Toluene,100.0,Acetone,90.61354,9.386459350585938
10,Ethanol,600.0,Acetone,342.92706,257.07293701171875
10,Toluene,60.0,Acetone,52.18273,7.817268371582031
10,Ethanol,1000.0,Acetone,595.6746,404.32537841796875
10,Toluene,20.0,Toluene,29.953491,9.9534912109375
10,Ethanol,200.0,Acetone,120.373085,79.62691497802734
10,Toluene,40.0,Acetone,40.259666,0.25966644287109375
10,Ethanol,800.0,Ammonia,471.88287,328.11712646484375
10,Toluene,80.0,Acetone,65.00028,14.999717712402344
10,Ethanol,400.0,Ammonia,235.96262,164.03738403320312
10,Toluene,60.0,Acetone,58.017357,1.9826431274414062
10,Ethanol,1000.0,Ammonia,585.65735,414.3426513671875
10,Toluene,20.0,Toluene,30.737549,10.737548828125
10,Ethanol,200.0,Acetone,122.62053,77.37947082519531
10,Toluene,40.0,Toluene,43.984962,3.9849624633789062
10,Ethanol,800.0,Acetone,468.90237,331.0976257324219
10,Toluene,80.0,Acetone,69.85568,10.144317626953125
10,Ethanol,400.0,Ammonia,236.36751,163.6324920654297
10,Toluene,1.0,Acetone,12.0158,11.015800476074219
10,Ethanol,50.0,Acetone,40.576553,9.423446655273438
10,Toluene,100.0,Acetone,98.402824,1.5971755981445312
10,Ethanol,600.0,Acetone,355.80673,244.19326782226562
10,Toluene,20.0,Toluene,29.202087,9.20208740234375
10,Ethanol,200.0,Ethylene,125.42632,74.57367706298828
10,Toluene,40.0,Acetone,40.0701,0.070098876953125
10,Ethanol,800.0,Acetone,485.32004,314.6799621582031
10,Toluene,80.0,Acetone,60.964226,19.03577423095703
10,Ethanol,400.0,Acetone,241.23071,158.769287109375
10,Toluene,1.0,Acetone,9.777939,8.777938842773438
10,Ethanol,50.0,Acetone,40.304405,9.695594787597656
10,Toluene,100.0,Acetone,92.97975,7.0202484130859375
10,Ethanol,600.0,Ammonia,357.6303,242.36968994140625
10,Toluene,60.0,Ethylene,57.417534,2.5824661254882812
10,Ethanol,1000.0,Acetone,594.18616,405.8138427734375
10,Toluene,1.0,Acetone,8.475372,7.475372314453125
10,Ethanol,50.0,Acetone,37.22278,12.7772216796875
10,Toluene,20.0,Toluene,28.344292,8.344291687011719
10,Ethanol,200.0,Acetone,123.39607,76.60392761230469
10,Toluene,40.0,Ethylene,38.87773,1.1222686767578125
10,Ethanol,800.0,Acetone,483.84418,316.15582275390625
10,Toluene,80.0,Acetone,59.654823,20.345176696777344
10,Ethanol,400.0,Acetone,235.55316,164.44683837890625
10,Toluene,100.0,Acetone,84.74387,15.256126403808594
10,Ethanol,600.0,Acetone,359.95572,240.04428100585938
10,Toluene,60.0,Acetone,49.0718,10.928199768066406
10,Ethanol,1000.0,Acetone,587.8514,412.14862060546875
10,Toluene,80.0,Acetone,61.06916,18.93083953857422
10,Ethanol,400.0,Acetone,238.89355,161.1064453125
10,Toluene,1.0,Acetone,9.0867,8.086700439453125
10,Ethanol,50.0,Acetone,38.05529,11.944709777832031
10,Toluene,100.0,Acetone,89.97925,10.020751953125
10,Ethanol,600.0,Acetone,352.03375,247.96624755859375
10,Toluene,60.0,Ethylene,51.0607,8.939300537109375
10,Ethanol,1000.0,Acetone,580.90045,419.09954833984375
10,Toluene,20.0,Toluene,30.378616,10.378616333007812
10,Ethanol,200.0,Acetone,119.774216,80.22578430175781
10,Toluene,40.0,Acetone,41.15503,1.155029296875
10,Ethanol,800.0,Acetone,475.55347,324.446533203125
10,Toluene,20.0,Toluene,28.546738,8.546737670898438
10,Ethanol,200.0,Ammonia,144.79025,55.209747314453125
10,Toluene,40.0,Acetone,37.22151,2.7784881591796875
10,Ethanol,800.0,Acetone,473.22903,326.7709655761719
10,Toluene,80.0,Acetone,61.562874,18.43712615966797
10,Ethanol,400.0,Acetone,236.36322,163.63677978515625
10,Toluene,1.0,Acetone,9.543404,8.543403625488281
10,Ethanol,50.0,Acetone,37.819206,12.180793762207031
10,Toluene,100.0,Acetone,88.99028,11.009719848632812
10,Ethanol,600.0,Acetone,356.416,243.58401489257812
10,Toluene,60.0,Acetone,52.744576,7.255424499511719
10,Ethanol,1000.0,Acetone,571.89417,428.1058349609375
10,Toluene,60.0,Acetone,46.92028,13.079719543457031
10,Ethanol,1000.0,Acetone,590.40186,409.59814453125
10,Toluene,20.0,Toluene,28.334824,8.334823608398438
10,Ethanol,200.0,Acetone,117.8116,82.18840026855469
10,Toluene,40.0,Ethylene,38.446945,1.5530548095703125
10,Ethanol,800.0,Acetone,471.22437,328.775634765625
10,Toluene,80.0,Acetone,60.581497,19.418502807617188
10,Ethanol,400.0,Acetone,236.06277,163.93722534179688
10,Toluene,1.0,Acetone,8.802376,7.802375793457031
10,Ethanol,50.0,Acetone,36.182053,13.817947387695312
10,Toluene,100.0,Acetone,88.29402,11.705978393554688
10,Ethanol,600.0,Acetone,356.9485,243.051513671875
10,Toluene,100.0,Ethylene,84.748245,15.251754760742188
10,Ethanol,600.0,Acetone,357.3731,242.62689208984375
10,Toluene,60.0,Acetone,47.612854,12.38714599609375
10,Ethanol,1000.0,Acetone,579.1899,420.81011962890625
10,Toluene,1.0,Acetone,7.912842,6.912841796875
10,Ethanol,50.0,Acetone,35.633324,14.366676330566406
10,Toluene,20.0,Toluene,27.891693,7.891693115234375
10,Ethanol,200.0,Acetone,120.49278,79.50721740722656
10,Toluene,40.0,Ethylene,40.23581,0.235809326171875
10,Ethanol,800.0,Acetone,464.96176,335.0382385253906
10,Toluene,80.0,Acetone,59.546265,20.4537353515625
10,Ethanol,400.0,Acetone,234.60068,165.39932250976562
10,Toluene,1.0,Acetone,10.678352,9.678352355957031
10,Ethanol,50.0,Acetone,34.561996,15.438003540039062
10,Toluene,100.0,Acetone,87.605576,12.394424438476562
10,Ethanol,600.0,Acetone,353.60773,246.39227294921875
10,Toluene,60.0,Acetone,51.46823,8.531768798828125
10,Ethanol,1000.0,Acetone,574.8335,425.16650390625
10,Toluene,20.0,Toluene,28.691353,8.691352844238281
10,Ethanol,200.0,Acetone,118.578384,81.42161560058594
10,Toluene,40.0,Acetone,38.561623,1.4383773803710938
10,Ethanol,800.0,Acetone,465.58362,334.4163818359375
10,Toluene,80.0,Acetone,61.076096,18.923904418945312
10,Ethanol,400.0,Acetone,235.02791,164.9720916748047
10,Toluene,20.0,Toluene,27.887695,7.8876953125
10,Ethanol,200.0,Acetone,122.60521,77.39479064941406
10,Toluene,40.0,Acetone,40.411552,0.41155242919921875
10,Ethanol,800.0,Acetone,463.33572,336.6642761230469
10,Toluene,80.0,Acetone,63.027863,16.972137451171875
10,Ethanol,400.0,Acetone,235.11563,164.88436889648438
10,Toluene,1.0,Acetone,10.911118,9.911117553710938
10,Ethanol,50.0,Acetone,35.736496,14.263504028320312
10,Toluene,100.0,Acetone,89.168724,10.831275939941406
10,Ethanol,600.0,Acetone,355.2372,244.76278686523438
10,Toluene,60.0,Acetone,52.622917,7.377082824707031
10,Ethanol,1000.0,Acetone,570.58026,429.41973876953125
10,Toluene,1.0,Acetone,7.059952,6.0599517822265625
10,Ethanol,50.0,Acetaldehyde,30.082481,19.917518615722656
10,Toluene,100.0,Ethylene,61.33512,38.664878845214844
10,Ethanol,600.0,Ethanol,507.89838,92.10162353515625
10,Toluene,60.0,Toluene,35.534393,24.465606689453125
10,Ethanol,1000.0,Ethanol,923.4721,76.52789306640625
10,Toluene,20.0,Toluene,28.356018,8.35601806640625
10,Ethanol,200.0,Ethanol,136.06767,63.93232727050781
10,Toluene,40.0,Toluene,29.344025,10.655975341796875
10,Ethanol,800.0,Ethanol,703.3424,96.6575927734375
10,Toluene,80.0,Toluene,51.663536,28.336463928222656
10,Ethanol,400.0,Ethanol,337.43887,62.561126708984375
10,Toluene,60.0,Toluene,33.51487,26.485130310058594
10,Ethanol,1000.0,Ethanol,919.8378,80.16217041015625
10,Toluene,20.0,Toluene,26.941925,6.941925048828125
10,Ethanol,200.0,Ethanol,131.04938,68.95062255859375
10,Toluene,40.0,Toluene,28.76448,11.235519409179688
10,Ethanol,800.0,Ethanol,707.0885,92.9114990234375
10,Toluene,80.0,Toluene,38.65088,41.34912109375
10,Ethanol,400.0,Ethanol,310.7228,89.27719116210938
10,Toluene,1.0,Acetone,6.020294,5.020294189453125
10,Ethanol,50.0,Acetaldehyde,29.93998,20.060020446777344
10,Toluene,100.0,Toluene,46.438354,53.5616455078125
10,Ethanol,600.0,Ethanol,513.2091,86.7908935546875
10,Toluene,20.0,Toluene,25.254387,5.254386901855469
10,Ethanol,200.0,Ethanol,137.46373,62.53627014160156
10,Toluene,40.0,Toluene,28.728836,11.271163940429688
10,Ethanol,800.0,Ethanol,716.6258,83.37420654296875
10,Toluene,80.0,Toluene,37.136696,42.863304138183594
10,Ethanol,400.0,Ethanol,313.79987,86.20013427734375
10,Toluene,1.0,Acetone,8.738518,7.738517761230469
10,Ethanol,50.0,Acetaldehyde,32.290123,17.709877014160156
10,Toluene,100.0,Toluene,41.636406,58.36359405517578
10,Ethanol,600.0,Ethanol,524.4192,75.580810546875
10,Toluene,60.0,Toluene,30.536987,29.4630126953125
10,Ethanol,1000.0,Ethanol,945.19666,54.8033447265625
10,Toluene,1.0,Acetone,7.2597275,6.259727478027344
10,Ethanol,50.0,Acetaldehyde,28.909729,21.09027099609375
10,Toluene,20.0,Toluene,25.569107,5.5691070556640625
10,Ethanol,200.0,Ethanol,140.23494,59.76506042480469
10,Toluene,40.0,Toluene,27.718285,12.281715393066406
10,Ethanol,800.0,Ethanol,732.8594,67.140625
10,Toluene,80.0,Toluene,36.056244,43.943756103515625
10,Ethanol,400.0,Ethanol,327.55887,72.44113159179688
10,Toluene,100.0,Toluene,42.257065,57.74293518066406
10,Ethanol,600.0,Ethanol,536.4102,63.58978271484375
10,Toluene,60.0,Toluene,28.138123,31.86187744140625
10,Ethanol,1000.0,Ethanol,1072.564,72.56396484375
10,Toluene,80.0,Toluene,33.609108,46.390892028808594
10,Ethanol,400.0,Ethanol,316.97842,83.02157592773438
10,Toluene,1.0,Ethylene,8.897812,7.8978118896484375
10,Ethanol,50.0,Acetaldehyde,27.866714,22.133285522460938
10,Toluene,100.0,Toluene,43.119675,56.88032531738281
10,Ethanol,600.0,Ethanol,528.4614,71.53857421875
10,Toluene,60.0,Toluene,29.33097,30.669029235839844
10,Ethanol,1000.0,Ethanol,943.0735,56.926513671875
10,Toluene,20.0,Toluene,24.382935,4.3829345703125
10,Ethanol,200.0,Ethanol,135.87648,64.12351989746094
10,Toluene,40.0,Toluene,27.332947,12.66705322265625
10,Ethanol,800.0,Ethanol,738.57227,61.427734375
10,Toluene,20.0,Toluene,24.716408,4.716407775878906
10,Ethanol,200.0,Ethanol,135.86159,64.13841247558594
10,Toluene,40.0,Toluene,26.074455,13.925544738769531
10,Ethanol,800.0,Ethanol,744.79724,55.2027587890625
10,Toluene,80.0,Toluene,36.6324,43.36759948730469
10,Ethanol,400.0,Ethanol,321.46487,78.53512573242188
10,Toluene,1.0,Ethylene,9.123764,8.123764038085938
10,Ethanol,50.0,Acetaldehyde,30.721352,19.278648376464844
10,Toluene,100.0,Toluene,40.52569,59.47431182861328
10,Ethanol,600.0,Ethanol,528.0525,71.947509765625
10,Toluene,60.0,Toluene,29.683517,30.316482543945312
10,Ethanol,1000.0,Ethanol,954.6087,45.39129638671875
10,Toluene,60.0,Toluene,29.12519,30.87480926513672
10,Ethanol,1000.0,Ethanol,950.16345,49.8365478515625
10,Toluene,20.0,Toluene,24.048874,4.0488739013671875
10,Ethanol,200.0,Ethanol,133.8913,66.10870361328125
10,Toluene,40.0,Toluene,28.915154,11.084846496582031
10,Ethanol,800.0,Ethanol,737.0216,62.9783935546875
10,Toluene,80.0,Toluene,34.815933,45.18406677246094
10,Ethanol,400.0,Ethanol,325.47772,74.52227783203125
10,Toluene,1.0,Acetone,8.816086,7.8160858154296875
10,Ethanol,50.0,Acetaldehyde,30.900612,19.099388122558594
10,Toluene,100.0,Toluene,42.944313,57.055686950683594
10,Ethanol,600.0,Ethanol,530.74554,69.25445556640625
10,Toluene,100.0,Toluene,37.528816,62.47118377685547
10,Ethanol,600.0,Ethanol,529.3472,70.65277099609375
10,Toluene,60.0,Toluene,26.925812,33.074188232421875
10,Ethanol,1000.0,Ethanol,959.8734,40.1265869140625
10,Toluene,1.0,Acetone,8.966965,7.9669647216796875
10,Ethanol,50.0,Acetaldehyde,29.427582,20.572418212890625
10,Toluene,20.0,Toluene,24.981361,4.981361389160156
10,Ethanol,200.0,Ethanol,128.77826,71.22174072265625
10,Toluene,40.0,Toluene,26.820442,13.179557800292969
10,Ethanol,800.0,Ethanol,724.0717,75.92828369140625
10,Toluene,80.0,Toluene,35.834503,44.165496826171875
10,Ethanol,400.0,Ethanol,327.25458,72.74542236328125
10,Toluene,1.0,Ethylene,8.695778,7.695777893066406
10,Ethanol,50.0,Acetaldehyde,31.684761,18.31523895263672
10,Toluene,100.0,Toluene,43.175026,56.824974060058594
10,Ethanol,600.0,Ethanol,527.3469,72.653076171875
10,Toluene,60.0,Toluene,30.270409,29.729591369628906
10,Ethanol,1000.0,Ethanol,941.0768,58.9232177734375
10,Toluene,20.0,Toluene,24.470016,4.4700164794921875
10,Ethanol,200.0,Ethanol,131.47748,68.52252197265625
10,Toluene,40.0,Toluene,27.016716,12.983283996582031
10,Ethanol,800.0,Ethanol,726.81604,73.1839599609375
10,Toluene,80.0,Toluene,35.450417,44.549583435058594
10,Ethanol,400.0,Ethanol,320.2926,79.7073974609375
10,Toluene,20.0,Toluene,24.961212,4.961212158203125
10,Ethanol,200.0,Ethanol,134.24313,65.75686645507812
10,Toluene,40.0,Toluene,27.388046,12.611953735351562
10,Ethanol,800.0,Ethanol,732.03204,67.96795654296875
10,Toluene,80.0,Toluene,36.271896,43.72810363769531
10,Ethanol,400.0,Ethanol,325.56052,74.43948364257812
10,Toluene,1.0,Ethylene,10.172386,9.172386169433594
10,Ethanol,50.0,Acetaldehyde,25.93431,24.065689086914062
10,Toluene,100.0,Toluene,44.69802,55.301979064941406
10,Ethanol,600.0,Ethanol,536.1921,63.80792236328125
10,Toluene,60.0,Toluene,30.524307,29.475692749023438
10,Ethanol,1000.0,Ethanol,943.2585,56.74151611328125
10,Acetone,10.0,Acetone,20.282104,10.2821044921875
10,Ammonia,50.0,Toluene,18.49662,31.503379821777344
10,Acetone,250.0,Ammonia,156.47673,93.52326965332031
10,Ammonia,600.0,Ammonia,367.1418,232.85818481445312
10,Acetone,150.0,Toluene,61.19348,88.8065185546875
10,Ammonia,1000.0,Ammonia,544.4946,455.50537109375
10,Acetone,50.0,Toluene,33.0605,16.939498901367188
10,Ammonia,200.0,Toluene,136.6168,63.38319396972656
10,Acetone,100.0,Toluene,31.733131,68.2668685913086
10,Ammonia,800.0,Ammonia,455.19354,344.80645751953125
10,Acetone,200.0,Ethylene,119.225746,80.77425384521484
10,Ammonia,400.0,Ammonia,307.14493,92.85507202148438
10,Acetone,150.0,Toluene,64.08992,85.91007995605469
10,Ammonia,1000.0,Ammonia,584.65784,415.3421630859375
10,Acetone,50.0,Toluene,34.08754,15.912460327148438
10,Ammonia,200.0,Toluene,124.82497,75.17503356933594
10,Acetone,100.0,Toluene,33.668373,66.33162689208984
10,Ammonia,800.0,Ammonia,470.37097,329.6290283203125
10,Acetone,200.0,Ammonia,121.52932,78.4706802368164
10,Ammonia,400.0,Ammonia,295.29425,104.70574951171875
10,Acetone,10.0,Acetone,22.584549,12.584548950195312
10,Ammonia,50.0,Toluene,18.787048,31.21295166015625
10,Acetone,250.0,Ammonia,152.45819,97.54180908203125
10,Ammonia,600.0,Ammonia,403.76907,196.23092651367188
10,Acetone,50.0,Toluene,33.972786,16.02721405029297
10,Ammonia,200.0,Toluene,112.41927,87.58072662353516
10,Acetone,100.0,Toluene,33.565582,66.43441772460938
10,Ammonia,800.0,Ammonia,458.6851,341.3149108886719
10,Acetone,200.0,Ammonia,121.477715,78.52228546142578
10,Ammonia,400.0,Ammonia,278.3777,121.622314453125
10,Acetone,10.0,Toluene,22.250938,12.250938415527344
10,Ammonia,50.0,Toluene,17.52008,32.47991943359375
10,Acetone,250.0,Ammonia,153.84024,96.15975952148438
10,Ammonia,600.0,Ammonia,365.50418,234.49581909179688
10,Acetone,150.0,Toluene,62.54454,87.45545959472656
10,Ammonia,1000.0,Ammonia,520.6882,479.31182861328125
10,Acetone,10.0,Toluene,22.888733,12.88873291015625
10,Ammonia,50.0,Toluene,15.376541,34.62345886230469
10,Acetone,50.0,Toluene,34.081757,15.918243408203125
10,Ammonia,200.0,Toluene,111.34152,88.65847778320312
10,Acetone,100.0,Toluene,33.42634,66.57366180419922
10,Ammonia,800.0,Ammonia,437.7089,362.2911071777344
10,Acetone,200.0,Ammonia,118.2769,81.72309875488281
10,Ammonia,400.0,Ammonia,278.08414,121.91586303710938
10,Acetone,250.0,Ammonia,156.2,93.80000305175781
10,Ammonia,600.0,Ammonia,356.32468,243.67532348632812
10,Acetone,150.0,Toluene,63.035965,86.96403503417969
10,Ammonia,1000.0,Ammonia,492.23184,507.7681579589844
10,Acetone,200.0,Ammonia,110.06913,89.93087005615234
10,Ammonia,400.0,Ammonia,269.68436,130.31564331054688
10,Acetone,10.0,Acetone,23.400566,13.400566101074219
10,Ammonia,50.0,Toluene,17.282753,32.717247009277344
10,Acetone,250.0,Ammonia,153.20569,96.7943115234375
10,Ammonia,600.0,Ammonia,365.9547,234.0452880859375
10,Acetone,150.0,Toluene,67.54173,82.45826721191406
10,Ammonia,1000.0,Ammonia,503.15802,496.84197998046875
10,Acetone,50.0,Toluene,32.891983,17.108016967773438
10,Ammonia,200.0,Toluene,118.818634,81.18136596679688
10,Acetone,100.0,Toluene,32.320496,67.67950439453125
10,Ammonia,800.0,Ammonia,430.49133,369.5086669921875
10,Acetone,50.0,Toluene,32.544197,17.45580291748047
10,Ammonia,200.0,Toluene,120.93664,79.06336212158203
10,Acetone,100.0,Toluene,34.634575,65.36542510986328
10,Ammonia,800.0,Ammonia,440.20792,359.7920837402344
10,Acetone,200.0,Ammonia,117.959656,82.04034423828125
10,Ammonia,400.0,Ammonia,293.86365,106.1363525390625
10,Acetone,10.0,Acetone,22.818977,12.818977355957031
10,Ammonia,50.0,Toluene,16.768608,33.23139190673828
10,Acetone,250.0,Ammonia,152.15335,97.84664916992188
10,Ammonia,600.0,Ammonia,355.59372,244.40628051757812
10,Acetone,150.0,Toluene,62.178993,87.82100677490234
10,Ammonia,1000.0,Ammonia,487.95898,512.041015625
10,Acetone,150.0,Toluene,58.73237,91.26763153076172
10,Ammonia,1000.0,Ammonia,485.83398,514.166015625
10,Acetone,50.0,Toluene,34.321587,15.678413391113281
10,Ammonia,200.0,Toluene,114.9751,85.02490234375
10,Acetone,100.0,Toluene,34.58429,65.41571044921875
10,Ammonia,800.0,Ammonia,408.90204,391.09796142578125
10,Acetone,200.0,Ammonia,112.723175,87.27682495117188
10,Ammonia,400.0,Ammonia,289.3745,110.62548828125
10,Acetone,10.0,Acetone,22.776276,12.776275634765625
10,Ammonia,50.0,Toluene,17.57428,32.42572021484375
10,Acetone,250.0,Ammonia,153.01514,96.98486328125
10,Ammonia,600.0,Ammonia,359.4867,240.5133056640625
10,Acetone,250.0,Ammonia,154.69516,95.30484008789062
10,Ammonia,600.0,Ammonia,349.44995,250.550048828125
10,Acetone,150.0,Ethylene,64.432236,85.56776428222656
10,Ammonia,1000.0,Ammonia,490.14325,509.85675048828125
10,Acetone,10.0,Acetone,20.362968,10.362968444824219
10,Ammonia,50.0,Toluene,18.298592,31.70140838623047
10,Acetone,50.0,Acetone,33.42169,16.57830810546875
10,Ammonia,200.0,Toluene,125.87176,74.12824249267578
10,Acetone,100.0,Toluene,34.003387,65.99661254882812
10,Ammonia,800.0,Ammonia,445.93964,354.06036376953125
10,Acetone,200.0,Ammonia,123.80146,76.19853973388672
10,Ammonia,400.0,Ammonia,291.58035,108.41964721679688
10,Acetone,10.0,Acetone,20.202614,10.202613830566406
10,Ammonia,50.0,Toluene,20.206673,29.79332733154297
10,Acetone,250.0,Ammonia,153.54225,96.45774841308594
10,Ammonia,600.0,Ammonia,409.0919,190.90811157226562
10,Acetone,150.0,Ethylene,66.40495,83.59504699707031
10,Ammonia,1000.0,Ammonia,485.48486,514.51513671875
10,Acetone,50.0,Toluene,34.074905,15.925094604492188
10,Ammonia,200.0,Toluene,129.68925,70.31074523925781
10,Acetone,100.0,Toluene,35.23754,64.76245880126953
10,Ammonia,800.0,Ammonia,437.58334,362.4166564941406
10,Acetone,200.0,Ammonia,120.52992,79.47007751464844
10,Ammonia,400.0,Ammonia,272.424,127.57598876953125
10,Acetone,50.0,Toluene,34.336,15.66400146484375
10,Ammonia,200.0,Toluene,129.98466,70.01533508300781
10,Acetone,100.0,Toluene,32.216003,67.78399658203125
10,Ammonia,800.0,Ammonia,417.5439,382.4560852050781
10,Acetone,200.0,Ammonia,114.36338,85.6366195678711
10,Ammonia,400.0,Ammonia,279.3871,120.6129150390625
10,Acetone,10.0,Acetone,21.180756,11.180755615234375
10,Ammonia,50.0,Toluene,20.83535,29.164649963378906
10,Acetone,250.0,Ammonia,151.11491,98.88508605957031
10,Ammonia,600.0,Ammonia,354.12314,245.87686157226562
10,Acetone,150.0,Ethylene,63.692337,86.30766296386719
10,Ammonia,1000.0,Ammonia,505.6008,494.3992004394531
10,Toluene,1.0,Toluene,21.365173,20.36517333984375
10,Acetaldehyde,10.0,Acetone,43.801155,33.80115509033203
10,Toluene,100.0,Acetone,195.72708,95.72708129882812
10,Acetaldehyde,150.0,Ammonia,347.57498,197.57498168945312
10,Toluene,60.0,Acetone,101.02449,41.02449035644531
10,Acetaldehyde,250.0,Ammonia,608.86255,358.862548828125
10,Toluene,20.0,Ethylene,46.800217,26.800216674804688
10,Acetaldehyde,50.0,Ammonia,147.41266,97.41265869140625
10,Toluene,40.0,Ethylene,68.600975,28.600975036621094
10,Acetaldehyde,200.0,Ammonia,477.64716,277.64715576171875
10,Toluene,80.0,Ethylene,169.50229,89.50228881835938
10,Acetaldehyde,100.0,Ammonia,258.30994,158.3099365234375
10,Toluene,60.0,Ethylene,131.10692,71.10691833496094
10,Acetaldehyde,250.0,Ammonia,623.2394,373.2393798828125
10,Toluene,20.0,Ethylene,49.590073,29.590072631835938
10,Acetaldehyde,50.0,Ammonia,136.5152,86.51519775390625
10,Toluene,40.0,Ethylene,83.92392,43.923919677734375
10,Acetaldehyde,200.0,Ammonia,490.13116,290.13116455078125
10,Toluene,80.0,Ethylene,172.61737,92.61737060546875
10,Acetaldehyde,100.0,Ammonia,254.73868,154.73867797851562
10,Toluene,1.0,Toluene,25.582687,24.582687377929688
10,Acetaldehyde,10.0,Ammonia,54.593147,44.59314727783203
10,Toluene,100.0,Ethylene,195.03766,95.03765869140625
10,Acetaldehyde,150.0,Ammonia,351.40594,201.40594482421875
10,Toluene,20.0,Ethylene,41.636467,21.63646697998047
10,Acetaldehyde,50.0,Ammonia,128.78484,78.78483581542969
10,Toluene,40.0,Ethylene,73.549545,33.54954528808594
10,Acetaldehyde,200.0,Ammonia,455.5455,255.54550170898438
10,Toluene,80.0,Acetone,149.99472,69.99472045898438
10,Acetaldehyde,100.0,Ammonia,230.37512,130.3751220703125
10,Toluene,1.0,Toluene,25.105743,24.105743408203125
10,Acetaldehyde,10.0,Acetone,51.029762,41.029762268066406
10,Toluene,100.0,Acetone,194.0546,94.05459594726562
10,Acetaldehyde,150.0,Ammonia,343.10065,193.10064697265625
10,Toluene,60.0,Ethylene,111.425316,51.425315856933594
10,Acetaldehyde,250.0,Ammonia,594.2465,344.24652099609375
10,Toluene,1.0,Toluene,25.082916,24.082916259765625
10,Acetaldehyde,10.0,Acetone,45.986794,35.986793518066406
10,Toluene,20.0,Ethylene,38.851265,18.85126495361328
10,Acetaldehyde,50.0,Ammonia,130.40894,80.408935546875
10,Toluene,40.0,Ethylene,74.08197,34.08197021484375
10,Acetaldehyde,200.0,Ammonia,465.8726,265.8725891113281
10,Toluene,80.0,Acetone,151.5795,71.57949829101562
10,Acetaldehyde,100.0,Ammonia,234.091,134.09100341796875
10,Toluene,100.0,Ethylene,199.46191,99.4619140625
10,Acetaldehyde,150.0,Ammonia,351.9342,201.9342041015625
10,Toluene,60.0,Acetone,105.01129,45.01129150390625
10,Acetaldehyde,250.0,Ammonia,603.2413,353.24127197265625
10,Toluene,80.0,Acetone,148.12553,68.12553405761719
10,Acetaldehyde,100.0,Ammonia,235.75684,135.7568359375
10,Toluene,1.0,Toluene,25.334824,24.334823608398438
10,Acetaldehyde,10.0,Acetone,50.079483,40.07948303222656
10,Toluene,100.0,Ethylene,198.09288,98.09288024902344
10,Acetaldehyde,150.0,Ammonia,350.04236,200.0423583984375
10,Toluene,60.0,Ethylene,124.36238,64.36238098144531
10,Acetaldehyde,250.0,Ammonia,582.41003,332.4100341796875
10,Toluene,20.0,Ethylene,40.21855,20.218551635742188
10,Acetaldehyde,50.0,Ammonia,130.77774,80.77774047851562
10,Toluene,40.0,Ethylene,80.352295,40.352294921875
10,Acetaldehyde,200.0,Ammonia,476.20364,276.2036437988281
10,Toluene,20.0,Ethylene,39.984726,19.984725952148438
10,Acetaldehyde,50.0,Ammonia,134.699,84.69900512695312
10,Toluene,40.0,Ethylene,73.95123,33.95123291015625
10,Acetaldehyde,200.0,Ammonia,462.40558,262.40557861328125
10,Toluene,80.0,Acetone,161.48666,81.48666381835938
10,Acetaldehyde,100.0,Ammonia,244.73376,144.7337646484375
10,Toluene,1.0,Toluene,25.581078,24.581077575683594
10,Acetaldehyde,10.0,Acetone,46.869858,36.86985778808594
10,Toluene,100.0,Acetone,183.94719,83.94718933105469
10,Acetaldehyde,150.0,Ammonia,348.1158,198.11581420898438
10,Toluene,60.0,Acetone,109.27615,49.276153564453125
10,Acetaldehyde,250.0,Ammonia,594.4804,344.48040771484375
10,Toluene,60.0,Ethylene,109.84079,49.840789794921875
10,Acetaldehyde,250.0,Ammonia,585.42175,335.4217529296875
10,Toluene,20.0,Ethylene,41.69155,21.691551208496094
10,Acetaldehyde,50.0,Ammonia,131.83087,81.83087158203125
10,Toluene,40.0,Ethylene,76.03598,36.035980224609375
10,Acetaldehyde,200.0,Ammonia,475.99997,275.9999694824219
10,Toluene,80.0,Acetone,152.59724,72.59724426269531
10,Acetaldehyde,100.0,Ammonia,236.59796,136.59796142578125
10,Toluene,1.0,Toluene,22.957428,21.957427978515625
10,Acetaldehyde,10.0,Acetone,51.631485,41.63148498535156
10,Toluene,100.0,Acetone,195.20944,95.20944213867188
10,Acetaldehyde,150.0,Ammonia,350.6908,200.6907958984375
10,Toluene,100.0,Ethylene,196.07825,96.0782470703125
10,Acetaldehyde,150.0,Acetone,388.62726,238.62725830078125
10,Toluene,60.0,Ethylene,119.913506,59.91350555419922
10,Acetaldehyde,250.0,Ammonia,605.9575,355.95751953125
10,Toluene,1.0,Toluene,28.903824,27.903823852539062
10,Acetaldehyde,10.0,Ammonia,58.84082,48.8408203125
10,Toluene,20.0,Ethylene,49.35833,29.35832977294922
10,Acetaldehyde,50.0,Ammonia,142.328,92.3280029296875
10,Toluene,40.0,Ethylene,92.16095,52.16094970703125
10,Acetaldehyde,200.0,Ammonia,491.92374,291.9237365722656
10,Toluene,80.0,Ethylene,175.45139,95.45138549804688
10,Acetaldehyde,100.0,Ammonia,251.41562,151.41561889648438
10,Toluene,1.0,Toluene,27.438194,26.438194274902344
10,Acetaldehyde,10.0,Ammonia,60.684837,50.684837341308594
10,Toluene,100.0,Ethylene,200.8805,100.8804931640625
10,Acetaldehyde,150.0,Ammonia,368.90256,218.90255737304688
10,Toluene,60.0,Ethylene,127.251335,67.25133514404297
10,Acetaldehyde,250.0,Ammonia,610.1163,360.11627197265625
10,Toluene,20.0,Ethylene,45.13064,25.130638122558594
10,Acetaldehyde,50.0,Ammonia,132.79817,82.79817199707031
10,Toluene,40.0,Ethylene,74.91156,34.91156005859375
10,Acetaldehyde,200.0,Ammonia,470.26917,270.2691650390625
10,Toluene,80.0,Ethylene,170.10452,90.10452270507812
10,Acetaldehyde,100.0,Ammonia,239.60706,139.6070556640625
10,Toluene,20.0,Ethylene,44.123184,24.123184204101562
10,Acetaldehyde,50.0,Ammonia,134.5921,84.59210205078125
10,Toluene,40.0,Ethylene,72.85863,32.85862731933594
10,Acetaldehyde,200.0,Ammonia,479.51694,279.5169372558594
10,Toluene,80.0,Ethylene,164.55774,84.5577392578125
10,Acetaldehyde,100.0,Ammonia,236.14757,136.14756774902344
10,Toluene,1.0,Toluene,24.724434,23.72443389892578
10,Acetaldehyde,10.0,Acetone,50.14473,40.14472961425781
10,Toluene,100.0,Ethylene,197.66531,97.66531372070312
10,Acetaldehyde,150.0,Ammonia,351.38052,201.38052368164062
10,Toluene,60.0,Acetone,108.82206,48.822059631347656
10,Acetaldehyde,250.0,Ammonia,602.6484,352.64837646484375
10,Ethylene,10.0,Acetone,14.219475,4.219474792480469
10,Ethanol,50.0,Ammonia,29.294891,20.705108642578125
10,Ethylene,250.0,Ethylene,43.50419,206.49581146240234
10,Ethanol,600.0,Ethanol,188.54059,411.45941162109375
10,Ethylene,150.0,Toluene,24.184212,125.81578826904297
10,Ethanol,1000.0,Ethanol,269.2858,730.7142028808594
10,Ethylene,50.0,Toluene,20.888573,29.111427307128906
10,Ethanol,200.0,Ethanol,63.36338,136.6366195678711
10,Ethylene,100.0,Toluene,25.864708,74.13529205322266
10,Ethanol,800.0,Ethanol,248.81787,551.18212890625
10,Ethylene,200.0,Toluene,32.837646,167.162353515625
10,Ethanol,400.0,Ethanol,128.20325,271.7967529296875
10,Ethylene,150.0,Toluene,26.880913,123.11908721923828
10,Ethanol,1000.0,Ethanol,304.10095,695.8990478515625
10,Ethylene,50.0,Toluene,21.961548,28.0384521484375
10,Ethanol,200.0,Ethanol,66.284454,133.71554565429688
10,Ethylene,100.0,Toluene,28.302498,71.69750213623047
10,Ethanol,800.0,Ethanol,260.42368,539.5763244628906
10,Ethylene,200.0,Toluene,32.87126,167.1287384033203
10,Ethanol,400.0,Ethanol,133.9937,266.0063018798828
10,Ethylene,10.0,Acetone,12.875458,2.875457763671875
10,Ethanol,50.0,Acetaldehyde,26.168282,23.83171844482422
10,Ethylene,250.0,Toluene,40.22174,209.77825927734375
10,Ethanol,600.0,Ethanol,203.61496,396.3850402832031
10,Ethylene,50.0,Toluene,22.005241,27.99475860595703
10,Ethanol,200.0,Ethanol,80.53221,119.46778869628906
10,Ethylene,100.0,Toluene,25.764557,74.23544311523438
10,Ethanol,800.0,Ethanol,233.18088,566.8191223144531
10,Ethylene,200.0,Ethylene,36.595375,163.40462493896484
10,Ethanol,400.0,Ethanol,135.44934,264.5506591796875
10,Ethylene,10.0,Acetone,16.490929,6.490928649902344
10,Ethanol,50.0,Acetaldehyde,28.121284,21.87871551513672
10,Ethylene,250.0,Ethylene,40.036545,209.9634552001953
10,Ethanol,600.0,Ethanol,187.22025,412.7797546386719
10,Ethylene,150.0,Toluene,21.508392,128.49160766601562
10,Ethanol,1000.0,Ethanol,301.27106,698.7289428710938
10,Ethylene,10.0,Acetone,9.844017,0.15598297119140625
10,Ethanol,50.0,Acetaldehyde,25.935432,24.06456756591797
10,Ethylene,50.0,Toluene,19.878601,30.12139892578125
10,Ethanol,200.0,Ethanol,74.77475,125.22525024414062
10,Ethylene,100.0,Toluene,21.1941,78.80590057373047
10,Ethanol,800.0,Ethanol,251.09976,548.9002380371094
10,Ethylene,200.0,Toluene,26.222855,173.7771453857422
10,Ethanol,400.0,Ethanol,126.51248,273.4875183105469
10,Ethylene,250.0,Ethylene,32.335266,217.66473388671875
10,Ethanol,600.0,Ethanol,195.52573,404.4742736816406
10,Ethylene,150.0,Toluene,22.063034,127.93696594238281
10,Ethanol,1000.0,Ethanol,332.62,667.3800048828125
10,Ethylene,200.0,Toluene,27.94133,172.0586700439453
10,Ethanol,400.0,Ethanol,123.173706,276.8262939453125
10,Ethylene,10.0,Acetone,8.448372,1.5516281127929688
10,Ethanol,50.0,Acetaldehyde,25.039513,24.960487365722656
10,Ethylene,250.0,Toluene,33.187683,216.81231689453125
10,Ethanol,600.0,Ethanol,191.90157,408.0984344482422
10,Ethylene,150.0,Toluene,21.664253,128.33574676513672
10,Ethanol,1000.0,Ethanol,330.8725,669.1275024414062
10,Ethylene,50.0,Toluene,15.9208145,34.079185485839844
10,Ethanol,200.0,Ethanol,64.59467,135.40532684326172
10,Ethylene,100.0,Toluene,23.635277,76.3647232055664
10,Ethanol,800.0,Ethanol,259.2873,540.7127075195312
10,Ethylene,50.0,Toluene,20.005783,29.994216918945312
10,Ethanol,200.0,Ethanol,68.363205,131.6367950439453
10,Ethylene,100.0,Toluene,22.36615,77.63385009765625
10,Ethanol,800.0,Ethanol,248.90363,551.0963745117188
10,Ethylene,200.0,Toluene,26.944115,173.0558853149414
10,Ethanol,400.0,Ethanol,129.2578,270.74220275878906
10,Ethylene,10.0,Acetone,11.1523285,1.1523284912109375
10,Ethanol,50.0,Acetaldehyde,26.014252,23.985748291015625
10,Ethylene,250.0,Toluene,33.266968,216.7330322265625
10,Ethanol,600.0,Ethanol,192.0177,407.9822998046875
10,Ethylene,150.0,Toluene,24.812843,125.1871566772461
10,Ethanol,1000.0,Ethanol,342.30768,657.6923217773438
10,Ethylene,150.0,Toluene,25.891838,124.10816192626953
10,Ethanol,1000.0,Ethanol,351.87976,648.1202392578125
10,Ethylene,50.0,Toluene,18.730545,31.269454956054688
10,Ethanol,200.0,Ethanol,65.43531,134.56468963623047
10,Ethylene,100.0,Toluene,22.606354,77.39364624023438
10,Ethanol,800.0,Ethanol,266.41077,533.5892333984375
10,Ethylene,200.0,Toluene,25.186295,174.81370544433594
10,Ethanol,400.0,Ethanol,123.544,276.4560012817383
10,Ethylene,10.0,Acetone,10.202713,0.2027130126953125
10,Ethanol,50.0,Acetaldehyde,24.569054,25.430946350097656
10,Ethylene,250.0,Ethylene,34.594,215.40599822998047
10,Ethanol,600.0,Ethanol,188.68744,411.31256103515625
10,Ethylene,250.0,Toluene,30.702278,219.29772186279297
10,Ethanol,600.0,Ethanol,199.70839,400.29161071777344
10,Ethylene,150.0,Toluene,21.75013,128.24987030029297
10,Ethanol,1000.0,Ethanol,344.65454,655.345458984375
10,Ethylene,10.0,Acetone,11.19136,1.1913604736328125
10,Ethanol,50.0,Acetaldehyde,25.787071,24.212928771972656
10,Ethylene,50.0,Toluene,21.728241,28.271759033203125
10,Ethanol,200.0,Ethanol,63.33142,136.6685791015625
10,Ethylene,100.0,Toluene,21.009552,78.99044799804688
10,Ethanol,800.0,Ethanol,261.21024,538.7897644042969
10,Ethylene,200.0,Toluene,28.70243,171.29756927490234
10,Ethanol,400.0,Ethanol,128.18552,271.8144836425781
10,Ethylene,10.0,Acetone,10.660454,0.6604537963867188
10,Ethanol,50.0,Acetaldehyde,24.862793,25.13720703125
10,Ethylene,250.0,Toluene,35.29583,214.70417022705078
10,Ethanol,600.0,Ethanol,200.04767,399.95233154296875
10,Ethylene,150.0,Toluene,27.282074,122.71792602539062
10,Ethanol,1000.0,Ethanol,350.5349,649.465087890625
10,Ethylene,50.0,Toluene,19.533188,30.466812133789062
10,Ethanol,200.0,Acetaldehyde,58.53132,141.46868133544922
10,Ethylene,100.0,Toluene,21.15902,78.84098052978516
10,Ethanol,800.0,Ethanol,272.79587,527.2041320800781
10,Ethylene,200.0,Toluene,26.701233,173.29876708984375
10,Ethanol,400.0,Ethanol,135.43242,264.5675811767578
10,Ethylene,50.0,Toluene,21.63459,28.36540985107422
10,Ethanol,200.0,Acetaldehyde,58.806725,141.19327545166016
10,Ethylene,100.0,Toluene,21.120049,78.87995147705078
10,Ethanol,800.0,Ethanol,267.6421,532.35791015625
10,Ethylene,200.0,Toluene,26.840874,173.15912628173828
10,Ethanol,400.0,Ethanol,130.07973,269.92027282714844
10,Ethylene,10.0,Toluene,13.893936,3.8939361572265625
10,Ethanol,50.0,Acetaldehyde,28.097626,21.902374267578125
10,Ethylene,250.0,Toluene,33.113594,216.88640594482422
10,Ethanol,600.0,Ethanol,199.14906,400.85093688964844
10,Ethylene,150.0,Toluene,22.878212,127.12178802490234
10,Ethanol,1000.0,Ethanol,337.6741,662.3258972167969
10,Ethylene,10.0,Acetone,12.204926,2.204925537109375
10,Ethanol,50.0,Acetaldehyde,24.24038,25.759620666503906
10,Ethylene,250.0,Acetone,78.418495,171.58150482177734
10,Ethanol,600.0,Ethanol,589.86084,10.13916015625
10,Ethylene,150.0,Acetone,46.994545,103.00545501708984
10,Ethanol,1000.0,Ethanol,923.8513,76.148681640625
10,Ethylene,50.0,Toluene,32.086617,17.91338348388672
10,Ethanol,200.0,Ethanol,144.16809,55.8319091796875
10,Ethylene,100.0,Toluene,40.29664,59.70336151123047
10,Ethanol,800.0,Ethanol,741.2099,58.79010009765625
10,Ethylene,200.0,Acetone,58.507576,141.49242401123047
10,Ethanol,400.0,Ethanol,371.4698,28.53021240234375
10,Ethylene,150.0,Toluene,47.196457,102.80354309082031
10,Ethanol,1000.0,Ethanol,947.2015,52.79852294921875
10,Ethylene,50.0,Toluene,31.911148,18.088851928710938
10,Ethanol,200.0,Ethanol,141.7806,58.21940612792969
10,Ethylene,100.0,Toluene,40.548416,59.45158386230469
10,Ethanol,800.0,Ethanol,740.309,59.69097900390625
10,Ethylene,200.0,Acetone,59.02912,140.97087860107422
10,Ethanol,400.0,Ethanol,356.64603,43.353973388671875
10,Ethylene,10.0,Toluene,13.996719,3.9967193603515625
10,Ethanol,50.0,Acetaldehyde,25.008797,24.99120330810547
10,Ethylene,250.0,Acetone,79.45648,170.54351806640625
10,Ethanol,600.0,Ethanol,586.0812,13.9188232421875
10,Ethylene,50.0,Toluene,32.5774,17.42259979248047
10,Ethanol,200.0,Ethanol,170.46193,29.538070678710938
10,Ethylene,100.0,Toluene,42.014633,57.98536682128906
10,Ethanol,800.0,Ethanol,793.267,6.73297119140625
10,Ethylene,200.0,Acetone,62.839996,137.16000366210938
10,Ethanol,400.0,Ethanol,402.09555,2.095550537109375
10,Ethylene,10.0,Toluene,16.286575,6.2865753173828125
10,Ethanol,50.0,Acetaldehyde,26.348083,23.65191650390625
10,Ethylene,250.0,Acetone,86.255325,163.7446746826172
10,Ethanol,600.0,Ethanol,575.7105,24.28948974609375
10,Ethylene,150.0,Acetone,49.05787,100.94213104248047
10,Ethanol,1000.0,Ethanol,986.699,13.301025390625
10,Ethylene,10.0,Toluene,15.844803,5.8448028564453125
10,Ethanol,50.0,Acetaldehyde,23.146492,26.85350799560547
10,Ethylene,50.0,Toluene,33.304054,16.695945739746094
10,Ethanol,200.0,Ethanol,152.60951,47.39048767089844
10,Ethylene,100.0,Toluene,41.337036,58.6629638671875
10,Ethanol,800.0,Ethanol,756.34247,43.65753173828125
10,Ethylene,200.0,Acetone,61.22058,138.7794189453125
10,Ethanol,400.0,Ethanol,366.9503,33.049713134765625
10,Ethylene,250.0,Acetone,76.25104,173.74896240234375
10,Ethanol,600.0,Ethanol,565.55164,34.4483642578125
10,Ethylene,150.0,Acetone,50.579292,99.42070770263672
10,Ethanol,1000.0,Ethanol,979.1572,20.8427734375
10,Ethylene,200.0,Acetone,61.486008,138.5139923095703
10,Ethanol,400.0,Ethanol,363.63248,36.367523193359375
10,Ethylene,10.0,Toluene,16.205566,6.20556640625
10,Ethanol,50.0,Acetaldehyde,24.90387,25.09613037109375
10,Ethylene,250.0,Acetone,79.06738,170.9326171875
10,Ethanol,600.0,Ethanol,555.8082,44.1917724609375
10,Ethylene,150.0,Acetone,48.46582,101.5341796875
10,Ethanol,1000.0,Ethanol,965.92737,34.0726318359375
10,Ethylene,50.0,Toluene,33.69281,16.30718994140625
10,Ethanol,200.0,Ethanol,138.82582,61.17417907714844
10,Ethylene,100.0,Toluene,41.98713,58.01287078857422
10,Ethanol,800.0,Ethanol,742.6738,57.326171875
10,Ethylene,50.0,Toluene,34.310783,15.689216613769531
10,Ethanol,200.0,Ethanol,137.15321,62.84678649902344
10,Ethylene,100.0,Toluene,40.537354,59.462646484375
10,Ethanol,800.0,Ethanol,734.489,65.510986328125
10,Ethylene,200.0,Acetone,63.331306,136.66869354248047
10,Ethanol,400.0,Ethanol,353.34708,46.652923583984375
10,Ethylene,10.0,Toluene,14.305717,4.305717468261719
10,Ethanol,50.0,Acetaldehyde,26.731102,23.268898010253906
10,Ethylene,250.0,Acetone,81.217575,168.7824249267578
10,Ethanol,600.0,Ethanol,551.4404,48.5595703125
10,Ethylene,150.0,Acetone,51.828712,98.1712875366211
10,Ethanol,1000.0,Ethanol,954.8199,45.18011474609375
10,Ethylene,150.0,Acetone,51.361847,98.63815307617188
10,Ethanol,1000.0,Ethanol,954.085,45.91497802734375
10,Ethylene,50.0,Toluene,33.78785,16.21215057373047
10,Ethanol,200.0,Ethanol,136.99617,63.00382995605469
10,Ethylene,100.0,Toluene,42.855217,57.14478302001953
10,Ethanol,800.0,Ethanol,735.71075,64.28924560546875
10,Ethylene,200.0,Acetone,63.411148,136.58885192871094
10,Ethanol,400.0,Ethanol,353.5333,46.466705322265625
10,Ethylene,10.0,Acetone,15.105751,5.105751037597656
10,Ethanol,50.0,Acetaldehyde,25.670547,24.329452514648438
10,Ethylene,250.0,Acetone,78.94528,171.05471801757812
10,Ethanol,600.0,Ethanol,559.9938,40.0062255859375
10,Ethylene,250.0,Acetone,74.23195,175.76805114746094
10,Ethanol,600.0,Ethanol,564.8435,35.156494140625
10,Ethylene,150.0,Acetone,50.62124,99.3787612915039
10,Ethanol,1000.0,Ethanol,991.6355,8.364501953125
10,Ethylene,10.0,Acetone,13.373039,3.3730392456054688
10,Ethanol,50.0,Acetaldehyde,25.041916,24.958084106445312
10,Ethylene,50.0,Toluene,29.211525,20.788475036621094
10,Ethanol,200.0,Ethanol,134.38994,65.61006164550781
10,Ethylene,100.0,Acetone,38.228355,61.771644592285156
10,Ethanol,800.0,Ethanol,769.42194,30.57806396484375
10,Ethylene,200.0,Acetone,60.73945,139.26055145263672
10,Ethanol,400.0,Ethanol,347.4468,52.553192138671875
10,Ethylene,10.0,Acetone,11.176353,1.1763534545898438
10,Ethanol,50.0,Acetaldehyde,24.09246,25.90753936767578
10,Ethylene,250.0,Acetone,73.88008,176.1199188232422
10,Ethanol,600.0,Ethanol,543.0532,56.94677734375
10,Ethylene,150.0,Acetone,49.071213,100.92878723144531
10,Ethanol,1000.0,Ethanol,967.39496,32.60504150390625
10,Ethylene,50.0,Acetone,26.63591,23.364089965820312
10,Ethanol,200.0,Ethanol,140.62029,59.37971496582031
10,Ethylene,100.0,Acetone,37.16694,62.83306121826172
10,Ethanol,800.0,Ethanol,754.6307,45.36932373046875
10,Ethylene,200.0,Acetone,53.265587,146.73441314697266
10,Ethanol,400.0,Ethanol,338.92145,61.07855224609375
10,Ethylene,50.0,Acetone,26.14743,23.852569580078125
10,Ethanol,200.0,Ethanol,139.94093,60.05906677246094
10,Ethylene,100.0,Acetone,35.330994,64.66900634765625
10,Ethanol,800.0,Ethanol,750.6217,49.3782958984375
10,Ethylene,200.0,Acetone,49.890503,150.1094970703125
10,Ethanol,400.0,Ethanol,325.31702,74.6829833984375
10,Ethylene,10.0,Acetone,10.96376,0.9637603759765625
10,Ethanol,50.0,Acetaldehyde,23.313988,26.686012268066406
10,Ethylene,250.0,Acetone,61.108818,188.89118194580078
10,Ethanol,600.0,Ethanol,532.1848,67.815185546875
10,Ethylene,150.0,Acetone,42.29245,107.70755004882812
10,Ethanol,1000.0,Ethanol,958.9845,41.0155029296875
10,Ethylene,10.0,Acetone,8.624275,1.3757247924804688
10,Ethanol,50.0,Ammonia,46.21659,3.7834091186523438
10,Ethylene,250.0,Acetone,72.21744,177.78256225585938
10,Ethanol,600.0,Ethanol,442.93018,157.06982421875
10,Ethylene,150.0,Acetone,36.991318,113.00868225097656
10,Ethanol,1000.0,Ethanol,830.4347,169.5653076171875
10,Ethylene,50.0,Acetone,23.013275,26.986724853515625
10,Ethanol,200.0,Ethanol,130.43544,69.56455993652344
10,Ethylene,100.0,Acetone,31.425087,68.57491302490234
10,Ethanol,800.0,Ethanol,698.60565,101.39434814453125
10,Ethylene,200.0,Acetone,45.718277,154.28172302246094
10,Ethanol,400.0,Ethanol,301.72922,98.27078247070312
10,Ethylene,150.0,Acetone,39.090256,110.90974426269531
10,Ethanol,1000.0,Ethanol,901.00446,98.99554443359375
10,Ethylene,50.0,Acetone,24.536797,25.46320343017578
10,Ethanol,200.0,Ethanol,126.98413,73.015869140625
10,Ethylene,100.0,Acetone,32.35679,67.6432113647461
10,Ethanol,800.0,Ethanol,641.1811,158.81890869140625
10,Ethylene,200.0,Acetone,46.27807,153.72193145751953
10,Ethanol,400.0,Ethanol,287.4828,112.5172119140625
10,Ethylene,10.0,Acetone,8.9257965,1.0742034912109375
10,Ethanol,50.0,Acetaldehyde,32.57998,17.420021057128906
10,Ethylene,250.0,Acetone,64.71478,185.28521728515625
10,Ethanol,600.0,Ethanol,475.8996,124.10040283203125
10,Ethylene,50.0,Acetone,24.298203,25.701797485351562
10,Ethanol,200.0,Ethanol,126.20813,73.7918701171875
10,Ethylene,100.0,Acetone,34.877556,65.12244415283203
10,Ethanol,800.0,Ethanol,613.3217,186.67828369140625
10,Ethylene,200.0,Acetone,50.821297,149.17870330810547
10,Ethanol,400.0,Ethanol,268.3903,131.60971069335938
10,Ethylene,10.0,Acetone,10.017448,0.01744842529296875
10,Ethanol,50.0,Acetaldehyde,35.06891,14.93109130859375
10,Ethylene,250.0,Acetone,63.422615,186.57738494873047
10,Ethanol,600.0,Ethanol,457.69986,142.30014038085938
10,Ethylene,150.0,Acetone,37.07425,112.92575073242188
10,Ethanol,1000.0,Ethanol,858.0839,141.91607666015625
10,Ethylene,10.0,Acetone,9.656052,0.3439483642578125
10,Ethanol,50.0,Acetaldehyde,28.561256,21.438743591308594
10,Ethylene,50.0,Acetone,24.047127,25.95287322998047
10,Ethanol,200.0,Ethanol,126.4932,73.50679779052734
10,Ethylene,100.0,Acetone,31.392975,68.60702514648438
10,Ethanol,800.0,Ethanol,678.79877,121.20123291015625
10,Ethylene,200.0,Acetone,43.296448,156.70355224609375
10,Ethanol,400.0,Ethanol,289.17447,110.82553100585938
10,Ethylene,250.0,Acetone,55.210304,194.7896957397461
10,Ethanol,600.0,Ethanol,490.62543,109.37457275390625
10,Ethylene,150.0,Acetone,38.21119,111.78881072998047
10,Ethanol,1000.0,Ethanol,895.5849,104.41510009765625
10,Ethylene,200.0,Acetone,45.30948,154.69052124023438
10,Ethanol,400.0,Ethanol,293.92212,106.077880859375
10,Ethylene,10.0,Acetone,9.557243,0.44275665283203125
10,Ethanol,50.0,Acetaldehyde,27.545692,22.454307556152344
10,Ethylene,250.0,Acetone,61.888954,188.11104583740234
10,Ethanol,600.0,Ethanol,491.93393,108.06607055664062
10,Ethylene,150.0,Acetone,39.573853,110.4261474609375
10,Ethanol,1000.0,Ethanol,900.7451,99.2548828125
10,Ethylene,50.0,Acetone,23.768623,26.23137664794922
10,Ethanol,200.0,Ethanol,132.97656,67.0234375
10,Ethylene,100.0,Acetone,32.763863,67.23613739013672
10,Ethanol,800.0,Ethanol,689.878,110.12200927734375
10,Ethylene,50.0,Acetone,25.062332,24.937667846679688
10,Ethanol,200.0,Ethanol,129.77557,70.22442626953125
10,Ethylene,100.0,Acetone,33.245827,66.7541732788086
10,Ethanol,800.0,Ethanol,695.9048,104.09521484375
10,Ethylene,200.0,Acetone,47.900513,152.0994873046875
10,Ethanol,400.0,Ethanol,296.12125,103.87875366210938
10,Ethylene,10.0,Acetone,7.9351654,2.0648345947265625
10,Ethanol,50.0,Acetaldehyde,28.94986,21.050140380859375
10,Ethylene,250.0,Acetone,56.49836,193.50164031982422
10,Ethanol,600.0,Ethanol,500.25308,99.74691772460938
10,Ethylene,150.0,Acetone,38.257385,111.74261474609375
10,Ethanol,1000.0,Ethanol,903.65955,96.3404541015625
10,Ethylene,150.0,Acetone,36.208878,113.79112243652344
10,Ethanol,1000.0,Ethanol,903.9163,96.08367919921875
10,Ethylene,50.0,Acetone,24.793068,25.206932067871094
10,Ethanol,200.0,Ethanol,131.33113,68.66886901855469
10,Ethylene,100.0,Acetone,32.258156,67.7418441772461
10,Ethanol,800.0,Ethanol,712.2881,87.7119140625
10,Ethylene,200.0,Acetone,43.838615,156.16138458251953
10,Ethanol,400.0,Ethanol,307.25378,92.7462158203125
10,Ethylene,10.0,Acetone,8.292534,1.7074661254882812
10,Ethanol,50.0,Acetaldehyde,26.261223,23.73877716064453
10,Ethylene,250.0,Acetone,51.436623,198.5633773803711
10,Ethanol,600.0,Ethanol,503.74625,96.25375366210938
10,Ethylene,250.0,Acetone,54.068832,195.93116760253906
10,Ethanol,600.0,Ethanol,514.7017,85.29827880859375
10,Ethylene,150.0,Acetone,39.496796,110.50320434570312
10,Ethanol,1000.0,Ethanol,944.7958,55.2042236328125
10,Ethylene,10.0,Acetone,8.653648,1.3463516235351562
10,Ethanol,50.0,Acetaldehyde,25.985352,24.0146484375
10,Ethylene,50.0,Acetone,25.718224,24.281776428222656
10,Ethanol,200.0,Ethanol,135.62856,64.37144470214844
10,Ethylene,100.0,Acetone,33.489616,66.51038360595703
10,Ethanol,800.0,Ethanol,713.7743,86.2257080078125
10,Ethylene,200.0,Acetone,49.399895,150.60010528564453
10,Ethanol,400.0,Ethanol,294.79163,105.2083740234375
10,Ethylene,10.0,Acetone,7.2125854,2.78741455078125
10,Ethanol,50.0,Acetaldehyde,27.859032,22.140968322753906
10,Ethylene,250.0,Acetone,57.965813,192.03418731689453
10,Ethanol,600.0,Ethanol,508.38327,91.61672973632812
10,Ethylene,150.0,Acetone,43.381775,106.61822509765625
10,Ethanol,1000.0,Ethanol,950.0243,49.9757080078125
10,Ethylene,50.0,Acetone,26.427284,23.572715759277344
10,Ethanol,200.0,Ethanol,136.14032,63.85968017578125
10,Ethylene,100.0,Acetone,35.89364,64.10636138916016
10,Ethanol,800.0,Ethanol,730.653,69.34698486328125
10,Ethylene,200.0,Acetone,54.517075,145.48292541503906
10,Ethanol,400.0,Ethanol,306.29813,93.70187377929688
10,Ethylene,50.0,Acetone,25.791328,24.20867156982422
10,Ethanol,200.0,Ethanol,139.127,60.87300109863281
10,Ethylene,100.0,Acetone,36.538147,63.46185302734375
10,Ethanol,800.0,Ethanol,727.6071,72.39288330078125
10,Ethylene,200.0,Acetone,53.613876,146.38612365722656
10,Ethanol,400.0,Ethanol,299.773,100.22698974609375
10,Ethylene,10.0,Acetone,9.56192,0.438079833984375
10,Ethanol,50.0,Acetaldehyde,28.740128,21.259872436523438
10,Ethylene,250.0,Acetone,59.357346,190.6426544189453
10,Ethanol,600.0,Ethanol,454.2437,145.75628662109375
10,Ethylene,150.0,Acetone,45.05609,104.94390869140625
10,Ethanol,1000.0,Ethanol,941.8383,58.16168212890625
10,Toluene,1.0,Toluene,18.137794,17.137794494628906
10,Ethanol,50.0,Acetaldehyde,40.942986,9.057014465332031
10,Toluene,100.0,Ethylene,83.99397,16.006027221679688
10,Ethanol,600.0,Ethanol,557.5332,42.466796875
10,Toluene,60.0,Toluene,51.813675,8.186325073242188
10,Ethanol,1000.0,Ethanol,899.0999,100.90008544921875
10,Toluene,20.0,Toluene,36.701233,16.70123291015625
10,Ethanol,200.0,Ethanol,181.1937,18.806304931640625
10,Toluene,40.0,Toluene,43.41887,3.4188690185546875
10,Ethanol,800.0,Ethanol,762.9365,37.0634765625
10,Toluene,80.0,Ethylene,63.099655,16.900344848632812
10,Ethanol,400.0,Ethanol,371.2006,28.799407958984375
10,Toluene,60.0,Toluene,54.52674,5.473258972167969
10,Ethanol,1000.0,Ethanol,984.881,15.1190185546875
10,Toluene,20.0,Toluene,37.080208,17.08020782470703
10,Ethanol,200.0,Ethanol,183.85803,16.1419677734375
10,Toluene,40.0,Toluene,40.39811,0.39810943603515625
10,Ethanol,800.0,Ethanol,765.93945,34.060546875
10,Toluene,80.0,Ethylene,66.06061,13.93939208984375
10,Ethanol,400.0,Ethanol,394.9337,5.066314697265625
10,Toluene,1.0,Ethylene,13.312988,12.31298828125
10,Ethanol,50.0,Acetaldehyde,50.245987,0.2459869384765625
10,Toluene,100.0,Ethylene,81.98372,18.016281127929688
10,Ethanol,600.0,Ethanol,598.2481,1.75189208984375
10,Toluene,20.0,Toluene,35.765366,15.765365600585938
10,Ethanol,200.0,Ethanol,187.64503,12.354965209960938
10,Toluene,40.0,Toluene,47.1537,7.1537017822265625
10,Ethanol,800.0,Ethanol,736.7575,63.24249267578125
10,Toluene,80.0,Ethylene,66.92706,13.07293701171875
10,Ethanol,400.0,Ethanol,386.82443,13.175567626953125
10,Toluene,1.0,Toluene,23.191338,22.19133758544922
10,Ethanol,50.0,Ethanol,55.891632,5.891632080078125
10,Toluene,100.0,Ethylene,85.94652,14.053482055664062
10,Ethanol,600.0,Ethanol,560.66376,39.33624267578125
10,Toluene,60.0,Toluene,58.865334,1.1346664428710938
10,Ethanol,1000.0,Ethanol,957.7062,42.2938232421875
10,Toluene,1.0,Toluene,27.574738,26.574737548828125
10,Ethanol,50.0,Acetaldehyde,50.04422,0.044219970703125
10,Toluene,20.0,Toluene,39.361153,19.36115264892578
10,Ethanol,200.0,Ethanol,180.25726,19.74273681640625
10,Toluene,40.0,Toluene,48.981514,8.981513977050781
10,Ethanol,800.0,Ethanol,782.16925,17.83074951171875
10,Toluene,80.0,Ethylene,71.83964,8.160362243652344
10,Ethanol,400.0,Ethanol,384.2046,15.79541015625
10,Toluene,100.0,Ethylene,88.087616,11.912384033203125
10,Ethanol,600.0,Ethanol,600.1575,0.157470703125
10,Toluene,60.0,Toluene,57.58043,2.4195709228515625
10,Ethanol,1000.0,Ethanol,1019.3454,19.34539794921875
10,Toluene,80.0,Ethylene,73.337524,6.6624755859375
10,Ethanol,400.0,Ethanol,387.57684,12.42315673828125
10,Toluene,1.0,Toluene,25.86245,24.862449645996094
10,Ethanol,50.0,Acetaldehyde,44.355347,5.6446533203125
10,Toluene,100.0,Ethylene,92.122734,7.877265930175781
10,Ethanol,600.0,Ethanol,579.56976,20.43023681640625
10,Toluene,60.0,Toluene,58.914574,1.0854263305664062
10,Ethanol,1000.0,Ethanol,1005.54517,5.545166015625
10,Toluene,20.0,Toluene,40.341827,20.341827392578125
10,Ethanol,200.0,Ethanol,166.42508,33.574920654296875
10,Toluene,40.0,Toluene,49.654655,9.654655456542969
10,Ethanol,800.0,Ethanol,789.2938,10.7061767578125
10,Toluene,20.0,Toluene,39.618393,19.618392944335938
10,Ethanol,200.0,Ethanol,168.26198,31.738021850585938
10,Toluene,40.0,Toluene,52.67871,12.6787109375
10,Ethanol,800.0,Ethanol,799.01086,0.9891357421875
10,Toluene,80.0,Ethylene,75.46945,4.530548095703125
10,Ethanol,400.0,Ethanol,378.23428,21.765716552734375
10,Toluene,1.0,Toluene,27.17369,26.173690795898438
10,Ethanol,50.0,Acetaldehyde,44.813423,5.186576843261719
10,Toluene,100.0,Ethylene,86.15676,13.843238830566406
10,Ethanol,600.0,Ethanol,572.63007,27.36993408203125
10,Toluene,60.0,Toluene,60.929413,0.929412841796875
10,Ethanol,1000.0,Ethanol,992.85095,7.1490478515625
10,Toluene,60.0,Toluene,62.09355,2.0935516357421875
10,Ethanol,1000.0,Ethanol,1000.6702,0.67022705078125
10,Toluene,20.0,Toluene,38.257706,18.257705688476562
10,Ethanol,200.0,Ethanol,163.7919,36.208099365234375
10,Toluene,40.0,Toluene,50.125404,10.125404357910156
10,Ethanol,800.0,Ethanol,786.4518,13.5482177734375
10,Toluene,80.0,Acetone,68.62052,11.379478454589844
10,Ethanol,400.0,Ethanol,364.925,35.07501220703125
10,Toluene,1.0,Ethylene,12.3229065,11.322906494140625
10,Ethanol,50.0,Acetaldehyde,34.9,15.099998474121094
10,Toluene,100.0,Acetone,88.10901,11.8909912109375
10,Ethanol,600.0,Ethanol,575.5486,24.451416015625
10,Toluene,100.0,Acetone,88.32118,11.678817749023438
10,Ethanol,600.0,Ethanol,593.8918,6.10821533203125
10,Toluene,60.0,Toluene,62.154198,2.1541976928710938
10,Ethanol,1000.0,Ethanol,1012.1786,12.1785888671875
10,Toluene,1.0,Toluene,24.089882,23.089881896972656
10,Ethanol,50.0,Acetaldehyde,39.930855,10.069145202636719
10,Toluene,20.0,Toluene,38.223,18.222999572753906
10,Ethanol,200.0,Ethanol,155.5941,44.40589904785156
10,Toluene,40.0,Toluene,53.9917,13.99169921875
10,Ethanol,800.0,Ethanol,774.6999,25.30010986328125
10,Toluene,80.0,Ethylene,76.876724,3.1232757568359375
10,Ethanol,400.0,Ethanol,362.64664,37.353363037109375
10,Toluene,1.0,Toluene,24.785553,23.785552978515625
10,Ethanol,50.0,Acetaldehyde,42.220528,7.779472351074219
10,Toluene,100.0,Acetone,87.2224,12.777603149414062
10,Ethanol,600.0,Ethanol,574.56274,25.437255859375
10,Toluene,60.0,Toluene,56.957863,3.0421371459960938
10,Ethanol,1000.0,Ethanol,1001.2494,1.2493896484375
10,Toluene,20.0,Toluene,36.43096,16.43096160888672
10,Ethanol,200.0,Ethanol,153.27605,46.72395324707031
10,Toluene,40.0,Toluene,48.599182,8.59918212890625
10,Ethanol,800.0,Ethanol,776.2518,23.74822998046875
10,Toluene,80.0,Toluene,69.95883,10.041168212890625
10,Ethanol,400.0,Ethanol,357.2676,42.732391357421875
10,Toluene,20.0,Toluene,37.002296,17.002296447753906
10,Ethanol,200.0,Ethanol,149.25052,50.749481201171875
10,Toluene,40.0,Toluene,45.04148,5.041481018066406
10,Ethanol,800.0,Ethanol,769.4018,30.59820556640625
10,Toluene,80.0,Toluene,72.14671,7.8532867431640625
10,Ethanol,400.0,Ethanol,354.64365,45.356353759765625
10,Toluene,1.0,Toluene,14.054619,13.054618835449219
10,Ethanol,50.0,Acetaldehyde,33.395126,16.604873657226562
10,Toluene,100.0,Acetone,82.955315,17.04468536376953
10,Ethanol,600.0,Ethanol,582.81146,17.18853759765625
10,Toluene,60.0,Toluene,57.10839,2.8916091918945312
10,Ethanol,1000.0,Ethanol,1014.5421,14.5421142578125
10,Toluene,1.0,Acetone,7.3566284,6.35662841796875
10,Ethanol,50.0,Acetaldehyde,28.487259,21.512741088867188
10,Toluene,100.0,Toluene,52.374878,47.6251220703125
10,Ethanol,600.0,Ethanol,617.73267,17.732666015625
10,Toluene,60.0,Toluene,33.865303,26.13469696044922
10,Ethanol,1000.0,Ethanol,1000.96606,0.966064453125
10,Toluene,20.0,Toluene,24.298119,4.298118591308594
10,Ethanol,200.0,Ethanol,156.26295,43.73704528808594
10,Toluene,40.0,Toluene,29.0793,10.920700073242188
10,Ethanol,800.0,Ethanol,787.5422,12.45782470703125
10,Toluene,80.0,Toluene,38.045013,41.954986572265625
10,Ethanol,400.0,Ethanol,383.89047,16.109527587890625
10,Toluene,60.0,Toluene,31.695396,28.304603576660156
10,Ethanol,1000.0,Ethanol,1001.9224,1.92242431640625
10,Toluene,20.0,Toluene,25.12323,5.12322998046875
10,Ethanol,200.0,Ethanol,156.13498,43.865020751953125
10,Toluene,40.0,Toluene,28.684364,11.315635681152344
10,Ethanol,800.0,Ethanol,836.875,36.875
10,Toluene,80.0,Toluene,36.19986,43.800140380859375
10,Ethanol,400.0,Ethanol,410.5483,10.548309326171875
10,Toluene,1.0,Ethylene,8.345581,7.3455810546875
10,Ethanol,50.0,Acetaldehyde,26.466835,23.533164978027344
10,Toluene,100.0,Toluene,42.42395,57.5760498046875
10,Ethanol,600.0,Ethanol,602.43634,2.43634033203125
10,Toluene,20.0,Toluene,22.743828,2.7438278198242188
10,Ethanol,200.0,Ethanol,167.07907,32.920928955078125
10,Toluene,40.0,Toluene,27.335915,12.664085388183594
10,Ethanol,800.0,Ethanol,829.3119,29.3118896484375
10,Toluene,80.0,Toluene,33.921097,46.07890319824219
10,Ethanol,400.0,Ethanol,418.11346,18.11346435546875
10,Toluene,1.0,Ethylene,8.35656,7.356559753417969
10,Ethanol,50.0,Acetaldehyde,30.718536,19.281463623046875
10,Toluene,100.0,Toluene,42.102676,57.89732360839844
10,Ethanol,600.0,Ethanol,626.29083,26.29083251953125
10,Toluene,60.0,Toluene,29.552689,30.447311401367188
10,Ethanol,1000.0,Ethanol,1070.6996,70.6995849609375
10,Toluene,1.0,Ethylene,8.173187,7.173187255859375
10,Ethanol,50.0,Acetaldehyde,33.146034,16.853965759277344
10,Toluene,20.0,Toluene,25.044846,5.0448455810546875
10,Ethanol,200.0,Ethanol,165.23389,34.76611328125
10,Toluene,40.0,Toluene,29.631828,10.368171691894531
10,Ethanol,800.0,Ethanol,805.8171,5.81707763671875
10,Toluene,80.0,Toluene,36.15834,43.84165954589844
10,Ethanol,400.0,Ethanol,376.1292,23.87078857421875
10,Toluene,100.0,Toluene,39.439957,60.56004333496094
10,Ethanol,600.0,Ethanol,587.584,12.416015625
10,Toluene,60.0,Toluene,27.578484,32.42151641845703
10,Ethanol,1000.0,Ethanol,1012.94836,12.9483642578125
10,Toluene,80.0,Toluene,34.47621,45.52378845214844
10,Ethanol,400.0,Ethanol,374.76324,25.23675537109375
10,Toluene,1.0,Acetone,5.723175,4.723175048828125
10,Ethanol,50.0,Acetaldehyde,30.26065,19.739349365234375
10,Toluene,100.0,Toluene,43.24639,56.75360870361328
10,Ethanol,600.0,Ethanol,590.57275,9.42724609375
10,Toluene,60.0,Toluene,28.15728,31.84272003173828
10,Ethanol,1000.0,Ethanol,1024.0575,24.0574951171875
10,Toluene,20.0,Toluene,26.270638,6.270637512207031
10,Ethanol,200.0,Ethanol,152.86143,47.13856506347656
10,Toluene,40.0,Toluene,28.343903,11.656097412109375
10,Ethanol,800.0,Ethanol,793.53265,6.46734619140625
10,Toluene,20.0,Toluene,26.988594,6.988594055175781
10,Ethanol,200.0,Ethanol,148.69716,51.30284118652344
10,Toluene,40.0,Toluene,27.41623,12.583770751953125
10,Ethanol,800.0,Ethanol,782.18207,17.81793212890625
10,Toluene,80.0,Toluene,36.219215,43.780784606933594
10,Ethanol,400.0,Ethanol,363.1356,36.864410400390625
10,Toluene,1.0,Ethylene,9.650238,8.650238037109375
10,Ethanol,50.0,Acetaldehyde,28.431465,21.56853485107422
10,Toluene,100.0,Toluene,45.243187,54.756813049316406
10,Ethanol,600.0,Ethanol,581.5811,18.41888427734375
10,Toluene,60.0,Toluene,29.808884,30.191116333007812
10,Ethanol,1000.0,Ethanol,982.72406,17.27593994140625
10,Toluene,60.0,Toluene,31.796959,28.203041076660156
10,Ethanol,1000.0,Ethanol,989.6679,10.33209228515625
10,Toluene,20.0,Toluene,29.079025,9.079025268554688
10,Ethanol,200.0,Ethanol,145.92279,54.07720947265625
10,Toluene,40.0,Toluene,29.140663,10.859336853027344
10,Ethanol,800.0,Ethanol,775.47504,24.52496337890625
10,Toluene,80.0,Toluene,37.393143,42.60685729980469
10,Ethanol,400.0,Ethanol,359.75262,40.24737548828125
10,Toluene,1.0,Ethylene,9.796562,8.796562194824219
10,Ethanol,50.0,Acetaldehyde,31.138222,18.861778259277344
10,Toluene,100.0,Toluene,42.774254,57.225746154785156
10,Ethanol,600.0,Ethanol,553.94763,46.0523681640625
10,Toluene,100.0,Toluene,37.512115,62.487884521484375
10,Ethanol,600.0,Ethanol,560.32916,39.67083740234375
10,Toluene,60.0,Toluene,29.217224,30.78277587890625
10,Ethanol,1000.0,Ethanol,978.449,21.551025390625
10,Toluene,1.0,Acetone,10.166954,9.166954040527344
10,Ethanol,50.0,Acetaldehyde,31.162872,18.837127685546875
10,Toluene,20.0,Toluene,25.085114,5.085113525390625
10,Ethanol,200.0,Ethanol,140.76688,59.233123779296875
10,Toluene,40.0,Toluene,27.854408,12.145591735839844
10,Ethanol,800.0,Ethanol,762.4655,37.53448486328125
10,Toluene,80.0,Toluene,36.339394,43.660606384277344
10,Ethanol,400.0,Ethanol,366.57034,33.429656982421875
10,Toluene,1.0,Acetone,6.9031525,5.9031524658203125
10,Ethanol,50.0,Acetaldehyde,31.349823,18.650177001953125
10,Toluene,100.0,Toluene,40.89412,59.10588073730469
10,Ethanol,600.0,Ethanol,558.37756,41.6224365234375
10,Toluene,60.0,Toluene,28.274872,31.725128173828125
10,Ethanol,1000.0,Ethanol,969.66223,30.3377685546875
10,Toluene,20.0,Toluene,25.052086,5.052085876464844
10,Ethanol,200.0,Ethanol,137.78429,62.21571350097656
10,Toluene,40.0,Toluene,26.18991,13.810089111328125
10,Ethanol,800.0,Ethanol,772.0214,27.97857666015625
10,Toluene,80.0,Toluene,36.401512,43.598487854003906
10,Ethanol,400.0,Ethanol,353.82376,46.176239013671875
10,Toluene,20.0,Toluene,25.539818,5.539817810058594
10,Ethanol,200.0,Ethanol,141.59323,58.406768798828125
10,Toluene,40.0,Toluene,27.864693,12.135307312011719
10,Ethanol,800.0,Ethanol,756.456,43.54400634765625
10,Toluene,80.0,Toluene,37.497856,42.50214385986328
10,Ethanol,400.0,Ethanol,358.63684,41.3631591796875
10,Toluene,1.0,Acetone,10.335915,9.335914611816406
10,Ethanol,50.0,Acetaldehyde,29.973778,20.026222229003906
10,Toluene,100.0,Toluene,42.5326,57.46739959716797
10,Ethanol,600.0,Ethanol,562.5705,37.42950439453125
10,Toluene,60.0,Toluene,30.753204,29.246795654296875
10,Ethanol,1000.0,Ethanol,985.90594,14.09405517578125
10,Ethylene,10.0,Acetone,18.327957,8.327957153320312
10,Ammonia,50.0,Ammonia,37.733337,12.26666259765625
10,Ethylene,250.0,Ethylene,68.179474,181.82052612304688
10,Ammonia,600.0,Ammonia,364.70355,235.29644775390625
10,Ethylene,150.0,Ethylene,42.81765,107.1823501586914
10,Ammonia,1000.0,Ammonia,531.5755,468.42449951171875
10,Ethylene,50.0,Toluene,28.782578,21.217422485351562
10,Ammonia,200.0,Ammonia,133.98822,66.01177978515625
10,Ethylene,100.0,Toluene,29.682076,70.31792449951172
10,Ammonia,800.0,Ammonia,461.97794,338.0220642089844
10,Ethylene,200.0,Ethylene,57.31701,142.68299102783203
10,Ammonia,400.0,Ammonia,272.93427,127.06573486328125
10,Ethylene,150.0,Ethylene,43.11583,106.88417053222656
10,Ammonia,1000.0,Ammonia,526.03455,473.9654541015625
10,Ethylene,50.0,Toluene,28.953812,21.046188354492188
10,Ammonia,200.0,Ammonia,133.16098,66.83901977539062
10,Ethylene,100.0,Toluene,31.055534,68.94446563720703
10,Ammonia,800.0,Ammonia,463.81073,336.18927001953125
10,Ethylene,200.0,Ethylene,54.32782,145.67218017578125
10,Ammonia,400.0,Ammonia,267.7118,132.2882080078125
10,Ethylene,10.0,Acetone,16.144958,6.14495849609375
10,Ammonia,50.0,Ammonia,38.174934,11.825065612792969
10,Ethylene,250.0,Ethylene,80.240616,169.75938415527344
10,Ammonia,600.0,Ammonia,361.706,238.29400634765625
10,Ethylene,50.0,Toluene,25.62893,24.371070861816406
10,Ammonia,200.0,Ammonia,135.56721,64.43278503417969
10,Ethylene,100.0,Toluene,30.503738,69.49626159667969
10,Ammonia,800.0,Ammonia,444.2512,355.7488098144531
10,Ethylene,200.0,Ethylene,60.773415,139.2265853881836
10,Ammonia,400.0,Ammonia,261.78552,138.2144775390625
10,Ethylene,10.0,Acetone,16.102386,6.102386474609375
10,Ammonia,50.0,Ammonia,39.585663,10.414337158203125
10,Ethylene,250.0,Ethylene,81.21759,168.78240966796875
10,Ammonia,600.0,Ammonia,363.87115,236.12884521484375
10,Ethylene,150.0,Ethylene,39.62773,110.37226867675781
10,Ammonia,1000.0,Ammonia,504.8162,495.1838073730469
10,Ethylene,10.0,Ethylene,18.62107,8.621070861816406
10,Ammonia,50.0,Ammonia,36.682854,13.317146301269531
10,Ethylene,50.0,Toluene,28.099327,21.900672912597656
10,Ammonia,200.0,Ammonia,131.80179,68.19821166992188
10,Ethylene,100.0,Toluene,30.908173,69.09182739257812
10,Ammonia,800.0,Ammonia,424.47192,375.528076171875
10,Ethylene,200.0,Ethylene,63.528946,136.47105407714844
10,Ammonia,400.0,Ammonia,271.613,128.38699340820312
10,Ethylene,250.0,Ethylene,84.74729,165.2527084350586
10,Ammonia,600.0,Ammonia,362.607,237.39300537109375
10,Ethylene,150.0,Ethylene,47.253044,102.74695587158203
10,Ammonia,1000.0,Ammonia,497.75665,502.24334716796875
10,Ethylene,200.0,Ethylene,60.131546,139.8684539794922
10,Ammonia,400.0,Ammonia,276.16235,123.837646484375
10,Ethylene,10.0,Ethylene,16.0522,6.0522003173828125
10,Ammonia,50.0,Ammonia,38.45588,11.544120788574219
10,Ethylene,250.0,Ethylene,82.75429,167.24571228027344
10,Ammonia,600.0,Ammonia,363.04825,236.95175170898438
10,Ethylene,150.0,Toluene,44.544937,105.45506286621094
10,Ammonia,1000.0,Ammonia,499.52435,500.47564697265625
10,Ethylene,50.0,Toluene,29.061813,20.938186645507812
10,Ammonia,200.0,Ammonia,135.80722,64.19277954101562
10,Ethylene,100.0,Toluene,32.33754,67.66246032714844
10,Ammonia,800.0,Ammonia,433.2724,366.72760009765625
10,Ethylene,50.0,Toluene,30.655846,19.344154357910156
10,Ammonia,200.0,Ammonia,137.93555,62.064453125
10,Ethylene,100.0,Toluene,32.44644,67.55355834960938
10,Ammonia,800.0,Ammonia,418.97687,381.02313232421875
10,Ethylene,200.0,Ethylene,65.46686,134.53314208984375
10,Ammonia,400.0,Ammonia,268.35156,131.6484375
10,Ethylene,10.0,Acetone,16.447746,6.447746276855469
10,Ammonia,50.0,Ammonia,41.00509,8.994911193847656
10,Ethylene,250.0,Ethylene,85.26596,164.73403930664062
10,Ammonia,600.0,Ammonia,367.4341,232.56588745117188
10,Ethylene,150.0,Toluene,45.70217,104.2978286743164
10,Ammonia,1000.0,Ammonia,493.95673,506.04327392578125
10,Ethylene,150.0,Toluene,43.08573,106.91426849365234
10,Ammonia,1000.0,Ammonia,488.2817,511.7182922363281
10,Ethylene,50.0,Toluene,29.303574,20.696426391601562
10,Ammonia,200.0,Ammonia,137.70682,62.293182373046875
10,Ethylene,100.0,Toluene,33.191612,66.80838775634766
10,Ammonia,800.0,Ammonia,429.27634,370.7236633300781
10,Ethylene,200.0,Ethylene,65.353386,134.64661407470703
10,Ammonia,400.0,Ammonia,268.12567,131.87432861328125
10,Ethylene,10.0,Acetone,15.234131,5.234130859375
10,Ammonia,50.0,Ammonia,40.92434,9.075660705566406
10,Ethylene,250.0,Ethylene,86.1454,163.85459899902344
10,Ammonia,600.0,Ammonia,347.56433,252.4356689453125
10,Ethylene,250.0,Ammonia,81.862656,168.13734436035156
10,Ammonia,600.0,Ammonia,360.3003,239.69970703125
10,Ethylene,150.0,Ethylene,48.965996,101.03400421142578
10,Ammonia,1000.0,Ammonia,479.75333,520.2466735839844
10,Ethylene,10.0,Acetone,13.21611,3.2161102294921875
10,Ammonia,50.0,Ammonia,39.31916,10.680839538574219
10,Ethylene,50.0,Toluene,26.655334,23.34466552734375
10,Ammonia,200.0,Ammonia,140.71295,59.28704833984375
10,Ethylene,100.0,Ethylene,31.854042,68.14595794677734
10,Ammonia,800.0,Ammonia,419.68658,380.31341552734375
10,Ethylene,200.0,Ethylene,69.94501,130.05499267578125
10,Ammonia,400.0,Ammonia,277.4593,122.54071044921875
10,Ethylene,10.0,Ethylene,13.785355,3.7853546142578125
10,Ammonia,50.0,Ammonia,41.549004,8.450996398925781
10,Ethylene,250.0,Ethylene,85.35483,164.64517211914062
10,Ammonia,600.0,Ammonia,350.35596,249.64404296875
10,Ethylene,150.0,Ethylene,49.250687,100.74931335449219
10,Ammonia,1000.0,Ammonia,465.09122,534.9087829589844
10,Ethylene,50.0,Toluene,28.205566,21.79443359375
10,Ammonia,200.0,Ammonia,139.20012,60.79988098144531
10,Ethylene,100.0,Toluene,32.475304,67.52469635009766
10,Ammonia,800.0,Ammonia,404.9625,395.0375061035156
10,Ethylene,200.0,Ethylene,71.0096,128.9904022216797
10,Ammonia,400.0,Ammonia,280.3741,119.62588500976562
10,Ethylene,50.0,Toluene,28.61242,21.38758087158203
10,Ammonia,200.0,Ammonia,145.13785,54.862152099609375
10,Ethylene,100.0,Ethylene,33.55517,66.44483184814453
10,Ammonia,800.0,Ammonia,418.7551,381.2449035644531
10,Ethylene,200.0,Ethylene,70.49445,129.50554656982422
10,Ammonia,400.0,Ammonia,273.79938,126.20062255859375
10,Ethylene,10.0,Ethylene,14.170906,4.170906066894531
10,Ammonia,50.0,Ammonia,44.12227,5.8777313232421875
10,Ethylene,250.0,Ethylene,85.34442,164.65557861328125
10,Ammonia,600.0,Ammonia,347.07965,252.92034912109375
10,Ethylene,150.0,Ethylene,50.489906,99.51009368896484
10,Ammonia,1000.0,Ammonia,469.76215,530.2378540039062
10,Ethylene,10.0,Acetone,14.753304,4.753303527832031
10,Ammonia,50.0,Ammonia,46.535736,3.464263916015625
10,Ethylene,250.0,Ethylene,103.28956,146.71044158935547
10,Ammonia,600.0,Ammonia,495.25607,104.74392700195312
10,Ethylene,150.0,Ethylene,51.545975,98.45402526855469
10,Ammonia,1000.0,Ammonia,741.40753,258.59246826171875
10,Ethylene,50.0,Ethylene,26.445442,23.55455780029297
10,Ammonia,200.0,Ammonia,191.40721,8.592788696289062
10,Ethylene,100.0,Ethylene,43.79808,56.20191955566406
10,Ammonia,800.0,Ammonia,624.39777,175.60223388671875
10,Ethylene,200.0,Ethylene,88.37416,111.62583923339844
10,Ammonia,400.0,Ammonia,348.3461,51.653900146484375
10,Ethylene,150.0,Ethylene,70.97249,79.02751159667969
10,Ammonia,1000.0,Ammonia,744.14014,255.85986328125
10,Ethylene,50.0,Ethylene,26.108711,23.89128875732422
10,Ammonia,200.0,Ammonia,190.7997,9.200302124023438
10,Ethylene,100.0,Ethylene,44.920815,55.079185485839844
10,Ammonia,800.0,Ammonia,607.2827,192.71728515625
10,Ethylene,200.0,Ethylene,89.5632,110.43679809570312
10,Ammonia,400.0,Ammonia,341.21973,58.7802734375
10,Ethylene,10.0,Ethylene,13.86422,3.8642196655273438
10,Ammonia,50.0,Ammonia,46.91607,3.0839309692382812
10,Ethylene,250.0,Ethylene,110.31148,139.6885223388672
10,Ammonia,600.0,Ammonia,472.86972,127.13027954101562
10,Ethylene,50.0,Ethylene,25.713737,24.28626251220703
10,Ammonia,200.0,Ammonia,197.32077,2.679229736328125
10,Ethylene,100.0,Ethylene,54.10594,45.89405822753906
10,Ammonia,800.0,Ammonia,639.7429,160.257080078125
10,Ethylene,200.0,Ethylene,92.36963,107.63037109375
10,Ammonia,400.0,Ammonia,358.9509,41.049102783203125
10,Ethylene,10.0,Acetone,13.577263,3.5772628784179688
10,Ammonia,50.0,Ammonia,47.145874,2.8541259765625
10,Ethylene,250.0,Ethylene,115.949585,134.0504150390625
10,Ammonia,600.0,Ammonia,496.19867,103.80133056640625
10,Ethylene,150.0,Ethylene,80.38546,69.61454010009766
10,Ammonia,1000.0,Ammonia,767.9054,232.0946044921875
10,Ethylene,10.0,Acetone,14.263588,4.263587951660156
10,Ammonia,50.0,Ammonia,46.55754,3.4424591064453125
10,Ethylene,50.0,Ethylene,25.862907,24.13709259033203
10,Ammonia,200.0,Ammonia,194.19385,5.80615234375
10,Ethylene,100.0,Ethylene,57.300156,42.69984436035156
10,Ammonia,800.0,Ammonia,648.80634,151.19366455078125
10,Ethylene,200.0,Ethylene,92.93488,107.06511688232422
10,Ammonia,400.0,Ammonia,365.68228,34.317718505859375
10,Ethylene,250.0,Ethylene,118.96224,131.03775787353516
10,Ammonia,600.0,Ammonia,516.7276,83.27239990234375
10,Ethylene,150.0,Ethylene,81.059296,68.94070434570312
10,Ammonia,1000.0,Ammonia,782.44696,217.55303955078125
10,Ethylene,200.0,Ethylene,94.6129,105.38710021972656
10,Ammonia,400.0,Ammonia,361.2677,38.7322998046875
10,Ethylene,10.0,Acetone,15.027565,5.027565002441406
10,Ammonia,50.0,Ammonia,48.13002,1.8699798583984375
10,Ethylene,250.0,Ethylene,122.00955,127.99044799804688
10,Ammonia,600.0,Ammonia,509.03342,90.96658325195312
10,Ethylene,150.0,Ethylene,80.998116,69.00188446044922
10,Ammonia,1000.0,Ammonia,771.713,228.2869873046875
10,Ethylene,50.0,Ethylene,25.059166,24.940834045410156
10,Ammonia,200.0,Ammonia,195.58511,4.414886474609375
10,Ethylene,100.0,Ethylene,51.770935,48.22906494140625
10,Ammonia,800.0,Ammonia,635.55884,164.441162109375
10,Ethylene,50.0,Ethylene,25.660866,24.339134216308594
10,Ammonia,200.0,Ammonia,196.45227,3.5477294921875
10,Ethylene,100.0,Ethylene,56.103096,43.89690399169922
10,Ammonia,800.0,Ammonia,653.73486,146.26513671875
10,Ethylene,200.0,Ethylene,93.5332,106.466796875
10,Ammonia,400.0,Ammonia,364.53888,35.46112060546875
10,Ethylene,10.0,Acetone,15.403305,5.4033050537109375
10,Ammonia,50.0,Ammonia,48.214005,1.7859954833984375
10,Ethylene,250.0,Ethylene,120.92792,129.07208251953125
10,Ammonia,600.0,Ammonia,515.23663,84.76336669921875
10,Ethylene,150.0,Ethylene,80.15182,69.84818267822266
10,Ammonia,1000.0,Ammonia,785.7632,214.23681640625
10,Ethylene,150.0,Ethylene,77.50661,72.49339294433594
10,Ammonia,1000.0,Ammonia,778.6487,221.351318359375
10,Ethylene,50.0,Ethylene,26.880127,23.119873046875
10,Ammonia,200.0,Ammonia,199.41388,0.58612060546875
10,Ethylene,100.0,Ethylene,57.628555,42.37144470214844
10,Ammonia,800.0,Ammonia,648.5574,151.442626953125
10,Ethylene,200.0,Ethylene,97.06436,102.93563842773438
10,Ammonia,400.0,Ammonia,369.85492,30.14508056640625
10,Ethylene,10.0,Acetone,12.838989,2.8389892578125
10,Ammonia,50.0,Ammonia,48.673615,1.326385498046875
10,Ethylene,250.0,Ethylene,121.479576,128.52042388916016
10,Ammonia,600.0,Ammonia,513.3987,86.601318359375
10,Ethylene,250.0,Ethylene,120.98659,129.01341247558594
10,Ammonia,600.0,Ammonia,510.91397,89.08602905273438
10,Ethylene,150.0,Ethylene,82.331535,67.66846466064453
10,Ammonia,1000.0,Ammonia,769.0992,230.90081787109375
10,Ethylene,10.0,Acetone,16.536278,6.536277770996094
10,Ammonia,50.0,Ammonia,47.48654,2.513458251953125
10,Ethylene,50.0,Ethylene,26.25418,23.745819091796875
10,Ammonia,200.0,Ammonia,202.13266,2.132659912109375
10,Ethylene,100.0,Ethylene,55.81102,44.18898010253906
10,Ammonia,800.0,Ammonia,651.1148,148.88519287109375
10,Ethylene,200.0,Ethylene,95.84051,104.15949249267578
10,Ammonia,400.0,Ammonia,363.2179,36.7821044921875
10,Ethylene,10.0,Acetone,14.568298,4.56829833984375
10,Ammonia,50.0,Ammonia,49.03325,0.9667510986328125
10,Ethylene,250.0,Ethylene,123.52684,126.47315979003906
10,Ammonia,600.0,Ammonia,505.94025,94.05975341796875
10,Ethylene,150.0,Ethylene,83.49362,66.50637817382812
10,Ammonia,1000.0,Ammonia,804.31537,195.68463134765625
10,Ethylene,50.0,Ethylene,26.63684,23.3631591796875
10,Ammonia,200.0,Ammonia,201.09163,1.0916290283203125
10,Ethylene,100.0,Ethylene,56.864777,43.135223388671875
10,Ammonia,800.0,Ammonia,664.8818,135.11822509765625
10,Ethylene,200.0,Ethylene,98.712296,101.28770446777344
10,Ammonia,400.0,Ammonia,375.9337,24.066314697265625
10,Ethylene,50.0,Ethylene,27.666786,22.333213806152344
10,Ammonia,200.0,Ammonia,209.079,9.078994750976562
10,Ethylene,100.0,Ethylene,54.435913,45.5640869140625
10,Ammonia,800.0,Ammonia,652.7153,147.28472900390625
10,Ethylene,200.0,Ethylene,100.57434,99.4256591796875
10,Ammonia,400.0,Ammonia,376.1001,23.89990234375
10,Ethylene,10.0,Acetone,14.994125,4.9941253662109375
10,Ammonia,50.0,Ammonia,48.85443,1.14556884765625
10,Ethylene,250.0,Ethylene,126.977936,123.02206420898438
10,Ammonia,600.0,Ammonia,525.0426,74.9573974609375
10,Ethylene,150.0,Ethylene,85.18945,64.810546875
10,Ammonia,1000.0,Ammonia,786.1078,213.8922119140625
10,Ethylene,10.0,Acetone,12.298241,2.2982406616210938
10,Ammonia,50.0,Ammonia,49.299522,0.7004776000976562
10,Ethylene,250.0,Ethylene,113.64189,136.3581085205078
10,Ammonia,600.0,Ammonia,498.81195,101.18804931640625
10,Ethylene,150.0,Ethylene,80.39455,69.60545349121094
10,Ammonia,1000.0,Ammonia,759.5632,240.43682861328125
10,Ethylene,50.0,Ethylene,26.63942,23.360580444335938
10,Ammonia,200.0,Ammonia,203.96228,3.9622802734375
10,Ethylene,100.0,Ethylene,51.346573,48.65342712402344
10,Ammonia,800.0,Ammonia,642.5797,157.4202880859375
10,Ethylene,200.0,Ethylene,98.1476,101.85240173339844
10,Ammonia,400.0,Ammonia,355.34848,44.651519775390625
10,Ethylene,150.0,Ethylene,85.168304,64.83169555664062
10,Ammonia,1000.0,Ammonia,756.29706,243.70294189453125
10,Ethylene,50.0,Ethylene,27.835411,22.164588928222656
10,Ammonia,200.0,Ammonia,194.41747,5.5825347900390625
10,Ethylene,100.0,Ethylene,59.28975,40.71025085449219
10,Ammonia,800.0,Ammonia,615.93475,184.06524658203125
10,Ethylene,200.0,Ethylene,102.80376,97.19624328613281
10,Ammonia,400.0,Ammonia,351.83282,48.16717529296875
10,Ethylene,10.0,Toluene,24.216423,14.216423034667969
10,Ammonia,50.0,Ammonia,56.86904,6.869041442871094
10,Ethylene,250.0,Ethylene,133.54533,116.45466613769531
10,Ammonia,600.0,Ammonia,494.01648,105.9835205078125
10,Ethylene,50.0,Ethylene,42.74871,7.251289367675781
10,Ammonia,200.0,Ammonia,192.04395,7.9560546875
10,Ethylene,100.0,Ethylene,63.30477,36.695228576660156
10,Ammonia,800.0,Ammonia,643.4462,156.55377197265625
10,Ethylene,200.0,Ethylene,112.39135,87.60865020751953
10,Ammonia,400.0,Ammonia,347.32843,52.67156982421875
10,Ethylene,10.0,Toluene,30.578163,20.578163146972656
10,Ammonia,50.0,Ammonia,60.877274,10.877273559570312
10,Ethylene,250.0,Ethylene,134.72668,115.2733154296875
10,Ammonia,600.0,Ammonia,487.0526,112.9473876953125
10,Ethylene,150.0,Ethylene,99.63442,50.365577697753906
10,Ammonia,1000.0,Ammonia,795.8989,204.10107421875
10,Ethylene,10.0,Toluene,29.705124,19.705123901367188
10,Ammonia,50.0,Ammonia,61.643204,11.643203735351562
10,Ethylene,50.0,Toluene,44.631332,5.3686676025390625
10,Ammonia,200.0,Ammonia,189.11743,10.882568359375
10,Ethylene,100.0,Ethylene,66.4758,33.524200439453125
10,Ammonia,800.0,Ammonia,648.83044,151.1695556640625
10,Ethylene,200.0,Ethylene,113.456955,86.54304504394531
10,Ammonia,400.0,Ammonia,360.2118,39.7882080078125
10,Ethylene,250.0,Ethylene,139.34052,110.65948486328125
10,Ammonia,600.0,Ammonia,504.60837,95.39163208007812
10,Ethylene,150.0,Ethylene,98.561005,51.438995361328125
10,Ammonia,1000.0,Ammonia,838.94196,161.05804443359375
10,Ethylene,200.0,Ethylene,114.09796,85.90203857421875
10,Ammonia,400.0,Ammonia,358.30728,41.692718505859375
10,Ethylene,10.0,Toluene,21.345444,11.345443725585938
10,Ammonia,50.0,Ammonia,63.39872,13.398719787597656
10,Ethylene,250.0,Ethylene,136.466,113.53399658203125
10,Ammonia,600.0,Ammonia,512.2091,87.7908935546875
10,Ethylene,150.0,Ethylene,101.14242,48.857582092285156
10,Ammonia,1000.0,Ammonia,810.1184,189.881591796875
10,Ethylene,50.0,Toluene,45.12107,4.878929138183594
10,Ammonia,200.0,Ammonia,193.281,6.718994140625
10,Ethylene,100.0,Ethylene,68.71153,31.288467407226562
10,Ammonia,800.0,Ammonia,716.55725,83.4427490234375
10,Ethylene,50.0,Toluene,40.944443,9.055557250976562
10,Ammonia,200.0,Ammonia,209.90999,9.909988403320312
10,Ethylene,100.0,Ethylene,74.58139,25.418609619140625
10,Ammonia,800.0,Ammonia,749.6263,50.37371826171875
10,Ethylene,200.0,Ethylene,117.476456,82.52354431152344
10,Ammonia,400.0,Ammonia,392.20074,7.79925537109375
10,Ethylene,10.0,Toluene,25.856384,15.85638427734375
10,Ammonia,50.0,Ammonia,64.527435,14.527435302734375
10,Ethylene,250.0,Ethylene,141.51775,108.48225402832031
10,Ammonia,600.0,Ammonia,539.77594,60.22406005859375
10,Ethylene,150.0,Ethylene,99.33445,50.665550231933594
10,Ammonia,1000.0,Ammonia,878.9048,121.09521484375
10,Ethylene,150.0,Ethylene,98.6314,51.36859893798828
10,Ammonia,1000.0,Ammonia,886.5181,113.48187255859375
10,Ethylene,50.0,Toluene,39.044067,10.9559326171875
10,Ammonia,200.0,Ammonia,205.02615,5.026153564453125
10,Ethylene,100.0,Ethylene,77.911514,22.088485717773438
10,Ammonia,800.0,Ammonia,733.46985,66.5301513671875
10,Ethylene,200.0,Ethylene,112.77934,87.22065734863281
10,Ammonia,400.0,Ammonia,394.03473,5.96527099609375
10,Ethylene,10.0,Toluene,22.68422,12.684219360351562
10,Ammonia,50.0,Ammonia,60.234528,10.234527587890625
10,Ethylene,250.0,Ethylene,133.78464,116.21536254882812
10,Ammonia,600.0,Ammonia,529.6197,70.38031005859375
10,Ethylene,250.0,Ethylene,134.98686,115.01313781738281
10,Ammonia,600.0,Ammonia,529.84674,70.15325927734375
10,Ethylene,150.0,Ethylene,88.923904,61.07609558105469
10,Ammonia,1000.0,Ammonia,807.3172,192.68280029296875
10,Ethylene,10.0,Acetone,13.57151,3.5715103149414062
10,Ammonia,50.0,Ammonia,53.49652,3.49652099609375
10,Ethylene,50.0,Ethylene,26.749153,23.25084686279297
10,Ammonia,200.0,Ammonia,204.08725,4.087249755859375
10,Ethylene,100.0,Ethylene,70.559326,29.440673828125
10,Ammonia,800.0,Ammonia,671.16766,128.83233642578125
10,Ethylene,200.0,Ethylene,109.20413,90.79586791992188
10,Ammonia,400.0,Ammonia,380.9662,19.0338134765625
10,Ethylene,10.0,Acetone,13.197258,3.1972579956054688
10,Ammonia,50.0,Ammonia,53.87246,3.8724594116210938
10,Ethylene,250.0,Ethylene,137.96588,112.03411865234375
10,Ammonia,600.0,Ammonia,536.9488,63.05120849609375
10,Ethylene,150.0,Ethylene,88.37692,61.623077392578125
10,Ammonia,1000.0,Ammonia,823.66583,176.33416748046875
10,Ethylene,50.0,Ethylene,25.581955,24.418045043945312
10,Ammonia,200.0,Ammonia,205.79926,5.79925537109375
10,Ethylene,100.0,Ethylene,66.94297,33.057029724121094
10,Ammonia,800.0,Ammonia,678.4083,121.5916748046875
10,Ethylene,200.0,Ethylene,106.99495,93.00505065917969
10,Ammonia,400.0,Ammonia,375.31482,24.6851806640625
10,Ethylene,50.0,Ethylene,27.96025,22.039749145507812
10,Ammonia,200.0,Ammonia,203.68646,3.68646240234375
10,Ethylene,100.0,Ethylene,69.33618,30.663818359375
10,Ammonia,800.0,Ammonia,675.2385,124.761474609375
10,Ethylene,200.0,Ethylene,107.77431,92.22569274902344
10,Ammonia,400.0,Ammonia,383.08954,16.91046142578125
10,Ethylene,10.0,Acetone,11.839859,1.8398590087890625
10,Ammonia,50.0,Ammonia,54.34687,4.346870422363281
10,Ethylene,250.0,Ethylene,133.26257,116.7374267578125
10,Ammonia,600.0,Ammonia,539.4021,60.597900390625
10,Ethylene,150.0,Ethylene,87.476456,62.52354431152344
10,Ammonia,1000.0,Ammonia,818.6611,181.33892822265625
